time,open,high,low,close
1971-01-04,4.318,4.318,4.318,4.318
1971-01-05,4.3117,4.3117,4.3117,4.3117
1971-01-06,4.3113,4.3113,4.3113,4.3113
1971-01-07,4.3103,4.3103,4.3103,4.3103
1971-01-08,4.3109,4.3109,4.3109,4.3109
1971-01-11,4.3102,4.3102,4.3102,4.3102
1971-01-12,4.3099,4.3099,4.3099,4.3099
1971-01-13,4.3095,4.3095,4.3095,4.3095
1971-01-14,4.3095,4.3095,4.3095,4.3095
1971-01-15,4.3076,4.3076,4.3076,4.3076
1971-01-18,4.3029,4.3029,4.3029,4.3029
1971-01-19,4.3006,4.3006,4.3006,4.3006
1971-01-20,4.301,4.301,4.301,4.301
1971-01-21,4.3017,4.3017,4.3017,4.3017
1971-01-22,4.2996,4.2996,4.2996,4.2996
1971-01-25,4.3005,4.3005,4.3005,4.3005
1971-01-26,4.2987,4.2987,4.2987,4.2987
1971-01-27,4.2973,4.2973,4.2973,4.2973
1971-01-28,4.2978,4.2978,4.2978,4.2978
1971-01-29,4.2963,4.2963,4.2963,4.2963
1971-02-01,4.2968,4.2968,4.2968,4.2968
1971-02-02,4.2969,4.2969,4.2969,4.2969
1971-02-03,4.2965,4.2965,4.2965,4.2965
1971-02-04,4.2966,4.2966,4.2966,4.2966
1971-02-05,4.2969,4.2969,4.2969,4.2969
1971-02-08,4.2979,4.2979,4.2979,4.2979
1971-02-09,4.2969,4.2969,4.2969,4.2969
1971-02-10,4.2972,4.2972,4.2972,4.2972
1971-02-11,4.2967,4.2967,4.2967,4.2967
1971-02-16,4.2968,4.2968,4.2968,4.2968
1971-02-17,4.2968,4.2968,4.2968,4.2968
1971-02-18,4.2967,4.2967,4.2967,4.2967
1971-02-19,4.2963,4.2963,4.2963,4.2963
1971-02-22,4.2958,4.2958,4.2958,4.2958
1971-02-23,4.2957,4.2957,4.2957,4.2957
1971-02-24,4.3015,4.3015,4.3015,4.3015
1971-02-25,4.3073,4.3073,4.3073,4.3073
1971-02-26,4.307,4.307,4.307,4.307
1971-03-01,4.3073,4.3073,4.3073,4.3073
1971-03-02,4.3054,4.3054,4.3054,4.3054
1971-03-03,4.3039,4.3039,4.3039,4.3039
1971-03-04,4.3068,4.3068,4.3068,4.3068
1971-03-05,4.3066,4.3066,4.3066,4.3066
1971-03-08,4.302,4.302,4.302,4.302
1971-03-09,4.3011,4.3011,4.3011,4.3011
1971-03-10,4.304,4.304,4.304,4.304
1971-03-11,4.3012,4.3012,4.3012,4.3012
1971-03-12,4.301,4.301,4.301,4.301
1971-03-15,4.3004,4.3004,4.3004,4.3004
1971-03-16,4.3002,4.3002,4.3002,4.3002
1971-03-17,4.2995,4.2995,4.2995,4.2995
1971-03-18,4.2983,4.2983,4.2983,4.2983
1971-03-19,4.2972,4.2972,4.2972,4.2972
1971-03-22,4.2971,4.2971,4.2971,4.2971
1971-03-23,4.2972,4.2972,4.2972,4.2972
1971-03-24,4.2968,4.2968,4.2968,4.2968
1971-03-25,4.2969,4.2969,4.2969,4.2969
1971-03-26,4.2959,4.2959,4.2959,4.2959
1971-03-29,4.2966,4.2966,4.2966,4.2966
1971-03-30,4.2958,4.2958,4.2958,4.2958
1971-03-31,4.2954,4.2954,4.2954,4.2954
1971-04-01,4.2955,4.2955,4.2955,4.2955
1971-04-02,4.2947,4.2947,4.2947,4.2947
1971-04-05,4.2971,4.2971,4.2971,4.2971
1971-04-06,4.2974,4.2974,4.2974,4.2974
1971-04-07,4.296,4.296,4.296,4.296
1971-04-08,4.2937,4.2937,4.2937,4.2937
1971-04-09,4.2951,4.2951,4.2951,4.2951
1971-04-12,4.2969,4.2969,4.2969,4.2969
1971-04-13,4.3019,4.3019,4.3019,4.3019
1971-04-14,4.3024,4.3024,4.3024,4.3024
1971-04-15,4.2992,4.2992,4.2992,4.2992
1971-04-16,4.3019,4.3019,4.3019,4.3019
1971-04-19,4.3052,4.3052,4.3052,4.3052
1971-04-20,4.3039,4.3039,4.3039,4.3039
1971-04-21,4.3008,4.3008,4.3008,4.3008
1971-04-22,4.2995,4.2995,4.2995,4.2995
1971-04-23,4.3025,4.3025,4.3025,4.3025
1971-04-26,4.3008,4.3008,4.3008,4.3008
1971-04-27,4.299,4.299,4.299,4.299
1971-04-28,4.2957,4.2957,4.2957,4.2957
1971-04-29,4.2957,4.2957,4.2957,4.2957
1971-04-30,4.2959,4.2959,4.2959,4.2959
1971-05-03,4.2955,4.2955,4.2955,4.2955
1971-05-04,4.2952,4.2952,4.2952,4.2952
1971-05-05,4.1841,4.1841,4.1841,4.1841
1971-05-06,4.1667,4.1667,4.1667,4.1667
1971-05-07,4.1374,4.1374,4.1374,4.1374
1971-05-10,4.1076,4.1076,4.1076,4.1076
1971-05-11,4.1164,4.1164,4.1164,4.1164
1971-05-12,4.1095,4.1095,4.1095,4.1095
1971-05-13,4.095,4.095,4.095,4.095
1971-05-14,4.095,4.095,4.095,4.095
1971-05-17,4.0914,4.0914,4.0914,4.0914
1971-05-18,4.0872,4.0872,4.0872,4.0872
1971-05-19,4.0866,4.0866,4.0866,4.0866
1971-05-20,4.0869,4.0869,4.0869,4.0869
1971-05-21,4.0733,4.0733,4.0733,4.0733
1971-05-24,4.0771,4.0771,4.0771,4.0771
1971-05-25,4.0868,4.0868,4.0868,4.0868
1971-05-26,4.0882,4.0882,4.0882,4.0882
1971-05-27,4.0984,4.0984,4.0984,4.0984
1971-05-28,4.1058,4.1058,4.1058,4.1058
1971-06-01,4.1059,4.1059,4.1059,4.1059
1971-06-02,4.0995,4.0995,4.0995,4.0995
1971-06-03,4.0898,4.0898,4.0898,4.0898
1971-06-04,4.094,4.094,4.094,4.094
1971-06-07,4.0879,4.0879,4.0879,4.0879
1971-06-08,4.0896,4.0896,4.0896,4.0896
1971-06-09,4.0909,4.0909,4.0909,4.0909
1971-06-10,4.0851,4.0851,4.0851,4.0851
1971-06-11,4.0885,4.0885,4.0885,4.0885
1971-06-14,4.0901,4.0901,4.0901,4.0901
1971-06-15,4.0948,4.0948,4.0948,4.0948
1971-06-16,4.0907,4.0907,4.0907,4.0907
1971-06-17,4.094,4.094,4.094,4.094
1971-06-18,4.0931,4.0931,4.0931,4.0931
1971-06-21,4.0929,4.0929,4.0929,4.0929
1971-06-22,4.0961,4.0961,4.0961,4.0961
1971-06-23,4.0943,4.0943,4.0943,4.0943
1971-06-24,4.094,4.094,4.094,4.094
1971-06-25,4.0944,4.0944,4.0944,4.0944
1971-06-28,4.0981,4.0981,4.0981,4.0981
1971-06-29,4.1017,4.1017,4.1017,4.1017
1971-06-30,4.0989,4.0989,4.0989,4.0989
1971-07-01,4.0966,4.0966,4.0966,4.0966
1971-07-02,4.0989,4.0989,4.0989,4.0989
1971-07-06,4.1037,4.1037,4.1037,4.1037
1971-07-07,4.1049,4.1049,4.1049,4.1049
1971-07-08,4.105,4.105,4.105,4.105
1971-07-09,4.1061,4.1061,4.1061,4.1061
1971-07-12,4.106,4.106,4.106,4.106
1971-07-13,4.1038,4.1038,4.1038,4.1038
1971-07-14,4.098,4.098,4.098,4.098
1971-07-15,4.0939,4.0939,4.0939,4.0939
1971-07-16,4.0934,4.0934,4.0934,4.0934
1971-07-19,4.0915,4.0915,4.0915,4.0915
1971-07-20,4.0909,4.0909,4.0909,4.0909
1971-07-21,4.0886,4.0886,4.0886,4.0886
1971-07-22,4.0866,4.0866,4.0866,4.0866
1971-07-23,4.0866,4.0866,4.0866,4.0866
1971-07-26,4.0862,4.0862,4.0862,4.0862
1971-07-27,4.0862,4.0862,4.0862,4.0862
1971-07-28,4.0854,4.0854,4.0854,4.0854
1971-07-29,4.0871,4.0871,4.0871,4.0871
1971-07-30,4.0862,4.0862,4.0862,4.0862
1971-08-02,4.0878,4.0878,4.0878,4.0878
1971-08-03,4.0887,4.0887,4.0887,4.0887
1971-08-04,4.0607,4.0607,4.0607,4.0607
1971-08-05,4.0616,4.0616,4.0616,4.0616
1971-08-06,4.0699,4.0699,4.0699,4.0699
1971-08-09,4.0532,4.0532,4.0532,4.0532
1971-08-10,4.0582,4.0582,4.0582,4.0582
1971-08-11,4.06,4.06,4.06,4.06
1971-08-12,4.0527,4.0527,4.0527,4.0527
1971-08-13,4.0633,4.0633,4.0633,4.0633
1971-08-23,3.9932,3.9932,3.9932,3.9932
1971-08-24,3.9761,3.9761,3.9761,3.9761
1971-08-25,3.9748,3.9748,3.9748,3.9748
1971-08-26,3.9651,3.9651,3.9651,3.9651
1971-08-27,3.9732,3.9732,3.9732,3.9732
1971-08-30,3.9878,3.9878,3.9878,3.9878
1971-08-31,3.9936,3.9936,3.9936,3.9936
1971-09-01,4.0024,4.0024,4.0024,4.0024
1971-09-02,3.9992,3.9992,3.9992,3.9992
1971-09-03,3.979,3.979,3.979,3.979
1971-09-07,3.9999,3.9999,3.9999,3.9999
1971-09-08,3.9963,3.9963,3.9963,3.9963
1971-09-09,3.9948,3.9948,3.9948,3.9948
1971-09-10,3.9933,3.9933,3.9933,3.9933
1971-09-13,3.9984,3.9984,3.9984,3.9984
1971-09-14,3.9897,3.9897,3.9897,3.9897
1971-09-15,3.9853,3.9853,3.9853,3.9853
1971-09-16,3.986,3.986,3.986,3.986
1971-09-17,3.9864,3.9864,3.9864,3.9864
1971-09-20,3.9714,3.9714,3.9714,3.9714
1971-09-21,3.9751,3.9751,3.9751,3.9751
1971-09-22,3.9714,3.9714,3.9714,3.9714
1971-09-23,3.9563,3.9563,3.9563,3.9563
1971-09-24,3.9698,3.9698,3.9698,3.9698
1971-09-27,3.9689,3.9689,3.9689,3.9689
1971-09-28,3.9681,3.9681,3.9681,3.9681
1971-09-29,3.9594,3.9594,3.9594,3.9594
1971-09-30,3.9541,3.9541,3.9541,3.9541
1971-10-01,3.9588,3.9588,3.9588,3.9588
1971-10-04,3.9599,3.9599,3.9599,3.9599
1971-10-05,3.9596,3.9596,3.9596,3.9596
1971-10-06,3.9603,3.9603,3.9603,3.9603
1971-10-07,3.9604,3.9604,3.9604,3.9604
1971-10-08,3.9659,3.9659,3.9659,3.9659
1971-10-12,3.9699,3.9699,3.9699,3.9699
1971-10-13,3.9781,3.9781,3.9781,3.9781
1971-10-14,3.9824,3.9824,3.9824,3.9824
1971-10-15,3.9833,3.9833,3.9833,3.9833
1971-10-18,3.9727,3.9727,3.9727,3.9727
1971-10-19,3.9749,3.9749,3.9749,3.9749
1971-10-20,3.9755,3.9755,3.9755,3.9755
1971-10-21,3.9774,3.9774,3.9774,3.9774
1971-10-22,3.9799,3.9799,3.9799,3.9799
1971-10-26,3.9914,3.9914,3.9914,3.9914
1971-10-27,3.9948,3.9948,3.9948,3.9948
1971-10-28,3.988,3.988,3.988,3.988
1971-10-29,3.9927,3.9927,3.9927,3.9927
1971-11-01,3.996,3.996,3.996,3.996
1971-11-03,3.9917,3.9917,3.9917,3.9917
1971-11-04,3.9912,3.9912,3.9912,3.9912
1971-11-05,3.9911,3.9911,3.9911,3.9911
1971-11-08,3.9946,3.9946,3.9946,3.9946
1971-11-09,3.9946,3.9946,3.9946,3.9946
1971-11-10,3.996,3.996,3.996,3.996
1971-11-11,3.9952,3.9952,3.9952,3.9952
1971-11-12,3.9943,3.9943,3.9943,3.9943
1971-11-15,3.9944,3.9944,3.9944,3.9944
1971-11-16,3.9948,3.9948,3.9948,3.9948
1971-11-17,3.996,3.996,3.996,3.996
1971-11-18,3.9965,3.9965,3.9965,3.9965
1971-11-19,3.9839,3.9839,3.9839,3.9839
1971-11-22,3.9761,3.9761,3.9761,3.9761
1971-11-23,3.9647,3.9647,3.9647,3.9647
1971-11-24,3.9526,3.9526,3.9526,3.9526
1971-11-26,3.9555,3.9555,3.9555,3.9555
1971-11-29,3.9539,3.9539,3.9539,3.9539
1971-11-30,3.9555,3.9555,3.9555,3.9555
1971-12-01,3.9489,3.9489,3.9489,3.9489
1971-12-02,3.9335,3.9335,3.9335,3.9335
1971-12-03,3.917,3.917,3.917,3.917
1971-12-06,3.8948,3.8948,3.8948,3.8948
1971-12-07,3.8997,3.8997,3.8997,3.8997
1971-12-08,3.8986,3.8986,3.8986,3.8986
1971-12-09,3.9,3.9,3.9,3.9
1971-12-10,3.8998,3.8998,3.8998,3.8998
1971-12-13,3.9027,3.9027,3.9027,3.9027
1971-12-14,3.885,3.885,3.885,3.885
1971-12-15,3.8756,3.8756,3.8756,3.8756
1971-12-16,3.8826,3.8826,3.8826,3.8826
1971-12-17,3.8754,3.8754,3.8754,3.8754
1971-12-21,3.8842,3.8842,3.8842,3.8842
1971-12-22,3.885,3.885,3.885,3.885
1971-12-23,3.9043,3.9043,3.9043,3.9043
1971-12-24,3.9092,3.9092,3.9092,3.9092
1971-12-27,3.9193,3.9193,3.9193,3.9193
1971-12-28,3.9192,3.9192,3.9192,3.9192
1971-12-29,3.9212,3.9212,3.9212,3.9212
1971-12-30,3.9196,3.9196,3.9196,3.9196
1971-12-31,3.9147,3.9147,3.9147,3.9147
1972-01-03,3.9177,3.9177,3.9177,3.9177
1972-01-04,3.92,3.92,3.92,3.92
1972-01-05,3.9216,3.9216,3.9216,3.9216
1972-01-06,3.9185,3.9185,3.9185,3.9185
1972-01-07,3.9208,3.9208,3.9208,3.9208
1972-01-10,3.9198,3.9198,3.9198,3.9198
1972-01-11,3.9216,3.9216,3.9216,3.9216
1972-01-12,3.9164,3.9164,3.9164,3.9164
1972-01-13,3.9002,3.9002,3.9002,3.9002
1972-01-14,3.8835,3.8835,3.8835,3.8835
1972-01-17,3.8655,3.8655,3.8655,3.8655
1972-01-18,3.8775,3.8775,3.8775,3.8775
1972-01-19,3.8728,3.8728,3.8728,3.8728
1972-01-20,3.8775,3.8775,3.8775,3.8775
1972-01-21,3.8778,3.8778,3.8778,3.8778
1972-01-24,3.8728,3.8728,3.8728,3.8728
1972-01-25,3.8655,3.8655,3.8655,3.8655
1972-01-26,3.8685,3.8685,3.8685,3.8685
1972-01-27,3.8707,3.8707,3.8707,3.8707
1972-01-28,3.873,3.873,3.873,3.873
1972-01-31,3.8745,3.8745,3.8745,3.8745
1972-02-01,3.8677,3.8677,3.8677,3.8677
1972-02-02,3.8462,3.8462,3.8462,3.8462
1972-02-03,3.858,3.858,3.858,3.858
1972-02-04,3.8745,3.8745,3.8745,3.8745
1972-02-07,3.873,3.873,3.873,3.873
1972-02-08,3.8692,3.8692,3.8692,3.8692
1972-02-09,3.861,3.861,3.861,3.861
1972-02-10,3.861,3.861,3.861,3.861
1972-02-11,3.858,3.858,3.858,3.858
1972-02-14,3.861,3.861,3.861,3.861
1972-02-15,3.864,3.864,3.864,3.864
1972-02-16,3.8447,3.8447,3.8447,3.8447
1972-02-17,3.8484,3.8484,3.8484,3.8484
1972-02-18,3.8491,3.8491,3.8491,3.8491
1972-02-22,3.8595,3.8595,3.8595,3.8595
1972-02-23,3.8565,3.8565,3.8565,3.8565
1972-02-24,3.8565,3.8565,3.8565,3.8565
1972-02-25,3.8692,3.8692,3.8692,3.8692
1972-02-28,3.8752,3.8752,3.8752,3.8752
1972-02-29,3.8685,3.8685,3.8685,3.8685
1972-03-01,3.8711,3.8711,3.8711,3.8711
1972-03-02,3.8685,3.8685,3.8685,3.8685
1972-03-03,3.8715,3.8715,3.8715,3.8715
1972-03-06,3.861,3.861,3.861,3.861
1972-03-07,3.8573,3.8573,3.8573,3.8573
1972-03-08,3.841,3.841,3.841,3.841
1972-03-09,3.8183,3.8183,3.8183,3.8183
1972-03-10,3.8175,3.8175,3.8175,3.8175
1972-03-13,3.9817,3.9817,3.9817,3.9817
1972-03-14,3.8358,3.8358,3.8358,3.8358
1972-03-15,3.8388,3.8388,3.8388,3.8388
1972-03-16,3.8432,3.8432,3.8432,3.8432
1972-03-17,3.858,3.858,3.858,3.858
1972-03-20,3.8625,3.8625,3.8625,3.8625
1972-03-21,3.8513,3.8513,3.8513,3.8513
1972-03-22,3.8603,3.8603,3.8603,3.8603
1972-03-23,3.8655,3.8655,3.8655,3.8655
1972-03-24,3.87,3.87,3.87,3.87
1972-03-27,3.8591,3.8591,3.8591,3.8591
1972-03-28,3.8528,3.8528,3.8528,3.8528
1972-03-29,3.8476,3.8476,3.8476,3.8476
1972-03-30,3.8366,3.8366,3.8366,3.8366
1972-03-31,3.8358,3.8358,3.8358,3.8358
1972-04-03,3.8373,3.8373,3.8373,3.8373
1972-04-04,3.8476,3.8476,3.8476,3.8476
1972-04-05,3.8491,3.8491,3.8491,3.8491
1972-04-06,3.8521,3.8521,3.8521,3.8521
1972-04-07,3.8521,3.8521,3.8521,3.8521
1972-04-10,3.7092,3.7092,3.7092,3.7092
1972-04-11,3.8499,3.8499,3.8499,3.8499
1972-04-12,3.8484,3.8484,3.8484,3.8484
1972-04-13,3.8506,3.8506,3.8506,3.8506
1972-04-14,3.8558,3.8558,3.8558,3.8558
1972-04-17,3.8588,3.8588,3.8588,3.8588
1972-04-18,3.8737,3.8737,3.8737,3.8737
1972-04-19,3.879,3.879,3.879,3.879
1972-04-20,3.867,3.867,3.867,3.867
1972-04-21,3.87,3.87,3.87,3.87
1972-04-24,3.8632,3.8632,3.8632,3.8632
1972-04-25,3.8625,3.8625,3.8625,3.8625
1972-04-26,3.864,3.864,3.864,3.864
1972-04-27,3.8629,3.8629,3.8629,3.8629
1972-04-28,3.8647,3.8647,3.8647,3.8647
1972-05-01,3.864,3.864,3.864,3.864
1972-05-02,3.864,3.864,3.864,3.864
1972-05-03,3.8625,3.8625,3.8625,3.8625
1972-05-04,3.8617,3.8617,3.8617,3.8617
1972-05-05,3.8632,3.8632,3.8632,3.8632
1972-05-08,3.8632,3.8632,3.8632,3.8632
1972-05-09,3.8573,3.8573,3.8573,3.8573
1972-05-10,3.8551,3.8551,3.8551,3.8551
1972-05-11,3.861,3.861,3.861,3.861
1972-05-12,3.8625,3.8625,3.8625,3.8625
1972-05-15,3.867,3.867,3.867,3.867
1972-05-16,3.8707,3.8707,3.8707,3.8707
1972-05-17,3.8655,3.8655,3.8655,3.8655
1972-05-18,3.8655,3.8655,3.8655,3.8655
1972-05-19,3.8651,3.8651,3.8651,3.8651
1972-05-22,3.8655,3.8655,3.8655,3.8655
1972-05-23,3.8565,3.8565,3.8565,3.8565
1972-05-24,3.8565,3.8565,3.8565,3.8565
1972-05-25,3.8595,3.8595,3.8595,3.8595
1972-05-26,3.8562,3.8562,3.8562,3.8562
1972-05-30,3.8462,3.8462,3.8462,3.8462
1972-05-31,3.8432,3.8432,3.8432,3.8432
1972-06-01,3.8351,3.8351,3.8351,3.8351
1972-06-02,3.8373,3.8373,3.8373,3.8373
1972-06-05,3.8432,3.8432,3.8432,3.8432
1972-06-06,3.8421,3.8421,3.8421,3.8421
1972-06-07,3.8366,3.8366,3.8366,3.8366
1972-06-08,3.8329,3.8329,3.8329,3.8329
1972-06-09,3.8329,3.8329,3.8329,3.8329
1972-06-12,3.8278,3.8278,3.8278,3.8278
1972-06-13,3.8179,3.8179,3.8179,3.8179
1972-06-14,3.8197,3.8197,3.8197,3.8197
1972-06-15,3.8157,3.8157,3.8157,3.8157
1972-06-16,3.8088,3.8088,3.8088,3.8088
1972-06-19,3.8059,3.8059,3.8059,3.8059
1972-06-20,3.7979,3.7979,3.7979,3.7979
1972-06-21,3.794,3.794,3.794,3.794
1972-06-22,3.7786,3.7786,3.7786,3.7786
1972-06-23,3.7439,3.7439,3.7439,3.7439
1972-06-26,3.7355,3.7355,3.7355,3.7355
1972-06-27,3.7594,3.7594,3.7594,3.7594
1972-06-28,3.7383,3.7383,3.7383,3.7383
1972-06-29,3.7495,3.7495,3.7495,3.7495
1972-06-30,3.7425,3.7425,3.7425,3.7425
1972-07-03,3.7481,3.7481,3.7481,3.7481
1972-07-05,3.7707,3.7707,3.7707,3.7707
1972-07-06,3.7594,3.7594,3.7594,3.7594
1972-07-07,3.7559,3.7559,3.7559,3.7559
1972-07-10,3.7552,3.7552,3.7552,3.7552
1972-07-11,3.7545,3.7545,3.7545,3.7545
1972-07-12,3.7523,3.7523,3.7523,3.7523
1972-07-13,3.752,3.752,3.752,3.752
1972-07-14,3.753,3.753,3.753,3.753
1972-07-17,3.7538,3.7538,3.7538,3.7538
1972-07-18,3.7707,3.7707,3.7707,3.7707
1972-07-19,3.7771,3.7771,3.7771,3.7771
1972-07-20,3.77,3.77,3.77,3.77
1972-07-21,3.775,3.775,3.775,3.775
1972-07-24,3.7811,3.7811,3.7811,3.7811
1972-07-25,3.775,3.775,3.775,3.775
1972-07-26,3.7718,3.7718,3.7718,3.7718
1972-07-27,3.775,3.775,3.775,3.775
1972-07-28,3.775,3.775,3.775,3.775
1972-07-31,3.7736,3.7736,3.7736,3.7736
1972-08-01,3.7736,3.7736,3.7736,3.7736
1972-08-02,3.7786,3.7786,3.7786,3.7786
1972-08-03,3.7793,3.7793,3.7793,3.7793
1972-08-04,3.7779,3.7779,3.7779,3.7779
1972-08-07,3.7757,3.7757,3.7757,3.7757
1972-08-08,3.7768,3.7768,3.7768,3.7768
1972-08-09,3.7786,3.7786,3.7786,3.7786
1972-08-10,3.7786,3.7786,3.7786,3.7786
1972-08-11,3.7793,3.7793,3.7793,3.7793
1972-08-14,3.7793,3.7793,3.7793,3.7793
1972-08-15,3.7821,3.7821,3.7821,3.7821
1972-08-16,3.7836,3.7836,3.7836,3.7836
1972-08-17,3.7886,3.7886,3.7886,3.7886
1972-08-18,3.7879,3.7879,3.7879,3.7879
1972-08-21,3.7915,3.7915,3.7915,3.7915
1972-08-22,3.7821,3.7821,3.7821,3.7821
1972-08-23,3.7793,3.7793,3.7793,3.7793
1972-08-24,3.7793,3.7793,3.7793,3.7793
1972-08-25,3.7864,3.7864,3.7864,3.7864
1972-08-28,3.7777,3.7777,3.7777,3.7777
1972-08-29,3.7821,3.7821,3.7821,3.7821
1972-08-30,3.7786,3.7786,3.7786,3.7786
1972-08-31,3.7818,3.7818,3.7818,3.7818
1972-09-01,3.7793,3.7793,3.7793,3.7793
1972-09-05,3.7821,3.7821,3.7821,3.7821
1972-09-06,3.7811,3.7811,3.7811,3.7811
1972-09-07,3.7775,3.7775,3.7775,3.7775
1972-09-08,3.7787,3.7787,3.7787,3.7787
1972-09-11,3.78,3.78,3.78,3.78
1972-09-12,3.7807,3.7807,3.7807,3.7807
1972-09-13,3.7793,3.7793,3.7793,3.7793
1972-09-14,3.7836,3.7836,3.7836,3.7836
1972-09-15,3.7847,3.7847,3.7847,3.7847
1972-09-18,3.7918,3.7918,3.7918,3.7918
1972-09-19,3.7904,3.7904,3.7904,3.7904
1972-09-20,3.7904,3.7904,3.7904,3.7904
1972-09-21,3.7915,3.7915,3.7915,3.7915
1972-09-22,3.79,3.79,3.79,3.79
1972-09-25,3.7925,3.7925,3.7925,3.7925
1972-09-26,3.7958,3.7958,3.7958,3.7958
1972-09-27,3.7951,3.7951,3.7951,3.7951
1972-09-28,3.8019,3.8019,3.8019,3.8019
1972-09-29,3.8023,3.8023,3.8023,3.8023
1972-10-02,3.8066,3.8066,3.8066,3.8066
1972-10-03,3.8045,3.8045,3.8045,3.8045
1972-10-04,3.7965,3.7965,3.7965,3.7965
1972-10-05,3.7882,3.7882,3.7882,3.7882
1972-10-06,3.7872,3.7872,3.7872,3.7872
1972-10-10,3.7922,3.7922,3.7922,3.7922
1972-10-11,3.7971,3.7971,3.7971,3.7971
1972-10-12,3.7994,3.7994,3.7994,3.7994
1972-10-13,3.7994,3.7994,3.7994,3.7994
1972-10-16,3.7983,3.7983,3.7983,3.7983
1972-10-17,3.7979,3.7979,3.7979,3.7979
1972-10-18,3.7961,3.7961,3.7961,3.7961
1972-10-19,3.794,3.794,3.794,3.794
1972-10-20,3.7976,3.7976,3.7976,3.7976
1972-10-24,3.8043,3.8043,3.8043,3.8043
1972-10-25,3.7994,3.7994,3.7994,3.7994
1972-10-26,3.799,3.799,3.799,3.799
1972-10-27,3.7987,3.7987,3.7987,3.7987
1972-10-30,3.7979,3.7979,3.7979,3.7979
1972-10-31,3.7994,3.7994,3.7994,3.7994
1972-11-01,3.7981,3.7981,3.7981,3.7981
1972-11-02,3.7965,3.7965,3.7965,3.7965
1972-11-03,3.7972,3.7972,3.7972,3.7972
1972-11-06,3.801,3.801,3.801,3.801
1972-11-08,3.8019,3.8019,3.8019,3.8019
1972-11-09,3.8008,3.8008,3.8008,3.8008
1972-11-10,3.8023,3.8023,3.8023,3.8023
1972-11-13,3.8019,3.8019,3.8019,3.8019
1972-11-14,3.803,3.803,3.803,3.803
1972-11-15,3.7994,3.7994,3.7994,3.7994
1972-11-16,3.8012,3.8012,3.8012,3.8012
1972-11-17,3.8023,3.8023,3.8023,3.8023
1972-11-20,3.8023,3.8023,3.8023,3.8023
1972-11-21,3.8008,3.8008,3.8008,3.8008
1972-11-22,3.799,3.799,3.799,3.799
1972-11-24,3.7925,3.7925,3.7925,3.7925
1972-11-27,3.7739,3.7739,3.7739,3.7739
1972-11-28,3.785,3.785,3.785,3.785
1972-11-29,3.7764,3.7764,3.7764,3.7764
1972-11-30,3.7761,3.7761,3.7761,3.7761
1972-12-01,3.7658,3.7658,3.7658,3.7658
1972-12-04,3.7729,3.7729,3.7729,3.7729
1972-12-05,3.7718,3.7718,3.7718,3.7718
1972-12-06,3.7743,3.7743,3.7743,3.7743
1972-12-07,3.7743,3.7743,3.7743,3.7743
1972-12-08,3.7747,3.7747,3.7747,3.7747
1972-12-11,3.775,3.775,3.775,3.775
1972-12-12,3.7775,3.7775,3.7775,3.7775
1972-12-13,3.7743,3.7743,3.7743,3.7743
1972-12-14,3.7718,3.7718,3.7718,3.7718
1972-12-15,3.7718,3.7718,3.7718,3.7718
1972-12-18,3.7736,3.7736,3.7736,3.7736
1972-12-19,3.7745,3.7745,3.7745,3.7745
1972-12-20,3.77,3.77,3.77,3.77
1972-12-21,3.7615,3.7615,3.7615,3.7615
1972-12-22,3.7594,3.7594,3.7594,3.7594
1972-12-26,3.758,3.758,3.758,3.758
1972-12-27,3.7594,3.7594,3.7594,3.7594
1972-12-28,3.7679,3.7679,3.7679,3.7679
1972-12-29,3.7707,3.7707,3.7707,3.7707
1973-01-02,3.7714,3.7714,3.7714,3.7714
1973-01-03,3.7636,3.7636,3.7636,3.7636
1973-01-04,3.7672,3.7672,3.7672,3.7672
1973-01-05,3.7651,3.7651,3.7651,3.7651
1973-01-08,3.7693,3.7693,3.7693,3.7693
1973-01-09,3.7631,3.7631,3.7631,3.7631
1973-01-10,3.7585,3.7585,3.7585,3.7585
1973-01-11,3.7612,3.7612,3.7612,3.7612
1973-01-12,3.7619,3.7619,3.7619,3.7619
1973-01-15,3.7644,3.7644,3.7644,3.7644
1973-01-16,3.7633,3.7633,3.7633,3.7633
1973-01-17,3.7601,3.7601,3.7601,3.7601
1973-01-18,3.7601,3.7601,3.7601,3.7601
1973-01-19,3.759,3.759,3.759,3.759
1973-01-22,3.7202,3.7202,3.7202,3.7202
1973-01-23,3.7313,3.7313,3.7313,3.7313
1973-01-24,3.695,3.695,3.695,3.695
1973-01-25,3.6778,3.6778,3.6778,3.6778
1973-01-26,3.6711,3.6711,3.6711,3.6711
1973-01-29,3.6225,3.6225,3.6225,3.6225
1973-01-30,3.6186,3.6186,3.6186,3.6186
1973-01-31,3.6206,3.6206,3.6206,3.6206
1973-02-01,3.6049,3.6049,3.6049,3.6049
1973-02-02,3.614,3.614,3.614,3.614
1973-02-05,3.601,3.601,3.601,3.601
1973-02-06,3.5868,3.5868,3.5868,3.5868
1973-02-07,3.5855,3.5855,3.5855,3.5855
1973-02-08,3.56,3.56,3.56,3.56
1973-02-09,3.5651,3.5651,3.5651,3.5651
1973-02-13,3.459,3.459,3.459,3.459
1973-02-14,3.3875,3.3875,3.3875,3.3875
1973-02-15,3.358,3.358,3.358,3.358
1973-02-16,3.367,3.367,3.367,3.367
1973-02-20,3.3636,3.3636,3.3636,3.3636
1973-02-21,3.3422,3.3422,3.3422,3.3422
1973-02-22,3.252,3.252,3.252,3.252
1973-02-23,3.2733,3.2733,3.2733,3.2733
1973-02-26,3.2563,3.2563,3.2563,3.2563
1973-02-27,3.2,3.2,3.2,3.2
1973-02-28,3.1299,3.1299,3.1299,3.1299
1973-03-01,3.1299,3.1299,3.1299,3.1299
1973-03-02,3.1299,3.1299,3.1299,3.1299
1973-03-05,3.2113,3.2113,3.2113,3.2113
1973-03-06,3.1928,3.1928,3.1928,3.1928
1973-03-07,3.1796,3.1796,3.1796,3.1796
1973-03-08,3.1726,3.1726,3.1726,3.1726
1973-03-09,3.1827,3.1827,3.1827,3.1827
1973-03-12,3.231,3.231,3.231,3.231
1973-03-13,3.268,3.268,3.268,3.268
1973-03-14,3.2436,3.2436,3.2436,3.2436
1973-03-15,3.2041,3.2041,3.2041,3.2041
1973-03-16,3.2394,3.2394,3.2394,3.2394
1973-03-19,3.252,3.252,3.252,3.252
1973-03-20,3.2425,3.2425,3.2425,3.2425
1973-03-21,3.2468,3.2468,3.2468,3.2468
1973-03-22,3.2478,3.2478,3.2478,3.2478
1973-03-23,3.2404,3.2404,3.2404,3.2404
1973-03-26,3.23,3.23,3.23,3.23
1973-03-27,3.2248,3.2248,3.2248,3.2248
1973-03-28,3.2279,3.2279,3.2279,3.2279
1973-03-29,3.2352,3.2352,3.2352,3.2352
1973-03-30,3.2436,3.2436,3.2436,3.2436
1973-04-02,3.2648,3.2648,3.2648,3.2648
1973-04-03,3.26,3.26,3.26,3.26
1973-04-04,3.2352,3.2352,3.2352,3.2352
1973-04-05,3.2331,3.2331,3.2331,3.2331
1973-04-06,3.2404,3.2404,3.2404,3.2404
1973-04-09,3.2373,3.2373,3.2373,3.2373
1973-04-10,3.2373,3.2373,3.2373,3.2373
1973-04-11,3.2305,3.2305,3.2305,3.2305
1973-04-12,3.23,3.23,3.23,3.23
1973-04-13,3.2362,3.2362,3.2362,3.2362
1973-04-16,3.2373,3.2373,3.2373,3.2373
1973-04-17,3.23,3.23,3.23,3.23
1973-04-18,3.2362,3.2362,3.2362,3.2362
1973-04-19,3.241,3.241,3.241,3.241
1973-04-20,3.2415,3.2415,3.2415,3.2415
1973-04-23,3.241,3.241,3.241,3.241
1973-04-24,3.2452,3.2452,3.2452,3.2452
1973-04-25,3.2436,3.2436,3.2436,3.2436
1973-04-26,3.2468,3.2468,3.2468,3.2468
1973-04-27,3.2436,3.2436,3.2436,3.2436
1973-04-30,3.2415,3.2415,3.2415,3.2415
1973-05-01,3.2404,3.2404,3.2404,3.2404
1973-05-02,3.2415,3.2415,3.2415,3.2415
1973-05-03,3.2457,3.2457,3.2457,3.2457
1973-05-04,3.2489,3.2489,3.2489,3.2489
1973-05-07,3.2515,3.2515,3.2515,3.2515
1973-05-08,3.2415,3.2415,3.2415,3.2415
1973-05-09,3.2394,3.2394,3.2394,3.2394
1973-05-10,3.2425,3.2425,3.2425,3.2425
1973-05-11,3.2368,3.2368,3.2368,3.2368
1973-05-14,3.1796,3.1796,3.1796,3.1796
1973-05-15,3.1447,3.1447,3.1447,3.1447
1973-05-16,3.1576,3.1576,3.1576,3.1576
1973-05-17,3.1636,3.1636,3.1636,3.1636
1973-05-18,3.1447,3.1447,3.1447,3.1447
1973-05-21,3.096,3.096,3.096,3.096
1973-05-22,3.1027,3.1027,3.1027,3.1027
1973-05-23,3.0979,3.0979,3.0979,3.0979
1973-05-24,3.1075,3.1075,3.1075,3.1075
1973-05-25,3.126,3.126,3.126,3.126
1973-05-29,3.1124,3.1124,3.1124,3.1124
1973-05-30,3.0941,3.0941,3.0941,3.0941
1973-05-31,3.0864,3.0864,3.0864,3.0864
1973-06-01,3.0741,3.0741,3.0741,3.0741
1973-06-04,3.0303,3.0303,3.0303,3.0303
1973-06-05,3.0488,3.0488,3.0488,3.0488
1973-06-06,3.0703,3.0703,3.0703,3.0703
1973-06-07,3.0883,3.0883,3.0883,3.0883
1973-06-08,3.0807,3.0807,3.0807,3.0807
1973-06-11,3.0883,3.0883,3.0883,3.0883
1973-06-12,3.0731,3.0731,3.0731,3.0731
1973-06-13,3.0979,3.0979,3.0979,3.0979
1973-06-14,3.0798,3.0798,3.0798,3.0798
1973-06-15,3.0637,3.0637,3.0637,3.0637
1973-06-18,3.0432,3.0432,3.0432,3.0432
1973-06-19,3.0562,3.0562,3.0562,3.0562
1973-06-20,3.0637,3.0637,3.0637,3.0637
1973-06-21,3.0423,3.0423,3.0423,3.0423
1973-06-22,3.0404,3.0404,3.0404,3.0404
1973-06-25,3.0497,3.0497,3.0497,3.0497
1973-06-26,3.0423,3.0423,3.0423,3.0423
1973-06-27,3.034,3.034,3.034,3.034
1973-06-28,3.0211,3.0211,3.0211,3.0211
1973-06-29,2.9283,2.9283,2.9283,2.9283
1973-07-02,2.8902,2.8902,2.8902,2.8902
1973-07-03,2.8313,2.8313,2.8313,2.8313
1973-07-05,2.7902,2.7902,2.7902,2.7902
1973-07-06,2.6991,2.6991,2.6991,2.6991
1973-07-09,2.7647,2.7647,2.7647,2.7647
1973-07-10,2.8736,2.8736,2.8736,2.8736
1973-07-11,2.8852,2.8852,2.8852,2.8852
1973-07-12,2.8653,2.8653,2.8653,2.8653
1973-07-13,2.8686,2.8686,2.8686,2.8686
1973-07-16,2.8498,2.8498,2.8498,2.8498
1973-07-17,2.8169,2.8169,2.8169,2.8169
1973-07-18,2.7871,2.7871,2.7871,2.7871
1973-07-19,2.849,2.849,2.849,2.849
1973-07-20,2.8225,2.8225,2.8225,2.8225
1973-07-23,2.8121,2.8121,2.8121,2.8121
1973-07-24,2.805,2.805,2.805,2.805
1973-07-25,2.8043,2.8043,2.8043,2.8043
1973-07-26,2.7933,2.7933,2.7933,2.7933
1973-07-27,2.805,2.805,2.805,2.805
1973-07-30,2.8361,2.8361,2.8361,2.8361
1973-07-31,2.8409,2.8409,2.8409,2.8409
1973-08-01,2.8409,2.8409,2.8409,2.8409
1973-08-02,2.8531,2.8531,2.8531,2.8531
1973-08-03,2.8474,2.8474,2.8474,2.8474
1973-08-06,2.8818,2.8818,2.8818,2.8818
1973-08-07,2.8661,2.8661,2.8661,2.8661
1973-08-08,2.8629,2.8629,2.8629,2.8629
1973-08-09,2.8918,2.8918,2.8918,2.8918
1973-08-10,2.9499,2.9499,2.9499,2.9499
1973-08-13,2.9533,2.9533,2.9533,2.9533
1973-08-14,3.0148,3.0148,3.0148,3.0148
1973-08-15,3.0266,3.0266,3.0266,3.0266
1973-08-16,3.0488,3.0488,3.0488,3.0488
1973-08-17,3.0386,3.0386,3.0386,3.0386
1973-08-20,2.9499,2.9499,2.9499,2.9499
1973-08-21,3.046,3.046,3.046,3.046
1973-08-22,3.0377,3.0377,3.0377,3.0377
1973-08-23,3.0628,3.0628,3.0628,3.0628
1973-08-24,3.0367,3.0367,3.0367,3.0367
1973-08-27,3.0432,3.0432,3.0432,3.0432
1973-08-28,3.0478,3.0478,3.0478,3.0478
1973-08-29,3.0211,3.0211,3.0211,3.0211
1973-08-30,3.0303,3.0303,3.0303,3.0303
1973-08-31,3.0349,3.0349,3.0349,3.0349
1973-09-04,3.0312,3.0312,3.0312,3.0312
1973-09-05,3.0157,3.0157,3.0157,3.0157
1973-09-06,3.0257,3.0257,3.0257,3.0257
1973-09-07,3.0003,3.0003,3.0003,3.0003
1973-09-10,3.012,3.012,3.012,3.012
1973-09-11,3.0285,3.0285,3.0285,3.0285
1973-09-12,3.0193,3.0193,3.0193,3.0193
1973-09-13,3.0367,3.0367,3.0367,3.0367
1973-09-14,3.0321,3.0321,3.0321,3.0321
1973-09-17,3.0057,3.0057,3.0057,3.0057
1973-09-18,3.0075,3.0075,3.0075,3.0075
1973-09-19,3.0166,3.0166,3.0166,3.0166
1973-09-20,2.9931,2.9931,2.9931,2.9931
1973-09-21,3.0139,3.0139,3.0139,3.0139
1973-09-24,3.0084,3.0084,3.0084,3.0084
1973-09-25,3.0093,3.0093,3.0093,3.0093
1973-09-26,3.0148,3.0148,3.0148,3.0148
1973-09-27,3.0221,3.0221,3.0221,3.0221
1973-09-28,3.0303,3.0303,3.0303,3.0303
1973-10-01,3.0248,3.0248,3.0248,3.0248
1973-10-02,3.0166,3.0166,3.0166,3.0166
1973-10-03,3.0202,3.0202,3.0202,3.0202
1973-10-04,3.0211,3.0211,3.0211,3.0211
1973-10-05,3.0184,3.0184,3.0184,3.0184
1973-10-09,3.0184,3.0184,3.0184,3.0184
1973-10-10,3.0057,3.0057,3.0057,3.0057
1973-10-11,3.0003,3.0003,3.0003,3.0003
1973-10-12,3.0066,3.0066,3.0066,3.0066
1973-10-15,3.0166,3.0166,3.0166,3.0166
1973-10-16,3.0111,3.0111,3.0111,3.0111
1973-10-17,3.0039,3.0039,3.0039,3.0039
1973-10-18,3.0075,3.0075,3.0075,3.0075
1973-10-19,3.0275,3.0275,3.0275,3.0275
1973-10-23,3.012,3.012,3.012,3.012
1973-10-24,3.0202,3.0202,3.0202,3.0202
1973-10-25,3.0248,3.0248,3.0248,3.0248
1973-10-26,3.0525,3.0525,3.0525,3.0525
1973-10-29,3.0989,3.0989,3.0989,3.0989
1973-10-30,3.0989,3.0989,3.0989,3.0989
1973-10-31,3.0998,3.0998,3.0998,3.0998
1973-11-01,3.0998,3.0998,3.0998,3.0998
1973-11-02,3.0769,3.0769,3.0769,3.0769
1973-11-05,3.095,3.095,3.095,3.095
1973-11-07,3.1162,3.1162,3.1162,3.1162
1973-11-08,3.1211,3.1211,3.1211,3.1211
1973-11-09,3.1328,3.1328,3.1328,3.1328
1973-11-12,3.1867,3.1867,3.1867,3.1867
1973-11-13,3.1857,3.1857,3.1857,3.1857
1973-11-14,3.1576,3.1576,3.1576,3.1576
1973-11-15,3.1766,3.1766,3.1766,3.1766
1973-11-16,3.1726,3.1726,3.1726,3.1726
1973-11-19,3.1696,3.1696,3.1696,3.1696
1973-11-20,3.1756,3.1756,3.1756,3.1756
1973-11-21,3.1837,3.1837,3.1837,3.1837
1973-11-23,3.23,3.23,3.23,3.23
1973-11-26,3.2062,3.2062,3.2062,3.2062
1973-11-27,3.1959,3.1959,3.1959,3.1959
1973-11-28,3.1969,3.1969,3.1969,3.1969
1973-11-29,3.2103,3.2103,3.2103,3.2103
1973-11-30,3.2051,3.2051,3.2051,3.2051
1973-12-03,3.2031,3.2031,3.2031,3.2031
1973-12-04,3.2103,3.2103,3.2103,3.2103
1973-12-05,3.1949,3.1949,3.1949,3.1949
1973-12-06,3.1726,3.1726,3.1726,3.1726
1973-12-07,3.1756,3.1756,3.1756,3.1756
1973-12-10,3.1928,3.1928,3.1928,3.1928
1973-12-11,3.198,3.198,3.198,3.198
1973-12-12,3.1908,3.1908,3.1908,3.1908
1973-12-13,3.1939,3.1939,3.1939,3.1939
1973-12-14,3.199,3.199,3.199,3.199
1973-12-17,3.199,3.199,3.199,3.199
1973-12-18,3.198,3.198,3.198,3.198
1973-12-19,3.199,3.199,3.199,3.199
1973-12-20,3.1918,3.1918,3.1918,3.1918
1973-12-21,3.1766,3.1766,3.1766,3.1766
1973-12-24,3.1847,3.1847,3.1847,3.1847
1973-12-26,3.1898,3.1898,3.1898,3.1898
1973-12-27,3.231,3.231,3.231,3.231
1973-12-28,3.2478,3.2478,3.2478,3.2478
1973-12-31,3.251,3.251,3.251,3.251
1974-01-02,3.3311,3.3311,3.3311,3.3311
1974-01-03,3.3245,3.3245,3.3245,3.3245
1974-01-04,3.3311,3.3311,3.3311,3.3311
1974-01-07,3.427,3.427,3.427,3.427
1974-01-08,3.4141,3.4141,3.4141,3.4141
1974-01-09,3.3841,3.3841,3.3841,3.3841
1974-01-10,3.3557,3.3557,3.3557,3.3557
1974-01-11,3.3681,3.3681,3.3681,3.3681
1974-01-14,3.3875,3.3875,3.3875,3.3875
1974-01-15,3.3979,3.3979,3.3979,3.3979
1974-01-16,3.3772,3.3772,3.3772,3.3772
1974-01-17,3.3875,3.3875,3.3875,3.3875
1974-01-18,3.3693,3.3693,3.3693,3.3693
1974-01-21,3.3967,3.3967,3.3967,3.3967
1974-01-22,3.3829,3.3829,3.3829,3.3829
1974-01-23,3.3979,3.3979,3.3979,3.3979
1974-01-24,3.3738,3.3738,3.3738,3.3738
1974-01-25,3.3761,3.3761,3.3761,3.3761
1974-01-28,3.3613,3.3613,3.3613,3.3613
1974-01-29,3.3234,3.3234,3.3234,3.3234
1974-01-30,3.2949,3.2949,3.2949,3.2949
1974-01-31,3.2552,3.2552,3.2552,3.2552
1974-02-01,3.2658,3.2658,3.2658,3.2658
1974-02-04,3.2206,3.2206,3.2206,3.2206
1974-02-05,3.2468,3.2468,3.2468,3.2468
1974-02-06,3.252,3.252,3.252,3.252
1974-02-07,3.2373,3.2373,3.2373,3.2373
1974-02-08,3.231,3.231,3.231,3.231
1974-02-11,3.2082,3.2082,3.2082,3.2082
1974-02-13,3.198,3.198,3.198,3.198
1974-02-14,3.1928,3.1928,3.1928,3.1928
1974-02-15,3.1908,3.1908,3.1908,3.1908
1974-02-19,3.1466,3.1466,3.1466,3.1466
1974-02-20,3.1299,3.1299,3.1299,3.1299
1974-02-21,3.0989,3.0989,3.0989,3.0989
1974-02-22,3.0656,3.0656,3.0656,3.0656
1974-02-25,3.1211,3.1211,3.1211,3.1211
1974-02-26,3.095,3.095,3.095,3.095
1974-02-27,3.1407,3.1407,3.1407,3.1407
1974-02-28,3.1328,3.1328,3.1328,3.1328
1974-03-01,3.1506,3.1506,3.1506,3.1506
1974-03-04,3.1586,3.1586,3.1586,3.1586
1974-03-05,3.1397,3.1397,3.1397,3.1397
1974-03-06,3.1348,3.1348,3.1348,3.1348
1974-03-07,3.1348,3.1348,3.1348,3.1348
1974-03-08,3.1153,3.1153,3.1153,3.1153
1974-03-11,3.0788,3.0788,3.0788,3.0788
1974-03-12,3.0883,3.0883,3.0883,3.0883
1974-03-13,3.0855,3.0855,3.0855,3.0855
1974-03-14,3.1153,3.1153,3.1153,3.1153
1974-03-15,3.1075,3.1075,3.1075,3.1075
1974-03-18,3.095,3.095,3.095,3.095
1974-03-19,3.0807,3.0807,3.0807,3.0807
1974-03-20,3.0581,3.0581,3.0581,3.0581
1974-03-21,3.0303,3.0303,3.0303,3.0303
1974-03-22,3.0581,3.0581,3.0581,3.0581
1974-03-25,2.9931,2.9931,2.9931,2.9931
1974-03-26,3.0048,3.0048,3.0048,3.0048
1974-03-27,3.0239,3.0239,3.0239,3.0239
1974-03-28,2.9851,2.9851,2.9851,2.9851
1974-03-29,3.0157,3.0157,3.0157,3.0157
1974-04-01,3.0423,3.0423,3.0423,3.0423
1974-04-02,3.0294,3.0294,3.0294,3.0294
1974-04-03,3.0675,3.0675,3.0675,3.0675
1974-04-04,3.075,3.075,3.075,3.075
1974-04-05,3.0572,3.0572,3.0572,3.0572
1974-04-08,3.0647,3.0647,3.0647,3.0647
1974-04-09,3.0769,3.0769,3.0769,3.0769
1974-04-10,3.075,3.075,3.075,3.075
1974-04-11,3.06,3.06,3.06,3.06
1974-04-12,3.0628,3.0628,3.0628,3.0628
1974-04-15,3.0637,3.0637,3.0637,3.0637
1974-04-16,3.0581,3.0581,3.0581,3.0581
1974-04-17,3.0441,3.0441,3.0441,3.0441
1974-04-18,3.023,3.023,3.023,3.023
1974-04-19,3.0266,3.0266,3.0266,3.0266
1974-04-22,3.013,3.013,3.013,3.013
1974-04-23,2.9833,2.9833,2.9833,2.9833
1974-04-24,2.9656,2.9656,2.9656,2.9656
1974-04-25,2.9797,2.9797,2.9797,2.9797
1974-04-26,2.9691,2.9691,2.9691,2.9691
1974-04-29,2.924,2.924,2.924,2.924
1974-04-30,2.9325,2.9325,2.9325,2.9325
1974-05-01,2.9377,2.9377,2.9377,2.9377
1974-05-02,2.9516,2.9516,2.9516,2.9516
1974-05-03,2.9603,2.9603,2.9603,2.9603
1974-05-06,2.918,2.918,2.918,2.918
1974-05-07,2.936,2.936,2.936,2.936
1974-05-08,2.8952,2.8952,2.8952,2.8952
1974-05-09,2.8843,2.8843,2.8843,2.8843
1974-05-10,2.8736,2.8736,2.8736,2.8736
1974-05-13,2.8249,2.8249,2.8249,2.8249
1974-05-14,2.809,2.809,2.809,2.809
1974-05-15,2.8985,2.8985,2.8985,2.8985
1974-05-16,2.8927,2.8927,2.8927,2.8927
1974-05-17,2.8944,2.8944,2.8944,2.8944
1974-05-20,2.9455,2.9455,2.9455,2.9455
1974-05-21,2.9197,2.9197,2.9197,2.9197
1974-05-22,2.896,2.896,2.896,2.896
1974-05-23,2.891,2.891,2.891,2.891
1974-05-24,2.9274,2.9274,2.9274,2.9274
1974-05-28,2.9525,2.9525,2.9525,2.9525
1974-05-29,3.0012,3.0012,3.0012,3.0012
1974-05-30,2.9904,2.9904,2.9904,2.9904
1974-05-31,2.9797,2.9797,2.9797,2.9797
1974-06-03,2.9612,2.9612,2.9612,2.9612
1974-06-04,2.9718,2.9718,2.9718,2.9718
1974-06-05,2.9533,2.9533,2.9533,2.9533
1974-06-06,2.9283,2.9283,2.9283,2.9283
1974-06-07,2.9429,2.9429,2.9429,2.9429
1974-06-10,2.9638,2.9638,2.9638,2.9638
1974-06-11,2.9824,2.9824,2.9824,2.9824
1974-06-12,3.0093,3.0093,3.0093,3.0093
1974-06-13,3.0012,3.0012,3.0012,3.0012
1974-06-14,2.9958,2.9958,2.9958,2.9958
1974-06-17,2.9895,2.9895,2.9895,2.9895
1974-06-18,2.9976,2.9976,2.9976,2.9976
1974-06-19,3.0012,3.0012,3.0012,3.0012
1974-06-20,3.0057,3.0057,3.0057,3.0057
1974-06-21,3.0193,3.0193,3.0193,3.0193
1974-06-24,3.0441,3.0441,3.0441,3.0441
1974-06-25,3.0148,3.0148,3.0148,3.0148
1974-06-26,3.0157,3.0157,3.0157,3.0157
1974-06-27,2.9994,2.9994,2.9994,2.9994
1974-06-28,3.0003,3.0003,3.0003,3.0003
1974-07-01,3.012,3.012,3.012,3.012
1974-07-02,2.9851,2.9851,2.9851,2.9851
1974-07-03,2.97,2.97,2.97,2.97
1974-07-05,2.9788,2.9788,2.9788,2.9788
1974-07-08,2.9851,2.9851,2.9851,2.9851
1974-07-09,2.9931,2.9931,2.9931,2.9931
1974-07-10,2.9994,2.9994,2.9994,2.9994
1974-07-11,3.0012,3.0012,3.0012,3.0012
1974-07-12,2.9833,2.9833,2.9833,2.9833
1974-07-15,2.9718,2.9718,2.9718,2.9718
1974-07-16,2.9753,2.9753,2.9753,2.9753
1974-07-17,2.9429,2.9429,2.9429,2.9429
1974-07-18,2.9516,2.9516,2.9516,2.9516
1974-07-19,2.9542,2.9542,2.9542,2.9542
1974-07-22,2.9394,2.9394,2.9394,2.9394
1974-07-23,2.9231,2.9231,2.9231,2.9231
1974-07-24,2.886,2.886,2.886,2.886
1974-07-25,2.9377,2.9377,2.9377,2.9377
1974-07-26,2.9438,2.9438,2.9438,2.9438
1974-07-29,2.942,2.942,2.942,2.942
1974-07-30,2.9718,2.9718,2.9718,2.9718
1974-07-31,2.9647,2.9647,2.9647,2.9647
1974-08-01,2.9551,2.9551,2.9551,2.9551
1974-08-02,2.9542,2.9542,2.9542,2.9542
1974-08-05,2.9455,2.9455,2.9455,2.9455
1974-08-06,2.956,2.956,2.956,2.956
1974-08-07,2.963,2.963,2.963,2.963
1974-08-08,2.9771,2.9771,2.9771,2.9771
1974-08-09,2.9568,2.9568,2.9568,2.9568
1974-08-12,2.9709,2.9709,2.9709,2.9709
1974-08-13,2.9895,2.9895,2.9895,2.9895
1974-08-14,2.9735,2.9735,2.9735,2.9735
1974-08-15,2.9815,2.9815,2.9815,2.9815
1974-08-16,2.9886,2.9886,2.9886,2.9886
1974-08-19,3.0075,3.0075,3.0075,3.0075
1974-08-20,2.9949,2.9949,2.9949,2.9949
1974-08-21,3.0084,3.0084,3.0084,3.0084
1974-08-22,3.0111,3.0111,3.0111,3.0111
1974-08-23,3.0021,3.0021,3.0021,3.0021
1974-08-26,2.9913,2.9913,2.9913,2.9913
1974-08-27,3.0157,3.0157,3.0157,3.0157
1974-08-28,3.0003,3.0003,3.0003,3.0003
1974-08-29,3.0075,3.0075,3.0075,3.0075
1974-08-30,3.0111,3.0111,3.0111,3.0111
1974-09-03,3.0111,3.0111,3.0111,3.0111
1974-09-04,3.0111,3.0111,3.0111,3.0111
1974-09-05,3.0248,3.0248,3.0248,3.0248
1974-09-06,3.0184,3.0184,3.0184,3.0184
1974-09-09,3.0139,3.0139,3.0139,3.0139
1974-09-10,3.0003,3.0003,3.0003,3.0003
1974-09-11,3.0166,3.0166,3.0166,3.0166
1974-09-12,3.0057,3.0057,3.0057,3.0057
1974-09-13,3.0084,3.0084,3.0084,3.0084
1974-09-16,3.0057,3.0057,3.0057,3.0057
1974-09-17,2.994,2.994,2.994,2.994
1974-09-18,2.9842,2.9842,2.9842,2.9842
1974-09-19,2.994,2.994,2.994,2.994
1974-09-20,2.9958,2.9958,2.9958,2.9958
1974-09-23,2.9851,2.9851,2.9851,2.9851
1974-09-24,2.986,2.986,2.986,2.986
1974-09-25,2.9833,2.9833,2.9833,2.9833
1974-09-26,2.9771,2.9771,2.9771,2.9771
1974-09-27,2.9691,2.9691,2.9691,2.9691
1974-09-30,2.9499,2.9499,2.9499,2.9499
1974-10-01,2.9412,2.9412,2.9412,2.9412
1974-10-02,2.9516,2.9516,2.9516,2.9516
1974-10-03,2.9429,2.9429,2.9429,2.9429
1974-10-04,2.924,2.924,2.924,2.924
1974-10-07,2.9274,2.9274,2.9274,2.9274
1974-10-08,2.9308,2.9308,2.9308,2.9308
1974-10-09,2.9053,2.9053,2.9053,2.9053
1974-10-10,2.9189,2.9189,2.9189,2.9189
1974-10-11,2.924,2.924,2.924,2.924
1974-10-15,2.9163,2.9163,2.9163,2.9163
1974-10-16,2.8985,2.8985,2.8985,2.8985
1974-10-17,2.896,2.896,2.896,2.896
1974-10-18,2.8885,2.8885,2.8885,2.8885
1974-10-21,2.8902,2.8902,2.8902,2.8902
1974-10-22,2.8736,2.8736,2.8736,2.8736
1974-10-23,2.8506,2.8506,2.8506,2.8506
1974-10-24,2.8506,2.8506,2.8506,2.8506
1974-10-25,2.8498,2.8498,2.8498,2.8498
1974-10-28,2.8506,2.8506,2.8506,2.8506
1974-10-29,2.8506,2.8506,2.8506,2.8506
1974-10-30,2.8727,2.8727,2.8727,2.8727
1974-10-31,2.8703,2.8703,2.8703,2.8703
1974-11-01,2.8571,2.8571,2.8571,2.8571
1974-11-04,2.8361,2.8361,2.8361,2.8361
1974-11-06,2.8169,2.8169,2.8169,2.8169
1974-11-07,2.7878,2.7878,2.7878,2.7878
1974-11-08,2.798,2.798,2.798,2.798
1974-11-12,2.8353,2.8353,2.8353,2.8353
1974-11-13,2.809,2.809,2.809,2.809
1974-11-14,2.7307,2.7307,2.7307,2.7307
1974-11-15,2.71,2.71,2.71,2.71
1974-11-18,2.6076,2.6076,2.6076,2.6076
1974-11-19,2.6511,2.6511,2.6511,2.6511
1974-11-20,2.7624,2.7624,2.7624,2.7624
1974-11-21,2.8169,2.8169,2.8169,2.8169
1974-11-22,2.7382,2.7382,2.7382,2.7382
1974-11-25,2.6882,2.6882,2.6882,2.6882
1974-11-26,2.6631,2.6631,2.6631,2.6631
1974-11-27,2.6846,2.6846,2.6846,2.6846
1974-11-29,2.7122,2.7122,2.7122,2.7122
1974-12-02,2.7435,2.7435,2.7435,2.7435
1974-12-03,2.7211,2.7211,2.7211,2.7211
1974-12-04,2.6788,2.6788,2.6788,2.6788
1974-12-05,2.6511,2.6511,2.6511,2.6511
1974-12-06,2.6667,2.6667,2.6667,2.6667
1974-12-09,2.6413,2.6413,2.6413,2.6413
1974-12-10,2.6316,2.6316,2.6316,2.6316
1974-12-11,2.626,2.626,2.626,2.626
1974-12-12,2.5981,2.5981,2.5981,2.5981
1974-12-13,2.6123,2.6123,2.6123,2.6123
1974-12-16,2.5967,2.5967,2.5967,2.5967
1974-12-17,2.5445,2.5445,2.5445,2.5445
1974-12-18,2.5641,2.5641,2.5641,2.5641
1974-12-19,2.6062,2.6062,2.6062,2.6062
1974-12-20,2.5641,2.5641,2.5641,2.5641
1974-12-23,2.5674,2.5674,2.5674,2.5674
1974-12-24,2.5381,2.5381,2.5381,2.5381
1974-12-26,2.5284,2.5284,2.5284,2.5284
1974-12-27,2.5126,2.5126,2.5126,2.5126
1974-12-30,2.5221,2.5221,2.5221,2.5221
1974-12-31,2.5445,2.5445,2.5445,2.5445
1975-01-02,2.5727,2.5727,2.5727,2.5727
1975-01-03,2.5304,2.5304,2.5304,2.5304
1975-01-06,2.5342,2.5342,2.5342,2.5342
1975-01-07,2.5342,2.5342,2.5342,2.5342
1975-01-08,2.5773,2.5773,2.5773,2.5773
1975-01-09,2.5615,2.5615,2.5615,2.5615
1975-01-10,2.5621,2.5621,2.5621,2.5621
1975-01-13,2.5595,2.5595,2.5595,2.5595
1975-01-14,2.576,2.576,2.576,2.576
1975-01-15,2.57,2.57,2.57,2.57
1975-01-16,2.5641,2.5641,2.5641,2.5641
1975-01-17,2.5608,2.5608,2.5608,2.5608
1975-01-20,2.5195,2.5195,2.5195,2.5195
1975-01-21,2.5088,2.5088,2.5088,2.5088
1975-01-22,2.5284,2.5284,2.5284,2.5284
1975-01-23,2.5,2.5,2.5,2.5
1975-01-24,2.4722,2.4722,2.4722,2.4722
1975-01-27,2.4125,2.4125,2.4125,2.4125
1975-01-28,2.4691,2.4691,2.4691,2.4691
1975-01-29,2.5094,2.5094,2.5094,2.5094
1975-01-30,2.4938,2.4938,2.4938,2.4938
1975-01-31,2.4956,2.4956,2.4956,2.4956
1975-02-03,2.5202,2.5202,2.5202,2.5202
1975-02-04,2.5478,2.5478,2.5478,2.5478
1975-02-05,2.5407,2.5407,2.5407,2.5407
1975-02-06,2.5278,2.5278,2.5278,2.5278
1975-02-07,2.5208,2.5208,2.5208,2.5208
1975-02-10,2.5031,2.5031,2.5031,2.5031
1975-02-11,2.5063,2.5063,2.5063,2.5063
1975-02-13,2.4722,2.4722,2.4722,2.4722
1975-02-14,2.4679,2.4679,2.4679,2.4679
1975-02-18,2.4673,2.4673,2.4673,2.4673
1975-02-19,2.4802,2.4802,2.4802,2.4802
1975-02-20,2.451,2.451,2.451,2.451
1975-02-21,2.4492,2.4492,2.4492,2.4492
1975-02-24,2.4307,2.4307,2.4307,2.4307
1975-02-25,2.4248,2.4248,2.4248,2.4248
1975-02-26,2.4073,2.4073,2.4073,2.4073
1975-02-27,2.3952,2.3952,2.3952,2.3952
1975-02-28,2.4033,2.4033,2.4033,2.4033
1975-03-03,2.4021,2.4021,2.4021,2.4021
1975-03-04,2.4426,2.4426,2.4426,2.4426
1975-03-05,2.4366,2.4366,2.4366,2.4366
1975-03-06,2.4426,2.4426,2.4426,2.4426
1975-03-07,2.474,2.474,2.474,2.474
1975-03-10,2.471,2.471,2.471,2.471
1975-03-11,2.4704,2.4704,2.4704,2.4704
1975-03-12,2.4863,2.4863,2.4863,2.4863
1975-03-13,2.4907,2.4907,2.4907,2.4907
1975-03-14,2.4876,2.4876,2.4876,2.4876
1975-03-17,2.4894,2.4894,2.4894,2.4894
1975-03-18,2.4691,2.4691,2.4691,2.4691
1975-03-19,2.4612,2.4612,2.4612,2.4612
1975-03-20,2.4783,2.4783,2.4783,2.4783
1975-03-21,2.4925,2.4925,2.4925,2.4925
1975-03-24,2.5088,2.5088,2.5088,2.5088
1975-03-25,2.5082,2.5082,2.5082,2.5082
1975-03-26,2.5221,2.5221,2.5221,2.5221
1975-03-27,2.5432,2.5432,2.5432,2.5432
1975-03-28,2.5394,2.5394,2.5394,2.5394
1975-03-31,2.5381,2.5381,2.5381,2.5381
1975-04-01,2.5202,2.5202,2.5202,2.5202
1975-04-02,2.5336,2.5336,2.5336,2.5336
1975-04-03,2.5394,2.5394,2.5394,2.5394
1975-04-04,2.5641,2.5641,2.5641,2.5641
1975-04-07,2.5517,2.5517,2.5517,2.5517
1975-04-08,2.5484,2.5484,2.5484,2.5484
1975-04-09,2.5562,2.5562,2.5562,2.5562
1975-04-10,2.5767,2.5767,2.5767,2.5767
1975-04-11,2.57,2.57,2.57,2.57
1975-04-14,2.5793,2.5793,2.5793,2.5793
1975-04-15,2.5694,2.5694,2.5694,2.5694
1975-04-16,2.5667,2.5667,2.5667,2.5667
1975-04-17,2.5681,2.5681,2.5681,2.5681
1975-04-18,2.57,2.57,2.57,2.57
1975-04-21,2.57,2.57,2.57,2.57
1975-04-22,2.5634,2.5634,2.5634,2.5634
1975-04-23,2.5478,2.5478,2.5478,2.5478
1975-04-24,2.5497,2.5497,2.5497,2.5497
1975-04-25,2.5687,2.5687,2.5687,2.5687
1975-04-28,2.5674,2.5674,2.5674,2.5674
1975-04-29,2.5575,2.5575,2.5575,2.5575
1975-04-30,2.5582,2.5582,2.5582,2.5582
1975-05-01,2.5575,2.5575,2.5575,2.5575
1975-05-02,2.5595,2.5595,2.5595,2.5595
1975-05-05,2.5497,2.5497,2.5497,2.5497
1975-05-06,2.5458,2.5458,2.5458,2.5458
1975-05-07,2.5291,2.5291,2.5291,2.5291
1975-05-08,2.505,2.505,2.505,2.505
1975-05-09,2.5094,2.5094,2.5094,2.5094
1975-05-12,2.5107,2.5107,2.5107,2.5107
1975-05-13,2.4759,2.4759,2.4759,2.4759
1975-05-14,2.4783,2.4783,2.4783,2.4783
1975-05-15,2.5183,2.5183,2.5183,2.5183
1975-05-16,2.5214,2.5214,2.5214,2.5214
1975-05-19,2.5183,2.5183,2.5183,2.5183
1975-05-20,2.5132,2.5132,2.5132,2.5132
1975-05-21,2.495,2.495,2.495,2.495
1975-05-22,2.4814,2.4814,2.4814,2.4814
1975-05-23,2.4808,2.4808,2.4808,2.4808
1975-05-27,2.4765,2.4765,2.4765,2.4765
1975-05-28,2.482,2.482,2.482,2.482
1975-05-29,2.4919,2.4919,2.4919,2.4919
1975-05-30,2.5019,2.5019,2.5019,2.5019
1975-06-02,2.4981,2.4981,2.4981,2.4981
1975-06-03,2.4876,2.4876,2.4876,2.4876
1975-06-04,2.4963,2.4963,2.4963,2.4963
1975-06-05,2.4944,2.4944,2.4944,2.4944
1975-06-06,2.5031,2.5031,2.5031,2.5031
1975-06-09,2.5069,2.5069,2.5069,2.5069
1975-06-10,2.5006,2.5006,2.5006,2.5006
1975-06-11,2.4919,2.4919,2.4919,2.4919
1975-06-12,2.4882,2.4882,2.4882,2.4882
1975-06-13,2.4907,2.4907,2.4907,2.4907
1975-06-16,2.4826,2.4826,2.4826,2.4826
1975-06-17,2.482,2.482,2.482,2.482
1975-06-18,2.4907,2.4907,2.4907,2.4907
1975-06-19,2.4931,2.4931,2.4931,2.4931
1975-06-20,2.4938,2.4938,2.4938,2.4938
1975-06-23,2.4981,2.4981,2.4981,2.4981
1975-06-24,2.4975,2.4975,2.4975,2.4975
1975-06-25,2.4956,2.4956,2.4956,2.4956
1975-06-26,2.4938,2.4938,2.4938,2.4938
1975-06-27,2.5,2.5,2.5,2.5
1975-06-30,2.5025,2.5025,2.5025,2.5025
1975-07-01,2.5119,2.5119,2.5119,2.5119
1975-07-02,2.5342,2.5342,2.5342,2.5342
1975-07-03,2.5381,2.5381,2.5381,2.5381
1975-07-07,2.5602,2.5602,2.5602,2.5602
1975-07-08,2.5504,2.5504,2.5504,2.5504
1975-07-09,2.553,2.553,2.553,2.553
1975-07-10,2.57,2.57,2.57,2.57
1975-07-11,2.5773,2.5773,2.5773,2.5773
1975-07-14,2.582,2.582,2.582,2.582
1975-07-15,2.5893,2.5893,2.5893,2.5893
1975-07-16,2.6042,2.6042,2.6042,2.6042
1975-07-17,2.6219,2.6219,2.6219,2.6219
1975-07-18,2.6399,2.6399,2.6399,2.6399
1975-07-21,2.6441,2.6441,2.6441,2.6441
1975-07-22,2.6497,2.6497,2.6497,2.6497
1975-07-23,2.6774,2.6774,2.6774,2.6774
1975-07-24,2.6717,2.6717,2.6717,2.6717
1975-07-25,2.661,2.661,2.661,2.661
1975-07-28,2.6838,2.6838,2.6838,2.6838
1975-07-29,2.6925,2.6925,2.6925,2.6925
1975-07-30,2.7027,2.7027,2.7027,2.7027
1975-07-31,2.6969,2.6969,2.6969,2.6969
1975-08-01,2.6983,2.6983,2.6983,2.6983
1975-08-04,2.686,2.686,2.686,2.686
1975-08-05,2.666,2.666,2.666,2.666
1975-08-06,2.6788,2.6788,2.6788,2.6788
1975-08-07,2.6947,2.6947,2.6947,2.6947
1975-08-08,2.6882,2.6882,2.6882,2.6882
1975-08-11,2.6882,2.6882,2.6882,2.6882
1975-08-12,2.6896,2.6896,2.6896,2.6896
1975-08-13,2.6824,2.6824,2.6824,2.6824
1975-08-14,2.6582,2.6582,2.6582,2.6582
1975-08-15,2.6688,2.6688,2.6688,2.6688
1975-08-18,2.6638,2.6638,2.6638,2.6638
1975-08-19,2.661,2.661,2.661,2.661
1975-08-20,2.6731,2.6731,2.6731,2.6731
1975-08-21,2.6717,2.6717,2.6717,2.6717
1975-08-22,2.6774,2.6774,2.6774,2.6774
1975-08-25,2.6846,2.6846,2.6846,2.6846
1975-08-26,2.6795,2.6795,2.6795,2.6795
1975-08-27,2.6767,2.6767,2.6767,2.6767
1975-08-28,2.6817,2.6817,2.6817,2.6817
1975-08-29,2.6846,2.6846,2.6846,2.6846
1975-09-02,2.6838,2.6838,2.6838,2.6838
1975-09-03,2.6738,2.6738,2.6738,2.6738
1975-09-04,2.6824,2.6824,2.6824,2.6824
1975-09-05,2.6838,2.6838,2.6838,2.6838
1975-09-08,2.6831,2.6831,2.6831,2.6831
1975-09-09,2.6831,2.6831,2.6831,2.6831
1975-09-10,2.6874,2.6874,2.6874,2.6874
1975-09-11,2.6925,2.6925,2.6925,2.6925
1975-09-12,2.6983,2.6983,2.6983,2.6983
1975-09-15,2.6983,2.6983,2.6983,2.6983
1975-09-16,2.7137,2.7137,2.7137,2.7137
1975-09-17,2.7233,2.7233,2.7233,2.7233
1975-09-18,2.7233,2.7233,2.7233,2.7233
1975-09-19,2.7211,2.7211,2.7211,2.7211
1975-09-22,2.7322,2.7322,2.7322,2.7322
1975-09-23,2.73,2.73,2.73,2.73
1975-09-24,2.727,2.727,2.727,2.727
1975-09-25,2.7263,2.7263,2.7263,2.7263
1975-09-26,2.7457,2.7457,2.7457,2.7457
1975-09-29,2.7533,2.7533,2.7533,2.7533
1975-09-30,2.745,2.745,2.745,2.745
1975-10-01,2.7122,2.7122,2.7122,2.7122
1975-10-02,2.7042,2.7042,2.7042,2.7042
1975-10-03,2.7233,2.7233,2.7233,2.7233
1975-10-06,2.7093,2.7093,2.7093,2.7093
1975-10-07,2.6969,2.6969,2.6969,2.6969
1975-10-08,2.6998,2.6998,2.6998,2.6998
1975-10-09,2.6903,2.6903,2.6903,2.6903
1975-10-10,2.6596,2.6596,2.6596,2.6596
1975-10-14,2.6824,2.6824,2.6824,2.6824
1975-10-15,2.6617,2.6617,2.6617,2.6617
1975-10-16,2.6455,2.6455,2.6455,2.6455
1975-10-17,2.6511,2.6511,2.6511,2.6511
1975-10-20,2.6462,2.6462,2.6462,2.6462
1975-10-21,2.6378,2.6378,2.6378,2.6378
1975-10-22,2.6274,2.6274,2.6274,2.6274
1975-10-23,2.6344,2.6344,2.6344,2.6344
1975-10-24,2.6323,2.6323,2.6323,2.6323
1975-10-27,2.6364,2.6364,2.6364,2.6364
1975-10-28,2.6455,2.6455,2.6455,2.6455
1975-10-29,2.6385,2.6385,2.6385,2.6385
1975-10-30,2.6288,2.6288,2.6288,2.6288
1975-10-31,2.6247,2.6247,2.6247,2.6247
1975-11-03,2.6233,2.6233,2.6233,2.6233
1975-11-05,2.6434,2.6434,2.6434,2.6434
1975-11-06,2.6323,2.6323,2.6323,2.6323
1975-11-07,2.6344,2.6344,2.6344,2.6344
1975-11-10,2.6357,2.6357,2.6357,2.6357
1975-11-12,2.6378,2.6378,2.6378,2.6378
1975-11-13,2.6483,2.6483,2.6483,2.6483
1975-11-14,2.6617,2.6617,2.6617,2.6617
1975-11-17,2.6788,2.6788,2.6788,2.6788
1975-11-18,2.6667,2.6667,2.6667,2.6667
1975-11-19,2.6603,2.6603,2.6603,2.6603
1975-11-20,2.6504,2.6504,2.6504,2.6504
1975-11-21,2.666,2.666,2.666,2.666
1975-11-24,2.6652,2.6652,2.6652,2.6652
1975-11-25,2.6624,2.6624,2.6624,2.6624
1975-11-26,2.6709,2.6709,2.6709,2.6709
1975-11-28,2.6767,2.6767,2.6767,2.6767
1975-12-01,2.6667,2.6667,2.6667,2.6667
1975-12-02,2.6603,2.6603,2.6603,2.6603
1975-12-03,2.6532,2.6532,2.6532,2.6532
1975-12-04,2.6427,2.6427,2.6427,2.6427
1975-12-05,2.6392,2.6392,2.6392,2.6392
1975-12-08,2.6212,2.6212,2.6212,2.6212
1975-12-09,2.6344,2.6344,2.6344,2.6344
1975-12-10,2.6337,2.6337,2.6337,2.6337
1975-12-11,2.6378,2.6378,2.6378,2.6378
1975-12-12,2.6392,2.6392,2.6392,2.6392
1975-12-15,2.6392,2.6392,2.6392,2.6392
1975-12-16,2.6344,2.6344,2.6344,2.6344
1975-12-17,2.6281,2.6281,2.6281,2.6281
1975-12-18,2.6254,2.6254,2.6254,2.6254
1975-12-19,2.6261,2.6261,2.6261,2.6261
1975-12-22,2.624,2.624,2.624,2.624
1975-12-23,2.6192,2.6192,2.6192,2.6192
1975-12-24,2.6254,2.6254,2.6254,2.6254
1975-12-26,2.6254,2.6254,2.6254,2.6254
1975-12-29,2.6226,2.6226,2.6226,2.6226
1975-12-30,2.6226,2.6226,2.6226,2.6226
1975-12-31,2.6212,2.6212,2.6212,2.6212
1976-01-02,2.6178,2.6178,2.6178,2.6178
1976-01-05,2.5907,2.5907,2.5907,2.5907
1976-01-06,2.594,2.594,2.594,2.594
1976-01-07,2.5988,2.5988,2.5988,2.5988
1976-01-08,2.6008,2.6008,2.6008,2.6008
1976-01-09,2.6069,2.6069,2.6069,2.6069
1976-01-12,2.6055,2.6055,2.6055,2.6055
1976-01-13,2.6069,2.6069,2.6069,2.6069
1976-01-14,2.6008,2.6008,2.6008,2.6008
1976-01-15,2.6015,2.6015,2.6015,2.6015
1976-01-16,2.6008,2.6008,2.6008,2.6008
1976-01-19,2.6021,2.6021,2.6021,2.6021
1976-01-20,2.6042,2.6042,2.6042,2.6042
1976-01-21,2.6103,2.6103,2.6103,2.6103
1976-01-22,2.6042,2.6042,2.6042,2.6042
1976-01-23,2.6048,2.6048,2.6048,2.6048
1976-01-26,2.6028,2.6028,2.6028,2.6028
1976-01-27,2.6028,2.6028,2.6028,2.6028
1976-01-28,2.6028,2.6028,2.6028,2.6028
1976-01-29,2.6021,2.6021,2.6021,2.6021
1976-01-30,2.6021,2.6021,2.6021,2.6021
1976-02-02,2.5681,2.5681,2.5681,2.5681
1976-02-03,2.59,2.59,2.59,2.59
1976-02-04,2.592,2.592,2.592,2.592
1976-02-05,2.5927,2.5927,2.5927,2.5927
1976-02-06,2.5947,2.5947,2.5947,2.5947
1976-02-09,2.576,2.576,2.576,2.576
1976-02-10,2.5747,2.5747,2.5747,2.5747
1976-02-11,2.553,2.553,2.553,2.553
1976-02-13,2.551,2.551,2.551,2.551
1976-02-17,2.572,2.572,2.572,2.572
1976-02-18,2.5641,2.5641,2.5641,2.5641
1976-02-19,2.5569,2.5569,2.5569,2.5569
1976-02-20,2.5641,2.5641,2.5641,2.5641
1976-02-23,2.5595,2.5595,2.5595,2.5595
1976-02-24,2.5562,2.5562,2.5562,2.5562
1976-02-25,2.5615,2.5615,2.5615,2.5615
1976-02-26,2.5641,2.5641,2.5641,2.5641
1976-02-27,2.5687,2.5687,2.5687,2.5687
1976-03-01,2.5907,2.5907,2.5907,2.5907
1976-03-02,2.5867,2.5867,2.5867,2.5867
1976-03-03,2.5813,2.5813,2.5813,2.5813
1976-03-04,2.592,2.592,2.592,2.592
1976-03-05,2.5893,2.5893,2.5893,2.5893
1976-03-08,2.5773,2.5773,2.5773,2.5773
1976-03-09,2.5793,2.5793,2.5793,2.5793
1976-03-10,2.576,2.576,2.576,2.576
1976-03-11,2.5893,2.5893,2.5893,2.5893
1976-03-12,2.5867,2.5867,2.5867,2.5867
1976-03-15,2.5813,2.5813,2.5813,2.5813
1976-03-16,2.5813,2.5813,2.5813,2.5813
1976-03-17,2.5419,2.5419,2.5419,2.5419
1976-03-18,2.5329,2.5329,2.5329,2.5329
1976-03-19,2.5355,2.5355,2.5355,2.5355
1976-03-22,2.5407,2.5407,2.5407,2.5407
1976-03-23,2.5648,2.5648,2.5648,2.5648
1976-03-24,2.5569,2.5569,2.5569,2.5569
1976-03-25,2.5478,2.5478,2.5478,2.5478
1976-03-26,2.5497,2.5497,2.5497,2.5497
1976-03-29,2.551,2.551,2.551,2.551
1976-03-30,2.5381,2.5381,2.5381,2.5381
1976-03-31,2.5387,2.5387,2.5387,2.5387
1976-04-01,2.5265,2.5265,2.5265,2.5265
1976-04-02,2.5413,2.5413,2.5413,2.5413
1976-04-05,2.54,2.54,2.54,2.54
1976-04-06,2.5361,2.5361,2.5361,2.5361
1976-04-07,2.5445,2.5445,2.5445,2.5445
1976-04-08,2.5284,2.5284,2.5284,2.5284
1976-04-09,2.5361,2.5361,2.5361,2.5361
1976-04-12,2.5387,2.5387,2.5387,2.5387
1976-04-13,2.5316,2.5316,2.5316,2.5316
1976-04-14,2.5214,2.5214,2.5214,2.5214
1976-04-15,2.5259,2.5259,2.5259,2.5259
1976-04-16,2.5355,2.5355,2.5355,2.5355
1976-04-19,2.5272,2.5272,2.5272,2.5272
1976-04-20,2.5233,2.5233,2.5233,2.5233
1976-04-21,2.5316,2.5316,2.5316,2.5316
1976-04-22,2.5284,2.5284,2.5284,2.5284
1976-04-23,2.5284,2.5284,2.5284,2.5284
1976-04-26,2.5259,2.5259,2.5259,2.5259
1976-04-27,2.5291,2.5291,2.5291,2.5291
1976-04-28,2.5227,2.5227,2.5227,2.5227
1976-04-29,2.5138,2.5138,2.5138,2.5138
1976-04-30,2.5157,2.5157,2.5157,2.5157
1976-05-03,2.5025,2.5025,2.5025,2.5025
1976-05-04,2.4987,2.4987,2.4987,2.4987
1976-05-05,2.4913,2.4913,2.4913,2.4913
1976-05-06,2.4679,2.4679,2.4679,2.4679
1976-05-07,2.4777,2.4777,2.4777,2.4777
1976-05-10,2.4832,2.4832,2.4832,2.4832
1976-05-11,2.4808,2.4808,2.4808,2.4808
1976-05-12,2.4963,2.4963,2.4963,2.4963
1976-05-13,2.4931,2.4931,2.4931,2.4931
1976-05-14,2.5006,2.5006,2.5006,2.5006
1976-05-17,2.5221,2.5221,2.5221,2.5221
1976-05-18,2.5189,2.5189,2.5189,2.5189
1976-05-19,2.4969,2.4969,2.4969,2.4969
1976-05-20,2.4826,2.4826,2.4826,2.4826
1976-05-21,2.4944,2.4944,2.4944,2.4944
1976-05-24,2.4722,2.4722,2.4722,2.4722
1976-05-25,2.474,2.474,2.474,2.474
1976-05-26,2.4673,2.4673,2.4673,2.4673
1976-05-27,2.4655,2.4655,2.4655,2.4655
1976-05-28,2.4606,2.4606,2.4606,2.4606
1976-06-01,2.426,2.426,2.426,2.426
1976-06-02,2.3941,2.3941,2.3941,2.3941
1976-06-03,2.4056,2.4056,2.4056,2.4056
1976-06-04,2.4564,2.4564,2.4564,2.4564
1976-06-07,2.46,2.46,2.46,2.46
1976-06-08,2.5019,2.5019,2.5019,2.5019
1976-06-09,2.5038,2.5038,2.5038,2.5038
1976-06-10,2.4882,2.4882,2.4882,2.4882
1976-06-11,2.4857,2.4857,2.4857,2.4857
1976-06-14,2.4919,2.4919,2.4919,2.4919
1976-06-15,2.4771,2.4771,2.4771,2.4771
1976-06-16,2.4673,2.4673,2.4673,2.4673
1976-06-17,2.4869,2.4869,2.4869,2.4869
1976-06-18,2.4876,2.4876,2.4876,2.4876
1976-06-21,2.4882,2.4882,2.4882,2.4882
1976-06-22,2.4888,2.4888,2.4888,2.4888
1976-06-23,2.4882,2.4882,2.4882,2.4882
1976-06-24,2.4704,2.4704,2.4704,2.4704
1976-06-25,2.4728,2.4728,2.4728,2.4728
1976-06-28,2.4661,2.4661,2.4661,2.4661
1976-06-29,2.474,2.474,2.474,2.474
1976-06-30,2.4685,2.4685,2.4685,2.4685
1976-07-01,2.4697,2.4697,2.4697,2.4697
1976-07-02,2.4691,2.4691,2.4691,2.4691
1976-07-06,2.4722,2.4722,2.4722,2.4722
1976-07-07,2.4777,2.4777,2.4777,2.4777
1976-07-08,2.4795,2.4795,2.4795,2.4795
1976-07-09,2.4777,2.4777,2.4777,2.4777
1976-07-12,2.4832,2.4832,2.4832,2.4832
1976-07-13,2.4814,2.4814,2.4814,2.4814
1976-07-14,2.4752,2.4752,2.4752,2.4752
1976-07-15,2.4802,2.4802,2.4802,2.4802
1976-07-16,2.482,2.482,2.482,2.482
1976-07-19,2.4826,2.4826,2.4826,2.4826
1976-07-20,2.4876,2.4876,2.4876,2.4876
1976-07-21,2.4919,2.4919,2.4919,2.4919
1976-07-22,2.5094,2.5094,2.5094,2.5094
1976-07-23,2.5126,2.5126,2.5126,2.5126
1976-07-26,2.5082,2.5082,2.5082,2.5082
1976-07-27,2.505,2.505,2.505,2.505
1976-07-28,2.4722,2.4722,2.4722,2.4722
1976-07-29,2.4857,2.4857,2.4857,2.4857
1976-07-30,2.482,2.482,2.482,2.482
1976-08-02,2.4759,2.4759,2.4759,2.4759
1976-08-03,2.4845,2.4845,2.4845,2.4845
1976-08-04,2.4771,2.4771,2.4771,2.4771
1976-08-05,2.4789,2.4789,2.4789,2.4789
1976-08-06,2.482,2.482,2.482,2.482
1976-08-09,2.4944,2.4944,2.4944,2.4944
1976-08-10,2.505,2.505,2.505,2.505
1976-08-11,2.4913,2.4913,2.4913,2.4913
1976-08-12,2.4969,2.4969,2.4969,2.4969
1976-08-13,2.4888,2.4888,2.4888,2.4888
1976-08-16,2.4869,2.4869,2.4869,2.4869
1976-08-17,2.471,2.471,2.471,2.471
1976-08-18,2.4704,2.4704,2.4704,2.4704
1976-08-19,2.4746,2.4746,2.4746,2.4746
1976-08-20,2.4759,2.4759,2.4759,2.4759
1976-08-23,2.4746,2.4746,2.4746,2.4746
1976-08-24,2.474,2.474,2.474,2.474
1976-08-25,2.4783,2.4783,2.4783,2.4783
1976-08-26,2.4746,2.4746,2.4746,2.4746
1976-08-27,2.4777,2.4777,2.4777,2.4777
1976-08-30,2.4777,2.4777,2.4777,2.4777
1976-08-31,2.4783,2.4783,2.4783,2.4783
1976-09-01,2.4716,2.4716,2.4716,2.4716
1976-09-02,2.4802,2.4802,2.4802,2.4802
1976-09-03,2.4832,2.4832,2.4832,2.4832
1976-09-07,2.482,2.482,2.482,2.482
1976-09-08,2.4832,2.4832,2.4832,2.4832
1976-09-09,2.4777,2.4777,2.4777,2.4777
1976-09-10,2.4802,2.4802,2.4802,2.4802
1976-09-13,2.4795,2.4795,2.4795,2.4795
1976-09-14,2.4789,2.4789,2.4789,2.4789
1976-09-15,2.4697,2.4697,2.4697,2.4697
1976-09-16,2.4752,2.4752,2.4752,2.4752
1976-09-17,2.474,2.474,2.474,2.474
1976-09-20,2.4771,2.4771,2.4771,2.4771
1976-09-21,2.474,2.474,2.474,2.474
1976-09-22,2.4716,2.4716,2.4716,2.4716
1976-09-23,2.474,2.474,2.474,2.474
1976-09-24,2.4716,2.4716,2.4716,2.4716
1976-09-27,2.4673,2.4673,2.4673,2.4673
1976-09-28,2.4661,2.4661,2.4661,2.4661
1976-09-29,2.4582,2.4582,2.4582,2.4582
1976-09-30,2.445,2.445,2.445,2.445
1976-10-01,2.4516,2.4516,2.4516,2.4516
1976-10-04,2.4606,2.4606,2.4606,2.4606
1976-10-05,2.4564,2.4564,2.4564,2.4564
1976-10-06,2.4474,2.4474,2.4474,2.4474
1976-10-07,2.4498,2.4498,2.4498,2.4498
1976-10-08,2.451,2.451,2.451,2.451
1976-10-12,2.4498,2.4498,2.4498,2.4498
1976-10-13,2.4426,2.4426,2.4426,2.4426
1976-10-14,2.445,2.445,2.445,2.445
1976-10-15,2.4534,2.4534,2.4534,2.4534
1976-10-18,2.4576,2.4576,2.4576,2.4576
1976-10-19,2.448,2.448,2.448,2.448
1976-10-20,2.442,2.442,2.442,2.442
1976-10-21,2.4486,2.4486,2.4486,2.4486
1976-10-22,2.448,2.448,2.448,2.448
1976-10-25,2.4372,2.4372,2.4372,2.4372
1976-10-26,2.442,2.442,2.442,2.442
1976-10-27,2.4361,2.4361,2.4361,2.4361
1976-10-28,2.429,2.429,2.429,2.429
1976-10-29,2.4331,2.4331,2.4331,2.4331
1976-11-01,2.4396,2.4396,2.4396,2.4396
1976-11-03,2.4372,2.4372,2.4372,2.4372
1976-11-04,2.4438,2.4438,2.4438,2.4438
1976-11-05,2.4438,2.4438,2.4438,2.4438
1976-11-08,2.4402,2.4402,2.4402,2.4402
1976-11-09,2.4426,2.4426,2.4426,2.4426
1976-11-10,2.439,2.439,2.439,2.439
1976-11-12,2.442,2.442,2.442,2.442
1976-11-15,2.4426,2.4426,2.4426,2.4426
1976-11-16,2.4432,2.4432,2.4432,2.4432
1976-11-17,2.448,2.448,2.448,2.448
1976-11-18,2.445,2.445,2.445,2.445
1976-11-19,2.4468,2.4468,2.4468,2.4468
1976-11-22,2.4278,2.4278,2.4278,2.4278
1976-11-23,2.4343,2.4343,2.4343,2.4343
1976-11-24,2.4462,2.4462,2.4462,2.4462
1976-11-26,2.4402,2.4402,2.4402,2.4402
1976-11-29,2.442,2.442,2.442,2.442
1976-11-30,2.445,2.445,2.445,2.445
1976-12-01,2.4528,2.4528,2.4528,2.4528
1976-12-02,2.4546,2.4546,2.4546,2.4546
1976-12-03,2.454,2.454,2.454,2.454
1976-12-06,2.4456,2.4456,2.4456,2.4456
1976-12-07,2.4558,2.4558,2.4558,2.4558
1976-12-08,2.454,2.454,2.454,2.454
1976-12-09,2.451,2.451,2.451,2.451
1976-12-10,2.4528,2.4528,2.4528,2.4528
1976-12-13,2.4528,2.4528,2.4528,2.4528
1976-12-14,2.454,2.454,2.454,2.454
1976-12-15,2.454,2.454,2.454,2.454
1976-12-16,2.4498,2.4498,2.4498,2.4498
1976-12-17,2.451,2.451,2.451,2.451
1976-12-20,2.4462,2.4462,2.4462,2.4462
1976-12-21,2.4361,2.4361,2.4361,2.4361
1976-12-22,2.4444,2.4444,2.4444,2.4444
1976-12-23,2.4486,2.4486,2.4486,2.4486
1976-12-24,2.4474,2.4474,2.4474,2.4474
1976-12-27,2.4474,2.4474,2.4474,2.4474
1976-12-28,2.451,2.451,2.451,2.451
1976-12-29,2.4462,2.4462,2.4462,2.4462
1976-12-30,2.4438,2.4438,2.4438,2.4438
1976-12-31,2.4474,2.4474,2.4474,2.4474
1977-01-03,2.442,2.442,2.442,2.442
1977-01-04,2.4456,2.4456,2.4456,2.4456
1977-01-05,2.4516,2.4516,2.4516,2.4516
1977-01-06,2.4558,2.4558,2.4558,2.4558
1977-01-07,2.4637,2.4637,2.4637,2.4637
1977-01-10,2.4826,2.4826,2.4826,2.4826
1977-01-11,2.4795,2.4795,2.4795,2.4795
1977-01-12,2.4752,2.4752,2.4752,2.4752
1977-01-13,2.4863,2.4863,2.4863,2.4863
1977-01-14,2.4925,2.4925,2.4925,2.4925
1977-01-17,2.4925,2.4925,2.4925,2.4925
1977-01-18,2.5075,2.5075,2.5075,2.5075
1977-01-19,2.5075,2.5075,2.5075,2.5075
1977-01-20,2.5044,2.5044,2.5044,2.5044
1977-01-21,2.505,2.505,2.505,2.505
1977-01-24,2.5208,2.5208,2.5208,2.5208
1977-01-25,2.5253,2.5253,2.5253,2.5253
1977-01-26,2.5246,2.5246,2.5246,2.5246
1977-01-27,2.5432,2.5432,2.5432,2.5432
1977-01-28,2.5284,2.5284,2.5284,2.5284
1977-01-31,2.5063,2.5063,2.5063,2.5063
1977-02-01,2.5151,2.5151,2.5151,2.5151
1977-02-02,2.5145,2.5145,2.5145,2.5145
1977-02-03,2.517,2.517,2.517,2.517
1977-02-04,2.5195,2.5195,2.5195,2.5195
1977-02-07,2.5119,2.5119,2.5119,2.5119
1977-02-08,2.5183,2.5183,2.5183,2.5183
1977-02-09,2.5145,2.5145,2.5145,2.5145
1977-02-10,2.517,2.517,2.517,2.517
1977-02-11,2.5157,2.5157,2.5157,2.5157
1977-02-14,2.5038,2.5038,2.5038,2.5038
1977-02-15,2.5151,2.5151,2.5151,2.5151
1977-02-16,2.5151,2.5151,2.5151,2.5151
1977-02-17,2.5126,2.5126,2.5126,2.5126
1977-02-18,2.51,2.51,2.51,2.51
1977-02-22,2.5233,2.5233,2.5233,2.5233
1977-02-23,2.5297,2.5297,2.5297,2.5297
1977-02-24,2.5458,2.5458,2.5458,2.5458
1977-02-25,2.5432,2.5432,2.5432,2.5432
1977-02-28,2.5549,2.5549,2.5549,2.5549
1977-03-01,2.553,2.553,2.553,2.553
1977-03-02,2.5536,2.5536,2.5536,2.5536
1977-03-03,2.5523,2.5523,2.5523,2.5523
1977-03-04,2.5471,2.5471,2.5471,2.5471
1977-03-07,2.551,2.551,2.551,2.551
1977-03-08,2.5569,2.5569,2.5569,2.5569
1977-03-09,2.5621,2.5621,2.5621,2.5621
1977-03-10,2.5582,2.5582,2.5582,2.5582
1977-03-11,2.5582,2.5582,2.5582,2.5582
1977-03-14,2.5556,2.5556,2.5556,2.5556
1977-03-15,2.5582,2.5582,2.5582,2.5582
1977-03-16,2.5575,2.5575,2.5575,2.5575
1977-03-17,2.5517,2.5517,2.5517,2.5517
1977-03-18,2.5484,2.5484,2.5484,2.5484
1977-03-21,2.5471,2.5471,2.5471,2.5471
1977-03-22,2.5342,2.5342,2.5342,2.5342
1977-03-23,2.5407,2.5407,2.5407,2.5407
1977-03-24,2.553,2.553,2.553,2.553
1977-03-25,2.5465,2.5465,2.5465,2.5465
1977-03-28,2.5426,2.5426,2.5426,2.5426
1977-03-29,2.5452,2.5452,2.5452,2.5452
1977-03-30,2.5439,2.5439,2.5439,2.5439
1977-03-31,2.5439,2.5439,2.5439,2.5439
1977-04-01,2.5445,2.5445,2.5445,2.5445
1977-04-04,2.5407,2.5407,2.5407,2.5407
1977-04-05,2.5419,2.5419,2.5419,2.5419
1977-04-06,2.5381,2.5381,2.5381,2.5381
1977-04-07,2.5342,2.5342,2.5342,2.5342
1977-04-08,2.5342,2.5342,2.5342,2.5342
1977-04-11,2.5349,2.5349,2.5349,2.5349
1977-04-12,2.5221,2.5221,2.5221,2.5221
1977-04-13,2.517,2.517,2.517,2.517
1977-04-14,2.5233,2.5233,2.5233,2.5233
1977-04-15,2.5132,2.5132,2.5132,2.5132
1977-04-18,2.5119,2.5119,2.5119,2.5119
1977-04-19,2.5189,2.5189,2.5189,2.5189
1977-04-20,2.5253,2.5253,2.5253,2.5253
1977-04-21,2.5221,2.5221,2.5221,2.5221
1977-04-22,2.5221,2.5221,2.5221,2.5221
1977-04-25,2.5208,2.5208,2.5208,2.5208
1977-04-26,2.5329,2.5329,2.5329,2.5329
1977-04-27,2.5227,2.5227,2.5227,2.5227
1977-04-28,2.5176,2.5176,2.5176,2.5176
1977-04-29,2.517,2.517,2.517,2.517
1977-05-02,2.5202,2.5202,2.5202,2.5202
1977-05-03,2.5272,2.5272,2.5272,2.5272
1977-05-04,2.5183,2.5183,2.5183,2.5183
1977-05-05,2.5195,2.5195,2.5195,2.5195
1977-05-06,2.5208,2.5208,2.5208,2.5208
1977-05-09,2.5259,2.5259,2.5259,2.5259
1977-05-10,2.5233,2.5233,2.5233,2.5233
1977-05-11,2.5278,2.5278,2.5278,2.5278
1977-05-12,2.5233,2.5233,2.5233,2.5233
1977-05-13,2.5265,2.5265,2.5265,2.5265
1977-05-16,2.5265,2.5265,2.5265,2.5265
1977-05-17,2.5208,2.5208,2.5208,2.5208
1977-05-18,2.5202,2.5202,2.5202,2.5202
1977-05-19,2.5195,2.5195,2.5195,2.5195
1977-05-20,2.5195,2.5195,2.5195,2.5195
1977-05-23,2.5189,2.5189,2.5189,2.5189
1977-05-24,2.5167,2.5167,2.5167,2.5167
1977-05-25,2.5138,2.5138,2.5138,2.5138
1977-05-26,2.5044,2.5044,2.5044,2.5044
1977-05-27,2.5075,2.5075,2.5075,2.5075
1977-05-31,2.5047,2.5047,2.5047,2.5047
1977-06-01,2.5,2.5,2.5,2.5
1977-06-02,2.4931,2.4931,2.4931,2.4931
1977-06-03,2.4882,2.4882,2.4882,2.4882
1977-06-06,2.4851,2.4851,2.4851,2.4851
1977-06-07,2.4944,2.4944,2.4944,2.4944
1977-06-08,2.4928,2.4928,2.4928,2.4928
1977-06-09,2.49,2.49,2.49,2.49
1977-06-10,2.4922,2.4922,2.4922,2.4922
1977-06-13,2.4919,2.4919,2.4919,2.4919
1977-06-14,2.4913,2.4913,2.4913,2.4913
1977-06-15,2.4907,2.4907,2.4907,2.4907
1977-06-16,2.4883,2.4883,2.4883,2.4883
1977-06-17,2.4891,2.4891,2.4891,2.4891
1977-06-20,2.4963,2.4963,2.4963,2.4963
1977-06-21,2.5019,2.5019,2.5019,2.5019
1977-06-22,2.4959,2.4959,2.4959,2.4959
1977-06-23,2.4931,2.4931,2.4931,2.4931
1977-06-24,2.4935,2.4935,2.4935,2.4935
1977-06-27,2.4863,2.4863,2.4863,2.4863
1977-06-28,2.4839,2.4839,2.4839,2.4839
1977-06-29,2.4634,2.4634,2.4634,2.4634
1977-06-30,2.4667,2.4667,2.4667,2.4667
1977-07-01,2.4612,2.4612,2.4612,2.4612
1977-07-05,2.4346,2.4346,2.4346,2.4346
1977-07-06,2.4349,2.4349,2.4349,2.4349
1977-07-07,2.4257,2.4257,2.4257,2.4257
1977-07-08,2.4237,2.4237,2.4237,2.4237
1977-07-11,2.4091,2.4091,2.4091,2.4091
1977-07-12,2.419,2.419,2.419,2.419
1977-07-13,2.4114,2.4114,2.4114,2.4114
1977-07-15,2.414,2.414,2.414,2.414
1977-07-18,2.4018,2.4018,2.4018,2.4018
1977-07-19,2.401,2.401,2.401,2.401
1977-07-20,2.3987,2.3987,2.3987,2.3987
1977-07-21,2.4041,2.4041,2.4041,2.4041
1977-07-22,2.3964,2.3964,2.3964,2.3964
1977-07-25,2.3841,2.3841,2.3841,2.3841
1977-07-26,2.3832,2.3832,2.3832,2.3832
1977-07-27,2.3872,2.3872,2.3872,2.3872
1977-07-28,2.4004,2.4004,2.4004,2.4004
1977-07-29,2.4096,2.4096,2.4096,2.4096
1977-08-01,2.4099,2.4099,2.4099,2.4099
1977-08-02,2.401,2.401,2.401,2.401
1977-08-03,2.403,2.403,2.403,2.403
1977-08-04,2.4091,2.4091,2.4091,2.4091
1977-08-05,2.3987,2.3987,2.3987,2.3987
1977-08-08,2.412,2.412,2.412,2.412
1977-08-09,2.4076,2.4076,2.4076,2.4076
1977-08-10,2.4175,2.4175,2.4175,2.4175
1977-08-11,2.4143,2.4143,2.4143,2.4143
1977-08-12,2.4225,2.4225,2.4225,2.4225
1977-08-15,2.4254,2.4254,2.4254,2.4254
1977-08-16,2.4438,2.4438,2.4438,2.4438
1977-08-17,2.4352,2.4352,2.4352,2.4352
1977-08-18,2.4278,2.4278,2.4278,2.4278
1977-08-19,2.4195,2.4195,2.4195,2.4195
1977-08-22,2.4131,2.4131,2.4131,2.4131
1977-08-23,2.4015,2.4015,2.4015,2.4015
1977-08-24,2.3776,2.3776,2.3776,2.3776
1977-08-25,2.3921,2.3921,2.3921,2.3921
1977-08-26,2.3745,2.3745,2.3745,2.3745
1977-08-29,2.4004,2.4004,2.4004,2.4004
1977-08-30,2.3923,2.3923,2.3923,2.3923
1977-08-31,2.3946,2.3946,2.3946,2.3946
1977-09-01,2.3941,2.3941,2.3941,2.3941
1977-09-02,2.3943,2.3943,2.3943,2.3943
1977-09-06,2.3946,2.3946,2.3946,2.3946
1977-09-07,2.3827,2.3827,2.3827,2.3827
1977-09-08,2.3815,2.3815,2.3815,2.3815
1977-09-09,2.3869,2.3869,2.3869,2.3869
1977-09-12,2.3889,2.3889,2.3889,2.3889
1977-09-13,2.3889,2.3889,2.3889,2.3889
1977-09-14,2.3906,2.3906,2.3906,2.3906
1977-09-15,2.3861,2.3861,2.3861,2.3861
1977-09-16,2.3835,2.3835,2.3835,2.3835
1977-09-19,2.3804,2.3804,2.3804,2.3804
1977-09-20,2.3677,2.3677,2.3677,2.3677
1977-09-21,2.3666,2.3666,2.3666,2.3666
1977-09-22,2.3613,2.3613,2.3613,2.3613
1977-09-23,2.359,2.359,2.359,2.359
1977-09-26,2.3513,2.3513,2.3513,2.3513
1977-09-27,2.3657,2.3657,2.3657,2.3657
1977-09-28,2.3518,2.3518,2.3518,2.3518
1977-09-29,2.3419,2.3419,2.3419,2.3419
1977-09-30,2.3474,2.3474,2.3474,2.3474
1977-10-03,2.3364,2.3364,2.3364,2.3364
1977-10-04,2.3359,2.3359,2.3359,2.3359
1977-10-05,2.3355,2.3355,2.3355,2.3355
1977-10-06,2.3213,2.3213,2.3213,2.3213
1977-10-07,2.3132,2.3132,2.3132,2.3132
1977-10-11,2.3127,2.3127,2.3127,2.3127
1977-10-12,2.3052,2.3052,2.3052,2.3052
1977-10-13,2.2962,2.2962,2.2962,2.2962
1977-10-14,2.28,2.28,2.28,2.28
1977-10-17,2.2671,2.2671,2.2671,2.2671
1977-10-18,2.2591,2.2591,2.2591,2.2591
1977-10-19,2.2578,2.2578,2.2578,2.2578
1977-10-20,2.2607,2.2607,2.2607,2.2607
1977-10-21,2.2568,2.2568,2.2568,2.2568
1977-10-24,2.2321,2.2321,2.2321,2.2321
1977-10-25,2.2386,2.2386,2.2386,2.2386
1977-10-26,2.2366,2.2366,2.2366,2.2366
1977-10-27,2.2427,2.2427,2.2427,2.2427
1977-10-28,2.2394,2.2394,2.2394,2.2394
1977-10-31,2.2329,2.2329,2.2329,2.2329
1977-11-01,2.2148,2.2148,2.2148,2.2148
1977-11-02,2.2242,2.2242,2.2242,2.2242
1977-11-03,2.2146,2.2146,2.2146,2.2146
1977-11-04,2.2217,2.2217,2.2217,2.2217
1977-11-07,2.2242,2.2242,2.2242,2.2242
1977-11-09,2.2232,2.2232,2.2232,2.2232
1977-11-10,2.2114,2.2114,2.2114,2.2114
1977-11-14,2.2043,2.2043,2.2043,2.2043
1977-11-15,2.206,2.206,2.206,2.206
1977-11-16,2.1968,2.1968,2.1968,2.1968
1977-11-17,2.2095,2.2095,2.2095,2.2095
1977-11-18,2.2012,2.2012,2.2012,2.2012
1977-11-21,2.1988,2.1988,2.1988,2.1988
1977-11-22,2.1935,2.1935,2.1935,2.1935
1977-11-23,2.1894,2.1894,2.1894,2.1894
1977-11-25,2.1598,2.1598,2.1598,2.1598
1977-11-28,2.1455,2.1455,2.1455,2.1455
1977-11-29,2.1568,2.1568,2.1568,2.1568
1977-11-30,2.1612,2.1612,2.1612,2.1612
1977-12-01,2.1441,2.1441,2.1441,2.1441
1977-12-02,2.1386,2.1386,2.1386,2.1386
1977-12-05,2.1249,2.1249,2.1249,2.1249
1977-12-06,2.1263,2.1263,2.1263,2.1263
1977-12-07,2.1213,2.1213,2.1213,2.1213
1977-12-08,2.1272,2.1272,2.1272,2.1272
1977-12-09,2.139,2.139,2.139,2.139
1977-12-12,2.1236,2.1236,2.1236,2.1236
1977-12-13,2.1061,2.1061,2.1061,2.1061
1977-12-14,2.0781,2.0781,2.0781,2.0781
1977-12-15,2.0695,2.0695,2.0695,2.0695
1977-12-16,2.0597,2.0597,2.0597,2.0597
1977-12-19,2.0251,2.0251,2.0251,2.0251
1977-12-20,2.0292,2.0292,2.0292,2.0292
1977-12-21,2.0149,2.0149,2.0149,2.0149
1977-12-22,2.045,2.045,2.045,2.045
1977-12-23,2.0513,2.0513,2.0513,2.0513
1977-12-27,2.0576,2.0576,2.0576,2.0576
1977-12-28,2.0342,2.0342,2.0342,2.0342
1977-12-29,2.0121,2.0121,2.0121,2.0121
1977-12-30,1.9932,1.9932,1.9932,1.9932
1978-01-03,1.926,1.926,1.926,1.926
1978-01-04,1.9275,1.9275,1.9275,1.9275
1978-01-05,2.0429,2.0429,2.0429,2.0429
1978-01-06,2,2,2,2
1978-01-09,2.0202,2.0202,2.0202,2.0202
1978-01-10,2.0109,2.0109,2.0109,2.0109
1978-01-11,1.979,1.979,1.979,1.979
1978-01-12,1.992,1.992,1.992,1.992
1978-01-13,1.9782,1.9782,1.9782,1.9782
1978-01-16,1.9685,1.9685,1.9685,1.9685
1978-01-17,1.994,1.994,1.994,1.994
1978-01-18,2.0141,2.0141,2.0141,2.0141
1978-01-19,2.0025,2.0025,2.0025,2.0025
1978-01-20,2.004,2.004,2.004,2.004
1978-01-23,1.9841,1.9841,1.9841,1.9841
1978-01-24,1.9708,1.9708,1.9708,1.9708
1978-01-25,1.9581,1.9581,1.9581,1.9581
1978-01-26,1.9771,1.9771,1.9771,1.9771
1978-01-27,1.9881,1.9881,1.9881,1.9881
1978-01-30,1.9869,1.9869,1.9869,1.9869
1978-01-31,1.9881,1.9881,1.9881,1.9881
1978-02-01,1.9861,1.9861,1.9861,1.9861
1978-02-02,1.9786,1.9786,1.9786,1.9786
1978-02-03,1.9677,1.9677,1.9677,1.9677
1978-02-06,1.9639,1.9639,1.9639,1.9639
1978-02-07,1.96,1.96,1.96,1.96
1978-02-08,1.965,1.965,1.965,1.965
1978-02-09,1.9583,1.9583,1.9583,1.9583
1978-02-10,1.9482,1.9482,1.9482,1.9482
1978-02-14,1.9201,1.9201,1.9201,1.9201
1978-02-15,1.9201,1.9201,1.9201,1.9201
1978-02-16,1.8997,1.8997,1.8997,1.8997
1978-02-17,1.8832,1.8832,1.8832,1.8832
1978-02-21,1.8382,1.8382,1.8382,1.8382
1978-02-22,1.8265,1.8265,1.8265,1.8265
1978-02-23,1.796,1.796,1.796,1.796
1978-02-24,1.8519,1.8519,1.8519,1.8519
1978-02-27,1.8868,1.8868,1.8868,1.8868
1978-02-28,1.8205,1.8205,1.8205,1.8205
1978-03-01,1.8365,1.8365,1.8365,1.8365
1978-03-02,1.8365,1.8365,1.8365,1.8365
1978-03-03,1.8587,1.8587,1.8587,1.8587
1978-03-06,1.8779,1.8779,1.8779,1.8779
1978-03-07,1.879,1.879,1.879,1.879
1978-03-08,1.8918,1.8918,1.8918,1.8918
1978-03-09,1.9701,1.9701,1.9701,1.9701
1978-03-10,1.9569,1.9569,1.9569,1.9569
1978-03-13,1.9486,1.9486,1.9486,1.9486
1978-03-14,1.9436,1.9436,1.9436,1.9436
1978-03-15,1.9357,1.9357,1.9357,1.9357
1978-03-16,1.8797,1.8797,1.8797,1.8797
1978-03-17,1.9001,1.9001,1.9001,1.9001
1978-03-20,1.9205,1.9205,1.9205,1.9205
1978-03-21,1.9354,1.9354,1.9354,1.9354
1978-03-22,1.9153,1.9153,1.9153,1.9153
1978-03-23,1.9102,1.9102,1.9102,1.9102
1978-03-24,1.9011,1.9011,1.9011,1.9011
1978-03-27,1.8847,1.8847,1.8847,1.8847
1978-03-28,1.8904,1.8904,1.8904,1.8904
1978-03-29,1.8825,1.8825,1.8825,1.8825
1978-03-30,1.8797,1.8797,1.8797,1.8797
1978-03-31,1.8315,1.8315,1.8315,1.8315
1978-04-03,1.8501,1.8501,1.8501,1.8501
1978-04-04,1.8815,1.8815,1.8815,1.8815
1978-04-05,1.8709,1.8709,1.8709,1.8709
1978-04-06,1.8653,1.8653,1.8653,1.8653
1978-04-07,1.8692,1.8692,1.8692,1.8692
1978-04-10,1.856,1.856,1.856,1.856
1978-04-11,1.8587,1.8587,1.8587,1.8587
1978-04-12,1.8657,1.8657,1.8657,1.8657
1978-04-13,1.8779,1.8779,1.8779,1.8779
1978-04-14,1.8868,1.8868,1.8868,1.8868
1978-04-17,1.9011,1.9011,1.9011,1.9011
1978-04-18,1.9109,1.9109,1.9109,1.9109
1978-04-19,1.9298,1.9298,1.9298,1.9298
1978-04-20,1.9794,1.9794,1.9794,1.9794
1978-04-21,1.9505,1.9505,1.9505,1.9505
1978-04-24,1.9569,1.9569,1.9569,1.9569
1978-04-25,1.9581,1.9581,1.9581,1.9581
1978-04-26,1.9627,1.9627,1.9627,1.9627
1978-04-27,1.9286,1.9286,1.9286,1.9286
1978-04-28,1.9444,1.9444,1.9444,1.9444
1978-05-01,1.9455,1.9455,1.9455,1.9455
1978-05-02,1.9662,1.9662,1.9662,1.9662
1978-05-03,1.9627,1.9627,1.9627,1.9627
1978-05-04,1.9459,1.9459,1.9459,1.9459
1978-05-05,1.9501,1.9501,1.9501,1.9501
1978-05-08,1.9755,1.9755,1.9755,1.9755
1978-05-09,1.9751,1.9751,1.9751,1.9751
1978-05-10,1.9646,1.9646,1.9646,1.9646
1978-05-11,1.9745,1.9745,1.9745,1.9745
1978-05-12,1.9912,1.9912,1.9912,1.9912
1978-05-15,1.991,1.991,1.991,1.991
1978-05-16,1.996,1.996,1.996,1.996
1978-05-17,1.991,1.991,1.991,1.991
1978-05-18,1.9716,1.9716,1.9716,1.9716
1978-05-19,1.9802,1.9802,1.9802,1.9802
1978-05-22,1.9751,1.9751,1.9751,1.9751
1978-05-23,1.9736,1.9736,1.9736,1.9736
1978-05-24,1.9697,1.9697,1.9697,1.9697
1978-05-25,1.9569,1.9569,1.9569,1.9569
1978-05-26,1.9489,1.9489,1.9489,1.9489
1978-05-29,1.9384,1.9384,1.9384,1.9384
1978-05-31,1.8904,1.8904,1.8904,1.8904
1978-06-01,1.8921,1.8921,1.8921,1.8921
1978-06-02,1.8839,1.8839,1.8839,1.8839
1978-06-05,1.938,1.938,1.938,1.938
1978-06-06,1.9131,1.9131,1.9131,1.9131
1978-06-07,1.9095,1.9095,1.9095,1.9095
1978-06-08,1.8965,1.8965,1.8965,1.8965
1978-06-09,1.8947,1.8947,1.8947,1.8947
1978-06-12,1.8893,1.8893,1.8893,1.8893
1978-06-13,1.8965,1.8965,1.8965,1.8965
1978-06-14,1.8886,1.8886,1.8886,1.8886
1978-06-15,1.9044,1.9044,1.9044,1.9044
1978-06-16,1.893,1.893,1.893,1.893
1978-06-19,1.8925,1.8925,1.8925,1.8925
1978-06-20,1.8751,1.8751,1.8751,1.8751
1978-06-21,1.8643,1.8643,1.8643,1.8643
1978-06-22,1.8822,1.8822,1.8822,1.8822
1978-06-23,1.8646,1.8646,1.8646,1.8646
1978-06-26,1.8646,1.8646,1.8646,1.8646
1978-06-27,1.8685,1.8685,1.8685,1.8685
1978-06-28,1.8598,1.8598,1.8598,1.8598
1978-06-29,1.856,1.856,1.856,1.856
1978-06-30,1.8512,1.8512,1.8512,1.8512
1978-07-03,1.8305,1.8305,1.8305,1.8305
1978-07-05,1.8172,1.8172,1.8172,1.8172
1978-07-06,1.8345,1.8345,1.8345,1.8345
1978-07-07,1.8205,1.8205,1.8205,1.8205
1978-07-10,1.8085,1.8085,1.8085,1.8085
1978-07-11,1.8141,1.8141,1.8141,1.8141
1978-07-12,1.8202,1.8202,1.8202,1.8202
1978-07-13,1.8149,1.8149,1.8149,1.8149
1978-07-14,1.8152,1.8152,1.8152,1.8152
1978-07-17,1.8355,1.8355,1.8355,1.8355
1978-07-18,1.8292,1.8292,1.8292,1.8292
1978-07-19,1.8141,1.8141,1.8141,1.8141
1978-07-20,1.8034,1.8034,1.8034,1.8034
1978-07-21,1.7931,1.7931,1.7931,1.7931
1978-07-24,1.779,1.779,1.779,1.779
1978-07-25,1.7778,1.7778,1.7778,1.7778
1978-07-26,1.7854,1.7854,1.7854,1.7854
1978-07-27,1.7921,1.7921,1.7921,1.7921
1978-07-28,1.759,1.759,1.759,1.759
1978-07-31,1.7361,1.7361,1.7361,1.7361
1978-08-01,1.7331,1.7331,1.7331,1.7331
1978-08-02,1.7123,1.7123,1.7123,1.7123
1978-08-03,1.7079,1.7079,1.7079,1.7079
1978-08-04,1.7271,1.7271,1.7271,1.7271
1978-08-07,1.7071,1.7071,1.7071,1.7071
1978-08-08,1.692,1.692,1.692,1.692
1978-08-09,1.6861,1.6861,1.6861,1.6861
1978-08-10,1.6798,1.6798,1.6798,1.6798
1978-08-11,1.648,1.648,1.648,1.648
1978-08-14,1.5873,1.5873,1.5873,1.5873
1978-08-15,1.6077,1.6077,1.6077,1.6077
1978-08-16,1.5936,1.5936,1.5936,1.5936
1978-08-17,1.6529,1.6529,1.6529,1.6529
1978-08-18,1.6447,1.6447,1.6447,1.6447
1978-08-21,1.6681,1.6681,1.6681,1.6681
1978-08-22,1.6653,1.6653,1.6653,1.6653
1978-08-23,1.6681,1.6681,1.6681,1.6681
1978-08-24,1.6585,1.6585,1.6585,1.6585
1978-08-25,1.6811,1.6811,1.6811,1.6811
1978-08-28,1.6915,1.6915,1.6915,1.6915
1978-08-29,1.6447,1.6447,1.6447,1.6447
1978-08-30,1.6474,1.6474,1.6474,1.6474
1978-08-31,1.6407,1.6407,1.6407,1.6407
1978-09-01,1.605,1.605,1.605,1.605
1978-09-05,1.617,1.617,1.617,1.617
1978-09-06,1.616,1.616,1.616,1.616
1978-09-07,1.6175,1.6175,1.6175,1.6175
1978-09-08,1.633,1.633,1.633,1.633
1978-09-11,1.6215,1.6215,1.6215,1.6215
1978-09-12,1.6195,1.6195,1.6195,1.6195
1978-09-13,1.596,1.596,1.596,1.596
1978-09-14,1.597,1.597,1.597,1.597
1978-09-15,1.594,1.594,1.594,1.594
1978-09-18,1.58,1.58,1.58,1.58
1978-09-19,1.571,1.571,1.571,1.571
1978-09-20,1.539,1.539,1.539,1.539
1978-09-21,1.516,1.516,1.516,1.516
1978-09-22,1.523,1.523,1.523,1.523
1978-09-25,1.492,1.492,1.492,1.492
1978-09-26,1.49,1.49,1.49,1.49
1978-09-27,1.497,1.497,1.497,1.497
1978-09-28,1.52,1.52,1.52,1.52
1978-09-29,1.55,1.55,1.55,1.55
1978-10-02,1.592,1.592,1.592,1.592
1978-10-03,1.574,1.574,1.574,1.574
1978-10-04,1.591,1.591,1.591,1.591
1978-10-05,1.589,1.589,1.589,1.589
1978-10-06,1.591,1.591,1.591,1.591
1978-10-10,1.572,1.572,1.572,1.572
1978-10-11,1.5445,1.5445,1.5445,1.5445
1978-10-12,1.544,1.544,1.544,1.544
1978-10-13,1.5265,1.5265,1.5265,1.5265
1978-10-16,1.52,1.52,1.52,1.52
1978-10-17,1.5125,1.5125,1.5125,1.5125
1978-10-18,1.5095,1.5095,1.5095,1.5095
1978-10-19,1.53,1.53,1.53,1.53
1978-10-20,1.515,1.515,1.515,1.515
1978-10-23,1.5245,1.5245,1.5245,1.5245
1978-10-24,1.53,1.53,1.53,1.53
1978-10-25,1.516,1.516,1.516,1.516
1978-10-26,1.509,1.509,1.509,1.509
1978-10-27,1.504,1.504,1.504,1.504
1978-10-30,1.471,1.471,1.471,1.471
1978-10-31,1.5,1.5,1.5,1.5
1978-11-01,1.59,1.59,1.59,1.59
1978-11-02,1.6025,1.6025,1.6025,1.6025
1978-11-03,1.621,1.621,1.621,1.621
1978-11-06,1.65,1.65,1.65,1.65
1978-11-08,1.616,1.616,1.616,1.616
1978-11-09,1.6275,1.6275,1.6275,1.6275
1978-11-10,1.623,1.623,1.623,1.623
1978-11-13,1.628,1.628,1.628,1.628
1978-11-14,1.632,1.632,1.632,1.632
1978-11-15,1.6415,1.6415,1.6415,1.6415
1978-11-16,1.689,1.689,1.689,1.689
1978-11-17,1.724,1.724,1.724,1.724
1978-11-20,1.741,1.741,1.741,1.741
1978-11-21,1.723,1.723,1.723,1.723
1978-11-22,1.724,1.724,1.724,1.724
1978-11-24,1.7375,1.7375,1.7375,1.7375
1978-11-27,1.736,1.736,1.736,1.736
1978-11-28,1.736,1.736,1.736,1.736
1978-11-29,1.722,1.722,1.722,1.722
1978-11-30,1.735,1.735,1.735,1.735
1978-12-01,1.7355,1.7355,1.7355,1.7355
1978-12-04,1.7115,1.7115,1.7115,1.7115
1978-12-05,1.7085,1.7085,1.7085,1.7085
1978-12-06,1.708,1.708,1.708,1.708
1978-12-07,1.7065,1.7065,1.7065,1.7065
1978-12-08,1.702,1.702,1.702,1.702
1978-12-11,1.693,1.693,1.693,1.693
1978-12-12,1.697,1.697,1.697,1.697
1978-12-13,1.7055,1.7055,1.7055,1.7055
1978-12-14,1.689,1.689,1.689,1.689
1978-12-15,1.685,1.685,1.685,1.685
1978-12-18,1.6585,1.6585,1.6585,1.6585
1978-12-19,1.643,1.643,1.643,1.643
1978-12-20,1.644,1.644,1.644,1.644
1978-12-21,1.654,1.654,1.654,1.654
1978-12-22,1.66,1.66,1.66,1.66
1978-12-26,1.6475,1.6475,1.6475,1.6475
1978-12-27,1.6195,1.6195,1.6195,1.6195
1978-12-28,1.625,1.625,1.625,1.625
1978-12-29,1.62,1.62,1.62,1.62
1979-01-02,1.623,1.623,1.623,1.623
1979-01-03,1.645,1.645,1.645,1.645
1979-01-04,1.649,1.649,1.649,1.649
1979-01-05,1.647,1.647,1.647,1.647
1979-01-08,1.644,1.644,1.644,1.644
1979-01-09,1.6655,1.6655,1.6655,1.6655
1979-01-10,1.6615,1.6615,1.6615,1.6615
1979-01-11,1.677,1.677,1.677,1.677
1979-01-12,1.686,1.686,1.686,1.686
1979-01-15,1.701,1.701,1.701,1.701
1979-01-16,1.682,1.682,1.682,1.682
1979-01-17,1.669,1.669,1.669,1.669
1979-01-18,1.665,1.665,1.665,1.665
1979-01-19,1.6735,1.6735,1.6735,1.6735
1979-01-22,1.674,1.674,1.674,1.674
1979-01-23,1.68,1.68,1.68,1.68
1979-01-24,1.675,1.675,1.675,1.675
1979-01-25,1.689,1.689,1.689,1.689
1979-01-26,1.6875,1.6875,1.6875,1.6875
1979-01-29,1.686,1.686,1.686,1.686
1979-01-30,1.69,1.69,1.69,1.69
1979-01-31,1.7,1.7,1.7,1.7
1979-02-01,1.71,1.71,1.71,1.71
1979-02-02,1.709,1.709,1.709,1.709
1979-02-05,1.691,1.691,1.691,1.691
1979-02-06,1.6855,1.6855,1.6855,1.6855
1979-02-07,1.6595,1.6595,1.6595,1.6595
1979-02-08,1.658,1.658,1.658,1.658
1979-02-09,1.663,1.663,1.663,1.663
1979-02-13,1.6685,1.6685,1.6685,1.6685
1979-02-14,1.6762,1.6762,1.6762,1.6762
1979-02-15,1.667,1.667,1.667,1.667
1979-02-16,1.6745,1.6745,1.6745,1.6745
1979-02-20,1.6725,1.6725,1.6725,1.6725
1979-02-21,1.6745,1.6745,1.6745,1.6745
1979-02-22,1.672,1.672,1.672,1.672
1979-02-23,1.6675,1.6675,1.6675,1.6675
1979-02-26,1.6632,1.6632,1.6632,1.6632
1979-02-27,1.6678,1.6678,1.6678,1.6678
1979-02-28,1.674,1.674,1.674,1.674
1979-03-01,1.676,1.676,1.676,1.676
1979-03-02,1.677,1.677,1.677,1.677
1979-03-05,1.6795,1.6795,1.6795,1.6795
1979-03-06,1.6774,1.6774,1.6774,1.6774
1979-03-07,1.6685,1.6685,1.6685,1.6685
1979-03-08,1.669,1.669,1.669,1.669
1979-03-09,1.67,1.67,1.67,1.67
1979-03-12,1.6736,1.6736,1.6736,1.6736
1979-03-13,1.6835,1.6835,1.6835,1.6835
1979-03-14,1.679,1.679,1.679,1.679
1979-03-15,1.6815,1.6815,1.6815,1.6815
1979-03-16,1.6818,1.6818,1.6818,1.6818
1979-03-19,1.6825,1.6825,1.6825,1.6825
1979-03-20,1.685,1.685,1.685,1.685
1979-03-21,1.6895,1.6895,1.6895,1.6895
1979-03-22,1.6876,1.6876,1.6876,1.6876
1979-03-23,1.691,1.691,1.691,1.691
1979-03-26,1.6818,1.6818,1.6818,1.6818
1979-03-27,1.688,1.688,1.688,1.688
1979-03-28,1.685,1.685,1.685,1.685
1979-03-29,1.69,1.69,1.69,1.69
1979-03-30,1.695,1.695,1.695,1.695
1979-04-02,1.7045,1.7045,1.7045,1.7045
1979-04-03,1.7064,1.7064,1.7064,1.7064
1979-04-04,1.7055,1.7055,1.7055,1.7055
1979-04-05,1.7095,1.7095,1.7095,1.7095
1979-04-06,1.7142,1.7142,1.7142,1.7142
1979-04-09,1.7262,1.7262,1.7262,1.7262
1979-04-10,1.7205,1.7205,1.7205,1.7205
1979-04-11,1.7153,1.7153,1.7153,1.7153
1979-04-12,1.7278,1.7278,1.7278,1.7278
1979-04-13,1.7295,1.7295,1.7295,1.7295
1979-04-16,1.73,1.73,1.73,1.73
1979-04-17,1.726,1.726,1.726,1.726
1979-04-18,1.7145,1.7145,1.7145,1.7145
1979-04-19,1.714,1.714,1.714,1.714
1979-04-20,1.7238,1.7238,1.7238,1.7238
1979-04-23,1.721,1.721,1.721,1.721
1979-04-24,1.718,1.718,1.718,1.718
1979-04-25,1.714,1.714,1.714,1.714
1979-04-26,1.7125,1.7125,1.7125,1.7125
1979-04-27,1.716,1.716,1.716,1.716
1979-04-30,1.7215,1.7215,1.7215,1.7215
1979-05-01,1.7177,1.7177,1.7177,1.7177
1979-05-02,1.725,1.725,1.725,1.725
1979-05-03,1.722,1.722,1.722,1.722
1979-05-04,1.719,1.719,1.719,1.719
1979-05-07,1.7135,1.7135,1.7135,1.7135
1979-05-08,1.714,1.714,1.714,1.714
1979-05-09,1.7135,1.7135,1.7135,1.7135
1979-05-10,1.7187,1.7187,1.7187,1.7187
1979-05-11,1.7213,1.7213,1.7213,1.7213
1979-05-14,1.7195,1.7195,1.7195,1.7195
1979-05-15,1.7285,1.7285,1.7285,1.7285
1979-05-16,1.7274,1.7274,1.7274,1.7274
1979-05-17,1.7335,1.7335,1.7335,1.7335
1979-05-18,1.7395,1.7395,1.7395,1.7395
1979-05-21,1.7405,1.7405,1.7405,1.7405
1979-05-22,1.738,1.738,1.738,1.738
1979-05-23,1.736,1.736,1.736,1.736
1979-05-24,1.7335,1.7335,1.7335,1.7335
1979-05-25,1.7363,1.7363,1.7363,1.7363
1979-05-28,1.738,1.738,1.738,1.738
1979-05-29,1.741,1.741,1.741,1.741
1979-05-31,1.725,1.725,1.725,1.725
1979-06-01,1.734,1.734,1.734,1.734
1979-06-04,1.7286,1.7286,1.7286,1.7286
1979-06-05,1.7358,1.7358,1.7358,1.7358
1979-06-06,1.7363,1.7363,1.7363,1.7363
1979-06-07,1.7292,1.7292,1.7292,1.7292
1979-06-08,1.7302,1.7302,1.7302,1.7302
1979-06-11,1.733,1.733,1.733,1.733
1979-06-12,1.7325,1.7325,1.7325,1.7325
1979-06-13,1.7302,1.7302,1.7302,1.7302
1979-06-14,1.7274,1.7274,1.7274,1.7274
1979-06-15,1.7003,1.7003,1.7003,1.7003
1979-06-18,1.71,1.71,1.71,1.71
1979-06-19,1.6835,1.6835,1.6835,1.6835
1979-06-20,1.678,1.678,1.678,1.678
1979-06-21,1.66,1.66,1.66,1.66
1979-06-22,1.654,1.654,1.654,1.654
1979-06-25,1.644,1.644,1.644,1.644
1979-06-26,1.6625,1.6625,1.6625,1.6625
1979-06-27,1.658,1.658,1.658,1.658
1979-06-28,1.6565,1.6565,1.6565,1.6565
1979-06-29,1.654,1.654,1.654,1.654
1979-07-02,1.656,1.656,1.656,1.656
1979-07-03,1.6575,1.6575,1.6575,1.6575
1979-07-05,1.6525,1.6525,1.6525,1.6525
1979-07-06,1.6635,1.6635,1.6635,1.6635
1979-07-09,1.6653,1.6653,1.6653,1.6653
1979-07-10,1.662,1.662,1.662,1.662
1979-07-11,1.6565,1.6565,1.6565,1.6565
1979-07-12,1.656,1.656,1.656,1.656
1979-07-13,1.655,1.655,1.655,1.655
1979-07-16,1.647,1.647,1.647,1.647
1979-07-17,1.635,1.635,1.635,1.635
1979-07-18,1.6305,1.6305,1.6305,1.6305
1979-07-19,1.6365,1.6365,1.6365,1.6365
1979-07-20,1.642,1.642,1.642,1.642
1979-07-23,1.6324,1.6324,1.6324,1.6324
1979-07-24,1.6335,1.6335,1.6335,1.6335
1979-07-25,1.64,1.64,1.64,1.64
1979-07-26,1.6448,1.6448,1.6448,1.6448
1979-07-27,1.6435,1.6435,1.6435,1.6435
1979-07-30,1.658,1.658,1.658,1.658
1979-07-31,1.659,1.659,1.659,1.659
1979-08-01,1.6572,1.6572,1.6572,1.6572
1979-08-02,1.658,1.658,1.658,1.658
1979-08-03,1.6598,1.6598,1.6598,1.6598
1979-08-06,1.656,1.656,1.656,1.656
1979-08-07,1.659,1.659,1.659,1.659
1979-08-08,1.658,1.658,1.658,1.658
1979-08-09,1.6515,1.6515,1.6515,1.6515
1979-08-10,1.6467,1.6467,1.6467,1.6467
1979-08-13,1.6525,1.6525,1.6525,1.6525
1979-08-14,1.6577,1.6577,1.6577,1.6577
1979-08-15,1.657,1.657,1.657,1.657
1979-08-16,1.655,1.655,1.655,1.655
1979-08-17,1.6595,1.6595,1.6595,1.6595
1979-08-20,1.6606,1.6606,1.6606,1.6606
1979-08-21,1.6595,1.6595,1.6595,1.6595
1979-08-22,1.6593,1.6593,1.6593,1.6593
1979-08-23,1.6568,1.6568,1.6568,1.6568
1979-08-24,1.6552,1.6552,1.6552,1.6552
1979-08-27,1.6602,1.6602,1.6602,1.6602
1979-08-28,1.6594,1.6594,1.6594,1.6594
1979-08-29,1.6626,1.6626,1.6626,1.6626
1979-08-30,1.6541,1.6541,1.6541,1.6541
1979-08-31,1.6562,1.6562,1.6562,1.6562
1979-09-04,1.6555,1.6555,1.6555,1.6555
1979-09-05,1.6533,1.6533,1.6533,1.6533
1979-09-06,1.6393,1.6393,1.6393,1.6393
1979-09-07,1.628,1.628,1.628,1.628
1979-09-10,1.6275,1.6275,1.6275,1.6275
1979-09-11,1.6355,1.6355,1.6355,1.6355
1979-09-12,1.628,1.628,1.628,1.628
1979-09-13,1.6355,1.6355,1.6355,1.6355
1979-09-14,1.6335,1.6335,1.6335,1.6335
1979-09-17,1.632,1.632,1.632,1.632
1979-09-18,1.628,1.628,1.628,1.628
1979-09-19,1.6215,1.6215,1.6215,1.6215
1979-09-20,1.5825,1.5825,1.5825,1.5825
1979-09-21,1.5715,1.5715,1.5715,1.5715
1979-09-24,1.5794,1.5794,1.5794,1.5794
1979-09-25,1.5748,1.5748,1.5748,1.5748
1979-09-26,1.578,1.578,1.578,1.578
1979-09-27,1.557,1.557,1.557,1.557
1979-09-28,1.554,1.554,1.554,1.554
1979-10-01,1.548,1.548,1.548,1.548
1979-10-02,1.564,1.564,1.564,1.564
1979-10-03,1.582,1.582,1.582,1.582
1979-10-04,1.584,1.584,1.584,1.584
1979-10-05,1.58,1.58,1.58,1.58
1979-10-09,1.623,1.623,1.623,1.623
1979-10-10,1.611,1.611,1.611,1.611
1979-10-11,1.6195,1.6195,1.6195,1.6195
1979-10-12,1.622,1.622,1.622,1.622
1979-10-15,1.63,1.63,1.63,1.63
1979-10-16,1.6375,1.6375,1.6375,1.6375
1979-10-17,1.653,1.653,1.653,1.653
1979-10-18,1.6405,1.6405,1.6405,1.6405
1979-10-19,1.6445,1.6445,1.6445,1.6445
1979-10-22,1.665,1.665,1.665,1.665
1979-10-23,1.673,1.673,1.673,1.673
1979-10-24,1.659,1.659,1.659,1.659
1979-10-25,1.6565,1.6565,1.6565,1.6565
1979-10-26,1.6695,1.6695,1.6695,1.6695
1979-10-29,1.682,1.682,1.682,1.682
1979-10-30,1.6745,1.6745,1.6745,1.6745
1979-10-31,1.6605,1.6605,1.6605,1.6605
1979-11-01,1.6495,1.6495,1.6495,1.6495
1979-11-02,1.641,1.641,1.641,1.641
1979-11-05,1.6465,1.6465,1.6465,1.6465
1979-11-07,1.634,1.634,1.634,1.634
1979-11-08,1.6455,1.6455,1.6455,1.6455
1979-11-09,1.653,1.653,1.653,1.653
1979-11-13,1.659,1.659,1.659,1.659
1979-11-14,1.645,1.645,1.645,1.645
1979-11-15,1.658,1.658,1.658,1.658
1979-11-16,1.648,1.648,1.648,1.648
1979-11-19,1.6395,1.6395,1.6395,1.6395
1979-11-20,1.644,1.644,1.644,1.644
1979-11-21,1.641,1.641,1.641,1.641
1979-11-23,1.6525,1.6525,1.6525,1.6525
1979-11-26,1.6525,1.6525,1.6525,1.6525
1979-11-27,1.6505,1.6505,1.6505,1.6505
1979-11-28,1.6365,1.6365,1.6365,1.6365
1979-11-29,1.622,1.622,1.622,1.622
1979-11-30,1.598,1.598,1.598,1.598
1979-12-03,1.5645,1.5645,1.5645,1.5645
1979-12-04,1.5895,1.5895,1.5895,1.5895
1979-12-05,1.6095,1.6095,1.6095,1.6095
1979-12-06,1.6045,1.6045,1.6045,1.6045
1979-12-07,1.6165,1.6165,1.6165,1.6165
1979-12-10,1.6135,1.6135,1.6135,1.6135
1979-12-11,1.598,1.598,1.598,1.598
1979-12-12,1.6,1.6,1.6,1.6
1979-12-13,1.598,1.598,1.598,1.598
1979-12-14,1.61,1.61,1.61,1.61
1979-12-17,1.6075,1.6075,1.6075,1.6075
1979-12-18,1.6075,1.6075,1.6075,1.6075
1979-12-19,1.599,1.599,1.599,1.599
1979-12-20,1.6055,1.6055,1.6055,1.6055
1979-12-21,1.6065,1.6065,1.6065,1.6065
1979-12-24,1.598,1.598,1.598,1.598
1979-12-26,1.5845,1.5845,1.5845,1.5845
1979-12-27,1.578,1.578,1.578,1.578
1979-12-28,1.595,1.595,1.595,1.595
1979-12-31,1.595,1.595,1.595,1.595
1980-01-02,1.5775,1.5775,1.5775,1.5775
1980-01-03,1.572,1.572,1.572,1.572
1980-01-04,1.5755,1.5755,1.5755,1.5755
1980-01-07,1.57,1.57,1.57,1.57
1980-01-08,1.577,1.577,1.577,1.577
1980-01-09,1.574,1.574,1.574,1.574
1980-01-10,1.579,1.579,1.579,1.579
1980-01-11,1.583,1.583,1.583,1.583
1980-01-14,1.583,1.583,1.583,1.583
1980-01-15,1.595,1.595,1.595,1.595
1980-01-16,1.585,1.585,1.585,1.585
1980-01-17,1.593,1.593,1.593,1.593
1980-01-18,1.593,1.593,1.593,1.593
1980-01-21,1.6045,1.6045,1.6045,1.6045
1980-01-22,1.609,1.609,1.609,1.609
1980-01-23,1.606,1.606,1.606,1.606
1980-01-24,1.6085,1.6085,1.6085,1.6085
1980-01-25,1.616,1.616,1.616,1.616
1980-01-28,1.6188,1.6188,1.6188,1.6188
1980-01-29,1.617,1.617,1.617,1.617
1980-01-30,1.6215,1.6215,1.6215,1.6215
1980-01-31,1.638,1.638,1.638,1.638
1980-02-01,1.6335,1.6335,1.6335,1.6335
1980-02-04,1.631,1.631,1.631,1.631
1980-02-05,1.626,1.626,1.626,1.626
1980-02-06,1.606,1.606,1.606,1.606
1980-02-07,1.616,1.616,1.616,1.616
1980-02-08,1.619,1.619,1.619,1.619
1980-02-11,1.617,1.617,1.617,1.617
1980-02-13,1.6133,1.6133,1.6133,1.6133
1980-02-14,1.617,1.617,1.617,1.617
1980-02-15,1.629,1.629,1.629,1.629
1980-02-19,1.6385,1.6385,1.6385,1.6385
1980-02-20,1.644,1.644,1.644,1.644
1980-02-21,1.6403,1.6403,1.6403,1.6403
1980-02-22,1.662,1.662,1.662,1.662
1980-02-25,1.6695,1.6695,1.6695,1.6695
1980-02-26,1.6705,1.6705,1.6705,1.6705
1980-02-27,1.665,1.665,1.665,1.665
1980-02-28,1.672,1.672,1.672,1.672
1980-02-29,1.7025,1.7025,1.7025,1.7025
1980-03-03,1.715,1.715,1.715,1.715
1980-03-04,1.721,1.721,1.721,1.721
1980-03-05,1.7105,1.7105,1.7105,1.7105
1980-03-06,1.715,1.715,1.715,1.715
1980-03-07,1.715,1.715,1.715,1.715
1980-03-10,1.735,1.735,1.735,1.735
1980-03-11,1.7345,1.7345,1.7345,1.7345
1980-03-12,1.7295,1.7295,1.7295,1.7295
1980-03-13,1.744,1.744,1.744,1.744
1980-03-14,1.754,1.754,1.754,1.754
1980-03-17,1.788,1.788,1.788,1.788
1980-03-18,1.781,1.781,1.781,1.781
1980-03-19,1.7735,1.7735,1.7735,1.7735
1980-03-20,1.7618,1.7618,1.7618,1.7618
1980-03-21,1.779,1.779,1.779,1.779
1980-03-24,1.789,1.789,1.789,1.789
1980-03-25,1.798,1.798,1.798,1.798
1980-03-26,1.7945,1.7945,1.7945,1.7945
1980-03-27,1.8285,1.8285,1.8285,1.8285
1980-03-28,1.8325,1.8325,1.8325,1.8325
1980-03-31,1.8515,1.8515,1.8515,1.8515
1980-04-01,1.864,1.864,1.864,1.864
1980-04-02,1.856,1.856,1.856,1.856
1980-04-03,1.8635,1.8635,1.8635,1.8635
1980-04-04,1.87,1.87,1.87,1.87
1980-04-07,1.877,1.877,1.877,1.877
1980-04-08,1.841,1.841,1.841,1.841
1980-04-09,1.786,1.786,1.786,1.786
1980-04-10,1.755,1.755,1.755,1.755
1980-04-11,1.748,1.748,1.748,1.748
1980-04-14,1.743,1.743,1.743,1.743
1980-04-15,1.7695,1.7695,1.7695,1.7695
1980-04-16,1.731,1.731,1.731,1.731
1980-04-17,1.737,1.737,1.737,1.737
1980-04-18,1.74,1.74,1.74,1.74
1980-04-21,1.724,1.724,1.724,1.724
1980-04-22,1.744,1.744,1.744,1.744
1980-04-23,1.699,1.699,1.699,1.699
1980-04-24,1.7005,1.7005,1.7005,1.7005
1980-04-25,1.694,1.694,1.694,1.694
1980-04-28,1.6715,1.6715,1.6715,1.6715
1980-04-29,1.67,1.67,1.67,1.67
1980-04-30,1.6675,1.6675,1.6675,1.6675
1980-05-01,1.668,1.668,1.668,1.668
1980-05-02,1.695,1.695,1.695,1.695
1980-05-05,1.6625,1.6625,1.6625,1.6625
1980-05-06,1.6555,1.6555,1.6555,1.6555
1980-05-07,1.65,1.65,1.65,1.65
1980-05-08,1.662,1.662,1.662,1.662
1980-05-09,1.682,1.682,1.682,1.682
1980-05-12,1.661,1.661,1.661,1.661
1980-05-13,1.667,1.667,1.667,1.667
1980-05-14,1.66,1.66,1.66,1.66
1980-05-15,1.6645,1.6645,1.6645,1.6645
1980-05-16,1.671,1.671,1.671,1.671
1980-05-19,1.6765,1.6765,1.6765,1.6765
1980-05-20,1.6795,1.6795,1.6795,1.6795
1980-05-21,1.6625,1.6625,1.6625,1.6625
1980-05-22,1.6615,1.6615,1.6615,1.6615
1980-05-23,1.65,1.65,1.65,1.65
1980-05-27,1.6375,1.6375,1.6375,1.6375
1980-05-28,1.645,1.645,1.645,1.645
1980-05-29,1.653,1.653,1.653,1.653
1980-05-30,1.662,1.662,1.662,1.662
1980-06-02,1.6602,1.6602,1.6602,1.6602
1980-06-03,1.654,1.654,1.654,1.654
1980-06-04,1.647,1.647,1.647,1.647
1980-06-05,1.648,1.648,1.648,1.648
1980-06-06,1.635,1.635,1.635,1.635
1980-06-09,1.6225,1.6225,1.6225,1.6225
1980-06-10,1.6225,1.6225,1.6225,1.6225
1980-06-11,1.629,1.629,1.629,1.629
1980-06-12,1.624,1.624,1.624,1.624
1980-06-13,1.6135,1.6135,1.6135,1.6135
1980-06-16,1.634,1.634,1.634,1.634
1980-06-17,1.63,1.63,1.63,1.63
1980-06-18,1.623,1.623,1.623,1.623
1980-06-19,1.638,1.638,1.638,1.638
1980-06-20,1.632,1.632,1.632,1.632
1980-06-23,1.6345,1.6345,1.6345,1.6345
1980-06-24,1.64,1.64,1.64,1.64
1980-06-25,1.6382,1.6382,1.6382,1.6382
1980-06-26,1.6287,1.6287,1.6287,1.6287
1980-06-27,1.6275,1.6275,1.6275,1.6275
1980-06-30,1.6298,1.6298,1.6298,1.6298
1980-07-01,1.6265,1.6265,1.6265,1.6265
1980-07-02,1.6195,1.6195,1.6195,1.6195
1980-07-03,1.613,1.613,1.613,1.613
1980-07-07,1.5875,1.5875,1.5875,1.5875
1980-07-08,1.591,1.591,1.591,1.591
1980-07-09,1.5955,1.5955,1.5955,1.5955
1980-07-10,1.5948,1.5948,1.5948,1.5948
1980-07-11,1.595,1.595,1.595,1.595
1980-07-14,1.605,1.605,1.605,1.605
1980-07-15,1.61,1.61,1.61,1.61
1980-07-16,1.6045,1.6045,1.6045,1.6045
1980-07-17,1.597,1.597,1.597,1.597
1980-07-18,1.6107,1.6107,1.6107,1.6107
1980-07-21,1.6025,1.6025,1.6025,1.6025
1980-07-22,1.598,1.598,1.598,1.598
1980-07-23,1.6005,1.6005,1.6005,1.6005
1980-07-24,1.595,1.595,1.595,1.595
1980-07-25,1.5988,1.5988,1.5988,1.5988
1980-07-28,1.6075,1.6075,1.6075,1.6075
1980-07-29,1.6235,1.6235,1.6235,1.6235
1980-07-30,1.648,1.648,1.648,1.648
1980-07-31,1.648,1.648,1.648,1.648
1980-08-01,1.663,1.663,1.663,1.663
1980-08-04,1.6495,1.6495,1.6495,1.6495
1980-08-05,1.6395,1.6395,1.6395,1.6395
1980-08-06,1.63,1.63,1.63,1.63
1980-08-07,1.6445,1.6445,1.6445,1.6445
1980-08-08,1.6505,1.6505,1.6505,1.6505
1980-08-11,1.6505,1.6505,1.6505,1.6505
1980-08-12,1.641,1.641,1.641,1.641
1980-08-13,1.644,1.644,1.644,1.644
1980-08-14,1.6445,1.6445,1.6445,1.6445
1980-08-15,1.644,1.644,1.644,1.644
1980-08-18,1.6585,1.6585,1.6585,1.6585
1980-08-19,1.6608,1.6608,1.6608,1.6608
1980-08-20,1.6585,1.6585,1.6585,1.6585
1980-08-21,1.6565,1.6565,1.6565,1.6565
1980-08-22,1.674,1.674,1.674,1.674
1980-08-25,1.6695,1.6695,1.6695,1.6695
1980-08-26,1.6622,1.6622,1.6622,1.6622
1980-08-27,1.6615,1.6615,1.6615,1.6615
1980-08-28,1.645,1.645,1.645,1.645
1980-08-29,1.649,1.649,1.649,1.649
1980-09-02,1.636,1.636,1.636,1.636
1980-09-03,1.629,1.629,1.629,1.629
1980-09-04,1.63,1.63,1.63,1.63
1980-09-05,1.635,1.635,1.635,1.635
1980-09-08,1.6258,1.6258,1.6258,1.6258
1980-09-09,1.6313,1.6313,1.6313,1.6313
1980-09-10,1.6302,1.6302,1.6302,1.6302
1980-09-11,1.6285,1.6285,1.6285,1.6285
1980-09-12,1.6305,1.6305,1.6305,1.6305
1980-09-15,1.6322,1.6322,1.6322,1.6322
1980-09-16,1.634,1.634,1.634,1.634
1980-09-17,1.6303,1.6303,1.6303,1.6303
1980-09-18,1.6418,1.6418,1.6418,1.6418
1980-09-19,1.6445,1.6445,1.6445,1.6445
1980-09-22,1.658,1.658,1.658,1.658
1980-09-23,1.661,1.661,1.661,1.661
1980-09-24,1.6445,1.6445,1.6445,1.6445
1980-09-25,1.645,1.645,1.645,1.645
1980-09-26,1.6455,1.6455,1.6455,1.6455
1980-09-29,1.6543,1.6543,1.6543,1.6543
1980-09-30,1.6535,1.6535,1.6535,1.6535
1980-10-01,1.642,1.642,1.642,1.642
1980-10-02,1.646,1.646,1.646,1.646
1980-10-03,1.6455,1.6455,1.6455,1.6455
1980-10-06,1.633,1.633,1.633,1.633
1980-10-07,1.6382,1.6382,1.6382,1.6382
1980-10-08,1.638,1.638,1.638,1.638
1980-10-09,1.636,1.636,1.636,1.636
1980-10-10,1.636,1.636,1.636,1.636
1980-10-14,1.645,1.645,1.645,1.645
1980-10-15,1.6475,1.6475,1.6475,1.6475
1980-10-16,1.6505,1.6505,1.6505,1.6505
1980-10-17,1.658,1.658,1.658,1.658
1980-10-20,1.658,1.658,1.658,1.658
1980-10-21,1.657,1.657,1.657,1.657
1980-10-22,1.664,1.664,1.664,1.664
1980-10-23,1.6625,1.6625,1.6625,1.6625
1980-10-24,1.6755,1.6755,1.6755,1.6755
1980-10-27,1.6995,1.6995,1.6995,1.6995
1980-10-28,1.7075,1.7075,1.7075,1.7075
1980-10-29,1.696,1.696,1.696,1.696
1980-10-30,1.712,1.712,1.712,1.712
1980-10-31,1.715,1.715,1.715,1.715
1980-11-03,1.717,1.717,1.717,1.717
1980-11-05,1.742,1.742,1.742,1.742
1980-11-06,1.7453,1.7453,1.7453,1.7453
1980-11-07,1.745,1.745,1.745,1.745
1980-11-10,1.7075,1.7075,1.7075,1.7075
1980-11-12,1.7105,1.7105,1.7105,1.7105
1980-11-13,1.704,1.704,1.704,1.704
1980-11-14,1.714,1.714,1.714,1.714
1980-11-17,1.737,1.737,1.737,1.737
1980-11-18,1.727,1.727,1.727,1.727
1980-11-19,1.7155,1.7155,1.7155,1.7155
1980-11-20,1.7235,1.7235,1.7235,1.7235
1980-11-21,1.728,1.728,1.728,1.728
1980-11-24,1.7315,1.7315,1.7315,1.7315
1980-11-25,1.7265,1.7265,1.7265,1.7265
1980-11-26,1.7285,1.7285,1.7285,1.7285
1980-11-28,1.7385,1.7385,1.7385,1.7385
1980-12-01,1.7525,1.7525,1.7525,1.7525
1980-12-02,1.7575,1.7575,1.7575,1.7575
1980-12-03,1.7505,1.7505,1.7505,1.7505
1980-12-04,1.7515,1.7515,1.7515,1.7515
1980-12-05,1.7715,1.7715,1.7715,1.7715
1980-12-08,1.775,1.775,1.775,1.775
1980-12-09,1.7925,1.7925,1.7925,1.7925
1980-12-10,1.82,1.82,1.82,1.82
1980-12-11,1.827,1.827,1.827,1.827
1980-12-12,1.8165,1.8165,1.8165,1.8165
1980-12-15,1.809,1.809,1.809,1.809
1980-12-16,1.8305,1.8305,1.8305,1.8305
1980-12-17,1.803,1.803,1.803,1.803
1980-12-18,1.807,1.807,1.807,1.807
1980-12-19,1.801,1.801,1.801,1.801
1980-12-22,1.773,1.773,1.773,1.773
1980-12-23,1.775,1.775,1.775,1.775
1980-12-24,1.763,1.763,1.763,1.763
1980-12-26,1.7725,1.7725,1.7725,1.7725
1980-12-29,1.775,1.775,1.775,1.775
1980-12-30,1.767,1.767,1.767,1.767
1980-12-31,1.7875,1.7875,1.7875,1.7875
1981-01-02,1.79,1.79,1.79,1.79
1981-01-05,1.757,1.757,1.757,1.757
1981-01-06,1.7505,1.7505,1.7505,1.7505
1981-01-07,1.767,1.767,1.767,1.767
1981-01-08,1.7746,1.7746,1.7746,1.7746
1981-01-09,1.797,1.797,1.797,1.797
1981-01-12,1.805,1.805,1.805,1.805
1981-01-13,1.812,1.812,1.812,1.812
1981-01-14,1.807,1.807,1.807,1.807
1981-01-15,1.8155,1.8155,1.8155,1.8155
1981-01-16,1.822,1.822,1.822,1.822
1981-01-19,1.829,1.829,1.829,1.829
1981-01-20,1.819,1.819,1.819,1.819
1981-01-21,1.812,1.812,1.812,1.812
1981-01-22,1.8335,1.8335,1.8335,1.8335
1981-01-23,1.8405,1.8405,1.8405,1.8405
1981-01-26,1.851,1.851,1.851,1.851
1981-01-27,1.8695,1.8695,1.8695,1.8695
1981-01-28,1.8825,1.8825,1.8825,1.8825
1981-01-29,1.903,1.903,1.903,1.903
1981-01-30,1.932,1.932,1.932,1.932
1981-02-02,1.92,1.92,1.92,1.92
1981-02-03,1.937,1.937,1.937,1.937
1981-02-04,1.916,1.916,1.916,1.916
1981-02-05,1.944,1.944,1.944,1.944
1981-02-06,1.942,1.942,1.942,1.942
1981-02-09,1.941,1.941,1.941,1.941
1981-02-10,1.9485,1.9485,1.9485,1.9485
1981-02-11,1.952,1.952,1.952,1.952
1981-02-13,2.0175,2.0175,2.0175,2.0175
1981-02-17,1.9955,1.9955,1.9955,1.9955
1981-02-18,1.988,1.988,1.988,1.988
1981-02-19,1.925,1.925,1.925,1.925
1981-02-20,1.885,1.885,1.885,1.885
1981-02-23,1.9025,1.9025,1.9025,1.9025
1981-02-24,1.919,1.919,1.919,1.919
1981-02-25,1.9165,1.9165,1.9165,1.9165
1981-02-26,1.948,1.948,1.948,1.948
1981-02-27,1.962,1.962,1.962,1.962
1981-03-02,1.9825,1.9825,1.9825,1.9825
1981-03-03,1.971,1.971,1.971,1.971
1981-03-04,1.9475,1.9475,1.9475,1.9475
1981-03-05,1.945,1.945,1.945,1.945
1981-03-06,1.9575,1.9575,1.9575,1.9575
1981-03-09,1.929,1.929,1.929,1.929
1981-03-10,1.923,1.923,1.923,1.923
1981-03-11,1.937,1.937,1.937,1.937
1981-03-12,1.937,1.937,1.937,1.937
1981-03-13,1.927,1.927,1.927,1.927
1981-03-16,1.902,1.902,1.902,1.902
1981-03-17,1.9005,1.9005,1.9005,1.9005
1981-03-18,1.865,1.865,1.865,1.865
1981-03-19,1.87,1.87,1.87,1.87
1981-03-20,1.8865,1.8865,1.8865,1.8865
1981-03-23,1.8982,1.8982,1.8982,1.8982
1981-03-24,1.8965,1.8965,1.8965,1.8965
1981-03-25,1.904,1.904,1.904,1.904
1981-03-26,1.928,1.928,1.928,1.928
1981-03-27,1.935,1.935,1.935,1.935
1981-03-30,1.912,1.912,1.912,1.912
1981-03-31,1.928,1.928,1.928,1.928
1981-04-01,1.9165,1.9165,1.9165,1.9165
1981-04-02,1.9245,1.9245,1.9245,1.9245
1981-04-03,1.9425,1.9425,1.9425,1.9425
1981-04-06,1.969,1.969,1.969,1.969
1981-04-07,1.939,1.939,1.939,1.939
1981-04-08,1.943,1.943,1.943,1.943
1981-04-09,1.954,1.954,1.954,1.954
1981-04-10,1.961,1.961,1.961,1.961
1981-04-13,1.9805,1.9805,1.9805,1.9805
1981-04-14,1.974,1.974,1.974,1.974
1981-04-15,1.9885,1.9885,1.9885,1.9885
1981-04-16,1.994,1.994,1.994,1.994
1981-04-17,1.9985,1.9985,1.9985,1.9985
1981-04-20,1.99,1.99,1.99,1.99
1981-04-21,1.993,1.993,1.993,1.993
1981-04-22,1.9735,1.9735,1.9735,1.9735
1981-04-23,1.983,1.983,1.983,1.983
1981-04-24,1.983,1.983,1.983,1.983
1981-04-27,1.991,1.991,1.991,1.991
1981-04-28,1.987,1.987,1.987,1.987
1981-04-29,2.021,2.021,2.021,2.021
1981-04-30,2.021,2.021,2.021,2.021
1981-05-01,2.018,2.018,2.018,2.018
1981-05-04,2.051,2.051,2.051,2.051
1981-05-05,2.0675,2.0675,2.0675,2.0675
1981-05-06,2.0605,2.0605,2.0605,2.0605
1981-05-07,2.0755,2.0755,2.0755,2.0755
1981-05-08,2.054,2.054,2.054,2.054
1981-05-11,2.0755,2.0755,2.0755,2.0755
1981-05-12,2.0755,2.0755,2.0755,2.0755
1981-05-13,2.078,2.078,2.078,2.078
1981-05-14,2.081,2.081,2.081,2.081
1981-05-15,2.069,2.069,2.069,2.069
1981-05-18,2.0533,2.0533,2.0533,2.0533
1981-05-19,2.058,2.058,2.058,2.058
1981-05-20,2.048,2.048,2.048,2.048
1981-05-21,2.076,2.076,2.076,2.076
1981-05-22,2.073,2.073,2.073,2.073
1981-05-26,2.076,2.076,2.076,2.076
1981-05-27,2.086,2.086,2.086,2.086
1981-05-28,2.0728,2.0728,2.0728,2.0728
1981-05-29,2.0758,2.0758,2.0758,2.0758
1981-06-01,2.076,2.076,2.076,2.076
1981-06-02,2.102,2.102,2.102,2.102
1981-06-03,2.09,2.09,2.09,2.09
1981-06-04,2.144,2.144,2.144,2.144
1981-06-05,2.135,2.135,2.135,2.135
1981-06-08,2.115,2.115,2.115,2.115
1981-06-09,2.112,2.112,2.112,2.112
1981-06-10,2.088,2.088,2.088,2.088
1981-06-11,2.115,2.115,2.115,2.115
1981-06-12,2.096,2.096,2.096,2.096
1981-06-15,2.0445,2.0445,2.0445,2.0445
1981-06-16,2.0505,2.0505,2.0505,2.0505
1981-06-17,2.048,2.048,2.048,2.048
1981-06-18,2.072,2.072,2.072,2.072
1981-06-19,2.068,2.068,2.068,2.068
1981-06-22,2.054,2.054,2.054,2.054
1981-06-23,2.034,2.034,2.034,2.034
1981-06-24,2.0375,2.0375,2.0375,2.0375
1981-06-25,2.039,2.039,2.039,2.039
1981-06-26,2.028,2.028,2.028,2.028
1981-06-29,2.0335,2.0335,2.0335,2.0335
1981-06-30,2.0495,2.0495,2.0495,2.0495
1981-07-01,2.075,2.075,2.075,2.075
1981-07-02,2.0735,2.0735,2.0735,2.0735
1981-07-03,2.075,2.075,2.075,2.075
1981-07-06,2.091,2.091,2.091,2.091
1981-07-07,2.0915,2.0915,2.0915,2.0915
1981-07-08,2.115,2.115,2.115,2.115
1981-07-09,2.106,2.106,2.106,2.106
1981-07-10,2.078,2.078,2.078,2.078
1981-07-13,2.071,2.071,2.071,2.071
1981-07-14,2.094,2.094,2.094,2.094
1981-07-15,2.07,2.07,2.07,2.07
1981-07-16,2.074,2.074,2.074,2.074
1981-07-17,2.0845,2.0845,2.0845,2.0845
1981-07-20,2.0965,2.0965,2.0965,2.0965
1981-07-21,2.116,2.116,2.116,2.116
1981-07-22,2.1015,2.1015,2.1015,2.1015
1981-07-23,2.1085,2.1085,2.1085,2.1085
1981-07-24,2.105,2.105,2.105,2.105
1981-07-27,2.1125,2.1125,2.1125,2.1125
1981-07-28,2.115,2.115,2.115,2.115
1981-07-29,2.122,2.122,2.122,2.122
1981-07-30,2.132,2.132,2.132,2.132
1981-07-31,2.1485,2.1485,2.1485,2.1485
1981-08-03,2.198,2.198,2.198,2.198
1981-08-04,2.204,2.204,2.204,2.204
1981-08-05,2.181,2.181,2.181,2.181
1981-08-06,2.1889,2.1889,2.1889,2.1889
1981-08-07,2.185,2.185,2.185,2.185
1981-08-10,2.2,2.2,2.2,2.2
1981-08-11,2.195,2.195,2.195,2.195
1981-08-12,2.16,2.16,2.16,2.16
1981-08-13,2.169,2.169,2.169,2.169
1981-08-14,2.186,2.186,2.186,2.186
1981-08-17,2.1715,2.1715,2.1715,2.1715
1981-08-18,2.1765,2.1765,2.1765,2.1765
1981-08-19,2.17,2.17,2.17,2.17
1981-08-20,2.152,2.152,2.152,2.152
1981-08-21,2.138,2.138,2.138,2.138
1981-08-24,2.1465,2.1465,2.1465,2.1465
1981-08-25,2.175,2.175,2.175,2.175
1981-08-26,2.148,2.148,2.148,2.148
1981-08-27,2.148,2.148,2.148,2.148
1981-08-28,2.132,2.132,2.132,2.132
1981-08-31,2.142,2.142,2.142,2.142
1981-09-01,2.1595,2.1595,2.1595,2.1595
1981-09-02,2.15,2.15,2.15,2.15
1981-09-03,2.117,2.117,2.117,2.117
1981-09-04,2.0895,2.0895,2.0895,2.0895
1981-09-08,2.118,2.118,2.118,2.118
1981-09-09,2.0985,2.0985,2.0985,2.0985
1981-09-10,2.063,2.063,2.063,2.063
1981-09-11,2.052,2.052,2.052,2.052
1981-09-14,2.033,2.033,2.033,2.033
1981-09-15,1.998,1.998,1.998,1.998
1981-09-16,1.98,1.98,1.98,1.98
1981-09-17,1.9615,1.9615,1.9615,1.9615
1981-09-18,1.948,1.948,1.948,1.948
1981-09-21,1.907,1.907,1.907,1.907
1981-09-22,1.96,1.96,1.96,1.96
1981-09-23,1.964,1.964,1.964,1.964
1981-09-24,1.975,1.975,1.975,1.975
1981-09-25,1.977,1.977,1.977,1.977
1981-09-28,1.979,1.979,1.979,1.979
1981-09-29,1.963,1.963,1.963,1.963
1981-09-30,1.975,1.975,1.975,1.975
1981-10-01,1.969,1.969,1.969,1.969
1981-10-02,1.935,1.935,1.935,1.935
1981-10-05,1.887,1.887,1.887,1.887
1981-10-06,1.905,1.905,1.905,1.905
1981-10-07,1.878,1.878,1.878,1.878
1981-10-08,1.866,1.866,1.866,1.866
1981-10-09,1.84,1.84,1.84,1.84
1981-10-13,1.86,1.86,1.86,1.86
1981-10-14,1.862,1.862,1.862,1.862
1981-10-15,1.87,1.87,1.87,1.87
1981-10-16,1.87,1.87,1.87,1.87
1981-10-19,1.8645,1.8645,1.8645,1.8645
1981-10-20,1.876,1.876,1.876,1.876
1981-10-21,1.8965,1.8965,1.8965,1.8965
1981-10-22,1.902,1.902,1.902,1.902
1981-10-23,1.889,1.889,1.889,1.889
1981-10-26,1.917,1.917,1.917,1.917
1981-10-27,1.9085,1.9085,1.9085,1.9085
1981-10-28,1.883,1.883,1.883,1.883
1981-10-29,1.86,1.86,1.86,1.86
1981-10-30,1.835,1.835,1.835,1.835
1981-11-02,1.8025,1.8025,1.8025,1.8025
1981-11-04,1.788,1.788,1.788,1.788
1981-11-05,1.793,1.793,1.793,1.793
1981-11-06,1.7905,1.7905,1.7905,1.7905
1981-11-09,1.77,1.77,1.77,1.77
1981-11-10,1.7925,1.7925,1.7925,1.7925
1981-11-12,1.759,1.759,1.759,1.759
1981-11-13,1.757,1.757,1.757,1.757
1981-11-16,1.766,1.766,1.766,1.766
1981-11-17,1.8015,1.8015,1.8015,1.8015
1981-11-18,1.789,1.789,1.789,1.789
1981-11-19,1.797,1.797,1.797,1.797
1981-11-20,1.818,1.818,1.818,1.818
1981-11-23,1.806,1.806,1.806,1.806
1981-11-24,1.7855,1.7855,1.7855,1.7855
1981-11-25,1.78,1.78,1.78,1.78
1981-11-27,1.7775,1.7775,1.7775,1.7775
1981-11-30,1.7725,1.7725,1.7725,1.7725
1981-12-01,1.7865,1.7865,1.7865,1.7865
1981-12-02,1.7785,1.7785,1.7785,1.7785
1981-12-03,1.793,1.793,1.793,1.793
1981-12-04,1.7885,1.7885,1.7885,1.7885
1981-12-07,1.807,1.807,1.807,1.807
1981-12-08,1.827,1.827,1.827,1.827
1981-12-09,1.83,1.83,1.83,1.83
1981-12-10,1.8465,1.8465,1.8465,1.8465
1981-12-11,1.846,1.846,1.846,1.846
1981-12-14,1.847,1.847,1.847,1.847
1981-12-15,1.833,1.833,1.833,1.833
1981-12-16,1.8275,1.8275,1.8275,1.8275
1981-12-17,1.823,1.823,1.823,1.823
1981-12-18,1.83,1.83,1.83,1.83
1981-12-21,1.821,1.821,1.821,1.821
1981-12-22,1.814,1.814,1.814,1.814
1981-12-23,1.814,1.814,1.814,1.814
1981-12-24,1.815,1.815,1.815,1.815
1981-12-28,1.809,1.809,1.809,1.809
1981-12-29,1.805,1.805,1.805,1.805
1981-12-30,1.804,1.804,1.804,1.804
1981-12-31,1.788,1.788,1.788,1.788
1982-01-04,1.7915,1.7915,1.7915,1.7915
1982-01-05,1.811,1.811,1.811,1.811
1982-01-06,1.8105,1.8105,1.8105,1.8105
1982-01-07,1.8285,1.8285,1.8285,1.8285
1982-01-08,1.827,1.827,1.827,1.827
1982-01-11,1.855,1.855,1.855,1.855
1982-01-12,1.858,1.858,1.858,1.858
1982-01-13,1.86,1.86,1.86,1.86
1982-01-14,1.8545,1.8545,1.8545,1.8545
1982-01-15,1.856,1.856,1.856,1.856
1982-01-18,1.849,1.849,1.849,1.849
1982-01-19,1.847,1.847,1.847,1.847
1982-01-20,1.8605,1.8605,1.8605,1.8605
1982-01-21,1.8435,1.8435,1.8435,1.8435
1982-01-22,1.853,1.853,1.853,1.853
1982-01-25,1.8695,1.8695,1.8695,1.8695
1982-01-26,1.851,1.851,1.851,1.851
1982-01-27,1.8555,1.8555,1.8555,1.8555
1982-01-28,1.8575,1.8575,1.8575,1.8575
1982-01-29,1.846,1.846,1.846,1.846
1982-02-01,1.875,1.875,1.875,1.875
1982-02-02,1.883,1.883,1.883,1.883
1982-02-03,1.897,1.897,1.897,1.897
1982-02-04,1.877,1.877,1.877,1.877
1982-02-05,1.885,1.885,1.885,1.885
1982-02-08,1.895,1.895,1.895,1.895
1982-02-09,1.9115,1.9115,1.9115,1.9115
1982-02-10,1.904,1.904,1.904,1.904
1982-02-11,1.8973,1.8973,1.8973,1.8973
1982-02-16,1.911,1.911,1.911,1.911
1982-02-17,1.9145,1.9145,1.9145,1.9145
1982-02-18,1.895,1.895,1.895,1.895
1982-02-19,1.884,1.884,1.884,1.884
1982-02-22,1.872,1.872,1.872,1.872
1982-02-23,1.879,1.879,1.879,1.879
1982-02-24,1.877,1.877,1.877,1.877
1982-02-25,1.88,1.88,1.88,1.88
1982-02-26,1.899,1.899,1.899,1.899
1982-03-01,1.8935,1.8935,1.8935,1.8935
1982-03-02,1.8775,1.8775,1.8775,1.8775
1982-03-03,1.8805,1.8805,1.8805,1.8805
1982-03-04,1.8705,1.8705,1.8705,1.8705
1982-03-05,1.85,1.85,1.85,1.85
1982-03-08,1.842,1.842,1.842,1.842
1982-03-09,1.8655,1.8655,1.8655,1.8655
1982-03-10,1.859,1.859,1.859,1.859
1982-03-11,1.8695,1.8695,1.8695,1.8695
1982-03-12,1.8805,1.8805,1.8805,1.8805
1982-03-15,1.8775,1.8775,1.8775,1.8775
1982-03-16,1.882,1.882,1.882,1.882
1982-03-17,1.882,1.882,1.882,1.882
1982-03-18,1.8855,1.8855,1.8855,1.8855
1982-03-19,1.8975,1.8975,1.8975,1.8975
1982-03-22,1.9055,1.9055,1.9055,1.9055
1982-03-23,1.896,1.896,1.896,1.896
1982-03-24,1.899,1.899,1.899,1.899
1982-03-25,1.9065,1.9065,1.9065,1.9065
1982-03-26,1.913,1.913,1.913,1.913
1982-03-29,1.9385,1.9385,1.9385,1.9385
1982-03-30,1.9285,1.9285,1.9285,1.9285
1982-03-31,1.9385,1.9385,1.9385,1.9385
1982-04-01,1.941,1.941,1.941,1.941
1982-04-02,1.9395,1.9395,1.9395,1.9395
1982-04-05,1.954,1.954,1.954,1.954
1982-04-06,1.967,1.967,1.967,1.967
1982-04-07,1.963,1.963,1.963,1.963
1982-04-08,1.986,1.986,1.986,1.986
1982-04-09,1.983,1.983,1.983,1.983
1982-04-12,1.9785,1.9785,1.9785,1.9785
1982-04-13,1.956,1.956,1.956,1.956
1982-04-14,1.9695,1.9695,1.9695,1.9695
1982-04-15,1.9795,1.9795,1.9795,1.9795
1982-04-16,1.978,1.978,1.978,1.978
1982-04-19,1.9575,1.9575,1.9575,1.9575
1982-04-20,1.949,1.949,1.949,1.949
1982-04-21,1.9535,1.9535,1.9535,1.9535
1982-04-22,1.966,1.966,1.966,1.966
1982-04-23,1.971,1.971,1.971,1.971
1982-04-26,1.9565,1.9565,1.9565,1.9565
1982-04-27,1.956,1.956,1.956,1.956
1982-04-28,1.951,1.951,1.951,1.951
1982-04-29,1.96,1.96,1.96,1.96
1982-04-30,1.957,1.957,1.957,1.957
1982-05-03,1.944,1.944,1.944,1.944
1982-05-04,1.9575,1.9575,1.9575,1.9575
1982-05-05,1.9385,1.9385,1.9385,1.9385
1982-05-06,1.9185,1.9185,1.9185,1.9185
1982-05-07,1.888,1.888,1.888,1.888
1982-05-10,1.8985,1.8985,1.8985,1.8985
1982-05-11,1.911,1.911,1.911,1.911
1982-05-12,1.928,1.928,1.928,1.928
1982-05-13,1.938,1.938,1.938,1.938
1982-05-14,1.946,1.946,1.946,1.946
1982-05-17,1.9575,1.9575,1.9575,1.9575
1982-05-18,1.9745,1.9745,1.9745,1.9745
1982-05-19,1.975,1.975,1.975,1.975
1982-05-20,1.973,1.973,1.973,1.973
1982-05-21,1.964,1.964,1.964,1.964
1982-05-24,1.957,1.957,1.957,1.957
1982-05-25,1.962,1.962,1.962,1.962
1982-05-26,1.973,1.973,1.973,1.973
1982-05-27,1.999,1.999,1.999,1.999
1982-05-28,1.9975,1.9975,1.9975,1.9975
1982-06-01,2.025,2.025,2.025,2.025
1982-06-02,2.02,2.02,2.02,2.02
1982-06-03,2.024,2.024,2.024,2.024
1982-06-04,2.029,2.029,2.029,2.029
1982-06-07,2.032,2.032,2.032,2.032
1982-06-08,2.045,2.045,2.045,2.045
1982-06-09,2.057,2.057,2.057,2.057
1982-06-10,2.063,2.063,2.063,2.063
1982-06-11,2.049,2.049,2.049,2.049
1982-06-14,2.0715,2.0715,2.0715,2.0715
1982-06-15,2.077,2.077,2.077,2.077
1982-06-16,2.0955,2.0955,2.0955,2.0955
1982-06-17,2.1155,2.1155,2.1155,2.1155
1982-06-18,2.126,2.126,2.126,2.126
1982-06-21,2.129,2.129,2.129,2.129
1982-06-22,2.089,2.089,2.089,2.089
1982-06-23,2.1155,2.1155,2.1155,2.1155
1982-06-24,2.103,2.103,2.103,2.103
1982-06-25,2.126,2.126,2.126,2.126
1982-06-28,2.1365,2.1365,2.1365,2.1365
1982-06-29,2.107,2.107,2.107,2.107
1982-06-30,2.0995,2.0995,2.0995,2.0995
1982-07-01,2.1025,2.1025,2.1025,2.1025
1982-07-02,2.104,2.104,2.104,2.104
1982-07-06,2.1195,2.1195,2.1195,2.1195
1982-07-07,2.144,2.144,2.144,2.144
1982-07-08,2.147,2.147,2.147,2.147
1982-07-09,2.123,2.123,2.123,2.123
1982-07-12,2.108,2.108,2.108,2.108
1982-07-13,2.13,2.13,2.13,2.13
1982-07-14,2.131,2.131,2.131,2.131
1982-07-15,2.123,2.123,2.123,2.123
1982-07-16,2.104,2.104,2.104,2.104
1982-07-19,2.105,2.105,2.105,2.105
1982-07-20,2.085,2.085,2.085,2.085
1982-07-21,2.06,2.06,2.06,2.06
1982-07-22,2.0625,2.0625,2.0625,2.0625
1982-07-23,2.021,2.021,2.021,2.021
1982-07-26,2.0285,2.0285,2.0285,2.0285
1982-07-27,2.0485,2.0485,2.0485,2.0485
1982-07-28,2.074,2.074,2.074,2.074
1982-07-29,2.0955,2.0955,2.0955,2.0955
1982-07-30,2.1,2.1,2.1,2.1
1982-08-02,2.066,2.066,2.066,2.066
1982-08-03,2.072,2.072,2.072,2.072
1982-08-04,2.117,2.117,2.117,2.117
1982-08-05,2.1195,2.1195,2.1195,2.1195
1982-08-06,2.131,2.131,2.131,2.131
1982-08-09,2.1495,2.1495,2.1495,2.1495
1982-08-10,2.1465,2.1465,2.1465,2.1465
1982-08-11,2.1545,2.1545,2.1545,2.1545
1982-08-12,2.159,2.159,2.159,2.159
1982-08-13,2.145,2.145,2.145,2.145
1982-08-16,2.16,2.16,2.16,2.16
1982-08-17,2.1475,2.1475,2.1475,2.1475
1982-08-18,2.11,2.11,2.11,2.11
1982-08-19,2.115,2.115,2.115,2.115
1982-08-20,2.076,2.076,2.076,2.076
1982-08-23,2.076,2.076,2.076,2.076
1982-08-24,2.04,2.04,2.04,2.04
1982-08-25,2.043,2.043,2.043,2.043
1982-08-26,2.07,2.07,2.07,2.07
1982-08-27,2.098,2.098,2.098,2.098
1982-08-30,2.14,2.14,2.14,2.14
1982-08-31,2.127,2.127,2.127,2.127
1982-09-01,2.125,2.125,2.125,2.125
1982-09-02,2.1085,2.1085,2.1085,2.1085
1982-09-03,2.103,2.103,2.103,2.103
1982-09-07,2.106,2.106,2.106,2.106
1982-09-08,2.125,2.125,2.125,2.125
1982-09-09,2.114,2.114,2.114,2.114
1982-09-10,2.144,2.144,2.144,2.144
1982-09-13,2.148,2.148,2.148,2.148
1982-09-14,2.145,2.145,2.145,2.145
1982-09-15,2.145,2.145,2.145,2.145
1982-09-16,2.139,2.139,2.139,2.139
1982-09-17,2.132,2.132,2.132,2.132
1982-09-20,2.14,2.14,2.14,2.14
1982-09-21,2.145,2.145,2.145,2.145
1982-09-22,2.138,2.138,2.138,2.138
1982-09-23,2.1515,2.1515,2.1515,2.1515
1982-09-24,2.166,2.166,2.166,2.166
1982-09-27,2.1805,2.1805,2.1805,2.1805
1982-09-28,2.1815,2.1815,2.1815,2.1815
1982-09-29,2.1695,2.1695,2.1695,2.1695
1982-09-30,2.171,2.171,2.171,2.171
1982-10-01,2.174,2.174,2.174,2.174
1982-10-04,2.2025,2.2025,2.2025,2.2025
1982-10-05,2.1985,2.1985,2.1985,2.1985
1982-10-06,2.188,2.188,2.188,2.188
1982-10-07,2.156,2.156,2.156,2.156
1982-10-08,2.154,2.154,2.154,2.154
1982-10-12,2.1175,2.1175,2.1175,2.1175
1982-10-13,2.1415,2.1415,2.1415,2.1415
1982-10-14,2.155,2.155,2.155,2.155
1982-10-15,2.1515,2.1515,2.1515,2.1515
1982-10-18,2.1495,2.1495,2.1495,2.1495
1982-10-19,2.158,2.158,2.158,2.158
1982-10-20,2.1705,2.1705,2.1705,2.1705
1982-10-21,2.175,2.175,2.175,2.175
1982-10-22,2.177,2.177,2.177,2.177
1982-10-25,2.198,2.198,2.198,2.198
1982-10-26,2.195,2.195,2.195,2.195
1982-10-27,2.192,2.192,2.192,2.192
1982-10-28,2.212,2.212,2.212,2.212
1982-10-29,2.2075,2.2075,2.2075,2.2075
1982-11-01,2.191,2.191,2.191,2.191
1982-11-03,2.2,2.2,2.2,2.2
1982-11-04,2.222,2.222,2.222,2.222
1982-11-05,2.218,2.218,2.218,2.218
1982-11-08,2.2405,2.2405,2.2405,2.2405
1982-11-09,2.2105,2.2105,2.2105,2.2105
1982-11-10,2.217,2.217,2.217,2.217
1982-11-12,2.224,2.224,2.224,2.224
1982-11-15,2.22,2.22,2.22,2.22
1982-11-16,2.1925,2.1925,2.1925,2.1925
1982-11-17,2.2035,2.2035,2.2035,2.2035
1982-11-18,2.1985,2.1985,2.1985,2.1985
1982-11-19,2.1815,2.1815,2.1815,2.1815
1982-11-22,2.192,2.192,2.192,2.192
1982-11-23,2.191,2.191,2.191,2.191
1982-11-24,2.1655,2.1655,2.1655,2.1655
1982-11-26,2.151,2.151,2.151,2.151
1982-11-29,2.133,2.133,2.133,2.133
1982-11-30,2.1175,2.1175,2.1175,2.1175
1982-12-01,2.111,2.111,2.111,2.111
1982-12-02,2.0975,2.0975,2.0975,2.0975
1982-12-03,2.076,2.076,2.076,2.076
1982-12-06,2.0695,2.0695,2.0695,2.0695
1982-12-07,2.059,2.059,2.059,2.059
1982-12-08,2.066,2.066,2.066,2.066
1982-12-09,2.0935,2.0935,2.0935,2.0935
1982-12-10,2.083,2.083,2.083,2.083
1982-12-13,2.119,2.119,2.119,2.119
1982-12-14,2.08,2.08,2.08,2.08
1982-12-15,2.092,2.092,2.092,2.092
1982-12-16,2.055,2.055,2.055,2.055
1982-12-17,2.049,2.049,2.049,2.049
1982-12-20,2.036,2.036,2.036,2.036
1982-12-21,2.021,2.021,2.021,2.021
1982-12-22,2.019,2.019,2.019,2.019
1982-12-23,2.01,2.01,2.01,2.01
1982-12-24,2.001,2.001,2.001,2.001
1982-12-27,2.001,2.001,2.001,2.001
1982-12-28,1.999,1.999,1.999,1.999
1982-12-29,1.995,1.995,1.995,1.995
1982-12-30,2.0125,2.0125,2.0125,2.0125
1982-12-31,2.0075,2.0075,2.0075,2.0075
1983-01-03,1.994,1.994,1.994,1.994
1983-01-04,1.989,1.989,1.989,1.989
1983-01-05,1.9575,1.9575,1.9575,1.9575
1983-01-06,1.96,1.96,1.96,1.96
1983-01-07,1.936,1.936,1.936,1.936
1983-01-10,1.9175,1.9175,1.9175,1.9175
1983-01-11,1.936,1.936,1.936,1.936
1983-01-12,1.946,1.946,1.946,1.946
1983-01-13,1.919,1.919,1.919,1.919
1983-01-14,1.934,1.934,1.934,1.934
1983-01-17,1.9335,1.9335,1.9335,1.9335
1983-01-18,1.964,1.964,1.964,1.964
1983-01-19,1.976,1.976,1.976,1.976
1983-01-20,1.978,1.978,1.978,1.978
1983-01-21,1.991,1.991,1.991,1.991
1983-01-24,2.025,2.025,2.025,2.025
1983-01-25,1.9905,1.9905,1.9905,1.9905
1983-01-26,1.9875,1.9875,1.9875,1.9875
1983-01-27,1.988,1.988,1.988,1.988
1983-01-28,1.991,1.991,1.991,1.991
1983-01-31,2.015,2.015,2.015,2.015
1983-02-01,2.0155,2.0155,2.0155,2.0155
1983-02-02,2.0485,2.0485,2.0485,2.0485
1983-02-03,2.0185,2.0185,2.0185,2.0185
1983-02-04,2.036,2.036,2.036,2.036
1983-02-07,2.019,2.019,2.019,2.019
1983-02-08,2.0185,2.0185,2.0185,2.0185
1983-02-09,2.021,2.021,2.021,2.021
1983-02-10,2.012,2.012,2.012,2.012
1983-02-11,2.006,2.006,2.006,2.006
1983-02-14,2.0065,2.0065,2.0065,2.0065
1983-02-15,1.9995,1.9995,1.9995,1.9995
1983-02-16,1.9785,1.9785,1.9785,1.9785
1983-02-17,1.9915,1.9915,1.9915,1.9915
1983-02-18,1.997,1.997,1.997,1.997
1983-02-22,2.019,2.019,2.019,2.019
1983-02-23,2.036,2.036,2.036,2.036
1983-02-24,2.0245,2.0245,2.0245,2.0245
1983-02-25,2.032,2.032,2.032,2.032
1983-02-28,2.0625,2.0625,2.0625,2.0625
1983-03-01,2.0675,2.0675,2.0675,2.0675
1983-03-02,2.0545,2.0545,2.0545,2.0545
1983-03-03,2.0545,2.0545,2.0545,2.0545
1983-03-04,2.043,2.043,2.043,2.043
1983-03-07,2.045,2.045,2.045,2.045
1983-03-08,2.0625,2.0625,2.0625,2.0625
1983-03-09,2.062,2.062,2.062,2.062
1983-03-10,2.052,2.052,2.052,2.052
1983-03-11,2.072,2.072,2.072,2.072
1983-03-14,2.0635,2.0635,2.0635,2.0635
1983-03-15,2.052,2.052,2.052,2.052
1983-03-16,2.05,2.05,2.05,2.05
1983-03-17,2.061,2.061,2.061,2.061
1983-03-18,2.067,2.067,2.067,2.067
1983-03-21,2.08,2.08,2.08,2.08
1983-03-22,2.078,2.078,2.078,2.078
1983-03-23,2.087,2.087,2.087,2.087
1983-03-24,2.071,2.071,2.071,2.071
1983-03-25,2.065,2.065,2.065,2.065
1983-03-28,2.0855,2.0855,2.0855,2.0855
1983-03-29,2.0815,2.0815,2.0815,2.0815
1983-03-30,2.084,2.084,2.084,2.084
1983-03-31,2.0855,2.0855,2.0855,2.0855
1983-04-04,2.072,2.072,2.072,2.072
1983-04-05,2.0515,2.0515,2.0515,2.0515
1983-04-06,2.045,2.045,2.045,2.045
1983-04-07,2.05,2.05,2.05,2.05
1983-04-08,2.058,2.058,2.058,2.058
1983-04-11,2.051,2.051,2.051,2.051
1983-04-12,2.0445,2.0445,2.0445,2.0445
1983-04-13,2.056,2.056,2.056,2.056
1983-04-14,2.049,2.049,2.049,2.049
1983-04-15,2.04,2.04,2.04,2.04
1983-04-18,2.0605,2.0605,2.0605,2.0605
1983-04-19,2.064,2.064,2.064,2.064
1983-04-20,2.073,2.073,2.073,2.073
1983-04-21,2.0635,2.0635,2.0635,2.0635
1983-04-22,2.061,2.061,2.061,2.061
1983-04-25,2.0555,2.0555,2.0555,2.0555
1983-04-26,2.057,2.057,2.057,2.057
1983-04-27,2.0525,2.0525,2.0525,2.0525
1983-04-28,2.068,2.068,2.068,2.068
1983-04-29,2.073,2.073,2.073,2.073
1983-05-02,2.0685,2.0685,2.0685,2.0685
1983-05-03,2.0678,2.0678,2.0678,2.0678
1983-05-04,2.057,2.057,2.057,2.057
1983-05-05,2.0535,2.0535,2.0535,2.0535
1983-05-06,2.053,2.053,2.053,2.053
1983-05-09,2.039,2.039,2.039,2.039
1983-05-10,2.042,2.042,2.042,2.042
1983-05-11,2.024,2.024,2.024,2.024
1983-05-12,2.0225,2.0225,2.0225,2.0225
1983-05-13,2.023,2.023,2.023,2.023
1983-05-16,2.043,2.043,2.043,2.043
1983-05-17,2.048,2.048,2.048,2.048
1983-05-18,2.023,2.023,2.023,2.023
1983-05-19,2.0695,2.0695,2.0695,2.0695
1983-05-20,2.0785,2.0785,2.0785,2.0785
1983-05-23,2.0785,2.0785,2.0785,2.0785
1983-05-24,2.0825,2.0825,2.0825,2.0825
1983-05-25,2.073,2.073,2.073,2.073
1983-05-26,2.0745,2.0745,2.0745,2.0745
1983-05-27,2.085,2.085,2.085,2.085
1983-05-31,2.096,2.096,2.096,2.096
1983-06-01,2.109,2.109,2.109,2.109
1983-06-02,2.104,2.104,2.104,2.104
1983-06-03,2.1085,2.1085,2.1085,2.1085
1983-06-06,2.1205,2.1205,2.1205,2.1205
1983-06-07,2.13,2.13,2.13,2.13
1983-06-08,2.1315,2.1315,2.1315,2.1315
1983-06-09,2.129,2.129,2.129,2.129
1983-06-10,2.127,2.127,2.127,2.127
1983-06-13,2.127,2.127,2.127,2.127
1983-06-14,2.135,2.135,2.135,2.135
1983-06-15,2.1375,2.1375,2.1375,2.1375
1983-06-16,2.1245,2.1245,2.1245,2.1245
1983-06-17,2.1185,2.1185,2.1185,2.1185
1983-06-20,2.105,2.105,2.105,2.105
1983-06-21,2.1105,2.1105,2.1105,2.1105
1983-06-22,2.0815,2.0815,2.0815,2.0815
1983-06-23,2.0845,2.0845,2.0845,2.0845
1983-06-24,2.0865,2.0865,2.0865,2.0865
1983-06-27,2.096,2.096,2.096,2.096
1983-06-28,2.0965,2.0965,2.0965,2.0965
1983-06-29,2.106,2.106,2.106,2.106
1983-06-30,2.1025,2.1025,2.1025,2.1025
1983-07-01,2.106,2.106,2.106,2.106
1983-07-05,2.129,2.129,2.129,2.129
1983-07-06,2.125,2.125,2.125,2.125
1983-07-07,2.1315,2.1315,2.1315,2.1315
1983-07-08,2.129,2.129,2.129,2.129
1983-07-11,2.13,2.13,2.13,2.13
1983-07-12,2.117,2.117,2.117,2.117
1983-07-13,2.1125,2.1125,2.1125,2.1125
1983-07-14,2.115,2.115,2.115,2.115
1983-07-15,2.1285,2.1285,2.1285,2.1285
1983-07-18,2.122,2.122,2.122,2.122
1983-07-19,2.1185,2.1185,2.1185,2.1185
1983-07-20,2.0995,2.0995,2.0995,2.0995
1983-07-21,2.0975,2.0975,2.0975,2.0975
1983-07-22,2.107,2.107,2.107,2.107
1983-07-25,2.115,2.115,2.115,2.115
1983-07-26,2.112,2.112,2.112,2.112
1983-07-27,2.115,2.115,2.115,2.115
1983-07-28,2.123,2.123,2.123,2.123
1983-07-29,2.1345,2.1345,2.1345,2.1345
1983-08-01,2.155,2.155,2.155,2.155
1983-08-02,2.141,2.141,2.141,2.141
1983-08-03,2.154,2.154,2.154,2.154
1983-08-04,2.1605,2.1605,2.1605,2.1605
1983-08-05,2.1705,2.1705,2.1705,2.1705
1983-08-08,2.1782,2.1782,2.1782,2.1782
1983-08-09,2.1775,2.1775,2.1775,2.1775
1983-08-10,2.1955,2.1955,2.1955,2.1955
1983-08-11,2.192,2.192,2.192,2.192
1983-08-12,2.1845,2.1845,2.1845,2.1845
1983-08-15,2.1685,2.1685,2.1685,2.1685
1983-08-16,2.1415,2.1415,2.1415,2.1415
1983-08-17,2.141,2.141,2.141,2.141
1983-08-18,2.145,2.145,2.145,2.145
1983-08-19,2.155,2.155,2.155,2.155
1983-08-22,2.1415,2.1415,2.1415,2.1415
1983-08-23,2.138,2.138,2.138,2.138
1983-08-24,2.1465,2.1465,2.1465,2.1465
1983-08-25,2.146,2.146,2.146,2.146
1983-08-26,2.171,2.171,2.171,2.171
1983-08-29,2.1792,2.1792,2.1792,2.1792
1983-08-30,2.1845,2.1845,2.1845,2.1845
1983-08-31,2.187,2.187,2.187,2.187
1983-09-01,2.1885,2.1885,2.1885,2.1885
1983-09-02,2.19,2.19,2.19,2.19
1983-09-06,2.1775,2.1775,2.1775,2.1775
1983-09-07,2.181,2.181,2.181,2.181
1983-09-08,2.174,2.174,2.174,2.174
1983-09-09,2.1695,2.1695,2.1695,2.1695
1983-09-12,2.164,2.164,2.164,2.164
1983-09-13,2.1795,2.1795,2.1795,2.1795
1983-09-14,2.185,2.185,2.185,2.185
1983-09-15,2.178,2.178,2.178,2.178
1983-09-16,2.165,2.165,2.165,2.165
1983-09-19,2.153,2.153,2.153,2.153
1983-09-20,2.159,2.159,2.159,2.159
1983-09-21,2.161,2.161,2.161,2.161
1983-09-22,2.1715,2.1715,2.1715,2.1715
1983-09-23,2.145,2.145,2.145,2.145
1983-09-26,2.145,2.145,2.145,2.145
1983-09-27,2.1385,2.1385,2.1385,2.1385
1983-09-28,2.133,2.133,2.133,2.133
1983-09-29,2.1306,2.1306,2.1306,2.1306
1983-09-30,2.12,2.12,2.12,2.12
1983-10-03,2.113,2.113,2.113,2.113
1983-10-04,2.1175,2.1175,2.1175,2.1175
1983-10-05,2.1015,2.1015,2.1015,2.1015
1983-10-06,2.0945,2.0945,2.0945,2.0945
1983-10-07,2.087,2.087,2.087,2.087
1983-10-11,2.1035,2.1035,2.1035,2.1035
1983-10-12,2.123,2.123,2.123,2.123
1983-10-13,2.1155,2.1155,2.1155,2.1155
1983-10-14,2.121,2.121,2.121,2.121
1983-10-17,2.1103,2.1103,2.1103,2.1103
1983-10-18,2.098,2.098,2.098,2.098
1983-10-19,2.0995,2.0995,2.0995,2.0995
1983-10-20,2.104,2.104,2.104,2.104
1983-10-21,2.101,2.101,2.101,2.101
1983-10-24,2.1208,2.1208,2.1208,2.1208
1983-10-25,2.1145,2.1145,2.1145,2.1145
1983-10-26,2.123,2.123,2.123,2.123
1983-10-27,2.1245,2.1245,2.1245,2.1245
1983-10-28,2.1295,2.1295,2.1295,2.1295
1983-10-31,2.143,2.143,2.143,2.143
1983-11-01,2.1615,2.1615,2.1615,2.1615
1983-11-02,2.1505,2.1505,2.1505,2.1505
1983-11-03,2.158,2.158,2.158,2.158
1983-11-04,2.17,2.17,2.17,2.17
1983-11-07,2.177,2.177,2.177,2.177
1983-11-09,2.1675,2.1675,2.1675,2.1675
1983-11-10,2.152,2.152,2.152,2.152
1983-11-14,2.163,2.163,2.163,2.163
1983-11-15,2.1634,2.1634,2.1634,2.1634
1983-11-16,2.1665,2.1665,2.1665,2.1665
1983-11-17,2.183,2.183,2.183,2.183
1983-11-18,2.1865,2.1865,2.1865,2.1865
1983-11-21,2.183,2.183,2.183,2.183
1983-11-22,2.1695,2.1695,2.1695,2.1695
1983-11-23,2.179,2.179,2.179,2.179
1983-11-25,2.1815,2.1815,2.1815,2.1815
1983-11-28,2.177,2.177,2.177,2.177
1983-11-29,2.1815,2.1815,2.1815,2.1815
1983-11-30,2.1615,2.1615,2.1615,2.1615
1983-12-01,2.163,2.163,2.163,2.163
1983-12-02,2.174,2.174,2.174,2.174
1983-12-05,2.19,2.19,2.19,2.19
1983-12-06,2.1865,2.1865,2.1865,2.1865
1983-12-07,2.1905,2.1905,2.1905,2.1905
1983-12-08,2.194,2.194,2.194,2.194
1983-12-09,2.2115,2.2115,2.2115,2.2115
1983-12-12,2.212,2.212,2.212,2.212
1983-12-13,2.22,2.22,2.22,2.22
1983-12-14,2.2125,2.2125,2.2125,2.2125
1983-12-15,2.2135,2.2135,2.2135,2.2135
1983-12-16,2.216,2.216,2.216,2.216
1983-12-19,2.2115,2.2115,2.2115,2.2115
1983-12-20,2.208,2.208,2.208,2.208
1983-12-21,2.2105,2.2105,2.2105,2.2105
1983-12-22,2.2115,2.2115,2.2115,2.2115
1983-12-23,2.198,2.198,2.198,2.198
1983-12-27,2.19,2.19,2.19,2.19
1983-12-28,2.189,2.189,2.189,2.189
1983-12-29,2.184,2.184,2.184,2.184
1983-12-30,2.179,2.179,2.179,2.179
1984-01-03,2.2165,2.2165,2.2165,2.2165
1984-01-04,2.233,2.233,2.233,2.233
1984-01-05,2.2315,2.2315,2.2315,2.2315
1984-01-06,2.2383,2.2383,2.2383,2.2383
1984-01-09,2.252,2.252,2.252,2.252
1984-01-10,2.2355,2.2355,2.2355,2.2355
1984-01-11,2.253,2.253,2.253,2.253
1984-01-12,2.25,2.25,2.25,2.25
1984-01-13,2.2275,2.2275,2.2275,2.2275
1984-01-16,2.222,2.222,2.222,2.222
1984-01-17,2.2365,2.2365,2.2365,2.2365
1984-01-18,2.2325,2.2325,2.2325,2.2325
1984-01-19,2.223,2.223,2.223,2.223
1984-01-20,2.2405,2.2405,2.2405,2.2405
1984-01-23,2.237,2.237,2.237,2.237
1984-01-24,2.247,2.247,2.247,2.247
1984-01-25,2.244,2.244,2.244,2.244
1984-01-26,2.2383,2.2383,2.2383,2.2383
1984-01-27,2.246,2.246,2.246,2.246
1984-01-30,2.2415,2.2415,2.2415,2.2415
1984-01-31,2.253,2.253,2.253,2.253
1984-02-01,2.235,2.235,2.235,2.235
1984-02-02,2.2175,2.2175,2.2175,2.2175
1984-02-03,2.197,2.197,2.197,2.197
1984-02-06,2.213,2.213,2.213,2.213
1984-02-07,2.235,2.235,2.235,2.235
1984-02-08,2.2295,2.2295,2.2295,2.2295
1984-02-09,2.2275,2.2275,2.2275,2.2275
1984-02-10,2.24,2.24,2.24,2.24
1984-02-14,2.223,2.223,2.223,2.223
1984-02-15,2.197,2.197,2.197,2.197
1984-02-16,2.1925,2.1925,2.1925,2.1925
1984-02-17,2.1945,2.1945,2.1945,2.1945
1984-02-21,2.2205,2.2205,2.2205,2.2205
1984-02-22,2.194,2.194,2.194,2.194
1984-02-23,2.193,2.193,2.193,2.193
1984-02-24,2.174,2.174,2.174,2.174
1984-02-27,2.178,2.178,2.178,2.178
1984-02-28,2.1665,2.1665,2.1665,2.1665
1984-02-29,2.168,2.168,2.168,2.168
1984-03-01,2.176,2.176,2.176,2.176
1984-03-02,2.1545,2.1545,2.1545,2.1545
1984-03-05,2.128,2.128,2.128,2.128
1984-03-06,2.1095,2.1095,2.1095,2.1095
1984-03-07,2.116,2.116,2.116,2.116
1984-03-08,2.136,2.136,2.136,2.136
1984-03-09,2.134,2.134,2.134,2.134
1984-03-12,2.153,2.153,2.153,2.153
1984-03-13,2.126,2.126,2.126,2.126
1984-03-14,2.128,2.128,2.128,2.128
1984-03-15,2.143,2.143,2.143,2.143
1984-03-16,2.156,2.156,2.156,2.156
1984-03-19,2.163,2.163,2.163,2.163
1984-03-20,2.167,2.167,2.167,2.167
1984-03-21,2.1767,2.1767,2.1767,2.1767
1984-03-22,2.175,2.175,2.175,2.175
1984-03-23,2.172,2.172,2.172,2.172
1984-03-26,2.157,2.157,2.157,2.157
1984-03-27,2.1522,2.1522,2.1522,2.1522
1984-03-28,2.158,2.158,2.158,2.158
1984-03-29,2.144,2.144,2.144,2.144
1984-03-30,2.1525,2.1525,2.1525,2.1525
1984-04-02,2.1535,2.1535,2.1535,2.1535
1984-04-03,2.1675,2.1675,2.1675,2.1675
1984-04-04,2.1715,2.1715,2.1715,2.1715
1984-04-05,2.181,2.181,2.181,2.181
1984-04-06,2.175,2.175,2.175,2.175
1984-04-09,2.176,2.176,2.176,2.176
1984-04-10,2.1695,2.1695,2.1695,2.1695
1984-04-11,2.1655,2.1655,2.1655,2.1655
1984-04-12,2.1715,2.1715,2.1715,2.1715
1984-04-13,2.1765,2.1765,2.1765,2.1765
1984-04-16,2.1868,2.1868,2.1868,2.1868
1984-04-17,2.193,2.193,2.193,2.193
1984-04-18,2.1903,2.1903,2.1903,2.1903
1984-04-19,2.202,2.202,2.202,2.202
1984-04-20,2.202,2.202,2.202,2.202
1984-04-23,2.196,2.196,2.196,2.196
1984-04-24,2.2175,2.2175,2.2175,2.2175
1984-04-25,2.216,2.216,2.216,2.216
1984-04-26,2.2262,2.2262,2.2262,2.2262
1984-04-27,2.2345,2.2345,2.2345,2.2345
1984-04-30,2.2465,2.2465,2.2465,2.2465
1984-05-01,2.2448,2.2448,2.2448,2.2448
1984-05-02,2.2477,2.2477,2.2477,2.2477
1984-05-03,2.242,2.242,2.242,2.242
1984-05-04,2.2505,2.2505,2.2505,2.2505
1984-05-07,2.282,2.282,2.282,2.282
1984-05-08,2.282,2.282,2.282,2.282
1984-05-09,2.28,2.28,2.28,2.28
1984-05-10,2.288,2.288,2.288,2.288
1984-05-11,2.2902,2.2902,2.2902,2.2902
1984-05-14,2.28,2.28,2.28,2.28
1984-05-15,2.2715,2.2715,2.2715,2.2715
1984-05-16,2.268,2.268,2.268,2.268
1984-05-17,2.2735,2.2735,2.2735,2.2735
1984-05-18,2.281,2.281,2.281,2.281
1984-05-21,2.2695,2.2695,2.2695,2.2695
1984-05-22,2.267,2.267,2.267,2.267
1984-05-23,2.2775,2.2775,2.2775,2.2775
1984-05-24,2.268,2.268,2.268,2.268
1984-05-25,2.249,2.249,2.249,2.249
1984-05-29,2.259,2.259,2.259,2.259
1984-05-30,2.265,2.265,2.265,2.265
1984-05-31,2.26,2.26,2.26,2.26
1984-06-01,2.2295,2.2295,2.2295,2.2295
1984-06-04,2.226,2.226,2.226,2.226
1984-06-05,2.2345,2.2345,2.2345,2.2345
1984-06-06,2.2335,2.2335,2.2335,2.2335
1984-06-07,2.245,2.245,2.245,2.245
1984-06-08,2.249,2.249,2.249,2.249
1984-06-11,2.267,2.267,2.267,2.267
1984-06-12,2.2787,2.2787,2.2787,2.2787
1984-06-13,2.271,2.271,2.271,2.271
1984-06-14,2.272,2.272,2.272,2.272
1984-06-15,2.2805,2.2805,2.2805,2.2805
1984-06-18,2.293,2.293,2.293,2.293
1984-06-19,2.288,2.288,2.288,2.288
1984-06-20,2.306,2.306,2.306,2.306
1984-06-21,2.313,2.313,2.313,2.313
1984-06-22,2.3135,2.3135,2.3135,2.3135
1984-06-25,2.336,2.336,2.336,2.336
1984-06-26,2.336,2.336,2.336,2.336
1984-06-27,2.332,2.332,2.332,2.332
1984-06-28,2.327,2.327,2.327,2.327
1984-06-29,2.331,2.331,2.331,2.331
1984-07-02,2.3425,2.3425,2.3425,2.3425
1984-07-03,2.3645,2.3645,2.3645,2.3645
1984-07-05,2.374,2.374,2.374,2.374
1984-07-06,2.387,2.387,2.387,2.387
1984-07-09,2.392,2.392,2.392,2.392
1984-07-10,2.3835,2.3835,2.3835,2.3835
1984-07-11,2.403,2.403,2.403,2.403
1984-07-12,2.4085,2.4085,2.4085,2.4085
1984-07-13,2.4,2.4,2.4,2.4
1984-07-16,2.387,2.387,2.387,2.387
1984-07-17,2.4075,2.4075,2.4075,2.4075
1984-07-18,2.4215,2.4215,2.4215,2.4215
1984-07-19,2.4075,2.4075,2.4075,2.4075
1984-07-20,2.423,2.423,2.423,2.423
1984-07-23,2.44,2.44,2.44,2.44
1984-07-24,2.4402,2.4402,2.4402,2.4402
1984-07-25,2.434,2.434,2.434,2.434
1984-07-26,2.4275,2.4275,2.4275,2.4275
1984-07-27,2.462,2.462,2.462,2.462
1984-07-30,2.4635,2.4635,2.4635,2.4635
1984-07-31,2.4725,2.4725,2.4725,2.4725
1984-08-01,2.465,2.465,2.465,2.465
1984-08-02,2.451,2.451,2.451,2.451
1984-08-03,2.404,2.404,2.404,2.404
1984-08-06,2.4205,2.4205,2.4205,2.4205
1984-08-07,2.455,2.455,2.455,2.455
1984-08-08,2.445,2.445,2.445,2.445
1984-08-09,2.4415,2.4415,2.4415,2.4415
1984-08-10,2.4425,2.4425,2.4425,2.4425
1984-08-13,2.4505,2.4505,2.4505,2.4505
1984-08-14,2.4215,2.4215,2.4215,2.4215
1984-08-15,2.4115,2.4115,2.4115,2.4115
1984-08-16,2.3755,2.3755,2.3755,2.3755
1984-08-17,2.3835,2.3835,2.3835,2.3835
1984-08-20,2.396,2.396,2.396,2.396
1984-08-21,2.409,2.409,2.409,2.409
1984-08-22,2.4005,2.4005,2.4005,2.4005
1984-08-23,2.384,2.384,2.384,2.384
1984-08-24,2.393,2.393,2.393,2.393
1984-08-27,2.4005,2.4005,2.4005,2.4005
1984-08-28,2.3925,2.3925,2.3925,2.3925
1984-08-29,2.391,2.391,2.391,2.391
1984-08-30,2.4015,2.4015,2.4015,2.4015
1984-08-31,2.4095,2.4095,2.4095,2.4095
1984-09-04,2.4475,2.4475,2.4475,2.4475
1984-09-05,2.464,2.464,2.464,2.464
1984-09-06,2.4615,2.4615,2.4615,2.4615
1984-09-07,2.487,2.487,2.487,2.487
1984-09-10,2.492,2.492,2.492,2.492
1984-09-11,2.499,2.499,2.499,2.499
1984-09-12,2.49,2.49,2.49,2.49
1984-09-13,2.513,2.513,2.513,2.513
1984-09-14,2.505,2.505,2.505,2.505
1984-09-17,2.5275,2.5275,2.5275,2.5275
1984-09-18,2.543,2.543,2.543,2.543
1984-09-19,2.5345,2.5345,2.5345,2.5345
1984-09-20,2.557,2.557,2.557,2.557
1984-09-21,2.5125,2.5125,2.5125,2.5125
1984-09-24,2.492,2.492,2.492,2.492
1984-09-25,2.5225,2.5225,2.5225,2.5225
1984-09-26,2.508,2.508,2.508,2.508
1984-09-27,2.505,2.505,2.505,2.505
1984-09-28,2.533,2.533,2.533,2.533
1984-10-01,2.523,2.523,2.523,2.523
1984-10-02,2.5095,2.5095,2.5095,2.5095
1984-10-03,2.495,2.495,2.495,2.495
1984-10-04,2.508,2.508,2.508,2.508
1984-10-05,2.521,2.521,2.521,2.521
1984-10-09,2.543,2.543,2.543,2.543
1984-10-10,2.5375,2.5375,2.5375,2.5375
1984-10-11,2.547,2.547,2.547,2.547
1984-10-12,2.562,2.562,2.562,2.562
1984-10-15,2.572,2.572,2.572,2.572
1984-10-16,2.569,2.569,2.569,2.569
1984-10-17,2.558,2.558,2.558,2.558
1984-10-18,2.554,2.554,2.554,2.554
1984-10-19,2.5335,2.5335,2.5335,2.5335
1984-10-22,2.529,2.529,2.529,2.529
1984-10-23,2.5045,2.5045,2.5045,2.5045
1984-10-24,2.485,2.485,2.485,2.485
1984-10-25,2.475,2.475,2.475,2.475
1984-10-26,2.492,2.492,2.492,2.492
1984-10-29,2.521,2.521,2.521,2.521
1984-10-30,2.5065,2.5065,2.5065,2.5065
1984-10-31,2.494,2.494,2.494,2.494
1984-11-01,2.458,2.458,2.458,2.458
1984-11-02,2.426,2.426,2.426,2.426
1984-11-05,2.41,2.41,2.41,2.41
1984-11-07,2.417,2.417,2.417,2.417
1984-11-08,2.415,2.415,2.415,2.415
1984-11-09,2.426,2.426,2.426,2.426
1984-11-13,2.414,2.414,2.414,2.414
1984-11-14,2.45,2.45,2.45,2.45
1984-11-15,2.4415,2.4415,2.4415,2.4415
1984-11-16,2.453,2.453,2.453,2.453
1984-11-19,2.474,2.474,2.474,2.474
1984-11-20,2.49,2.49,2.49,2.49
1984-11-21,2.502,2.502,2.502,2.502
1984-11-23,2.5015,2.5015,2.5015,2.5015
1984-11-26,2.525,2.525,2.525,2.525
1984-11-27,2.523,2.523,2.523,2.523
1984-11-28,2.521,2.521,2.521,2.521
1984-11-29,2.5285,2.5285,2.5285,2.5285
1984-11-30,2.555,2.555,2.555,2.555
1984-12-03,2.5655,2.5655,2.5655,2.5655
1984-12-04,2.53,2.53,2.53,2.53
1984-12-05,2.545,2.545,2.545,2.545
1984-12-06,2.526,2.526,2.526,2.526
1984-12-07,2.544,2.544,2.544,2.544
1984-12-10,2.5535,2.5535,2.5535,2.5535
1984-12-11,2.551,2.551,2.551,2.551
1984-12-12,2.555,2.555,2.555,2.555
1984-12-13,2.562,2.562,2.562,2.562
1984-12-14,2.545,2.545,2.545,2.545
1984-12-17,2.55,2.55,2.55,2.55
1984-12-18,2.5435,2.5435,2.5435,2.5435
1984-12-19,2.558,2.558,2.558,2.558
1984-12-20,2.5715,2.5715,2.5715,2.5715
1984-12-21,2.567,2.567,2.567,2.567
1984-12-24,2.57,2.57,2.57,2.57
1984-12-26,2.576,2.576,2.576,2.576
1984-12-27,2.599,2.599,2.599,2.599
1984-12-28,2.591,2.591,2.591,2.591
1984-12-31,2.601,2.601,2.601,2.601
1985-01-02,2.617,2.617,2.617,2.617
1985-01-03,2.6215,2.6215,2.6215,2.6215
1985-01-04,2.634,2.634,2.634,2.634
1985-01-07,2.6475,2.6475,2.6475,2.6475
1985-01-08,2.6365,2.6365,2.6365,2.6365
1985-01-09,2.652,2.652,2.652,2.652
1985-01-10,2.636,2.636,2.636,2.636
1985-01-11,2.645,2.645,2.645,2.645
1985-01-14,2.677,2.677,2.677,2.677
1985-01-15,2.6805,2.6805,2.6805,2.6805
1985-01-16,2.6765,2.6765,2.6765,2.6765
1985-01-17,2.679,2.679,2.679,2.679
1985-01-18,2.6815,2.6815,2.6815,2.6815
1985-01-22,2.672,2.672,2.672,2.672
1985-01-23,2.6835,2.6835,2.6835,2.6835
1985-01-24,2.6565,2.6565,2.6565,2.6565
1985-01-25,2.6635,2.6635,2.6635,2.6635
1985-01-28,2.6625,2.6625,2.6625,2.6625
1985-01-29,2.667,2.667,2.667,2.667
1985-01-30,2.676,2.676,2.676,2.676
1985-01-31,2.675,2.675,2.675,2.675
1985-02-01,2.7045,2.7045,2.7045,2.7045
1985-02-04,2.7395,2.7395,2.7395,2.7395
1985-02-05,2.7415,2.7415,2.7415,2.7415
1985-02-06,2.7375,2.7375,2.7375,2.7375
1985-02-07,2.76,2.76,2.76,2.76
1985-02-08,2.775,2.775,2.775,2.775
1985-02-11,2.795,2.795,2.795,2.795
1985-02-13,2.812,2.812,2.812,2.812
1985-02-14,2.7985,2.7985,2.7985,2.7985
1985-02-15,2.777,2.777,2.777,2.777
1985-02-19,2.811,2.811,2.811,2.811
1985-02-20,2.823,2.823,2.823,2.823
1985-02-21,2.828,2.828,2.828,2.828
1985-02-22,2.858,2.858,2.858,2.858
1985-02-25,2.917,2.917,2.917,2.917
1985-02-26,2.906,2.906,2.906,2.906
1985-02-27,2.84,2.84,2.84,2.84
1985-02-28,2.857,2.857,2.857,2.857
1985-03-01,2.861,2.861,2.861,2.861
1985-03-04,2.893,2.893,2.893,2.893
1985-03-05,2.9245,2.9245,2.9245,2.9245
1985-03-06,2.898,2.898,2.898,2.898
1985-03-07,2.901,2.901,2.901,2.901
1985-03-08,2.903,2.903,2.903,2.903
1985-03-11,2.849,2.849,2.849,2.849
1985-03-12,2.84,2.84,2.84,2.84
1985-03-13,2.85,2.85,2.85,2.85
1985-03-14,2.88,2.88,2.88,2.88
1985-03-15,2.876,2.876,2.876,2.876
1985-03-18,2.843,2.843,2.843,2.843
1985-03-19,2.7825,2.7825,2.7825,2.7825
1985-03-20,2.755,2.755,2.755,2.755
1985-03-21,2.72,2.72,2.72,2.72
1985-03-22,2.731,2.731,2.731,2.731
1985-03-25,2.742,2.742,2.742,2.742
1985-03-26,2.72,2.72,2.72,2.72
1985-03-27,2.65,2.65,2.65,2.65
1985-03-28,2.65,2.65,2.65,2.65
1985-03-29,2.6,2.6,2.6,2.6
1985-04-01,2.639,2.639,2.639,2.639
1985-04-02,2.66,2.66,2.66,2.66
1985-04-03,2.642,2.642,2.642,2.642
1985-04-04,2.689,2.689,2.689,2.689
1985-04-05,2.675,2.675,2.675,2.675
1985-04-08,2.666,2.666,2.666,2.666
1985-04-09,2.653,2.653,2.653,2.653
1985-04-10,2.653,2.653,2.653,2.653
1985-04-11,2.593,2.593,2.593,2.593
1985-04-12,2.569,2.569,2.569,2.569
1985-04-15,2.529,2.529,2.529,2.529
1985-04-16,2.529,2.529,2.529,2.529
1985-04-17,2.531,2.531,2.531,2.531
1985-04-18,2.48,2.48,2.48,2.48
1985-04-19,2.4765,2.4765,2.4765,2.4765
1985-04-22,2.503,2.503,2.503,2.503
1985-04-23,2.557,2.557,2.557,2.557
1985-04-24,2.595,2.595,2.595,2.595
1985-04-25,2.6215,2.6215,2.6215,2.6215
1985-04-26,2.612,2.612,2.612,2.612
1985-04-29,2.613,2.613,2.613,2.613
1985-04-30,2.6,2.6,2.6,2.6
1985-05-01,2.64,2.64,2.64,2.64
1985-05-02,2.66,2.66,2.66,2.66
1985-05-03,2.711,2.711,2.711,2.711
1985-05-06,2.706,2.706,2.706,2.706
1985-05-07,2.663,2.663,2.663,2.663
1985-05-08,2.686,2.686,2.686,2.686
1985-05-09,2.616,2.616,2.616,2.616
1985-05-10,2.63,2.63,2.63,2.63
1985-05-13,2.584,2.584,2.584,2.584
1985-05-14,2.567,2.567,2.567,2.567
1985-05-15,2.581,2.581,2.581,2.581
1985-05-16,2.591,2.591,2.591,2.591
1985-05-17,2.582,2.582,2.582,2.582
1985-05-20,2.567,2.567,2.567,2.567
1985-05-21,2.582,2.582,2.582,2.582
1985-05-22,2.588,2.588,2.588,2.588
1985-05-23,2.586,2.586,2.586,2.586
1985-05-24,2.608,2.608,2.608,2.608
1985-05-28,2.617,2.617,2.617,2.617
1985-05-29,2.59,2.59,2.59,2.59
1985-05-30,2.599,2.599,2.599,2.599
1985-05-31,2.575,2.575,2.575,2.575
1985-06-03,2.561,2.561,2.561,2.561
1985-06-04,2.571,2.571,2.571,2.571
1985-06-05,2.584,2.584,2.584,2.584
1985-06-06,2.572,2.572,2.572,2.572
1985-06-07,2.598,2.598,2.598,2.598
1985-06-10,2.613,2.613,2.613,2.613
1985-06-11,2.599,2.599,2.599,2.599
1985-06-12,2.601,2.601,2.601,2.601
1985-06-13,2.61,2.61,2.61,2.61
1985-06-14,2.573,2.573,2.573,2.573
1985-06-17,2.5745,2.5745,2.5745,2.5745
1985-06-18,2.539,2.539,2.539,2.539
1985-06-19,2.53,2.53,2.53,2.53
1985-06-20,2.575,2.575,2.575,2.575
1985-06-21,2.565,2.565,2.565,2.565
1985-06-24,2.566,2.566,2.566,2.566
1985-06-25,2.571,2.571,2.571,2.571
1985-06-26,2.535,2.535,2.535,2.535
1985-06-27,2.564,2.564,2.564,2.564
1985-06-28,2.541,2.541,2.541,2.541
1985-07-01,2.549,2.549,2.549,2.549
1985-07-02,2.548,2.548,2.548,2.548
1985-07-03,2.542,2.542,2.542,2.542
1985-07-05,2.52,2.52,2.52,2.52
1985-07-08,2.5005,2.5005,2.5005,2.5005
1985-07-09,2.474,2.474,2.474,2.474
1985-07-10,2.451,2.451,2.451,2.451
1985-07-11,2.436,2.436,2.436,2.436
1985-07-12,2.399,2.399,2.399,2.399
1985-07-15,2.3935,2.3935,2.3935,2.3935
1985-07-16,2.3935,2.3935,2.3935,2.3935
1985-07-17,2.335,2.335,2.335,2.335
1985-07-18,2.369,2.369,2.369,2.369
1985-07-19,2.378,2.378,2.378,2.378
1985-07-22,2.379,2.379,2.379,2.379
1985-07-23,2.34,2.34,2.34,2.34
1985-07-24,2.369,2.369,2.369,2.369
1985-07-25,2.34,2.34,2.34,2.34
1985-07-26,2.335,2.335,2.335,2.335
1985-07-29,2.29,2.29,2.29,2.29
1985-07-30,2.297,2.297,2.297,2.297
1985-07-31,2.294,2.294,2.294,2.294
1985-08-01,2.32,2.32,2.32,2.32
1985-08-02,2.314,2.314,2.314,2.314
1985-08-05,2.3245,2.3245,2.3245,2.3245
1985-08-06,2.3625,2.3625,2.3625,2.3625
1985-08-07,2.362,2.362,2.362,2.362
1985-08-08,2.3405,2.3405,2.3405,2.3405
1985-08-09,2.341,2.341,2.341,2.341
1985-08-12,2.3035,2.3035,2.3035,2.3035
1985-08-13,2.299,2.299,2.299,2.299
1985-08-14,2.302,2.302,2.302,2.302
1985-08-15,2.267,2.267,2.267,2.267
1985-08-16,2.259,2.259,2.259,2.259
1985-08-19,2.2615,2.2615,2.2615,2.2615
1985-08-20,2.279,2.279,2.279,2.279
1985-08-21,2.268,2.268,2.268,2.268
1985-08-22,2.244,2.244,2.244,2.244
1985-08-23,2.253,2.253,2.253,2.253
1985-08-26,2.27,2.27,2.27,2.27
1985-08-27,2.288,2.288,2.288,2.288
1985-08-28,2.2665,2.2665,2.2665,2.2665
1985-08-29,2.2805,2.2805,2.2805,2.2805
1985-08-30,2.31,2.31,2.31,2.31
1985-09-03,2.352,2.352,2.352,2.352
1985-09-04,2.346,2.346,2.346,2.346
1985-09-05,2.3565,2.3565,2.3565,2.3565
1985-09-06,2.418,2.418,2.418,2.418
1985-09-09,2.423,2.423,2.423,2.423
1985-09-10,2.426,2.426,2.426,2.426
1985-09-11,2.44,2.44,2.44,2.44
1985-09-12,2.425,2.425,2.425,2.425
1985-09-13,2.393,2.393,2.393,2.393
1985-09-16,2.383,2.383,2.383,2.383
1985-09-17,2.379,2.379,2.379,2.379
1985-09-18,2.389,2.389,2.389,2.389
1985-09-19,2.383,2.383,2.383,2.383
1985-09-20,2.342,2.342,2.342,2.342
1985-09-23,2.241,2.241,2.241,2.241
1985-09-24,2.232,2.232,2.232,2.232
1985-09-25,2.206,2.206,2.206,2.206
1985-09-26,2.192,2.192,2.192,2.192
1985-09-27,2.197,2.197,2.197,2.197
1985-09-30,2.195,2.195,2.195,2.195
1985-10-01,2.168,2.168,2.168,2.168
1985-10-02,2.165,2.165,2.165,2.165
1985-10-03,2.147,2.147,2.147,2.147
1985-10-04,2.162,2.162,2.162,2.162
1985-10-07,2.171,2.171,2.171,2.171
1985-10-08,2.171,2.171,2.171,2.171
1985-10-09,2.176,2.176,2.176,2.176
1985-10-10,2.186,2.186,2.186,2.186
1985-10-11,2.178,2.178,2.178,2.178
1985-10-15,2.183,2.183,2.183,2.183
1985-10-16,2.205,2.205,2.205,2.205
1985-10-17,2.175,2.175,2.175,2.175
1985-10-18,2.169,2.169,2.169,2.169
1985-10-21,2.164,2.164,2.164,2.164
1985-10-22,2.173,2.173,2.173,2.173
1985-10-23,2.165,2.165,2.165,2.165
1985-10-24,2.172,2.172,2.172,2.172
1985-10-25,2.175,2.175,2.175,2.175
1985-10-28,2.167,2.167,2.167,2.167
1985-10-29,2.15,2.15,2.15,2.15
1985-10-30,2.15,2.15,2.15,2.15
1985-10-31,2.151,2.151,2.151,2.151
1985-11-01,2.136,2.136,2.136,2.136
1985-11-04,2.139,2.139,2.139,2.139
1985-11-05,2.152,2.152,2.152,2.152
1985-11-06,2.1415,2.1415,2.1415,2.1415
1985-11-07,2.16,2.16,2.16,2.16
1985-11-08,2.1575,2.1575,2.1575,2.1575
1985-11-12,2.153,2.153,2.153,2.153
1985-11-13,2.1435,2.1435,2.1435,2.1435
1985-11-14,2.144,2.144,2.144,2.144
1985-11-15,2.15,2.15,2.15,2.15
1985-11-18,2.142,2.142,2.142,2.142
1985-11-19,2.128,2.128,2.128,2.128
1985-11-20,2.142,2.142,2.142,2.142
1985-11-21,2.1215,2.1215,2.1215,2.1215
1985-11-22,2.1075,2.1075,2.1075,2.1075
1985-11-25,2.1015,2.1015,2.1015,2.1015
1985-11-26,2.091,2.091,2.091,2.091
1985-11-27,2.09,2.09,2.09,2.09
1985-11-29,2.081,2.081,2.081,2.081
1985-12-02,2.105,2.105,2.105,2.105
1985-12-03,2.1135,2.1135,2.1135,2.1135
1985-12-04,2.0955,2.0955,2.0955,2.0955
1985-12-05,2.096,2.096,2.096,2.096
1985-12-06,2.105,2.105,2.105,2.105
1985-12-09,2.1165,2.1165,2.1165,2.1165
1985-12-10,2.1205,2.1205,2.1205,2.1205
1985-12-11,2.129,2.129,2.129,2.129
1985-12-12,2.1035,2.1035,2.1035,2.1035
1985-12-13,2.1065,2.1065,2.1065,2.1065
1985-12-16,2.113,2.113,2.113,2.113
1985-12-17,2.106,2.106,2.106,2.106
1985-12-18,2.114,2.114,2.114,2.114
1985-12-19,2.115,2.115,2.115,2.115
1985-12-20,2.111,2.111,2.111,2.111
1985-12-23,2.105,2.105,2.105,2.105
1985-12-24,2.104,2.104,2.104,2.104
1985-12-26,2.103,2.103,2.103,2.103
1985-12-27,2.085,2.085,2.085,2.085
1985-12-30,2.081,2.081,2.081,2.081
1986-01-02,2.05,2.05,2.05,2.05
1986-01-03,2.0695,2.0695,2.0695,2.0695
1986-01-06,2.069,2.069,2.069,2.069
1986-01-07,2.0735,2.0735,2.0735,2.0735
1986-01-08,2.086,2.086,2.086,2.086
1986-01-09,2.078,2.078,2.078,2.078
1986-01-10,2.084,2.084,2.084,2.084
1986-01-13,2.094,2.094,2.094,2.094
1986-01-14,2.09,2.09,2.09,2.09
1986-01-15,2.081,2.081,2.081,2.081
1986-01-16,2.085,2.085,2.085,2.085
1986-01-17,2.093,2.093,2.093,2.093
1986-01-20,2.0958,2.0958,2.0958,2.0958
1986-01-21,2.0865,2.0865,2.0865,2.0865
1986-01-22,2.08,2.08,2.08,2.08
1986-01-23,2.0765,2.0765,2.0765,2.0765
1986-01-24,2.045,2.045,2.045,2.045
1986-01-27,2.0345,2.0345,2.0345,2.0345
1986-01-28,2.0315,2.0315,2.0315,2.0315
1986-01-29,2.023,2.023,2.023,2.023
1986-01-30,2.02,2.02,2.02,2.02
1986-01-31,2.026,2.026,2.026,2.026
1986-02-03,2.0355,2.0355,2.0355,2.0355
1986-02-04,2.0435,2.0435,2.0435,2.0435
1986-02-05,2.0195,2.0195,2.0195,2.0195
1986-02-06,2.022,2.022,2.022,2.022
1986-02-07,2.0385,2.0385,2.0385,2.0385
1986-02-10,2.029,2.029,1.9945,1.998
1986-02-11,1.997,2.0035,1.982,1.9835
1986-02-12,1.985,1.9865,1.963,1.966
1986-02-13,1.9655,1.974,1.94,1.9425
1986-02-14,1.9415,1.9625,1.93,1.942
1986-02-17,1.938,1.944,1.924,1.925
1986-02-18,1.9255,1.956,1.906,1.91
1986-02-19,1.912,1.928,1.882,1.915
1986-02-20,1.914,1.923,1.895,1.911
1986-02-21,1.91,1.945,1.91,1.9225
1986-02-24,1.92,1.9275,1.892,1.893
1986-02-25,1.892,1.895,1.875,1.892
1986-02-26,1.89,1.906,1.878,1.8815
1986-02-27,1.881,1.895,1.857,1.8775
1986-02-28,1.806,1.892,1.806,1.883
1986-03-03,1.8865,1.891,1.874,1.8775
1986-03-04,1.8785,1.885,1.864,1.883
1986-03-05,1.8825,1.924,1.877,1.915
1986-03-06,1.913,1.919,1.891,1.899
1986-03-07,1.899,1.901,1.885,1.896
1986-03-10,1.895,1.943,1.891,1.933
1986-03-11,1.933,1.934,1.913,1.9195
1986-03-12,1.92,1.938,1.913,1.9355
1986-03-13,1.936,1.941,1.9255,1.929
1986-03-14,1.928,1.928,1.895,1.9055
1986-03-17,1.9,1.9,1.8755,1.877
1986-03-18,1.879,1.891,1.876,1.89
1986-03-19,1.893,1.906,1.892,1.895
1986-03-20,1.8945,1.897,1.885,1.891
1986-03-21,1.892,1.8965,1.872,1.88
1986-03-24,1.89,1.947,1.887,1.945
1986-03-25,1.945,1.968,1.936,1.968
1986-03-26,1.97,1.9725,1.9515,1.955
1986-03-27,1.954,1.9555,1.938,1.949
1986-03-28,1.949,1.952,1.941,1.95
1986-03-31,1.953,1.97,1.945,1.958
1986-04-01,1.957,1.9625,1.944,1.9595
1986-04-02,1.959,1.989,1.956,1.989
1986-04-03,1.986,2.001,1.971,1.991
1986-04-04,1.99,2.004,1.98,1.993
1986-04-07,2,2.021,2,2.0115
1986-04-08,2.01,2.013,1.9625,1.9645
1986-04-09,1.966,1.979,1.946,1.959
1986-04-10,1.96,1.965,1.91,1.917
1986-04-11,1.917,1.938,1.9075,1.929
1986-04-14,1.923,1.942,1.9165,1.932
1986-04-15,1.931,1.956,1.92,1.933
1986-04-16,1.932,1.937,1.8825,1.883
1986-04-17,1.885,1.895,1.843,1.86
1986-04-18,1.862,1.874,1.841,1.8575
1986-04-21,1.857,1.8585,1.836,1.8375
1986-04-22,1.837,1.852,1.8275,1.837
1986-04-23,1.8375,1.8425,1.823,1.8245
1986-04-24,1.824,1.8465,1.819,1.8365
1986-04-25,1.8365,1.8535,1.805,1.8075
1986-04-28,1.8,1.827,1.8,1.808
1986-04-29,1.808,1.825,1.8075,1.823
1986-04-30,1.823,1.837,1.808,1.837
1986-05-01,1.837,1.8665,1.835,1.865
1986-05-02,1.864,1.871,1.842,1.8475
1986-05-05,1.833,1.8385,1.818,1.833
1986-05-06,1.834,1.863,1.822,1.841
1986-05-07,1.8415,1.845,1.812,1.814
1986-05-08,1.813,1.827,1.801,1.8225
1986-05-09,1.822,1.8245,1.8075,1.819
1986-05-12,1.817,1.817,1.792,1.794
1986-05-13,1.795,1.835,1.786,1.827
1986-05-14,1.826,1.834,1.815,1.8155
1986-05-15,1.816,1.83,1.809,1.828
1986-05-16,1.8285,1.853,1.828,1.852
1986-05-19,1.8525,1.8675,1.838,1.845
1986-05-20,1.844,1.877,1.844,1.862
1986-05-21,1.861,1.885,1.861,1.885
1986-05-22,1.8855,1.893,1.875,1.892
1986-05-23,1.89,1.898,1.877,1.894
1986-05-26,1.893,1.893,1.8885,1.8915
1986-05-27,1.892,1.902,1.874,1.882
1986-05-28,1.8825,1.895,1.8715,1.889
1986-05-29,1.893,1.9125,1.89,1.91
1986-05-30,1.9115,1.94,1.911,1.9365
1986-06-02,1.935,1.9475,1.917,1.927
1986-06-03,1.9255,1.9255,1.8735,1.8775
1986-06-04,1.877,1.8895,1.87,1.8755
1986-06-05,1.876,1.878,1.8365,1.837
1986-06-06,1.839,1.848,1.8295,1.831
1986-06-09,1.833,1.853,1.83,1.8525
1986-06-10,1.851,1.8555,1.821,1.829
1986-06-11,1.828,1.833,1.817,1.823
1986-06-12,1.823,1.8315,1.8145,1.8215
1986-06-13,1.822,1.8385,1.817,1.824
1986-06-16,1.818,1.831,1.8075,1.83
1986-06-17,1.83,1.852,1.8255,1.8475
1986-06-18,1.848,1.857,1.831,1.839
1986-06-19,1.841,1.844,1.835,1.841
1986-06-20,1.8415,1.8575,1.84,1.8565
1986-06-23,1.859,1.87,1.823,1.829
1986-06-24,1.83,1.8355,1.8185,1.824
1986-06-25,1.825,1.831,1.81,1.8295
1986-06-26,1.8165,1.829,1.8135,1.8165
1986-06-27,1.8155,1.822,1.799,1.8025
1986-06-30,1.801,1.8025,1.7795,1.7805
1986-07-01,1.779,1.783,1.768,1.779
1986-07-02,1.779,1.791,1.773,1.7735
1986-07-03,1.776,1.779,1.759,1.766
1986-07-04,1.7685,1.771,1.762,1.766
1986-07-07,1.758,1.791,1.7485,1.79
1986-07-08,1.7885,1.7895,1.76,1.773
1986-07-09,1.772,1.79,1.767,1.772
1986-07-10,1.773,1.78,1.766,1.77
1986-07-11,1.7695,1.8015,1.7665,1.798
1986-07-14,1.799,1.801,1.772,1.774
1986-07-15,1.773,1.7735,1.744,1.746
1986-07-16,1.7455,1.7485,1.736,1.745
1986-07-17,1.744,1.755,1.7365,1.7415
1986-07-18,1.74,1.752,1.721,1.727
1986-07-21,1.7245,1.7265,1.7115,1.7135
1986-07-22,1.716,1.7315,1.7115,1.715
1986-07-23,1.717,1.741,1.714,1.727
1986-07-24,1.7285,1.729,1.7175,1.7265
1986-07-25,1.726,1.7395,1.724,1.736
1986-07-28,1.738,1.74,1.694,1.6995
1986-07-29,1.699,1.707,1.686,1.6965
1986-07-30,1.697,1.7045,1.6885,1.692
1986-07-31,1.69,1.69,1.668,1.672
1986-08-01,1.676,1.68,1.6645,1.673
1986-08-04,1.67,1.681,1.665,1.6755
1986-08-05,1.677,1.697,1.6715,1.694
1986-08-06,1.6935,1.6955,1.671,1.6725
1986-08-07,1.671,1.6745,1.6655,1.673
1986-08-08,1.674,1.677,1.6625,1.6655
1986-08-11,1.665,1.666,1.651,1.6535
1986-08-12,1.655,1.681,1.6535,1.679
1986-08-13,1.679,1.679,1.664,1.667
1986-08-14,1.6675,1.6675,1.655,1.655
1986-08-15,1.656,1.671,1.652,1.661
1986-08-18,1.6575,1.6775,1.657,1.675
1986-08-19,1.6745,1.6815,1.6485,1.6485
1986-08-20,1.649,1.653,1.643,1.644
1986-08-21,1.644,1.657,1.6415,1.645
1986-08-22,1.6455,1.6525,1.6425,1.648
1986-08-25,1.65,1.654,1.643,1.6435
1986-08-26,1.645,1.6625,1.645,1.659
1986-08-27,1.657,1.6625,1.6395,1.646
1986-08-28,1.647,1.6625,1.6425,1.656
1986-08-29,1.657,1.66,1.6365,1.639
1986-09-01,1.6375,1.6395,1.632,1.6325
1986-09-02,1.634,1.64,1.633,1.6345
1986-09-03,1.636,1.65,1.633,1.6425
1986-09-04,1.641,1.6475,1.6345,1.646
1986-09-05,1.645,1.679,1.639,1.6715
1986-09-08,1.671,1.695,1.666,1.693
1986-09-09,1.6925,1.693,1.671,1.681
1986-09-10,1.68,1.685,1.6645,1.677
1986-09-11,1.6755,1.703,1.674,1.698
1986-09-12,1.697,1.708,1.664,1.67
1986-09-15,1.6715,1.6715,1.651,1.653
1986-09-16,1.6535,1.664,1.65,1.661
1986-09-17,1.661,1.663,1.6365,1.6385
1986-09-18,1.6365,1.6365,1.608,1.6095
1986-09-19,1.609,1.62,1.6025,1.6065
1986-09-22,1.65,1.66,1.63,1.639
1986-09-23,1.638,1.664,1.6375,1.661
1986-09-24,1.663,1.663,1.644,1.6575
1986-09-25,1.657,1.666,1.6545,1.659
1986-09-26,1.659,1.668,1.653,1.6675
1986-09-29,1.654,1.654,1.6345,1.6385
1986-09-30,1.639,1.6515,1.6325,1.643
1986-10-01,1.644,1.6495,1.6365,1.6375
1986-10-02,1.638,1.644,1.6245,1.627
1986-10-03,1.628,1.633,1.6135,1.6265
1986-10-06,1.63,1.63,1.6165,1.6225
1986-10-07,1.6225,1.644,1.617,1.63
1986-10-08,1.6325,1.636,1.6255,1.629
1986-10-09,1.629,1.635,1.625,1.631
1986-10-10,1.632,1.6355,1.6175,1.6195
1986-10-13,1.618,1.626,1.608,1.61
1986-10-14,1.6135,1.622,1.6095,1.618
1986-10-15,1.618,1.621,1.6135,1.618
1986-10-16,1.617,1.623,1.613,1.622
1986-10-17,1.621,1.623,1.6135,1.6185
1986-10-20,1.619,1.635,1.619,1.6285
1986-10-21,1.629,1.635,1.6285,1.629
1986-10-22,1.6285,1.6335,1.625,1.6295
1986-10-23,1.63,1.66,1.63,1.658
1986-10-24,1.656,1.6815,1.6515,1.6775
1986-10-27,1.677,1.696,1.6715,1.6915
1986-10-28,1.691,1.691,1.671,1.678
1986-10-29,1.678,1.681,1.6695,1.6725
1986-10-30,1.673,1.706,1.6675,1.7
1986-10-31,1.7005,1.725,1.6975,1.7125
1986-11-03,1.715,1.728,1.7135,1.716
1986-11-04,1.7165,1.719,1.708,1.718
1986-11-05,1.7175,1.73,1.698,1.728
1986-11-06,1.7285,1.729,1.713,1.7185
1986-11-07,1.7185,1.733,1.713,1.7175
1986-11-10,1.714,1.714,1.695,1.699
1986-11-11,1.6995,1.7025,1.685,1.689
1986-11-12,1.689,1.689,1.6745,1.676
1986-11-13,1.6765,1.6885,1.667,1.6705
1986-11-14,1.6703,1.6981,1.6608,1.6625
1986-11-17,1.668,1.678,1.6655,1.6775
1986-11-18,1.677,1.6845,1.674,1.675
1986-11-19,1.6755,1.68,1.667,1.6705
1986-11-20,1.671,1.6765,1.6675,1.6745
1986-11-21,1.6745,1.6965,1.6745,1.6935
1986-11-24,1.6945,1.699,1.686,1.6865
1986-11-25,1.686,1.688,1.6515,1.654
1986-11-26,1.654,1.6645,1.6515,1.6585
1986-11-27,1.6585,1.6645,1.6575,1.659
1986-11-28,1.658,1.658,1.6408,1.6423
1986-12-01,1.644,1.6455,1.6295,1.6405
1986-12-02,1.6405,1.652,1.638,1.6495
1986-12-03,1.6505,1.653,1.6385,1.64
1986-12-04,1.6395,1.6725,1.6385,1.671
1986-12-05,1.671,1.685,1.6585,1.678
1986-12-08,1.6785,1.686,1.6715,1.681
1986-12-09,1.681,1.6945,1.6735,1.691
1986-12-10,1.6905,1.693,1.6775,1.682
1986-12-11,1.682,1.691,1.68,1.687
1986-12-12,1.687,1.704,1.687,1.6915
1986-12-15,1.692,1.703,1.692,1.698
1986-12-16,1.6985,1.712,1.698,1.7095
1986-12-17,1.7095,1.71,1.6975,1.7015
1986-12-18,1.702,1.702,1.683,1.6835
1986-12-19,1.6835,1.689,1.674,1.678
1986-12-22,1.678,1.6835,1.657,1.66
1986-12-23,1.66,1.667,1.6365,1.641
1986-12-24,1.641,1.651,1.64,1.643
1986-12-26,1.642,1.643,1.634,1.636
1986-12-29,1.636,1.643,1.622,1.6295
1986-12-30,1.6295,1.644,1.623,1.6285
1986-12-31,1.6285,1.634,1.6075,1.609
1987-01-02,1.61,1.618,1.607,1.618
1987-01-05,1.6185,1.636,1.6145,1.6285
1987-01-06,1.6295,1.6295,1.609,1.611
1987-01-07,1.61,1.6275,1.6065,1.621
1987-01-08,1.621,1.6295,1.6035,1.606
1987-01-09,1.606,1.62,1.6035,1.6075
1987-01-12,1.607,1.6155,1.5795,1.588
1987-01-13,1.5875,1.591,1.567,1.575
1987-01-14,1.576,1.5795,1.53,1.535
1987-01-15,1.533,1.555,1.528,1.54
1987-01-16,1.541,1.56,1.54,1.542
1987-01-19,1.537,1.537,1.511,1.528
1987-01-20,1.5305,1.548,1.525,1.5405
1987-01-21,1.5415,1.5585,1.5365,1.5485
1987-01-22,1.549,1.554,1.518,1.5265
1987-01-23,1.53,1.5429,1.5218,1.5275
1987-01-26,1.532,1.538,1.522,1.5335
1987-01-27,1.534,1.536,1.5055,1.5065
1987-01-28,1.5055,1.508,1.481,1.4975
1987-01-29,1.498,1.5105,1.494,1.5075
1987-01-30,1.5075,1.558,1.497,1.5485
1987-02-02,1.549,1.549,1.522,1.525
1987-02-03,1.526,1.5265,1.507,1.521
1987-02-04,1.5215,1.539,1.517,1.533
1987-02-05,1.5325,1.5515,1.526,1.548
1987-02-06,1.5485,1.5795,1.543,1.571
1987-02-09,1.575,1.585,1.5225,1.526
1987-02-10,1.5265,1.544,1.5135,1.537
1987-02-11,1.5365,1.544,1.527,1.541
1987-02-12,1.541,1.5515,1.526,1.549
1987-02-13,1.548,1.5545,1.537,1.5375
1987-02-16,1.542,1.546,1.531,1.5375
1987-02-17,1.537,1.5415,1.528,1.537
1987-02-18,1.5365,1.555,1.536,1.555
1987-02-19,1.5555,1.5755,1.5415,1.5465
1987-02-20,1.547,1.5515,1.536,1.5375
1987-02-23,1.545,1.556,1.541,1.555
1987-02-24,1.5545,1.5595,1.546,1.547
1987-02-25,1.546,1.5475,1.536,1.538
1987-02-26,1.5385,1.54,1.525,1.536
1987-02-27,1.536,1.5465,1.534,1.5375
1987-03-02,1.538,1.5485,1.533,1.546
1987-03-03,1.5465,1.547,1.5395,1.541
1987-03-04,1.5415,1.5535,1.5375,1.553
1987-03-05,1.5525,1.5565,1.542,1.5465
1987-03-06,1.5465,1.5575,1.5425,1.557
1987-03-09,1.559,1.5715,1.556,1.569
1987-03-10,1.5685,1.5715,1.558,1.5645
1987-03-11,1.564,1.5725,1.5575,1.563
1987-03-12,1.5635,1.5655,1.5545,1.559
1987-03-13,1.56,1.56,1.5495,1.552
1987-03-16,1.553,1.553,1.5335,1.5355
1987-03-17,1.5355,1.54,1.529,1.534
1987-03-18,1.5345,1.5415,1.5335,1.5375
1987-03-19,1.537,1.5385,1.532,1.535
1987-03-20,1.5345,1.5375,1.5305,1.5315
1987-03-23,1.5305,1.5305,1.52,1.521
1987-03-24,1.522,1.528,1.511,1.525
1987-03-25,1.5275,1.5295,1.521,1.5295
1987-03-26,1.529,1.531,1.5245,1.528
1987-03-27,1.527,1.5275,1.513,1.514
1987-03-30,1.511,1.511,1.488,1.501
1987-03-31,1.5,1.515,1.498,1.515
1987-04-01,1.516,1.5335,1.514,1.533
1987-04-02,1.5335,1.5335,1.512,1.5165
1987-04-03,1.5155,1.525,1.5105,1.517
1987-04-06,1.518,1.526,1.5175,1.5185
1987-04-07,1.518,1.518,1.5105,1.5155
1987-04-08,1.515,1.533,1.5135,1.52
1987-04-09,1.52,1.5205,1.506,1.5095
1987-04-10,1.5105,1.512,1.493,1.5015
1987-04-13,1.499,1.501,1.491,1.4945
1987-04-14,1.494,1.495,1.4785,1.479
1987-04-15,1.4785,1.501,1.4745,1.4905
1987-04-16,1.4905,1.5085,1.4905,1.495
1987-04-17,1.495,1.4975,1.491,1.497
1987-04-20,1.495,1.501,1.4865,1.488
1987-04-21,1.488,1.501,1.4815,1.4995
1987-04-22,1.499,1.5,1.489,1.495
1987-04-23,1.4955,1.4955,1.47,1.4705
1987-04-24,1.4705,1.472,1.456,1.457
1987-04-27,1.455,1.471,1.444,1.469
1987-04-28,1.469,1.475,1.4575,1.466
1987-04-29,1.467,1.481,1.465,1.465
1987-04-30,1.4645,1.4815,1.46,1.4695
1987-05-01,1.4705,1.4765,1.4545,1.4555
1987-05-04,1.455,1.459,1.4445,1.446
1987-05-05,1.447,1.4605,1.444,1.459
1987-05-06,1.4605,1.4625,1.451,1.453
1987-05-07,1.453,1.467,1.4525,1.461
1987-05-08,1.4585,1.476,1.456,1.472
1987-05-11,1.4735,1.482,1.472,1.474
1987-05-12,1.473,1.474,1.465,1.4735
1987-05-13,1.473,1.4785,1.47,1.475
1987-05-14,1.4775,1.4775,1.462,1.465
1987-05-15,1.4635,1.466,1.456,1.458
1987-05-18,1.458,1.465,1.4545,1.463
1987-05-19,1.463,1.465,1.451,1.4515
1987-05-20,1.4515,1.4605,1.449,1.456
1987-05-21,1.457,1.4615,1.4555,1.457
1987-05-22,1.457,1.466,1.4535,1.4645
1987-05-25,1.4635,1.4655,1.4615,1.465
1987-05-26,1.465,1.4975,1.4645,1.4975
1987-05-27,1.497,1.515,1.488,1.509
1987-05-28,1.509,1.509,1.498,1.5075
1987-05-29,1.5075,1.518,1.506,1.5065
1987-06-01,1.509,1.53,1.507,1.5145
1987-06-02,1.515,1.5215,1.4745,1.4745
1987-06-03,1.474,1.4985,1.472,1.498
1987-06-04,1.4975,1.512,1.4975,1.508
1987-06-05,1.5085,1.51,1.4995,1.509
1987-06-08,1.512,1.513,1.489,1.5015
1987-06-09,1.502,1.503,1.4785,1.4795
1987-06-10,1.479,1.4935,1.4725,1.4815
1987-06-11,1.482,1.491,1.4805,1.484
1987-06-12,1.484,1.504,1.4815,1.5
1987-06-15,1.5015,1.518,1.5015,1.517
1987-06-16,1.5175,1.5235,1.508,1.5235
1987-06-17,1.524,1.526,1.514,1.526
1987-06-18,1.527,1.527,1.511,1.5175
1987-06-19,1.5165,1.523,1.511,1.521
1987-06-22,1.521,1.5365,1.517,1.5355
1987-06-23,1.5355,1.5385,1.515,1.5215
1987-06-24,1.521,1.5245,1.507,1.508
1987-06-25,1.508,1.521,1.5075,1.519
1987-06-26,1.5185,1.52,1.511,1.517
1987-06-29,1.516,1.5245,1.516,1.522
1987-06-30,1.522,1.5255,1.5125,1.5165
1987-07-01,1.516,1.52,1.5085,1.5195
1987-07-02,1.519,1.524,1.5165,1.524
1987-07-03,1.5235,1.531,1.5215,1.5305
1987-07-06,1.53,1.537,1.529,1.5305
1987-07-07,1.531,1.5395,1.5285,1.539
1987-07-08,1.5395,1.544,1.53,1.535
1987-07-09,1.534,1.5395,1.5265,1.536
1987-07-10,1.536,1.544,1.536,1.541
1987-07-13,1.542,1.5475,1.535,1.538
1987-07-14,1.5375,1.544,1.534,1.544
1987-07-15,1.544,1.545,1.5185,1.524
1987-07-16,1.524,1.532,1.5225,1.5315
1987-07-17,1.531,1.555,1.5305,1.5525
1987-07-20,1.554,1.5565,1.5455,1.5485
1987-07-21,1.549,1.55,1.5415,1.5425
1987-07-22,1.543,1.549,1.5395,1.546
1987-07-23,1.5455,1.547,1.5355,1.5425
1987-07-24,1.542,1.542,1.533,1.5335
1987-07-27,1.534,1.5405,1.531,1.539
1987-07-28,1.54,1.544,1.5335,1.5335
1987-07-29,1.535,1.5405,1.533,1.539
1987-07-30,1.54,1.5455,1.5365,1.5375
1987-07-31,1.5375,1.5415,1.5345,1.54
1987-08-03,1.5425,1.5545,1.5395,1.5535
1987-08-04,1.553,1.569,1.5515,1.566
1987-08-05,1.566,1.5665,1.554,1.5605
1987-08-06,1.561,1.5655,1.558,1.565
1987-08-07,1.565,1.575,1.562,1.574
1987-08-10,1.574,1.5785,1.568,1.5725
1987-08-11,1.5725,1.582,1.57,1.5745
1987-08-12,1.5745,1.5795,1.57,1.571
1987-08-13,1.5715,1.5735,1.5655,1.57
1987-08-14,1.5695,1.5765,1.554,1.561
1987-08-17,1.561,1.561,1.5525,1.5535
1987-08-18,1.5535,1.5535,1.525,1.53
1987-08-19,1.5295,1.5335,1.5175,1.518
1987-08-20,1.52,1.526,1.514,1.5205
1987-08-21,1.521,1.5215,1.5005,1.503
1987-08-24,1.501,1.5085,1.4955,1.5
1987-08-25,1.4995,1.508,1.4965,1.508
1987-08-26,1.5075,1.5115,1.503,1.5055
1987-08-27,1.5055,1.5055,1.488,1.4885
1987-08-28,1.4895,1.5035,1.487,1.493
1987-08-31,1.494,1.503,1.4915,1.5015
1987-09-01,1.5005,1.501,1.4905,1.493
1987-09-02,1.493,1.494,1.4825,1.484
1987-09-03,1.4835,1.4915,1.478,1.484
1987-09-04,1.4835,1.4935,1.481,1.489
1987-09-07,1.489,1.4925,1.484,1.4855
1987-09-08,1.486,1.488,1.482,1.486
1987-09-09,1.486,1.4965,1.4825,1.493
1987-09-10,1.4935,1.4985,1.4915,1.4935
1987-09-11,1.494,1.501,1.48,1.498
1987-09-14,1.4975,1.513,1.494,1.5095
1987-09-15,1.509,1.5135,1.5,1.501
1987-09-16,1.501,1.511,1.5005,1.506
1987-09-17,1.506,1.5095,1.5035,1.506
1987-09-18,1.5085,1.509,1.4945,1.497
1987-09-21,1.4975,1.506,1.4965,1.501
1987-09-22,1.501,1.511,1.5005,1.511
1987-09-23,1.5105,1.517,1.5095,1.5125
1987-09-24,1.5125,1.513,1.507,1.5085
1987-09-25,1.5085,1.5135,1.5065,1.512
1987-09-28,1.515,1.5195,1.513,1.5165
1987-09-29,1.5175,1.5325,1.517,1.531
1987-09-30,1.532,1.5395,1.523,1.537
1987-10-01,1.5375,1.5415,1.531,1.5315
1987-10-02,1.531,1.54,1.529,1.54
1987-10-05,1.541,1.5415,1.5325,1.5335
1987-10-06,1.5335,1.535,1.5265,1.531
1987-10-07,1.5305,1.5305,1.5215,1.522
1987-10-08,1.522,1.523,1.509,1.514
1987-10-09,1.5135,1.5145,1.5,1.5025
1987-10-12,1.502,1.5085,1.501,1.503
1987-10-13,1.503,1.5135,1.5,1.512
1987-10-14,1.5125,1.5145,1.495,1.496
1987-10-15,1.496,1.4985,1.486,1.491
1987-10-16,1.4915,1.4965,1.488,1.4885
1987-10-19,1.4775,1.488,1.4655,1.488
1987-10-20,1.491,1.51,1.486,1.504
1987-10-21,1.5045,1.513,1.497,1.5115
1987-10-22,1.511,1.5125,1.496,1.508
1987-10-23,1.5075,1.5075,1.467,1.471
1987-10-26,1.471,1.4775,1.457,1.466
1987-10-27,1.4665,1.4675,1.444,1.45
1987-10-28,1.4505,1.455,1.428,1.435
1987-10-29,1.4345,1.442,1.425,1.4395
1987-10-30,1.439,1.443,1.4265,1.43
1987-11-02,1.428,1.428,1.412,1.4145
1987-11-03,1.4145,1.42,1.404,1.4175
1987-11-04,1.417,1.4185,1.404,1.405
1987-11-05,1.405,1.405,1.366,1.3795
1987-11-06,1.3785,1.3865,1.3725,1.375
1987-11-09,1.375,1.3795,1.362,1.365
1987-11-10,1.3645,1.375,1.3515,1.3665
1987-11-11,1.367,1.378,1.363,1.375
1987-11-12,1.374,1.399,1.3715,1.3895
1987-11-13,1.3885,1.397,1.3865,1.3875
1987-11-16,1.39,1.4135,1.39,1.4085
1987-11-17,1.408,1.408,1.384,1.3865
1987-11-18,1.386,1.3965,1.379,1.382
1987-11-19,1.3815,1.3835,1.372,1.3815
1987-11-20,1.381,1.396,1.36,1.3805
1987-11-23,1.379,1.379,1.366,1.3725
1987-11-24,1.373,1.3875,1.369,1.371
1987-11-25,1.371,1.377,1.363,1.369
1987-11-26,1.3703,1.3723,1.3665,1.368
1987-11-27,1.3685,1.3685,1.354,1.3555
1987-11-30,1.354,1.354,1.339,1.3445
1987-12-01,1.344,1.358,1.3435,1.356
1987-12-02,1.3555,1.3675,1.3455,1.3465
1987-12-03,1.347,1.3625,1.346,1.361
1987-12-04,1.3625,1.37,1.351,1.365
1987-12-07,1.368,1.371,1.361,1.37
1987-12-08,1.3705,1.3705,1.3575,1.36
1987-12-09,1.361,1.361,1.3565,1.3585
1987-12-10,1.3585,1.362,1.332,1.3325
1987-12-11,1.332,1.335,1.327,1.33
1987-12-14,1.333,1.333,1.321,1.329
1987-12-15,1.3295,1.3345,1.318,1.331
1987-12-16,1.3305,1.3355,1.323,1.3255
1987-12-17,1.326,1.327,1.3115,1.3125
1987-12-18,1.314,1.331,1.311,1.327
1987-12-21,1.327,1.331,1.319,1.323
1987-12-22,1.323,1.326,1.319,1.322
1987-12-23,1.3225,1.335,1.316,1.329
1987-12-24,1.329,1.329,1.311,1.311
1987-12-28,1.295,1.304,1.286,1.292
1987-12-29,1.292,1.2935,1.2835,1.2885
1987-12-30,1.289,1.2975,1.288,1.29
1987-12-31,1.29,1.29,1.2695,1.27
1988-01-04,1.269,1.2905,1.263,1.29
1988-01-05,1.289,1.335,1.287,1.334
1988-01-06,1.334,1.3625,1.3245,1.343
1988-01-07,1.3425,1.356,1.335,1.355
1988-01-08,1.3545,1.361,1.3395,1.343
1988-01-11,1.344,1.3455,1.3315,1.3405
1988-01-12,1.3405,1.3425,1.331,1.3335
1988-01-13,1.333,1.339,1.32,1.336
1988-01-14,1.335,1.3375,1.329,1.33
1988-01-15,1.33,1.38,1.329,1.3775
1988-01-18,1.378,1.387,1.3675,1.369
1988-01-19,1.369,1.3755,1.3605,1.3665
1988-01-20,1.366,1.3675,1.344,1.345
1988-01-21,1.345,1.355,1.339,1.3525
1988-01-22,1.3525,1.359,1.35,1.351
1988-01-25,1.355,1.366,1.353,1.3645
1988-01-26,1.3645,1.365,1.3555,1.357
1988-01-27,1.356,1.3675,1.351,1.3575
1988-01-28,1.357,1.36,1.352,1.357
1988-01-29,1.357,1.3715,1.3545,1.37
1988-02-01,1.373,1.385,1.372,1.382
1988-02-02,1.382,1.382,1.372,1.373
1988-02-03,1.373,1.386,1.3695,1.3835
1988-02-04,1.383,1.3895,1.3755,1.3765
1988-02-05,1.376,1.397,1.374,1.3955
1988-02-08,1.397,1.398,1.386,1.391
1988-02-09,1.391,1.3985,1.387,1.388
1988-02-10,1.388,1.3915,1.382,1.3885
1988-02-11,1.388,1.39,1.3855,1.389
1988-02-12,1.3885,1.425,1.3885,1.4085
1988-02-15,1.411,1.4125,1.4035,1.404
1988-02-16,1.404,1.4095,1.3975,1.404
1988-02-17,1.404,1.408,1.4,1.4015
1988-02-18,1.402,1.411,1.3985,1.41
1988-02-19,1.4095,1.4115,1.395,1.4005
1988-02-22,1.4,1.4,1.3895,1.392
1988-02-23,1.391,1.395,1.386,1.3935
1988-02-24,1.393,1.397,1.389,1.395
1988-02-25,1.3945,1.3995,1.39,1.3915
1988-02-26,1.3915,1.3925,1.386,1.3905
1988-02-29,1.3895,1.3945,1.385,1.3915
1988-03-01,1.3915,1.397,1.3905,1.393
1988-03-02,1.393,1.4035,1.392,1.403
1988-03-03,1.4035,1.4075,1.4,1.4055
1988-03-04,1.405,1.405,1.3985,1.3985
1988-03-07,1.3995,1.4025,1.3825,1.3835
1988-03-08,1.384,1.385,1.3745,1.377
1988-03-09,1.377,1.3825,1.3765,1.3815
1988-03-10,1.381,1.3825,1.377,1.3785
1988-03-11,1.3785,1.3795,1.3675,1.37
1988-03-14,1.3695,1.375,1.365,1.3735
1988-03-15,1.373,1.382,1.371,1.382
1988-03-16,1.3815,1.388,1.3775,1.3875
1988-03-17,1.387,1.4065,1.3835,1.404
1988-03-18,1.4045,1.407,1.3975,1.404
1988-03-21,1.404,1.404,1.395,1.3985
1988-03-22,1.398,1.404,1.394,1.3985
1988-03-23,1.3985,1.404,1.3965,1.3985
1988-03-24,1.397,1.3975,1.386,1.387
1988-03-25,1.3865,1.393,1.384,1.384
1988-03-28,1.38,1.382,1.3655,1.3665
1988-03-29,1.366,1.3795,1.366,1.379
1988-03-30,1.379,1.383,1.37,1.3745
1988-03-31,1.374,1.3765,1.3615,1.367
1988-04-01,1.3665,1.368,1.363,1.3645
1988-04-04,1.363,1.3665,1.356,1.3615
1988-04-05,1.362,1.38,1.361,1.3785
1988-04-06,1.3785,1.394,1.3745,1.3895
1988-04-07,1.389,1.3915,1.3845,1.388
1988-04-08,1.3865,1.387,1.38,1.385
1988-04-11,1.384,1.4005,1.384,1.3935
1988-04-12,1.394,1.4,1.3925,1.399
1988-04-13,1.3995,1.4065,1.397,1.405
1988-04-14,1.405,1.405,1.37,1.373
1988-04-15,1.373,1.3795,1.37,1.3735
1988-04-18,1.374,1.376,1.368,1.3735
1988-04-19,1.3735,1.3785,1.373,1.376
1988-04-20,1.376,1.3785,1.3725,1.3785
1988-04-21,1.3785,1.38,1.374,1.3795
1988-04-22,1.3795,1.387,1.377,1.386
1988-04-25,1.387,1.39,1.3835,1.387
1988-04-26,1.3865,1.3885,1.382,1.388
1988-04-27,1.388,1.392,1.386,1.3875
1988-04-28,1.387,1.387,1.383,1.385
1988-04-29,1.3845,1.3985,1.384,1.397
1988-05-02,1.3975,1.404,1.396,1.397
1988-05-03,1.3975,1.401,1.3945,1.399
1988-05-04,1.399,1.4035,1.397,1.399
1988-05-05,1.399,1.4065,1.3945,1.406
1988-05-06,1.4065,1.4065,1.399,1.401
1988-05-09,1.4005,1.403,1.398,1.4005
1988-05-10,1.4005,1.4015,1.392,1.396
1988-05-11,1.396,1.4015,1.3915,1.4
1988-05-12,1.399,1.403,1.396,1.3995
1988-05-13,1.399,1.4025,1.397,1.4015
1988-05-16,1.4015,1.4055,1.4005,1.4045
1988-05-17,1.4045,1.4255,1.4005,1.4225
1988-05-18,1.423,1.4245,1.418,1.4185
1988-05-19,1.418,1.42,1.413,1.4185
1988-05-20,1.418,1.422,1.415,1.419
1988-05-23,1.419,1.421,1.416,1.417
1988-05-24,1.4165,1.424,1.4145,1.421
1988-05-25,1.421,1.4255,1.419,1.4245
1988-05-26,1.4245,1.427,1.4225,1.424
1988-05-27,1.424,1.4375,1.423,1.4355
1988-05-30,1.4375,1.4435,1.435,1.441
1988-05-31,1.441,1.447,1.436,1.4455
1988-06-01,1.4465,1.4475,1.4325,1.444
1988-06-02,1.444,1.4455,1.4345,1.436
1988-06-03,1.436,1.441,1.4325,1.441
1988-06-06,1.44,1.44,1.4275,1.428
1988-06-07,1.4275,1.431,1.4225,1.426
1988-06-08,1.4255,1.44,1.4245,1.439
1988-06-09,1.439,1.4395,1.43,1.431
1988-06-10,1.4305,1.4405,1.43,1.439
1988-06-13,1.441,1.445,1.439,1.441
1988-06-14,1.4405,1.465,1.4405,1.463
1988-06-15,1.463,1.4695,1.461,1.468
1988-06-16,1.4675,1.4675,1.4525,1.4565
1988-06-17,1.4675,1.4675,1.453,1.457
1988-06-20,1.456,1.465,1.4545,1.463
1988-06-21,1.463,1.464,1.4565,1.459
1988-06-22,1.459,1.478,1.4565,1.476
1988-06-23,1.477,1.485,1.467,1.4775
1988-06-24,1.477,1.508,1.475,1.504
1988-06-27,1.508,1.516,1.502,1.5085
1988-06-28,1.5085,1.513,1.485,1.513
1988-06-29,1.513,1.5195,1.5015,1.5105
1988-06-30,1.5105,1.516,1.496,1.506
1988-07-01,1.5065,1.518,1.504,1.5145
1988-07-04,1.518,1.5245,1.5145,1.5235
1988-07-05,1.5245,1.5245,1.5125,1.5125
1988-07-06,1.512,1.5165,1.5065,1.509
1988-07-07,1.5085,1.517,1.5025,1.5165
1988-07-08,1.517,1.534,1.5125,1.532
1988-07-11,1.5345,1.538,1.528,1.5305
1988-07-12,1.531,1.5325,1.518,1.5195
1988-07-13,1.5185,1.535,1.518,1.5305
1988-07-14,1.531,1.5365,1.52,1.5365
1988-07-15,1.536,1.56,1.533,1.558
1988-07-18,1.559,1.5705,1.554,1.5555
1988-07-19,1.555,1.556,1.5355,1.5365
1988-07-20,1.536,1.543,1.5295,1.5425
1988-07-21,1.542,1.545,1.524,1.5295
1988-07-22,1.529,1.532,1.5125,1.5195
1988-07-25,1.5185,1.539,1.5125,1.5385
1988-07-26,1.538,1.55,1.5345,1.547
1988-07-27,1.547,1.561,1.53,1.538
1988-07-28,1.5375,1.556,1.5345,1.555
1988-07-29,1.5545,1.5655,1.551,1.565
1988-08-01,1.5645,1.5685,1.5545,1.5555
1988-08-02,1.554,1.5645,1.548,1.5635
1988-08-03,1.5625,1.5665,1.561,1.5635
1988-08-04,1.5635,1.572,1.5605,1.5675
1988-08-05,1.5675,1.5835,1.5675,1.5825
1988-08-08,1.584,1.593,1.581,1.5885
1988-08-09,1.589,1.6085,1.5825,1.6075
1988-08-10,1.607,1.6115,1.5925,1.593
1988-08-11,1.5925,1.5985,1.573,1.577
1988-08-12,1.5775,1.58,1.569,1.576
1988-08-15,1.574,1.5825,1.565,1.579
1988-08-16,1.5785,1.594,1.557,1.588
1988-08-17,1.587,1.608,1.5835,1.6045
1988-08-18,1.604,1.608,1.587,1.5965
1988-08-19,1.5955,1.598,1.5895,1.5965
1988-08-22,1.5955,1.6155,1.5945,1.603
1988-08-23,1.6045,1.6115,1.5975,1.611
1988-08-24,1.6115,1.6135,1.584,1.5875
1988-08-25,1.5875,1.589,1.5675,1.573
1988-08-26,1.572,1.5755,1.5635,1.5685
1988-08-29,1.569,1.5795,1.569,1.579
1988-08-30,1.5795,1.5835,1.573,1.578
1988-08-31,1.5785,1.5875,1.5765,1.5865
1988-09-01,1.585,1.5865,1.5785,1.5795
1988-09-02,1.579,1.5835,1.5555,1.5565
1988-09-05,1.5525,1.565,1.5525,1.561
1988-09-06,1.562,1.564,1.55,1.553
1988-09-07,1.553,1.559,1.5515,1.555
1988-09-08,1.556,1.5695,1.556,1.561
1988-09-09,1.5605,1.566,1.5565,1.563
1988-09-12,1.5625,1.5665,1.552,1.5555
1988-09-13,1.556,1.562,1.554,1.562
1988-09-14,1.5615,1.5855,1.5595,1.582
1988-09-15,1.5815,1.5865,1.578,1.581
1988-09-16,1.581,1.586,1.5775,1.581
1988-09-19,1.5815,1.5825,1.578,1.579
1988-09-20,1.579,1.5795,1.573,1.577
1988-09-21,1.5765,1.5845,1.575,1.5835
1988-09-22,1.584,1.59,1.583,1.5855
1988-09-23,1.586,1.588,1.5825,1.5835
1988-09-26,1.5855,1.599,1.5855,1.5905
1988-09-27,1.592,1.594,1.588,1.59
1988-09-28,1.5895,1.594,1.589,1.5915
1988-09-29,1.5915,1.5965,1.5895,1.594
1988-09-30,1.594,1.595,1.582,1.5835
1988-10-03,1.5835,1.5855,1.5775,1.581
1988-10-04,1.582,1.5845,1.577,1.5835
1988-10-05,1.584,1.5875,1.582,1.584
1988-10-06,1.583,1.5855,1.581,1.585
1988-10-07,1.585,1.587,1.5775,1.5805
1988-10-10,1.58,1.58,1.5735,1.574
1988-10-11,1.5735,1.5745,1.5685,1.5725
1988-10-12,1.5725,1.5755,1.545,1.55
1988-10-13,1.549,1.5505,1.5305,1.533
1988-10-14,1.5335,1.5435,1.521,1.525
1988-10-17,1.5215,1.5335,1.5165,1.529
1988-10-18,1.529,1.54,1.524,1.5315
1988-10-19,1.532,1.5345,1.5255,1.5325
1988-10-20,1.533,1.5335,1.52,1.5205
1988-10-21,1.52,1.52,1.5045,1.5045
1988-10-24,1.504,1.5205,1.504,1.52
1988-10-25,1.521,1.5255,1.5155,1.5175
1988-10-26,1.5185,1.52,1.502,1.5045
1988-10-27,1.504,1.51,1.4885,1.498
1988-10-28,1.497,1.508,1.4925,1.4925
1988-10-31,1.4935,1.511,1.4855,1.507
1988-11-01,1.5075,1.511,1.495,1.4955
1988-11-02,1.495,1.501,1.483,1.489
1988-11-03,1.4895,1.4925,1.4845,1.4925
1988-11-04,1.487,1.5237,1.487,1.504
1988-11-07,1.503,1.504,1.487,1.4895
1988-11-08,1.489,1.505,1.4855,1.5025
1988-11-09,1.503,1.5155,1.4765,1.482
1988-11-10,1.4825,1.486,1.4725,1.4735
1988-11-11,1.474,1.4755,1.4555,1.4595
1988-11-14,1.458,1.4715,1.4545,1.4665
1988-11-15,1.467,1.467,1.4605,1.463
1988-11-16,1.463,1.467,1.4405,1.442
1988-11-17,1.442,1.459,1.4375,1.4475
1988-11-18,1.448,1.4675,1.448,1.46
1988-11-21,1.4585,1.4615,1.451,1.455
1988-11-22,1.455,1.4575,1.445,1.446
1988-11-23,1.4465,1.4495,1.4375,1.439
1988-11-24,1.439,1.4435,1.4355,1.4365
1988-11-25,1.436,1.4445,1.4315,1.4375
1988-11-28,1.4365,1.455,1.436,1.455
1988-11-29,1.456,1.458,1.444,1.4495
1988-11-30,1.4495,1.458,1.448,1.4495
1988-12-01,1.4495,1.453,1.4475,1.452
1988-12-02,1.4525,1.462,1.4395,1.4415
1988-12-05,1.441,1.446,1.4405,1.4455
1988-12-06,1.445,1.4585,1.4445,1.458
1988-12-07,1.4585,1.491,1.4555,1.4815
1988-12-08,1.4815,1.4815,1.461,1.4655
1988-12-09,1.4655,1.4675,1.457,1.465
1988-12-12,1.4655,1.471,1.463,1.4665
1988-12-13,1.4665,1.4735,1.466,1.4725
1988-12-14,1.473,1.474,1.4615,1.4665
1988-12-15,1.4665,1.481,1.463,1.4775
1988-12-16,1.4775,1.491,1.4715,1.482
1988-12-19,1.484,1.491,1.477,1.49
1988-12-20,1.49,1.5065,1.488,1.5035
1988-12-21,1.503,1.5045,1.4895,1.495
1988-12-22,1.495,1.5,1.493,1.4955
1988-12-23,1.496,1.501,1.496,1.4965
1988-12-27,1.497,1.501,1.494,1.501
1988-12-28,1.5015,1.52,1.501,1.514
1988-12-29,1.515,1.518,1.5075,1.5155
1988-12-30,1.515,1.5155,1.4975,1.501
1989-01-03,1.501,1.5025,1.487,1.501
1989-01-04,1.501,1.5225,1.4995,1.52
1989-01-05,1.519,1.54,1.5125,1.5385
1989-01-06,1.5385,1.5535,1.5285,1.549
1989-01-09,1.5485,1.5635,1.541,1.5505
1989-01-10,1.551,1.57,1.5455,1.5645
1989-01-11,1.5645,1.571,1.549,1.5535
1989-01-12,1.5535,1.5605,1.548,1.558
1989-01-13,1.559,1.575,1.556,1.5745
1989-01-16,1.576,1.586,1.5735,1.582
1989-01-17,1.581,1.582,1.569,1.576
1989-01-18,1.576,1.5935,1.572,1.5915
1989-01-19,1.59,1.5965,1.575,1.578
1989-01-20,1.5785,1.579,1.5585,1.5605
1989-01-23,1.561,1.5675,1.545,1.5485
1989-01-24,1.548,1.564,1.542,1.562
1989-01-25,1.562,1.575,1.5595,1.563
1989-01-26,1.5635,1.572,1.5605,1.571
1989-01-27,1.572,1.5895,1.5685,1.5875
1989-01-30,1.588,1.5915,1.579,1.5815
1989-01-31,1.5815,1.602,1.579,1.599
1989-02-01,1.599,1.601,1.5835,1.5965
1989-02-02,1.5965,1.598,1.5835,1.5945
1989-02-03,1.5945,1.6035,1.5855,1.595
1989-02-06,1.6,1.6055,1.589,1.59
1989-02-07,1.59,1.5935,1.5845,1.591
1989-02-08,1.5915,1.5945,1.5885,1.591
1989-02-09,1.5905,1.591,1.567,1.5685
1989-02-10,1.569,1.594,1.561,1.5915
1989-02-13,1.59,1.5945,1.5855,1.586
1989-02-14,1.586,1.5865,1.5635,1.564
1989-02-15,1.564,1.5705,1.5535,1.5625
1989-02-16,1.5625,1.5685,1.5595,1.561
1989-02-17,1.56,1.5675,1.5515,1.56
1989-02-20,1.559,1.5695,1.5545,1.5665
1989-02-21,1.5665,1.579,1.563,1.5675
1989-02-22,1.567,1.571,1.5635,1.565
1989-02-23,1.5645,1.5665,1.5465,1.5535
1989-02-24,1.554,1.564,1.551,1.553
1989-02-27,1.5515,1.5575,1.5445,1.5565
1989-02-28,1.5565,1.5615,1.553,1.556
1989-03-01,1.5565,1.575,1.556,1.5683
1989-03-02,1.569,1.5825,1.565,1.581
1989-03-03,1.581,1.5815,1.571,1.5765
1989-03-06,1.576,1.5875,1.5725,1.585
1989-03-07,1.5855,1.5895,1.58,1.5835
1989-03-08,1.583,1.593,1.5795,1.592
1989-03-09,1.592,1.5945,1.585,1.5855
1989-03-10,1.5855,1.594,1.585,1.59
1989-03-13,1.5915,1.599,1.591,1.5975
1989-03-14,1.5975,1.5985,1.589,1.5935
1989-03-15,1.5935,1.6115,1.5905,1.609
1989-03-16,1.609,1.6145,1.6045,1.6095
1989-03-17,1.609,1.621,1.605,1.6175
1989-03-20,1.618,1.621,1.6095,1.6105
1989-03-21,1.611,1.628,1.6105,1.6235
1989-03-22,1.6235,1.63,1.6175,1.619
1989-03-23,1.6185,1.628,1.6145,1.627
1989-03-24,1.628,1.6285,1.625,1.628
1989-03-27,1.628,1.643,1.6275,1.643
1989-03-28,1.6435,1.6575,1.6375,1.654
1989-03-29,1.654,1.6545,1.6425,1.653
1989-03-30,1.6525,1.663,1.643,1.6485
1989-03-31,1.649,1.666,1.6455,1.663
1989-04-03,1.664,1.668,1.639,1.6395
1989-04-04,1.6395,1.6435,1.627,1.6325
1989-04-05,1.6335,1.645,1.6335,1.643
1989-04-06,1.643,1.6485,1.6375,1.6455
1989-04-07,1.645,1.6515,1.6345,1.651
1989-04-10,1.65,1.662,1.6485,1.661
1989-04-11,1.661,1.6665,1.6535,1.664
1989-04-12,1.6645,1.6685,1.661,1.665
1989-04-13,1.665,1.668,1.6345,1.6445
1989-04-14,1.645,1.659,1.641,1.6465
1989-04-17,1.6445,1.6445,1.635,1.641
1989-04-18,1.641,1.6425,1.625,1.6275
1989-04-19,1.627,1.638,1.6255,1.6365
1989-04-20,1.6365,1.6365,1.623,1.6305
1989-04-21,1.631,1.636,1.6275,1.6315
1989-04-24,1.63,1.645,1.6295,1.6425
1989-04-25,1.643,1.6485,1.638,1.6465
1989-04-26,1.647,1.661,1.6435,1.658
1989-04-27,1.658,1.661,1.65,1.66
1989-04-28,1.66,1.6775,1.6565,1.677
1989-05-01,1.677,1.6905,1.677,1.6865
1989-05-02,1.686,1.6865,1.6765,1.686
1989-05-03,1.6855,1.6895,1.678,1.687
1989-05-04,1.6865,1.693,1.678,1.69
1989-05-05,1.6905,1.701,1.6825,1.6955
1989-05-08,1.6975,1.7085,1.6935,1.7025
1989-05-09,1.7025,1.7085,1.6945,1.696
1989-05-10,1.696,1.696,1.6855,1.6915
1989-05-11,1.691,1.711,1.688,1.7075
1989-05-12,1.707,1.719,1.693,1.718
1989-05-15,1.7195,1.7495,1.719,1.7375
1989-05-16,1.7365,1.743,1.729,1.731
1989-05-17,1.731,1.7675,1.7305,1.762
1989-05-18,1.762,1.771,1.7515,1.76
1989-05-19,1.7595,1.766,1.753,1.765
1989-05-22,1.769,1.802,1.7685,1.7965
1989-05-23,1.7965,1.809,1.776,1.7925
1989-05-24,1.794,1.8055,1.783,1.785
1989-05-25,1.7845,1.7855,1.74,1.7425
1989-05-26,1.7425,1.747,1.7025,1.733
1989-05-29,1.74,1.7655,1.74,1.755
1989-05-30,1.758,1.769,1.7285,1.7325
1989-05-31,1.7315,1.738,1.7,1.714
1989-06-01,1.7125,1.7255,1.6925,1.7
1989-06-02,1.7,1.7025,1.6665,1.671
1989-06-05,1.675,1.7155,1.668,1.7125
1989-06-06,1.7115,1.729,1.7045,1.7085
1989-06-07,1.7075,1.7195,1.694,1.7105
1989-06-08,1.7115,1.7165,1.7055,1.708
1989-06-09,1.708,1.7495,1.7065,1.747
1989-06-12,1.75,1.771,1.745,1.748
1989-06-13,1.749,1.7575,1.7375,1.743
1989-06-14,1.745,1.7555,1.7375,1.755
1989-06-15,1.757,1.777,1.71,1.7145
1989-06-16,1.713,1.7335,1.707,1.712
1989-06-19,1.713,1.726,1.699,1.7075
1989-06-20,1.7065,1.7255,1.6985,1.7225
1989-06-21,1.725,1.731,1.687,1.695
1989-06-22,1.689,1.702,1.676,1.677
1989-06-23,1.6775,1.6945,1.657,1.668
1989-06-26,1.67,1.6935,1.667,1.6875
1989-06-27,1.69,1.692,1.6725,1.686
1989-06-28,1.686,1.7015,1.682,1.692
1989-06-29,1.692,1.6955,1.663,1.688
1989-06-30,1.689,1.69,1.6675,1.6775
1989-07-03,1.6775,1.681,1.652,1.656
1989-07-04,1.656,1.6565,1.644,1.649
1989-07-05,1.65,1.65,1.6065,1.6115
1989-07-06,1.612,1.6275,1.609,1.6155
1989-07-07,1.616,1.6275,1.608,1.6115
1989-07-10,1.609,1.6155,1.594,1.603
1989-07-11,1.604,1.622,1.6025,1.6195
1989-07-12,1.6195,1.6265,1.611,1.6135
1989-07-13,1.614,1.6335,1.611,1.6325
1989-07-14,1.6325,1.653,1.6245,1.653
1989-07-17,1.655,1.66,1.644,1.6455
1989-07-18,1.6455,1.667,1.637,1.6455
1989-07-19,1.646,1.6595,1.64,1.659
1989-07-20,1.6595,1.6605,1.64,1.6475
1989-07-21,1.647,1.6525,1.632,1.6515
1989-07-24,1.657,1.659,1.6325,1.636
1989-07-25,1.6365,1.637,1.619,1.6205
1989-07-26,1.6215,1.6225,1.6055,1.606
1989-07-27,1.6055,1.6175,1.604,1.614
1989-07-28,1.614,1.628,1.6125,1.618
1989-07-31,1.617,1.6175,1.604,1.6095
1989-08-01,1.609,1.613,1.587,1.5885
1989-08-02,1.5885,1.5995,1.584,1.5995
1989-08-03,1.5995,1.6175,1.5905,1.6125
1989-08-04,1.612,1.644,1.606,1.6425
1989-08-07,1.6415,1.654,1.6355,1.648
1989-08-08,1.6475,1.6475,1.6255,1.629
1989-08-09,1.628,1.6405,1.627,1.635
1989-08-10,1.6345,1.6415,1.6245,1.641
1989-08-11,1.64,1.6795,1.639,1.6735
1989-08-14,1.6735,1.684,1.6665,1.6825
1989-08-15,1.6815,1.6835,1.67,1.676
1989-08-16,1.6755,1.68,1.6665,1.671
1989-08-17,1.671,1.701,1.67,1.694
1989-08-18,1.6945,1.6975,1.685,1.688
1989-08-21,1.688,1.697,1.681,1.687
1989-08-22,1.6875,1.6905,1.67,1.672
1989-08-23,1.6725,1.688,1.671,1.684
1989-08-24,1.6835,1.697,1.683,1.6885
1989-08-25,1.689,1.6935,1.6825,1.6915
1989-08-28,1.693,1.6975,1.687,1.694
1989-08-29,1.6935,1.6945,1.663,1.671
1989-08-30,1.6995,1.6995,1.665,1.6855
1989-08-31,1.685,1.7015,1.6815,1.696
1989-09-01,1.697,1.712,1.692,1.709
1989-09-04,1.711,1.715,1.7065,1.711
1989-09-05,1.71,1.721,1.7055,1.717
1989-09-06,1.7165,1.718,1.703,1.7065
1989-09-07,1.7055,1.721,1.703,1.7075
1989-09-08,1.7085,1.727,1.705,1.725
1989-09-11,1.727,1.7285,1.713,1.714
1989-09-12,1.7145,1.718,1.707,1.716
1989-09-13,1.7155,1.7175,1.6975,1.6995
1989-09-14,1.6995,1.7085,1.687,1.705
1989-09-15,1.7035,1.7313,1.6709,1.695
1989-09-18,1.696,1.706,1.6805,1.684
1989-09-19,1.685,1.696,1.681,1.6915
1989-09-20,1.6915,1.697,1.677,1.683
1989-09-21,1.683,1.688,1.6785,1.6845
1989-09-22,1.6845,1.6945,1.6775,1.692
1989-09-25,1.683,1.683,1.645,1.648
1989-09-26,1.6475,1.6625,1.6375,1.644
1989-09-27,1.643,1.643,1.624,1.631
1989-09-28,1.632,1.6425,1.629,1.632
1989-09-29,1.632,1.633,1.6135,1.622
1989-10-02,1.619,1.632,1.616,1.6295
1989-10-03,1.63,1.64,1.626,1.6365
1989-10-04,1.636,1.6395,1.6235,1.6305
1989-10-05,1.636,1.6385,1.6145,1.636
1989-10-06,1.635,1.657,1.629,1.643
1989-10-09,1.642,1.649,1.6375,1.646
1989-10-10,1.6455,1.67,1.6435,1.668
1989-10-11,1.667,1.683,1.657,1.679
1989-10-12,1.6805,1.6805,1.668,1.6745
1989-10-13,1.674,1.6825,1.637,1.638
1989-10-16,1.625,1.6435,1.611,1.637
1989-10-17,1.6355,1.638,1.6165,1.637
1989-10-18,1.637,1.637,1.616,1.625
1989-10-19,1.624,1.625,1.608,1.6175
1989-10-20,1.6175,1.631,1.61,1.6285
1989-10-23,1.628,1.632,1.6165,1.6195
1989-10-24,1.6195,1.621,1.6055,1.6095
1989-10-25,1.61,1.6142,1.6066,1.6075
1989-10-26,1.6088,1.6132,1.6067,1.6132
1989-10-27,1.613,1.6313,1.5957,1.5995
1989-10-30,1.6005,1.6082,1.5945,1.605
1989-10-31,1.607,1.6165,1.606,1.6155
1989-11-01,1.6141,1.6276,1.6113,1.6248
1989-11-02,1.6232,1.6282,1.6144,1.617
1989-11-03,1.6167,1.6228,1.6133,1.6208
1989-11-06,1.623,1.6272,1.6209,1.6232
1989-11-07,1.6237,1.6237,1.615,1.616
1989-11-08,1.6168,1.6197,1.6117,1.6172
1989-11-09,1.6175,1.626,1.615,1.625
1989-11-10,1.6253,1.645,1.6225,1.6447
1989-11-13,1.641,1.6451,1.6386,1.6406
1989-11-14,1.6387,1.64,1.615,1.6165
1989-11-15,1.62,1.63,1.6188,1.6265
1989-11-16,1.6263,1.642,1.6195,1.6334
1989-11-17,1.6323,1.638,1.627,1.6305
1989-11-20,1.6345,1.636,1.627,1.629
1989-11-21,1.631,1.633,1.61,1.6105
1989-11-22,1.6143,1.619,1.6035,1.612
1989-11-23,1.6145,1.619,1.6095,1.617
1989-11-24,1.613,1.615,1.606,1.609
1989-11-27,1.6005,1.6085,1.597,1.6035
1989-11-28,1.6075,1.6115,1.58,1.5875
1989-11-29,1.5955,1.5975,1.5825,1.591
1989-11-30,1.5895,1.597,1.5865,1.5915
1989-12-01,1.59,1.6005,1.589,1.599
1989-12-04,1.5925,1.609,1.588,1.6085
1989-12-05,1.6075,1.609,1.5865,1.5905
1989-12-06,1.5905,1.597,1.584,1.588
1989-12-07,1.588,1.5942,1.584,1.59
1989-12-08,1.591,1.6015,1.5845,1.596
1989-12-11,1.5955,1.599,1.59,1.5915
1989-12-12,1.5905,1.592,1.573,1.574
1989-12-13,1.5615,1.575,1.551,1.5635
1989-12-14,1.558,1.567,1.548,1.5625
1989-12-15,1.5558,1.5585,1.542,1.55
1989-12-18,1.5447,1.5483,1.538,1.5405
1989-12-19,1.5465,1.563,1.545,1.559
1989-12-20,1.563,1.569,1.552,1.5555
1989-12-21,1.5545,1.56,1.551,1.557
1989-12-22,1.5525,1.557,1.543,1.549
1989-12-26,1.5455,1.554,1.5435,1.5475
1989-12-27,1.5455,1.5475,1.5245,1.529
1989-12-28,1.5255,1.545,1.5205,1.539
1989-12-29,1.536,1.55,1.535,1.542
1990-01-02,1.5505,1.584,1.549,1.5725
1990-01-03,1.5725,1.581,1.5695,1.581
1990-01-04,1.5725,1.5785,1.5315,1.541
1990-01-05,1.544,1.5555,1.532,1.537
1990-01-08,1.541,1.544,1.52,1.5235
1990-01-09,1.5275,1.5315,1.514,1.5265
1990-01-10,1.5105,1.518,1.504,1.5125
1990-01-11,1.518,1.5245,1.5,1.515
1990-01-12,1.506,1.509,1.486,1.498
1990-01-15,1.494,1.514,1.493,1.513
1990-01-16,1.5155,1.5305,1.506,1.5125
1990-01-17,1.5113,1.512,1.495,1.5055
1990-01-18,1.5085,1.526,1.5075,1.522
1990-01-19,1.5275,1.5275,1.513,1.5215
1990-01-22,1.528,1.5392,1.5225,1.536
1990-01-23,1.5215,1.524,1.503,1.51
1990-01-24,1.4955,1.502,1.485,1.4995
1990-01-25,1.493,1.4965,1.4825,1.488
1990-01-26,1.4865,1.498,1.4845,1.49
1990-01-29,1.4875,1.4905,1.477,1.4835
1990-01-30,1.4808,1.512,1.4765,1.503
1990-01-31,1.496,1.5055,1.486,1.5
1990-02-01,1.4968,1.5028,1.491,1.4915
1990-02-02,1.4923,1.5015,1.491,1.492
1990-02-05,1.4845,1.4875,1.471,1.4735
1990-02-06,1.474,1.48,1.4695,1.478
1990-02-07,1.4788,1.4935,1.4745,1.491
1990-02-08,1.4948,1.495,1.484,1.49
1990-02-09,1.4913,1.5,1.486,1.4905
1990-02-12,1.493,1.501,1.4915,1.5005
1990-02-13,1.5055,1.5055,1.493,1.4992
1990-02-14,1.4948,1.4975,1.489,1.4935
1990-02-15,1.4975,1.508,1.4915,1.505
1990-02-16,1.5035,1.5125,1.49,1.491
1990-02-19,1.4898,1.4905,1.486,1.4895
1990-02-20,1.483,1.4865,1.477,1.479
1990-02-21,1.4748,1.48,1.471,1.4778
1990-02-22,1.4785,1.4805,1.468,1.4777
1990-02-23,1.475,1.4782,1.471,1.4725
1990-02-26,1.4798,1.4923,1.4768,1.491
1990-02-27,1.49,1.494,1.481,1.484
1990-02-28,1.4848,1.5015,1.4837,1.499
1990-03-01,1.4998,1.5135,1.4965,1.5105
1990-03-02,1.506,1.517,1.4975,1.5075
1990-03-05,1.5055,1.5088,1.494,1.4965
1990-03-06,1.495,1.5015,1.493,1.5
1990-03-07,1.5018,1.5105,1.499,1.5034
1990-03-08,1.5005,1.5085,1.499,1.5055
1990-03-09,1.5075,1.513,1.503,1.509
1990-03-12,1.514,1.531,1.511,1.5275
1990-03-13,1.5265,1.533,1.517,1.5215
1990-03-14,1.521,1.5287,1.5185,1.5245
1990-03-15,1.524,1.5285,1.5155,1.518
1990-03-16,1.5175,1.519,1.5045,1.51
1990-03-19,1.5065,1.5106,1.5045,1.5085
1990-03-20,1.509,1.5255,1.505,1.523
1990-03-21,1.5225,1.524,1.516,1.521
1990-03-22,1.5205,1.5225,1.5065,1.5098
1990-03-23,1.513,1.5215,1.5055,1.5185
1990-03-26,1.5225,1.5295,1.514,1.52
1990-03-27,1.521,1.5245,1.5155,1.5178
1990-03-28,1.518,1.5225,1.51,1.516
1990-03-29,1.5106,1.5118,1.494,1.495
1990-03-30,1.4948,1.506,1.492,1.4975
1990-04-02,1.5017,1.508,1.5,1.504
1990-04-03,1.501,1.5045,1.4988,1.503
1990-04-04,1.502,1.5075,1.5002,1.505
1990-04-05,1.5039,1.505,1.4985,1.5007
1990-04-06,1.5005,1.5025,1.494,1.5
1990-04-09,1.4983,1.4985,1.4923,1.498
1990-04-10,1.496,1.4996,1.4815,1.4835
1990-04-11,1.484,1.489,1.479,1.4805
1990-04-12,1.485,1.486,1.478,1.4838
1990-04-16,1.4855,1.4945,1.4855,1.49
1990-04-17,1.4945,1.4945,1.4885,1.4905
1990-04-18,1.492,1.494,1.475,1.476
1990-04-19,1.479,1.4888,1.4752,1.484
1990-04-20,1.4835,1.4935,1.48,1.4875
1990-04-23,1.4907,1.4945,1.489,1.494
1990-04-24,1.4913,1.4925,1.485,1.4894
1990-04-25,1.4823,1.4823,1.459,1.4605
1990-04-26,1.4622,1.4655,1.4555,1.4605
1990-04-27,1.4613,1.4685,1.451,1.454
1990-04-30,1.4595,1.4605,1.447,1.4505
1990-05-01,1.4538,1.4585,1.452,1.4548
1990-05-02,1.459,1.4623,1.4515,1.4555
1990-05-03,1.4545,1.456,1.452,1.455
1990-05-04,1.456,1.456,1.44,1.441
1990-05-07,1.438,1.439,1.4275,1.431
1990-05-08,1.4323,1.437,1.428,1.4308
1990-05-09,1.42,1.423,1.395,1.401
1990-05-10,1.402,1.4078,1.391,1.392
1990-05-11,1.398,1.4035,1.385,1.4015
1990-05-14,1.4025,1.4055,1.39,1.3915
1990-05-15,1.3953,1.4025,1.3875,1.396
1990-05-16,1.4083,1.4095,1.3965,1.4005
1990-05-17,1.3973,1.409,1.395,1.4065
1990-05-18,1.4055,1.4085,1.4,1.4045
1990-05-21,1.414,1.424,1.4125,1.422
1990-05-22,1.427,1.4283,1.4148,1.4185
1990-05-23,1.4112,1.4207,1.404,1.4183
1990-05-24,1.418,1.428,1.4148,1.428
1990-05-25,1.427,1.43,1.4175,1.427
1990-05-28,1.422,1.423,1.418,1.42
1990-05-29,1.414,1.4143,1.4055,1.4117
1990-05-30,1.4073,1.4245,1.4043,1.423
1990-05-31,1.42,1.4333,1.4183,1.4315
1990-06-01,1.4268,1.4405,1.421,1.439
1990-06-04,1.4403,1.4455,1.4355,1.4373
1990-06-05,1.4359,1.441,1.4275,1.429
1990-06-06,1.4322,1.4365,1.424,1.4353
1990-06-07,1.4375,1.445,1.4338,1.4445
1990-06-08,1.443,1.4525,1.441,1.45
1990-06-11,1.4495,1.4505,1.4365,1.4405
1990-06-12,1.4378,1.44,1.4315,1.4375
1990-06-13,1.437,1.437,1.422,1.424
1990-06-14,1.4243,1.437,1.4215,1.4362
1990-06-15,1.434,1.4455,1.429,1.433
1990-06-18,1.4287,1.4325,1.413,1.4165
1990-06-19,1.415,1.418,1.407,1.4105
1990-06-20,1.4143,1.4205,1.4113,1.413
1990-06-21,1.414,1.418,1.41,1.415
1990-06-22,1.4145,1.4175,1.408,1.411
1990-06-25,1.41,1.415,1.41,1.41
1990-06-26,1.411,1.4165,1.3965,1.401
1990-06-27,1.401,1.4113,1.396,1.41
1990-06-28,1.4085,1.422,1.407,1.42
1990-06-29,1.416,1.416,1.4115,1.416
1990-07-02,1.4115,1.4115,1.395,1.3955
1990-07-03,1.4055,1.41,1.389,1.3995
1990-07-04,1.3905,1.394,1.387,1.3915
1990-07-05,1.4005,1.4015,1.393,1.398
1990-07-06,1.4007,1.401,1.387,1.3985
1990-07-09,1.398,1.401,1.389,1.397
1990-07-10,1.3905,1.398,1.3815,1.392
1990-07-11,1.388,1.4035,1.3815,1.4035
1990-07-12,1.412,1.4125,1.387,1.388
1990-07-13,1.3915,1.405,1.389,1.403
1990-07-16,1.408,1.4215,1.4052,1.4185
1990-07-17,1.419,1.4215,1.4,1.4045
1990-07-18,1.405,1.4175,1.4015,1.416
1990-07-19,1.4155,1.4155,1.4045,1.406
1990-07-20,1.4065,1.4104,1.4,1.401
1990-07-23,1.4025,1.4025,1.3795,1.3815
1990-07-24,1.382,1.3875,1.371,1.379
1990-07-25,1.379,1.386,1.371,1.3795
1990-07-26,1.3805,1.384,1.372,1.377
1990-07-27,1.379,1.3825,1.361,1.361
1990-07-30,1.364,1.3675,1.3585,1.361
1990-07-31,1.3625,1.3648,1.344,1.346
1990-08-01,1.348,1.3798,1.3475,1.3535
1990-08-02,1.354,1.384,1.347,1.3535
1990-08-03,1.3552,1.366,1.344,1.3465
1990-08-06,1.353,1.353,1.3226,1.331
1990-08-07,1.3305,1.34,1.319,1.338
1990-08-08,1.3395,1.3495,1.3291,1.3385
1990-08-09,1.337,1.345,1.3347,1.343
1990-08-10,1.3435,1.348,1.337,1.338
1990-08-13,1.3325,1.3345,1.323,1.3255
1990-08-14,1.3325,1.3345,1.3115,1.3138
1990-08-15,1.304,1.3075,1.302,1.3025
1990-08-16,1.306,1.31,1.3025,1.3067
1990-08-17,1.2905,1.296,1.2855,1.2883
1990-08-20,1.2895,1.2925,1.287,1.29
1990-08-21,1.3003,1.301,1.281,1.291
1990-08-22,1.291,1.2925,1.2708,1.279
1990-08-23,1.2795,1.2795,1.2533,1.256
1990-08-24,1.259,1.2753,1.2535,1.2685
1990-08-27,1.2695,1.279,1.256,1.2745
1990-08-28,1.274,1.2865,1.264,1.2865
1990-08-29,1.285,1.292,1.2752,1.29
1990-08-30,1.2905,1.303,1.287,1.294
1990-08-31,1.296,1.2965,1.29,1.292
1990-09-03,1.296,1.3205,1.2865,1.316
1990-09-04,1.3155,1.325,1.3085,1.3135
1990-09-05,1.3115,1.316,1.294,1.296
1990-09-06,1.3005,1.3045,1.2875,1.2965
1990-09-07,1.297,1.3075,1.296,1.3055
1990-09-10,1.2995,1.3215,1.2995,1.3165
1990-09-11,1.315,1.3365,1.311,1.3245
1990-09-12,1.3245,1.3305,1.314,1.329
1990-09-13,1.3285,1.3335,1.301,1.3025
1990-09-14,1.305,1.3075,1.285,1.298
1990-09-17,1.2885,1.291,1.276,1.2765
1990-09-18,1.276,1.2935,1.276,1.2915
1990-09-19,1.2915,1.3115,1.2865,1.3095
1990-09-20,1.3071,1.326,1.305,1.3205
1990-09-21,1.3235,1.3305,1.3125,1.3205
1990-09-24,1.3162,1.3202,1.2915,1.298
1990-09-25,1.296,1.3105,1.291,1.308
1990-09-26,1.3075,1.313,1.299,1.302
1990-09-27,1.3045,1.3125,1.2905,1.293
1990-09-28,1.294,1.3028,1.2915,1.2975
1990-10-01,1.2805,1.2955,1.2775,1.2945
1990-10-02,1.2945,1.3015,1.2875,1.289
1990-10-03,1.287,1.2927,1.281,1.283
1990-10-04,1.2835,1.287,1.27,1.276
1990-10-05,1.281,1.3005,1.2785,1.293
1990-10-08,1.291,1.292,1.2825,1.2825
1990-10-09,1.276,1.281,1.2715,1.274
1990-10-10,1.2755,1.282,1.2735,1.2765
1990-10-11,1.2815,1.295,1.2805,1.2805
1990-10-12,1.2755,1.2835,1.2735,1.28
1990-10-15,1.2845,1.2905,1.283,1.286
1990-10-16,1.289,1.293,1.2725,1.275
1990-10-17,1.2775,1.2795,1.265,1.2725
1990-10-18,1.269,1.2815,1.2585,1.26
1990-10-19,1.2685,1.2745,1.261,1.2685
1990-10-22,1.273,1.281,1.2695,1.2796
1990-10-23,1.2851,1.2883,1.27,1.2815
1990-10-24,1.2825,1.284,1.268,1.269
1990-10-25,1.269,1.281,1.2675,1.2785
1990-10-26,1.286,1.2865,1.2785,1.2805
1990-10-29,1.276,1.285,1.2755,1.2835
1990-10-30,1.2885,1.2981,1.28,1.2885
1990-10-31,1.2866,1.2895,1.2805,1.2849
1990-11-01,1.285,1.285,1.271,1.2745
1990-11-02,1.2715,1.2755,1.2635,1.267
1990-11-05,1.2605,1.2627,1.248,1.2495
1990-11-06,1.2555,1.256,1.244,1.246
1990-11-07,1.2455,1.2485,1.239,1.2405
1990-11-08,1.248,1.2585,1.247,1.248
1990-11-09,1.2555,1.258,1.2468,1.2495
1990-11-12,1.2451,1.2508,1.2448,1.2484
1990-11-13,1.247,1.257,1.245,1.252
1990-11-14,1.252,1.2535,1.2455,1.2465
1990-11-15,1.248,1.2545,1.2475,1.2515
1990-11-16,1.2535,1.2545,1.2395,1.2445
1990-11-19,1.2445,1.2455,1.2395,1.2445
1990-11-20,1.246,1.249,1.2445,1.2465
1990-11-21,1.2435,1.2475,1.242,1.2475
1990-11-22,1.2465,1.2522,1.2445,1.2488
1990-11-23,1.2495,1.2595,1.249,1.258
1990-11-26,1.258,1.27,1.2555,1.2625
1990-11-27,1.262,1.2685,1.2535,1.259
1990-11-28,1.263,1.2685,1.256,1.2655
1990-11-29,1.266,1.2875,1.2645,1.282
1990-11-30,1.283,1.2855,1.2765,1.2795
1990-12-03,1.2765,1.2995,1.2755,1.2915
1990-12-04,1.2925,1.2945,1.2785,1.2845
1990-12-05,1.279,1.284,1.2745,1.2825
1990-12-06,1.278,1.2805,1.2675,1.272
1990-12-07,1.2715,1.273,1.2595,1.2625
1990-12-10,1.2552,1.262,1.2527,1.2605
1990-12-11,1.259,1.2675,1.256,1.2665
1990-12-12,1.263,1.2675,1.2525,1.2645
1990-12-13,1.261,1.266,1.254,1.265
1990-12-14,1.2645,1.2765,1.2615,1.272
1990-12-17,1.272,1.277,1.27,1.2742
1990-12-18,1.2723,1.2791,1.265,1.2698
1990-12-19,1.266,1.271,1.2625,1.2665
1990-12-20,1.2672,1.2995,1.262,1.2985
1990-12-21,1.299,1.316,1.2905,1.3105
1990-12-24,1.311,1.3135,1.3005,1.3125
1990-12-25,1.3155,1.3155,1.3085,1.3115
1990-12-26,1.312,1.3127,1.3027,1.3115
1990-12-27,1.312,1.312,1.3027,1.305
1990-12-28,1.3045,1.3045,1.2735,1.2745
1990-12-31,1.278,1.285,1.275,1.277
1991-01-02,1.2768,1.2775,1.257,1.2615
1991-01-03,1.2622,1.27,1.261,1.267
1991-01-04,1.2645,1.276,1.2605,1.2745
1991-01-07,1.2873,1.294,1.2846,1.2905
1991-01-08,1.294,1.2996,1.286,1.2905
1991-01-09,1.2965,1.3075,1.271,1.2715
1991-01-10,1.2775,1.2888,1.274,1.2875
1991-01-11,1.2839,1.2905,1.2775,1.2795
1991-01-14,1.2905,1.293,1.279,1.2825
1991-01-15,1.284,1.2895,1.2835,1.286
1991-01-16,1.2865,1.292,1.2855,1.289
1991-01-17,1.2765,1.284,1.27,1.272
1991-01-18,1.271,1.2775,1.2595,1.26
1991-01-21,1.2625,1.2675,1.247,1.2495
1991-01-22,1.2515,1.2585,1.249,1.2585
1991-01-23,1.2585,1.2665,1.2525,1.253
1991-01-24,1.252,1.257,1.2485,1.2565
1991-01-25,1.2575,1.265,1.2525,1.2645
1991-01-28,1.2605,1.2688,1.2576,1.2635
1991-01-29,1.2625,1.2695,1.2505,1.2675
1991-01-30,1.2655,1.2745,1.26,1.2625
1991-01-31,1.2635,1.267,1.254,1.257
1991-02-01,1.258,1.266,1.249,1.252
1991-02-04,1.2505,1.2597,1.2455,1.2505
1991-02-05,1.2505,1.2539,1.2425,1.2435
1991-02-06,1.2455,1.2465,1.231,1.232
1991-02-07,1.234,1.2445,1.231,1.2435
1991-02-08,1.2435,1.249,1.24,1.244
1991-02-11,1.2435,1.2453,1.2335,1.2365
1991-02-12,1.236,1.2487,1.235,1.247
1991-02-13,1.2465,1.2555,1.2435,1.253
1991-02-14,1.2535,1.2605,1.249,1.2565
1991-02-15,1.2555,1.2785,1.252,1.2695
1991-02-18,1.2665,1.277,1.263,1.2729
1991-02-19,1.2695,1.2835,1.2675,1.2785
1991-02-20,1.2785,1.284,1.2715,1.279
1991-02-21,1.2775,1.281,1.2695,1.275
1991-02-22,1.276,1.2945,1.2665,1.2925
1991-02-25,1.2945,1.307,1.2895,1.3015
1991-02-26,1.2965,1.319,1.29,1.307
1991-02-27,1.3065,1.3198,1.305,1.316
1991-02-28,1.3145,1.3285,1.3085,1.3235
1991-03-01,1.324,1.337,1.3215,1.3355
1991-03-04,1.3335,1.3405,1.331,1.3355
1991-03-05,1.3355,1.345,1.3245,1.3445
1991-03-06,1.3435,1.3535,1.333,1.3375
1991-03-07,1.337,1.3532,1.3365,1.348
1991-03-08,1.347,1.3695,1.3465,1.369
1991-03-11,1.3715,1.383,1.364,1.3715
1991-03-12,1.3685,1.369,1.356,1.361
1991-03-13,1.361,1.377,1.36,1.365
1991-03-14,1.362,1.375,1.358,1.3715
1991-03-15,1.374,1.396,1.37,1.3925
1991-03-18,1.394,1.415,1.3855,1.4065
1991-03-19,1.4105,1.442,1.39,1.4205
1991-03-20,1.4245,1.4355,1.413,1.415
1991-03-21,1.4112,1.416,1.398,1.4068
1991-03-22,1.4055,1.4205,1.3975,1.413
1991-03-25,1.416,1.4405,1.411,1.4365
1991-03-26,1.433,1.448,1.4295,1.432
1991-03-27,1.432,1.461,1.424,1.4555
1991-03-28,1.4555,1.4665,1.45,1.4545
1991-04-01,1.4545,1.4545,1.446,1.446
1991-04-02,1.4315,1.447,1.414,1.4185
1991-04-03,1.418,1.4295,1.41,1.4235
1991-04-04,1.4205,1.429,1.3965,1.404
1991-04-05,1.4035,1.423,1.393,1.422
1991-04-08,1.429,1.439,1.4255,1.4385
1991-04-09,1.438,1.446,1.407,1.4085
1991-04-10,1.4095,1.433,1.4045,1.429
1991-04-11,1.428,1.431,1.4045,1.412
1991-04-12,1.4105,1.433,1.4075,1.4265
1991-04-15,1.426,1.427,1.4135,1.4185
1991-04-16,1.418,1.4255,1.411,1.417
1991-04-17,1.418,1.4275,1.4155,1.4225
1991-04-18,1.423,1.459,1.421,1.456
1991-04-19,1.4565,1.48,1.452,1.4685
1991-04-22,1.4735,1.487,1.4665,1.4695
1991-04-23,1.465,1.48,1.4515,1.4528
1991-04-24,1.4525,1.473,1.447,1.463
1991-04-25,1.463,1.49,1.462,1.4665
1991-04-26,1.467,1.484,1.4622,1.4765
1991-04-29,1.4935,1.503,1.466,1.473
1991-04-30,1.4725,1.48,1.438,1.443
1991-05-01,1.4445,1.455,1.4285,1.448
1991-05-02,1.448,1.4645,1.4425,1.4585
1991-05-03,1.457,1.4815,1.4425,1.476
1991-05-06,1.472,1.478,1.461,1.4675
1991-05-07,1.467,1.469,1.4515,1.4535
1991-05-08,1.4552,1.468,1.452,1.4625
1991-05-09,1.4635,1.4755,1.46,1.4605
1991-05-10,1.461,1.469,1.453,1.4545
1991-05-13,1.457,1.4622,1.437,1.4405
1991-05-14,1.4425,1.4485,1.4255,1.4295
1991-05-15,1.4311,1.435,1.4235,1.4255
1991-05-16,1.427,1.442,1.4235,1.4375
1991-05-17,1.4385,1.472,1.4335,1.47
1991-05-20,1.477,1.4911,1.454,1.462
1991-05-21,1.462,1.464,1.4455,1.448
1991-05-22,1.448,1.4625,1.4475,1.46
1991-05-23,1.46,1.4685,1.4505,1.4545
1991-05-24,1.4555,1.4605,1.4485,1.452
1991-05-27,1.45,1.454,1.4445,1.452
1991-05-28,1.4525,1.457,1.441,1.445
1991-05-29,1.445,1.465,1.441,1.4615
1991-05-30,1.461,1.469,1.454,1.4625
1991-05-31,1.4625,1.4865,1.4585,1.4855
1991-06-03,1.4865,1.4982,1.4805,1.491
1991-06-04,1.4865,1.5005,1.4805,1.492
1991-06-05,1.4885,1.5053,1.4865,1.496
1991-06-06,1.4955,1.506,1.4897,1.503
1991-06-07,1.5025,1.522,1.5015,1.519
1991-06-10,1.519,1.524,1.5075,1.5105
1991-06-11,1.519,1.524,1.5005,1.511
1991-06-12,1.515,1.534,1.5135,1.5305
1991-06-13,1.5305,1.548,1.527,1.539
1991-06-14,1.538,1.547,1.5289,1.5395
1991-06-17,1.542,1.5482,1.5345,1.542
1991-06-18,1.5415,1.5657,1.541,1.565
1991-06-19,1.5635,1.569,1.5355,1.5395
1991-06-20,1.5415,1.5425,1.5245,1.536
1991-06-21,1.536,1.552,1.536,1.5475
1991-06-24,1.559,1.568,1.5275,1.534
1991-06-25,1.534,1.557,1.528,1.55
1991-06-26,1.5495,1.5575,1.5405,1.5475
1991-06-27,1.5475,1.555,1.5445,1.5505
1991-06-28,1.5495,1.5635,1.5485,1.5525
1991-07-01,1.556,1.5685,1.5495,1.5665
1991-07-02,1.5685,1.5865,1.5578,1.5825
1991-07-03,1.5825,1.585,1.5713,1.58
1991-07-04,1.5785,1.584,1.5765,1.5835
1991-07-05,1.5845,1.5937,1.571,1.575
1991-07-08,1.574,1.575,1.5575,1.5585
1991-07-09,1.5605,1.576,1.5605,1.575
1991-07-10,1.575,1.5817,1.5685,1.5715
1991-07-11,1.571,1.596,1.5685,1.59
1991-07-12,1.5915,1.5942,1.544,1.5485
1991-07-15,1.549,1.557,1.5455,1.5515
1991-07-16,1.555,1.5635,1.5515,1.5625
1991-07-17,1.5635,1.565,1.5515,1.556
1991-07-18,1.555,1.558,1.531,1.539
1991-07-19,1.5395,1.5395,1.5105,1.511
1991-07-22,1.514,1.5265,1.512,1.5255
1991-07-23,1.5265,1.5403,1.5225,1.5265
1991-07-24,1.525,1.5265,1.5065,1.513
1991-07-25,1.514,1.5381,1.513,1.533
1991-07-26,1.534,1.5355,1.5103,1.5225
1991-07-29,1.524,1.5345,1.5238,1.5265
1991-07-30,1.524,1.5325,1.5152,1.5325
1991-07-31,1.53,1.533,1.5165,1.522
1991-08-01,1.5235,1.5385,1.521,1.532
1991-08-02,1.5345,1.543,1.504,1.5135
1991-08-05,1.508,1.5137,1.4949,1.4965
1991-08-06,1.495,1.4985,1.4871,1.493
1991-08-07,1.4975,1.5035,1.494,1.498
1991-08-08,1.4945,1.5096,1.4885,1.5015
1991-08-09,1.5025,1.518,1.4977,1.5145
1991-08-12,1.5125,1.5175,1.507,1.5085
1991-08-13,1.5075,1.5155,1.5055,1.5145
1991-08-14,1.514,1.5235,1.5115,1.522
1991-08-15,1.521,1.5413,1.506,1.5365
1991-08-16,1.5375,1.5456,1.5225,1.544
1991-08-19,1.5415,1.587,1.5385,1.5535
1991-08-20,1.556,1.5575,1.534,1.5415
1991-08-21,1.5445,1.5515,1.505,1.514
1991-08-22,1.5185,1.5245,1.5022,1.509
1991-08-23,1.5145,1.5342,1.5115,1.528
1991-08-26,1.5275,1.534,1.5215,1.5255
1991-08-27,1.5245,1.529,1.52,1.5235
1991-08-28,1.526,1.5315,1.515,1.517
1991-08-29,1.517,1.528,1.5112,1.5235
1991-08-30,1.525,1.5335,1.5175,1.5265
1991-09-02,1.5285,1.5335,1.5244,1.5305
1991-09-03,1.53,1.5325,1.521,1.5225
1991-09-04,1.5218,1.5285,1.5182,1.5235
1991-09-05,1.524,1.53,1.5215,1.5265
1991-09-06,1.528,1.531,1.5055,1.5055
1991-09-09,1.505,1.506,1.4805,1.4855
1991-09-10,1.485,1.4875,1.476,1.4805
1991-09-11,1.4825,1.4908,1.4775,1.4778
1991-09-12,1.474,1.486,1.4695,1.4765
1991-09-13,1.485,1.4892,1.4725,1.4745
1991-09-16,1.4835,1.49,1.4582,1.462
1991-09-17,1.4615,1.4657,1.4533,1.4597
1991-09-18,1.4597,1.4815,1.457,1.474
1991-09-19,1.4735,1.4803,1.47,1.477
1991-09-20,1.4772,1.4835,1.468,1.4705
1991-09-23,1.4772,1.4835,1.4525,1.4575
1991-09-24,1.4575,1.47,1.447,1.469
1991-09-25,1.4675,1.4685,1.4588,1.4635
1991-09-26,1.464,1.4705,1.4578,1.467
1991-09-27,1.4685,1.4725,1.452,1.4525
1991-09-30,1.4495,1.4535,1.4443,1.4525
1991-10-01,1.4545,1.4583,1.4515,1.4555
1991-10-02,1.4545,1.459,1.4491,1.457
1991-10-03,1.458,1.4585,1.4485,1.454
1991-10-04,1.451,1.475,1.4505,1.4695
1991-10-07,1.467,1.477,1.4663,1.4727
1991-10-08,1.472,1.4935,1.4715,1.492
1991-10-09,1.4915,1.498,1.4765,1.4795
1991-10-10,1.4793,1.4875,1.4723,1.4835
1991-10-11,1.4845,1.492,1.4768,1.4782
1991-10-14,1.479,1.487,1.4763,1.4865
1991-10-15,1.4885,1.4975,1.4852,1.496
1991-10-16,1.495,1.495,1.4845,1.4906
1991-10-17,1.4885,1.4925,1.479,1.4812
1991-10-18,1.479,1.4836,1.474,1.475
1991-10-21,1.4765,1.4842,1.4742,1.4826
1991-10-22,1.483,1.4865,1.4775,1.4832
1991-10-23,1.4845,1.4975,1.4845,1.4967
1991-10-24,1.4945,1.496,1.4832,1.4875
1991-10-25,1.4855,1.4905,1.482,1.4875
1991-10-28,1.489,1.509,1.4868,1.507
1991-10-29,1.5065,1.508,1.4705,1.4775
1991-10-30,1.477,1.4795,1.4604,1.4645
1991-10-31,1.465,1.4823,1.4615,1.466
1991-11-01,1.4665,1.473,1.4405,1.4435
1991-11-04,1.4435,1.4515,1.4315,1.4445
1991-11-05,1.4435,1.453,1.44,1.445
1991-11-06,1.449,1.4545,1.4395,1.4455
1991-11-07,1.4445,1.453,1.436,1.4505
1991-11-08,1.451,1.4565,1.447,1.4515
1991-11-11,1.457,1.459,1.4455,1.45
1991-11-12,1.4495,1.4551,1.4447,1.452
1991-11-13,1.4515,1.4568,1.4447,1.4495
1991-11-14,1.4485,1.4515,1.443,1.445
1991-11-15,1.4448,1.4535,1.434,1.434
1991-11-18,1.4265,1.432,1.4151,1.431
1991-11-19,1.43,1.431,1.4095,1.417
1991-11-20,1.417,1.4245,1.4167,1.4195
1991-11-21,1.42,1.4268,1.415,1.4255
1991-11-22,1.4245,1.4245,1.4037,1.41
1991-11-25,1.4077,1.4155,1.4031,1.415
1991-11-26,1.4145,1.439,1.3987,1.425
1991-11-27,1.4245,1.431,1.4193,1.4255
1991-11-28,1.4265,1.431,1.423,1.4285
1991-11-29,1.428,1.4455,1.428,1.4335
1991-12-02,1.428,1.4365,1.4205,1.4255
1991-12-03,1.4254,1.4308,1.421,1.4235
1991-12-04,1.4225,1.431,1.411,1.413
1991-12-05,1.4125,1.4195,1.4025,1.4037
1991-12-06,1.4036,1.4082,1.3842,1.405
1991-12-09,1.389,1.4005,1.3835,1.3865
1991-12-10,1.3865,1.4035,1.3798,1.393
1991-12-11,1.3947,1.4085,1.391,1.392
1991-12-12,1.3915,1.4027,1.3841,1.3977
1991-12-13,1.3966,1.4067,1.392,1.403
1991-12-16,1.4015,1.4015,1.3912,1.394
1991-12-17,1.393,1.397,1.3851,1.391
1991-12-18,1.3895,1.3955,1.3858,1.392
1991-12-19,1.3922,1.3965,1.38,1.382
1991-12-20,1.3815,1.387,1.3575,1.3625
1991-12-23,1.36,1.3605,1.3395,1.348
1991-12-24,1.347,1.3555,1.3467,1.35
1991-12-26,1.343,1.3488,1.3415,1.3445
1991-12-27,1.344,1.356,1.3365,1.351
1991-12-30,1.3595,1.36,1.347,1.356
1991-12-31,1.3565,1.364,1.3519,1.3555
1992-01-02,1.3535,1.361,1.3528,1.3555
1992-01-03,1.3658,1.3788,1.3642,1.3725
1992-01-06,1.3719,1.3719,1.3425,1.344
1992-01-07,1.3455,1.3525,1.3377,1.338
1992-01-08,1.338,1.357,1.3355,1.3457
1992-01-09,1.3475,1.3997,1.3445,1.3935
1992-01-10,1.393,1.4155,1.383,1.412
1992-01-13,1.4075,1.4105,1.3958,1.4022
1992-01-14,1.402,1.4175,1.3915,1.4117
1992-01-15,1.4112,1.455,1.4072,1.4425
1992-01-16,1.4415,1.4455,1.4265,1.432
1992-01-17,1.4317,1.4478,1.4032,1.4032
1992-01-20,1.397,1.415,1.397,1.405
1992-01-21,1.4055,1.4145,1.4002,1.4075
1992-01-22,1.4077,1.4148,1.401,1.409
1992-01-23,1.4105,1.4335,1.4058,1.429
1992-01-24,1.4288,1.4333,1.404,1.4159
1992-01-27,1.4175,1.438,1.417,1.432
1992-01-28,1.4321,1.434,1.417,1.4235
1992-01-29,1.4225,1.433,1.4105,1.432
1992-01-30,1.431,1.4446,1.4204,1.4375
1992-01-31,1.438,1.441,1.422,1.4345
1992-02-03,1.4305,1.4325,1.4226,1.4242
1992-02-04,1.424,1.4295,1.4167,1.4212
1992-02-05,1.4202,1.424,1.4087,1.4102
1992-02-06,1.4105,1.413,1.4005,1.4067
1992-02-07,1.4074,1.412,1.3887,1.3892
1992-02-10,1.391,1.4102,1.3885,1.4084
1992-02-11,1.4075,1.4302,1.4055,1.4295
1992-02-12,1.4257,1.4427,1.4224,1.4387
1992-02-13,1.4394,1.4635,1.43,1.4607
1992-02-14,1.46,1.474,1.4525,1.4675
1992-02-17,1.4615,1.4683,1.448,1.4665
1992-02-18,1.466,1.4917,1.4623,1.4855
1992-02-19,1.4855,1.4915,1.4815,1.486
1992-02-20,1.485,1.501,1.4825,1.485
1992-02-21,1.4845,1.5025,1.482,1.5015
1992-02-24,1.5005,1.508,1.4889,1.4935
1992-02-25,1.4935,1.5085,1.4755,1.505
1992-02-26,1.5065,1.5117,1.4925,1.4945
1992-02-27,1.495,1.4968,1.4795,1.4825
1992-02-28,1.4825,1.491,1.4747,1.4865
1992-03-02,1.4942,1.4951,1.4803,1.4905
1992-03-03,1.49,1.5125,1.4887,1.5075
1992-03-04,1.5077,1.5265,1.506,1.522
1992-03-05,1.5215,1.5342,1.5192,1.5262
1992-03-06,1.525,1.533,1.5063,1.515
1992-03-09,1.5105,1.5118,1.5047,1.5055
1992-03-10,1.5052,1.5194,1.4996,1.5189
1992-03-11,1.5175,1.5242,1.5044,1.5065
1992-03-12,1.5062,1.5205,1.5057,1.5095
1992-03-13,1.5105,1.5175,1.5043,1.5069
1992-03-16,1.5133,1.5136,1.505,1.5065
1992-03-17,1.5062,1.5078,1.4867,1.4915
1992-03-18,1.491,1.4995,1.4872,1.497
1992-03-19,1.497,1.5182,1.496,1.5159
1992-03-20,1.515,1.5312,1.5145,1.517
1992-03-23,1.5205,1.525,1.512,1.5145
1992-03-24,1.5144,1.5185,1.5095,1.5135
1992-03-25,1.5125,1.5135,1.4986,1.5005
1992-03-26,1.5005,1.517,1.4993,1.515
1992-03-27,1.515,1.519,1.4915,1.4915
1992-03-30,1.4955,1.5105,1.4935,1.502
1992-03-31,1.5017,1.5065,1.4958,1.4995
1992-04-01,1.4992,1.5145,1.4984,1.511
1992-04-02,1.5109,1.5155,1.499,1.5017
1992-04-03,1.5017,1.5041,1.486,1.4895
1992-04-06,1.4903,1.4938,1.4835,1.4925
1992-04-07,1.4916,1.5,1.488,1.488
1992-04-08,1.4895,1.497,1.4865,1.4954
1992-04-09,1.4955,1.5047,1.4837,1.4894
1992-04-10,1.489,1.5107,1.4852,1.508
1992-04-13,1.5111,1.527,1.5087,1.5222
1992-04-14,1.5225,1.5247,1.5103,1.5227
1992-04-15,1.5235,1.536,1.518,1.5335
1992-04-16,1.5336,1.5475,1.53,1.5435
1992-04-17,1.5435,1.5457,1.5409,1.5447
1992-04-20,1.5445,1.5491,1.5365,1.5403
1992-04-21,1.5405,1.5485,1.536,1.5475
1992-04-22,1.5455,1.55,1.537,1.5415
1992-04-23,1.5415,1.548,1.5373,1.539
1992-04-24,1.539,1.5395,1.523,1.529
1992-04-27,1.5345,1.5385,1.5228,1.5232
1992-04-28,1.5235,1.5285,1.514,1.5172
1992-04-29,1.5178,1.526,1.513,1.5245
1992-04-30,1.5224,1.5285,1.5075,1.5107
1992-05-01,1.511,1.517,1.4975,1.4992
1992-05-04,1.5055,1.5153,1.5013,1.5125
1992-05-05,1.5126,1.516,1.5,1.5057
1992-05-06,1.5055,1.511,1.495,1.4987
1992-05-07,1.4995,1.5153,1.4985,1.5088
1992-05-08,1.51,1.531,1.5085,1.5255
1992-05-11,1.526,1.5305,1.5236,1.5245
1992-05-12,1.5255,1.5265,1.5025,1.5042
1992-05-13,1.5044,1.5074,1.4782,1.4795
1992-05-14,1.479,1.485,1.4695,1.4787
1992-05-15,1.48,1.492,1.4725,1.4853
1992-05-18,1.484,1.4847,1.463,1.4677
1992-05-19,1.4675,1.471,1.4577,1.4632
1992-05-20,1.4631,1.473,1.461,1.47
1992-05-21,1.4722,1.488,1.469,1.4845
1992-05-22,1.4847,1.497,1.481,1.4875
1992-05-25,1.486,1.4875,1.4832,1.4862
1992-05-26,1.486,1.489,1.4749,1.485
1992-05-27,1.4845,1.499,1.4831,1.489
1992-05-28,1.4875,1.4915,1.4707,1.4707
1992-05-29,1.47,1.472,1.4505,1.4565
1992-06-01,1.4558,1.4647,1.4462,1.4565
1992-06-02,1.4565,1.472,1.4552,1.466
1992-06-03,1.466,1.474,1.462,1.4708
1992-06-04,1.4715,1.476,1.4557,1.4562
1992-06-05,1.4565,1.464,1.4435,1.453
1992-06-08,1.4525,1.456,1.446,1.4495
1992-06-09,1.45,1.4595,1.445,1.4561
1992-06-10,1.4566,1.4615,1.4495,1.4516
1992-06-11,1.4506,1.453,1.4283,1.431
1992-06-12,1.4315,1.4335,1.4203,1.4267
1992-06-15,1.4282,1.4285,1.4077,1.414
1992-06-16,1.4135,1.4241,1.4032,1.404
1992-06-17,1.404,1.424,1.4032,1.4165
1992-06-18,1.4205,1.4325,1.408,1.417
1992-06-19,1.4163,1.4235,1.4124,1.419
1992-06-22,1.4211,1.4265,1.4126,1.4128
1992-06-23,1.412,1.4199,1.4063,1.4198
1992-06-24,1.4197,1.42,1.399,1.4007
1992-06-25,1.4008,1.403,1.382,1.3863
1992-06-26,1.3862,1.3915,1.3775,1.3805
1992-06-29,1.3808,1.3842,1.365,1.3734
1992-06-30,1.3735,1.3815,1.37,1.3735
1992-07-01,1.3735,1.3755,1.3579,1.3709
1992-07-02,1.3709,1.3725,1.347,1.3512
1992-07-03,1.3505,1.362,1.349,1.3575
1992-07-06,1.3625,1.3735,1.3522,1.3553
1992-07-07,1.3557,1.3575,1.338,1.3403
1992-07-08,1.3407,1.353,1.3322,1.3435
1992-07-09,1.3433,1.376,1.34,1.3655
1992-07-10,1.3657,1.3757,1.3526,1.3545
1992-07-13,1.3504,1.352,1.33,1.3322
1992-07-14,1.3335,1.3487,1.3295,1.3446
1992-07-15,1.3447,1.349,1.3335,1.3425
1992-07-16,1.3426,1.346,1.3235,1.3326
1992-07-17,1.3325,1.334,1.2957,1.2993
1992-07-20,1.298,1.3297,1.273,1.3232
1992-07-21,1.3235,1.339,1.308,1.321
1992-07-22,1.3205,1.3255,1.31,1.3175
1992-07-23,1.3168,1.3205,1.312,1.3145
1992-07-24,1.3148,1.334,1.3095,1.332
1992-07-27,1.3235,1.3305,1.309,1.3098
1992-07-28,1.3085,1.3125,1.3005,1.3032
1992-07-29,1.3035,1.3215,1.3012,1.3172
1992-07-30,1.3173,1.3315,1.3147,1.3152
1992-07-31,1.3153,1.3211,1.307,1.3175
1992-08-03,1.3185,1.3225,1.3115,1.319
1992-08-04,1.317,1.326,1.317,1.3245
1992-08-05,1.3241,1.3352,1.321,1.3305
1992-08-06,1.3305,1.3353,1.3247,1.328
1992-08-07,1.328,1.331,1.3107,1.3125
1992-08-10,1.3145,1.32,1.3132,1.3134
1992-08-11,1.313,1.3295,1.3127,1.3197
1992-08-12,1.3195,1.3265,1.3173,1.3205
1992-08-13,1.3205,1.327,1.307,1.3094
1992-08-14,1.3094,1.3282,1.3093,1.32
1992-08-17,1.3233,1.3305,1.3135,1.317
1992-08-18,1.317,1.3171,1.305,1.3075
1992-08-19,1.3076,1.3133,1.2985,1.304
1992-08-20,1.3037,1.307,1.2863,1.2893
1992-08-21,1.289,1.2947,1.2665,1.2712
1992-08-24,1.265,1.2675,1.24,1.2412
1992-08-25,1.2438,1.2568,1.238,1.2493
1992-08-26,1.2497,1.265,1.2487,1.26
1992-08-27,1.2599,1.2705,1.2585,1.2614
1992-08-28,1.2612,1.262,1.2535,1.261
1992-08-31,1.26,1.2651,1.2445,1.25
1992-09-01,1.249,1.2495,1.2352,1.2377
1992-09-02,1.2375,1.2442,1.2295,1.2432
1992-09-03,1.2465,1.266,1.241,1.2625
1992-09-04,1.266,1.2865,1.2405,1.2405
1992-09-07,1.2526,1.2553,1.248,1.2497
1992-09-08,1.2477,1.2511,1.2295,1.2335
1992-09-09,1.2347,1.2552,1.2335,1.2542
1992-09-10,1.2554,1.2685,1.2425,1.2676
1992-09-11,1.274,1.2925,1.268,1.2905
1992-09-14,1.3335,1.3335,1.297,1.3135
1992-09-15,1.3127,1.3225,1.296,1.3224
1992-09-16,1.3225,1.327,1.298,1.3178
1992-09-17,1.3177,1.326,1.284,1.2861
1992-09-18,1.2883,1.3092,1.2855,1.3075
1992-09-21,1.2977,1.318,1.2873,1.2994
1992-09-22,1.2995,1.309,1.284,1.308
1992-09-23,1.307,1.3182,1.3035,1.3055
1992-09-24,1.3054,1.3205,1.2935,1.3012
1992-09-25,1.3013,1.3057,1.2915,1.295
1992-09-28,1.2902,1.2902,1.265,1.2741
1992-09-29,1.2735,1.2751,1.226,1.2302
1992-09-30,1.2295,1.2425,1.2175,1.2348
1992-10-01,1.2345,1.249,1.2277,1.243
1992-10-02,1.241,1.2622,1.2292,1.2295
1992-10-05,1.2305,1.2417,1.21,1.241
1992-10-06,1.2412,1.2512,1.2345,1.2485
1992-10-07,1.248,1.276,1.2433,1.276
1992-10-08,1.2749,1.3185,1.273,1.3137
1992-10-09,1.3195,1.326,1.3015,1.3154
1992-10-12,1.2972,1.3178,1.2915,1.3112
1992-10-13,1.3115,1.3297,1.3041,1.3052
1992-10-14,1.3087,1.3135,1.2957,1.2981
1992-10-15,1.2982,1.3032,1.2855,1.3024
1992-10-16,1.3055,1.3237,1.3,1.3225
1992-10-19,1.3289,1.3468,1.315,1.344
1992-10-20,1.3445,1.3692,1.3282,1.3558
1992-10-21,1.3556,1.361,1.343,1.36
1992-10-22,1.3598,1.3625,1.3434,1.3466
1992-10-23,1.3465,1.375,1.3337,1.3657
1992-10-26,1.3624,1.3785,1.3568,1.3645
1992-10-27,1.3642,1.3795,1.3577,1.3591
1992-10-28,1.358,1.3807,1.3542,1.3725
1992-10-29,1.373,1.3795,1.366,1.371
1992-10-30,1.3706,1.3781,1.3665,1.376
1992-11-02,1.3767,1.4015,1.3733,1.3955
1992-11-03,1.3957,1.409,1.3868,1.3975
1992-11-04,1.397,1.4095,1.3835,1.402
1992-11-05,1.402,1.4215,1.3975,1.417
1992-11-06,1.4169,1.4368,1.4165,1.4352
1992-11-09,1.4336,1.4416,1.42,1.44
1992-11-10,1.4398,1.4447,1.426,1.426
1992-11-11,1.4263,1.4405,1.424,1.4317
1992-11-12,1.4314,1.437,1.4247,1.426
1992-11-13,1.4269,1.428,1.411,1.4176
1992-11-16,1.4205,1.4475,1.419,1.4384
1992-11-17,1.4382,1.459,1.4365,1.4455
1992-11-18,1.445,1.4577,1.443,1.4445
1992-11-19,1.445,1.4475,1.4163,1.4192
1992-11-20,1.42,1.4525,1.4025,1.4471
1992-11-23,1.4448,1.4585,1.429,1.431
1992-11-24,1.4307,1.4485,1.4285,1.4295
1992-11-25,1.4293,1.438,1.423,1.4278
1992-11-26,1.4277,1.437,1.4264,1.4332
1992-11-27,1.4342,1.452,1.4338,1.4405
1992-11-30,1.44,1.452,1.4315,1.4316
1992-12-01,1.4318,1.4372,1.3985,1.4045
1992-12-02,1.4049,1.4172,1.3905,1.4005
1992-12-03,1.4005,1.416,1.4,1.4115
1992-12-04,1.4125,1.4355,1.4048,1.4285
1992-12-07,1.4448,1.45,1.391,1.3922
1992-12-08,1.3924,1.4055,1.383,1.3992
1992-12-09,1.4015,1.4172,1.3985,1.4112
1992-12-10,1.4114,1.4185,1.399,1.409
1992-12-11,1.4095,1.414,1.4025,1.4085
1992-12-14,1.4062,1.4165,1.4047,1.413
1992-12-15,1.414,1.415,1.4045,1.4105
1992-12-16,1.4095,1.4132,1.3935,1.3987
1992-12-17,1.3985,1.4022,1.3835,1.398
1992-12-18,1.3982,1.4196,1.3982,1.4095
1992-12-21,1.409,1.4185,1.4026,1.4135
1992-12-22,1.4134,1.445,1.4132,1.4403
1992-12-23,1.4405,1.4482,1.4305,1.4435
1992-12-24,1.4425,1.4495,1.4365,1.4495
1992-12-25,1.4475,1.448,1.4415,1.4435
1992-12-28,1.4485,1.4727,1.4445,1.467
1992-12-29,1.4667,1.472,1.461,1.465
1992-12-30,1.4645,1.4657,1.4562,1.4645
1992-12-31,1.4654,1.468,1.4525,1.467
1993-01-04,1.4695,1.4825,1.4676,1.476
1993-01-05,1.4757,1.487,1.469,1.4715
1993-01-06,1.4712,1.494,1.4675,1.492
1993-01-07,1.4917,1.4975,1.4837,1.4947
1993-01-08,1.4948,1.5085,1.491,1.502
1993-01-11,1.4917,1.4955,1.482,1.492
1993-01-12,1.4915,1.5025,1.4855,1.501
1993-01-13,1.5015,1.5037,1.481,1.482
1993-01-14,1.4822,1.4895,1.476,1.4872
1993-01-15,1.4872,1.4988,1.4825,1.4971
1993-01-18,1.4967,1.499,1.4745,1.4775
1993-01-19,1.477,1.486,1.4676,1.473
1993-01-20,1.4727,1.4745,1.4635,1.4685
1993-01-21,1.469,1.4848,1.466,1.4805
1993-01-22,1.479,1.4795,1.455,1.4585
1993-01-25,1.459,1.4625,1.4402,1.4472
1993-01-26,1.446,1.4565,1.4397,1.4525
1993-01-27,1.453,1.467,1.4525,1.4636
1993-01-28,1.4635,1.4655,1.4444,1.4615
1993-01-29,1.467,1.491,1.4565,1.487
1993-02-01,1.488,1.5205,1.485,1.518
1993-02-02,1.5185,1.5285,1.5075,1.5212
1993-02-03,1.5217,1.5335,1.515,1.5225
1993-02-04,1.5224,1.5405,1.519,1.5365
1993-02-05,1.5355,1.5375,1.5193,1.532
1993-02-08,1.531,1.537,1.524,1.5365
1993-02-09,1.537,1.5462,1.526,1.5265
1993-02-10,1.5267,1.5395,1.5158,1.5387
1993-02-11,1.539,1.543,1.5317,1.537
1993-02-12,1.5369,1.5455,1.5225,1.5385
1993-02-15,1.537,1.55,1.5349,1.5425
1993-02-16,1.5435,1.5445,1.5022,1.5045
1993-02-17,1.504,1.5075,1.4925,1.498
1993-02-18,1.4985,1.5325,1.4955,1.5024
1993-02-19,1.5015,1.5145,1.4975,1.5075
1993-02-22,1.5087,1.51,1.4845,1.4855
1993-02-23,1.4865,1.5005,1.4815,1.4965
1993-02-24,1.495,1.5085,1.4882,1.5075
1993-02-25,1.5066,1.5207,1.5025,1.5165
1993-02-26,1.518,1.53,1.5145,1.5275
1993-03-01,1.5325,1.541,1.5245,1.5395
1993-03-02,1.538,1.5385,1.517,1.5227
1993-03-03,1.5225,1.528,1.5094,1.5219
1993-03-04,1.5227,1.5285,1.5145,1.524
1993-03-05,1.5242,1.5525,1.518,1.5455
1993-03-08,1.5472,1.5472,1.5352,1.5405
1993-03-09,1.539,1.5455,1.5305,1.541
1993-03-10,1.5405,1.541,1.5325,1.534
1993-03-11,1.5335,1.538,1.52,1.5245
1993-03-12,1.5243,1.53,1.5145,1.5205
1993-03-15,1.5226,1.53,1.5197,1.5215
1993-03-16,1.521,1.5262,1.5132,1.5245
1993-03-17,1.525,1.5347,1.5213,1.5317
1993-03-18,1.532,1.5365,1.5057,1.508
1993-03-19,1.5085,1.5147,1.4992,1.5105
1993-03-22,1.5135,1.5175,1.5065,1.513
1993-03-23,1.5135,1.516,1.507,1.51
1993-03-24,1.5085,1.5185,1.503,1.5146
1993-03-25,1.5145,1.5245,1.5105,1.5225
1993-03-26,1.522,1.5241,1.508,1.5117
1993-03-29,1.51,1.5105,1.502,1.5037
1993-03-30,1.5038,1.5065,1.493,1.4941
1993-03-31,1.4937,1.4985,1.4885,1.4913
1993-04-01,1.4915,1.5,1.4715,1.4767
1993-04-02,1.4766,1.4985,1.4695,1.4795
1993-04-05,1.4785,1.4837,1.4745,1.4765
1993-04-06,1.4765,1.491,1.4765,1.4874
1993-04-07,1.487,1.4928,1.4822,1.4903
1993-04-08,1.4895,1.4915,1.4765,1.4805
1993-04-09,1.4785,1.4791,1.475,1.4765
1993-04-12,1.4765,1.4774,1.4574,1.4627
1993-04-13,1.4625,1.467,1.4432,1.4459
1993-04-14,1.4462,1.4617,1.4455,1.4593
1993-04-15,1.4585,1.4695,1.454,1.4675
1993-04-16,1.4671,1.4837,1.463,1.4825
1993-04-19,1.4792,1.4806,1.466,1.468
1993-04-20,1.4695,1.4695,1.4483,1.4609
1993-04-21,1.4612,1.465,1.4525,1.4555
1993-04-22,1.4535,1.4645,1.4435,1.447
1993-04-23,1.4467,1.449,1.4245,1.4295
1993-04-26,1.4228,1.429,1.413,1.4217
1993-04-27,1.421,1.4335,1.4125,1.4321
1993-04-28,1.4322,1.4411,1.426,1.4287
1993-04-29,1.4284,1.435,1.4195,1.426
1993-04-30,1.426,1.4375,1.423,1.4308
1993-05-03,1.431,1.4448,1.4273,1.4294
1993-05-04,1.43,1.4305,1.415,1.419
1993-05-05,1.418,1.4212,1.41,1.4173
1993-05-06,1.4176,1.4262,1.412,1.414
1993-05-07,1.4127,1.4305,1.406,1.4305
1993-05-10,1.4271,1.4609,1.4264999999999999,1.4586
1993-05-11,1.4586,1.4681,1.4515,1.4601
1993-05-12,1.4601,1.4691,1.4579,1.4646
1993-05-13,1.4646,1.4681,1.4549,1.4571
1993-05-14,1.4571,1.4656,1.4485999999999999,1.4536
1993-05-17,1.4536,1.4716,1.4484,1.4661
1993-05-18,1.4661,1.4871,1.4651,1.4821
1993-05-19,1.4821,1.4821,1.4671,1.4771
1993-05-20,1.4771,1.4771,1.4616,1.4681
1993-05-21,1.4681,1.4771,1.4657,1.4711
1993-05-24,1.4711,1.4806,1.4651,1.4726
1993-05-25,1.4726,1.4726,1.4564,1.4566
1993-05-26,1.4566,1.4653,1.4516,1.4636
1993-05-27,1.4636,1.4636,1.4276,1.4346
1993-05-28,1.4346,1.4421,1.4161,1.4211
1993-05-31,1.4211,1.4241,1.4186,1.4211
1993-06-01,1.4211,1.428,1.4156,1.4246
1993-06-02,1.4246,1.4306,1.4151,1.4236
1993-06-03,1.4236,1.4328,1.4194,1.4311
1993-06-04,1.4311,1.4671,1.4251,1.4641
1993-06-07,1.4641,1.4656,1.4536,1.4536
1993-06-08,1.4536,1.4646,1.4501,1.4606
1993-06-09,1.4606,1.4784,1.4586,1.4761
1993-06-10,1.4761,1.4766,1.4601,1.4616
1993-06-11,1.4616,1.4636,1.4461,1.4511
1993-06-14,1.4511,1.4554,1.4424,1.4511
1993-06-15,1.4511,1.4746,1.4469,1.4621
1993-06-16,1.4621,1.4906,1.4496,1.4851
1993-06-17,1.4851,1.4911,1.4761,1.4806
1993-06-18,1.4806,1.5081,1.4791,1.5046
1993-06-21,1.5046,1.5112,1.4991,1.5010999999999999
1993-06-22,1.5010999999999999,1.5159,1.4961,1.5116
1993-06-23,1.5116,1.5191,1.5021,1.5061
1993-06-24,1.5061,1.5222,1.5027,1.5181
1993-06-25,1.5181,1.5215,1.5010999999999999,1.5141
1993-06-28,1.5141,1.5236,1.4866,1.5041
1993-06-29,1.5041,1.5112,1.4944,1.4996
1993-06-30,1.4996,1.5176,1.4919,1.5151
1993-07-01,1.5151,1.5251,1.4981,1.5161
1993-07-02,1.5161,1.5161,1.4991,1.5106
1993-07-05,1.5106,1.5181,1.5086,1.5141
1993-07-06,1.5141,1.5226,1.5061,1.5131
1993-07-07,1.5131,1.5191,1.5036,1.5136
1993-07-08,1.5136,1.5235,1.5073,1.5110999999999999
1993-07-09,1.5110999999999999,1.5383,1.5110999999999999,1.5321
1993-07-12,1.5321,1.5422,1.5281,1.5281
1993-07-13,1.5281,1.5327,1.5167,1.5196
1993-07-14,1.5196,1.5294,1.5078,1.5127
1993-07-15,1.5127,1.5213,1.5054,1.5191
1993-07-16,1.5191,1.5277,1.5053,1.5166
1993-07-19,1.5166,1.5166,1.4956,1.4991
1993-07-20,1.4991,1.5092,1.4944,1.4991
1993-07-21,1.4991,1.5066,1.4964,1.5016
1993-07-22,1.5016,1.5081,1.4991,1.5050999999999999
1993-07-23,1.5050999999999999,1.5221,1.5021,1.5181
1993-07-26,1.5181,1.5251,1.5169,1.5211
1993-07-27,1.5211,1.5254,1.5181,1.5211
1993-07-28,1.5211,1.5243,1.5116,1.5151
1993-07-29,1.5151,1.5306,1.5056,1.5266
1993-07-30,1.5266,1.5327,1.5186,1.5236
1993-08-02,1.5236,1.5371,1.4931,1.5036
1993-08-03,1.5036,1.5076,1.4928,1.4996
1993-08-04,1.4996,1.5121,1.4996,1.5061
1993-08-05,1.5061,1.5176,1.5034,1.5110999999999999
1993-08-06,1.5110999999999999,1.5118,1.4991,1.5030999999999999
1993-08-09,1.5030999999999999,1.5081,1.4998,1.5036
1993-08-10,1.5036,1.5296,1.5026,1.5186
1993-08-11,1.5186,1.5351,1.5186,1.5291
1993-08-12,1.5291,1.5382,1.5221,1.5286
1993-08-13,1.5286,1.5331,1.5166,1.5281
1993-08-16,1.5281,1.5281,1.4886,1.4996
1993-08-17,1.4996,1.5226,1.4904,1.5036
1993-08-18,1.5036,1.5050999999999999,1.4806,1.4871
1993-08-19,1.4871,1.4939,1.4741,1.4861
1993-08-20,1.4861,1.494,1.4676,1.4691
1993-08-23,1.4691,1.4886,1.4671,1.4856
1993-08-24,1.4856,1.4881,1.4712,1.4771
1993-08-25,1.4771,1.4906,1.4726,1.4871
1993-08-26,1.4871,1.4871,1.4652,1.4756
1993-08-27,1.4756,1.4761,1.463,1.4671
1993-08-30,1.4671,1.4771,1.4666,1.4716
1993-08-31,1.4716,1.4841,1.4661,1.4796
1993-09-01,1.4796,1.4811,1.4566,1.4606
1993-09-02,1.4606,1.4621,1.4431,1.4476
1993-09-03,1.4476,1.4551,1.4196,1.4306
1993-09-06,1.4306,1.4306,1.4143999999999999,1.4221
1993-09-07,1.4221,1.4331,1.411,1.4181
1993-09-08,1.4181,1.4256,1.4171,1.4231
1993-09-09,1.4231,1.4286,1.3974,1.4016
1993-09-10,1.4016,1.4106,1.3886,1.3946
1993-09-13,1.3946,1.4111,1.3896,1.4076
1993-09-14,1.4076,1.4136,1.3966,1.3991
1993-09-15,1.3991,1.4036,1.3811,1.3921
1993-09-16,1.3921,1.4111,1.3860999999999999,1.4036
1993-09-17,1.4036,1.4094,1.3931,1.4046
1993-09-20,1.4046,1.4136,1.4001,1.4051
1993-09-21,1.4051,1.4362,1.3974,1.4221
1993-09-22,1.4221,1.4291,1.4136,1.4181
1993-09-23,1.4181,1.4381,1.4181,1.4321
1993-09-24,1.4321,1.4451,1.4261,1.4261
1993-09-27,1.4261,1.4281,1.4176,1.4226
1993-09-28,1.4226,1.4276,1.4091,1.4131
1993-09-29,1.4131,1.4199,1.4051,1.4161
1993-09-30,1.4161,1.4319,1.4106,1.4261
1993-10-01,1.4261,1.4393,1.4201,1.4376
1993-10-04,1.4376,1.4417,1.4151,1.4186
1993-10-05,1.4186,1.4261,1.4113,1.4241
1993-10-06,1.4241,1.4405999999999999,1.4192,1.4251
1993-10-07,1.4251,1.4304,1.4206,1.4266
1993-10-08,1.4266,1.4268,1.3996,1.4021
1993-10-11,1.4021,1.4101,1.4008,1.4081
1993-10-12,1.4081,1.4091,1.3951,1.3971
1993-10-13,1.3971,1.4081,1.3971,1.4056
1993-10-14,1.4056,1.4256,1.3991,1.4231
1993-10-15,1.4231,1.4314,1.4221,1.4286
1993-10-18,1.4286,1.4501,1.4246,1.4476
1993-10-19,1.4476,1.4516,1.4421,1.4491
1993-10-20,1.4491,1.4591,1.4419,1.4521
1993-10-21,1.4521,1.4736,1.4496,1.4731
1993-10-22,1.4731,1.4796,1.4669,1.4771
1993-10-25,1.4771,1.4896,1.4684,1.4851
1993-10-26,1.4851,1.4892,1.4741,1.4781
1993-10-27,1.4781,1.4851,1.4761,1.4796
1993-10-28,1.4796,1.4961,1.4721,1.4786
1993-10-29,1.4786,1.4926,1.4741,1.4926
1993-11-01,1.4926,1.5046,1.4887,1.5030999999999999
1993-11-02,1.5030999999999999,1.5137,1.4971,1.5096
1993-11-03,1.5096,1.5096,1.4978,1.5001
1993-11-04,1.5001,1.5056,1.4945,1.5010999999999999
1993-11-05,1.5010999999999999,1.5070999999999999,1.4905,1.4936
1993-11-08,1.4936,1.4936,1.4821,1.4856
1993-11-09,1.4856,1.4981,1.4836,1.4921
1993-11-10,1.4921,1.4986,1.4886,1.4886
1993-11-11,1.4886,1.4991,1.4876,1.4976
1993-11-12,1.4976,1.5081,1.4853,1.4921
1993-11-15,1.4921,1.4956,1.4921,1.4956
1993-11-16,1.4956,1.5070999999999999,1.4931,1.5036
1993-11-17,1.5036,1.5090999999999999,1.4931,1.4981
1993-11-18,1.4981,1.5077,1.4966,1.5041
1993-11-19,1.5041,1.5110999999999999,1.5004,1.5086
1993-11-22,1.5086,1.5086,1.4896,1.4951
1993-11-23,1.4951,1.4996,1.4856,1.4926
1993-11-24,1.4926,1.4961,1.4884,1.4926
1993-11-25,1.4926,1.5001,1.4926,1.4981
1993-11-26,1.4981,1.5030999999999999,1.4969,1.4986
1993-11-29,1.4986,1.5029,1.4896,1.4896
1993-11-30,1.4896,1.5016,1.4896,1.4981
1993-12-01,1.4981,1.5036,1.4941,1.5006
1993-12-02,1.5006,1.5021,1.4951,1.4986
1993-12-03,1.4986,1.5070999999999999,1.4831,1.4901
1993-12-06,1.4901,1.4901,1.4591,1.4636
1993-12-07,1.4636,1.4679,1.4581,1.4666
1993-12-08,1.4666,1.4726,1.4611,1.4701
1993-12-09,1.4701,1.4751,1.4651,1.4656
1993-12-10,1.4656,1.4666,1.4501,1.4546
1993-12-13,1.4546,1.4682,1.4504,1.4658
1993-12-14,1.4658,1.4711,1.4626,1.4656
1993-12-15,1.4656,1.4701,1.4621,1.4701
1993-12-16,1.4701,1.4723,1.4573,1.4606
1993-12-17,1.4606,1.4623,1.4523,1.4621
1993-12-20,1.4621,1.4651,1.4566,1.4566
1993-12-21,1.4566,1.4576,1.4474,1.4496
1993-12-22,1.4496,1.4556,1.4329,1.4381
1993-12-23,1.4381,1.4401,1.4323,1.4331
1993-12-24,1.4331,1.4434,1.4331,1.4401
1993-12-27,1.4401,1.4465999999999999,1.4376,1.4456
1993-12-28,1.4456,1.4461,1.4366,1.4405999999999999
1993-12-29,1.4405999999999999,1.4706,1.4396,1.4671
1993-12-30,1.4671,1.4871,1.4626,1.4826
1993-12-31,1.4826,1.4901,1.4771,1.4881
1994-01-03,1.4881,1.4941,1.4756,1.4936
1994-01-04,1.4936,1.4951,1.4798,1.4826
1994-01-05,1.4826,1.4861,1.4756,1.4786
1994-01-06,1.4786,1.4851,1.4686,1.4831
1994-01-07,1.4831,1.4841,1.4651,1.4666
1994-01-10,1.4666,1.4742,1.4636,1.4716
1994-01-11,1.4716,1.4801,1.4707999999999999,1.4786
1994-01-12,1.4786,1.4791,1.4611,1.4646
1994-01-13,1.4646,1.4808999999999999,1.4501,1.4791
1994-01-14,1.4791,1.4879,1.4766,1.4791
1994-01-17,1.4791,1.4823,1.4736,1.4756
1994-01-18,1.4756,1.4771,1.4606,1.4631
1994-01-19,1.4631,1.4646,1.4516,1.4631
1994-01-20,1.4631,1.4691,1.4526,1.4551
1994-01-21,1.4551,1.4699,1.4501,1.4696
1994-01-24,1.4696,1.4721,1.4641,1.4681
1994-01-25,1.4681,1.4756,1.4606,1.4721
1994-01-26,1.4721,1.4806,1.4641,1.4716
1994-01-27,1.4716,1.4736,1.4601,1.4621
1994-01-28,1.4621,1.4716,1.4504,1.4716
1994-01-31,1.4716,1.4721,1.4539,1.4566
1994-02-01,1.4566,1.4576,1.4431,1.4485999999999999
1994-02-02,1.4485999999999999,1.4553,1.4479,1.4521
1994-02-03,1.4521,1.4596,1.4431,1.4526
1994-02-04,1.4526,1.4756,1.4441,1.4756
1994-02-07,1.4756,1.4766,1.4664,1.4691
1994-02-08,1.4691,1.4843,1.4659,1.4811
1994-02-09,1.4811,1.4818,1.4743,1.4771
1994-02-10,1.4771,1.4867,1.4727999999999999,1.4776
1994-02-11,1.4776,1.4831,1.4739,1.4776
1994-02-14,1.4776,1.4806,1.4526,1.4581
1994-02-15,1.4581,1.4616,1.4454,1.4556
1994-02-16,1.4556,1.4586,1.4491,1.4556
1994-02-17,1.4556,1.4611,1.4531,1.4564
1994-02-18,1.4564,1.4564,1.4411,1.4436
1994-02-21,1.4436,1.4586,1.4425999999999999,1.4556
1994-02-22,1.4556,1.4576,1.4485999999999999,1.4521
1994-02-23,1.4521,1.4551,1.4485999999999999,1.4541
1994-02-24,1.4541,1.4601,1.4291,1.4321
1994-02-25,1.4321,1.4381,1.4223999999999999,1.4301
1994-02-28,1.4301,1.4336,1.4226,1.4271
1994-03-01,1.4271,1.4405999999999999,1.4259,1.4405999999999999
1994-03-02,1.4405999999999999,1.4456,1.4211,1.4341
1994-03-03,1.4341,1.4391,1.4299,1.4391
1994-03-04,1.4391,1.4451,1.433,1.4431
1994-03-07,1.4431,1.4481,1.4364,1.4401
1994-03-08,1.4401,1.4409,1.4339,1.4381
1994-03-09,1.4381,1.4391,1.4281,1.4281
1994-03-10,1.4281,1.4296,1.4121,1.4186
1994-03-11,1.4186,1.4246,1.4112,1.4246
1994-03-14,1.4246,1.4391,1.4223999999999999,1.4366
1994-03-15,1.4366,1.4445999999999999,1.4361,1.4436
1994-03-16,1.4436,1.4445999999999999,1.4309,1.4341
1994-03-17,1.4341,1.4405999999999999,1.4269,1.4405999999999999
1994-03-18,1.4405999999999999,1.4441,1.4338,1.4421
1994-03-21,1.4421,1.4441,1.4301,1.4321
1994-03-22,1.4321,1.4336,1.4221,1.4277
1994-03-23,1.4277,1.4336,1.4256,1.4271
1994-03-24,1.4271,1.4299,1.4141,1.4186
1994-03-25,1.4186,1.4226,1.413,1.4181
1994-03-28,1.4181,1.4261,1.4171,1.4231
1994-03-29,1.4231,1.4276,1.415,1.4236
1994-03-30,1.4236,1.4264,1.4161,1.4191
1994-03-31,1.4191,1.4211,1.4035,1.4111
1994-04-01,1.4111,1.4299,1.4111,1.4291
1994-04-04,1.4291,1.4311,1.4126,1.4271
1994-04-05,1.4271,1.4501,1.4223999999999999,1.4476
1994-04-06,1.4476,1.4506,1.4425999999999999,1.4496
1994-04-07,1.4496,1.4517,1.4439,1.4471
1994-04-08,1.4471,1.4491,1.4391,1.4431
1994-04-11,1.4431,1.4445999999999999,1.4364,1.4416
1994-04-12,1.4416,1.4521,1.4408,1.4451
1994-04-13,1.4451,1.4474,1.4391,1.4425999999999999
1994-04-14,1.4425999999999999,1.4491,1.4391,1.4476
1994-04-15,1.4476,1.4596,1.4471,1.4541
1994-04-18,1.4541,1.4601,1.4461,1.4476
1994-04-19,1.4476,1.4491,1.4385999999999999,1.4431
1994-04-20,1.4431,1.4461,1.4326,1.4326
1994-04-21,1.4326,1.4385999999999999,1.4291,1.4341
1994-04-22,1.4341,1.4395,1.4321,1.4321
1994-04-25,1.4321,1.4357,1.4257,1.4356
1994-04-26,1.4356,1.4401,1.4286,1.4301
1994-04-27,1.4301,1.4321,1.4225,1.4281
1994-04-28,1.4281,1.4308,1.4116,1.4121
1994-04-29,1.4121,1.4159,1.3949,1.4041
1994-05-02,1.4041,1.4091,1.399,1.4036
1994-05-03,1.4036,1.4066,1.3944,1.3971
1994-05-04,1.3971,1.4156,1.3944,1.4076
1994-05-05,1.4076,1.4213,1.4062999999999999,1.4171
1994-05-06,1.4171,1.4246,1.4118,1.4141
1994-05-09,1.4141,1.4176,1.4106,1.4131
1994-05-10,1.4131,1.4358,1.4126,1.4336
1994-05-11,1.4336,1.4371,1.4228,1.4271
1994-05-12,1.4271,1.4341,1.4225,1.4251
1994-05-13,1.4251,1.4306,1.4226,1.4266
1994-05-16,1.4266,1.431,1.4249,1.4276
1994-05-17,1.4276,1.4301,1.4126,1.4246
1994-05-18,1.4246,1.4261,1.4071,1.4086
1994-05-19,1.4086,1.4141,1.4081,1.4141
1994-05-20,1.4141,1.4156,1.403,1.4046
1994-05-23,1.4046,1.4114,1.4006,1.4046
1994-05-24,1.4046,1.4153,1.4046,1.4151
1994-05-25,1.4151,1.4156,1.4002,1.4036
1994-05-26,1.4036,1.4089,1.3985,1.4071
1994-05-27,1.4071,1.4096,1.4011,1.4026
1994-05-30,1.4026,1.4069,1.4001,1.4026
1994-05-31,1.4026,1.407,1.3971,1.4021
1994-06-01,1.4021,1.4046,1.3966,1.4016
1994-06-02,1.4016,1.4065,1.3981,1.4041
1994-06-03,1.4041,1.4226,1.4034,1.4196
1994-06-06,1.4196,1.4212,1.4136,1.4151
1994-06-07,1.4151,1.4186,1.4111,1.4131
1994-06-08,1.4131,1.4165,1.4092,1.4141
1994-06-09,1.4141,1.4156,1.4102999999999999,1.4106
1994-06-10,1.4106,1.4116,1.4036,1.4066
1994-06-13,1.4066,1.4091,1.3859,1.3866
1994-06-14,1.3866,1.3896,1.3823,1.3876
1994-06-15,1.3876,1.3892,1.3706,1.3731
1994-06-16,1.3731,1.3741,1.3643,1.3711
1994-06-17,1.3711,1.38,1.3511,1.3556
1994-06-20,1.3556,1.3601,1.3429,1.3491
1994-06-21,1.3491,1.3566,1.3373,1.3451
1994-06-22,1.3451,1.3536,1.3436,1.3536
1994-06-23,1.3536,1.3571,1.3461,1.3471
1994-06-24,1.3471,1.3491,1.3231,1.3231
1994-06-27,1.3231,1.3311,1.3171,1.3311
1994-06-28,1.3311,1.3372,1.3253,1.3271
1994-06-29,1.3271,1.3366,1.3231,1.3341
1994-06-30,1.3341,1.3469,1.3321,1.3336
1994-07-01,1.3336,1.3466,1.3301,1.3411
1994-07-04,1.3411,1.3446,1.3383,1.3401
1994-07-05,1.3401,1.3436,1.3195999999999999,1.3261
1994-07-06,1.3261,1.3303,1.3146,1.3281
1994-07-07,1.3281,1.3349,1.3221,1.3221
1994-07-08,1.3221,1.3291,1.3101,1.3101
1994-07-11,1.3101,1.3121,1.2827,1.2901
1994-07-12,1.2901,1.2936,1.2811,1.2931
1994-07-13,1.2931,1.3013,1.2862,1.3001
1994-07-14,1.3001,1.3121,1.2967,1.3111
1994-07-15,1.3111,1.3162,1.3031,1.3031
1994-07-18,1.3031,1.3076,1.2981,1.3076
1994-07-19,1.3076,1.3291,1.3051,1.3261
1994-07-20,1.3261,1.3356,1.3163,1.3175999999999999
1994-07-21,1.3175999999999999,1.3486,1.3138,1.3446
1994-07-22,1.3446,1.3581,1.3424,1.3491
1994-07-25,1.3491,1.3507,1.3419,1.3496
1994-07-26,1.3496,1.3558999999999999,1.3448,1.3456
1994-07-27,1.3456,1.3461,1.3326,1.3351
1994-07-28,1.3351,1.3526,1.3261,1.3491
1994-07-29,1.3491,1.3541,1.3311,1.3311
1994-08-01,1.3311,1.3366,1.3248,1.3311
1994-08-02,1.3311,1.3406,1.3301,1.3376
1994-08-03,1.3376,1.3417,1.3308,1.3316
1994-08-04,1.3316,1.3436,1.3293,1.3411
1994-08-05,1.3411,1.3441,1.3311,1.3321
1994-08-08,1.3321,1.3379,1.3301,1.3326
1994-08-09,1.3326,1.3396,1.3324,1.3336
1994-08-10,1.3336,1.3377999999999999,1.3239,1.3366
1994-08-11,1.3366,1.3396,1.3116,1.3151
1994-08-12,1.3151,1.3161,1.2984,1.3036
1994-08-15,1.3036,1.3064,1.3004,1.3026
1994-08-16,1.3026,1.3151,1.2946,1.3151
1994-08-17,1.3151,1.3171,1.3026,1.3039
1994-08-18,1.3039,1.3051,1.2944,1.2961
1994-08-19,1.2961,1.2975,1.2901,1.2971
1994-08-22,1.2971,1.2976,1.2841,1.2841
1994-08-23,1.2841,1.2995,1.2841,1.2911
1994-08-24,1.2911,1.3039,1.2901,1.2986
1994-08-25,1.2986,1.3077,1.2986,1.3026
1994-08-26,1.3026,1.3351,1.3014999999999999,1.3331
1994-08-29,1.3331,1.3475,1.3279,1.3346
1994-08-30,1.3346,1.3385,1.3276,1.3296
1994-08-31,1.3296,1.3368,1.3266,1.3313
1994-09-01,1.3313,1.3334,1.3208,1.3231
1994-09-02,1.3231,1.3316,1.3011,1.3011
1994-09-05,1.3011,1.3092,1.3011,1.3016
1994-09-06,1.3016,1.3066,1.2918,1.2961
1994-09-07,1.2961,1.3001,1.2892,1.2981
1994-09-08,1.2981,1.306,1.2931,1.3031
1994-09-09,1.3031,1.3063,1.2786,1.2801
1994-09-12,1.2801,1.2877,1.2783,1.2861
1994-09-13,1.2861,1.2944,1.2811,1.2836
1994-09-14,1.2836,1.2855,1.2756,1.2836
1994-09-15,1.2836,1.2882,1.2805,1.2866
1994-09-16,1.2866,1.2903,1.2701,1.2806
1994-09-19,1.2806,1.2916,1.2798,1.2866
1994-09-20,1.2866,1.2922,1.2823,1.2856
1994-09-21,1.2856,1.2876,1.2792999999999999,1.2836
1994-09-22,1.2836,1.2887,1.2823,1.2841
1994-09-23,1.2841,1.2879,1.2811,1.2811
1994-09-26,1.2811,1.2911,1.2811,1.2861
1994-09-27,1.2861,1.2886,1.2706,1.2706
1994-09-28,1.2706,1.2893999999999999,1.2706,1.2866
1994-09-29,1.2866,1.2887,1.282,1.2866
1994-09-30,1.2866,1.2906,1.2806,1.2806
1994-10-03,1.2806,1.2985,1.2806,1.2921
1994-10-04,1.2921,1.2931,1.2831,1.2831
1994-10-05,1.2831,1.2869,1.2751,1.2796
1994-10-06,1.2796,1.2816,1.2774,1.2796
1994-10-07,1.2796,1.2832999999999999,1.2703,1.2816
1994-10-10,1.2816,1.2851,1.2791,1.2791
1994-10-11,1.2791,1.2929,1.2791,1.2896
1994-10-12,1.2896,1.2906,1.2841,1.2851
1994-10-13,1.2851,1.2875,1.2711,1.2711
1994-10-14,1.2711,1.2721,1.2613,1.2671
1994-10-17,1.2671,1.2681,1.2438,1.2496
1994-10-18,1.2496,1.2522,1.2441,1.2441
1994-10-19,1.2441,1.2508,1.2414,1.2441
1994-10-20,1.2441,1.2506,1.2379,1.2391
1994-10-21,1.2391,1.2508,1.2371,1.2496
1994-10-24,1.2496,1.2523,1.2416,1.2416
1994-10-25,1.2416,1.2496,1.2366,1.2486
1994-10-26,1.2486,1.2544,1.2426,1.2441
1994-10-27,1.2441,1.2543,1.2425,1.2543
1994-10-28,1.2543,1.2667,1.246,1.2621
1994-10-31,1.2621,1.2636,1.2526,1.2550999999999999
1994-11-01,1.2550999999999999,1.2566,1.2436,1.2456
1994-11-02,1.2456,1.2706,1.2428,1.2661
1994-11-03,1.2661,1.2754,1.2622,1.2681
1994-11-04,1.2681,1.2768,1.2656,1.2656
1994-11-07,1.2656,1.271,1.2647,1.2686
1994-11-08,1.2686,1.2696,1.2579,1.2616
1994-11-09,1.2616,1.2841,1.2570999999999999,1.2816
1994-11-10,1.2816,1.2888,1.2783,1.2821
1994-11-11,1.2821,1.2846,1.2783,1.2841
1994-11-14,1.2841,1.2992,1.2832,1.2971
1994-11-15,1.2971,1.3116,1.293,1.3096
1994-11-16,1.3096,1.3131,1.3031,1.3031
1994-11-17,1.3031,1.3071,1.2976,1.3071
1994-11-18,1.3071,1.3204,1.3051,1.3195999999999999
1994-11-21,1.3195999999999999,1.326,1.3161,1.3166
1994-11-22,1.3166,1.3246,1.3135999999999999,1.3146
1994-11-23,1.3146,1.3201,1.3101,1.3195999999999999
1994-11-24,1.3195999999999999,1.3241,1.3175999999999999,1.3181
1994-11-25,1.3181,1.3241,1.3155999999999999,1.3241
1994-11-28,1.3241,1.3296999999999999,1.324,1.3256
1994-11-29,1.3256,1.3296,1.3194,1.3286
1994-11-30,1.3286,1.3335,1.3248,1.3261
1994-12-01,1.3261,1.3328,1.3245,1.3301
1994-12-02,1.3301,1.3356999999999999,1.3289,1.3316
1994-12-05,1.3316,1.3336,1.3251,1.3251
1994-12-06,1.3251,1.3301,1.3214,1.3266
1994-12-07,1.3266,1.3299,1.3225,1.3249
1994-12-08,1.3249,1.3391,1.3226,1.3376
1994-12-09,1.3376,1.3419,1.3356,1.3366
1994-12-12,1.3366,1.3411,1.3316,1.3336
1994-12-13,1.3336,1.3348,1.3246,1.3316
1994-12-14,1.3316,1.3328,1.3256999999999999,1.328
1994-12-15,1.328,1.3296999999999999,1.3251,1.3266
1994-12-16,1.3266,1.3331,1.3266,1.3331
1994-12-19,1.3331,1.3377999999999999,1.3299,1.3306
1994-12-20,1.3306,1.3323,1.3259,1.3281
1994-12-21,1.3281,1.3351,1.3239,1.3346
1994-12-22,1.3346,1.336,1.3298,1.3311
1994-12-23,1.3311,1.3336,1.3289,1.3326
1994-12-26,1.3326,1.3351,1.3326,1.3331
1994-12-27,1.3331,1.3361,1.3291,1.3296
1994-12-28,1.3296,1.3335,1.2996,1.3061
1994-12-29,1.3061,1.323,1.3056,1.3116
1994-12-30,1.3116,1.3152,1.3073,1.3089
1995-01-02,1.3089,1.3177,1.3086,1.3177
1995-01-03,1.3177,1.3181,1.3101,1.3146
1995-01-04,1.3146,1.3185,1.3076,1.3124
1995-01-05,1.3124,1.3128,1.2999,1.3021
1995-01-06,1.3021,1.3126,1.3011,1.3096
1995-01-09,1.3096,1.3109,1.2841,1.2886
1995-01-10,1.2886,1.2909,1.2796,1.2831
1995-01-11,1.2831,1.2903,1.2821,1.2886
1995-01-12,1.2886,1.2933999999999999,1.2786,1.2801
1995-01-13,1.2801,1.2929,1.2796,1.2886
1995-01-16,1.2886,1.2939,1.2821,1.2841
1995-01-17,1.2841,1.2916,1.2811,1.2861
1995-01-18,1.2861,1.2936,1.2806,1.2911
1995-01-19,1.2911,1.2962,1.2716,1.2736
1995-01-20,1.2736,1.2771,1.2663,1.2716
1995-01-23,1.2716,1.2741,1.265,1.2696
1995-01-24,1.2696,1.273,1.2673,1.2696
1995-01-25,1.2696,1.2783,1.2635,1.2751
1995-01-26,1.2751,1.2785,1.2735,1.2756
1995-01-27,1.2756,1.279,1.2701,1.2731
1995-01-30,1.2731,1.2785,1.2646,1.2671
1995-01-31,1.2671,1.2876,1.2636,1.2846
1995-02-01,1.2846,1.2896,1.2821,1.2831
1995-02-02,1.2831,1.2866,1.2756,1.2846
1995-02-03,1.2846,1.2976,1.2812999999999999,1.2926
1995-02-06,1.2926,1.2999,1.2918,1.2936
1995-02-07,1.2936,1.3031,1.2916,1.3011
1995-02-08,1.3011,1.3018,1.2926,1.2946
1995-02-09,1.2946,1.3001,1.2911,1.2926
1995-02-10,1.2926,1.2959,1.2811,1.2811
1995-02-13,1.2811,1.2856,1.2788,1.2836
1995-02-14,1.2836,1.2872999999999999,1.2716,1.2736
1995-02-15,1.2736,1.2803,1.2723,1.2756
1995-02-16,1.2756,1.2766,1.257,1.2601
1995-02-17,1.2601,1.2610999999999999,1.2479,1.2510999999999999
1995-02-20,1.2510999999999999,1.2521,1.2442,1.2496
1995-02-21,1.2496,1.2570999999999999,1.2411,1.2421
1995-02-22,1.2421,1.2535,1.2396,1.2491
1995-02-23,1.2491,1.256,1.2456,1.2481
1995-02-24,1.2481,1.2555,1.2432,1.2446
1995-02-27,1.2446,1.2476,1.233,1.2441
1995-02-28,1.2441,1.2446,1.2334,1.2366
1995-03-01,1.2366,1.2444,1.2326,1.2381
1995-03-02,1.2381,1.2458,1.2171,1.2231
1995-03-03,1.2231,1.2331,1.1876,1.1876
1995-03-06,1.1876,1.1916,1.1661,1.1756
1995-03-07,1.1756,1.1764999999999999,1.1303,1.1386
1995-03-08,1.1386,1.1746,1.1196,1.1676
1995-03-09,1.1676,1.1823,1.1529,1.1721
1995-03-10,1.1721,1.187,1.1662,1.1746
1995-03-13,1.1746,1.1763,1.1683999999999999,1.1751
1995-03-14,1.1751,1.1801,1.1696,1.1751
1995-03-15,1.1751,1.1766,1.1476,1.1501
1995-03-16,1.1501,1.1676,1.1431,1.1646
1995-03-17,1.1646,1.1651,1.1464,1.1486
1995-03-20,1.1486,1.1696,1.1471,1.1611
1995-03-21,1.1611,1.1796,1.1587,1.1731
1995-03-22,1.1731,1.1786,1.1606,1.1636
1995-03-23,1.1636,1.167,1.1554,1.1621
1995-03-24,1.1621,1.178,1.1621,1.1751
1995-03-27,1.1751,1.1756,1.1566,1.1591
1995-03-28,1.1591,1.1628,1.1441,1.1466
1995-03-29,1.1466,1.1481,1.1317,1.1421
1995-03-30,1.1421,1.1773,1.1360999999999999,1.1676
1995-03-31,1.1676,1.1716,1.1218,1.1256
1995-04-03,1.1256,1.1354,1.1176,1.1176
1995-04-04,1.1176,1.1401,1.1164,1.1340999999999999
1995-04-05,1.1340999999999999,1.1381,1.1191,1.1191
1995-04-06,1.1191,1.1318,1.1131,1.1201
1995-04-07,1.1201,1.1421,1.1192,1.1421
1995-04-10,1.1421,1.1671,1.1349,1.1591
1995-04-11,1.1591,1.1626,1.1483,1.1536
1995-04-12,1.1536,1.1593,1.149,1.1546
1995-04-13,1.1546,1.1575,1.1431,1.1446
1995-04-14,1.1446,1.1524,1.1411,1.1501
1995-04-17,1.1501,1.1511,1.1221,1.1221
1995-04-18,1.1221,1.1306,1.1116,1.1116
1995-04-19,1.1116,1.1383,1.1111,1.1251
1995-04-20,1.1251,1.1486,1.1251,1.1391
1995-04-21,1.1391,1.1485,1.1196,1.1196
1995-04-24,1.1196,1.1466,1.1171,1.1421
1995-04-25,1.1421,1.1441,1.1227,1.1231
1995-04-26,1.1231,1.1464,1.1231,1.1266
1995-04-27,1.1266,1.1387,1.1266,1.136
1995-04-28,1.136,1.1555,1.1317,1.1436
1995-05-01,1.1436,1.1526,1.1421,1.1421
1995-05-02,1.1421,1.1478,1.1317,1.135
1995-05-03,1.135,1.1381999999999999,1.128,1.1355
1995-05-04,1.1355,1.1379,1.1263,1.1337
1995-05-05,1.1337,1.1367,1.125,1.1266
1995-05-08,1.1266,1.1329,1.1225,1.1260999999999999
1995-05-09,1.1260999999999999,1.1417,1.1251,1.1388
1995-05-10,1.1388,1.156,1.1376,1.1502
1995-05-11,1.1502,1.1994,1.15,1.1958
1995-05-12,1.1958,1.2143,1.1943,1.2096
1995-05-15,1.2096,1.2146,1.1979,1.1985999999999999
1995-05-16,1.1985999999999999,1.2146,1.1925,1.2066999999999999
1995-05-17,1.2066999999999999,1.2086,1.1934,1.2059
1995-05-18,1.2059,1.2211,1.1982,1.2006
1995-05-19,1.2006,1.2096,1.1943,1.2053
1995-05-22,1.2053,1.2091,1.1963,1.2002
1995-05-23,1.2002,1.2073,1.1922,1.2032
1995-05-24,1.2032,1.2051,1.196,1.1985
1995-05-25,1.1985,1.2011,1.1545,1.1566
1995-05-26,1.1566,1.1591,1.1322,1.1357
1995-05-29,1.1357,1.1461999999999999,1.1319,1.1413
1995-05-30,1.1413,1.1488,1.1386,1.1477
1995-05-31,1.1477,1.1722,1.1427,1.1683
1995-06-01,1.1683,1.1876,1.1536,1.1536
1995-06-02,1.1536,1.1739,1.1479,1.1604
1995-06-05,1.1604,1.164,1.1534,1.1606
1995-06-06,1.1606,1.173,1.1586,1.1646
1995-06-07,1.1646,1.1673,1.1569,1.1655
1995-06-08,1.1655,1.1733,1.1586,1.1604
1995-06-09,1.1604,1.1681,1.1512,1.1586
1995-06-12,1.1586,1.1639,1.1506,1.1506
1995-06-13,1.1506,1.1646,1.1493,1.1646
1995-06-14,1.1646,1.1665,1.1526,1.1539
1995-06-15,1.1539,1.171,1.1492,1.1652
1995-06-16,1.1652,1.1681,1.1546,1.1546
1995-06-19,1.1546,1.1655,1.1511,1.1541
1995-06-20,1.1541,1.1611,1.1522999999999999,1.153
1995-06-21,1.153,1.1562999999999999,1.1424,1.1436
1995-06-22,1.1436,1.1596,1.1428,1.1585
1995-06-23,1.1585,1.1594,1.1435,1.1459
1995-06-26,1.1459,1.1547,1.1457,1.1489
1995-06-27,1.1489,1.1509,1.1426,1.1426
1995-06-28,1.1426,1.164,1.1415,1.1597
1995-06-29,1.1597,1.1629,1.1454,1.1459
1995-06-30,1.1459,1.1544,1.1459,1.1488
1995-07-03,1.1488,1.1508,1.1441,1.1444
1995-07-04,1.1444,1.1498,1.144,1.1485
1995-07-05,1.1485,1.1514,1.1438,1.1438
1995-07-06,1.1438,1.1502,1.1425,1.1431
1995-07-07,1.1431,1.1667,1.1431,1.1578
1995-07-10,1.1578,1.1627,1.1552,1.1556
1995-07-11,1.1556,1.1716,1.1556,1.1701
1995-07-12,1.1701,1.1723,1.1654,1.1657
1995-07-13,1.1657,1.1794,1.1571,1.1571
1995-07-14,1.1571,1.1661,1.1571,1.1645
1995-07-17,1.1645,1.1716,1.1631,1.1696
1995-07-18,1.1696,1.1709,1.1572,1.1586
1995-07-19,1.1586,1.1624,1.1446,1.1464
1995-07-20,1.1464,1.155,1.1449,1.1516
1995-07-21,1.1516,1.1595,1.1516,1.1564
1995-07-24,1.1564,1.1593,1.1486,1.1518
1995-07-25,1.1518,1.1608,1.1496,1.1589
1995-07-26,1.1589,1.1608,1.149,1.1525
1995-07-27,1.1525,1.1551,1.1434,1.1488
1995-07-28,1.1488,1.1549,1.144,1.1473
1995-07-31,1.1473,1.1532,1.1443,1.1511
1995-08-01,1.1511,1.1531,1.1346,1.1346
1995-08-02,1.1346,1.1622,1.1346,1.1594
1995-08-03,1.1594,1.1595,1.1465,1.1516
1995-08-04,1.1516,1.1574,1.1491,1.1551
1995-08-07,1.1551,1.1676,1.1524,1.1668
1995-08-08,1.1668,1.1716,1.1638,1.1678
1995-08-09,1.1678,1.1688,1.1615,1.1634
1995-08-10,1.1634,1.1806,1.1616,1.1768
1995-08-11,1.1768,1.2002,1.1764,1.2002
1995-08-14,1.2002,1.204,1.1912,1.195
1995-08-15,1.195,1.2367,1.1893,1.2336
1995-08-16,1.2336,1.2438,1.2249,1.2305
1995-08-17,1.2305,1.2383,1.2163,1.2227
1995-08-18,1.2227,1.2315,1.2173,1.2216
1995-08-21,1.2216,1.228,1.2183,1.2246
1995-08-22,1.2246,1.2368999999999999,1.2243,1.2336
1995-08-23,1.2336,1.2359,1.2226,1.2266
1995-08-24,1.2266,1.2379,1.2166,1.2176
1995-08-25,1.2176,1.2246,1.2074,1.2104
1995-08-28,1.2104,1.2109,1.2023,1.2098
1995-08-29,1.2098,1.2182,1.2082,1.2182
1995-08-30,1.2182,1.2183,1.2083,1.2117
1995-08-31,1.2117,1.2147999999999999,1.1994,1.2041
1995-09-01,1.2041,1.2078,1.1951,1.1951
1995-09-04,1.1951,1.2014,1.193,1.1996
1995-09-05,1.1996,1.2068,1.1989,1.2009
1995-09-06,1.2009,1.2171,1.2003,1.2134
1995-09-07,1.2134,1.2204,1.2111,1.2177
1995-09-08,1.2177,1.2251,1.2064,1.2064
1995-09-11,1.2064,1.2111,1.2028,1.2109
1995-09-12,1.2109,1.212,1.2006,1.2045
1995-09-13,1.2045,1.2251,1.2035,1.218
1995-09-14,1.218,1.2274,1.2083,1.2127999999999999
1995-09-15,1.2127999999999999,1.2221,1.2042,1.2086
1995-09-18,1.2086,1.2121,1.2036,1.2049
1995-09-19,1.2049,1.2086999999999999,1.2011,1.2036
1995-09-20,1.2036,1.2048,1.1701,1.1706
1995-09-21,1.1706,1.1741,1.1306,1.1401999999999999
1995-09-22,1.1401999999999999,1.1511,1.1333,1.1469
1995-09-25,1.1469,1.1572,1.1426,1.1559
1995-09-26,1.1559,1.1703,1.1507,1.1612
1995-09-27,1.1612,1.1626,1.1461,1.1521
1995-09-28,1.1521,1.1539,1.142,1.1424
1995-09-29,1.1424,1.1582,1.1371,1.1536
1995-10-02,1.1536,1.1613,1.1476,1.1476
1995-10-03,1.1476,1.1622,1.1476,1.16
1995-10-04,1.16,1.163,1.1504,1.1532
1995-10-05,1.1532,1.1562,1.138,1.1409
1995-10-06,1.1409,1.1516,1.1354,1.1431
1995-10-09,1.1431,1.1491,1.132,1.1421
1995-10-10,1.1421,1.1547,1.1386,1.1495
1995-10-11,1.1495,1.1578,1.1446,1.1571
1995-10-12,1.1571,1.1612,1.1467,1.1496
1995-10-13,1.1496,1.1606,1.1471,1.1536
1995-10-16,1.1536,1.1553,1.1473,1.1548
1995-10-17,1.1548,1.1556,1.145,1.1474
1995-10-18,1.1474,1.1597,1.1408,1.1565
1995-10-19,1.1565,1.16,1.1459,1.1466
1995-10-20,1.1466,1.1522,1.1383,1.1383
1995-10-23,1.1383,1.1387,1.1221,1.1280999999999999
1995-10-24,1.1280999999999999,1.1386,1.1252,1.1363
1995-10-25,1.1363,1.1399,1.13,1.1329
1995-10-26,1.1329,1.1413,1.1269,1.1322
1995-10-27,1.1322,1.1396,1.1242,1.1385
1995-10-30,1.1385,1.1435,1.1334,1.1354
1995-10-31,1.1354,1.1425,1.1305,1.1363
1995-11-01,1.1363,1.1435,1.1336,1.1405
1995-11-02,1.1405,1.148,1.1392,1.1459
1995-11-03,1.1459,1.1501,1.1363,1.1406
1995-11-06,1.1406,1.1421,1.1329,1.1379
1995-11-07,1.1379,1.1417,1.1359,1.1395
1995-11-08,1.1395,1.1471,1.1371,1.1461
1995-11-09,1.1461,1.1517,1.1333,1.1372
1995-11-10,1.1372,1.1396,1.1322,1.1379
1995-11-13,1.1379,1.1471,1.1313,1.1441999999999999
1995-11-14,1.1441999999999999,1.1464,1.1366,1.1405
1995-11-15,1.1405,1.1417,1.1286,1.1374
1995-11-16,1.1374,1.1433,1.1357,1.1386
1995-11-17,1.1386,1.1388,1.1335,1.1379
1995-11-20,1.1379,1.1496,1.1352,1.1372
1995-11-21,1.1372,1.1406,1.1365,1.1373
1995-11-22,1.1373,1.1406,1.1354,1.1376
1995-11-23,1.1376,1.1401,1.1359,1.1386
1995-11-24,1.1386,1.1451,1.1360999999999999,1.1451
1995-11-27,1.1451,1.1602999999999999,1.1421999999999999,1.1591
1995-11-28,1.1591,1.1599,1.1538,1.1546
1995-11-29,1.1546,1.1674,1.1537,1.1666
1995-11-30,1.1666,1.1783,1.1612,1.1757
1995-12-01,1.1757,1.18,1.1722,1.1766
1995-12-04,1.1766,1.1766,1.1621,1.168
1995-12-05,1.168,1.171,1.1631,1.165
1995-12-06,1.165,1.1714,1.1616,1.1696
1995-12-07,1.1696,1.173,1.1648,1.1699
1995-12-08,1.1699,1.1768,1.1667,1.1681
1995-12-11,1.1681,1.1703999999999999,1.1645,1.1696
1995-12-12,1.1696,1.1766,1.1673,1.1751
1995-12-13,1.1751,1.1799,1.1746,1.1755
1995-12-14,1.1755,1.1786,1.1596,1.1626
1995-12-15,1.1626,1.1698,1.1611,1.1616
1995-12-18,1.1616,1.1651,1.1454,1.1456
1995-12-19,1.1456,1.1587,1.1446,1.1587
1995-12-20,1.1587,1.1611,1.1524,1.1566
1995-12-21,1.1566,1.1595,1.1555,1.1587
1995-12-22,1.1587,1.1658,1.1566,1.1594
1995-12-25,1.1594,1.1613,1.155,1.1561
1995-12-26,1.1561,1.1626,1.1522,1.1529
1995-12-27,1.1529,1.1582999999999999,1.1521,1.1546
1995-12-28,1.1546,1.1576,1.1488,1.1546
1995-12-29,1.1546,1.1567,1.1496,1.1567
1996-01-01,1.1567,1.1567,1.1526,1.1526
1996-01-02,1.1526,1.1596,1.1491,1.1592
1996-01-03,1.1592,1.1662,1.1566,1.1656
1996-01-04,1.1656,1.177,1.1617,1.1629
1996-01-05,1.1629,1.1677,1.1571,1.1653
1996-01-08,1.1653,1.166,1.1602,1.1635
1996-01-09,1.1635,1.1711,1.1594,1.1594
1996-01-10,1.1594,1.1663,1.1593,1.1618
1996-01-11,1.1618,1.1648,1.1556,1.1626
1996-01-12,1.1626,1.1666,1.1584,1.1633
1996-01-15,1.1633,1.1682,1.1627,1.1672
1996-01-16,1.1672,1.1851,1.1665,1.1851
1996-01-17,1.1851,1.1905,1.178,1.1883
1996-01-18,1.1883,1.191,1.1838,1.1897
1996-01-19,1.1897,1.1974,1.1883,1.191
1996-01-22,1.191,1.1984,1.1846,1.1861
1996-01-23,1.1861,1.1917,1.1833,1.1876
1996-01-24,1.1876,1.1956,1.1876,1.1897
1996-01-25,1.1897,1.2001,1.184,1.1996
1996-01-26,1.1996,1.2121,1.1982,1.2106
1996-01-29,1.2106,1.2161,1.2036,1.2054
1996-01-30,1.2054,1.2177,1.2037,1.2169
1996-01-31,1.2169,1.218,1.2091,1.2106
1996-02-01,1.2106,1.2207,1.2066999999999999,1.2136
1996-02-02,1.2136,1.2232,1.2126,1.2134
1996-02-05,1.2134,1.2142,1.192,1.1976
1996-02-06,1.1976,1.2033,1.1945999999999999,1.1976
1996-02-07,1.1976,1.2097,1.1961,1.2074
1996-02-08,1.2074,1.212,1.2037,1.2061
1996-02-09,1.2061,1.2105,1.2028,1.2081
1996-02-12,1.2081,1.2081,1.2003,1.2053
1996-02-13,1.2053,1.2079,1.2006,1.2024
1996-02-14,1.2024,1.2032,1.194,1.1965999999999999
1996-02-15,1.1965999999999999,1.2002,1.1929,1.1977
1996-02-16,1.1977,1.1995,1.1784,1.1784
1996-02-19,1.1784,1.1817,1.1718,1.1775
1996-02-20,1.1775,1.1879,1.1766,1.1803
1996-02-21,1.1803,1.1877,1.1761,1.1841
1996-02-22,1.1841,1.1864,1.1775,1.1775
1996-02-23,1.1775,1.1861,1.1717,1.1732
1996-02-26,1.1732,1.1806,1.1719,1.1806
1996-02-27,1.1806,1.1852,1.1777,1.1821
1996-02-28,1.1821,1.1975,1.1817,1.1962
1996-02-29,1.1962,1.204,1.1955,1.2011
1996-03-01,1.2011,1.2081,1.1997,1.2011
1996-03-04,1.2011,1.2029,1.1977,1.2026
1996-03-05,1.2026,1.2052,1.1979,1.1982
1996-03-06,1.1982,1.2046,1.1977,1.2046
1996-03-07,1.2046,1.2077,1.1984,1.2001
1996-03-08,1.2001,1.2084,1.1957,1.205
1996-03-11,1.205,1.2066999999999999,1.1985999999999999,1.2013
1996-03-12,1.2013,1.2044,1.1917,1.1921
1996-03-13,1.1921,1.1941,1.185,1.1889
1996-03-14,1.1889,1.1902,1.1857,1.188
1996-03-15,1.188,1.1922,1.1834,1.188
1996-03-18,1.188,1.1931,1.184,1.1921
1996-03-19,1.1921,1.1954,1.1888,1.1895
1996-03-20,1.1895,1.1947,1.1889,1.1931
1996-03-21,1.1931,1.1988,1.1923,1.1988
1996-03-22,1.1988,1.199,1.1928,1.1931
1996-03-25,1.1931,1.1949,1.1889,1.1925999999999999
1996-03-26,1.1925999999999999,1.1945999999999999,1.1903,1.1943
1996-03-27,1.1943,1.2004,1.1931,1.1995
1996-03-28,1.1995,1.2017,1.1882,1.1903
1996-03-29,1.1903,1.1925999999999999,1.1839,1.1925999999999999
1996-04-01,1.1925999999999999,1.1962,1.1911,1.1936
1996-04-02,1.1936,1.1961,1.1912,1.1951
1996-04-03,1.1951,1.1974,1.1912,1.1973
1996-04-04,1.1973,1.1983,1.1924,1.1936
1996-04-05,1.1936,1.1976,1.1911,1.1965999999999999
1996-04-08,1.1965999999999999,1.1973,1.1885999999999999,1.1961
1996-04-09,1.1961,1.213,1.1939,1.2119
1996-04-10,1.2119,1.2229,1.2097,1.2149
1996-04-11,1.2149,1.2221,1.2136,1.2213
1996-04-12,1.2213,1.2306,1.2181,1.2306
1996-04-15,1.2306,1.2355,1.2288,1.2336
1996-04-16,1.2336,1.2348,1.226,1.2277
1996-04-17,1.2277,1.2316,1.2246,1.2274
1996-04-18,1.2274,1.2317,1.2126,1.219
1996-04-19,1.219,1.2316,1.2147,1.2316
1996-04-22,1.2316,1.2323,1.2258,1.2287
1996-04-23,1.2287,1.2346,1.2258,1.2344
1996-04-24,1.2344,1.2353,1.2297,1.2297
1996-04-25,1.2297,1.2396,1.2296,1.2375
1996-04-26,1.2375,1.2399,1.2316,1.2348
1996-04-29,1.2348,1.2394,1.227,1.2389
1996-04-30,1.2389,1.2467,1.234,1.2456
1996-05-01,1.2456,1.2534,1.2423,1.2506
1996-05-02,1.2506,1.2569,1.2444,1.2461
1996-05-03,1.2461,1.2468,1.2384,1.2386
1996-05-06,1.2386,1.2455,1.2386,1.2436
1996-05-07,1.2436,1.2456,1.2392,1.2456
1996-05-08,1.2456,1.2468,1.2314,1.2342
1996-05-09,1.2342,1.2406,1.2317,1.2389999999999999
1996-05-10,1.2389999999999999,1.2498,1.2342,1.2486
1996-05-13,1.2486,1.2517,1.2461,1.2496
1996-05-14,1.2496,1.2534,1.2483,1.2486
1996-05-15,1.2486,1.2552,1.2462,1.2521
1996-05-16,1.2521,1.2618,1.2512,1.2512
1996-05-17,1.2512,1.2616,1.2495,1.2616
1996-05-20,1.2616,1.2656,1.2606,1.2631
1996-05-21,1.2631,1.2736,1.2583,1.2686
1996-05-22,1.2686,1.2722,1.2642,1.2681
1996-05-23,1.2681,1.2695,1.263,1.265
1996-05-24,1.265,1.2681,1.2626,1.2666
1996-05-27,1.2666,1.2666,1.2637,1.2644
1996-05-28,1.2644,1.2749,1.2641,1.2726
1996-05-29,1.2726,1.2748,1.2588,1.2601
1996-05-30,1.2601,1.2628,1.2532,1.2596
1996-05-31,1.2596,1.2624,1.2471,1.2504
1996-06-03,1.2504,1.2553,1.2434,1.2533
1996-06-04,1.2533,1.2597,1.2512,1.2570999999999999
1996-06-05,1.2570999999999999,1.259,1.2541,1.2576
1996-06-06,1.2576,1.2606,1.2518,1.2577
1996-06-07,1.2577,1.2702,1.2555,1.2697
1996-06-10,1.2697,1.2711,1.2651,1.2666
1996-06-11,1.2666,1.2688,1.2626,1.2649
1996-06-12,1.2649,1.2681,1.2615,1.2622
1996-06-13,1.2622,1.2638,1.2537,1.2537
1996-06-14,1.2537,1.2576,1.2424,1.2550999999999999
1996-06-17,1.2550999999999999,1.2556,1.2475,1.2514
1996-06-18,1.2514,1.2537,1.2437,1.2462
1996-06-19,1.2462,1.2542,1.2449,1.2537
1996-06-20,1.2537,1.257,1.251,1.257
1996-06-21,1.257,1.2681,1.2556,1.2643
1996-06-24,1.2643,1.2667,1.2604,1.2615
1996-06-25,1.2615,1.2665,1.2583,1.2583
1996-06-26,1.2583,1.2622,1.2557,1.2586
1996-06-27,1.2586,1.2586,1.2465,1.2472
1996-06-28,1.2472,1.2558,1.2472,1.2558
1996-07-01,1.2558,1.2564,1.2486,1.2507
1996-07-02,1.2507,1.2530999999999999,1.2496,1.2506
1996-07-03,1.2506,1.2565,1.2493,1.2523
1996-07-04,1.2523,1.2563,1.2510999999999999,1.2546
1996-07-05,1.2546,1.2665,1.2545,1.2626
1996-07-08,1.2626,1.2655,1.261,1.2631
1996-07-09,1.2631,1.2647,1.2588,1.2642
1996-07-10,1.2642,1.2651,1.2618,1.2631999999999999
1996-07-11,1.2631999999999999,1.2646,1.2549,1.2572
1996-07-12,1.2572,1.2614,1.2527,1.2596
1996-07-15,1.2596,1.2608,1.2499,1.2501
1996-07-16,1.2501,1.2507,1.2036,1.2186
1996-07-17,1.2186,1.2247,1.2086,1.2123
1996-07-18,1.2123,1.2216,1.2114,1.2197
1996-07-19,1.2197,1.2241,1.2142,1.2202
1996-07-22,1.2202,1.2225,1.2061,1.2077
1996-07-23,1.2077,1.2152,1.2012,1.2139
1996-07-24,1.2139,1.2169,1.207,1.215
1996-07-25,1.215,1.2158,1.1977,1.2063
1996-07-26,1.2063,1.2149,1.2028,1.2077
1996-07-29,1.2077,1.2105,1.2059,1.2065
1996-07-30,1.2065,1.2089,1.2012,1.2026999999999999
1996-07-31,1.2026999999999999,1.2032,1.1848,1.1985999999999999
1996-08-01,1.1985999999999999,1.2036,1.1965999999999999,1.2017
1996-08-02,1.2017,1.2077,1.1997,1.2017
1996-08-05,1.2017,1.2046,1.1919,1.2021
1996-08-06,1.2021,1.209,1.2016,1.2063
1996-08-07,1.2063,1.2119,1.2063,1.2104
1996-08-08,1.2104,1.2147,1.208,1.2105
1996-08-09,1.2105,1.2106999999999999,1.2021,1.2021
1996-08-12,1.2021,1.2046,1.1985999999999999,1.2031
1996-08-13,1.2031,1.2046,1.1971,1.1997
1996-08-14,1.1997,1.2106999999999999,1.1996,1.2097
1996-08-15,1.2097,1.2131,1.2037,1.2046
1996-08-16,1.2046,1.2125,1.2036,1.2096
1996-08-19,1.2096,1.2103,1.2054,1.2074
1996-08-20,1.2074,1.2106999999999999,1.2035,1.2072
1996-08-21,1.2072,1.208,1.198,1.2002
1996-08-22,1.2002,1.2115,1.1991,1.2084
1996-08-23,1.2084,1.2103,1.191,1.191
1996-08-26,1.191,1.1945,1.189,1.1935
1996-08-27,1.1935,1.1948,1.1882,1.1942
1996-08-28,1.1942,1.1974,1.1903,1.1932
1996-08-29,1.1932,1.1998,1.1923,1.194
1996-08-30,1.194,1.2044,1.1921,1.2026999999999999
1996-09-02,1.2026999999999999,1.2108,1.2016,1.2091
1996-09-03,1.2091,1.2126,1.2062,1.2098
1996-09-04,1.2098,1.2103,1.2031,1.2048
1996-09-05,1.2048,1.2091,1.2044,1.2084
1996-09-06,1.2084,1.2202,1.2046999999999999,1.2174
1996-09-09,1.2174,1.224,1.2137,1.2219
1996-09-10,1.2219,1.2365,1.2202,1.2331
1996-09-11,1.2331,1.2389,1.2308,1.2355
1996-09-12,1.2355,1.2396,1.2308999999999999,1.237
1996-09-13,1.237,1.2449999999999999,1.2345,1.2435
1996-09-16,1.2435,1.2444,1.2375,1.2406
1996-09-17,1.2406,1.2455,1.2376,1.2444
1996-09-18,1.2444,1.2481,1.2384,1.2419
1996-09-19,1.2419,1.2449,1.2372,1.2429999999999999
1996-09-20,1.2429999999999999,1.2461,1.2386,1.2399
1996-09-23,1.2399,1.2414,1.2326,1.2367
1996-09-24,1.2367,1.2393,1.2251,1.2256
1996-09-25,1.2256,1.2423,1.2245,1.2407
1996-09-26,1.2407,1.2558,1.2404,1.2544
1996-09-27,1.2544,1.2576,1.2516,1.2572
1996-09-30,1.2572,1.259,1.2528,1.2550999999999999
1996-10-01,1.2550999999999999,1.2566,1.251,1.2564
1996-10-02,1.2564,1.2588,1.2487,1.2573
1996-10-03,1.2573,1.2596,1.2524,1.2550999999999999
1996-10-04,1.2550999999999999,1.2599,1.2521,1.2587
1996-10-07,1.2587,1.2588,1.2544,1.2549
1996-10-08,1.2549,1.2561,1.2463,1.2553
1996-10-09,1.2553,1.257,1.2503,1.2534
1996-10-10,1.2534,1.2545,1.2486,1.2493
1996-10-11,1.2493,1.2559,1.2484,1.2546
1996-10-14,1.2546,1.2548,1.2518,1.2530999999999999
1996-10-15,1.2530999999999999,1.2696,1.2515,1.2681
1996-10-16,1.2681,1.2725,1.2647,1.2682
1996-10-17,1.2682,1.2716,1.2646,1.2688
1996-10-18,1.2688,1.2735,1.2662,1.2706
1996-10-21,1.2706,1.2724,1.2627,1.2636
1996-10-22,1.2636,1.2659,1.2525,1.2545
1996-10-23,1.2545,1.257,1.2495,1.2546
1996-10-24,1.2546,1.2590999999999999,1.2519,1.255
1996-10-25,1.255,1.2638,1.254,1.2626
1996-10-28,1.2626,1.2656,1.2576,1.2616
1996-10-29,1.2616,1.2639,1.2495,1.2557
1996-10-30,1.2557,1.2572,1.2473,1.2550999999999999
1996-10-31,1.2550999999999999,1.2711,1.2519,1.2685
1996-11-01,1.2685,1.2779,1.2664,1.2671
1996-11-04,1.2671,1.273,1.2644,1.2674
1996-11-05,1.2674,1.2814,1.2623,1.2774
1996-11-06,1.2774,1.2856,1.2723,1.2761
1996-11-07,1.2761,1.2764,1.2612,1.2739
1996-11-08,1.2739,1.2774,1.2636,1.2638
1996-11-11,1.2638,1.2664,1.2525,1.2546
1996-11-12,1.2546,1.2696,1.2526,1.2681
1996-11-13,1.2681,1.2718,1.2658,1.2716
1996-11-14,1.2716,1.2774,1.2679,1.2766
1996-11-15,1.2766,1.2809,1.2718,1.2789
1996-11-18,1.2789,1.2791,1.2646,1.2661
1996-11-19,1.2661,1.2731,1.266,1.2716
1996-11-20,1.2716,1.2728,1.2626,1.2659
1996-11-21,1.2659,1.271,1.2642,1.2664
1996-11-22,1.2664,1.2736,1.2646,1.2716
1996-11-25,1.2716,1.2892,1.2704,1.2883
1996-11-26,1.2883,1.2968,1.2852,1.289
1996-11-27,1.289,1.2932,1.2866,1.2912
1996-11-28,1.2912,1.2992,1.2901,1.2958
1996-11-29,1.2958,1.3066,1.2931,1.3047
1996-12-02,1.3047,1.3284,1.3046,1.3211
1996-12-03,1.3211,1.3339,1.3155999999999999,1.3206
1996-12-04,1.3206,1.3271,1.3164,1.3222
1996-12-05,1.3222,1.3224,1.3103,1.3127
1996-12-06,1.3127,1.3175,1.2926,1.3164
1996-12-09,1.3164,1.3289,1.3145,1.3276
1996-12-10,1.3276,1.331,1.3224,1.3255
1996-12-11,1.3255,1.3288,1.3067,1.3096
1996-12-12,1.3096,1.3207,1.3074,1.3106
1996-12-13,1.3106,1.3261,1.3051,1.3261
1996-12-16,1.3261,1.3295,1.3188,1.319
1996-12-17,1.319,1.3262,1.3169,1.3254
1996-12-18,1.3254,1.3339,1.3214,1.3287
1996-12-19,1.3287,1.3413,1.3262,1.3385
1996-12-20,1.3385,1.3394,1.3315,1.3329
1996-12-23,1.3329,1.3405,1.3325,1.3365
1996-12-24,1.3365,1.3461,1.3355,1.3459
1996-12-25,1.3459,1.3464,1.3451,1.3464
1996-12-26,1.3464,1.3476,1.3423,1.3436
1996-12-27,1.3436,1.3521,1.3395,1.3485
1996-12-30,1.3485,1.3541,1.3452,1.3486
1996-12-31,1.3486,1.3518999999999999,1.3373,1.3446
1997-01-01,1.3446,1.3446,1.3396,1.3426
1997-01-02,1.3426,1.3499,1.3401,1.348
1997-01-03,1.348,1.3631,1.3435,1.3601
1997-01-06,1.3601,1.3634,1.3523,1.3534
1997-01-07,1.3534,1.3566,1.346,1.3552
1997-01-08,1.3552,1.3676,1.3523,1.3657
1997-01-09,1.3657,1.3712,1.3616,1.3694
1997-01-10,1.3694,1.3782,1.3677,1.3753
1997-01-13,1.3753,1.3807,1.3723,1.3766
1997-01-14,1.3766,1.3799,1.3681,1.3746
1997-01-15,1.3746,1.3814,1.3686,1.3701
1997-01-16,1.3701,1.3794,1.3701,1.3767
1997-01-17,1.3767,1.3998,1.3732,1.3996
1997-01-20,1.3996,1.4205,1.3973,1.4168
1997-01-21,1.4168,1.4203,1.4094,1.4202
1997-01-22,1.4202,1.4359,1.4157,1.4295
1997-01-23,1.4295,1.4326,1.4126,1.413
1997-01-24,1.413,1.4221,1.4029,1.4084
1997-01-27,1.4084,1.432,1.4064,1.4304999999999999
1997-01-28,1.4304999999999999,1.4375,1.4261,1.4261
1997-01-29,1.4261,1.4342,1.4151,1.4267
1997-01-30,1.4267,1.4303,1.4181,1.4238
1997-01-31,1.4238,1.4284,1.4126,1.424
1997-02-03,1.424,1.4319,1.4181,1.4183
1997-02-04,1.4183,1.4296,1.4163,1.4294
1997-02-05,1.4294,1.4347,1.4226,1.4248
1997-02-06,1.4248,1.4307,1.422,1.4268
1997-02-07,1.4268,1.4456,1.4151,1.4151
1997-02-10,1.4151,1.4326,1.4148,1.4269
1997-02-11,1.4269,1.4402,1.4246,1.4378
1997-02-12,1.4378,1.4551,1.4343,1.4536
1997-02-13,1.4536,1.4571,1.4436,1.4546999999999999
1997-02-14,1.4546999999999999,1.4694,1.4544,1.4694
1997-02-17,1.4694,1.4848,1.4682,1.4846
1997-02-18,1.4846,1.486,1.4673,1.4731
1997-02-19,1.4731,1.4911,1.4667999999999999,1.4868999999999999
1997-02-20,1.4868999999999999,1.4879,1.4739,1.4745
1997-02-21,1.4745,1.478,1.4644,1.4691
1997-02-24,1.4691,1.4697,1.4484,1.4565
1997-02-25,1.4565,1.4654,1.4556,1.4598
1997-02-26,1.4598,1.4835,1.4563,1.4806
1997-02-27,1.4806,1.4831,1.4707,1.4727
1997-02-28,1.4727,1.4806,1.4704,1.4804
1997-03-03,1.4804,1.4821,1.4727999999999999,1.479
1997-03-04,1.479,1.4888,1.4758,1.4863
1997-03-05,1.4863,1.4889,1.4783,1.4827
1997-03-06,1.4827,1.492,1.4786,1.4807
1997-03-07,1.4807,1.486,1.4764,1.4793
1997-03-10,1.4793,1.4802,1.4705,1.4711
1997-03-11,1.4711,1.4776,1.4686,1.4727999999999999
1997-03-12,1.4727999999999999,1.4793,1.4526,1.4539
1997-03-13,1.4539,1.467,1.4481,1.4661
1997-03-14,1.4661,1.4692,1.4546,1.4554
1997-03-17,1.4554,1.4612,1.4505,1.4604
1997-03-18,1.4604,1.4627999999999999,1.4344999999999999,1.4393
1997-03-19,1.4393,1.4478,1.4385999999999999,1.4428
1997-03-20,1.4428,1.4551,1.4293,1.4535
1997-03-21,1.4535,1.4622,1.4476,1.4571
1997-03-24,1.4571,1.4646,1.4554,1.4596
1997-03-25,1.4596,1.4704,1.4546,1.4639
1997-03-26,1.4639,1.4704,1.4611,1.4627999999999999
1997-03-27,1.4627999999999999,1.4629,1.4461,1.4493
1997-03-28,1.4493,1.4531,1.4474,1.4496
1997-03-31,1.4496,1.453,1.4354,1.4485999999999999
1997-04-01,1.4485999999999999,1.4485999999999999,1.4361,1.4425999999999999
1997-04-02,1.4425999999999999,1.4478,1.4363,1.4432
1997-04-03,1.4432,1.4468,1.4284999999999999,1.4348
1997-04-04,1.4348,1.4438,1.4303,1.4425999999999999
1997-04-07,1.4425999999999999,1.47,1.4421,1.4697
1997-04-08,1.4697,1.478,1.4673,1.4743
1997-04-09,1.4743,1.4827,1.4692,1.4806
1997-04-10,1.4806,1.4806,1.4654,1.4691
1997-04-11,1.4691,1.4718,1.4598,1.4635
1997-04-14,1.4635,1.4726,1.4563,1.4707999999999999
1997-04-15,1.4707999999999999,1.4765,1.4647999999999999,1.4654
1997-04-16,1.4654,1.4727999999999999,1.4639,1.4721
1997-04-17,1.4721,1.4727999999999999,1.4631,1.4654
1997-04-18,1.4654,1.4658,1.4549,1.455
1997-04-21,1.455,1.4582,1.4398,1.442
1997-04-22,1.442,1.4642,1.441,1.4632
1997-04-23,1.4632,1.4666,1.4581,1.4626
1997-04-24,1.4626,1.4698,1.4592,1.4612
1997-04-25,1.4612,1.4706,1.4602,1.4686
1997-04-28,1.4686,1.4791,1.4669,1.4745
1997-04-29,1.4745,1.4754,1.4646,1.4681
1997-04-30,1.4681,1.4759,1.4635,1.4723
1997-05-01,1.4723,1.4752,1.4646,1.4701
1997-05-02,1.4701,1.474,1.4656,1.4707
1997-05-05,1.4707,1.4766,1.4691,1.4754
1997-05-06,1.4754,1.4781,1.4593,1.4623
1997-05-07,1.4623,1.4649,1.4544,1.4606
1997-05-08,1.4606,1.4619,1.44,1.4458
1997-05-09,1.4458,1.4461,1.4196,1.4219
1997-05-12,1.4219,1.4414,1.4102999999999999,1.4405999999999999
1997-05-13,1.4405999999999999,1.4441,1.4298,1.4343
1997-05-14,1.4343,1.4491,1.4335,1.4346
1997-05-15,1.4346,1.4388,1.4211,1.4294
1997-05-16,1.4294,1.4364,1.4151,1.4191
1997-05-19,1.4191,1.4309,1.4153,1.4282
1997-05-20,1.4282,1.4286,1.3840999999999999,1.3852
1997-05-21,1.3852,1.4159,1.3773,1.4064
1997-05-22,1.4064,1.42,1.4044,1.4147
1997-05-23,1.4147,1.4154,1.3991,1.3991
1997-05-26,1.3991,1.4036,1.3889,1.3938
1997-05-27,1.3938,1.4233,1.3937,1.4203
1997-05-28,1.4203,1.4261,1.4084,1.4116
1997-05-29,1.4116,1.4232,1.4068,1.4115
1997-05-30,1.4115,1.4175,1.4048,1.4136
1997-06-02,1.4136,1.437,1.4131,1.432
1997-06-03,1.432,1.4398,1.427,1.4374
1997-06-04,1.4374,1.4494,1.4343,1.4443
1997-06-05,1.4443,1.4493,1.44,1.4454
1997-06-06,1.4454,1.4624,1.4454,1.4491
1997-06-09,1.4491,1.4517,1.4281,1.4389
1997-06-10,1.4389,1.4464,1.4346,1.4424
1997-06-11,1.4424,1.4424,1.4317,1.4385
1997-06-12,1.4385,1.4483,1.4375,1.4449
1997-06-13,1.4449,1.4487,1.4382,1.4439
1997-06-16,1.4439,1.4465999999999999,1.4381,1.4419
1997-06-17,1.4419,1.4513,1.4396,1.4433
1997-06-18,1.4433,1.4496,1.4395,1.4484
1997-06-19,1.4484,1.4496,1.4351,1.4389
1997-06-20,1.4389,1.4425999999999999,1.4352,1.4399
1997-06-23,1.4399,1.4443,1.4303,1.4304999999999999
1997-06-24,1.4304999999999999,1.4425,1.4282,1.4384
1997-06-25,1.4384,1.4405,1.4356,1.4377
1997-06-26,1.4377,1.4418,1.4343,1.4347
1997-06-27,1.4347,1.4558,1.4328,1.4558
1997-06-30,1.4558,1.4621,1.4517,1.4614
1997-07-01,1.4614,1.4671,1.4584,1.4665
1997-07-02,1.4665,1.4734,1.4606,1.4704
1997-07-03,1.4704,1.4727999999999999,1.4635,1.4663
1997-07-04,1.4663,1.4711,1.4623,1.4669
1997-07-07,1.4669,1.4693,1.4543,1.4614
1997-07-08,1.4614,1.4686,1.4585,1.4669
1997-07-09,1.4669,1.4671,1.4573,1.4585
1997-07-10,1.4585,1.464,1.4463,1.4478
1997-07-11,1.4478,1.4691,1.4474,1.4691
1997-07-14,1.4691,1.4798,1.463,1.4743
1997-07-15,1.4743,1.4807,1.4659,1.4743
1997-07-16,1.4743,1.4848999999999999,1.4693,1.4754
1997-07-17,1.4754,1.4857,1.4754,1.4788
1997-07-18,1.4788,1.4853,1.4701,1.4726
1997-07-21,1.4726,1.4796,1.4718,1.4758
1997-07-22,1.4758,1.4876,1.4749,1.4834
1997-07-23,1.4834,1.4903,1.4802,1.4839
1997-07-24,1.4839,1.5103,1.483,1.5056
1997-07-25,1.5056,1.5186,1.5030999999999999,1.5171
1997-07-28,1.5171,1.5256,1.5133,1.5139
1997-07-29,1.5139,1.5216,1.5105,1.5181
1997-07-30,1.5181,1.5265,1.5121,1.5129
1997-07-31,1.5129,1.517,1.5064,1.5129
1997-08-01,1.5129,1.5301,1.5123,1.526
1997-08-04,1.526,1.5363,1.5226,1.5251
1997-08-05,1.5251,1.5376,1.5203,1.5344
1997-08-06,1.5344,1.539,1.5274,1.5309
1997-08-07,1.5309,1.5352,1.5259,1.5305
1997-08-08,1.5305,1.5346,1.4982,1.5116
1997-08-11,1.5116,1.5281,1.5072,1.5251
1997-08-12,1.5251,1.5306,1.5201,1.5266
1997-08-13,1.5266,1.5278,1.5067,1.5114
1997-08-14,1.5114,1.5246,1.5083,1.5164
1997-08-15,1.5164,1.5224,1.4967,1.4992
1997-08-18,1.4992,1.5186,1.4951,1.5185
1997-08-19,1.5185,1.5193,1.5103,1.5149
1997-08-20,1.5149,1.5298,1.5139,1.5234
1997-08-21,1.5234,1.5262,1.5125,1.5131
1997-08-22,1.5131,1.5144,1.4899,1.5029
1997-08-25,1.5029,1.5041,1.4941,1.4975
1997-08-26,1.4975,1.5037,1.4785,1.4853
1997-08-27,1.4853,1.5013,1.4834,1.4964
1997-08-28,1.4964,1.5034,1.4764,1.4814
1997-08-29,1.4814,1.4949,1.4804,1.4938
1997-09-01,1.4938,1.4999,1.4854,1.4918
1997-09-02,1.4918,1.5085,1.4903,1.5064
1997-09-03,1.5064,1.5101,1.4959,1.5016
1997-09-04,1.5016,1.5055,1.4941,1.4978
1997-09-05,1.4978,1.4989999999999999,1.4709,1.4779
1997-09-08,1.4779,1.4889999999999999,1.4693,1.4878
1997-09-09,1.4878,1.4899,1.4777,1.4866
1997-09-10,1.4866,1.4931,1.476,1.4771
1997-09-11,1.4771,1.4806,1.4686,1.4751
1997-09-12,1.4751,1.478,1.4621,1.4672
1997-09-15,1.4672,1.4682,1.4416,1.4468
1997-09-16,1.4468,1.4572,1.4456,1.4518
1997-09-17,1.4518,1.4639,1.447,1.4606
1997-09-18,1.4606,1.4684,1.4504,1.4663
1997-09-19,1.4663,1.4696,1.454,1.4627999999999999
1997-09-22,1.4627999999999999,1.4756,1.4591,1.4704
1997-09-23,1.4704,1.4778,1.4658,1.4698
1997-09-24,1.4698,1.4717,1.456,1.4582
1997-09-25,1.4582,1.4646,1.4476,1.4506999999999999
1997-09-26,1.4506999999999999,1.4581,1.4403,1.4521
1997-09-29,1.4521,1.4573,1.4463,1.4546
1997-09-30,1.4546,1.4594,1.4476,1.4485999999999999
1997-10-01,1.4485999999999999,1.4626,1.4436,1.4626
1997-10-02,1.4626,1.4629,1.4504,1.456
1997-10-03,1.456,1.4623,1.4465999999999999,1.4465999999999999
1997-10-06,1.4465999999999999,1.4548,1.4443,1.4489
1997-10-07,1.4489,1.4496,1.4371,1.4471
1997-10-08,1.4471,1.4535,1.4416,1.4439
1997-10-09,1.4439,1.4581,1.4402,1.4566999999999999
1997-10-10,1.4566999999999999,1.4606,1.448,1.4596
1997-10-13,1.4596,1.4684,1.4584,1.4633
1997-10-14,1.4633,1.4669,1.4585,1.4608
1997-10-15,1.4608,1.4667999999999999,1.4563,1.4563
1997-10-16,1.4563,1.4598,1.4522,1.4586
1997-10-17,1.4586,1.4776,1.4566,1.4754
1997-10-20,1.4754,1.479,1.4706,1.4719
1997-10-21,1.4719,1.4906,1.4691,1.4884
1997-10-22,1.4884,1.4904,1.4736,1.4833
1997-10-23,1.4833,1.4857,1.4611,1.4639
1997-10-24,1.4639,1.4805,1.4623,1.4643
1997-10-27,1.4643,1.4669,1.4416,1.4416
1997-10-28,1.4416,1.4416,1.3893,1.4277
1997-10-29,1.4277,1.4321,1.4079,1.4176
1997-10-30,1.4176,1.4176,1.3926,1.3933
1997-10-31,1.3933,1.4125,1.3929,1.4017
1997-11-03,1.4017,1.4209,1.4014,1.4124
1997-11-04,1.4124,1.4134,1.3994,1.4054
1997-11-05,1.4054,1.4142,1.4024,1.4029
1997-11-06,1.4029,1.4129,1.4014,1.4076
1997-11-07,1.4076,1.413,1.3832,1.3924
1997-11-10,1.3924,1.4016,1.3860999999999999,1.3860999999999999
1997-11-11,1.3860999999999999,1.3956,1.3836,1.3946
1997-11-12,1.3946,1.4018,1.3851,1.3916
1997-11-13,1.3916,1.4082,1.3896,1.3996
1997-11-14,1.3996,1.4084,1.3966,1.4044
1997-11-17,1.4044,1.4165,1.4005,1.4079
1997-11-18,1.4079,1.411,1.402,1.4064
1997-11-19,1.4064,1.4079,1.3996,1.4058
1997-11-20,1.4058,1.4137,1.4006,1.4129
1997-11-21,1.4129,1.4243,1.4066,1.4094
1997-11-24,1.4094,1.4113,1.3973,1.4046
1997-11-25,1.4046,1.4129,1.4016,1.4109
1997-11-26,1.4109,1.4207,1.4068,1.4163
1997-11-27,1.4163,1.4298,1.4154,1.424
1997-11-28,1.424,1.4286,1.4191,1.4234
1997-12-01,1.4234,1.4356,1.4226,1.4317
1997-12-02,1.4317,1.4343,1.4243999999999999,1.4328
1997-12-03,1.4328,1.4351,1.4256,1.4308
1997-12-04,1.4308,1.4358,1.4278,1.4328
1997-12-05,1.4328,1.4456,1.428,1.4456
1997-12-08,1.4456,1.46,1.4424,1.4558
1997-12-09,1.4558,1.4631,1.4514,1.4543
1997-12-10,1.4543,1.4606,1.4425999999999999,1.4468
1997-12-11,1.4468,1.4479,1.4219,1.4219
1997-12-12,1.4219,1.4371,1.4219,1.4357
1997-12-15,1.4357,1.4414,1.4278,1.4337
1997-12-16,1.4337,1.4444,1.4309,1.4404
1997-12-17,1.4404,1.4416,1.4289,1.4368
1997-12-18,1.4368,1.442,1.434,1.4351
1997-12-19,1.4351,1.4391,1.4228,1.4342
1997-12-22,1.4342,1.4421,1.4342,1.4389
1997-12-23,1.4389,1.4398,1.4299,1.4339
1997-12-24,1.4339,1.4369,1.4298,1.4326
1997-12-25,1.4326,1.4369,1.4319,1.4343
1997-12-26,1.4343,1.4363,1.4313,1.4328
1997-12-29,1.4328,1.4501,1.4303,1.4478
1997-12-30,1.4478,1.4581,1.4471,1.4539
1997-12-31,1.4539,1.4634,1.4518,1.4586
1998-01-01,1.4586,1.4634,1.4554,1.4606
1998-01-02,1.4606,1.4703,1.4604,1.4627999999999999
1998-01-05,1.4627999999999999,1.4871,1.4589,1.4808
1998-01-06,1.4808,1.4881,1.4742,1.4864
1998-01-07,1.4864,1.4871,1.4731,1.4776
1998-01-08,1.4776,1.4816,1.4683,1.4758
1998-01-09,1.4758,1.4811,1.4652,1.4788
1998-01-12,1.4788,1.4824,1.4683,1.4778
1998-01-13,1.4778,1.4805,1.472,1.4779
1998-01-14,1.4779,1.4881,1.4754,1.4823
1998-01-15,1.4823,1.4999,1.4768,1.4981
1998-01-16,1.4981,1.4999,1.4901,1.4966
1998-01-19,1.4966,1.5058,1.4938,1.4979
1998-01-20,1.4979,1.5021,1.4951,1.4964
1998-01-21,1.4964,1.4964,1.475,1.4751
1998-01-22,1.4751,1.4771,1.4606,1.4691
1998-01-23,1.4691,1.4727999999999999,1.4364,1.4391
1998-01-26,1.4391,1.4591,1.4216,1.4561
1998-01-27,1.4561,1.4568,1.4451,1.4473
1998-01-28,1.4473,1.4671,1.4443,1.4636
1998-01-29,1.4636,1.4751,1.4577,1.4727999999999999
1998-01-30,1.4727999999999999,1.483,1.4686,1.4804
1998-02-02,1.4804,1.4876,1.4714,1.4736
1998-02-03,1.4736,1.4786,1.4631,1.4656
1998-02-04,1.4656,1.4689,1.4494,1.4521
1998-02-05,1.4521,1.4551,1.44,1.4453
1998-02-06,1.4453,1.4627999999999999,1.4425999999999999,1.4627999999999999
1998-02-09,1.4627999999999999,1.4684,1.4573,1.4663
1998-02-10,1.4663,1.467,1.4584,1.4584
1998-02-11,1.4584,1.4706,1.4584,1.4637
1998-02-12,1.4637,1.4656,1.4496,1.4543
1998-02-13,1.4543,1.4692,1.4528,1.4608
1998-02-16,1.4608,1.4658,1.4584,1.4614
1998-02-17,1.4614,1.4754,1.4576,1.4723
1998-02-18,1.4723,1.476,1.4665,1.4701
1998-02-19,1.4701,1.4738,1.4616,1.4669
1998-02-20,1.4669,1.4724,1.4636,1.4696
1998-02-23,1.4696,1.4783,1.4448,1.451
1998-02-24,1.451,1.4571,1.4485999999999999,1.4533
1998-02-25,1.4533,1.4706,1.4491,1.4534
1998-02-26,1.4534,1.4746,1.4534,1.4683
1998-02-27,1.4683,1.4714,1.4602,1.4654
1998-03-02,1.4654,1.4682,1.4561,1.4675
1998-03-03,1.4675,1.4716,1.4654,1.4706
1998-03-04,1.4706,1.4841,1.4673,1.4791
1998-03-05,1.4791,1.4951,1.4693,1.4923
1998-03-06,1.4923,1.496,1.4856,1.4886
1998-03-09,1.4886,1.4972,1.4856,1.4868999999999999
1998-03-10,1.4868999999999999,1.4934,1.4852,1.4903
1998-03-11,1.4903,1.4958,1.4876,1.4891
1998-03-12,1.4891,1.4916,1.4828,1.4876
1998-03-13,1.4876,1.4931,1.4726,1.4731
1998-03-16,1.4731,1.4841,1.4731,1.4798
1998-03-17,1.4798,1.484,1.474,1.4798
1998-03-18,1.4798,1.4929,1.4791,1.4928
1998-03-19,1.4928,1.4976,1.4881,1.4972
1998-03-20,1.4972,1.5016,1.4923,1.4988
1998-03-23,1.4988,1.5002,1.4868999999999999,1.4891
1998-03-24,1.4891,1.4929,1.4876,1.4926
1998-03-25,1.4926,1.4985,1.4886,1.4934
1998-03-26,1.4934,1.4953,1.4858,1.4879
1998-03-27,1.4879,1.4999,1.4858,1.4966
1998-03-30,1.4966,1.5246,1.4953,1.5231999999999999
1998-03-31,1.5231999999999999,1.5281,1.5184,1.5223
1998-04-01,1.5223,1.5355,1.5194,1.533
1998-04-02,1.533,1.5371,1.5249,1.5329
1998-04-03,1.5329,1.537,1.5239,1.5252999999999999
1998-04-06,1.5252999999999999,1.5311,1.5201,1.5256
1998-04-07,1.5256,1.532,1.5231,1.5241
1998-04-08,1.5241,1.526,1.5045,1.5096
1998-04-09,1.5096,1.5191999999999999,1.5052,1.5168
1998-04-10,1.5168,1.5176,1.5099,1.5138
1998-04-13,1.5138,1.5191999999999999,1.5090999999999999,1.5090999999999999
1998-04-14,1.5090999999999999,1.5116,1.4852,1.4919
1998-04-15,1.4919,1.4986,1.4876,1.4975
1998-04-16,1.4975,1.5090999999999999,1.4949,1.5034
1998-04-17,1.5034,1.5058,1.4922,1.4994
1998-04-20,1.4994,1.504,1.4931,1.4975
1998-04-21,1.4975,1.4977,1.4776,1.4828999999999999
1998-04-22,1.4828999999999999,1.4896,1.4766,1.4868999999999999
1998-04-23,1.4868999999999999,1.4941,1.4801,1.4893
1998-04-24,1.4893,1.4968,1.4837,1.4946
1998-04-27,1.4946,1.4986,1.4834,1.4884
1998-04-28,1.4884,1.4951,1.4856,1.4938
1998-04-29,1.4938,1.5016,1.4919,1.4979
1998-04-30,1.4979,1.5030999999999999,1.494,1.5016
1998-05-01,1.5016,1.5021,1.4846,1.4941
1998-05-04,1.4941,1.4952,1.4884,1.4896
1998-05-05,1.4896,1.4929999999999999,1.4781,1.4788
1998-05-06,1.4788,1.4851,1.4723,1.4741
1998-05-07,1.4741,1.4777,1.4643,1.473
1998-05-08,1.473,1.483,1.4705,1.4804
1998-05-11,1.4804,1.4879,1.4726,1.4845
1998-05-12,1.4845,1.4863,1.4766,1.4807
1998-05-13,1.4807,1.4848999999999999,1.4768999999999999,1.4807
1998-05-14,1.4807,1.4856,1.4724,1.4804
1998-05-15,1.4804,1.4906,1.4786,1.4867
1998-05-18,1.4867,1.4923,1.4838,1.486
1998-05-19,1.486,1.4866,1.4776,1.4776
1998-05-20,1.4776,1.4826,1.4737,1.4764
1998-05-21,1.4764,1.4772,1.4605,1.4642
1998-05-22,1.4642,1.471,1.4612,1.4641
1998-05-25,1.4641,1.4742,1.4619,1.4721
1998-05-26,1.4721,1.4746,1.4691,1.4707
1998-05-27,1.4707,1.4758,1.4538,1.4758
1998-05-28,1.4758,1.4796,1.47,1.4763
1998-05-29,1.4763,1.4872,1.4735,1.4844
1998-06-01,1.4844,1.4851,1.4749,1.4765
1998-06-02,1.4765,1.4837,1.4758,1.4808
1998-06-03,1.4808,1.4816,1.4729,1.4751
1998-06-04,1.4751,1.478,1.4644,1.4712
1998-06-05,1.4712,1.4791,1.4669,1.477
1998-06-08,1.477,1.4815,1.4754,1.4798
1998-06-09,1.4798,1.4801,1.4731,1.4778
1998-06-10,1.4778,1.4898,1.4737,1.4848
1998-06-11,1.4848,1.4973,1.4839,1.4966
1998-06-12,1.4966,1.5003,1.492,1.4984
1998-06-15,1.4984,1.5122,1.4975,1.5058
1998-06-16,1.5058,1.5102,1.4941,1.4961
1998-06-17,1.4961,1.4981,1.4852,1.4891
1998-06-18,1.4891,1.4988,1.4858,1.4966
1998-06-19,1.4966,1.5009,1.4904,1.4982
1998-06-22,1.4982,1.5038,1.4953,1.4958
1998-06-23,1.4958,1.5076,1.4952,1.505
1998-06-24,1.505,1.5093,1.5009,1.5081
1998-06-25,1.5081,1.5168,1.5014,1.5136
1998-06-26,1.5136,1.5308,1.5105,1.5267
1998-06-29,1.5267,1.532,1.5222,1.5226
1998-06-30,1.5226,1.5259,1.5131999999999999,1.5206
1998-07-01,1.5206,1.5334,1.5199,1.5281
1998-07-02,1.5281,1.536,1.5247,1.5316
1998-07-03,1.5316,1.5354,1.5261,1.5314
1998-07-06,1.5314,1.5332,1.5193,1.5213
1998-07-07,1.5213,1.5284,1.5206,1.5271
1998-07-08,1.5271,1.5298,1.5244,1.5282
1998-07-09,1.5282,1.5456,1.5263,1.5411
1998-07-10,1.5411,1.5473999999999999,1.5335,1.5406
1998-07-13,1.5406,1.5429,1.516,1.5179
1998-07-14,1.5179,1.5218,1.5131999999999999,1.5196
1998-07-15,1.5196,1.5223,1.5096,1.5096
1998-07-16,1.5096,1.5103,1.4999,1.5046
1998-07-17,1.5046,1.5114,1.5016,1.5036
1998-07-20,1.5036,1.5070999999999999,1.4985,1.5068
1998-07-21,1.5068,1.5131,1.5045,1.5106
1998-07-22,1.5106,1.5159,1.5084,1.5118
1998-07-23,1.5118,1.5168,1.5046,1.5050999999999999
1998-07-24,1.5050999999999999,1.508,1.4917,1.4951
1998-07-27,1.4951,1.5048,1.4921,1.5044
1998-07-28,1.5044,1.5063,1.4862,1.4891
1998-07-29,1.4891,1.4906,1.4799,1.4831
1998-07-30,1.4831,1.4941,1.4758,1.4919
1998-07-31,1.4919,1.4963,1.4871,1.4881
1998-08-03,1.4881,1.5043,1.4881,1.5005
1998-08-04,1.5005,1.5034,1.4874,1.4888
1998-08-05,1.4888,1.492,1.4841,1.4901
1998-08-06,1.4901,1.4946,1.4843,1.4935
1998-08-07,1.4935,1.5008,1.4884,1.4976
1998-08-10,1.4976,1.4984,1.4932,1.4978
1998-08-11,1.4978,1.4988,1.4859,1.4911
1998-08-12,1.4911,1.4923,1.4806,1.4891
1998-08-13,1.4891,1.4971,1.4848999999999999,1.4876
1998-08-14,1.4876,1.5126,1.4856,1.5046
1998-08-17,1.5046,1.5157,1.5001,1.5050999999999999
1998-08-18,1.5050999999999999,1.5117,1.5013,1.5086
1998-08-19,1.5086,1.5148,1.504,1.5055
1998-08-20,1.5055,1.5106,1.5003,1.5057
1998-08-21,1.5057,1.5084,1.4973,1.5032
1998-08-24,1.5032,1.5050999999999999,1.4977,1.5007
1998-08-25,1.5007,1.5062,1.4999,1.5036
1998-08-26,1.5036,1.5069,1.4992,1.5044
1998-08-27,1.5044,1.5064,1.4806,1.4816
1998-08-28,1.4816,1.4828999999999999,1.4389,1.4391
1998-08-31,1.4391,1.4619,1.4266,1.4324999999999999
1998-09-01,1.4324999999999999,1.4483,1.4261,1.4419
1998-09-02,1.4419,1.4494,1.4356,1.4436
1998-09-03,1.4436,1.4436,1.4095,1.4176
1998-09-04,1.4176,1.4347,1.4166,1.4221
1998-09-07,1.4221,1.4225,1.3999,1.4109
1998-09-08,1.4109,1.4225,1.4084,1.4171
1998-09-09,1.4171,1.4328,1.4081,1.4081
1998-09-10,1.4081,1.409,1.3791,1.3859
1998-09-11,1.3859,1.3932,1.3716,1.3901999999999999
1998-09-14,1.3901999999999999,1.407,1.3901999999999999,1.4021
1998-09-15,1.4021,1.4029,1.387,1.3958
1998-09-16,1.3958,1.4054,1.3901,1.394
1998-09-17,1.394,1.3943,1.376,1.3906
1998-09-18,1.3906,1.3971,1.385,1.3961
1998-09-21,1.3961,1.3961,1.3744,1.3919
1998-09-22,1.3919,1.4005,1.3864,1.3929
1998-09-23,1.3929,1.4051,1.3889,1.3889
1998-09-24,1.3889,1.3977,1.3829,1.3874
1998-09-25,1.3874,1.3896,1.3678,1.3896
1998-09-28,1.3896,1.3957,1.3786,1.3881
1998-09-29,1.3881,1.3916,1.3848,1.3865
1998-09-30,1.3865,1.3894,1.3773,1.3780999999999999
1998-10-01,1.3780999999999999,1.3824,1.3583,1.3611
1998-10-02,1.3611,1.3661,1.3419,1.3529
1998-10-05,1.3529,1.3582,1.3393,1.3426
1998-10-06,1.3426,1.356,1.3351,1.3391
1998-10-07,1.3391,1.3462,1.3021,1.3116
1998-10-08,1.3116,1.3206,1.274,1.3181
1998-10-09,1.3181,1.3331,1.3051,1.3228
1998-10-12,1.3228,1.3431,1.3185,1.3401
1998-10-13,1.3401,1.3411,1.3217,1.3217
1998-10-14,1.3217,1.3366,1.3201,1.3326
1998-10-15,1.3326,1.3365,1.3126,1.3126
1998-10-16,1.3126,1.319,1.3044,1.3175999999999999
1998-10-19,1.3175999999999999,1.3291,1.3123,1.3266
1998-10-20,1.3266,1.3502,1.3256,1.3451
1998-10-21,1.3451,1.3589,1.3386,1.3531
1998-10-22,1.3531,1.3596,1.3376,1.3384
1998-10-23,1.3384,1.3446,1.3324,1.3431
1998-10-26,1.3431,1.3636,1.3406,1.3626
1998-10-27,1.3626,1.3636,1.3441,1.3461
1998-10-28,1.3461,1.3524,1.3344,1.3481
1998-10-29,1.3481,1.3484,1.3346,1.3469
1998-10-30,1.3469,1.3575,1.3411,1.3486
1998-11-02,1.3486,1.3524,1.3429,1.3495
1998-11-03,1.3495,1.3626,1.3495,1.3576
1998-11-04,1.3576,1.3717,1.3568,1.3663
1998-11-05,1.3663,1.3679999999999999,1.3572,1.3651
1998-11-06,1.3651,1.3814,1.3631,1.3806
1998-11-09,1.3806,1.4018,1.3774,1.3968
1998-11-10,1.3968,1.4,1.3860999999999999,1.3866
1998-11-11,1.3866,1.3943,1.3816,1.3846
1998-11-12,1.3846,1.3996,1.3820999999999999,1.3891
1998-11-13,1.3891,1.396,1.3851,1.3866
1998-11-16,1.3866,1.3892,1.3694,1.3764
1998-11-17,1.3764,1.3782,1.3666,1.3753
1998-11-18,1.3753,1.3811,1.3672,1.3804
1998-11-19,1.3804,1.3889,1.3733,1.3866
1998-11-20,1.3866,1.3958,1.3856,1.3941
1998-11-23,1.3941,1.4129,1.3928,1.4056
1998-11-24,1.4056,1.4154,1.4046,1.4058
1998-11-25,1.4058,1.4111,1.3989,1.4092
1998-11-26,1.4092,1.4129,1.4061,1.4068
1998-11-27,1.4068,1.4151,1.4024,1.413
1998-11-30,1.413,1.4136,1.3901,1.3936
1998-12-01,1.3936,1.3946,1.3742,1.3829
1998-12-02,1.3829,1.3849,1.3638,1.3681
1998-12-03,1.3681,1.3736,1.3527,1.3594
1998-12-04,1.3594,1.3757,1.3569,1.3707
1998-12-07,1.3707,1.3780999999999999,1.3671,1.3773
1998-12-08,1.3773,1.3792,1.3598999999999999,1.3614
1998-12-09,1.3614,1.3647,1.3551,1.3593
1998-12-10,1.3593,1.3603,1.3341,1.3358
1998-12-11,1.3358,1.3416,1.3254,1.3261
1998-12-14,1.3261,1.3392,1.3215999999999999,1.3276999999999999
1998-12-15,1.3276999999999999,1.3457,1.3268,1.3444
1998-12-16,1.3444,1.3544,1.3347,1.3521
1998-12-17,1.3521,1.3521,1.3395,1.3494
1998-12-18,1.3494,1.3511,1.3404,1.345
1998-12-21,1.345,1.3628,1.3412,1.3578999999999999
1998-12-22,1.3578999999999999,1.3681,1.3561,1.3639999999999999
1998-12-23,1.3639999999999999,1.3658,1.3596,1.3629
1998-12-24,1.3629,1.3768,1.3618999999999999,1.3760999999999999
1998-12-25,1.3760999999999999,1.3766,1.3691,1.3748
1998-12-28,1.3748,1.3768,1.3676,1.369
1998-12-29,1.369,1.3711,1.36,1.3684
1998-12-30,1.3684,1.3866,1.3639,1.3829
1998-12-31,1.3829,1.3857,1.3721,1.3721
1999-01-01,1.3721,1.3820999999999999,1.3696,1.3696
1999-01-04,1.3696,1.3756,1.3571,1.3674
1999-01-05,1.3674,1.3727,1.3641,1.3726
1999-01-06,1.3726,1.4008,1.3705,1.3916
1999-01-07,1.3916,1.3934,1.3751,1.3778
1999-01-08,1.3778,1.4,1.3741,1.3921
1999-01-11,1.3921,1.4036,1.3895,1.4006
1999-01-12,1.4006,1.406,1.3857,1.3874
1999-01-13,1.3874,1.3886,1.34,1.3611
1999-01-14,1.3611,1.3727,1.355,1.359
1999-01-15,1.359,1.3845,1.3491,1.3809
1999-01-18,1.3809,1.3871,1.3758,1.3792
1999-01-19,1.3792,1.3856,1.3723,1.3786
1999-01-20,1.3786,1.3931,1.3766,1.3866
1999-01-21,1.3866,1.3921,1.3788,1.3832
1999-01-22,1.3832,1.3851,1.3757,1.3833
1999-01-25,1.3833,1.3889,1.3741,1.3871
1999-01-26,1.3871,1.3908,1.3806,1.3899
1999-01-27,1.3899,1.413,1.3881,1.4093
1999-01-28,1.4093,1.4186,1.4046,1.4133
1999-01-29,1.4133,1.4216,1.4091,1.4146
1999-02-01,1.4146,1.4256,1.4102999999999999,1.4209
1999-02-02,1.4209,1.4223999999999999,1.4072,1.4105
1999-02-03,1.4105,1.4187,1.4055,1.4179
1999-02-04,1.4179,1.4256,1.4102,1.4126
1999-02-05,1.4126,1.4239,1.4075,1.421
1999-02-08,1.421,1.4283,1.414,1.4163
1999-02-09,1.4163,1.4221,1.4102,1.4149
1999-02-10,1.4149,1.4205,1.4032,1.4102999999999999
1999-02-11,1.4102999999999999,1.4307,1.4078,1.4256
1999-02-12,1.4256,1.4274,1.4143,1.4153
1999-02-15,1.4153,1.4241,1.4136,1.4235
1999-02-16,1.4235,1.433,1.4216,1.4259
1999-02-17,1.4259,1.4271,1.4171,1.4205
1999-02-18,1.4205,1.4304,1.4156,1.4298
1999-02-19,1.4298,1.4496,1.4269,1.447
1999-02-22,1.447,1.4595,1.4467,1.4514
1999-02-23,1.4514,1.4581,1.4436,1.4484
1999-02-24,1.4484,1.4566,1.4425999999999999,1.4472
1999-02-25,1.4472,1.4489,1.4334,1.4413
1999-02-26,1.4413,1.4529,1.4391,1.4501
1999-03-01,1.4501,1.4551,1.4452,1.4551
1999-03-02,1.4551,1.4658,1.4496,1.4544
1999-03-03,1.4544,1.4632,1.4544,1.4621
1999-03-04,1.4621,1.4742,1.4589,1.4654
1999-03-05,1.4654,1.4752,1.4571,1.4571
1999-03-08,1.4571,1.475,1.4566,1.4624
1999-03-09,1.4624,1.4707999999999999,1.4552,1.4552
1999-03-10,1.4552,1.4693,1.4467,1.4467
1999-03-11,1.4467,1.4785,1.4467,1.4532
1999-03-12,1.4532,1.4682,1.4467,1.4606999999999999
1999-03-15,1.4606999999999999,1.469,1.4524,1.4524
1999-03-16,1.4524,1.4768,1.4456,1.4456
1999-03-17,1.4456,1.4617,1.4456,1.4511
1999-03-18,1.4511,1.4576,1.4441,1.4576
1999-03-19,1.4576,1.4686,1.4493,1.4621
1999-03-22,1.4621,1.4719,1.4564,1.4564
1999-03-23,1.4564,1.4682,1.4564,1.4606
1999-03-24,1.4606,1.4654,1.4516,1.4654
1999-03-25,1.4654,1.4711,1.4612,1.4711
1999-03-26,1.4711,1.487,1.4678,1.4806
1999-03-29,1.4806,1.4941,1.4777,1.4856
1999-03-30,1.4856,1.4916,1.4821,1.4886
1999-03-31,1.4886,1.4931,1.4747999999999999,1.4831
1999-04-01,1.4831,1.4858,1.4681,1.4781
1999-04-02,1.4781,1.5033,1.4757,1.4808999999999999
1999-04-05,1.4808999999999999,1.481,1.4705,1.4801
1999-04-06,1.4801,1.485,1.4698,1.4747999999999999
1999-04-07,1.4747999999999999,1.4846,1.4701,1.4846
1999-04-08,1.4846,1.4871,1.4775,1.4775
1999-04-09,1.4775,1.4832,1.4727999999999999,1.4727999999999999
1999-04-12,1.4727999999999999,1.4854,1.4711,1.4854
1999-04-13,1.4854,1.4901,1.4806,1.4821
1999-04-14,1.4821,1.4861,1.4802,1.4838
1999-04-15,1.4838,1.4971,1.4791,1.4953
1999-04-16,1.4953,1.5010999999999999,1.4931,1.4991
1999-04-19,1.4991,1.5116,1.4951,1.5003
1999-04-20,1.5003,1.51,1.4971,1.5076
1999-04-21,1.5076,1.5138,1.505,1.5128
1999-04-22,1.5128,1.5164,1.5022,1.5037
1999-04-23,1.5037,1.5125,1.4985,1.51
1999-04-26,1.51,1.515,1.5065,1.512
1999-04-27,1.512,1.5148,1.503,1.5065
1999-04-28,1.5065,1.5159,1.5030999999999999,1.5110999999999999
1999-04-29,1.5110999999999999,1.5214,1.5104,1.5181
1999-04-30,1.5181,1.5274,1.5148,1.5221
1999-05-03,1.5221,1.5316,1.5196,1.5252
1999-05-04,1.5252,1.5256,1.5105,1.5110999999999999
1999-05-05,1.5110999999999999,1.5122,1.4908,1.4937
1999-05-06,1.4937,1.4957,1.4841,1.4894
1999-05-07,1.4894,1.4971,1.4838,1.4968
1999-05-10,1.4968,1.5009,1.4847,1.4903
1999-05-11,1.4903,1.5030999999999999,1.4891,1.5027
1999-05-12,1.5027,1.5096,1.494,1.5063
1999-05-13,1.5063,1.5106,1.5013,1.5028
1999-05-14,1.5028,1.5086,1.4916,1.5026
1999-05-17,1.5026,1.5083,1.4991,1.5030999999999999
1999-05-18,1.5030999999999999,1.5038,1.4963,1.5001
1999-05-19,1.5001,1.5086,1.4988,1.5030999999999999
1999-05-20,1.5030999999999999,1.5102,1.4981,1.5101
1999-05-21,1.5101,1.5211999999999999,1.5089,1.5184
1999-05-24,1.5184,1.5206,1.5095,1.5103
1999-05-25,1.5103,1.5126,1.4975,1.4995
1999-05-26,1.4995,1.5276,1.4984,1.5261
1999-05-27,1.5261,1.5314,1.5185,1.5266
1999-05-28,1.5266,1.5301,1.5165,1.5238
1999-05-31,1.5238,1.5292,1.5202,1.5275
1999-06-01,1.5275,1.5288,1.5198,1.5245
1999-06-02,1.5245,1.5403,1.5221,1.5371
1999-06-03,1.5371,1.5427,1.5292999999999999,1.5411
1999-06-04,1.5411,1.5446,1.5304,1.5341
1999-06-07,1.5341,1.5455,1.5326,1.5426
1999-06-08,1.5426,1.5453999999999999,1.5214,1.5221
1999-06-09,1.5221,1.5278,1.5185,1.5231
1999-06-10,1.5231,1.5271,1.513,1.5226
1999-06-11,1.5226,1.5252999999999999,1.5128,1.5186
1999-06-14,1.5186,1.5322,1.5176,1.5299
1999-06-15,1.5299,1.5352999999999999,1.5274,1.5311
1999-06-16,1.5311,1.5504,1.5296,1.5473
1999-06-17,1.5473,1.5526,1.5418,1.5426
1999-06-18,1.5426,1.5499,1.5326,1.5381
1999-06-21,1.5381,1.549,1.5344,1.5426
1999-06-22,1.5426,1.5498,1.54,1.5456
1999-06-23,1.5456,1.555,1.5419,1.5455
1999-06-24,1.5455,1.5499,1.5346,1.5358
1999-06-25,1.5358,1.5372,1.5249,1.5372
1999-06-28,1.5372,1.5481,1.5303,1.5481
1999-06-29,1.5481,1.5521,1.5426,1.5509
1999-06-30,1.5509,1.5581,1.5473999999999999,1.5486
1999-07-01,1.5486,1.5726,1.5422,1.5686
1999-07-02,1.5686,1.5726,1.5651,1.5667
1999-07-05,1.5667,1.5727,1.5661,1.5695999999999999
1999-07-06,1.5695999999999999,1.5747,1.5632,1.5655999999999999
1999-07-07,1.5655999999999999,1.5756,1.5623,1.5756
1999-07-08,1.5756,1.5789,1.5695999999999999,1.571
1999-07-09,1.571,1.5799,1.5677,1.575
1999-07-12,1.575,1.5941,1.5746,1.5809
1999-07-13,1.5809,1.5871,1.571,1.5778
1999-07-14,1.5778,1.5845,1.5699,1.5748
1999-07-15,1.5748,1.5776,1.5659,1.5766
1999-07-16,1.5766,1.5778,1.5706,1.5778
1999-07-19,1.5778,1.5863,1.5528,1.5549
1999-07-20,1.5549,1.5602,1.5363,1.5421
1999-07-21,1.5421,1.5441,1.5229,1.5272999999999999
1999-07-22,1.5272999999999999,1.5354,1.5205,1.5299
1999-07-23,1.5299,1.5401,1.5227,1.5309
1999-07-26,1.5309,1.5309,1.4972,1.507
1999-07-27,1.507,1.5099,1.4989999999999999,1.5053
1999-07-28,1.5053,1.5102,1.4937,1.4994
1999-07-29,1.4994,1.5009,1.4863,1.4888
1999-07-30,1.4888,1.4964,1.4858,1.4931
1999-08-02,1.4931,1.5027,1.4913,1.4951
1999-08-03,1.4951,1.5043,1.4942,1.4976
1999-08-04,1.4976,1.4983,1.4822,1.4847
1999-08-05,1.4847,1.4888,1.4774,1.4887
1999-08-06,1.4887,1.4937,1.483,1.4909
1999-08-09,1.4909,1.4992,1.4907,1.4947
1999-08-10,1.4947,1.4968,1.487,1.4968
1999-08-11,1.4968,1.5047,1.4942,1.5038
1999-08-12,1.5038,1.5083,1.5002,1.5004
1999-08-13,1.5004,1.5174,1.4974,1.5156
1999-08-16,1.5156,1.5188,1.5109,1.5141
1999-08-17,1.5141,1.5265,1.5131,1.5244
1999-08-18,1.5244,1.5257,1.5158,1.5208
1999-08-19,1.5208,1.5287,1.5009,1.5027
1999-08-20,1.5027,1.5036,1.4944,1.4956
1999-08-23,1.4956,1.5281,1.4951,1.5269
1999-08-24,1.5269,1.5401,1.5169,1.519
1999-08-25,1.519,1.5393,1.5182,1.5374
1999-08-26,1.5374,1.541,1.5305,1.5318
1999-08-27,1.5318,1.5368,1.5275,1.5288
1999-08-30,1.5288,1.5347,1.526,1.526
1999-08-31,1.526,1.5278,1.5083,1.5156
1999-09-01,1.5156,1.5176,1.5136,1.515
1999-09-02,1.515,1.5174,1.4884,1.4946
1999-09-03,1.4946,1.512,1.4896,1.512
1999-09-06,1.512,1.5129,1.5049,1.5121
1999-09-07,1.5121,1.5199,1.5082,1.5107
1999-09-08,1.5107,1.514,1.5017,1.511
1999-09-09,1.511,1.5207,1.5053,1.5188
1999-09-10,1.5188,1.5525,1.5144,1.5521
1999-09-13,1.5521,1.5592,1.5402,1.5413999999999999
1999-09-14,1.5413999999999999,1.5552,1.537,1.5487
1999-09-15,1.5487,1.5582,1.5392,1.5421
1999-09-16,1.5421,1.5486,1.5296,1.5431
1999-09-17,1.5431,1.546,1.5389,1.5415
1999-09-20,1.5415,1.5524,1.5352,1.5503
1999-09-21,1.5503,1.5514999999999999,1.5263,1.5274
1999-09-22,1.5274,1.5418,1.5214,1.5381
1999-09-23,1.5381,1.5425,1.5242,1.5242
1999-09-24,1.5242,1.5374,1.5191,1.5354
1999-09-27,1.5354,1.5413,1.5276,1.5321
1999-09-28,1.5321,1.5344,1.5144,1.5233
1999-09-29,1.5233,1.5233,1.5013,1.5036
1999-09-30,1.5036,1.5075,1.4937,1.4976
1999-10-01,1.4976,1.498,1.4806,1.4861
1999-10-04,1.4861,1.4898,1.4774,1.4836
1999-10-05,1.4836,1.4931,1.4784,1.4818
1999-10-06,1.4818,1.4901,1.4738,1.4898
1999-10-07,1.4898,1.4941,1.4828999999999999,1.4868999999999999
1999-10-08,1.4868999999999999,1.5050999999999999,1.4859,1.5016
1999-10-11,1.5016,1.5036,1.5010999999999999,1.5010999999999999
1999-10-12,1.5010999999999999,1.5010999999999999,1.4773,1.4773
1999-10-13,1.4773,1.4819,1.4701,1.471
1999-10-14,1.471,1.4797,1.468,1.4757
1999-10-15,1.4757,1.4766,1.4542,1.4561
1999-10-18,1.4561,1.4712,1.455,1.4701
1999-10-19,1.4701,1.475,1.4654,1.469
1999-10-20,1.469,1.4856,1.4659,1.48
1999-10-21,1.48,1.4807,1.4694,1.4745
1999-10-22,1.4745,1.5013,1.4735,1.4942
1999-10-25,1.4942,1.5044,1.4928,1.4968
1999-10-26,1.4968,1.5153,1.4936,1.5106
1999-10-27,1.5106,1.5269,1.504,1.5221
1999-10-28,1.5221,1.5314,1.52,1.523
1999-10-29,1.523,1.5362,1.5184,1.5211
1999-11-01,1.5211,1.5299,1.5147,1.5249
1999-11-02,1.5249,1.5326,1.5184,1.5276
1999-11-03,1.5276,1.5372,1.525,1.5345
1999-11-04,1.5345,1.559,1.5296,1.5571
1999-11-05,1.5571,1.5582,1.5449,1.5449
1999-11-08,1.5449,1.5571,1.5415,1.5519
1999-11-09,1.5519,1.5532,1.5418,1.5473
1999-11-10,1.5473,1.548,1.5376,1.5406
1999-11-11,1.5406,1.5477,1.5383,1.5444
1999-11-12,1.5444,1.5623,1.5433,1.5559
1999-11-15,1.5559,1.5593,1.5526,1.5539
1999-11-16,1.5539,1.5584,1.5491,1.5553
1999-11-17,1.5553,1.5561,1.5346,1.5391
1999-11-18,1.5391,1.561,1.536,1.5561
1999-11-19,1.5561,1.5645,1.5508,1.557
1999-11-22,1.557,1.5573,1.5487,1.5537
1999-11-23,1.5537,1.56,1.5488,1.5571
1999-11-24,1.5571,1.5746,1.555,1.5711
1999-11-25,1.5711,1.5734,1.5667,1.5715
1999-11-26,1.5715,1.5877999999999999,1.5684,1.5785
1999-11-29,1.5785,1.5994,1.5706,1.5894
1999-11-30,1.5894,1.5963,1.5808,1.5881
1999-12-01,1.5881,1.594,1.5807,1.5883
1999-12-02,1.5883,1.5991,1.5843,1.596
1999-12-03,1.596,1.6001,1.5908,1.5915
1999-12-06,1.5915,1.5957999999999999,1.5578,1.562
1999-12-07,1.562,1.5682,1.5527,1.5611
1999-12-08,1.5611,1.5661,1.5557,1.5574999999999999
1999-12-09,1.5574999999999999,1.5747,1.5544,1.5671
1999-12-10,1.5671,1.5816,1.5625,1.5711
1999-12-13,1.5711,1.5848,1.5711,1.5796999999999999
1999-12-14,1.5796999999999999,1.5976,1.5788,1.5917999999999999
1999-12-15,1.5917999999999999,1.598,1.587,1.5893
1999-12-16,1.5893,1.5901,1.5687,1.5687
1999-12-17,1.5687,1.5927,1.5647,1.5896
1999-12-20,1.5896,1.5934,1.5755,1.577
1999-12-21,1.577,1.5892,1.5758,1.5892
1999-12-22,1.5892,1.5926,1.5829,1.5846
1999-12-23,1.5846,1.5904,1.5749,1.5792
1999-12-24,1.5792,1.5869,1.5792,1.5859
1999-12-27,1.5859,1.589,1.5809,1.589
1999-12-28,1.589,1.5986,1.5831,1.5962
1999-12-29,1.5962,1.5999,1.5882,1.5975
1999-12-30,1.5975,1.6022,1.5912,1.5912
1999-12-31,1.5912,1.5977999999999999,1.5894,1.5936
2000-01-03,1.5936,1.5977,1.5618,1.5672
2000-01-04,1.5672,1.5695,1.5523,1.5576
2000-01-05,1.5576,1.5594999999999999,1.543,1.5532
2000-01-06,1.5532,1.5612,1.5432,1.5536
2000-01-07,1.5536,1.5668,1.5522,1.5643
2000-01-10,1.5643,1.5751,1.562,1.5697
2000-01-11,1.5697,1.5708,1.5582,1.5587
2000-01-12,1.5587,1.5688,1.5531,1.5617
2000-01-13,1.5617,1.5739,1.5617,1.5713
2000-01-14,1.5713,1.5957999999999999,1.5697,1.594
2000-01-17,1.594,1.6031,1.5909,1.5959
2000-01-18,1.5959,1.601,1.5897,1.5897
2000-01-19,1.5897,1.5996,1.5882,1.5939
2000-01-20,1.5939,1.6024,1.5826,1.5847
2000-01-21,1.5847,1.608,1.5809,1.608
2000-01-24,1.608,1.6131,1.5995,1.6001
2000-01-25,1.6001,1.6133,1.5961,1.6115
2000-01-26,1.6115,1.6135,1.6038,1.6105
2000-01-27,1.6105,1.6342,1.6075,1.6325
2000-01-28,1.6325,1.6544,1.6305,1.6475
2000-01-31,1.6475,1.6629,1.6381,1.6566
2000-02-01,1.6566,1.6616,1.6457,1.6568
2000-02-02,1.6568,1.6609,1.6443,1.6498
2000-02-03,1.6498,1.6601,1.6171,1.6231
2000-02-04,1.6231,1.6485,1.6188,1.6346
2000-02-07,1.6346,1.6459,1.6342,1.6377
2000-02-08,1.6377,1.6421,1.6215,1.632
2000-02-09,1.632,1.634,1.6155,1.6188
2000-02-10,1.6188,1.6324,1.6159,1.6300999999999999
2000-02-11,1.6300999999999999,1.64,1.625,1.625
2000-02-14,1.625,1.6449,1.6195,1.6437
2000-02-15,1.6437,1.6441999999999999,1.6286,1.6360999999999999
2000-02-16,1.6360999999999999,1.6397,1.6249,1.6256
2000-02-17,1.6256,1.6304,1.6113,1.6236
2000-02-18,1.6236,1.6346,1.6205,1.6271
2000-02-21,1.6271,1.6282,1.6222,1.6225
2000-02-22,1.6225,1.6227,1.5955,1.6002
2000-02-23,1.6002,1.6094,1.5956,1.606
2000-02-24,1.606,1.6282,1.6045,1.6235
2000-02-25,1.6235,1.6538,1.6215,1.6514
2000-02-28,1.6514,1.664,1.6501,1.6552
2000-02-29,1.6552,1.6692,1.6436,1.6671
2000-03-01,1.6671,1.6701,1.6461999999999999,1.6524
2000-03-02,1.6524,1.6712,1.6434,1.6683999999999999
2000-03-03,1.6683999999999999,1.6794,1.6602999999999999,1.6794
2000-03-06,1.6794,1.6801,1.6625,1.6791
2000-03-07,1.6791,1.6869,1.6715,1.6762
2000-03-08,1.6762,1.6854,1.6687,1.6699
2000-03-09,1.6699,1.6723,1.6572,1.6617
2000-03-10,1.6617,1.6746,1.6592,1.6719
2000-03-13,1.6719,1.6742,1.6561,1.6699
2000-03-14,1.6699,1.6781,1.6633,1.6643999999999999
2000-03-15,1.6643999999999999,1.6713,1.66,1.6676
2000-03-16,1.6676,1.6709,1.6542,1.6613
2000-03-17,1.6613,1.67,1.6568,1.6572
2000-03-20,1.6572,1.6651,1.6547,1.6565
2000-03-21,1.6565,1.6775,1.6548,1.6773
2000-03-22,1.6773,1.6827,1.6715,1.6759
2000-03-23,1.6759,1.6759,1.645,1.6466
2000-03-24,1.6466,1.6499,1.6228,1.6247
2000-03-27,1.6247,1.6491,1.6219,1.6426
2000-03-28,1.6426,1.6577,1.6391,1.6577
2000-03-29,1.6577,1.6806,1.657,1.6722
2000-03-30,1.6722,1.6743999999999999,1.6547,1.6547
2000-03-31,1.6547,1.6715,1.6545,1.6633
2000-04-03,1.6633,1.6718,1.6488,1.6567
2000-04-04,1.6567,1.6619,1.6137,1.6389
2000-04-05,1.6389,1.6435,1.6221,1.6397
2000-04-06,1.6397,1.6413,1.6322,1.6395
2000-04-07,1.6395,1.6502,1.6331,1.6443
2000-04-10,1.6443,1.6481,1.6338,1.6340999999999999
2000-04-11,1.6340999999999999,1.645,1.6300999999999999,1.6423
2000-04-12,1.6423,1.6562999999999999,1.6395,1.6421999999999999
2000-04-13,1.6421999999999999,1.6538,1.6406,1.6506
2000-04-14,1.6506,1.6538,1.6269,1.6269
2000-04-17,1.6269,1.6501,1.6205,1.6486
2000-04-18,1.6486,1.6689,1.6485,1.6679
2000-04-19,1.6679,1.6772,1.6595,1.6697
2000-04-20,1.6697,1.6841,1.6671,1.6761
2000-04-21,1.6761,1.6787,1.6723999999999999,1.6747
2000-04-24,1.6747,1.6778,1.6627,1.6747
2000-04-25,1.6747,1.7136,1.6715,1.7071
2000-04-26,1.7071,1.7139,1.7011,1.7025
2000-04-27,1.7025,1.7326,1.7004,1.7274
2000-04-28,1.7274,1.7388,1.7158,1.717
2000-05-01,1.717,1.7239,1.7051,1.7091
2000-05-02,1.7091,1.7281,1.706,1.7125
2000-05-03,1.7125,1.7376,1.7117,1.7238
2000-05-04,1.7238,1.7422,1.7234,1.7383
2000-05-05,1.7383,1.74,1.7161,1.7321
2000-05-08,1.7321,1.7368,1.7179,1.7278
2000-05-09,1.7278,1.7295,1.7135,1.7135
2000-05-10,1.7135,1.7238,1.7086,1.7238
2000-05-11,1.7238,1.7313,1.7088,1.7268
2000-05-12,1.7268,1.7294,1.6878,1.6944
2000-05-15,1.6944,1.7151,1.6921,1.7151
2000-05-16,1.7151,1.7244,1.7075,1.7216
2000-05-17,1.7216,1.7425,1.7177,1.7351
2000-05-18,1.7351,1.7423,1.7315,1.7378
2000-05-19,1.7378,1.753,1.7255,1.7292
2000-05-22,1.7292,1.7322,1.7141,1.7231
2000-05-23,1.7231,1.7323,1.7083,1.7219
2000-05-24,1.7219,1.7274,1.7116,1.7265
2000-05-25,1.7265,1.7337,1.7119,1.712
2000-05-26,1.712,1.7143,1.6764999999999999,1.6796
2000-05-29,1.6796,1.6974,1.6779,1.6925999999999999
2000-05-30,1.6925999999999999,1.6949,1.672,1.6898
2000-05-31,1.6898,1.6954,1.6798,1.6815
2000-06-01,1.6815,1.6933,1.6791,1.686
2000-06-02,1.686,1.6895,1.6594,1.6646
2000-06-05,1.6646,1.6708,1.6598,1.6627
2000-06-06,1.6627,1.666,1.6393,1.6461999999999999
2000-06-07,1.6461999999999999,1.6475,1.6299,1.6315
2000-06-08,1.6315,1.6468,1.6186,1.6413
2000-06-09,1.6413,1.6537,1.6369,1.6416
2000-06-12,1.6416,1.6494,1.6325,1.6375
2000-06-13,1.6375,1.6399,1.6243,1.6313
2000-06-14,1.6313,1.6349,1.6199,1.6340999999999999
2000-06-15,1.6340999999999999,1.6455,1.6283,1.6363
2000-06-16,1.6363,1.6438,1.6155,1.6189
2000-06-19,1.6189,1.6313,1.6109,1.6307
2000-06-20,1.6307,1.6347,1.6215,1.6293
2000-06-21,1.6293,1.6421999999999999,1.629,1.6393
2000-06-22,1.6393,1.6565,1.6355,1.6542999999999999
2000-06-23,1.6542999999999999,1.6601,1.646,1.6571
2000-06-26,1.6571,1.6646,1.6481,1.6509
2000-06-27,1.6509,1.6518,1.6335,1.6349
2000-06-28,1.6349,1.6487,1.6333,1.6461
2000-06-29,1.6461,1.6517,1.6317,1.6373
2000-06-30,1.6373,1.6384,1.6242,1.6366
2000-07-03,1.6366,1.6396,1.6317,1.6367
2000-07-04,1.6367,1.6412,1.6314,1.6328
2000-07-05,1.6328,1.6342,1.6198,1.6238
2000-07-06,1.6238,1.6289,1.6152,1.6263
2000-07-07,1.6263,1.6320999999999999,1.623,1.6273
2000-07-10,1.6273,1.6288,1.6205,1.6238
2000-07-11,1.6238,1.6339,1.6207,1.6284
2000-07-12,1.6284,1.6547,1.6272,1.6533
2000-07-13,1.6533,1.6633,1.6498,1.6545
2000-07-14,1.6545,1.66,1.6508,1.6538
2000-07-17,1.6538,1.6596,1.6475,1.6531
2000-07-18,1.6531,1.6784999999999999,1.6531,1.6759
2000-07-19,1.6759,1.6863,1.6727,1.6755
2000-07-20,1.6755,1.6836,1.6606,1.6621
2000-07-21,1.6621,1.6669,1.6562,1.6606
2000-07-24,1.6606,1.67,1.6581,1.6645
2000-07-25,1.6645,1.6676,1.6485,1.6539
2000-07-26,1.6539,1.6546,1.6436,1.6471
2000-07-27,1.6471,1.6665,1.6458,1.664
2000-07-28,1.664,1.6777,1.66,1.6755
2000-07-31,1.6755,1.6791,1.6655,1.6698
2000-08-01,1.6698,1.6909,1.6647,1.6885999999999999
2000-08-02,1.6885999999999999,1.6942,1.6804999999999999,1.6874
2000-08-03,1.6874,1.7131,1.6829,1.7041
2000-08-04,1.7041,1.7172,1.7024,1.7068
2000-08-07,1.7068,1.7094,1.6994,1.7061
2000-08-08,1.7061,1.7195,1.7033,1.71
2000-08-09,1.71,1.7243,1.7096,1.714
2000-08-10,1.714,1.7155,1.7011,1.7055
2000-08-11,1.7055,1.7226,1.6976,1.7214
2000-08-14,1.7214,1.7265,1.7163,1.7194
2000-08-15,1.7194,1.7201,1.7075,1.7104
2000-08-16,1.7104,1.7199,1.7042,1.7058
2000-08-17,1.7058,1.7146,1.7051,1.7069
2000-08-18,1.7069,1.7236,1.7036,1.7205
2000-08-21,1.7205,1.7324,1.7191,1.73
2000-08-22,1.73,1.744,1.7279,1.7387
2000-08-23,1.7387,1.7488,1.7176,1.7176
2000-08-24,1.7176,1.7242,1.7093,1.7132
2000-08-25,1.7132,1.7249,1.7046999999999999,1.7098
2000-08-28,1.7098,1.7158,1.707,1.7147999999999999
2000-08-29,1.7147999999999999,1.7357,1.7133,1.7332
2000-08-30,1.7332,1.7464,1.7275,1.7275
2000-08-31,1.7275,1.7486,1.7267,1.7405
2000-09-01,1.7405,1.746,1.7187999999999999,1.7243
2000-09-04,1.7243,1.7331,1.7193,1.7298
2000-09-05,1.7298,1.7519,1.7261,1.7449
2000-09-06,1.7449,1.7802,1.7427,1.7781
2000-09-07,1.7781,1.7911,1.7681,1.7759
2000-09-08,1.7759,1.7911,1.7707,1.7896
2000-09-11,1.7896,1.7917,1.7689,1.7738
2000-09-12,1.7738,1.774,1.7573,1.7651999999999999
2000-09-13,1.7651999999999999,1.7734,1.7574,1.7708
2000-09-14,1.7708,1.7797,1.7493,1.7736
2000-09-15,1.7736,1.7881,1.7631999999999999,1.7879
2000-09-18,1.7879,1.7903,1.7771,1.7842
2000-09-19,1.7842,1.791,1.7731999999999999,1.7778
2000-09-20,1.7778,1.7888,1.775,1.7769
2000-09-21,1.7769,1.7827,1.7610999999999999,1.7610999999999999
2000-09-22,1.7610999999999999,1.769,1.7122,1.7311
2000-09-25,1.7311,1.7426,1.7227999999999999,1.7353
2000-09-26,1.7353,1.7384,1.7232,1.7245
2000-09-27,1.7245,1.7341,1.7186,1.7244
2000-09-28,1.7244,1.7363,1.7213,1.7345
2000-09-29,1.7345,1.7419,1.7233,1.7244
2000-10-02,1.7244,1.7377,1.7216,1.7372
2000-10-03,1.7372,1.7385,1.7307,1.7318
2000-10-04,1.7318,1.7418,1.726,1.7346
2000-10-05,1.7346,1.753,1.733,1.7519
2000-10-06,1.7519,1.7559,1.7446,1.7503
2000-10-09,1.7503,1.7550999999999999,1.7453,1.7516
2000-10-10,1.7516,1.756,1.7397,1.7447
2000-10-11,1.7447,1.7491,1.7283,1.7491
2000-10-12,1.7491,1.7544,1.7378,1.7442
2000-10-13,1.7442,1.7718,1.7405,1.7681
2000-10-16,1.7681,1.7838,1.7649,1.775
2000-10-17,1.775,1.7839,1.764,1.7682
2000-10-18,1.7682,1.7985,1.7530999999999999,1.787
2000-10-19,1.787,1.7909,1.7823,1.7848
2000-10-20,1.7848,1.7971,1.7775,1.783
2000-10-23,1.783,1.8006,1.7829,1.7983
2000-10-24,1.7983,1.8003,1.7899,1.798
2000-10-25,1.798,1.8227,1.7959,1.8215999999999999
2000-10-26,1.8215999999999999,1.8299,1.8114999999999999,1.8226
2000-10-27,1.8226,1.8228,1.8034,1.8056
2000-10-30,1.8056,1.8107,1.7916,1.8088
2000-10-31,1.8088,1.8118,1.794,1.8001
2000-11-01,1.8001,1.802,1.7717,1.7736
2000-11-02,1.7736,1.7805,1.7664,1.7777
2000-11-03,1.7777,1.7803,1.7454,1.755
2000-11-06,1.755,1.7775,1.7482,1.7641
2000-11-07,1.7641,1.7738,1.7607,1.7678
2000-11-08,1.7678,1.7852999999999999,1.753,1.7756
2000-11-09,1.7756,1.7848,1.7527,1.7542
2000-11-10,1.7542,1.7742,1.75,1.7688
2000-11-13,1.7688,1.7763,1.7578,1.7741
2000-11-14,1.7741,1.7776,1.7641,1.7749
2000-11-15,1.7749,1.7823,1.7653,1.7805
2000-11-16,1.7805,1.7909,1.7757,1.7872
2000-11-17,1.7872,1.8014,1.7798,1.7986
2000-11-20,1.7986,1.8052,1.7911,1.7942
2000-11-21,1.7942,1.8073,1.7882,1.804
2000-11-22,1.804,1.8064,1.7932,1.8006
2000-11-23,1.8006,1.8172,1.7976,1.8131
2000-11-24,1.8131,1.8179,1.8001,1.8078
2000-11-27,1.8078,1.8078,1.7726,1.7762
2000-11-28,1.7762,1.7809,1.7595,1.7644
2000-11-29,1.7644,1.7649,1.7466,1.7604
2000-11-30,1.7604,1.7624,1.7266,1.7292
2000-12-01,1.7292,1.7371,1.7219,1.7231
2000-12-04,1.7231,1.7297,1.6968,1.7046
2000-12-05,1.7046,1.7185,1.6963,1.7154
2000-12-06,1.7154,1.7186,1.698,1.6992
2000-12-07,1.6992,1.706,1.6908,1.7006
2000-12-08,1.7006,1.7152,1.6977,1.7009
2000-12-11,1.7009,1.7183,1.7009,1.7096
2000-12-12,1.7096,1.7172,1.7012,1.7131
2000-12-13,1.7131,1.7257,1.7093,1.7144
2000-12-14,1.7144,1.7175,1.6859,1.6878
2000-12-15,1.6878,1.6909,1.6751,1.6824999999999999
2000-12-18,1.6824999999999999,1.6859,1.6695,1.6784
2000-12-19,1.6784,1.6977,1.6779,1.6816
2000-12-20,1.6816,1.6887,1.6683999999999999,1.6705
2000-12-21,1.6705,1.6778,1.659,1.6606
2000-12-22,1.6606,1.6647,1.6436,1.6446
2000-12-25,1.6446,1.6473,1.6413,1.646
2000-12-26,1.646,1.6469,1.6260999999999999,1.6302
2000-12-27,1.6302,1.6452,1.6266,1.6351
2000-12-28,1.6351,1.6484,1.6336,1.6340999999999999
2000-12-29,1.6340999999999999,1.6412,1.6095,1.6112
2001-01-01,1.6112,1.6112,1.6106,1.6112
2001-01-02,1.6112,1.6216,1.5979,1.5996
2001-01-03,1.5996,1.6324,1.5902,1.6312
2001-01-04,1.6312,1.6335,1.5982,1.6058
2001-01-05,1.6058,1.6115,1.5937,1.5985
2001-01-08,1.5985,1.6126,1.5962,1.6092
2001-01-09,1.6092,1.6219,1.6082,1.6141
2001-01-10,1.6141,1.6300999999999999,1.6112,1.6296
2001-01-11,1.6296,1.6296,1.6064,1.6131
2001-01-12,1.6131,1.6245,1.6072,1.6173
2001-01-15,1.6173,1.6385,1.6166,1.6353
2001-01-16,1.6353,1.6433,1.6315,1.6326
2001-01-17,1.6326,1.6535,1.631,1.643
2001-01-18,1.643,1.6441999999999999,1.6142,1.6208
2001-01-19,1.6208,1.6397,1.6096,1.6381999999999999
2001-01-22,1.6381999999999999,1.6535,1.628,1.6316
2001-01-23,1.6316,1.6376,1.6234,1.6365
2001-01-24,1.6365,1.6602999999999999,1.6357,1.6562
2001-01-25,1.6562,1.6715,1.6497,1.6525
2001-01-26,1.6525,1.6599,1.6393,1.6522999999999999
2001-01-29,1.6522999999999999,1.6589,1.648,1.657
2001-01-30,1.657,1.6612,1.6432,1.6468
2001-01-31,1.6468,1.6501,1.6343,1.6355
2001-02-01,1.6355,1.6356,1.6243,1.6322
2001-02-02,1.6322,1.6491,1.6285,1.6468
2001-02-05,1.6468,1.6468,1.6306,1.6381999999999999
2001-02-06,1.6381999999999999,1.6584,1.6378,1.6546
2001-02-07,1.6546,1.661,1.6437,1.6557
2001-02-08,1.6557,1.6742,1.6522,1.6708
2001-02-09,1.6708,1.6775,1.6556,1.6588
2001-02-12,1.6588,1.6619,1.6496,1.6512
2001-02-13,1.6512,1.6736,1.6512,1.6686
2001-02-14,1.6686,1.6742,1.666,1.6712
2001-02-15,1.6712,1.697,1.6677,1.6931
2001-02-16,1.6931,1.6932,1.6727,1.681
2001-02-19,1.681,1.6889,1.6639,1.6683999999999999
2001-02-20,1.6683999999999999,1.6951,1.664,1.6852
2001-02-21,1.6852,1.6928,1.6714,1.6854
2001-02-22,1.6854,1.6981,1.6792,1.6945999999999999
2001-02-23,1.6945999999999999,1.6974,1.6681,1.6753
2001-02-26,1.6753,1.6898,1.6713,1.6878
2001-02-27,1.6878,1.6907,1.6713,1.6764999999999999
2001-02-28,1.6764999999999999,1.6801,1.666,1.6693
2001-03-01,1.6693,1.6717,1.6486,1.6506
2001-03-02,1.6506,1.6553,1.64,1.6421999999999999
2001-03-05,1.6421999999999999,1.6554,1.6413,1.6529
2001-03-06,1.6529,1.6598,1.6479,1.649
2001-03-07,1.649,1.6608,1.6444,1.6566
2001-03-08,1.6566,1.6596,1.6504,1.6508
2001-03-09,1.6508,1.6588,1.6467,1.655
2001-03-12,1.655,1.6642,1.6502,1.6571
2001-03-13,1.6571,1.6868,1.6556,1.6824
2001-03-14,1.6824,1.6938,1.6694,1.6884
2001-03-15,1.6884,1.7167999999999999,1.6866,1.7144
2001-03-16,1.7144,1.7212,1.7078,1.7105
2001-03-19,1.7105,1.7147,1.7026999999999999,1.7048
2001-03-20,1.7048,1.7066999999999999,1.6877,1.6881
2001-03-21,1.6881,1.7147,1.6842,1.7102
2001-03-22,1.7102,1.7334,1.7094,1.7227999999999999
2001-03-23,1.7227999999999999,1.7302,1.7095,1.7198
2001-03-26,1.7198,1.723,1.7116,1.7132
2001-03-27,1.7132,1.7225,1.7073,1.7176
2001-03-28,1.7176,1.729,1.7146,1.7263
2001-03-29,1.7263,1.7334,1.7217,1.7288999999999999
2001-03-30,1.7288999999999999,1.746,1.7213,1.746
2001-04-02,1.746,1.7475,1.7276,1.7354
2001-04-03,1.7354,1.7362,1.7008,1.7022
2001-04-04,1.7022,1.7084,1.6889,1.6965999999999999
2001-04-05,1.6965999999999999,1.7068,1.6843,1.7035
2001-04-06,1.7035,1.7113,1.6902,1.691
2001-04-09,1.691,1.7058,1.6904,1.7044
2001-04-10,1.7044,1.7206,1.6995,1.7173
2001-04-11,1.7173,1.7259,1.7084,1.7114
2001-04-12,1.7114,1.7183,1.7015,1.7069
2001-04-13,1.7069,1.7142,1.7024,1.7135
2001-04-16,1.7135,1.7223,1.7098,1.7136
2001-04-17,1.7136,1.7366,1.7091,1.7286
2001-04-18,1.7286,1.7576,1.7254,1.7314
2001-04-19,1.7314,1.7376,1.7015,1.7045
2001-04-20,1.7045,1.7086,1.6903,1.6961
2001-04-23,1.6961,1.7099,1.685,1.7048
2001-04-24,1.7048,1.7154,1.6953,1.7132
2001-04-25,1.7132,1.7186,1.7024,1.7066999999999999
2001-04-26,1.7066999999999999,1.7134,1.7001,1.7031
2001-04-27,1.7031,1.7308999999999999,1.6998,1.7258
2001-04-30,1.7258,1.7378,1.7231,1.7319
2001-05-01,1.7319,1.7378,1.7247,1.7251
2001-05-02,1.7251,1.7358,1.7239,1.7268999999999999
2001-05-03,1.7268999999999999,1.7366,1.7199,1.7325
2001-05-04,1.7325,1.7341,1.7157,1.7287
2001-05-07,1.7287,1.7342,1.7278,1.7316
2001-05-08,1.7316,1.7466,1.7299,1.7424
2001-05-09,1.7424,1.7457,1.7395,1.7395
2001-05-10,1.7395,1.7489999999999999,1.7288,1.7421
2001-05-11,1.7421,1.7543,1.7415,1.7498
2001-05-14,1.7498,1.7581,1.7498,1.7526
2001-05-15,1.7526,1.7527,1.7416,1.7443
2001-05-16,1.7443,1.7510999999999999,1.7275,1.7353
2001-05-17,1.7353,1.7435,1.7256,1.7386
2001-05-18,1.7386,1.7517,1.7366,1.7442
2001-05-21,1.7442,1.7527,1.7395,1.7481
2001-05-22,1.7481,1.7714,1.7471,1.7676
2001-05-23,1.7676,1.7832,1.7651,1.7795
2001-05-24,1.7795,1.7897,1.7719,1.7782
2001-05-25,1.7782,1.7863,1.7706,1.7746
2001-05-28,1.7746,1.7807,1.7734,1.776
2001-05-29,1.776,1.7876,1.7735,1.7807
2001-05-30,1.7807,1.7858,1.7754,1.7787
2001-05-31,1.7787,1.8004,1.7782,1.7976
2001-06-01,1.7976,1.8021,1.7901,1.7965
2001-06-04,1.7965,1.7986,1.7825,1.7956
2001-06-05,1.7956,1.797,1.7754,1.7764
2001-06-06,1.7764,1.7993,1.7706,1.7943
2001-06-07,1.7943,1.8033,1.7892,1.7906
2001-06-08,1.7906,1.7993999999999999,1.7882,1.7927
2001-06-11,1.7927,1.8058,1.7858,1.8058
2001-06-12,1.8058,1.8066,1.787,1.7882
2001-06-13,1.7882,1.7941,1.7809,1.787
2001-06-14,1.787,1.797,1.7675,1.7703
2001-06-15,1.7703,1.7794,1.759,1.7752999999999999
2001-06-18,1.7752999999999999,1.7839,1.7722,1.7781
2001-06-19,1.7781,1.7921,1.7779,1.7898
2001-06-20,1.7898,1.7939,1.7825,1.7845
2001-06-21,1.7845,1.787,1.7746,1.7785
2001-06-22,1.7785,1.7841,1.7719,1.7725
2001-06-25,1.7725,1.7745,1.7621,1.7691999999999999
2001-06-26,1.7691999999999999,1.7711,1.7588,1.7639
2001-06-27,1.7639,1.77,1.7597,1.7669
2001-06-28,1.7669,1.8028,1.7644,1.8003
2001-06-29,1.8003,1.8023,1.7918,1.792
2001-07-02,1.792,1.8024,1.7908,1.7953999999999999
2001-07-03,1.7953999999999999,1.7995,1.7925,1.7953999999999999
2001-07-04,1.7953999999999999,1.803,1.7948,1.7976
2001-07-05,1.7976,1.8206,1.7962,1.8181
2001-07-06,1.8181,1.8224,1.7918,1.7944
2001-07-09,1.7944,1.8,1.7886,1.7948
2001-07-10,1.7948,1.7953999999999999,1.7774,1.7788
2001-07-11,1.7788,1.7822,1.7561,1.7667
2001-07-12,1.7667,1.7794,1.7662,1.7709
2001-07-13,1.7709,1.7776,1.7651,1.7701
2001-07-16,1.7701,1.7731999999999999,1.7612,1.7731999999999999
2001-07-17,1.7731999999999999,1.7804,1.7513,1.7534
2001-07-18,1.7534,1.757,1.7201,1.7222
2001-07-19,1.7222,1.7332,1.7157,1.7277
2001-07-20,1.7277,1.7295,1.7165,1.7272
2001-07-23,1.7272,1.7392,1.7261,1.7331
2001-07-24,1.7331,1.7342,1.7178,1.7231
2001-07-25,1.7231,1.7279,1.7102,1.7139
2001-07-26,1.7139,1.7263,1.7108,1.7203
2001-07-27,1.7203,1.7305,1.7123,1.723
2001-07-30,1.723,1.7316,1.7184,1.7273
2001-07-31,1.7273,1.7328999999999999,1.7209,1.7262
2001-08-01,1.7262,1.7268,1.7102,1.7138
2001-08-02,1.7138,1.7177,1.7063,1.7092
2001-08-03,1.7092,1.7161,1.7006,1.7079
2001-08-06,1.7079,1.7154,1.7061,1.7104
2001-08-07,1.7104,1.7214,1.71,1.7176
2001-08-08,1.7176,1.7225,1.7086,1.7086999999999999
2001-08-09,1.7086999999999999,1.7094,1.6839,1.6889
2001-08-10,1.6889,1.6949,1.6854,1.6924
2001-08-13,1.6924,1.6957,1.6823,1.6927
2001-08-14,1.6927,1.6953,1.678,1.6784
2001-08-15,1.6784,1.68,1.6601,1.6621
2001-08-16,1.6621,1.6693,1.6534,1.6667
2001-08-17,1.6667,1.6678,1.6551,1.6575
2001-08-20,1.6575,1.6646,1.651,1.6609
2001-08-21,1.6609,1.6697,1.6533,1.6538
2001-08-22,1.6538,1.6651,1.6453,1.6634
2001-08-23,1.6634,1.6703999999999999,1.6571,1.6613
2001-08-24,1.6613,1.6742,1.6568,1.6652
2001-08-27,1.6652,1.6725,1.665,1.6673
2001-08-28,1.6673,1.6798,1.6615,1.663
2001-08-29,1.663,1.6709,1.6588,1.6695
2001-08-30,1.6695,1.6737,1.6494,1.654
2001-08-31,1.654,1.672,1.6479,1.6659
2001-09-03,1.6659,1.6738,1.6648,1.6698
2001-09-04,1.6698,1.71,1.6696,1.7022
2001-09-05,1.7022,1.7082,1.6951,1.7062
2001-09-06,1.7062,1.7122,1.6848,1.6882
2001-09-07,1.6882,1.693,1.6723999999999999,1.6731
2001-09-10,1.6731,1.6902,1.6711,1.6887
2001-09-11,1.6887,1.6915,1.6401,1.6425
2001-09-12,1.6425,1.6694,1.639,1.66
2001-09-13,1.66,1.6629,1.6461,1.6487
2001-09-14,1.6487,1.6524,1.6204,1.621
2001-09-17,1.621,1.6234,1.5959,1.6047
2001-09-18,1.6047,1.6177,1.5954,1.5979
2001-09-19,1.5979,1.6066,1.5833,1.5947
2001-09-20,1.5947,1.5977,1.5848,1.5856999999999999
2001-09-21,1.5856999999999999,1.5949,1.5671,1.5815
2001-09-24,1.5815,1.6036,1.5785,1.5974
2001-09-25,1.5974,1.6007,1.5835,1.5876
2001-09-26,1.5876,1.6085,1.5841,1.5995
2001-09-27,1.5995,1.6179999999999999,1.5987,1.6129
2001-09-28,1.6129,1.6242,1.611,1.6242
2001-10-01,1.6242,1.6337,1.6157,1.6167
2001-10-02,1.6167,1.6228,1.6101,1.6194
2001-10-03,1.6194,1.6258,1.6066,1.6227
2001-10-04,1.6227,1.6303,1.6166,1.6215
2001-10-05,1.6215,1.625,1.6115,1.6115
2001-10-08,1.6115,1.6137,1.6001,1.6091
2001-10-09,1.6091,1.6272,1.6026,1.6254
2001-10-10,1.6254,1.6304,1.6183,1.6274
2001-10-11,1.6274,1.6522999999999999,1.625,1.6446
2001-10-12,1.6446,1.6472,1.6246,1.6246
2001-10-15,1.6246,1.6308,1.6204,1.6262
2001-10-16,1.6262,1.6389,1.625,1.6351
2001-10-17,1.6351,1.6463,1.6311,1.6383
2001-10-18,1.6383,1.6444,1.6324,1.6376
2001-10-19,1.6376,1.6448,1.6364,1.644
2001-10-22,1.644,1.6638,1.6411,1.6587
2001-10-23,1.6587,1.6683999999999999,1.6575,1.6609
2001-10-24,1.6609,1.6629,1.6549,1.6558
2001-10-25,1.6558,1.6649,1.6452,1.6534
2001-10-26,1.6534,1.6566,1.6487,1.6527
2001-10-29,1.6527,1.6535,1.6256,1.6277
2001-10-30,1.6277,1.63,1.6154,1.6245
2001-10-31,1.6245,1.6366,1.6211,1.6338
2001-11-01,1.6338,1.6359,1.6132,1.631
2001-11-02,1.631,1.634,1.6256,1.6327
2001-11-05,1.6327,1.6444,1.6299,1.6401
2001-11-06,1.6401,1.6469,1.6374,1.6459
2001-11-07,1.6459,1.6473,1.6264,1.6357
2001-11-08,1.6357,1.6459,1.6311,1.641
2001-11-09,1.641,1.6506,1.6372,1.6392
2001-11-12,1.6392,1.6421,1.6224,1.6385
2001-11-13,1.6385,1.6727,1.6365,1.6705
2001-11-14,1.6705,1.6767,1.6596,1.6645
2001-11-15,1.6645,1.6697,1.6593,1.6615
2001-11-16,1.6615,1.6636,1.6544,1.6573
2001-11-19,1.6573,1.6679,1.6564,1.6596
2001-11-20,1.6596,1.6616,1.6469,1.6491
2001-11-21,1.6491,1.6622999999999999,1.6473,1.6554
2001-11-22,1.6554,1.6648,1.6539,1.6611
2001-11-23,1.6611,1.6716,1.6579,1.6667
2001-11-26,1.6667,1.6683,1.6586,1.6638
2001-11-27,1.6638,1.6696,1.6557,1.6574
2001-11-28,1.6574,1.6574,1.6558,1.6558
2001-11-29,1.6558,1.6642,1.6366,1.6415
2001-11-30,1.6415,1.6416,1.6408,1.6408
2001-12-03,1.6418,1.657,1.6406,1.6549
2001-12-04,1.6549,1.6588,1.6502999999999999,1.6531
2001-12-05,1.6531,1.6679,1.648,1.659
2001-12-06,1.659,1.6626,1.6461,1.6475
2001-12-07,1.6475,1.6637,1.6466,1.6589
2001-12-10,1.6599,1.6737,1.6577,1.6628
2001-12-11,1.6628,1.6649,1.6526,1.6537
2001-12-12,1.6537,1.6541,1.6401,1.6423
2001-12-13,1.6423,1.6544,1.6376,1.6519
2001-12-14,1.6519,1.6531,1.6269,1.629
2001-12-17,1.63,1.6348,1.625,1.6332
2001-12-18,1.6332,1.6393,1.6305,1.6327
2001-12-19,1.6327,1.6458,1.6318,1.6381
2001-12-20,1.6381,1.6435,1.6285,1.6307
2001-12-21,1.6307,1.6551,1.628,1.653
2001-12-24,1.653,1.6931,1.6488,1.6893
2001-12-26,1.6893,1.6927,1.6819,1.6882
2001-12-27,1.6882,1.693,1.6731,1.6774
2001-12-28,1.6774,1.6844,1.674,1.6749
2001-12-31,1.6749,1.6773,1.6554,1.6591
2002-01-02,1.6591,1.6652,1.6357,1.6436
2002-01-03,1.6436,1.652,1.6403,1.6506
2002-01-04,1.6506,1.6529,1.6427,1.652
2002-01-07,1.652,1.6581,1.6425,1.6481999999999999
2002-01-08,1.6481999999999999,1.6578,1.6476,1.6542
2002-01-09,1.6542,1.6641,1.6502999999999999,1.6596
2002-01-10,1.6596,1.6663,1.6522999999999999,1.6615
2002-01-11,1.6615,1.6635,1.6531,1.6531
2002-01-14,1.6531,1.6591,1.6516,1.655
2002-01-15,1.655,1.6732,1.655,1.6723999999999999
2002-01-16,1.6723999999999999,1.6725,1.6542999999999999,1.6593
2002-01-17,1.6593,1.6691,1.6573,1.6654
2002-01-18,1.6654,1.6716,1.6588,1.6602999999999999
2002-01-21,1.6602999999999999,1.6631,1.6591,1.6612
2002-01-22,1.6612,1.6663,1.6602999999999999,1.6609
2002-01-23,1.6609,1.6743,1.6587,1.6711
2002-01-24,1.6711,1.6776,1.6683,1.6733
2002-01-25,1.6733,1.708,1.6726,1.703
2002-01-28,1.703,1.718,1.7015,1.7058
2002-01-29,1.7058,1.7124,1.6982,1.6985999999999999
2002-01-30,1.6985999999999999,1.7106999999999999,1.6958,1.7106999999999999
2002-01-31,1.7106999999999999,1.7221,1.7058,1.72
2002-02-01,1.72,1.7227999999999999,1.7091,1.7155
2002-02-04,1.7155,1.7172,1.695,1.697
2002-02-05,1.697,1.7035,1.688,1.6985
2002-02-06,1.6985,1.7034,1.688,1.6956
2002-02-07,1.6956,1.7023,1.6874,1.6917
2002-02-08,1.6917,1.6925,1.6814,1.6902
2002-02-11,1.6902,1.694,1.6783,1.6844999999999999
2002-02-12,1.6844999999999999,1.6885,1.6775,1.6853
2002-02-13,1.6853,1.7011,1.6848,1.6996
2002-02-14,1.6996,1.7085,1.6942,1.6978
2002-02-15,1.6978,1.7033,1.6963,1.6965999999999999
2002-02-18,1.6973,1.7008,1.6962,1.6997
2002-02-19,1.6997,1.7079,1.684,1.6874
2002-02-20,1.6874,1.7024,1.684,1.701
2002-02-21,1.701,1.7048,1.6962,1.6997
2002-02-22,1.6997,1.703,1.6853,1.6903
2002-02-25,1.6892,1.6985,1.6876,1.6985
2002-02-26,1.6985,1.7127999999999999,1.692,1.709
2002-02-27,1.709,1.7104,1.7036,1.7053
2002-02-28,1.7053,1.709,1.6953,1.6959
2002-03-01,1.6959,1.7095,1.6957,1.7068
2002-03-04,1.7079,1.7121,1.6958,1.7
2002-03-05,1.7,1.7057,1.6918,1.6941
2002-03-06,1.6941,1.698,1.68,1.6824999999999999
2002-03-07,1.6824999999999999,1.6843,1.6653,1.67
2002-03-08,1.67,1.691,1.6689,1.6848
2002-03-11,1.6867,1.6877,1.6764,1.6791
2002-03-12,1.6791,1.6853,1.6763,1.6772
2002-03-13,1.6772,1.6831,1.6717,1.6751
2002-03-14,1.6751,1.6762,1.6516,1.6549
2002-03-15,1.6549,1.6596,1.6483,1.6573
2002-03-18,1.6581,1.6662,1.6574,1.6581
2002-03-19,1.6581,1.6653,1.6575,1.6591
2002-03-20,1.6591,1.6677,1.6531,1.6546
2002-03-21,1.6546,1.6616,1.6522,1.6565
2002-03-22,1.6565,1.6705,1.6559,1.6668
2002-03-25,1.667,1.6689,1.6633,1.6643
2002-03-26,1.6643,1.6746,1.6612,1.6678
2002-03-27,1.6678,1.6798,1.6675,1.6791
2002-03-28,1.6791,1.6861,1.6762,1.6852
2002-03-29,1.6852,1.6852,1.6782,1.6817
2002-04-01,1.682,1.6822,1.6581,1.6613
2002-04-02,1.6613,1.6675,1.6598,1.6632
2002-04-03,1.6632,1.6655,1.6577,1.6597
2002-04-04,1.6597,1.6674,1.6515,1.6648
2002-04-05,1.6648,1.6703,1.6605,1.666
2002-04-08,1.6653,1.6767,1.6639,1.676
2002-04-09,1.676,1.6776,1.6643999999999999,1.6661
2002-04-10,1.6661,1.6712,1.6625,1.6682
2002-04-11,1.6682,1.6698,1.6559,1.6595
2002-04-12,1.6595,1.671,1.6595,1.6661
2002-04-15,1.6663,1.6695,1.6621,1.6685
2002-04-16,1.6685,1.6708,1.6622999999999999,1.6634
2002-04-17,1.6634,1.665,1.6501,1.6502999999999999
2002-04-18,1.6502999999999999,1.6535,1.6457,1.6469
2002-04-19,1.6469,1.6525,1.6431,1.645
2002-04-22,1.6467,1.6547,1.6456,1.6514
2002-04-23,1.6514,1.6571,1.6476,1.6501
2002-04-24,1.6501,1.6522999999999999,1.6406,1.6423
2002-04-25,1.6423,1.6439,1.6282,1.6295
2002-04-26,1.6295,1.635,1.6216,1.6216
2002-04-29,1.6219,1.6251,1.6174,1.6191
2002-04-30,1.6191,1.6248,1.6139999999999999,1.6168
2002-05-01,1.6168,1.6185,1.5957999999999999,1.6023
2002-05-02,1.6023,1.6143,1.6005,1.609
2002-05-03,1.609,1.6123,1.586,1.5866
2002-05-06,1.5893,1.5944,1.5833,1.5847
2002-05-07,1.5847,1.6003,1.5822,1.5885
2002-05-08,1.5885,1.6106,1.5885,1.6096
2002-05-09,1.6096,1.6101,1.5944,1.5972
2002-05-10,1.5972,1.5992,1.5897999999999999,1.591
2002-05-13,1.5911,1.5988,1.5865,1.5959
2002-05-14,1.5959,1.6166,1.594,1.6139
2002-05-15,1.6139,1.619,1.5942,1.5953
2002-05-16,1.5953,1.6018,1.5928,1.5972
2002-05-17,1.5972,1.5991,1.5781,1.5798
2002-05-20,1.5805,1.5836,1.5738,1.5773
2002-05-21,1.5773,1.5856999999999999,1.5748,1.5776
2002-05-22,1.5776,1.5798,1.5658,1.569
2002-05-23,1.569,1.5841,1.5677,1.5782
2002-05-24,1.5782,1.5901,1.5778,1.5832
2002-05-27,1.5832,1.5883,1.5796999999999999,1.5816
2002-05-28,1.5816,1.5854,1.5701,1.5738
2002-05-29,1.5738,1.577,1.5655999999999999,1.5684
2002-05-30,1.5684,1.5695,1.5549,1.5622
2002-05-31,1.5622,1.5776999999999999,1.5561,1.5695999999999999
2002-06-03,1.5695999999999999,1.5773,1.5588,1.5604
2002-06-04,1.5604,1.5655,1.5533,1.5653
2002-06-05,1.5653,1.5737,1.5611,1.5651
2002-06-06,1.5651,1.5734,1.5551,1.5558
2002-06-07,1.5558,1.56,1.5493999999999999,1.5573
2002-06-10,1.558,1.5655999999999999,1.552,1.559
2002-06-11,1.559,1.5695999999999999,1.5534999999999999,1.5549
2002-06-12,1.5549,1.5668,1.5533,1.566
2002-06-13,1.566,1.5711,1.5577,1.5625
2002-06-14,1.5625,1.5667,1.5502,1.5601
2002-06-17,1.5601,1.5681,1.5593,1.5628
2002-06-18,1.5628,1.5642,1.5489,1.5501
2002-06-19,1.5501,1.5503,1.5355,1.5359
2002-06-20,1.5359,1.5393,1.5204,1.5236
2002-06-21,1.5236,1.5263,1.509,1.5114
2002-06-24,1.5114,1.5157,1.4976,1.512
2002-06-25,1.512,1.5189,1.4984,1.4984
2002-06-26,1.4984,1.4991,1.4762,1.4966
2002-06-27,1.4966,1.5,1.4857,1.4873
2002-06-28,1.4873,1.4936,1.4736,1.4805
2002-07-01,1.4805,1.49,1.475,1.4826
2002-07-02,1.4826,1.4977,1.4812,1.4867
2002-07-03,1.4867,1.4974,1.4867,1.4929999999999999
2002-07-04,1.4929999999999999,1.5024,1.4897,1.4945
2002-07-05,1.4945,1.5090999999999999,1.4945,1.507
2002-07-08,1.507,1.507,1.4836,1.4837
2002-07-09,1.4837,1.4891,1.479,1.4822
2002-07-10,1.4822,1.4929,1.4783,1.4872
2002-07-11,1.4872,1.4916,1.4768,1.4827
2002-07-12,1.4827,1.4885,1.4793,1.4817
2002-07-15,1.4817,1.4833,1.4537,1.4617
2002-07-16,1.4617,1.4627,1.4447,1.4492
2002-07-17,1.4492,1.4593,1.4441,1.4549
2002-07-18,1.4549,1.4575,1.4477,1.4485
2002-07-19,1.4485,1.4494,1.4352,1.4375
2002-07-22,1.4375,1.4495,1.4357,1.4418
2002-07-23,1.4418,1.4777,1.4417,1.4693
2002-07-24,1.4693,1.472,1.4484,1.4585
2002-07-25,1.4585,1.4597,1.4385999999999999,1.4392
2002-07-26,1.4392,1.4707999999999999,1.4368,1.4652
2002-07-29,1.4652,1.4905,1.4652,1.4867
2002-07-30,1.4867,1.4909,1.4726,1.4818
2002-07-31,1.4818,1.4903,1.4774,1.4854
2002-08-01,1.4854,1.492,1.4684,1.4719
2002-08-02,1.4719,1.4759,1.4621,1.4697
2002-08-05,1.4697,1.4828999999999999,1.4687999999999999,1.4828
2002-08-06,1.4828,1.5145,1.4817,1.5093
2002-08-07,1.5093,1.5117,1.4929999999999999,1.4954
2002-08-08,1.4954,1.5162,1.4914,1.5127
2002-08-09,1.5127,1.5151,1.4982,1.5041
2002-08-12,1.5041,1.5048,1.4917,1.4936
2002-08-13,1.4936,1.5004,1.4857,1.4857
2002-08-14,1.4857,1.4956,1.4754,1.492
2002-08-15,1.492,1.5010999999999999,1.4852,1.4897
2002-08-16,1.4897,1.4949,1.4847,1.4891
2002-08-19,1.4891,1.5048,1.4853,1.5034
2002-08-20,1.5034,1.5089,1.4952,1.4998
2002-08-21,1.4998,1.5061,1.4913,1.4974
2002-08-22,1.4974,1.5219,1.4963,1.5195
2002-08-23,1.5195,1.524,1.5115,1.5126
2002-08-26,1.5126,1.5198,1.5108,1.5141
2002-08-27,1.5141,1.5163,1.49,1.4919
2002-08-28,1.4919,1.5014,1.4909999999999999,1.5012
2002-08-29,1.5012,1.5029,1.4864,1.494
2002-08-30,1.494,1.5019,1.4894,1.4965
2002-09-02,1.4965,1.5025,1.4929999999999999,1.4956
2002-09-03,1.4956,1.4968,1.4699,1.4707999999999999
2002-09-04,1.4707999999999999,1.4777,1.4661,1.4746
2002-09-05,1.4746,1.4768,1.4606999999999999,1.4731
2002-09-06,1.4731,1.4871,1.4655,1.4834
2002-09-09,1.4834,1.4924,1.4823,1.4891
2002-09-10,1.4891,1.5025,1.4823,1.4964
2002-09-11,1.4964,1.5094,1.4949,1.5013
2002-09-12,1.5013,1.5048,1.4736,1.4959
2002-09-13,1.4959,1.5121,1.4887,1.51
2002-09-16,1.51,1.5183,1.5088,1.5151
2002-09-17,1.5151,1.5306,1.5070999999999999,1.508
2002-09-18,1.508,1.5164,1.4969,1.5012
2002-09-19,1.5012,1.5030999999999999,1.4813,1.4821
2002-09-20,1.4821,1.498,1.4808999999999999,1.4918
2002-09-23,1.4918,1.5016,1.4841,1.4969999999999999
2002-09-24,1.4969999999999999,1.5013,1.4867,1.4904
2002-09-25,1.4904,1.5019,1.4855,1.4994
2002-09-26,1.4994,1.5074,1.4929,1.5022
2002-09-27,1.5022,1.5044,1.4936,1.4936
2002-09-30,1.4936,1.4938,1.4711,1.4745
2002-10-01,1.4745,1.4885,1.4727999999999999,1.4879
2002-10-02,1.4879,1.4912,1.4774,1.4778
2002-10-03,1.4778,1.4816,1.4725,1.4778
2002-10-04,1.4778,1.4953,1.476,1.4923
2002-10-07,1.4923,1.4946,1.4868999999999999,1.4874
2002-10-08,1.4874,1.5023,1.4856,1.4978
2002-10-09,1.4978,1.5007,1.4772,1.4788
2002-10-10,1.4788,1.4864,1.4741,1.484
2002-10-11,1.484,1.4884,1.4813,1.4825
2002-10-14,1.4825,1.4837,1.4779,1.481
2002-10-15,1.481,1.4988,1.4795,1.4941
2002-10-16,1.4941,1.4992,1.4913,1.4941
2002-10-17,1.4941,1.5144,1.4941,1.5118
2002-10-18,1.5118,1.5146,1.5070999999999999,1.512
2002-10-21,1.512,1.5174,1.5052,1.5109
2002-10-22,1.5109,1.5126,1.4976,1.5019
2002-10-23,1.5019,1.5046,1.4973,1.5033
2002-10-24,1.5033,1.5095,1.4996,1.5003
2002-10-25,1.5003,1.5032,1.4969999999999999,1.5025
2002-10-28,1.5025,1.5086,1.4871,1.4878
2002-10-29,1.4878,1.4942,1.484,1.4904
2002-10-30,1.4904,1.4918,1.4864,1.4889
2002-10-31,1.4889,1.4891,1.4754,1.4768
2002-11-01,1.4768,1.4786,1.4665,1.4666
2002-11-04,1.4666,1.4735,1.4651,1.4656
2002-11-05,1.4656,1.4675,1.4537,1.4624
2002-11-06,1.4624,1.4719,1.4551,1.4576
2002-11-07,1.4576,1.4652,1.4489,1.4503
2002-11-08,1.4503,1.4532,1.4412,1.4431
2002-11-11,1.4431,1.4494,1.4382,1.4478
2002-11-12,1.4478,1.4529,1.443,1.4432
2002-11-13,1.4432,1.4586,1.4432,1.4539
2002-11-14,1.4539,1.4621,1.4503,1.4605
2002-11-15,1.4605,1.4647,1.4512,1.4517
2002-11-18,1.4517,1.4586,1.4481,1.4541
2002-11-19,1.4541,1.4673,1.4465,1.4625
2002-11-20,1.4625,1.4686,1.4614,1.4656
2002-11-21,1.4656,1.4718,1.4624,1.4669
2002-11-22,1.4669,1.4782,1.4646,1.4766
2002-11-25,1.4766,1.4912,1.4766,1.4847
2002-11-26,1.4847,1.4896,1.4821,1.483
2002-11-27,1.483,1.4927,1.4812,1.4892
2002-11-28,1.4892,1.4899,1.4831,1.4842
2002-11-29,1.4842,1.4872,1.4817,1.4827
2002-12-02,1.4827,1.498,1.4736,1.4758
2002-12-03,1.4758,1.479,1.472,1.4762
2002-12-04,1.4762,1.4765,1.4667999999999999,1.472
2002-12-05,1.472,1.4762,1.4689,1.4697
2002-12-06,1.4697,1.4713,1.4521,1.4571
2002-12-09,1.4571,1.4631,1.4536,1.4574
2002-12-10,1.4574,1.4627,1.453,1.4618
2002-12-11,1.4618,1.4646,1.4589,1.4612
2002-12-12,1.4612,1.4631,1.4475,1.4503
2002-12-13,1.4503,1.4519,1.4388,1.4442
2002-12-16,1.4442,1.4479,1.4405999999999999,1.4421
2002-12-17,1.4421,1.4445,1.4249,1.4263
2002-12-18,1.4263,1.4329,1.4233,1.4248
2002-12-19,1.4248,1.4327,1.4215,1.4231
2002-12-20,1.4231,1.428,1.4222,1.4238
2002-12-23,1.4238,1.4249,1.4132,1.4181
2002-12-24,1.4181,1.4195,1.4052,1.4085
2002-12-26,1.4085,1.4096,1.4004,1.4017
2002-12-27,1.4017,1.4041,1.3897,1.3901999999999999
2002-12-30,1.3901999999999999,1.3964,1.385,1.3854
2002-12-31,1.3854,1.3927,1.381,1.3814
2003-01-02,1.3814,1.4049,1.3814,1.4028
2003-01-03,1.4028,1.4065,1.3941,1.3987
2003-01-06,1.3987,1.3987,1.3873,1.3925
2003-01-07,1.3925,1.4026,1.3916,1.4002999999999999
2003-01-08,1.4002999999999999,1.4082999999999999,1.3819,1.3872
2003-01-09,1.3872,1.3949,1.3832,1.3913
2003-01-10,1.3913,1.3943,1.3782,1.3797
2003-01-13,1.3797,1.3881,1.3784,1.3866
2003-01-14,1.3866,1.387,1.3789,1.3862
2003-01-15,1.3862,1.3933,1.3803,1.3829
2003-01-16,1.3829,1.3863,1.3725,1.3742
2003-01-17,1.3742,1.376,1.3662,1.3685
2003-01-20,1.3685,1.3733,1.3659999999999999,1.3681
2003-01-21,1.3681,1.3742,1.3603,1.3623
2003-01-22,1.3623,1.3687,1.3611,1.3632
2003-01-23,1.3632,1.3669,1.3571,1.3629
2003-01-24,1.3629,1.3634,1.3503,1.3526
2003-01-27,1.3526,1.3606,1.3457,1.3533
2003-01-28,1.3533,1.3625,1.3522,1.3592
2003-01-29,1.3592,1.3601,1.3474,1.3544
2003-01-30,1.3544,1.3697,1.354,1.3564
2003-01-31,1.3564,1.3696,1.3538999999999999,1.3637
2003-02-03,1.3637,1.3736,1.359,1.3598999999999999
2003-02-04,1.3598999999999999,1.3622,1.3432,1.3456
2003-02-05,1.3456,1.3667,1.3404,1.3606
2003-02-06,1.3606,1.3613,1.3481,1.3546
2003-02-07,1.3546,1.3677,1.3526,1.3544
2003-02-10,1.3544,1.3676,1.354,1.3672
2003-02-11,1.3672,1.3752,1.3625,1.3671
2003-02-12,1.3671,1.3726,1.3618,1.3714
2003-02-13,1.3714,1.3721,1.3521,1.3555
2003-02-14,1.3555,1.3658,1.3523,1.3618999999999999
2003-02-17,1.3618999999999999,1.3794,1.3618999999999999,1.3734
2003-02-18,1.3734,1.3776,1.3653,1.376
2003-02-19,1.376,1.3783,1.3657,1.3673
2003-02-20,1.3673,1.3685,1.3552,1.3558999999999999
2003-02-21,1.3558999999999999,1.3671,1.352,1.3648
2003-02-24,1.3648,1.3735,1.355,1.3555
2003-02-25,1.3555,1.3612,1.3492,1.3572
2003-02-26,1.3572,1.3621,1.3529,1.3557
2003-02-27,1.3557,1.3644,1.3499,1.3614
2003-02-28,1.3614,1.3627,1.3508,1.3525
2003-03-03,1.3525,1.3576,1.3373,1.3373
2003-03-04,1.3373,1.3406,1.3339,1.3393
2003-03-05,1.3393,1.3396,1.3306,1.3306
2003-03-06,1.3306,1.3367,1.3286,1.3347
2003-03-07,1.3347,1.3391,1.3241,1.3356
2003-03-10,1.3356,1.3356999999999999,1.3238,1.3245
2003-03-11,1.3245,1.3323,1.3227,1.3285
2003-03-12,1.3285,1.3363,1.3259,1.3356
2003-03-13,1.3356,1.3623,1.3346,1.3622
2003-03-14,1.3622,1.3737,1.3563,1.3664
2003-03-17,1.3664,1.3871,1.3521,1.3818
2003-03-18,1.3818,1.3936,1.3777,1.3829
2003-03-19,1.3829,1.3947,1.3808,1.3937
2003-03-20,1.3937,1.3968,1.3780999999999999,1.3877
2003-03-21,1.3877,1.4051,1.3863,1.4024
2003-03-24,1.4024,1.4024,1.38,1.3848
2003-03-25,1.3848,1.3849,1.3733,1.3826
2003-03-26,1.3826,1.3881999999999999,1.3768,1.381
2003-03-27,1.381,1.3856,1.3771,1.3815
2003-03-28,1.3815,1.3851,1.3659999999999999,1.3697
2003-03-31,1.3697,1.3701,1.3493,1.3505
2003-04-01,1.3505,1.3595,1.3503,1.3525
2003-04-02,1.3525,1.3814,1.3486,1.3792
2003-04-03,1.3792,1.3901999999999999,1.375,1.3780999999999999
2003-04-04,1.3780999999999999,1.3906,1.3766,1.3854
2003-04-07,1.3854,1.4081,1.3854,1.3877
2003-04-08,1.3877,1.3964,1.3844,1.3873
2003-04-09,1.3873,1.3929,1.3780999999999999,1.3798
2003-04-10,1.3798,1.3884,1.3763,1.3871
2003-04-11,1.3871,1.4006,1.3858,1.3926
2003-04-14,1.3926,1.3972,1.384,1.3895
2003-04-15,1.3895,1.3964,1.3874,1.3921999999999999
2003-04-16,1.3921999999999999,1.3941,1.3693,1.3708
2003-04-17,1.3708,1.3820999999999999,1.3639999999999999,1.3815
2003-04-18,1.3815,1.3820999999999999,1.378,1.3812
2003-04-21,1.3812,1.3932,1.3771,1.3875
2003-04-22,1.3875,1.3905,1.3682,1.371
2003-04-23,1.371,1.3793,1.3698,1.3731
2003-04-24,1.3731,1.3768,1.3575,1.3611
2003-04-25,1.3611,1.3709,1.3594,1.3611
2003-04-28,1.3611,1.3722,1.3565,1.3717
2003-04-29,1.3717,1.3779,1.3608,1.3611
2003-04-30,1.3611,1.3633,1.353,1.3554
2003-05-01,1.3554,1.3591,1.338,1.3436
2003-05-02,1.3436,1.3507,1.3386,1.3441
2003-05-05,1.3441,1.3492,1.3412,1.3419
2003-05-06,1.3419,1.344,1.3217,1.325
2003-05-07,1.325,1.3312,1.3206,1.3241
2003-05-08,1.3241,1.33,1.3086,1.3125
2003-05-09,1.3125,1.3182,1.3074999999999999,1.3127
2003-05-12,1.3127,1.3141,1.3011,1.3114
2003-05-13,1.3114,1.32,1.3097,1.3132
2003-05-14,1.3132,1.3219,1.3117,1.3166
2003-05-15,1.3166,1.3263,1.3106,1.3247
2003-05-16,1.3247,1.3259,1.3053,1.307
2003-05-19,1.307,1.307,1.2893,1.2969
2003-05-20,1.2969,1.3036,1.29,1.2915
2003-05-21,1.2915,1.2999,1.2847,1.2999
2003-05-22,1.2999,1.3023,1.2889,1.2944
2003-05-23,1.2944,1.3026,1.287,1.2883
2003-05-26,1.2883,1.2924,1.2857,1.287
2003-05-27,1.287,1.2916,1.2778,1.2875
2003-05-28,1.2875,1.3014999999999999,1.285,1.2953999999999999
2003-05-29,1.2953999999999999,1.307,1.2831,1.2832999999999999
2003-05-30,1.2832999999999999,1.3032,1.2826,1.2999
2003-06-02,1.2999,1.3104,1.2941,1.3003
2003-06-03,1.3003,1.3145,1.2986,1.3105
2003-06-04,1.3105,1.3198,1.3078,1.3184
2003-06-05,1.3184,1.3217,1.2953999999999999,1.3007
2003-06-06,1.3007,1.3251,1.2993,1.3195999999999999
2003-06-09,1.3195999999999999,1.3254,1.3054,1.3158
2003-06-10,1.3158,1.3205,1.3112,1.317
2003-06-11,1.317,1.3175999999999999,1.3042,1.3081
2003-06-12,1.3081,1.3155999999999999,1.3013,1.3093
2003-06-13,1.3093,1.3189,1.2953,1.2985
2003-06-16,1.2985,1.3057,1.2941,1.305
2003-06-17,1.305,1.3099,1.2999,1.3091
2003-06-18,1.3091,1.3263,1.3067,1.3221
2003-06-19,1.3221,1.3372,1.3113,1.3135999999999999
2003-06-20,1.3135999999999999,1.3373,1.3135999999999999,1.3289
2003-06-23,1.3289,1.3347,1.3212,1.3233
2003-06-24,1.3233,1.3335,1.3208,1.3284
2003-06-25,1.3284,1.3316,1.3217,1.3272
2003-06-26,1.3272,1.3526,1.3271,1.3511
2003-06-27,1.3511,1.3567,1.3467,1.35
2003-06-30,1.35,1.3613,1.3489,1.3511
2003-07-01,1.3511,1.354,1.3365,1.3429
2003-07-02,1.3429,1.3491,1.3417,1.3436
2003-07-03,1.3436,1.3556,1.3407,1.3487
2003-07-04,1.3487,1.3533,1.3465,1.3484
2003-07-07,1.3484,1.3735,1.3484,1.3732
2003-07-08,1.3732,1.3788,1.3665,1.3685
2003-07-09,1.3685,1.3703,1.3582,1.36
2003-07-10,1.36,1.3691,1.3538,1.3608
2003-07-11,1.3608,1.3749,1.3598999999999999,1.3745
2003-07-14,1.3745,1.3817,1.3711,1.3748
2003-07-15,1.3748,1.3872,1.3679999999999999,1.3853
2003-07-16,1.3853,1.3947,1.3736,1.3753
2003-07-17,1.3753,1.3791,1.3644,1.3699999999999999
2003-07-18,1.3699999999999999,1.3764,1.3572,1.3622
2003-07-21,1.3622,1.3657,1.3522,1.3531
2003-07-22,1.3531,1.3641,1.3531,1.3617
2003-07-23,1.3617,1.3635,1.3445,1.346
2003-07-24,1.346,1.3553,1.3441,1.3454
2003-07-25,1.3454,1.3528,1.3374,1.3443
2003-07-28,1.3443,1.353,1.343,1.3457
2003-07-29,1.3457,1.3538,1.3403,1.3521
2003-07-30,1.3521,1.3663,1.3507,1.3656
2003-07-31,1.3656,1.3767,1.3618999999999999,1.3708
2003-08-01,1.3708,1.3806,1.3615,1.3649
2003-08-04,1.3649,1.3659999999999999,1.3448,1.3466
2003-08-05,1.3466,1.3576,1.346,1.3477
2003-08-06,1.3477,1.3546,1.3408,1.3533
2003-08-07,1.3533,1.356,1.3462,1.3504
2003-08-08,1.3504,1.3624,1.349,1.3602
2003-08-11,1.3602,1.3655,1.3548,1.3581
2003-08-12,1.3581,1.3697,1.3545,1.3683
2003-08-13,1.3683,1.3758,1.3633,1.3658
2003-08-14,1.3658,1.3754,1.3637,1.3743
2003-08-15,1.3743,1.3743,1.367,1.3718
2003-08-18,1.3718,1.394,1.3705,1.3887
2003-08-19,1.3887,1.4013,1.3860999999999999,1.3883
2003-08-20,1.3883,1.3937,1.3848,1.3877
2003-08-21,1.3877,1.4167,1.3856,1.413
2003-08-22,1.413,1.4236,1.409,1.4162
2003-08-25,1.4162,1.4229,1.4113,1.415
2003-08-26,1.415,1.4277,1.4061,1.4127
2003-08-27,1.4127,1.416,1.4056,1.4127
2003-08-28,1.4127,1.4246,1.4104,1.414
2003-08-29,1.414,1.4151,1.3983,1.3993
2003-09-01,1.3993,1.4029,1.3971,1.4002999999999999
2003-09-02,1.4002999999999999,1.4191,1.4,1.4186
2003-09-03,1.4186,1.424,1.4102999999999999,1.4151
2003-09-04,1.4151,1.4232,1.4034,1.4044
2003-09-05,1.4044,1.4112,1.3827,1.3831
2003-09-08,1.3831,1.3924,1.3816,1.3908
2003-09-09,1.3908,1.3943,1.3753,1.378
2003-09-10,1.378,1.3883,1.3774,1.3832
2003-09-11,1.3832,1.3901999999999999,1.3775,1.3835
2003-09-12,1.3835,1.3963,1.3736,1.3791
2003-09-15,1.3791,1.3848,1.3759,1.3800999999999999
2003-09-16,1.3800999999999999,1.3941,1.3764,1.3894
2003-09-17,1.3894,1.3945,1.3743,1.3793
2003-09-18,1.3793,1.3873,1.3746,1.3848
2003-09-19,1.3848,1.3867,1.3651,1.3677
2003-09-22,1.3677,1.3677,1.3501,1.3546
2003-09-23,1.3546,1.3598,1.3462,1.359
2003-09-24,1.359,1.36,1.3489,1.3499
2003-09-25,1.3499,1.3538,1.3411,1.3433
2003-09-26,1.3433,1.3491,1.3409,1.3428
2003-09-29,1.3428,1.3524,1.3247,1.325
2003-09-30,1.325,1.329,1.3097,1.319
2003-10-01,1.319,1.3227,1.3126,1.3133
2003-10-02,1.3133,1.3215999999999999,1.3106,1.3169
2003-10-03,1.3169,1.339,1.3157,1.3361
2003-10-06,1.3361,1.3391,1.3178,1.3204
2003-10-07,1.3204,1.3214,1.3108,1.3165
2003-10-08,1.3165,1.3165,1.306,1.3125
2003-10-09,1.3125,1.3246,1.3049,1.3169
2003-10-10,1.3169,1.3224,1.3065,1.3119
2003-10-13,1.3119,1.3274,1.3102,1.3227
2003-10-14,1.3227,1.3355,1.3133,1.3173
2003-10-15,1.3173,1.3345,1.3154,1.3304
2003-10-16,1.3304,1.3374,1.3223,1.3356999999999999
2003-10-17,1.3356999999999999,1.3446,1.3269,1.3284
2003-10-20,1.3284,1.3376,1.3228,1.3326
2003-10-21,1.3326,1.3371,1.3266,1.3306
2003-10-22,1.3306,1.3323,1.3113,1.3134
2003-10-23,1.3134,1.3168,1.3044,1.313
2003-10-24,1.313,1.3155,1.3029,1.3107
2003-10-27,1.3107,1.3193,1.3107,1.3179
2003-10-28,1.3179,1.3321,1.3168,1.3312
2003-10-29,1.3312,1.3323,1.3219,1.331
2003-10-30,1.331,1.3335,1.3175,1.333
2003-10-31,1.333,1.3425,1.3301,1.3406
2003-11-03,1.3406,1.3643,1.3367,1.3606
2003-11-04,1.3606,1.3657,1.3575,1.3613
2003-11-05,1.3613,1.3729,1.361,1.3691
2003-11-06,1.3691,1.3779,1.3661,1.3769
2003-11-07,1.3769,1.3804,1.3604,1.3617
2003-11-10,1.3617,1.3722,1.3617,1.3704
2003-11-11,1.3704,1.375,1.3589,1.3613
2003-11-12,1.3613,1.3629,1.3451,1.3513
2003-11-13,1.3513,1.3523,1.3358,1.3366
2003-11-14,1.3366,1.3372,1.3261,1.3267
2003-11-17,1.3267,1.3273,1.3171,1.3246
2003-11-18,1.3246,1.3265,1.2911,1.2913
2003-11-19,1.2913,1.3085,1.2912,1.3084
2003-11-20,1.3084,1.3091,1.2932,1.2991
2003-11-21,1.2991,1.3044,1.2947,1.2978
2003-11-24,1.2978,1.3213,1.2973,1.32
2003-11-25,1.32,1.3218,1.3146,1.3175999999999999
2003-11-26,1.3175999999999999,1.3197,1.2916,1.292
2003-11-27,1.292,1.3025,1.2918,1.3011
2003-11-28,1.3011,1.3011,1.2878,1.291
2003-12-01,1.291,1.3012,1.2861,1.2966
2003-12-02,1.2966,1.3037,1.2848,1.2875
2003-12-03,1.2875,1.2913,1.2822,1.2862
2003-12-04,1.2862,1.2958,1.28,1.2881
2003-12-05,1.2881,1.2915,1.2731,1.2745
2003-12-08,1.2745,1.2781,1.2631999999999999,1.2675
2003-12-09,1.2675,1.2703,1.2597,1.2627
2003-12-10,1.2627,1.2743,1.2601,1.2666
2003-12-11,1.2666,1.2816,1.2664,1.2683
2003-12-12,1.2683,1.2711,1.2590999999999999,1.2614
2003-12-15,1.2614,1.2811,1.2594,1.2594
2003-12-16,1.2594,1.2633,1.2565,1.2592
2003-12-17,1.2592,1.2634,1.2513,1.2532
2003-12-18,1.2532,1.2589,1.2481,1.2494
2003-12-19,1.2494,1.2604,1.2485,1.2555
2003-12-22,1.2555,1.2587,1.2495,1.2573
2003-12-23,1.2573,1.26,1.2544,1.2586
2003-12-24,1.2586,1.2586,1.2451,1.2471
2003-12-26,1.2471,1.2547,1.2459,1.254
2003-12-29,1.254,1.2547,1.2461,1.2489
2003-12-30,1.2489,1.2501,1.2407,1.2423
2003-12-31,1.2423,1.2431,1.2308,1.2378
2004-01-02,1.2378,1.2464,1.2346,1.238
2004-01-05,1.238,1.24,1.2284,1.2319
2004-01-06,1.2319,1.2335,1.2242,1.2314
2004-01-07,1.2314,1.2414,1.2305,1.2406
2004-01-08,1.2406,1.2486,1.2239,1.2255
2004-01-09,1.2255,1.2336,1.2164,1.22
2004-01-12,1.22,1.2288999999999999,1.2141,1.227
2004-01-13,1.227,1.2304,1.2207,1.221
2004-01-14,1.221,1.2355,1.2193,1.2325
2004-01-15,1.2325,1.2469,1.2305,1.2456
2004-01-16,1.2456,1.2695,1.2424,1.2677
2004-01-19,1.2677,1.2725,1.263,1.2707
2004-01-20,1.2707,1.2711999999999999,1.2452,1.2468
2004-01-21,1.2468,1.2507,1.2386,1.2399
2004-01-22,1.2399,1.2416,1.2298,1.2325
2004-01-23,1.2325,1.2467,1.2274,1.2422
2004-01-26,1.2422,1.2581,1.2403,1.2578
2004-01-27,1.2578,1.2590999999999999,1.2381,1.2393
2004-01-28,1.2393,1.2569,1.2373,1.2564
2004-01-29,1.2564,1.264,1.2481,1.2590999999999999
2004-01-30,1.2590999999999999,1.2662,1.2515,1.2569
2004-02-02,1.2569,1.266,1.2558,1.2617
2004-02-03,1.2617,1.2631,1.2429,1.2489
2004-02-04,1.2489,1.2552,1.2476,1.2507
2004-02-05,1.2507,1.2519,1.2399,1.2502
2004-02-06,1.2502,1.2548,1.2306,1.234
2004-02-09,1.234,1.2489,1.2293,1.2348
2004-02-10,1.2348,1.2386,1.226,1.2385
2004-02-11,1.2385,1.2432,1.2274,1.2297
2004-02-12,1.2297,1.2328999999999999,1.2268999999999999,1.2308
2004-02-13,1.2308,1.2407,1.2234,1.2381
2004-02-16,1.2381,1.2396,1.2317,1.2336
2004-02-17,1.2336,1.2347,1.2223,1.2265
2004-02-18,1.2265,1.2442,1.2183,1.2413
2004-02-19,1.2413,1.2465,1.2373,1.2389999999999999
2004-02-20,1.2389999999999999,1.2647,1.2336,1.2602
2004-02-23,1.2602,1.2667,1.2532,1.257
2004-02-24,1.257,1.26,1.2377,1.2412
2004-02-25,1.2412,1.2623,1.2389,1.2587
2004-02-26,1.2587,1.2714,1.2572,1.267
2004-02-27,1.267,1.276,1.2601,1.2619
2004-03-01,1.2621,1.2705,1.2564,1.2666
2004-03-02,1.2666,1.2985,1.2664,1.2958
2004-03-03,1.2958,1.3074,1.2907,1.292
2004-03-04,1.292,1.3012,1.2893,1.2922
2004-03-05,1.2922,1.296,1.2677,1.276
2004-03-08,1.2742,1.2812,1.2734,1.274
2004-03-09,1.274,1.2856,1.2674,1.2807
2004-03-10,1.2807,1.2922,1.2778,1.2878
2004-03-11,1.2878,1.2924,1.2622,1.2664
2004-03-12,1.2664,1.2877,1.2645,1.2832999999999999
2004-03-15,1.2821,1.283,1.27,1.2755
2004-03-16,1.2755,1.2823,1.2661,1.2775
2004-03-17,1.2775,1.2858,1.2737,1.2767
2004-03-18,1.2767,1.2786,1.2526,1.2570999999999999
2004-03-19,1.2570999999999999,1.2739,1.2557,1.2697
2004-03-22,1.2696,1.276,1.2536,1.2579
2004-03-23,1.2579,1.2653,1.2518,1.2574
2004-03-24,1.2574,1.2786,1.2544,1.2768
2004-03-25,1.2768,1.2815,1.2725,1.2803
2004-03-26,1.2803,1.2892,1.2739,1.2849
2004-03-29,1.2847,1.2909,1.2814,1.2842
2004-03-30,1.2842,1.2849,1.2751,1.2814
2004-03-31,1.2814,1.2821,1.2626,1.2656
2004-04-01,1.2656,1.2713,1.2597,1.2631999999999999
2004-04-02,1.2631999999999999,1.2931,1.262,1.29
2004-04-05,1.2915,1.3079,1.2902,1.3038
2004-04-06,1.3038,1.3076,1.2867,1.2892
2004-04-07,1.2892,1.2965,1.2731,1.2766
2004-04-08,1.2766,1.2861,1.271,1.282
2004-04-09,1.282,1.2843,1.2794,1.2823
2004-04-12,1.2823,1.2875,1.2805,1.2821
2004-04-13,1.2821,1.3047,1.2812999999999999,1.2993999999999999
2004-04-14,1.2993999999999999,1.3049,1.2965,1.2978
2004-04-15,1.2978,1.3056,1.2888,1.295
2004-04-16,1.295,1.303,1.2879,1.2953
2004-04-19,1.2908,1.2933,1.2827,1.289
2004-04-20,1.289,1.3145,1.2889,1.3114
2004-04-21,1.3114,1.3174,1.3041,1.3129
2004-04-22,1.3129,1.3193,1.307,1.3082
2004-04-23,1.3082,1.3206,1.3052,1.3158
2004-04-26,1.3177,1.3227,1.3042,1.3069
2004-04-27,1.3069,1.3108,1.2956,1.2986
2004-04-28,1.2986,1.3099,1.2953,1.3061
2004-04-29,1.3061,1.3098,1.2888,1.2927
2004-04-30,1.2927,1.3012,1.2882,1.2952
2004-05-03,1.2949,1.303,1.2931,1.3002
2004-05-04,1.3002,1.3021,1.2791,1.2812
2004-05-05,1.2812,1.2818,1.2702,1.2739
2004-05-06,1.2739,1.2862,1.2737,1.2835
2004-05-07,1.2835,1.3031,1.2756,1.3013
2004-05-10,1.3025,1.3073,1.2968,1.2983
2004-05-11,1.2983,1.3086,1.2958,1.296
2004-05-12,1.296,1.3008,1.2876,1.2941
2004-05-13,1.2941,1.3086,1.2897,1.3017
2004-05-14,1.3017,1.3063,1.2933999999999999,1.296
2004-05-17,1.2959,1.2968,1.2699,1.2752
2004-05-18,1.2752,1.2851,1.2743,1.2831
2004-05-19,1.2831,1.285,1.2748,1.2775
2004-05-20,1.2775,1.2916,1.2765,1.2849
2004-05-21,1.2849,1.2867,1.2718,1.2814
2004-05-24,1.2823,1.2871,1.276,1.2786
2004-05-25,1.2786,1.2808,1.2664,1.2718
2004-05-26,1.2718,1.2739,1.2651,1.2719
2004-05-27,1.2719,1.2735,1.2434,1.2452
2004-05-28,1.2452,1.2549,1.2426,1.2527
2004-05-31,1.2487,1.2550999999999999,1.2479,1.254
2004-06-01,1.254,1.257,1.2452,1.2461
2004-06-02,1.2461,1.2513,1.2406,1.2499
2004-06-03,1.2499,1.2535,1.2455,1.2496
2004-06-04,1.2496,1.2574,1.2375,1.2391
2004-06-07,1.2382,1.2398,1.2344,1.2368
2004-06-08,1.2368,1.2426,1.2321,1.2376
2004-06-09,1.2376,1.2566,1.2367,1.2543
2004-06-10,1.2543,1.2575,1.2428,1.2452
2004-06-11,1.2452,1.2613,1.2439,1.2584
2004-06-14,1.2597,1.2661,1.2542,1.2561
2004-06-15,1.2561,1.2625,1.2473,1.2494
2004-06-16,1.2494,1.2704,1.2474,1.2664
2004-06-17,1.2664,1.2684,1.2497,1.2519
2004-06-18,1.2519,1.2626,1.2419,1.2444
2004-06-21,1.2439,1.2496,1.2427,1.246
2004-06-22,1.246,1.254,1.2451,1.2497
2004-06-23,1.2497,1.2573,1.2429,1.2529
2004-06-24,1.2529,1.2572,1.2387,1.2448
2004-06-25,1.2448,1.2541,1.2425,1.2492
2004-06-28,1.2469,1.2552,1.2435,1.2491
2004-06-29,1.2491,1.2676,1.2485,1.266
2004-06-30,1.266,1.267,1.248,1.2482
2004-07-01,1.2482,1.2564,1.2473,1.2489999999999999
2004-07-02,1.2489999999999999,1.2521,1.2296,1.2324
2004-07-05,1.2311,1.2377,1.2267,1.236
2004-07-06,1.236,1.2388,1.2308,1.2368
2004-07-07,1.2368,1.237,1.2255,1.2268999999999999
2004-07-08,1.2268999999999999,1.2307,1.2231,1.2255
2004-07-09,1.2255,1.2291,1.2214,1.2234
2004-07-12,1.223,1.2261,1.2204,1.2247
2004-07-13,1.2247,1.2389,1.2243,1.2357
2004-07-14,1.2357,1.2371,1.2255,1.2291
2004-07-15,1.2291,1.2406,1.2285,1.2363
2004-07-16,1.2363,1.2389999999999999,1.2231,1.2241
2004-07-19,1.2255,1.2312,1.2238,1.2278
2004-07-20,1.2278,1.2469999999999999,1.2266,1.244
2004-07-21,1.244,1.2578,1.2409999999999999,1.2496
2004-07-22,1.2496,1.2532,1.2438,1.2483
2004-07-23,1.2483,1.268,1.2475,1.2668
2004-07-26,1.2658,1.2679,1.2588,1.2645
2004-07-27,1.2645,1.2775,1.2599,1.2755
2004-07-28,1.2755,1.2798,1.2716,1.2751
2004-07-29,1.2751,1.2841,1.2711999999999999,1.28
2004-07-30,1.28,1.2831,1.2689,1.2806
2004-08-02,1.2748,1.2792999999999999,1.2687,1.2789
2004-08-03,1.2789,1.283,1.2754,1.2777
2004-08-04,1.2777,1.2858,1.273,1.2762
2004-08-05,1.2762,1.2798,1.2731,1.2754
2004-08-06,1.2754,1.2772,1.2492,1.2501
2004-08-09,1.2497,1.257,1.2495,1.254
2004-08-10,1.254,1.2631999999999999,1.2493,1.2619
2004-08-11,1.2619,1.2646,1.2588,1.2612
2004-08-12,1.2612,1.2617,1.251,1.2561
2004-08-13,1.2561,1.2627,1.2376,1.2383
2004-08-16,1.2383,1.25,1.2375,1.2403
2004-08-17,1.2403,1.2477,1.2376,1.2433
2004-08-18,1.2433,1.2512,1.242,1.2443
2004-08-19,1.2443,1.2456,1.2399,1.2431
2004-08-20,1.2431,1.2537,1.2404,1.2508
2004-08-23,1.2503,1.2711,1.25,1.2695
2004-08-24,1.2695,1.2752999999999999,1.2665,1.2725
2004-08-25,1.2725,1.2767,1.2698,1.2733
2004-08-26,1.2733,1.2781,1.2706,1.2725
2004-08-27,1.2725,1.2847,1.2691,1.2825
2004-08-30,1.2822,1.2848,1.2757,1.2798
2004-08-31,1.2798,1.2801,1.2631,1.2662
2004-09-01,1.2662,1.2674,1.2555,1.2602
2004-09-02,1.2602,1.265,1.258,1.261
2004-09-03,1.261,1.2722,1.2574,1.2699
2004-09-06,1.2703,1.272,1.2694,1.2707
2004-09-07,1.2707,1.2721,1.2658,1.2669
2004-09-08,1.2669,1.279,1.2594,1.2608
2004-09-09,1.2608,1.2662,1.2588,1.2615
2004-09-10,1.2615,1.2627,1.2519,1.2577
2004-09-13,1.2575,1.2619,1.2550999999999999,1.2586
2004-09-14,1.2586,1.2641,1.2545,1.2585
2004-09-15,1.2585,1.2714,1.2566,1.2697
2004-09-16,1.2697,1.2745,1.2651,1.2683
2004-09-17,1.2683,1.2723,1.2659,1.2685
2004-09-20,1.2681,1.2772999999999999,1.2681,1.2711999999999999
2004-09-21,1.2711999999999999,1.2735,1.2523,1.2534
2004-09-22,1.2534,1.2653,1.2530999999999999,1.2595
2004-09-23,1.2595,1.2627,1.2542,1.26
2004-09-24,1.26,1.2654,1.251,1.2626
2004-09-27,1.2602,1.2647,1.2581,1.2612
2004-09-28,1.2612,1.2628,1.2556,1.259
2004-09-29,1.259,1.2639,1.257,1.2589
2004-09-30,1.2589,1.2612,1.2444,1.246
2004-10-01,1.246,1.252,1.2449,1.2498
2004-10-04,1.2513,1.2677,1.2502,1.2645
2004-10-05,1.2645,1.2665,1.2599,1.2618
2004-10-06,1.2618,1.2683,1.261,1.2644
2004-10-07,1.2644,1.2661,1.261,1.2642
2004-10-08,1.2642,1.2644,1.2469,1.2507
2004-10-11,1.2488,1.2529,1.248,1.2505
2004-10-12,1.2505,1.2606,1.2497,1.2554
2004-10-13,1.2554,1.2662,1.2501,1.2513
2004-10-14,1.2513,1.2547,1.2427,1.2446
2004-10-15,1.2446,1.2456,1.2313,1.2327
2004-10-18,1.233,1.2353,1.2268,1.2312
2004-10-19,1.2312,1.2366,1.2282,1.2293
2004-10-20,1.2293,1.231,1.2167999999999999,1.221
2004-10-21,1.221,1.2226,1.2146,1.2175
2004-10-22,1.2175,1.221,1.2111,1.2118
2004-10-25,1.2086,1.2086,1.1937,1.1963
2004-10-26,1.1963,1.2049,1.1924,1.2011
2004-10-27,1.2011,1.2085,1.1954,1.2064
2004-10-28,1.2064,1.2136,1.1965,1.1999
2004-10-29,1.1999,1.2037,1.1936,1.1937
2004-11-01,1.1931,1.2049,1.191,1.2018
2004-11-02,1.2018,1.2117,1.2008,1.2023
2004-11-03,1.2023,1.2123,1.1925,1.1932
2004-11-04,1.1932,1.1965,1.1835,1.1873
2004-11-05,1.1873,1.2004,1.1771,1.1774
2004-11-08,1.1771,1.1841,1.1754,1.1811
2004-11-09,1.1811,1.1859,1.1795,1.183
2004-11-10,1.183,1.1861,1.1696,1.1814
2004-11-11,1.1814,1.1834,1.1761,1.1775
2004-11-12,1.1775,1.1818,1.1691,1.1712
2004-11-15,1.1711,1.1817,1.1698,1.1788
2004-11-16,1.1788,1.1812,1.1723999999999999,1.176
2004-11-17,1.176,1.1764999999999999,1.1605,1.1627
2004-11-18,1.1627,1.1735,1.1596,1.171
2004-11-19,1.171,1.1721,1.1578,1.1613
2004-11-22,1.16,1.1645,1.1591,1.1622999999999999
2004-11-23,1.1622999999999999,1.1697,1.1561,1.1581
2004-11-24,1.1581,1.1587,1.145,1.1451
2004-11-25,1.1451,1.1467,1.1404,1.1429
2004-11-26,1.1429,1.1493,1.1334,1.1386
2004-11-29,1.1416,1.1473,1.1384,1.1419
2004-11-30,1.1419,1.1459,1.1323,1.1411
2004-12-01,1.1411,1.1453,1.1352,1.1401
2004-12-02,1.1401,1.1558,1.1364,1.1516
2004-12-03,1.1516,1.1531,1.13,1.1305
2004-12-06,1.1318,1.1428,1.1306,1.1411
2004-12-07,1.1411,1.1426,1.1337,1.1413
2004-12-08,1.1413,1.1635,1.1401,1.1488
2004-12-09,1.1488,1.1565,1.1463,1.15
2004-12-10,1.15,1.1683999999999999,1.1495,1.1609
2004-12-13,1.1627,1.1634,1.1516,1.1538
2004-12-14,1.1538,1.1588,1.1508,1.1542999999999999
2004-12-15,1.1542999999999999,1.1585,1.1385,1.1421
2004-12-16,1.1421,1.1621,1.1391,1.1584
2004-12-17,1.1584,1.1619,1.152,1.1578
2004-12-20,1.1546,1.1575,1.1457,1.1494
2004-12-21,1.1494,1.1542,1.1476,1.1537
2004-12-22,1.1537,1.1562,1.15,1.1528
2004-12-23,1.1528,1.1535,1.1425,1.1434
2004-12-24,1.1434,1.1454,1.1401999999999999,1.1427
2004-12-27,1.1427,1.1449,1.1328,1.1351
2004-12-28,1.1351,1.1374,1.1316,1.1334
2004-12-29,1.1334,1.1387,1.1307,1.1336
2004-12-30,1.1336,1.1383,1.1284,1.132
2004-12-31,1.132,1.1437,1.1289,1.1408
2005-01-03,1.1408,1.1575,1.1371,1.148
2005-01-04,1.148,1.1712,1.1441999999999999,1.1672
2005-01-05,1.1672,1.176,1.1648,1.1682
2005-01-06,1.1682,1.1778,1.1665,1.1748
2005-01-07,1.1748,1.1887,1.1674,1.1851
2005-01-10,1.1839,1.1854,1.1784999999999999,1.1824999999999999
2005-01-11,1.1824999999999999,1.1836,1.1731,1.1835
2005-01-12,1.1835,1.1841,1.1626,1.1682
2005-01-13,1.1682,1.1741,1.1666,1.1714
2005-01-14,1.1714,1.1869,1.1712,1.1809
2005-01-17,1.1803,1.1837,1.1772,1.1832
2005-01-18,1.1832,1.1905999999999999,1.1803,1.185
2005-01-19,1.185,1.1899,1.1748,1.1857
2005-01-20,1.1857,1.1925,1.1832,1.1903
2005-01-21,1.1903,1.1968,1.1836,1.1844
2005-01-24,1.1857,1.187,1.1789,1.183
2005-01-25,1.183,1.1972,1.1804999999999999,1.1929
2005-01-26,1.1929,1.1941,1.1802,1.184
2005-01-27,1.184,1.1882,1.1779,1.1838
2005-01-28,1.1838,1.1922,1.1815,1.1855
2005-01-31,1.1874,1.1943,1.1853,1.1888
2005-02-01,1.1888,1.1955,1.1872,1.1905999999999999
2005-02-02,1.1905999999999999,1.1962,1.1856,1.1929
2005-02-03,1.1929,1.2052,1.1919,1.202
2005-02-04,1.202,1.2117,1.1941,1.2105
2005-02-07,1.2121,1.2263,1.2113,1.2244
2005-02-08,1.2244,1.2253,1.2182,1.2216
2005-02-09,1.2216,1.2235,1.215,1.2166
2005-02-10,1.2166,1.2243,1.2036,1.2083
2005-02-11,1.2083,1.2119,1.2062,1.2104
2005-02-14,1.2092,1.2093,1.196,1.1978
2005-02-15,1.1978,1.2,1.1876,1.1895
2005-02-16,1.1895,1.1945999999999999,1.1832,1.1872
2005-02-17,1.1872,1.1895,1.1796,1.1838
2005-02-18,1.1838,1.1897,1.1818,1.1829
2005-02-21,1.1852,1.186,1.1806,1.1818
2005-02-22,1.1818,1.1839,1.1576,1.1582
2005-02-23,1.1582,1.1668,1.1568,1.1633
2005-02-24,1.1633,1.1719,1.1592,1.1692
2005-02-25,1.1692,1.1739,1.162,1.1626
2005-02-28,1.1617,1.1634,1.1577,1.163
2005-03-01,1.163,1.1687,1.1606,1.1649
2005-03-02,1.1649,1.1778,1.1646,1.1732
2005-03-03,1.1732,1.1824999999999999,1.1728,1.1809
2005-03-04,1.1809,1.1827,1.1665,1.1691
2005-03-07,1.1687,1.1779,1.1681,1.1748
2005-03-08,1.1748,1.1757,1.1584,1.1616
2005-03-09,1.1616,1.1647,1.1554,1.1586
2005-03-10,1.1586,1.1609,1.1514,1.1538
2005-03-11,1.1538,1.1567,1.1487,1.1506
2005-03-14,1.1499,1.1638,1.1477,1.1594
2005-03-15,1.1594,1.1672,1.156,1.1652
2005-03-16,1.1652,1.1665,1.1502,1.1525
2005-03-17,1.1525,1.1598,1.1518,1.1565
2005-03-18,1.1565,1.1688,1.1564,1.1643999999999999
2005-03-21,1.1642,1.1809,1.1639,1.1784999999999999
2005-03-22,1.1784999999999999,1.1919,1.1743999999999999,1.1883
2005-03-23,1.1883,1.1988,1.1875,1.196
2005-03-24,1.196,1.2017,1.1916,1.2015
2005-03-25,1.2015,1.2029,1.1982,1.1996
2005-03-28,1.1996,1.2085,1.1993,1.2035
2005-03-29,1.2035,1.2054,1.1976,1.2016
2005-03-30,1.2016,1.2017,1.1925,1.2001
2005-03-31,1.2001,1.2005,1.1892,1.1963
2005-04-01,1.1963,1.2079,1.1881,1.2028
2005-04-04,1.2042,1.2127999999999999,1.2028,1.2096
2005-04-05,1.2096,1.2146,1.204,1.205
2005-04-06,1.205,1.2084,1.2008,1.2056
2005-04-07,1.2056,1.2081,1.1975,1.2069
2005-04-08,1.2069,1.2116,1.1967,1.1979
2005-04-11,1.1969,1.1994,1.1897,1.1936
2005-04-12,1.1936,1.2046,1.1898,1.1985999999999999
2005-04-13,1.1985999999999999,1.2075,1.1945999999999999,1.1998
2005-04-14,1.1998,1.2196,1.1991,1.2138
2005-04-15,1.2138,1.2167999999999999,1.1988,1.2002
2005-04-18,1.201,1.2043,1.1849,1.1876
2005-04-19,1.1876,1.1907,1.179,1.1804
2005-04-20,1.1804,1.1892,1.1761,1.1779
2005-04-21,1.1779,1.1856,1.174,1.1827
2005-04-22,1.1827,1.1853,1.1778,1.181
2005-04-25,1.1804,1.192,1.1801,1.1875
2005-04-26,1.1875,1.1913,1.1855,1.1867
2005-04-27,1.1867,1.1964,1.1855,1.1925
2005-04-28,1.1925,1.1956,1.1885,1.1927
2005-04-29,1.1927,1.1977,1.1838,1.1953
2005-05-02,1.1962,1.2012,1.1955,1.1974
2005-05-03,1.1974,1.2016,1.1942,1.1984
2005-05-04,1.1984,1.1991,1.188,1.1918
2005-05-05,1.1918,1.1978,1.189,1.1934
2005-05-06,1.1934,1.2086,1.1927,1.2064
2005-05-09,1.2066999999999999,1.2094,1.2049,1.2053
2005-05-10,1.2053,1.2069,1.1993,1.2008
2005-05-11,1.2008,1.2098,1.196,1.2051
2005-05-12,1.2051,1.2172,1.2048,1.2152
2005-05-13,1.2152,1.2253,1.2152,1.2241
2005-05-16,1.2239,1.2288999999999999,1.2207999999999999,1.2214
2005-05-17,1.2214,1.2271,1.2192,1.225
2005-05-18,1.225,1.2268999999999999,1.2162,1.2177
2005-05-19,1.2177,1.226,1.2147999999999999,1.2215
2005-05-20,1.2215,1.236,1.2206,1.2338
2005-05-23,1.2342,1.235,1.2281,1.2308
2005-05-24,1.2308,1.2324,1.2244,1.2288
2005-05-25,1.2288,1.2315,1.2247,1.2265
2005-05-26,1.2265,1.2379,1.2257,1.2362
2005-05-27,1.2362,1.2364,1.2298,1.2305
2005-05-30,1.2327,1.2395,1.2318,1.2387
2005-05-31,1.2387,1.2495,1.2371,1.248
2005-06-01,1.248,1.2598,1.2449,1.2575
2005-06-02,1.2575,1.2576,1.2475,1.2521
2005-06-03,1.2521,1.256,1.2448,1.2535
2005-06-06,1.253,1.254,1.2464,1.2493
2005-06-07,1.2493,1.2513,1.2429,1.2452
2005-06-08,1.2452,1.2577,1.2409999999999999,1.2548
2005-06-09,1.2548,1.2594,1.2510999999999999,1.2545
2005-06-10,1.2545,1.27,1.2521,1.2683
2005-06-13,1.269,1.2786,1.2681,1.2704
2005-06-14,1.2704,1.2791,1.267,1.2772999999999999
2005-06-15,1.2772999999999999,1.2792,1.2687,1.2709
2005-06-16,1.2709,1.2772,1.2656,1.2718
2005-06-17,1.2718,1.2735,1.2569,1.2574
2005-06-20,1.2634,1.2737,1.2610999999999999,1.2705
2005-06-21,1.2705,1.2783,1.2651999999999999,1.2656
2005-06-22,1.2656,1.2747,1.262,1.2719
2005-06-23,1.2719,1.2812,1.2693,1.2792
2005-06-24,1.2792,1.284,1.2729,1.2737
2005-06-27,1.2741,1.2743,1.2656,1.2682
2005-06-28,1.2682,1.2818,1.267,1.2816
2005-06-29,1.2816,1.2877,1.277,1.2822
2005-06-30,1.2822,1.2862,1.2781,1.2812
2005-07-01,1.2812,1.2978,1.2811,1.2978
2005-07-04,1.2973,1.304,1.2964,1.3034999999999999
2005-07-05,1.3034999999999999,1.3073,1.2995,1.3039
2005-07-06,1.3039,1.3069,1.2997,1.3022
2005-07-07,1.3022,1.3048,1.2838,1.2981
2005-07-08,1.2981,1.3076,1.296,1.2998
2005-07-11,1.2991,1.3005,1.2856,1.287
2005-07-12,1.287,1.289,1.27,1.271
2005-07-13,1.271,1.2917,1.2705,1.2897
2005-07-14,1.2897,1.2929,1.2854,1.2898
2005-07-15,1.2898,1.2977,1.285,1.2948
2005-07-18,1.2964,1.2982,1.2904,1.2945
2005-07-19,1.2945,1.3081,1.293,1.2997
2005-07-20,1.2997,1.3032,1.2807,1.2866
2005-07-21,1.2866,1.2903,1.275,1.2848
2005-07-22,1.2848,1.2976,1.2819,1.2967
2005-07-25,1.2969,1.2992,1.2933,1.2961
2005-07-26,1.2961,1.3029,1.2941,1.2996
2005-07-27,1.2996,1.306,1.2932,1.2945
2005-07-28,1.2945,1.2999,1.2836,1.2854
2005-07-29,1.2854,1.2922,1.2821,1.2883
2005-08-01,1.2888,1.2896,1.2717,1.2791
2005-08-02,1.2791,1.28,1.2697,1.277
2005-08-03,1.277,1.2812999999999999,1.2602,1.2610999999999999
2005-08-04,1.2610999999999999,1.2659,1.2563,1.2579
2005-08-05,1.2579,1.2677,1.2562,1.2624
2005-08-08,1.2633,1.2675,1.259,1.261
2005-08-09,1.261,1.2631,1.2542,1.2593
2005-08-10,1.2593,1.2619,1.2519,1.2566
2005-08-11,1.2566,1.2573,1.2449,1.2455
2005-08-12,1.2455,1.2538,1.2433,1.2475
2005-08-15,1.2449,1.2565,1.2445,1.2548
2005-08-16,1.2548,1.2627,1.2534,1.2541
2005-08-17,1.2541,1.2637,1.2537,1.262
2005-08-18,1.262,1.274,1.2586,1.2711
2005-08-19,1.2711,1.277,1.2695,1.2743
2005-08-22,1.2735,1.2752,1.2673,1.2701
2005-08-23,1.2701,1.2743,1.2681,1.2698
2005-08-24,1.2698,1.2786,1.2639,1.2643
2005-08-25,1.2643,1.2655,1.2537,1.2562
2005-08-26,1.2562,1.26,1.2519,1.2581
2005-08-29,1.2576,1.2687,1.2504,1.2669
2005-08-30,1.2669,1.2745,1.2656,1.2695
2005-08-31,1.2695,1.2704,1.2521,1.2529
2005-09-01,1.2529,1.2558,1.2316,1.2342
2005-09-02,1.2342,1.2367,1.2247,1.2287
2005-09-05,1.2291,1.2343,1.2237,1.2315
2005-09-06,1.2315,1.2403,1.2313,1.2381
2005-09-07,1.2381,1.2443,1.2308,1.2429999999999999
2005-09-08,1.2429999999999999,1.2467,1.2385,1.2446
2005-09-09,1.2446,1.2468,1.2386,1.2429999999999999
2005-09-12,1.2438,1.2595,1.2426,1.2577
2005-09-13,1.2577,1.2639,1.2545,1.2613
2005-09-14,1.2613,1.2622,1.2530999999999999,1.2578
2005-09-15,1.2578,1.2695,1.2570999999999999,1.2675
2005-09-16,1.2675,1.2726,1.2598,1.2691999999999999
2005-09-19,1.2742,1.2811,1.2731,1.2785
2005-09-20,1.2785,1.2824,1.2744,1.2819
2005-09-21,1.2819,1.2823,1.2679,1.2707
2005-09-22,1.2707,1.2809,1.2659,1.2784
2005-09-23,1.2784,1.2923,1.2775,1.2918
2005-09-26,1.2929,1.2961,1.288,1.2893
2005-09-27,1.2893,1.2996,1.2881,1.2957
2005-09-28,1.2957,1.2982,1.2912,1.2923
2005-09-29,1.2923,1.2977,1.2882,1.2938
2005-09-30,1.2938,1.2978,1.2852,1.2943
2005-10-03,1.2926,1.3043,1.2921,1.3014999999999999
2005-10-04,1.3014999999999999,1.3036,1.2987,1.3014
2005-10-05,1.3014,1.3022,1.2919,1.2927
2005-10-06,1.2927,1.2931,1.267,1.2707
2005-10-07,1.2707,1.2829,1.2696,1.2783
2005-10-10,1.2798,1.2871,1.2749,1.2831
2005-10-11,1.2831,1.2919,1.2824,1.2895
2005-10-12,1.2895,1.2948,1.2832,1.2872
2005-10-13,1.2872,1.302,1.2859,1.2891
2005-10-14,1.2891,1.2944,1.2778,1.283
2005-10-17,1.2839,1.2937,1.2794,1.2922
2005-10-18,1.2922,1.3062,1.2919,1.2983
2005-10-19,1.2983,1.3074,1.2929,1.2945
2005-10-20,1.2945,1.2986,1.2868,1.2876
2005-10-21,1.2876,1.296,1.2803,1.2922
2005-10-24,1.2936,1.2953,1.2832,1.2869
2005-10-25,1.2869,1.2938,1.2743,1.2765
2005-10-26,1.2765,1.2837,1.2728,1.283
2005-10-27,1.283,1.285,1.2695,1.2731
2005-10-28,1.2731,1.2826,1.2695,1.2807
2005-10-31,1.2808,1.2923,1.2781,1.2885
2005-11-01,1.2885,1.2923,1.2859,1.2881
2005-11-02,1.2881,1.289,1.276,1.2777
2005-11-03,1.2777,1.2935,1.2775,1.2918
2005-11-04,1.2918,1.3084,1.2865,1.3058
2005-11-07,1.3083,1.3107,1.3034,1.3057
2005-11-08,1.3057,1.3172,1.3056,1.311
2005-11-09,1.311,1.3165,1.3083,1.3104
2005-11-10,1.3104,1.3157,1.3044,1.3153
2005-11-11,1.3153,1.3163,1.3107,1.311
2005-11-14,1.3121,1.3211,1.3062,1.3179
2005-11-15,1.3179,1.324,1.3157,1.3166
2005-11-16,1.3166,1.3285,1.3153,1.3253
2005-11-17,1.3253,1.3283,1.3155,1.3171
2005-11-18,1.3171,1.3273,1.3134,1.3146
2005-11-21,1.3145,1.3205,1.308,1.3198
2005-11-22,1.3198,1.3243,1.3094,1.3108
2005-11-23,1.3108,1.3167,1.3068,1.311
2005-11-24,1.311,1.3174,1.3108,1.3153
2005-11-25,1.3153,1.3209,1.3134,1.3189
2005-11-28,1.3198,1.3235,1.2993999999999999,1.3051
2005-11-29,1.3051,1.3189,1.3041,1.3138
2005-11-30,1.3138,1.3177,1.3116,1.3152
2005-12-01,1.3152,1.322,1.3125,1.3172
2005-12-02,1.3172,1.3231,1.3142,1.3167
2005-12-05,1.3184,1.3211,1.3034,1.3068
2005-12-06,1.3068,1.3108,1.3037,1.3069
2005-12-07,1.3069,1.3158,1.3041,1.3132
2005-12-08,1.3132,1.3151,1.2967,1.2998
2005-12-09,1.2998,1.3068,1.2993999999999999,1.3025
2005-12-12,1.3061,1.3063,1.2859,1.2898
2005-12-13,1.2898,1.2965,1.2866,1.2929
2005-12-14,1.2929,1.2945,1.2775,1.2817
2005-12-15,1.2817,1.2915,1.2794,1.289
2005-12-16,1.289,1.2928,1.2838,1.2895
2005-12-19,1.2885,1.2951,1.2875,1.2923
2005-12-20,1.2923,1.3116,1.2913999999999999,1.3088
2005-12-21,1.3088,1.3167,1.3031,1.3127
2005-12-22,1.3127,1.3171,1.3074999999999999,1.3123
2005-12-23,1.3123,1.3158,1.3092,1.312
2005-12-27,1.312,1.3177,1.3107,1.3175
2005-12-28,1.3175,1.319,1.3053,1.317
2005-12-29,1.317,1.3181,1.3117,1.3146
2005-12-30,1.3146,1.3195999999999999,1.3094,1.3137
2006-01-03,1.3137,1.3137,1.2889,1.2901
2006-01-04,1.2901,1.2911,1.2734,1.2765
2006-01-05,1.2765,1.2827,1.2749,1.2756
2006-01-06,1.2756,1.279,1.2673,1.2696
2006-01-09,1.2703,1.2797,1.2688,1.2754
2006-01-10,1.2754,1.2831,1.2748,1.2802
2006-01-11,1.2802,1.2844,1.2717,1.2756
2006-01-12,1.2756,1.289,1.2722,1.2851
2006-01-13,1.2851,1.2868,1.2756,1.2764
2006-01-16,1.2752999999999999,1.2805,1.2726,1.2786
2006-01-17,1.2786,1.2861,1.2761,1.2801
2006-01-18,1.2801,1.2839,1.2728,1.2795
2006-01-19,1.2795,1.2888,1.2786,1.2838
2006-01-20,1.2838,1.2888,1.2755,1.2762
2006-01-23,1.2755,1.2758,1.256,1.2565
2006-01-24,1.2565,1.2637,1.2554,1.2608
2006-01-25,1.2608,1.2651,1.2572,1.2648
2006-01-26,1.2648,1.2711999999999999,1.2624,1.2698
2006-01-27,1.2698,1.2851,1.2682,1.2837
2006-01-30,1.2824,1.2897,1.2811,1.2867
2006-01-31,1.2867,1.2881,1.2739,1.2779
2006-02-01,1.2779,1.2916,1.2772,1.289
2006-02-02,1.289,1.2921,1.2835,1.2859
2006-02-03,1.2859,1.2993999999999999,1.2839,1.2946
2006-02-06,1.2925,1.3039,1.2913999999999999,1.3008
2006-02-07,1.3008,1.3027,1.2952,1.297
2006-02-08,1.297,1.3039,1.2951,1.2991
2006-02-09,1.2991,1.3033,1.2946,1.2993999999999999
2006-02-10,1.2993999999999999,1.3083,1.2925,1.3078
2006-02-13,1.3071,1.3104,1.3049,1.3079
2006-02-14,1.3079,1.3138,1.3048,1.3076
2006-02-15,1.3076,1.3119,1.303,1.31
2006-02-16,1.31,1.3153,1.309,1.3094999999999999
2006-02-17,1.3094999999999999,1.3175,1.3084,1.3103
2006-02-20,1.3105,1.3114999999999999,1.3057,1.3074999999999999
2006-02-21,1.3074999999999999,1.3113,1.306,1.3079
2006-02-22,1.3079,1.3154,1.3068,1.3105
2006-02-23,1.3105,1.3138,1.3021,1.309
2006-02-24,1.309,1.3179,1.3072,1.3175999999999999
2006-02-27,1.3169,1.3227,1.3167,1.3224
2006-02-28,1.3224,1.3235999999999999,1.309,1.3113
2006-03-01,1.3113,1.3175999999999999,1.3038,1.3126
2006-03-02,1.3126,1.3135999999999999,1.2969,1.2976
2006-03-03,1.2976,1.3025,1.2952,1.2973999999999999
2006-03-06,1.2964,1.301,1.2893,1.2983
2006-03-07,1.2983,1.3148,1.2975,1.3133
2006-03-08,1.3133,1.3146,1.3065,1.3076
2006-03-09,1.3076,1.315,1.3063,1.3138
2006-03-10,1.3138,1.3229,1.3122,1.3165
2006-03-13,1.3164,1.3171,1.3111,1.3118
2006-03-14,1.3118,1.313,1.3004,1.3026
2006-03-15,1.3026,1.3036,1.2945,1.2955
2006-03-16,1.2955,1.3001,1.2871,1.2893
2006-03-17,1.2893,1.2953999999999999,1.287,1.2895
2006-03-20,1.2906,1.2939,1.2889,1.2911
2006-03-21,1.2911,1.3038,1.2903,1.3009
2006-03-22,1.3009,1.3058,1.2989,1.3047
2006-03-23,1.3047,1.3194,1.304,1.3166
2006-03-24,1.3166,1.3192,1.3088,1.3105
2006-03-27,1.31,1.3113,1.3063,1.3085
2006-03-28,1.3085,1.3118,1.2977,1.3096
2006-03-29,1.3096,1.3127,1.3068,1.3102
2006-03-30,1.3102,1.3103,1.2958,1.2966
2006-03-31,1.2966,1.3083,1.2957,1.3029
2006-04-03,1.3041,1.3135,1.303,1.3041
2006-04-04,1.3041,1.3061,1.2875,1.2903
2006-04-05,1.2903,1.292,1.2812999999999999,1.2835
2006-04-06,1.2835,1.2928,1.2805,1.2897
2006-04-07,1.2897,1.3034,1.2886,1.301
2006-04-10,1.3009,1.3059,1.2973,1.3023
2006-04-11,1.3023,1.3046,1.2965,1.2981
2006-04-12,1.2981,1.3039,1.2933,1.2986
2006-04-13,1.2986,1.3018,1.2951,1.2977
2006-04-14,1.2977,1.2993,1.2966,1.2981
2006-04-17,1.2971,1.2972,1.2751,1.2796
2006-04-18,1.2796,1.2817,1.2682,1.2689
2006-04-19,1.2689,1.276,1.2649,1.2667
2006-04-20,1.2667,1.2815,1.2664,1.278
2006-04-21,1.278,1.2823,1.2726,1.2754
2006-04-24,1.2717,1.2747,1.2656,1.2679
2006-04-25,1.2679,1.2731,1.264,1.2678
2006-04-26,1.2678,1.2742,1.2667,1.2702
2006-04-27,1.2702,1.2749,1.2577,1.2589
2006-04-28,1.2589,1.261,1.2389999999999999,1.24
2006-05-01,1.2384,1.2441,1.2286,1.2406
2006-05-02,1.2406,1.2448,1.2324,1.2374
2006-05-03,1.2374,1.2397,1.2294,1.2364
2006-05-04,1.2364,1.2421,1.2247999999999999,1.2287
2006-05-05,1.2287,1.2317,1.2217,1.2257
2006-05-08,1.2252,1.2297,1.218,1.2276
2006-05-09,1.2276,1.2319,1.2183,1.2201
2006-05-10,1.2201,1.2221,1.2126,1.2181
2006-05-11,1.2181,1.2305,1.2088,1.2134
2006-05-12,1.2134,1.2138,1.1964,1.197
2006-05-15,1.196,1.2133,1.192,1.2117
2006-05-16,1.2117,1.2167,1.2056,1.2066999999999999
2006-05-17,1.2066999999999999,1.2187999999999999,1.2003,1.2145
2006-05-18,1.2145,1.2164,1.2049,1.2058
2006-05-19,1.2058,1.2241,1.2026999999999999,1.2161
2006-05-22,1.2167,1.2232,1.2016,1.2036
2006-05-23,1.2036,1.2125,1.2026,1.2085
2006-05-24,1.2085,1.2202,1.2025,1.2174
2006-05-25,1.2174,1.2202,1.2145,1.2173
2006-05-26,1.2173,1.23,1.2138,1.2272
2006-05-29,1.2259,1.228,1.222,1.2245
2006-05-30,1.2245,1.2256,1.2069,1.211
2006-05-31,1.211,1.2192,1.2068,1.219
2006-06-01,1.219,1.2292,1.2171,1.2214
2006-06-02,1.2214,1.2227,1.2052,1.2072
2006-06-05,1.2061,1.208,1.2015,1.2077
2006-06-06,1.2077,1.2179,1.204,1.2153
2006-06-07,1.2153,1.2243,1.2139,1.2218
2006-06-08,1.2218,1.2363,1.2184,1.2319
2006-06-09,1.2319,1.2364,1.2272,1.2311
2006-06-12,1.2336,1.2368,1.2293,1.2336
2006-06-13,1.2336,1.2407,1.2303,1.2396
2006-06-14,1.2396,1.2397,1.2266,1.2312
2006-06-15,1.2312,1.2343,1.2258,1.2306
2006-06-16,1.2306,1.2345,1.2266,1.2307
2006-06-19,1.2307,1.2434,1.2303,1.2406
2006-06-20,1.2406,1.2439,1.2345,1.2388
2006-06-21,1.2388,1.2391,1.2315,1.234
2006-06-22,1.234,1.2445,1.2317,1.2426
2006-06-23,1.2426,1.2529,1.2416,1.2483
2006-06-26,1.2482,1.2494,1.2404,1.2425
2006-06-27,1.2425,1.2472,1.2398,1.2435
2006-06-28,1.2435,1.2491,1.2422,1.2455
2006-06-29,1.2455,1.2501,1.2356,1.2361
2006-06-30,1.2361,1.2372,1.2224,1.2226
2006-07-03,1.2245,1.2276,1.2218,1.2239
2006-07-04,1.2239,1.2262,1.2226,1.2246
2006-07-05,1.2246,1.2357,1.2202,1.232
2006-07-06,1.232,1.2328,1.2265,1.2275
2006-07-07,1.2275,1.2297,1.2191,1.222
2006-07-10,1.222,1.2325,1.2219,1.2305
2006-07-11,1.2305,1.2331,1.2253,1.2255
2006-07-12,1.2255,1.2373,1.2251,1.2336
2006-07-13,1.2336,1.2347,1.2274,1.2294
2006-07-14,1.2294,1.2378,1.2282,1.2345
2006-07-17,1.2345,1.2494,1.2327,1.2479
2006-07-18,1.2479,1.2556,1.2445,1.2528
2006-07-19,1.2528,1.2596,1.2448,1.2486
2006-07-20,1.2486,1.2488,1.2418,1.2439
2006-07-21,1.2439,1.2444,1.2356,1.236
2006-07-24,1.236,1.2483,1.2348999999999999,1.2455
2006-07-25,1.2455,1.2547,1.2421,1.2535
2006-07-26,1.2535,1.254,1.2401,1.2403
2006-07-27,1.2403,1.2417,1.2307,1.2382
2006-07-28,1.2382,1.2425,1.2311,1.2338
2006-07-31,1.2338,1.2348,1.2282,1.231
2006-08-01,1.231,1.2368,1.2255,1.2258
2006-08-02,1.2258,1.2324,1.2255,1.2308
2006-08-03,1.2308,1.2354,1.2267,1.2308999999999999
2006-08-04,1.2308999999999999,1.2346,1.2192,1.2222
2006-08-07,1.2222,1.2271,1.2203,1.2253
2006-08-08,1.2253,1.2286,1.2201,1.2256
2006-08-09,1.2256,1.2332,1.2207999999999999,1.2264
2006-08-10,1.2264,1.2386,1.2193,1.2337
2006-08-11,1.2337,1.2437,1.2333,1.2424
2006-08-14,1.2424,1.2438,1.2374,1.2421
2006-08-15,1.2421,1.2445,1.2341,1.2368
2006-08-16,1.2368,1.2381,1.226,1.2298
2006-08-17,1.2298,1.2346,1.2238,1.2327
2006-08-18,1.2327,1.2381,1.2293,1.2327
2006-08-21,1.2327,1.2335,1.2183,1.2245
2006-08-22,1.2245,1.2365,1.2238,1.234
2006-08-23,1.234,1.237,1.229,1.2351
2006-08-24,1.2351,1.24,1.2308,1.2388
2006-08-25,1.2388,1.2424,1.2356,1.2391
2006-08-28,1.2391,1.2397,1.2324,1.237
2006-08-29,1.237,1.238,1.2271,1.2288999999999999
2006-08-30,1.2288999999999999,1.231,1.2265,1.2274
2006-08-31,1.2274,1.2344,1.2227999999999999,1.2302
2006-09-01,1.2302,1.2388,1.2284,1.2301
2006-09-04,1.2301,1.2308,1.2275,1.2281
2006-09-05,1.2281,1.2367,1.2279,1.2337
2006-09-06,1.2337,1.2403,1.2324,1.2352
2006-09-07,1.2352,1.2463,1.2326,1.2426
2006-09-08,1.2426,1.2507,1.2421,1.2466
2006-09-11,1.2466,1.25,1.2395,1.2446
2006-09-12,1.2446,1.2518,1.2402,1.2506
2006-09-13,1.2506,1.2549,1.2479,1.2509
2006-09-14,1.2509,1.2526,1.2435,1.2516
2006-09-15,1.2516,1.2623,1.2512,1.256
2006-09-18,1.256,1.2585,1.25,1.2502
2006-09-19,1.2502,1.2573,1.2483,1.2513
2006-09-20,1.2513,1.2534,1.2461,1.2517
2006-09-21,1.2517,1.2541,1.2415,1.2425
2006-09-22,1.2425,1.2431,1.2321,1.2352
2006-09-25,1.2352,1.2395,1.2288999999999999,1.2387
2006-09-26,1.2387,1.2467,1.2368999999999999,1.2433
2006-09-27,1.2433,1.2474,1.2415,1.2442
2006-09-28,1.2442,1.2489999999999999,1.2419,1.2469999999999999
2006-09-29,1.2469999999999999,1.2569,1.2458,1.2502
2006-10-02,1.2502,1.2525,1.2404,1.2432
2006-10-03,1.2432,1.2466,1.2421,1.2452
2006-10-04,1.2452,1.2544,1.2448,1.2486
2006-10-05,1.2486,1.2548,1.2477,1.2519
2006-10-06,1.2519,1.2634,1.2489,1.261
2006-10-09,1.261,1.2621,1.259,1.2619
2006-10-10,1.2619,1.2706,1.2599,1.2697
2006-10-11,1.2697,1.2743,1.2688,1.2725
2006-10-12,1.2725,1.2733,1.2677,1.2687
2006-10-13,1.2687,1.277,1.2665,1.2735
2006-10-16,1.2735,1.2754,1.2691999999999999,1.2706
2006-10-17,1.2706,1.2711,1.2639,1.2681
2006-10-18,1.2681,1.2741,1.2656,1.2702
2006-10-19,1.2702,1.2705,1.2547,1.2575
2006-10-20,1.2575,1.2602,1.2556,1.2587
2006-10-23,1.2587,1.2688,1.2572,1.2664
2006-10-24,1.2664,1.2704,1.2642,1.2666
2006-10-25,1.2666,1.2673,1.2624,1.265
2006-10-26,1.265,1.2655,1.2521,1.2534
2006-10-27,1.2534,1.2570999999999999,1.2468,1.2483
2006-10-30,1.2483,1.2507,1.2469999999999999,1.2482
2006-10-31,1.2482,1.2529,1.2413,1.2439
2006-11-01,1.2439,1.246,1.2404,1.2455
2006-11-02,1.2455,1.2477,1.2431,1.2451
2006-11-03,1.2451,1.257,1.2445,1.2534
2006-11-06,1.2534,1.2579,1.2526,1.2555
2006-11-07,1.2555,1.2557,1.2439,1.2495
2006-11-08,1.2495,1.2524,1.2451,1.2510999999999999
2006-11-09,1.2510999999999999,1.252,1.2403,1.2429999999999999
2006-11-10,1.2429999999999999,1.2431,1.2347,1.2409
2006-11-13,1.2409,1.2459,1.2358,1.2448
2006-11-14,1.2448,1.2471,1.2385,1.2433
2006-11-15,1.2433,1.2521,1.2429999999999999,1.2457
2006-11-16,1.2457,1.2492,1.2441,1.2479
2006-11-17,1.2479,1.2538,1.2421,1.2441
2006-11-20,1.2441,1.2449,1.2397,1.2437
2006-11-21,1.2437,1.2451,1.2397,1.2409999999999999
2006-11-22,1.2409999999999999,1.2412,1.2254,1.2263
2006-11-23,1.2263,1.2281,1.2207,1.2246
2006-11-24,1.2246,1.2247,1.2072,1.209
2006-11-27,1.209,1.2109,1.2017,1.2064
2006-11-28,1.2064,1.2092,1.2015,1.2026999999999999
2006-11-29,1.2026999999999999,1.2117,1.2012,1.2097
2006-11-30,1.2097,1.2105,1.1957,1.1978
2006-12-01,1.1978,1.2006999999999999,1.1899,1.1931
2006-12-04,1.1931,1.1989,1.1904,1.1929
2006-12-05,1.1929,1.1965999999999999,1.1879,1.1923
2006-12-06,1.1923,1.1987,1.1907,1.1958
2006-12-07,1.1958,1.1969,1.1915,1.1952
2006-12-08,1.1952,1.2059,1.1882,1.2044
2006-12-11,1.2044,1.2098,1.2,1.2028
2006-12-12,1.2028,1.2055,1.1983,1.1994
2006-12-13,1.1994,1.2082,1.1989,1.2062
2006-12-14,1.2062,1.2159,1.2026,1.2146
2006-12-15,1.2146,1.2231,1.2116,1.2212
2006-12-18,1.2212,1.2268,1.2185,1.2224
2006-12-19,1.2224,1.223,1.2117,1.214
2006-12-20,1.214,1.2193,1.2111,1.2178
2006-12-21,1.2178,1.2203,1.2138,1.2164
2006-12-22,1.2164,1.2224,1.2117,1.2184
2006-12-26,1.2184,1.2236,1.2182,1.2231
2006-12-27,1.2231,1.2267,1.2161,1.2266
2006-12-28,1.2266,1.2272,1.2167999999999999,1.2216
2006-12-29,1.2216,1.2226,1.2182,1.2183
2007-01-02,1.2183,1.2184,1.2111,1.2136
2007-01-03,1.2136,1.2296,1.2121,1.226
2007-01-04,1.226,1.2333,1.224,1.2328
2007-01-05,1.2328,1.2394,1.2272,1.2359
2007-01-08,1.2359,1.2411,1.2332,1.2363
2007-01-09,1.2363,1.2431,1.2338,1.2411
2007-01-10,1.2411,1.2478,1.2401,1.2463
2007-01-11,1.2463,1.2506,1.2409,1.2494
2007-01-12,1.2494,1.2527,1.2446,1.2476
2007-01-15,1.2476,1.2496,1.2444,1.2485
2007-01-16,1.2485,1.2499,1.2417,1.248
2007-01-17,1.248,1.2515,1.2452,1.2472
2007-01-18,1.2472,1.2547,1.2431,1.2468
2007-01-19,1.2468,1.2529,1.2449999999999999,1.2477
2007-01-22,1.2477,1.2527,1.2469999999999999,1.2489
2007-01-23,1.2489,1.2516,1.2375,1.2424
2007-01-24,1.2424,1.2498,1.2413,1.2476
2007-01-25,1.2476,1.2498,1.2423,1.2485
2007-01-26,1.2485,1.2577,1.2475,1.2534
2007-01-29,1.2534,1.2562,1.2510999999999999,1.2530999999999999
2007-01-30,1.2530999999999999,1.2545,1.2499,1.2510999999999999
2007-01-31,1.2510999999999999,1.2572,1.2428,1.244
2007-02-01,1.244,1.246,1.2389,1.2433
2007-02-02,1.2433,1.2495,1.2376,1.2472
2007-02-05,1.2472,1.2519,1.2468,1.2484
2007-02-06,1.2484,1.2497,1.2387,1.2397
2007-02-07,1.2397,1.2424,1.238,1.2412
2007-02-08,1.2412,1.2510999999999999,1.2401,1.2457
2007-02-09,1.2457,1.2522,1.2453,1.2484
2007-02-12,1.2484,1.2550999999999999,1.2459,1.2534
2007-02-13,1.2534,1.2538,1.2442,1.2467
2007-02-14,1.2467,1.2476,1.2368,1.2397
2007-02-15,1.2397,1.2408,1.233,1.2344
2007-02-16,1.2344,1.2384,1.2334,1.2343
2007-02-19,1.2327,1.2352,1.2314,1.2324
2007-02-20,1.2324,1.2393,1.2312,1.2364
2007-02-21,1.2364,1.2414,1.2339,1.2378
2007-02-22,1.2378,1.2437,1.2371,1.2379
2007-02-23,1.2379,1.2411,1.2295,1.2328999999999999
2007-02-26,1.2328999999999999,1.2333,1.2287,1.2299
2007-02-27,1.2299,1.2307,1.2143,1.2173
2007-02-28,1.2173,1.2243,1.2169,1.2194
2007-03-01,1.2194,1.2237,1.2147,1.2216
2007-03-02,1.2216,1.2262,1.2145,1.2164
2007-03-05,1.2164,1.2243,1.2109,1.2206
2007-03-06,1.2206,1.2255,1.2193,1.2231
2007-03-07,1.2231,1.2249,1.2165,1.2172
2007-03-08,1.2172,1.2295,1.2158,1.2275
2007-03-09,1.2275,1.2355,1.2257,1.234
2007-03-12,1.234,1.2351,1.2235,1.2245
2007-03-13,1.2245,1.226,1.2167,1.2176
2007-03-14,1.2176,1.2199,1.2103,1.2164
2007-03-15,1.2164,1.2216,1.2134,1.2173
2007-03-16,1.2173,1.2174,1.203,1.2078
2007-03-19,1.2078,1.2147,1.2046,1.2121
2007-03-20,1.2121,1.2161,1.2108,1.2116
2007-03-21,1.2116,1.2166,1.2085,1.2096
2007-03-22,1.2096,1.2182,1.2075,1.2142
2007-03-23,1.2142,1.219,1.2112,1.2181
2007-03-26,1.2181,1.2227999999999999,1.2117,1.2155
2007-03-27,1.2155,1.2167999999999999,1.2116,1.2129
2007-03-28,1.2129,1.2179,1.2083,1.2162
2007-03-29,1.2162,1.2187999999999999,1.2136,1.2174
2007-03-30,1.2174,1.224,1.2083,1.2147999999999999
2007-04-02,1.2147999999999999,1.2174,1.2118,1.2153
2007-04-03,1.2153,1.2232,1.2145,1.2224
2007-04-04,1.2224,1.2232,1.2173,1.2198
2007-04-05,1.2198,1.2212,1.2123,1.215
2007-04-06,1.215,1.2227999999999999,1.2147,1.2215
2007-04-09,1.2215,1.2283,1.221,1.2267
2007-04-10,1.2267,1.227,1.2143,1.2165
2007-04-11,1.2165,1.2226,1.2163,1.2206
2007-04-12,1.2206,1.2246,1.2132,1.217
2007-04-13,1.217,1.2189,1.2068,1.2142
2007-04-16,1.2127999999999999,1.2147,1.2114,1.2142
2007-04-17,1.2142,1.2151,1.2065,1.2085
2007-04-18,1.2085,1.2091,1.2025,1.2037
2007-04-19,1.2037,1.2063,1.2001,1.2044
2007-04-20,1.2044,1.2091,1.2037,1.2078
2007-04-23,1.2078,1.2127,1.2054,1.2096
2007-04-24,1.2096,1.2105,1.2006999999999999,1.2014
2007-04-25,1.2014,1.2058,1.1994,1.2045
2007-04-26,1.2045,1.21,1.2031,1.2086
2007-04-27,1.2086,1.2106,1.1996,1.2051
2007-04-30,1.2051,1.2104,1.203,1.2072
2007-05-01,1.2072,1.2164,1.2051,1.2144
2007-05-02,1.2144,1.2189,1.2117,1.2136
2007-05-03,1.2136,1.2171,1.2093,1.2159
2007-05-04,1.2159,1.2165,1.2099,1.2111
2007-05-07,1.2111,1.2118,1.2083,1.2111
2007-05-08,1.2111,1.2196,1.2103,1.2182
2007-05-09,1.2182,1.2193,1.2141,1.2186
2007-05-10,1.2186,1.2223,1.2159,1.2199
2007-05-11,1.2199,1.2213,1.2167,1.2183
2007-05-14,1.2183,1.2207,1.2167999999999999,1.219
2007-05-15,1.219,1.2203,1.2126,1.2153
2007-05-16,1.2153,1.2247,1.2139,1.2235
2007-05-17,1.2235,1.2282,1.2196,1.227
2007-05-18,1.227,1.2281,1.2244,1.227
2007-05-21,1.227,1.2332,1.2263,1.2305
2007-05-22,1.2305,1.2328999999999999,1.2282,1.2298
2007-05-23,1.2298,1.2312,1.224,1.2275
2007-05-24,1.2275,1.2315,1.2265,1.2278
2007-05-25,1.2278,1.2294,1.2256,1.2275
2007-05-28,1.2275,1.2288,1.2265,1.2286
2007-05-29,1.2286,1.2307,1.22,1.2254
2007-05-30,1.2254,1.2279,1.2237,1.2255
2007-05-31,1.2255,1.2271,1.2229,1.2252
2007-06-01,1.2252,1.2328999999999999,1.2247,1.2297
2007-06-04,1.2297,1.2307,1.2216,1.2234
2007-06-05,1.2234,1.2242,1.2162,1.2178
2007-06-06,1.2178,1.2189,1.2147,1.2162
2007-06-07,1.2162,1.2267,1.2159,1.2239
2007-06-08,1.2239,1.2366,1.2235,1.2358
2007-06-11,1.2358,1.2401,1.2347,1.238
2007-06-12,1.238,1.2429999999999999,1.2373,1.2424
2007-06-13,1.2424,1.2469,1.2415,1.2444
2007-06-14,1.2444,1.2468,1.2432,1.2461
2007-06-15,1.2461,1.2465,1.2409999999999999,1.2424
2007-06-18,1.2424,1.2425,1.2387,1.2419
2007-06-19,1.2419,1.2427,1.2391,1.2406
2007-06-20,1.2406,1.2408,1.2355,1.2372
2007-06-21,1.2372,1.2427,1.2368999999999999,1.2416
2007-06-22,1.2416,1.2424,1.2284,1.2285
2007-06-25,1.2285,1.2312,1.2271,1.2284
2007-06-26,1.2284,1.2308,1.226,1.2279
2007-06-27,1.2279,1.2304,1.2273,1.2292
2007-06-28,1.2292,1.2342,1.2267,1.2311
2007-06-29,1.2311,1.2334,1.2207999999999999,1.2212
2007-07-02,1.2212,1.2226,1.2095,1.2106999999999999
2007-07-03,1.2106999999999999,1.2178,1.209,1.2157
2007-07-04,1.2157,1.2169,1.2145,1.2163
2007-07-05,1.2163,1.2199,1.2101,1.2172
2007-07-06,1.2172,1.2233,1.2162,1.218
2007-07-09,1.2173,1.2192,1.2154,1.2166
2007-07-10,1.2166,1.2194,1.2019,1.2019
2007-07-11,1.2019,1.2066999999999999,1.1993,1.2063
2007-07-12,1.2063,1.2066999999999999,1.2005,1.2029
2007-07-13,1.2029,1.2055,1.1985,1.203
2007-07-16,1.2018,1.2037,1.1994,1.2034
2007-07-17,1.2034,1.2038,1.1975,1.2026999999999999
2007-07-18,1.2026999999999999,1.205,1.1961,1.2008
2007-07-19,1.2008,1.2052,1.1985999999999999,1.2033
2007-07-20,1.2033,1.2066,1.1982,1.2002
2007-07-23,1.2008,1.2079,1.1983,1.2058
2007-07-24,1.2058,1.2076,1.2012,1.2028
2007-07-25,1.2028,1.2165,1.2021,1.2132
2007-07-26,1.2132,1.215,1.202,1.2037
2007-07-27,1.2037,1.2133,1.2023,1.2088
2007-07-30,1.2086,1.2099,1.2006999999999999,1.2028
2007-07-31,1.2028,1.2065,1.2005,1.201
2007-08-01,1.201,1.2051,1.1979,1.2043
2007-08-02,1.2043,1.2084,1.2024,1.2045
2007-08-03,1.2045,1.2071,1.1867,1.1885999999999999
2007-08-06,1.1857,1.1925999999999999,1.1815,1.1916
2007-08-07,1.1916,1.1985,1.1893,1.1972
2007-08-08,1.1972,1.1995,1.1913,1.1964
2007-08-09,1.1964,1.1994,1.192,1.1963
2007-08-10,1.1963,1.2017,1.193,1.1987
2007-08-13,1.1985,1.2065,1.1973,1.2053
2007-08-14,1.2053,1.2118,1.2029,1.211
2007-08-15,1.211,1.2198,1.2103,1.2191
2007-08-16,1.2191,1.2214,1.2133,1.2163
2007-08-17,1.2163,1.2179,1.1994,1.2052
2007-08-20,1.2064,1.2089,1.2049,1.2057
2007-08-21,1.2057,1.2083,1.2012,1.2061
2007-08-22,1.2061,1.2111,1.2041,1.2063
2007-08-23,1.2063,1.2106,1.2048,1.2072
2007-08-24,1.2072,1.2077,1.1993,1.2015
2007-08-27,1.2003,1.2046999999999999,1.2,1.2028
2007-08-28,1.2028,1.2041,1.1961,1.2004
2007-08-29,1.2004,1.2039,1.1983,1.1997
2007-08-30,1.1997,1.2066999999999999,1.1987,1.2046999999999999
2007-08-31,1.2046999999999999,1.2089,1.1989,1.2088
2007-09-03,1.2081,1.21,1.2061,1.2081
2007-09-04,1.2081,1.2151,1.2075,1.2125
2007-09-05,1.2125,1.2138,1.2022,1.204
2007-09-06,1.204,1.2063,1.1993,1.2013
2007-09-07,1.2013,1.2026,1.1861,1.1885999999999999
2007-09-10,1.1875,1.1879,1.184,1.1864
2007-09-11,1.1864,1.1899,1.18379,1.1888
2007-09-12,1.1888,1.1896,1.1818,1.1848
2007-09-13,1.1848,1.18891,1.18015,1.1859
2007-09-14,1.1859,1.1923,1.1839,1.18887
2007-09-17,1.1895,1.1899,1.18482,1.1869
2007-09-18,1.1869,1.18951,1.18048,1.1813
2007-09-19,1.1813,1.1879,1.17938,1.18412
2007-09-20,1.18412,1.18445,1.16866,1.17243
2007-09-21,1.17243,1.1772,1.1678,1.17196
2007-09-24,1.17172,1.1757,1.16867,1.17252
2007-09-25,1.17252,1.17465,1.1638,1.16632
2007-09-26,1.16632,1.172,1.16447,1.1705
2007-09-27,1.1705,1.17407,1.1677,1.1737
2007-09-28,1.1737,1.1739,1.1625,1.16414
2007-10-01,1.1622999999999999,1.1719,1.16221,1.1683999999999999
2007-10-02,1.1683999999999999,1.1779,1.16764,1.1748399999999999
2007-10-03,1.1748399999999999,1.1809,1.17126,1.1804999999999999
2007-10-04,1.1804999999999999,1.1814,1.1738,1.17445
2007-10-05,1.17445,1.1853,1.1742,1.17817
2007-10-08,1.17669,1.187,1.17595,1.1863
2007-10-09,1.1863,1.1894,1.1824999999999999,1.1832
2007-10-10,1.1832,1.18457,1.1786,1.18303
2007-10-11,1.18303,1.18453,1.177,1.18196
2007-10-12,1.18196,1.1879,1.1804999999999999,1.18438
2007-10-15,1.1846,1.1859,1.17794,1.18074
2007-10-16,1.18074,1.1844999999999999,1.1788,1.18242
2007-10-17,1.18242,1.1834,1.1778,1.18004
2007-10-18,1.18004,1.18041,1.1662,1.16959
2007-10-19,1.16959,1.1736,1.16569,1.1673
2007-10-22,1.16302,1.17858,1.16009,1.17766
2007-10-23,1.17766,1.1784,1.17026,1.17311
2007-10-24,1.17311,1.1775,1.1709,1.1718
2007-10-25,1.1718,1.17344,1.1635,1.16571
2007-10-26,1.16571,1.16643,1.162,1.164
2007-10-29,1.1622,1.1671,1.16068,1.16441
2007-10-30,1.16441,1.1671,1.1582,1.1586
2007-10-31,1.1586,1.1627,1.1556,1.15794
2007-11-01,1.15794,1.1639,1.1556,1.15817
2007-11-02,1.15817,1.15866,1.1492,1.1531
2007-11-05,1.153,1.1558,1.15085,1.1537
2007-11-06,1.1537,1.15411,1.1421999999999999,1.1445
2007-11-07,1.1445,1.1449,1.1257,1.13335
2007-11-08,1.13335,1.1343,1.1253,1.1277
2007-11-09,1.1277,1.12781,1.1188,1.12314
2007-11-12,1.1222,1.13,1.1217,1.12852
2007-11-13,1.12852,1.1297,1.1228,1.12753
2007-11-14,1.12753,1.12755,1.1177,1.12404
2007-11-15,1.12404,1.1262,1.1199999999999999,1.1225
2007-11-16,1.1225,1.1247,1.11594,1.1192
2007-11-19,1.1169,1.1202,1.115,1.11501
2007-11-20,1.11501,1.1174,1.10544,1.1056
2007-11-21,1.1056,1.108,1.1014599999999999,1.10161
2007-11-22,1.10161,1.104,1.10046,1.101
2007-11-23,1.101,1.1049,1.08841,1.10205
2007-11-26,1.1034,1.1071,1.09555,1.09684
2007-11-27,1.09684,1.1069,1.0961,1.1051
2007-11-28,1.1051,1.11953,1.1041,1.1107
2007-11-29,1.1107,1.1209,1.11039,1.11775
2007-11-30,1.11775,1.13242,1.1159999999999999,1.1324
2007-12-03,1.1305,1.13096,1.1251,1.1272
2007-12-04,1.1272,1.1319,1.1161,1.1166
2007-12-05,1.1166,1.1287,1.1154,1.1273
2007-12-06,1.1273,1.1353,1.1265,1.1296
2007-12-07,1.1296,1.13323,1.1277,1.1284
2007-12-10,1.12788,1.1302,1.1235,1.1280999999999999
2007-12-11,1.1280999999999999,1.13626,1.12544,1.13074
2007-12-12,1.13074,1.14021,1.12742,1.1346
2007-12-13,1.1346,1.14521,1.1298,1.141
2007-12-14,1.141,1.15471,1.14019,1.1525
2007-12-17,1.1559,1.15746,1.14789,1.1489
2007-12-18,1.1489,1.15354,1.14833,1.15164
2007-12-19,1.15164,1.1587,1.15117,1.15521
2007-12-20,1.15521,1.15913,1.1542,1.15805
2007-12-21,1.15805,1.1595,1.1514,1.1565
2007-12-24,1.1558,1.1579,1.1539,1.15694
2007-12-26,1.15694,1.15862,1.15694,1.15841
2007-12-27,1.15841,1.15841,1.1373,1.1389799999999999
2007-12-28,1.1389799999999999,1.1413,1.12601,1.1269
2007-12-31,1.128,1.13472,1.12255,1.13329
2008-01-02,1.13329,1.13329,1.1148,1.1194
2008-01-03,1.1194,1.12013,1.1105,1.11072
2008-01-04,1.11072,1.11627,1.10192,1.10664
2008-01-07,1.10738,1.1191,1.1066,1.11627
2008-01-08,1.11627,1.11902,1.11184,1.1124
2008-01-09,1.1124,1.1171,1.1104,1.1165
2008-01-10,1.1165,1.11726,1.10043,1.10339
2008-01-11,1.10339,1.1048499999999999,1.09769,1.1016
2008-01-14,1.10084,1.1012,1.0886,1.093
2008-01-15,1.093,1.0945,1.0854,1.0928
2008-01-16,1.0928,1.1024,1.08375,1.10039
2008-01-17,1.10039,1.1087,1.09535,1.1009
2008-01-18,1.1009,1.10661,1.0982,1.0994
2008-01-21,1.0995,1.11105,1.0992,1.10805
2008-01-22,1.10805,1.11216,1.09475,1.0948
2008-01-23,1.0948,1.099,1.0871,1.0914
2008-01-24,1.0914,1.09365,1.08462,1.0877999999999999
2008-01-25,1.0877999999999999,1.0989,1.0862,1.09722
2008-01-28,1.09565,1.09655,1.0872,1.08915
2008-01-29,1.08915,1.0961,1.0883,1.0936
2008-01-30,1.0936,1.09495,1.0815,1.08325
2008-01-31,1.08325,1.08595,1.0756999999999999,1.08168
2008-02-01,1.08168,1.0896,1.07279,1.0889
2008-02-04,1.08865,1.09245,1.08635,1.088
2008-02-05,1.088,1.1057,1.08734,1.0995
2008-02-06,1.0995,1.1004,1.0951,1.09805
2008-02-07,1.09805,1.11035,1.0933,1.10393
2008-02-08,1.10393,1.1081,1.1009,1.102
2008-02-11,1.10196,1.1047,1.09465,1.1023
2008-02-12,1.1023,1.10413,1.098,1.102
2008-02-13,1.102,1.1107,1.10086,1.1082
2008-02-14,1.1082,1.10975,1.09643,1.0975
2008-02-15,1.0975,1.09865,1.0886,1.0937999999999999
2008-02-18,1.0933,1.10463,1.0931,1.10215
2008-02-19,1.10215,1.1025,1.09092,1.09403
2008-02-20,1.09403,1.10255,1.09357,1.0995
2008-02-21,1.0995,1.10333,1.0866,1.0896
2008-02-22,1.0896,1.0917,1.08355,1.0848
2008-02-25,1.0848,1.09295,1.0848,1.0893
2008-02-26,1.0893,1.09185,1.07462,1.0755
2008-02-27,1.0755,1.07635,1.06109,1.06314
2008-02-28,1.06314,1.06444,1.04846,1.0519
2008-02-29,1.0519,1.05265,1.0409,1.0417
2008-03-03,1.0417,1.04574,1.0308,1.0422
2008-03-04,1.0422,1.043,1.0336,1.03755
2008-03-05,1.03755,1.04286,1.0334699999999999,1.03656
2008-03-06,1.03656,1.03816,1.02135,1.02258
2008-03-07,1.02258,1.0285,1.01325,1.02557
2008-03-10,1.02557,1.0256,1.01716,1.01925
2008-03-11,1.01925,1.03485,1.0148,1.0332999999999999
2008-03-12,1.0332999999999999,1.0352999999999999,1.01275,1.01457
2008-03-13,1.01457,1.01675,1.00442,1.0098
2008-03-14,1.0098,1.01439,0.99724,0.99878
2008-03-17,0.99878,0.99878,0.96455,0.9843
2008-03-18,0.9843,1.00346,0.9785,1.0022
2008-03-19,1.0022,1.00537,0.9868,0.99762
2008-03-20,0.99762,1.01675,0.99525,1.0095
2008-03-21,1.0095,1.0099,1.0049,1.008
2008-03-24,1.008,1.025,1.008,1.0203
2008-03-25,1.0203,1.02215,1.0039,1.005
2008-03-26,1.005,1.0113,0.9884499999999999,0.9887
2008-03-27,0.9887,0.9988,0.988,0.9939
2008-03-28,0.9939,0.99968,0.9913,0.9946699999999999
2008-03-31,0.9946699999999999,0.9993,0.9871,0.99295
2008-04-01,0.99295,1.014,0.99274,1.01226
2008-04-02,1.01226,1.01648,1.00688,1.00856
2008-04-03,1.00856,1.0218,1.00709,1.01003
2008-04-04,1.01003,1.01286,1.00145,1.00581
2008-04-07,1.00581,1.01722,1.0054,1.01295
2008-04-08,1.01295,1.01562,1.00657,1.01386
2008-04-09,1.01386,1.0168,0.99742,1.00175
2008-04-10,1.00175,1.00877,0.98879,1.0081
2008-04-11,1.0081,1.00898,0.99658,1.00046
2008-04-14,1.00046,1.00747,0.99265,0.9986
2008-04-15,0.9986,1.0086,0.99561,1.0063
2008-04-16,1.0063,1.01104,0.99395,1.0003
2008-04-17,1.0003,1.00935,0.9959,1.0061
2008-04-18,1.0061,1.02836,1.00381,1.01867
2008-04-21,1.01867,1.02055,1.00642,1.00889
2008-04-22,1.00889,1.01314,0.99975,1.0030999999999999
2008-04-23,1.0030999999999999,1.01712,1.0021,1.01511
2008-04-24,1.01511,1.03845,1.0144,1.03544
2008-04-25,1.03544,1.04305,1.0301,1.03633
2008-04-28,1.03633,1.0368,1.0299,1.03365
2008-04-29,1.03365,1.0399,1.03156,1.03765
2008-04-30,1.03765,1.0443,1.0328,1.0343499999999999
2008-05-01,1.0343499999999999,1.05085,1.03335,1.04821
2008-05-02,1.04821,1.06083,1.04644,1.05631
2008-05-05,1.05631,1.0596,1.05095,1.0534999999999999
2008-05-06,1.0534999999999999,1.055,1.04263,1.0519
2008-05-07,1.0519,1.05927,1.05115,1.05516
2008-05-08,1.05516,1.06267,1.0481,1.05098
2008-05-09,1.05098,1.05145,1.039,1.04111
2008-05-12,1.04111,1.05116,1.0406,1.0435
2008-05-13,1.0435,1.05564,1.0417,1.05265
2008-05-14,1.05265,1.06005,1.05115,1.0545
2008-05-15,1.0545,1.05935,1.04852,1.057
2008-05-16,1.057,1.05882,1.04313,1.04702
2008-05-19,1.04702,1.05726,1.04143,1.0533
2008-05-20,1.0533,1.0534999999999999,1.03563,1.03729
2008-05-21,1.03729,1.03912,1.02495,1.025
2008-05-22,1.025,1.0354,1.02325,1.03045
2008-05-23,1.03045,1.0335,1.0215,1.02375
2008-05-26,1.02375,1.02761,1.0231,1.02427
2008-05-27,1.02427,1.03465,1.0223,1.03362
2008-05-28,1.03362,1.04231,1.026,1.0378
2008-05-29,1.0378,1.05239,1.03647,1.0492
2008-05-30,1.0492,1.05271,1.04136,1.04196
2008-06-02,1.04196,1.0448,1.0325,1.0372999999999999
2008-06-03,1.0372999999999999,1.049,1.02736,1.04215
2008-06-04,1.04215,1.04461,1.03615,1.0422
2008-06-05,1.0422,1.05219,1.0352,1.0379
2008-06-06,1.0379,1.04084,1.0185899999999999,1.01922
2008-06-09,1.01922,1.0296,1.0148,1.02735
2008-06-10,1.02735,1.04387,1.02695,1.0418
2008-06-11,1.0418,1.0447899999999999,1.03085,1.0315
2008-06-12,1.0315,1.049,1.0302499999999999,1.04159
2008-06-13,1.04159,1.05401,1.03868,1.04905
2008-06-16,1.04905,1.052,1.03795,1.0447
2008-06-17,1.0447,1.04589,1.03775,1.04155
2008-06-18,1.04155,1.04675,1.03554,1.03597
2008-06-19,1.03597,1.04742,1.0319,1.0453
2008-06-20,1.0453,1.04561,1.0304,1.03418
2008-06-23,1.03418,1.04932,1.0331,1.0452
2008-06-24,1.0452,1.04715,1.03489,1.04165
2008-06-25,1.04165,1.0446,1.0341,1.0348
2008-06-26,1.0348,1.03911,1.02195,1.0237
2008-06-27,1.0237,1.02685,1.01655,1.01826
2008-06-30,1.01826,1.02168,1.01306,1.02095
2008-07-01,1.02095,1.0228,1.01381,1.01976
2008-07-02,1.01976,1.02324,1.01306,1.01397
2008-07-03,1.01397,1.0282499999999999,1.0105,1.0262
2008-07-04,1.0262,1.0278,1.02321,1.02514
2008-07-07,1.02514,1.03427,1.0225899999999999,1.02696
2008-07-08,1.02696,1.03482,1.0219,1.03363
2008-07-09,1.03363,1.03528,1.02768,1.02804
2008-07-10,1.02804,1.03375,1.02533,1.02781
2008-07-11,1.02781,1.03037,1.01362,1.01636
2008-07-14,1.01636,1.02502,1.01323,1.016
2008-07-15,1.016,1.01769,1.00107,1.00915
2008-07-16,1.00915,1.01878,1.00289,1.01724
2008-07-17,1.01724,1.02587,1.0133699999999999,1.01918
2008-07-18,1.01918,1.02517,1.01739,1.02248
2008-07-21,1.02248,1.02417,1.0170299999999999,1.01762
2008-07-22,1.01762,1.03344,1.01376,1.03085
2008-07-23,1.03085,1.03995,1.02894,1.0376
2008-07-24,1.0376,1.04045,1.03511,1.03711
2008-07-25,1.03711,1.04075,1.0316,1.0369599999999999
2008-07-28,1.0369599999999999,1.03877,1.03249,1.03447
2008-07-29,1.03447,1.04791,1.03182,1.0467
2008-07-30,1.0467,1.05216,1.044,1.04826
2008-07-31,1.04826,1.04963,1.04027,1.04692
2008-08-01,1.04692,1.05162,1.04604,1.05126
2008-08-04,1.05126,1.05126,1.04339,1.04818
2008-08-05,1.04818,1.05588,1.04781,1.05433
2008-08-06,1.05433,1.06097,1.0502,1.05996
2008-08-07,1.05996,1.06374,1.05233,1.06251
2008-08-08,1.06251,1.08375,1.0607199999999999,1.08071
2008-08-11,1.08071,1.08816,1.0742099999999999,1.08587
2008-08-12,1.08587,1.09256,1.08299,1.08676
2008-08-13,1.08676,1.09219,1.08254,1.08531
2008-08-14,1.08531,1.09802,1.0836,1.0927499999999999
2008-08-15,1.0927499999999999,1.10082,1.09233,1.09709
2008-08-18,1.09709,1.10044,1.09115,1.09738
2008-08-19,1.09738,1.10331,1.0902,1.09201
2008-08-20,1.09201,1.10418,1.0895,1.09891
2008-08-21,1.09891,1.09999,1.0843,1.08584
2008-08-22,1.08584,1.09991,1.08542,1.09883
2008-08-25,1.09883,1.10319,1.0923,1.09558
2008-08-26,1.09558,1.10864,1.09534,1.09951
2008-08-27,1.09951,1.10248,1.0916,1.0975
2008-08-28,1.0975,1.1013,1.08839,1.09849
2008-08-29,1.09849,1.10387,1.09245,1.10101
2008-09-01,1.10101,1.10475,1.09493,1.10112
2008-09-02,1.10112,1.11306,1.10094,1.1065099999999999
2008-09-03,1.1065099999999999,1.11715,1.10405,1.106
2008-09-04,1.106,1.11316,1.10083,1.10888
2008-09-05,1.10888,1.11835,1.10671,1.1174
2008-09-08,1.1174,1.13731,1.11253,1.13142
2008-09-09,1.13142,1.1364,1.1213899999999999,1.12687
2008-09-10,1.12687,1.13725,1.12422,1.13651
2008-09-11,1.13651,1.14183,1.13359,1.13786
2008-09-12,1.13786,1.14004,1.12943,1.1309
2008-09-15,1.1309,1.1309,1.10547,1.11555
2008-09-16,1.11555,1.12492,1.10472,1.12282
2008-09-17,1.12282,1.12485,1.09895,1.1027
2008-09-18,1.1027,1.11099,1.08984,1.10412
2008-09-19,1.10412,1.128,1.10062,1.10265
2008-09-22,1.10265,1.10507,1.06869,1.07424
2008-09-23,1.07424,1.08885,1.0724,1.08604
2008-09-24,1.08604,1.0917999999999999,1.0803099999999999,1.09139
2008-09-25,1.09139,1.09401,1.08015,1.0905
2008-09-26,1.0905,1.0912,1.08294,1.09024
2008-09-29,1.09024,1.10881,1.08148,1.08915
2008-09-30,1.08915,1.1246,1.08824,1.12184
2008-10-01,1.12184,1.12914,1.11445,1.12533
2008-10-02,1.12533,1.1413,1.12377,1.13537
2008-10-03,1.13537,1.1403,1.1216,1.12715
2008-10-06,1.12715,1.1486,1.12715,1.14748
2008-10-07,1.14748,1.14863,1.136,1.13889
2008-10-08,1.13889,1.1441,1.121,1.12612
2008-10-09,1.12612,1.13422,1.12283,1.12903
2008-10-10,1.12903,1.1409,1.11282,1.1338
2008-10-13,1.1338,1.14406,1.1245,1.13699
2008-10-14,1.13699,1.13825,1.12727,1.13696
2008-10-15,1.13696,1.14056,1.12968,1.13176
2008-10-16,1.13176,1.14887,1.12819,1.13764
2008-10-17,1.13764,1.13928,1.12926,1.13701
2008-10-20,1.13701,1.1522999999999999,1.13165,1.14911
2008-10-21,1.14911,1.15905,1.14689,1.15069
2008-10-22,1.15069,1.17124,1.15037,1.16285
2008-10-23,1.16285,1.1698,1.15832,1.15833
2008-10-24,1.15833,1.17482,1.14814,1.16953
2008-10-27,1.16953,1.17123,1.15174,1.15501
2008-10-28,1.15501,1.16556,1.1536,1.15922
2008-10-29,1.15922,1.1595,1.125,1.13011
2008-10-30,1.13011,1.1479,1.1199999999999999,1.138
2008-10-31,1.138,1.16847,1.13527,1.15751
2008-11-03,1.15751,1.17475,1.14731,1.17457
2008-11-04,1.17457,1.18,1.15676,1.16215
2008-11-05,1.16215,1.17445,1.155,1.15786
2008-11-06,1.15786,1.17949,1.15643,1.17804
2008-11-07,1.17804,1.17962,1.1679,1.17672
2008-11-10,1.17672,1.1803,1.17126,1.17873
2008-11-11,1.17873,1.1877,1.17229,1.18745
2008-11-12,1.18745,1.18946,1.17611,1.18665
2008-11-13,1.18665,1.2001,1.1824999999999999,1.18719
2008-11-14,1.18719,1.194,1.1838899999999999,1.19173
2008-11-17,1.19173,1.20034,1.1888,1.19852
2008-11-18,1.19852,1.20464,1.19671,1.20302
2008-11-19,1.20302,1.2146,1.1941599999999999,1.21378
2008-11-20,1.21378,1.22808,1.21014,1.22455
2008-11-21,1.22455,1.22973,1.21727,1.22171
2008-11-24,1.22171,1.2224,1.1905999999999999,1.19352
2008-11-25,1.19352,1.20614,1.18297,1.18332
2008-11-26,1.18332,1.20776,1.18331,1.20349
2008-11-27,1.20349,1.20438,1.19539,1.20007
2008-11-28,1.20007,1.21994,1.19608,1.21361
2008-12-01,1.21361,1.21531,1.20206,1.20571
2008-12-02,1.20571,1.20971,1.19939,1.20627
2008-12-03,1.20627,1.21693,1.20507,1.20922
2008-12-04,1.20922,1.21892,1.19247,1.19486
2008-12-05,1.19486,1.22521,1.19314,1.222
2008-12-08,1.222,1.22302,1.20178,1.2030399999999999
2008-12-09,1.2030399999999999,1.21786,1.20063,1.20522
2008-12-10,1.20522,1.2084,1.19261,1.19874
2008-12-11,1.19874,1.20008,1.17905,1.18379
2008-12-12,1.18379,1.18686,1.17358,1.1764999999999999
2008-12-15,1.1764999999999999,1.17666,1.1564699999999999,1.15924
2008-12-16,1.15924,1.15951,1.11402,1.12414
2008-12-17,1.12414,1.12484,1.0715,1.07177
2008-12-18,1.07177,1.0867499999999999,1.04112,1.08335
2008-12-19,1.08335,1.11331,1.07434,1.10307
2008-12-22,1.10307,1.10494,1.08801,1.09369
2008-12-23,1.09369,1.09455,1.083,1.08867
2008-12-24,1.08867,1.08931,1.07117,1.07445
2008-12-26,1.07445,1.07701,1.06672,1.06772
2008-12-29,1.06772,1.06772,1.03693,1.06184
2008-12-30,1.06184,1.06488,1.04852,1.0599399999999999
2008-12-31,1.0599399999999999,1.07418,1.05402,1.07122
2009-01-02,1.07122,1.0844799999999999,1.06146,1.08283
2009-01-05,1.08283,1.1125,1.07,1.10876
2009-01-06,1.10876,1.1279,1.10726,1.11365
2009-01-07,1.11365,1.12064,1.08687,1.10122
2009-01-08,1.10122,1.10831,1.08629,1.09279
2009-01-09,1.09279,1.11892,1.0887499999999999,1.11384
2009-01-12,1.11384,1.12408,1.1097299999999999,1.11458
2009-01-13,1.11458,1.12538,1.11346,1.11881
2009-01-14,1.11881,1.12408,1.11222,1.11576
2009-01-15,1.11576,1.12902,1.11353,1.1244
2009-01-16,1.1244,1.12486,1.11086,1.11691
2009-01-19,1.11691,1.13449,1.1121699999999999,1.13434
2009-01-20,1.13434,1.15187,1.13147,1.14622
2009-01-21,1.14622,1.1615,1.13813,1.15324
2009-01-22,1.15324,1.15958,1.15061,1.15257
2009-01-23,1.15257,1.17155,1.1506,1.15587
2009-01-26,1.15587,1.16444,1.1344,1.1372
2009-01-27,1.1372,1.14349,1.13127,1.14251
2009-01-28,1.14251,1.15653,1.133,1.15119
2009-01-29,1.15119,1.15804,1.14062,1.153
2009-01-30,1.153,1.16597,1.15147,1.15947
2009-02-02,1.15947,1.16846,1.15766,1.16117
2009-02-03,1.16117,1.16684,1.14007,1.14199
2009-02-04,1.14199,1.16357,1.14107,1.15819
2009-02-05,1.15819,1.17196,1.15722,1.17032
2009-02-06,1.17032,1.17444,1.15916,1.16358
2009-02-09,1.16358,1.16787,1.15016,1.16399
2009-02-10,1.16399,1.17814,1.15059,1.15637
2009-02-11,1.15637,1.16337,1.15124,1.1579
2009-02-12,1.1579,1.17151,1.15598,1.16297
2009-02-13,1.16297,1.166,1.15611,1.16029
2009-02-16,1.16029,1.17061,1.15799,1.15948
2009-02-17,1.15948,1.1778,1.15882,1.16922
2009-02-18,1.16922,1.18271,1.16514,1.1780599999999999
2009-02-19,1.1780599999999999,1.18004,1.17025,1.1734
2009-02-20,1.1734,1.18847,1.1461999999999999,1.15259
2009-02-23,1.15259,1.16971,1.14611,1.16848
2009-02-24,1.16848,1.17131,1.15331,1.15995
2009-02-25,1.15995,1.17429,1.15488,1.16978
2009-02-26,1.16978,1.17289,1.15961,1.16403
2009-02-27,1.16403,1.1760599999999999,1.1613,1.16984
2009-03-02,1.16984,1.17961,1.16984,1.1755
2009-03-03,1.1755,1.1788399999999999,1.16831,1.17566
2009-03-04,1.17566,1.18485,1.16707,1.16746
2009-03-05,1.16746,1.18102,1.16452,1.1707
2009-03-06,1.1707,1.1717,1.14849,1.15959
2009-03-09,1.15959,1.1682,1.15326,1.15814
2009-03-10,1.15814,1.16502,1.14326,1.16059
2009-03-11,1.16059,1.16763,1.1520299999999999,1.15292
2009-03-12,1.15292,1.1968,1.14944,1.18457
2009-03-13,1.18457,1.19343,1.18351,1.187
2009-03-16,1.187,1.1912,1.18039,1.18467
2009-03-17,1.18467,1.19019,1.18125,1.18192
2009-03-18,1.18192,1.18319,1.13794,1.141
2009-03-19,1.141,1.14573,1.11583,1.12354
2009-03-20,1.12354,1.12977,1.1169499999999999,1.12912
2009-03-23,1.12912,1.1342,1.11707,1.12466
2009-03-24,1.12466,1.13249,1.12085,1.13191
2009-03-25,1.13191,1.13281,1.11691,1.12123
2009-03-26,1.12123,1.12882,1.11814,1.12689
2009-03-27,1.12689,1.14798,1.12232,1.14338
2009-03-30,1.14338,1.1549,1.14338,1.14838
2009-03-31,1.14838,1.15151,1.13572,1.13936
2009-04-01,1.13936,1.15058,1.13689,1.14521
2009-04-02,1.14521,1.1487,1.13069,1.13374
2009-04-03,1.13374,1.13903,1.12965,1.13092
2009-04-06,1.13092,1.14069,1.12407,1.13615
2009-04-07,1.13615,1.1483,1.1346,1.14231
2009-04-08,1.14231,1.15182,1.14145,1.14666
2009-04-09,1.14666,1.16041,1.1427,1.15588
2009-04-10,1.15588,1.16229,1.15499,1.15499
2009-04-13,1.15499,1.16066,1.13036,1.13297
2009-04-14,1.13297,1.14482,1.13208,1.13844
2009-04-15,1.13844,1.14872,1.13612,1.14244
2009-04-16,1.14244,1.15204,1.13988,1.14629
2009-04-17,1.14629,1.1688399999999999,1.14566,1.16711
2009-04-20,1.16711,1.17419,1.16449,1.16866
2009-04-21,1.16866,1.17187,1.16356,1.16721
2009-04-22,1.16721,1.17214,1.1597,1.16342
2009-04-23,1.16342,1.16749,1.15013,1.15028
2009-04-24,1.15028,1.15261,1.135,1.13947
2009-04-27,1.13947,1.16039,1.13592,1.15553
2009-04-28,1.15553,1.15968,1.14191,1.14263
2009-04-29,1.14263,1.1446399999999999,1.13013,1.13611
2009-04-30,1.13611,1.14329,1.12709,1.1403699999999999
2009-05-01,1.1403699999999999,1.14156,1.13343,1.13614
2009-05-04,1.13614,1.14205,1.12527,1.1262
2009-05-05,1.1262,1.1360999999999999,1.12449,1.13209
2009-05-06,1.13209,1.13864,1.12854,1.13104
2009-05-07,1.13104,1.14224,1.12532,1.13014
2009-05-08,1.13014,1.13365,1.10574,1.10643
2009-05-11,1.10643,1.11064,1.10205,1.10923
2009-05-12,1.10923,1.11055,1.10039,1.10541
2009-05-13,1.10541,1.11,1.09776,1.10711
2009-05-14,1.10711,1.11225,1.1026,1.10393
2009-05-15,1.10393,1.12472,1.10358,1.12203
2009-05-18,1.12203,1.12664,1.11383,1.11387
2009-05-19,1.11387,1.1164,1.10699,1.10906
2009-05-20,1.10906,1.11288,1.0968499999999999,1.0999
2009-05-21,1.0999,1.10563,1.09148,1.09344
2009-05-22,1.09344,1.09355,1.08119,1.08463
2009-05-25,1.08463,1.08718,1.08168,1.08193
2009-05-26,1.08193,1.09268,1.08128,1.08364
2009-05-27,1.08364,1.09304,1.08102,1.09297
2009-05-28,1.09297,1.0954,1.08026,1.08391
2009-05-29,1.08391,1.086,1.06558,1.06737
2009-06-01,1.06737,1.07245,1.0618,1.06991
2009-06-02,1.06991,1.07443,1.05906,1.0614999999999999
2009-06-03,1.0614999999999999,1.07461,1.0602,1.06978
2009-06-04,1.06978,1.07674,1.0641,1.06883
2009-06-05,1.06883,1.0907,1.06632,1.08613
2009-06-08,1.08613,1.09863,1.08347,1.09126
2009-06-09,1.09126,1.09533,1.0762,1.07836
2009-06-10,1.07836,1.0858,1.07198,1.08027
2009-06-11,1.08027,1.08405,1.06494,1.0701
2009-06-12,1.0701,1.08474,1.06866,1.0805
2009-06-15,1.0805,1.095,1.07822,1.09068
2009-06-16,1.09068,1.09569,1.08221,1.08832
2009-06-17,1.08832,1.09245,1.07635,1.07965
2009-06-18,1.07965,1.0897999999999999,1.07616,1.08612
2009-06-19,1.08612,1.08933,1.07644,1.08052
2009-06-22,1.08052,1.08967,1.079,1.08577
2009-06-23,1.08577,1.08819,1.06418,1.0666
2009-06-24,1.0666,1.10225,1.0632,1.09767
2009-06-25,1.09767,1.10184,1.0921,1.09378
2009-06-26,1.09378,1.0947,1.07958,1.08135
2009-06-29,1.08135,1.09125,1.08085,1.08202
2009-06-30,1.08202,1.089,1.07781,1.08608
2009-07-01,1.08608,1.08855,1.07058,1.0748
2009-07-02,1.0748,1.08632,1.07405,1.08416
2009-07-03,1.08416,1.09007,1.08295,1.08673
2009-07-06,1.08673,1.09558,1.08373,1.08424
2009-07-07,1.08424,1.09147,1.08007,1.08909
2009-07-08,1.08909,1.09427,1.0876,1.08995
2009-07-09,1.08995,1.09161,1.07508,1.07825
2009-07-10,1.07825,1.0924,1.0778,1.08477
2009-07-13,1.08477,1.089,1.08078,1.0827499999999999
2009-07-14,1.0827499999999999,1.09388,1.0806,1.08849
2009-07-15,1.08849,1.08925,1.07222,1.07416
2009-07-16,1.07416,1.07907,1.07023,1.07273
2009-07-17,1.07273,1.08177,1.07258,1.0768
2009-07-20,1.0768,1.07712,1.0655999999999999,1.06778
2009-07-21,1.06778,1.07165,1.06227,1.06562
2009-07-22,1.06562,1.07149,1.06305,1.06547
2009-07-23,1.06547,1.07727,1.0633,1.07488
2009-07-24,1.07488,1.07619,1.06734,1.07096
2009-07-27,1.07096,1.07416,1.06537,1.07066
2009-07-28,1.07066,1.0796999999999999,1.06575,1.07518
2009-07-29,1.07518,1.09079,1.07306,1.08686
2009-07-30,1.08686,1.09341,1.0841399999999999,1.08723
2009-07-31,1.08723,1.08912,1.0659,1.06861
2009-08-03,1.06861,1.0733,1.05625,1.05913
2009-08-04,1.05913,1.0646,1.05766,1.05974
2009-08-05,1.05974,1.06595,1.05847,1.06171
2009-08-06,1.06171,1.06797,1.0603,1.06535
2009-08-07,1.06535,1.0844799999999999,1.05807,1.08221
2009-08-10,1.08221,1.08841,1.07971,1.08518
2009-08-11,1.08518,1.08645,1.07902,1.08164
2009-08-12,1.08164,1.08465,1.07321,1.0778699999999999
2009-08-13,1.0778699999999999,1.07905,1.06749,1.0697
2009-08-14,1.0697,1.07521,1.06711,1.07313
2009-08-17,1.07313,1.08343,1.07268,1.07774
2009-08-18,1.07774,1.08022,1.0742,1.07541
2009-08-19,1.07541,1.0781,1.06235,1.06583
2009-08-20,1.06583,1.0685,1.06191,1.06277
2009-08-21,1.06277,1.06559,1.05529,1.05715
2009-08-24,1.05715,1.06301,1.05629,1.06115
2009-08-25,1.06115,1.0641,1.05651,1.06136
2009-08-26,1.06136,1.07159,1.05801,1.06769
2009-08-27,1.06769,1.07042,1.05284,1.05929
2009-08-28,1.05929,1.06182,1.054,1.0597
2009-08-31,1.0597,1.06359,1.05555,1.0588
2009-09-01,1.0588,1.07066,1.05436,1.0652
2009-09-02,1.0652,1.06868,1.05808,1.06062
2009-09-03,1.06062,1.06361,1.05456,1.06239
2009-09-04,1.06239,1.06989,1.05779,1.0603799999999999
2009-09-07,1.0603799999999999,1.0608899999999999,1.05555,1.05976
2009-09-08,1.05976,1.06025,1.0432,1.04717
2009-09-09,1.04717,1.04891,1.03836,1.0409599999999999
2009-09-10,1.0409599999999999,1.04642,1.03593,1.03825
2009-09-11,1.03825,1.0399,1.03395,1.03715
2009-09-14,1.03715,1.0423,1.03277,1.03443
2009-09-15,1.03443,1.04188,1.03227,1.03466
2009-09-16,1.03466,1.03687,1.0297,1.03175
2009-09-17,1.03175,1.03579,1.0275,1.02813
2009-09-18,1.02813,1.0347,1.0276,1.03035
2009-09-21,1.02954,1.03891,1.02905,1.03201
2009-09-22,1.03201,1.03274,1.02153,1.0238099999999999
2009-09-23,1.0238099999999999,1.0275,1.0179,1.02663
2009-09-24,1.02663,1.03238,1.02087,1.02938
2009-09-25,1.02938,1.03421,1.02434,1.02936
2009-09-28,1.02661,1.03749,1.02505,1.03221
2009-09-29,1.03221,1.04052,1.03129,1.0359099999999999
2009-09-30,1.0359099999999999,1.04493,1.0283,1.03607
2009-10-01,1.03607,1.04528,1.03376,1.0404
2009-10-02,1.0404,1.04369,1.03097,1.03541
2009-10-05,1.03541,1.03578,1.03065,1.03193
2009-10-06,1.03193,1.03242,1.02367,1.02666
2009-10-07,1.02666,1.03593,1.0258099999999999,1.03265
2009-10-08,1.03265,1.0334,1.02302,1.02556
2009-10-09,1.02556,1.03529,1.02556,1.03231
2009-10-12,1.03231,1.0354,1.02329,1.02671
2009-10-13,1.02671,1.02778,1.0193,1.02142
2009-10-14,1.02142,1.02275,1.01283,1.0144
2009-10-15,1.0144,1.01962,1.01172,1.0144
2009-10-16,1.0144,1.02241,1.01294,1.01849
2009-10-19,1.01849,1.0229,1.01112,1.01118
2009-10-20,1.01118,1.01681,1.00825,1.01144
2009-10-21,1.01144,1.0155399999999999,1.00352,1.00584
2009-10-22,1.00584,1.01229,1.00402,1.00427
2009-10-23,1.00427,1.01021,1.0032699999999999,1.0093
2009-10-26,1.0093,1.02029,1.00521,1.01787
2009-10-27,1.01787,1.0251,1.01485,1.0216399999999999
2009-10-28,1.0216399999999999,1.02781,1.01916,1.02685
2009-10-29,1.02685,1.0286899999999999,1.01677,1.01881
2009-10-30,1.01881,1.0276,1.01555,1.02603
2009-11-02,1.02603,1.0279,1.01648,1.02145
2009-11-03,1.02145,1.03384,1.01953,1.02572
2009-11-04,1.02572,1.02776,1.0127,1.01597
2009-11-05,1.01597,1.01931,1.01319,1.01595
2009-11-06,1.01595,1.0202,1.01263,1.0174
2009-11-09,1.0174,1.0174,1.00546,1.00761
2009-11-10,1.00761,1.0109299999999999,1.00602,1.00767
2009-11-11,1.00767,1.00991,1.00351,1.00767
2009-11-12,1.00767,1.01935,1.00592,1.01711
2009-11-13,1.01711,1.01855,1.01008,1.01182
2009-11-16,1.01182,1.01441,1.00473,1.0074
2009-11-17,1.0074,1.02087,1.00594,1.01586
2009-11-18,1.01586,1.01691,1.00761,1.00967
2009-11-19,1.00967,1.01957,1.00953,1.01273
2009-11-20,1.01273,1.02237,1.01225,1.01745
2009-11-23,1.01745,1.0197,1.0072,1.0098799999999999
2009-11-24,1.0098799999999999,1.01528,1.00761,1.00853
2009-11-25,1.00853,1.00955,0.99562,0.99625
2009-11-26,0.99625,1.00704,0.99097,1.00247
2009-11-27,1.00247,1.01758,1.00242,1.0054
2009-11-30,1.0054,1.00753,0.99934,1.00512
2009-12-01,1.00512,1.00749,0.99698,0.99934
2009-12-02,0.99934,1.0026599999999999,0.99787,1.0017099999999999
2009-12-03,1.0017099999999999,1.00201,0.99601,1.00081
2009-12-04,1.00081,1.01914,0.99815,1.01686
2009-12-07,1.01686,1.0244199999999999,1.01368,1.01934
2009-12-08,1.01934,1.02867,1.01645,1.02681
2009-12-09,1.02681,1.03005,1.02185,1.02658
2009-12-10,1.02658,1.03026,1.02375,1.0258099999999999
2009-12-11,1.0258099999999999,1.03681,1.02332,1.034
2009-12-14,1.034,1.03617,1.0295,1.0314699999999999
2009-12-15,1.0314699999999999,1.04292,1.03098,1.0401
2009-12-16,1.0401,1.04254,1.03453,1.03814
2009-12-17,1.03814,1.05078,1.03797,1.04736
2009-12-18,1.04736,1.04963,1.0387,1.04274
2009-12-21,1.04274,1.0482,1.0383499999999999,1.04591
2009-12-22,1.04591,1.05036,1.04419,1.04883
2009-12-23,1.04883,1.04983,1.03593,1.03853
2009-12-24,1.03853,1.03997,1.03206,1.03689
2009-12-28,1.03689,1.03886,1.03283,1.0345199999999999
2009-12-29,1.0345199999999999,1.03855,1.0279,1.03634
2009-12-30,1.03634,1.04221,1.03515,1.03643
2009-12-31,1.03643,1.03861,1.02855,1.03586
2010-01-04,1.03586,1.04206,1.02631,1.02956
2010-01-05,1.02956,1.03606,1.02525,1.03362
2010-01-06,1.03362,1.03793,1.0249,1.02744
2010-01-07,1.02744,1.03715,1.02424,1.0339
2010-01-08,1.0339,1.03847,1.02161,1.02335
2010-01-11,1.02335,1.0240799999999999,1.01303,1.01628
2010-01-12,1.01628,1.02085,1.01446,1.01853
2010-01-13,1.01853,1.02192,1.01372,1.01797
2010-01-14,1.01797,1.02348,1.016,1.01855
2010-01-15,1.01855,1.0286899999999999,1.01797,1.0266
2010-01-18,1.0266,1.02917,1.02358,1.0246899999999999
2010-01-19,1.0246899999999999,1.03549,1.02295,1.0325
2010-01-20,1.0325,1.04628,1.03178,1.04379
2010-01-21,1.04379,1.04959,1.04034,1.04258
2010-01-22,1.04258,1.04459,1.03746,1.03931
2010-01-25,1.03931,1.04239,1.03675,1.03943
2010-01-26,1.03943,1.0492,1.03785,1.0462
2010-01-27,1.0462,1.05252,1.0446199999999999,1.04987
2010-01-28,1.04987,1.05553,1.04766,1.05192
2010-01-29,1.05192,1.06431,1.04818,1.06067
2010-02-01,1.06067,1.06247,1.0553299999999999,1.05615
2010-02-02,1.05615,1.06075,1.05409,1.0547
2010-02-03,1.0547,1.06003,1.04973,1.05932
2010-02-04,1.05932,1.06752,1.05805,1.06678
2010-02-05,1.06678,1.0795299999999999,1.06461,1.07285
2010-02-08,1.07285,1.07731,1.06835,1.07316
2010-02-09,1.07316,1.0747,1.06085,1.06353
2010-02-10,1.06353,1.0721,1.0618,1.06734
2010-02-11,1.06734,1.0783099999999999,1.0627,1.07028
2010-02-12,1.07028,1.08279,1.0697699999999999,1.07664
2010-02-15,1.07664,1.08037,1.07535,1.0774299999999999
2010-02-16,1.0774299999999999,1.07893,1.06526,1.06576
2010-02-17,1.06576,1.07996,1.0647,1.07813
2010-02-18,1.07813,1.08551,1.0748199999999999,1.08349
2010-02-19,1.08349,1.08982,1.07615,1.07684
2010-02-22,1.07684,1.07887,1.07365,1.0760399999999999
2010-02-23,1.0760399999999999,1.08483,1.07149,1.08375
2010-02-24,1.08375,1.08437,1.0739,1.08086
2010-02-25,1.08086,1.08785,1.07842,1.07995
2010-02-26,1.07995,1.08165,1.06945,1.0742
2010-03-01,1.0742,1.08709,1.07198,1.07904
2010-03-02,1.07904,1.08888,1.07435,1.07462
2010-03-03,1.07462,1.07634,1.06483,1.06768
2010-03-04,1.06768,1.07955,1.0669,1.0769
2010-03-05,1.0769,1.08096,1.07347,1.07417
2010-03-08,1.07417,1.07486,1.06753,1.07302
2010-03-09,1.07302,1.08042,1.07263,1.07489
2010-03-10,1.07489,1.07942,1.06854,1.06968
2010-03-11,1.06968,1.07317,1.06808,1.06814
2010-03-12,1.06814,1.0695999999999999,1.05769,1.05833
2010-03-15,1.05833,1.06424,1.05778,1.06179
2010-03-16,1.06179,1.06264,1.05332,1.05453
2010-03-17,1.05453,1.05653,1.05072,1.05435
2010-03-18,1.05435,1.06469,1.05332,1.05798
2010-03-19,1.05798,1.0635,1.05399,1.06023
2010-03-22,1.06023,1.06615,1.0562,1.05788
2010-03-23,1.05788,1.0639,1.05466,1.05725
2010-03-24,1.05725,1.0739,1.05587,1.07263
2010-03-25,1.07263,1.07511,1.0673,1.07418
2010-03-26,1.07418,1.07457,1.0635999999999999,1.06534
2010-03-29,1.06534,1.06907,1.05784,1.0621
2010-03-30,1.0621,1.06806,1.05867,1.0663799999999999
2010-03-31,1.0663799999999999,1.06841,1.04884,1.05374
2010-04-01,1.05374,1.06107,1.04345,1.05386
2010-04-02,1.05386,1.06431,1.05364,1.06166
2010-04-05,1.06166,1.06439,1.05841,1.062
2010-04-06,1.062,1.0722,1.06128,1.06869
2010-04-07,1.06869,1.0745,1.06801,1.07373
2010-04-08,1.07373,1.07856,1.07152,1.07267
2010-04-09,1.07267,1.07625,1.06551,1.06569
2010-04-12,1.06569,1.06569,1.05263,1.05897
2010-04-13,1.05897,1.06032,1.05337,1.05347
2010-04-14,1.05347,1.05604,1.05017,1.05162
2010-04-15,1.05162,1.06117,1.05068,1.05618
2010-04-16,1.05618,1.06337,1.0556,1.06067
2010-04-19,1.06067,1.06902,1.06067,1.06289
2010-04-20,1.06289,1.06908,1.06019,1.06843
2010-04-21,1.06843,1.07243,1.0659,1.07034
2010-04-22,1.07034,1.08034,1.06734,1.07792
2010-04-23,1.07792,1.08505,1.07151,1.07335
2010-04-26,1.07335,1.07875,1.07133,1.07278
2010-04-27,1.07278,1.0883099999999999,1.06997,1.08769
2010-04-28,1.08769,1.0924099999999999,1.08144,1.08435
2010-04-29,1.08435,1.08686,1.08066,1.08366
2010-04-30,1.08366,1.08465,1.07471,1.0760399999999999
2010-05-03,1.0760399999999999,1.08891,1.07286,1.08562
2010-05-04,1.08562,1.10347,1.0841,1.10284
2010-05-05,1.10284,1.11875,1.10225,1.11796
2010-05-06,1.11796,1.1247,1.1017,1.11351
2010-05-07,1.11351,1.11764,1.10496,1.10848
2010-05-10,1.10848,1.1117,1.09234,1.10925
2010-05-11,1.10925,1.1133,1.10361,1.1115599999999999
2010-05-12,1.1115599999999999,1.11389,1.10591,1.11141
2010-05-13,1.11141,1.1188,1.10772,1.11742
2010-05-14,1.11742,1.13326,1.11509,1.13134
2010-05-17,1.13134,1.1446,1.12976,1.13098
2010-05-18,1.13098,1.15159,1.12675,1.14731
2010-05-19,1.14731,1.1586,1.14184,1.1498599999999999
2010-05-20,1.1498599999999999,1.15746,1.14522,1.1506
2010-05-21,1.1506,1.15807,1.14506,1.14921
2010-05-24,1.14921,1.16105,1.14895,1.15854
2010-05-25,1.15854,1.1696,1.15607,1.15702
2010-05-26,1.15702,1.1624,1.15149,1.16027
2010-05-27,1.16027,1.16559,1.1485,1.15091
2010-05-28,1.15091,1.15939,1.14811,1.15937
2010-05-31,1.15937,1.15937,1.15312,1.15473
2010-06-01,1.15473,1.17312,1.14692,1.15681
2010-06-02,1.15681,1.16027,1.15276,1.15479
2010-06-03,1.15479,1.1574,1.14966,1.15635
2010-06-04,1.15635,1.16312,1.14158,1.16165
2010-06-07,1.16165,1.1674,1.15845,1.16299
2010-06-08,1.16299,1.1642,1.14854,1.15274
2010-06-09,1.15274,1.1555,1.1415899999999999,1.14839
2010-06-10,1.14839,1.1504,1.13979,1.1420299999999999
2010-06-11,1.1420299999999999,1.15465,1.1404,1.14955
2010-06-14,1.14955,1.14955,1.13501,1.14193
2010-06-15,1.14193,1.14802,1.12925,1.13304
2010-06-16,1.13304,1.13394,1.125,1.13096
2010-06-17,1.13096,1.133,1.1095,1.11179
2010-06-18,1.11179,1.11308,1.1082,1.10854
2010-06-21,1.10854,1.1138,1.09961,1.11218
2010-06-22,1.11218,1.11227,1.10359,1.10738
2010-06-23,1.10738,1.1138,1.10203,1.10518
2010-06-24,1.10518,1.10673,1.09838,1.10258
2010-06-25,1.10258,1.1048,1.0923,1.09274
2010-06-28,1.09274,1.09415,1.08164,1.08662
2010-06-29,1.08662,1.09026,1.08013,1.08148
2010-06-30,1.08148,1.08555,1.07519,1.07725
2010-07-01,1.07725,1.07894,1.05779,1.05919
2010-07-02,1.05919,1.06975,1.05774,1.06491
2010-07-05,1.06491,1.06741,1.0619399999999999,1.06459
2010-07-06,1.06459,1.06666,1.05616,1.059
2010-07-07,1.059,1.06374,1.05085,1.05163
2010-07-08,1.05163,1.0564,1.04812,1.04896
2010-07-09,1.04896,1.05926,1.04867,1.05581
2010-07-12,1.05581,1.06761,1.05449,1.0603799999999999
2010-07-13,1.0603799999999999,1.06457,1.05146,1.05452
2010-07-14,1.05452,1.0618,1.05246,1.05252
2010-07-15,1.05252,1.05468,1.04011,1.04072
2010-07-16,1.04072,1.05425,1.03996,1.05134
2010-07-19,1.05134,1.056,1.04461,1.055
2010-07-20,1.055,1.05564,1.04531,1.05274
2010-07-21,1.05274,1.0543,1.04846,1.05146
2010-07-22,1.05146,1.05147,1.03935,1.0428
2010-07-23,1.0428,1.05646,1.04075,1.05352
2010-07-26,1.05352,1.05563,1.0460099999999999,1.04846
2010-07-27,1.04846,1.06405,1.04813,1.06051
2010-07-28,1.06051,1.0624,1.05371,1.05656
2010-07-29,1.05656,1.0581,1.03735,1.0407
2010-07-30,1.0407,1.04665,1.03617,1.04128
2010-08-02,1.04128,1.0476,1.03481,1.03893
2010-08-03,1.03893,1.04148,1.03475,1.03906
2010-08-04,1.03906,1.05545,1.03792,1.0528899999999999
2010-08-05,1.0528899999999999,1.05424,1.04128,1.04624
2010-08-06,1.04624,1.05083,1.03319,1.03767
2010-08-09,1.03767,1.04987,1.03707,1.04921
2010-08-10,1.04921,1.06182,1.04609,1.04848
2010-08-11,1.04848,1.06022,1.04745,1.06001
2010-08-12,1.06001,1.06262,1.04652,1.04993
2010-08-13,1.04993,1.05484,1.0482,1.05242
2010-08-16,1.05242,1.05341,1.03506,1.03916
2010-08-17,1.03916,1.0448,1.03624,1.04328
2010-08-18,1.04328,1.04532,1.03851,1.04244
2010-08-19,1.04244,1.04655,1.02571,1.03201
2010-08-20,1.03201,1.0393,1.0286899999999999,1.03542
2010-08-23,1.03542,1.04128,1.03018,1.04075
2010-08-24,1.04075,1.0451,1.0287,1.0326899999999999
2010-08-25,1.0326899999999999,1.03414,1.02477,1.03037
2010-08-26,1.03037,1.03184,1.0222,1.02379
2010-08-27,1.02379,1.03007,1.02205,1.02965
2010-08-30,1.02965,1.03094,1.0237,1.02612
2010-08-31,1.02612,1.02641,1.0135399999999999,1.01499
2010-09-01,1.01499,1.0182,1.00645,1.01575
2010-09-02,1.01575,1.01848,1.00955,1.01237
2010-09-03,1.01237,1.02393,1.01205,1.01668
2010-09-06,1.01668,1.01833,1.0109299999999999,1.01169
2010-09-07,1.01169,1.01471,1.00783,1.0112
2010-09-08,1.0112,1.01401,1.00603,1.01132
2010-09-09,1.01132,1.01674,1.01001,1.01498
2010-09-10,1.01498,1.02782,1.01356,1.01955
2010-09-13,1.01955,1.02075,1.0070999999999999,1.00736
2010-09-14,1.00736,1.00861,0.99323,0.99604
2010-09-15,0.99604,1.0049,0.99476,1.00319
2010-09-16,1.00319,1.01714,0.99978,1.01572
2010-09-17,1.01572,1.01833,1.0069,1.00972
2010-09-20,1.00972,1.01186,1.00291,1.00482
2010-09-21,1.00482,1.00748,0.9961,0.9963
2010-09-22,0.9963,0.99824,0.98383,0.98598
2010-09-23,0.98598,0.98998,0.98042,0.98539
2010-09-24,0.98539,0.98827,0.97786,0.98495
2010-09-27,0.98495,0.98712,0.98137,0.98514
2010-09-28,0.98514,0.98785,0.97375,0.97578
2010-09-29,0.97578,0.98151,0.97334,0.97705
2010-09-30,0.97705,0.98395,0.97078,0.98241
2010-10-01,0.98241,0.98435,0.97482,0.97507
2010-10-04,0.97507,0.97903,0.97041,0.9715
2010-10-05,0.9715,0.97393,0.96446,0.9662999999999999
2010-10-06,0.9662999999999999,0.9685,0.95992,0.96166
2010-10-07,0.96166,0.97015,0.95548,0.96618
2010-10-08,0.96618,0.96979,0.95914,0.96401
2010-10-11,0.96401,0.96637,0.9585899999999999,0.96475
2010-10-12,0.96475,0.97281,0.95552,0.95663
2010-10-13,0.95663,0.96424,0.95444,0.9584
2010-10-14,0.9584,0.9589,0.94629,0.95282
2010-10-15,0.95282,0.9601999999999999,0.94853,0.9575899999999999
2010-10-18,0.9575899999999999,0.96498,0.95417,0.95932
2010-10-19,0.95932,0.97573,0.95773,0.9717399999999999
2010-10-20,0.9717399999999999,0.97181,0.95718,0.96167
2010-10-21,0.96167,0.9682,0.96114,0.9676899999999999
2010-10-22,0.9676899999999999,0.9805,0.96604,0.97954
2010-10-25,0.97954,0.97954,0.96628,0.97079
2010-10-26,0.97079,0.98822,0.97024,0.98429
2010-10-27,0.98429,0.99296,0.98389,0.99026
2010-10-28,0.99026,0.99069,0.98038,0.9833
2010-10-29,0.9833,0.99108,0.9826,0.98405
2010-11-01,0.98405,0.9971099999999999,0.98122,0.99178
2010-11-02,0.99178,0.99325,0.97582,0.97936
2010-11-03,0.97936,0.9823999999999999,0.96919,0.9706
2010-11-04,0.9706,0.97376,0.95684,0.95824
2010-11-05,0.95824,0.9642,0.95477,0.96196
2010-11-08,0.96196,0.96817,0.96014,0.96594
2010-11-09,0.96594,0.96968,0.95872,0.96815
2010-11-10,0.96815,0.97675,0.96729,0.97085
2010-11-11,0.97085,0.97872,0.96704,0.97508
2010-11-12,0.97508,0.98095,0.9724,0.98011
2010-11-15,0.98011,0.98718,0.97624,0.98468
2010-11-16,0.98468,0.99774,0.98289,0.99585
2010-11-17,0.99585,0.9976,0.9882,0.99151
2010-11-18,0.99151,0.9997699999999999,0.9855,0.99576
2010-11-19,0.99576,0.9997199999999999,0.98757,0.9919
2010-11-22,0.9919,0.9941099999999999,0.9877,0.98939
2010-11-23,0.98939,0.9974999999999999,0.98486,0.99725
2010-11-24,0.99725,0.99889,0.98985,0.9957199999999999
2010-11-25,0.9957199999999999,1.00201,0.99435,1.00039
2010-11-26,1.00039,1.00544,0.99835,1.00276
2010-11-29,1.00276,1.00457,0.99881,1.00007
2010-11-30,1.00007,1.00435,0.99263,1.00339
2010-12-01,1.00339,1.00664,0.9985499999999999,1.00236
2010-12-02,1.00236,1.00539,0.98878,0.9926
2010-12-03,0.9926,0.99506,0.974,0.97544
2010-12-06,0.97544,0.98742,0.9726,0.98173
2010-12-07,0.98173,0.98844,0.97565,0.9876199999999999
2010-12-08,0.9876199999999999,0.99156,0.98483,0.98629
2010-12-09,0.98629,0.98955,0.98093,0.98337
2010-12-10,0.98337,0.98416,0.97949,0.98011
2010-12-13,0.98011,0.98515,0.96488,0.96775
2010-12-14,0.96775,0.96899,0.95585,0.95955
2010-12-15,0.95955,0.96959,0.95745,0.96802
2010-12-16,0.96802,0.9734,0.96407,0.96424
2010-12-17,0.96424,0.972,0.95584,0.97002
2010-12-20,0.97002,0.97197,0.96314,0.9649
2010-12-21,0.9649,0.96539,0.95623,0.95778
2010-12-22,0.95778,0.95906,0.95023,0.95196
2010-12-23,0.95196,0.96653,0.94973,0.95872
2010-12-24,0.95872,0.96348,0.95525,0.96189
2010-12-27,0.96189,0.96465,0.9575899999999999,0.95891
2010-12-28,0.95891,0.96062,0.9433199999999999,0.9518
2010-12-29,0.9518,0.95328,0.94544,0.94574
2010-12-30,0.94574,0.94594,0.93504,0.93515
2010-12-31,0.93515,0.93968,0.93002,0.9342699999999999
2011-01-03,0.9342699999999999,0.93442,0.93223,0.9333899999999999
2011-01-04,0.9333899999999999,0.95174,0.93262,0.94853
2011-01-05,0.94853,0.96853,0.94686,0.96582
2011-01-06,0.96582,0.97076,0.96104,0.96539
2011-01-07,0.96539,0.96905,0.96023,0.9668599999999999
2011-01-10,0.9668599999999999,0.97273,0.9630799999999999,0.96749
2011-01-11,0.96749,0.97844,0.96601,0.97355
2011-01-12,0.97355,0.9756,0.96612,0.9666399999999999
2011-01-13,0.9666399999999999,0.97641,0.96124,0.96375
2011-01-14,0.96375,0.9687,0.96049,0.96439
2011-01-17,0.96439,0.96542,0.96439,0.96465
2011-01-18,0.96465,0.96565,0.9551,0.96341
2011-01-19,0.96341,0.9647,0.9519799999999999,0.95493
2011-01-20,0.95493,0.9684699999999999,0.95274,0.9672
2011-01-21,0.9672,0.96863,0.95728,0.95834
2011-01-24,0.95834,0.96232,0.94712,0.94905
2011-01-25,0.94905,0.95227,0.94033,0.94221
2011-01-26,0.94221,0.94648,0.9400499999999999,0.94202
2011-01-27,0.94202,0.9482,0.93896,0.94538
2011-01-28,0.94538,0.94713,0.9399,0.94195
2011-01-31,0.94195,0.94489,0.93686,0.9439299999999999
2011-02-01,0.9439299999999999,0.94565,0.93363,0.9349999999999999
2011-02-02,0.9349999999999999,0.9442,0.93284,0.94018
2011-02-03,0.94018,0.95253,0.9394399999999999,0.94521
2011-02-04,0.94521,0.9594,0.94469,0.95512
2011-02-07,0.95512,0.9598099999999999,0.9529799999999999,0.9554199999999999
2011-02-08,0.9554199999999999,0.96432,0.95236,0.9632999999999999
2011-02-09,0.9632999999999999,0.9661,0.9551999999999999,0.9577
2011-02-10,0.9577,0.9702999999999999,0.95733,0.96864
2011-02-11,0.96864,0.9775,0.96783,0.97328
2011-02-14,0.97328,0.97445,0.96916,0.96962
2011-02-15,0.96962,0.97295,0.9649,0.96671
2011-02-16,0.96671,0.97392,0.95534,0.95911
2011-02-17,0.95911,0.9601999999999999,0.9477599999999999,0.94934
2011-02-18,0.94934,0.95391,0.94369,0.94586
2011-02-21,0.94586,0.9489,0.9430999999999999,0.94617
2011-02-22,0.94617,0.95058,0.93663,0.93854
2011-02-23,0.93854,0.9392199999999999,0.93076,0.93241
2011-02-24,0.93241,0.93353,0.92338,0.92608
2011-02-25,0.92608,0.93185,0.92275,0.92815
2011-02-28,0.92815,0.93067,0.92588,0.92837
2011-03-01,0.92837,0.93216,0.9274,0.92809
2011-03-02,0.92809,0.92908,0.92018,0.92309
2011-03-03,0.92309,0.93276,0.92309,0.93111
2011-03-04,0.93111,0.93293,0.9224,0.92579
2011-03-07,0.92579,0.9276,0.92361,0.92621
2011-03-08,0.92621,0.93638,0.92609,0.93462
2011-03-09,0.93462,0.93692,0.92686,0.92914
2011-03-10,0.92914,0.93629,0.92805,0.93153
2011-03-11,0.93153,0.9358799999999999,0.92681,0.92932
2011-03-14,0.92932,0.93164,0.92294,0.92431
2011-03-15,0.92431,0.9251699999999999,0.914,0.91649
2011-03-16,0.91649,0.91982,0.90713,0.90779
2011-03-17,0.90779,0.90808,0.89186,0.89839
2011-03-18,0.89839,0.90904,0.89599,0.90285
2011-03-21,0.90285,0.9075,0.8991399999999999,0.9043
2011-03-22,0.9043,0.90574,0.90129,0.90323
2011-03-23,0.90323,0.90882,0.89788,0.90852
2011-03-24,0.90852,0.9124,0.90289,0.90833
2011-03-25,0.90833,0.92146,0.9075,0.92069
2011-03-28,0.92069,0.92343,0.9152,0.9167
2011-03-29,0.9167,0.92241,0.91398,0.92001
2011-03-30,0.92001,0.92751,0.91756,0.91823
2011-03-31,0.91823,0.91972,0.91262,0.91887
2011-04-01,0.91887,0.93403,0.91792,0.92421
2011-04-04,0.92421,0.9262,0.91915,0.92292
2011-04-05,0.92292,0.92733,0.9205099999999999,0.92499
2011-04-06,0.92499,0.9296099999999999,0.91308,0.9188
2011-04-07,0.9188,0.91999,0.9153,0.91631
2011-04-08,0.91631,0.91697,0.90584,0.90626
2011-04-11,0.90626,0.91048,0.90466,0.90652
2011-04-12,0.90652,0.90753,0.89423,0.89687
2011-04-13,0.89687,0.89915,0.8928699999999999,0.89623
2011-04-14,0.89623,0.89691,0.88959,0.89222
2011-04-15,0.89222,0.896,0.89154,0.89249
2011-04-18,0.89249,0.90003,0.8905,0.8963
2011-04-19,0.8963,0.90079,0.89458,0.89972
2011-04-20,0.89972,0.90162,0.88754,0.88788
2011-04-21,0.88788,0.88925,0.87805,0.886
2011-04-22,0.886,0.88785,0.88457,0.88564
2011-04-25,0.88564,0.88729,0.87718,0.88102
2011-04-26,0.88102,0.88532,0.87454,0.87507
2011-04-27,0.87507,0.88344,0.86696,0.87453
2011-04-28,0.87453,0.87601,0.86886,0.87353
2011-04-29,0.87353,0.8748,0.86259,0.8651099999999999
2011-05-02,0.8651099999999999,0.86966,0.8625,0.86516
2011-05-03,0.86516,0.86736,0.85958,0.86117
2011-05-04,0.86117,0.8647,0.85464,0.86159
2011-05-05,0.86159,0.87131,0.85567,0.8703
2011-05-06,0.8703,0.87986,0.86762,0.87696
2011-05-09,0.87696,0.8787699999999999,0.8708899999999999,0.87164
2011-05-10,0.87164,0.88233,0.87076,0.87959
2011-05-11,0.87959,0.88838,0.87835,0.8876
2011-05-12,0.8876,0.89044,0.88259,0.8839899999999999
2011-05-13,0.8839899999999999,0.89465,0.87973,0.89257
2011-05-16,0.89257,0.8939,0.87993,0.88449
2011-05-17,0.88449,0.8882599999999999,0.87968,0.87995
2011-05-18,0.87995,0.88442,0.87834,0.88074
2011-05-19,0.88074,0.88794,0.87651,0.88051
2011-05-20,0.88051,0.88557,0.87475,0.87915
2011-05-23,0.87915,0.88489,0.87552,0.88362
2011-05-24,0.88362,0.88932,0.87823,0.8799399999999999
2011-05-25,0.8799399999999999,0.8814,0.87091,0.87248
2011-05-26,0.87248,0.87331,0.86501,0.86549
2011-05-27,0.86549,0.8662299999999999,0.85115,0.85264
2011-05-30,0.85264,0.85312,0.8482999999999999,0.85208
2011-05-31,0.85208,0.85465,0.8465699999999999,0.85399
2011-06-01,0.85399,0.85445,0.83829,0.84173
2011-06-02,0.84173,0.8452999999999999,0.84023,0.84216
2011-06-03,0.84216,0.84459,0.83354,0.83478
2011-06-06,0.83478,0.83862,0.83274,0.83445
2011-06-07,0.83445,0.83911,0.83266,0.83607
2011-06-08,0.83607,0.83804,0.83465,0.83592
2011-06-09,0.83592,0.84461,0.83548,0.84107
2011-06-10,0.84107,0.84324,0.83965,0.84297
2011-06-13,0.84297,0.84682,0.83536,0.83712
2011-06-14,0.83712,0.84576,0.83478,0.8452999999999999
2011-06-15,0.8452999999999999,0.85512,0.84426,0.85289
2011-06-16,0.85289,0.8549599999999999,0.8469099999999999,0.84725
2011-06-17,0.84725,0.85103,0.84422,0.8487
2011-06-20,0.8487,0.85165,0.84065,0.84623
2011-06-21,0.84623,0.84625,0.84001,0.84062
2011-06-22,0.84062,0.8432499999999999,0.834,0.8388599999999999
2011-06-23,0.8388599999999999,0.84383,0.83641,0.83871
2011-06-24,0.83871,0.83952,0.83379,0.83723
2011-06-27,0.83723,0.83848,0.8317,0.83513
2011-06-28,0.83513,0.83583,0.8275399999999999,0.83194
2011-06-29,0.83194,0.8368099999999999,0.82967,0.83407
2011-06-30,0.83407,0.84637,0.83051,0.84057
2011-07-01,0.84057,0.85261,0.83992,0.84868
2011-07-04,0.84868,0.8503,0.84626,0.84745
2011-07-05,0.84745,0.85066,0.83831,0.84038
2011-07-06,0.84038,0.8442999999999999,0.83636,0.83884
2011-07-07,0.83884,0.84953,0.83792,0.8441299999999999
2011-07-08,0.8441299999999999,0.85207,0.83609,0.83655
2011-07-11,0.83655,0.83878,0.83304,0.83578
2011-07-12,0.83578,0.83979,0.82823,0.83041
2011-07-13,0.83041,0.83304,0.817,0.81711
2011-07-14,0.81711,0.81991,0.80787,0.81597
2011-07-15,0.81597,0.81916,0.81207,0.81263
2011-07-18,0.81263,0.81938,0.80824,0.81761
2011-07-19,0.81761,0.8277599999999999,0.81515,0.8235
2011-07-20,0.8235,0.82555,0.81776,0.81953
2011-07-21,0.81953,0.82372,0.81365,0.81479
2011-07-22,0.81479,0.82475,0.81359,0.81808
2011-07-25,0.81808,0.81808,0.80204,0.80598
2011-07-26,0.80598,0.8069,0.79979,0.80096
2011-07-27,0.80096,0.80466,0.79961,0.80149
2011-07-28,0.80149,0.80466,0.79898,0.80119
2011-07-29,0.80119,0.80323,0.78531,0.7871
2011-08-01,0.7871,0.79527,0.77286,0.7835
2011-08-02,0.7835,0.78567,0.76201,0.76212
2011-08-03,0.76212,0.77883,0.7606499999999999,0.77018
2011-08-04,0.77018,0.78014,0.7628,0.76349
2011-08-05,0.76349,0.77408,0.75789,0.76545
2011-08-08,0.76545,0.76545,0.74822,0.7549
2011-08-09,0.7549,0.75928,0.70668,0.72073
2011-08-10,0.72073,0.73328,0.71801,0.72633
2011-08-11,0.72633,0.76864,0.72368,0.76068
2011-08-12,0.76068,0.77856,0.75483,0.77712
2011-08-15,0.77712,0.7997,0.77712,0.7840199999999999
2011-08-16,0.7840199999999999,0.79606,0.77695,0.79565
2011-08-17,0.79565,0.8018,0.78238,0.78978
2011-08-18,0.78978,0.79889,0.7857,0.79402
2011-08-19,0.79402,0.7961,0.78059,0.78584
2011-08-22,0.78584,0.7906799999999999,0.78378,0.7900699999999999
2011-08-23,0.7900699999999999,0.79315,0.78522,0.79215
2011-08-24,0.79215,0.79602,0.78748,0.79585
2011-08-25,0.79585,0.79891,0.79099,0.7928
2011-08-26,0.7928,0.8157,0.78923,0.80689
2011-08-29,0.80689,0.82406,0.80672,0.8155
2011-08-30,0.8155,0.82324,0.81207,0.8199
2011-08-31,0.8199,0.82083,0.79931,0.80568
2011-09-01,0.80568,0.80884,0.79263,0.7952
2011-09-02,0.7952,0.79602,0.77107,0.78984
2011-09-05,0.78984,0.7912,0.78209,0.78711
2011-09-06,0.78711,0.86261,0.78397,0.86168
2011-09-07,0.86168,0.86248,0.85387,0.85733
2011-09-08,0.85733,0.87697,0.85731,0.87545
2011-09-09,0.87545,0.88639,0.87061,0.88354
2011-09-12,0.88354,0.89286,0.8798,0.8798
2011-09-13,0.8798,0.88794,0.8758,0.88025
2011-09-14,0.88025,0.88539,0.87291,0.8757699999999999
2011-09-15,0.8757699999999999,0.87972,0.86469,0.86935
2011-09-16,0.86935,0.87775,0.86859,0.8765
2011-09-19,0.8765,0.8875,0.8765,0.8820399999999999
2011-09-20,0.8820399999999999,0.89223,0.879,0.88703
2011-09-21,0.88703,0.90103,0.88554,0.89983
2011-09-22,0.89983,0.91827,0.89756,0.90847
2011-09-23,0.90847,0.90857,0.89962,0.90539
2011-09-26,0.90539,0.91437,0.90059,0.9012
2011-09-27,0.9012,0.90576,0.89247,0.89569
2011-09-28,0.89569,0.90033,0.8926,0.90013
2011-09-29,0.90013,0.90216,0.89182,0.89683
2011-09-30,0.89683,0.90857,0.89644,0.90633
2011-10-03,0.90633,0.92166,0.90633,0.92152
2011-10-04,0.92152,0.92622,0.91457,0.91599
2011-10-05,0.91599,0.92498,0.91506,0.92302
2011-10-06,0.92302,0.93151,0.91853,0.92035
2011-10-07,0.92035,0.92809,0.91461,0.9263
2011-10-10,0.9263,0.9271699999999999,0.90026,0.90359
2011-10-11,0.90359,0.91219,0.90246,0.90853
2011-10-12,0.90853,0.91113,0.89174,0.8943099999999999
2011-10-13,0.8943099999999999,0.90393,0.89275,0.89803
2011-10-14,0.89803,0.90093,0.89033,0.8923
2011-10-17,0.8923,0.8997499999999999,0.88811,0.89921
2011-10-18,0.89921,0.90479,0.89452,0.8983599999999999
2011-10-19,0.8983599999999999,0.90383,0.89496,0.9025799999999999
2011-10-20,0.9025799999999999,0.90828,0.8928699999999999,0.8932
2011-10-21,0.8932,0.89517,0.88051,0.88134
2011-10-24,0.88134,0.8878,0.87914,0.88071
2011-10-25,0.88071,0.88473,0.87717,0.8779399999999999
2011-10-26,0.8779399999999999,0.8859,0.87286,0.88086
2011-10-27,0.88086,0.88256,0.85674,0.85997
2011-10-28,0.85997,0.86512,0.85889,0.86202
2011-10-31,0.86202,0.87868,0.86103,0.87684
2011-11-01,0.87684,0.89604,0.87632,0.88705
2011-11-02,0.88705,0.8904799999999999,0.87939,0.88388
2011-11-03,0.88388,0.88932,0.87614,0.87778
2011-11-04,0.87778,0.89052,0.87689,0.88605
2011-11-07,0.88605,0.90309,0.88605,0.90037
2011-11-08,0.90037,0.90676,0.89224,0.89457
2011-11-09,0.89457,0.91103,0.89217,0.90929
2011-11-10,0.90929,0.9152399999999999,0.90182,0.9055
2011-11-11,0.9055,0.90835,0.89529,0.90129
2011-11-14,0.90129,0.90927,0.8961399999999999,0.90825
2011-11-15,0.90825,0.91986,0.90761,0.915
2011-11-16,0.915,0.92231,0.91391,0.91893
2011-11-17,0.91893,0.92361,0.91521,0.92193
2011-11-18,0.92193,0.92235,0.90852,0.9176
2011-11-21,0.9176,0.92097,0.9140199999999999,0.91705
2011-11-22,0.91705,0.9186,0.91075,0.91404
2011-11-23,0.91404,0.92138,0.91278,0.91966
2011-11-24,0.91966,0.92164,0.91536,0.9193399999999999
2011-11-25,0.9193399999999999,0.93304,0.91856,0.93066
2011-11-28,0.93066,0.93073,0.91757,0.92245
2011-11-29,0.92245,0.92442,0.9138999999999999,0.9207299999999999
2011-11-30,0.9207299999999999,0.92522,0.90656,0.91259
2011-12-01,0.91259,0.91913,0.90711,0.91564
2011-12-02,0.91564,0.92421,0.91096,0.9202899999999999
2011-12-05,0.9202899999999999,0.92314,0.9165,0.92058
2011-12-06,0.92058,0.92964,0.91956,0.92579
2011-12-07,0.92579,0.92883,0.92274,0.92353
2011-12-08,0.92353,0.92907,0.91767,0.92597
2011-12-09,0.92597,0.92847,0.91818,0.92254
2011-12-12,0.92254,0.93885,0.92254,0.9370499999999999
2011-12-13,0.9370499999999999,0.94783,0.93421,0.94555
2011-12-14,0.94555,0.95383,0.94294,0.95341
2011-12-15,0.95341,0.9547599999999999,0.93887,0.93939
2011-12-16,0.93939,0.94146,0.93515,0.9354399999999999
2011-12-19,0.9354399999999999,0.93995,0.93476,0.93733
2011-12-20,0.93733,0.93808,0.92675,0.93162
2011-12-21,0.93162,0.93934,0.92427,0.93559
2011-12-22,0.93559,0.94,0.93066,0.93606
2011-12-23,0.93606,0.93882,0.93341,0.93603
2011-12-26,0.93603,0.93678,0.93354,0.93585
2011-12-27,0.93585,0.93879,0.93328,0.9336
2011-12-28,0.9336,0.94416,0.9320499999999999,0.9424
2011-12-29,0.9424,0.94699,0.93926,0.94004
2011-12-30,0.94004,0.94276,0.93418,0.93863
2012-01-02,0.93863,0.94112,0.93498,0.9396599999999999
2012-01-03,0.9396599999999999,0.93999,0.93006,0.93195
2012-01-04,0.93195,0.9449299999999999,0.93064,0.9416
2012-01-05,0.9416,0.95382,0.94111,0.95201
2012-01-06,0.95201,0.95787,0.95057,0.95394
2012-01-09,0.95394,0.9595,0.949,0.9496
2012-01-10,0.9496,0.9511499999999999,0.9465,0.94907
2012-01-11,0.94907,0.95674,0.94825,0.95416
2012-01-12,0.95416,0.9545899999999999,0.94117,0.94437
2012-01-13,0.94437,0.95747,0.94068,0.9514
2012-01-16,0.9514,0.9566399999999999,0.9514,0.954
2012-01-17,0.954,0.95746,0.94479,0.94924
2012-01-18,0.94924,0.94967,0.93829,0.93939
2012-01-19,0.93939,0.94123,0.9317,0.93197
2012-01-20,0.93197,0.93706,0.93064,0.93389
2012-01-23,0.93389,0.93787,0.92516,0.9272
2012-01-24,0.9272,0.9311699999999999,0.92348,0.92754
2012-01-25,0.92754,0.93399,0.92043,0.9215599999999999
2012-01-26,0.9215599999999999,0.92289,0.91565,0.92032
2012-01-27,0.92032,0.92286,0.91109,0.9126299999999999
2012-01-30,0.9126299999999999,0.92096,0.91174,0.9170699999999999
2012-01-31,0.9170699999999999,0.9228,0.91227,0.91992
2012-02-01,0.91992,0.92502,0.9114599999999999,0.91535
2012-02-02,0.91535,0.92077,0.91304,0.91659
2012-02-03,0.91659,0.92341,0.91278,0.91748
2012-02-06,0.91748,0.9263,0.91748,0.91862
2012-02-07,0.91862,0.9227,0.91096,0.91167
2012-02-08,0.91167,0.91498,0.9106799999999999,0.91255
2012-02-09,0.91255,0.91526,0.90888,0.91178
2012-02-10,0.91178,0.92005,0.91028,0.91634
2012-02-13,0.91634,0.91662,0.9103,0.91649
2012-02-14,0.91649,0.923,0.9142899999999999,0.91911
2012-02-15,0.91911,0.9251199999999999,0.91555,0.92346
2012-02-16,0.92346,0.93005,0.91753,0.9192
2012-02-17,0.9192,0.92067,0.91598,0.91958
2012-02-20,0.91958,0.91958,0.90835,0.9115
2012-02-21,0.9115,0.91492,0.90831,0.9122
2012-02-22,0.9122,0.91386,0.90969,0.91008
2012-02-23,0.91008,0.91142,0.90095,0.90134
2012-02-24,0.90134,0.9027499999999999,0.89312,0.89577
2012-02-27,0.89577,0.90111,0.89362,0.8993099999999999
2012-02-28,0.8993099999999999,0.9001899999999999,0.89452,0.8955
2012-02-29,0.8955,0.90525,0.8936,0.90449
2012-03-01,0.90449,0.90726,0.90217,0.90582
2012-03-02,0.90582,0.91495,0.90461,0.91355
2012-03-05,0.91355,0.91623,0.91058,0.9122399999999999
2012-03-06,0.9122399999999999,0.91963,0.91143,0.91876
2012-03-07,0.91876,0.92018,0.91567,0.91648
2012-03-08,0.91648,0.91758,0.90711,0.90814
2012-03-09,0.90814,0.9207,0.90782,0.91816
2012-03-12,0.91816,0.92186,0.91626,0.91648
2012-03-13,0.91648,0.92497,0.9140199999999999,0.92299
2012-03-14,0.92299,0.9332,0.92269,0.9305
2012-03-15,0.9305,0.93348,0.92015,0.92305
2012-03-16,0.92305,0.9254,0.91496,0.91496
2012-03-19,0.91496,0.91781,0.90915,0.91118
2012-03-20,0.91118,0.91532,0.90997,0.91155
2012-03-21,0.91155,0.91487,0.90775,0.9122
2012-03-22,0.9122,0.91786,0.90951,0.91322
2012-03-23,0.91322,0.91396,0.90664,0.90779
2012-03-26,0.90779,0.91365,0.9022,0.90285
2012-03-27,0.90285,0.90538,0.9016,0.90516
2012-03-28,0.90516,0.90818,0.90159,0.90506
2012-03-29,0.90506,0.90931,0.90325,0.90604
2012-03-30,0.90604,0.90671,0.90088,0.90167
2012-04-02,0.90167,0.90712,0.90015,0.90366
2012-04-03,0.90366,0.9114599999999999,0.9003599999999999,0.90949
2012-04-04,0.90949,0.9182899999999999,0.9094,0.91561
2012-04-05,0.91561,0.92224,0.9142899999999999,0.91966
2012-04-06,0.91966,0.9206,0.91602,0.91637
2012-04-09,0.91637,0.92169,0.91508,0.9171
2012-04-10,0.9171,0.92106,0.91456,0.91838
2012-04-11,0.91838,0.91943,0.91287,0.91725
2012-04-12,0.91725,0.91786,0.90914,0.91112
2012-04-13,0.91112,0.9202,0.91036,0.9188999999999999
2012-04-16,0.9188999999999999,0.92518,0.91399,0.9144599999999999
2012-04-17,0.9144599999999999,0.91823,0.91251,0.9151199999999999
2012-04-18,0.9151199999999999,0.92101,0.91436,0.91573
2012-04-19,0.91573,0.91955,0.91278,0.91482
2012-04-20,0.91482,0.91548,0.90829,0.90833
2012-04-23,0.90833,0.91721,0.90833,0.91342
2012-04-24,0.91342,0.91422,0.90908,0.91043
2012-04-25,0.91043,0.9122,0.9078499999999999,0.90916
2012-04-26,0.90916,0.91026,0.9057999999999999,0.90887
2012-04-27,0.90887,0.91333,0.9052,0.90582
2012-04-30,0.90582,0.90968,0.90561,0.90738
2012-05-01,0.90738,0.90996,0.90426,0.90761
2012-05-02,0.90761,0.91572,0.90738,0.91294
2012-05-03,0.91294,0.91742,0.9114599999999999,0.91343
2012-05-04,0.91343,0.91843,0.91152,0.91747
2012-05-07,0.91747,0.92716,0.91747,0.92052
2012-05-08,0.92052,0.92513,0.91958,0.9233399999999999
2012-05-09,0.9233399999999999,0.9301699999999999,0.92322,0.92889
2012-05-10,0.92889,0.92929,0.92563,0.92843
2012-05-11,0.92843,0.93067,0.92711,0.92951
2012-05-14,0.92951,0.93667,0.92951,0.93653
2012-05-15,0.93653,0.94409,0.93342,0.94346
2012-05-16,0.94346,0.94706,0.94138,0.94448
2012-05-17,0.94448,0.9481499999999999,0.94203,0.94564
2012-05-18,0.94564,0.95003,0.93867,0.93896
2012-05-21,0.93896,0.94386,0.93677,0.93712
2012-05-22,0.93712,0.94878,0.9368799999999999,0.94683
2012-05-23,0.94683,0.95728,0.9465399999999999,0.95424
2012-05-24,0.95424,0.95954,0.9531999999999999,0.95838
2012-05-25,0.95838,0.96115,0.95407,0.9588599999999999
2012-05-28,0.9588599999999999,0.95956,0.95288,0.95833
2012-05-29,0.95833,0.96376,0.95591,0.96036
2012-05-30,0.96036,0.97142,0.9601,0.97083
2012-05-31,0.97083,0.97361,0.96661,0.97102
2012-06-01,0.97102,0.97715,0.96395,0.96583
2012-06-04,0.96583,0.9696,0.95978,0.96077
2012-06-05,0.96077,0.96767,0.95768,0.96424
2012-06-06,0.96424,0.96536,0.954,0.95432
2012-06-07,0.95432,0.95778,0.95139,0.956
2012-06-08,0.956,0.96585,0.9551,0.95937
2012-06-11,0.95937,0.96227,0.94756,0.96209
2012-06-12,0.96209,0.9650299999999999,0.95847,0.96052
2012-06-13,0.96052,0.96282,0.95221,0.95621
2012-06-14,0.95621,0.95738,0.95047,0.95055
2012-06-15,0.95055,0.9537599999999999,0.94768,0.9495
2012-06-18,0.9495,0.95639,0.94208,0.9547
2012-06-19,0.9547,0.95551,0.94328,0.94667
2012-06-20,0.94667,0.95019,0.9424,0.94511
2012-06-21,0.94511,0.95835,0.94499,0.95751
2012-06-22,0.95751,0.9591999999999999,0.95433,0.95508
2012-06-25,0.95508,0.96295,0.95508,0.96023
2012-06-26,0.96023,0.96523,0.95846,0.96139
2012-06-27,0.96139,0.96502,0.96015,0.96319
2012-06-28,0.96319,0.9678599999999999,0.95908,0.96507
2012-06-29,0.96507,0.96595,0.9463,0.94816
2012-07-02,0.94816,0.9559,0.94719,0.95485
2012-07-03,0.95485,0.95639,0.95124,0.95241
2012-07-04,0.95241,0.9604699999999999,0.95241,0.9585
2012-07-05,0.9585,0.97153,0.95807,0.9691
2012-07-06,0.9691,0.97945,0.9685199999999999,0.97732
2012-07-09,0.97732,0.97999,0.97451,0.97533
2012-07-10,0.97533,0.98152,0.9737399999999999,0.98012
2012-07-11,0.98012,0.98317,0.97669,0.98076
2012-07-12,0.98076,0.98702,0.98031,0.98396
2012-07-13,0.98396,0.98731,0.97983,0.98015
2012-07-16,0.98015,0.9860599999999999,0.97846,0.98585
2012-07-17,0.98585,0.98585,0.97511,0.977
2012-07-18,0.977,0.98296,0.97602,0.97772
2012-07-19,0.97772,0.98205,0.97455,0.97783
2012-07-20,0.97783,0.98875,0.97765,0.98721
2012-07-23,0.98721,0.99515,0.98721,0.99082
2012-07-24,0.99082,0.99719,0.9894499999999999,0.99563
2012-07-25,0.99563,0.9963299999999999,0.98677,0.98765
2012-07-26,0.98765,0.99105,0.97414,0.9775699999999999
2012-07-27,0.9775699999999999,0.9809,0.9695,0.97426
2012-07-30,0.97426,0.98235,0.97426,0.97956
2012-07-31,0.97956,0.98051,0.9741,0.97627
2012-08-01,0.97627,0.98336,0.97373,0.98261
2012-08-02,0.98261,0.98985,0.9691,0.98602
2012-08-03,0.98602,0.9873,0.9694699999999999,0.96988
2012-08-06,0.96988,0.9742,0.96563,0.96856
2012-08-07,0.96856,0.9706,0.96577,0.96864
2012-08-08,0.96864,0.97446,0.96858,0.9714
2012-08-09,0.9714,0.97899,0.96977,0.97577
2012-08-10,0.97577,0.98098,0.97493,0.97726
2012-08-13,0.97726,0.97945,0.9706,0.9737
2012-08-14,0.9737,0.97514,0.9697,0.97454
2012-08-15,0.97454,0.9792299999999999,0.97314,0.9769599999999999
2012-08-16,0.9769599999999999,0.97992,0.97067,0.97184
2012-08-17,0.97184,0.9773,0.97002,0.9735699999999999
2012-08-20,0.9735699999999999,0.97677,0.97102,0.9726899999999999
2012-08-21,0.9726899999999999,0.97361,0.96188,0.96254
2012-08-22,0.96254,0.96597,0.95778,0.95833
2012-08-23,0.95833,0.95896,0.95385,0.95553
2012-08-24,0.95553,0.96216,0.95541,0.95953
2012-08-27,0.95953,0.96152,0.9580299999999999,0.96065
2012-08-28,0.96065,0.96353,0.95478,0.95554
2012-08-29,0.95554,0.95933,0.95521,0.95818
2012-08-30,0.95818,0.96171,0.95585,0.96
2012-08-31,0.96,0.96118,0.95024,0.9549
2012-09-03,0.9549,0.95608,0.95218,0.95338
2012-09-04,0.95338,0.9565899999999999,0.95086,0.95554
2012-09-05,0.95554,0.9608,0.95297,0.95536
2012-09-06,0.95536,0.95974,0.95184,0.95335
2012-09-07,0.95335,0.95805,0.94342,0.94367
2012-09-10,0.94367,0.94839,0.9432699999999999,0.946
2012-09-11,0.946,0.9467,0.93785,0.9388799999999999
2012-09-12,0.9388799999999999,0.94045,0.93412,0.93713
2012-09-13,0.93713,0.94223,0.93471,0.9352
2012-09-14,0.9352,0.93562,0.92385,0.92716
2012-09-17,0.92716,0.92962,0.92466,0.92745
2012-09-18,0.92745,0.92973,0.92447,0.92854
2012-09-19,0.92854,0.93068,0.92579,0.92742
2012-09-20,0.92742,0.93559,0.92625,0.93318
2012-09-21,0.93318,0.93442,0.92848,0.93298
2012-09-24,0.93298,0.93917,0.93185,0.9356599999999999
2012-09-25,0.9356599999999999,0.9384399999999999,0.93282,0.93757
2012-09-26,0.93757,0.94175,0.93678,0.93952
2012-09-27,0.93952,0.94174,0.9360499999999999,0.9373
2012-09-28,0.9373,0.94148,0.93351,0.93984
2012-10-01,0.93984,0.94382,0.93518,0.9380999999999999
2012-10-02,0.9380999999999999,0.93885,0.9332199999999999,0.93618
2012-10-03,0.93618,0.9398299999999999,0.93554,0.93848
2012-10-04,0.93848,0.9388,0.92951,0.93042
2012-10-05,0.93042,0.93233,0.92754,0.92921
2012-10-08,0.92921,0.93574,0.92921,0.9332
2012-10-09,0.9332,0.94161,0.93229,0.94031
2012-10-10,0.94031,0.94321,0.93745,0.93943
2012-10-11,0.93943,0.94186,0.93364,0.93485
2012-10-12,0.93485,0.93569,0.9306099999999999,0.93308
2012-10-15,0.93308,0.93716,0.93163,0.93309
2012-10-16,0.93309,0.9337,0.92567,0.92588
2012-10-17,0.92588,0.9261699999999999,0.92143,0.92221
2012-10-18,0.92221,0.92567,0.92153,0.92462
2012-10-19,0.92462,0.92898,0.92393,0.92819
2012-10-22,0.92819,0.92881,0.9248999999999999,0.92707
2012-10-23,0.92707,0.93429,0.9259999999999999,0.9323
2012-10-24,0.9323,0.93615,0.9314,0.93234
2012-10-25,0.93234,0.9356599999999999,0.92907,0.9352699999999999
2012-10-26,0.9352699999999999,0.93865,0.93333,0.9347
2012-10-29,0.9347,0.93809,0.9339999999999999,0.93668
2012-10-30,0.93668,0.9375,0.93003,0.93251
2012-10-31,0.93251,0.93331,0.92764,0.93149
2012-11-01,0.93149,0.93423,0.9295599999999999,0.93179
2012-11-02,0.93179,0.94148,0.93128,0.9403199999999999
2012-11-05,0.9403199999999999,0.94489,0.93992,0.94359
2012-11-06,0.94359,0.94562,0.94198,0.94278
2012-11-07,0.94278,0.9471499999999999,0.9380999999999999,0.94474
2012-11-08,0.94474,0.94819,0.94406,0.94578
2012-11-09,0.94578,0.94987,0.9429,0.94826
2012-11-12,0.94826,0.94953,0.94678,0.94819
2012-11-13,0.94819,0.95126,0.94652,0.94729
2012-11-14,0.94729,0.94772,0.94224,0.94501
2012-11-15,0.94501,0.94631,0.94033,0.9420499999999999
2012-11-16,0.9420499999999999,0.94913,0.94174,0.94537
2012-11-19,0.94537,0.94559,0.9394399999999999,0.93978
2012-11-20,0.93978,0.94292,0.93915,0.93995
2012-11-21,0.93995,0.94586,0.93816,0.93867
2012-11-22,0.93867,0.93887,0.93377,0.93484
2012-11-23,0.93484,0.93584,0.92657,0.9274
2012-11-26,0.9274,0.93002,0.9274,0.92757
2012-11-27,0.92757,0.93248,0.92537,0.93033
2012-11-28,0.93033,0.93409,0.92935,0.92935
2012-11-29,0.92935,0.93037,0.92531,0.92757
2012-11-30,0.92757,0.92921,0.9245599999999999,0.92804
2012-12-03,0.92804,0.92804,0.9241,0.9256
2012-12-04,0.9256,0.92936,0.9245,0.92633
2012-12-05,0.92633,0.92993,0.92501,0.92645
2012-12-06,0.92645,0.9339999999999999,0.92559,0.93228
2012-12-07,0.93228,0.93832,0.93151,0.93414
2012-12-10,0.93414,0.93699,0.9326599999999999,0.93346
2012-12-11,0.93346,0.93694,0.93166,0.93223
2012-12-12,0.93223,0.93292,0.92431,0.92628
2012-12-13,0.92628,0.92754,0.92257,0.92367
2012-12-14,0.92367,0.92479,0.91667,0.91789
2012-12-17,0.91789,0.91947,0.91545,0.91762
2012-12-18,0.91762,0.91863,0.91239,0.9128999999999999
2012-12-19,0.9128999999999999,0.91377,0.90878,0.91334
2012-12-20,0.91334,0.91541,0.90836,0.91147
2012-12-21,0.91147,0.91792,0.91084,0.91611
2012-12-24,0.91611,0.91714,0.91258,0.91627
2012-12-26,0.91627,0.91664,0.9111,0.91316
2012-12-27,0.91316,0.9157,0.9096,0.91321
2012-12-28,0.91321,0.91818,0.91175,0.91333
2012-12-31,0.91333,0.91667,0.91208,0.91558
2013-01-02,0.91558,0.91996,0.90905,0.91787
2013-01-03,0.91787,0.92685,0.91726,0.92668
2013-01-04,0.92668,0.93033,0.92313,0.92432
2013-01-07,0.92432,0.92868,0.92108,0.92124
2013-01-08,0.92124,0.92572,0.92008,0.9241
2013-01-09,0.9241,0.9273399999999999,0.92321,0.92533
2013-01-10,0.92533,0.9269499999999999,0.91338,0.9144
2013-01-11,0.9144,0.91784,0.91338,0.91356
2013-01-14,0.91356,0.9228999999999999,0.91199,0.92182
2013-01-15,0.92182,0.93332,0.92119,0.93188
2013-01-16,0.93188,0.93295,0.92864,0.93092
2013-01-17,0.93092,0.93604,0.92981,0.93249
2013-01-18,0.93249,0.93886,0.93029,0.93372
2013-01-21,0.93372,0.93499,0.93079,0.93236
2013-01-22,0.93236,0.93468,0.92751,0.92932
2013-01-23,0.92932,0.93158,0.92774,0.92929
2013-01-24,0.92929,0.93249,0.92799,0.92893
2013-01-25,0.92893,0.9307,0.92219,0.9269
2013-01-28,0.9269,0.92926,0.92576,0.92622
2013-01-29,0.92622,0.9268,0.9193399999999999,0.92131
2013-01-30,0.92131,0.92271,0.90931,0.91076
2013-01-31,0.91076,0.9121,0.9075799999999999,0.91022
2013-02-01,0.91022,0.91093,0.90221,0.90751
2013-02-04,0.90812,0.91173,0.9072399999999999,0.9082399999999999
2013-02-05,0.9082399999999999,0.91162,0.90728,0.9081
2013-02-06,0.9081,0.91497,0.90567,0.91014
2013-02-07,0.91014,0.92013,0.90652,0.91824
2013-02-08,0.91824,0.9196,0.9154,0.9173
2013-02-11,0.91796,0.92041,0.91566,0.92015
2013-02-12,0.92015,0.9216799999999999,0.91498,0.91706
2013-02-13,0.91706,0.91966,0.91525,0.91706
2013-02-14,0.91706,0.9246,0.91654,0.92114
2013-02-15,0.92114,0.92414,0.92005,0.92158
2013-02-18,0.92258,0.92581,0.92098,0.92332
2013-02-19,0.92332,0.9249499999999999,0.92155,0.92245
2013-02-20,0.92245,0.9286,0.91845,0.92682
2013-02-21,0.92682,0.93329,0.92643,0.93113
2013-02-22,0.93113,0.93288,0.9283399999999999,0.92949
2013-02-25,0.92941,0.9339,0.92314,0.93204
2013-02-26,0.93204,0.93353,0.92866,0.93188
2013-02-27,0.93188,0.93325,0.92851,0.92964
2013-02-28,0.92964,0.93738,0.92798,0.93659
2013-03-01,0.93659,0.94633,0.93514,0.94283
2013-03-04,0.94208,0.94407,0.94075,0.94075
2013-03-05,0.94075,0.94336,0.93934,0.94081
2013-03-06,0.94081,0.94879,0.94025,0.94858
2013-03-07,0.94858,0.94888,0.94096,0.94265
2013-03-08,0.94265,0.95518,0.94175,0.95172
2013-03-11,0.95235,0.95296,0.94659,0.9472
2013-03-12,0.9472,0.95049,0.94363,0.94714
2013-03-13,0.94714,0.95327,0.94295,0.9523
2013-03-14,0.9523,0.9567,0.9451499999999999,0.94709
2013-03-15,0.94709,0.94768,0.93796,0.93853
2013-03-18,0.94352,0.94869,0.94168,0.94598
2013-03-19,0.94598,0.94916,0.94256,0.94675
2013-03-20,0.94675,0.9482,0.9410999999999999,0.94509
2013-03-21,0.94509,0.94826,0.94386,0.9463199999999999
2013-03-22,0.9463199999999999,0.94748,0.9396599999999999,0.94034
2013-03-25,0.94343,0.9497099999999999,0.9351,0.94844
2013-03-26,0.94844,0.95051,0.94723,0.948
2013-03-27,0.948,0.95539,0.9477099999999999,0.95382
2013-03-28,0.95382,0.9548099999999999,0.94659,0.94969
2013-03-29,0.94969,0.95121,0.94806,0.9492
2013-04-01,0.94962,0.95267,0.9456,0.94639
2013-04-02,0.94639,0.94973,0.94444,0.94901
2013-04-03,0.94901,0.95206,0.94419,0.94522
2013-04-04,0.94522,0.95265,0.93824,0.93969
2013-04-05,0.93969,0.94336,0.93128,0.93414
2013-04-08,0.93458,0.93615,0.93288,0.93533
2013-04-09,0.93533,0.9366599999999999,0.9307799999999999,0.93252
2013-04-10,0.93252,0.93368,0.92951,0.93249
2013-04-11,0.93249,0.93403,0.92788,0.93077
2013-04-12,0.93077,0.93326,0.9263899999999999,0.92714
2013-04-15,0.92636,0.93281,0.92636,0.93105
2013-04-16,0.93105,0.93272,0.92079,0.92252
2013-04-17,0.92252,0.93393,0.92064,0.9327
2013-04-18,0.9327,0.9335,0.92896,0.93254
2013-04-19,0.93254,0.93431,0.92765,0.93362
2013-04-22,0.9312,0.93713,0.93105,0.93421
2013-04-23,0.93421,0.94569,0.93273,0.94489
2013-04-24,0.94489,0.9499,0.94422,0.9466
2013-04-25,0.9466,0.94844,0.94225,0.94485
2013-04-26,0.94485,0.94568,0.94023,0.94258
2013-04-29,0.94061,0.94303,0.93548,0.93639
2013-04-30,0.93639,0.93843,0.92784,0.92926
2013-05-01,0.92926,0.93094,0.92471,0.92725
2013-05-02,0.92725,0.93628,0.92651,0.93477
2013-05-03,0.93477,0.93996,0.92981,0.93523
2013-05-06,0.93493,0.93974,0.93382,0.93823
2013-05-07,0.93823,0.94368,0.93669,0.94024
2013-05-08,0.94024,0.94118,0.93372,0.93542
2013-05-09,0.93542,0.94994,0.93331,0.94818
2013-05-10,0.94818,0.96282,0.94764,0.95668
2013-05-13,0.95921,0.95969,0.95471,0.95752
2013-05-14,0.95752,0.9672499999999999,0.95211,0.96693
2013-05-15,0.96693,0.97478,0.96429,0.96476
2013-05-16,0.96476,0.97087,0.9578099999999999,0.96467
2013-05-17,0.96467,0.9761799999999999,0.96368,0.97228
2013-05-20,0.97003,0.9719099999999999,0.9648,0.96695
2013-05-21,0.96695,0.97508,0.9654699999999999,0.97018
2013-05-22,0.97018,0.98388,0.96792,0.97821
2013-05-23,0.97821,0.9817899999999999,0.96334,0.96875
2013-05-24,0.96875,0.9717399999999999,0.95905,0.9608
2013-05-27,0.96115,0.96482,0.95924,0.96301
2013-05-28,0.96301,0.97812,0.9621999999999999,0.97692
2013-05-29,0.97692,0.97904,0.95999,0.96165
2013-05-30,0.96165,0.9651,0.95264,0.95304
2013-05-31,0.95304,0.96252,0.95116,0.95529
2013-06-03,0.95583,0.96246,0.94077,0.94699
2013-06-04,0.94699,0.95205,0.94533,0.94689
2013-06-05,0.94689,0.9494,0.9395,0.94218
2013-06-06,0.94218,0.9439299999999999,0.92247,0.9291699999999999
2013-06-07,0.9291699999999999,0.93743,0.92492,0.9352199999999999
2013-06-10,0.93655,0.94187,0.9318,0.93351
2013-06-11,0.93351,0.93497,0.9221699999999999,0.92449
2013-06-12,0.92449,0.92869,0.91731,0.92021
2013-06-13,0.92021,0.9259,0.91304,0.92177
2013-06-14,0.92177,0.9269999999999999,0.91956,0.92055
2013-06-17,0.92114,0.92719,0.92078,0.92244
2013-06-18,0.92244,0.92624,0.91755,0.91938
2013-06-19,0.91938,0.93221,0.91804,0.92775
2013-06-20,0.92775,0.93613,0.92514,0.92707
2013-06-21,0.92707,0.93687,0.92421,0.9334
2013-06-24,0.93621,0.93808,0.93126,0.93291
2013-06-25,0.93291,0.94081,0.93189,0.93776
2013-06-26,0.93776,0.94436,0.93728,0.94318
2013-06-27,0.94318,0.94879,0.94065,0.94499
2013-06-28,0.94499,0.9474899999999999,0.94115,0.94411
2013-07-01,0.94475,0.95038,0.94381,0.9450999999999999
2013-07-02,0.9450999999999999,0.95295,0.94453,0.95046
2013-07-03,0.95046,0.9523199999999999,0.94458,0.9455399999999999
2013-07-04,0.9455399999999999,0.95846,0.9455399999999999,0.95611
2013-07-05,0.95611,0.9660799999999999,0.95525,0.96289
2013-07-08,0.96504,0.9666899999999999,0.96255,0.96349
2013-07-09,0.96349,0.97515,0.9631,0.97294
2013-07-10,0.97294,0.97449,0.95768,0.95776
2013-07-11,0.95776,0.95937,0.9404,0.94667
2013-07-12,0.94667,0.95141,0.94383,0.9455399999999999
2013-07-15,0.94485,0.95346,0.94476,0.94817
2013-07-16,0.94817,0.94941,0.93789,0.93898
2013-07-17,0.93898,0.94456,0.9356599999999999,0.94098
2013-07-18,0.94098,0.94781,0.94012,0.9445399999999999
2013-07-19,0.9445399999999999,0.94617,0.93969,0.9408
2013-07-22,0.94048,0.94153,0.93218,0.93608
2013-07-23,0.93608,0.9407,0.93426,0.93472
2013-07-24,0.93472,0.9388799999999999,0.93403,0.93713
2013-07-25,0.93713,0.9394899999999999,0.92835,0.92985
2013-07-26,0.92985,0.93052,0.92638,0.92798
2013-07-29,0.92818,0.93225,0.92699,0.93214
2013-07-30,0.93101,0.93246,0.9273399999999999,0.92968
2013-07-31,0.92968,0.93371,0.92282,0.92609
2013-08-01,0.92609,0.93724,0.9253399999999999,0.93667
2013-08-02,0.93667,0.93897,0.92741,0.92899
2013-08-05,0.92836,0.93328,0.92682,0.92735
2013-08-06,0.92735,0.92965,0.92382,0.9259
2013-08-07,0.9259,0.92887,0.9207299999999999,0.92174
2013-08-08,0.92174,0.92296,0.91739,0.92022
2013-08-09,0.92022,0.9229499999999999,0.91909,0.92157
2013-08-12,0.92358,0.92849,0.92167,0.9253399999999999
2013-08-13,0.9253399999999999,0.93488,0.9253399999999999,0.93282
2013-08-14,0.93282,0.93781,0.9324,0.93509
2013-08-15,0.93509,0.9396599999999999,0.92474,0.92607
2013-08-16,0.92607,0.92882,0.9217,0.9257
2013-08-19,0.92582,0.9285,0.92285,0.92393
2013-08-20,0.92393,0.92511,0.91472,0.91728
2013-08-21,0.91728,0.92355,0.91622,0.922
2013-08-22,0.922,0.92899,0.92187,0.92307
2013-08-23,0.92307,0.92635,0.91899,0.92099
2013-08-26,0.92077,0.92467,0.92026,0.92286
2013-08-27,0.92286,0.9229499999999999,0.9171,0.91734
2013-08-28,0.91734,0.92353,0.9170699999999999,0.92208
2013-08-29,0.92208,0.93215,0.9213,0.93084
2013-08-30,0.93084,0.93325,0.92885,0.92885
2013-09-02,0.93121,0.9349,0.93091,0.9342
2013-09-03,0.9342,0.93829,0.93404,0.93639
2013-09-04,0.93639,0.93828,0.9347799999999999,0.9352699999999999
2013-09-05,0.9352699999999999,0.9455,0.93499,0.94474
2013-09-06,0.94474,0.94556,0.93458,0.93712
2013-09-09,0.93831,0.93921,0.93012,0.93234
2013-09-10,0.93234,0.93669,0.93165,0.93482
2013-09-11,0.93482,0.93711,0.92849,0.93047
2013-09-12,0.93047,0.93358,0.92718,0.93043
2013-09-13,0.93043,0.93415,0.92804,0.9289499999999999
2013-09-16,0.923,0.92781,0.92224,0.9273
2013-09-17,0.9273,0.92793,0.92507,0.92574
2013-09-18,0.92574,0.92686,0.9109,0.9117999999999999
2013-09-19,0.9117999999999999,0.91379,0.909,0.91049
2013-09-20,0.91049,0.91271,0.90891,0.9098499999999999
2013-09-23,0.9079,0.913,0.9079,0.91082
2013-09-24,0.91082,0.91332,0.9099,0.91286
2013-09-25,0.91286,0.91376,0.90784,0.90906
2013-09-26,0.90906,0.91173,0.90843,0.91022
2013-09-27,0.91022,0.91109,0.90212,0.90535
2013-09-30,0.9056299999999999,0.90687,0.90249,0.90474
2013-10-01,0.90474,0.90755,0.89926,0.90542
2013-10-02,0.90542,0.90776,0.89944,0.90269
2013-10-03,0.90269,0.9033599999999999,0.89678,0.89929
2013-10-04,0.89929,0.90822,0.89781,0.90662
2013-10-07,0.9063,0.90698,0.9016,0.90279
2013-10-08,0.90279,0.9066,0.90228,0.90373
2013-10-09,0.90373,0.91281,0.90155,0.90973
2013-10-10,0.90973,0.91313,0.90808,0.91143
2013-10-11,0.91143,0.91323,0.90699,0.91143
2013-10-14,0.90871,0.91222,0.90639,0.91
2013-10-15,0.91,0.91783,0.90929,0.91231
2013-10-16,0.91231,0.91755,0.90981,0.91335
2013-10-17,0.91335,0.91466,0.90077,0.90229
2013-10-18,0.90229,0.90372,0.90046,0.90106
2013-10-21,0.90149,0.90448,0.9005799999999999,0.90194
2013-10-22,0.90194,0.90396,0.894,0.89472
2013-10-23,0.89472,0.89663,0.89111,0.89227
2013-10-24,0.89227,0.893,0.889,0.8923
2013-10-25,0.8923,0.89654,0.8892599999999999,0.8919199999999999
2013-10-28,0.89211,0.89629,0.89191,0.89567
2013-10-29,0.89567,0.9003,0.89437,0.89885
2013-10-30,0.89885,0.90243,0.89477,0.8992
2013-10-31,0.8992,0.90768,0.89879,0.90678
2013-11-01,0.90678,0.91381,0.90639,0.91132
2013-11-04,0.91169,0.91522,0.90909,0.90975
2013-11-05,0.90975,0.91475,0.9094599999999999,0.91345
2013-11-06,0.91345,0.91393,0.90983,0.91211
2013-11-07,0.91211,0.92507,0.91092,0.91555
2013-11-08,0.91555,0.92469,0.91493,0.92078
2013-11-11,0.92226,0.92318,0.91892,0.91939
2013-11-12,0.91939,0.92265,0.9155099999999999,0.91728
2013-11-13,0.91728,0.9201199999999999,0.91257,0.9132399999999999
2013-11-14,0.9132399999999999,0.91887,0.91215,0.91628
2013-11-15,0.91628,0.91915,0.91296,0.9140699999999999
2013-11-18,0.91411,0.91618,0.90956,0.91284
2013-11-19,0.91284,0.9144599999999999,0.91029,0.91091
2013-11-20,0.91091,0.91902,0.90783,0.91599
2013-11-21,0.91599,0.91887,0.91256,0.91279
2013-11-22,0.91279,0.915,0.90591,0.90591
2013-11-25,0.9067999999999999,0.91316,0.90608,0.91172
2013-11-26,0.91172,0.91184,0.90615,0.90635
2013-11-27,0.90635,0.90926,0.90406,0.9075
2013-11-28,0.9075,0.90865,0.90411,0.90556
2013-11-29,0.90556,0.90717,0.9019199999999999,0.90534
2013-12-02,0.9056,0.91106,0.90432,0.90866
2013-12-03,0.90866,0.9100699999999999,0.90208,0.90415
2013-12-04,0.90415,0.90766,0.90131,0.90226
2013-12-05,0.90226,0.90494,0.89568,0.89661
2013-12-06,0.89661,0.89845,0.89111,0.89111
2013-12-09,0.8913099999999999,0.89344,0.88942,0.89019
2013-12-10,0.89019,0.8908,0.88507,0.88733
2013-12-11,0.88733,0.8886499999999999,0.88398,0.88635
2013-12-12,0.88635,0.89095,0.8848,0.88918
2013-12-13,0.88918,0.89176,0.88815,0.88857
2013-12-16,0.88998,0.8905,0.88464,0.88715
2013-12-17,0.88715,0.8895,0.88324,0.88489
2013-12-18,0.88489,0.89502,0.8839899999999999,0.89359
2013-12-19,0.89359,0.89867,0.8932599999999999,0.89789
2013-12-20,0.89789,0.90012,0.89318,0.8953099999999999
2013-12-23,0.89539,0.89674,0.8923099999999999,0.89369
2013-12-24,0.89369,0.89724,0.89224,0.89613
2013-12-26,0.89613,0.89688,0.89497,0.8963599999999999
2013-12-27,0.8963599999999999,0.8966,0.87993,0.89106
2013-12-30,0.89032,0.89319,0.886,0.88731
2013-12-31,0.88731,0.8919,0.88662,0.89041
2014-01-02,0.89041,0.90288,0.89041,0.89889
2014-01-03,0.89889,0.90578,0.89872,0.90511
2014-01-06,0.90435,0.90705,0.90201,0.904
2014-01-07,0.904,0.90993,0.90235,0.90908
2014-01-08,0.90908,0.91275,0.90767,0.91105
2014-01-09,0.91105,0.91243,0.90629,0.90699
2014-01-10,0.90699,0.9090199999999999,0.90049,0.90198
2014-01-13,0.90095,0.9047999999999999,0.89865,0.89899
2014-01-14,0.89899,0.9032,0.89865,0.9025
2014-01-15,0.9025,0.9107999999999999,0.9023,0.90845
2014-01-16,0.90845,0.91038,0.9032,0.90473
2014-01-17,0.90473,0.91204,0.90442,0.90937
2014-01-20,0.90965,0.91325,0.90893,0.90967
2014-01-21,0.90967,0.91566,0.90844,0.90995
2014-01-22,0.90995,0.91225,0.9088499999999999,0.91151
2014-01-23,0.91151,0.91339,0.89638,0.89724
2014-01-24,0.89724,0.89915,0.89029,0.89347
2014-01-27,0.89464,0.89848,0.89319,0.89598
2014-01-28,0.89598,0.90102,0.89544,0.89707
2014-01-29,0.89707,0.9009699999999999,0.89351,0.89413
2014-01-30,0.89413,0.90478,0.89407,0.90265
2014-01-31,0.90265,0.90799,0.9007999999999999,0.90525
2014-02-03,0.90587,0.90816,0.90038,0.9007999999999999
2014-02-04,0.9007999999999999,0.9061899999999999,0.90002,0.9035
2014-02-05,0.9035,0.9057,0.90037,0.9035799999999999
2014-02-06,0.9035799999999999,0.90639,0.8968,0.90084
2014-02-07,0.90084,0.90221,0.89573,0.89739
2014-02-10,0.8983,0.89937,0.89595,0.89691
2014-02-11,0.89691,0.8988,0.8939199999999999,0.8983
2014-02-12,0.8983,0.90382,0.8968,0.90052
2014-02-13,0.90052,0.901,0.89184,0.8933099999999999
2014-02-14,0.8933099999999999,0.89406,0.89032,0.89221
2014-02-17,0.89105,0.89264,0.89002,0.8912599999999999
2014-02-18,0.8912599999999999,0.89288,0.8868699999999999,0.88774
2014-02-19,0.88774,0.88957,0.88563,0.88842
2014-02-20,0.88842,0.89149,0.88591,0.88933
2014-02-21,0.88933,0.8911,0.88676,0.88781
2014-02-24,0.88713,0.89107,0.8838699999999999,0.88879
2014-02-25,0.88879,0.88917,0.88541,0.88662
2014-02-26,0.88662,0.89302,0.88658,0.89055
2014-02-27,0.89055,0.89193,0.88714,0.88815
2014-02-28,0.88815,0.88897,0.87774,0.87909
2014-03-03,0.88006,0.88361,0.87819,0.88255
2014-03-04,0.88255,0.88788,0.88247,0.88673
2014-03-05,0.88673,0.88956,0.88598,0.88658
2014-03-06,0.88658,0.88915,0.87947,0.87968
2014-03-07,0.87968,0.88161,0.87563,0.87759
2014-03-10,0.87684,0.87936,0.8761099999999999,0.87769
2014-03-11,0.87769,0.88051,0.87663,0.87807
2014-03-12,0.87807,0.87883,0.87344,0.87395
2014-03-13,0.87395,0.87648,0.8699,0.87456
2014-03-14,0.87456,0.87619,0.87034,0.87209
2014-03-17,0.87209,0.87563,0.87139,0.87312
2014-03-18,0.87312,0.8769399999999999,0.8724,0.8729399999999999
2014-03-19,0.8729399999999999,0.88294,0.87282,0.88061
2014-03-20,0.88061,0.88692,0.88001,0.88369
2014-03-21,0.88369,0.88425,0.88149,0.88183
2014-03-24,0.8818199999999999,0.88662,0.87865,0.88059
2014-03-25,0.88059,0.88797,0.88011,0.88258
2014-03-26,0.88258,0.88699,0.88235,0.88419
2014-03-27,0.88419,0.88738,0.88407,0.8864
2014-03-28,0.8864,0.88992,0.88485,0.88663
2014-03-31,0.88519,0.88893,0.88244,0.88442
2014-04-01,0.88442,0.88493,0.88144,0.8832599999999999
2014-04-02,0.8832599999999999,0.88751,0.88189,0.8864299999999999
2014-04-03,0.8864299999999999,0.89277,0.88427,0.89052
2014-04-04,0.89052,0.89528,0.89044,0.89146
2014-04-07,0.89176,0.89266,0.88711,0.88711
2014-04-08,0.88711,0.88795,0.88244,0.88244
2014-04-09,0.88244,0.88462,0.87891,0.87941
2014-04-10,0.87941,0.8805499999999999,0.87512,0.8762
2014-04-11,0.8762,0.87717,0.87434,0.87532
2014-04-14,0.87759,0.88056,0.87576,0.87968
2014-04-15,0.87968,0.88189,0.87832,0.88005
2014-04-16,0.88005,0.88288,0.87808,0.88161
2014-04-17,0.88161,0.88362,0.87775,0.88313
2014-04-18,0.88313,0.88369,0.88233,0.88269
2014-04-21,0.88288,0.88524,0.88192,0.88484
2014-04-22,0.88484,0.88618,0.88327,0.88481
2014-04-23,0.88481,0.88532,0.88074,0.88261
2014-04-24,0.88261,0.88562,0.88128,0.88135
2014-04-25,0.88135,0.88209,0.8802099999999999,0.88061
2014-04-28,0.87983,0.88267,0.87704,0.88002
2014-04-29,0.88002,0.88461,0.87864,0.88328
2014-04-30,0.88328,0.88515,0.87914,0.88019
2014-05-01,0.88019,0.88049,0.87823,0.87917
2014-05-02,0.87917,0.88411,0.87729,0.87788
2014-05-05,0.87621,0.87812,0.87606,0.87769
2014-05-06,0.87769,0.87802,0.87209,0.87382
2014-05-07,0.87382,0.87631,0.8734,0.87609
2014-05-08,0.87609,0.8805,0.87031,0.88007
2014-05-09,0.88007,0.88733,0.8797699999999999,0.88609
2014-05-12,0.88563,0.88816,0.88556,0.88753
2014-05-13,0.88753,0.89084,0.88656,0.8900899999999999
2014-05-14,0.8900899999999999,0.8904799999999999,0.88834,0.88968
2014-05-15,0.88968,0.89603,0.88825,0.89089
2014-05-16,0.89089,0.8926999999999999,0.88981,0.89179
2014-05-19,0.89207,0.89245,0.89044,0.89219
2014-05-20,0.89219,0.894,0.89138,0.89189
2014-05-21,0.89189,0.89662,0.88973,0.89317
2014-05-22,0.89317,0.8952,0.89238,0.89364
2014-05-23,0.89364,0.8972,0.89352,0.89481
2014-05-26,0.89529,0.8966999999999999,0.89377,0.89466
2014-05-27,0.89466,0.89817,0.89375,0.89651
2014-05-28,0.89651,0.899,0.89639,0.89808
2014-05-29,0.89808,0.89846,0.89555,0.8978
2014-05-30,0.8978,0.89833,0.89332,0.89471
2014-06-02,0.89456,0.89954,0.89432,0.89856
2014-06-03,0.89856,0.89955,0.8950899999999999,0.89624
2014-06-04,0.89624,0.8982,0.89489,0.89712
2014-06-05,0.89712,0.90368,0.89081,0.8912599999999999
2014-06-06,0.8912599999999999,0.8951399999999999,0.89097,0.89283
2014-06-09,0.89242,0.8979699999999999,0.89196,0.89693
2014-06-10,0.89693,0.90079,0.89644,0.89899
2014-06-11,0.89899,0.90117,0.89802,0.89934
2014-06-12,0.89934,0.90121,0.89699,0.89832
2014-06-13,0.89832,0.90113,0.89601,0.89952
2014-06-16,0.8991899999999999,0.90132,0.89654,0.89705
2014-06-17,0.89705,0.9005,0.8964799999999999,0.8993099999999999
2014-06-18,0.8993099999999999,0.8999,0.8954799999999999,0.89558
2014-06-19,0.89558,0.89666,0.89107,0.89382
2014-06-20,0.89382,0.89747,0.89245,0.89452
2014-06-23,0.895,0.8968,0.89401,0.89417
2014-06-24,0.89417,0.89581,0.8924799999999999,0.89361
2014-06-25,0.89361,0.89456,0.89078,0.89281
2014-06-26,0.89281,0.89567,0.89219,0.89355
2014-06-27,0.89355,0.89382,0.89042,0.89042
2014-06-30,0.8906999999999999,0.89149,0.8862,0.88683
2014-07-01,0.88683,0.88788,0.8855999999999999,0.8874799999999999
2014-07-02,0.8874799999999999,0.88988,0.88725,0.88875
2014-07-03,0.88875,0.8943099999999999,0.88868,0.89322
2014-07-04,0.89322,0.89513,0.8931,0.8939199999999999
2014-07-07,0.89394,0.89591,0.89296,0.89347
2014-07-08,0.89347,0.89461,0.89214,0.8929199999999999
2014-07-09,0.8929199999999999,0.89376,0.89053,0.89085
2014-07-10,0.89085,0.8934,0.89023,0.89215
2014-07-11,0.89215,0.89334,0.89122,0.89159
2014-07-14,0.89252,0.89321,0.88983,0.89183
2014-07-15,0.89183,0.8963,0.89113,0.8956
2014-07-16,0.8956,0.89895,0.8955,0.89816
2014-07-17,0.89816,0.89872,0.8969,0.89722
2014-07-18,0.89722,0.90037,0.897,0.89785
2014-07-21,0.8975,0.89896,0.89713,0.89796
2014-07-22,0.89796,0.90272,0.89779,0.90232
2014-07-23,0.90232,0.90318,0.90159,0.90213
2014-07-24,0.90213,0.90377,0.9007999999999999,0.9023599999999999
2014-07-25,0.9023599999999999,0.9052,0.90178,0.90425
2014-07-28,0.9041399999999999,0.90517,0.90352,0.90385
2014-07-29,0.90385,0.90743,0.90366,0.90692
2014-07-30,0.90692,0.91064,0.90652,0.90874
2014-07-31,0.90874,0.91034,0.90761,0.90873
2014-08-01,0.90873,0.90967,0.90406,0.90534
2014-08-04,0.90507,0.90725,0.90476,0.90659
2014-08-05,0.90659,0.91114,0.90649,0.90895
2014-08-06,0.90895,0.91148,0.90705,0.90749
2014-08-07,0.90749,0.91052,0.90661,0.9087999999999999
2014-08-08,0.9087999999999999,0.9098499999999999,0.90327,0.90527
2014-08-11,0.90557,0.90674,0.90484,0.9065
2014-08-12,0.9065,0.91038,0.90647,0.9075
2014-08-13,0.9075,0.9098499999999999,0.90417,0.90725
2014-08-14,0.90725,0.90857,0.90349,0.90649
2014-08-15,0.90649,0.90711,0.90182,0.90182
2014-08-18,0.90268,0.9069699999999999,0.90208,0.9065
2014-08-19,0.9065,0.9094599999999999,0.90586,0.9092
2014-08-20,0.9092,0.9138499999999999,0.90899,0.91336
2014-08-21,0.91336,0.91459,0.91108,0.91139
2014-08-22,0.91139,0.91542,0.91035,0.9136299999999999
2014-08-25,0.9172,0.91783,0.91421,0.91532
2014-08-26,0.91532,0.9180699999999999,0.91378,0.91748
2014-08-27,0.91748,0.91852,0.9138,0.91478
2014-08-28,0.91478,0.91614,0.91261,0.91509
2014-08-29,0.91509,0.9184599999999999,0.91386,0.91764
2014-09-01,0.91848,0.91978,0.91771,0.91954
2014-09-02,0.91954,0.92122,0.91881,0.91897
2014-09-03,0.91897,0.9200699999999999,0.91755,0.91761
2014-09-04,0.91761,0.93294,0.91756,0.93164
2014-09-05,0.93164,0.93356,0.92842,0.93029
2014-09-08,0.9303,0.93586,0.93001,0.93543
2014-09-09,0.93543,0.93798,0.93148,0.93286
2014-09-10,0.93286,0.9396,0.93189,0.93657
2014-09-11,0.93657,0.9376099999999999,0.93367,0.9353
2014-09-12,0.9353,0.93681,0.93202,0.93275
2014-09-15,0.93175,0.9372699999999999,0.93175,0.9351
2014-09-16,0.9351,0.93629,0.93004,0.93248
2014-09-17,0.93248,0.94251,0.93212,0.9403199999999999
2014-09-18,0.9403199999999999,0.9433,0.93319,0.93359
2014-09-19,0.93359,0.941,0.93342,0.94039
2014-09-22,0.9402,0.94213,0.93784,0.93982
2014-09-23,0.93982,0.9403,0.93532,0.9398
2014-09-24,0.9398,0.94584,0.9388799999999999,0.94548
2014-09-25,0.94548,0.95152,0.94522,0.94642
2014-09-26,0.94642,0.95211,0.94597,0.95128
2014-09-29,0.95128,0.9531999999999999,0.94886,0.95129
2014-09-30,0.95129,0.95965,0.9499299999999999,0.95497
2014-10-01,0.95497,0.9596,0.95452,0.95591
2014-10-02,0.95591,0.9581,0.95173,0.95396
2014-10-03,0.95396,0.96836,0.95311,0.9668
2014-10-06,0.9688599999999999,0.9688599999999999,0.95669,0.9581
2014-10-07,0.9581,0.9624699999999999,0.95554,0.9567599999999999
2014-10-08,0.9567599999999999,0.96007,0.95102,0.95174
2014-10-09,0.95174,0.95592,0.9469299999999999,0.9541999999999999
2014-10-10,0.9541999999999999,0.95929,0.95267,0.95636
2014-10-13,0.95654,0.95757,0.94706,0.94775
2014-10-14,0.94775,0.9555,0.94685,0.95363
2014-10-15,0.95363,0.95623,0.93598,0.93986
2014-10-16,0.93986,0.94907,0.93968,0.94233
2014-10-17,0.94233,0.9474899999999999,0.94055,0.94565
2014-10-20,0.94696,0.94805,0.9414899999999999,0.9425
2014-10-21,0.9425,0.94925,0.93977,0.94908
2014-10-22,0.94908,0.95421,0.94722,0.95338
2014-10-23,0.95338,0.95593,0.9517599999999999,0.95406
2014-10-24,0.95406,0.9546,0.94973,0.95169
2014-10-27,0.95102,0.95212,0.94767,0.94947
2014-10-28,0.94947,0.95111,0.94453,0.94711
2014-10-29,0.94711,0.95492,0.9441499999999999,0.95483
2014-10-30,0.95483,0.9611,0.95422,0.95589
2014-10-31,0.95589,0.96631,0.95563,0.96263
2014-11-03,0.96432,0.96912,0.96314,0.96579
2014-11-04,0.96579,0.96587,0.95799,0.95975
2014-11-05,0.95975,0.96616,0.95834,0.96395
2014-11-06,0.96395,0.97382,0.96031,0.9732
2014-11-07,0.9732,0.9741799999999999,0.96509,0.96598
2014-11-10,0.96439,0.96848,0.96165,0.96804
2014-11-11,0.96804,0.97007,0.96246,0.9644199999999999
2014-11-12,0.9644199999999999,0.968,0.96222,0.96639
2014-11-13,0.96639,0.96735,0.96221,0.9634
2014-11-14,0.9634,0.96892,0.95734,0.95899
2014-11-17,0.95885,0.96545,0.95526,0.96478
2014-11-18,0.96478,0.9654,0.95744,0.95815
2014-11-19,0.95815,0.96008,0.95306,0.95692
2014-11-20,0.95692,0.96061,0.95529,0.95835
2014-11-21,0.95835,0.97093,0.95633,0.96971
2014-11-24,0.9728,0.9728,0.96629,0.96635
2014-11-25,0.96635,0.96979,0.9634,0.96397
2014-11-26,0.96397,0.96656,0.9594699999999999,0.96116
2014-11-27,0.96116,0.96435,0.9598599999999999,0.96405
2014-11-28,0.96405,0.9670799999999999,0.96212,0.96476
2014-12-01,0.96582,0.96876,0.96151,0.96457
2014-12-02,0.96457,0.973,0.96416,0.97202
2014-12-03,0.97202,0.97829,0.97147,0.97746
2014-12-04,0.97746,0.97959,0.96492,0.97127
2014-12-05,0.97127,0.9799599999999999,0.97024,0.97803
2014-12-08,0.9781,0.98177,0.97379,0.97588
2014-12-09,0.97588,0.97776,0.96535,0.97124
2014-12-10,0.97124,0.97226,0.96626,0.96628
2014-12-11,0.96628,0.97107,0.96275,0.96773
2014-12-12,0.96773,0.96992,0.9618599999999999,0.96307
2014-12-15,0.96249,0.96738,0.9624,0.9655199999999999
2014-12-16,0.9655199999999999,0.96576,0.95531,0.95979
2014-12-17,0.95979,0.97463,0.9594699999999999,0.97295
2014-12-18,0.97295,0.9847899999999999,0.97217,0.9797399999999999
2014-12-19,0.9797399999999999,0.98461,0.97844,0.98338
2014-12-22,0.98408,0.98497,0.9805,0.98359
2014-12-23,0.98359,0.98865,0.98256,0.98772
2014-12-24,0.98772,0.98816,0.98397,0.98512
2014-12-26,0.98512,0.98841,0.98372,0.9868899999999999
2014-12-29,0.98666,0.99078,0.9843,0.98982
2014-12-30,0.98982,0.99195,0.98677,0.98842
2014-12-31,0.98842,0.9939,0.98797,0.99378
2015-01-02,0.99378,1.00173,0.99378,1.00086
2015-01-05,1.00556,1.01173,1.00328,1.00684
2015-01-06,1.00684,1.01091,1.00413,1.01009
2015-01-07,1.01009,1.01756,1.00945,1.01433
2015-01-08,1.01433,1.02168,1.01367,1.01826
2015-01-09,1.01826,1.02094,1.01324,1.0133699999999999
2015-01-12,1.01326,1.01897,1.01178,1.0148
2015-01-13,1.0148,1.02177,1.01261,1.02005
2015-01-14,1.02005,1.02401,1.01378,1.01865
2015-01-15,1.01865,1.02205,0.83001,0.83752
2015-01-16,0.83752,0.8809,0.83701,0.85803
2015-01-19,0.85934,0.8795,0.8531,0.87872
2015-01-20,0.87872,0.8836499999999999,0.8683299999999999,0.87523
2015-01-21,0.87523,0.87703,0.84984,0.85851
2015-01-22,0.85851,0.8749,0.85165,0.86983
2015-01-23,0.86983,0.88185,0.86786,0.88008
2015-01-26,0.87895,0.90415,0.8761099999999999,0.90264
2015-01-27,0.90264,0.91676,0.89342,0.9019199999999999
2015-01-28,0.9019199999999999,0.90899,0.89832,0.9046
2015-01-29,0.9046,0.9251,0.90423,0.9233399999999999
2015-01-30,0.9233399999999999,0.9289,0.91565,0.91984
2015-02-02,0.92658,0.93441,0.91989,0.9276099999999999
2015-02-03,0.9276099999999999,0.9296099999999999,0.91847,0.92321
2015-02-04,0.92321,0.9279,0.92061,0.9257799999999999
2015-02-05,0.9257799999999999,0.93112,0.92044,0.92074
2015-02-06,0.92074,0.92883,0.9171,0.92475
2015-02-09,0.92629,0.92877,0.9195099999999999,0.92319
2015-02-10,0.92319,0.9277799999999999,0.9212899999999999,0.92599
2015-02-11,0.92599,0.9299499999999999,0.92292,0.92787
2015-02-12,0.92787,0.93362,0.92561,0.93065
2015-02-13,0.93065,0.93355,0.92687,0.93175
2015-02-16,0.93028,0.93257,0.9283399999999999,0.9315
2015-02-17,0.9315,0.9374399999999999,0.9291699999999999,0.93671
2015-02-18,0.93671,0.94518,0.9314399999999999,0.9418799999999999
2015-02-19,0.9418799999999999,0.94992,0.93846,0.94925
2015-02-20,0.94925,0.9535,0.9369999999999999,0.93718
2015-02-23,0.94056,0.95261,0.93874,0.94953
2015-02-24,0.94953,0.95225,0.94685,0.95007
2015-02-25,0.95007,0.95097,0.9464899999999999,0.94819
2015-02-26,0.94819,0.95465,0.945,0.95243
2015-02-27,0.95243,0.95462,0.94504,0.95316
2015-03-02,0.953,0.95977,0.953,0.9579799999999999
2015-03-03,0.9579799999999999,0.9618,0.95533,0.96094
2015-03-04,0.96094,0.9682,0.95919,0.96299
2015-03-05,0.96299,0.97494,0.96276,0.9735199999999999
2015-03-06,0.9735199999999999,0.98657,0.96731,0.98478
2015-03-09,0.98692,0.98742,0.98246,0.98548
2015-03-10,0.98548,0.99995,0.9852299999999999,0.99932
2015-03-11,0.99932,1.0108,0.99693,1.0088
2015-03-12,1.0088,1.01274,0.99814,1.00196
2015-03-13,1.00196,1.01117,1.0019,1.00454
2015-03-16,1.00394,1.00825,1.00231,1.00631
2015-03-17,1.00631,1.00914,1.00096,1.00565
2015-03-18,1.00565,1.00687,0.96244,0.97721
2015-03-19,0.97721,0.9983,0.97603,0.98944
2015-03-20,0.98944,0.99053,0.97265,0.97339
2015-03-23,0.9743499999999999,0.9812,0.96409,0.9659099999999999
2015-03-24,0.9659099999999999,0.96946,0.95363,0.95785
2015-03-25,0.95785,0.962,0.95522,0.95914
2015-03-26,0.95914,0.9656399999999999,0.94906,0.96255
2015-03-27,0.96255,0.96923,0.95571,0.9607
2015-03-30,0.96137,0.96892,0.9604199999999999,0.96657
2015-03-31,0.96657,0.97565,0.96548,0.97205
2015-04-01,0.97205,0.97424,0.9644199999999999,0.96637
2015-04-02,0.96637,0.96743,0.95614,0.95917
2015-04-03,0.95917,0.96096,0.948,0.9513199999999999
2015-04-06,0.95184,0.96052,0.94997,0.95826
2015-04-07,0.95826,0.96723,0.95569,0.9658599999999999
2015-04-08,0.9658599999999999,0.96748,0.9597,0.96595
2015-04-09,0.96595,0.97894,0.96576,0.97702
2015-04-10,0.97702,0.98365,0.97511,0.97904
2015-04-13,0.9797899999999999,0.98627,0.97594,0.97765
2015-04-14,0.97765,0.97946,0.9672499999999999,0.97203
2015-04-15,0.97203,0.9771,0.96351,0.96406
2015-04-16,0.96406,0.97115,0.95396,0.95583
2015-04-17,0.95583,0.95843,0.94941,0.95149
2015-04-20,0.95066,0.9599,0.94999,0.95594
2015-04-21,0.95594,0.96255,0.95055,0.95469
2015-04-22,0.95469,0.97138,0.95003,0.97134
2015-04-23,0.97134,0.97188,0.953,0.95425
2015-04-24,0.95425,0.95741,0.951,0.95329
2015-04-27,0.95372,0.95833,0.94924,0.95427
2015-04-28,0.95427,0.95985,0.95036,0.95489
2015-04-29,0.95489,0.95723,0.9339999999999999,0.9392199999999999
2015-04-30,0.9392199999999999,0.94472,0.9307799999999999,0.93207
2015-05-01,0.93207,0.93523,0.92766,0.93255
2015-05-04,0.93321,0.93839,0.93133,0.93374
2015-05-05,0.93374,0.94129,0.92386,0.92638
2015-05-06,0.92638,0.92812,0.91136,0.91586
2015-05-07,0.91586,0.9227,0.9071899999999999,0.92159
2015-05-08,0.92159,0.93231,0.91914,0.9311699999999999
2015-05-11,0.93134,0.93545,0.92965,0.93395
2015-05-12,0.93395,0.93584,0.9211199999999999,0.92902
2015-05-13,0.92902,0.92952,0.91536,0.91656
2015-05-14,0.91656,0.91774,0.90786,0.91206
2015-05-15,0.91206,0.92553,0.91145,0.9156299999999999
2015-05-18,0.9148499999999999,0.92631,0.91476,0.92618
2015-05-19,0.92618,0.93839,0.92458,0.93676
2015-05-20,0.93676,0.94055,0.93367,0.93693
2015-05-21,0.93693,0.93824,0.9306,0.93669
2015-05-22,0.93669,0.94568,0.92859,0.9428
2015-05-25,0.94325,0.94569,0.9405,0.94462
2015-05-26,0.94462,0.9536,0.9445399999999999,0.95304
2015-05-27,0.95304,0.95435,0.94669,0.94935
2015-05-28,0.94935,0.95124,0.9418,0.94255
2015-05-29,0.94255,0.94795,0.93481,0.9402
2015-06-01,0.93976,0.94841,0.93836,0.94586
2015-06-02,0.94586,0.94668,0.93065,0.93265
2015-06-03,0.93265,0.94231,0.93025,0.93368
2015-06-04,0.93368,0.93712,0.92775,0.93351
2015-06-05,0.93351,0.95017,0.92952,0.93935
2015-06-08,0.9413199999999999,0.9429299999999999,0.92558,0.92735
2015-06-09,0.92735,0.93326,0.92463,0.93035
2015-06-10,0.93035,0.93245,0.92331,0.93124
2015-06-11,0.93124,0.9407,0.92972,0.93302
2015-06-12,0.93302,0.93907,0.92408,0.92786
2015-06-15,0.93001,0.93845,0.92743,0.9292
2015-06-16,0.9292,0.93346,0.92716,0.93209
2015-06-17,0.93209,0.93246,0.91967,0.92184
2015-06-18,0.92184,0.9246,0.9150699999999999,0.92104
2015-06-19,0.92104,0.92492,0.9162899999999999,0.91731
2015-06-22,0.91635,0.92253,0.91567,0.92127
2015-06-23,0.92127,0.93875,0.92096,0.93355
2015-06-24,0.93355,0.93696,0.92807,0.93351
2015-06-25,0.93351,0.94158,0.93248,0.9362199999999999
2015-06-26,0.9362199999999999,0.93738,0.9299999999999999,0.93272
2015-06-29,0.9382199999999999,0.94273,0.92433,0.92487
2015-06-30,0.92487,0.93809,0.92463,0.93463
2015-07-01,0.93463,0.94896,0.9342199999999999,0.9479299999999999
2015-07-02,0.9479299999999999,0.95038,0.94182,0.94328
2015-07-03,0.94328,0.94412,0.93956,0.93999
2015-07-06,0.94333,0.94717,0.94078,0.94245
2015-07-07,0.94245,0.95155,0.94208,0.94529
2015-07-08,0.94529,0.9509799999999999,0.94086,0.94494
2015-07-09,0.94494,0.95151,0.94248,0.94744
2015-07-10,0.94744,0.94905,0.93298,0.9378299999999999
2015-07-13,0.94126,0.95028,0.93672,0.94997
2015-07-14,0.94997,0.9531999999999999,0.9398299999999999,0.9446599999999999
2015-07-15,0.9446599999999999,0.95475,0.9442,0.95164
2015-07-16,0.95164,0.95839,0.9515,0.95723
2015-07-17,0.95723,0.9618599999999999,0.95571,0.96077
2015-07-20,0.9616,0.96492,0.9600299999999999,0.96457
2015-07-21,0.96457,0.96487,0.95599,0.9575899999999999
2015-07-22,0.9575899999999999,0.96321,0.9561,0.95983
2015-07-23,0.95983,0.96027,0.9525399999999999,0.95854
2015-07-24,0.95854,0.96353,0.9573699999999999,0.9618099999999999
2015-07-27,0.96141,0.9632999999999999,0.953,0.96112
2015-07-28,0.96112,0.96741,0.9604199999999999,0.96215
2015-07-29,0.96215,0.9689099999999999,0.95988,0.96679
2015-07-30,0.96679,0.9719099999999999,0.96674,0.96899
2015-07-31,0.96899,0.96929,0.95483,0.9650299999999999
2015-08-03,0.96537,0.97025,0.96428,0.96895
2015-08-04,0.96895,0.97897,0.96679,0.97821
2015-08-05,0.97821,0.98217,0.97588,0.97868
2015-08-06,0.97868,0.98477,0.97676,0.98048
2015-08-07,0.98048,0.98839,0.97885,0.98322
2015-08-10,0.9811,0.9891,0.98033,0.98352
2015-08-11,0.98352,0.9903,0.9801799999999999,0.98785
2015-08-12,0.98785,0.98895,0.9676899999999999,0.97514
2015-08-13,0.97514,0.97941,0.9729599999999999,0.97607
2015-08-14,0.97607,0.97868,0.97277,0.97568
2015-08-17,0.97575,0.97987,0.97419,0.97851
2015-08-18,0.97851,0.9795699999999999,0.97515,0.97703
2015-08-19,0.97703,0.97775,0.9644,0.96559
2015-08-20,0.96559,0.96714,0.95833,0.95833
2015-08-21,0.95833,0.95946,0.94523,0.94555
2015-08-24,0.94605,0.94808,0.92579,0.92998
2015-08-25,0.92998,0.95058,0.92959,0.93885
2015-08-26,0.93885,0.95519,0.93833,0.95438
2015-08-27,0.95438,0.96718,0.95121,0.96609
2015-08-28,0.96609,0.9666899999999999,0.95787,0.96178
2015-08-31,0.963,0.969,0.9587,0.9670799999999999
2015-09-01,0.9670799999999999,0.96731,0.95689,0.95862
2015-09-02,0.95862,0.97001,0.95691,0.96887
2015-09-03,0.96887,0.97711,0.96822,0.9732999999999999
2015-09-04,0.9732999999999999,0.97698,0.96833,0.97193
2015-09-07,0.97159,0.97641,0.97073,0.97477
2015-09-08,0.97477,0.98213,0.96996,0.97888
2015-09-09,0.97888,0.98238,0.97156,0.97502
2015-09-10,0.97502,0.97931,0.9701299999999999,0.97308
2015-09-11,0.97308,0.97961,0.96821,0.96912
2015-09-14,0.96919,0.97193,0.96674,0.96822
2015-09-15,0.96822,0.9763499999999999,0.96702,0.97381
2015-09-16,0.97381,0.97625,0.96693,0.97107
2015-09-17,0.97107,0.97246,0.95906,0.95918
2015-09-18,0.95918,0.97048,0.95275,0.96755
2015-09-21,0.96885,0.97402,0.96426,0.97129
2015-09-22,0.97129,0.97531,0.9707,0.97516
2015-09-23,0.97516,0.98013,0.97355,0.9793499999999999
2015-09-24,0.9793499999999999,0.98039,0.96676,0.97423
2015-09-25,0.97423,0.98436,0.9741,0.9783499999999999
2015-09-28,0.97789,0.98161,0.97221,0.97337
2015-09-29,0.97337,0.97493,0.9687,0.97095
2015-09-30,0.97095,0.9776,0.97065,0.97304
2015-10-01,0.97304,0.97888,0.97216,0.97686
2015-10-02,0.97686,0.97948,0.9644699999999999,0.97063
2015-10-05,0.9708,0.97676,0.96858,0.97517
2015-10-06,0.97517,0.97672,0.96644,0.9664699999999999
2015-10-07,0.9664699999999999,0.97395,0.96481,0.97338
2015-10-08,0.97338,0.97371,0.9623,0.96557
2015-10-09,0.96557,0.96753,0.9586399999999999,0.96063
2015-10-12,0.9608099999999999,0.96306,0.95949,0.96232
2015-10-13,0.96232,0.96459,0.95545,0.95768
2015-10-14,0.95768,0.95855,0.9483699999999999,0.9489
2015-10-15,0.9489,0.95527,0.9476,0.94996
2015-10-16,0.94996,0.95534,0.9495399999999999,0.95266
2015-10-19,0.9508,0.95782,0.9508,0.9560299999999999
2015-10-20,0.9560299999999999,0.95708,0.9493699999999999,0.9560299999999999
2015-10-21,0.9560299999999999,0.96111,0.95278,0.9594199999999999
2015-10-22,0.9594199999999999,0.97388,0.95799,0.97306
2015-10-23,0.97306,0.98006,0.97117,0.97775
2015-10-26,0.97863,0.98389,0.97566,0.98346
2015-10-27,0.98346,0.9873999999999999,0.98054,0.98605
2015-10-28,0.98605,0.99574,0.98165,0.994
2015-10-29,0.994,0.9956,0.98853,0.98941
2015-10-30,0.98941,0.99107,0.98455,0.98665
2015-11-02,0.98527,0.98918,0.9835699999999999,0.98552
2015-11-03,0.98552,0.99251,0.98443,0.99009
2015-11-04,0.99009,0.99513,0.98849,0.99321
2015-11-05,0.99321,0.99791,0.99217,0.99496
2015-11-06,0.99496,1.00764,0.9944,1.0046
2015-11-09,1.0044899999999999,1.00618,0.99975,1.00342
2015-11-10,1.00342,1.00868,1.00196,1.00618
2015-11-11,1.00618,1.00722,1.00289,1.00436
2015-11-12,1.00436,1.00852,0.9989399999999999,0.99961
2015-11-13,0.99961,1.00947,0.99934,1.00513
2015-11-16,1.00587,1.0103199999999999,1.00435,1.00962
2015-11-17,1.00962,1.0171,1.00924,1.0146
2015-11-18,1.0146,1.02204,1.01277,1.0198099999999999
2015-11-19,1.0198099999999999,1.02017,1.01219,1.0125
2015-11-20,1.0125,1.01979,1.01222,1.01775
2015-11-23,1.01942,1.0226,1.01751,1.01795
2015-11-24,1.01795,1.01939,1.01442,1.01645
2015-11-25,1.01645,1.02606,1.01436,1.02001
2015-11-26,1.02001,1.02532,1.02001,1.02357
2015-11-27,1.02357,1.03284,1.02258,1.0288599999999999
2015-11-30,1.0295,1.03199,1.0258099999999999,1.02884
2015-12-01,1.02884,1.03017,1.02543,1.02588
2015-12-02,1.02588,1.03076,1.01794,1.01822
2015-12-03,1.01822,1.02605,0.98751,0.99322
2015-12-04,0.99322,1.0034,0.99108,0.99534
2015-12-07,0.9966,1.00315,0.99613,0.9998
2015-12-08,0.9998,1.00102,0.9917199999999999,0.99226
2015-12-09,0.99226,0.99445,0.9820099999999999,0.9828
2015-12-10,0.9828,0.9908,0.98269,0.9873
2015-12-11,0.9873,0.98985,0.98031,0.98248
2015-12-14,0.98315,0.98721,0.97861,0.9846199999999999
2015-12-15,0.9846199999999999,0.99246,0.97982,0.99105
2015-12-16,0.99105,0.99205,0.981,0.9898
2015-12-17,0.9898,0.99908,0.9883,0.99547
2015-12-18,0.99547,0.99758,0.99086,0.99086
2015-12-21,0.99176,0.99687,0.98971,0.99205
2015-12-22,0.99205,0.99374,0.98574,0.98669
2015-12-23,0.98669,0.99453,0.98587,0.99034
2015-12-24,0.99034,0.99154,0.98525,0.98703
2015-12-28,0.98714,0.99021,0.98512,0.9876199999999999
2015-12-29,0.9876199999999999,0.9943299999999999,0.98616,0.99268
2015-12-30,0.99268,0.99303,0.9857,0.98855
2015-12-31,0.98855,1.0020499999999999,0.9872299999999999,0.99946
2016-01-04,1.00041,1.00628,0.99237,1.00194
2016-01-05,1.00194,1.01244,1.00069,1.00857
2016-01-06,1.00857,1.01199,1.00569,1.007
2016-01-07,1.007,1.00801,0.99219,0.99316
2016-01-08,0.99316,1.00524,0.99309,0.99417
2016-01-11,0.994,1.00229,0.98798,1.00125
2016-01-12,1.00125,1.00463,0.9966,1.00189
2016-01-13,1.00189,1.01062,1.00179,1.00578
2016-01-14,1.00578,1.0092,1.00094,1.00455
2016-01-15,1.00455,1.00603,0.99582,1.00048
2016-01-18,1.00094,1.0073,1.0003,1.00489
2016-01-19,1.00489,1.00818,1.00018,1.00278
2016-01-20,1.00278,1.00577,0.99904,1.00367
2016-01-21,1.00367,1.01462,1.00125,1.00709
2016-01-22,1.00709,1.01656,1.00661,1.01456
2016-01-25,1.01481,1.01677,1.01246,1.01267
2016-01-26,1.01267,1.01987,1.01173,1.0165899999999999
2016-01-27,1.0165899999999999,1.01894,1.013,1.01479
2016-01-28,1.01479,1.01774,1.01096,1.01358
2016-01-29,1.01358,1.0256399999999999,1.01321,1.02258
2016-02-01,1.0205,1.02494,1.01553,1.01939
2016-02-02,1.01939,1.0224199999999999,1.01702,1.01784
2016-02-03,1.01784,1.0193699999999999,0.99876,1.00412
2016-02-04,1.00412,1.00739,0.99217,0.99303
2016-02-05,0.99303,0.99849,0.98787,0.9906
2016-02-08,0.99141,0.99729,0.9841,0.9868399999999999
2016-02-09,0.9868399999999999,0.98749,0.96946,0.97255
2016-02-10,0.97255,0.98195,0.97093,0.97322
2016-02-11,0.97322,0.97623,0.96609,0.97223
2016-02-12,0.97223,0.97907,0.97143,0.97607
2016-02-15,0.9763499999999999,0.98894,0.9763499999999999,0.98658
2016-02-16,0.98658,0.9896199999999999,0.98469,0.98829
2016-02-17,0.98829,0.99416,0.9852799999999999,0.99229
2016-02-18,0.99229,0.99687,0.9904,0.99225
2016-02-19,0.99225,0.99674,0.98834,0.98921
2016-02-22,0.98859,1.00031,0.98859,0.99936
2016-02-23,0.99936,1.00012,0.98951,0.99109
2016-02-24,0.99109,0.99526,0.98522,0.98871
2016-02-25,0.98871,0.9952,0.98771,0.99021
2016-02-26,0.99021,0.99887,0.98711,0.99625
2016-02-29,0.99675,1.00377,0.99488,0.99791
2016-03-01,0.99791,1.00094,0.996,0.99693
2016-03-02,0.99693,1.00088,0.9954999999999999,0.9963
2016-03-03,0.9963,0.99823,0.9892,0.9918
2016-03-04,0.9918,0.99879,0.9878399999999999,0.99281
2016-03-07,0.99237,1.0012,0.99237,0.995
2016-03-08,0.995,0.99701,0.99013,0.99565
2016-03-09,0.99565,1.00401,0.99393,0.99718
2016-03-10,0.99718,1.00926,0.9809599999999999,0.98492
2016-03-11,0.98492,0.98902,0.98028,0.98172
2016-03-14,0.98232,0.98817,0.9815,0.98705
2016-03-15,0.98705,0.98958,0.9849,0.98692
2016-03-16,0.98692,0.99135,0.975,0.97633
2016-03-17,0.97633,0.97864,0.9650799999999999,0.96743
2016-03-18,0.96743,0.97172,0.96544,0.96915
2016-03-21,0.9695199999999999,0.973,0.96751,0.96978
2016-03-22,0.96978,0.97361,0.96882,0.97266
2016-03-23,0.97266,0.97658,0.9725,0.9749
2016-03-24,0.9749,0.97733,0.97368,0.97551
2016-03-25,0.97551,0.9787,0.9751,0.97599
2016-03-28,0.97648,0.97861,0.97226,0.97334
2016-03-29,0.97334,0.97627,0.96575,0.96617
2016-03-30,0.96617,0.967,0.95924,0.96482
2016-03-31,0.96482,0.96629,0.95715,0.96141
2016-04-01,0.96141,0.96254,0.95517,0.9573
2016-04-04,0.95716,0.9614699999999999,0.95683,0.95847
2016-04-05,0.95847,0.96044,0.95463,0.95585
2016-04-06,0.95585,0.96218,0.9529799999999999,0.95556
2016-04-07,0.95556,0.95807,0.9521499999999999,0.95549
2016-04-08,0.95549,0.95821,0.95248,0.95261
2016-04-11,0.9515399999999999,0.95705,0.95023,0.95402
2016-04-12,0.95402,0.95934,0.94983,0.95443
2016-04-13,0.95443,0.96716,0.95438,0.9668
2016-04-14,0.9668,0.9688,0.96373,0.9666899999999999
2016-04-15,0.9666899999999999,0.9688,0.96478,0.9669099999999999
2016-04-18,0.96505,0.96787,0.96276,0.96402
2016-04-19,0.96402,0.96499,0.95847,0.96172
2016-04-20,0.96172,0.9732999999999999,0.96027,0.97182
2016-04-21,0.97182,0.97528,0.96472,0.97515
2016-04-22,0.97515,0.97969,0.9732,0.97748
2016-04-25,0.97861,0.97898,0.97361,0.97484
2016-04-26,0.97484,0.97667,0.97014,0.97327
2016-04-27,0.97327,0.97534,0.96793,0.97088
2016-04-28,0.97088,0.97331,0.96566,0.96658
2016-04-29,0.96658,0.96711,0.95697,0.9584
2016-05-02,0.95839,0.9605,0.95347,0.95382
2016-05-03,0.95382,0.9554,0.94439,0.9541
2016-05-04,0.9541,0.959,0.95303,0.95747
2016-05-05,0.95747,0.96962,0.95686,0.96764
2016-05-06,0.96764,0.97288,0.96463,0.97221
2016-05-09,0.97209,0.97359,0.9684,0.97098
2016-05-10,0.97098,0.97627,0.96984,0.97581
2016-05-11,0.97581,0.97611,0.9698599999999999,0.97083
2016-05-12,0.97083,0.97258,0.96633,0.96996
2016-05-13,0.96996,0.97747,0.96955,0.9752
2016-05-16,0.97478,0.97842,0.97405,0.97751
2016-05-17,0.97751,0.98081,0.97512,0.9802299999999999
2016-05-18,0.9802299999999999,0.98802,0.97984,0.98761
2016-05-19,0.98761,0.99224,0.98626,0.9904499999999999
2016-05-20,0.9904499999999999,0.9926699999999999,0.98939,0.98979
2016-05-23,0.99097,0.99235,0.98827,0.98926
2016-05-24,0.98926,0.99374,0.9888899999999999,0.993
2016-05-25,0.993,0.99348,0.98965,0.9911099999999999
2016-05-26,0.9911099999999999,0.9926699999999999,0.9872,0.9891099999999999
2016-05-27,0.9891099999999999,0.99484,0.98852,0.99379
2016-05-30,0.9943299999999999,0.9956,0.99196,0.9921099999999999
2016-05-31,0.9921099999999999,0.9951,0.98864,0.99364
2016-06-01,0.99364,0.99508,0.98619,0.98779
2016-06-02,0.98779,0.99104,0.9858399999999999,0.98991
2016-06-03,0.98991,0.99201,0.97497,0.97509
2016-06-06,0.97576,0.97756,0.96812,0.97025
2016-06-07,0.97025,0.97138,0.96448,0.96487
2016-06-08,0.96487,0.9659099999999999,0.95811,0.9591
2016-06-09,0.9591,0.96561,0.9578,0.96433
2016-06-10,0.96433,0.96577,0.96165,0.96396
2016-06-13,0.96324,0.96783,0.96294,0.96423
2016-06-14,0.96423,0.9668599999999999,0.96206,0.96322
2016-06-15,0.96322,0.96636,0.95909,0.96136
2016-06-16,0.96136,0.96865,0.95716,0.96493
2016-06-17,0.96493,0.96589,0.95884,0.95946
2016-06-20,0.95882,0.96402,0.95754,0.96191
2016-06-21,0.96191,0.9624,0.95723,0.96199
2016-06-22,0.96199,0.9628,0.95506,0.95799
2016-06-23,0.95799,0.96014,0.95213,0.95763
2016-06-24,0.95763,0.98027,0.9551499999999999,0.97059
2016-06-27,0.97527,0.98193,0.97061,0.97836
2016-06-28,0.97836,0.98369,0.97632,0.9817899999999999
2016-06-29,0.9817899999999999,0.98231,0.97794,0.97961
2016-06-30,0.97961,0.98203,0.97277,0.9759599999999999
2016-07-01,0.9759599999999999,0.9781,0.97104,0.9726899999999999
2016-07-04,0.9726899999999999,0.97582,0.97023,0.9705199999999999
2016-07-05,0.9705199999999999,0.97741,0.96846,0.97651
2016-07-06,0.97651,0.9806,0.97398,0.97458
2016-07-07,0.97458,0.97919,0.97405,0.9770099999999999
2016-07-08,0.9770099999999999,0.98656,0.9759599999999999,0.98171
2016-07-11,0.98138,0.98577,0.98082,0.98266
2016-07-12,0.98266,0.98942,0.97955,0.98894
2016-07-13,0.98894,0.98941,0.98216,0.98511
2016-07-14,0.98511,0.9852299999999999,0.9763999999999999,0.9806199999999999
2016-07-15,0.9806199999999999,0.98469,0.9782,0.9815699999999999
2016-07-18,0.98154,0.9846699999999999,0.9811,0.98221
2016-07-19,0.98221,0.98778,0.9815,0.98537
2016-07-20,0.98537,0.99046,0.98505,0.98716
2016-07-21,0.98716,0.99066,0.98397,0.9856
2016-07-22,0.9856,0.98953,0.98433,0.98664
2016-07-25,0.98717,0.98946,0.98495,0.98573
2016-07-26,0.98573,0.99277,0.98348,0.99231
2016-07-27,0.99231,0.995,0.98578,0.98588
2016-07-28,0.98588,0.98669,0.9793499999999999,0.98086
2016-07-29,0.98086,0.98094,0.96352,0.96924
2016-08-01,0.96872,0.97028,0.96636,0.9681
2016-08-02,0.9681,0.96946,0.96333,0.96405
2016-08-03,0.96405,0.97384,0.96384,0.97307
2016-08-04,0.97307,0.97497,0.97211,0.97385
2016-08-05,0.97385,0.9830599999999999,0.97266,0.97993
2016-08-08,0.97993,0.98417,0.9786,0.98224
2016-08-09,0.98224,0.98435,0.9810099999999999,0.98102
2016-08-10,0.98102,0.98185,0.97461,0.97481
2016-08-11,0.97481,0.97658,0.97112,0.9753999999999999
2016-08-12,0.9753999999999999,0.97656,0.97079,0.97444
2016-08-15,0.97344,0.9759099999999999,0.9712999999999999,0.9726
2016-08-16,0.9726,0.97334,0.95883,0.9616
2016-08-17,0.9616,0.96577,0.9596399999999999,0.96163
2016-08-18,0.96163,0.9626399999999999,0.95371,0.9539799999999999
2016-08-19,0.9539799999999999,0.96111,0.95379,0.96007
2016-08-22,0.96132,0.96487,0.95948,0.96233
2016-08-23,0.96233,0.96334,0.95934,0.9628599999999999
2016-08-24,0.9628599999999999,0.96836,0.96255,0.9668
2016-08-25,0.9668,0.96873,0.9641,0.96742
2016-08-26,0.96742,0.97925,0.9631,0.97788
2016-08-29,0.978,0.98066,0.97647,0.9781299999999999
2016-08-30,0.9781299999999999,0.98443,0.9767399999999999,0.98349
2016-08-31,0.98349,0.9863,0.98175,0.9837899999999999
2016-09-01,0.9837899999999999,0.98846,0.97851,0.98
2016-09-02,0.98,0.98192,0.97387,0.98009
2016-09-05,0.97967,0.98138,0.97721,0.97983
2016-09-06,0.97983,0.98106,0.96931,0.9694
2016-09-07,0.9694,0.97094,0.967,0.9697
2016-09-08,0.9697,0.97377,0.96493,0.97244
2016-09-09,0.97244,0.97843,0.97101,0.97505
2016-09-12,0.9742999999999999,0.9763,0.969,0.97162
2016-09-13,0.97162,0.97844,0.9706899999999999,0.97575
2016-09-14,0.97575,0.97897,0.9706,0.97326
2016-09-15,0.97326,0.97676,0.96937,0.97162
2016-09-16,0.97162,0.98178,0.97111,0.97999
2016-09-19,0.97933,0.98188,0.97831,0.97988
2016-09-20,0.97988,0.98106,0.9762,0.97903
2016-09-21,0.97903,0.98141,0.97205,0.97308
2016-09-22,0.97308,0.97412,0.96598,0.96884
2016-09-23,0.96884,0.97423,0.96841,0.96977
2016-09-26,0.96979,0.9709,0.96611,0.96905
2016-09-27,0.96905,0.97288,0.9661,0.9707399999999999
2016-09-28,0.9707399999999999,0.97366,0.9691299999999999,0.97075
2016-09-29,0.97075,0.9723499999999999,0.96398,0.96592
2016-09-30,0.96592,0.97566,0.96476,0.97119
2016-10-03,0.97111,0.97443,0.96901,0.97334
2016-10-04,0.97334,0.98288,0.97193,0.97882
2016-10-05,0.97882,0.97934,0.97331,0.97409
2016-10-06,0.97409,0.98185,0.97351,0.98086
2016-10-07,0.98086,0.98391,0.97672,0.97698
2016-10-10,0.9787399999999999,0.98391,0.97692,0.98247
2016-10-11,0.98247,0.98934,0.9819599999999999,0.98881
2016-10-12,0.98881,0.99097,0.98741,0.9904999999999999
2016-10-13,0.9904999999999999,0.99097,0.98592,0.98597
2016-10-14,0.98597,0.99048,0.98556,0.99018
2016-10-17,0.99009,0.99076,0.98715,0.98893
2016-10-18,0.98893,0.99143,0.98663,0.98982
2016-10-19,0.98982,0.99051,0.98747,0.9888899999999999
2016-10-20,0.9888899999999999,0.99331,0.98422,0.99239
2016-10-21,0.99239,0.99618,0.99225,0.99329
2016-10-24,0.9945499999999999,0.99565,0.99155,0.99343
2016-10-25,0.99343,0.99988,0.99308,0.9943
2016-10-26,0.9943,0.99587,0.99031,0.99334
2016-10-27,0.99334,0.9951,0.99116,0.99353
2016-10-28,0.99353,0.99502,0.9857899999999999,0.98749
2016-10-31,0.98693,0.99073,0.9868,0.989
2016-11-01,0.989,0.9898899999999999,0.97282,0.97526
2016-11-02,0.97526,0.9753999999999999,0.96951,0.9733499999999999
2016-11-03,0.9733499999999999,0.97601,0.9695199999999999,0.97394
2016-11-04,0.97394,0.97581,0.96788,0.96799
2016-11-07,0.9773,0.97895,0.97299,0.97431
2016-11-08,0.97431,0.97898,0.9735199999999999,0.97771
2016-11-09,0.97771,0.98478,0.95493,0.98438
2016-11-10,0.98438,0.98966,0.98204,0.9865
2016-11-11,0.9865,0.9893,0.9832,0.98715
2016-11-14,0.98899,1.0002,0.98813,0.99799
2016-11-15,0.99799,1.00255,0.9929,1.00169
2016-11-16,1.00169,1.0058799999999999,0.99836,1.00203
2016-11-17,1.00203,1.00735,0.99942,1.00689
2016-11-18,1.00689,1.01229,1.00599,1.00981
2016-11-21,1.00994,1.01167,1.00746,1.00859
2016-11-22,1.00859,1.01343,1.00675,1.01112
2016-11-23,1.01112,1.01821,1.00916,1.01589
2016-11-24,1.01589,1.01915,1.0145,1.01595
2016-11-25,1.01595,1.0185899999999999,1.0104899999999999,1.0131
2016-11-28,1.01111,1.01679,1.00786,1.01184
2016-11-29,1.01184,1.01762,1.01105,1.01149
2016-11-30,1.01149,1.02048,1.01067,1.0164199999999999
2016-12-01,1.0164199999999999,1.01777,1.00991,1.01017
2016-12-02,1.01017,1.01226,1.00672,1.00989
2016-12-05,1.01149,1.01817,1.005,1.00593
2016-12-06,1.00593,1.01152,1.00495,1.00977
2016-12-07,1.00977,1.01097,1.00657,1.00675
2016-12-08,1.00675,1.0178,1.0018799999999999,1.01619
2016-12-09,1.01619,1.02135,1.01532,1.01669
2016-12-12,1.01826,1.01987,1.0124,1.01296
2016-12-13,1.01296,1.01461,1.01003,1.01187
2016-12-14,1.01187,1.02233,1.00834,1.0201
2016-12-15,1.0201,1.03436,1.01943,1.02983
2016-12-16,1.02983,1.03115,1.02411,1.02639
2016-12-19,1.02578,1.02827,1.02211,1.02699
2016-12-20,1.02699,1.03203,1.02599,1.02857
2016-12-21,1.02857,1.02955,1.02266,1.02672
2016-12-22,1.02672,1.02692,1.02179,1.02537
2016-12-23,1.02537,1.0280799999999999,1.0243,1.02609
2016-12-27,1.02609,1.02983,1.02609,1.02756
2016-12-28,1.02756,1.03212,1.02644,1.028
2016-12-29,1.028,1.02855,1.0207,1.02284
2016-12-30,1.02284,1.02318,1.00569,1.01759
2017-01-03,1.01759,1.03351,1.01759,1.02727
2017-01-04,1.02727,1.0291,1.02006,1.02057
2017-01-05,1.02057,1.02208,1.00867,1.00984
2017-01-06,1.00984,1.01832,1.00938,1.01738
2017-01-09,1.01689,1.01973,1.0141499999999999,1.01512
2017-01-10,1.01512,1.01782,1.01107,1.01683
2017-01-11,1.01683,1.02482,1.0101,1.01414
2017-01-12,1.01414,1.01499,1.00561,1.01089
2017-01-13,1.01089,1.01213,1.0041,1.00822
2017-01-16,1.0092,1.01364,1.00887,1.01079
2017-01-17,1.01079,1.01207,0.9996,1.00137
2017-01-18,1.00137,1.00774,1.0009,1.00728
2017-01-19,1.00728,1.01224,1.00414,1.00607
2017-01-20,1.00607,1.0094,1.00099,1.00099
2017-01-23,1.00105,1.0026599999999999,0.99612,0.99629
2017-01-24,0.99629,1.00192,0.99595,1.0008
2017-01-25,1.0008,1.00261,0.99659,0.99922
2017-01-26,0.99922,1.00263,0.99682,0.99959
2017-01-27,0.99959,1.00276,0.9969399999999999,0.9989399999999999
2017-01-30,0.9964999999999999,1.00446,0.99334,0.99515
2017-01-31,0.99515,0.99663,0.98611,0.98902
2017-02-01,0.98902,0.99565,0.98838,0.9928
2017-02-02,0.9928,0.99382,0.98696,0.99263
2017-02-03,0.99263,0.99914,0.9906699999999999,0.99137
2017-02-06,0.99133,0.99614,0.99037,0.99058
2017-02-07,0.99058,1.00069,0.99046,0.99754
2017-02-08,0.99754,0.99998,0.99297,0.99443
2017-02-09,0.99443,1.0018799999999999,0.99364,1.00159
2017-02-10,1.00159,1.00621,1.00071,1.00225
2017-02-13,1.00237,1.00694,1.00179,1.00574
2017-02-14,1.00574,1.00844,1.00308,1.0063
2017-02-15,1.0063,1.01187,1.00472,1.00534
2017-02-16,1.00534,1.00573,0.99658,0.99691
2017-02-17,0.99691,1.00336,0.99636,1.00244
2017-02-20,1.00234,1.00445,1.00102,1.00277
2017-02-21,1.00277,1.01056,1.00174,1.00976
2017-02-22,1.00976,1.01408,1.00774,1.01043
2017-02-23,1.01043,1.01165,1.00531,1.00619
2017-02-24,1.00619,1.00809,1.00243,1.00706
2017-02-27,1.00658,1.00981,1.00454,1.0092
2017-02-28,1.0092,1.01017,1.00089,1.00578
2017-03-01,1.00578,1.01291,1.00525,1.00887
2017-03-02,1.00887,1.01462,1.0081,1.01328
2017-03-03,1.01328,1.01374,1.0069,1.00753
2017-03-06,1.00789,1.01295,1.0072,1.01193
2017-03-07,1.01193,1.01704,1.01067,1.01322
2017-03-08,1.01322,1.01547,1.01229,1.01472
2017-03-09,1.01472,1.01607,1.00917,1.01219
2017-03-10,1.01219,1.014,1.00782,1.01059
2017-03-13,1.00959,1.0117,1.00603,1.00724
2017-03-14,1.00724,1.0107599999999999,1.00688,1.01005
2017-03-15,1.01005,1.01054,0.99842,1.00025
2017-03-16,1.00025,1.00154,0.9951,0.99645
2017-03-17,0.99645,0.99865,0.99422,0.99797
2017-03-20,0.99704,0.99909,0.99568,0.99864
2017-03-21,0.99864,1.00024,0.99218,0.99385
2017-03-22,0.99385,0.99461,0.98816,0.99136
2017-03-23,0.99136,0.9942,0.99118,0.99334
2017-03-24,0.99334,0.99593,0.9889,0.99133
2017-03-27,0.98834,0.9894999999999999,0.98136,0.9856
2017-03-28,0.9856,0.99353,0.98314,0.99239
2017-03-29,0.99239,0.9976,0.99132,0.99631
2017-03-30,0.99631,1.00137,0.99484,1.0013
2017-03-31,1.0013,1.00297,0.99943,1.00268
2017-04-03,1.00164,1.00376,1.00078,1.00145
2017-04-04,1.00145,1.00377,1.00116,1.00185
2017-04-05,1.00185,1.00768,1.00114,1.00491
2017-04-06,1.00491,1.00674,1.00264,1.00497
2017-04-07,1.00497,1.00965,1.0014399999999999,1.00901
2017-04-10,1.00865,1.01078,1.00745,1.00867
2017-04-11,1.00867,1.0094,1.00557,1.00729
2017-04-12,1.00729,1.0089299999999999,1.00214,1.00305
2017-04-13,1.00305,1.00671,1.00078,1.00568
2017-04-14,1.00568,1.00606,1.00226,1.00465
2017-04-17,1.00258,1.00575,1.00096,1.00425
2017-04-18,1.00425,1.00478,0.99552,0.99605
2017-04-19,0.99605,0.99924,0.9953299999999999,0.99821
2017-04-20,0.99821,0.9987699999999999,0.99407,0.99863
2017-04-21,0.99863,0.9999399999999999,0.99482,0.9957
2017-04-24,0.98963,0.99808,0.98963,0.99581
2017-04-25,0.99581,0.99699,0.99186,0.99343
2017-04-26,0.99343,0.99687,0.99192,0.9932
2017-04-27,0.9932,0.99636,0.99198,0.99434
2017-04-28,0.99434,0.99583,0.98935,0.99463
2017-05-01,0.9936,0.99653,0.99281,0.99631
2017-05-02,0.99631,0.99631,0.9912,0.99154
2017-05-03,0.99154,0.99482,0.9890599999999999,0.9947199999999999
2017-05-04,0.9947199999999999,0.99569,0.9862299999999999,0.98627
2017-05-05,0.98627,0.99033,0.98533,0.9871
2017-05-08,0.9874499999999999,0.9991099999999999,0.98676,0.99874
2017-05-09,0.99874,1.00906,0.99751,1.00746
2017-05-10,1.00746,1.00947,1.00484,1.00889
2017-05-11,1.00889,1.00998,1.00564,1.0078
2017-05-12,1.0078,1.00858,0.99864,1.00081
2017-05-15,1.00032,1.00195,0.99578,0.99649
2017-05-16,0.99649,0.99658,0.98473,0.98583
2017-05-17,0.98583,0.98612,0.97742,0.97861
2017-05-18,0.97861,0.98252,0.9759,0.97987
2017-05-19,0.97987,0.98053,0.97244,0.9727
2017-05-22,0.97347,0.97655,0.96916,0.97336
2017-05-23,0.97336,0.97633,0.97016,0.97601
2017-05-24,0.97601,0.97765,0.97286,0.97306
2017-05-25,0.97306,0.97389,0.97003,0.97302
2017-05-26,0.97302,0.97611,0.96963,0.9743499999999999
2017-05-29,0.975,0.97752,0.97316,0.97732
2017-05-30,0.97732,0.9808,0.9737,0.97461
2017-05-31,0.97461,0.9761299999999999,0.96696,0.96778
2017-06-01,0.96778,0.9719599999999999,0.96649,0.97155
2017-06-02,0.97155,0.97192,0.9621999999999999,0.9624
2017-06-05,0.96446,0.96644,0.96204,0.9652499999999999
2017-06-06,0.9652499999999999,0.96532,0.96136,0.96188
2017-06-07,0.96188,0.96775,0.96132,0.9646399999999999
2017-06-08,0.9646399999999999,0.96963,0.96292,0.96739
2017-06-09,0.96739,0.97276,0.96536,0.96889
2017-06-12,0.96815,0.9695,0.96699,0.96863
2017-06-13,0.96863,0.97007,0.96622,0.96877
2017-06-14,0.96877,0.97358,0.96407,0.97104
2017-06-15,0.97104,0.97708,0.97036,0.97525
2017-06-16,0.97525,0.97572,0.97268,0.97372
2017-06-19,0.97253,0.97594,0.96956,0.97556
2017-06-20,0.97556,0.97662,0.97255,0.97499
2017-06-21,0.97499,0.97536,0.97219,0.9722999999999999
2017-06-22,0.9722999999999999,0.97427,0.97121,0.97163
2017-06-23,0.97163,0.97214,0.96756,0.96916
2017-06-26,0.9691,0.97384,0.96812,0.9725199999999999
2017-06-27,0.9725199999999999,0.97329,0.9591999999999999,0.9604199999999999
2017-06-28,0.9604199999999999,0.96474,0.95791,0.9597
2017-06-29,0.9597,0.95996,0.9555899999999999,0.95589
2017-06-30,0.95589,0.95984,0.95504,0.9583
2017-07-03,0.95807,0.96431,0.95694,0.96361
2017-07-04,0.96361,0.96594,0.96215,0.96534
2017-07-05,0.96534,0.96883,0.96329,0.96402
2017-07-06,0.96402,0.966,0.96011,0.96051
2017-07-07,0.96051,0.96541,0.9595,0.9639
2017-07-10,0.96335,0.96751,0.96299,0.96565
2017-07-11,0.96565,0.96963,0.96241,0.96381
2017-07-12,0.96381,0.9662,0.9602499999999999,0.96532
2017-07-13,0.96532,0.9687399999999999,0.96154,0.96711
2017-07-14,0.96711,0.97006,0.96288,0.96296
2017-07-17,0.96274,0.96589,0.95945,0.9624199999999999
2017-07-18,0.9624199999999999,0.96348,0.9523699999999999,0.95499
2017-07-19,0.95499,0.95608,0.95284,0.95562
2017-07-20,0.95562,0.96188,0.94929,0.95127
2017-07-21,0.95127,0.95227,0.94385,0.94569
2017-07-24,0.94474,0.9475399999999999,0.94447,0.94652
2017-07-25,0.94652,0.9525399999999999,0.94489,0.95238
2017-07-26,0.95238,0.95953,0.94985,0.95068
2017-07-27,0.95068,0.96621,0.94903,0.96487
2017-07-28,0.96487,0.97267,0.9632,0.9685199999999999
2017-07-31,0.96885,0.97127,0.96366,0.96687
2017-08-01,0.96687,0.96835,0.96312,0.96571
2017-08-02,0.96571,0.97137,0.96419,0.97117
2017-08-03,0.97117,0.97171,0.96719,0.96844
2017-08-04,0.96844,0.97643,0.96707,0.97273
2017-08-07,0.97227,0.97465,0.97112,0.9731799999999999
2017-08-08,0.9731799999999999,0.9773,0.9709599999999999,0.9741
2017-08-09,0.9741,0.9742999999999999,0.9611,0.96361
2017-08-10,0.96361,0.9675199999999999,0.96185,0.9625
2017-08-11,0.9625,0.96385,0.95805,0.96189
2017-08-14,0.96209,0.97326,0.9614699999999999,0.9721299999999999
2017-08-15,0.9721299999999999,0.97588,0.9702,0.97262
2017-08-16,0.97262,0.97658,0.96482,0.96579
2017-08-17,0.96579,0.96982,0.9605,0.96298
2017-08-18,0.96298,0.96699,0.95863,0.9646399999999999
2017-08-21,0.96452,0.96854,0.96005,0.9618599999999999
2017-08-22,0.9618599999999999,0.9688599999999999,0.96105,0.96839
2017-08-23,0.96839,0.96997,0.96415,0.96563
2017-08-24,0.96563,0.96684,0.96201,0.9652499999999999
2017-08-25,0.9652499999999999,0.9662499999999999,0.95501,0.9559799999999999
2017-08-28,0.95456,0.95784,0.95265,0.9551
2017-08-29,0.9551,0.95606,0.94274,0.9555
2017-08-30,0.9555,0.96454,0.95384,0.96346
2017-08-31,0.96346,0.96797,0.95822,0.95844
2017-09-01,0.95844,0.96526,0.9545399999999999,0.9640299999999999
2017-09-04,0.95949,0.96178,0.95518,0.9576
2017-09-05,0.9576,0.96144,0.9534199999999999,0.95464
2017-09-06,0.95464,0.95823,0.95278,0.95567
2017-09-07,0.95567,0.9593,0.9493699999999999,0.95024
2017-09-08,0.95024,0.95085,0.94208,0.94389
2017-09-11,0.94682,0.95692,0.94595,0.95609
2017-09-12,0.95609,0.96182,0.95443,0.95982
2017-09-13,0.95982,0.96605,0.95839,0.96388
2017-09-14,0.96388,0.9705199999999999,0.96177,0.9628
2017-09-15,0.9628,0.96473,0.9565,0.95908
2017-09-18,0.96023,0.96409,0.9580299999999999,0.96112
2017-09-19,0.96112,0.96488,0.9595,0.96252
2017-09-20,0.96252,0.97176,0.95862,0.96976
2017-09-21,0.96976,0.9747399999999999,0.9685,0.97043
2017-09-22,0.97043,0.9709599999999999,0.96682,0.96924
2017-09-25,0.97063,0.97465,0.96419,0.96582
2017-09-26,0.96582,0.97268,0.9652499999999999,0.96867
2017-09-27,0.96867,0.97702,0.96845,0.97198
2017-09-28,0.97198,0.97588,0.96981,0.97009
2017-09-29,0.97009,0.9721,0.96702,0.96765
2017-10-02,0.968,0.97549,0.96772,0.97461
2017-10-03,0.97461,0.97863,0.97286,0.97359
2017-10-04,0.97359,0.97619,0.9709599999999999,0.97494
2017-10-05,0.97494,0.97956,0.97428,0.97831
2017-10-06,0.97831,0.98365,0.97706,0.9773
2017-10-09,0.9783499999999999,0.98077,0.97742,0.97965
2017-10-10,0.97965,0.97993,0.9735199999999999,0.97508
2017-10-11,0.97508,0.9767,0.9717,0.97323
2017-10-12,0.97323,0.97637,0.97118,0.97543
2017-10-13,0.97543,0.97714,0.97049,0.97438
2017-10-16,0.97398,0.97691,0.97294,0.97534
2017-10-17,0.97534,0.98089,0.9747899999999999,0.97834
2017-10-18,0.97834,0.98369,0.97737,0.98151
2017-10-19,0.98151,0.98174,0.97368,0.9761799999999999
2017-10-20,0.9761799999999999,0.98527,0.97566,0.98398
2017-10-23,0.98516,0.98812,0.98312,0.98496
2017-10-24,0.98496,0.99115,0.98381,0.99107
2017-10-25,0.99107,0.99399,0.98688,0.98961
2017-10-26,0.98961,0.9979399999999999,0.98757,0.99746
2017-10-27,0.99746,1.0039,0.99673,0.99735
2017-10-30,0.99686,0.99963,0.99387,0.9943
2017-10-31,0.9943,0.99946,0.99429,0.99753
2017-11-01,0.99753,1.00375,0.997,1.00321
2017-11-02,1.00321,1.00336,0.99491,0.99936
2017-11-03,0.99936,1.00246,0.99459,1.00016
2017-11-06,0.99946,1.00291,0.99725,0.99741
2017-11-07,0.99741,1.00197,0.99705,0.9995499999999999
2017-11-08,0.9995499999999999,1.0006599999999999,0.99808,1.00003
2017-11-09,1.00003,1.00177,0.99217,0.9939
2017-11-10,0.9939,0.99686,0.99252,0.9956
2017-11-13,0.99561,0.99868,0.99364,0.9962799999999999
2017-11-14,0.9962799999999999,0.99706,0.98817,0.98934
2017-11-15,0.98934,0.9911099999999999,0.98461,0.98833
2017-11-16,0.98833,0.9945499999999999,0.98803,0.99402
2017-11-17,0.99402,0.9942799999999999,0.98755,0.9878399999999999
2017-11-20,0.98871,0.99374,0.98787,0.9934499999999999
2017-11-21,0.9934499999999999,0.9946699999999999,0.98991,0.99143
2017-11-22,0.99143,0.9914999999999999,0.98124,0.98197
2017-11-23,0.98197,0.98283,0.97949,0.9817899999999999
2017-11-24,0.9817899999999999,0.98273,0.97839,0.97911
2017-11-27,0.97919,0.98198,0.97782,0.98133
2017-11-28,0.98133,0.98527,0.9802299999999999,0.98371
2017-11-29,0.98371,0.987,0.98188,0.98451
2017-11-30,0.98451,0.98822,0.98159,0.98359
2017-12-01,0.98359,0.9871,0.97351,0.97585
2017-12-04,0.98139,0.98674,0.97933,0.98509
2017-12-05,0.98509,0.98876,0.98373,0.98731
2017-12-06,0.98731,0.99099,0.98551,0.9898899999999999
2017-12-07,0.9898899999999999,0.99469,0.98735,0.99434
2017-12-08,0.99434,0.9977699999999999,0.99235,0.99252
2017-12-11,0.9937199999999999,0.99413,0.98972,0.99176
2017-12-12,0.99176,0.99357,0.98902,0.99148
2017-12-13,0.99148,0.99285,0.9842299999999999,0.98539
2017-12-14,0.98539,0.9904499999999999,0.98399,0.98896
2017-12-15,0.98896,0.9934499999999999,0.98733,0.98999
2017-12-18,0.98946,0.9917,0.98396,0.98561
2017-12-19,0.98561,0.98787,0.98347,0.98487
2017-12-20,0.98487,0.98855,0.9828399999999999,0.98686
2017-12-21,0.98686,0.99098,0.9852799999999999,0.98844
2017-12-22,0.98844,0.99115,0.9881,0.98912
2017-12-26,0.98912,0.99154,0.9886199999999999,0.98934
2017-12-27,0.98934,0.99037,0.98597,0.98634
2017-12-28,0.98634,0.98634,0.97714,0.97822
2017-12-29,0.97822,0.97939,0.9734,0.97439
2018-01-02,0.97439,0.97483,0.96997,0.97165
2018-01-03,0.97165,0.97981,0.97107,0.97704
2018-01-04,0.97704,0.97803,0.97323,0.9732999999999999
2018-01-05,0.9732999999999999,0.97846,0.97328,0.97461
2018-01-08,0.97505,0.97842,0.97401,0.97717
2018-01-09,0.97717,0.9842,0.97646,0.98231
2018-01-10,0.98231,0.98455,0.97542,0.97824
2018-01-11,0.97824,0.98161,0.9732,0.97584
2018-01-12,0.97584,0.97707,0.96648,0.96761
2018-01-15,0.96817,0.96848,0.96028,0.96292
2018-01-16,0.96292,0.96654,0.95812,0.95944
2018-01-17,0.95944,0.96577,0.95727,0.96533
2018-01-18,0.96533,0.9666899999999999,0.95749,0.95891
2018-01-19,0.95891,0.96398,0.95355,0.96376
2018-01-22,0.96091,0.964,0.95926,0.96182
2018-01-23,0.96182,0.96336,0.95666,0.95766
2018-01-24,0.95766,0.95813,0.9426599999999999,0.94481
2018-01-25,0.94481,0.94669,0.92888,0.94067
2018-01-26,0.94067,0.94308,0.93235,0.93323
2018-01-29,0.93323,0.93868,0.93308,0.9375
2018-01-30,0.9375,0.93934,0.93101,0.9342199999999999
2018-01-31,0.9342199999999999,0.93591,0.92893,0.93097
2018-02-01,0.93097,0.93417,0.9256,0.92638
2018-02-02,0.92638,0.93368,0.9255599999999999,0.93088
2018-02-05,0.9323899999999999,0.93765,0.92872,0.93152
2018-02-06,0.93152,0.93981,0.93063,0.93593
2018-02-07,0.93593,0.94546,0.93398,0.94413
2018-02-08,0.94413,0.94701,0.9354399999999999,0.93606
2018-02-09,0.93606,0.9409,0.93484,0.93897
2018-02-12,0.93958,0.94067,0.93636,0.93916
2018-02-13,0.93916,0.93985,0.93223,0.93498
2018-02-14,0.93498,0.93747,0.9285,0.92937
2018-02-15,0.92937,0.92937,0.921,0.92198
2018-02-16,0.92198,0.92879,0.91876,0.92707
2018-02-19,0.92742,0.93198,0.92627,0.92912
2018-02-20,0.92912,0.93695,0.92816,0.93599
2018-02-21,0.93599,0.9396599999999999,0.93424,0.93891
2018-02-22,0.93891,0.94092,0.93259,0.9327799999999999
2018-02-23,0.9327799999999999,0.93741,0.9322199999999999,0.93593
2018-02-26,0.93709,0.93914,0.93254,0.93793
2018-02-27,0.93793,0.94174,0.9358299999999999,0.93892
2018-02-28,0.93892,0.94594,0.93857,0.9444899999999999
2018-03-01,0.9444899999999999,0.94905,0.94098,0.94164
2018-03-02,0.94164,0.94242,0.93384,0.93741
2018-03-05,0.93639,0.9408,0.93451,0.93984
2018-03-06,0.93984,0.9419,0.93596,0.94068
2018-03-07,0.94068,0.94426,0.93573,0.94347
2018-03-08,0.94347,0.95203,0.94219,0.95107
2018-03-09,0.95107,0.95345,0.94875,0.95134
2018-03-12,0.95056,0.9514,0.94591,0.94752
2018-03-13,0.94752,0.94941,0.94294,0.94403
2018-03-14,0.94403,0.94803,0.94245,0.94482
2018-03-15,0.94482,0.952,0.94334,0.95139
2018-03-16,0.95139,0.95475,0.94853,0.95182
2018-03-19,0.95236,0.95517,0.9495,0.95096
2018-03-20,0.95096,0.95693,0.95022,0.95644
2018-03-21,0.95644,0.9565899999999999,0.94842,0.94946
2018-03-22,0.94946,0.95148,0.94594,0.94913
2018-03-23,0.94913,0.94953,0.94446,0.94718
2018-03-26,0.9467599999999999,0.94891,0.94331,0.94533
2018-03-27,0.94533,0.95089,0.94343,0.94666
2018-03-28,0.94666,0.95782,0.94583,0.95646
2018-03-29,0.95646,0.95835,0.95475,0.95633
2018-03-30,0.95633,0.95657,0.95236,0.95345
2018-04-02,0.95264,0.95645,0.95264,0.95467
2018-04-03,0.95467,0.95972,0.95329,0.95875
2018-04-04,0.95875,0.96115,0.9551,0.96082
2018-04-05,0.96082,0.964,0.95979,0.96354
2018-04-06,0.96354,0.96496,0.9578,0.95887
2018-04-09,0.95829,0.96095,0.9560299999999999,0.95605
2018-04-10,0.95605,0.95811,0.95343,0.95677
2018-04-11,0.95677,0.9596399999999999,0.95557,0.95756
2018-04-12,0.95756,0.96465,0.95679,0.96229
2018-04-13,0.96229,0.96389,0.95995,0.96157
2018-04-16,0.96157,0.9637,0.95774,0.95989
2018-04-17,0.95989,0.96785,0.95808,0.96615
2018-04-18,0.96615,0.96988,0.96501,0.9686
2018-04-19,0.9686,0.97242,0.96659,0.97126
2018-04-20,0.97126,0.97594,0.9705,0.97482
2018-04-23,0.97511,0.97883,0.9739,0.97816
2018-04-24,0.97816,0.98106,0.97675,0.9787899999999999
2018-04-25,0.9787899999999999,0.9848,0.9782,0.9831799999999999
2018-04-26,0.9831799999999999,0.9896,0.9816199999999999,0.98894
2018-04-27,0.98894,0.99205,0.98716,0.98775
2018-04-30,0.9877,0.99209,0.98718,0.99082
2018-05-01,0.99082,0.99702,0.98996,0.99643
2018-05-02,0.99643,0.9999899999999999,0.99362,0.99882
2018-05-03,0.99882,0.99995,0.9955499999999999,0.99739
2018-05-04,0.99739,1.00226,0.99647,0.99947
2018-05-07,0.99992,1.00563,0.99841,1.00259
2018-05-08,1.00259,1.00452,1.00026,1.00162
2018-05-09,1.00162,1.0056,1.00037,1.00491
2018-05-10,1.00491,1.00563,0.99939,1.00251
2018-05-11,1.00251,1.00399,0.99765,1.00039
2018-05-14,0.9995499999999999,1.00076,0.99576,1.00043
2018-05-15,1.00043,1.00416,0.99832,1.00124
2018-05-16,1.00124,1.0019,0.99844,1.00122
2018-05-17,1.00122,1.00332,0.99868,1.00149
2018-05-18,1.00149,1.00182,0.99502,0.99715
2018-05-21,0.99646,1.00015,0.99646,0.99717
2018-05-22,0.99717,0.99903,0.99178,0.99264
2018-05-23,0.99264,0.99781,0.98939,0.99562
2018-05-24,0.99562,0.99571,0.98856,0.99129
2018-05-25,0.99129,0.9937,0.9894,0.9894
2018-05-28,0.99085,0.9958,0.9906,0.9936
2018-05-29,0.9936,0.99831,0.9850599999999999,0.99127
2018-05-30,0.99127,0.99354,0.98787,0.98912
2018-05-31,0.98912,0.98921,0.9826,0.98569
2018-06-01,0.98569,0.9912799999999999,0.98411,0.98744
2018-06-04,0.98827,0.98943,0.9830099999999999,0.98773
2018-06-05,0.98773,0.9892799999999999,0.98302,0.98448
2018-06-06,0.98448,0.98859,0.98355,0.98618
2018-06-07,0.98618,0.98671,0.97883,0.98038
2018-06-08,0.98038,0.98879,0.97933,0.9843999999999999
2018-06-11,0.98438,0.98736,0.98389,0.98531
2018-06-12,0.98531,0.98837,0.9830099999999999,0.98666
2018-06-13,0.98666,0.98952,0.98402,0.9853999999999999
2018-06-14,0.9853999999999999,0.9972799999999999,0.98255,0.99692
2018-06-15,0.99692,0.99883,0.99451,0.99717
2018-06-18,0.99644,0.99903,0.99359,0.9951
2018-06-19,0.9951,0.99776,0.99178,0.99366
2018-06-20,0.99366,0.99829,0.99355,0.99615
2018-06-21,0.99615,0.99857,0.98969,0.99179
2018-06-22,0.99179,0.99257,0.98726,0.9872799999999999
2018-06-25,0.98813,0.98901,0.98557,0.9868899999999999
2018-06-26,0.9868899999999999,0.99231,0.98581,0.99024
2018-06-27,0.99024,0.99763,0.98912,0.99708
2018-06-28,0.99708,0.99925,0.9959399999999999,0.99744
2018-06-29,0.99744,0.99806,0.98938,0.99024
2018-07-02,0.98992,0.9965499999999999,0.9894,0.9934999999999999
2018-07-03,0.9934999999999999,0.99497,0.9912799999999999,0.99238
2018-07-04,0.99238,0.99397,0.99052,0.99229
2018-07-05,0.99229,0.99442,0.991,0.99309
2018-07-06,0.99309,0.99438,0.98843,0.98986
2018-07-09,0.98888,0.99302,0.98578,0.99144
2018-07-10,0.99144,0.9962,0.99097,0.9918
2018-07-11,0.9918,0.99658,0.99051,0.9959
2018-07-12,0.9959,1.00276,0.99475,1.00226
2018-07-13,1.00226,1.00681,1.00145,1.00158
2018-07-16,1.00135,1.00244,0.99627,0.99664
2018-07-17,0.99664,1.00019,0.99268,1.00006
2018-07-18,1.00006,1.00347,0.99826,0.99898
2018-07-19,0.99898,1.00434,0.99585,0.99906
2018-07-20,0.99906,1.00101,0.99155,0.9922
2018-07-23,0.9917199999999999,0.99419,0.9901,0.9924
2018-07-24,0.9924,0.99544,0.99219,0.99357
2018-07-25,0.99357,0.99493,0.99074,0.99178
2018-07-26,0.99178,0.99497,0.99031,0.9941099999999999
2018-07-27,0.9941099999999999,0.99783,0.99316,0.99366
2018-07-30,0.99465,0.99566,0.98779,0.98819
2018-07-31,0.98819,0.99071,0.98672,0.9902
2018-08-01,0.9902,0.99343,0.98974,0.99205
2018-08-02,0.99205,0.99562,0.99152,0.99529
2018-08-03,0.99529,0.99657,0.99209,0.99386
2018-08-06,0.99405,0.99848,0.99316,0.99646
2018-08-07,0.99646,0.99682,0.9930599999999999,0.99552
2018-08-08,0.99552,0.99708,0.99279,0.99327
2018-08-09,0.99327,0.9951,0.98947,0.9936
2018-08-10,0.9936,0.99751,0.99281,0.9949399999999999
2018-08-13,0.99317,0.99539,0.99207,0.99308
2018-08-14,0.99308,0.99508,0.9901,0.99417
2018-08-15,0.99417,0.99829,0.9926,0.99353
2018-08-16,0.99353,0.99745,0.99158,0.9967699999999999
2018-08-17,0.9967699999999999,0.9978,0.9932799999999999,0.99498
2018-08-20,0.99501,0.99686,0.99107,0.99148
2018-08-21,0.99148,0.9922,0.98429,0.98511
2018-08-22,0.98511,0.98543,0.98081,0.98309
2018-08-23,0.98309,0.98664,0.9822,0.98589
2018-08-24,0.98589,0.98652,0.98107,0.98294
2018-08-27,0.98386,0.98459,0.9787399999999999,0.9797
2018-08-28,0.9797,0.98092,0.97453,0.9761
2018-08-29,0.9761,0.9776,0.97021,0.97049
2018-08-30,0.97049,0.9715699999999999,0.9686,0.96899
2018-08-31,0.96899,0.97033,0.96522,0.96856
2018-09-03,0.96949,0.97077,0.96832,0.96923
2018-09-04,0.96923,0.9767399999999999,0.96876,0.9744
2018-09-05,0.9744,0.97537,0.97083,0.9717
2018-09-06,0.9717,0.97194,0.96502,0.96518
2018-09-07,0.96518,0.96997,0.96415,0.96888
2018-09-10,0.9684699999999999,0.97547,0.96829,0.97505
2018-09-11,0.97505,0.97587,0.97199,0.97236
2018-09-12,0.97236,0.97499,0.96957,0.97046
2018-09-13,0.97046,0.9709,0.96517,0.96541
2018-09-14,0.96541,0.96758,0.96345,0.96721
2018-09-17,0.96733,0.96799,0.96117,0.9625
2018-09-18,0.9625,0.9656,0.96001,0.9645
2018-09-19,0.9645,0.97004,0.9634199999999999,0.96715
2018-09-20,0.96715,0.96777,0.95889,0.95891
2018-09-21,0.95891,0.95982,0.95421,0.95806
2018-09-24,0.95877,0.96499,0.95749,0.96437
2018-09-25,0.96437,0.96709,0.96359,0.96487
2018-09-26,0.96487,0.97017,0.96233,0.96593
2018-09-27,0.96593,0.9783,0.96453,0.97721
2018-09-28,0.97721,0.98194,0.97375,0.98169
2018-10-01,0.9811,0.9856,0.9797899999999999,0.9835
2018-10-02,0.9835,0.98629,0.9829,0.98387
2018-10-03,0.98387,0.99255,0.98332,0.99232
2018-10-04,0.99232,0.99339,0.98916,0.99165
2018-10-05,0.99165,0.99551,0.99101,0.99175
2018-10-08,0.99182,0.99447,0.99073,0.9923299999999999
2018-10-09,0.9923299999999999,0.99558,0.9911,0.99165
2018-10-10,0.99165,0.99344,0.98957,0.99019
2018-10-11,0.99019,0.99225,0.9856699999999999,0.98936
2018-10-12,0.98936,0.99303,0.98819,0.99161
2018-10-15,0.99008,0.9920599999999999,0.9847899999999999,0.9868399999999999
2018-10-16,0.9868399999999999,0.99092,0.9859,0.99062
2018-10-17,0.99062,0.99546,0.98972,0.99527
2018-10-18,0.99527,0.99752,0.99201,0.99559
2018-10-19,0.99559,0.9977699999999999,0.99496,0.99637
2018-10-22,0.99502,0.99801,0.99398,0.99591
2018-10-23,0.99591,0.99705,0.99377,0.99483
2018-10-24,0.99483,0.999,0.99417,0.99773
2018-10-25,0.99773,1.00182,0.99549,0.99934
2018-10-26,0.99934,1.00267,0.9963299999999999,0.99696
2018-10-29,0.99735,1.00244,0.99638,1.00187
2018-10-30,1.00187,1.00526,1.0008299999999999,1.0052
2018-10-31,1.0052,1.00949,1.00336,1.00845
2018-11-01,1.00845,1.00898,1.0000200000000001,1.00207
2018-11-02,1.00207,1.00486,0.99682,1.00333
2018-11-05,1.0028,1.0069299999999999,1.00242,1.00435
2018-11-06,1.00435,1.00555,1.00224,1.00246
2018-11-07,1.00246,1.00509,0.99525,1.00213
2018-11-08,1.00213,1.00707,1.00075,1.00595
2018-11-09,1.00595,1.00859,1.00448,1.00533
2018-11-12,1.00485,1.01114,1.0048,1.01087
2018-11-13,1.01087,1.01285,1.00691,1.00701
2018-11-14,1.00701,1.01043,1.00418,1.0057
2018-11-15,1.0057,1.00794,1.00357,1.0060499999999999
2018-11-16,1.0060499999999999,1.00873,0.99913,0.99968
2018-11-19,1,1.00071,0.99244,0.99349
2018-11-20,0.99349,0.99581,0.99088,0.99479
2018-11-21,0.99479,0.9958899999999999,0.99279,0.99453
2018-11-22,0.99453,0.99574,0.99218,0.99446
2018-11-23,0.99446,0.99803,0.99347,0.99686
2018-11-26,0.99671,0.99934,0.99543,0.99848
2018-11-27,0.99848,1.00035,0.99753,0.9983
2018-11-28,0.9983,1.00059,0.99254,0.99336
2018-11-29,0.99336,0.99769,0.99175,0.99522
2018-11-30,0.99522,1.00042,0.99513,0.99883
2018-12-03,0.99775,0.99962,0.99643,0.99781
2018-12-04,0.99781,0.99907,0.99302,0.9973299999999999
2018-12-05,0.9973299999999999,1.00085,0.99648,0.9976
2018-12-06,0.9976,0.9989899999999999,0.98943,0.99247
2018-12-07,0.99247,0.99432,0.98898,0.98965
2018-12-10,0.9908899999999999,0.9908899999999999,0.98681,0.99027
2018-12-11,0.99027,0.99384,0.9862799999999999,0.99318
2018-12-12,0.99318,0.99656,0.9913,0.9934
2018-12-13,0.9934,0.99543,0.99117,0.99384
2018-12-14,0.99384,0.99893,0.99285,0.99779
2018-12-17,0.99779,0.99863,0.9917199999999999,0.99301
2018-12-18,0.99301,0.99374,0.98998,0.99244
2018-12-19,0.99244,0.99561,0.99064,0.99453
2018-12-20,0.99453,0.99526,0.98407,0.98791
2018-12-21,0.98791,0.99574,0.98612,0.99505
2018-12-24,0.9936,0.99514,0.98629,0.98691
2018-12-26,0.98691,0.99636,0.98608,0.99561
2018-12-27,0.99561,0.99569,0.9840099999999999,0.98774
2018-12-28,0.98774,0.98852,0.97899,0.9835
2018-12-31,0.98389,0.98746,0.98274,0.98385
2019-01-02,0.98385,0.99202,0.97964,0.99
2019-01-03,0.99,0.99064,0.9846199999999999,0.98665
2019-01-04,0.98665,0.99082,0.9852799999999999,0.98631
2019-01-07,0.98768,0.98768,0.97876,0.97955
2019-01-08,0.97955,0.98344,0.97883,0.98126
2019-01-09,0.98126,0.98176,0.97321,0.9743499999999999
2019-01-10,0.9743499999999999,0.98486,0.97162,0.98429
2019-01-11,0.98429,0.98563,0.98135,0.98377
2019-01-14,0.98442,0.98457,0.98003,0.98087
2019-01-15,0.98087,0.98939,0.98022,0.98779
2019-01-16,0.98779,0.99101,0.98726,0.99016
2019-01-17,0.99016,0.99543,0.98953,0.9942
2019-01-18,0.9942,0.99592,0.99322,0.99545
2019-01-21,0.99422,0.99878,0.99422,0.99705
2019-01-22,0.99705,0.9986,0.99609,0.99722
2019-01-23,0.99722,0.999,0.99397,0.9945499999999999
2019-01-24,0.9945499999999999,0.99768,0.9934499999999999,0.99606
2019-01-25,0.99606,0.99744,0.99219,0.99314
2019-01-28,0.9929,0.99352,0.99054,0.9916
2019-01-29,0.9916,0.9957199999999999,0.99074,0.99421
2019-01-30,0.99421,0.9994999999999999,0.9932,0.9942
2019-01-31,0.9942,0.9952799999999999,0.99075,0.99408
2019-02-01,0.99408,0.99632,0.99219,0.99535
2019-02-04,0.9948,0.99943,0.99453,0.99781
2019-02-05,0.99781,1.00208,0.99705,0.9997199999999999
2019-02-06,0.9997199999999999,1.00267,0.9984999999999999,1.0022
2019-02-07,1.0022,1.00288,1.0000200000000001,1.00212
2019-02-08,1.00212,1.00277,0.99957,0.99979
2019-02-11,1.00026,1.00994,0.99821,1.0037099999999999
2019-02-12,1.0037099999999999,1.00927,1.00356,1.0065
2019-02-13,1.0065,1.0093,1.00435,1.00918
2019-02-14,1.00918,1.00982,1.00448,1.005
2019-02-15,1.005,1.00897,1.0044899999999999,1.00491
2019-02-18,1.00489,1.00549,1.0024,1.00389
2019-02-19,1.00389,1.00606,1.00017,1.001
2019-02-20,1.001,1.0021,0.99814,1.00095
2019-02-21,1.00095,1.00231,0.99947,1.00099
2019-02-22,1.00099,1.00245,0.9987699999999999,1.00028
2019-02-25,0.99941,1.00117,0.99831,1.00065
2019-02-26,1.00065,1.00198,0.99876,0.99946
2019-02-27,0.99946,1.00159,0.9962,1.00145
2019-02-28,1.00145,1.00154,0.99264,0.9979399999999999
2019-03-01,0.9979399999999999,1.00089,0.99632,0.99887
2019-03-04,0.99742,1.00201,0.99742,0.99887
2019-03-05,0.99887,1.00546,0.9984,1.00403
2019-03-06,1.00403,1.00563,1.00315,1.00492
2019-03-07,1.00492,1.01242,1.00356,1.0113
2019-03-08,1.0113,1.01182,1.00697,1.0077
2019-03-11,1.00747,1.01196,1.00697,1.01059
2019-03-12,1.01059,1.01124,1.0063,1.0077
2019-03-13,1.0077,1.0084899999999999,1.00264,1.00386
2019-03-14,1.00386,1.00515,1.00289,1.0038
2019-03-15,1.0038,1.00529,1.00107,1.002
2019-03-18,1.0019,1.00253,0.9997199999999999,1.00118
2019-03-19,1.00118,1.00152,0.99847,0.9991599999999999
2019-03-20,0.9991599999999999,1.00104,0.98944,0.99248
2019-03-21,0.99248,0.99458,0.99037,0.99193
2019-03-22,0.99193,0.99703,0.99118,0.99325
2019-03-25,0.99338,0.9949399999999999,0.991,0.99242
2019-03-26,0.99242,0.99526,0.99158,0.99447
2019-03-27,0.99447,0.99663,0.99053,0.99479
2019-03-28,0.99479,0.99734,0.99375,0.99564
2019-03-29,0.99564,0.99744,0.99446,0.99513
2019-04-01,0.99452,0.99947,0.99308,0.99851
2019-04-02,0.99851,1.00001,0.99718,0.9979
2019-04-03,0.9979,0.99875,0.99536,0.9981
2019-04-04,0.9981,1.00031,0.9967199999999999,0.99996
2019-04-05,0.99996,1.00122,0.99849,0.99993
2019-04-08,0.99997,1.00034,0.99779,0.99871
2019-04-09,0.99871,1.00088,0.99801,0.99975
2019-04-10,0.99975,1.00336,0.99896,1.00252
2019-04-11,1.00252,1.00463,1.00099,1.00322
2019-04-12,1.00322,1.00339,0.99971,1.00227
2019-04-15,1.0014,1.00463,1.00089,1.00386
2019-04-16,1.00386,1.00824,1.00324,1.00769
2019-04-17,1.00769,1.01098,1.00674,1.01062
2019-04-18,1.01062,1.01594,1.0093,1.01539
2019-04-19,1.01539,1.01547,1.01305,1.0139799999999999
2019-04-22,1.01352,1.01607,1.01326,1.0151
2019-04-23,1.0151,1.02305,1.01462,1.01993
2019-04-24,1.01993,1.02197,1.01689,1.02015
2019-04-25,1.02015,1.02279,1.01932,1.02036
2019-04-26,1.02036,1.02369,1.0184199999999999,1.01959
2019-04-29,1.01925,1.02158,1.01851,1.01954
2019-04-30,1.01954,1.0204199999999999,1.0174,1.01914
2019-05-01,1.01914,1.01979,1.01266,1.01765
2019-05-02,1.01765,1.0204,1.01697,1.01913
2019-05-03,1.01913,1.02145,1.01605,1.01635
2019-05-06,1.01568,1.01965,1.01515,1.01748
2019-05-07,1.01748,1.02263,1.01607,1.01938
2019-05-08,1.01938,1.02081,1.0169,1.02018
2019-05-09,1.02018,1.02097,1.01238,1.01488
2019-05-10,1.01488,1.01586,1.01008,1.01162
2019-05-13,1.01145,1.01203,1.00499,1.00635
2019-05-14,1.00635,1.0096,1.00506,1.00861
2019-05-15,1.00861,1.00972,1.00552,1.00869
2019-05-16,1.00869,1.01072,1.00735,1.0098
2019-05-17,1.0098,1.01216,1.00851,1.01087
2019-05-20,1.01077,1.0121,1.00805,1.00839
2019-05-21,1.00839,1.012,1.00789,1.0110999999999999
2019-05-22,1.0110999999999999,1.01194,1.0066599999999999,1.00969
2019-05-23,1.00969,1.00987,1.00236,1.00313
2019-05-24,1.00313,1.00424,1.00086,1.00154
2019-05-27,1.00185,1.00629,1.00103,1.00378
2019-05-28,1.00378,1.00981,1.00342,1.00759
2019-05-29,1.00759,1.00864,1.00497,1.00804
2019-05-30,1.00804,1.00982,1.00688,1.00787
2019-05-31,1.00787,1.00799,1.0001,1.00055
2019-06-03,1.00104,1.00178,0.99105,0.99258
2019-06-04,0.99258,0.99562,0.99027,0.99197
2019-06-05,0.99197,0.99508,0.98537,0.99477
2019-06-06,0.99477,0.99635,0.98797,0.99118
2019-06-07,0.99118,0.99502,0.9859,0.98749
2019-06-10,0.98926,0.992,0.98827,0.98982
2019-06-11,0.98982,0.99365,0.9890599999999999,0.99238
2019-06-12,0.99238,0.99593,0.99025,0.99554
2019-06-13,0.99554,0.99605,0.9918,0.99382
2019-06-14,0.99382,0.99953,0.99255,0.99847
2019-06-17,0.9982,0.99998,0.99657,0.9991099999999999
2019-06-18,0.9991099999999999,1.00128,0.9965499999999999,1.00003
2019-06-19,1.00003,1.00146,0.99161,0.99418
2019-06-20,0.99418,0.99435,0.97919,0.98146
2019-06-21,0.98146,0.98386,0.97564,0.97617
2019-06-24,0.97636,0.97833,0.97101,0.97193
2019-06-25,0.97193,0.9777,0.96938,0.97547
2019-06-26,0.97547,0.97849,0.9743499999999999,0.97785
2019-06-27,0.97785,0.98142,0.97592,0.9765699999999999
2019-06-28,0.9765699999999999,0.97743,0.97381,0.9759599999999999
2019-07-01,0.97895,0.9884,0.97789,0.98765
2019-07-02,0.98765,0.9889,0.98355,0.98631
2019-07-03,0.98631,0.98731,0.9834499999999999,0.98636
2019-07-04,0.98636,0.987,0.98464,0.98466
2019-07-05,0.98466,0.99321,0.98426,0.99116
2019-07-08,0.99121,0.9947,0.98987,0.99385
2019-07-09,0.99385,0.99515,0.99231,0.99352
2019-07-10,0.99352,0.99414,0.98869,0.98936
2019-07-11,0.98936,0.9904999999999999,0.98448,0.99017
2019-07-12,0.99017,0.99082,0.9836199999999999,0.98386
2019-07-15,0.98405,0.9855,0.98175,0.98453
2019-07-16,0.98453,0.98941,0.98358,0.98786
2019-07-17,0.98786,0.99078,0.98647,0.98731
2019-07-18,0.98731,0.98918,0.98091,0.98146
2019-07-19,0.98146,0.98473,0.9805699999999999,0.98144
2019-07-22,0.98316,0.9840599999999999,0.98039,0.9820099999999999
2019-07-23,0.9820099999999999,0.98597,0.9817,0.9851
2019-07-24,0.9851,0.98744,0.98361,0.98466
2019-07-25,0.98466,0.99179,0.98433,0.99082
2019-07-26,0.99082,0.99461,0.99003,0.99315
2019-07-29,0.9934499999999999,0.99365,0.9908899999999999,0.99152
2019-07-30,0.99152,0.99225,0.98908,0.99026
2019-07-31,0.99026,0.99498,0.98822,0.99397
2019-08-01,0.99397,0.99758,0.9888,0.9903
2019-08-02,0.9903,0.99077,0.98146,0.98187
2019-08-05,0.98395,0.98395,0.97165,0.97331
2019-08-06,0.97331,0.97927,0.97036,0.97638
2019-08-07,0.97638,0.97973,0.96922,0.9753499999999999
2019-08-08,0.9753499999999999,0.9787,0.97375,0.97469
2019-08-09,0.97469,0.97541,0.97092,0.97232
2019-08-12,0.97325,0.97538,0.9682,0.9692
2019-08-13,0.9692,0.97682,0.96598,0.97658
2019-08-14,0.97658,0.97705,0.97054,0.9731299999999999
2019-08-15,0.9731299999999999,0.97766,0.97218,0.9763999999999999
2019-08-16,0.9763999999999999,0.98092,0.9757399999999999,0.9779
2019-08-19,0.9799599999999999,0.98212,0.97707,0.98161
2019-08-20,0.98161,0.98167,0.97751,0.97783
2019-08-21,0.97783,0.98311,0.97719,0.98252
2019-08-22,0.98252,0.98448,0.98137,0.98366
2019-08-23,0.98366,0.98772,0.97355,0.97445
2019-08-26,0.97226,0.98164,0.97134,0.97867
2019-08-27,0.97867,0.98373,0.97754,0.9812
2019-08-28,0.9812,0.98285,0.98013,0.98139
2019-08-29,0.98139,0.98752,0.98003,0.98658
2019-08-30,0.98658,0.99178,0.98591,0.98936
2019-09-02,0.98965,0.99195,0.98885,0.99018
2019-09-03,0.99018,0.9929,0.98633,0.98651
2019-09-04,0.98651,0.98843,0.97982,0.98061
2019-09-05,0.98061,0.98733,0.97992,0.98594
2019-09-06,0.98594,0.99175,0.98529,0.98719
2019-09-09,0.98748,0.99231,0.98709,0.99197
2019-09-10,0.99197,0.99317,0.9889,0.99177
2019-09-11,0.99177,0.99435,0.99117,0.99283
2019-09-12,0.99283,0.9946699999999999,0.98804,0.99022
2019-09-13,0.99022,0.99109,0.98543,0.9899
2019-09-16,0.9873,0.99402,0.9865,0.99278
2019-09-17,0.99278,0.99687,0.99132,0.99308
2019-09-18,0.99308,0.99837,0.99258,0.9972799999999999
2019-09-19,0.9972799999999999,0.9983299999999999,0.99,0.9926699999999999
2019-09-20,0.9926699999999999,0.99362,0.98893,0.99066
2019-09-23,0.9909,0.99229,0.98901,0.98986
2019-09-24,0.98986,0.99144,0.98438,0.98541
2019-09-25,0.98541,0.99249,0.98497,0.99162
2019-09-26,0.99162,0.99484,0.9906,0.99354
2019-09-27,0.99354,0.99491,0.98978,0.9906
2019-09-30,0.99108,0.99878,0.99036,0.99781
2019-10-01,0.99781,1.00167,0.9923,0.99317
2019-10-02,0.99317,1.0026599999999999,0.9921099999999999,0.99693
2019-10-03,0.99693,1.00276,0.99523,0.99873
2019-10-04,0.99873,1.00077,0.99243,0.99519
2019-10-07,0.99405,0.99659,0.9926699999999999,0.99475
2019-10-08,0.99475,0.99584,0.99048,0.9929
2019-10-09,0.9929,0.99636,0.99159,0.99587
2019-10-10,0.99587,0.99729,0.99142,0.99692
2019-10-11,0.99692,0.99907,0.99577,0.99658
2019-10-14,0.99658,0.99834,0.99443,0.99666
2019-10-15,0.99666,0.99958,0.99635,0.99875
2019-10-16,0.99875,0.99906,0.9945499999999999,0.99485
2019-10-17,0.99485,0.99523,0.9866699999999999,0.98791
2019-10-18,0.98791,0.98915,0.98394,0.98407
2019-10-21,0.9842,0.98761,0.98415,0.98569
2019-10-22,0.98569,0.98969,0.9853999999999999,0.98952
2019-10-23,0.98952,0.99147,0.98857,0.99038
2019-10-24,0.99038,0.9929,0.9891099999999999,0.99227
2019-10-25,0.99227,0.99549,0.99073,0.99412
2019-10-28,0.99442,0.99703,0.99368,0.99458
2019-10-29,0.99458,0.99649,0.99332,0.994
2019-10-30,0.994,0.99449,0.98879,0.98929
2019-10-31,0.98929,0.98944,0.98596,0.98638
2019-11-01,0.98638,0.98948,0.98509,0.98542
2019-11-04,0.98603,0.9888899999999999,0.98514,0.98773
2019-11-05,0.98773,0.99358,0.98732,0.99263
2019-11-06,0.99263,0.994,0.99154,0.99271
2019-11-07,0.99271,0.9975499999999999,0.9911099999999999,0.99498
2019-11-08,0.99498,0.99788,0.99432,0.99704
2019-11-11,0.99647,0.99771,0.99288,0.9933
2019-11-12,0.9933,0.99645,0.99221,0.99303
2019-11-13,0.99303,0.99356,0.98837,0.99003
2019-11-14,0.99003,0.9908,0.9870099999999999,0.98792
2019-11-15,0.98792,0.99109,0.9878399999999999,0.98926
2019-11-18,0.98905,0.99141,0.98683,0.98953
2019-11-19,0.98953,0.99188,0.9880599999999999,0.99046
2019-11-20,0.99046,0.9937,0.98987,0.99087
2019-11-21,0.99087,0.99351,0.98905,0.99312
2019-11-22,0.99312,0.99801,0.99205,0.99709
2019-11-25,0.99762,0.99857,0.996,0.99639
2019-11-26,0.99639,0.99866,0.99619,0.9971
2019-11-27,0.9971,1.00005,0.9967699999999999,0.9991099999999999
2019-11-28,0.9991099999999999,0.99959,0.9981099999999999,0.99847
2019-11-29,0.99847,1.00233,0.99793,0.99962
2019-12-02,0.99966,1.00086,0.99113,0.99127
2019-12-03,0.99127,0.99262,0.98571,0.98687
2019-12-04,0.98687,0.98999,0.98552,0.98846
2019-12-05,0.98846,0.98952,0.9868,0.9868
2019-12-06,0.9868,0.99177,0.98647,0.98988
2019-12-09,0.9902799999999999,0.99103,0.98753,0.98783
2019-12-10,0.98783,0.98826,0.98338,0.98436
2019-12-11,0.98436,0.98637,0.98143,0.98285
2019-12-12,0.98285,0.98763,0.98086,0.98448
2019-12-13,0.98448,0.98627,0.98053,0.9836
2019-12-16,0.98355,0.98469,0.98199,0.9824499999999999
2019-12-17,0.9824499999999999,0.98439,0.97958,0.97995
2019-12-18,0.97995,0.98208,0.97955,0.98038
2019-12-19,0.98038,0.98122,0.97703,0.97839
2019-12-20,0.97839,0.98299,0.97731,0.98158
2019-12-23,0.98258,0.9828,0.98012,0.9814499999999999
2019-12-24,0.9814499999999999,0.98314,0.9797399999999999,0.97987
2019-12-26,0.97987,0.98185,0.97987,0.98097
2019-12-27,0.98097,0.9818,0.97301,0.97472
2019-12-30,0.97485,0.97524,0.96741,0.9693499999999999
2019-12-31,0.9693499999999999,0.96975,0.9646399999999999,0.9671299999999999
2020-01-02,0.9671299999999999,0.97333,0.9671299999999999,0.97119
2020-01-03,0.97119,0.97438,0.96882,0.97212
2020-01-06,0.97054,0.97168,0.96765,0.96782
2020-01-07,0.96782,0.97298,0.96762,0.97019
2020-01-08,0.97019,0.97397,0.96653,0.97386
2020-01-09,0.97386,0.97482,0.97114,0.97307
2020-01-10,0.97307,0.97623,0.972,0.97279
2020-01-13,0.97348,0.97365,0.9694,0.97063
2020-01-14,0.97063,0.97134,0.96655,0.96722
2020-01-15,0.96722,0.96801,0.96305,0.964
2020-01-16,0.964,0.9652499999999999,0.9613,0.96454
2020-01-17,0.96454,0.96958,0.96422,0.9676899999999999
2020-01-20,0.96741,0.96993,0.96741,0.96801
2020-01-21,0.96801,0.96904,0.96611,0.96867
2020-01-22,0.96867,0.9729,0.96777,0.9678
2020-01-23,0.9678,0.97037,0.96688,0.96897
2020-01-24,0.96897,0.97181,0.9685199999999999,0.97088
2020-01-27,0.97002,0.97192,0.96818,0.96926
2020-01-28,0.96926,0.97415,0.96787,0.97293
2020-01-29,0.97293,0.97667,0.97265,0.97316
2020-01-30,0.97316,0.97372,0.96796,0.9694699999999999
2020-01-31,0.9694699999999999,0.97131,0.96289,0.96315
2020-02-03,0.96363,0.96722,0.96292,0.96584
2020-02-04,0.96584,0.97042,0.96526,0.96915
2020-02-05,0.96915,0.97477,0.9678,0.97345
2020-02-06,0.97345,0.97566,0.97309,0.9745699999999999
2020-02-07,0.9745699999999999,0.9781299999999999,0.97394,0.97754
2020-02-10,0.97673,0.97837,0.97632,0.97727
2020-02-11,0.97727,0.97891,0.97508,0.97585
2020-02-12,0.97585,0.97853,0.97411,0.97808
2020-02-13,0.97808,0.97958,0.97608,0.97942
2020-02-14,0.97942,0.98222,0.97839,0.9818399999999999
2020-02-17,0.98126,0.98267,0.9806199999999999,0.9808
2020-02-18,0.9808,0.98394,0.97965,0.98315
2020-02-19,0.98315,0.98447,0.98254,0.9837899999999999
2020-02-20,0.9837899999999999,0.98485,0.98151,0.98415
2020-02-21,0.98415,0.98448,0.97709,0.97834
2020-02-24,0.98063,0.98159,0.97651,0.97877
2020-02-25,0.97877,0.98047,0.97509,0.97593
2020-02-26,0.97593,0.97787,0.97286,0.9766
2020-02-27,0.9766,0.97709,0.96743,0.96764
2020-02-28,0.96764,0.96957,0.96097,0.96559
2020-03-02,0.96278,0.96549,0.95438,0.95873
2020-03-03,0.95873,0.95972,0.95157,0.95568
2020-03-04,0.95568,0.95972,0.95326,0.95633
2020-03-05,0.95633,0.95717,0.94465,0.94494
2020-03-06,0.94494,0.94667,0.93181,0.93699
2020-03-09,0.93213,0.93373,0.91823,0.92516
2020-03-10,0.92516,0.94111,0.92404,0.94003
2020-03-11,0.94003,0.94019,0.93247,0.9378
2020-03-12,0.9378,0.95517,0.93214,0.94372
2020-03-13,0.94372,0.95694,0.94225,0.95069
2020-03-16,0.95353,0.95353,0.93916,0.9467099999999999
2020-03-17,0.9467099999999999,0.9648599999999999,0.94485,0.96082
2020-03-18,0.96082,0.97509,0.95663,0.9676899999999999
2020-03-19,0.9676899999999999,0.98779,0.96384,0.98591
2020-03-20,0.98591,0.99005,0.97436,0.98527
2020-03-23,0.98449,0.99017,0.97898,0.98448
2020-03-24,0.98448,0.98474,0.97186,0.9812
2020-03-25,0.9812,0.98339,0.97547,0.97658
2020-03-26,0.97658,0.97753,0.9603,0.96278
2020-03-27,0.96278,0.9655199999999999,0.95055,0.95089
2020-03-30,0.95319,0.96109,0.95023,0.95808
2020-03-31,0.95808,0.96858,0.95771,0.9610799999999999
2020-04-01,0.9610799999999999,0.9691,0.9598099999999999,0.96544
2020-04-02,0.96544,0.97504,0.9650299999999999,0.97339
2020-04-03,0.97339,0.9795699999999999,0.97254,0.97588
2020-04-06,0.97645,0.97973,0.97546,0.97855
2020-04-07,0.97855,0.9792299999999999,0.96855,0.9689099999999999
2020-04-08,0.9689099999999999,0.97434,0.96878,0.97162
2020-04-09,0.97162,0.97336,0.96482,0.96596
2020-04-10,0.96596,0.96739,0.96379,0.96519
2020-04-13,0.96498,0.9687,0.96298,0.96687
2020-04-14,0.96687,0.96781,0.9596,0.95994
2020-04-15,0.95994,0.97007,0.9591999999999999,0.96457
2020-04-16,0.96457,0.9715699999999999,0.9644199999999999,0.97011
2020-04-17,0.97011,0.97242,0.96561,0.96667
2020-04-20,0.967,0.97002,0.96554,0.9679
2020-04-21,0.9679,0.97277,0.96701,0.96923
2020-04-22,0.96923,0.97319,0.96685,0.97141
2020-04-23,0.97141,0.97724,0.97054,0.97582
2020-04-24,0.97582,0.98027,0.97228,0.97242
2020-04-27,0.97241,0.97669,0.97123,0.97524
2020-04-28,0.97524,0.98002,0.97205,0.975
2020-04-29,0.975,0.97676,0.97123,0.97333
2020-04-30,0.97333,0.97592,0.9638599999999999,0.96527
2020-05-01,0.96527,0.96695,0.9588599999999999,0.96094
2020-05-04,0.9617,0.96629,0.96155,0.9647
2020-05-05,0.9647,0.97347,0.96458,0.97207
2020-05-06,0.97207,0.97587,0.97184,0.97497
2020-05-07,0.97497,0.97843,0.97287,0.97287
2020-05-08,0.97287,0.9735699999999999,0.96811,0.9701
2020-05-11,0.97167,0.97367,0.97004,0.97286
2020-05-12,0.97286,0.97501,0.96658,0.96922
2020-05-13,0.96922,0.97261,0.9665199999999999,0.97206
2020-05-14,0.97206,0.97554,0.9713499999999999,0.97295
2020-05-15,0.97295,0.97446,0.96979,0.97137
2020-05-18,0.97231,0.97609,0.96766,0.97112
2020-05-19,0.97112,0.97288,0.96985,0.97119
2020-05-20,0.97119,0.97165,0.96382,0.96455
2020-05-21,0.96455,0.97131,0.96394,0.9704
2020-05-22,0.9704,0.97334,0.96971,0.97089
2020-05-25,0.9713499999999999,0.97363,0.97043,0.97132
2020-05-26,0.97132,0.97184,0.96465,0.96549
2020-05-27,0.96549,0.97284,0.96495,0.96785
2020-05-28,0.96785,0.9719099999999999,0.96305,0.96409
2020-05-29,0.96409,0.9650299999999999,0.96017,0.9608099999999999
2020-06-01,0.96115,0.96251,0.95787,0.96092
2020-06-02,0.96092,0.96376,0.95731,0.96224
2020-06-03,0.96224,0.96478,0.96067,0.96117
2020-06-04,0.96117,0.9624,0.95435,0.95538
2020-06-05,0.95538,0.96504,0.95419,0.9618599999999999
2020-06-08,0.9611,0.96394,0.95558,0.95757
2020-06-09,0.95757,0.95857,0.94823,0.95077
2020-06-10,0.95077,0.95147,0.9424899999999999,0.94376
2020-06-11,0.94376,0.94603,0.9376,0.94411
2020-06-12,0.94411,0.95534,0.9429,0.95171
2020-06-15,0.95171,0.9547,0.94801,0.9490999999999999
2020-06-16,0.9490999999999999,0.95231,0.94635,0.95131
2020-06-17,0.95131,0.95292,0.94811,0.94861
2020-06-18,0.94861,0.95251,0.94825,0.95136
2020-06-19,0.95136,0.95305,0.9487599999999999,0.9521
2020-06-22,0.95157,0.9527,0.9465,0.94766
2020-06-23,0.94766,0.94935,0.94202,0.94482
2020-06-24,0.94482,0.94861,0.94331,0.94792
2020-06-25,0.94792,0.95081,0.94691,0.94843
2020-06-26,0.94843,0.94997,0.94675,0.948
2020-06-29,0.94723,0.9525,0.94416,0.9511499999999999
2020-06-30,0.9511499999999999,0.9533,0.94613,0.94721
2020-07-01,0.94721,0.94939,0.9444899999999999,0.9457599999999999
2020-07-02,0.9457599999999999,0.94653,0.94265,0.94525
2020-07-03,0.94525,0.94702,0.94386,0.94421
2020-07-06,0.94514,0.94537,0.93845,0.94217
2020-07-07,0.94217,0.94531,0.9408299999999999,0.94237
2020-07-08,0.94237,0.94323,0.93701,0.9383
2020-07-09,0.9383,0.94104,0.9362199999999999,0.94012
2020-07-10,0.94012,0.94313,0.93848,0.94065
2020-07-13,0.94065,0.94376,0.9392199999999999,0.94155
2020-07-14,0.94155,0.9424399999999999,0.93799,0.93998
2020-07-15,0.93998,0.94574,0.93701,0.94435
2020-07-16,0.94435,0.94678,0.94294,0.9454899999999999
2020-07-17,0.9454899999999999,0.9458799999999999,0.938,0.93839
2020-07-20,0.93839,0.94102,0.93739,0.93881
2020-07-21,0.93881,0.9398299999999999,0.93213,0.93308
2020-07-22,0.93308,0.93518,0.92866,0.92953
2020-07-23,0.92953,0.92992,0.9245599999999999,0.92542
2020-07-24,0.92542,0.92606,0.91986,0.91986
2020-07-27,0.921,0.92302,0.91661,0.91989
2020-07-28,0.91989,0.92281,0.91552,0.91791
2020-07-29,0.91791,0.91876,0.91169,0.91256
2020-07-30,0.91256,0.91514,0.90875,0.90893
2020-07-31,0.90893,0.91488,0.9056299999999999,0.9132
2020-08-03,0.9136,0.92419,0.91277,0.9177299999999999
2020-08-04,0.9177299999999999,0.91883,0.9130199999999999,0.91323
2020-08-05,0.91323,0.91388,0.9050199999999999,0.90843
2020-08-06,0.90843,0.91292,0.90656,0.90971
2020-08-07,0.90971,0.91582,0.9085,0.91226
2020-08-10,0.91277,0.91844,0.91182,0.9156
2020-08-11,0.9156,0.9178,0.91054,0.91676
2020-08-12,0.91676,0.91978,0.9097,0.91196
2020-08-13,0.91196,0.91222,0.90821,0.90972
2020-08-14,0.90972,0.9122899999999999,0.90856,0.90856
2020-08-17,0.9090199999999999,0.90966,0.90515,0.90655
2020-08-18,0.90655,0.90677,0.90098,0.90368
2020-08-19,0.90368,0.91545,0.90191,0.91484
2020-08-20,0.91484,0.91616,0.90722,0.9076
2020-08-21,0.9076,0.91398,0.9061,0.91099
2020-08-24,0.91099,0.91279,0.90746,0.91184
2020-08-25,0.91184,0.91261,0.90739,0.90767
2020-08-26,0.90767,0.91208,0.90681,0.90825
2020-08-27,0.90825,0.91237,0.90363,0.90893
2020-08-28,0.90893,0.91,0.9024099999999999,0.90389
2020-08-31,0.90392,0.90531,0.89986,0.90365
2020-09-01,0.90365,0.9101,0.89989,0.90931
2020-09-02,0.90931,0.9136799999999999,0.90843,0.91061
2020-09-03,0.91061,0.9142399999999999,0.90825,0.90934
2020-09-04,0.90934,0.91633,0.90852,0.91319
2020-09-07,0.91347,0.91696,0.91205,0.91583
2020-09-08,0.91583,0.9200699999999999,0.91559,0.9176799999999999
2020-09-09,0.9176799999999999,0.91906,0.91201,0.91238
2020-09-10,0.91238,0.91301,0.90488,0.91057
2020-09-11,0.91057,0.91062,0.9079699999999999,0.90873
2020-09-14,0.90887,0.90986,0.9057999999999999,0.90821
2020-09-15,0.90821,0.9089,0.90514,0.90804
2020-09-16,0.90804,0.91108,0.9055,0.9094
2020-09-17,0.9094,0.91395,0.90805,0.9082
2020-09-18,0.9082,0.91138,0.90732,0.91126
2020-09-21,0.91013,0.9171199999999999,0.9087,0.91453
2020-09-22,0.91453,0.92078,0.9134099999999999,0.9197299999999999
2020-09-23,0.9197299999999999,0.9243399999999999,0.91852,0.92377
2020-09-24,0.92377,0.92801,0.92159,0.92665
2020-09-25,0.92665,0.92962,0.92506,0.92867
2020-09-28,0.9279999999999999,0.92954,0.92401,0.92401
2020-09-29,0.92401,0.92488,0.91881,0.91904
2020-09-30,0.91904,0.92446,0.9162399999999999,0.92078
2020-10-01,0.92078,0.92147,0.91644,0.9184599999999999
2020-10-02,0.9184599999999999,0.92186,0.91767,0.92019
2020-10-05,0.91952,0.91993,0.9145099999999999,0.91499
2020-10-06,0.91499,0.91797,0.91333,0.91759
2020-10-07,0.91759,0.9184599999999999,0.91594,0.91714
2020-10-08,0.91714,0.91976,0.91572,0.91686
2020-10-09,0.91686,0.91723,0.9091899999999999,0.90923
2020-10-12,0.9110199999999999,0.91238,0.90874,0.9088499999999999
2020-10-13,0.9088499999999999,0.91548,0.90866,0.91461
2020-10-14,0.91461,0.91628,0.91132,0.9134099999999999
2020-10-15,0.9134099999999999,0.91556,0.91266,0.91403
2020-10-16,0.91403,0.91623,0.91232,0.91457
2020-10-19,0.91412,0.91655,0.9090199999999999,0.90981
2020-10-20,0.90981,0.911,0.90553,0.90698
2020-10-21,0.90698,0.90707,0.90307,0.9053599999999999
2020-10-22,0.9053599999999999,0.90803,0.90385,0.90713
2020-10-23,0.90713,0.90922,0.9034099999999999,0.90366
2020-10-26,0.90442,0.90807,0.90377,0.90779
2020-10-27,0.90779,0.90976,0.90615,0.90859
2020-10-28,0.90859,0.91276,0.90842,0.9104099999999999
2020-10-29,0.9104099999999999,0.91728,0.90891,0.91454
2020-10-30,0.91454,0.91728,0.91381,0.91654
2020-11-02,0.9161,0.92077,0.9148,0.91884
2020-11-03,0.91884,0.91918,0.91162,0.91198
2020-11-04,0.91198,0.91964,0.90901,0.91126
2020-11-05,0.91126,0.91325,0.90369,0.90377
2020-11-06,0.90377,0.90566,0.89825,0.89982
2020-11-09,0.89803,0.91432,0.89802,0.91275
2020-11-10,0.91275,0.91756,0.91067,0.91494
2020-11-11,0.91494,0.9192,0.91326,0.9166
2020-11-12,0.9166,0.91708,0.91315,0.91437
2020-11-13,0.91437,0.91589,0.91101,0.91101
2020-11-16,0.91252,0.91515,0.90978,0.91226
2020-11-17,0.91226,0.9128499999999999,0.90882,0.91101
2020-11-18,0.91101,0.91227,0.90922,0.91094
2020-11-19,0.91094,0.91397,0.90994,0.91022
2020-11-20,0.91022,0.91233,0.90917,0.91093
2020-11-23,0.91062,0.9148,0.90765,0.91212
2020-11-24,0.91212,0.91365,0.90977,0.91103
2020-11-25,0.91103,0.9138999999999999,0.90727,0.90727
2020-11-26,0.90727,0.90937,0.90581,0.90601
2020-11-27,0.90601,0.90827,0.90331,0.90435
2020-11-30,0.90372,0.9093,0.90194,0.9082399999999999
2020-12-01,0.9082399999999999,0.90877,0.89894,0.89941
2020-12-02,0.89941,0.90134,0.89436,0.89444
2020-12-03,0.89444,0.8953599999999999,0.88914,0.89029
2020-12-04,0.89029,0.89232,0.88856,0.89163
2020-12-07,0.8904,0.89466,0.88753,0.88996
2020-12-08,0.88996,0.8914,0.88816,0.88872
2020-12-09,0.88872,0.89145,0.8870899999999999,0.8894
2020-12-10,0.8894,0.89016,0.8852099999999999,0.88613
2020-12-11,0.88613,0.8909199999999999,0.88512,0.88939
2020-12-14,0.8880899999999999,0.88957,0.88502,0.88632
2020-12-15,0.88632,0.88807,0.88503,0.88549
2020-12-16,0.88549,0.88924,0.8825999999999999,0.88494
2020-12-17,0.88494,0.88579,0.88222,0.88405
2020-12-18,0.88405,0.88681,0.88254,0.88281
2020-12-21,0.88445,0.8919199999999999,0.88402,0.8854799999999999
2020-12-22,0.8854799999999999,0.8904799999999999,0.88451,0.8892
2020-12-23,0.8892,0.89111,0.88675,0.88764
2020-12-24,0.88764,0.89182,0.88685,0.89115
2020-12-28,0.8884299999999999,0.89188,0.88763,0.88844
2020-12-29,0.88844,0.88922,0.88308,0.88348
2020-12-30,0.88348,0.88547,0.88106,0.88128
2020-12-31,0.88128,0.88562,0.87937,0.88558
2021-01-04,0.88247,0.88456,0.87847,0.88114
2021-01-05,0.88114,0.88167,0.87757,0.87829
2021-01-06,0.87829,0.88214,0.87576,0.87815
2021-01-07,0.87815,0.88608,0.87743,0.88424
2021-01-08,0.88424,0.88845,0.88224,0.8851
2021-01-11,0.88507,0.8920399999999999,0.88444,0.89016
2021-01-12,0.89016,0.89162,0.88608,0.8861
2021-01-13,0.8861,0.88893,0.88495,0.88735
2021-01-14,0.88735,0.89172,0.88558,0.88789
2021-01-15,0.88789,0.89147,0.88692,0.89119
2021-01-18,0.88956,0.89259,0.88956,0.89014
2021-01-19,0.89014,0.89166,0.88642,0.88811
2021-01-20,0.88811,0.89203,0.8867,0.8893099999999999
2021-01-21,0.8893099999999999,0.88993,0.88478,0.8851
2021-01-22,0.8851,0.88662,0.88385,0.88497
2021-01-25,0.88497,0.88927,0.88461,0.88815
2021-01-26,0.88815,0.88958,0.88608,0.8866499999999999
2021-01-27,0.8866499999999999,0.89175,0.88584,0.8885
2021-01-28,0.8885,0.8918699999999999,0.88692,0.88854
2021-01-29,0.88854,0.8912,0.88742,0.88986
2021-02-01,0.88962,0.89727,0.88912,0.8969
2021-02-02,0.8969,0.8995299999999999,0.89471,0.89722
2021-02-03,0.89722,0.90027,0.89703,0.8989
2021-02-04,0.8989,0.90446,0.8984,0.90418
2021-02-05,0.90418,0.9045799999999999,0.8985,0.89882
2021-02-08,0.8986,0.90198,0.89812,0.8988
2021-02-09,0.8988,0.89906,0.89194,0.89224
2021-02-10,0.89224,0.89313,0.88903,0.89017
2021-02-11,0.89017,0.89105,0.88921,0.88988
2021-02-12,0.88988,0.894,0.88928,0.89179
2021-02-15,0.89082,0.89249,0.8896999999999999,0.88972
2021-02-16,0.88972,0.89303,0.88714,0.89201
2021-02-17,0.89201,0.89924,0.89107,0.89879
2021-02-18,0.89879,0.89955,0.89559,0.8957499999999999
2021-02-19,0.8957499999999999,0.89724,0.89335,0.89557
2021-02-22,0.89599,0.90237,0.89473,0.89598
2021-02-23,0.89598,0.9057,0.89488,0.90493
2021-02-24,0.90493,0.90947,0.9033,0.90648
2021-02-25,0.90648,0.90814,0.90283,0.9047499999999999
2021-02-26,0.9047499999999999,0.91018,0.90268,0.90849
2021-03-01,0.90808,0.91593,0.9071,0.91494
2021-03-02,0.91494,0.91936,0.91316,0.91449
2021-03-03,0.91449,0.91998,0.91404,0.91985
2021-03-04,0.91985,0.9297799999999999,0.91855,0.92859
2021-03-05,0.92859,0.9319,0.92579,0.93004
2021-03-08,0.93004,0.93698,0.92798,0.93565
2021-03-09,0.93565,0.93755,0.92754,0.9276099999999999
2021-03-10,0.9276099999999999,0.93233,0.9271199999999999,0.92963
2021-03-11,0.92963,0.93091,0.92314,0.92314
2021-03-12,0.92314,0.93252,0.92305,0.92927
2021-03-15,0.92927,0.93126,0.92666,0.92735
2021-03-16,0.92735,0.9287,0.92424,0.92458
2021-03-17,0.92458,0.9296099999999999,0.9213399999999999,0.92249
2021-03-18,0.92249,0.93054,0.92188,0.92697
2021-03-19,0.92697,0.93201,0.9251199999999999,0.92819
2021-03-22,0.9296,0.9309999999999999,0.92227,0.92308
2021-03-23,0.92308,0.93467,0.92257,0.9339999999999999
2021-03-24,0.9339999999999999,0.93697,0.9336,0.93562
2021-03-25,0.93562,0.94018,0.93494,0.93942
2021-03-26,0.93942,0.94178,0.93824,0.93889
2021-03-29,0.9387,0.94045,0.93702,0.93895
2021-03-30,0.93895,0.94387,0.93748,0.9419299999999999
2021-03-31,0.9419299999999999,0.94586,0.94038,0.94347
2021-04-01,0.94347,0.94726,0.94046,0.94159
2021-04-02,0.94159,0.94342,0.94051,0.94123
2021-04-05,0.94182,0.9438799999999999,0.9353899999999999,0.93631
2021-04-06,0.93631,0.93961,0.93024,0.93081
2021-04-07,0.93081,0.93149,0.9268,0.9296
2021-04-08,0.9296,0.93023,0.92321,0.92376
2021-04-09,0.92376,0.92816,0.92301,0.92449
2021-04-12,0.92449,0.92684,0.92127,0.92225
2021-04-13,0.92225,0.92597,0.91976,0.92049
2021-04-14,0.92049,0.92342,0.91869,0.92184
2021-04-15,0.92184,0.92458,0.92063,0.92231
2021-04-16,0.92231,0.92352,0.91793,0.91979
2021-04-19,0.91892,0.92153,0.91289,0.91397
2021-04-20,0.91397,0.91697,0.9135,0.91538
2021-04-21,0.91538,0.91959,0.9146299999999999,0.91643
2021-04-22,0.91643,0.91914,0.91437,0.91657
2021-04-23,0.91657,0.91734,0.91275,0.9135
2021-04-26,0.91327,0.9166,0.91217,0.91334
2021-04-27,0.91334,0.91719,0.91233,0.91342
2021-04-28,0.91342,0.91815,0.90883,0.90955
2021-04-29,0.90955,0.91194,0.908,0.90823
2021-04-30,0.90823,0.91404,0.9080199999999999,0.9130199999999999
2021-05-03,0.91212,0.91479,0.9093,0.91044
2021-05-04,0.91044,0.91608,0.90974,0.91328
2021-05-05,0.91328,0.9164599999999999,0.91213,0.91266
2021-05-06,0.91266,0.91453,0.90699,0.90703
2021-05-07,0.90703,0.90937,0.90021,0.90021
2021-05-10,0.90038,0.90191,0.89857,0.90113
2021-05-11,0.90113,0.90394,0.89966,0.90343
2021-05-12,0.90343,0.9094,0.90232,0.909
2021-05-13,0.909,0.90932,0.90509,0.9057499999999999
2021-05-14,0.9057499999999999,0.90638,0.90108,0.9012
2021-05-17,0.9011,0.90329,0.90021,0.90321
2021-05-18,0.90321,0.9035,0.89602,0.89767
2021-05-19,0.89767,0.90476,0.89672,0.90365
2021-05-20,0.90365,0.90473,0.8972,0.8973099999999999
2021-05-21,0.8973099999999999,0.90007,0.89538,0.89769
2021-05-24,0.89652,0.90024,0.89569,0.89674
2021-05-25,0.89674,0.89747,0.89303,0.89469
2021-05-26,0.89469,0.8987499999999999,0.89417,0.89767
2021-05-27,0.89767,0.90088,0.89607,0.89661
2021-05-28,0.89661,0.9029699999999999,0.89624,0.89982
2021-05-31,0.89888,0.90127,0.89841,0.89849
2021-06-01,0.89849,0.89988,0.89469,0.8971
2021-06-02,0.8971,0.90245,0.89638,0.89772
2021-06-03,0.89772,0.9051899999999999,0.8973099999999999,0.9034
2021-06-04,0.9034,0.90537,0.8982,0.89904
2021-06-07,0.89904,0.90102,0.89671,0.89742
2021-06-08,0.89742,0.89893,0.89519,0.8967499999999999
2021-06-09,0.8967499999999999,0.89717,0.89261,0.89549
2021-06-10,0.89549,0.8995799999999999,0.89403,0.89437
2021-06-11,0.89437,0.9,0.89329,0.89779
2021-06-14,0.89804,0.90016,0.89776,0.89928
2021-06-15,0.89928,0.90078,0.89655,0.89756
2021-06-16,0.89756,0.9088499999999999,0.89738,0.9086
2021-06-17,0.9086,0.91878,0.90753,0.91762
2021-06-18,0.91762,0.92388,0.91661,0.92267
2021-06-21,0.9222,0.92369,0.91754,0.9177
2021-06-22,0.9177,0.9212899999999999,0.91689,0.91736
2021-06-23,0.91736,0.91998,0.91538,0.91802
2021-06-24,0.91802,0.92002,0.91739,0.91776
2021-06-25,0.91776,0.91827,0.9142399999999999,0.91671
2021-06-28,0.91671,0.92146,0.91606,0.9190699999999999
2021-06-29,0.9190699999999999,0.92332,0.91896,0.92053
2021-06-30,0.92053,0.92622,0.92019,0.92491
2021-07-01,0.92491,0.92716,0.92358,0.92526
2021-07-02,0.92526,0.92748,0.92002,0.92052
2021-07-05,0.92052,0.92326,0.92021,0.92196
2021-07-06,0.92196,0.92514,0.91933,0.92361
2021-07-07,0.92361,0.92676,0.92227,0.92542
2021-07-08,0.92542,0.9261199999999999,0.91333,0.91487
2021-07-09,0.91487,0.91753,0.91356,0.91374
2021-07-12,0.91362,0.9171,0.91319,0.91498
2021-07-13,0.91498,0.92005,0.91431,0.91848
2021-07-14,0.91848,0.91988,0.91421,0.91423
2021-07-15,0.91423,0.9193,0.91176,0.91769
2021-07-16,0.91769,0.92035,0.91659,0.91848
2021-07-19,0.91843,0.92218,0.91631,0.91703
2021-07-20,0.91703,0.92326,0.91666,0.92123
2021-07-21,0.92123,0.9231199999999999,0.91695,0.91762
2021-07-22,0.91762,0.92016,0.91548,0.9188
2021-07-23,0.9188,0.9222,0.9186,0.9186
2021-07-26,0.9186,0.92024,0.91486,0.91553
2021-07-27,0.91553,0.91865,0.91292,0.91432
2021-07-28,0.91432,0.91676,0.90996,0.90998
2021-07-29,0.90998,0.91014,0.90544,0.90615
2021-07-30,0.90615,0.90755,0.90391,0.90518
2021-08-02,0.90518,0.90674,0.9037499999999999,0.90498
2021-08-03,0.90498,0.90577,0.90229,0.90362
2021-08-04,0.90362,0.90761,0.90184,0.90639
2021-08-05,0.90639,0.90779,0.90513,0.90642
2021-08-06,0.90642,0.91566,0.90601,0.91445
2021-08-09,0.91348,0.92072,0.91348,0.91922
2021-08-10,0.91922,0.92342,0.9189499999999999,0.92179
2021-08-11,0.92179,0.92421,0.92025,0.9219499999999999
2021-08-12,0.9219499999999999,0.92397,0.92066,0.92325
2021-08-13,0.92325,0.9238999999999999,0.9151,0.91517
2021-08-16,0.91517,0.91636,0.91091,0.91215
2021-08-17,0.91215,0.91516,0.90998,0.91358
2021-08-18,0.91358,0.91966,0.91269,0.91676
2021-08-19,0.91676,0.92069,0.91453,0.91848
2021-08-20,0.91848,0.91899,0.91587,0.91682
2021-08-23,0.916,0.91783,0.91223,0.91231
2021-08-24,0.91231,0.91393,0.91104,0.91231
2021-08-25,0.91231,0.91579,0.91161,0.91315
2021-08-26,0.91315,0.91922,0.91178,0.91762
2021-08-27,0.91762,0.91997,0.91061,0.91094
2021-08-30,0.9107,0.9185099999999999,0.91003,0.91644
2021-08-31,0.91644,0.91735,0.91143,0.91502
2021-09-01,0.91502,0.91893,0.91392,0.91457
2021-09-02,0.91457,0.91678,0.91396,0.91426
2021-09-03,0.91426,0.91594,0.91154,0.91388
2021-09-06,0.91388,0.9168499999999999,0.91269,0.9146299999999999
2021-09-07,0.9146299999999999,0.91991,0.91327,0.91936
2021-09-08,0.91936,0.92347,0.91822,0.92111
2021-09-09,0.92111,0.92232,0.91611,0.91659
2021-09-10,0.91659,0.91848,0.91501,0.9172899999999999
2021-09-13,0.9172899999999999,0.9241,0.9170699999999999,0.92103
2021-09-14,0.92103,0.92281,0.91811,0.92003
2021-09-15,0.92003,0.92054,0.91636,0.91969
2021-09-16,0.91969,0.92782,0.91871,0.92753
2021-09-17,0.92753,0.93247,0.92596,0.9322
2021-09-20,0.93146,0.93328,0.92708,0.92713
2021-09-21,0.92713,0.92835,0.92253,0.92352
2021-09-22,0.92352,0.92729,0.92153,0.9255599999999999
2021-09-23,0.9255599999999999,0.92737,0.92172,0.92371
2021-09-24,0.92371,0.92607,0.92221,0.92427
2021-09-27,0.92393,0.9291,0.9237299999999999,0.92566
2021-09-28,0.92566,0.9301699999999999,0.92493,0.92919
2021-09-29,0.92919,0.93552,0.92789,0.93377
2021-09-30,0.93377,0.9368299999999999,0.93142,0.93145
2021-10-01,0.93145,0.9337799999999999,0.92814,0.93048
2021-10-04,0.93048,0.93111,0.92304,0.92448
2021-10-05,0.92448,0.92884,0.92388,0.92768
2021-10-06,0.92768,0.93077,0.92713,0.92727
2021-10-07,0.92727,0.9292199999999999,0.92529,0.92767
2021-10-08,0.92767,0.93057,0.9259,0.92705
2021-10-11,0.92705,0.9287799999999999,0.925,0.9276099999999999
2021-10-12,0.9276099999999999,0.93132,0.92567,0.92996
2021-10-13,0.92996,0.93084,0.92353,0.92388
2021-10-14,0.92388,0.92441,0.91943,0.92291
2021-10-15,0.92291,0.9264,0.92191,0.92299
2021-10-18,0.92299,0.92732,0.92194,0.92355
2021-10-19,0.92355,0.92392,0.9185,0.92294
2021-10-20,0.92294,0.92523,0.91863,0.9188
2021-10-21,0.9188,0.92061,0.91702,0.91827
2021-10-22,0.91827,0.91856,0.91508,0.91601
2021-10-25,0.91555,0.92024,0.915,0.91986
2021-10-26,0.91986,0.92262,0.9178499999999999,0.91971
2021-10-27,0.91971,0.92038,0.91644,0.91809
2021-10-28,0.91809,0.91948,0.91152,0.91175
2021-10-29,0.91175,0.91761,0.91023,0.9151199999999999
2021-11-01,0.9151199999999999,0.91715,0.90878,0.90906
2021-11-02,0.90906,0.91503,0.90848,0.9145
2021-11-03,0.9145,0.91511,0.91045,0.91167
2021-11-04,0.91167,0.91448,0.91114,0.91243
2021-11-05,0.91243,0.91757,0.91122,0.91205
2021-11-08,0.91186,0.91579,0.9116799999999999,0.9124099999999999
2021-11-09,0.9124099999999999,0.91539,0.91017,0.91108
2021-11-10,0.91108,0.91863,0.9103,0.91808
2021-11-11,0.91808,0.92245,0.9166,0.9207299999999999
2021-11-12,0.9207299999999999,0.9237799999999999,0.92018,0.92108
2021-11-15,0.92036,0.92572,0.91871,0.92514
2021-11-16,0.92514,0.93118,0.92371,0.92953
2021-11-17,0.92953,0.93298,0.9276,0.92803
2021-11-18,0.92803,0.92919,0.92449,0.92463
2021-11-19,0.92463,0.92903,0.92431,0.9286099999999999
2021-11-22,0.92786,0.93348,0.92669,0.93208
2021-11-23,0.93208,0.93442,0.93012,0.93313
2021-11-24,0.93313,0.93735,0.93151,0.9338299999999999
2021-11-25,0.9338299999999999,0.93615,0.93242,0.93553
2021-11-26,0.93553,0.93593,0.92141,0.92424
2021-11-29,0.9241,0.92728,0.92162,0.92263
2021-11-30,0.92263,0.92667,0.91574,0.91833
2021-12-01,0.91833,0.9218,0.91692,0.91891
2021-12-02,0.91891,0.9221699999999999,0.91782,0.92021
2021-12-03,0.92021,0.92177,0.91656,0.9176799999999999
2021-12-06,0.9156299999999999,0.9269,0.9156299999999999,0.92458
2021-12-07,0.92458,0.92752,0.92308,0.92488
2021-12-08,0.92488,0.92525,0.91954,0.9197299999999999
2021-12-09,0.9197299999999999,0.92649,0.91917,0.92315
2021-12-10,0.92315,0.92529,0.91989,0.9206
2021-12-13,0.92166,0.92565,0.92,0.92239
2021-12-14,0.92239,0.9245099999999999,0.91883,0.92331
2021-12-15,0.92331,0.92944,0.92243,0.92433
2021-12-16,0.92433,0.92564,0.9189499999999999,0.91913
2021-12-17,0.91913,0.92459,0.91745,0.9241199999999999
2021-12-20,0.92331,0.92508,0.91924,0.91984
2021-12-21,0.91984,0.9254,0.91952,0.92303
2021-12-22,0.92303,0.92525,0.91898,0.91898
2021-12-23,0.91898,0.92191,0.91738,0.91743
2021-12-24,0.91743,0.91948,0.91657,0.91722
2021-12-27,0.91722,0.92001,0.91722,0.91743
2021-12-28,0.91743,0.91905,0.91593,0.91722
2021-12-29,0.91722,0.92016,0.9126799999999999,0.91448
2021-12-30,0.91448,0.91816,0.91321,0.91327
2021-12-31,0.91327,0.91478,0.9102,0.91167
2022-01-03,0.91167,0.92003,0.91045,0.91853
2022-01-04,0.91853,0.9192899999999999,0.91367,0.9156299999999999
2022-01-05,0.9156299999999999,0.91836,0.91412,0.91592
2022-01-06,0.91592,0.92242,0.91552,0.92099
2022-01-07,0.92099,0.92326,0.9182,0.9182899999999999
2022-01-10,0.918,0.92751,0.918,0.9271199999999999
2022-01-11,0.9271199999999999,0.92781,0.9231199999999999,0.9231199999999999
2022-01-12,0.9231199999999999,0.92443,0.91301,0.91408
2022-01-13,0.91408,0.91482,0.90915,0.91106
2022-01-14,0.91106,0.91419,0.9094599999999999,0.91386
2022-01-17,0.91206,0.91587,0.9116799999999999,0.91321
2022-01-18,0.91321,0.91792,0.91305,0.91721
2022-01-19,0.91721,0.91775,0.91447,0.91571
2022-01-20,0.91571,0.9181199999999999,0.91393,0.91699
2022-01-21,0.91699,0.91725,0.91077,0.91186
2022-01-24,0.91088,0.91587,0.91088,0.91315
2022-01-25,0.91315,0.92036,0.91253,0.9180699999999999
2022-01-26,0.9180699999999999,0.92463,0.91625,0.92297
2022-01-27,0.92297,0.9337799999999999,0.92221,0.93047
2022-01-28,0.93047,0.93296,0.92901,0.93096
2022-01-31,0.93052,0.93429,0.92515,0.92698
2022-02-01,0.92698,0.92772,0.92042,0.92111
2022-02-02,0.92111,0.92223,0.91771,0.91825
2022-02-03,0.91825,0.92358,0.91769,0.9193
2022-02-04,0.9193,0.92588,0.91903,0.92552
2022-02-07,0.9237799999999999,0.9262,0.92215,0.9237299999999999
2022-02-08,0.9237299999999999,0.92629,0.92242,0.92448
2022-02-09,0.92448,0.92547,0.9221699999999999,0.92433
2022-02-10,0.92433,0.92968,0.92268,0.92528
2022-02-11,0.92528,0.9287,0.92363,0.92472
2022-02-14,0.92472,0.92723,0.92366,0.9241699999999999
2022-02-15,0.9241699999999999,0.92741,0.92266,0.92443
2022-02-16,0.92443,0.9261,0.92063,0.92213
2022-02-17,0.92213,0.92291,0.91884,0.92001
2022-02-18,0.92001,0.92183,0.91915,0.92122
2022-02-21,0.91998,0.92233,0.91502,0.91578
2022-02-22,0.91578,0.9227799999999999,0.91513,0.92154
2022-02-23,0.92154,0.92187,0.91683,0.91735
2022-02-24,0.91735,0.92888,0.91711,0.92507
2022-02-25,0.92507,0.92842,0.92287,0.92545
2022-02-28,0.92658,0.92779,0.91662,0.91677
2022-03-01,0.91677,0.92055,0.91501,0.91827
2022-03-02,0.91827,0.92397,0.91663,0.92011
2022-03-03,0.92011,0.92167,0.9170699999999999,0.91716
2022-03-04,0.91716,0.92103,0.91627,0.91671
2022-03-07,0.91648,0.92723,0.9162,0.92537
2022-03-08,0.92537,0.93066,0.92484,0.92868
2022-03-09,0.92868,0.93027,0.92502,0.92621
2022-03-10,0.92621,0.9309,0.92549,0.9294
2022-03-11,0.9294,0.93498,0.92864,0.9347
2022-03-14,0.93303,0.9386599999999999,0.9319999999999999,0.93865
2022-03-15,0.93865,0.94315,0.93716,0.94112
2022-03-16,0.94112,0.94601,0.93899,0.93997
2022-03-17,0.93997,0.94303,0.93356,0.93692
2022-03-18,0.93692,0.93825,0.9313899999999999,0.9316099999999999
2022-03-21,0.9316099999999999,0.93524,0.9294,0.9336
2022-03-22,0.9336,0.93756,0.9313899999999999,0.93268
2022-03-23,0.93268,0.93575,0.93009,0.93046
2022-03-24,0.93046,0.93441,0.92965,0.93016
2022-03-25,0.93016,0.93137,0.92603,0.93042
2022-03-28,0.9299,0.93814,0.92957,0.93345
2022-03-29,0.93345,0.9374,0.92977,0.93068
2022-03-30,0.93068,0.93136,0.922,0.92318
2022-03-31,0.92318,0.9259,0.91947,0.92255
2022-04-01,0.92255,0.92797,0.92152,0.92545
2022-04-04,0.92545,0.9281,0.92422,0.92623
2022-04-05,0.92623,0.92981,0.92374,0.92941
2022-04-06,0.92941,0.93499,0.92899,0.93306
2022-04-07,0.93306,0.9347799999999999,0.9311,0.93314
2022-04-08,0.93314,0.93737,0.93271,0.93415
2022-04-11,0.93154,0.9372,0.93036,0.93064
2022-04-12,0.93064,0.93449,0.92867,0.9327799999999999
2022-04-13,0.9327799999999999,0.93562,0.9314,0.93352
2022-04-14,0.93352,0.94335,0.9324,0.94209
2022-04-15,0.94209,0.94426,0.94108,0.94221
2022-04-18,0.9432,0.94535,0.94167,0.94395
2022-04-19,0.94395,0.95235,0.94324,0.95165
2022-04-20,0.95165,0.95362,0.94542,0.94841
2022-04-21,0.94841,0.9553,0.94568,0.95325
2022-04-22,0.95325,0.95928,0.95286,0.95679
2022-04-25,0.95548,0.95972,0.95467,0.95899
2022-04-26,0.95899,0.9626399999999999,0.95639,0.96236
2022-04-27,0.96236,0.9701299999999999,0.9614199999999999,0.96899
2022-04-28,0.96899,0.9759,0.96697,0.97163
2022-04-29,0.97163,0.97365,0.9670799999999999,0.97329
2022-05-02,0.97329,0.97893,0.9712999999999999,0.97772
2022-05-03,0.97772,0.9799599999999999,0.97203,0.9781799999999999
2022-05-04,0.9781799999999999,0.9852299999999999,0.97204,0.97217
2022-05-05,0.97217,0.989,0.9709099999999999,0.98463
2022-05-06,0.98463,0.98921,0.98273,0.98843
2022-05-09,0.98843,0.99657,0.98769,0.99381
2022-05-10,0.99381,0.99751,0.99057,0.9954
2022-05-11,0.9954,0.9964,0.98718,0.99403
2022-05-12,0.99403,1.00492,0.99301,1.00278
2022-05-13,1.00278,1.00468,0.99921,1.00131
2022-05-16,1.00131,1.00643,1.00072,1.00176
2022-05-17,1.00176,1.00237,0.99181,0.99278
2022-05-18,0.99278,0.99847,0.98602,0.98736
2022-05-19,0.98736,0.98853,0.9697,0.97263
2022-05-20,0.97263,0.97641,0.96942,0.97449
2022-05-23,0.97427,0.97512,0.96268,0.96512
2022-05-24,0.96512,0.967,0.95738,0.95929
2022-05-25,0.95929,0.96423,0.95869,0.96098
2022-05-26,0.96098,0.96326,0.9582499999999999,0.95882
2022-05-27,0.95882,0.96027,0.95448,0.95707
2022-05-30,0.95707,0.9606399999999999,0.9553,0.95678
2022-05-31,0.95678,0.96202,0.95638,0.95913
2022-06-01,0.95913,0.96589,0.9582499999999999,0.9620799999999999
2022-06-02,0.9620799999999999,0.96365,0.95717,0.95727
2022-06-03,0.95727,0.96429,0.9556399999999999,0.96248
2022-06-06,0.96248,0.97144,0.96055,0.9708
2022-06-07,0.9708,0.97791,0.96995,0.97184
2022-06-08,0.97184,0.9789,0.97156,0.9783999999999999
2022-06-09,0.9783999999999999,0.98173,0.97242,0.98004
2022-06-10,0.98004,0.98981,0.9766,0.98731
2022-06-13,0.98731,0.99944,0.98731,0.99706
2022-06-14,0.99706,1.0037099999999999,0.98734,1.00155
2022-06-15,1.00155,1.00499,0.9931099999999999,0.99362
2022-06-16,0.99362,0.99893,0.96288,0.96573
2022-06-17,0.96573,0.97324,0.96191,0.9695
2022-06-20,0.97065,0.97122,0.96219,0.96676
2022-06-21,0.96676,0.96838,0.96321,0.9658599999999999
2022-06-22,0.9658599999999999,0.96895,0.95807,0.96084
2022-06-23,0.96084,0.96785,0.95666,0.96016
2022-06-24,0.96016,0.96324,0.95219,0.95826
2022-06-27,0.95826,0.96201,0.95431,0.9556399999999999
2022-06-28,0.9556399999999999,0.95868,0.95333,0.95716
2022-06-29,0.95716,0.9578,0.94951,0.95419
2022-06-30,0.95419,0.9605899999999999,0.95297,0.95416
2022-07-01,0.95416,0.96417,0.95416,0.95916
2022-07-04,0.95916,0.96175,0.9560299999999999,0.96056
2022-07-05,0.96056,0.97044,0.95926,0.96799
2022-07-06,0.96799,0.97436,0.96711,0.97036
2022-07-07,0.97036,0.97486,0.96817,0.97336
2022-07-08,0.97336,0.97971,0.9722,0.9762
2022-07-11,0.97584,0.98431,0.97584,0.98268
2022-07-12,0.98268,0.98588,0.98038,0.98172
2022-07-13,0.98172,0.98302,0.9755,0.97865
2022-07-14,0.97865,0.9886,0.97761,0.9826199999999999
2022-07-15,0.9826199999999999,0.98414,0.97562,0.97593
2022-07-18,0.97639,0.97899,0.97309,0.97729
2022-07-19,0.97729,0.97867,0.9654,0.96787
2022-07-20,0.96787,0.97361,0.96728,0.97063
2022-07-21,0.97063,0.97393,0.96637,0.96655
2022-07-22,0.96655,0.97039,0.95997,0.96111
2022-07-25,0.96111,0.96605,0.96043,0.96429
2022-07-26,0.96429,0.96675,0.96155,0.96258
2022-07-27,0.96258,0.9659099999999999,0.9583699999999999,0.95895
2022-07-28,0.95895,0.96321,0.95399,0.95399
2022-07-29,0.95399,0.95938,0.95017,0.9509799999999999
2022-08-01,0.95284,0.95346,0.9482,0.9487599999999999
2022-08-02,0.9487599999999999,0.95748,0.947,0.95711
2022-08-03,0.95711,0.96515,0.9541999999999999,0.96039
2022-08-04,0.96039,0.9623,0.95425,0.95439
2022-08-05,0.95439,0.96499,0.95379,0.96162
2022-08-08,0.96162,0.96351,0.95219,0.95455
2022-08-09,0.95455,0.95563,0.95111,0.95287
2022-08-10,0.95287,0.95452,0.93933,0.94241
2022-08-11,0.94241,0.94459,0.93706,0.94093
2022-08-12,0.94093,0.94504,0.94046,0.94112
2022-08-15,0.94046,0.9470999999999999,0.9403,0.94496
2022-08-16,0.94496,0.95141,0.94452,0.94925
2022-08-17,0.94925,0.95435,0.94829,0.95164
2022-08-18,0.95164,0.95712,0.94978,0.9560299999999999
2022-08-19,0.9560299999999999,0.95984,0.95531,0.95871
2022-08-22,0.95805,0.96587,0.9573699999999999,0.96372
2022-08-23,0.96372,0.96924,0.9603,0.96339
2022-08-24,0.96339,0.96877,0.96076,0.96638
2022-08-25,0.96638,0.96712,0.96129,0.96318
2022-08-26,0.96318,0.96693,0.95773,0.96584
2022-08-29,0.96526,0.97078,0.96465,0.96737
2022-08-30,0.96737,0.97621,0.96657,0.97359
2022-08-31,0.97359,0.98072,0.97265,0.97764
2022-09-01,0.97764,0.9860599999999999,0.97439,0.98112
2022-09-02,0.98112,0.98591,0.97831,0.98034
2022-09-05,0.98182,0.98374,0.97909,0.97951
2022-09-06,0.97951,0.98613,0.97654,0.98325
2022-09-07,0.98325,0.98697,0.97611,0.9763999999999999
2022-09-08,0.9763999999999999,0.97822,0.97017,0.97034
2022-09-09,0.97034,0.97059,0.95473,0.95997
2022-09-12,0.95841,0.96094,0.95087,0.9531999999999999
2022-09-13,0.9531999999999999,0.9632999999999999,0.94797,0.96099
2022-09-14,0.96099,0.96365,0.9589,0.96165
2022-09-15,0.96165,0.96421,0.95562,0.96119
2022-09-16,0.96119,0.96612,0.95999,0.96418
2022-09-19,0.9634699999999999,0.96955,0.96257,0.96383
2022-09-20,0.96383,0.96824,0.96226,0.96388
2022-09-21,0.96388,0.97,0.96201,0.96609
2022-09-22,0.96609,0.98502,0.9620299999999999,0.97651
2022-09-23,0.97651,0.98399,0.97555,0.98074
2022-09-26,0.9823999999999999,0.99658,0.97885,0.99317
2022-09-27,0.99317,0.9943,0.98491,0.9914
2022-09-28,0.9914,0.99658,0.97455,0.97529
2022-09-29,0.97529,0.98557,0.97424,0.97531
2022-09-30,0.97531,0.98769,0.97375,0.98707
2022-10-03,0.9844499999999999,0.99501,0.98322,0.99219
2022-10-04,0.99219,0.99415,0.97843,0.97881
2022-10-05,0.97881,0.9888899999999999,0.9785,0.98324
2022-10-06,0.98324,0.99135,0.97804,0.99026
2022-10-07,0.99026,0.99534,0.98785,0.99453
2022-10-10,0.99296,1.00105,0.99296,0.99953
2022-10-11,0.99953,1.00211,0.99157,0.99681
2022-10-12,0.99681,1.00042,0.9930599999999999,0.99717
2022-10-13,0.99717,1.00739,0.996,1.00052
2022-10-14,1.00052,1.00661,0.99643,1.00545
2022-10-17,1.00457,1.00543,0.99432,0.9951599999999999
2022-10-18,0.9951599999999999,0.99787,0.99185,0.99324
2022-10-19,0.99324,1.00629,0.99287,1.00346
2022-10-20,1.00346,1.00687,0.99945,1.00277
2022-10-21,1.00277,1.01478,0.9961,0.99767
2022-10-24,0.99526,1.00316,0.99424,1.00048
2022-10-25,1.00048,1.00316,0.9939399999999999,0.99427
2022-10-26,0.99427,0.99624,0.9852299999999999,0.98587
2022-10-27,0.98587,0.99278,0.98413,0.9907
2022-10-28,0.9907,0.99798,0.98827,0.99562
2022-10-31,0.99562,1.00325,0.99535,1.00068
2022-11-01,1.00068,1.00206,0.9914999999999999,0.99952
2022-11-02,0.99952,1.0040499999999999,0.99105,1.00274
2022-11-03,1.00274,1.01474,1.00039,1.01256
2022-11-04,1.01256,1.01443,0.99297,0.99357
2022-11-07,0.9983,0.99854,0.98737,0.98753
2022-11-08,0.98753,0.99268,0.98369,0.98458
2022-11-09,0.98458,0.9873999999999999,0.97999,0.98319
2022-11-10,0.98319,0.98992,0.96246,0.96313
2022-11-11,0.96313,0.96819,0.93973,0.94101
2022-11-14,0.9412,0.9489,0.9405,0.94263
2022-11-15,0.94263,0.94755,0.9356,0.94365
2022-11-16,0.94365,0.94695,0.93858,0.94378
2022-11-17,0.94378,0.95573,0.94329,0.95123
2022-11-18,0.95123,0.95491,0.94981,0.95433
2022-11-21,0.95328,0.9598599999999999,0.95301,0.9591
2022-11-22,0.9591,0.9591,0.95091,0.9519299999999999
2022-11-23,0.9519299999999999,0.95334,0.94121,0.94256
2022-11-24,0.94256,0.94457,0.93872,0.94317
2022-11-25,0.94317,0.95,0.9422699999999999,0.94556
2022-11-28,0.9460999999999999,0.9498,0.9405,0.94888
2022-11-29,0.94888,0.95452,0.94602,0.95388
2022-11-30,0.95388,0.95474,0.94315,0.94538
2022-12-01,0.94538,0.94605,0.93653,0.93708
2022-12-02,0.93708,0.94392,0.93263,0.9367
2022-12-05,0.93808,0.9435399999999999,0.9330499999999999,0.94268
2022-12-06,0.94268,0.94558,0.9380499999999999,0.9418799999999999
2022-12-07,0.9418799999999999,0.94377,0.93633,0.94058
2022-12-08,0.94058,0.9426599999999999,0.93435,0.93637
2022-12-09,0.93637,0.93818,0.93119,0.93463
2022-12-12,0.93463,0.938,0.93133,0.93616
2022-12-13,0.93616,0.9375,0.92313,0.92863
2022-12-14,0.92863,0.92974,0.92146,0.92442
2022-12-15,0.92442,0.93171,0.92311,0.92849
2022-12-16,0.92849,0.9342199999999999,0.92537,0.93402
2022-12-19,0.9328299999999999,0.93473,0.92837,0.9288
2022-12-20,0.9288,0.93075,0.92416,0.92627
2022-12-21,0.92627,0.92892,0.92385,0.92671
2022-12-22,0.92671,0.93214,0.92266,0.93093
2022-12-23,0.93093,0.93447,0.92837,0.93276
2022-12-27,0.93104,0.93293,0.92697,0.92813
2022-12-28,0.92813,0.93071,0.92449,0.9285
2022-12-29,0.9285,0.92879,0.92101,0.92282
2022-12-30,0.92282,0.92682,0.91998,0.92415
2023-01-02,0.92415,0.92582,0.92086,0.92421
2023-01-03,0.92421,0.93986,0.92274,0.9353899999999999
2023-01-04,0.9353899999999999,0.9366599999999999,0.9253,0.9291
2023-01-05,0.9291,0.93778,0.92604,0.93557
2023-01-06,0.93557,0.94089,0.92667,0.92687
2023-01-09,0.92748,0.92921,0.9167,0.92109
2023-01-10,0.92109,0.92523,0.91948,0.92218
2023-01-11,0.92218,0.93315,0.92044,0.93079
2023-01-12,0.93079,0.93609,0.9265599999999999,0.9267299999999999
2023-01-13,0.9267299999999999,0.93169,0.92558,0.92635
2023-01-16,0.92668,0.92885,0.92186,0.92562
2023-01-17,0.92562,0.92759,0.9187299999999999,0.92193
2023-01-18,0.92193,0.9245599999999999,0.90852,0.91584
2023-01-19,0.91584,0.91894,0.91472,0.91545
2023-01-20,0.91545,0.92346,0.91412,0.92011
2023-01-23,0.91863,0.92411,0.91598,0.92164
2023-01-24,0.92164,0.92794,0.91923,0.9219499999999999
2023-01-25,0.9219499999999999,0.92453,0.9172,0.91764
2023-01-26,0.91764,0.92254,0.91581,0.91985
2023-01-27,0.91985,0.92399,0.91898,0.92069
2023-01-30,0.92,0.92568,0.91822,0.92435
2023-01-31,0.92435,0.92882,0.91505,0.91532
2023-02-01,0.91532,0.91828,0.90698,0.90787
2023-02-02,0.90787,0.91394,0.90591,0.91313
2023-02-03,0.91313,0.92693,0.91121,0.92582
2023-02-06,0.9271,0.92906,0.9227,0.9282
2023-02-07,0.9282,0.92899,0.91916,0.92162
2023-02-08,0.92162,0.92235,0.91781,0.92091
2023-02-09,0.92091,0.92286,0.91603,0.922
2023-02-10,0.922,0.9253,0.91979,0.92331
2023-02-13,0.92331,0.92598,0.91905,0.91914
2023-02-14,0.91914,0.92341,0.91359,0.9212
2023-02-15,0.9212,0.92624,0.9202899999999999,0.9236
2023-02-16,0.9236,0.92719,0.92139,0.92527
2023-02-17,0.92527,0.93318,0.92392,0.92413
2023-02-20,0.9259499999999999,0.9262,0.92202,0.92292
2023-02-21,0.92292,0.92828,0.92244,0.9276099999999999
2023-02-22,0.9276099999999999,0.93187,0.92529,0.93121
2023-02-23,0.93121,0.93489,0.92898,0.93393
2023-02-24,0.93393,0.94122,0.93257,0.94078
2023-02-27,0.9394899999999999,0.9429,0.93441,0.93575
2023-02-28,0.93575,0.9423199999999999,0.93412,0.94213
2023-03-01,0.94213,0.94286,0.93503,0.9395
2023-03-02,0.9395,0.94401,0.93811,0.94235
2023-03-03,0.94235,0.94236,0.9358299999999999,0.9358799999999999
2023-03-06,0.93576,0.93729,0.9303899999999999,0.93066
2023-03-07,0.93066,0.94247,0.9285599999999999,0.94191
2023-03-08,0.94191,0.94386,0.93884,0.9413199999999999
2023-03-09,0.9413199999999999,0.9416,0.93221,0.93221
2023-03-10,0.93221,0.9333,0.91745,0.92117
2023-03-13,0.91832,0.9205099999999999,0.90708,0.91106
2023-03-14,0.91106,0.91643,0.90949,0.91414
2023-03-15,0.91414,0.9338,0.91221,0.93272
2023-03-16,0.93272,0.9339999999999999,0.92292,0.92921
2023-03-17,0.92921,0.9301,0.92393,0.92544
2023-03-20,0.92672,0.93119,0.924,0.92866
2023-03-21,0.92866,0.9317,0.92089,0.92225
2023-03-22,0.92225,0.9245599999999999,0.91471,0.91735
2023-03-23,0.91735,0.91803,0.91182,0.9163
2023-03-24,0.9163,0.9216799999999999,0.91527,0.9198
2023-03-27,0.9181199999999999,0.91996,0.91539,0.9155099999999999
2023-03-28,0.9155099999999999,0.92226,0.9136799999999999,0.91921
2023-03-29,0.91921,0.9222899999999999,0.9164599999999999,0.91843
2023-03-30,0.91843,0.92002,0.91258,0.91262
2023-03-31,0.91262,0.91777,0.91154,0.91493
2023-04-03,0.91493,0.91961,0.91149,0.91231
2023-04-04,0.91231,0.9142899999999999,0.90547,0.90557
2023-04-05,0.90557,0.9076,0.90056,0.90657
2023-04-06,0.90657,0.9075,0.9035799999999999,0.90454
2023-04-07,0.90454,0.90812,0.90337,0.90493
2023-04-10,0.90417,0.9120199999999999,0.90359,0.90933
2023-04-11,0.90933,0.9095799999999999,0.90277,0.90324
2023-04-12,0.90324,0.90349,0.89435,0.89591
2023-04-13,0.89591,0.8974799999999999,0.88595,0.88914
2023-04-14,0.88914,0.89589,0.88664,0.89355
2023-04-17,0.89385,0.89964,0.89216,0.89851
2023-04-18,0.89851,0.8987499999999999,0.89544,0.89593
2023-04-19,0.89593,0.9003,0.89554,0.89746
2023-04-20,0.89746,0.89832,0.89194,0.89194
2023-04-21,0.89194,0.8954,0.89078,0.89211
2023-04-24,0.89189,0.8928,0.88758,0.8876
2023-04-25,0.8876,0.89275,0.88605,0.8918699999999999
2023-04-26,0.8918699999999999,0.89257,0.88515,0.8909199999999999
2023-04-27,0.8909199999999999,0.89762,0.89003,0.89376
2023-04-28,0.89376,0.8975,0.88956,0.8942
2023-05-01,0.8942,0.89668,0.89149,0.89532
2023-05-02,0.89532,0.89949,0.89241,0.89313
2023-05-03,0.89313,0.89317,0.88318,0.88375
2023-05-04,0.88375,0.8891,0.8819899999999999,0.88554
2023-05-05,0.88554,0.89734,0.88341,0.89061
2023-05-08,0.88967,0.89127,0.88676,0.88945
2023-05-09,0.88945,0.89428,0.8886499999999999,0.8904299999999999
2023-05-10,0.8904299999999999,0.89271,0.8868199999999999,0.88963
2023-05-11,0.88963,0.89578,0.88866,0.89423
2023-05-12,0.89423,0.89877,0.88971,0.89824
2023-05-15,0.89824,0.89877,0.89425,0.89562
2023-05-16,0.89562,0.89704,0.89196,0.89628
2023-05-17,0.89628,0.90252,0.8949199999999999,0.89802
2023-05-18,0.89802,0.90625,0.8975,0.9051
2023-05-19,0.9051,0.90589,0.89744,0.89925
2023-05-22,0.89844,0.89973,0.89407,0.89778
2023-05-23,0.89778,0.90295,0.8975,0.90127
2023-05-24,0.90127,0.9067,0.90047,0.90503
2023-05-25,0.90503,0.90734,0.90372,0.90559
2023-05-26,0.90559,0.90744,0.90185,0.90485
2023-05-29,0.90469,0.90622,0.90273,0.90386
2023-05-30,0.90386,0.90842,0.9014099999999999,0.90577
2023-05-31,0.90577,0.91475,0.90544,0.91054
2023-06-01,0.91054,0.91139,0.90537,0.90544
2023-06-02,0.90544,0.90917,0.90347,0.90873
2023-06-05,0.9074,0.91196,0.90523,0.9061
2023-06-06,0.9061,0.90981,0.90329,0.90755
2023-06-07,0.90755,0.91071,0.9043,0.90988
2023-06-08,0.90988,0.91075,0.8989,0.89894
2023-06-09,0.89894,0.90392,0.89804,0.90308
2023-06-12,0.90174,0.91092,0.90155,0.90893
2023-06-13,0.90893,0.90893,0.9031899999999999,0.9051
2023-06-14,0.9051,0.90603,0.89656,0.9009699999999999
2023-06-15,0.9009699999999999,0.90561,0.89073,0.89171
2023-06-16,0.89171,0.89491,0.89018,0.89359
2023-06-19,0.89359,0.89752,0.89306,0.89535
2023-06-20,0.89535,0.9001,0.8950899999999999,0.89777
2023-06-21,0.89777,0.89979,0.89197,0.89303
2023-06-22,0.89303,0.89728,0.8906,0.89465
2023-06-23,0.89465,0.90128,0.89425,0.8968
2023-06-26,0.89603,0.89682,0.89114,0.8956
2023-06-27,0.8956,0.89702,0.89238,0.89358
2023-06-28,0.89358,0.89869,0.89227,0.89682
2023-06-29,0.89682,0.90018,0.8943099999999999,0.89925
2023-06-30,0.89925,0.90166,0.89349,0.895
2023-07-03,0.895,0.90042,0.8936999999999999,0.89613
2023-07-04,0.89613,0.89747,0.89458,0.89699
2023-07-05,0.89699,0.89948,0.89574,0.89869
2023-07-06,0.89869,0.89977,0.8950899999999999,0.89519
2023-07-07,0.89519,0.89703,0.88758,0.88915
2023-07-10,0.88835,0.89179,0.88519,0.88522
2023-07-11,0.88522,0.88564,0.87928,0.87929
2023-07-12,0.87929,0.8794299999999999,0.8659,0.86692
2023-07-13,0.86692,0.86735,0.85824,0.85866
2023-07-14,0.85866,0.86313,0.8566,0.8618899999999999
2023-07-17,0.8618899999999999,0.86305,0.85782,0.8602
2023-07-18,0.8602,0.86072,0.85547,0.85709
2023-07-19,0.85709,0.86135,0.85669,0.85788
2023-07-20,0.85788,0.86843,0.85607,0.86663
2023-07-21,0.86663,0.86723,0.86405,0.8657
2023-07-24,0.8657,0.87,0.86374,0.86966
2023-07-25,0.86966,0.87007,0.86346,0.86346
2023-07-26,0.86346,0.86562,0.8597,0.86074
2023-07-27,0.86074,0.86987,0.85519,0.86882
2023-07-28,0.86882,0.87364,0.86605,0.87025
2023-07-31,0.87025,0.87298,0.86648,0.87176
2023-08-01,0.87176,0.87779,0.87005,0.87509
2023-08-02,0.87509,0.8805499999999999,0.87139,0.87744
2023-08-03,0.87744,0.87985,0.8733,0.87397
2023-08-04,0.87397,0.87825,0.8699,0.87247
2023-08-07,0.87247,0.87737,0.87147,0.87274
2023-08-08,0.87274,0.87829,0.8718899999999999,0.87551
2023-08-09,0.87551,0.87828,0.87317,0.87713
2023-08-10,0.87713,0.87766,0.86898,0.87647
2023-08-11,0.87647,0.87807,0.87328,0.87623
2023-08-14,0.87623,0.88275,0.87508,0.87823
2023-08-15,0.87823,0.87962,0.8744,0.87841
2023-08-16,0.87841,0.88141,0.87741,0.87991
2023-08-17,0.87991,0.88097,0.87596,0.87836
2023-08-18,0.87836,0.88272,0.87653,0.8822
2023-08-21,0.88095,0.88279,0.878,0.87848
2023-08-22,0.87848,0.88092,0.87645,0.8803799999999999
2023-08-23,0.8803799999999999,0.88172,0.87739,0.87783
2023-08-24,0.87783,0.88515,0.87597,0.88434
2023-08-25,0.88434,0.88759,0.88214,0.88432
2023-08-28,0.88635,0.88635,0.8817699999999999,0.88381
2023-08-29,0.88381,0.88589,0.87748,0.8783
2023-08-30,0.8783,0.88033,0.87449,0.87842
2023-08-31,0.87842,0.88456,0.87712,0.88333
2023-09-01,0.88333,0.88636,0.87948,0.88562
2023-09-04,0.88476,0.8858,0.88324,0.88368
2023-09-05,0.88368,0.89032,0.88324,0.88937
2023-09-06,0.88937,0.89449,0.8881,0.8910899999999999
2023-09-07,0.8910899999999999,0.89404,0.89075,0.89264
2023-09-08,0.89264,0.89364,0.8894799999999999,0.8928699999999999
2023-09-11,0.88932,0.89263,0.88932,0.89076
2023-09-12,0.89076,0.89341,0.88996,0.89125
2023-09-13,0.89125,0.8953099999999999,0.8896999999999999,0.8936
2023-09-14,0.8936,0.89707,0.89143,0.89557
2023-09-15,0.89557,0.89776,0.89449,0.8976
2023-09-18,0.8949,0.89825,0.8949,0.89696
2023-09-19,0.89696,0.89841,0.89477,0.89766
2023-09-20,0.89766,0.89956,0.89319,0.89859
2023-09-21,0.89859,0.90783,0.8979699999999999,0.90447
2023-09-22,0.90447,0.9075,0.90274,0.90683
2023-09-25,0.90555,0.91353,0.9054,0.91192
2023-09-26,0.91192,0.91591,0.91105,0.9156799999999999
2023-09-27,0.9156799999999999,0.92252,0.91364,0.92125
2023-09-28,0.92125,0.92166,0.9147,0.91487
2023-09-29,0.91487,0.91633,0.9091,0.91494
2023-10-02,0.91386,0.91945,0.91104,0.91821
2023-10-03,0.91821,0.9245,0.91734,0.92085
2023-10-04,0.92085,0.92324,0.91438,0.91718
2023-10-05,0.91718,0.91821,0.91211,0.91226
2023-10-06,0.91226,0.91757,0.9073,0.90962
2023-10-09,0.9089,0.91236,0.90495,0.90653
2023-10-10,0.90653,0.90828,0.9034,0.90429
2023-10-11,0.90429,0.90545,0.90017,0.90187
2023-10-12,0.90187,0.9087999999999999,0.89866,0.90835
2023-10-13,0.90835,0.90872,0.90023,0.90231
2023-10-16,0.90098,0.90423,0.89956,0.89989
2023-10-17,0.89989,0.9032,0.89876,0.90012
2023-10-18,0.90012,0.90087,0.89543,0.8987499999999999
2023-10-19,0.8987499999999999,0.90017,0.89089,0.89107
2023-10-20,0.89107,0.8935,0.89019,0.89219
2023-10-23,0.89151,0.89572,0.89054,0.89102
2023-10-24,0.89102,0.89518,0.88878,0.89312
2023-10-25,0.89312,0.8969199999999999,0.89206,0.8967499999999999
2023-10-26,0.8967499999999999,0.90049,0.89616,0.89872
2023-10-27,0.89872,0.90346,0.8974799999999999,0.90244
2023-10-30,0.90049,0.90486,0.9003,0.9019199999999999
2023-10-31,0.9019199999999999,0.91064,0.90096,0.9104099999999999
2023-11-01,0.9104099999999999,0.91123,0.90704,0.90773
2023-11-02,0.90773,0.90781,0.90176,0.90586
2023-11-03,0.90586,0.9074099999999999,0.8965,0.8981399999999999
2023-11-06,0.89796,0.89965,0.89532,0.89929
2023-11-07,0.89929,0.90187,0.89826,0.90003
2023-11-08,0.90003,0.9024099999999999,0.89765,0.89924
2023-11-09,0.89924,0.9041,0.89803,0.9027999999999999
2023-11-10,0.9027999999999999,0.90459,0.9002,0.90065
2023-11-13,0.90147,0.90522,0.90071,0.9015799999999999
2023-11-14,0.9015799999999999,0.90272,0.88797,0.88897
2023-11-15,0.88897,0.8903,0.8854,0.88788
2023-11-16,0.88788,0.89,0.88542,0.88868
2023-11-17,0.88868,0.88939,0.88442,0.88442
2023-11-20,0.88528,0.88658,0.8825999999999999,0.88491
2023-11-21,0.88491,0.88491,0.88193,0.88358
2023-11-22,0.88358,0.88745,0.882,0.88381
2023-11-23,0.88381,0.88493,0.8817,0.88388
2023-11-24,0.88388,0.8848699999999999,0.88073,0.88125
2023-11-27,0.88153,0.88281,0.87936,0.88029
2023-11-28,0.88029,0.8819,0.87612,0.878
2023-11-29,0.878,0.87839,0.87202,0.87384
2023-11-30,0.87384,0.87706,0.86841,0.87513
2023-12-01,0.87513,0.87683,0.86792,0.86888
2023-12-04,0.86953,0.87553,0.86662,0.87269
2023-12-05,0.87269,0.87662,0.87143,0.87491
2023-12-06,0.87491,0.876,0.87288,0.87473
2023-12-07,0.87473,0.8782,0.8727699999999999,0.8747
2023-12-08,0.8747,0.88206,0.8741099999999999,0.87926
2023-12-11,0.88004,0.88162,0.87789,0.8783299999999999
2023-12-12,0.8783299999999999,0.87867,0.87209,0.8753299999999999
2023-12-13,0.8753299999999999,0.87801,0.86901,0.87158
2023-12-14,0.87158,0.87318,0.86303,0.86741
2023-12-15,0.86741,0.87113,0.86521,0.8701099999999999
2023-12-18,0.86861,0.87115,0.86663,0.86708
2023-12-19,0.86708,0.86771,0.85927,0.86093
2023-12-20,0.86093,0.8651,0.8591799999999999,0.8627
2023-12-21,0.8627,0.86325,0.85604,0.85616
2023-12-22,0.85616,0.85734,0.85136,0.85525
2023-12-26,0.85525,0.85798,0.85312,0.8536
2023-12-27,0.8536,0.85489,0.84083,0.84259
2023-12-28,0.84259,0.8451,0.83321,0.84477
2023-12-29,0.84477,0.84484,0.83562,0.84141
2024-01-02,0.8405,0.85069,0.8405,0.8503
2024-01-03,0.8503,0.85543,0.84883,0.84907
2024-01-04,0.84907,0.85287,0.8477,0.85025
2024-01-05,0.85025,0.85764,0.84549,0.8501
2024-01-08,0.8501,0.8521,0.84598,0.84801
2024-01-09,0.84801,0.85322,0.84643,0.85228
2024-01-10,0.85228,0.85351,0.85067,0.85077
2024-01-11,0.85077,0.85664,0.84906,0.85189
2024-01-12,0.85189,0.85508,0.8488,0.85224
2024-01-15,0.85233,0.85622,0.8513999999999999,0.85576
2024-01-16,0.85576,0.86194,0.85509,0.86155
2024-01-17,0.86155,0.8684999999999999,0.86014,0.86439
2024-01-18,0.86439,0.86939,0.86329,0.86802
2024-01-19,0.86802,0.87042,0.86686,0.8679
2024-01-22,0.8679,0.87005,0.86658,0.86901
2024-01-23,0.86901,0.87281,0.86495,0.87019
2024-01-24,0.87019,0.87027,0.86064,0.86279
2024-01-25,0.86279,0.86847,0.86179,0.86705
2024-01-26,0.86705,0.86849,0.86161,0.86313
2024-01-29,0.86313,0.86521,0.86065,0.86127
2024-01-30,0.86127,0.8642799999999999,0.86061,0.86177
2024-01-31,0.86177,0.86436,0.85506,0.86133
2024-02-01,0.86133,0.86496,0.85707,0.85774
2024-02-02,0.85774,0.86804,0.85532,0.86669
2024-02-05,0.86669,0.87185,0.86579,0.87065
2024-02-06,0.87065,0.8741099999999999,0.86901,0.86973
2024-02-07,0.86973,0.87534,0.8688,0.87412
2024-02-08,0.87412,0.87607,0.87241,0.87367
2024-02-09,0.87367,0.87619,0.87242,0.87439
2024-02-12,0.87374,0.87728,0.87263,0.87566
2024-02-13,0.87566,0.8880899999999999,0.87461,0.88705
2024-02-14,0.88705,0.88857,0.88473,0.88571
2024-02-15,0.88571,0.8858199999999999,0.87829,0.8799
2024-02-16,0.8799,0.88392,0.87893,0.8805
2024-02-19,0.8805,0.88281,0.87968,0.88197
2024-02-20,0.88197,0.88377,0.87856,0.88189
2024-02-21,0.88189,0.88206,0.8788199999999999,0.87958
2024-02-22,0.87958,0.88213,0.87419,0.88017
2024-02-23,0.88017,0.88192,0.8781,0.88096
2024-02-26,0.87935,0.88222,0.8788,0.87998
2024-02-27,0.87998,0.88102,0.87844,0.87854
2024-02-28,0.87854,0.88157,0.8781,0.8787699999999999
2024-02-29,0.8787699999999999,0.88469,0.87791,0.8844299999999999
2024-03-01,0.8844299999999999,0.88924,0.88293,0.88331
2024-03-04,0.88274,0.88639,0.8805499999999999,0.88491
2024-03-05,0.88491,0.88662,0.88254,0.88339
2024-03-06,0.88339,0.88557,0.88039,0.88205
2024-03-07,0.88205,0.88235,0.87725,0.87764
2024-03-08,0.87764,0.87813,0.87293,0.87713
2024-03-11,0.87713,0.87948,0.8749899999999999,0.87741
2024-03-12,0.87741,0.87948,0.87469,0.87723
2024-03-13,0.87723,0.87898,0.87662,0.87889
2024-03-14,0.87889,0.88412,0.8779399999999999,0.88371
2024-03-15,0.88371,0.88528,0.88191,0.88367
2024-03-18,0.88244,0.88849,0.88214,0.88779
2024-03-19,0.88779,0.88984,0.88646,0.88803
2024-03-20,0.88803,0.89188,0.88588,0.88681
2024-03-21,0.88681,0.89939,0.88391,0.89747
2024-03-22,0.89747,0.90201,0.89655,0.89715
2024-03-25,0.89715,0.89957,0.89642,0.89938
2024-03-26,0.89938,0.90435,0.89833,0.9039699999999999
2024-03-27,0.9039699999999999,0.90715,0.90293,0.9037999999999999
2024-03-28,0.9037999999999999,0.90647,0.89994,0.90162
2024-03-29,0.90162,0.90276,0.9001,0.90146
2024-04-01,0.90146,0.9057,0.90045,0.9043
2024-04-02,0.9043,0.9090699999999999,0.90286,0.90794
2024-04-03,0.90794,0.90953,0.90274,0.90288
2024-04-04,0.90288,0.90748,0.90083,0.90132
2024-04-05,0.90132,0.90706,0.8998,0.90142
2024-04-08,0.90142,0.90656,0.90048,0.90537
2024-04-09,0.90537,0.9056299999999999,0.90127,0.90352
2024-04-10,0.90352,0.91474,0.90237,0.91286
2024-04-11,0.91286,0.91466,0.9074,0.90997
2024-04-12,0.90997,0.91454,0.90893,0.91372
2024-04-15,0.91137,0.91519,0.91096,0.91155
2024-04-16,0.91155,0.91417,0.91062,0.91293
2024-04-17,0.91293,0.9132399999999999,0.90933,0.91075
2024-04-18,0.91075,0.91255,0.90807,0.91234
2024-04-19,0.91234,0.91312,0.90105,0.90981
2024-04-22,0.90981,0.91239,0.90891,0.91201
2024-04-23,0.91201,0.91301,0.90868,0.91194
2024-04-24,0.91194,0.9153,0.91059,0.91504
2024-04-25,0.91504,0.91565,0.91171,0.91216
2024-04-26,0.91216,0.91501,0.90957,0.91394
2024-04-29,0.91394,0.91531,0.90878,0.91034
2024-04-30,0.91034,0.91953,0.90921,0.9194
2024-05-01,0.9194,0.92242,0.91445,0.9156
2024-05-02,0.9156,0.91735,0.90948,0.91064
2024-05-03,0.91064,0.91064,0.90055,0.9045
2024-05-06,0.9045,0.90662,0.90356,0.90623
2024-05-07,0.90623,0.90937,0.90471,0.90836
2024-05-08,0.90836,0.90957,0.90732,0.9079
2024-05-09,0.9079,0.90986,0.90559,0.90589
2024-05-10,0.90589,0.90853,0.90503,0.90594
2024-05-13,0.90594,0.90875,0.90454,0.90816
2024-05-14,0.90816,0.9102,0.90548,0.90645
2024-05-15,0.90645,0.90707,0.90131,0.90213
2024-05-16,0.90213,0.90628,0.89879,0.9061
2024-05-17,0.9061,0.90982,0.90444,0.90809
2024-05-20,0.90875,0.91089,0.90735,0.91052
2024-05-21,0.91052,0.91162,0.90868,0.91094
2024-05-22,0.91094,0.91581,0.91012,0.91572
2024-05-23,0.91572,0.91572,0.91262,0.91433
2024-05-24,0.91433,0.91582,0.91336,0.91443
2024-05-27,0.91316,0.91537,0.91297,0.91326
2024-05-28,0.91326,0.91384,0.90853,0.91244
2024-05-29,0.91244,0.91436,0.91109,0.91319
2024-05-30,0.91319,0.91409,0.90312,0.90333
2024-05-31,0.90333,0.90692,0.90022,0.90205
2024-06-03,0.90205,0.90357,0.89502,0.89569
2024-06-04,0.89569,0.89722,0.88844,0.8902
2024-06-05,0.8902,0.89488,0.88906,0.89342
2024-06-06,0.89342,0.89362,0.88918,0.88927
2024-06-07,0.88927,0.89728,0.88808,0.89628
2024-06-10,0.89742,0.89827,0.89535,0.8965
2024-06-11,0.8965,0.89932,0.89482,0.8976
2024-06-12,0.8976,0.89833,0.88928,0.89436
2024-06-13,0.89436,0.89672,0.89263,0.89385
2024-06-14,0.89385,0.89477,0.8894299999999999,0.88984
2024-06-17,0.88952,0.89323,0.88901,0.88952
2024-06-18,0.88952,0.89,0.8826499999999999,0.88416
2024-06-19,0.88416,0.88542,0.8832099999999999,0.8838
2024-06-20,0.8838,0.8926,0.88316,0.89136
2024-06-21,0.89136,0.89458,0.89032,0.89401
2024-06-24,0.89401,0.89451,0.89213,0.89293
2024-06-25,0.89293,0.89527,0.8913099999999999,0.89463
2024-06-26,0.89463,0.8983099999999999,0.89381,0.89743
2024-06-27,0.89743,0.89885,0.89572,0.89874
2024-06-28,0.89874,0.90095,0.89752,0.89823
2024-07-01,0.89768,0.90445,0.8975,0.90247
2024-07-02,0.90247,0.90495,0.90179,0.90388
2024-07-03,0.90388,0.90504,0.89852,0.90124
2024-07-04,0.90124,0.90394,0.89913,0.89968
2024-07-05,0.89968,0.90052,0.89489,0.89525
2024-07-08,0.89526,0.89769,0.89429,0.89762
2024-07-09,0.89762,0.89903,0.89645,0.8978
2024-07-10,0.8978,0.90009,0.89639,0.89957
2024-07-11,0.89957,0.89979,0.8914799999999999,0.89643
2024-07-12,0.89643,0.89704,0.89321,0.89438
2024-07-15,0.89354,0.89725,0.8934,0.89579
2024-07-16,0.89579,0.89789,0.8935,0.89361
2024-07-17,0.89361,0.8944799999999999,0.88271,0.88341
2024-07-18,0.88341,0.88786,0.88196,0.8876
2024-07-19,0.8876,0.88999,0.88551,0.8886999999999999
2024-07-22,0.8886999999999999,0.89022,0.88707,0.88955
2024-07-23,0.88955,0.8924,0.8880899999999999,0.89128
2024-07-24,0.89128,0.89212,0.88284,0.8851
2024-07-25,0.8851,0.8854,0.87766,0.88161
2024-07-26,0.88161,0.88445,0.87976,0.88354
2024-07-29,0.88217,0.88714,0.88201,0.88609
2024-07-30,0.88609,0.88753,0.88253,0.8825999999999999
2024-07-31,0.8825999999999999,0.88311,0.87701,0.8779899999999999
2024-08-01,0.8779899999999999,0.87836,0.87259,0.87296
2024-08-02,0.87296,0.8734,0.85671,0.85682
2024-08-05,0.85682,0.85943,0.84323,0.85229
2024-08-06,0.85229,0.8571799999999999,0.85007,0.8513499999999999
2024-08-07,0.8513499999999999,0.86619,0.85054,0.86159
2024-08-08,0.86159,0.86738,0.85595,0.86656
2024-08-09,0.86656,0.86716,0.8632,0.86496
2024-08-12,0.86496,0.8711599999999999,0.86314,0.8651099999999999
2024-08-13,0.8651099999999999,0.86798,0.86366,0.86482
2024-08-14,0.86482,0.86608,0.8616199999999999,0.86517
2024-08-15,0.86517,0.87484,0.8641099999999999,0.87258
2024-08-16,0.87258,0.87278,0.86503,0.86508
2024-08-19,0.86508,0.86775,0.86153,0.86277
2024-08-20,0.86277,0.86307,0.85391,0.85397
2024-08-21,0.85397,0.85613,0.8495,0.85169
2024-08-22,0.85169,0.8533999999999999,0.8489099999999999,0.85214
2024-08-23,0.85214,0.85417,0.8469099999999999,0.84712
2024-08-26,0.84707,0.8485699999999999,0.84557,0.84721
2024-08-27,0.84721,0.84843,0.84088,0.84162
2024-08-28,0.84162,0.84518,0.84084,0.84217
2024-08-29,0.84217,0.84933,0.84,0.84725
2024-08-30,0.84725,0.85105,0.84567,0.84965
2024-09-02,0.84965,0.85371,0.84771,0.85111
2024-09-03,0.85111,0.8537399999999999,0.84776,0.85028
2024-09-04,0.85028,0.85185,0.84629,0.84647
2024-09-05,0.84647,0.84908,0.84334,0.84395
2024-09-06,0.84395,0.84756,0.83734,0.84279
2024-09-09,0.84279,0.84944,0.8412999999999999,0.8492999999999999
2024-09-10,0.8492999999999999,0.84986,0.84561,0.8469
2024-09-11,0.8469,0.85297,0.84215,0.85221
2024-09-12,0.85221,0.85495,0.85062,0.85108
2024-09-13,0.85108,0.85132,0.84434,0.8488
2024-09-16,0.8488,0.8488,0.8434,0.8447399999999999
2024-09-17,0.8446699999999999,0.84761,0.84288,0.84698
2024-09-18,0.84698,0.84792,0.83897,0.8460799999999999
2024-09-19,0.8460799999999999,0.8513999999999999,0.84482,0.8476699999999999
2024-09-20,0.8476699999999999,0.8516199999999999,0.8450599999999999,0.8492299999999999
2024-09-23,0.8498,0.85171,0.84554,0.84741
2024-09-24,0.84741,0.84892,0.843,0.84317
2024-09-25,0.84317,0.85063,0.8413999999999999,0.85027
2024-09-26,0.85027,0.85154,0.8452299999999999,0.8460799999999999
2024-09-27,0.8460799999999999,0.84922,0.8396,0.84014
2024-09-30,0.8399,0.8472999999999999,0.8399,0.8454499999999999
2024-10-01,0.8454499999999999,0.84814,0.84303,0.84643
2024-10-02,0.84643,0.8507,0.8447399999999999,0.8495699999999999
2024-10-03,0.8495699999999999,0.8542,0.84878,0.8525499999999999
2024-10-04,0.8525499999999999,0.86071,0.84992,0.85764
2024-10-07,0.85822,0.85971,0.85331,0.85352
2024-10-08,0.85352,0.85832,0.85292,0.85695
2024-10-09,0.85695,0.86097,0.8562299999999999,0.86056
2024-10-10,0.86056,0.86124,0.85539,0.85568
2024-10-11,0.85568,0.85837,0.85538,0.85681
2024-10-14,0.85681,0.8641,0.8559,0.86236
2024-10-15,0.86236,0.86361,0.86057,0.86187
2024-10-16,0.86187,0.86573,0.86097,0.86532
2024-10-17,0.86532,0.8669,0.86288,0.86588
2024-10-18,0.86588,0.86687,0.8640599999999999,0.86407
2024-10-21,0.86407,0.86634,0.86322,0.8660399999999999
2024-10-22,0.8660399999999999,0.8662,0.86444,0.86529
2024-10-23,0.86529,0.86852,0.86373,0.86632
2024-10-24,0.86632,0.86708,0.86498,0.86561
2024-10-25,0.86561,0.8673799999999999,0.86448,0.86636
2024-10-28,0.86771,0.86992,0.86459,0.86508
2024-10-29,0.86508,0.86976,0.86414,0.8671099999999999
2024-10-30,0.8671099999999999,0.8692799999999999,0.86532,0.8664999999999999
2024-10-31,0.8664999999999999,0.86652,0.86308,0.86308
2024-11-01,0.86308,0.8710399999999999,0.8623999999999999,0.86925
2024-11-04,0.86683,0.86802,0.8613999999999999,0.8639399999999999
2024-11-05,0.8639399999999999,0.86458,0.86152,0.86302
2024-11-06,0.86302,0.87725,0.86186,0.87645
2024-11-07,0.87645,0.87734,0.87086,0.8714799999999999
2024-11-08,0.8714799999999999,0.87681,0.87003,0.87512
2024-11-11,0.87439,0.88091,0.87439,0.87988
2024-11-12,0.87988,0.88354,0.8796499999999999,0.88144
2024-11-13,0.88144,0.88629,0.8794,0.88502
2024-11-14,0.88502,0.89168,0.88489,0.8900899999999999
2024-11-15,0.8900899999999999,0.89068,0.88583,0.8876999999999999
2024-11-18,0.8876999999999999,0.8886499999999999,0.88268,0.88268
2024-11-19,0.88268,0.88442,0.88001,0.88217
2024-11-20,0.88217,0.88616,0.8813,0.8840899999999999
2024-11-21,0.8840899999999999,0.88694,0.882,0.88656
2024-11-22,0.88656,0.89569,0.8850899999999999,0.89343
2024-11-25,0.89005,0.89161,0.8847499999999999,0.88615
2024-11-26,0.88615,0.8893599999999999,0.88412,0.88632
2024-11-27,0.88632,0.88666,0.87967,0.8809699999999999
2024-11-28,0.8809699999999999,0.8847499999999999,0.88022,0.88228
2024-11-29,0.88228,0.88281,0.87944,0.88035
2024-12-02,0.87991,0.88888,0.87974,0.8862599999999999
2024-12-03,0.8862599999999999,0.88877,0.8828699999999999,0.88608
2024-12-04,0.88608,0.88789,0.88256,0.88416
2024-12-05,0.88416,0.88523,0.8778199999999999,0.87832
2024-12-06,0.87832,0.8796499999999999,0.87267,0.8779899999999999
2024-12-09,0.87766,0.88035,0.87576,0.87859
2024-12-10,0.87859,0.88322,0.877,0.88147
2024-12-11,0.88147,0.88534,0.8809899999999999,0.88386
2024-12-12,0.88386,0.89269,0.88157,0.89201
2024-12-13,0.89201,0.89449,0.89059,0.89174
2024-12-16,0.89267,0.89479,0.88978,0.89418
2024-12-17,0.89418,0.8974099999999999,0.89138,0.89244
2024-12-18,0.89244,0.90198,0.89166,0.90098
2024-12-19,0.90098,0.90211,0.8950899999999999,0.8984599999999999
2024-12-20,0.8984599999999999,0.8991,0.89128,0.89257
2024-12-23,0.89257,0.90011,0.8909199999999999,0.89848
2024-12-24,0.89848,0.90116,0.89799,0.9004
2024-12-26,0.9004,0.90094,0.89837,0.89861
2024-12-27,0.89861,0.90269,0.8981,0.9011899999999999
2024-12-30,0.9011899999999999,0.9072899999999999,0.89984,0.90354
2024-12-31,0.90354,0.90798,0.90222,0.90774
2025-01-02,0.90774,0.91362,0.90383,0.91218
2025-01-03,0.91218,0.9124,0.9074099999999999,0.90755
2025-01-06,0.9079499999999999,0.91043,0.9007299999999999,0.90448
2025-01-07,0.90448,0.90971,0.90218,0.90938
2025-01-08,0.90938,0.91277,0.90865,0.91104
2025-01-09,0.91104,0.9129999999999999,0.90972,0.91188
2025-01-10,0.91188,0.91877,0.9111199999999999,0.91535
2025-01-13,0.91535,0.92003,0.91516,0.91643
2025-01-14,0.91643,0.9173,0.91209,0.9121699999999999
2025-01-15,0.9121699999999999,0.9144599999999999,0.90775,0.9124
2025-01-16,0.9124,0.9135599999999999,0.90989,0.9106
2025-01-17,0.9106,0.9152899999999999,0.90954,0.91398
2025-01-20,0.91398,0.91514,0.90544,0.9065
2025-01-21,0.9065,0.9113899999999999,0.90496,0.9049699999999999
2025-01-22,0.9049699999999999,0.90745,0.90318,0.90652
2025-01-23,0.90652,0.9107799999999999,0.90559,0.9071
2025-01-24,0.9071,0.90761,0.9026299999999999,0.90455
2025-01-27,0.90525,0.90723,0.89643,0.90125
2025-01-28,0.90125,0.90698,0.90091,0.90359
2025-01-29,0.90359,0.90943,0.90308,0.90655
2025-01-30,0.90655,0.91028,0.90571,0.90953
2025-01-31,0.90953,0.91149,0.90705,0.91093
2025-02-03,0.91498,0.91958,0.90921,0.90928
2025-02-04,0.90928,0.91305,0.9044599999999999,0.90493
2025-02-05,0.90493,0.90586,0.9000699999999999,0.90166
2025-02-06,0.90166,0.90611,0.90071,0.9047499999999999
2025-02-07,0.9047499999999999,0.91053,0.90347,0.90886
2025-02-10,0.91023,0.91215,0.9093,0.9111899999999999
2025-02-11,0.9111899999999999,0.91398,0.9095,0.91313
2025-02-12,0.91313,0.91548,0.91018,0.9134599999999999
2025-02-13,0.9134599999999999,0.9139499999999999,0.9027,0.9028999999999999
2025-02-14,0.9028999999999999,0.90482,0.89711,0.89871
2025-02-17,0.89871,0.90172,0.89756,0.9006299999999999
2025-02-18,0.9006299999999999,0.90405,0.8994599999999999,0.90321
2025-02-19,0.90321,0.9054,0.90176,0.90437
2025-02-20,0.90437,0.9045799999999999,0.8975,0.8977999999999999
2025-02-21,0.8977999999999999,0.9004099999999999,0.89655,0.89674
2025-02-24,0.8961,0.8997499999999999,0.89528,0.8968999999999999
2025-02-25,0.8968999999999999,0.89772,0.89111,0.89283
2025-02-26,0.89283,0.89637,0.89147,0.89462
2025-02-27,0.89462,0.90047,0.8931899999999999,0.89955
2025-02-28,0.89955,0.90354,0.89817,0.90208
2025-03-03,0.90186,0.90304,0.89595,0.8966299999999999
2025-03-04,0.8966299999999999,0.8970899999999999,0.88707,0.8893099999999999
2025-03-05,0.8893099999999999,0.89137,0.88549,0.8905799999999999
2025-03-06,0.8905799999999999,0.8924799999999999,0.88244,0.88352
2025-03-07,0.88352,0.88394,0.87661,0.87944
2025-03-10,0.87944,0.8820899999999999,0.87571,0.8806499999999999
2025-03-11,0.8806499999999999,0.88349,0.87719,0.88245
2025-03-12,0.88245,0.88513,0.87951,0.88155
2025-03-13,0.88155,0.88539,0.88025,0.88156
2025-03-14,0.88156,0.8863,0.88095,0.88417
2025-03-17,0.88417,0.8852,0.87968,0.88072
2025-03-18,0.88072,0.88179,0.8758199999999999,0.87591
2025-03-19,0.87591,0.88086,0.87584,0.87727
2025-03-20,0.87727,0.8841899999999999,0.8754799999999999,0.88106
2025-03-21,0.88106,0.88393,0.87956,0.8821
2025-03-24,0.88233,0.88451,0.87985,0.8824799999999999
2025-03-25,0.8824799999999999,0.88479,0.8799399999999999,0.8824
2025-03-26,0.8824,0.8849699999999999,0.88156,0.88364
2025-03-27,0.88364,0.8847999999999999,0.88029,0.88088
2025-03-28,0.88088,0.88337,0.87978,0.8798
2025-03-31,0.87735,0.88545,0.87735,0.88406
2025-04-01,0.88406,0.88432,0.88161,0.88349
2025-04-02,0.88349,0.88478,0.8810899999999999,0.8811
2025-04-03,0.8811,0.88261,0.8546,0.85902
2025-04-04,0.85902,0.86248,0.84756,0.85958
2025-04-07,0.8548899999999999,0.86729,0.84497,0.85971
2025-04-08,0.85971,0.86057,0.8454499999999999,0.84678
2025-04-09,0.84678,0.85824,0.83582,0.85621
2025-04-10,0.85621,0.85763,0.82302,0.82356
2025-04-11,0.82356,0.82565,0.8098299999999999,0.81402
2025-04-14,0.81783,0.82675,0.8117599999999999,0.8136
2025-04-15,0.8136,0.8238599999999999,0.81313,0.8233699999999999
2025-04-16,0.8233699999999999,0.8233699999999999,0.81202,0.8130999999999999
2025-04-17,0.8130999999999999,0.82305,0.81156,0.81896
2025-04-18,0.81896,0.8195399999999999,0.81511,0.81548
2025-04-21,0.81548,0.81629,0.80384,0.80882
2025-04-22,0.80882,0.8190799999999999,0.80657,0.81869
2025-04-23,0.81869,0.83105,0.8173199999999999,0.8306399999999999
2025-04-24,0.8306399999999999,0.8306399999999999,0.82385,0.82679
2025-04-25,0.82679,0.83339,0.82527,0.8269799999999999
2025-04-28,0.82744,0.83179,0.81943,0.81943
2025-04-29,0.81943,0.82635,0.81905,0.82346
2025-04-30,0.82346,0.82721,0.82129,0.82589
2025-05-01,0.82589,0.83324,0.8247099999999999,0.82911
2025-05-02,0.82911,0.83177,0.82048,0.82587
2025-05-05,0.82587,0.82741,0.82133,0.82197
2025-05-06,0.82197,0.82646,0.82099,0.82173
2025-05-07,0.82173,0.82714,0.81848,0.82344
2025-05-08,0.82344,0.83316,0.8222499999999999,0.83163
2025-05-09,0.83163,0.8340299999999999,0.8268,0.83084
2025-05-12,0.83407,0.84755,0.83299,0.8453499999999999
2025-05-13,0.8453499999999999,0.8456199999999999,0.83863,0.83866
2025-05-14,0.83866,0.84349,0.8322999999999999,0.84146
2025-05-15,0.84146,0.84178,0.83453,0.8349099999999999
2025-05-16,0.8349099999999999,0.84002,0.83258,0.8369099999999999
2025-05-19,0.8369099999999999,0.8369099999999999,0.83172,0.83438
2025-05-20,0.83438,0.83619,0.82814,0.82816
2025-05-21,0.82816,0.82848,0.82085,0.82501
2025-05-22,0.82501,0.8306,0.82333,0.82845
2025-05-23,0.82845,0.8291499999999999,0.82034,0.82055
2025-05-26,0.8197099999999999,0.82322,0.81914,0.82087
2025-05-27,0.82087,0.82794,0.81869,0.8270299999999999
2025-05-28,0.8270299999999999,0.8290299999999999,0.8244199999999999,0.82601
2025-05-29,0.82601,0.8346899999999999,0.8217099999999999,0.8228099999999999
2025-05-30,0.8228099999999999,0.82482,0.8198,0.8219
2025-06-02,0.8219,0.8230299999999999,0.81558,0.81655
2025-06-03,0.81655,0.82465,0.8157599999999999,0.8238099999999999
2025-06-04,0.8238099999999999,0.82497,0.81695,0.81814
2025-06-05,0.81814,0.8214,0.8170999999999999,0.8193699999999999
2025-06-06,0.8193699999999999,0.82474,0.81813,0.8216399999999999
2025-06-09,0.82112,0.8224899999999999,0.81914,0.82152
2025-06-10,0.82152,0.8240799999999999,0.82028,0.82255
2025-06-11,0.82255,0.82339,0.81839,0.82011
2025-06-12,0.82011,0.8201999999999999,0.81012,0.81012
2025-06-13,0.81012,0.81474,0.80545,0.81042
2025-06-16,0.81042,0.81463,0.80881,0.81317
2025-06-17,0.81317,0.8170999999999999,0.81195,0.8163199999999999
2025-06-18,0.8163199999999999,0.81984,0.8140999999999999,0.81741
2025-06-19,0.81741,0.8214699999999999,0.8155,0.8164199999999999
2025-06-20,0.8164199999999999,0.8182499999999999,0.81495,0.8172499999999999
2025-06-23,0.81629,0.8194,0.81143,0.81246
2025-06-24,0.81246,0.81302,0.80336,0.80513
2025-06-25,0.80513,0.80797,0.80387,0.80429
2025-06-26,0.80429,0.80484,0.79775,0.79962
2025-06-27,0.79962,0.8017,0.79565,0.79808
2025-06-30,0.79818,0.79937,0.79286,0.79299
2025-07-01,0.79306,0.79435,0.78719,0.79099
2025-07-02,0.79099,0.79414,0.7894,0.79161
2025-07-03,0.79161,0.79867,0.79005,0.79409
2025-07-04,0.79409,0.79554,0.79217,0.7934
2025-07-07,0.7934,0.79911,0.79218,0.79828
2025-07-08,0.79828,0.79947,0.79532,0.79559
2025-07-09,0.79559,0.79792,0.79394,0.79416
2025-07-10,0.79416,0.79874,0.79193,0.7967
2025-07-11,0.7967,0.79818,0.79537,0.79597
2025-07-14,0.79698,0.79846,0.7955,0.7978999999999999
2025-07-15,0.7978999999999999,0.80246,0.79533,0.80023
2025-07-16,0.80023,0.8061,0.79459,0.79983
2025-07-17,0.79983,0.8063899999999999,0.79929,0.80376
2025-07-18,0.80376,0.8043899999999999,0.79847,0.80116
2025-07-21,0.80116,0.80223,0.79653,0.79764
2025-07-22,0.79764,0.7991699999999999,0.79184,0.79184
2025-07-23,0.79184,0.79493,0.79108,0.79222
2025-07-24,0.79222,0.79606,0.79106,0.79504
2025-07-25,0.79504,0.7979499999999999,0.79422,0.79432
2025-07-28,0.79532,0.8037299999999999,0.79418,0.80319
2025-07-29,0.80319,0.80792,0.8017,0.80575
2025-07-30,0.80575,0.81508,0.80379,0.81477
2025-07-31,0.81477,0.81495,0.81115,0.81225
2025-08-01,0.81225,0.81712,0.80258,0.80331
2025-08-04,0.80331,0.80965,0.80191,0.80776
2025-08-05,0.80776,0.81178,0.80637,0.80715
2025-08-06,0.80715,0.8094,0.80484,0.80575
2025-08-07,0.80575,0.80893,0.80425,0.8063899999999999
2025-08-08,0.8063899999999999,0.80885,0.80543,0.80759
2025-08-11,0.80759,0.8132,0.80609,0.81235
2025-08-12,0.81235,0.81264,0.80615,0.8061699999999999
2025-08-13,0.8061699999999999,0.80713,0.80219,0.80497
2025-08-14,0.80497,0.80924,0.80314,0.80736
2025-08-15,0.80736,0.80795,0.80454,0.80609
2025-08-18,0.80609,0.80809,0.80485,0.80729
2025-08-19,0.80729,0.80853,0.80472,0.80752
2025-08-20,0.80752,0.8092699999999999,0.8031,0.80383
2025-08-21,0.80383,0.8090499999999999,0.80257,0.8087
2025-08-22,0.8087,0.8103899999999999,0.8,0.80082
2025-08-25,0.7998,0.80712,0.79937,0.80598
2025-08-26,0.80598,0.80721,0.80255,0.80304
2025-08-27,0.80304,0.80763,0.8015,0.80197
2025-08-28,0.80197,0.80304,0.79937,0.80135
2025-08-29,0.80135,0.80349,0.79853,0.80035
2025-09-01,0.80035,0.80172,0.79859,0.8002
2025-09-02,0.8002,0.80607,0.7998,0.80449
2025-09-03,0.80449,0.80679,0.80271,0.8041
2025-09-04,0.8041,0.8072,0.80243,0.80555
2025-09-05,0.80555,0.80579,0.79559,0.79777
2025-09-08,0.7977299999999999,0.79957,0.79275,0.79311
2025-09-09,0.79311,0.7979499999999999,0.79153,0.79666
2025-09-10,0.79666,0.79948,0.79555,0.7991699999999999
2025-09-11,0.7991699999999999,0.80071,0.79478,0.7957299999999999
2025-09-12,0.7957299999999999,0.79866,0.79441,0.79575
2025-09-15,0.79575,0.79727,0.79361,0.79455
2025-09-16,0.79455,0.79481,0.78555,0.78588
2025-09-17,0.78588,0.78933,0.78287,0.78872
2025-09-18,0.78872,0.79375,0.78716,0.7921199999999999
2025-09-19,0.7921199999999999,0.79661,0.7902,0.79504
2025-09-22,0.79504,0.79728,0.79221,0.79232
2025-09-23,0.79232,0.79335,0.79093,0.79099
2025-09-24,0.79099,0.79574,0.79052,0.79471
2025-09-25,0.79471,0.8013899999999999,0.79377,0.79945
2025-09-26,0.79945,0.80072,0.79731,0.7974
2025-09-29,0.7974,0.79874,0.79516,0.79723
2025-09-30,0.79723,0.79857,0.79389,0.79506
2025-10-01,0.79506,0.79902,0.79284,0.7969499999999999
2025-10-02,0.7969499999999999,0.80002,0.7951,0.79724
2025-10-03,0.79724,0.798,0.79436,0.79456
2025-10-06,0.79635,0.79938,0.79457,0.79457
2025-10-07,0.79457,0.79916,0.79388,0.7977
2025-10-08,0.7977,0.80291,0.79621,0.8016099999999999
2025-10-09,0.8016099999999999,0.80759,0.80027,0.80621
2025-10-10,0.80621,0.80679,0.79797,0.79862
2025-10-13,0.80001,0.80577,0.79998,0.80318
2025-10-14,0.80318,0.8049999999999999,0.80024,0.80092
2025-10-15,0.80092,0.80157,0.79564,0.79658
2025-10-16,0.79658,0.79848,0.79232,0.7925099999999999
2025-10-17,0.7925099999999999,0.79363,0.78726,0.79309
2025-10-20,0.79309,0.79433,0.79057,0.7922399999999999
2025-10-21,0.7922399999999999,0.79644,0.791,0.7961
2025-10-22,0.7961,0.79736,0.79481,0.79555
2025-10-23,0.79555,0.7987,0.7946799999999999,0.79489
2025-10-24,0.79489,0.79682,0.79305,0.79513
2025-10-27,0.7963,0.79731,0.7945099999999999,0.79535
2025-10-28,0.79535,0.79672,0.79247,0.79288
2025-10-29,0.79288,0.8019999999999999,0.79253,0.79926
2025-10-30,0.79926,0.80371,0.79752,0.80138
2025-10-31,0.80138,0.80516,0.80068,0.80405
2025-11-03,0.80405,0.80915,0.8036,0.80695
2025-11-04,0.80695,0.81084,0.80671,0.81004
2025-11-05,0.81004,0.81242,0.8079,0.80993
2025-11-06,0.80993,0.81041,0.8059999999999999,0.8062
2025-11-07,0.8062,0.8084399999999999,0.80318,0.80431
2025-11-10,0.80431,0.8072199999999999,0.80431,0.80446
2025-11-11,0.80446,0.80615,0.79858,0.80025
2025-11-12,0.80025,0.80114,0.79672,0.79777
2025-11-13,0.79777,0.7994,0.79083,0.79257
2025-11-14,0.79257,0.7948,0.78778,0.79293
2025-11-17,0.79293,0.79658,0.79287,0.79583
2025-11-18,0.79583,0.80007,0.79375,0.79966
2025-11-19,0.79966,0.8067,0.79796,0.8055
2025-11-20,0.8055,0.80774,0.80471,0.80551
2025-11-21,0.80551,0.80985,0.80354,0.8079
2025-11-24,0.80655,0.81015,0.80603,0.80809
2025-11-25,0.80809,0.8102,0.80574,0.80648
2025-11-26,0.80648,0.80834,0.80387,0.80425
2025-11-27,0.80425,0.80624,0.80262,0.8046
2025-11-28,0.8046,0.80712,0.80262,0.80312
2025-12-01,0.8037299999999999,0.80489,0.79961,0.80446
2025-12-02,0.80446,0.8053,0.80248,0.80248
2025-12-03,0.80248,0.80308,0.7991699999999999,0.7992
2025-12-04,0.7992,0.80397,0.79894,0.80314
2025-12-05,0.80314,0.80552,0.80187,0.80412
2025-12-08,0.80412,0.80854,0.80279,0.80672
2025-12-09,0.80672,0.80824,0.80497,0.80618
2025-12-10,0.80618,0.80657,0.79922,0.79986
2025-12-11,0.79986,0.80013,0.79241,0.79523
2025-12-12,0.79523,0.79649,0.79365,0.7955599999999999
2025-12-15,0.79396,0.79737,0.79381,0.79604
2025-12-16,0.79604,0.79708,0.79257,0.79444
2025-12-17,0.79444,0.79875,0.7935099999999999,0.79475
2025-12-18,0.79475,0.79659,0.7925,0.79392
2025-12-19,0.79392,0.79623,0.79361,0.79527
2025-12-22,0.79527,0.79586,0.79148,0.79148
2025-12-23,0.79148,0.79171,0.7866299999999999,0.78733
2025-12-24,0.78733,0.7896799999999999,0.78612,0.78806
2025-12-26,0.78806,0.79032,0.78748,0.78898
2025-12-29,0.78898,0.79158,0.7873,0.78892
2025-12-30,0.78892,0.7924,0.7876,0.79152
2025-12-31,0.79152,0.79423,0.79089,0.79315
2026-01-02,0.79315,0.79411,0.7900699999999999,0.79184
2026-01-05,0.79184,0.79676,0.79016,0.7913
2026-01-06,0.7913,0.79594,0.7906,0.7955599999999999
2026-01-07,0.7955599999999999,0.79789,0.7942,0.79769
2026-01-08,0.79769,0.79997,0.79657,0.79875
2026-01-09,0.79875,0.80175,0.79748,0.80072
2026-01-12,0.80072,0.80177,0.7955599999999999,0.79731
2026-01-13,0.79731,0.80158,0.7961199999999999,0.80083
2026-01-14,0.80083,0.8027299999999999,0.7983399999999999,0.79964
2026-01-15,0.79964,0.80408,0.79836,0.80286
2026-01-16,0.80286,0.80393,0.8006,0.80213
2026-01-19,0.80028,0.80201,0.79623,0.7972
2026-01-20,0.7972,0.79844,0.78776,0.78964
2026-01-21,0.78964,0.79684,0.78888,0.79526
2026-01-22,0.79526,0.79654,0.78876,0.78876
2026-01-23,0.78876,0.79144,0.77877,0.7800199999999999
2026-01-26,0.77476,0.77935,0.77305,0.77616
2026-01-27,0.77616,0.77838,0.76032,0.76069
2026-01-28,0.76069,0.7726999999999999,0.76013,0.76738
2026-01-29,0.76738,0.77059,0.76395,0.76412
2026-01-30,0.76412,0.7732,0.76344,0.7725299999999999
2026-02-02,0.77178,0.78174,0.77139,0.77953
2026-02-03,0.77953,0.7797999999999999,0.77381,0.77434
2026-02-04,0.77434,0.77756,0.77434,0.77724
2026-02-05,0.77724,0.7787,0.77418,0.77779
2026-02-06,0.77779,0.77862,0.77504,0.7753099999999999
2026-02-09,0.7753099999999999,0.77716,0.76535,0.76535
2026-02-10,0.76535,0.76879,0.7628699999999999,0.76723
2026-02-11,0.76723,0.773,0.7648,0.77061
2026-02-12,0.77061,0.77251,0.76667,0.76835
2026-02-13,0.76835,0.77179,0.76688,0.76721
2026-02-16,0.76721,0.77046,0.76629,0.76937
2026-02-17,0.76937,0.7739699999999999,0.76846,0.7693099999999999
2026-02-18,0.7693099999999999,0.7732,0.76886,0.77296
2026-02-19,0.77296,0.77627,0.77138,0.77472
2026-02-20,0.77472,0.77718,0.77301,0.7749199999999999
2026-02-23,0.7749199999999999,0.77681,0.77101,0.77452
2026-02-24,0.77452,0.7766,0.77302,0.77382
2026-02-25,0.77382,0.77577,0.77186,0.77221
2026-02-26,0.77221,0.77539,0.77103,0.77335
2026-02-27,0.77335,0.774,0.76712,0.7682
2026-03-02,0.7668,0.78133,0.7668,0.77874
2026-03-03,0.77874,0.7878499999999999,0.77774,0.78175
2026-03-04,0.78175,0.78352,0.77816,0.77816
2026-03-05,0.77816,0.78375,0.77788,0.78087
2026-03-06,0.78087,0.78274,0.775,0.77501
2026-03-09,0.77881,0.78255,0.77689,0.77694
2026-03-10,0.77694,0.77929,0.77479,0.77788
2026-03-11,0.77788,0.78085,0.77648,0.7799
2026-03-12,0.7799,0.78633,0.77865,0.78591
2026-03-13,0.78591,0.7916799999999999,0.7847,0.79081
2026-03-16,0.79081,0.79228,0.78647,0.78647
2026-03-17,0.78647,0.79002,0.78404,0.78404
2026-03-18,0.78404,0.79359,0.78372,0.79314
2026-03-19,0.79314,0.79581,0.7857,0.78815
2026-03-20,0.78815,0.79054,0.78551,0.78727
2026-03-23,0.78727,0.79398,0.78342,0.78625
2026-03-24,0.78625,0.7924599999999999,0.78555,0.78817
2026-03-25,0.78817,0.79245,0.78697,0.7908499999999999
2026-03-26,0.7908499999999999,0.79591,0.79056,0.79454
2026-03-27,0.79454,0.79933,0.79344,0.79818
2026-03-30,0.79818,0.80127,0.79716,0.7982899999999999
2026-03-31,0.79829,0.80424,0.7979,0.79894
2026-04-01,0.79894,0.79934,0.79045,0.79366
2026-04-02,0.79366,0.80085,0.79275,0.79875
2026-04-03,0.79875,0.80311,0.79724,0.7994
2026-04-06,0.7994,0.80182,0.7961,0.7972
2026-04-07,0.7972,0.80109,0.79665,0.797
2026-04-08,0.797,0.79809,0.78691,0.79028