time,open,high,low,close
1971-01-04,2.3938,2.3938,2.3938,2.3938
1971-01-05,2.3949,2.3949,2.3949,2.3949
1971-01-06,2.3967,2.3967,2.3967,2.3967
1971-01-07,2.3963,2.3963,2.3963,2.3963
1971-01-08,2.3972,2.3972,2.3972,2.3972
1971-01-11,2.3992,2.3992,2.3992,2.3992
1971-01-12,2.4001,2.4001,2.4001,2.4001
1971-01-13,2.4021,2.4021,2.4021,2.4021
1971-01-14,2.4071,2.4071,2.4071,2.4071
1971-01-15,2.4057,2.4057,2.4057,2.4057
1971-01-18,2.4052,2.4052,2.4052,2.4052
1971-01-19,2.4081,2.4081,2.4081,2.4081
1971-01-20,2.408,2.408,2.408,2.408
1971-01-21,2.4092,2.4092,2.4092,2.4092
1971-01-22,2.4103,2.4103,2.4103,2.4103
1971-01-25,2.4147,2.4147,2.4147,2.4147
1971-01-26,2.416,2.416,2.416,2.416
1971-01-27,2.4161,2.4161,2.4161,2.4161
1971-01-28,2.4169,2.4169,2.4169,2.4169
1971-01-29,2.4174,2.4174,2.4174,2.4174
1971-02-01,2.4184,2.4184,2.4184,2.4184
1971-02-02,2.4181,2.4181,2.4181,2.4181
1971-02-03,2.4184,2.4184,2.4184,2.4184
1971-02-04,2.4167,2.4167,2.4167,2.4167
1971-02-05,2.4147,2.4147,2.4147,2.4147
1971-02-08,2.4182,2.4182,2.4182,2.4182
1971-02-09,2.4151,2.4151,2.4151,2.4151
1971-02-10,2.4159,2.4159,2.4159,2.4159
1971-02-11,2.4158,2.4158,2.4158,2.4158
1971-02-16,2.4193,2.4193,2.4193,2.4193
1971-02-17,2.4193,2.4193,2.4193,2.4193
1971-02-18,2.4191,2.4191,2.4191,2.4191
1971-02-19,2.419,2.419,2.419,2.419
1971-02-22,2.4192,2.4192,2.4192,2.4192
1971-02-23,2.4193,2.4193,2.4193,2.4193
1971-02-24,2.4193,2.4193,2.4193,2.4193
1971-02-25,2.4177,2.4177,2.4177,2.4177
1971-02-26,2.416,2.416,2.416,2.416
1971-03-01,2.4162,2.4162,2.4162,2.4162
1971-03-02,2.4184,2.4184,2.4184,2.4184
1971-03-03,2.4193,2.4193,2.4193,2.4193
1971-03-04,2.4179,2.4179,2.4179,2.4179
1971-03-05,2.4183,2.4183,2.4183,2.4183
1971-03-08,2.4192,2.4192,2.4192,2.4192
1971-03-09,2.4188,2.4188,2.4188,2.4188
1971-03-10,2.4192,2.4192,2.4192,2.4192
1971-03-11,2.4188,2.4188,2.4188,2.4188
1971-03-12,2.4193,2.4193,2.4193,2.4193
1971-03-15,2.4193,2.4193,2.4193,2.4193
1971-03-16,2.4183,2.4183,2.4183,2.4183
1971-03-17,2.4194,2.4194,2.4194,2.4194
1971-03-18,2.419,2.419,2.419,2.419
1971-03-19,2.419,2.419,2.419,2.419
1971-03-22,2.4193,2.4193,2.4193,2.4193
1971-03-23,2.4193,2.4193,2.4193,2.4193
1971-03-24,2.4194,2.4194,2.4194,2.4194
1971-03-25,2.4185,2.4185,2.4185,2.4185
1971-03-26,2.4188,2.4188,2.4188,2.4188
1971-03-29,2.4194,2.4194,2.4194,2.4194
1971-03-30,2.4181,2.4181,2.4181,2.4181
1971-03-31,2.4168,2.4168,2.4168,2.4168
1971-04-01,2.4147,2.4147,2.4147,2.4147
1971-04-02,2.4125,2.4125,2.4125,2.4125
1971-04-05,2.4161,2.4161,2.4161,2.4161
1971-04-06,2.4189,2.4189,2.4189,2.4189
1971-04-07,2.417,2.417,2.417,2.417
1971-04-08,2.4167,2.4167,2.4167,2.4167
1971-04-09,2.4167,2.4167,2.4167,2.4167
1971-04-12,2.4169,2.4169,2.4169,2.4169
1971-04-13,2.4167,2.4167,2.4167,2.4167
1971-04-14,2.418,2.418,2.418,2.418
1971-04-15,2.4187,2.4187,2.4187,2.4187
1971-04-16,2.4186,2.4186,2.4186,2.4186
1971-04-19,2.4193,2.4193,2.4193,2.4193
1971-04-20,2.4193,2.4193,2.4193,2.4193
1971-04-21,2.4196,2.4196,2.4196,2.4196
1971-04-22,2.4187,2.4187,2.4187,2.4187
1971-04-23,2.4189,2.4189,2.4189,2.4189
1971-04-26,2.4188,2.4188,2.4188,2.4188
1971-04-27,2.419,2.419,2.419,2.419
1971-04-28,2.4195,2.4195,2.4195,2.4195
1971-04-29,2.4192,2.4192,2.4192,2.4192
1971-04-30,2.4193,2.4193,2.4193,2.4193
1971-05-03,2.4189,2.4189,2.4189,2.4189
1971-05-04,2.4185,2.4185,2.4185,2.4185
1971-05-05,2.4194,2.4194,2.4194,2.4194
1971-05-06,2.4185,2.4185,2.4185,2.4185
1971-05-07,2.4188,2.4188,2.4188,2.4188
1971-05-10,2.4173,2.4173,2.4173,2.4173
1971-05-11,2.417,2.417,2.417,2.417
1971-05-12,2.4183,2.4183,2.4183,2.4183
1971-05-13,2.4183,2.4183,2.4183,2.4183
1971-05-14,2.4186,2.4186,2.4186,2.4186
1971-05-17,2.4193,2.4193,2.4193,2.4193
1971-05-18,2.419,2.419,2.419,2.419
1971-05-19,2.4194,2.4194,2.4194,2.4194
1971-05-20,2.4193,2.4193,2.4193,2.4193
1971-05-21,2.4194,2.4194,2.4194,2.4194
1971-05-24,2.4194,2.4194,2.4194,2.4194
1971-05-25,2.419,2.419,2.419,2.419
1971-05-26,2.4194,2.4194,2.4194,2.4194
1971-05-27,2.4187,2.4187,2.4187,2.4187
1971-05-28,2.4178,2.4178,2.4178,2.4178
1971-06-01,2.4162,2.4162,2.4162,2.4162
1971-06-02,2.417,2.417,2.417,2.417
1971-06-03,2.4188,2.4188,2.4188,2.4188
1971-06-04,2.419,2.419,2.419,2.419
1971-06-07,2.4192,2.4192,2.4192,2.4192
1971-06-08,2.4188,2.4188,2.4188,2.4188
1971-06-09,2.4194,2.4194,2.4194,2.4194
1971-06-10,2.4193,2.4193,2.4193,2.4193
1971-06-11,2.4194,2.4194,2.4194,2.4194
1971-06-14,2.4186,2.4186,2.4186,2.4186
1971-06-15,2.4187,2.4187,2.4187,2.4187
1971-06-16,2.4193,2.4193,2.4193,2.4193
1971-06-17,2.4189,2.4189,2.4189,2.4189
1971-06-18,2.4191,2.4191,2.4191,2.4191
1971-06-21,2.4191,2.4191,2.4191,2.4191
1971-06-22,2.419,2.419,2.419,2.419
1971-06-23,2.4195,2.4195,2.4195,2.4195
1971-06-24,2.4191,2.4191,2.4191,2.4191
1971-06-25,2.4191,2.4191,2.4191,2.4191
1971-06-28,2.4185,2.4185,2.4185,2.4185
1971-06-29,2.419,2.419,2.419,2.419
1971-06-30,2.4196,2.4196,2.4196,2.4196
1971-07-01,2.419,2.419,2.419,2.419
1971-07-02,2.419,2.419,2.419,2.419
1971-07-06,2.4181,2.4181,2.4181,2.4181
1971-07-07,2.4187,2.4187,2.4187,2.4187
1971-07-08,2.4185,2.4185,2.4185,2.4185
1971-07-09,2.4183,2.4183,2.4183,2.4183
1971-07-12,2.4182,2.4182,2.4182,2.4182
1971-07-13,2.418,2.418,2.418,2.418
1971-07-14,2.4187,2.4187,2.4187,2.4187
1971-07-15,2.4187,2.4187,2.4187,2.4187
1971-07-16,2.4189,2.4189,2.4189,2.4189
1971-07-19,2.4183,2.4183,2.4183,2.4183
1971-07-20,2.4182,2.4182,2.4182,2.4182
1971-07-21,2.4191,2.4191,2.4191,2.4191
1971-07-22,2.4188,2.4188,2.4188,2.4188
1971-07-23,2.419,2.419,2.419,2.419
1971-07-26,2.418,2.418,2.418,2.418
1971-07-27,2.4178,2.4178,2.4178,2.4178
1971-07-28,2.4185,2.4185,2.4185,2.4185
1971-07-29,2.4184,2.4184,2.4184,2.4184
1971-07-30,2.4184,2.4184,2.4184,2.4184
1971-08-02,2.4175,2.4175,2.4175,2.4175
1971-08-03,2.417,2.417,2.417,2.417
1971-08-04,2.4193,2.4193,2.4193,2.4193
1971-08-05,2.4183,2.4183,2.4183,2.4183
1971-08-06,2.4185,2.4185,2.4185,2.4185
1971-08-09,2.4192,2.4192,2.4192,2.4192
1971-08-10,2.4187,2.4187,2.4187,2.4187
1971-08-11,2.4197,2.4197,2.4197,2.4197
1971-08-12,2.4196,2.4196,2.4196,2.4196
1971-08-13,2.4195,2.4195,2.4195,2.4195
1971-08-23,2.435,2.435,2.435,2.435
1971-08-24,2.4447,2.4447,2.4447,2.4447
1971-08-25,2.4589,2.4589,2.4589,2.4589
1971-08-26,2.4723,2.4723,2.4723,2.4723
1971-08-27,2.4693,2.4693,2.4693,2.4693
1971-08-30,2.4677,2.4677,2.4677,2.4677
1971-08-31,2.4535,2.4535,2.4535,2.4535
1971-09-01,2.4541,2.4541,2.4541,2.4541
1971-09-02,2.4576,2.4576,2.4576,2.4576
1971-09-03,2.459,2.459,2.459,2.459
1971-09-07,2.4583,2.4583,2.4583,2.4583
1971-09-08,2.4584,2.4584,2.4584,2.4584
1971-09-09,2.4587,2.4587,2.4587,2.4587
1971-09-10,2.4592,2.4592,2.4592,2.4592
1971-09-13,2.4602,2.4602,2.4602,2.4602
1971-09-14,2.467,2.467,2.467,2.467
1971-09-15,2.4709,2.4709,2.4709,2.4709
1971-09-16,2.471,2.471,2.471,2.471
1971-09-17,2.472,2.472,2.472,2.472
1971-09-20,2.4743,2.4743,2.4743,2.4743
1971-09-21,2.4733,2.4733,2.4733,2.4733
1971-09-22,2.474,2.474,2.474,2.474
1971-09-23,2.4805,2.4805,2.4805,2.4805
1971-09-24,2.4825,2.4825,2.4825,2.4825
1971-09-27,2.4803,2.4803,2.4803,2.4803
1971-09-28,2.4782,2.4782,2.4782,2.4782
1971-09-29,2.4838,2.4838,2.4838,2.4838
1971-09-30,2.4847,2.4847,2.4847,2.4847
1971-10-01,2.4892,2.4892,2.4892,2.4892
1971-10-04,2.4889,2.4889,2.4889,2.4889
1971-10-05,2.4894,2.4894,2.4894,2.4894
1971-10-06,2.4882,2.4882,2.4882,2.4882
1971-10-07,2.4894,2.4894,2.4894,2.4894
1971-10-08,2.4802,2.4802,2.4802,2.4802
1971-10-12,2.4895,2.4895,2.4895,2.4895
1971-10-13,2.4891,2.4891,2.4891,2.4891
1971-10-14,2.4806,2.4806,2.4806,2.4806
1971-10-15,2.4889,2.4889,2.4889,2.4889
1971-10-18,2.4894,2.4894,2.4894,2.4894
1971-10-19,2.4893,2.4893,2.4893,2.4893
1971-10-20,2.4912,2.4912,2.4912,2.4912
1971-10-21,2.4921,2.4921,2.4921,2.4921
1971-10-22,2.4927,2.4927,2.4927,2.4927
1971-10-26,2.494,2.494,2.494,2.494
1971-10-27,2.4945,2.4945,2.4945,2.4945
1971-10-28,2.4938,2.4938,2.4938,2.4938
1971-10-29,2.4914,2.4914,2.4914,2.4914
1971-11-01,2.4927,2.4927,2.4927,2.4927
1971-11-03,2.493,2.493,2.493,2.493
1971-11-04,2.4928,2.4928,2.4928,2.4928
1971-11-05,2.4936,2.4936,2.4936,2.4936
1971-11-08,2.4931,2.4931,2.4931,2.4931
1971-11-09,2.4926,2.4926,2.4926,2.4926
1971-11-10,2.4925,2.4925,2.4925,2.4925
1971-11-11,2.4934,2.4934,2.4934,2.4934
1971-11-12,2.4937,2.4937,2.4937,2.4937
1971-11-15,2.493,2.493,2.493,2.493
1971-11-16,2.4929,2.4929,2.4929,2.4929
1971-11-17,2.4938,2.4938,2.4938,2.4938
1971-11-18,2.4935,2.4935,2.4935,2.4935
1971-11-19,2.4938,2.4938,2.4938,2.4938
1971-11-22,2.4937,2.4937,2.4937,2.4937
1971-11-23,2.4939,2.4939,2.4939,2.4939
1971-11-24,2.4935,2.4935,2.4935,2.4935
1971-11-26,2.4937,2.4937,2.4937,2.4937
1971-11-29,2.4938,2.4938,2.4938,2.4938
1971-11-30,2.4937,2.4937,2.4937,2.4937
1971-12-01,2.4939,2.4939,2.4939,2.4939
1971-12-02,2.493,2.493,2.493,2.493
1971-12-03,2.4985,2.4985,2.4985,2.4985
1971-12-06,2.4978,2.4978,2.4978,2.4978
1971-12-07,2.5011,2.5011,2.5011,2.5011
1971-12-08,2.5079,2.5079,2.5079,2.5079
1971-12-09,2.5175,2.5175,2.5175,2.5175
1971-12-10,2.5182,2.5182,2.5182,2.5182
1971-12-13,2.519,2.519,2.519,2.519
1971-12-14,2.5189,2.5189,2.5189,2.5189
1971-12-15,2.5192,2.5192,2.5192,2.5192
1971-12-16,2.5197,2.5197,2.5197,2.5197
1971-12-17,2.5292,2.5292,2.5292,2.5292
1971-12-21,2.5537,2.5537,2.5537,2.5537
1971-12-22,2.5538,2.5538,2.5538,2.5538
1971-12-23,2.5485,2.5485,2.5485,2.5485
1971-12-24,2.5477,2.5477,2.5477,2.5477
1971-12-27,2.5482,2.5482,2.5482,2.5482
1971-12-28,2.5473,2.5473,2.5473,2.5473
1971-12-29,2.5474,2.5474,2.5474,2.5474
1971-12-30,2.5536,2.5536,2.5536,2.5536
1971-12-31,2.552,2.552,2.552,2.552
1972-01-03,2.552,2.552,2.552,2.552
1972-01-04,2.5505,2.5505,2.5505,2.5505
1972-01-05,2.551,2.551,2.551,2.551
1972-01-06,2.5502,2.5502,2.5502,2.5502
1972-01-07,2.5502,2.5502,2.5502,2.5502
1972-01-10,2.5498,2.5498,2.5498,2.5498
1972-01-11,2.549,2.549,2.549,2.549
1972-01-12,2.5504,2.5504,2.5504,2.5504
1972-01-13,2.5541,2.5541,2.5541,2.5541
1972-01-14,2.572,2.572,2.572,2.572
1972-01-17,2.585,2.585,2.585,2.585
1972-01-18,2.58,2.58,2.58,2.58
1972-01-19,2.5801,2.5801,2.5801,2.5801
1972-01-20,2.5815,2.5815,2.5815,2.5815
1972-01-21,2.5824,2.5824,2.5824,2.5824
1972-01-24,2.5873,2.5873,2.5873,2.5873
1972-01-25,2.5903,2.5903,2.5903,2.5903
1972-01-26,2.5894,2.5894,2.5894,2.5894
1972-01-27,2.5903,2.5903,2.5903,2.5903
1972-01-28,2.5914,2.5914,2.5914,2.5914
1972-01-31,2.5937,2.5937,2.5937,2.5937
1972-02-01,2.5998,2.5998,2.5998,2.5998
1972-02-02,2.6067,2.6067,2.6067,2.6067
1972-02-03,2.6046,2.6046,2.6046,2.6046
1972-02-04,2.6,2.6,2.6,2.6
1972-02-07,2.6029,2.6029,2.6029,2.6029
1972-02-08,2.6037,2.6037,2.6037,2.6037
1972-02-09,2.605,2.605,2.605,2.605
1972-02-10,2.6059,2.6059,2.6059,2.6059
1972-02-11,2.6055,2.6055,2.6055,2.6055
1972-02-14,2.5952,2.5952,2.5952,2.5952
1972-02-15,2.5937,2.5937,2.5937,2.5937
1972-02-16,2.6045,2.6045,2.6045,2.6045
1972-02-17,2.605,2.605,2.605,2.605
1972-02-18,2.6055,2.6055,2.6055,2.6055
1972-02-22,2.605,2.605,2.605,2.605
1972-02-23,2.6062,2.6062,2.6062,2.6062
1972-02-24,2.607,2.607,2.607,2.607
1972-02-25,2.6054,2.6054,2.6054,2.6054
1972-02-28,2.6057,2.6057,2.6057,2.6057
1972-02-29,2.6059,2.6059,2.6059,2.6059
1972-03-01,2.6058,2.6058,2.6058,2.6058
1972-03-02,2.6058,2.6058,2.6058,2.6058
1972-03-03,2.6077,2.6077,2.6077,2.6077
1972-03-06,2.6112,2.6112,2.6112,2.6112
1972-03-07,2.6213,2.6213,2.6213,2.6213
1972-03-08,2.6257,2.6257,2.6257,2.6257
1972-03-09,2.644,2.644,2.644,2.644
1972-03-10,2.6409,2.6409,2.6409,2.6409
1972-03-13,2.6387,2.6387,2.6387,2.6387
1972-03-14,2.629,2.629,2.629,2.629
1972-03-15,2.621,2.621,2.621,2.621
1972-03-16,2.62,2.62,2.62,2.62
1972-03-17,2.61,2.61,2.61,2.61
1972-03-20,2.6105,2.6105,2.6105,2.6105
1972-03-21,2.6175,2.6175,2.6175,2.6175
1972-03-22,2.6168,2.6168,2.6168,2.6168
1972-03-23,2.6096,2.6096,2.6096,2.6096
1972-03-24,2.6065,2.6065,2.6065,2.6065
1972-03-27,2.6107,2.6107,2.6107,2.6107
1972-03-28,2.615,2.615,2.615,2.615
1972-03-29,2.616,2.616,2.616,2.616
1972-03-30,2.6152,2.6152,2.6152,2.6152
1972-03-31,2.6163,2.6163,2.6163,2.6163
1972-04-03,2.616,2.616,2.616,2.616
1972-04-04,2.6128,2.6128,2.6128,2.6128
1972-04-05,2.612,2.612,2.612,2.612
1972-04-06,2.6093,2.6093,2.6093,2.6093
1972-04-07,2.6088,2.6088,2.6088,2.6088
1972-04-10,2.6082,2.6082,2.6082,2.6082
1972-04-11,2.6115,2.6115,2.6115,2.6115
1972-04-12,2.6125,2.6125,2.6125,2.6125
1972-04-13,2.6102,2.6102,2.6102,2.6102
1972-04-14,2.6086,2.6086,2.6086,2.6086
1972-04-17,2.6082,2.6082,2.6082,2.6082
1972-04-18,2.6068,2.6068,2.6068,2.6068
1972-04-19,2.6068,2.6068,2.6068,2.6068
1972-04-20,2.6093,2.6093,2.6093,2.6093
1972-04-21,2.6084,2.6084,2.6084,2.6084
1972-04-24,2.6099,2.6099,2.6099,2.6099
1972-04-25,2.6111,2.6111,2.6111,2.6111
1972-04-26,2.611,2.611,2.611,2.611
1972-04-27,2.6116,2.6116,2.6116,2.6116
1972-04-28,2.611,2.611,2.611,2.611
1972-05-01,2.611,2.611,2.611,2.611
1972-05-02,2.6108,2.6108,2.6108,2.6108
1972-05-03,2.6115,2.6115,2.6115,2.6115
1972-05-04,2.6112,2.6112,2.6112,2.6112
1972-05-05,2.6105,2.6105,2.6105,2.6105
1972-05-08,2.6107,2.6107,2.6107,2.6107
1972-05-09,2.6139,2.6139,2.6139,2.6139
1972-05-10,2.6152,2.6152,2.6152,2.6152
1972-05-11,2.6128,2.6128,2.6128,2.6128
1972-05-12,2.613,2.613,2.613,2.613
1972-05-15,2.6122,2.6122,2.6122,2.6122
1972-05-16,2.6113,2.6113,2.6113,2.6113
1972-05-17,2.6136,2.6136,2.6136,2.6136
1972-05-18,2.6135,2.6135,2.6135,2.6135
1972-05-19,2.6132,2.6132,2.6132,2.6132
1972-05-22,2.6133,2.6133,2.6133,2.6133
1972-05-23,2.6128,2.6128,2.6128,2.6128
1972-05-24,2.6133,2.6133,2.6133,2.6133
1972-05-25,2.6116,2.6116,2.6116,2.6116
1972-05-26,2.6126,2.6126,2.6126,2.6126
1972-05-30,2.6125,2.6125,2.6125,2.6125
1972-05-31,2.613,2.613,2.613,2.613
1972-06-01,2.6125,2.6125,2.6125,2.6125
1972-06-02,2.6117,2.6117,2.6117,2.6117
1972-06-05,2.6114,2.6114,2.6114,2.6114
1972-06-06,2.6109,2.6109,2.6109,2.6109
1972-06-07,2.6115,2.6115,2.6115,2.6115
1972-06-08,2.6112,2.6112,2.6112,2.6112
1972-06-09,2.6112,2.6112,2.6112,2.6112
1972-06-12,2.607,2.607,2.607,2.607
1972-06-13,2.6076,2.6076,2.6076,2.6076
1972-06-14,2.608,2.608,2.608,2.608
1972-06-15,2.6008,2.6008,2.6008,2.6008
1972-06-16,2.5913,2.5913,2.5913,2.5913
1972-06-19,2.591,2.591,2.591,2.591
1972-06-20,2.585,2.585,2.585,2.585
1972-06-21,2.576,2.576,2.576,2.576
1972-06-22,2.572,2.572,2.572,2.572
1972-06-23,2.5,2.5,2.5,2.5
1972-06-26,2.5195,2.5195,2.5195,2.5195
1972-06-27,2.4925,2.4925,2.4925,2.4925
1972-06-28,2.485,2.485,2.485,2.485
1972-06-29,2.4635,2.4635,2.4635,2.4635
1972-06-30,2.441,2.441,2.441,2.441
1972-07-03,2.421,2.421,2.421,2.421
1972-07-05,2.446,2.446,2.446,2.446
1972-07-06,2.4355,2.4355,2.4355,2.4355
1972-07-07,2.4385,2.4385,2.4385,2.4385
1972-07-10,2.442,2.442,2.442,2.442
1972-07-11,2.441,2.441,2.441,2.441
1972-07-12,2.4455,2.4455,2.4455,2.4455
1972-07-13,2.4537,2.4537,2.4537,2.4537
1972-07-14,2.4465,2.4465,2.4465,2.4465
1972-07-17,2.4445,2.4445,2.4445,2.4445
1972-07-18,2.4445,2.4445,2.4445,2.4445
1972-07-19,2.4455,2.4455,2.4455,2.4455
1972-07-20,2.447,2.447,2.447,2.447
1972-07-21,2.4505,2.4505,2.4505,2.4505
1972-07-24,2.4458,2.4458,2.4458,2.4458
1972-07-25,2.4482,2.4482,2.4482,2.4482
1972-07-26,2.4483,2.4483,2.4483,2.4483
1972-07-27,2.4505,2.4505,2.4505,2.4505
1972-07-28,2.449,2.449,2.449,2.449
1972-07-31,2.4498,2.4498,2.4498,2.4498
1972-08-01,2.4485,2.4485,2.4485,2.4485
1972-08-02,2.4505,2.4505,2.4505,2.4505
1972-08-03,2.4497,2.4497,2.4497,2.4497
1972-08-04,2.4505,2.4505,2.4505,2.4505
1972-08-07,2.4505,2.4505,2.4505,2.4505
1972-08-08,2.4527,2.4527,2.4527,2.4527
1972-08-09,2.454,2.454,2.454,2.454
1972-08-10,2.4525,2.4525,2.4525,2.4525
1972-08-11,2.4522,2.4522,2.4522,2.4522
1972-08-14,2.4523,2.4523,2.4523,2.4523
1972-08-15,2.4534,2.4534,2.4534,2.4534
1972-08-16,2.4542,2.4542,2.4542,2.4542
1972-08-17,2.4523,2.4523,2.4523,2.4523
1972-08-18,2.4509,2.4509,2.4509,2.4509
1972-08-21,2.4498,2.4498,2.4498,2.4498
1972-08-22,2.4461,2.4461,2.4461,2.4461
1972-08-23,2.4476,2.4476,2.4476,2.4476
1972-08-24,2.446,2.446,2.446,2.446
1972-08-25,2.4465,2.4465,2.4465,2.4465
1972-08-28,2.4464,2.4464,2.4464,2.4464
1972-08-29,2.4497,2.4497,2.4497,2.4497
1972-08-30,2.4509,2.4509,2.4509,2.4509
1972-08-31,2.4483,2.4483,2.4483,2.4483
1972-09-01,2.4489,2.4489,2.4489,2.4489
1972-09-05,2.4485,2.4485,2.4485,2.4485
1972-09-06,2.4496,2.4496,2.4496,2.4496
1972-09-07,2.4485,2.4485,2.4485,2.4485
1972-09-08,2.4467,2.4467,2.4467,2.4467
1972-09-11,2.4464,2.4464,2.4464,2.4464
1972-09-12,2.4461,2.4461,2.4461,2.4461
1972-09-13,2.4472,2.4472,2.4472,2.4472
1972-09-14,2.4476,2.4476,2.4476,2.4476
1972-09-15,2.447,2.447,2.447,2.447
1972-09-18,2.4465,2.4465,2.4465,2.4465
1972-09-19,2.4429,2.4429,2.4429,2.4429
1972-09-20,2.444,2.444,2.444,2.444
1972-09-21,2.4432,2.4432,2.4432,2.4432
1972-09-22,2.434,2.434,2.434,2.434
1972-09-25,2.4329,2.4329,2.4329,2.4329
1972-09-26,2.4307,2.4307,2.4307,2.4307
1972-09-27,2.4284,2.4284,2.4284,2.4284
1972-09-28,2.4223,2.4223,2.4223,2.4223
1972-09-29,2.4195,2.4195,2.4195,2.4195
1972-10-02,2.4242,2.4242,2.4242,2.4242
1972-10-03,2.4231,2.4231,2.4231,2.4231
1972-10-04,2.424,2.424,2.424,2.424
1972-10-05,2.4232,2.4232,2.4232,2.4232
1972-10-06,2.4217,2.4217,2.4217,2.4217
1972-10-10,2.4191,2.4191,2.4191,2.4191
1972-10-11,2.4204,2.4204,2.4204,2.4204
1972-10-12,2.4185,2.4185,2.4185,2.4185
1972-10-13,2.4179,2.4179,2.4179,2.4179
1972-10-16,2.4055,2.4055,2.4055,2.4055
1972-10-17,2.4074,2.4074,2.4074,2.4074
1972-10-18,2.408,2.408,2.408,2.408
1972-10-19,2.3925,2.3925,2.3925,2.3925
1972-10-20,2.3926,2.3926,2.3926,2.3926
1972-10-24,2.3755,2.3755,2.3755,2.3755
1972-10-25,2.361,2.361,2.361,2.361
1972-10-26,2.344,2.344,2.344,2.344
1972-10-27,2.346,2.346,2.346,2.346
1972-10-30,2.33,2.33,2.33,2.33
1972-10-31,2.3405,2.3405,2.3405,2.3405
1972-11-01,2.3565,2.3565,2.3565,2.3565
1972-11-02,2.3532,2.3532,2.3532,2.3532
1972-11-03,2.345,2.345,2.345,2.345
1972-11-06,2.3565,2.3565,2.3565,2.3565
1972-11-08,2.351,2.351,2.351,2.351
1972-11-09,2.3447,2.3447,2.3447,2.3447
1972-11-10,2.348,2.348,2.348,2.348
1972-11-13,2.349,2.349,2.349,2.349
1972-11-14,2.3504,2.3504,2.3504,2.3504
1972-11-15,2.3554,2.3554,2.3554,2.3554
1972-11-16,2.3595,2.3595,2.3595,2.3595
1972-11-17,2.3504,2.3504,2.3504,2.3504
1972-11-20,2.351,2.351,2.351,2.351
1972-11-21,2.3518,2.3518,2.3518,2.3518
1972-11-22,2.3509,2.3509,2.3509,2.3509
1972-11-24,2.3498,2.3498,2.3498,2.3498
1972-11-27,2.3506,2.3506,2.3506,2.3506
1972-11-28,2.3519,2.3519,2.3519,2.3519
1972-11-29,2.3528,2.3528,2.3528,2.3528
1972-11-30,2.3522,2.3522,2.3522,2.3522
1972-12-01,2.3474,2.3474,2.3474,2.3474
1972-12-04,2.3478,2.3478,2.3478,2.3478
1972-12-05,2.3446,2.3446,2.3446,2.3446
1972-12-06,2.3443,2.3443,2.3443,2.3443
1972-12-07,2.3405,2.3405,2.3405,2.3405
1972-12-08,2.3432,2.3432,2.3432,2.3432
1972-12-11,2.338,2.338,2.338,2.338
1972-12-12,2.3381,2.3381,2.3381,2.3381
1972-12-13,2.34,2.34,2.34,2.34
1972-12-14,2.3415,2.3415,2.3415,2.3415
1972-12-15,2.347,2.347,2.347,2.347
1972-12-18,2.3478,2.3478,2.3478,2.3478
1972-12-19,2.3438,2.3438,2.3438,2.3438
1972-12-20,2.3462,2.3462,2.3462,2.3462
1972-12-21,2.3447,2.3447,2.3447,2.3447
1972-12-22,2.3475,2.3475,2.3475,2.3475
1972-12-26,2.3486,2.3486,2.3486,2.3486
1972-12-27,2.3504,2.3504,2.3504,2.3504
1972-12-28,2.3476,2.3476,2.3476,2.3476
1972-12-29,2.348,2.348,2.348,2.348
1973-01-02,2.3472,2.3472,2.3472,2.3472
1973-01-03,2.3487,2.3487,2.3487,2.3487
1973-01-04,2.3503,2.3503,2.3503,2.3503
1973-01-05,2.3517,2.3517,2.3517,2.3517
1973-01-08,2.351,2.351,2.351,2.351
1973-01-09,2.3514,2.3514,2.3514,2.3514
1973-01-10,2.3525,2.3525,2.3525,2.3525
1973-01-11,2.3513,2.3513,2.3513,2.3513
1973-01-12,2.3518,2.3518,2.3518,2.3518
1973-01-15,2.3509,2.3509,2.3509,2.3509
1973-01-16,2.3509,2.3509,2.3509,2.3509
1973-01-17,2.3527,2.3527,2.3527,2.3527
1973-01-18,2.3531,2.3531,2.3531,2.3531
1973-01-19,2.3525,2.3525,2.3525,2.3525
1973-01-22,2.3535,2.3535,2.3535,2.3535
1973-01-23,2.3553,2.3553,2.3553,2.3553
1973-01-24,2.3595,2.3595,2.3595,2.3595
1973-01-25,2.3605,2.3605,2.3605,2.3605
1973-01-26,2.361,2.361,2.361,2.361
1973-01-29,2.371,2.371,2.371,2.371
1973-01-30,2.379,2.379,2.379,2.379
1973-01-31,2.3817,2.3817,2.3817,2.3817
1973-02-01,2.3871,2.3871,2.3871,2.3871
1973-02-02,2.364,2.364,2.364,2.364
1973-02-05,2.3808,2.3808,2.3808,2.3808
1973-02-06,2.379,2.379,2.379,2.379
1973-02-07,2.383,2.383,2.383,2.383
1973-02-08,2.3828,2.3828,2.3828,2.3828
1973-02-09,2.3818,2.3818,2.3818,2.3818
1973-02-13,2.44,2.44,2.44,2.44
1973-02-14,2.47,2.47,2.47,2.47
1973-02-15,2.45,2.45,2.45,2.45
1973-02-16,2.4331,2.4331,2.4331,2.4331
1973-02-20,2.4385,2.4385,2.4385,2.4385
1973-02-21,2.442,2.442,2.442,2.442
1973-02-22,2.461,2.461,2.461,2.461
1973-02-23,2.474,2.474,2.474,2.474
1973-02-26,2.465,2.465,2.465,2.465
1973-02-27,2.468,2.468,2.468,2.468
1973-02-28,2.49,2.49,2.49,2.49
1973-03-01,2.5,2.5,2.5,2.5
1973-03-02,2.5,2.5,2.5,2.5
1973-03-05,2.447,2.447,2.447,2.447
1973-03-06,2.462,2.462,2.462,2.462
1973-03-07,2.472,2.472,2.472,2.472
1973-03-08,2.473,2.473,2.473,2.473
1973-03-09,2.4705,2.4705,2.4705,2.4705
1973-03-12,2.47,2.47,2.47,2.47
1973-03-13,2.4685,2.4685,2.4685,2.4685
1973-03-14,2.464,2.464,2.464,2.464
1973-03-15,2.464,2.464,2.464,2.464
1973-03-16,2.457,2.457,2.457,2.457
1973-03-19,2.46,2.46,2.46,2.46
1973-03-20,2.4665,2.4665,2.4665,2.4665
1973-03-21,2.4737,2.4737,2.4737,2.4737
1973-03-22,2.474,2.474,2.474,2.474
1973-03-23,2.4737,2.4737,2.4737,2.4737
1973-03-26,2.4767,2.4767,2.4767,2.4767
1973-03-27,2.4814,2.4814,2.4814,2.4814
1973-03-28,2.4814,2.4814,2.4814,2.4814
1973-03-29,2.482,2.482,2.482,2.482
1973-03-30,2.4755,2.4755,2.4755,2.4755
1973-04-02,2.4776,2.4776,2.4776,2.4776
1973-04-03,2.4762,2.4762,2.4762,2.4762
1973-04-04,2.4814,2.4814,2.4814,2.4814
1973-04-05,2.4825,2.4825,2.4825,2.4825
1973-04-06,2.483,2.483,2.483,2.483
1973-04-09,2.4837,2.4837,2.4837,2.4837
1973-04-10,2.4867,2.4867,2.4867,2.4867
1973-04-11,2.4878,2.4878,2.4878,2.4878
1973-04-12,2.4834,2.4834,2.4834,2.4834
1973-04-13,2.4805,2.4805,2.4805,2.4805
1973-04-16,2.4822,2.4822,2.4822,2.4822
1973-04-17,2.4845,2.4845,2.4845,2.4845
1973-04-18,2.4823,2.4823,2.4823,2.4823
1973-04-19,2.4837,2.4837,2.4837,2.4837
1973-04-20,2.4848,2.4848,2.4848,2.4848
1973-04-23,2.4845,2.4845,2.4845,2.4845
1973-04-24,2.4836,2.4836,2.4836,2.4836
1973-04-25,2.488,2.488,2.488,2.488
1973-04-26,2.4863,2.4863,2.4863,2.4863
1973-04-27,2.4867,2.4867,2.4867,2.4867
1973-04-30,2.489,2.489,2.489,2.489
1973-05-01,2.4883,2.4883,2.4883,2.4883
1973-05-02,2.4935,2.4935,2.4935,2.4935
1973-05-03,2.4893,2.4893,2.4893,2.4893
1973-05-04,2.4896,2.4896,2.4896,2.4896
1973-05-07,2.4913,2.4913,2.4913,2.4913
1973-05-08,2.4984,2.4984,2.4984,2.4984
1973-05-09,2.5044,2.5044,2.5044,2.5044
1973-05-10,2.5055,2.5055,2.5055,2.5055
1973-05-11,2.511,2.511,2.511,2.511
1973-05-14,2.539,2.539,2.539,2.539
1973-05-15,2.564,2.564,2.564,2.564
1973-05-16,2.5435,2.5435,2.5435,2.5435
1973-05-17,2.547,2.547,2.547,2.547
1973-05-18,2.5505,2.5505,2.5505,2.5505
1973-05-21,2.5695,2.5695,2.5695,2.5695
1973-05-22,2.5605,2.5605,2.5605,2.5605
1973-05-23,2.5555,2.5555,2.5555,2.5555
1973-05-24,2.546,2.546,2.546,2.546
1973-05-25,2.5395,2.5395,2.5395,2.5395
1973-05-29,2.556,2.556,2.556,2.556
1973-05-30,2.5645,2.5645,2.5645,2.5645
1973-05-31,2.5661,2.5661,2.5661,2.5661
1973-06-01,2.573,2.573,2.573,2.573
1973-06-04,2.583,2.583,2.583,2.583
1973-06-05,2.58,2.58,2.58,2.58
1973-06-06,2.57,2.57,2.57,2.57
1973-06-07,2.573,2.573,2.573,2.573
1973-06-08,2.574,2.574,2.574,2.574
1973-06-11,2.5725,2.5725,2.5725,2.5725
1973-06-12,2.5742,2.5742,2.5742,2.5742
1973-06-13,2.573,2.573,2.573,2.573
1973-06-14,2.577,2.577,2.577,2.577
1973-06-15,2.58,2.58,2.58,2.58
1973-06-18,2.581,2.581,2.581,2.581
1973-06-19,2.571,2.571,2.571,2.571
1973-06-20,2.574,2.574,2.574,2.574
1973-06-21,2.573,2.573,2.573,2.573
1973-06-22,2.574,2.574,2.574,2.574
1973-06-25,2.575,2.575,2.575,2.575
1973-06-26,2.577,2.577,2.577,2.577
1973-06-27,2.5805,2.5805,2.5805,2.5805
1973-06-28,2.583,2.583,2.583,2.583
1973-06-29,2.581,2.581,2.581,2.581
1973-07-02,2.5802,2.5802,2.5802,2.5802
1973-07-03,2.579,2.579,2.579,2.579
1973-07-05,2.5735,2.5735,2.5735,2.5735
1973-07-06,2.5575,2.5575,2.5575,2.5575
1973-07-09,2.558,2.558,2.558,2.558
1973-07-10,2.547,2.547,2.547,2.547
1973-07-11,2.547,2.547,2.547,2.547
1973-07-12,2.5443,2.5443,2.5443,2.5443
1973-07-13,2.542,2.542,2.542,2.542
1973-07-16,2.5465,2.5465,2.5465,2.5465
1973-07-17,2.544,2.544,2.544,2.544
1973-07-18,2.5445,2.5445,2.5445,2.5445
1973-07-19,2.5335,2.5335,2.5335,2.5335
1973-07-20,2.5395,2.5395,2.5395,2.5395
1973-07-23,2.535,2.535,2.535,2.535
1973-07-24,2.5205,2.5205,2.5205,2.5205
1973-07-25,2.5035,2.5035,2.5035,2.5035
1973-07-26,2.485,2.485,2.485,2.485
1973-07-27,2.504,2.504,2.504,2.504
1973-07-30,2.5035,2.5035,2.5035,2.5035
1973-07-31,2.499,2.499,2.499,2.499
1973-08-01,2.517,2.517,2.517,2.517
1973-08-02,2.515,2.515,2.515,2.515
1973-08-03,2.5085,2.5085,2.5085,2.5085
1973-08-06,2.4925,2.4925,2.4925,2.4925
1973-08-07,2.497,2.497,2.497,2.497
1973-08-08,2.5,2.5,2.5,2.5
1973-08-09,2.481,2.481,2.481,2.481
1973-08-10,2.475,2.475,2.475,2.475
1973-08-13,2.475,2.475,2.475,2.475
1973-08-14,2.4695,2.4695,2.4695,2.4695
1973-08-15,2.462,2.462,2.462,2.462
1973-08-16,2.459,2.459,2.459,2.459
1973-08-17,2.4635,2.4635,2.4635,2.4635
1973-08-20,2.477,2.477,2.477,2.477
1973-08-21,2.469,2.469,2.469,2.469
1973-08-22,2.4655,2.4655,2.4655,2.4655
1973-08-23,2.457,2.457,2.457,2.457
1973-08-24,2.4585,2.4585,2.4585,2.4585
1973-08-27,2.461,2.461,2.461,2.461
1973-08-28,2.4575,2.4575,2.4575,2.4575
1973-08-29,2.465,2.465,2.465,2.465
1973-08-30,2.457,2.457,2.457,2.457
1973-08-31,2.458,2.458,2.458,2.458
1973-09-04,2.441,2.441,2.441,2.441
1973-09-05,2.422,2.422,2.422,2.422
1973-09-06,2.422,2.422,2.422,2.422
1973-09-07,2.4185,2.4185,2.4185,2.4185
1973-09-10,2.4125,2.4125,2.4125,2.4125
1973-09-11,2.4085,2.4085,2.4085,2.4085
1973-09-12,2.4065,2.4065,2.4065,2.4065
1973-09-13,2.4135,2.4135,2.4135,2.4135
1973-09-14,2.4115,2.4115,2.4115,2.4115
1973-09-17,2.411,2.411,2.411,2.411
1973-09-18,2.4165,2.4165,2.4165,2.4165
1973-09-19,2.418,2.418,2.418,2.418
1973-09-20,2.421,2.421,2.421,2.421
1973-09-21,2.424,2.424,2.424,2.424
1973-09-24,2.4225,2.4225,2.4225,2.4225
1973-09-25,2.4225,2.4225,2.4225,2.4225
1973-09-26,2.423,2.423,2.423,2.423
1973-09-27,2.4193,2.4193,2.4193,2.4193
1973-09-28,2.4135,2.4135,2.4135,2.4135
1973-10-01,2.4135,2.4135,2.4135,2.4135
1973-10-02,2.4115,2.4115,2.4115,2.4115
1973-10-03,2.4138,2.4138,2.4138,2.4138
1973-10-04,2.4128,2.4128,2.4128,2.4128
1973-10-05,2.413,2.413,2.413,2.413
1973-10-09,2.4118,2.4118,2.4118,2.4118
1973-10-10,2.4205,2.4205,2.4205,2.4205
1973-10-11,2.4255,2.4255,2.4255,2.4255
1973-10-12,2.426,2.426,2.426,2.426
1973-10-15,2.4325,2.4325,2.4325,2.4325
1973-10-16,2.438,2.438,2.438,2.438
1973-10-17,2.4525,2.4525,2.4525,2.4525
1973-10-18,2.4445,2.4445,2.4445,2.4445
1973-10-19,2.437,2.437,2.437,2.437
1973-10-23,2.4455,2.4455,2.4455,2.4455
1973-10-24,2.4425,2.4425,2.4425,2.4425
1973-10-25,2.442,2.442,2.442,2.442
1973-10-26,2.4355,2.4355,2.4355,2.4355
1973-10-29,2.4235,2.4235,2.4235,2.4235
1973-10-30,2.4325,2.4325,2.4325,2.4325
1973-10-31,2.4385,2.4385,2.4385,2.4385
1973-11-01,2.4345,2.4345,2.4345,2.4345
1973-11-02,2.4345,2.4345,2.4345,2.4345
1973-11-05,2.43,2.43,2.43,2.43
1973-11-07,2.4225,2.4225,2.4225,2.4225
1973-11-08,2.4187,2.4187,2.4187,2.4187
1973-11-09,2.4015,2.4015,2.4015,2.4015
1973-11-12,2.388,2.388,2.388,2.388
1973-11-13,2.3925,2.3925,2.3925,2.3925
1973-11-14,2.397,2.397,2.397,2.397
1973-11-15,2.397,2.397,2.397,2.397
1973-11-16,2.3855,2.3855,2.3855,2.3855
1973-11-19,2.39,2.39,2.39,2.39
1973-11-20,2.391,2.391,2.391,2.391
1973-11-21,2.3915,2.3915,2.3915,2.3915
1973-11-23,2.346,2.346,2.346,2.346
1973-11-26,2.343,2.343,2.343,2.343
1973-11-27,2.3575,2.3575,2.3575,2.3575
1973-11-28,2.336,2.336,2.336,2.336
1973-11-29,2.34,2.34,2.34,2.34
1973-11-30,2.343,2.343,2.343,2.343
1973-12-03,2.34,2.34,2.34,2.34
1973-12-04,2.3345,2.3345,2.3345,2.3345
1973-12-05,2.3375,2.3375,2.3375,2.3375
1973-12-06,2.337,2.337,2.337,2.337
1973-12-07,2.326,2.326,2.326,2.326
1973-12-10,2.3125,2.3125,2.3125,2.3125
1973-12-11,2.3065,2.3065,2.3065,2.3065
1973-12-12,2.3125,2.3125,2.3125,2.3125
1973-12-13,2.3165,2.3165,2.3165,2.3165
1973-12-14,2.31,2.31,2.31,2.31
1973-12-17,2.307,2.307,2.307,2.307
1973-12-18,2.3085,2.3085,2.3085,2.3085
1973-12-19,2.31,2.31,2.31,2.31
1973-12-20,2.308,2.308,2.308,2.308
1973-12-21,2.3075,2.3075,2.3075,2.3075
1973-12-24,2.3105,2.3105,2.3105,2.3105
1973-12-26,2.3095,2.3095,2.3095,2.3095
1973-12-27,2.313,2.313,2.313,2.313
1973-12-28,2.318,2.318,2.318,2.318
1973-12-31,2.3225,2.3225,2.3225,2.3225
1974-01-02,2.3045,2.3045,2.3045,2.3045
1974-01-03,2.2855,2.2855,2.2855,2.2855
1974-01-04,2.276,2.276,2.276,2.276
1974-01-07,2.2265,2.2265,2.2265,2.2265
1974-01-08,2.2295,2.2295,2.2295,2.2295
1974-01-09,2.241,2.241,2.241,2.241
1974-01-10,2.2375,2.2375,2.2375,2.2375
1974-01-11,2.2485,2.2485,2.2485,2.2485
1974-01-14,2.231,2.231,2.231,2.231
1974-01-15,2.191,2.191,2.191,2.191
1974-01-16,2.1775,2.1775,2.1775,2.1775
1974-01-17,2.18,2.18,2.18,2.18
1974-01-18,2.186,2.186,2.186,2.186
1974-01-21,2.1735,2.1735,2.1735,2.1735
1974-01-22,2.182,2.182,2.182,2.182
1974-01-23,2.185,2.185,2.185,2.185
1974-01-24,2.2015,2.2015,2.2015,2.2015
1974-01-25,2.204,2.204,2.204,2.204
1974-01-28,2.206,2.206,2.206,2.206
1974-01-29,2.22,2.22,2.22,2.22
1974-01-30,2.255,2.255,2.255,2.255
1974-01-31,2.286,2.286,2.286,2.286
1974-02-01,2.2765,2.2765,2.2765,2.2765
1974-02-04,2.2635,2.2635,2.2635,2.2635
1974-02-05,2.248,2.248,2.248,2.248
1974-02-06,2.2335,2.2335,2.2335,2.2335
1974-02-07,2.2425,2.2425,2.2425,2.2425
1974-02-08,2.2385,2.2385,2.2385,2.2385
1974-02-11,2.2425,2.2425,2.2425,2.2425
1974-02-13,2.2665,2.2665,2.2665,2.2665
1974-02-14,2.2735,2.2735,2.2735,2.2735
1974-02-15,2.278,2.278,2.278,2.278
1974-02-19,2.282,2.282,2.282,2.282
1974-02-20,2.2875,2.2875,2.2875,2.2875
1974-02-21,2.295,2.295,2.295,2.295
1974-02-22,2.3155,2.3155,2.3155,2.3155
1974-02-25,2.292,2.292,2.292,2.292
1974-02-26,2.311,2.311,2.311,2.311
1974-02-27,2.3005,2.3005,2.3005,2.3005
1974-02-28,2.3015,2.3015,2.3015,2.3015
1974-03-01,2.286,2.286,2.286,2.286
1974-03-04,2.2795,2.2795,2.2795,2.2795
1974-03-05,2.324,2.324,2.324,2.324
1974-03-06,2.33,2.33,2.33,2.33
1974-03-07,2.3225,2.3225,2.3225,2.3225
1974-03-08,2.322,2.322,2.322,2.322
1974-03-11,2.322,2.322,2.322,2.322
1974-03-12,2.327,2.327,2.327,2.327
1974-03-13,2.348,2.348,2.348,2.348
1974-03-14,2.3455,2.3455,2.3455,2.3455
1974-03-15,2.334,2.334,2.334,2.334
1974-03-18,2.3295,2.3295,2.3295,2.3295
1974-03-19,2.331,2.331,2.331,2.331
1974-03-20,2.345,2.345,2.345,2.345
1974-03-21,2.36,2.36,2.36,2.36
1974-03-22,2.341,2.341,2.341,2.341
1974-03-25,2.3665,2.3665,2.3665,2.3665
1974-03-26,2.37,2.37,2.37,2.37
1974-03-27,2.375,2.375,2.375,2.375
1974-03-28,2.402,2.402,2.402,2.402
1974-03-29,2.393,2.393,2.393,2.393
1974-04-01,2.396,2.396,2.396,2.396
1974-04-02,2.397,2.397,2.397,2.397
1974-04-03,2.3985,2.3985,2.3985,2.3985
1974-04-04,2.3925,2.3925,2.3925,2.3925
1974-04-05,2.393,2.393,2.393,2.393
1974-04-08,2.3935,2.3935,2.3935,2.3935
1974-04-09,2.383,2.383,2.383,2.383
1974-04-10,2.3555,2.3555,2.3555,2.3555
1974-04-11,2.3615,2.3615,2.3615,2.3615
1974-04-12,2.364,2.364,2.364,2.364
1974-04-15,2.3635,2.3635,2.3635,2.3635
1974-04-16,2.357,2.357,2.357,2.357
1974-04-17,2.368,2.368,2.368,2.368
1974-04-18,2.372,2.372,2.372,2.372
1974-04-19,2.3845,2.3845,2.3845,2.3845
1974-04-22,2.39,2.39,2.39,2.39
1974-04-23,2.402,2.402,2.402,2.402
1974-04-24,2.409,2.409,2.409,2.409
1974-04-25,2.403,2.403,2.403,2.403
1974-04-26,2.41,2.41,2.41,2.41
1974-04-29,2.432,2.432,2.432,2.432
1974-04-30,2.424,2.424,2.424,2.424
1974-05-01,2.4185,2.4185,2.4185,2.4185
1974-05-02,2.419,2.419,2.419,2.419
1974-05-03,2.418,2.418,2.418,2.418
1974-05-06,2.435,2.435,2.435,2.435
1974-05-07,2.4155,2.4155,2.4155,2.4155
1974-05-08,2.43,2.43,2.43,2.43
1974-05-09,2.4305,2.4305,2.4305,2.4305
1974-05-10,2.43,2.43,2.43,2.43
1974-05-13,2.429,2.429,2.429,2.429
1974-05-14,2.4185,2.4185,2.4185,2.4185
1974-05-15,2.4245,2.4245,2.4245,2.4245
1974-05-16,2.4125,2.4125,2.4125,2.4125
1974-05-17,2.41,2.41,2.41,2.41
1974-05-20,2.405,2.405,2.405,2.405
1974-05-21,2.406,2.406,2.406,2.406
1974-05-22,2.4145,2.4145,2.4145,2.4145
1974-05-23,2.4115,2.4115,2.4115,2.4115
1974-05-24,2.401,2.401,2.401,2.401
1974-05-28,2.393,2.393,2.393,2.393
1974-05-29,2.391,2.391,2.391,2.391
1974-05-30,2.392,2.392,2.392,2.392
1974-05-31,2.396,2.396,2.396,2.396
1974-06-03,2.398,2.398,2.398,2.398
1974-06-04,2.401,2.401,2.401,2.401
1974-06-05,2.408,2.408,2.408,2.408
1974-06-06,2.4075,2.4075,2.4075,2.4075
1974-06-07,2.4025,2.4025,2.4025,2.4025
1974-06-10,2.4,2.4,2.4,2.4
1974-06-11,2.395,2.395,2.395,2.395
1974-06-12,2.3945,2.3945,2.3945,2.3945
1974-06-13,2.3905,2.3905,2.3905,2.3905
1974-06-14,2.3925,2.3925,2.3925,2.3925
1974-06-17,2.3895,2.3895,2.3895,2.3895
1974-06-18,2.3875,2.3875,2.3875,2.3875
1974-06-19,2.39,2.39,2.39,2.39
1974-06-20,2.386,2.386,2.386,2.386
1974-06-21,2.377,2.377,2.377,2.377
1974-06-24,2.3555,2.3555,2.3555,2.3555
1974-06-25,2.3705,2.3705,2.3705,2.3705
1974-06-26,2.3785,2.3785,2.3785,2.3785
1974-06-27,2.389,2.389,2.389,2.389
1974-06-28,2.3905,2.3905,2.3905,2.3905
1974-07-01,2.386,2.386,2.386,2.386
1974-07-02,2.398,2.398,2.398,2.398
1974-07-03,2.397,2.397,2.397,2.397
1974-07-05,2.388,2.388,2.388,2.388
1974-07-08,2.388,2.388,2.388,2.388
1974-07-09,2.3875,2.3875,2.3875,2.3875
1974-07-10,2.388,2.388,2.388,2.388
1974-07-11,2.3825,2.3825,2.3825,2.3825
1974-07-12,2.386,2.386,2.386,2.386
1974-07-15,2.3875,2.3875,2.3875,2.3875
1974-07-16,2.386,2.386,2.386,2.386
1974-07-17,2.39,2.39,2.39,2.39
1974-07-18,2.3925,2.3925,2.3925,2.3925
1974-07-19,2.3928,2.3928,2.3928,2.3928
1974-07-22,2.3915,2.3915,2.3915,2.3915
1974-07-23,2.39,2.39,2.39,2.39
1974-07-24,2.394,2.394,2.394,2.394
1974-07-25,2.3905,2.3905,2.3905,2.3905
1974-07-26,2.3923,2.3923,2.3923,2.3923
1974-07-29,2.393,2.393,2.393,2.393
1974-07-30,2.3825,2.3825,2.3825,2.3825
1974-07-31,2.387,2.387,2.387,2.387
1974-08-01,2.383,2.383,2.383,2.383
1974-08-02,2.3845,2.3845,2.3845,2.3845
1974-08-05,2.384,2.384,2.384,2.384
1974-08-06,2.38,2.38,2.38,2.38
1974-08-07,2.3762,2.3762,2.3762,2.3762
1974-08-08,2.3645,2.3645,2.3645,2.3645
1974-08-09,2.373,2.373,2.373,2.373
1974-08-12,2.3695,2.3695,2.3695,2.3695
1974-08-13,2.3585,2.3585,2.3585,2.3585
1974-08-14,2.3565,2.3565,2.3565,2.3565
1974-08-15,2.3447,2.3447,2.3447,2.3447
1974-08-16,2.3385,2.3385,2.3385,2.3385
1974-08-19,2.3245,2.3245,2.3245,2.3245
1974-08-20,2.32,2.32,2.32,2.32
1974-08-21,2.3225,2.3225,2.3225,2.3225
1974-08-22,2.313,2.313,2.313,2.313
1974-08-23,2.3225,2.3225,2.3225,2.3225
1974-08-26,2.3245,2.3245,2.3245,2.3245
1974-08-27,2.3125,2.3125,2.3125,2.3125
1974-08-28,2.3185,2.3185,2.3185,2.3185
1974-08-29,2.3165,2.3165,2.3165,2.3165
1974-08-30,2.3162,2.3162,2.3162,2.3162
1974-09-03,2.31,2.31,2.31,2.31
1974-09-04,2.3135,2.3135,2.3135,2.3135
1974-09-05,2.311,2.311,2.311,2.311
1974-09-06,2.3106,2.3106,2.3106,2.3106
1974-09-09,2.313,2.313,2.313,2.313
1974-09-10,2.3165,2.3165,2.3165,2.3165
1974-09-11,2.315,2.315,2.315,2.315
1974-09-12,2.3155,2.3155,2.3155,2.3155
1974-09-13,2.312,2.312,2.312,2.312
1974-09-16,2.3133,2.3133,2.3133,2.3133
1974-09-17,2.317,2.317,2.317,2.317
1974-09-18,2.3195,2.3195,2.3195,2.3195
1974-09-19,2.315,2.315,2.315,2.315
1974-09-20,2.3142,2.3142,2.3142,2.3142
1974-09-23,2.3165,2.3165,2.3165,2.3165
1974-09-24,2.3148,2.3148,2.3148,2.3148
1974-09-25,2.316,2.316,2.316,2.316
1974-09-26,2.323,2.323,2.323,2.323
1974-09-27,2.332,2.332,2.332,2.332
1974-09-30,2.3325,2.3325,2.3325,2.3325
1974-10-01,2.3362,2.3362,2.3362,2.3362
1974-10-02,2.3335,2.3335,2.3335,2.3335
1974-10-03,2.327,2.327,2.327,2.327
1974-10-04,2.335,2.335,2.335,2.335
1974-10-07,2.3357,2.3357,2.3357,2.3357
1974-10-08,2.3343,2.3343,2.3343,2.3343
1974-10-09,2.341,2.341,2.341,2.341
1974-10-10,2.325,2.325,2.325,2.325
1974-10-11,2.334,2.334,2.334,2.334
1974-10-15,2.331,2.331,2.331,2.331
1974-10-16,2.3337,2.3337,2.3337,2.3337
1974-10-17,2.3326,2.3326,2.3326,2.3326
1974-10-18,2.3324,2.3324,2.3324,2.3324
1974-10-21,2.3299,2.3299,2.3299,2.3299
1974-10-22,2.3295,2.3295,2.3295,2.3295
1974-10-23,2.3325,2.3325,2.3325,2.3325
1974-10-24,2.3315,2.3315,2.3315,2.3315
1974-10-25,2.3332,2.3332,2.3332,2.3332
1974-10-28,2.3323,2.3323,2.3323,2.3323
1974-10-29,2.3342,2.3342,2.3342,2.3342
1974-10-30,2.3352,2.3352,2.3352,2.3352
1974-10-31,2.3355,2.3355,2.3355,2.3355
1974-11-01,2.338,2.338,2.338,2.338
1974-11-04,2.343,2.343,2.343,2.343
1974-11-06,2.3472,2.3472,2.3472,2.3472
1974-11-07,2.3464,2.3464,2.3464,2.3464
1974-11-08,2.335,2.335,2.335,2.335
1974-11-12,2.299,2.299,2.299,2.299
1974-11-13,2.303,2.303,2.303,2.303
1974-11-14,2.3135,2.3135,2.3135,2.3135
1974-11-15,2.3145,2.3145,2.3145,2.3145
1974-11-18,2.3325,2.3325,2.3325,2.3325
1974-11-19,2.3235,2.3235,2.3235,2.3235
1974-11-20,2.3197,2.3197,2.3197,2.3197
1974-11-21,2.321,2.321,2.321,2.321
1974-11-22,2.32,2.32,2.32,2.32
1974-11-25,2.3222,2.3222,2.3222,2.3222
1974-11-26,2.3245,2.3245,2.3245,2.3245
1974-11-27,2.3247,2.3247,2.3247,2.3247
1974-11-29,2.3255,2.3255,2.3255,2.3255
1974-12-02,2.3245,2.3245,2.3245,2.3245
1974-12-03,2.3235,2.3235,2.3235,2.3235
1974-12-04,2.3275,2.3275,2.3275,2.3275
1974-12-05,2.329,2.329,2.329,2.329
1974-12-06,2.3297,2.3297,2.3297,2.3297
1974-12-09,2.335,2.335,2.335,2.335
1974-12-10,2.3242,2.3242,2.3242,2.3242
1974-12-11,2.3157,2.3157,2.3157,2.3157
1974-12-12,2.306,2.306,2.306,2.306
1974-12-13,2.313,2.313,2.313,2.313
1974-12-16,2.3293,2.3293,2.3293,2.3293
1974-12-17,2.3343,2.3343,2.3343,2.3343
1974-12-18,2.3415,2.3415,2.3415,2.3415
1974-12-19,2.3295,2.3295,2.3295,2.3295
1974-12-20,2.3255,2.3255,2.3255,2.3255
1974-12-23,2.3295,2.3295,2.3295,2.3295
1974-12-24,2.331,2.331,2.331,2.331
1974-12-26,2.332,2.332,2.332,2.332
1974-12-27,2.3432,2.3432,2.3432,2.3432
1974-12-30,2.346,2.346,2.346,2.346
1974-12-31,2.347,2.347,2.347,2.347
1975-01-02,2.333,2.333,2.333,2.333
1975-01-03,2.3414,2.3414,2.3414,2.3414
1975-01-06,2.3535,2.3535,2.3535,2.3535
1975-01-07,2.354,2.354,2.354,2.354
1975-01-08,2.347,2.347,2.347,2.347
1975-01-09,2.35,2.35,2.35,2.35
1975-01-10,2.352,2.352,2.352,2.352
1975-01-13,2.3531,2.3531,2.3531,2.3531
1975-01-14,2.3476,2.3476,2.3476,2.3476
1975-01-15,2.354,2.354,2.354,2.354
1975-01-16,2.3535,2.3535,2.3535,2.3535
1975-01-17,2.3525,2.3525,2.3525,2.3525
1975-01-20,2.359,2.359,2.359,2.359
1975-01-21,2.3635,2.3635,2.3635,2.3635
1975-01-22,2.376,2.376,2.376,2.376
1975-01-23,2.3815,2.3815,2.3815,2.3815
1975-01-24,2.3835,2.3835,2.3835,2.3835
1975-01-27,2.4,2.4,2.4,2.4
1975-01-28,2.3865,2.3865,2.3865,2.3865
1975-01-29,2.37,2.37,2.37,2.37
1975-01-30,2.3765,2.3765,2.3765,2.3765
1975-01-31,2.3825,2.3825,2.3825,2.3825
1975-02-03,2.375,2.375,2.375,2.375
1975-02-04,2.369,2.369,2.369,2.369
1975-02-05,2.368,2.368,2.368,2.368
1975-02-06,2.371,2.371,2.371,2.371
1975-02-07,2.374,2.374,2.374,2.374
1975-02-10,2.3875,2.3875,2.3875,2.3875
1975-02-11,2.384,2.384,2.384,2.384
1975-02-13,2.3895,2.3895,2.3895,2.3895
1975-02-14,2.3905,2.3905,2.3905,2.3905
1975-02-18,2.3933,2.3933,2.3933,2.3933
1975-02-19,2.398,2.398,2.398,2.398
1975-02-20,2.4005,2.4005,2.4005,2.4005
1975-02-21,2.4027,2.4027,2.4027,2.4027
1975-02-24,2.4195,2.4195,2.4195,2.4195
1975-02-25,2.416,2.416,2.416,2.416
1975-02-26,2.426,2.426,2.426,2.426
1975-02-27,2.4305,2.4305,2.4305,2.4305
1975-02-28,2.43,2.43,2.43,2.43
1975-03-03,2.4318,2.4318,2.4318,2.4318
1975-03-04,2.4285,2.4285,2.4285,2.4285
1975-03-05,2.4315,2.4315,2.4315,2.4315
1975-03-06,2.428,2.428,2.428,2.428
1975-03-07,2.411,2.411,2.411,2.411
1975-03-10,2.4055,2.4055,2.4055,2.4055
1975-03-11,2.42,2.42,2.42,2.42
1975-03-12,2.409,2.409,2.409,2.409
1975-03-13,2.415,2.415,2.415,2.415
1975-03-14,2.418,2.418,2.418,2.418
1975-03-17,2.4187,2.4187,2.4187,2.4187
1975-03-18,2.4255,2.4255,2.4255,2.4255
1975-03-19,2.4282,2.4282,2.4282,2.4282
1975-03-20,2.4237,2.4237,2.4237,2.4237
1975-03-21,2.4215,2.4215,2.4215,2.4215
1975-03-24,2.4167,2.4167,2.4167,2.4167
1975-03-25,2.4145,2.4145,2.4145,2.4145
1975-03-26,2.412,2.412,2.412,2.412
1975-03-27,2.404,2.404,2.404,2.404
1975-03-28,2.408,2.408,2.408,2.408
1975-03-31,2.406,2.406,2.406,2.406
1975-04-01,2.408,2.408,2.408,2.408
1975-04-02,2.408,2.408,2.408,2.408
1975-04-03,2.4022,2.4022,2.4022,2.4022
1975-04-04,2.3903,2.3903,2.3903,2.3903
1975-04-07,2.3801,2.3801,2.3801,2.3801
1975-04-08,2.3811,2.3811,2.3811,2.3811
1975-04-09,2.3768,2.3768,2.3768,2.3768
1975-04-10,2.3615,2.3615,2.3615,2.3615
1975-04-11,2.365,2.365,2.365,2.365
1975-04-14,2.3559,2.3559,2.3559,2.3559
1975-04-15,2.3665,2.3665,2.3665,2.3665
1975-04-16,2.3655,2.3655,2.3655,2.3655
1975-04-17,2.37,2.37,2.37,2.37
1975-04-18,2.3745,2.3745,2.3745,2.3745
1975-04-21,2.3624,2.3624,2.3624,2.3624
1975-04-22,2.3545,2.3545,2.3545,2.3545
1975-04-23,2.369,2.369,2.369,2.369
1975-04-24,2.3595,2.3595,2.3595,2.3595
1975-04-25,2.352,2.352,2.352,2.352
1975-04-28,2.346,2.346,2.346,2.346
1975-04-29,2.356,2.356,2.356,2.356
1975-04-30,2.351,2.351,2.351,2.351
1975-05-01,2.3482,2.3482,2.3482,2.3482
1975-05-02,2.3368,2.3368,2.3368,2.3368
1975-05-05,2.3405,2.3405,2.3405,2.3405
1975-05-06,2.3385,2.3385,2.3385,2.3385
1975-05-07,2.3379,2.3379,2.3379,2.3379
1975-05-08,2.3408,2.3408,2.3408,2.3408
1975-05-09,2.317,2.317,2.317,2.317
1975-05-12,2.299,2.299,2.299,2.299
1975-05-13,2.3065,2.3065,2.3065,2.3065
1975-05-14,2.308,2.308,2.308,2.308
1975-05-15,2.3005,2.3005,2.3005,2.3005
1975-05-16,2.3023,2.3023,2.3023,2.3023
1975-05-19,2.303,2.303,2.303,2.303
1975-05-20,2.3038,2.3038,2.3038,2.3038
1975-05-21,2.3145,2.3145,2.3145,2.3145
1975-05-22,2.327,2.327,2.327,2.327
1975-05-23,2.3265,2.3265,2.3265,2.3265
1975-05-27,2.3265,2.3265,2.3265,2.3265
1975-05-28,2.32,2.32,2.32,2.32
1975-05-29,2.3165,2.3165,2.3165,2.3165
1975-05-30,2.316,2.316,2.316,2.316
1975-06-02,2.32,2.32,2.32,2.32
1975-06-03,2.3203,2.3203,2.3203,2.3203
1975-06-04,2.318,2.318,2.318,2.318
1975-06-05,2.3225,2.3225,2.3225,2.3225
1975-06-06,2.3197,2.3197,2.3197,2.3197
1975-06-09,2.317,2.317,2.317,2.317
1975-06-10,2.316,2.316,2.316,2.316
1975-06-11,2.2815,2.2815,2.2815,2.2815
1975-06-12,2.2775,2.2775,2.2775,2.2775
1975-06-13,2.2835,2.2835,2.2835,2.2835
1975-06-16,2.275,2.275,2.275,2.275
1975-06-17,2.272,2.272,2.272,2.272
1975-06-18,2.2729,2.2729,2.2729,2.2729
1975-06-19,2.2735,2.2735,2.2735,2.2735
1975-06-20,2.273,2.273,2.273,2.273
1975-06-23,2.2715,2.2715,2.2715,2.2715
1975-06-24,2.257,2.257,2.257,2.257
1975-06-25,2.2565,2.2565,2.2565,2.2565
1975-06-26,2.241,2.241,2.241,2.241
1975-06-27,2.225,2.225,2.225,2.225
1975-06-30,2.1935,2.1935,2.1935,2.1935
1975-07-01,2.209,2.209,2.209,2.209
1975-07-02,2.1995,2.1995,2.1995,2.1995
1975-07-03,2.1945,2.1945,2.1945,2.1945
1975-07-07,2.186,2.186,2.186,2.186
1975-07-08,2.1945,2.1945,2.1945,2.1945
1975-07-09,2.206,2.206,2.206,2.206
1975-07-10,2.1985,2.1985,2.1985,2.1985
1975-07-11,2.1995,2.1995,2.1995,2.1995
1975-07-14,2.1915,2.1915,2.1915,2.1915
1975-07-15,2.1825,2.1825,2.1825,2.1825
1975-07-16,2.185,2.185,2.185,2.185
1975-07-17,2.1792,2.1792,2.1792,2.1792
1975-07-18,2.175,2.175,2.175,2.175
1975-07-21,2.1755,2.1755,2.1755,2.1755
1975-07-22,2.178,2.178,2.178,2.178
1975-07-23,2.18,2.18,2.18,2.18
1975-07-24,2.1785,2.1785,2.1785,2.1785
1975-07-25,2.1785,2.1785,2.1785,2.1785
1975-07-28,2.176,2.176,2.176,2.176
1975-07-29,2.1755,2.1755,2.1755,2.1755
1975-07-30,2.163,2.163,2.163,2.163
1975-07-31,2.154,2.154,2.154,2.154
1975-08-01,2.1475,2.1475,2.1475,2.1475
1975-08-04,2.1415,2.1415,2.1415,2.1415
1975-08-05,2.1405,2.1405,2.1405,2.1405
1975-08-06,2.128,2.128,2.128,2.128
1975-08-07,2.104,2.104,2.104,2.104
1975-08-08,2.104,2.104,2.104,2.104
1975-08-11,2.102,2.102,2.102,2.102
1975-08-12,2.1035,2.1035,2.1035,2.1035
1975-08-13,2.1075,2.1075,2.1075,2.1075
1975-08-14,2.108,2.108,2.108,2.108
1975-08-15,2.108,2.108,2.108,2.108
1975-08-18,2.108,2.108,2.108,2.108
1975-08-19,2.1175,2.1175,2.1175,2.1175
1975-08-20,2.119,2.119,2.119,2.119
1975-08-21,2.111,2.111,2.111,2.111
1975-08-22,2.106,2.106,2.106,2.106
1975-08-25,2.1055,2.1055,2.1055,2.1055
1975-08-26,2.109,2.109,2.109,2.109
1975-08-27,2.1105,2.1105,2.1105,2.1105
1975-08-28,2.1095,2.1095,2.1095,2.1095
1975-08-29,2.11,2.11,2.11,2.11
1975-09-02,2.109,2.109,2.109,2.109
1975-09-03,2.112,2.112,2.112,2.112
1975-09-04,2.1085,2.1085,2.1085,2.1085
1975-09-05,2.109,2.109,2.109,2.109
1975-09-08,2.111,2.111,2.111,2.111
1975-09-09,2.1095,2.1095,2.1095,2.1095
1975-09-10,2.1105,2.1105,2.1105,2.1105
1975-09-11,2.11,2.11,2.11,2.11
1975-09-12,2.1065,2.1065,2.1065,2.1065
1975-09-15,2.1055,2.1055,2.1055,2.1055
1975-09-16,2.0905,2.0905,2.0905,2.0905
1975-09-17,2.081,2.081,2.081,2.081
1975-09-18,2.0785,2.0785,2.0785,2.0785
1975-09-19,2.08,2.08,2.08,2.08
1975-09-22,2.071,2.071,2.071,2.071
1975-09-23,2.044,2.044,2.044,2.044
1975-09-24,2.0445,2.0445,2.0445,2.0445
1975-09-25,2.047,2.047,2.047,2.047
1975-09-26,2.0445,2.0445,2.0445,2.0445
1975-09-29,2.0365,2.0365,2.0365,2.0365
1975-09-30,2.043,2.043,2.043,2.043
1975-10-01,2.04,2.04,2.04,2.04
1975-10-02,2.0385,2.0385,2.0385,2.0385
1975-10-03,2.0375,2.0375,2.0375,2.0375
1975-10-06,2.043,2.043,2.043,2.043
1975-10-07,2.0415,2.0415,2.0415,2.0415
1975-10-08,2.043,2.043,2.043,2.043
1975-10-09,2.0475,2.0475,2.0475,2.0475
1975-10-10,2.058,2.058,2.058,2.058
1975-10-14,2.0475,2.0475,2.0475,2.0475
1975-10-15,2.0555,2.0555,2.0555,2.0555
1975-10-16,2.0555,2.0555,2.0555,2.0555
1975-10-17,2.0575,2.0575,2.0575,2.0575
1975-10-20,2.061,2.061,2.061,2.061
1975-10-21,2.061,2.061,2.061,2.061
1975-10-22,2.0745,2.0745,2.0745,2.0745
1975-10-23,2.0665,2.0665,2.0665,2.0665
1975-10-24,2.0695,2.0695,2.0695,2.0695
1975-10-27,2.069,2.069,2.069,2.069
1975-10-28,2.066,2.066,2.066,2.066
1975-10-29,2.068,2.068,2.068,2.068
1975-10-30,2.072,2.072,2.072,2.072
1975-10-31,2.078,2.078,2.078,2.078
1975-11-03,2.0745,2.0745,2.0745,2.0745
1975-11-05,2.0645,2.0645,2.0645,2.0645
1975-11-06,2.0685,2.0685,2.0685,2.0685
1975-11-07,2.0655,2.0655,2.0655,2.0655
1975-11-10,2.066,2.066,2.066,2.066
1975-11-12,2.0635,2.0635,2.0635,2.0635
1975-11-13,2.053,2.053,2.053,2.053
1975-11-14,2.0455,2.0455,2.0455,2.0455
1975-11-17,2.032,2.032,2.032,2.032
1975-11-18,2.0355,2.0355,2.0355,2.0355
1975-11-19,2.0405,2.0405,2.0405,2.0405
1975-11-20,2.046,2.046,2.046,2.046
1975-11-21,2.0415,2.0415,2.0415,2.0415
1975-11-24,2.0375,2.0375,2.0375,2.0375
1975-11-25,2.0373,2.0373,2.0373,2.0373
1975-11-26,2.032,2.032,2.032,2.032
1975-11-28,2.02,2.02,2.02,2.02
1975-12-01,2.021,2.021,2.021,2.021
1975-12-02,2.02,2.02,2.02,2.02
1975-12-03,2.024,2.024,2.024,2.024
1975-12-04,2.029,2.029,2.029,2.029
1975-12-05,2.0235,2.0235,2.0235,2.0235
1975-12-08,2.023,2.023,2.023,2.023
1975-12-09,2.0225,2.0225,2.0225,2.0225
1975-12-10,2.023,2.023,2.023,2.023
1975-12-11,2.022,2.022,2.022,2.022
1975-12-12,2.0185,2.0185,2.0185,2.0185
1975-12-15,2.017,2.017,2.017,2.017
1975-12-16,2.0185,2.0185,2.0185,2.0185
1975-12-17,2.0218,2.0218,2.0218,2.0218
1975-12-18,2.0218,2.0218,2.0218,2.0218
1975-12-19,2.0214,2.0214,2.0214,2.0214
1975-12-22,2.0213,2.0213,2.0213,2.0213
1975-12-23,2.0215,2.0215,2.0215,2.0215
1975-12-24,2.023,2.023,2.023,2.023
1975-12-26,2.023,2.023,2.023,2.023
1975-12-29,2.0225,2.0225,2.0225,2.0225
1975-12-30,2.0235,2.0235,2.0235,2.0235
1975-12-31,2.0235,2.0235,2.0235,2.0235
1976-01-02,2.0245,2.0245,2.0245,2.0245
1976-01-05,2.0325,2.0325,2.0325,2.0325
1976-01-06,2.0325,2.0325,2.0325,2.0325
1976-01-07,2.0345,2.0345,2.0345,2.0345
1976-01-08,2.034,2.034,2.034,2.034
1976-01-09,2.0305,2.0305,2.0305,2.0305
1976-01-12,2.031,2.031,2.031,2.031
1976-01-13,2.025,2.025,2.025,2.025
1976-01-14,2.027,2.027,2.027,2.027
1976-01-15,2.0275,2.0275,2.0275,2.0275
1976-01-16,2.0295,2.0295,2.0295,2.0295
1976-01-19,2.0325,2.0325,2.0325,2.0325
1976-01-20,2.0305,2.0305,2.0305,2.0305
1976-01-21,2.0235,2.0235,2.0235,2.0235
1976-01-22,2.023,2.023,2.023,2.023
1976-01-23,2.023,2.023,2.023,2.023
1976-01-26,2.0252,2.0252,2.0252,2.0252
1976-01-27,2.026,2.026,2.026,2.026
1976-01-28,2.0287,2.0287,2.0287,2.0287
1976-01-29,2.03,2.03,2.03,2.03
1976-01-30,2.0295,2.0295,2.0295,2.0295
1976-02-02,2.0285,2.0285,2.0285,2.0285
1976-02-03,2.0276,2.0276,2.0276,2.0276
1976-02-04,2.0311,2.0311,2.0311,2.0311
1976-02-05,2.028,2.028,2.028,2.028
1976-02-06,2.0265,2.0265,2.0265,2.0265
1976-02-09,2.028,2.028,2.028,2.028
1976-02-10,2.0265,2.0265,2.0265,2.0265
1976-02-11,2.0296,2.0296,2.0296,2.0296
1976-02-13,2.0245,2.0245,2.0245,2.0245
1976-02-17,2.0224,2.0224,2.0224,2.0224
1976-02-18,2.024,2.024,2.024,2.024
1976-02-19,2.0235,2.0235,2.0235,2.0235
1976-02-20,2.0242,2.0242,2.0242,2.0242
1976-02-23,2.025,2.025,2.025,2.025
1976-02-24,2.025,2.025,2.025,2.025
1976-02-25,2.0262,2.0262,2.0262,2.0262
1976-02-26,2.026,2.026,2.026,2.026
1976-02-27,2.0252,2.0252,2.0252,2.0252
1976-03-01,2.0239,2.0239,2.0239,2.0239
1976-03-02,2.0238,2.0238,2.0238,2.0238
1976-03-03,2.0245,2.0245,2.0245,2.0245
1976-03-04,2.0135,2.0135,2.0135,2.0135
1976-03-05,1.979,1.979,1.979,1.979
1976-03-08,1.9415,1.9415,1.9415,1.9415
1976-03-09,1.941,1.941,1.941,1.941
1976-03-10,1.9125,1.9125,1.9125,1.9125
1976-03-11,1.933,1.933,1.933,1.933
1976-03-12,1.925,1.925,1.925,1.925
1976-03-15,1.922,1.922,1.922,1.922
1976-03-16,1.9127,1.9127,1.9127,1.9127
1976-03-17,1.921,1.921,1.921,1.921
1976-03-18,1.9238,1.9238,1.9238,1.9238
1976-03-19,1.921,1.921,1.921,1.921
1976-03-22,1.9217,1.9217,1.9217,1.9217
1976-03-23,1.925,1.925,1.925,1.925
1976-03-24,1.9266,1.9266,1.9266,1.9266
1976-03-25,1.9234,1.9234,1.9234,1.9234
1976-03-26,1.92,1.92,1.92,1.92
1976-03-29,1.917,1.917,1.917,1.917
1976-03-30,1.9155,1.9155,1.9155,1.9155
1976-03-31,1.9159,1.9159,1.9159,1.9159
1976-04-01,1.884,1.884,1.884,1.884
1976-04-02,1.871,1.871,1.871,1.871
1976-04-05,1.8645,1.8645,1.8645,1.8645
1976-04-06,1.86,1.86,1.86,1.86
1976-04-07,1.8662,1.8662,1.8662,1.8662
1976-04-08,1.834,1.834,1.834,1.834
1976-04-09,1.8365,1.8365,1.8365,1.8365
1976-04-12,1.845,1.845,1.845,1.845
1976-04-13,1.853,1.853,1.853,1.853
1976-04-14,1.8565,1.8565,1.8565,1.8565
1976-04-15,1.852,1.852,1.852,1.852
1976-04-16,1.854,1.854,1.854,1.854
1976-04-19,1.854,1.854,1.854,1.854
1976-04-20,1.847,1.847,1.847,1.847
1976-04-21,1.84,1.84,1.84,1.84
1976-04-22,1.829,1.829,1.829,1.829
1976-04-23,1.819,1.819,1.819,1.819
1976-04-26,1.8185,1.8185,1.8185,1.8185
1976-04-27,1.8225,1.8225,1.8225,1.8225
1976-04-28,1.8315,1.8315,1.8315,1.8315
1976-04-29,1.841,1.841,1.841,1.841
1976-04-30,1.84,1.84,1.84,1.84
1976-05-03,1.828,1.828,1.828,1.828
1976-05-04,1.8255,1.8255,1.8255,1.8255
1976-05-05,1.8246,1.8246,1.8246,1.8246
1976-05-06,1.822,1.822,1.822,1.822
1976-05-07,1.823,1.823,1.823,1.823
1976-05-10,1.831,1.831,1.831,1.831
1976-05-11,1.8335,1.8335,1.8335,1.8335
1976-05-12,1.8385,1.8385,1.8385,1.8385
1976-05-13,1.8275,1.8275,1.8275,1.8275
1976-05-14,1.8165,1.8165,1.8165,1.8165
1976-05-17,1.804,1.804,1.804,1.804
1976-05-18,1.8105,1.8105,1.8105,1.8105
1976-05-19,1.808,1.808,1.808,1.808
1976-05-20,1.8055,1.8055,1.8055,1.8055
1976-05-21,1.78,1.78,1.78,1.78
1976-05-24,1.794,1.794,1.794,1.794
1976-05-25,1.7858,1.7858,1.7858,1.7858
1976-05-26,1.771,1.771,1.771,1.771
1976-05-27,1.7705,1.7705,1.7705,1.7705
1976-05-28,1.7595,1.7595,1.7595,1.7595
1976-06-01,1.754,1.754,1.754,1.754
1976-06-02,1.7205,1.7205,1.7205,1.7205
1976-06-03,1.7089,1.7089,1.7089,1.7089
1976-06-04,1.7165,1.7165,1.7165,1.7165
1976-06-07,1.756,1.756,1.756,1.756
1976-06-08,1.7696,1.7696,1.7696,1.7696
1976-06-09,1.769,1.769,1.769,1.769
1976-06-10,1.7705,1.7705,1.7705,1.7705
1976-06-11,1.7703,1.7703,1.7703,1.7703
1976-06-14,1.77,1.77,1.77,1.77
1976-06-15,1.7765,1.7765,1.7765,1.7765
1976-06-16,1.7755,1.7755,1.7755,1.7755
1976-06-17,1.7755,1.7755,1.7755,1.7755
1976-06-18,1.774,1.774,1.774,1.774
1976-06-21,1.7739,1.7739,1.7739,1.7739
1976-06-22,1.772,1.772,1.772,1.772
1976-06-23,1.7725,1.7725,1.7725,1.7725
1976-06-24,1.7715,1.7715,1.7715,1.7715
1976-06-25,1.7721,1.7721,1.7721,1.7721
1976-06-28,1.7742,1.7742,1.7742,1.7742
1976-06-29,1.7795,1.7795,1.7795,1.7795
1976-06-30,1.785,1.785,1.785,1.785
1976-07-01,1.79,1.79,1.79,1.79
1976-07-02,1.7911,1.7911,1.7911,1.7911
1976-07-06,1.8023,1.8023,1.8023,1.8023
1976-07-07,1.8025,1.8025,1.8025,1.8025
1976-07-08,1.782,1.782,1.782,1.782
1976-07-09,1.7795,1.7795,1.7795,1.7795
1976-07-12,1.7891,1.7891,1.7891,1.7891
1976-07-13,1.787,1.787,1.787,1.787
1976-07-14,1.7805,1.7805,1.7805,1.7805
1976-07-15,1.78,1.78,1.78,1.78
1976-07-16,1.776,1.776,1.776,1.776
1976-07-19,1.774,1.774,1.774,1.774
1976-07-20,1.7815,1.7815,1.7815,1.7815
1976-07-21,1.7834,1.7834,1.7834,1.7834
1976-07-22,1.783,1.783,1.783,1.783
1976-07-23,1.7818,1.7818,1.7818,1.7818
1976-07-26,1.7786,1.7786,1.7786,1.7786
1976-07-27,1.7815,1.7815,1.7815,1.7815
1976-07-28,1.7915,1.7915,1.7915,1.7915
1976-07-29,1.785,1.785,1.785,1.785
1976-07-30,1.785,1.785,1.785,1.785
1976-08-02,1.788,1.788,1.788,1.788
1976-08-03,1.788,1.788,1.788,1.788
1976-08-04,1.7943,1.7943,1.7943,1.7943
1976-08-05,1.7885,1.7885,1.7885,1.7885
1976-08-06,1.7888,1.7888,1.7888,1.7888
1976-08-09,1.7925,1.7925,1.7925,1.7925
1976-08-10,1.7895,1.7895,1.7895,1.7895
1976-08-11,1.7898,1.7898,1.7898,1.7898
1976-08-12,1.7852,1.7852,1.7852,1.7852
1976-08-13,1.7815,1.7815,1.7815,1.7815
1976-08-16,1.7814,1.7814,1.7814,1.7814
1976-08-17,1.7864,1.7864,1.7864,1.7864
1976-08-18,1.783,1.783,1.783,1.783
1976-08-19,1.7815,1.7815,1.7815,1.7815
1976-08-20,1.7808,1.7808,1.7808,1.7808
1976-08-23,1.7824,1.7824,1.7824,1.7824
1976-08-24,1.7755,1.7755,1.7755,1.7755
1976-08-25,1.7704,1.7704,1.7704,1.7704
1976-08-26,1.7723,1.7723,1.7723,1.7723
1976-08-27,1.77,1.77,1.77,1.77
1976-08-30,1.775,1.775,1.775,1.775
1976-08-31,1.7775,1.7775,1.7775,1.7775
1976-09-01,1.775,1.775,1.775,1.775
1976-09-02,1.773,1.773,1.773,1.773
1976-09-03,1.7725,1.7725,1.7725,1.7725
1976-09-07,1.7712,1.7712,1.7712,1.7712
1976-09-08,1.7715,1.7715,1.7715,1.7715
1976-09-09,1.748,1.748,1.748,1.748
1976-09-10,1.753,1.753,1.753,1.753
1976-09-13,1.748,1.748,1.748,1.748
1976-09-14,1.7395,1.7395,1.7395,1.7395
1976-09-15,1.7341,1.7341,1.7341,1.7341
1976-09-16,1.7392,1.7392,1.7392,1.7392
1976-09-17,1.734,1.734,1.734,1.734
1976-09-20,1.7222,1.7222,1.7222,1.7222
1976-09-21,1.716,1.716,1.716,1.716
1976-09-22,1.716,1.716,1.716,1.716
1976-09-23,1.7107,1.7107,1.7107,1.7107
1976-09-24,1.7054,1.7054,1.7054,1.7054
1976-09-27,1.6795,1.6795,1.6795,1.6795
1976-09-28,1.636,1.636,1.636,1.636
1976-09-29,1.6665,1.6665,1.6665,1.6665
1976-09-30,1.66,1.66,1.66,1.66
1976-10-01,1.666,1.666,1.666,1.666
1976-10-04,1.6705,1.6705,1.6705,1.6705
1976-10-05,1.6635,1.6635,1.6635,1.6635
1976-10-06,1.6515,1.6515,1.6515,1.6515
1976-10-07,1.6645,1.6645,1.6645,1.6645
1976-10-08,1.662,1.662,1.662,1.662
1976-10-12,1.6535,1.6535,1.6535,1.6535
1976-10-13,1.6541,1.6541,1.6541,1.6541
1976-10-14,1.639,1.639,1.639,1.639
1976-10-15,1.65,1.65,1.65,1.65
1976-10-18,1.6547,1.6547,1.6547,1.6547
1976-10-19,1.6477,1.6477,1.6477,1.6477
1976-10-20,1.6463,1.6463,1.6463,1.6463
1976-10-21,1.6465,1.6465,1.6465,1.6465
1976-10-22,1.6482,1.6482,1.6482,1.6482
1976-10-25,1.595,1.595,1.595,1.595
1976-10-26,1.604,1.604,1.604,1.604
1976-10-27,1.583,1.583,1.583,1.583
1976-10-28,1.5665,1.5665,1.5665,1.5665
1976-10-29,1.588,1.588,1.588,1.588
1976-11-01,1.5875,1.5875,1.5875,1.5875
1976-11-03,1.6075,1.6075,1.6075,1.6075
1976-11-04,1.625,1.625,1.625,1.625
1976-11-05,1.625,1.625,1.625,1.625
1976-11-08,1.6155,1.6155,1.6155,1.6155
1976-11-09,1.6282,1.6282,1.6282,1.6282
1976-11-10,1.6333,1.6333,1.6333,1.6333
1976-11-12,1.628,1.628,1.628,1.628
1976-11-15,1.64,1.64,1.64,1.64
1976-11-16,1.6427,1.6427,1.6427,1.6427
1976-11-17,1.6645,1.6645,1.6645,1.6645
1976-11-18,1.665,1.665,1.665,1.665
1976-11-19,1.679,1.679,1.679,1.679
1976-11-22,1.646,1.646,1.646,1.646
1976-11-23,1.6435,1.6435,1.6435,1.6435
1976-11-24,1.6475,1.6475,1.6475,1.6475
1976-11-26,1.646,1.646,1.646,1.646
1976-11-29,1.6484,1.6484,1.6484,1.6484
1976-11-30,1.651,1.651,1.651,1.651
1976-12-01,1.6623,1.6623,1.6623,1.6623
1976-12-02,1.6635,1.6635,1.6635,1.6635
1976-12-03,1.6627,1.6627,1.6627,1.6627
1976-12-06,1.6567,1.6567,1.6567,1.6567
1976-12-07,1.671,1.671,1.671,1.671
1976-12-08,1.6705,1.6705,1.6705,1.6705
1976-12-09,1.67,1.67,1.67,1.67
1976-12-10,1.6695,1.6695,1.6695,1.6695
1976-12-13,1.6835,1.6835,1.6835,1.6835
1976-12-14,1.675,1.675,1.675,1.675
1976-12-15,1.6675,1.6675,1.6675,1.6675
1976-12-16,1.663,1.663,1.663,1.663
1976-12-17,1.671,1.671,1.671,1.671
1976-12-20,1.681,1.681,1.681,1.681
1976-12-21,1.679,1.679,1.679,1.679
1976-12-22,1.6852,1.6852,1.6852,1.6852
1976-12-23,1.6845,1.6845,1.6845,1.6845
1976-12-24,1.6895,1.6895,1.6895,1.6895
1976-12-27,1.694,1.694,1.694,1.694
1976-12-28,1.697,1.697,1.697,1.697
1976-12-29,1.706,1.706,1.706,1.706
1976-12-30,1.6995,1.6995,1.6995,1.6995
1976-12-31,1.701,1.701,1.701,1.701
1977-01-03,1.704,1.704,1.704,1.704
1977-01-04,1.7085,1.7085,1.7085,1.7085
1977-01-05,1.7107,1.7107,1.7107,1.7107
1977-01-06,1.7055,1.7055,1.7055,1.7055
1977-01-07,1.706,1.706,1.706,1.706
1977-01-10,1.7087,1.7087,1.7087,1.7087
1977-01-11,1.7077,1.7077,1.7077,1.7077
1977-01-12,1.7065,1.7065,1.7065,1.7065
1977-01-13,1.711,1.711,1.711,1.711
1977-01-14,1.7108,1.7108,1.7108,1.7108
1977-01-17,1.7138,1.7138,1.7138,1.7138
1977-01-18,1.7155,1.7155,1.7155,1.7155
1977-01-19,1.7185,1.7185,1.7185,1.7185
1977-01-20,1.7165,1.7165,1.7165,1.7165
1977-01-21,1.7162,1.7162,1.7162,1.7162
1977-01-24,1.7188,1.7188,1.7188,1.7188
1977-01-25,1.7195,1.7195,1.7195,1.7195
1977-01-26,1.7184,1.7184,1.7184,1.7184
1977-01-27,1.7162,1.7162,1.7162,1.7162
1977-01-28,1.713,1.713,1.713,1.713
1977-01-31,1.715,1.715,1.715,1.715
1977-02-01,1.7153,1.7153,1.7153,1.7153
1977-02-02,1.716,1.716,1.716,1.716
1977-02-03,1.7133,1.7133,1.7133,1.7133
1977-02-04,1.7147,1.7147,1.7147,1.7147
1977-02-07,1.7145,1.7145,1.7145,1.7145
1977-02-08,1.7157,1.7157,1.7157,1.7157
1977-02-09,1.7177,1.7177,1.7177,1.7177
1977-02-10,1.7158,1.7158,1.7158,1.7158
1977-02-11,1.7123,1.7123,1.7123,1.7123
1977-02-14,1.6969,1.6969,1.6969,1.6969
1977-02-15,1.7035,1.7035,1.7035,1.7035
1977-02-16,1.7066,1.7066,1.7066,1.7066
1977-02-17,1.7054,1.7054,1.7054,1.7054
1977-02-18,1.7043,1.7043,1.7043,1.7043
1977-02-22,1.7072,1.7072,1.7072,1.7072
1977-02-23,1.7077,1.7077,1.7077,1.7077
1977-02-24,1.7079,1.7079,1.7079,1.7079
1977-02-25,1.7085,1.7085,1.7085,1.7085
1977-02-28,1.713,1.713,1.713,1.713
1977-03-01,1.7132,1.7132,1.7132,1.7132
1977-03-02,1.7144,1.7144,1.7144,1.7144
1977-03-03,1.7136,1.7136,1.7136,1.7136
1977-03-04,1.7145,1.7145,1.7145,1.7145
1977-03-07,1.7171,1.7171,1.7171,1.7171
1977-03-08,1.7175,1.7175,1.7175,1.7175
1977-03-09,1.7181,1.7181,1.7181,1.7181
1977-03-10,1.7158,1.7158,1.7158,1.7158
1977-03-11,1.718,1.718,1.718,1.718
1977-03-14,1.7192,1.7192,1.7192,1.7192
1977-03-15,1.719,1.719,1.719,1.719
1977-03-16,1.7193,1.7193,1.7193,1.7193
1977-03-17,1.7189,1.7189,1.7189,1.7189
1977-03-18,1.7168,1.7168,1.7168,1.7168
1977-03-21,1.7173,1.7173,1.7173,1.7173
1977-03-22,1.7164,1.7164,1.7164,1.7164
1977-03-23,1.718,1.718,1.718,1.718
1977-03-24,1.7178,1.7178,1.7178,1.7178
1977-03-25,1.7175,1.7175,1.7175,1.7175
1977-03-28,1.7183,1.7183,1.7183,1.7183
1977-03-29,1.7191,1.7191,1.7191,1.7191
1977-03-30,1.7206,1.7206,1.7206,1.7206
1977-03-31,1.72,1.72,1.72,1.72
1977-04-01,1.7194,1.7194,1.7194,1.7194
1977-04-04,1.7198,1.7198,1.7198,1.7198
1977-04-05,1.7197,1.7197,1.7197,1.7197
1977-04-06,1.7188,1.7188,1.7188,1.7188
1977-04-07,1.7187,1.7187,1.7187,1.7187
1977-04-08,1.7183,1.7183,1.7183,1.7183
1977-04-11,1.7185,1.7185,1.7185,1.7185
1977-04-12,1.7191,1.7191,1.7191,1.7191
1977-04-13,1.7196,1.7196,1.7196,1.7196
1977-04-14,1.7182,1.7182,1.7182,1.7182
1977-04-15,1.718,1.718,1.718,1.718
1977-04-18,1.7194,1.7194,1.7194,1.7194
1977-04-19,1.7191,1.7191,1.7191,1.7191
1977-04-20,1.7196,1.7196,1.7196,1.7196
1977-04-21,1.7192,1.7192,1.7192,1.7192
1977-04-22,1.7182,1.7182,1.7182,1.7182
1977-04-25,1.7188,1.7188,1.7188,1.7188
1977-04-26,1.7191,1.7191,1.7191,1.7191
1977-04-27,1.7198,1.7198,1.7198,1.7198
1977-04-28,1.7192,1.7192,1.7192,1.7192
1977-04-29,1.7192,1.7192,1.7192,1.7192
1977-05-02,1.7195,1.7195,1.7195,1.7195
1977-05-03,1.7194,1.7194,1.7194,1.7194
1977-05-04,1.7196,1.7196,1.7196,1.7196
1977-05-05,1.7186,1.7186,1.7186,1.7186
1977-05-06,1.7181,1.7181,1.7181,1.7181
1977-05-09,1.7189,1.7189,1.7189,1.7189
1977-05-10,1.719,1.719,1.719,1.719
1977-05-11,1.7196,1.7196,1.7196,1.7196
1977-05-12,1.7189,1.7189,1.7189,1.7189
1977-05-13,1.7187,1.7187,1.7187,1.7187
1977-05-16,1.7188,1.7188,1.7188,1.7188
1977-05-17,1.7187,1.7187,1.7187,1.7187
1977-05-18,1.7185,1.7185,1.7185,1.7185
1977-05-19,1.7178,1.7178,1.7178,1.7178
1977-05-20,1.7174,1.7174,1.7174,1.7174
1977-05-23,1.7172,1.7172,1.7172,1.7172
1977-05-24,1.7165,1.7165,1.7165,1.7165
1977-05-25,1.7193,1.7193,1.7193,1.7193
1977-05-26,1.7171,1.7171,1.7171,1.7171
1977-05-27,1.7168,1.7168,1.7168,1.7168
1977-05-31,1.7191,1.7191,1.7191,1.7191
1977-06-01,1.719,1.719,1.719,1.719
1977-06-02,1.7169,1.7169,1.7169,1.7169
1977-06-03,1.7177,1.7177,1.7177,1.7177
1977-06-06,1.7182,1.7182,1.7182,1.7182
1977-06-07,1.7185,1.7185,1.7185,1.7185
1977-06-08,1.7184,1.7184,1.7184,1.7184
1977-06-09,1.7182,1.7182,1.7182,1.7182
1977-06-10,1.7186,1.7186,1.7186,1.7186
1977-06-13,1.7193,1.7193,1.7193,1.7193
1977-06-14,1.7192,1.7192,1.7192,1.7192
1977-06-15,1.7196,1.7196,1.7196,1.7196
1977-06-16,1.7192,1.7192,1.7192,1.7192
1977-06-17,1.7194,1.7194,1.7194,1.7194
1977-06-20,1.7196,1.7196,1.7196,1.7196
1977-06-21,1.7194,1.7194,1.7194,1.7194
1977-06-22,1.7196,1.7196,1.7196,1.7196
1977-06-23,1.7197,1.7197,1.7197,1.7197
1977-06-24,1.7196,1.7196,1.7196,1.7196
1977-06-27,1.7201,1.7201,1.7201,1.7201
1977-06-28,1.7203,1.7203,1.7203,1.7203
1977-06-29,1.7209,1.7209,1.7209,1.7209
1977-06-30,1.7197,1.7197,1.7197,1.7197
1977-07-01,1.7197,1.7197,1.7197,1.7197
1977-07-05,1.7202,1.7202,1.7202,1.7202
1977-07-06,1.7206,1.7206,1.7206,1.7206
1977-07-07,1.7197,1.7197,1.7197,1.7197
1977-07-08,1.7195,1.7195,1.7195,1.7195
1977-07-11,1.72,1.72,1.72,1.72
1977-07-12,1.7199,1.7199,1.7199,1.7199
1977-07-13,1.7205,1.7205,1.7205,1.7205
1977-07-15,1.7195,1.7195,1.7195,1.7195
1977-07-18,1.7199,1.7199,1.7199,1.7199
1977-07-19,1.72,1.72,1.72,1.72
1977-07-20,1.7203,1.7203,1.7203,1.7203
1977-07-21,1.7194,1.7194,1.7194,1.7194
1977-07-22,1.7196,1.7196,1.7196,1.7196
1977-07-25,1.7198,1.7198,1.7198,1.7198
1977-07-26,1.7201,1.7201,1.7201,1.7201
1977-07-27,1.737,1.737,1.737,1.737
1977-07-28,1.7372,1.7372,1.7372,1.7372
1977-07-29,1.7365,1.7365,1.7365,1.7365
1977-08-01,1.7375,1.7375,1.7375,1.7375
1977-08-02,1.7377,1.7377,1.7377,1.7377
1977-08-03,1.7385,1.7385,1.7385,1.7385
1977-08-04,1.7394,1.7394,1.7394,1.7394
1977-08-05,1.7387,1.7387,1.7387,1.7387
1977-08-08,1.7373,1.7373,1.7373,1.7373
1977-08-09,1.7381,1.7381,1.7381,1.7381
1977-08-10,1.739,1.739,1.739,1.739
1977-08-11,1.738,1.738,1.738,1.738
1977-08-12,1.7378,1.7378,1.7378,1.7378
1977-08-15,1.7391,1.7391,1.7391,1.7391
1977-08-16,1.7403,1.7403,1.7403,1.7403
1977-08-17,1.7407,1.7407,1.7407,1.7407
1977-08-18,1.7395,1.7395,1.7395,1.7395
1977-08-19,1.7403,1.7403,1.7403,1.7403
1977-08-22,1.7397,1.7397,1.7397,1.7397
1977-08-23,1.7401,1.7401,1.7401,1.7401
1977-08-24,1.7407,1.7407,1.7407,1.7407
1977-08-25,1.7412,1.7412,1.7412,1.7412
1977-08-26,1.7419,1.7419,1.7419,1.7419
1977-08-29,1.7416,1.7416,1.7416,1.7416
1977-08-30,1.7422,1.7422,1.7422,1.7422
1977-08-31,1.7428,1.7428,1.7428,1.7428
1977-09-01,1.7422,1.7422,1.7422,1.7422
1977-09-02,1.7416,1.7416,1.7416,1.7416
1977-09-06,1.7411,1.7411,1.7411,1.7411
1977-09-07,1.743,1.743,1.743,1.743
1977-09-08,1.7429,1.7429,1.7429,1.7429
1977-09-09,1.7424,1.7424,1.7424,1.7424
1977-09-12,1.7432,1.7432,1.7432,1.7432
1977-09-13,1.7434,1.7434,1.7434,1.7434
1977-09-14,1.744,1.744,1.744,1.744
1977-09-15,1.7437,1.7437,1.7437,1.7437
1977-09-16,1.7427,1.7427,1.7427,1.7427
1977-09-19,1.7419,1.7419,1.7419,1.7419
1977-09-20,1.7414,1.7414,1.7414,1.7414
1977-09-21,1.7427,1.7427,1.7427,1.7427
1977-09-22,1.743,1.743,1.743,1.743
1977-09-23,1.7428,1.7428,1.7428,1.7428
1977-09-26,1.7438,1.7438,1.7438,1.7438
1977-09-27,1.7433,1.7433,1.7433,1.7433
1977-09-28,1.7443,1.7443,1.7443,1.7443
1977-09-29,1.7449,1.7449,1.7449,1.7449
1977-09-30,1.7476,1.7476,1.7476,1.7476
1977-10-03,1.7559,1.7559,1.7559,1.7559
1977-10-04,1.7555,1.7555,1.7555,1.7555
1977-10-05,1.7572,1.7572,1.7572,1.7572
1977-10-06,1.7596,1.7596,1.7596,1.7596
1977-10-07,1.7587,1.7587,1.7587,1.7587
1977-10-11,1.7591,1.7591,1.7591,1.7591
1977-10-12,1.7619,1.7619,1.7619,1.7619
1977-10-13,1.7641,1.7641,1.7641,1.7641
1977-10-14,1.7677,1.7677,1.7677,1.7677
1977-10-17,1.7722,1.7722,1.7722,1.7722
1977-10-18,1.7741,1.7741,1.7741,1.7741
1977-10-19,1.7732,1.7732,1.7732,1.7732
1977-10-20,1.7705,1.7705,1.7705,1.7705
1977-10-21,1.7694,1.7694,1.7694,1.7694
1977-10-24,1.7743,1.7743,1.7743,1.7743
1977-10-25,1.7766,1.7766,1.7766,1.7766
1977-10-26,1.778,1.778,1.778,1.778
1977-10-27,1.7767,1.7767,1.7767,1.7767
1977-10-28,1.7774,1.7774,1.7774,1.7774
1977-10-31,1.8395,1.8395,1.8395,1.8395
1977-11-01,1.844,1.844,1.844,1.844
1977-11-02,1.8335,1.8335,1.8335,1.8335
1977-11-03,1.809,1.809,1.809,1.809
1977-11-04,1.805,1.805,1.805,1.805
1977-11-07,1.8033,1.8033,1.8033,1.8033
1977-11-09,1.809,1.809,1.809,1.809
1977-11-10,1.8195,1.8195,1.8195,1.8195
1977-11-14,1.8158,1.8158,1.8158,1.8158
1977-11-15,1.8159,1.8159,1.8159,1.8159
1977-11-16,1.818,1.818,1.818,1.818
1977-11-17,1.8187,1.8187,1.8187,1.8187
1977-11-18,1.8245,1.8245,1.8245,1.8245
1977-11-21,1.817,1.817,1.817,1.817
1977-11-22,1.817,1.817,1.817,1.817
1977-11-23,1.8195,1.8195,1.8195,1.8195
1977-11-25,1.8185,1.8185,1.8185,1.8185
1977-11-28,1.8186,1.8186,1.8186,1.8186
1977-11-29,1.8141,1.8141,1.8141,1.8141
1977-11-30,1.817,1.817,1.817,1.817
1977-12-01,1.8168,1.8168,1.8168,1.8168
1977-12-02,1.8205,1.8205,1.8205,1.8205
1977-12-05,1.8305,1.8305,1.8305,1.8305
1977-12-06,1.8215,1.8215,1.8215,1.8215
1977-12-07,1.8257,1.8257,1.8257,1.8257
1977-12-08,1.8273,1.8273,1.8273,1.8273
1977-12-09,1.8303,1.8303,1.8303,1.8303
1977-12-12,1.8309,1.8309,1.8309,1.8309
1977-12-13,1.8403,1.8403,1.8403,1.8403
1977-12-14,1.847,1.847,1.847,1.847
1977-12-15,1.8465,1.8465,1.8465,1.8465
1977-12-16,1.854,1.854,1.854,1.854
1977-12-19,1.873,1.873,1.873,1.873
1977-12-20,1.8785,1.8785,1.8785,1.8785
1977-12-21,1.8848,1.8848,1.8848,1.8848
1977-12-22,1.854,1.854,1.854,1.854
1977-12-23,1.8655,1.8655,1.8655,1.8655
1977-12-27,1.878,1.878,1.878,1.878
1977-12-28,1.894,1.894,1.894,1.894
1977-12-29,1.91,1.91,1.91,1.91
1977-12-30,1.917,1.917,1.917,1.917
1978-01-03,1.961,1.961,1.961,1.961
1978-01-04,1.96,1.96,1.96,1.96
1978-01-05,1.8865,1.8865,1.8865,1.8865
1978-01-06,1.93,1.93,1.93,1.93
1978-01-09,1.9165,1.9165,1.9165,1.9165
1978-01-10,1.918,1.918,1.918,1.918
1978-01-11,1.9405,1.9405,1.9405,1.9405
1978-01-12,1.925,1.925,1.925,1.925
1978-01-13,1.93,1.93,1.93,1.93
1978-01-16,1.928,1.928,1.928,1.928
1978-01-17,1.923,1.923,1.923,1.923
1978-01-18,1.924,1.924,1.924,1.924
1978-01-19,1.9323,1.9323,1.9323,1.9323
1978-01-20,1.9315,1.9315,1.9315,1.9315
1978-01-23,1.9417,1.9417,1.9417,1.9417
1978-01-24,1.9464,1.9464,1.9464,1.9464
1978-01-25,1.9528,1.9528,1.9528,1.9528
1978-01-26,1.9519,1.9519,1.9519,1.9519
1978-01-27,1.9465,1.9465,1.9465,1.9465
1978-01-30,1.9475,1.9475,1.9475,1.9475
1978-01-31,1.9475,1.9475,1.9475,1.9475
1978-02-01,1.9481,1.9481,1.9481,1.9481
1978-02-02,1.9492,1.9492,1.9492,1.9492
1978-02-03,1.941,1.941,1.941,1.941
1978-02-06,1.9382,1.9382,1.9382,1.9382
1978-02-07,1.9325,1.9325,1.9325,1.9325
1978-02-08,1.9335,1.9335,1.9335,1.9335
1978-02-09,1.9351,1.9351,1.9351,1.9351
1978-02-10,1.9355,1.9355,1.9355,1.9355
1978-02-14,1.9358,1.9358,1.9358,1.9358
1978-02-15,1.935,1.935,1.935,1.935
1978-02-16,1.9415,1.9415,1.9415,1.9415
1978-02-17,1.9447,1.9447,1.9447,1.9447
1978-02-21,1.9448,1.9448,1.9448,1.9448
1978-02-22,1.9475,1.9475,1.9475,1.9475
1978-02-23,1.953,1.953,1.953,1.953
1978-02-24,1.925,1.925,1.925,1.925
1978-02-27,1.932,1.932,1.932,1.932
1978-02-28,1.941,1.941,1.941,1.941
1978-03-01,1.939,1.939,1.939,1.939
1978-03-02,1.941,1.941,1.941,1.941
1978-03-03,1.939,1.939,1.939,1.939
1978-03-06,1.937,1.937,1.937,1.937
1978-03-07,1.937,1.937,1.937,1.937
1978-03-08,1.9343,1.9343,1.9343,1.9343
1978-03-09,1.926,1.926,1.926,1.926
1978-03-10,1.9015,1.9015,1.9015,1.9015
1978-03-13,1.909,1.909,1.909,1.909
1978-03-14,1.915,1.915,1.915,1.915
1978-03-15,1.906,1.906,1.906,1.906
1978-03-16,1.914,1.914,1.914,1.914
1978-03-17,1.9075,1.9075,1.9075,1.9075
1978-03-20,1.9038,1.9038,1.9038,1.9038
1978-03-21,1.899,1.899,1.899,1.899
1978-03-22,1.898,1.898,1.898,1.898
1978-03-23,1.8745,1.8745,1.8745,1.8745
1978-03-24,1.875,1.875,1.875,1.875
1978-03-27,1.881,1.881,1.881,1.881
1978-03-28,1.8835,1.8835,1.8835,1.8835
1978-03-29,1.8787,1.8787,1.8787,1.8787
1978-03-30,1.864,1.864,1.864,1.864
1978-03-31,1.862,1.862,1.862,1.862
1978-04-03,1.8645,1.8645,1.8645,1.8645
1978-04-04,1.8676,1.8676,1.8676,1.8676
1978-04-05,1.873,1.873,1.873,1.873
1978-04-06,1.8735,1.8735,1.8735,1.8735
1978-04-07,1.8746,1.8746,1.8746,1.8746
1978-04-10,1.8753,1.8753,1.8753,1.8753
1978-04-11,1.88,1.88,1.88,1.88
1978-04-12,1.875,1.875,1.875,1.875
1978-04-13,1.863,1.863,1.863,1.863
1978-04-14,1.856,1.856,1.856,1.856
1978-04-17,1.846,1.846,1.846,1.846
1978-04-18,1.844,1.844,1.844,1.844
1978-04-19,1.8408,1.8408,1.8408,1.8408
1978-04-20,1.824,1.824,1.824,1.824
1978-04-21,1.8275,1.8275,1.8275,1.8275
1978-04-24,1.8215,1.8215,1.8215,1.8215
1978-04-25,1.8147,1.8147,1.8147,1.8147
1978-04-26,1.8166,1.8166,1.8166,1.8166
1978-04-27,1.833,1.833,1.833,1.833
1978-04-28,1.823,1.823,1.823,1.823
1978-05-01,1.8255,1.8255,1.8255,1.8255
1978-05-02,1.8263,1.8263,1.8263,1.8263
1978-05-03,1.825,1.825,1.825,1.825
1978-05-04,1.828,1.828,1.828,1.828
1978-05-05,1.8272,1.8272,1.8272,1.8272
1978-05-08,1.818,1.818,1.818,1.818
1978-05-09,1.811,1.811,1.811,1.811
1978-05-10,1.8242,1.8242,1.8242,1.8242
1978-05-11,1.818,1.818,1.818,1.818
1978-05-12,1.819,1.819,1.819,1.819
1978-05-15,1.8207,1.8207,1.8207,1.8207
1978-05-16,1.809,1.809,1.809,1.809
1978-05-17,1.812,1.812,1.812,1.812
1978-05-18,1.8173,1.8173,1.8173,1.8173
1978-05-19,1.807,1.807,1.807,1.807
1978-05-22,1.8132,1.8132,1.8132,1.8132
1978-05-23,1.8093,1.8093,1.8093,1.8093
1978-05-24,1.8122,1.8122,1.8122,1.8122
1978-05-25,1.8125,1.8125,1.8125,1.8125
1978-05-26,1.8124,1.8124,1.8124,1.8124
1978-05-29,1.817,1.817,1.817,1.817
1978-05-31,1.8335,1.8335,1.8335,1.8335
1978-06-01,1.8257,1.8257,1.8257,1.8257
1978-06-02,1.823,1.823,1.823,1.823
1978-06-05,1.82,1.82,1.82,1.82
1978-06-06,1.8245,1.8245,1.8245,1.8245
1978-06-07,1.8229,1.8229,1.8229,1.8229
1978-06-08,1.8247,1.8247,1.8247,1.8247
1978-06-09,1.8264,1.8264,1.8264,1.8264
1978-06-12,1.838,1.838,1.838,1.838
1978-06-13,1.8338,1.8338,1.8338,1.8338
1978-06-14,1.833,1.833,1.833,1.833
1978-06-15,1.83,1.83,1.83,1.83
1978-06-16,1.831,1.831,1.831,1.831
1978-06-19,1.8344,1.8344,1.8344,1.8344
1978-06-20,1.84,1.84,1.84,1.84
1978-06-21,1.8497,1.8497,1.8497,1.8497
1978-06-22,1.838,1.838,1.838,1.838
1978-06-23,1.8485,1.8485,1.8485,1.8485
1978-06-26,1.8484,1.8484,1.8484,1.8484
1978-06-27,1.847,1.847,1.847,1.847
1978-06-28,1.8544,1.8544,1.8544,1.8544
1978-06-29,1.865,1.865,1.865,1.865
1978-06-30,1.861,1.861,1.861,1.861
1978-07-03,1.8674,1.8674,1.8674,1.8674
1978-07-05,1.8693,1.8693,1.8693,1.8693
1978-07-06,1.8675,1.8675,1.8675,1.8675
1978-07-07,1.8735,1.8735,1.8735,1.8735
1978-07-10,1.8895,1.8895,1.8895,1.8895
1978-07-11,1.884,1.884,1.884,1.884
1978-07-12,1.885,1.885,1.885,1.885
1978-07-13,1.885,1.885,1.885,1.885
1978-07-14,1.882,1.882,1.882,1.882
1978-07-17,1.8795,1.8795,1.8795,1.8795
1978-07-18,1.8835,1.8835,1.8835,1.8835
1978-07-19,1.895,1.895,1.895,1.895
1978-07-20,1.9035,1.9035,1.9035,1.9035
1978-07-21,1.911,1.911,1.911,1.911
1978-07-24,1.924,1.924,1.924,1.924
1978-07-25,1.9255,1.9255,1.9255,1.9255
1978-07-26,1.9105,1.9105,1.9105,1.9105
1978-07-27,1.9072,1.9072,1.9072,1.9072
1978-07-28,1.924,1.924,1.924,1.924
1978-07-31,1.931,1.931,1.931,1.931
1978-08-01,1.927,1.927,1.927,1.927
1978-08-02,1.928,1.928,1.928,1.928
1978-08-03,1.9295,1.9295,1.9295,1.9295
1978-08-04,1.925,1.925,1.925,1.925
1978-08-07,1.9292,1.9292,1.9292,1.9292
1978-08-08,1.934,1.934,1.934,1.934
1978-08-09,1.9485,1.9485,1.9485,1.9485
1978-08-10,1.9525,1.9525,1.9525,1.9525
1978-08-11,1.964,1.964,1.964,1.964
1978-08-14,1.9805,1.9805,1.9805,1.9805
1978-08-15,1.972,1.972,1.972,1.972
1978-08-16,1.976,1.976,1.976,1.976
1978-08-17,1.939,1.939,1.939,1.939
1978-08-18,1.94,1.94,1.94,1.94
1978-08-21,1.9278,1.9278,1.9278,1.9278
1978-08-22,1.93,1.93,1.93,1.93
1978-08-23,1.926,1.926,1.926,1.926
1978-08-24,1.9298,1.9298,1.9298,1.9298
1978-08-25,1.9255,1.9255,1.9255,1.9255
1978-08-28,1.922,1.922,1.922,1.922
1978-08-29,1.9435,1.9435,1.9435,1.9435
1978-08-30,1.941,1.941,1.941,1.941
1978-08-31,1.943,1.943,1.943,1.943
1978-09-01,1.95,1.95,1.95,1.95
1978-09-05,1.943,1.943,1.943,1.943
1978-09-06,1.9423,1.9423,1.9423,1.9423
1978-09-07,1.9375,1.9375,1.9375,1.9375
1978-09-08,1.9362,1.9362,1.9362,1.9362
1978-09-11,1.9425,1.9425,1.9425,1.9425
1978-09-12,1.9452,1.9452,1.9452,1.9452
1978-09-13,1.96,1.96,1.96,1.96
1978-09-14,1.959,1.959,1.959,1.959
1978-09-15,1.9615,1.9615,1.9615,1.9615
1978-09-18,1.9587,1.9587,1.9587,1.9587
1978-09-19,1.961,1.961,1.961,1.961
1978-09-20,1.9785,1.9785,1.9785,1.9785
1978-09-21,1.98,1.98,1.98,1.98
1978-09-22,1.972,1.972,1.972,1.972
1978-09-25,1.975,1.975,1.975,1.975
1978-09-26,1.97,1.97,1.97,1.97
1978-09-27,1.9707,1.9707,1.9707,1.9707
1978-09-28,1.9725,1.9725,1.9725,1.9725
1978-09-29,1.975,1.975,1.975,1.975
1978-10-02,1.9715,1.9715,1.9715,1.9715
1978-10-03,1.9735,1.9735,1.9735,1.9735
1978-10-04,1.982,1.982,1.982,1.982
1978-10-05,1.9817,1.9817,1.9817,1.9817
1978-10-06,1.981,1.981,1.981,1.981
1978-10-10,1.9835,1.9835,1.9835,1.9835
1978-10-11,1.9922,1.9922,1.9922,1.9922
1978-10-12,1.985,1.985,1.985,1.985
1978-10-13,1.986,1.986,1.986,1.986
1978-10-16,1.989,1.989,1.989,1.989
1978-10-17,1.996,1.996,1.996,1.996
1978-10-18,1.9955,1.9955,1.9955,1.9955
1978-10-19,1.9935,1.9935,1.9935,1.9935
1978-10-20,2,2,2,2
1978-10-23,2.007,2.007,2.007,2.007
1978-10-24,2.0065,2.0065,2.0065,2.0065
1978-10-25,2.029,2.029,2.029,2.029
1978-10-26,2.069,2.069,2.069,2.069
1978-10-27,2.0625,2.0625,2.0625,2.0625
1978-10-30,2.098,2.098,2.098,2.098
1978-10-31,2.076,2.076,2.076,2.076
1978-11-01,2.01,2.01,2.01,2.01
1978-11-02,1.995,1.995,1.995,1.995
1978-11-03,1.9825,1.9825,1.9825,1.9825
1978-11-06,1.9765,1.9765,1.9765,1.9765
1978-11-08,1.975,1.975,1.975,1.975
1978-11-09,1.972,1.972,1.972,1.972
1978-11-10,1.967,1.967,1.967,1.967
1978-11-13,1.967,1.967,1.967,1.967
1978-11-14,1.9712,1.9712,1.9712,1.9712
1978-11-15,1.9674,1.9674,1.9674,1.9674
1978-11-16,1.951,1.951,1.951,1.951
1978-11-17,1.928,1.928,1.928,1.928
1978-11-20,1.9355,1.9355,1.9355,1.9355
1978-11-21,1.9435,1.9435,1.9435,1.9435
1978-11-22,1.9475,1.9475,1.9475,1.9475
1978-11-24,1.9395,1.9395,1.9395,1.9395
1978-11-27,1.9435,1.9435,1.9435,1.9435
1978-11-28,1.9478,1.9478,1.9478,1.9478
1978-11-29,1.9512,1.9512,1.9512,1.9512
1978-11-30,1.944,1.944,1.944,1.944
1978-12-01,1.9377,1.9377,1.9377,1.9377
1978-12-04,1.947,1.947,1.947,1.947
1978-12-05,1.9512,1.9512,1.9512,1.9512
1978-12-06,1.951,1.951,1.951,1.951
1978-12-07,1.9515,1.9515,1.9515,1.9515
1978-12-08,1.9605,1.9605,1.9605,1.9605
1978-12-11,1.977,1.977,1.977,1.977
1978-12-12,1.9728,1.9728,1.9728,1.9728
1978-12-13,1.9765,1.9765,1.9765,1.9765
1978-12-14,1.9755,1.9755,1.9755,1.9755
1978-12-15,1.979,1.979,1.979,1.979
1978-12-18,2.004,2.004,2.004,2.004
1978-12-19,2.01,2.01,2.01,2.01
1978-12-20,2.01,2.01,2.01,2.01
1978-12-21,1.997,1.997,1.997,1.997
1978-12-22,2.004,2.004,2.004,2.004
1978-12-26,2.01,2.01,2.01,2.01
1978-12-27,2.037,2.037,2.037,2.037
1978-12-28,2.029,2.029,2.029,2.029
1978-12-29,2.0415,2.0415,2.0415,2.0415
1979-01-02,2.03,2.03,2.03,2.03
1979-01-03,2.026,2.026,2.026,2.026
1979-01-04,2.016,2.016,2.016,2.016
1979-01-05,2.0195,2.0195,2.0195,2.0195
1979-01-08,2.025,2.025,2.025,2.025
1979-01-09,2.0185,2.0185,2.0185,2.0185
1979-01-10,2.007,2.007,2.007,2.007
1979-01-11,2.0005,2.0005,2.0005,2.0005
1979-01-12,1.9955,1.9955,1.9955,1.9955
1979-01-15,1.9923,1.9923,1.9923,1.9923
1979-01-16,2.0015,2.0015,2.0015,2.0015
1979-01-17,2.006,2.006,2.006,2.006
1979-01-18,2.0095,2.0095,2.0095,2.0095
1979-01-19,2.0035,2.0035,2.0035,2.0035
1979-01-22,1.9987,1.9987,1.9987,1.9987
1979-01-23,1.9987,1.9987,1.9987,1.9987
1979-01-24,2,2,2,2
1979-01-25,1.993,1.993,1.993,1.993
1979-01-26,1.995,1.995,1.995,1.995
1979-01-29,1.9952,1.9952,1.9952,1.9952
1979-01-30,1.996,1.996,1.996,1.996
1979-01-31,1.9896,1.9896,1.9896,1.9896
1979-02-01,1.9805,1.9805,1.9805,1.9805
1979-02-02,1.979,1.979,1.979,1.979
1979-02-05,1.9892,1.9892,1.9892,1.9892
1979-02-06,1.9952,1.9952,1.9952,1.9952
1979-02-07,2.013,2.013,2.013,2.013
1979-02-08,2.0045,2.0045,2.0045,2.0045
1979-02-09,2.0025,2.0025,2.0025,2.0025
1979-02-13,2.0035,2.0035,2.0035,2.0035
1979-02-14,2.005,2.005,2.005,2.005
1979-02-15,2.0035,2.0035,2.0035,2.0035
1979-02-16,2.002,2.002,2.002,2.002
1979-02-20,2.004,2.004,2.004,2.004
1979-02-21,2.0072,2.0072,2.0072,2.0072
1979-02-22,2.0095,2.0095,2.0095,2.0095
1979-02-23,2.012,2.012,2.012,2.012
1979-02-26,2.0205,2.0205,2.0205,2.0205
1979-02-27,2.0218,2.0218,2.0218,2.0218
1979-02-28,2.0234,2.0234,2.0234,2.0234
1979-03-01,2.0231,2.0231,2.0231,2.0231
1979-03-02,2.022,2.022,2.022,2.022
1979-03-05,2.0223,2.0223,2.0223,2.0223
1979-03-06,2.0246,2.0246,2.0246,2.0246
1979-03-07,2.0347,2.0347,2.0347,2.0347
1979-03-08,2.042,2.042,2.042,2.042
1979-03-09,2.0378,2.0378,2.0378,2.0378
1979-03-12,2.041,2.041,2.041,2.041
1979-03-13,2.04,2.04,2.04,2.04
1979-03-14,2.0365,2.0365,2.0365,2.0365
1979-03-15,2.0357,2.0357,2.0357,2.0357
1979-03-16,2.03,2.03,2.03,2.03
1979-03-19,2.0247,2.0247,2.0247,2.0247
1979-03-20,2.0323,2.0323,2.0323,2.0323
1979-03-21,2.0343,2.0343,2.0343,2.0343
1979-03-22,2.0343,2.0343,2.0343,2.0343
1979-03-23,2.039,2.039,2.039,2.039
1979-03-26,2.0537,2.0537,2.0537,2.0537
1979-03-27,2.051,2.051,2.051,2.051
1979-03-28,2.0516,2.0516,2.0516,2.0516
1979-03-29,2.058,2.058,2.058,2.058
1979-03-30,2.0625,2.0625,2.0625,2.0625
1979-04-02,2.0673,2.0673,2.0673,2.0673
1979-04-03,2.067,2.067,2.067,2.067
1979-04-04,2.0671,2.0671,2.0671,2.0671
1979-04-05,2.077,2.077,2.077,2.077
1979-04-06,2.0882,2.0882,2.0882,2.0882
1979-04-09,2.0985,2.0985,2.0985,2.0985
1979-04-10,2.1025,2.1025,2.1025,2.1025
1979-04-11,2.09,2.09,2.09,2.09
1979-04-12,2.0745,2.0745,2.0745,2.0745
1979-04-13,2.08,2.08,2.08,2.08
1979-04-16,2.0875,2.0875,2.0875,2.0875
1979-04-17,2.0833,2.0833,2.0833,2.0833
1979-04-18,2.0737,2.0737,2.0737,2.0737
1979-04-19,2.0725,2.0725,2.0725,2.0725
1979-04-20,2.0695,2.0695,2.0695,2.0695
1979-04-23,2.0714,2.0714,2.0714,2.0714
1979-04-24,2.0655,2.0655,2.0655,2.0655
1979-04-25,2.0365,2.0365,2.0365,2.0365
1979-04-26,2.0473,2.0473,2.0473,2.0473
1979-04-27,2.0552,2.0552,2.0552,2.0552
1979-04-30,2.068,2.068,2.068,2.068
1979-05-01,2.0595,2.0595,2.0595,2.0595
1979-05-02,2.0677,2.0677,2.0677,2.0677
1979-05-03,2.0765,2.0765,2.0765,2.0765
1979-05-04,2.0775,2.0775,2.0775,2.0775
1979-05-07,2.0826,2.0826,2.0826,2.0826
1979-05-08,2.0663,2.0663,2.0663,2.0663
1979-05-09,2.0665,2.0665,2.0665,2.0665
1979-05-10,2.0485,2.0485,2.0485,2.0485
1979-05-11,2.0415,2.0415,2.0415,2.0415
1979-05-14,2.0435,2.0435,2.0435,2.0435
1979-05-15,2.0635,2.0635,2.0635,2.0635
1979-05-16,2.061,2.061,2.061,2.061
1979-05-17,2.055,2.055,2.055,2.055
1979-05-18,2.0565,2.0565,2.0565,2.0565
1979-05-21,2.0435,2.0435,2.0435,2.0435
1979-05-22,2.044,2.044,2.044,2.044
1979-05-23,2.0572,2.0572,2.0572,2.0572
1979-05-24,2.0525,2.0525,2.0525,2.0525
1979-05-25,2.0506,2.0506,2.0506,2.0506
1979-05-28,2.0525,2.0525,2.0525,2.0525
1979-05-29,2.0555,2.0555,2.0555,2.0555
1979-05-31,2.07,2.07,2.07,2.07
1979-06-01,2.074,2.074,2.074,2.074
1979-06-04,2.0768,2.0768,2.0768,2.0768
1979-06-05,2.08,2.08,2.08,2.08
1979-06-06,2.0738,2.0738,2.0738,2.0738
1979-06-07,2.0645,2.0645,2.0645,2.0645
1979-06-08,2.062,2.062,2.062,2.062
1979-06-11,2.069,2.069,2.069,2.069
1979-06-12,2.09,2.09,2.09,2.09
1979-06-13,2.1045,2.1045,2.1045,2.1045
1979-06-14,2.0958,2.0958,2.0958,2.0958
1979-06-15,2.106,2.106,2.106,2.106
1979-06-18,2.106,2.106,2.106,2.106
1979-06-19,2.12,2.12,2.12,2.12
1979-06-20,2.132,2.132,2.132,2.132
1979-06-21,2.1393,2.1393,2.1393,2.1393
1979-06-22,2.1418,2.1418,2.1418,2.1418
1979-06-25,2.1587,2.1587,2.1587,2.1587
1979-06-26,2.151,2.151,2.151,2.151
1979-06-27,2.1559,2.1559,2.1559,2.1559
1979-06-28,2.1685,2.1685,2.1685,2.1685
1979-06-29,2.181,2.181,2.181,2.181
1979-07-02,2.1885,2.1885,2.1885,2.1885
1979-07-03,2.2015,2.2015,2.2015,2.2015
1979-07-05,2.229,2.229,2.229,2.229
1979-07-06,2.219,2.219,2.219,2.219
1979-07-09,2.201,2.201,2.201,2.201
1979-07-10,2.222,2.222,2.222,2.222
1979-07-11,2.2325,2.2325,2.2325,2.2325
1979-07-12,2.2275,2.2275,2.2275,2.2275
1979-07-13,2.229,2.229,2.229,2.229
1979-07-16,2.242,2.242,2.242,2.242
1979-07-17,2.2695,2.2695,2.2695,2.2695
1979-07-18,2.278,2.278,2.278,2.278
1979-07-19,2.2925,2.2925,2.2925,2.2925
1979-07-20,2.274,2.274,2.274,2.274
1979-07-23,2.3015,2.3015,2.3015,2.3015
1979-07-24,2.3255,2.3255,2.3255,2.3255
1979-07-25,2.3205,2.3205,2.3205,2.3205
1979-07-26,2.329,2.329,2.329,2.329
1979-07-27,2.313,2.313,2.313,2.313
1979-07-30,2.3132,2.3132,2.3132,2.3132
1979-07-31,2.2475,2.2475,2.2475,2.2475
1979-08-01,2.2695,2.2695,2.2695,2.2695
1979-08-02,2.266,2.266,2.266,2.266
1979-08-03,2.2685,2.2685,2.2685,2.2685
1979-08-06,2.2385,2.2385,2.2385,2.2385
1979-08-07,2.217,2.217,2.217,2.217
1979-08-08,2.215,2.215,2.215,2.215
1979-08-09,2.2345,2.2345,2.2345,2.2345
1979-08-10,2.248,2.248,2.248,2.248
1979-08-13,2.2355,2.2355,2.2355,2.2355
1979-08-14,2.232,2.232,2.232,2.232
1979-08-15,2.232,2.232,2.232,2.232
1979-08-16,2.221,2.221,2.221,2.221
1979-08-17,2.218,2.218,2.218,2.218
1979-08-20,2.2215,2.2215,2.2215,2.2215
1979-08-21,2.2105,2.2105,2.2105,2.2105
1979-08-22,2.2179,2.2179,2.2179,2.2179
1979-08-23,2.222,2.222,2.222,2.222
1979-08-24,2.232,2.232,2.232,2.232
1979-08-27,2.243,2.243,2.243,2.243
1979-08-28,2.249,2.249,2.249,2.249
1979-08-29,2.2525,2.2525,2.2525,2.2525
1979-08-30,2.249,2.249,2.249,2.249
1979-08-31,2.2527,2.2527,2.2527,2.2527
1979-09-04,2.2391,2.2391,2.2391,2.2391
1979-09-05,2.242,2.242,2.242,2.242
1979-09-06,2.247,2.247,2.247,2.247
1979-09-07,2.2495,2.2495,2.2495,2.2495
1979-09-10,2.2447,2.2447,2.2447,2.2447
1979-09-11,2.24,2.24,2.24,2.24
1979-09-12,2.222,2.222,2.222,2.222
1979-09-13,2.203,2.203,2.203,2.203
1979-09-14,2.168,2.168,2.168,2.168
1979-09-17,2.152,2.152,2.152,2.152
1979-09-18,2.1535,2.1535,2.1535,2.1535
1979-09-19,2.1448,2.1448,2.1448,2.1448
1979-09-20,2.1605,2.1605,2.1605,2.1605
1979-09-21,2.163,2.163,2.163,2.163
1979-09-24,2.1565,2.1565,2.1565,2.1565
1979-09-25,2.1583,2.1583,2.1583,2.1583
1979-09-26,2.186,2.186,2.186,2.186
1979-09-27,2.202,2.202,2.202,2.202
1979-09-28,2.203,2.203,2.203,2.203
1979-10-01,2.1925,2.1925,2.1925,2.1925
1979-10-02,2.1912,2.1912,2.1912,2.1912
1979-10-03,2.183,2.183,2.183,2.183
1979-10-04,2.186,2.186,2.186,2.186
1979-10-05,2.178,2.178,2.178,2.178
1979-10-09,2.1545,2.1545,2.1545,2.1545
1979-10-10,2.1685,2.1685,2.1685,2.1685
1979-10-11,2.1635,2.1635,2.1635,2.1635
1979-10-12,2.1565,2.1565,2.1565,2.1565
1979-10-15,2.157,2.157,2.157,2.157
1979-10-16,2.1525,2.1525,2.1525,2.1525
1979-10-17,2.1445,2.1445,2.1445,2.1445
1979-10-18,2.1525,2.1525,2.1525,2.1525
1979-10-19,2.1545,2.1545,2.1545,2.1545
1979-10-22,2.1485,2.1485,2.1485,2.1485
1979-10-23,2.1125,2.1125,2.1125,2.1125
1979-10-24,2.1105,2.1105,2.1105,2.1105
1979-10-25,2.1135,2.1135,2.1135,2.1135
1979-10-26,2.1048,2.1048,2.1048,2.1048
1979-10-29,2.0963,2.0963,2.0963,2.0963
1979-10-30,2.0673,2.0673,2.0673,2.0673
1979-10-31,2.0745,2.0745,2.0745,2.0745
1979-11-01,2.071,2.071,2.071,2.071
1979-11-02,2.0665,2.0665,2.0665,2.0665
1979-11-05,2.069,2.069,2.069,2.069
1979-11-07,2.1055,2.1055,2.1055,2.1055
1979-11-08,2.085,2.085,2.085,2.085
1979-11-09,2.091,2.091,2.091,2.091
1979-11-13,2.109,2.109,2.109,2.109
1979-11-14,2.1115,2.1115,2.1115,2.1115
1979-11-15,2.142,2.142,2.142,2.142
1979-11-16,2.1595,2.1595,2.1595,2.1595
1979-11-19,2.1825,2.1825,2.1825,2.1825
1979-11-20,2.1665,2.1665,2.1665,2.1665
1979-11-21,2.1735,2.1735,2.1735,2.1735
1979-11-23,2.161,2.161,2.161,2.161
1979-11-26,2.161,2.161,2.161,2.161
1979-11-27,2.16,2.16,2.16,2.16
1979-11-28,2.174,2.174,2.174,2.174
1979-11-29,2.182,2.182,2.182,2.182
1979-11-30,2.199,2.199,2.199,2.199
1979-12-03,2.213,2.213,2.213,2.213
1979-12-04,2.194,2.194,2.194,2.194
1979-12-05,2.178,2.178,2.178,2.178
1979-12-06,2.191,2.191,2.191,2.191
1979-12-07,2.1665,2.1665,2.1665,2.1665
1979-12-10,2.1685,2.1685,2.1685,2.1685
1979-12-11,2.189,2.189,2.189,2.189
1979-12-12,2.191,2.191,2.191,2.191
1979-12-13,2.204,2.204,2.204,2.204
1979-12-14,2.199,2.199,2.199,2.199
1979-12-17,2.198,2.198,2.198,2.198
1979-12-18,2.198,2.198,2.198,2.198
1979-12-19,2.2045,2.2045,2.2045,2.2045
1979-12-20,2.1975,2.1975,2.1975,2.1975
1979-12-21,2.2015,2.2015,2.2015,2.2015
1979-12-24,2.2085,2.2085,2.2085,2.2085
1979-12-26,2.214,2.214,2.214,2.214
1979-12-27,2.2455,2.2455,2.2455,2.2455
1979-12-28,2.2335,2.2335,2.2335,2.2335
1979-12-31,2.2185,2.2185,2.2185,2.2185
1980-01-02,2.2427,2.2427,2.2427,2.2427
1980-01-03,2.24,2.24,2.24,2.24
1980-01-04,2.237,2.237,2.237,2.237
1980-01-07,2.2615,2.2615,2.2615,2.2615
1980-01-08,2.262,2.262,2.262,2.262
1980-01-09,2.266,2.266,2.266,2.266
1980-01-10,2.258,2.258,2.258,2.258
1980-01-11,2.257,2.257,2.257,2.257
1980-01-14,2.2755,2.2755,2.2755,2.2755
1980-01-15,2.2765,2.2765,2.2765,2.2765
1980-01-16,2.271,2.271,2.271,2.271
1980-01-17,2.277,2.277,2.277,2.277
1980-01-18,2.2855,2.2855,2.2855,2.2855
1980-01-21,2.2835,2.2835,2.2835,2.2835
1980-01-22,2.275,2.275,2.275,2.275
1980-01-23,2.2775,2.2775,2.2775,2.2775
1980-01-24,2.2778,2.2778,2.2778,2.2778
1980-01-25,2.261,2.261,2.261,2.261
1980-01-28,2.2475,2.2475,2.2475,2.2475
1980-01-29,2.2495,2.2495,2.2495,2.2495
1980-01-30,2.262,2.262,2.262,2.262
1980-01-31,2.2667,2.2667,2.2667,2.2667
1980-02-01,2.274,2.274,2.274,2.274
1980-02-04,2.2865,2.2865,2.2865,2.2865
1980-02-05,2.2905,2.2905,2.2905,2.2905
1980-02-06,2.312,2.312,2.312,2.312
1980-02-07,2.3015,2.3015,2.3015,2.3015
1980-02-08,2.298,2.298,2.298,2.298
1980-02-11,2.3047,2.3047,2.3047,2.3047
1980-02-13,2.308,2.308,2.308,2.308
1980-02-14,2.3131,2.3131,2.3131,2.3131
1980-02-15,2.295,2.295,2.295,2.295
1980-02-19,2.272,2.272,2.272,2.272
1980-02-20,2.2794,2.2794,2.2794,2.2794
1980-02-21,2.2865,2.2865,2.2865,2.2865
1980-02-22,2.2745,2.2745,2.2745,2.2745
1980-02-25,2.276,2.276,2.276,2.276
1980-02-26,2.2767,2.2767,2.2767,2.2767
1980-02-27,2.287,2.287,2.287,2.287
1980-02-28,2.2848,2.2848,2.2848,2.2848
1980-02-29,2.273,2.273,2.273,2.273
1980-03-03,2.242,2.242,2.242,2.242
1980-03-04,2.235,2.235,2.235,2.235
1980-03-05,2.24,2.24,2.24,2.24
1980-03-06,2.2335,2.2335,2.2335,2.2335
1980-03-07,2.227,2.227,2.227,2.227
1980-03-10,2.2168,2.2168,2.2168,2.2168
1980-03-11,2.2265,2.2265,2.2265,2.2265
1980-03-12,2.2335,2.2335,2.2335,2.2335
1980-03-13,2.223,2.223,2.223,2.223
1980-03-14,2.213,2.213,2.213,2.213
1980-03-17,2.1875,2.1875,2.1875,2.1875
1980-03-18,2.186,2.186,2.186,2.186
1980-03-19,2.1905,2.1905,2.1905,2.1905
1980-03-20,2.194,2.194,2.194,2.194
1980-03-21,2.1835,2.1835,2.1835,2.1835
1980-03-24,2.186,2.186,2.186,2.186
1980-03-25,2.1885,2.1885,2.1885,2.1885
1980-03-26,2.1855,2.1855,2.1855,2.1855
1980-03-27,2.174,2.174,2.174,2.174
1980-03-28,2.169,2.169,2.169,2.169
1980-03-31,2.16,2.16,2.16,2.16
1980-04-01,2.1515,2.1515,2.1515,2.1515
1980-04-02,2.154,2.154,2.154,2.154
1980-04-03,2.139,2.139,2.139,2.139
1980-04-04,2.135,2.135,2.135,2.135
1980-04-07,2.14,2.14,2.14,2.14
1980-04-08,2.179,2.179,2.179,2.179
1980-04-09,2.186,2.186,2.186,2.186
1980-04-10,2.1915,2.1915,2.1915,2.1915
1980-04-11,2.195,2.195,2.195,2.195
1980-04-14,2.2035,2.2035,2.2035,2.2035
1980-04-15,2.1875,2.1875,2.1875,2.1875
1980-04-16,2.217,2.217,2.217,2.217
1980-04-17,2.215,2.215,2.215,2.215
1980-04-18,2.2185,2.2185,2.2185,2.2185
1980-04-21,2.242,2.242,2.242,2.242
1980-04-22,2.2345,2.2345,2.2345,2.2345
1980-04-23,2.269,2.269,2.269,2.269
1980-04-24,2.2635,2.2635,2.2635,2.2635
1980-04-25,2.2735,2.2735,2.2735,2.2735
1980-04-28,2.283,2.283,2.283,2.283
1980-04-29,2.2695,2.2695,2.2695,2.2695
1980-04-30,2.2585,2.2585,2.2585,2.2585
1980-05-01,2.259,2.259,2.259,2.259
1980-05-02,2.2555,2.2555,2.2555,2.2555
1980-05-05,2.278,2.278,2.278,2.278
1980-05-06,2.2795,2.2795,2.2795,2.2795
1980-05-07,2.2815,2.2815,2.2815,2.2815
1980-05-08,2.285,2.285,2.285,2.285
1980-05-09,2.267,2.267,2.267,2.267
1980-05-12,2.281,2.281,2.281,2.281
1980-05-13,2.279,2.279,2.279,2.279
1980-05-14,2.2975,2.2975,2.2975,2.2975
1980-05-15,2.3005,2.3005,2.3005,2.3005
1980-05-16,2.284,2.284,2.284,2.284
1980-05-19,2.2835,2.2835,2.2835,2.2835
1980-05-20,2.291,2.291,2.291,2.291
1980-05-21,2.3305,2.3305,2.3305,2.3305
1980-05-22,2.3285,2.3285,2.3285,2.3285
1980-05-23,2.344,2.344,2.344,2.344
1980-05-27,2.37,2.37,2.37,2.37
1980-05-28,2.359,2.359,2.359,2.359
1980-05-29,2.346,2.346,2.346,2.346
1980-05-30,2.3425,2.3425,2.3425,2.3425
1980-06-02,2.3365,2.3365,2.3365,2.3365
1980-06-03,2.303,2.303,2.303,2.303
1980-06-04,2.3215,2.3215,2.3215,2.3215
1980-06-05,2.3305,2.3305,2.3305,2.3305
1980-06-06,2.3318,2.3318,2.3318,2.3318
1980-06-09,2.3505,2.3505,2.3505,2.3505
1980-06-10,2.3327,2.3327,2.3327,2.3327
1980-06-11,2.3348,2.3348,2.3348,2.3348
1980-06-12,2.3385,2.3385,2.3385,2.3385
1980-06-13,2.3425,2.3425,2.3425,2.3425
1980-06-16,2.3405,2.3405,2.3405,2.3405
1980-06-17,2.3306,2.3306,2.3306,2.3306
1980-06-18,2.3323,2.3323,2.3323,2.3323
1980-06-19,2.3355,2.3355,2.3355,2.3355
1980-06-20,2.335,2.335,2.335,2.335
1980-06-23,2.341,2.341,2.341,2.341
1980-06-24,2.3357,2.3357,2.3357,2.3357
1980-06-25,2.336,2.336,2.336,2.336
1980-06-26,2.3435,2.3435,2.3435,2.3435
1980-06-27,2.347,2.347,2.347,2.347
1980-06-30,2.3555,2.3555,2.3555,2.3555
1980-07-01,2.3615,2.3615,2.3615,2.3615
1980-07-02,2.358,2.358,2.358,2.358
1980-07-03,2.3483,2.3483,2.3483,2.3483
1980-07-07,2.3825,2.3825,2.3825,2.3825
1980-07-08,2.373,2.373,2.373,2.373
1980-07-09,2.3735,2.3735,2.3735,2.3735
1980-07-10,2.3755,2.3755,2.3755,2.3755
1980-07-11,2.3777,2.3777,2.3777,2.3777
1980-07-14,2.3755,2.3755,2.3755,2.3755
1980-07-15,2.3715,2.3715,2.3715,2.3715
1980-07-16,2.3715,2.3715,2.3715,2.3715
1980-07-17,2.38,2.38,2.38,2.38
1980-07-18,2.3742,2.3742,2.3742,2.3742
1980-07-21,2.3795,2.3795,2.3795,2.3795
1980-07-22,2.388,2.388,2.388,2.388
1980-07-23,2.3845,2.3845,2.3845,2.3845
1980-07-24,2.3965,2.3965,2.3965,2.3965
1980-07-25,2.3905,2.3905,2.3905,2.3905
1980-07-28,2.3862,2.3862,2.3862,2.3862
1980-07-29,2.371,2.371,2.371,2.371
1980-07-30,2.348,2.348,2.348,2.348
1980-07-31,2.3425,2.3425,2.3425,2.3425
1980-08-01,2.333,2.333,2.333,2.333
1980-08-04,2.3425,2.3425,2.3425,2.3425
1980-08-05,2.3555,2.3555,2.3555,2.3555
1980-08-06,2.374,2.374,2.374,2.374
1980-08-07,2.3698,2.3698,2.3698,2.3698
1980-08-08,2.372,2.372,2.372,2.372
1980-08-11,2.3718,2.3718,2.3718,2.3718
1980-08-12,2.373,2.373,2.373,2.373
1980-08-13,2.3755,2.3755,2.3755,2.3755
1980-08-14,2.3755,2.3755,2.3755,2.3755
1980-08-15,2.3795,2.3795,2.3795,2.3795
1980-08-18,2.369,2.369,2.369,2.369
1980-08-19,2.36,2.36,2.36,2.36
1980-08-20,2.3685,2.3685,2.3685,2.3685
1980-08-21,2.369,2.369,2.369,2.369
1980-08-22,2.3655,2.3655,2.3655,2.3655
1980-08-25,2.3685,2.3685,2.3685,2.3685
1980-08-26,2.3795,2.3795,2.3795,2.3795
1980-08-27,2.3905,2.3905,2.3905,2.3905
1980-08-28,2.389,2.389,2.389,2.389
1980-08-29,2.396,2.396,2.396,2.396
1980-09-02,2.418,2.418,2.418,2.418
1980-09-03,2.4155,2.4155,2.4155,2.4155
1980-09-04,2.418,2.418,2.418,2.418
1980-09-05,2.413,2.413,2.413,2.413
1980-09-08,2.4175,2.4175,2.4175,2.4175
1980-09-09,2.4005,2.4005,2.4005,2.4005
1980-09-10,2.402,2.402,2.402,2.402
1980-09-11,2.4115,2.4115,2.4115,2.4115
1980-09-12,2.4135,2.4135,2.4135,2.4135
1980-09-15,2.396,2.396,2.396,2.396
1980-09-16,2.3865,2.3865,2.3865,2.3865
1980-09-17,2.3923,2.3923,2.3923,2.3923
1980-09-18,2.384,2.384,2.384,2.384
1980-09-19,2.3855,2.3855,2.3855,2.3855
1980-09-22,2.403,2.403,2.403,2.403
1980-09-23,2.402,2.402,2.402,2.402
1980-09-24,2.399,2.399,2.399,2.399
1980-09-25,2.3992,2.3992,2.3992,2.3992
1980-09-26,2.3915,2.3915,2.3915,2.3915
1980-09-29,2.3905,2.3905,2.3905,2.3905
1980-09-30,2.387,2.387,2.387,2.387
1980-10-01,2.391,2.391,2.391,2.391
1980-10-02,2.386,2.386,2.386,2.386
1980-10-03,2.3883,2.3883,2.3883,2.3883
1980-10-06,2.3978,2.3978,2.3978,2.3978
1980-10-07,2.3925,2.3925,2.3925,2.3925
1980-10-08,2.393,2.393,2.393,2.393
1980-10-09,2.3972,2.3972,2.3972,2.3972
1980-10-10,2.4028,2.4028,2.4028,2.4028
1980-10-14,2.4078,2.4078,2.4078,2.4078
1980-10-15,2.407,2.407,2.407,2.407
1980-10-16,2.4165,2.4165,2.4165,2.4165
1980-10-17,2.413,2.413,2.413,2.413
1980-10-20,2.4295,2.4295,2.4295,2.4295
1980-10-21,2.435,2.435,2.435,2.435
1980-10-22,2.4345,2.4345,2.4345,2.4345
1980-10-23,2.442,2.442,2.442,2.442
1980-10-24,2.44,2.44,2.44,2.44
1980-10-27,2.438,2.438,2.438,2.438
1980-10-28,2.4345,2.4345,2.4345,2.4345
1980-10-29,2.441,2.441,2.441,2.441
1980-10-30,2.438,2.438,2.438,2.438
1980-10-31,2.4365,2.4365,2.4365,2.4365
1980-11-03,2.443,2.443,2.443,2.443
1980-11-05,2.446,2.446,2.446,2.446
1980-11-06,2.438,2.438,2.438,2.438
1980-11-07,2.418,2.418,2.418,2.418
1980-11-10,2.3965,2.3965,2.3965,2.3965
1980-11-12,2.413,2.413,2.413,2.413
1980-11-13,2.4175,2.4175,2.4175,2.4175
1980-11-14,2.403,2.403,2.403,2.403
1980-11-17,2.394,2.394,2.394,2.394
1980-11-18,2.39,2.39,2.39,2.39
1980-11-19,2.376,2.376,2.376,2.376
1980-11-20,2.385,2.385,2.385,2.385
1980-11-21,2.3585,2.3585,2.3585,2.3585
1980-11-24,2.339,2.339,2.339,2.339
1980-11-25,2.355,2.355,2.355,2.355
1980-11-26,2.3695,2.3695,2.3695,2.3695
1980-11-28,2.3575,2.3575,2.3575,2.3575
1980-12-01,2.3485,2.3485,2.3485,2.3485
1980-12-02,2.3415,2.3415,2.3415,2.3415
1980-12-03,2.346,2.346,2.346,2.346
1980-12-04,2.3442,2.3442,2.3442,2.3442
1980-12-05,2.339,2.339,2.339,2.339
1980-12-08,2.3435,2.3435,2.3435,2.3435
1980-12-09,2.3355,2.3355,2.3355,2.3355
1980-12-10,2.34,2.34,2.34,2.34
1980-12-11,2.3145,2.3145,2.3145,2.3145
1980-12-12,2.3235,2.3235,2.3235,2.3235
1980-12-15,2.3275,2.3275,2.3275,2.3275
1980-12-16,2.309,2.309,2.309,2.309
1980-12-17,2.33,2.33,2.33,2.33
1980-12-18,2.324,2.324,2.324,2.324
1980-12-19,2.341,2.341,2.341,2.341
1980-12-22,2.351,2.351,2.351,2.351
1980-12-23,2.368,2.368,2.368,2.368
1980-12-24,2.36,2.36,2.36,2.36
1980-12-26,2.379,2.379,2.379,2.379
1980-12-29,2.366,2.366,2.366,2.366
1980-12-30,2.39,2.39,2.39,2.39
1980-12-31,2.389,2.389,2.389,2.389
1981-01-02,2.382,2.382,2.382,2.382
1981-01-05,2.4155,2.4155,2.4155,2.4155
1981-01-06,2.4225,2.4225,2.4225,2.4225
1981-01-07,2.4115,2.4115,2.4115,2.4115
1981-01-08,2.4035,2.4035,2.4035,2.4035
1981-01-09,2.395,2.395,2.395,2.395
1981-01-12,2.397,2.397,2.397,2.397
1981-01-13,2.388,2.388,2.388,2.388
1981-01-14,2.4025,2.4025,2.4025,2.4025
1981-01-15,2.4005,2.4005,2.4005,2.4005
1981-01-16,2.3935,2.3935,2.3935,2.3935
1981-01-19,2.405,2.405,2.405,2.405
1981-01-20,2.4185,2.4185,2.4185,2.4185
1981-01-21,2.427,2.427,2.427,2.427
1981-01-22,2.403,2.403,2.403,2.403
1981-01-23,2.407,2.407,2.407,2.407
1981-01-26,2.416,2.416,2.416,2.416
1981-01-27,2.402,2.402,2.402,2.402
1981-01-28,2.4083,2.4083,2.4083,2.4083
1981-01-29,2.3968,2.3968,2.3968,2.3968
1981-01-30,2.3655,2.3655,2.3655,2.3655
1981-02-02,2.349,2.349,2.349,2.349
1981-02-03,2.3505,2.3505,2.3505,2.3505
1981-02-04,2.356,2.356,2.356,2.356
1981-02-05,2.3405,2.3405,2.3405,2.3405
1981-02-06,2.34,2.34,2.34,2.34
1981-02-09,2.3405,2.3405,2.3405,2.3405
1981-02-10,2.337,2.337,2.337,2.337
1981-02-11,2.3375,2.3375,2.3375,2.3375
1981-02-13,2.2845,2.2845,2.2845,2.2845
1981-02-17,2.263,2.263,2.263,2.263
1981-02-18,2.266,2.266,2.266,2.266
1981-02-19,2.284,2.284,2.284,2.284
1981-02-20,2.31,2.31,2.31,2.31
1981-02-23,2.244,2.244,2.244,2.244
1981-02-24,2.233,2.233,2.233,2.233
1981-02-25,2.228,2.228,2.228,2.228
1981-02-26,2.2265,2.2265,2.2265,2.2265
1981-02-27,2.204,2.204,2.204,2.204
1981-03-02,2.1805,2.1805,2.1805,2.1805
1981-03-03,2.205,2.205,2.205,2.205
1981-03-04,2.198,2.198,2.198,2.198
1981-03-05,2.204,2.204,2.204,2.204
1981-03-06,2.1925,2.1925,2.1925,2.1925
1981-03-09,2.215,2.215,2.215,2.215
1981-03-10,2.228,2.228,2.228,2.228
1981-03-11,2.2165,2.2165,2.2165,2.2165
1981-03-12,2.219,2.219,2.219,2.219
1981-03-13,2.217,2.217,2.217,2.217
1981-03-16,2.2365,2.2365,2.2365,2.2365
1981-03-17,2.249,2.249,2.249,2.249
1981-03-18,2.2785,2.2785,2.2785,2.2785
1981-03-19,2.2805,2.2805,2.2805,2.2805
1981-03-20,2.263,2.263,2.263,2.263
1981-03-23,2.2495,2.2495,2.2495,2.2495
1981-03-24,2.2655,2.2655,2.2655,2.2655
1981-03-25,2.2625,2.2625,2.2625,2.2625
1981-03-26,2.245,2.245,2.245,2.245
1981-03-27,2.226,2.226,2.226,2.226
1981-03-30,2.2375,2.2375,2.2375,2.2375
1981-03-31,2.2325,2.2325,2.2325,2.2325
1981-04-01,2.246,2.246,2.246,2.246
1981-04-02,2.218,2.218,2.218,2.218
1981-04-03,2.195,2.195,2.195,2.195
1981-04-06,2.175,2.175,2.175,2.175
1981-04-07,2.203,2.203,2.203,2.203
1981-04-08,2.196,2.196,2.196,2.196
1981-04-09,2.19,2.19,2.19,2.19
1981-04-10,2.185,2.185,2.185,2.185
1981-04-13,2.163,2.163,2.163,2.163
1981-04-14,2.1758,2.1758,2.1758,2.1758
1981-04-15,2.153,2.153,2.153,2.153
1981-04-16,2.154,2.154,2.154,2.154
1981-04-17,2.154,2.154,2.154,2.154
1981-04-20,2.1575,2.1575,2.1575,2.1575
1981-04-21,2.1617,2.1617,2.1617,2.1617
1981-04-22,2.1865,2.1865,2.1865,2.1865
1981-04-23,2.1745,2.1745,2.1745,2.1745
1981-04-24,2.167,2.167,2.167,2.167
1981-04-27,2.163,2.163,2.163,2.163
1981-04-28,2.156,2.156,2.156,2.156
1981-04-29,2.143,2.143,2.143,2.143
1981-04-30,2.1395,2.1395,2.1395,2.1395
1981-05-01,2.143,2.143,2.143,2.143
1981-05-04,2.118,2.118,2.118,2.118
1981-05-05,2.1135,2.1135,2.1135,2.1135
1981-05-06,2.1168,2.1168,2.1168,2.1168
1981-05-07,2.1035,2.1035,2.1035,2.1035
1981-05-08,2.1155,2.1155,2.1155,2.1155
1981-05-11,2.101,2.101,2.101,2.101
1981-05-12,2.0875,2.0875,2.0875,2.0875
1981-05-13,2.0775,2.0775,2.0775,2.0775
1981-05-14,2.0663,2.0663,2.0663,2.0663
1981-05-15,2.0745,2.0745,2.0745,2.0745
1981-05-18,2.0882,2.0882,2.0882,2.0882
1981-05-19,2.0765,2.0765,2.0765,2.0765
1981-05-20,2.081,2.081,2.081,2.081
1981-05-21,2.068,2.068,2.068,2.068
1981-05-22,2.0725,2.0725,2.0725,2.0725
1981-05-26,2.066,2.066,2.066,2.066
1981-05-27,2.06,2.06,2.06,2.06
1981-05-28,2.068,2.068,2.068,2.068
1981-05-29,2.07,2.07,2.07,2.07
1981-06-01,2.0575,2.0575,2.0575,2.0575
1981-06-02,2.036,2.036,2.036,2.036
1981-06-03,2.016,2.016,2.016,2.016
1981-06-04,1.94,1.94,1.94,1.94
1981-06-05,1.93,1.93,1.93,1.93
1981-06-08,1.94,1.94,1.94,1.94
1981-06-09,1.9405,1.9405,1.9405,1.9405
1981-06-10,1.9705,1.9705,1.9705,1.9705
1981-06-11,1.949,1.949,1.949,1.949
1981-06-12,1.957,1.957,1.957,1.957
1981-06-15,2.002,2.002,2.002,2.002
1981-06-16,1.9948,1.9948,1.9948,1.9948
1981-06-17,1.997,1.997,1.997,1.997
1981-06-18,1.976,1.976,1.976,1.976
1981-06-19,1.972,1.972,1.972,1.972
1981-06-22,1.9918,1.9918,1.9918,1.9918
1981-06-23,1.9982,1.9982,1.9982,1.9982
1981-06-24,1.979,1.979,1.979,1.979
1981-06-25,1.953,1.953,1.953,1.953
1981-06-26,1.949,1.949,1.949,1.949
1981-06-29,1.9435,1.9435,1.9435,1.9435
1981-06-30,1.93,1.93,1.93,1.93
1981-07-01,1.9025,1.9025,1.9025,1.9025
1981-07-02,1.884,1.884,1.884,1.884
1981-07-03,1.893,1.893,1.893,1.893
1981-07-06,1.9,1.9,1.9,1.9
1981-07-07,1.9025,1.9025,1.9025,1.9025
1981-07-08,1.879,1.879,1.879,1.879
1981-07-09,1.877,1.877,1.877,1.877
1981-07-10,1.8925,1.8925,1.8925,1.8925
1981-07-13,1.8805,1.8805,1.8805,1.8805
1981-07-14,1.862,1.862,1.862,1.862
1981-07-15,1.89,1.89,1.89,1.89
1981-07-16,1.8825,1.8825,1.8825,1.8825
1981-07-17,1.8815,1.8815,1.8815,1.8815
1981-07-20,1.867,1.867,1.867,1.867
1981-07-21,1.845,1.845,1.845,1.845
1981-07-22,1.8607,1.8607,1.8607,1.8607
1981-07-23,1.8545,1.8545,1.8545,1.8545
1981-07-24,1.8622,1.8622,1.8622,1.8622
1981-07-27,1.86,1.86,1.86,1.86
1981-07-28,1.8635,1.8635,1.8635,1.8635
1981-07-29,1.858,1.858,1.858,1.858
1981-07-30,1.857,1.857,1.857,1.857
1981-07-31,1.84,1.84,1.84,1.84
1981-08-03,1.8015,1.8015,1.8015,1.8015
1981-08-04,1.7935,1.7935,1.7935,1.7935
1981-08-05,1.8055,1.8055,1.8055,1.8055
1981-08-06,1.798,1.798,1.798,1.798
1981-08-07,1.7905,1.7905,1.7905,1.7905
1981-08-10,1.771,1.771,1.771,1.771
1981-08-11,1.776,1.776,1.776,1.776
1981-08-12,1.8115,1.8115,1.8115,1.8115
1981-08-13,1.804,1.804,1.804,1.804
1981-08-14,1.802,1.802,1.802,1.802
1981-08-17,1.8225,1.8225,1.8225,1.8225
1981-08-18,1.829,1.829,1.829,1.829
1981-08-19,1.8315,1.8315,1.8315,1.8315
1981-08-20,1.8595,1.8595,1.8595,1.8595
1981-08-21,1.8765,1.8765,1.8765,1.8765
1981-08-24,1.849,1.849,1.849,1.849
1981-08-25,1.8235,1.8235,1.8235,1.8235
1981-08-26,1.845,1.845,1.845,1.845
1981-08-27,1.8425,1.8425,1.8425,1.8425
1981-08-28,1.849,1.849,1.849,1.849
1981-08-31,1.845,1.845,1.845,1.845
1981-09-01,1.832,1.832,1.832,1.832
1981-09-02,1.8415,1.8415,1.8415,1.8415
1981-09-03,1.8445,1.8445,1.8445,1.8445
1981-09-04,1.843,1.843,1.843,1.843
1981-09-08,1.7935,1.7935,1.7935,1.7935
1981-09-09,1.781,1.781,1.781,1.781
1981-09-10,1.804,1.804,1.804,1.804
1981-09-11,1.779,1.779,1.779,1.779
1981-09-14,1.795,1.795,1.795,1.795
1981-09-15,1.833,1.833,1.833,1.833
1981-09-16,1.8475,1.8475,1.8475,1.8475
1981-09-17,1.832,1.832,1.832,1.832
1981-09-18,1.834,1.834,1.834,1.834
1981-09-21,1.854,1.854,1.854,1.854
1981-09-22,1.831,1.831,1.831,1.831
1981-09-23,1.8115,1.8115,1.8115,1.8115
1981-09-24,1.7885,1.7885,1.7885,1.7885
1981-09-25,1.7855,1.7855,1.7855,1.7855
1981-09-28,1.779,1.779,1.779,1.779
1981-09-29,1.7945,1.7945,1.7945,1.7945
1981-09-30,1.803,1.803,1.803,1.803
1981-10-01,1.831,1.831,1.831,1.831
1981-10-02,1.818,1.818,1.818,1.818
1981-10-05,1.8545,1.8545,1.8545,1.8545
1981-10-06,1.847,1.847,1.847,1.847
1981-10-07,1.869,1.869,1.869,1.869
1981-10-08,1.8985,1.8985,1.8985,1.8985
1981-10-09,1.901,1.901,1.901,1.901
1981-10-13,1.855,1.855,1.855,1.855
1981-10-14,1.853,1.853,1.853,1.853
1981-10-15,1.847,1.847,1.847,1.847
1981-10-16,1.831,1.831,1.831,1.831
1981-10-19,1.84,1.84,1.84,1.84
1981-10-20,1.819,1.819,1.819,1.819
1981-10-21,1.8212,1.8212,1.8212,1.8212
1981-10-22,1.8148,1.8148,1.8148,1.8148
1981-10-23,1.8205,1.8205,1.8205,1.8205
1981-10-26,1.805,1.805,1.805,1.805
1981-10-27,1.8108,1.8108,1.8108,1.8108
1981-10-28,1.8245,1.8245,1.8245,1.8245
1981-10-29,1.8315,1.8315,1.8315,1.8315
1981-10-30,1.862,1.862,1.862,1.862
1981-11-02,1.8725,1.8725,1.8725,1.8725
1981-11-04,1.878,1.878,1.878,1.878
1981-11-05,1.8725,1.8725,1.8725,1.8725
1981-11-06,1.875,1.875,1.875,1.875
1981-11-09,1.892,1.892,1.892,1.892
1981-11-10,1.867,1.867,1.867,1.867
1981-11-12,1.8945,1.8945,1.8945,1.8945
1981-11-13,1.907,1.907,1.907,1.907
1981-11-16,1.913,1.913,1.913,1.913
1981-11-17,1.893,1.893,1.893,1.893
1981-11-18,1.9115,1.9115,1.9115,1.9115
1981-11-19,1.911,1.911,1.911,1.911
1981-11-20,1.897,1.897,1.897,1.897
1981-11-23,1.9037,1.9037,1.9037,1.9037
1981-11-24,1.9185,1.9185,1.9185,1.9185
1981-11-25,1.928,1.928,1.928,1.928
1981-11-27,1.956,1.956,1.956,1.956
1981-11-30,1.955,1.955,1.955,1.955
1981-12-01,1.9455,1.9455,1.9455,1.9455
1981-12-02,1.9525,1.9525,1.9525,1.9525
1981-12-03,1.933,1.933,1.933,1.933
1981-12-04,1.9415,1.9415,1.9415,1.9415
1981-12-07,1.935,1.935,1.935,1.935
1981-12-08,1.9265,1.9265,1.9265,1.9265
1981-12-09,1.9225,1.9225,1.9225,1.9225
1981-12-10,1.8928,1.8928,1.8928,1.8928
1981-12-11,1.8775,1.8775,1.8775,1.8775
1981-12-14,1.8655,1.8655,1.8655,1.8655
1981-12-15,1.8855,1.8855,1.8855,1.8855
1981-12-16,1.8865,1.8865,1.8865,1.8865
1981-12-17,1.8865,1.8865,1.8865,1.8865
1981-12-18,1.8775,1.8775,1.8775,1.8775
1981-12-21,1.8715,1.8715,1.8715,1.8715
1981-12-22,1.886,1.886,1.886,1.886
1981-12-23,1.8865,1.8865,1.8865,1.8865
1981-12-24,1.893,1.893,1.893,1.893
1981-12-28,1.89,1.89,1.89,1.89
1981-12-29,1.8905,1.8905,1.8905,1.8905
1981-12-30,1.9125,1.9125,1.9125,1.9125
1981-12-31,1.915,1.915,1.915,1.915
1982-01-04,1.926,1.926,1.926,1.926
1982-01-05,1.912,1.912,1.912,1.912
1982-01-06,1.9253,1.9253,1.9253,1.9253
1982-01-07,1.92,1.92,1.92,1.92
1982-01-08,1.92,1.92,1.92,1.92
1982-01-11,1.887,1.887,1.887,1.887
1982-01-12,1.873,1.873,1.873,1.873
1982-01-13,1.868,1.868,1.868,1.868
1982-01-14,1.8635,1.8635,1.8635,1.8635
1982-01-15,1.87,1.87,1.87,1.87
1982-01-18,1.8835,1.8835,1.8835,1.8835
1982-01-19,1.894,1.894,1.894,1.894
1982-01-20,1.8832,1.8832,1.8832,1.8832
1982-01-21,1.88,1.88,1.88,1.88
1982-01-22,1.8705,1.8705,1.8705,1.8705
1982-01-25,1.8545,1.8545,1.8545,1.8545
1982-01-26,1.8705,1.8705,1.8705,1.8705
1982-01-27,1.866,1.866,1.866,1.866
1982-01-28,1.8745,1.8745,1.8745,1.8745
1982-01-29,1.879,1.879,1.879,1.879
1982-02-01,1.8605,1.8605,1.8605,1.8605
1982-02-02,1.8625,1.8625,1.8625,1.8625
1982-02-03,1.8585,1.8585,1.8585,1.8585
1982-02-04,1.87,1.87,1.87,1.87
1982-02-05,1.8605,1.8605,1.8605,1.8605
1982-02-08,1.8625,1.8625,1.8625,1.8625
1982-02-09,1.842,1.842,1.842,1.842
1982-02-10,1.8475,1.8475,1.8475,1.8475
1982-02-11,1.849,1.849,1.849,1.849
1982-02-16,1.8322,1.8322,1.8322,1.8322
1982-02-17,1.8355,1.8355,1.8355,1.8355
1982-02-18,1.8515,1.8515,1.8515,1.8515
1982-02-19,1.8525,1.8525,1.8525,1.8525
1982-02-22,1.8475,1.8475,1.8475,1.8475
1982-02-23,1.831,1.831,1.831,1.831
1982-02-24,1.8295,1.8295,1.8295,1.8295
1982-02-25,1.8327,1.8327,1.8327,1.8327
1982-02-26,1.82,1.82,1.82,1.82
1982-03-01,1.8217,1.8217,1.8217,1.8217
1982-03-02,1.8125,1.8125,1.8125,1.8125
1982-03-03,1.823,1.823,1.823,1.823
1982-03-04,1.8275,1.8275,1.8275,1.8275
1982-03-05,1.8375,1.8375,1.8375,1.8375
1982-03-08,1.825,1.825,1.825,1.825
1982-03-09,1.8035,1.8035,1.8035,1.8035
1982-03-10,1.81,1.81,1.81,1.81
1982-03-11,1.805,1.805,1.805,1.805
1982-03-12,1.7975,1.7975,1.7975,1.7975
1982-03-15,1.807,1.807,1.807,1.807
1982-03-16,1.802,1.802,1.802,1.802
1982-03-17,1.8092,1.8092,1.8092,1.8092
1982-03-18,1.8095,1.8095,1.8095,1.8095
1982-03-19,1.799,1.799,1.799,1.799
1982-03-22,1.7978,1.7978,1.7978,1.7978
1982-03-23,1.802,1.802,1.802,1.802
1982-03-24,1.8045,1.8045,1.8045,1.8045
1982-03-25,1.7955,1.7955,1.7955,1.7955
1982-03-26,1.79,1.79,1.79,1.79
1982-03-29,1.7775,1.7775,1.7775,1.7775
1982-03-30,1.7835,1.7835,1.7835,1.7835
1982-03-31,1.781,1.781,1.781,1.781
1982-04-01,1.79,1.79,1.79,1.79
1982-04-02,1.7875,1.7875,1.7875,1.7875
1982-04-05,1.7722,1.7722,1.7722,1.7722
1982-04-06,1.7505,1.7505,1.7505,1.7505
1982-04-07,1.763,1.763,1.763,1.763
1982-04-08,1.753,1.753,1.753,1.753
1982-04-09,1.754,1.754,1.754,1.754
1982-04-12,1.768,1.768,1.768,1.768
1982-04-13,1.769,1.769,1.769,1.769
1982-04-14,1.76,1.76,1.76,1.76
1982-04-15,1.7598,1.7598,1.7598,1.7598
1982-04-16,1.76,1.76,1.76,1.76
1982-04-19,1.773,1.773,1.773,1.773
1982-04-20,1.7705,1.7705,1.7705,1.7705
1982-04-21,1.777,1.777,1.777,1.777
1982-04-22,1.7775,1.7775,1.7775,1.7775
1982-04-23,1.772,1.772,1.772,1.772
1982-04-26,1.7775,1.7775,1.7775,1.7775
1982-04-27,1.7745,1.7745,1.7745,1.7745
1982-04-28,1.7855,1.7855,1.7855,1.7855
1982-04-29,1.794,1.794,1.794,1.794
1982-04-30,1.7945,1.7945,1.7945,1.7945
1982-05-03,1.8135,1.8135,1.8135,1.8135
1982-05-04,1.7945,1.7945,1.7945,1.7945
1982-05-05,1.805,1.805,1.805,1.805
1982-05-06,1.821,1.821,1.821,1.821
1982-05-07,1.8262,1.8262,1.8262,1.8262
1982-05-10,1.836,1.836,1.836,1.836
1982-05-11,1.833,1.833,1.833,1.833
1982-05-12,1.837,1.837,1.837,1.837
1982-05-13,1.824,1.824,1.824,1.824
1982-05-14,1.8235,1.8235,1.8235,1.8235
1982-05-17,1.8165,1.8165,1.8165,1.8165
1982-05-18,1.8135,1.8135,1.8135,1.8135
1982-05-19,1.7965,1.7965,1.7965,1.7965
1982-05-20,1.7795,1.7795,1.7795,1.7795
1982-05-21,1.7975,1.7975,1.7975,1.7975
1982-05-24,1.8045,1.8045,1.8045,1.8045
1982-05-25,1.8048,1.8048,1.8048,1.8048
1982-05-26,1.8,1.8,1.8,1.8
1982-05-27,1.7895,1.7895,1.7895,1.7895
1982-05-28,1.791,1.791,1.791,1.791
1982-06-01,1.7875,1.7875,1.7875,1.7875
1982-06-02,1.7915,1.7915,1.7915,1.7915
1982-06-03,1.7962,1.7962,1.7962,1.7962
1982-06-04,1.795,1.795,1.795,1.795
1982-06-07,1.79,1.79,1.79,1.79
1982-06-08,1.782,1.782,1.782,1.782
1982-06-09,1.7745,1.7745,1.7745,1.7745
1982-06-10,1.764,1.764,1.764,1.764
1982-06-11,1.7745,1.7745,1.7745,1.7745
1982-06-14,1.758,1.758,1.758,1.758
1982-06-15,1.7612,1.7612,1.7612,1.7612
1982-06-16,1.748,1.748,1.748,1.748
1982-06-17,1.743,1.743,1.743,1.743
1982-06-18,1.7385,1.7385,1.7385,1.7385
1982-06-21,1.727,1.727,1.727,1.727
1982-06-22,1.7365,1.7365,1.7365,1.7365
1982-06-23,1.7295,1.7295,1.7295,1.7295
1982-06-24,1.733,1.733,1.733,1.733
1982-06-25,1.719,1.719,1.719,1.719
1982-06-28,1.7185,1.7185,1.7185,1.7185
1982-06-29,1.735,1.735,1.735,1.735
1982-06-30,1.7355,1.7355,1.7355,1.7355
1982-07-01,1.735,1.735,1.735,1.735
1982-07-02,1.731,1.731,1.731,1.731
1982-07-06,1.7238,1.7238,1.7238,1.7238
1982-07-07,1.7105,1.7105,1.7105,1.7105
1982-07-08,1.7105,1.7105,1.7105,1.7105
1982-07-09,1.7245,1.7245,1.7245,1.7245
1982-07-12,1.7325,1.7325,1.7325,1.7325
1982-07-13,1.7225,1.7225,1.7225,1.7225
1982-07-14,1.723,1.723,1.723,1.723
1982-07-15,1.7215,1.7215,1.7215,1.7215
1982-07-16,1.724,1.724,1.724,1.724
1982-07-19,1.735,1.735,1.735,1.735
1982-07-20,1.739,1.739,1.739,1.739
1982-07-21,1.756,1.756,1.756,1.756
1982-07-22,1.7475,1.7475,1.7475,1.7475
1982-07-23,1.7665,1.7665,1.7665,1.7665
1982-07-26,1.764,1.764,1.764,1.764
1982-07-27,1.7562,1.7562,1.7562,1.7562
1982-07-28,1.7435,1.7435,1.7435,1.7435
1982-07-29,1.738,1.738,1.738,1.738
1982-07-30,1.738,1.738,1.738,1.738
1982-08-02,1.7535,1.7535,1.7535,1.7535
1982-08-03,1.7485,1.7485,1.7485,1.7485
1982-08-04,1.7278,1.7278,1.7278,1.7278
1982-08-05,1.7155,1.7155,1.7155,1.7155
1982-08-06,1.714,1.714,1.714,1.714
1982-08-09,1.7,1.7,1.7,1.7
1982-08-10,1.6975,1.6975,1.6975,1.6975
1982-08-11,1.698,1.698,1.698,1.698
1982-08-12,1.698,1.698,1.698,1.698
1982-08-13,1.702,1.702,1.702,1.702
1982-08-16,1.7025,1.7025,1.7025,1.7025
1982-08-17,1.707,1.707,1.707,1.707
1982-08-18,1.724,1.724,1.724,1.724
1982-08-19,1.7235,1.7235,1.7235,1.7235
1982-08-20,1.7415,1.7415,1.7415,1.7415
1982-08-23,1.744,1.744,1.744,1.744
1982-08-24,1.7665,1.7665,1.7665,1.7665
1982-08-25,1.7605,1.7605,1.7605,1.7605
1982-08-26,1.76,1.76,1.76,1.76
1982-08-27,1.736,1.736,1.736,1.736
1982-08-30,1.7085,1.7085,1.7085,1.7085
1982-08-31,1.7205,1.7205,1.7205,1.7205
1982-09-01,1.7205,1.7205,1.7205,1.7205
1982-09-02,1.735,1.735,1.735,1.735
1982-09-03,1.7305,1.7305,1.7305,1.7305
1982-09-07,1.7278,1.7278,1.7278,1.7278
1982-09-08,1.721,1.721,1.721,1.721
1982-09-09,1.728,1.728,1.728,1.728
1982-09-10,1.7125,1.7125,1.7125,1.7125
1982-09-13,1.7053,1.7053,1.7053,1.7053
1982-09-14,1.7075,1.7075,1.7075,1.7075
1982-09-15,1.7065,1.7065,1.7065,1.7065
1982-09-16,1.7075,1.7075,1.7075,1.7075
1982-09-17,1.713,1.713,1.713,1.713
1982-09-20,1.7105,1.7105,1.7105,1.7105
1982-09-21,1.71,1.71,1.71,1.71
1982-09-22,1.7215,1.7215,1.7215,1.7215
1982-09-23,1.7105,1.7105,1.7105,1.7105
1982-09-24,1.7085,1.7085,1.7085,1.7085
1982-09-27,1.6958,1.6958,1.6958,1.6958
1982-09-28,1.6905,1.6905,1.6905,1.6905
1982-09-29,1.6955,1.6955,1.6955,1.6955
1982-09-30,1.6945,1.6945,1.6945,1.6945
1982-10-01,1.698,1.698,1.698,1.698
1982-10-04,1.6833,1.6833,1.6833,1.6833
1982-10-05,1.6865,1.6865,1.6865,1.6865
1982-10-06,1.6925,1.6925,1.6925,1.6925
1982-10-07,1.7035,1.7035,1.7035,1.7035
1982-10-08,1.7045,1.7045,1.7045,1.7045
1982-10-12,1.724,1.724,1.724,1.724
1982-10-13,1.7085,1.7085,1.7085,1.7085
1982-10-14,1.706,1.706,1.706,1.706
1982-10-15,1.704,1.704,1.704,1.704
1982-10-18,1.708,1.708,1.708,1.708
1982-10-19,1.707,1.707,1.707,1.707
1982-10-20,1.6973,1.6973,1.6973,1.6973
1982-10-21,1.6957,1.6957,1.6957,1.6957
1982-10-22,1.698,1.698,1.698,1.698
1982-10-25,1.6805,1.6805,1.6805,1.6805
1982-10-26,1.686,1.686,1.686,1.686
1982-10-27,1.6848,1.6848,1.6848,1.6848
1982-10-28,1.678,1.678,1.678,1.678
1982-10-29,1.677,1.677,1.677,1.677
1982-11-01,1.6825,1.6825,1.6825,1.6825
1982-11-03,1.6795,1.6795,1.6795,1.6795
1982-11-04,1.6665,1.6665,1.6665,1.6665
1982-11-05,1.6625,1.6625,1.6625,1.6625
1982-11-08,1.6505,1.6505,1.6505,1.6505
1982-11-09,1.6603,1.6603,1.6603,1.6603
1982-11-10,1.6625,1.6625,1.6625,1.6625
1982-11-12,1.6518,1.6518,1.6518,1.6518
1982-11-15,1.6315,1.6315,1.6315,1.6315
1982-11-16,1.6205,1.6205,1.6205,1.6205
1982-11-17,1.6015,1.6015,1.6015,1.6015
1982-11-18,1.603,1.603,1.603,1.603
1982-11-19,1.6195,1.6195,1.6195,1.6195
1982-11-22,1.594,1.594,1.594,1.594
1982-11-23,1.5972,1.5972,1.5972,1.5972
1982-11-24,1.5955,1.5955,1.5955,1.5955
1982-11-26,1.5925,1.5925,1.5925,1.5925
1982-11-29,1.6062,1.6062,1.6062,1.6062
1982-11-30,1.632,1.632,1.632,1.632
1982-12-01,1.6285,1.6285,1.6285,1.6285
1982-12-02,1.6365,1.6365,1.6365,1.6365
1982-12-03,1.641,1.641,1.641,1.641
1982-12-06,1.62,1.62,1.62,1.62
1982-12-07,1.632,1.632,1.632,1.632
1982-12-08,1.627,1.627,1.627,1.627
1982-12-09,1.612,1.612,1.612,1.612
1982-12-10,1.61,1.61,1.61,1.61
1982-12-13,1.607,1.607,1.607,1.607
1982-12-14,1.6165,1.6165,1.6165,1.6165
1982-12-15,1.614,1.614,1.614,1.614
1982-12-16,1.62,1.62,1.62,1.62
1982-12-17,1.6,1.6,1.6,1.6
1982-12-20,1.6105,1.6105,1.6105,1.6105
1982-12-21,1.6045,1.6045,1.6045,1.6045
1982-12-22,1.607,1.607,1.607,1.607
1982-12-23,1.595,1.595,1.595,1.595
1982-12-24,1.6,1.6,1.6,1.6
1982-12-27,1.605,1.605,1.605,1.605
1982-12-28,1.619,1.619,1.619,1.619
1982-12-29,1.627,1.627,1.627,1.627
1982-12-30,1.6165,1.6165,1.6165,1.6165
1982-12-31,1.618,1.618,1.618,1.618
1983-01-03,1.6235,1.6235,1.6235,1.6235
1983-01-04,1.621,1.621,1.621,1.621
1983-01-05,1.621,1.621,1.621,1.621
1983-01-06,1.6065,1.6065,1.6065,1.6065
1983-01-07,1.61,1.61,1.61,1.61
1983-01-10,1.5895,1.5895,1.5895,1.5895
1983-01-11,1.584,1.584,1.584,1.584
1983-01-12,1.575,1.575,1.575,1.575
1983-01-13,1.578,1.578,1.578,1.578
1983-01-14,1.581,1.581,1.581,1.581
1983-01-17,1.589,1.589,1.589,1.589
1983-01-18,1.576,1.576,1.576,1.576
1983-01-19,1.574,1.574,1.574,1.574
1983-01-20,1.572,1.572,1.572,1.572
1983-01-21,1.5675,1.5675,1.5675,1.5675
1983-01-24,1.5405,1.5405,1.5405,1.5405
1983-01-25,1.5388,1.5388,1.5388,1.5388
1983-01-26,1.548,1.548,1.548,1.548
1983-01-27,1.5365,1.5365,1.5365,1.5365
1983-01-28,1.5362,1.5362,1.5362,1.5362
1983-01-31,1.5202,1.5202,1.5202,1.5202
1983-02-01,1.5235,1.5235,1.5235,1.5235
1983-02-02,1.5135,1.5135,1.5135,1.5135
1983-02-03,1.5245,1.5245,1.5245,1.5245
1983-02-04,1.5245,1.5245,1.5245,1.5245
1983-02-07,1.534,1.534,1.534,1.534
1983-02-08,1.5365,1.5365,1.5365,1.5365
1983-02-09,1.541,1.541,1.541,1.541
1983-02-10,1.549,1.549,1.549,1.549
1983-02-11,1.5405,1.5405,1.5405,1.5405
1983-02-14,1.5385,1.5385,1.5385,1.5385
1983-02-15,1.541,1.541,1.541,1.541
1983-02-16,1.551,1.551,1.551,1.551
1983-02-17,1.5435,1.5435,1.5435,1.5435
1983-02-18,1.5435,1.5435,1.5435,1.5435
1983-02-22,1.5215,1.5215,1.5215,1.5215
1983-02-23,1.533,1.533,1.533,1.533
1983-02-24,1.5275,1.5275,1.5275,1.5275
1983-02-25,1.527,1.527,1.527,1.527
1983-02-28,1.5115,1.5115,1.5115,1.5115
1983-03-01,1.5045,1.5045,1.5045,1.5045
1983-03-02,1.505,1.505,1.505,1.505
1983-03-03,1.5125,1.5125,1.5125,1.5125
1983-03-04,1.511,1.511,1.511,1.511
1983-03-07,1.5168,1.5168,1.5168,1.5168
1983-03-08,1.4995,1.4995,1.4995,1.4995
1983-03-09,1.5025,1.5025,1.5025,1.5025
1983-03-10,1.5117,1.5117,1.5117,1.5117
1983-03-11,1.5027,1.5027,1.5027,1.5027
1983-03-14,1.509,1.509,1.509,1.509
1983-03-15,1.514,1.514,1.514,1.514
1983-03-16,1.51,1.51,1.51,1.51
1983-03-17,1.5023,1.5023,1.5023,1.5023
1983-03-18,1.4875,1.4875,1.4875,1.4875
1983-03-21,1.4705,1.4705,1.4705,1.4705
1983-03-22,1.472,1.472,1.472,1.472
1983-03-23,1.458,1.458,1.458,1.458
1983-03-24,1.4618,1.4618,1.4618,1.4618
1983-03-25,1.46,1.46,1.46,1.46
1983-03-28,1.4545,1.4545,1.4545,1.4545
1983-03-29,1.4543,1.4543,1.4543,1.4543
1983-03-30,1.4665,1.4665,1.4665,1.4665
1983-03-31,1.4825,1.4825,1.4825,1.4825
1983-04-04,1.4885,1.4885,1.4885,1.4885
1983-04-05,1.5063,1.5063,1.5063,1.5063
1983-04-06,1.517,1.517,1.517,1.517
1983-04-07,1.5035,1.5035,1.5035,1.5035
1983-04-08,1.505,1.505,1.505,1.505
1983-04-11,1.5263,1.5263,1.5263,1.5263
1983-04-12,1.5425,1.5425,1.5425,1.5425
1983-04-13,1.5365,1.5365,1.5365,1.5365
1983-04-14,1.5402,1.5402,1.5402,1.5402
1983-04-15,1.5488,1.5488,1.5488,1.5488
1983-04-18,1.561,1.561,1.561,1.561
1983-04-19,1.5495,1.5495,1.5495,1.5495
1983-04-20,1.542,1.542,1.542,1.542
1983-04-21,1.5475,1.5475,1.5475,1.5475
1983-04-22,1.543,1.543,1.543,1.543
1983-04-25,1.568,1.568,1.568,1.568
1983-04-26,1.57,1.57,1.57,1.57
1983-04-27,1.568,1.568,1.568,1.568
1983-04-28,1.5592,1.5592,1.5592,1.5592
1983-04-29,1.5573,1.5573,1.5573,1.5573
1983-05-02,1.5707,1.5707,1.5707,1.5707
1983-05-03,1.5782,1.5782,1.5782,1.5782
1983-05-04,1.5787,1.5787,1.5787,1.5787
1983-05-05,1.578,1.578,1.578,1.578
1983-05-06,1.579,1.579,1.579,1.579
1983-05-09,1.568,1.568,1.568,1.568
1983-05-10,1.5645,1.5645,1.5645,1.5645
1983-05-11,1.5685,1.5685,1.5685,1.5685
1983-05-12,1.5681,1.5681,1.5681,1.5681
1983-05-13,1.5665,1.5665,1.5665,1.5665
1983-05-16,1.5605,1.5605,1.5605,1.5605
1983-05-17,1.554,1.554,1.554,1.554
1983-05-18,1.5585,1.5585,1.5585,1.5585
1983-05-19,1.5528,1.5528,1.5528,1.5528
1983-05-20,1.5562,1.5562,1.5562,1.5562
1983-05-23,1.5562,1.5562,1.5562,1.5562
1983-05-24,1.5667,1.5667,1.5667,1.5667
1983-05-25,1.5854,1.5854,1.5854,1.5854
1983-05-26,1.602,1.602,1.602,1.602
1983-05-27,1.6018,1.6018,1.6018,1.6018
1983-05-31,1.6005,1.6005,1.6005,1.6005
1983-06-01,1.59,1.59,1.59,1.59
1983-06-02,1.5816,1.5816,1.5816,1.5816
1983-06-03,1.565,1.565,1.565,1.565
1983-06-06,1.576,1.576,1.576,1.576
1983-06-07,1.572,1.572,1.572,1.572
1983-06-08,1.5696,1.5696,1.5696,1.5696
1983-06-09,1.5788,1.5788,1.5788,1.5788
1983-06-10,1.5705,1.5705,1.5705,1.5705
1983-06-13,1.5522,1.5522,1.5522,1.5522
1983-06-14,1.5225,1.5225,1.5225,1.5225
1983-06-15,1.522,1.522,1.522,1.522
1983-06-16,1.527,1.527,1.527,1.527
1983-06-17,1.523,1.523,1.523,1.523
1983-06-20,1.532,1.532,1.532,1.532
1983-06-21,1.526,1.526,1.526,1.526
1983-06-22,1.5305,1.5305,1.5305,1.5305
1983-06-23,1.541,1.541,1.541,1.541
1983-06-24,1.5455,1.5455,1.5455,1.5455
1983-06-27,1.5375,1.5375,1.5375,1.5375
1983-06-28,1.5325,1.5325,1.5325,1.5325
1983-06-29,1.5277,1.5277,1.5277,1.5277
1983-06-30,1.5333,1.5333,1.5333,1.5333
1983-07-01,1.531,1.531,1.531,1.531
1983-07-05,1.5285,1.5285,1.5285,1.5285
1983-07-06,1.5395,1.5395,1.5395,1.5395
1983-07-07,1.539,1.539,1.539,1.539
1983-07-08,1.5415,1.5415,1.5415,1.5415
1983-07-11,1.534,1.534,1.534,1.534
1983-07-12,1.5315,1.5315,1.5315,1.5315
1983-07-13,1.5298,1.5298,1.5298,1.5298
1983-07-14,1.528,1.528,1.528,1.528
1983-07-15,1.5165,1.5165,1.5165,1.5165
1983-07-18,1.5197,1.5197,1.5197,1.5197
1983-07-19,1.5179,1.5179,1.5179,1.5179
1983-07-20,1.524,1.524,1.524,1.524
1983-07-21,1.525,1.525,1.525,1.525
1983-07-22,1.5205,1.5205,1.5205,1.5205
1983-07-25,1.5215,1.5215,1.5215,1.5215
1983-07-26,1.525,1.525,1.525,1.525
1983-07-27,1.5275,1.5275,1.5275,1.5275
1983-07-28,1.5253,1.5253,1.5253,1.5253
1983-07-29,1.52,1.52,1.52,1.52
1983-08-01,1.509,1.509,1.509,1.509
1983-08-02,1.5072,1.5072,1.5072,1.5072
1983-08-03,1.5058,1.5058,1.5058,1.5058
1983-08-04,1.4875,1.4875,1.4875,1.4875
1983-08-05,1.485,1.485,1.485,1.485
1983-08-08,1.491,1.491,1.491,1.491
1983-08-09,1.494,1.494,1.494,1.494
1983-08-10,1.481,1.481,1.481,1.481
1983-08-11,1.4792,1.4792,1.4792,1.4792
1983-08-12,1.4815,1.4815,1.4815,1.4815
1983-08-15,1.4925,1.4925,1.4925,1.4925
1983-08-16,1.5075,1.5075,1.5075,1.5075
1983-08-17,1.5145,1.5145,1.5145,1.5145
1983-08-18,1.5233,1.5233,1.5233,1.5233
1983-08-19,1.517,1.517,1.517,1.517
1983-08-22,1.528,1.528,1.528,1.528
1983-08-23,1.5308,1.5308,1.5308,1.5308
1983-08-24,1.5198,1.5198,1.5198,1.5198
1983-08-25,1.506,1.506,1.506,1.506
1983-08-26,1.5045,1.5045,1.5045,1.5045
1983-08-29,1.501,1.501,1.501,1.501
1983-08-30,1.4988,1.4988,1.4988,1.4988
1983-08-31,1.494,1.494,1.494,1.494
1983-09-01,1.4974,1.4974,1.4974,1.4974
1983-09-02,1.495,1.495,1.495,1.495
1983-09-06,1.4985,1.4985,1.4985,1.4985
1983-09-07,1.4905,1.4905,1.4905,1.4905
1983-09-08,1.4922,1.4922,1.4922,1.4922
1983-09-09,1.494,1.494,1.494,1.494
1983-09-12,1.501,1.501,1.501,1.501
1983-09-13,1.4935,1.4935,1.4935,1.4935
1983-09-14,1.49,1.49,1.49,1.49
1983-09-15,1.497,1.497,1.497,1.497
1983-09-16,1.502,1.502,1.502,1.502
1983-09-19,1.509,1.509,1.509,1.509
1983-09-20,1.508,1.508,1.508,1.508
1983-09-21,1.506,1.506,1.506,1.506
1983-09-22,1.4975,1.4975,1.4975,1.4975
1983-09-23,1.5027,1.5027,1.5027,1.5027
1983-09-26,1.5032,1.5032,1.5032,1.5032
1983-09-27,1.4975,1.4975,1.4975,1.4975
1983-09-28,1.4992,1.4992,1.4992,1.4992
1983-09-29,1.4995,1.4995,1.4995,1.4995
1983-09-30,1.4977,1.4977,1.4977,1.4977
1983-10-03,1.4835,1.4835,1.4835,1.4835
1983-10-04,1.475,1.475,1.475,1.475
1983-10-05,1.489,1.489,1.489,1.489
1983-10-06,1.4903,1.4903,1.4903,1.4903
1983-10-07,1.509,1.509,1.509,1.509
1983-10-11,1.508,1.508,1.508,1.508
1983-10-12,1.504,1.504,1.504,1.504
1983-10-13,1.4995,1.4995,1.4995,1.4995
1983-10-14,1.4994,1.4994,1.4994,1.4994
1983-10-17,1.5005,1.5005,1.5005,1.5005
1983-10-18,1.5005,1.5005,1.5005,1.5005
1983-10-19,1.5003,1.5003,1.5003,1.5003
1983-10-20,1.4978,1.4978,1.4978,1.4978
1983-10-21,1.5018,1.5018,1.5018,1.5018
1983-10-24,1.4975,1.4975,1.4975,1.4975
1983-10-25,1.4997,1.4997,1.4997,1.4997
1983-10-26,1.498,1.498,1.498,1.498
1983-10-27,1.4942,1.4942,1.4942,1.4942
1983-10-28,1.495,1.495,1.495,1.495
1983-10-31,1.4952,1.4952,1.4952,1.4952
1983-11-01,1.4855,1.4855,1.4855,1.4855
1983-11-02,1.4871,1.4871,1.4871,1.4871
1983-11-03,1.487,1.487,1.487,1.487
1983-11-04,1.488,1.488,1.488,1.488
1983-11-07,1.4855,1.4855,1.4855,1.4855
1983-11-09,1.4845,1.4845,1.4845,1.4845
1983-11-10,1.491,1.491,1.491,1.491
1983-11-14,1.484,1.484,1.484,1.484
1983-11-15,1.4851,1.4851,1.4851,1.4851
1983-11-16,1.483,1.483,1.483,1.483
1983-11-17,1.4783,1.4783,1.4783,1.4783
1983-11-18,1.4695,1.4695,1.4695,1.4695
1983-11-21,1.465,1.465,1.465,1.465
1983-11-22,1.474,1.474,1.474,1.474
1983-11-23,1.4675,1.4675,1.4675,1.4675
1983-11-25,1.4595,1.4595,1.4595,1.4595
1983-11-28,1.4587,1.4587,1.4587,1.4587
1983-11-29,1.46,1.46,1.46,1.46
1983-11-30,1.463,1.463,1.463,1.463
1983-12-01,1.4578,1.4578,1.4578,1.4578
1983-12-02,1.4572,1.4572,1.4572,1.4572
1983-12-05,1.4455,1.4455,1.4455,1.4455
1983-12-06,1.4505,1.4505,1.4505,1.4505
1983-12-07,1.439,1.439,1.439,1.439
1983-12-08,1.4415,1.4415,1.4415,1.4415
1983-12-09,1.435,1.435,1.435,1.435
1983-12-12,1.4307,1.4307,1.4307,1.4307
1983-12-13,1.4165,1.4165,1.4165,1.4165
1983-12-14,1.415,1.415,1.415,1.415
1983-12-15,1.4215,1.4215,1.4215,1.4215
1983-12-16,1.415,1.415,1.415,1.415
1983-12-19,1.4182,1.4182,1.4182,1.4182
1983-12-20,1.419,1.419,1.419,1.419
1983-12-21,1.4225,1.4225,1.4225,1.4225
1983-12-22,1.427,1.427,1.427,1.427
1983-12-23,1.4315,1.4315,1.4315,1.4315
1983-12-27,1.432,1.432,1.432,1.432
1983-12-28,1.436,1.436,1.436,1.436
1983-12-29,1.4475,1.4475,1.4475,1.4475
1983-12-30,1.4515,1.4515,1.4515,1.4515
1984-01-03,1.4287,1.4287,1.4287,1.4287
1984-01-04,1.4173,1.4173,1.4173,1.4173
1984-01-05,1.4125,1.4125,1.4125,1.4125
1984-01-06,1.407,1.407,1.407,1.407
1984-01-09,1.4028,1.4028,1.4028,1.4028
1984-01-10,1.4024,1.4024,1.4024,1.4024
1984-01-11,1.3963,1.3963,1.3963,1.3963
1984-01-12,1.3981,1.3981,1.3981,1.3981
1984-01-13,1.41,1.41,1.41,1.41
1984-01-16,1.4195,1.4195,1.4195,1.4195
1984-01-17,1.4105,1.4105,1.4105,1.4105
1984-01-18,1.414,1.414,1.414,1.414
1984-01-19,1.418,1.418,1.418,1.418
1984-01-20,1.4005,1.4005,1.4005,1.4005
1984-01-23,1.4059,1.4059,1.4059,1.4059
1984-01-24,1.399,1.399,1.399,1.399
1984-01-25,1.4007,1.4007,1.4007,1.4007
1984-01-26,1.406,1.406,1.406,1.406
1984-01-27,1.4035,1.4035,1.4035,1.4035
1984-01-30,1.4074,1.4074,1.4074,1.4074
1984-01-31,1.4012,1.4012,1.4012,1.4012
1984-02-01,1.41,1.41,1.41,1.41
1984-02-02,1.4225,1.4225,1.4225,1.4225
1984-02-03,1.431,1.431,1.431,1.431
1984-02-06,1.4225,1.4225,1.4225,1.4225
1984-02-07,1.4107,1.4107,1.4107,1.4107
1984-02-08,1.4128,1.4128,1.4128,1.4128
1984-02-09,1.421,1.421,1.421,1.421
1984-02-10,1.4143,1.4143,1.4143,1.4143
1984-02-14,1.428,1.428,1.428,1.428
1984-02-15,1.4445,1.4445,1.4445,1.4445
1984-02-16,1.446,1.446,1.446,1.446
1984-02-17,1.451,1.451,1.451,1.451
1984-02-21,1.441,1.441,1.441,1.441
1984-02-22,1.4515,1.4515,1.4515,1.4515
1984-02-23,1.4575,1.4575,1.4575,1.4575
1984-02-24,1.4725,1.4725,1.4725,1.4725
1984-02-27,1.473,1.473,1.473,1.473
1984-02-28,1.4915,1.4915,1.4915,1.4915
1984-02-29,1.4905,1.4905,1.4905,1.4905
1984-03-01,1.478,1.478,1.478,1.478
1984-03-02,1.481,1.481,1.481,1.481
1984-03-05,1.4845,1.4845,1.4845,1.4845
1984-03-06,1.484,1.484,1.484,1.484
1984-03-07,1.4755,1.4755,1.4755,1.4755
1984-03-08,1.458,1.458,1.458,1.458
1984-03-09,1.4625,1.4625,1.4625,1.4625
1984-03-12,1.4532,1.4532,1.4532,1.4532
1984-03-13,1.4675,1.4675,1.4675,1.4675
1984-03-14,1.4665,1.4665,1.4665,1.4665
1984-03-15,1.461,1.461,1.461,1.461
1984-03-16,1.445,1.445,1.445,1.445
1984-03-19,1.43,1.43,1.43,1.43
1984-03-20,1.439,1.439,1.439,1.439
1984-03-21,1.4313,1.4313,1.4313,1.4313
1984-03-22,1.4303,1.4303,1.4303,1.4303
1984-03-23,1.436,1.436,1.436,1.436
1984-03-26,1.4475,1.4475,1.4475,1.4475
1984-03-27,1.447,1.447,1.447,1.447
1984-03-28,1.4465,1.4465,1.4465,1.4465
1984-03-29,1.451,1.451,1.451,1.451
1984-03-30,1.4375,1.4375,1.4375,1.4375
1984-04-02,1.433,1.433,1.433,1.433
1984-04-03,1.4315,1.4315,1.4315,1.4315
1984-04-04,1.4325,1.4325,1.4325,1.4325
1984-04-05,1.426,1.426,1.426,1.426
1984-04-06,1.43,1.43,1.43,1.43
1984-04-09,1.425,1.425,1.425,1.425
1984-04-10,1.437,1.437,1.437,1.437
1984-04-11,1.436,1.436,1.436,1.436
1984-04-12,1.429,1.429,1.429,1.429
1984-04-13,1.429,1.429,1.429,1.429
1984-04-16,1.4215,1.4215,1.4215,1.4215
1984-04-17,1.4211,1.4211,1.4211,1.4211
1984-04-18,1.4192,1.4192,1.4192,1.4192
1984-04-19,1.4177,1.4177,1.4177,1.4177
1984-04-20,1.416,1.416,1.416,1.416
1984-04-23,1.4155,1.4155,1.4155,1.4155
1984-04-24,1.4072,1.4072,1.4072,1.4072
1984-04-25,1.4115,1.4115,1.4115,1.4115
1984-04-26,1.4038,1.4038,1.4038,1.4038
1984-04-27,1.4015,1.4015,1.4015,1.4015
1984-04-30,1.398,1.398,1.398,1.398
1984-05-01,1.3975,1.3975,1.3975,1.3975
1984-05-02,1.399,1.399,1.399,1.399
1984-05-03,1.413,1.413,1.413,1.413
1984-05-04,1.408,1.408,1.408,1.408
1984-05-07,1.3855,1.3855,1.3855,1.3855
1984-05-08,1.3825,1.3825,1.3825,1.3825
1984-05-09,1.389,1.389,1.389,1.389
1984-05-10,1.383,1.383,1.383,1.383
1984-05-11,1.3835,1.3835,1.3835,1.3835
1984-05-14,1.388,1.388,1.388,1.388
1984-05-15,1.3875,1.3875,1.3875,1.3875
1984-05-16,1.394,1.394,1.394,1.394
1984-05-17,1.394,1.394,1.394,1.394
1984-05-18,1.3867,1.3867,1.3867,1.3867
1984-05-21,1.3905,1.3905,1.3905,1.3905
1984-05-22,1.389,1.389,1.389,1.389
1984-05-23,1.3765,1.3765,1.3765,1.3765
1984-05-24,1.382,1.382,1.382,1.382
1984-05-25,1.383,1.383,1.383,1.383
1984-05-29,1.3855,1.3855,1.3855,1.3855
1984-05-30,1.384,1.384,1.384,1.384
1984-05-31,1.3855,1.3855,1.3855,1.3855
1984-06-01,1.4035,1.4035,1.4035,1.4035
1984-06-04,1.4,1.4,1.4,1.4
1984-06-05,1.3945,1.3945,1.3945,1.3945
1984-06-06,1.4015,1.4015,1.4015,1.4015
1984-06-07,1.3968,1.3968,1.3968,1.3968
1984-06-08,1.3935,1.3935,1.3935,1.3935
1984-06-11,1.388,1.388,1.388,1.388
1984-06-12,1.3835,1.3835,1.3835,1.3835
1984-06-13,1.3855,1.3855,1.3855,1.3855
1984-06-14,1.385,1.385,1.385,1.385
1984-06-15,1.3785,1.3785,1.3785,1.3785
1984-06-18,1.3748,1.3748,1.3748,1.3748
1984-06-19,1.378,1.378,1.378,1.378
1984-06-20,1.366,1.366,1.366,1.366
1984-06-21,1.362,1.362,1.362,1.362
1984-06-22,1.3633,1.3633,1.3633,1.3633
1984-06-25,1.351,1.351,1.351,1.351
1984-06-26,1.351,1.351,1.351,1.351
1984-06-27,1.349,1.349,1.349,1.349
1984-06-28,1.3525,1.3525,1.3525,1.3525
1984-06-29,1.3575,1.3575,1.3575,1.3575
1984-07-02,1.3508,1.3508,1.3508,1.3508
1984-07-03,1.337,1.337,1.337,1.337
1984-07-05,1.318,1.318,1.318,1.318
1984-07-06,1.316,1.316,1.316,1.316
1984-07-09,1.306,1.306,1.306,1.306
1984-07-10,1.3095,1.3095,1.3095,1.3095
1984-07-11,1.312,1.312,1.312,1.312
1984-07-12,1.3065,1.3065,1.3065,1.3065
1984-07-13,1.3235,1.3235,1.3235,1.3235
1984-07-16,1.3265,1.3265,1.3265,1.3265
1984-07-17,1.3175,1.3175,1.3175,1.3175
1984-07-18,1.314,1.314,1.314,1.314
1984-07-19,1.328,1.328,1.328,1.328
1984-07-20,1.3232,1.3232,1.3232,1.3232
1984-07-23,1.3185,1.3185,1.3185,1.3185
1984-07-24,1.324,1.324,1.324,1.324
1984-07-25,1.3325,1.3325,1.3325,1.3325
1984-07-26,1.3308,1.3308,1.3308,1.3308
1984-07-27,1.311,1.311,1.311,1.311
1984-07-30,1.3075,1.3075,1.3075,1.3075
1984-07-31,1.3073,1.3073,1.3073,1.3073
1984-08-01,1.301,1.301,1.301,1.301
1984-08-02,1.3095,1.3095,1.3095,1.3095
1984-08-03,1.327,1.327,1.327,1.327
1984-08-06,1.317,1.317,1.317,1.317
1984-08-07,1.306,1.306,1.306,1.306
1984-08-08,1.3145,1.3145,1.3145,1.3145
1984-08-09,1.3115,1.3115,1.3115,1.3115
1984-08-10,1.3125,1.3125,1.3125,1.3125
1984-08-13,1.305,1.305,1.305,1.305
1984-08-14,1.319,1.319,1.319,1.319
1984-08-15,1.3203,1.3203,1.3203,1.3203
1984-08-16,1.3275,1.3275,1.3275,1.3275
1984-08-17,1.322,1.322,1.322,1.322
1984-08-20,1.319,1.319,1.319,1.319
1984-08-21,1.3135,1.3135,1.3135,1.3135
1984-08-22,1.3095,1.3095,1.3095,1.3095
1984-08-23,1.3125,1.3125,1.3125,1.3125
1984-08-24,1.305,1.305,1.305,1.305
1984-08-27,1.3075,1.3075,1.3075,1.3075
1984-08-28,1.3105,1.3105,1.3105,1.3105
1984-08-29,1.315,1.315,1.315,1.315
1984-08-30,1.311,1.311,1.311,1.311
1984-08-31,1.3075,1.3075,1.3075,1.3075
1984-09-04,1.292,1.292,1.292,1.292
1984-09-05,1.281,1.281,1.281,1.281
1984-09-06,1.285,1.285,1.285,1.285
1984-09-07,1.273,1.273,1.273,1.273
1984-09-10,1.276,1.276,1.276,1.276
1984-09-11,1.275,1.275,1.275,1.275
1984-09-12,1.2795,1.2795,1.2795,1.2795
1984-09-13,1.2675,1.2675,1.2675,1.2675
1984-09-14,1.266,1.266,1.266,1.266
1984-09-17,1.242,1.242,1.242,1.242
1984-09-18,1.232,1.232,1.232,1.232
1984-09-19,1.237,1.237,1.237,1.237
1984-09-20,1.221,1.221,1.221,1.221
1984-09-21,1.245,1.245,1.245,1.245
1984-09-24,1.2455,1.2455,1.2455,1.2455
1984-09-25,1.2315,1.2315,1.2315,1.2315
1984-09-26,1.241,1.241,1.241,1.241
1984-09-27,1.246,1.246,1.246,1.246
1984-09-28,1.234,1.234,1.234,1.234
1984-10-01,1.2375,1.2375,1.2375,1.2375
1984-10-02,1.24,1.24,1.24,1.24
1984-10-03,1.2495,1.2495,1.2495,1.2495
1984-10-04,1.247,1.247,1.247,1.247
1984-10-05,1.2375,1.2375,1.2375,1.2375
1984-10-09,1.228,1.228,1.228,1.228
1984-10-10,1.233,1.233,1.233,1.233
1984-10-11,1.225,1.225,1.225,1.225
1984-10-12,1.223,1.223,1.223,1.223
1984-10-15,1.2095,1.2095,1.2095,1.2095
1984-10-16,1.2035,1.2035,1.2035,1.2035
1984-10-17,1.2004,1.2004,1.2004,1.2004
1984-10-18,1.187,1.187,1.187,1.187
1984-10-19,1.1915,1.1915,1.1915,1.1915
1984-10-22,1.199,1.199,1.199,1.199
1984-10-23,1.2085,1.2085,1.2085,1.2085
1984-10-24,1.222,1.222,1.222,1.222
1984-10-25,1.2275,1.2275,1.2275,1.2275
1984-10-26,1.222,1.222,1.222,1.222
1984-10-29,1.2085,1.2085,1.2085,1.2085
1984-10-30,1.2125,1.2125,1.2125,1.2125
1984-10-31,1.2185,1.2185,1.2185,1.2185
1984-11-01,1.235,1.235,1.235,1.235
1984-11-02,1.251,1.251,1.251,1.251
1984-11-05,1.2685,1.2685,1.2685,1.2685
1984-11-07,1.272,1.272,1.272,1.272
1984-11-08,1.2697,1.2697,1.2697,1.2697
1984-11-09,1.2605,1.2605,1.2605,1.2605
1984-11-13,1.2715,1.2715,1.2715,1.2715
1984-11-14,1.2605,1.2605,1.2605,1.2605
1984-11-15,1.261,1.261,1.261,1.261
1984-11-16,1.254,1.254,1.254,1.254
1984-11-19,1.2487,1.2487,1.2487,1.2487
1984-11-20,1.2375,1.2375,1.2375,1.2375
1984-11-21,1.2272,1.2272,1.2272,1.2272
1984-11-23,1.22,1.22,1.22,1.22
1984-11-26,1.1995,1.1995,1.1995,1.1995
1984-11-27,1.2087,1.2087,1.2087,1.2087
1984-11-28,1.201,1.201,1.201,1.201
1984-11-29,1.2015,1.2015,1.2015,1.2015
1984-11-30,1.197,1.197,1.197,1.197
1984-12-03,1.1943,1.1943,1.1943,1.1943
1984-12-04,1.2085,1.2085,1.2085,1.2085
1984-12-05,1.208,1.208,1.208,1.208
1984-12-06,1.207,1.207,1.207,1.207
1984-12-07,1.2035,1.2035,1.2035,1.2035
1984-12-10,1.203,1.203,1.203,1.203
1984-12-11,1.199,1.199,1.199,1.199
1984-12-12,1.1987,1.1987,1.1987,1.1987
1984-12-13,1.1895,1.1895,1.1895,1.1895
1984-12-14,1.1935,1.1935,1.1935,1.1935
1984-12-17,1.191,1.191,1.191,1.191
1984-12-18,1.186,1.186,1.186,1.186
1984-12-19,1.1748,1.1748,1.1748,1.1748
1984-12-20,1.1645,1.1645,1.1645,1.1645
1984-12-21,1.173,1.173,1.173,1.173
1984-12-24,1.173,1.173,1.173,1.173
1984-12-26,1.171,1.171,1.171,1.171
1984-12-27,1.1625,1.1625,1.1625,1.1625
1984-12-28,1.163,1.163,1.163,1.163
1984-12-31,1.158,1.158,1.158,1.158
1985-01-02,1.148,1.148,1.148,1.148
1985-01-03,1.1505,1.1505,1.1505,1.1505
1985-01-04,1.1535,1.1535,1.1535,1.1535
1985-01-07,1.1415,1.1415,1.1415,1.1415
1985-01-08,1.1475,1.1475,1.1475,1.1475
1985-01-09,1.141,1.141,1.141,1.141
1985-01-10,1.134,1.134,1.134,1.134
1985-01-11,1.1245,1.1245,1.1245,1.1245
1985-01-14,1.111,1.111,1.111,1.111
1985-01-15,1.1195,1.1195,1.1195,1.1195
1985-01-16,1.117,1.117,1.117,1.117
1985-01-17,1.1187,1.1187,1.1187,1.1187
1985-01-18,1.1195,1.1195,1.1195,1.1195
1985-01-22,1.1235,1.1235,1.1235,1.1235
1985-01-23,1.11,1.11,1.11,1.11
1985-01-24,1.118,1.118,1.118,1.118
1985-01-25,1.11,1.11,1.11,1.11
1985-01-28,1.111,1.111,1.111,1.111
1985-01-29,1.1138,1.1138,1.1138,1.1138
1985-01-30,1.126,1.126,1.126,1.126
1985-01-31,1.1305,1.1305,1.1305,1.1305
1985-02-01,1.124,1.124,1.124,1.124
1985-02-04,1.114,1.114,1.114,1.114
1985-02-05,1.1112,1.1112,1.1112,1.1112
1985-02-06,1.1135,1.1135,1.1135,1.1135
1985-02-07,1.116,1.116,1.116,1.116
1985-02-08,1.109,1.109,1.109,1.109
1985-02-11,1.097,1.097,1.097,1.097
1985-02-13,1.0875,1.0875,1.0875,1.0875
1985-02-14,1.092,1.092,1.092,1.092
1985-02-15,1.102,1.102,1.102,1.102
1985-02-19,1.0929,1.0929,1.0929,1.0929
1985-02-20,1.0865,1.0865,1.0865,1.0865
1985-02-21,1.0815,1.0815,1.0815,1.0815
1985-02-22,1.0765,1.0765,1.0765,1.0765
1985-02-25,1.0545,1.0545,1.0545,1.0545
1985-02-26,1.052,1.052,1.052,1.052
1985-02-27,1.0875,1.0875,1.0875,1.0875
1985-02-28,1.079,1.079,1.079,1.079
1985-03-01,1.072,1.072,1.072,1.072
1985-03-04,1.0677,1.0677,1.0677,1.0677
1985-03-05,1.0545,1.0545,1.0545,1.0545
1985-03-06,1.072,1.072,1.072,1.072
1985-03-07,1.0674,1.0674,1.0674,1.0674
1985-03-08,1.064,1.064,1.064,1.064
1985-03-11,1.0885,1.0885,1.0885,1.0885
1985-03-12,1.0885,1.0885,1.0885,1.0885
1985-03-13,1.086,1.086,1.086,1.086
1985-03-14,1.0805,1.0805,1.0805,1.0805
1985-03-15,1.084,1.084,1.084,1.084
1985-03-18,1.106,1.106,1.106,1.106
1985-03-19,1.1355,1.1355,1.1355,1.1355
1985-03-20,1.151,1.151,1.151,1.151
1985-03-21,1.187,1.187,1.187,1.187
1985-03-22,1.1725,1.1725,1.1725,1.1725
1985-03-25,1.171,1.171,1.171,1.171
1985-03-26,1.182,1.182,1.182,1.182
1985-03-27,1.2375,1.2375,1.2375,1.2375
1985-03-28,1.227,1.227,1.227,1.227
1985-03-29,1.236,1.236,1.236,1.236
1985-04-01,1.2215,1.2215,1.2215,1.2215
1985-04-02,1.205,1.205,1.205,1.205
1985-04-03,1.2165,1.2165,1.2165,1.2165
1985-04-04,1.1935,1.1935,1.1935,1.1935
1985-04-05,1.1985,1.1985,1.1985,1.1985
1985-04-08,1.201,1.201,1.201,1.201
1985-04-09,1.21,1.21,1.21,1.21
1985-04-10,1.215,1.215,1.215,1.215
1985-04-11,1.251,1.251,1.251,1.251
1985-04-12,1.2545,1.2545,1.2545,1.2545
1985-04-15,1.2755,1.2755,1.2755,1.2755
1985-04-16,1.2775,1.2775,1.2775,1.2775
1985-04-17,1.2738,1.2738,1.2738,1.2738
1985-04-18,1.2935,1.2935,1.2935,1.2935
1985-04-19,1.293,1.293,1.293,1.293
1985-04-22,1.278,1.278,1.278,1.278
1985-04-23,1.252,1.252,1.252,1.252
1985-04-24,1.23,1.23,1.23,1.23
1985-04-25,1.2035,1.2035,1.2035,1.2035
1985-04-26,1.216,1.216,1.216,1.216
1985-04-29,1.23,1.23,1.23,1.23
1985-04-30,1.241,1.241,1.241,1.241
1985-05-01,1.2235,1.2235,1.2235,1.2235
1985-05-02,1.2205,1.2205,1.2205,1.2205
1985-05-03,1.207,1.207,1.207,1.207
1985-05-06,1.188,1.188,1.188,1.188
1985-05-07,1.218,1.218,1.218,1.218
1985-05-08,1.2075,1.2075,1.2075,1.2075
1985-05-09,1.2378,1.2378,1.2378,1.2378
1985-05-10,1.2335,1.2335,1.2335,1.2335
1985-05-13,1.2535,1.2535,1.2535,1.2535
1985-05-14,1.2735,1.2735,1.2735,1.2735
1985-05-15,1.2625,1.2625,1.2625,1.2625
1985-05-16,1.259,1.259,1.259,1.259
1985-05-17,1.265,1.265,1.265,1.265
1985-05-20,1.2825,1.2825,1.2825,1.2825
1985-05-21,1.2715,1.2715,1.2715,1.2715
1985-05-22,1.2635,1.2635,1.2635,1.2635
1985-05-23,1.259,1.259,1.259,1.259
1985-05-24,1.2585,1.2585,1.2585,1.2585
1985-05-28,1.2515,1.2515,1.2515,1.2515
1985-05-29,1.2665,1.2665,1.2665,1.2665
1985-05-30,1.2735,1.2735,1.2735,1.2735
1985-05-31,1.286,1.286,1.286,1.286
1985-06-03,1.2945,1.2945,1.2945,1.2945
1985-06-04,1.276,1.276,1.276,1.276
1985-06-05,1.2565,1.2565,1.2565,1.2565
1985-06-06,1.271,1.271,1.271,1.271
1985-06-07,1.268,1.268,1.268,1.268
1985-06-10,1.257,1.257,1.257,1.257
1985-06-11,1.2623,1.2623,1.2623,1.2623
1985-06-12,1.2665,1.2665,1.2665,1.2665
1985-06-13,1.265,1.265,1.265,1.265
1985-06-14,1.28,1.28,1.28,1.28
1985-06-17,1.279,1.279,1.279,1.279
1985-06-18,1.299,1.299,1.299,1.299
1985-06-19,1.3065,1.3065,1.3065,1.3065
1985-06-20,1.2769,1.2769,1.2769,1.2769
1985-06-21,1.287,1.287,1.287,1.287
1985-06-24,1.287,1.287,1.287,1.287
1985-06-25,1.285,1.285,1.285,1.285
1985-06-26,1.298,1.298,1.298,1.298
1985-06-27,1.292,1.292,1.292,1.292
1985-06-28,1.3095,1.3095,1.3095,1.3095
1985-07-01,1.305,1.305,1.305,1.305
1985-07-02,1.304,1.304,1.304,1.304
1985-07-03,1.3127,1.3127,1.3127,1.3127
1985-07-05,1.327,1.327,1.327,1.327
1985-07-08,1.3435,1.3435,1.3435,1.3435
1985-07-09,1.365,1.365,1.365,1.365
1985-07-10,1.386,1.386,1.386,1.386
1985-07-11,1.381,1.381,1.381,1.381
1985-07-12,1.385,1.385,1.385,1.385
1985-07-15,1.389,1.389,1.389,1.389
1985-07-16,1.387,1.387,1.387,1.387
1985-07-17,1.4112,1.4112,1.4112,1.4112
1985-07-18,1.4045,1.4045,1.4045,1.4045
1985-07-19,1.399,1.399,1.399,1.399
1985-07-22,1.3885,1.3885,1.3885,1.3885
1985-07-23,1.41,1.41,1.41,1.41
1985-07-24,1.3978,1.3978,1.3978,1.3978
1985-07-25,1.4105,1.4105,1.4105,1.4105
1985-07-26,1.409,1.409,1.409,1.409
1985-07-29,1.4278,1.4278,1.4278,1.4278
1985-07-30,1.4215,1.4215,1.4215,1.4215
1985-07-31,1.411,1.411,1.411,1.411
1985-08-01,1.381,1.381,1.381,1.381
1985-08-02,1.371,1.371,1.371,1.371
1985-08-05,1.3675,1.3675,1.3675,1.3675
1985-08-06,1.346,1.346,1.346,1.346
1985-08-07,1.338,1.338,1.338,1.338
1985-08-08,1.3555,1.3555,1.3555,1.3555
1985-08-09,1.3575,1.3575,1.3575,1.3575
1985-08-12,1.3835,1.3835,1.3835,1.3835
1985-08-13,1.388,1.388,1.388,1.388
1985-08-14,1.384,1.384,1.384,1.384
1985-08-15,1.3965,1.3965,1.3965,1.3965
1985-08-16,1.3995,1.3995,1.3995,1.3995
1985-08-19,1.399,1.399,1.399,1.399
1985-08-20,1.389,1.389,1.389,1.389
1985-08-21,1.3923,1.3923,1.3923,1.3923
1985-08-22,1.4075,1.4075,1.4075,1.4075
1985-08-23,1.401,1.401,1.401,1.401
1985-08-26,1.4073,1.4073,1.4073,1.4073
1985-08-27,1.393,1.393,1.393,1.393
1985-08-28,1.4015,1.4015,1.4015,1.4015
1985-08-29,1.3995,1.3995,1.3995,1.3995
1985-08-30,1.391,1.391,1.391,1.391
1985-09-03,1.369,1.369,1.369,1.369
1985-09-04,1.3728,1.3728,1.3728,1.3728
1985-09-05,1.365,1.365,1.365,1.365
1985-09-06,1.325,1.325,1.325,1.325
1985-09-09,1.3045,1.3045,1.3045,1.3045
1985-09-10,1.313,1.313,1.313,1.313
1985-09-11,1.3085,1.3085,1.3085,1.3085
1985-09-12,1.3185,1.3185,1.3185,1.3185
1985-09-13,1.34,1.34,1.34,1.34
1985-09-16,1.342,1.342,1.342,1.342
1985-09-17,1.3395,1.3395,1.3395,1.3395
1985-09-18,1.335,1.335,1.335,1.335
1985-09-19,1.34,1.34,1.34,1.34
1985-09-20,1.367,1.367,1.367,1.367
1985-09-23,1.427,1.427,1.427,1.427
1985-09-24,1.4315,1.4315,1.4315,1.4315
1985-09-25,1.4375,1.4375,1.4375,1.4375
1985-09-26,1.437,1.437,1.437,1.437
1985-09-27,1.4025,1.4025,1.4025,1.4025
1985-09-30,1.4085,1.4085,1.4085,1.4085
1985-10-01,1.4105,1.4105,1.4105,1.4105
1985-10-02,1.4135,1.4135,1.4135,1.4135
1985-10-03,1.425,1.425,1.425,1.425
1985-10-04,1.4155,1.4155,1.4155,1.4155
1985-10-07,1.4125,1.4125,1.4125,1.4125
1985-10-08,1.413,1.413,1.413,1.413
1985-10-09,1.414,1.414,1.414,1.414
1985-10-10,1.411,1.411,1.411,1.411
1985-10-11,1.4115,1.4115,1.4115,1.4115
1985-10-15,1.4128,1.4128,1.4128,1.4128
1985-10-16,1.4075,1.4075,1.4075,1.4075
1985-10-17,1.414,1.414,1.414,1.414
1985-10-18,1.428,1.428,1.428,1.428
1985-10-21,1.4335,1.4335,1.4335,1.4335
1985-10-22,1.4323,1.4323,1.4323,1.4323
1985-10-23,1.4335,1.4335,1.4335,1.4335
1985-10-24,1.421,1.421,1.421,1.421
1985-10-25,1.422,1.422,1.422,1.422
1985-10-28,1.4275,1.4275,1.4275,1.4275
1985-10-29,1.4352,1.4352,1.4352,1.4352
1985-10-30,1.441,1.441,1.441,1.441
1985-10-31,1.4405,1.4405,1.4405,1.4405
1985-11-01,1.441,1.441,1.441,1.441
1985-11-04,1.4405,1.4405,1.4405,1.4405
1985-11-05,1.4325,1.4325,1.4325,1.4325
1985-11-06,1.4353,1.4353,1.4353,1.4353
1985-11-07,1.4165,1.4165,1.4165,1.4165
1985-11-08,1.4167,1.4167,1.4167,1.4167
1985-11-12,1.411,1.411,1.411,1.411
1985-11-13,1.4235,1.4235,1.4235,1.4235
1985-11-14,1.4273,1.4273,1.4273,1.4273
1985-11-15,1.4217,1.4217,1.4217,1.4217
1985-11-18,1.4255,1.4255,1.4255,1.4255
1985-11-19,1.4345,1.4345,1.4345,1.4345
1985-11-20,1.434,1.434,1.434,1.434
1985-11-21,1.4415,1.4415,1.4415,1.4415
1985-11-22,1.455,1.455,1.455,1.455
1985-11-25,1.4628,1.4628,1.4628,1.4628
1985-11-26,1.4705,1.4705,1.4705,1.4705
1985-11-27,1.4738,1.4738,1.4738,1.4738
1985-11-29,1.489,1.489,1.489,1.489
1985-12-02,1.4875,1.4875,1.4875,1.4875
1985-12-03,1.479,1.479,1.479,1.479
1985-12-04,1.486,1.486,1.486,1.486
1985-12-05,1.4795,1.4795,1.4795,1.4795
1985-12-06,1.4785,1.4785,1.4785,1.4785
1985-12-09,1.4575,1.4575,1.4575,1.4575
1985-12-10,1.465,1.465,1.465,1.465
1985-12-11,1.415,1.415,1.415,1.415
1985-12-12,1.4395,1.4395,1.4395,1.4395
1985-12-13,1.4365,1.4365,1.4365,1.4365
1985-12-16,1.4375,1.4375,1.4375,1.4375
1985-12-17,1.437,1.437,1.437,1.437
1985-12-18,1.4195,1.4195,1.4195,1.4195
1985-12-19,1.421,1.421,1.421,1.421
1985-12-20,1.425,1.425,1.425,1.425
1985-12-23,1.429,1.429,1.429,1.429
1985-12-24,1.427,1.427,1.427,1.427
1985-12-26,1.429,1.429,1.429,1.429
1985-12-27,1.436,1.436,1.436,1.436
1985-12-30,1.439,1.439,1.439,1.439
1986-01-02,1.446,1.446,1.446,1.446
1986-01-03,1.4384,1.4384,1.4384,1.4384
1986-01-06,1.4384,1.4384,1.4384,1.4384
1986-01-07,1.4384,1.4384,1.4384,1.4384
1986-01-08,1.4418,1.4418,1.4418,1.4418
1986-01-09,1.4478,1.4478,1.4478,1.4478
1986-01-10,1.4549,1.4549,1.4549,1.4549
1986-01-13,1.4439,1.4439,1.4439,1.4439
1986-01-14,1.4389,1.4389,1.4389,1.4389
1986-01-15,1.4423,1.4423,1.4423,1.4423
1986-01-16,1.438,1.438,1.438,1.438
1986-01-17,1.4382,1.4382,1.4382,1.4382
1986-01-20,1.4143,1.4143,1.4143,1.4143
1986-01-21,1.4113,1.4113,1.4113,1.4113
1986-01-22,1.393,1.393,1.393,1.393
1986-01-23,1.3808,1.3808,1.3808,1.3808
1986-01-24,1.3884,1.3884,1.3884,1.3884
1986-01-27,1.3859,1.3859,1.3859,1.3859
1986-01-28,1.407,1.407,1.407,1.407
1986-01-29,1.4015,1.4015,1.4015,1.4015
1986-01-30,1.4081,1.4081,1.4081,1.4081
1986-01-31,1.41,1.41,1.41,1.41
1986-02-03,1.3838,1.3838,1.3838,1.3838
1986-02-04,1.3783,1.3783,1.3783,1.3783
1986-02-05,1.3905,1.3905,1.3905,1.3905
1986-02-06,1.3999,1.3999,1.3999,1.3999
1986-02-07,1.3978,1.3978,1.3978,1.3978
1986-02-10,1.394,1.4125,1.388,1.406
1986-02-11,1.4075,1.414,1.402,1.409
1986-02-12,1.4095,1.419,1.4075,1.4105
1986-02-13,1.41,1.4195,1.4075,1.417
1986-02-14,1.417,1.422,1.412,1.419
1986-02-17,1.42,1.422,1.4155,1.421
1986-02-18,1.4215,1.4485,1.4095,1.4455
1986-02-19,1.4465,1.4675,1.441,1.4535
1986-02-20,1.454,1.4625,1.4485,1.455
1986-02-21,1.4555,1.4555,1.4375,1.454
1986-02-24,1.456,1.483,1.454,1.48
1986-02-25,1.4805,1.496,1.4795,1.4835
1986-02-26,1.483,1.493,1.475,1.484
1986-02-27,1.483,1.4935,1.465,1.4685
1986-02-28,1.4675,1.471,1.437,1.442
1986-03-03,1.4395,1.4495,1.432,1.442
1986-03-04,1.4415,1.471,1.44,1.463
1986-03-05,1.4625,1.4695,1.4435,1.451
1986-03-06,1.453,1.463,1.437,1.4385
1986-03-07,1.438,1.4645,1.4355,1.4525
1986-03-10,1.4525,1.4555,1.4385,1.4485
1986-03-11,1.448,1.462,1.4445,1.4615
1986-03-12,1.4615,1.4825,1.461,1.4655
1986-03-13,1.465,1.471,1.4525,1.4535
1986-03-14,1.4535,1.4695,1.4535,1.4685
1986-03-17,1.46,1.47,1.454,1.468
1986-03-18,1.467,1.48,1.4625,1.4715
1986-03-19,1.4705,1.498,1.468,1.493
1986-03-20,1.4955,1.506,1.483,1.4985
1986-03-21,1.4995,1.519,1.4935,1.515
1986-03-24,1.508,1.516,1.471,1.4715
1986-03-25,1.4715,1.482,1.453,1.4635
1986-03-26,1.462,1.4775,1.461,1.473
1986-03-27,1.4735,1.487,1.4735,1.477
1986-03-28,1.477,1.478,1.474,1.4745
1986-03-31,1.474,1.476,1.461,1.4675
1986-04-01,1.467,1.476,1.4625,1.4735
1986-04-02,1.4735,1.479,1.457,1.459
1986-04-03,1.4585,1.4695,1.4525,1.459
1986-04-04,1.4585,1.459,1.441,1.451
1986-04-07,1.45,1.4695,1.446,1.467
1986-04-08,1.4665,1.4795,1.458,1.4655
1986-04-09,1.466,1.471,1.4565,1.4645
1986-04-10,1.464,1.484,1.458,1.48
1986-04-11,1.48,1.4825,1.473,1.48
1986-04-14,1.479,1.484,1.474,1.478
1986-04-15,1.478,1.483,1.474,1.4795
1986-04-16,1.4795,1.512,1.4795,1.506
1986-04-17,1.5055,1.5315,1.498,1.522
1986-04-18,1.5225,1.526,1.511,1.5165
1986-04-21,1.517,1.528,1.5055,1.5165
1986-04-22,1.5165,1.5245,1.508,1.516
1986-04-23,1.515,1.539,1.515,1.539
1986-04-24,1.5395,1.541,1.532,1.5375
1986-04-25,1.538,1.5525,1.525,1.551
1986-04-28,1.551,1.559,1.541,1.557
1986-04-29,1.5575,1.5575,1.542,1.5445
1986-04-30,1.5445,1.553,1.535,1.5355
1986-05-01,1.536,1.539,1.5055,1.5145
1986-05-02,1.514,1.528,1.509,1.524
1986-05-05,1.528,1.553,1.528,1.54
1986-05-06,1.539,1.5455,1.5225,1.538
1986-05-07,1.537,1.549,1.5325,1.5485
1986-05-08,1.5485,1.5525,1.5355,1.537
1986-05-09,1.538,1.543,1.5325,1.5385
1986-05-12,1.539,1.554,1.537,1.5515
1986-05-13,1.551,1.554,1.532,1.536
1986-05-14,1.535,1.541,1.529,1.5385
1986-05-15,1.5385,1.543,1.5325,1.534
1986-05-16,1.533,1.5335,1.5145,1.5155
1986-05-19,1.5135,1.537,1.5125,1.5325
1986-05-20,1.5325,1.5325,1.5145,1.522
1986-05-21,1.5215,1.5215,1.507,1.5075
1986-05-22,1.507,1.509,1.49,1.49
1986-05-23,1.49,1.499,1.483,1.491
1986-05-26,1.491,1.497,1.49,1.4965
1986-05-27,1.496,1.5115,1.49,1.5045
1986-05-28,1.504,1.509,1.495,1.5005
1986-05-29,1.501,1.501,1.4835,1.4855
1986-05-30,1.485,1.487,1.471,1.4725
1986-06-02,1.472,1.4815,1.4645,1.4745
1986-06-03,1.475,1.498,1.474,1.4915
1986-06-04,1.492,1.497,1.481,1.4875
1986-06-05,1.487,1.5035,1.4815,1.502
1986-06-06,1.5015,1.512,1.4995,1.506
1986-06-09,1.5055,1.5075,1.492,1.497
1986-06-10,1.497,1.5215,1.494,1.52
1986-06-11,1.52,1.5355,1.5195,1.5285
1986-06-12,1.529,1.5335,1.5215,1.528
1986-06-13,1.528,1.531,1.5135,1.523
1986-06-16,1.525,1.5285,1.503,1.5035
1986-06-17,1.503,1.513,1.501,1.5035
1986-06-18,1.5035,1.513,1.496,1.5035
1986-06-19,1.5035,1.512,1.5005,1.5055
1986-06-20,1.5055,1.507,1.4925,1.4935
1986-06-23,1.4925,1.5195,1.4855,1.517
1986-06-24,1.517,1.5195,1.5095,1.514
1986-06-25,1.5135,1.524,1.512,1.5145
1986-06-26,1.515,1.521,1.509,1.52
1986-06-27,1.5205,1.5335,1.517,1.53
1986-06-30,1.531,1.5435,1.528,1.5435
1986-07-01,1.543,1.552,1.538,1.5445
1986-07-02,1.5445,1.545,1.5335,1.541
1986-07-03,1.541,1.549,1.54,1.5455
1986-07-04,1.546,1.547,1.538,1.54
1986-07-07,1.5445,1.5505,1.5275,1.529
1986-07-08,1.529,1.5445,1.527,1.5325
1986-07-09,1.5325,1.536,1.521,1.5325
1986-07-10,1.533,1.534,1.511,1.52
1986-07-11,1.52,1.526,1.4965,1.4975
1986-07-14,1.492,1.4925,1.477,1.4885
1986-07-15,1.489,1.5065,1.479,1.505
1986-07-16,1.5055,1.5165,1.501,1.5135
1986-07-17,1.5135,1.5165,1.506,1.513
1986-07-18,1.5125,1.5125,1.4915,1.5095
1986-07-21,1.4985,1.507,1.491,1.495
1986-07-22,1.495,1.499,1.4835,1.4895
1986-07-23,1.489,1.4945,1.484,1.4875
1986-07-24,1.4875,1.4945,1.486,1.489
1986-07-25,1.489,1.4915,1.478,1.4795
1986-07-28,1.474,1.4855,1.4615,1.481
1986-07-29,1.4815,1.4935,1.4755,1.4905
1986-07-30,1.491,1.4955,1.487,1.4925
1986-07-31,1.493,1.499,1.488,1.4935
1986-08-01,1.495,1.495,1.473,1.475
1986-08-04,1.478,1.483,1.4655,1.4695
1986-08-05,1.4705,1.49,1.4705,1.484
1986-08-06,1.4835,1.485,1.476,1.482
1986-08-07,1.482,1.482,1.469,1.4695
1986-08-08,1.469,1.4785,1.4675,1.4765
1986-08-11,1.474,1.49,1.4715,1.487
1986-08-12,1.4865,1.492,1.4825,1.486
1986-08-13,1.486,1.488,1.4835,1.488
1986-08-14,1.4885,1.497,1.4855,1.497
1986-08-15,1.4965,1.4985,1.4895,1.4955
1986-08-18,1.496,1.4975,1.487,1.489
1986-08-19,1.4895,1.5055,1.4885,1.505
1986-08-20,1.505,1.5065,1.498,1.505
1986-08-21,1.505,1.505,1.4935,1.4965
1986-08-22,1.4965,1.503,1.4825,1.484
1986-08-25,1.484,1.4845,1.4745,1.4795
1986-08-26,1.48,1.4875,1.478,1.48
1986-08-27,1.4795,1.486,1.479,1.4835
1986-08-28,1.483,1.4835,1.4755,1.476
1986-08-29,1.476,1.493,1.4755,1.491
1986-09-01,1.49,1.492,1.4875,1.49
1986-09-02,1.4895,1.494,1.488,1.4935
1986-09-03,1.494,1.5015,1.4905,1.498
1986-09-04,1.4975,1.507,1.495,1.4995
1986-09-05,1.5,1.504,1.4905,1.494
1986-09-08,1.493,1.496,1.4825,1.4835
1986-09-09,1.4835,1.488,1.4735,1.4775
1986-09-10,1.477,1.4845,1.4735,1.481
1986-09-11,1.481,1.483,1.461,1.465
1986-09-12,1.4655,1.484,1.455,1.477
1986-09-15,1.477,1.4875,1.476,1.481
1986-09-16,1.481,1.483,1.4675,1.468
1986-09-17,1.4685,1.483,1.4675,1.474
1986-09-18,1.4735,1.484,1.464,1.475
1986-09-19,1.475,1.481,1.472,1.4765
1986-09-22,1.46,1.472,1.4465,1.447
1986-09-23,1.447,1.4545,1.442,1.4475
1986-09-24,1.4475,1.459,1.443,1.446
1986-09-25,1.4455,1.4485,1.4315,1.4345
1986-09-26,1.434,1.44,1.428,1.436
1986-09-29,1.438,1.4465,1.432,1.4365
1986-09-30,1.436,1.454,1.434,1.4435
1986-10-01,1.443,1.447,1.442,1.4455
1986-10-02,1.445,1.4475,1.431,1.4355
1986-10-03,1.435,1.4445,1.433,1.4405
1986-10-06,1.438,1.441,1.435,1.438
1986-10-07,1.4375,1.4395,1.431,1.433
1986-10-08,1.433,1.4335,1.417,1.421
1986-10-09,1.4205,1.432,1.4175,1.423
1986-10-10,1.423,1.435,1.4215,1.434
1986-10-13,1.433,1.435,1.4275,1.434
1986-10-14,1.433,1.444,1.4275,1.438
1986-10-15,1.438,1.44,1.434,1.439
1986-10-16,1.4395,1.4435,1.435,1.4355
1986-10-17,1.435,1.435,1.426,1.429
1986-10-20,1.429,1.4325,1.4255,1.4325
1986-10-21,1.432,1.4365,1.4315,1.4335
1986-10-22,1.434,1.4355,1.4295,1.4315
1986-10-23,1.4315,1.434,1.42,1.424
1986-10-24,1.424,1.4255,1.409,1.4125
1986-10-27,1.412,1.4125,1.4045,1.409
1986-10-28,1.409,1.418,1.4085,1.4155
1986-10-29,1.4155,1.418,1.4095,1.413
1986-10-30,1.4135,1.4135,1.3945,1.4045
1986-10-31,1.404,1.409,1.3955,1.406
1986-11-03,1.4055,1.4165,1.4055,1.4125
1986-11-04,1.413,1.417,1.411,1.417
1986-11-05,1.4165,1.429,1.4165,1.4265
1986-11-06,1.427,1.434,1.4245,1.4265
1986-11-07,1.427,1.4305,1.421,1.43
1986-11-10,1.431,1.4415,1.4305,1.438
1986-11-11,1.4385,1.4425,1.435,1.4395
1986-11-12,1.44,1.4405,1.4205,1.4265
1986-11-13,1.426,1.4285,1.416,1.4265
1986-11-14,1.4265,1.432,1.425,1.4285
1986-11-17,1.427,1.4305,1.422,1.4245
1986-11-18,1.423,1.425,1.418,1.4225
1986-11-19,1.422,1.426,1.4155,1.419
1986-11-20,1.42,1.42,1.4085,1.414
1986-11-21,1.414,1.4235,1.41,1.4195
1986-11-24,1.419,1.4205,1.412,1.4125
1986-11-25,1.413,1.4285,1.411,1.4255
1986-11-26,1.426,1.434,1.4245,1.4315
1986-11-27,1.431,1.4315,1.425,1.43
1986-11-28,1.43,1.4385,1.4285,1.434
1986-12-01,1.4355,1.439,1.432,1.437
1986-12-02,1.437,1.437,1.427,1.4315
1986-12-03,1.4315,1.433,1.4285,1.433
1986-12-04,1.433,1.4335,1.4275,1.431
1986-12-05,1.431,1.431,1.421,1.421
1986-12-08,1.4215,1.424,1.4155,1.4215
1986-12-09,1.422,1.4265,1.42,1.4265
1986-12-10,1.427,1.428,1.4225,1.428
1986-12-11,1.4275,1.428,1.422,1.426
1986-12-12,1.426,1.43,1.4245,1.4275
1986-12-15,1.4275,1.4365,1.4275,1.4335
1986-12-16,1.434,1.4355,1.429,1.43
1986-12-17,1.43,1.4315,1.426,1.4295
1986-12-18,1.4295,1.433,1.4275,1.433
1986-12-19,1.431,1.435,1.428,1.431
1986-12-22,1.436,1.4455,1.436,1.442
1986-12-23,1.442,1.4585,1.441,1.4575
1986-12-24,1.4575,1.464,1.4545,1.464
1986-12-26,1.461,1.461,1.455,1.46
1986-12-29,1.46,1.47,1.4545,1.467
1986-12-30,1.467,1.47,1.4625,1.468
1986-12-31,1.468,1.488,1.464,1.4865
1987-01-02,1.4865,1.496,1.482,1.489
1987-01-05,1.4895,1.4895,1.47,1.471
1987-01-06,1.4705,1.4815,1.4705,1.481
1987-01-07,1.481,1.4815,1.466,1.4725
1987-01-08,1.472,1.48,1.464,1.477
1987-01-09,1.477,1.478,1.47,1.4765
1987-01-12,1.476,1.4915,1.474,1.487
1987-01-13,1.487,1.4935,1.4845,1.492
1987-01-14,1.4915,1.509,1.487,1.5045
1987-01-15,1.505,1.507,1.4965,1.506
1987-01-16,1.5055,1.521,1.5015,1.519
1987-01-19,1.52,1.541,1.52,1.524
1987-01-20,1.5235,1.531,1.515,1.5205
1987-01-21,1.52,1.5235,1.511,1.521
1987-01-22,1.521,1.5375,1.5175,1.528
1987-01-23,1.5275,1.5292,1.52,1.526
1987-01-26,1.531,1.536,1.522,1.5225
1987-01-27,1.5225,1.5385,1.5215,1.538
1987-01-28,1.538,1.5475,1.535,1.5385
1987-01-29,1.538,1.541,1.5335,1.535
1987-01-30,1.535,1.54,1.5025,1.512
1987-02-02,1.512,1.5255,1.51,1.5215
1987-02-03,1.522,1.5335,1.521,1.527
1987-02-04,1.5275,1.528,1.518,1.522
1987-02-05,1.5215,1.525,1.513,1.517
1987-02-06,1.517,1.5195,1.502,1.5065
1987-02-09,1.505,1.529,1.496,1.527
1987-02-10,1.5275,1.536,1.5155,1.525
1987-02-11,1.5255,1.528,1.517,1.518
1987-02-12,1.5185,1.525,1.5125,1.517
1987-02-13,1.5175,1.529,1.5135,1.529
1987-02-16,1.5245,1.529,1.519,1.5215
1987-02-17,1.5225,1.534,1.521,1.529
1987-02-18,1.528,1.5335,1.5255,1.5315
1987-02-19,1.531,1.5315,1.518,1.527
1987-02-20,1.527,1.537,1.5255,1.5325
1987-02-23,1.5325,1.544,1.528,1.5385
1987-02-24,1.538,1.5425,1.5365,1.5385
1987-02-25,1.5385,1.5415,1.5355,1.5375
1987-02-26,1.5375,1.543,1.536,1.54
1987-02-27,1.54,1.55,1.5395,1.548
1987-03-02,1.548,1.566,1.5475,1.5645
1987-03-03,1.565,1.569,1.557,1.561
1987-03-04,1.561,1.5675,1.56,1.5645
1987-03-05,1.5645,1.589,1.5615,1.584
1987-03-06,1.5845,1.59,1.576,1.584
1987-03-09,1.584,1.594,1.5785,1.5865
1987-03-10,1.586,1.588,1.58,1.586
1987-03-11,1.586,1.6,1.585,1.5925
1987-03-12,1.592,1.595,1.583,1.5875
1987-03-13,1.588,1.589,1.572,1.5755
1987-03-16,1.5745,1.592,1.574,1.588
1987-03-17,1.588,1.6045,1.588,1.6045
1987-03-18,1.605,1.6085,1.6025,1.608
1987-03-19,1.6075,1.608,1.5965,1.598
1987-03-20,1.598,1.6045,1.593,1.6035
1987-03-23,1.604,1.6185,1.604,1.6175
1987-03-24,1.617,1.6225,1.608,1.6095
1987-03-25,1.6095,1.615,1.599,1.5995
1987-03-26,1.5995,1.607,1.596,1.6015
1987-03-27,1.602,1.609,1.6,1.608
1987-03-30,1.6085,1.615,1.6045,1.6045
1987-03-31,1.605,1.612,1.601,1.6055
1987-04-01,1.605,1.606,1.59,1.5905
1987-04-02,1.591,1.61,1.588,1.6065
1987-04-03,1.6065,1.616,1.6035,1.613
1987-04-06,1.62,1.624,1.6135,1.617
1987-04-07,1.617,1.622,1.616,1.617
1987-04-08,1.6175,1.6185,1.6105,1.617
1987-04-09,1.6175,1.62,1.614,1.62
1987-04-10,1.6195,1.6285,1.6185,1.622
1987-04-13,1.6225,1.6285,1.6225,1.627
1987-04-14,1.6275,1.6355,1.6245,1.6355
1987-04-15,1.636,1.6365,1.62,1.6325
1987-04-16,1.6325,1.6325,1.621,1.631
1987-04-17,1.631,1.6325,1.6285,1.63
1987-04-20,1.63,1.634,1.627,1.634
1987-04-21,1.634,1.638,1.6305,1.631
1987-04-22,1.6315,1.634,1.625,1.6295
1987-04-23,1.6295,1.644,1.628,1.644
1987-04-24,1.6435,1.6615,1.6415,1.661
1987-04-27,1.662,1.671,1.6565,1.657
1987-04-28,1.657,1.6635,1.6495,1.6555
1987-04-29,1.6555,1.6635,1.651,1.6635
1987-04-30,1.6635,1.6695,1.655,1.661
1987-05-01,1.661,1.674,1.6555,1.6735
1987-05-04,1.6755,1.685,1.674,1.6825
1987-05-05,1.683,1.689,1.68,1.6815
1987-05-06,1.681,1.6875,1.678,1.6855
1987-05-07,1.685,1.686,1.675,1.6795
1987-05-08,1.6795,1.6847,1.6688,1.674
1987-05-11,1.673,1.675,1.656,1.662
1987-05-12,1.662,1.6705,1.6615,1.667
1987-05-13,1.668,1.674,1.6625,1.669
1987-05-14,1.669,1.6805,1.6675,1.6805
1987-05-15,1.68,1.683,1.6755,1.681
1987-05-18,1.68,1.685,1.68,1.6815
1987-05-19,1.682,1.688,1.6775,1.687
1987-05-20,1.687,1.6895,1.6795,1.6795
1987-05-21,1.678,1.6835,1.677,1.681
1987-05-22,1.6815,1.682,1.667,1.669
1987-05-25,1.6685,1.6705,1.6665,1.6665
1987-05-26,1.6665,1.6665,1.6235,1.6245
1987-05-27,1.6235,1.634,1.6055,1.615
1987-05-28,1.614,1.6335,1.614,1.6285
1987-05-29,1.628,1.6325,1.6185,1.63
1987-06-01,1.627,1.63,1.616,1.6285
1987-06-02,1.6285,1.65,1.6245,1.65
1987-06-03,1.6525,1.6535,1.6275,1.628
1987-06-04,1.627,1.632,1.6195,1.627
1987-06-05,1.627,1.6365,1.626,1.629
1987-06-08,1.628,1.643,1.6265,1.6385
1987-06-09,1.638,1.6655,1.636,1.6655
1987-06-10,1.665,1.669,1.6525,1.6625
1987-06-11,1.6625,1.6665,1.6555,1.6625
1987-06-12,1.6635,1.666,1.649,1.652
1987-06-15,1.65,1.65,1.6285,1.63
1987-06-16,1.63,1.643,1.627,1.6275
1987-06-17,1.627,1.637,1.6225,1.6255
1987-06-18,1.6255,1.636,1.6255,1.629
1987-06-19,1.6295,1.6365,1.607,1.61
1987-06-22,1.6115,1.615,1.587,1.588
1987-06-23,1.59,1.604,1.5885,1.602
1987-06-24,1.602,1.6265,1.5995,1.6265
1987-06-25,1.626,1.626,1.609,1.613
1987-06-26,1.6135,1.619,1.6085,1.611
1987-06-29,1.611,1.613,1.596,1.6
1987-06-30,1.599,1.618,1.5955,1.613
1987-07-01,1.6135,1.6245,1.612,1.615
1987-07-02,1.6155,1.621,1.6125,1.6175
1987-07-03,1.6175,1.619,1.608,1.6095
1987-07-06,1.6095,1.6235,1.607,1.6235
1987-07-07,1.6235,1.6235,1.6155,1.6165
1987-07-08,1.6165,1.621,1.613,1.6185
1987-07-09,1.6185,1.6225,1.616,1.6185
1987-07-10,1.6185,1.6185,1.6055,1.612
1987-07-13,1.612,1.6185,1.608,1.6155
1987-07-14,1.6155,1.6185,1.6095,1.61
1987-07-15,1.61,1.638,1.608,1.635
1987-07-16,1.6355,1.6355,1.6275,1.6285
1987-07-17,1.6285,1.6285,1.6,1.6035
1987-07-20,1.601,1.61,1.592,1.6
1987-07-21,1.5995,1.605,1.5945,1.602
1987-07-22,1.6025,1.6045,1.592,1.5965
1987-07-23,1.5965,1.609,1.5955,1.602
1987-07-24,1.6015,1.609,1.599,1.6055
1987-07-27,1.6045,1.607,1.595,1.5975
1987-07-28,1.598,1.603,1.5935,1.6025
1987-07-29,1.6025,1.603,1.5965,1.599
1987-07-30,1.599,1.6,1.588,1.593
1987-07-31,1.5935,1.596,1.59,1.5905
1987-08-03,1.59,1.5955,1.576,1.5775
1987-08-04,1.578,1.581,1.567,1.5725
1987-08-05,1.5725,1.5805,1.5725,1.578
1987-08-06,1.578,1.58,1.5715,1.576
1987-08-07,1.576,1.5765,1.5625,1.5645
1987-08-10,1.563,1.572,1.562,1.5695
1987-08-11,1.569,1.573,1.566,1.573
1987-08-12,1.5725,1.5815,1.569,1.5785
1987-08-13,1.578,1.582,1.5765,1.579
1987-08-14,1.579,1.5955,1.5735,1.587
1987-08-17,1.588,1.5945,1.5865,1.5935
1987-08-18,1.593,1.618,1.5915,1.615
1987-08-19,1.6155,1.626,1.606,1.625
1987-08-20,1.625,1.625,1.6115,1.6155
1987-08-21,1.6175,1.633,1.613,1.631
1987-08-24,1.632,1.635,1.626,1.6305
1987-08-25,1.631,1.6325,1.615,1.6165
1987-08-26,1.6165,1.619,1.607,1.6175
1987-08-27,1.617,1.6315,1.615,1.6295
1987-08-28,1.63,1.634,1.623,1.632
1987-08-31,1.631,1.634,1.628,1.6285
1987-09-01,1.629,1.643,1.6285,1.642
1987-09-02,1.642,1.654,1.6405,1.653
1987-09-03,1.653,1.661,1.648,1.657
1987-09-04,1.6575,1.6595,1.6485,1.652
1987-09-07,1.6515,1.662,1.65,1.66
1987-09-08,1.66,1.664,1.6555,1.66
1987-09-09,1.66,1.6605,1.6425,1.646
1987-09-10,1.646,1.6485,1.639,1.6455
1987-09-11,1.645,1.659,1.641,1.643
1987-09-14,1.6425,1.645,1.6325,1.636
1987-09-15,1.636,1.647,1.634,1.6465
1987-09-16,1.6465,1.648,1.6405,1.645
1987-09-17,1.645,1.6485,1.6425,1.6445
1987-09-18,1.644,1.657,1.6435,1.6565
1987-09-21,1.6545,1.6555,1.647,1.6515
1987-09-22,1.6515,1.6515,1.6395,1.64
1987-09-23,1.6405,1.643,1.634,1.642
1987-09-24,1.6425,1.6455,1.63,1.6415
1987-09-25,1.641,1.6425,1.635,1.642
1987-09-28,1.64,1.6435,1.635,1.6385
1987-09-29,1.639,1.639,1.621,1.626
1987-09-30,1.626,1.6325,1.6215,1.6245
1987-10-01,1.6245,1.625,1.613,1.622
1987-10-02,1.6225,1.6265,1.6175,1.6185
1987-10-05,1.617,1.629,1.615,1.628
1987-10-06,1.6285,1.635,1.6255,1.6335
1987-10-07,1.6335,1.6435,1.6335,1.643
1987-10-08,1.643,1.651,1.64,1.6475
1987-10-09,1.647,1.6545,1.646,1.653
1987-10-12,1.6545,1.6555,1.6475,1.652
1987-10-13,1.6525,1.654,1.6415,1.645
1987-10-14,1.6445,1.659,1.6425,1.6575
1987-10-15,1.6575,1.667,1.656,1.662
1987-10-16,1.6615,1.667,1.66,1.666
1987-10-19,1.689,1.69,1.674,1.674
1987-10-20,1.6725,1.675,1.646,1.652
1987-10-21,1.651,1.659,1.647,1.649
1987-10-22,1.649,1.6605,1.6435,1.646
1987-10-23,1.6455,1.687,1.6455,1.683
1987-10-26,1.685,1.697,1.674,1.6845
1987-10-27,1.685,1.7055,1.684,1.702
1987-10-28,1.7015,1.729,1.699,1.7225
1987-10-29,1.7225,1.732,1.711,1.713
1987-10-30,1.713,1.727,1.709,1.7215
1987-11-02,1.723,1.742,1.721,1.7385
1987-11-03,1.738,1.753,1.734,1.742
1987-11-04,1.743,1.755,1.739,1.755
1987-11-05,1.7535,1.7855,1.7525,1.781
1987-11-06,1.7815,1.792,1.774,1.786
1987-11-09,1.7865,1.797,1.778,1.792
1987-11-10,1.792,1.8005,1.776,1.785
1987-11-11,1.784,1.7885,1.7775,1.78
1987-11-12,1.7805,1.781,1.755,1.7655
1987-11-13,1.766,1.7705,1.758,1.7695
1987-11-16,1.766,1.766,1.7385,1.74
1987-11-17,1.74,1.7665,1.74,1.764
1987-11-18,1.7645,1.7765,1.75,1.7765
1987-11-19,1.776,1.7855,1.771,1.772
1987-11-20,1.774,1.8,1.763,1.777
1987-11-23,1.7775,1.7945,1.7775,1.784
1987-11-24,1.7835,1.7925,1.771,1.7905
1987-11-25,1.791,1.799,1.786,1.7935
1987-11-27,1.7935,1.8135,1.7935,1.8135
1987-11-30,1.815,1.834,1.815,1.8265
1987-12-01,1.826,1.831,1.804,1.8105
1987-12-02,1.8105,1.8205,1.797,1.819
1987-12-03,1.8195,1.822,1.799,1.8
1987-12-04,1.799,1.814,1.783,1.7905
1987-12-07,1.785,1.798,1.783,1.7855
1987-12-08,1.7855,1.7995,1.7855,1.799
1987-12-09,1.7985,1.8075,1.798,1.8045
1987-12-10,1.8045,1.835,1.8,1.834
1987-12-11,1.8345,1.842,1.833,1.8375
1987-12-14,1.836,1.8455,1.8355,1.8355
1987-12-15,1.835,1.8455,1.826,1.828
1987-12-16,1.828,1.837,1.821,1.8355
1987-12-17,1.836,1.843,1.828,1.84
1987-12-18,1.841,1.8425,1.821,1.823
1987-12-21,1.824,1.836,1.822,1.8315
1987-12-22,1.831,1.835,1.8265,1.833
1987-12-23,1.8335,1.836,1.816,1.826
1987-12-24,1.826,1.849,1.824,1.844
1987-12-28,1.8665,1.878,1.854,1.861
1987-12-29,1.8605,1.8665,1.852,1.86
1987-12-30,1.854,1.859,1.854,1.857
1987-12-31,1.8625,1.8875,1.8625,1.887
1988-01-04,1.887,1.893,1.869,1.8735
1988-01-05,1.873,1.8745,1.82,1.8215
1988-01-06,1.821,1.834,1.788,1.808
1988-01-07,1.8075,1.8185,1.795,1.7955
1988-01-08,1.795,1.819,1.792,1.8175
1988-01-11,1.815,1.8275,1.8135,1.818
1988-01-12,1.8175,1.826,1.815,1.8225
1988-01-13,1.823,1.836,1.82,1.8215
1988-01-14,1.822,1.8285,1.816,1.8275
1988-01-15,1.827,1.8275,1.762,1.77
1988-01-18,1.768,1.777,1.7575,1.775
1988-01-19,1.7755,1.784,1.768,1.778
1988-01-20,1.78,1.8,1.7745,1.8
1988-01-21,1.7995,1.807,1.79,1.794
1988-01-22,1.793,1.7935,1.7795,1.788
1988-01-25,1.786,1.786,1.7665,1.7675
1988-01-26,1.7675,1.777,1.764,1.774
1988-01-27,1.7745,1.7845,1.77,1.783
1988-01-28,1.783,1.785,1.776,1.781
1988-01-29,1.7815,1.7815,1.763,1.7655
1988-02-01,1.763,1.7635,1.749,1.757
1988-02-02,1.757,1.773,1.7565,1.769
1988-02-03,1.769,1.772,1.7595,1.762
1988-02-04,1.7615,1.77,1.755,1.7685
1988-02-05,1.7685,1.7695,1.7495,1.752
1988-02-08,1.751,1.755,1.7445,1.7495
1988-02-09,1.7495,1.7525,1.74,1.751
1988-02-10,1.751,1.7645,1.747,1.7575
1988-02-11,1.7575,1.762,1.7555,1.76
1988-02-12,1.7605,1.7605,1.727,1.74
1988-02-15,1.738,1.746,1.735,1.743
1988-02-16,1.744,1.753,1.737,1.7465
1988-02-17,1.746,1.754,1.743,1.752
1988-02-18,1.7515,1.754,1.74,1.742
1988-02-19,1.742,1.752,1.7385,1.7485
1988-02-22,1.748,1.7645,1.748,1.76
1988-02-23,1.76,1.7695,1.7595,1.763
1988-02-24,1.764,1.769,1.7615,1.764
1988-02-25,1.7645,1.7685,1.758,1.767
1988-02-26,1.7665,1.7745,1.7665,1.771
1988-02-29,1.7715,1.7755,1.767,1.774
1988-03-01,1.774,1.777,1.7685,1.7755
1988-03-02,1.7755,1.7765,1.765,1.7665
1988-03-03,1.766,1.7705,1.7645,1.7695
1988-03-04,1.769,1.7745,1.766,1.7745
1988-03-07,1.7745,1.821,1.774,1.8185
1988-03-08,1.818,1.846,1.818,1.842
1988-03-09,1.842,1.8505,1.8315,1.8445
1988-03-10,1.8445,1.8475,1.838,1.846
1988-03-11,1.8465,1.8575,1.842,1.857
1988-03-14,1.857,1.8615,1.847,1.851
1988-03-15,1.8515,1.86,1.844,1.845
1988-03-16,1.8465,1.8535,1.84,1.8475
1988-03-17,1.848,1.859,1.8275,1.8325
1988-03-18,1.832,1.8415,1.8195,1.826
1988-03-21,1.8235,1.834,1.823,1.83
1988-03-22,1.831,1.837,1.826,1.8315
1988-03-23,1.8315,1.8385,1.8285,1.8375
1988-03-24,1.8385,1.846,1.8385,1.8425
1988-03-25,1.843,1.844,1.826,1.844
1988-03-28,1.8445,1.8725,1.841,1.87
1988-03-29,1.8705,1.871,1.859,1.8655
1988-03-30,1.866,1.8825,1.8555,1.8745
1988-03-31,1.874,1.8885,1.872,1.8835
1988-04-01,1.884,1.891,1.884,1.8895
1988-04-04,1.89,1.8955,1.885,1.889
1988-04-05,1.889,1.889,1.877,1.8775
1988-04-06,1.8775,1.884,1.866,1.871
1988-04-07,1.871,1.8765,1.8615,1.875
1988-04-08,1.875,1.8795,1.866,1.8745
1988-04-11,1.874,1.875,1.851,1.859
1988-04-12,1.8595,1.8595,1.846,1.8465
1988-04-13,1.846,1.8485,1.8345,1.8385
1988-04-14,1.8385,1.8785,1.8365,1.8735
1988-04-15,1.874,1.8905,1.8665,1.8885
1988-04-18,1.887,1.9055,1.887,1.9
1988-04-19,1.8995,1.8995,1.8885,1.8935
1988-04-20,1.893,1.8965,1.89,1.8905
1988-04-21,1.8915,1.8995,1.8845,1.893
1988-04-22,1.893,1.897,1.8835,1.8855
1988-04-25,1.8835,1.884,1.871,1.872
1988-04-26,1.872,1.8825,1.8715,1.875
1988-04-27,1.8755,1.879,1.8675,1.873
1988-04-28,1.8725,1.878,1.871,1.872
1988-04-29,1.8725,1.89,1.872,1.876
1988-05-02,1.876,1.8765,1.8635,1.8735
1988-05-03,1.873,1.874,1.865,1.8685
1988-05-04,1.8675,1.8675,1.8605,1.8635
1988-05-05,1.8635,1.8685,1.86,1.86
1988-05-06,1.861,1.868,1.8585,1.861
1988-05-09,1.866,1.883,1.864,1.881
1988-05-10,1.8805,1.885,1.878,1.883
1988-05-11,1.8835,1.8895,1.8785,1.881
1988-05-12,1.8805,1.886,1.877,1.8825
1988-05-13,1.883,1.892,1.8825,1.89
1988-05-16,1.89,1.894,1.8865,1.888
1988-05-17,1.888,1.8885,1.8535,1.8595
1988-05-18,1.8605,1.868,1.8565,1.868
1988-05-19,1.8685,1.872,1.862,1.863
1988-05-20,1.8635,1.865,1.861,1.8625
1988-05-23,1.8625,1.8695,1.8625,1.869
1988-05-24,1.8695,1.872,1.8655,1.8665
1988-05-25,1.867,1.8685,1.8615,1.863
1988-05-26,1.8625,1.864,1.859,1.8615
1988-05-27,1.861,1.8625,1.854,1.856
1988-05-30,1.856,1.856,1.845,1.849
1988-05-31,1.8485,1.8485,1.8345,1.835
1988-06-01,1.8345,1.8365,1.811,1.8125
1988-06-02,1.812,1.8185,1.7945,1.8025
1988-06-03,1.8035,1.808,1.794,1.795
1988-06-06,1.796,1.806,1.787,1.8015
1988-06-07,1.802,1.814,1.801,1.813
1988-06-08,1.8135,1.823,1.8075,1.81
1988-06-09,1.81,1.822,1.8075,1.821
1988-06-10,1.8215,1.822,1.8145,1.817
1988-06-13,1.813,1.826,1.813,1.816
1988-06-14,1.816,1.819,1.783,1.786
1988-06-15,1.7865,1.7895,1.781,1.788
1988-06-16,1.79,1.791,1.7865,1.788
1988-06-17,1.788,1.793,1.7845,1.79
1988-06-20,1.7825,1.7915,1.781,1.784
1988-06-21,1.7835,1.7905,1.7815,1.789
1988-06-22,1.788,1.7885,1.7625,1.7625
1988-06-23,1.762,1.769,1.75,1.7535
1988-06-24,1.754,1.757,1.72,1.7265
1988-06-27,1.724,1.724,1.695,1.703
1988-06-28,1.704,1.7345,1.703,1.703
1988-06-29,1.7035,1.7165,1.703,1.7145
1988-06-30,1.714,1.7245,1.701,1.711
1988-07-01,1.7115,1.7125,1.6945,1.698
1988-07-04,1.692,1.6955,1.678,1.678
1988-07-05,1.6775,1.7135,1.675,1.712
1988-07-06,1.713,1.719,1.709,1.719
1988-07-07,1.719,1.7235,1.709,1.712
1988-07-08,1.7115,1.7145,1.696,1.6985
1988-07-11,1.697,1.6995,1.687,1.692
1988-07-12,1.692,1.6995,1.6865,1.6985
1988-07-13,1.6995,1.702,1.688,1.695
1988-07-14,1.6945,1.6945,1.681,1.681
1988-07-15,1.682,1.688,1.658,1.661
1988-07-18,1.66,1.6755,1.6565,1.675
1988-07-19,1.6745,1.7045,1.674,1.704
1988-07-20,1.7045,1.7145,1.7015,1.7045
1988-07-21,1.705,1.731,1.6975,1.727
1988-07-22,1.7275,1.743,1.722,1.7415
1988-07-25,1.742,1.755,1.716,1.719
1988-07-26,1.7195,1.725,1.7065,1.708
1988-07-27,1.708,1.734,1.701,1.728
1988-07-28,1.729,1.7375,1.719,1.721
1988-07-29,1.722,1.7275,1.706,1.7085
1988-08-01,1.709,1.72,1.707,1.719
1988-08-02,1.721,1.726,1.706,1.707
1988-08-03,1.7075,1.7135,1.7005,1.7095
1988-08-04,1.709,1.7145,1.705,1.7065
1988-08-05,1.7075,1.708,1.687,1.689
1988-08-08,1.688,1.706,1.684,1.7005
1988-08-09,1.7,1.708,1.6815,1.6835
1988-08-10,1.684,1.6975,1.683,1.697
1988-08-11,1.698,1.7135,1.6935,1.7095
1988-08-12,1.7085,1.7185,1.7065,1.715
1988-08-15,1.717,1.723,1.706,1.7145
1988-08-16,1.7155,1.7345,1.7,1.701
1988-08-17,1.701,1.7075,1.686,1.69
1988-08-18,1.6905,1.705,1.6875,1.6985
1988-08-19,1.699,1.704,1.6965,1.6975
1988-08-22,1.698,1.7,1.6735,1.686
1988-08-23,1.685,1.6875,1.6735,1.6735
1988-08-24,1.673,1.688,1.671,1.687
1988-08-25,1.687,1.703,1.6725,1.699
1988-08-26,1.6985,1.7055,1.683,1.6845
1988-08-29,1.683,1.6875,1.679,1.679
1988-08-30,1.679,1.6935,1.6785,1.687
1988-08-31,1.687,1.6905,1.6775,1.684
1988-09-01,1.6845,1.686,1.666,1.6685
1988-09-02,1.6675,1.69,1.665,1.6845
1988-09-05,1.685,1.6885,1.681,1.6845
1988-09-06,1.6855,1.7065,1.6835,1.7035
1988-09-07,1.703,1.7105,1.7,1.706
1988-09-08,1.7065,1.7065,1.693,1.7005
1988-09-09,1.7,1.704,1.695,1.6955
1988-09-12,1.6945,1.6995,1.69,1.6985
1988-09-13,1.698,1.7,1.6935,1.6945
1988-09-14,1.695,1.695,1.674,1.679
1988-09-15,1.6795,1.6805,1.6755,1.6785
1988-09-16,1.679,1.683,1.672,1.678
1988-09-19,1.678,1.6805,1.6745,1.6785
1988-09-20,1.678,1.687,1.677,1.6805
1988-09-21,1.6815,1.686,1.673,1.6735
1988-09-22,1.6735,1.675,1.665,1.6675
1988-09-23,1.668,1.672,1.664,1.6715
1988-09-26,1.671,1.673,1.659,1.672
1988-09-27,1.672,1.6815,1.668,1.678
1988-09-28,1.679,1.691,1.6775,1.6895
1988-09-29,1.6885,1.6885,1.679,1.682
1988-09-30,1.682,1.693,1.679,1.692
1988-10-03,1.691,1.702,1.6895,1.701
1988-10-04,1.7005,1.702,1.693,1.6945
1988-10-05,1.695,1.6975,1.69,1.6945
1988-10-06,1.694,1.696,1.6915,1.692
1988-10-07,1.6925,1.704,1.6915,1.698
1988-10-10,1.699,1.714,1.699,1.7135
1988-10-11,1.7135,1.722,1.712,1.715
1988-10-12,1.7155,1.737,1.7125,1.734
1988-10-13,1.7345,1.754,1.733,1.7495
1988-10-14,1.748,1.7615,1.7385,1.7595
1988-10-17,1.765,1.768,1.744,1.7475
1988-10-18,1.748,1.755,1.738,1.747
1988-10-19,1.7465,1.755,1.744,1.7505
1988-10-20,1.751,1.7655,1.7505,1.765
1988-10-21,1.7655,1.7675,1.756,1.7615
1988-10-24,1.76,1.761,1.7455,1.748
1988-10-25,1.748,1.758,1.7425,1.7515
1988-10-26,1.751,1.762,1.7505,1.7605
1988-10-27,1.76,1.7755,1.754,1.7675
1988-10-28,1.7685,1.772,1.761,1.772
1988-10-31,1.7705,1.782,1.7615,1.768
1988-11-01,1.767,1.7725,1.761,1.772
1988-11-02,1.7725,1.7875,1.7685,1.7815
1988-11-03,1.781,1.783,1.7745,1.775
1988-11-04,1.775,1.7793,1.764,1.766
1988-11-07,1.7645,1.781,1.762,1.7785
1988-11-08,1.782,1.784,1.768,1.77
1988-11-09,1.769,1.7995,1.7565,1.792
1988-11-10,1.793,1.8015,1.7885,1.797
1988-11-11,1.7965,1.8155,1.795,1.8105
1988-11-14,1.81,1.816,1.8005,1.8075
1988-11-15,1.807,1.81,1.803,1.8065
1988-11-16,1.8065,1.8335,1.8045,1.8325
1988-11-17,1.832,1.8345,1.814,1.8275
1988-11-18,1.827,1.835,1.82,1.826
1988-11-21,1.82,1.834,1.819,1.8275
1988-11-22,1.8275,1.839,1.824,1.8335
1988-11-23,1.8335,1.8385,1.827,1.836
1988-11-24,1.8365,1.8385,1.8325,1.836
1988-11-25,1.8365,1.8465,1.8225,1.8425
1988-11-28,1.8465,1.8515,1.834,1.838
1988-11-29,1.8375,1.8525,1.8345,1.8435
1988-11-30,1.844,1.8535,1.8435,1.853
1988-12-01,1.8525,1.8565,1.85,1.852
1988-12-02,1.8525,1.866,1.843,1.865
1988-12-05,1.866,1.872,1.8655,1.868
1988-12-06,1.869,1.8705,1.858,1.859
1988-12-07,1.859,1.86,1.826,1.8395
1988-12-08,1.8405,1.86,1.84,1.8535
1988-12-09,1.854,1.855,1.8395,1.846
1988-12-12,1.8445,1.8455,1.8385,1.8415
1988-12-13,1.842,1.843,1.817,1.817
1988-12-14,1.817,1.836,1.817,1.828
1988-12-15,1.827,1.8335,1.815,1.8185
1988-12-16,1.82,1.8275,1.81,1.8195
1988-12-19,1.82,1.827,1.8165,1.8205
1988-12-20,1.82,1.821,1.792,1.7955
1988-12-21,1.795,1.8085,1.7935,1.806
1988-12-22,1.806,1.8075,1.796,1.798
1988-12-23,1.7975,1.803,1.796,1.801
1988-12-27,1.801,1.8085,1.8,1.8015
1988-12-28,1.801,1.801,1.7815,1.789
1988-12-29,1.79,1.793,1.782,1.79
1988-12-30,1.79,1.812,1.7895,1.8115
1989-01-02,1.8115,1.8115,1.81,1.81
1989-01-03,1.81,1.8305,1.806,1.823
1989-01-04,1.8225,1.826,1.8045,1.809
1989-01-05,1.8085,1.8105,1.792,1.7925
1989-01-06,1.793,1.7975,1.7745,1.777
1989-01-09,1.777,1.785,1.758,1.774
1989-01-10,1.7735,1.7785,1.7605,1.765
1989-01-11,1.765,1.7885,1.7605,1.7845
1989-01-12,1.785,1.7915,1.7805,1.7825
1989-01-13,1.782,1.7855,1.7635,1.764
1989-01-16,1.766,1.7715,1.757,1.7635
1989-01-17,1.764,1.7735,1.7625,1.7695
1989-01-18,1.769,1.7715,1.7505,1.7525
1989-01-19,1.753,1.767,1.7465,1.764
1989-01-20,1.764,1.778,1.7555,1.777
1989-01-23,1.776,1.78,1.7655,1.776
1989-01-24,1.776,1.7825,1.7665,1.7685
1989-01-25,1.7685,1.773,1.765,1.772
1989-01-26,1.7715,1.777,1.7665,1.7665
1989-01-27,1.766,1.7705,1.757,1.7595
1989-01-30,1.7575,1.7635,1.754,1.761
1989-01-31,1.761,1.765,1.7495,1.752
1989-02-01,1.7515,1.755,1.743,1.7455
1989-02-02,1.746,1.753,1.743,1.7445
1989-02-03,1.745,1.75,1.739,1.7425
1989-02-06,1.74,1.74,1.7285,1.7375
1989-02-07,1.737,1.7455,1.7355,1.736
1989-02-08,1.735,1.7455,1.7345,1.743
1989-02-09,1.744,1.764,1.7435,1.762
1989-02-10,1.7625,1.774,1.745,1.7465
1989-02-13,1.7475,1.756,1.745,1.756
1989-02-14,1.7555,1.7745,1.755,1.774
1989-02-15,1.774,1.782,1.763,1.7735
1989-02-16,1.773,1.7745,1.762,1.77
1989-02-17,1.77,1.7815,1.769,1.7745
1989-02-20,1.7765,1.779,1.763,1.764
1989-02-21,1.764,1.7645,1.7455,1.7505
1989-02-22,1.751,1.753,1.743,1.749
1989-02-23,1.749,1.766,1.748,1.758
1989-02-24,1.7575,1.759,1.7495,1.756
1989-02-27,1.753,1.7585,1.737,1.742
1989-02-28,1.7405,1.7465,1.7345,1.7425
1989-03-01,1.7425,1.747,1.7185,1.7225
1989-03-02,1.723,1.73,1.711,1.7125
1989-03-03,1.7125,1.7265,1.711,1.7195
1989-03-06,1.719,1.733,1.718,1.723
1989-03-07,1.7225,1.726,1.7155,1.7215
1989-03-08,1.7215,1.723,1.7135,1.7145
1989-03-09,1.714,1.7225,1.713,1.7215
1989-03-10,1.721,1.726,1.714,1.7175
1989-03-13,1.7165,1.72,1.711,1.7125
1989-03-14,1.7125,1.7285,1.709,1.727
1989-03-15,1.7275,1.728,1.7175,1.7205
1989-03-16,1.721,1.7235,1.716,1.72
1989-03-17,1.72,1.721,1.712,1.712
1989-03-20,1.712,1.7195,1.707,1.718
1989-03-21,1.717,1.7255,1.714,1.724
1989-03-22,1.724,1.727,1.7185,1.726
1989-03-23,1.726,1.7285,1.718,1.7205
1989-03-24,1.72,1.721,1.717,1.7195
1989-03-27,1.721,1.721,1.7065,1.707
1989-03-28,1.707,1.7105,1.684,1.686
1989-03-29,1.6865,1.693,1.683,1.686
1989-03-30,1.6865,1.6925,1.675,1.687
1989-03-31,1.6875,1.6905,1.6845,1.686
1989-04-03,1.682,1.6965,1.6695,1.696
1989-04-04,1.6955,1.7105,1.693,1.706
1989-04-05,1.7065,1.7065,1.6965,1.702
1989-04-06,1.702,1.7065,1.698,1.701
1989-04-07,1.7005,1.7075,1.693,1.6935
1989-04-10,1.694,1.701,1.693,1.696
1989-04-11,1.6965,1.701,1.687,1.687
1989-04-12,1.687,1.695,1.6865,1.692
1989-04-13,1.6925,1.7025,1.6915,1.6975
1989-04-14,1.698,1.706,1.693,1.7045
1989-04-17,1.707,1.7165,1.706,1.713
1989-04-18,1.713,1.721,1.7065,1.715
1989-04-19,1.7145,1.7155,1.7085,1.7105
1989-04-20,1.71,1.7195,1.707,1.715
1989-04-21,1.7155,1.721,1.712,1.7125
1989-04-24,1.713,1.716,1.7035,1.706
1989-04-25,1.705,1.708,1.698,1.699
1989-04-26,1.698,1.702,1.688,1.6905
1989-04-27,1.6905,1.7075,1.688,1.6895
1989-04-28,1.6895,1.694,1.683,1.686
1989-05-01,1.685,1.687,1.679,1.6805
1989-05-02,1.681,1.6865,1.6785,1.679
1989-05-03,1.6795,1.6865,1.677,1.6815
1989-05-04,1.681,1.689,1.6795,1.6815
1989-05-05,1.6815,1.685,1.6715,1.675
1989-05-08,1.6745,1.677,1.661,1.6645
1989-05-09,1.665,1.6675,1.6575,1.6645
1989-05-10,1.6645,1.678,1.664,1.673
1989-05-11,1.6735,1.675,1.66,1.6655
1989-05-12,1.666,1.6825,1.659,1.661
1989-05-15,1.659,1.659,1.6345,1.64
1989-05-16,1.64,1.648,1.6375,1.6425
1989-05-17,1.643,1.6445,1.6095,1.6125
1989-05-18,1.6125,1.62,1.6055,1.616
1989-05-19,1.616,1.6245,1.6105,1.611
1989-05-22,1.607,1.608,1.5715,1.574
1989-05-23,1.5735,1.588,1.5605,1.5625
1989-05-24,1.5615,1.5745,1.5525,1.571
1989-05-25,1.5715,1.591,1.5705,1.5895
1989-05-26,1.5895,1.611,1.586,1.59
1989-05-29,1.583,1.584,1.5625,1.568
1989-05-30,1.5675,1.575,1.5545,1.572
1989-05-31,1.574,1.5775,1.5625,1.571
1989-06-01,1.5705,1.58,1.5625,1.5775
1989-06-02,1.578,1.6055,1.576,1.603
1989-06-05,1.6,1.605,1.565,1.566
1989-06-06,1.567,1.5755,1.5585,1.574
1989-06-07,1.574,1.5845,1.568,1.5735
1989-06-08,1.573,1.58,1.5695,1.579
1989-06-09,1.58,1.582,1.545,1.5465
1989-06-12,1.5425,1.544,1.5215,1.528
1989-06-13,1.53,1.531,1.515,1.5245
1989-06-14,1.524,1.5285,1.511,1.512
1989-06-15,1.5115,1.5525,1.4935,1.5435
1989-06-16,1.5425,1.555,1.521,1.54
1989-06-19,1.537,1.5525,1.5265,1.5425
1989-06-20,1.5435,1.561,1.5355,1.5385
1989-06-21,1.538,1.5585,1.5275,1.558
1989-06-22,1.559,1.5715,1.5385,1.562
1989-06-23,1.561,1.575,1.5465,1.564
1989-06-26,1.56,1.561,1.538,1.5425
1989-06-27,1.543,1.571,1.542,1.5655
1989-06-28,1.5665,1.567,1.552,1.5555
1989-06-29,1.556,1.567,1.5425,1.5425
1989-06-30,1.543,1.5555,1.5405,1.5515
1989-07-03,1.5495,1.5805,1.545,1.577
1989-07-04,1.577,1.593,1.574,1.5875
1989-07-05,1.587,1.6305,1.586,1.627
1989-07-06,1.628,1.6305,1.6145,1.629
1989-07-07,1.6295,1.635,1.6175,1.629
1989-07-10,1.628,1.645,1.621,1.639
1989-07-11,1.6385,1.639,1.62,1.622
1989-07-12,1.6225,1.63,1.6145,1.6295
1989-07-13,1.628,1.6315,1.6175,1.618
1989-07-14,1.618,1.6255,1.6045,1.605
1989-07-17,1.604,1.6155,1.5975,1.6135
1989-07-18,1.6135,1.6285,1.601,1.6215
1989-07-19,1.621,1.626,1.6085,1.609
1989-07-20,1.609,1.629,1.606,1.6225
1989-07-21,1.623,1.6335,1.6165,1.617
1989-07-24,1.612,1.627,1.609,1.6255
1989-07-25,1.625,1.639,1.6215,1.638
1989-07-26,1.638,1.6585,1.6335,1.658
1989-07-27,1.6585,1.665,1.6535,1.6555
1989-07-28,1.656,1.658,1.641,1.6525
1989-07-31,1.652,1.667,1.651,1.6645
1989-08-01,1.664,1.67,1.65,1.664
1989-08-02,1.6635,1.669,1.654,1.6545
1989-08-03,1.6545,1.6595,1.63,1.6365
1989-08-04,1.636,1.641,1.6045,1.605
1989-08-07,1.602,1.6115,1.5935,1.5985
1989-08-08,1.5985,1.6265,1.598,1.6255
1989-08-09,1.6255,1.6305,1.6145,1.6225
1989-08-10,1.623,1.6345,1.615,1.617
1989-08-11,1.6165,1.6195,1.579,1.5825
1989-08-14,1.581,1.5935,1.574,1.577
1989-08-15,1.5765,1.5855,1.57,1.575
1989-08-16,1.576,1.585,1.5715,1.5815
1989-08-17,1.5815,1.5835,1.555,1.561
1989-08-18,1.561,1.568,1.557,1.5655
1989-08-21,1.5645,1.578,1.56,1.572
1989-08-22,1.573,1.5895,1.573,1.5885
1989-08-23,1.5885,1.589,1.568,1.571
1989-08-24,1.571,1.5745,1.5605,1.57
1989-08-25,1.5695,1.573,1.5655,1.5665
1989-08-28,1.566,1.568,1.561,1.5635
1989-08-29,1.563,1.589,1.563,1.585
1989-08-30,1.585,1.593,1.576,1.577
1989-08-31,1.5765,1.5785,1.564,1.569
1989-09-01,1.5685,1.57,1.554,1.556
1989-09-04,1.555,1.557,1.549,1.554
1989-09-05,1.5535,1.5565,1.5345,1.5385
1989-09-06,1.539,1.554,1.538,1.552
1989-09-07,1.5525,1.5535,1.5485,1.552
1989-09-08,1.551,1.5545,1.5365,1.537
1989-09-11,1.5355,1.5465,1.533,1.545
1989-09-12,1.5445,1.5525,1.5435,1.547
1989-09-13,1.546,1.5605,1.545,1.5585
1989-09-14,1.559,1.5725,1.5505,1.553
1989-09-15,1.5535,1.555,1.537,1.55
1989-09-18,1.5645,1.575,1.5545,1.571
1989-09-19,1.571,1.5745,1.564,1.5705
1989-09-20,1.57,1.585,1.565,1.582
1989-09-21,1.5815,1.584,1.5755,1.579
1989-09-22,1.5795,1.5845,1.57,1.5715
1989-09-25,1.574,1.619,1.574,1.6165
1989-09-26,1.616,1.6235,1.605,1.617
1989-09-27,1.619,1.6265,1.609,1.6155
1989-09-28,1.6145,1.6155,1.604,1.6105
1989-09-29,1.61,1.6305,1.6095,1.6195
1989-10-02,1.619,1.625,1.6125,1.6135
1989-10-03,1.613,1.6155,1.5995,1.6025
1989-10-04,1.6025,1.614,1.6,1.601
1989-10-05,1.6025,1.626,1.6,1.612
1989-10-06,1.613,1.6155,1.5955,1.6035
1989-10-09,1.605,1.609,1.5695,1.575
1989-10-10,1.5755,1.5815,1.5485,1.5525
1989-10-11,1.5515,1.563,1.538,1.5455
1989-10-12,1.5455,1.5595,1.5445,1.551
1989-10-13,1.553,1.584,1.5465,1.5825
1989-10-16,1.59,1.609,1.57,1.575
1989-10-17,1.576,1.592,1.5735,1.5755
1989-10-18,1.5755,1.595,1.574,1.5915
1989-10-19,1.5915,1.6065,1.589,1.6005
1989-10-20,1.601,1.601,1.585,1.588
1989-10-23,1.587,1.6035,1.586,1.602
1989-10-24,1.602,1.6095,1.5915,1.6055
1989-10-25,1.6085,1.613,1.606,1.6102
1989-10-26,1.6102,1.613,1.604,1.6125
1989-10-27,1.613,1.613,1.5665,1.5765
1989-10-30,1.5735,1.5895,1.571,1.5795
1989-10-31,1.5793,1.582,1.5776,1.579
1989-11-01,1.579,1.5895,1.5742,1.5815
1989-11-02,1.5745,1.5788,1.5655,1.5675
1989-11-03,1.5665,1.582,1.5665,1.5718
1989-11-06,1.571,1.588,1.571,1.5785
1989-11-07,1.582,1.585,1.5793,1.582
1989-11-08,1.5868,1.588,1.585,1.588
1989-11-09,1.592,1.5925,1.5845,1.5845
1989-11-10,1.5835,1.5865,1.5765,1.577
1989-11-13,1.577,1.5835,1.572,1.5828
1989-11-14,1.5828,1.589,1.5793,1.5875
1989-11-15,1.5875,1.5918,1.5773,1.579
1989-11-16,1.579,1.5825,1.5735,1.578
1989-11-17,1.5773,1.5795,1.567,1.571
1989-11-20,1.5665,1.569,1.555,1.5595
1989-11-21,1.5665,1.575,1.555,1.5675
1989-11-22,1.5728,1.574,1.561,1.565
1989-11-23,1.5667,1.5667,1.56,1.5612
1989-11-24,1.5667,1.5675,1.562,1.5628
1989-11-27,1.5628,1.5628,1.555,1.561
1989-11-28,1.5595,1.566,1.5593,1.562
1989-11-29,1.5668,1.5688,1.5605,1.5657
1989-11-30,1.57,1.5705,1.5655,1.5705
1989-12-01,1.5635,1.5655,1.5635,1.5635
1989-12-04,1.5667,1.5688,1.5625,1.564
1989-12-05,1.5643,1.5723,1.5635,1.571
1989-12-06,1.5725,1.5795,1.572,1.577
1989-12-07,1.5755,1.5805,1.573,1.5762
1989-12-08,1.5762,1.585,1.5755,1.58
1989-12-11,1.5807,1.5905,1.5807,1.5902
1989-12-12,1.593,1.6065,1.593,1.6055
1989-12-13,1.6095,1.6148,1.5955,1.596
1989-12-14,1.6035,1.6035,1.5965,1.598
1989-12-15,1.603,1.6201,1.601,1.6025
1989-12-18,1.6065,1.607,1.5992,1.603
1989-12-19,1.603,1.6073,1.6005,1.6008
1989-12-20,1.6008,1.608,1.5975,1.6055
1989-12-21,1.6055,1.614,1.6055,1.6135
1989-12-22,1.6137,1.626,1.6115,1.62
1989-12-27,1.6305,1.6325,1.624,1.6252
1989-12-28,1.6278,1.631,1.608,1.6138
1989-12-29,1.608,1.616,1.601,1.614
1990-01-02,1.6195,1.6263,1.609,1.6125
1990-01-03,1.6125,1.614,1.606,1.6095
1990-01-04,1.6105,1.632,1.6075,1.629
1990-01-05,1.633,1.6395,1.6258,1.637
1990-01-08,1.638,1.654,1.6365,1.653
1990-01-09,1.65,1.6595,1.65,1.652
1990-01-10,1.6655,1.667,1.657,1.664
1990-01-11,1.6593,1.6607,1.6495,1.6575
1990-01-12,1.6558,1.672,1.6553,1.664
1990-01-15,1.6735,1.6735,1.66,1.6635
1990-01-16,1.6595,1.6595,1.6495,1.6575
1990-01-17,1.656,1.6605,1.6445,1.652
1990-01-18,1.648,1.6513,1.6405,1.644
1990-01-19,1.6418,1.6485,1.6365,1.6465
1990-01-22,1.6385,1.646,1.6335,1.6372
1990-01-23,1.6375,1.6545,1.6375,1.65
1990-01-24,1.6555,1.6615,1.6498,1.652
1990-01-25,1.6527,1.6593,1.6515,1.6575
1990-01-26,1.655,1.6665,1.6545,1.6635
1990-01-29,1.669,1.6815,1.669,1.6805
1990-01-30,1.684,1.6882,1.6783,1.682
1990-01-31,1.681,1.6842,1.675,1.6805
1990-02-01,1.6787,1.6865,1.6778,1.6835
1990-02-02,1.682,1.6845,1.678,1.6835
1990-02-05,1.69,1.7005,1.6887,1.7005
1990-02-06,1.699,1.7063,1.6975,1.7015
1990-02-07,1.701,1.7066,1.6927,1.695
1990-02-08,1.6885,1.6927,1.685,1.692
1990-02-09,1.6892,1.6925,1.6875,1.692
1990-02-12,1.6953,1.7,1.692,1.693
1990-02-13,1.6873,1.6925,1.6815,1.6883
1990-02-14,1.692,1.6973,1.6905,1.6955
1990-02-15,1.6942,1.696,1.685,1.6865
1990-02-16,1.6865,1.697,1.6775,1.697
1990-02-19,1.7,1.7035,1.698,1.7033
1990-02-20,1.7085,1.712,1.701,1.711
1990-02-21,1.7145,1.7165,1.71,1.7133
1990-02-22,1.711,1.7165,1.7093,1.7105
1990-02-23,1.708,1.713,1.7039,1.71
1990-02-26,1.6995,1.7007,1.687,1.6876
1990-02-27,1.6862,1.693,1.6835,1.6905
1990-02-28,1.6875,1.692,1.677,1.6815
1990-03-01,1.6735,1.6764,1.66,1.6625
1990-03-02,1.6625,1.6663,1.643,1.649
1990-03-05,1.6486,1.6486,1.636,1.6445
1990-03-06,1.6445,1.6536,1.6427,1.647
1990-03-07,1.6467,1.6467,1.636,1.6435
1990-03-08,1.6435,1.651,1.639,1.6423
1990-03-09,1.6422,1.6422,1.6145,1.6155
1990-03-12,1.614,1.614,1.6045,1.61
1990-03-13,1.61,1.6141,1.5968,1.6103
1990-03-14,1.6103,1.6118,1.6015,1.6095
1990-03-15,1.6095,1.6228,1.6025,1.6225
1990-03-16,1.6225,1.6271,1.616,1.6192
1990-03-19,1.6186,1.6186,1.6082,1.614
1990-03-20,1.614,1.6232,1.5985,1.601
1990-03-21,1.598,1.598,1.588,1.5955
1990-03-22,1.5955,1.6075,1.5915,1.604
1990-03-23,1.598,1.6075,1.595,1.6045
1990-03-26,1.5985,1.625,1.5965,1.6215
1990-03-27,1.6215,1.6285,1.614,1.6245
1990-03-28,1.622,1.632,1.62,1.627
1990-03-29,1.6315,1.6365,1.6275,1.6355
1990-03-30,1.6435,1.65,1.6393,1.647
1990-04-02,1.6235,1.6365,1.621,1.6365
1990-04-03,1.6365,1.6385,1.6275,1.6355
1990-04-04,1.636,1.644,1.6337,1.641
1990-04-05,1.6463,1.6485,1.6405,1.641
1990-04-06,1.644,1.645,1.635,1.641
1990-04-09,1.6388,1.6421,1.632,1.6345
1990-04-10,1.6368,1.645,1.63,1.645
1990-04-11,1.642,1.646,1.638,1.642
1990-04-12,1.643,1.6448,1.6365,1.638
1990-04-16,1.635,1.6355,1.6295,1.6325
1990-04-17,1.6277,1.6385,1.624,1.6385
1990-04-18,1.636,1.6405,1.633,1.6405
1990-04-19,1.6395,1.6488,1.639,1.6455
1990-04-20,1.6425,1.6425,1.634,1.6395
1990-04-23,1.6363,1.6385,1.6345,1.6355
1990-04-24,1.6335,1.638,1.6315,1.635
1990-04-25,1.6368,1.6395,1.625,1.638
1990-04-26,1.637,1.6375,1.6305,1.6335
1990-04-27,1.6343,1.6385,1.6285,1.635
1990-04-30,1.629,1.642,1.627,1.6415
1990-05-01,1.6365,1.6455,1.6355,1.6448
1990-05-02,1.6415,1.6445,1.6373,1.642
1990-05-03,1.6417,1.644,1.6365,1.642
1990-05-04,1.6462,1.6655,1.643,1.6655
1990-05-07,1.6625,1.6713,1.662,1.669
1990-05-08,1.6682,1.6744,1.6665,1.6705
1990-05-09,1.6758,1.6815,1.6745,1.6785
1990-05-10,1.6775,1.6795,1.6705,1.6795
1990-05-11,1.6742,1.686,1.6705,1.6778
1990-05-14,1.6773,1.6837,1.677,1.6815
1990-05-15,1.6805,1.6881,1.6715,1.6735
1990-05-16,1.6635,1.683,1.6625,1.68
1990-05-17,1.6827,1.6953,1.68,1.6925
1990-05-18,1.692,1.698,1.6883,1.69
1990-05-21,1.6922,1.6945,1.685,1.6908
1990-05-22,1.6913,1.694,1.6858,1.6925
1990-05-23,1.6948,1.7001,1.6885,1.6934
1990-05-24,1.6948,1.6958,1.6858,1.688
1990-05-25,1.6915,1.6933,1.6875,1.688
1990-05-28,1.694,1.6945,1.693,1.6933
1990-05-29,1.6947,1.6993,1.6918,1.6935
1990-05-30,1.7048,1.7071,1.69,1.6955
1990-05-31,1.6915,1.692,1.675,1.6775
1990-06-01,1.679,1.6925,1.6765,1.681
1990-06-04,1.6755,1.677,1.667,1.675
1990-06-05,1.6795,1.6875,1.6745,1.686
1990-06-06,1.6847,1.69,1.6828,1.6885
1990-06-07,1.687,1.6898,1.6835,1.689
1990-06-08,1.686,1.6891,1.679,1.683
1990-06-11,1.6827,1.688,1.6777,1.6862
1990-06-12,1.6955,1.7055,1.6936,1.703
1990-06-13,1.7035,1.7125,1.703,1.7125
1990-06-14,1.7123,1.7152,1.704,1.7085
1990-06-15,1.708,1.7125,1.6995,1.7095
1990-06-18,1.7098,1.7145,1.7055,1.714
1990-06-19,1.714,1.724,1.7025,1.7208
1990-06-20,1.724,1.7245,1.7136,1.722
1990-06-21,1.723,1.727,1.7203,1.7205
1990-06-22,1.7195,1.734,1.7145,1.732
1990-06-25,1.723,1.7345,1.723,1.7301
1990-06-26,1.7295,1.7435,1.7276,1.742
1990-06-27,1.7415,1.747,1.74,1.742
1990-06-28,1.743,1.7435,1.7335,1.7385
1990-06-29,1.7394,1.7472,1.737,1.7445
1990-07-02,1.744,1.7798,1.744,1.7765
1990-07-03,1.7665,1.781,1.7645,1.7765
1990-07-04,1.7795,1.7925,1.7765,1.7858
1990-07-05,1.7792,1.791,1.778,1.78
1990-07-06,1.7875,1.7933,1.7675,1.7865
1990-07-09,1.787,1.8132,1.7822,1.808
1990-07-10,1.8215,1.828,1.8072,1.8225
1990-07-11,1.819,1.8242,1.7935,1.7995
1990-07-12,1.7955,1.818,1.771,1.813
1990-07-13,1.8097,1.812,1.7975,1.8
1990-07-16,1.7875,1.807,1.784,1.804
1990-07-17,1.8025,1.8175,1.7965,1.8155
1990-07-18,1.8125,1.8305,1.807,1.8155
1990-07-19,1.8125,1.823,1.8085,1.815
1990-07-20,1.8145,1.8245,1.8115,1.8185
1990-07-23,1.8235,1.826,1.8145,1.8245
1990-07-24,1.824,1.827,1.812,1.813
1990-07-25,1.8125,1.8145,1.8025,1.8112
1990-07-26,1.8105,1.8155,1.806,1.8145
1990-07-27,1.814,1.84,1.81,1.8375
1990-07-30,1.836,1.849,1.835,1.848
1990-07-31,1.8455,1.8653,1.8425,1.8625
1990-08-01,1.8585,1.8625,1.8494,1.8555
1990-08-02,1.8545,1.8585,1.8305,1.855
1990-08-03,1.854,1.865,1.8435,1.859
1990-08-06,1.856,1.88,1.8535,1.8725
1990-08-07,1.874,1.8833,1.8705,1.871
1990-08-08,1.8705,1.8795,1.8609,1.87
1990-08-09,1.8705,1.8755,1.867,1.8685
1990-08-10,1.869,1.8751,1.8647,1.8735
1990-08-13,1.873,1.887,1.8722,1.8847
1990-08-14,1.873,1.8925,1.8722,1.888
1990-08-15,1.897,1.9035,1.8935,1.901
1990-08-16,1.9,1.9,1.893,1.895
1990-08-17,1.908,1.9165,1.9045,1.9124
1990-08-20,1.9135,1.921,1.9135,1.921
1990-08-21,1.91,1.9245,1.9095,1.9115
1990-08-22,1.9105,1.9305,1.909,1.924
1990-08-23,1.9225,1.9585,1.92,1.9565
1990-08-24,1.9535,1.9595,1.938,1.941
1990-08-27,1.9425,1.955,1.9395,1.9425
1990-08-28,1.9415,1.954,1.938,1.943
1990-08-29,1.9465,1.9525,1.943,1.9455
1990-08-30,1.9445,1.9465,1.9115,1.922
1990-08-31,1.9205,1.921,1.906,1.9125
1990-09-03,1.9205,1.921,1.8655,1.8728
1990-09-04,1.877,1.885,1.8715,1.879
1990-09-05,1.8825,1.907,1.881,1.9045
1990-09-06,1.902,1.919,1.9018,1.9125
1990-09-07,1.9115,1.9155,1.8825,1.893
1990-09-10,1.896,1.897,1.849,1.8585
1990-09-11,1.8605,1.869,1.8365,1.857
1990-09-12,1.8565,1.87,1.8505,1.8585
1990-09-13,1.8535,1.884,1.8515,1.883
1990-09-14,1.8805,1.904,1.88,1.893
1990-09-17,1.9045,1.9145,1.8995,1.914
1990-09-18,1.9135,1.9245,1.9045,1.9125
1990-09-19,1.9145,1.918,1.8807,1.8845
1990-09-20,1.8873,1.8905,1.865,1.873
1990-09-21,1.875,1.878,1.8375,1.844
1990-09-24,1.845,1.8847,1.845,1.881
1990-09-25,1.888,1.8955,1.8665,1.868
1990-09-26,1.8705,1.8787,1.8575,1.8725
1990-09-27,1.869,1.879,1.8635,1.8773
1990-09-28,1.8775,1.879,1.867,1.8775
1990-10-01,1.8805,1.902,1.8795,1.8835
1990-10-02,1.8855,1.893,1.8795,1.893
1990-10-03,1.893,1.9025,1.888,1.901
1990-10-04,1.9015,1.9155,1.895,1.9145
1990-10-05,1.913,1.9535,1.9035,1.946
1990-10-08,1.983,1.9875,1.965,1.974
1990-10-09,1.9755,1.9805,1.9665,1.9725
1990-10-10,1.966,1.9755,1.9618,1.9705
1990-10-11,1.9665,1.9785,1.9595,1.9775
1990-10-12,1.975,1.9775,1.9675,1.9675
1990-10-15,1.967,1.9675,1.945,1.95
1990-10-16,1.949,1.9655,1.9345,1.9655
1990-10-17,1.9635,1.9765,1.9585,1.962
1990-10-18,1.9595,1.9715,1.9505,1.97
1990-10-19,1.968,1.968,1.9497,1.9585
1990-10-22,1.9485,1.9595,1.9415,1.9425
1990-10-23,1.9395,1.9541,1.936,1.943
1990-10-24,1.941,1.9615,1.94,1.958
1990-10-25,1.9585,1.9625,1.9505,1.9505
1990-10-26,1.952,1.961,1.946,1.958
1990-10-29,1.959,1.9615,1.9465,1.949
1990-10-30,1.95,1.9575,1.9387,1.956
1990-10-31,1.953,1.955,1.941,1.9435
1990-11-01,1.9335,1.955,1.9255,1.9452
1990-11-02,1.946,1.96,1.9425,1.9595
1990-11-05,1.958,1.9765,1.9525,1.9725
1990-11-06,1.9755,1.9765,1.9645,1.965
1990-11-07,1.966,1.9795,1.965,1.969
1990-11-08,1.97,1.9725,1.9565,1.965
1990-11-09,1.9605,1.969,1.9565,1.966
1990-11-12,1.9685,1.9725,1.9615,1.9662
1990-11-13,1.967,1.97,1.961,1.961
1990-11-14,1.9575,1.966,1.9525,1.9605
1990-11-15,1.958,1.9685,1.9565,1.9575
1990-11-16,1.956,1.969,1.954,1.966
1990-11-19,1.9665,1.978,1.966,1.974
1990-11-20,1.972,1.9784,1.9607,1.9657
1990-11-21,1.9645,1.9715,1.9625,1.97
1990-11-22,1.971,1.9815,1.9615,1.9692
1990-11-23,1.9698,1.9785,1.9645,1.9675
1990-11-26,1.966,1.972,1.959,1.969
1990-11-27,1.97,1.981,1.9615,1.9805
1990-11-28,1.982,1.993,1.962,1.968
1990-11-29,1.97,1.9705,1.9355,1.9435
1990-11-30,1.9328,1.9465,1.9325,1.9435
1990-12-03,1.948,1.9495,1.915,1.9175
1990-12-04,1.9225,1.9345,1.9125,1.9305
1990-12-05,1.929,1.9395,1.9205,1.928
1990-12-06,1.9295,1.9432,1.9265,1.9385
1990-12-07,1.938,1.952,1.9375,1.9487
1990-12-10,1.9539,1.9561,1.9425,1.944
1990-12-11,1.9475,1.9501,1.9357,1.938
1990-12-12,1.9385,1.9505,1.9385,1.9505
1990-12-13,1.949,1.9525,1.9425,1.9455
1990-12-14,1.9445,1.948,1.9325,1.9365
1990-12-17,1.935,1.9395,1.9265,1.9305
1990-12-18,1.9315,1.944,1.928,1.9435
1990-12-19,1.9435,1.945,1.929,1.9305
1990-12-20,1.9315,1.934,1.8915,1.8935
1990-12-21,1.9016,1.9055,1.8803,1.886
1990-12-24,1.8835,1.8865,1.864,1.8685
1990-12-25,1.8675,1.8745,1.8675,1.8735
1990-12-26,1.872,1.8885,1.872,1.8815
1990-12-27,1.88,1.8982,1.8745,1.8892
1990-12-28,1.888,1.9297,1.8875,1.9295
1991-01-02,1.94,1.9445,1.9378,1.944
1991-01-03,1.941,1.9503,1.94,1.9465
1991-01-04,1.9465,1.951,1.9307,1.935
1991-01-07,1.9235,1.924,1.8905,1.9055
1991-01-08,1.906,1.908,1.8945,1.8965
1991-01-09,1.895,1.9301,1.8905,1.8995
1991-01-10,1.9025,1.922,1.901,1.914
1991-01-11,1.9115,1.9165,1.9005,1.9076
1991-01-14,1.888,1.9105,1.885,1.9035
1991-01-15,1.9005,1.9105,1.8985,1.909
1991-01-16,1.905,1.91,1.8975,1.9045
1991-01-17,1.9095,1.936,1.897,1.932
1991-01-18,1.931,1.9598,1.9197,1.95
1991-01-21,1.943,1.962,1.9335,1.9615
1991-01-22,1.9555,1.9555,1.9555,1.9555
1991-01-23,1.9435,1.9605,1.9325,1.9605
1991-01-24,1.958,1.9675,1.9535,1.96
1991-01-25,1.956,1.967,1.9535,1.9615
1991-01-28,1.9565,1.9672,1.956,1.9645
1991-01-29,1.9655,1.9805,1.956,1.9595
1991-01-30,1.9605,1.9703,1.948,1.963
1991-01-31,1.9625,1.968,1.957,1.967
1991-02-01,1.9655,1.98,1.961,1.975
1991-02-04,1.977,1.9895,1.97,1.981
1991-02-05,1.9805,1.993,1.9775,1.992
1991-02-06,1.9885,2.005,1.988,2.004
1991-02-07,2.0005,2.0035,1.989,1.99
1991-02-08,1.9905,1.9925,1.9815,1.9885
1991-02-11,1.9888,2.0015,1.987,1.998
1991-02-12,1.9995,2,1.9808,1.989
1991-02-13,1.99,1.9975,1.979,1.9845
1991-02-14,1.9825,1.987,1.9755,1.981
1991-02-15,1.9815,1.991,1.9655,1.968
1991-02-18,1.9685,1.978,1.9585,1.96
1991-02-19,1.9625,1.965,1.948,1.9503
1991-02-20,1.952,1.958,1.9445,1.9505
1991-02-21,1.9505,1.9625,1.944,1.9565
1991-02-22,1.955,1.966,1.939,1.9445
1991-02-25,1.9385,1.944,1.921,1.9262
1991-02-26,1.929,1.94,1.912,1.9195
1991-02-27,1.921,1.9265,1.91,1.918
1991-02-28,1.9175,1.928,1.906,1.912
1991-03-01,1.91,1.912,1.8943,1.895
1991-03-04,1.898,1.902,1.8895,1.8995
1991-03-05,1.8985,1.912,1.8904,1.892
1991-03-06,1.8915,1.8975,1.8785,1.897
1991-03-07,1.896,1.898,1.8805,1.89
1991-03-08,1.896,1.898,1.8805,1.888
1991-03-11,1.8595,1.865,1.8435,1.8495
1991-03-12,1.853,1.8685,1.852,1.8625
1991-03-13,1.8615,1.8645,1.852,1.8615
1991-03-14,1.861,1.8655,1.8485,1.8515
1991-03-15,1.8495,1.8537,1.813,1.821
1991-03-18,1.8205,1.8275,1.785,1.7859
1991-03-19,1.7875,1.8085,1.744,1.777
1991-03-20,1.77,1.791,1.76,1.786
1991-03-21,1.7905,1.8096,1.7875,1.7965
1991-03-22,1.7985,1.8125,1.78,1.784
1991-03-25,1.778,1.7825,1.746,1.748
1991-03-26,1.7495,1.761,1.7405,1.76
1991-03-27,1.7585,1.769,1.7315,1.7455
1991-03-28,1.743,1.744,1.7235,1.7405
1991-04-01,1.7395,1.754,1.739,1.749
1991-04-02,1.7685,1.776,1.7475,1.7755
1991-04-03,1.78,1.7885,1.7635,1.768
1991-04-04,1.7715,1.793,1.7615,1.7845
1991-04-05,1.7835,1.801,1.7665,1.768
1991-04-08,1.76,1.777,1.7532,1.7645
1991-04-09,1.763,1.795,1.762,1.7875
1991-04-10,1.7935,1.8,1.7685,1.778
1991-04-11,1.7745,1.7985,1.7695,1.795
1991-04-12,1.7915,1.797,1.77,1.7785
1991-04-15,1.775,1.7985,1.772,1.793
1991-04-16,1.793,1.8001,1.7805,1.7855
1991-04-17,1.7895,1.798,1.78,1.786
1991-04-18,1.786,1.7865,1.75,1.7525
1991-04-19,1.7515,1.756,1.718,1.7265
1991-04-22,1.713,1.7244,1.689,1.6945
1991-04-23,1.7055,1.717,1.6895,1.7125
1991-04-24,1.7145,1.718,1.6865,1.6995
1991-04-25,1.697,1.704,1.6775,1.6945
1991-04-26,1.692,1.702,1.679,1.691
1991-04-29,1.6788,1.6995,1.6645,1.698
1991-04-30,1.697,1.734,1.6915,1.7335
1991-05-01,1.731,1.7515,1.717,1.723
1991-05-02,1.7255,1.7285,1.707,1.719
1991-05-03,1.7171,1.722,1.7157,1.7215
1991-05-06,1.7017,1.7165,1.691,1.7103
1991-05-07,1.7105,1.729,1.708,1.7243
1991-05-08,1.7235,1.7363,1.715,1.72
1991-05-09,1.718,1.7205,1.7005,1.719
1991-05-10,1.7185,1.7255,1.7115,1.7222
1991-05-13,1.721,1.741,1.717,1.7335
1991-05-14,1.7335,1.749,1.7175,1.7405
1991-05-15,1.7445,1.757,1.7348,1.7455
1991-05-16,1.7525,1.7605,1.743,1.7475
1991-05-17,1.748,1.7495,1.7075,1.7095
1991-05-20,1.7015,1.723,1.6915,1.7168
1991-05-21,1.7165,1.7415,1.714,1.7365
1991-05-22,1.7365,1.7442,1.72,1.727
1991-05-23,1.727,1.739,1.715,1.735
1991-05-24,1.7345,1.7425,1.728,1.7315
1991-05-27,1.736,1.741,1.733,1.7345
1991-05-28,1.7355,1.751,1.728,1.7425
1991-05-29,1.747,1.7495,1.724,1.732
1991-05-30,1.726,1.7355,1.71,1.7145
1991-05-31,1.714,1.721,1.6965,1.702
1991-06-03,1.696,1.7185,1.6855,1.696
1991-06-04,1.6955,1.706,1.69,1.7025
1991-06-05,1.7025,1.704,1.6803,1.696
1991-06-06,1.694,1.697,1.6815,1.6875
1991-06-07,1.6875,1.6885,1.6655,1.671
1991-06-10,1.67,1.674,1.6655,1.671
1991-06-11,1.6705,1.6735,1.6565,1.6575
1991-06-12,1.6588,1.6615,1.6425,1.644
1991-06-13,1.6435,1.6487,1.626,1.6355
1991-06-14,1.6365,1.6441,1.621,1.6325
1991-06-17,1.6285,1.6309,1.62,1.624
1991-06-18,1.627,1.628,1.606,1.6087
1991-06-19,1.6085,1.637,1.6035,1.6317
1991-06-20,1.631,1.6485,1.627,1.6335
1991-06-21,1.6335,1.6346,1.6225,1.629
1991-06-24,1.617,1.649,1.6105,1.644
1991-06-25,1.645,1.6465,1.625,1.6305
1991-06-26,1.6315,1.6416,1.6255,1.6375
1991-06-27,1.638,1.6395,1.6263,1.6345
1991-06-28,1.634,1.6345,1.6122,1.619
1991-07-01,1.618,1.6271,1.608,1.6145
1991-07-02,1.607,1.6155,1.5985,1.6022
1991-07-03,1.6035,1.6156,1.6,1.6055
1991-07-04,1.6075,1.6095,1.602,1.604
1991-07-05,1.604,1.62,1.599,1.6155
1991-07-08,1.618,1.636,1.617,1.632
1991-07-09,1.632,1.6325,1.6195,1.6232
1991-07-10,1.623,1.6245,1.6132,1.6215
1991-07-11,1.621,1.6235,1.601,1.6058
1991-07-12,1.603,1.6531,1.6005,1.6465
1991-07-15,1.6465,1.656,1.642,1.6495
1991-07-16,1.647,1.6539,1.642,1.643
1991-07-17,1.6435,1.6555,1.6415,1.6535
1991-07-18,1.6515,1.6745,1.6485,1.6658
1991-07-19,1.665,1.6945,1.662,1.694
1991-07-22,1.6893,1.6895,1.6763,1.6772
1991-07-23,1.6773,1.6855,1.6658,1.6825
1991-07-24,1.682,1.7006,1.68,1.6915
1991-07-25,1.6915,1.6915,1.668,1.676
1991-07-26,1.672,1.6951,1.6695,1.682
1991-07-29,1.68,1.6838,1.6715,1.6838
1991-07-30,1.6838,1.6905,1.675,1.6765
1991-07-31,1.677,1.689,1.6745,1.6855
1991-08-01,1.684,1.6904,1.6702,1.6765
1991-08-02,1.673,1.6975,1.6615,1.689
1991-08-05,1.6935,1.7128,1.6904,1.7125
1991-08-06,1.712,1.7195,1.707,1.71
1991-08-07,1.7105,1.718,1.7031,1.7175
1991-08-08,1.717,1.7222,1.699,1.7055
1991-08-09,1.705,1.711,1.691,1.6965
1991-08-12,1.6967,1.7015,1.6885,1.699
1991-08-13,1.6993,1.701,1.6905,1.693
1991-08-14,1.6925,1.694,1.6845,1.686
1991-08-15,1.686,1.701,1.6675,1.67
1991-08-16,1.669,1.6755,1.657,1.6582
1991-08-19,1.6622,1.664,1.6145,1.624
1991-08-20,1.6237,1.654,1.6225,1.6405
1991-08-21,1.6415,1.6915,1.6355,1.6825
1991-08-22,1.682,1.698,1.6762,1.6935
1991-08-23,1.689,1.694,1.671,1.6775
1991-08-26,1.675,1.682,1.6705,1.6805
1991-08-27,1.681,1.6835,1.675,1.6765
1991-08-28,1.6755,1.6935,1.6713,1.689
1991-08-29,1.688,1.6973,1.6793,1.6835
1991-08-30,1.683,1.6915,1.6745,1.6785
1991-09-02,1.681,1.687,1.6808,1.684
1991-09-03,1.6845,1.6965,1.6805,1.6965
1991-09-04,1.694,1.6995,1.6925,1.6945
1991-09-05,1.694,1.6998,1.6905,1.693
1991-09-06,1.6937,1.7195,1.6905,1.7195
1991-09-09,1.7175,1.7392,1.7175,1.7345
1991-09-10,1.7355,1.739,1.724,1.7285
1991-09-11,1.7275,1.739,1.721,1.739
1991-09-12,1.7375,1.7397,1.722,1.7235
1991-09-13,1.723,1.7376,1.7222,1.7345
1991-09-16,1.7235,1.7427,1.7235,1.74
1991-09-17,1.7401,1.748,1.7377,1.7404
1991-09-18,1.7403,1.7425,1.7202,1.727
1991-09-19,1.7273,1.7335,1.722,1.7265
1991-09-20,1.727,1.7325,1.7205,1.7317
1991-09-23,1.7375,1.7467,1.7355,1.7435
1991-09-24,1.7425,1.751,1.726,1.7285
1991-09-25,1.728,1.741,1.727,1.7355
1991-09-26,1.736,1.739,1.7265,1.727
1991-09-27,1.7275,1.744,1.7245,1.7435
1991-09-30,1.747,1.7555,1.7435,1.747
1991-10-01,1.7465,1.7532,1.7445,1.748
1991-10-02,1.747,1.7555,1.7465,1.747
1991-10-03,1.7475,1.7586,1.747,1.7525
1991-10-04,1.752,1.755,1.7315,1.738
1991-10-07,1.7395,1.7415,1.7307,1.735
1991-10-08,1.7355,1.7365,1.7005,1.703
1991-10-09,1.7035,1.724,1.6935,1.7191
1991-10-10,1.7179,1.727,1.709,1.7135
1991-10-11,1.7135,1.7275,1.7085,1.7235
1991-10-14,1.721,1.7239,1.7115,1.712
1991-10-15,1.7115,1.7152,1.699,1.702
1991-10-16,1.7015,1.7135,1.701,1.7085
1991-10-17,1.709,1.7205,1.7083,1.7195
1991-10-18,1.72,1.7285,1.7162,1.7278
1991-10-21,1.7235,1.727,1.7147,1.7165
1991-10-22,1.717,1.7185,1.7075,1.708
1991-10-23,1.7085,1.7085,1.6975,1.702
1991-10-24,1.7015,1.7175,1.7,1.713
1991-10-25,1.7125,1.7171,1.708,1.7126
1991-10-28,1.709,1.7095,1.6905,1.6945
1991-10-29,1.695,1.7375,1.6925,1.7275
1991-10-30,1.727,1.7485,1.7245,1.7425
1991-10-31,1.742,1.745,1.7346,1.742
1991-11-01,1.7415,1.769,1.7345,1.767
1991-11-04,1.7679,1.7856,1.7625,1.7725
1991-11-05,1.772,1.777,1.7656,1.773
1991-11-06,1.769,1.783,1.767,1.7775
1991-11-07,1.777,1.7855,1.7675,1.7675
1991-11-08,1.767,1.772,1.759,1.765
1991-11-11,1.76,1.773,1.7595,1.7705
1991-11-12,1.7707,1.779,1.769,1.772
1991-11-13,1.7718,1.779,1.7645,1.777
1991-11-14,1.7765,1.78,1.773,1.776
1991-11-15,1.7762,1.788,1.7645,1.785
1991-11-18,1.7975,1.803,1.788,1.7885
1991-11-19,1.789,1.8055,1.785,1.7985
1991-11-20,1.7995,1.8005,1.79,1.7975
1991-11-21,1.797,1.8005,1.79,1.7905
1991-11-22,1.79,1.7997,1.79,1.7933
1991-11-25,1.797,1.8065,1.791,1.792
1991-11-26,1.7915,1.8003,1.7625,1.7745
1991-11-27,1.775,1.7811,1.7625,1.7685
1991-11-28,1.769,1.7728,1.7645,1.77
1991-11-29,1.7695,1.7695,1.7538,1.7675
1991-12-02,1.775,1.782,1.764,1.7735
1991-12-03,1.7745,1.7765,1.7695,1.7757
1991-12-04,1.777,1.7905,1.7695,1.79
1991-12-05,1.7905,1.799,1.7835,1.7985
1991-12-06,1.7975,1.8172,1.7935,1.797
1991-12-09,1.813,1.8146,1.8036,1.811
1991-12-10,1.8125,1.8175,1.7995,1.808
1991-12-11,1.8085,1.818,1.79,1.8072
1991-12-12,1.8085,1.815,1.8047,1.81
1991-12-13,1.8105,1.8212,1.8057,1.816
1991-12-16,1.8155,1.8255,1.8145,1.825
1991-12-17,1.8248,1.8287,1.8195,1.8275
1991-12-18,1.826,1.832,1.8235,1.8275
1991-12-19,1.8277,1.8375,1.824,1.834
1991-12-20,1.837,1.8655,1.8332,1.8585
1991-12-23,1.8588,1.8873,1.8585,1.8825
1991-12-24,1.882,1.8825,1.87,1.874
1991-12-26,1.883,1.8903,1.8823,1.8845
1991-12-27,1.885,1.8891,1.8712,1.874
1991-12-30,1.8615,1.8747,1.8608,1.866
1991-12-31,1.8685,1.8752,1.8655,1.8682
1992-01-02,1.8721,1.8816,1.861,1.8655
1992-01-03,1.8655,1.8675,1.8417,1.8485
1992-01-06,1.8533,1.884,1.8533,1.8817
1992-01-07,1.8815,1.889,1.8705,1.8878
1992-01-08,1.8875,1.8885,1.8675,1.8767
1992-01-09,1.876,1.878,1.7972,1.8177
1992-01-10,1.8185,1.8295,1.783,1.7888
1992-01-13,1.798,1.806,1.7941,1.7995
1992-01-14,1.7992,1.8125,1.7795,1.7857
1992-01-15,1.7867,1.7922,1.7424,1.756
1992-01-16,1.7565,1.7695,1.7514,1.7645
1992-01-17,1.7642,1.8,1.7495,1.799
1992-01-20,1.8093,1.8095,1.7875,1.7988
1992-01-21,1.8035,1.8105,1.796,1.8045
1992-01-22,1.8025,1.812,1.7982,1.801
1992-01-23,1.8025,1.807,1.7745,1.783
1992-01-24,1.7835,1.8155,1.777,1.7952
1992-01-27,1.7942,1.795,1.775,1.7778
1992-01-28,1.7805,1.7985,1.7791,1.793
1992-01-29,1.793,1.8125,1.79,1.7955
1992-01-30,1.796,1.8015,1.772,1.7795
1992-01-31,1.7795,1.798,1.776,1.7875
1992-02-03,1.7902,1.8005,1.789,1.7987
1992-02-04,1.7997,1.8072,1.794,1.8018
1992-02-05,1.8022,1.8197,1.8003,1.8185
1992-02-06,1.8182,1.8257,1.8135,1.8197
1992-02-07,1.8195,1.8405,1.8147,1.8355
1992-02-10,1.8361,1.84,1.816,1.8197
1992-02-11,1.8195,1.8245,1.7957,1.7992
1992-02-12,1.8,1.8042,1.7825,1.7875
1992-02-13,1.7873,1.7983,1.7681,1.7702
1992-02-14,1.771,1.782,1.7608,1.7706
1992-02-17,1.7745,1.7885,1.7687,1.771
1992-02-18,1.7715,1.7756,1.7475,1.7555
1992-02-19,1.756,1.7576,1.7485,1.755
1992-02-20,1.7555,1.7595,1.74,1.755
1992-02-21,1.7555,1.756,1.7392,1.7415
1992-02-24,1.7415,1.7511,1.733,1.747
1992-02-25,1.7475,1.7663,1.737,1.7375
1992-02-26,1.737,1.7555,1.7305,1.752
1992-02-27,1.7525,1.7658,1.749,1.761
1992-02-28,1.7608,1.7681,1.7525,1.7585
1992-03-02,1.7482,1.7645,1.7472,1.754
1992-03-03,1.7545,1.7545,1.7345,1.7375
1992-03-04,1.738,1.7399,1.7205,1.723
1992-03-05,1.724,1.725,1.7077,1.7185
1992-03-06,1.718,1.7305,1.7105,1.7155
1992-03-09,1.7238,1.7268,1.7188,1.7262
1992-03-10,1.7255,1.7293,1.714,1.716
1992-03-11,1.7172,1.731,1.709,1.7265
1992-03-12,1.726,1.727,1.703,1.7107
1992-03-13,1.7109,1.7171,1.7042,1.7075
1992-03-16,1.7067,1.7234,1.7057,1.723
1992-03-17,1.7235,1.7395,1.7205,1.7343
1992-03-18,1.7346,1.7375,1.7247,1.7268
1992-03-19,1.7268,1.728,1.7067,1.7125
1992-03-20,1.7092,1.7155,1.6975,1.7127
1992-03-23,1.708,1.7223,1.7043,1.719
1992-03-24,1.7195,1.725,1.7139,1.7205
1992-03-25,1.72,1.7345,1.7191,1.732
1992-03-26,1.7323,1.733,1.7205,1.7235
1992-03-27,1.7227,1.7445,1.718,1.743
1992-03-30,1.7386,1.7403,1.7275,1.7351
1992-03-31,1.735,1.7428,1.7325,1.736
1992-04-01,1.736,1.737,1.7207,1.7245
1992-04-02,1.7248,1.7324,1.7178,1.7295
1992-04-03,1.7299,1.748,1.727,1.7433
1992-04-06,1.7444,1.752,1.7395,1.7471
1992-04-07,1.747,1.7532,1.7423,1.75
1992-04-08,1.75,1.7538,1.7455,1.7497
1992-04-09,1.75,1.7695,1.74,1.7613
1992-04-10,1.762,1.7811,1.7619,1.7646
1992-04-13,1.762,1.7714,1.7575,1.7612
1992-04-14,1.7615,1.7725,1.7602,1.7607
1992-04-15,1.761,1.7666,1.7535,1.7536
1992-04-16,1.754,1.7587,1.7423,1.745
1992-04-17,1.745,1.7491,1.7447,1.7447
1992-04-20,1.7457,1.7482,1.7402,1.7479
1992-04-21,1.748,1.7533,1.7463,1.7511
1992-04-22,1.7515,1.7661,1.75,1.762
1992-04-23,1.7615,1.7681,1.757,1.764
1992-04-24,1.767,1.7782,1.7654,1.772
1992-04-27,1.769,1.7807,1.7665,1.7762
1992-04-28,1.7765,1.779,1.7695,1.7769
1992-04-29,1.7762,1.7775,1.7698,1.7708
1992-04-30,1.7705,1.7802,1.765,1.7782
1992-05-01,1.779,1.7873,1.7754,1.7872
1992-05-04,1.781,1.785,1.776,1.7785
1992-05-05,1.777,1.7873,1.7752,1.7857
1992-05-06,1.785,1.7993,1.7805,1.7952
1992-05-07,1.7952,1.8045,1.7925,1.7995
1992-05-08,1.7985,1.807,1.7835,1.791
1992-05-11,1.789,1.7975,1.7875,1.795
1992-05-12,1.795,1.8146,1.794,1.8135
1992-05-13,1.8129,1.8281,1.8085,1.8255
1992-05-14,1.825,1.8265,1.8135,1.8145
1992-05-15,1.815,1.8263,1.811,1.8235
1992-05-18,1.824,1.8403,1.823,1.8356
1992-05-19,1.8365,1.8435,1.8332,1.834
1992-05-20,1.8328,1.839,1.8265,1.8286
1992-05-21,1.8285,1.832,1.8145,1.8169
1992-05-22,1.817,1.822,1.81,1.8155
1992-05-25,1.8172,1.821,1.816,1.8186
1992-05-26,1.8185,1.8305,1.817,1.8225
1992-05-27,1.822,1.823,1.7935,1.7955
1992-05-28,1.7973,1.8115,1.794,1.8115
1992-05-29,1.8125,1.8335,1.8115,1.8285
1992-06-01,1.8294,1.8405,1.8193,1.8265
1992-06-02,1.8263,1.828,1.8105,1.8122
1992-06-03,1.813,1.823,1.804,1.8157
1992-06-04,1.8162,1.8317,1.815,1.8308
1992-06-05,1.8302,1.8388,1.825,1.8325
1992-06-08,1.8322,1.8365,1.8275,1.8357
1992-06-09,1.8355,1.8425,1.8306,1.8332
1992-06-10,1.8325,1.8365,1.8255,1.8347
1992-06-11,1.836,1.8521,1.8322,1.85
1992-06-12,1.8494,1.857,1.8455,1.8505
1992-06-15,1.8485,1.86,1.8477,1.8567
1992-06-16,1.856,1.8656,1.8495,1.8637
1992-06-17,1.8655,1.8655,1.8514,1.8545
1992-06-18,1.8533,1.8668,1.8445,1.8603
1992-06-19,1.8613,1.8645,1.8565,1.8585
1992-06-22,1.8559,1.8665,1.8525,1.8665
1992-06-23,1.8662,1.87,1.859,1.8599
1992-06-24,1.8592,1.882,1.8592,1.8792
1992-06-25,1.879,1.8983,1.8767,1.8929
1992-06-26,1.893,1.8987,1.8855,1.8945
1992-06-29,1.8918,1.9108,1.8902,1.903
1992-06-30,1.904,1.9063,1.8962,1.9032
1992-07-01,1.9035,1.9165,1.901,1.9048
1992-07-02,1.904,1.9308,1.9025,1.9233
1992-07-03,1.9245,1.928,1.9028,1.909
1992-07-06,1.9032,1.9148,1.888,1.9091
1992-07-07,1.909,1.9344,1.9085,1.9336
1992-07-08,1.9331,1.9433,1.917,1.928
1992-07-09,1.9265,1.9323,1.8933,1.9017
1992-07-10,1.901,1.9235,1.8919,1.9225
1992-07-13,1.9265,1.9353,1.9203,1.93
1992-07-14,1.9285,1.932,1.9117,1.9185
1992-07-15,1.919,1.928,1.9157,1.9225
1992-07-16,1.9195,1.943,1.9165,1.937
1992-07-17,1.9368,1.953,1.9325,1.9507
1992-07-20,1.952,1.9592,1.903,1.907
1992-07-21,1.9062,1.9171,1.8913,1.911
1992-07-22,1.9111,1.9175,1.8977,1.907
1992-07-23,1.907,1.9167,1.902,1.9125
1992-07-24,1.9126,1.9175,1.8927,1.8945
1992-07-27,1.9017,1.9251,1.8975,1.9212
1992-07-28,1.9213,1.9317,1.9185,1.9303
1992-07-29,1.9297,1.9315,1.916,1.9202
1992-07-30,1.9203,1.9275,1.9093,1.9257
1992-07-31,1.9253,1.928,1.9163,1.927
1992-08-03,1.925,1.9302,1.9199,1.9252
1992-08-04,1.925,1.926,1.9172,1.9195
1992-08-05,1.9193,1.9197,1.9028,1.9063
1992-08-06,1.907,1.9167,1.9004,1.9145
1992-08-07,1.914,1.9315,1.9095,1.9295
1992-08-10,1.9265,1.9321,1.9218,1.9316
1992-08-11,1.931,1.9358,1.9153,1.9274
1992-08-12,1.9275,1.9317,1.9212,1.9285
1992-08-13,1.9288,1.9355,1.9228,1.9315
1992-08-14,1.9327,1.933,1.9152,1.9215
1992-08-17,1.9185,1.929,1.9097,1.9232
1992-08-18,1.9235,1.9325,1.9233,1.9295
1992-08-19,1.9291,1.9372,1.9252,1.9332
1992-08-20,1.933,1.9425,1.9317,1.9376
1992-08-21,1.9375,1.962,1.9273,1.9552
1992-08-24,1.9673,2.0005,1.964,1.9927
1992-08-25,1.9928,1.999,1.984,1.9874
1992-08-26,1.9875,1.9925,1.981,1.9845
1992-08-27,1.9842,1.9842,1.9717,1.9802
1992-08-28,1.9803,1.9875,1.9773,1.984
1992-08-31,1.9832,1.9915,1.9762,1.9905
1992-09-01,1.9905,2.003,1.986,2.0008
1992-09-02,2.0009,2.009,1.9961,1.9965
1992-09-03,1.9965,2.0028,1.9756,1.9817
1992-09-04,1.981,2.0045,1.962,1.9965
1992-09-07,1.999,2.0003,1.9907,1.9953
1992-09-08,1.9955,2.01,1.9932,2.0037
1992-09-09,2.0039,2.0049,1.9701,1.9715
1992-09-10,1.9705,1.9828,1.9497,1.9497
1992-09-11,1.949,1.9535,1.9192,1.9205
1992-09-14,1.8723,1.9032,1.8695,1.8972
1992-09-15,1.8971,1.9105,1.8583,1.8597
1992-09-16,1.8592,1.8755,1.7705,1.7725
1992-09-17,1.7728,1.7937,1.727,1.7921
1992-09-18,1.7783,1.7825,1.7317,1.7342
1992-09-21,1.734,1.7365,1.702,1.7072
1992-09-22,1.7075,1.7345,1.6917,1.6917
1992-09-23,1.693,1.7173,1.683,1.7152
1992-09-24,1.7157,1.7175,1.695,1.7034
1992-09-25,1.7035,1.718,1.6995,1.714
1992-09-28,1.7087,1.735,1.7087,1.7297
1992-09-29,1.7305,1.79,1.7275,1.7873
1992-09-30,1.788,1.804,1.77,1.786
1992-10-01,1.785,1.785,1.7295,1.7422
1992-10-02,1.7445,1.7523,1.705,1.729
1992-10-05,1.7235,1.7243,1.693,1.7122
1992-10-06,1.717,1.727,1.706,1.7105
1992-10-07,1.7115,1.7335,1.7082,1.712
1992-10-08,1.7115,1.718,1.676,1.6772
1992-10-09,1.6765,1.7048,1.6745,1.6942
1992-10-12,1.7065,1.72,1.695,1.7022
1992-10-13,1.7025,1.719,1.7014,1.7153
1992-10-14,1.7152,1.7195,1.702,1.7066
1992-10-15,1.7068,1.714,1.687,1.6893
1992-10-16,1.6891,1.6982,1.6465,1.648
1992-10-19,1.6306,1.638,1.614,1.6234
1992-10-20,1.6244,1.633,1.615,1.6232
1992-10-21,1.6175,1.625,1.6036,1.6096
1992-10-22,1.6098,1.63,1.607,1.625
1992-10-23,1.6248,1.648,1.605,1.6225
1992-10-26,1.6155,1.6197,1.5762,1.5835
1992-10-27,1.5832,1.587,1.565,1.5815
1992-10-28,1.5812,1.591,1.568,1.577
1992-10-29,1.5765,1.5788,1.5662,1.5676
1992-10-30,1.5678,1.5765,1.5535,1.5568
1992-11-02,1.5536,1.555,1.5275,1.535
1992-11-03,1.5365,1.5575,1.527,1.5495
1992-11-04,1.5523,1.5685,1.5325,1.554
1992-11-05,1.5545,1.5615,1.533,1.5355
1992-11-06,1.5355,1.5457,1.5275,1.5275
1992-11-09,1.5223,1.537,1.5092,1.51
1992-11-10,1.5098,1.5235,1.5085,1.5214
1992-11-11,1.5211,1.5293,1.5122,1.5265
1992-11-12,1.5259,1.5312,1.519,1.5275
1992-11-13,1.5273,1.5545,1.5245,1.551
1992-11-16,1.5495,1.5495,1.5172,1.524
1992-11-17,1.5235,1.525,1.5125,1.5235
1992-11-18,1.5235,1.5277,1.5185,1.527
1992-11-19,1.5265,1.5398,1.525,1.5383
1992-11-20,1.5382,1.5395,1.5089,1.513
1992-11-23,1.5037,1.524,1.5036,1.5195
1992-11-24,1.5234,1.527,1.5115,1.525
1992-11-25,1.5256,1.5303,1.5195,1.5286
1992-11-26,1.5284,1.529,1.5187,1.5216
1992-11-27,1.5224,1.5224,1.5058,1.5097
1992-11-30,1.5133,1.5188,1.502,1.516
1992-12-01,1.516,1.5545,1.5114,1.549
1992-12-02,1.5485,1.5535,1.5344,1.5518
1992-12-03,1.5465,1.57,1.5418,1.563
1992-12-04,1.5655,1.5852,1.5565,1.5595
1992-12-07,1.5578,1.603,1.557,1.5975
1992-12-08,1.5978,1.611,1.5905,1.595
1992-12-09,1.5915,1.5965,1.5607,1.5648
1992-12-10,1.5648,1.5695,1.5445,1.5535
1992-12-11,1.5555,1.5615,1.543,1.556
1992-12-14,1.5626,1.5677,1.5585,1.5667
1992-12-15,1.5617,1.571,1.5607,1.5677
1992-12-16,1.567,1.5835,1.5655,1.5747
1992-12-17,1.5755,1.5893,1.5715,1.5805
1992-12-18,1.5797,1.5797,1.5637,1.566
1992-12-21,1.5675,1.5705,1.5575,1.5585
1992-12-22,1.5582,1.56,1.5305,1.5365
1992-12-23,1.537,1.5433,1.5215,1.527
1992-12-24,1.5255,1.537,1.5225,1.529
1992-12-28,1.5205,1.5235,1.4954,1.4997
1992-12-29,1.499,1.5142,1.497,1.5082
1992-12-30,1.5085,1.516,1.5055,1.5105
1992-12-31,1.5105,1.521,1.5085,1.51
1993-01-04,1.51,1.513,1.495,1.5011
1993-01-05,1.5007,1.5537,1.5007,1.5494
1993-01-06,1.5472,1.5675,1.533,1.5423
1993-01-07,1.5398,1.5487,1.5287,1.5298
1993-01-08,1.533,1.5445,1.522,1.5315
1993-01-11,1.541,1.558,1.5394,1.5535
1993-01-12,1.5495,1.5617,1.536,1.5425
1993-01-13,1.542,1.5496,1.5357,1.549
1993-01-14,1.5503,1.552,1.5322,1.5375
1993-01-15,1.5365,1.5417,1.5272,1.5305
1993-01-18,1.5332,1.554,1.5325,1.5512
1993-01-19,1.551,1.5553,1.5414,1.5463
1993-01-20,1.5457,1.5545,1.537,1.545
1993-01-21,1.5429,1.5481,1.5135,1.521
1993-01-22,1.523,1.535,1.5115,1.531
1993-01-25,1.5345,1.561,1.5325,1.5578
1993-01-26,1.5571,1.568,1.533,1.5382
1993-01-27,1.5387,1.5395,1.5075,1.5093
1993-01-28,1.517,1.526,1.5055,1.5165
1993-01-29,1.5135,1.5241,1.4835,1.4858
1993-02-01,1.476,1.4777,1.452,1.4593
1993-02-02,1.459,1.468,1.4405,1.444
1993-02-03,1.447,1.4535,1.4251,1.435
1993-02-04,1.437,1.4523,1.4325,1.4403
1993-02-05,1.4385,1.456,1.437,1.4465
1993-02-08,1.4468,1.4569,1.4338,1.4387
1993-02-09,1.4392,1.4392,1.4145,1.4305
1993-02-10,1.4328,1.439,1.422,1.423
1993-02-11,1.424,1.428,1.416,1.4197
1993-02-12,1.4195,1.4325,1.4068,1.4205
1993-02-15,1.42,1.421,1.408,1.4194
1993-02-16,1.4188,1.4503,1.4175,1.4495
1993-02-17,1.4492,1.4565,1.4397,1.4475
1993-02-18,1.446,1.4525,1.4185,1.448
1993-02-19,1.4535,1.4658,1.4425,1.453
1993-02-22,1.4536,1.464,1.4485,1.4575
1993-02-23,1.459,1.464,1.4495,1.4535
1993-02-24,1.454,1.456,1.4285,1.4315
1993-02-25,1.4315,1.4355,1.4217,1.433
1993-02-26,1.4323,1.4327,1.419,1.4265
1993-03-01,1.4225,1.4423,1.4214,1.438
1993-03-02,1.4377,1.4514,1.4345,1.4494
1993-03-03,1.4497,1.462,1.4465,1.4505
1993-03-04,1.4511,1.4567,1.4437,1.456
1993-03-05,1.4539,1.4605,1.444,1.4458
1993-03-08,1.4453,1.4494,1.435,1.4425
1993-03-09,1.445,1.4485,1.4329,1.4395
1993-03-10,1.439,1.44,1.4283,1.4355
1993-03-11,1.435,1.437,1.4285,1.4312
1993-03-12,1.4315,1.4355,1.4265,1.4325
1993-03-15,1.4325,1.437,1.43,1.4348
1993-03-16,1.437,1.4525,1.4357,1.4487
1993-03-17,1.45,1.4532,1.4445,1.4525
1993-03-18,1.4535,1.4877,1.445,1.4855
1993-03-19,1.4818,1.4975,1.4775,1.4895
1993-03-22,1.484,1.4925,1.482,1.4875
1993-03-23,1.4845,1.4855,1.475,1.484
1993-03-24,1.4826,1.4862,1.4749,1.4778
1993-03-25,1.478,1.48,1.4702,1.4743
1993-03-26,1.4726,1.494,1.4726,1.4877
1993-03-29,1.4905,1.495,1.4871,1.4915
1993-03-30,1.4925,1.4978,1.489,1.4936
1993-03-31,1.4917,1.5155,1.4902,1.5135
1993-04-01,1.512,1.533,1.5075,1.53
1993-04-02,1.5292,1.5395,1.508,1.521
1993-04-05,1.5205,1.5235,1.5158,1.5201
1993-04-06,1.5205,1.5208,1.5074,1.5147
1993-04-07,1.515,1.524,1.5105,1.5138
1993-04-08,1.5167,1.531,1.5137,1.5275
1993-04-12,1.528,1.5503,1.5275,1.5479
1993-04-13,1.5481,1.5615,1.5428,1.5588
1993-04-14,1.5575,1.5627,1.5494,1.5535
1993-04-15,1.552,1.5541,1.537,1.538
1993-04-16,1.5379,1.542,1.5225,1.526
1993-04-19,1.5276,1.5427,1.525,1.542
1993-04-20,1.5389,1.5555,1.5383,1.548
1993-04-21,1.5435,1.553,1.5355,1.5397
1993-04-22,1.5425,1.56,1.5328,1.559
1993-04-23,1.5595,1.581,1.5552,1.5747
1993-04-26,1.5811,1.5973,1.5795,1.587
1993-04-27,1.5838,1.5952,1.5715,1.575
1993-04-28,1.5714,1.5775,1.5659,1.5748
1993-04-29,1.5765,1.581,1.567,1.574
1993-04-30,1.569,1.576,1.5675,1.5732
1993-05-03,1.5704,1.5727,1.5507,1.5645
1993-05-04,1.5645,1.5768,1.5632,1.568
1993-05-05,1.5684,1.5728,1.5632,1.5665
1993-05-06,1.5677,1.5822,1.5652,1.5814
1993-05-07,1.5837,1.59,1.568,1.57
1993-05-10,1.5786,1.5786,1.5311,1.5346
1993-05-11,1.5346,1.5551,1.5326,1.5391
1993-05-12,1.5391,1.5521,1.5299,1.5306
1993-05-13,1.5306,1.5451,1.5106,1.5256
1993-05-14,1.5256,1.5416,1.5211,1.5361
1993-05-17,1.5361,1.5534,1.5318,1.5361
1993-05-18,1.5361,1.5451,1.5243,1.5361
1993-05-19,1.5361,1.5506,1.5316,1.5431
1993-05-20,1.5431,1.5686,1.5391,1.5566
1993-05-21,1.5566,1.5665,1.5401,1.5481
1993-05-24,1.5481,1.5481,1.5221,1.5356
1993-05-25,1.5356,1.5491,1.5341,1.5436
1993-05-26,1.5436,1.5567,1.5421,1.5476
1993-05-27,1.5476,1.5655999999999999,1.5421,1.5621
1993-05-28,1.5621,1.5714,1.5546,1.5621
1993-05-31,1.5621,1.5631,1.5571,1.5621
1993-06-01,1.5621,1.5706,1.5421,1.5611
1993-06-02,1.5611,1.5611,1.5341,1.5341
1993-06-03,1.5341,1.5526,1.5341,1.5411
1993-06-04,1.5411,1.5566,1.5070999999999999,1.5081
1993-06-07,1.5081,1.5306,1.5070999999999999,1.5246
1993-06-08,1.5246,1.5306,1.5142,1.5221
1993-06-09,1.5221,1.5271,1.5076,1.5148
1993-06-10,1.5148,1.5326,1.5016,1.5301
1993-06-11,1.5301,1.5401,1.5056,1.5231
1993-06-14,1.5231,1.5331,1.5226,1.5281
1993-06-15,1.5281,1.5391,1.5151,1.5171
1993-06-16,1.5171,1.5283,1.4991,1.5063
1993-06-17,1.5063,1.5186,1.4994,1.5153
1993-06-18,1.5153,1.5171,1.4901,1.4941
1993-06-21,1.4941,1.4988,1.4808,1.4888
1993-06-22,1.4888,1.4911,1.4751,1.4788
1993-06-23,1.4788,1.4846,1.4681,1.4715
1993-06-24,1.4715,1.4776,1.4645,1.4704
1993-06-25,1.4704,1.4886,1.4661,1.4806
1993-06-28,1.4806,1.5006,1.4669,1.496
1993-06-29,1.496,1.5156,1.4901,1.5124
1993-06-30,1.5124,1.5191,1.4896,1.4911
1993-07-01,1.4911,1.5186,1.4875,1.5161
1993-07-02,1.5161,1.5301,1.5061,1.5090999999999999
1993-07-05,1.5090999999999999,1.5176,1.5056,1.5107
1993-07-06,1.5107,1.5178,1.5023,1.5039
1993-07-07,1.5039,1.5078,1.4908,1.4946
1993-07-08,1.4946,1.5023,1.4901,1.4961
1993-07-09,1.4961,1.4991,1.4756,1.4846
1993-07-12,1.4846,1.4891,1.4691,1.4788
1993-07-13,1.4788,1.4996,1.4701,1.498
1993-07-14,1.498,1.5116,1.4881,1.5036
1993-07-15,1.5036,1.5110999999999999,1.4856,1.4916
1993-07-16,1.4916,1.4934,1.4711,1.4856
1993-07-19,1.4856,1.5021,1.4841,1.4986
1993-07-20,1.4986,1.5166,1.4966,1.5114
1993-07-21,1.5114,1.5221,1.4996,1.5168
1993-07-22,1.5168,1.5241,1.5033,1.5131
1993-07-23,1.5131,1.5131,1.4921,1.5056
1993-07-26,1.5056,1.5122,1.4921,1.5010999999999999
1993-07-27,1.5010999999999999,1.5089,1.4824,1.4891
1993-07-28,1.4891,1.4976,1.4862,1.4958
1993-07-29,1.4958,1.5019,1.4808,1.4823
1993-07-30,1.4823,1.4949999999999999,1.4725,1.4811
1993-08-02,1.4811,1.5090999999999999,1.4767,1.502
1993-08-03,1.502,1.5136,1.4906,1.4976
1993-08-04,1.4976,1.5127,1.4976,1.5013
1993-08-05,1.5013,1.5048,1.4901,1.4969
1993-08-06,1.4969,1.5018,1.4851,1.4981
1993-08-09,1.4981,1.4991,1.4899,1.4908
1993-08-10,1.4908,1.4968,1.4661,1.4679
1993-08-11,1.4679,1.4796,1.4674,1.4726
1993-08-12,1.4726,1.4783,1.4572,1.4661
1993-08-13,1.4661,1.4741,1.4511,1.4621
1993-08-16,1.4621,1.4941,1.4596,1.4901
1993-08-17,1.4901,1.4986,1.4788,1.4886
1993-08-18,1.4886,1.5184,1.4856,1.5155
1993-08-19,1.5155,1.5231,1.5008,1.5044
1993-08-20,1.5044,1.5201,1.4996,1.5191
1993-08-23,1.5191,1.5191,1.5010999999999999,1.5056
1993-08-24,1.5056,1.5151999999999999,1.4896,1.4984
1993-08-25,1.4984,1.5036,1.4788,1.4826
1993-08-26,1.4826,1.5164,1.4816,1.5101
1993-08-27,1.5101,1.5196,1.4901,1.5046
1993-08-30,1.5046,1.5098,1.4874,1.4931
1993-08-31,1.4931,1.5016,1.4858,1.4918
1993-09-01,1.4918,1.5126,1.4866,1.5030999999999999
1993-09-02,1.5030999999999999,1.5121,1.4906,1.5035
1993-09-03,1.5035,1.5324,1.4911,1.5311
1993-09-06,1.5311,1.5446,1.5264,1.5284
1993-09-07,1.5284,1.5486,1.5248,1.5389
1993-09-08,1.5389,1.5461,1.5321,1.5431
1993-09-09,1.5431,1.5606,1.5316,1.5485
1993-09-10,1.5485,1.5596,1.5413,1.5551
1993-09-13,1.5551,1.5601,1.5416,1.5466
1993-09-14,1.5466,1.5501,1.5376,1.5441
1993-09-15,1.5441,1.5616,1.5381,1.5496
1993-09-16,1.5496,1.5571,1.5286,1.5321
1993-09-17,1.5321,1.5396,1.5231,1.5288
1993-09-20,1.5288,1.5441,1.526,1.5341
1993-09-21,1.5341,1.5451,1.5021,1.5158
1993-09-22,1.5158,1.5301,1.5106,1.5176
1993-09-23,1.5176,1.5216,1.503,1.5061
1993-09-24,1.5061,1.5169,1.4926,1.5169
1993-09-27,1.5169,1.5176,1.5101,1.5131
1993-09-28,1.5131,1.5196,1.5042,1.5131999999999999
1993-09-29,1.5131999999999999,1.5168,1.5033,1.5106
1993-09-30,1.5106,1.5189,1.4949,1.4961
1993-10-01,1.4961,1.5101,1.4891,1.4961
1993-10-04,1.4961,1.5216,1.4944,1.5161
1993-10-05,1.5161,1.5261,1.5119,1.5159
1993-10-06,1.5159,1.5306,1.5145,1.5261
1993-10-07,1.5261,1.5361,1.5171,1.5231
1993-10-08,1.5231,1.5451,1.5201,1.5352999999999999
1993-10-11,1.5352999999999999,1.5416,1.5281,1.5311
1993-10-12,1.5311,1.5461,1.5090999999999999,1.5331
1993-10-13,1.5331,1.5356,1.5197,1.5221
1993-10-14,1.5221,1.5396,1.5123,1.5159
1993-10-15,1.5159,1.5221,1.5086,1.5086
1993-10-18,1.5086,1.5121,1.4846,1.4881
1993-10-19,1.4881,1.5010999999999999,1.4816,1.4883
1993-10-20,1.4883,1.4986,1.4824,1.4946
1993-10-21,1.4946,1.503,1.4831,1.4848
1993-10-22,1.4848,1.4951,1.4711,1.4857
1993-10-25,1.4857,1.4986,1.4736,1.4794
1993-10-26,1.4794,1.4921,1.4706,1.4813
1993-10-27,1.4813,1.4889,1.4731,1.4831
1993-10-28,1.4831,1.4981,1.4741,1.4895
1993-10-29,1.4895,1.4911,1.4796,1.4841
1993-11-01,1.4841,1.4866,1.4781,1.4851
1993-11-02,1.4851,1.4851,1.4716,1.4734
1993-11-03,1.4734,1.4866,1.4718,1.4836
1993-11-04,1.4836,1.4876,1.4778,1.4806
1993-11-05,1.4806,1.4871,1.4747999999999999,1.4861
1993-11-08,1.4861,1.4871,1.4796,1.4803
1993-11-09,1.4803,1.4841,1.4644,1.4681
1993-11-10,1.4681,1.4851,1.4661,1.4801
1993-11-11,1.4801,1.4813,1.4755,1.4773
1993-11-12,1.4773,1.4981,1.4723,1.4931
1993-11-15,1.4931,1.4951,1.4863,1.4876
1993-11-16,1.4876,1.4904,1.4713,1.4791
1993-11-17,1.4791,1.4846,1.4743,1.4796
1993-11-18,1.4796,1.4806,1.4736,1.4796
1993-11-19,1.4796,1.4796,1.4699,1.4741
1993-11-22,1.4741,1.4781,1.4704,1.4763
1993-11-23,1.4763,1.4901,1.4721,1.4864
1993-11-24,1.4864,1.4941,1.4861,1.4901
1993-11-25,1.4901,1.4901,1.4855,1.4891
1993-11-26,1.4891,1.4898,1.4747999999999999,1.4821
1993-11-29,1.4821,1.4901,1.4779,1.4886
1993-11-30,1.4886,1.4904,1.4788,1.4856
1993-12-01,1.4856,1.4866,1.4766,1.4786
1993-12-02,1.4786,1.4861,1.4776,1.4838
1993-12-03,1.4838,1.4941,1.4796,1.4941
1993-12-06,1.4941,1.5056,1.4913,1.5046
1993-12-07,1.5046,1.5046,1.4908,1.4931
1993-12-08,1.4931,1.4998,1.4868,1.4946
1993-12-09,1.4946,1.4976,1.4908,1.4956
1993-12-10,1.4956,1.5006,1.4925,1.4946
1993-12-13,1.4946,1.4971,1.4893,1.4906
1993-12-14,1.4906,1.4926,1.4851,1.4891
1993-12-15,1.4891,1.4896,1.4768999999999999,1.4791
1993-12-16,1.4791,1.4899,1.4791,1.4876
1993-12-17,1.4876,1.4921,1.4861,1.4881
1993-12-20,1.4881,1.4886,1.4841,1.4881
1993-12-21,1.4881,1.4906,1.4868,1.4888
1993-12-22,1.4888,1.4986,1.4878,1.4968
1993-12-23,1.4968,1.5090999999999999,1.4944,1.5036
1993-12-24,1.5036,1.5055,1.4988,1.5041
1993-12-27,1.5041,1.5056,1.4993,1.5047
1993-12-28,1.5047,1.5110999999999999,1.5023,1.5076
1993-12-29,1.5076,1.5081,1.4731,1.4796
1993-12-30,1.4796,1.4868999999999999,1.4747999999999999,1.4768
1993-12-31,1.4768,1.4831,1.476,1.4791
1994-01-03,1.4791,1.4846,1.4752,1.4766
1994-01-04,1.4766,1.4871,1.4751,1.4871
1994-01-05,1.4871,1.4896,1.4819,1.4896
1994-01-06,1.4896,1.4896,1.4776,1.4816
1994-01-07,1.4816,1.4958,1.4816,1.4928
1994-01-10,1.4928,1.4971,1.4916,1.4936
1994-01-11,1.4936,1.4951,1.4879,1.4911
1994-01-12,1.4911,1.5046,1.4906,1.5041
1994-01-13,1.5041,1.5070999999999999,1.4931,1.4951
1994-01-14,1.4951,1.4981,1.4881,1.4903
1994-01-17,1.4903,1.4949,1.4881,1.4946
1994-01-18,1.4946,1.4981,1.4931,1.4961
1994-01-19,1.4961,1.5010999999999999,1.4898,1.4926
1994-01-20,1.4926,1.5013,1.4886,1.4976
1994-01-21,1.4976,1.5021,1.4914,1.4914
1994-01-24,1.4914,1.4966,1.4906,1.4946
1994-01-25,1.4946,1.4966,1.4923,1.4956
1994-01-26,1.4956,1.4976,1.492,1.4951
1994-01-27,1.4951,1.5116,1.4918,1.508
1994-01-28,1.508,1.5090999999999999,1.4941,1.4941
1994-01-31,1.4941,1.5081,1.494,1.5076
1994-02-01,1.5076,1.5081,1.4984,1.5010999999999999
1994-02-02,1.5010999999999999,1.5021,1.4933,1.4949999999999999
1994-02-03,1.4949999999999999,1.4996,1.4836,1.4866
1994-02-04,1.4866,1.4976,1.4741,1.4758
1994-02-07,1.4758,1.4856,1.4756,1.4856
1994-02-08,1.4856,1.488,1.4656,1.4676
1994-02-09,1.4676,1.4709,1.4576,1.4626
1994-02-10,1.4626,1.4651,1.4551,1.4634
1994-02-11,1.4634,1.468,1.4591,1.4651
1994-02-14,1.4651,1.4901,1.4636,1.4856
1994-02-15,1.4856,1.4866,1.4701,1.4736
1994-02-16,1.4736,1.4825,1.4706,1.4761
1994-02-17,1.4761,1.4815,1.4727999999999999,1.4775
1994-02-18,1.4775,1.4868999999999999,1.477,1.4821
1994-02-21,1.4821,1.4831,1.4725,1.4756
1994-02-22,1.4756,1.4808,1.4736,1.4806
1994-02-23,1.4806,1.4814,1.4749,1.4796
1994-02-24,1.4796,1.4876,1.4725,1.4841
1994-02-25,1.4841,1.4944,1.4791,1.4896
1994-02-28,1.4896,1.4911,1.4835,1.4881
1994-03-01,1.4881,1.4924,1.4836,1.4881
1994-03-02,1.4881,1.5006,1.4854,1.4971
1994-03-03,1.4971,1.4987,1.4914,1.4971
1994-03-04,1.4971,1.4971,1.4881,1.4901
1994-03-07,1.4901,1.4926,1.4866,1.4911
1994-03-08,1.4911,1.4918,1.4861,1.49
1994-03-09,1.49,1.4981,1.4876,1.4981
1994-03-10,1.4981,1.5056,1.4966,1.5036
1994-03-11,1.5036,1.5041,1.4961,1.5012
1994-03-14,1.5012,1.5012,1.4936,1.4966
1994-03-15,1.4966,1.4971,1.4886,1.4906
1994-03-16,1.4906,1.4961,1.4853,1.4946
1994-03-17,1.4946,1.4991,1.4923,1.4941
1994-03-18,1.4941,1.4951,1.4861,1.4893
1994-03-21,1.4893,1.4921,1.4812,1.4921
1994-03-22,1.4921,1.4921,1.4838,1.4884
1994-03-23,1.4884,1.4984,1.4866,1.4966
1994-03-24,1.4966,1.4996,1.4911,1.4951
1994-03-25,1.4951,1.5028,1.4946,1.4991
1994-03-28,1.4991,1.4991,1.4949,1.4965
1994-03-29,1.4965,1.5001,1.4823,1.4841
1994-03-30,1.4841,1.4871,1.4741,1.481
1994-03-31,1.481,1.4921,1.4808999999999999,1.4831
1994-04-01,1.4831,1.4901,1.4706,1.4706
1994-04-04,1.4706,1.4761,1.4651,1.467
1994-04-05,1.467,1.4711,1.4617,1.4636
1994-04-06,1.4636,1.4725,1.463,1.4683
1994-04-07,1.4683,1.4741,1.4666,1.4738
1994-04-08,1.4738,1.4783,1.4721,1.4776
1994-04-11,1.4776,1.4791,1.4685,1.4715
1994-04-12,1.4715,1.4776,1.4669,1.4768999999999999
1994-04-13,1.4768999999999999,1.4801,1.4736,1.4766
1994-04-14,1.4766,1.4783,1.473,1.477
1994-04-15,1.477,1.4771,1.4707,1.4716
1994-04-18,1.4716,1.4776,1.4685,1.4768999999999999
1994-04-19,1.4768999999999999,1.4836,1.4753,1.4816
1994-04-20,1.4816,1.4951,1.4795,1.4946
1994-04-21,1.4946,1.4984,1.4901,1.4926
1994-04-22,1.4926,1.4936,1.4853,1.4896
1994-04-25,1.4896,1.4949,1.4886,1.4921
1994-04-26,1.4921,1.5086,1.4886,1.5066
1994-04-27,1.5066,1.5106,1.5048,1.506
1994-04-28,1.506,1.5151,1.5016,1.515
1994-04-29,1.515,1.5227,1.5081,1.5166
1994-05-02,1.5166,1.5211,1.5133,1.5159
1994-05-03,1.5159,1.5161,1.5063,1.513
1994-05-04,1.513,1.5141,1.4973,1.5012
1994-05-05,1.5012,1.5023,1.4938,1.4991
1994-05-06,1.4991,1.4991,1.4901,1.4912
1994-05-09,1.4912,1.4991,1.4889,1.4976
1994-05-10,1.4976,1.4986,1.4864,1.4893
1994-05-11,1.4893,1.4961,1.4861,1.4944
1994-05-12,1.4944,1.5028,1.4936,1.5010999999999999
1994-05-13,1.5010999999999999,1.5021,1.4964,1.4985
1994-05-16,1.4985,1.5053,1.4964,1.5053
1994-05-17,1.5053,1.5081,1.5010999999999999,1.5016
1994-05-18,1.5016,1.5116,1.4995,1.5088
1994-05-19,1.5088,1.5098,1.5065,1.5078
1994-05-20,1.5078,1.5141,1.504,1.5061
1994-05-23,1.5061,1.5106,1.5032,1.5061
1994-05-24,1.5061,1.5089,1.504,1.5059
1994-05-25,1.5059,1.5124,1.5044,1.5094
1994-05-26,1.5094,1.5118,1.508,1.5103
1994-05-27,1.5103,1.5116,1.5056,1.5106
1994-05-30,1.5106,1.5109,1.5082,1.5106
1994-05-31,1.5106,1.5131,1.5076,1.5116
1994-06-01,1.5116,1.5201,1.5103,1.517
1994-06-02,1.517,1.5191,1.5081,1.5105
1994-06-03,1.5105,1.5110999999999999,1.5026,1.5050999999999999
1994-06-06,1.5050999999999999,1.51,1.5029,1.5076
1994-06-07,1.5076,1.5116,1.5043,1.5101
1994-06-08,1.5101,1.5124,1.5058,1.5112
1994-06-09,1.5112,1.5121,1.5068,1.5101
1994-06-10,1.5101,1.5121,1.5049,1.5096
1994-06-13,1.5096,1.5223,1.509,1.5223
1994-06-14,1.5223,1.5246,1.5171,1.5178
1994-06-15,1.5178,1.5231,1.5168,1.5219
1994-06-16,1.5219,1.5243,1.5196,1.5208
1994-06-17,1.5208,1.5381,1.5165,1.5348
1994-06-20,1.5348,1.5411,1.5301,1.5386
1994-06-21,1.5386,1.5471,1.5341,1.5423
1994-06-22,1.5423,1.5431,1.5281,1.5303
1994-06-23,1.5303,1.5421,1.5286,1.5416
1994-06-24,1.5416,1.5568,1.5339,1.5551
1994-06-27,1.5551,1.5596,1.5436,1.5456
1994-06-28,1.5456,1.5551,1.5421,1.5514
1994-06-29,1.5514,1.5566,1.5446,1.5469
1994-06-30,1.5469,1.5501,1.5344,1.5438
1994-07-01,1.5438,1.5451,1.5301,1.5356
1994-07-04,1.5356,1.5416,1.5332999999999999,1.5395
1994-07-05,1.5395,1.5461,1.5362,1.5461
1994-07-06,1.5461,1.5531,1.5406,1.5444
1994-07-07,1.5444,1.5456,1.5351,1.5413
1994-07-08,1.5413,1.557,1.5376,1.557
1994-07-11,1.557,1.5761,1.5539,1.5741
1994-07-12,1.5741,1.5751,1.5675999999999999,1.5699
1994-07-13,1.5699,1.5735999999999999,1.5641,1.5641
1994-07-14,1.5641,1.5688,1.556,1.5614999999999999
1994-07-15,1.5614999999999999,1.5623,1.5559,1.5621
1994-07-18,1.5621,1.5659,1.5601,1.5618
1994-07-19,1.5618,1.5641,1.5468,1.5503
1994-07-20,1.5503,1.5511,1.5408,1.5438
1994-07-21,1.5438,1.5514,1.5201,1.5261
1994-07-22,1.5261,1.5341,1.5221,1.5328
1994-07-25,1.5328,1.5372,1.5301,1.5312
1994-07-26,1.5312,1.5337,1.5215,1.5261
1994-07-27,1.5261,1.5346,1.5249,1.5326
1994-07-28,1.5326,1.5378,1.5252999999999999,1.5299
1994-07-29,1.5299,1.5501,1.5251,1.5501
1994-08-01,1.5501,1.5501,1.5352999999999999,1.5376
1994-08-02,1.5376,1.5429,1.5355,1.5361
1994-08-03,1.5361,1.5431,1.5348,1.5416
1994-08-04,1.5416,1.5441,1.5338,1.5399
1994-08-05,1.5399,1.5471,1.5341,1.5446
1994-08-08,1.5446,1.5473,1.5382,1.5421
1994-08-09,1.5421,1.5421,1.5343,1.5392
1994-08-10,1.5392,1.5413,1.5359,1.5372999999999999
1994-08-11,1.5372999999999999,1.5547,1.5306,1.5481
1994-08-12,1.5481,1.5516,1.544,1.5446
1994-08-15,1.5446,1.5477,1.5413,1.5413
1994-08-16,1.5413,1.5483,1.5326,1.5366
1994-08-17,1.5366,1.5431,1.5354,1.5423
1994-08-18,1.5423,1.5516,1.541,1.5483
1994-08-19,1.5483,1.5534999999999999,1.5457,1.5491
1994-08-22,1.5491,1.558,1.5455,1.5561
1994-08-23,1.5561,1.5581,1.5513,1.5561
1994-08-24,1.5561,1.5578,1.5511,1.5523
1994-08-25,1.5523,1.5571,1.5476,1.5556
1994-08-26,1.5556,1.5604,1.5261,1.5289
1994-08-29,1.5289,1.5406,1.5269,1.5312999999999999
1994-08-30,1.5312999999999999,1.5369,1.5312,1.5343
1994-08-31,1.5343,1.5395,1.5331,1.5341
1994-09-01,1.5341,1.5491,1.5331,1.5458
1994-09-02,1.5458,1.5491,1.5383,1.5457
1994-09-05,1.5457,1.5512,1.5448,1.5453999999999999
1994-09-06,1.5453999999999999,1.5563,1.5436,1.5508
1994-09-07,1.5508,1.5541,1.5418,1.5443
1994-09-08,1.5443,1.5482,1.5424,1.5441
1994-09-09,1.5441,1.5536,1.5401,1.5516
1994-09-12,1.5516,1.5734,1.5501,1.5686
1994-09-13,1.5686,1.5718,1.56,1.5648
1994-09-14,1.5648,1.5699,1.5634,1.5661
1994-09-15,1.5661,1.5666,1.5618,1.5618
1994-09-16,1.5618,1.587,1.5618,1.5791
1994-09-19,1.5791,1.5822,1.5611,1.5689
1994-09-20,1.5689,1.5784,1.5646,1.5744
1994-09-21,1.5744,1.5801,1.5731,1.5766
1994-09-22,1.5766,1.579,1.5738,1.5753
1994-09-23,1.5753,1.5827,1.5744,1.5776
1994-09-26,1.5776,1.5781,1.5691,1.5714
1994-09-27,1.5714,1.5821,1.5714,1.5793
1994-09-28,1.5793,1.5807,1.5731,1.5741
1994-09-29,1.5741,1.5826,1.5741,1.5783
1994-09-30,1.5783,1.5818,1.5735999999999999,1.5794
1994-10-03,1.5794,1.5806,1.5746,1.5785
1994-10-04,1.5785,1.5822,1.5776,1.5811
1994-10-05,1.5811,1.5886,1.5793,1.5841
1994-10-06,1.5841,1.5922,1.5836,1.5905
1994-10-07,1.5905,1.5956,1.5846,1.5846
1994-10-10,1.5846,1.5871,1.5827,1.5841
1994-10-11,1.5841,1.5861,1.577,1.5801
1994-10-12,1.5801,1.5839,1.5786,1.5821
1994-10-13,1.5821,1.5906,1.5792,1.5896
1994-10-14,1.5896,1.5961,1.5882,1.5911
1994-10-17,1.5911,1.6141,1.5911,1.6089
1994-10-18,1.6089,1.6164,1.607,1.6131
1994-10-19,1.6131,1.6233,1.6126,1.6227
1994-10-20,1.6227,1.6335,1.6176,1.6302
1994-10-21,1.6302,1.6334,1.6234,1.6272
1994-10-24,1.6272,1.6331,1.6256,1.6331
1994-10-25,1.6331,1.6406,1.6331,1.6356
1994-10-26,1.6356,1.6389,1.631,1.6364
1994-10-27,1.6364,1.6397,1.6336,1.6336
1994-10-28,1.6336,1.6389,1.6181,1.6186
1994-10-31,1.6186,1.6403,1.6186,1.6356
1994-11-01,1.6356,1.64,1.6291,1.6346
1994-11-02,1.6346,1.6443,1.6164,1.6206
1994-11-03,1.6206,1.6266,1.6116,1.6171
1994-11-04,1.6171,1.6201,1.6064,1.6166
1994-11-07,1.6166,1.6185,1.6121,1.6141
1994-11-08,1.6141,1.6241,1.6131,1.6196
1994-11-09,1.6196,1.6231,1.6018999999999999,1.6056
1994-11-10,1.6056,1.609,1.595,1.6011
1994-11-11,1.6011,1.6034,1.5956,1.5956
1994-11-14,1.5956,1.5965,1.5847,1.5869
1994-11-15,1.5869,1.59,1.5695999999999999,1.5706
1994-11-16,1.5706,1.5761,1.5648,1.5731
1994-11-17,1.5731,1.5778,1.5711,1.5711
1994-11-18,1.5711,1.5727,1.5643,1.5654
1994-11-21,1.5654,1.5706,1.5646,1.5683
1994-11-22,1.5683,1.5724,1.5661,1.5701
1994-11-23,1.5701,1.5764,1.5686,1.5686
1994-11-24,1.5686,1.57,1.5603,1.5653
1994-11-25,1.5653,1.566,1.5611,1.5616
1994-11-28,1.5616,1.5646,1.5597,1.5626
1994-11-29,1.5626,1.5691,1.5621,1.5621
1994-11-30,1.5621,1.5688,1.5601,1.5651
1994-12-01,1.5651,1.5718,1.5645,1.5675999999999999
1994-12-02,1.5675999999999999,1.5681,1.5578,1.5601
1994-12-05,1.5601,1.5611,1.5548,1.5571
1994-12-06,1.5571,1.5646,1.557,1.5571
1994-12-07,1.5571,1.5693,1.5571,1.5675999999999999
1994-12-08,1.5675999999999999,1.5686,1.5614,1.5626
1994-12-09,1.5626,1.5635999999999999,1.557,1.5601
1994-12-12,1.5601,1.5663,1.5577,1.5646
1994-12-13,1.5646,1.5655999999999999,1.5589,1.5589
1994-12-14,1.5589,1.5635999999999999,1.5586,1.5631
1994-12-15,1.5631,1.5639,1.559,1.5626
1994-12-16,1.5626,1.5644,1.5601,1.5601
1994-12-19,1.5601,1.5626,1.558,1.5606
1994-12-20,1.5606,1.5618,1.5591,1.5596
1994-12-21,1.5596,1.561,1.5391,1.5391
1994-12-22,1.5391,1.5511,1.5391,1.5461
1994-12-23,1.5461,1.5485,1.5436,1.5451
1994-12-26,1.5451,1.5466,1.5426,1.5431
1994-12-27,1.5431,1.5467,1.5401,1.5451
1994-12-28,1.5451,1.5761,1.5426,1.5691
1994-12-29,1.5691,1.5706,1.5518,1.5581
1994-12-30,1.5581,1.5688,1.5581,1.5661
1995-01-02,1.5661,1.5668,1.556,1.5604
1995-01-03,1.5604,1.5655999999999999,1.5596,1.5631
1995-01-04,1.5631,1.5646,1.5581,1.5601
1995-01-05,1.5601,1.5654,1.5599,1.5616
1995-01-06,1.5616,1.5655999999999999,1.5486,1.5511
1995-01-09,1.5511,1.565,1.5511,1.5621
1995-01-10,1.5621,1.5647,1.5556,1.5616
1995-01-11,1.5616,1.5638,1.5566,1.5591
1995-01-12,1.5591,1.5756,1.5574,1.5731
1995-01-13,1.5731,1.5743,1.5655,1.5686
1995-01-16,1.5686,1.571,1.5674,1.5681
1995-01-17,1.5681,1.5695999999999999,1.5613,1.5661
1995-01-18,1.5661,1.5763,1.5661,1.5691
1995-01-19,1.5691,1.5901,1.5681,1.5866
1995-01-20,1.5866,1.5913,1.5836999999999999,1.5851
1995-01-23,1.5851,1.5966,1.5851,1.5942
1995-01-24,1.5942,1.6015,1.5934,1.5986
1995-01-25,1.5986,1.602,1.5897,1.5916
1995-01-26,1.5916,1.5941,1.5883,1.5891
1995-01-27,1.5891,1.5943,1.5849,1.5881
1995-01-30,1.5881,1.5979,1.5867,1.5956
1995-01-31,1.5956,1.5973,1.5786,1.5801
1995-02-01,1.5801,1.5836,1.5779,1.5831
1995-02-02,1.5831,1.5856999999999999,1.5785,1.5806
1995-02-03,1.5806,1.5826,1.5601,1.5606
1995-02-06,1.5606,1.5632,1.5553,1.5596
1995-02-07,1.5596,1.5621,1.5554999999999999,1.5566
1995-02-08,1.5566,1.5591,1.5503,1.5536
1995-02-09,1.5536,1.5609,1.5526,1.5571
1995-02-10,1.5571,1.565,1.5542,1.5626
1995-02-13,1.5626,1.5655999999999999,1.5611,1.5611
1995-02-14,1.5611,1.5646,1.5524,1.5621
1995-02-15,1.5621,1.5655,1.5578,1.5606
1995-02-16,1.5606,1.5811,1.5596,1.5781
1995-02-17,1.5781,1.5877999999999999,1.5739,1.5801
1995-02-20,1.5801,1.5869,1.5786,1.5786
1995-02-21,1.5786,1.5876,1.5735999999999999,1.5866
1995-02-22,1.5866,1.5919,1.5807,1.5861
1995-02-23,1.5861,1.5966,1.5856,1.5956
1995-02-24,1.5956,1.5961,1.5776,1.5776
1995-02-27,1.5776,1.5854,1.576,1.5816
1995-02-28,1.5816,1.5877999999999999,1.5772,1.5836
1995-03-01,1.5836,1.5877,1.579,1.5876
1995-03-02,1.5876,1.6216,1.5869,1.6139
1995-03-03,1.6139,1.6316,1.603,1.6316
1995-03-06,1.6316,1.6576,1.6156,1.6203
1995-03-07,1.6203,1.6521,1.6187,1.6426
1995-03-08,1.6426,1.6536,1.5986,1.6101
1995-03-09,1.6101,1.6238,1.5983,1.6049
1995-03-10,1.6049,1.6111,1.5646,1.5756
1995-03-13,1.5756,1.5989,1.5746,1.5921
1995-03-14,1.5921,1.5932,1.5829,1.5844
1995-03-15,1.5844,1.6038,1.5831,1.5991
1995-03-16,1.5991,1.6018,1.5862,1.5871
1995-03-17,1.5871,1.5945,1.5739,1.5866
1995-03-20,1.5866,1.5956,1.5711,1.5788
1995-03-21,1.5788,1.5888,1.5756,1.5867
1995-03-22,1.5867,1.5926,1.5815,1.5872
1995-03-23,1.5872,1.5989,1.5846,1.5951
1995-03-24,1.5951,1.6006,1.5876,1.5911
1995-03-27,1.5911,1.6021,1.5901,1.5934
1995-03-28,1.5934,1.6032,1.5921,1.6009
1995-03-29,1.6009,1.6181,1.5997,1.6081
1995-03-30,1.6081,1.615,1.5934,1.6091
1995-03-31,1.6091,1.6311,1.6038,1.6244
1995-04-03,1.6244,1.6276,1.6121,1.6206
1995-04-04,1.6206,1.6211,1.5983,1.6051
1995-04-05,1.6051,1.6165,1.6027,1.6076
1995-04-06,1.6076,1.6146,1.6038,1.6086
1995-04-07,1.6086,1.6260999999999999,1.599,1.6041
1995-04-10,1.6041,1.6056,1.5866,1.5896
1995-04-11,1.5896,1.6006,1.5896,1.5926
1995-04-12,1.5926,1.5961,1.5869,1.5906
1995-04-13,1.5906,1.6121,1.5906,1.6091
1995-04-14,1.6091,1.6136,1.6016,1.6021
1995-04-17,1.6021,1.6256,1.6021,1.6241
1995-04-18,1.6241,1.6251,1.6118,1.6123
1995-04-19,1.6123,1.6194,1.6069,1.6111
1995-04-20,1.6111,1.6179,1.6051,1.6116
1995-04-21,1.6116,1.6146,1.6017,1.6146
1995-04-24,1.6146,1.6216,1.5956,1.6026
1995-04-25,1.6026,1.6191,1.6016,1.6126
1995-04-26,1.6126,1.6221,1.6062,1.6156
1995-04-27,1.6156,1.6191,1.6117,1.6176
1995-04-28,1.6176,1.6204,1.6078,1.6081
1995-05-01,1.6081,1.6196,1.6081,1.6156
1995-05-02,1.6156,1.6187,1.6109,1.6161
1995-05-03,1.6161,1.6194,1.6113,1.6139999999999999
1995-05-04,1.6139999999999999,1.6237,1.6106,1.6137
1995-05-05,1.6137,1.6175,1.5948,1.601
1995-05-08,1.601,1.6096,1.5986,1.6041
1995-05-09,1.6041,1.6063,1.5833,1.5854
1995-05-10,1.5854,1.5948,1.5799,1.5842
1995-05-11,1.5842,1.5871,1.5477,1.5605
1995-05-12,1.5605,1.5761,1.5491,1.5635999999999999
1995-05-15,1.5635999999999999,1.5771,1.5594999999999999,1.5746
1995-05-16,1.5746,1.5793,1.5596,1.565
1995-05-17,1.565,1.5726,1.5609,1.5693
1995-05-18,1.5693,1.5806,1.5611,1.5761
1995-05-19,1.5761,1.5811,1.5669,1.5695
1995-05-22,1.5695,1.5808,1.5635999999999999,1.5742
1995-05-23,1.5742,1.5776,1.5654,1.5706
1995-05-24,1.5706,1.5785,1.5671,1.5741
1995-05-25,1.5741,1.6111,1.573,1.6075
1995-05-26,1.6075,1.6212,1.6008,1.6037
1995-05-29,1.6037,1.609,1.5969,1.5986
1995-05-30,1.5986,1.6056,1.5941,1.6
1995-05-31,1.6,1.6072,1.5846,1.5861
1995-06-01,1.5861,1.6096,1.5811,1.5993
1995-06-02,1.5993,1.6048,1.5803,1.5896
1995-06-05,1.5896,1.5991,1.5863,1.5946
1995-06-06,1.5946,1.5959,1.5865,1.5895
1995-06-07,1.5895,1.5948,1.5863,1.5891
1995-06-08,1.5891,1.6034,1.5856,1.5937999999999999
1995-06-09,1.5937999999999999,1.5994,1.5922,1.593
1995-06-12,1.593,1.598,1.5923,1.5948
1995-06-13,1.5948,1.5999,1.5925,1.5926
1995-06-14,1.5926,1.6158,1.5913,1.6129
1995-06-15,1.6129,1.6166,1.5932,1.5986
1995-06-16,1.5986,1.611,1.5964,1.6005
1995-06-19,1.6005,1.6086,1.595,1.6001
1995-06-20,1.6001,1.6071,1.5969,1.6057
1995-06-21,1.6057,1.6144,1.5992,1.6112
1995-06-22,1.6112,1.6121,1.5941,1.5955
1995-06-23,1.5955,1.6084,1.5944,1.6046
1995-06-26,1.6046,1.6076,1.582,1.5866
1995-06-27,1.5866,1.5911,1.5774,1.5854
1995-06-28,1.5854,1.5897,1.5706,1.5769
1995-06-29,1.5769,1.5999,1.5747,1.5968
1995-06-30,1.5968,1.6004,1.5883,1.5922
1995-07-03,1.5922,1.6014,1.5908,1.5997
1995-07-04,1.5997,1.6044,1.592,1.5985
1995-07-05,1.5985,1.6017,1.5894,1.5955
1995-07-06,1.5955,1.6051,1.5928,1.5996
1995-07-07,1.5996,1.6006,1.5858,1.5956
1995-07-10,1.5956,1.5977999999999999,1.5883,1.5935
1995-07-11,1.5935,1.5955,1.586,1.5885
1995-07-12,1.5885,1.5954,1.5856,1.5954
1995-07-13,1.5954,1.6058,1.5876,1.5981
1995-07-14,1.5981,1.6008,1.5917999999999999,1.594
1995-07-17,1.594,1.5969,1.5892,1.5942
1995-07-18,1.5942,1.598,1.5923,1.5941
1995-07-19,1.5941,1.6048,1.593,1.5967
1995-07-20,1.5967,1.6005,1.5935,1.5948
1995-07-21,1.5948,1.5983,1.5921,1.5948
1995-07-24,1.5948,1.599,1.5922,1.5942
1995-07-25,1.5942,1.5979,1.5873,1.5897
1995-07-26,1.5897,1.5977999999999999,1.5884,1.5945
1995-07-27,1.5945,1.6001,1.5913,1.5964
1995-07-28,1.5964,1.6034,1.5951,1.6033
1995-07-31,1.6033,1.6036,1.5943,1.5964
1995-08-01,1.5964,1.6116,1.5957,1.6071
1995-08-02,1.6071,1.6097,1.5954,1.599
1995-08-03,1.599,1.6089,1.5988,1.605
1995-08-04,1.605,1.6101,1.6011,1.605
1995-08-07,1.605,1.6093,1.6001,1.6002
1995-08-08,1.6002,1.6054,1.5955,1.6018999999999999
1995-08-09,1.6018999999999999,1.604,1.5977999999999999,1.5992
1995-08-10,1.5992,1.6013,1.5875,1.5913
1995-08-11,1.5913,1.5925,1.5659,1.5659
1995-08-14,1.5659,1.5793,1.5626,1.5713
1995-08-15,1.5713,1.5756,1.5485,1.5499
1995-08-16,1.5499,1.559,1.5391,1.5431
1995-08-17,1.5431,1.5554,1.5308,1.5455
1995-08-18,1.5455,1.5483,1.5356,1.5401
1995-08-21,1.5401,1.5453999999999999,1.5363,1.5397
1995-08-22,1.5397,1.5431,1.5308,1.5326
1995-08-23,1.5326,1.5451,1.5303,1.5451
1995-08-24,1.5451,1.5473999999999999,1.5366,1.5451
1995-08-25,1.5451,1.5526,1.5405,1.5502
1995-08-28,1.5502,1.5559,1.5479,1.5479
1995-08-29,1.5479,1.5507,1.5396,1.5433999999999999
1995-08-30,1.5433999999999999,1.5488,1.5418,1.5453999999999999
1995-08-31,1.5453999999999999,1.5541,1.5421,1.5492
1995-09-01,1.5492,1.5604,1.5471,1.5586
1995-09-04,1.5586,1.5613,1.5512,1.5516
1995-09-05,1.5516,1.5602,1.5498,1.5576
1995-09-06,1.5576,1.5584,1.5467,1.5503
1995-09-07,1.5503,1.5525,1.5448,1.5481
1995-09-08,1.5481,1.5547,1.5439,1.5547
1995-09-11,1.5547,1.5557,1.5465,1.5486
1995-09-12,1.5486,1.5582,1.5465,1.5561
1995-09-13,1.5561,1.5574999999999999,1.5456,1.5504
1995-09-14,1.5504,1.5539,1.5426,1.5487
1995-09-15,1.5487,1.5541,1.5439,1.5456
1995-09-18,1.5456,1.5503,1.5443,1.5488
1995-09-19,1.5488,1.5488,1.5435,1.5473
1995-09-20,1.5473,1.5548,1.5453,1.5523
1995-09-21,1.5523,1.5986,1.5499,1.5893
1995-09-22,1.5893,1.5926,1.5685,1.5729
1995-09-25,1.5729,1.575,1.5678,1.5714
1995-09-26,1.5714,1.5758,1.5649,1.5677
1995-09-27,1.5677,1.5813,1.5632,1.5756999999999999
1995-09-28,1.5756999999999999,1.5834,1.5725,1.5803
1995-09-29,1.5803,1.5849,1.5776,1.5823
1995-10-02,1.5823,1.592,1.5748,1.5897999999999999
1995-10-03,1.5897999999999999,1.595,1.5791,1.5822
1995-10-04,1.5822,1.5851,1.5771,1.5822
1995-10-05,1.5822,1.5886,1.5815,1.5832
1995-10-06,1.5832,1.588,1.5794,1.5821
1995-10-09,1.5821,1.5934,1.5816,1.5851
1995-10-10,1.5851,1.5872,1.5762,1.5776
1995-10-11,1.5776,1.5798,1.5707,1.5729
1995-10-12,1.5729,1.5782,1.5684,1.5756999999999999
1995-10-13,1.5756999999999999,1.578,1.5702,1.5751
1995-10-16,1.5751,1.5783,1.5726,1.5743
1995-10-17,1.5743,1.5765,1.5714,1.5729
1995-10-18,1.5729,1.5801,1.5672,1.5682
1995-10-19,1.5682,1.5775,1.5679,1.5775
1995-10-20,1.5775,1.5793,1.5706,1.5751
1995-10-23,1.5751,1.5843,1.5739,1.5795
1995-10-24,1.5795,1.5834,1.5767,1.5787
1995-10-25,1.5787,1.5834,1.5775,1.5783
1995-10-26,1.5783,1.5872,1.5709,1.5829
1995-10-27,1.5829,1.5845,1.576,1.5772
1995-10-30,1.5772,1.5798,1.5731,1.5767
1995-10-31,1.5767,1.5836,1.572,1.5793
1995-11-01,1.5793,1.5821,1.5761,1.5781
1995-11-02,1.5781,1.5831,1.5769,1.5789
1995-11-03,1.5789,1.5819,1.5754,1.5781
1995-11-06,1.5781,1.5862,1.5771,1.5781
1995-11-07,1.5781,1.5819,1.5764,1.5808
1995-11-08,1.5808,1.584,1.5771,1.5796
1995-11-09,1.5796,1.5842,1.576,1.5771
1995-11-10,1.5771,1.5806,1.5635999999999999,1.5681
1995-11-13,1.5681,1.5713,1.5498,1.5541
1995-11-14,1.5541,1.5649,1.5526,1.5591
1995-11-15,1.5591,1.5682,1.5547,1.5603
1995-11-16,1.5603,1.5625,1.5531,1.5576
1995-11-17,1.5576,1.5594999999999999,1.5403,1.5453999999999999
1995-11-20,1.5453999999999999,1.559,1.5384,1.5563
1995-11-21,1.5563,1.5603,1.552,1.558
1995-11-22,1.558,1.5655999999999999,1.5553,1.5633
1995-11-23,1.5633,1.5658,1.5604,1.5634
1995-11-24,1.5634,1.5654,1.5578,1.5594999999999999
1995-11-27,1.5594999999999999,1.5606,1.549,1.5513
1995-11-28,1.5513,1.5559,1.5423,1.5435
1995-11-29,1.5435,1.5481,1.5254,1.5344
1995-11-30,1.5344,1.538,1.5267,1.5341
1995-12-01,1.5341,1.5374,1.5265,1.5329
1995-12-04,1.5329,1.5381,1.5322,1.5329
1995-12-05,1.5329,1.5466,1.53,1.5441
1995-12-06,1.5441,1.5478,1.5388,1.5444
1995-12-07,1.5444,1.5446,1.5308,1.5352
1995-12-08,1.5352,1.5362,1.5218,1.5338
1995-12-11,1.5338,1.5369,1.5307,1.5339
1995-12-12,1.5339,1.5368,1.5283,1.5332999999999999
1995-12-13,1.5332999999999999,1.5352999999999999,1.5281,1.5347
1995-12-14,1.5347,1.5471,1.5324,1.5448
1995-12-15,1.5448,1.5449,1.5331,1.5391
1995-12-18,1.5391,1.544,1.5362,1.544
1995-12-19,1.544,1.5453999999999999,1.5377,1.5404
1995-12-20,1.5404,1.5446,1.5346,1.5411
1995-12-21,1.5411,1.5424,1.5365,1.5398
1995-12-22,1.5398,1.5478,1.5378,1.5449
1995-12-25,1.5449,1.5466,1.5366,1.5441
1995-12-26,1.5441,1.5621,1.5391,1.5601
1995-12-27,1.5601,1.5621,1.5516,1.5592
1995-12-28,1.5592,1.5623,1.5374,1.5481
1995-12-29,1.5481,1.5544,1.5433999999999999,1.5526
1996-01-01,1.5526,1.5526,1.5455,1.5455
1996-01-02,1.5455,1.5614,1.5421,1.5549
1996-01-03,1.5549,1.5579,1.5485,1.5508
1996-01-04,1.5508,1.5546,1.5424,1.5528
1996-01-05,1.5528,1.5554,1.5465,1.5485
1996-01-08,1.5485,1.5533,1.5467,1.5501
1996-01-09,1.5501,1.5531,1.5451,1.5499
1996-01-10,1.5499,1.5504,1.544,1.5455
1996-01-11,1.5455,1.5484,1.5413999999999999,1.5446
1996-01-12,1.5446,1.5504,1.5403,1.5469
1996-01-15,1.5469,1.5473,1.5425,1.5441
1996-01-16,1.5441,1.5449,1.5323,1.5323
1996-01-17,1.5323,1.536,1.5193,1.5252999999999999
1996-01-18,1.5252999999999999,1.529,1.5156,1.5162
1996-01-19,1.5162,1.5183,1.5037,1.5123
1996-01-22,1.5123,1.5157,1.503,1.5136
1996-01-23,1.5136,1.5183,1.5116,1.5151
1996-01-24,1.5151,1.5151999999999999,1.5076,1.5116
1996-01-25,1.5116,1.5185,1.5039,1.5086
1996-01-26,1.5086,1.5103,1.4976,1.5046
1996-01-29,1.5046,1.5093,1.5021,1.506
1996-01-30,1.506,1.5113,1.5022,1.5061
1996-01-31,1.5061,1.5168,1.5041,1.5146
1996-02-01,1.5146,1.5217,1.5121,1.5197
1996-02-02,1.5197,1.5283,1.5171,1.5283
1996-02-05,1.5283,1.5431,1.5274,1.5386
1996-02-06,1.5386,1.5453,1.5362,1.5433
1996-02-07,1.5433,1.5444,1.5344,1.5372999999999999
1996-02-08,1.5372999999999999,1.5395,1.5325,1.5381
1996-02-09,1.5381,1.5393999999999999,1.5274,1.5274
1996-02-12,1.5274,1.5334,1.5256,1.5289
1996-02-13,1.5289,1.5387,1.5274,1.5382
1996-02-14,1.5382,1.5446,1.5366,1.5418
1996-02-15,1.5418,1.5421,1.5351,1.5379
1996-02-16,1.5379,1.555,1.5352999999999999,1.5496
1996-02-19,1.5496,1.5548,1.5439,1.5448
1996-02-20,1.5448,1.5496,1.5392,1.5451
1996-02-21,1.5451,1.5486,1.5396,1.5436
1996-02-22,1.5436,1.5467,1.5406,1.5467
1996-02-23,1.5467,1.5481,1.5371,1.5409
1996-02-26,1.5409,1.5423,1.5377,1.5409
1996-02-27,1.5409,1.5441,1.5376,1.5406
1996-02-28,1.5406,1.5418,1.5298,1.5331
1996-02-29,1.5331,1.5341,1.5281,1.5316
1996-03-01,1.5316,1.5338,1.5244,1.5294
1996-03-04,1.5294,1.5308,1.5271,1.528
1996-03-05,1.528,1.5323,1.5256,1.5316
1996-03-06,1.5316,1.5322,1.5268,1.5276
1996-03-07,1.5276,1.5318,1.523,1.5291
1996-03-08,1.5291,1.5323,1.5158,1.5209
1996-03-11,1.5209,1.5264,1.5176,1.5246
1996-03-12,1.5246,1.5258,1.5171,1.5251
1996-03-13,1.5251,1.5255,1.5209,1.5229
1996-03-14,1.5229,1.5296,1.5222,1.5272
1996-03-15,1.5272,1.5315,1.5224,1.5281
1996-03-18,1.5281,1.5344,1.5257,1.5321
1996-03-19,1.5321,1.5352999999999999,1.5281,1.5346
1996-03-20,1.5346,1.5396,1.5321,1.5384
1996-03-21,1.5384,1.5402,1.5347,1.5347
1996-03-22,1.5347,1.5374,1.5327,1.5352999999999999
1996-03-25,1.5352999999999999,1.5383,1.5191999999999999,1.5239
1996-03-26,1.5239,1.5278,1.5211,1.5225
1996-03-27,1.5225,1.5251,1.5179,1.5191999999999999
1996-03-28,1.5191999999999999,1.5267,1.5171,1.5247
1996-03-29,1.5247,1.5295,1.5242,1.5252999999999999
1996-04-01,1.5252999999999999,1.5271,1.5224,1.5246
1996-04-02,1.5246,1.5274,1.5231,1.5246
1996-04-03,1.5246,1.5276,1.5231999999999999,1.5248
1996-04-04,1.5248,1.5316,1.5241,1.5316
1996-04-05,1.5316,1.5318,1.5271,1.5271
1996-04-08,1.5271,1.5328,1.5271,1.529
1996-04-09,1.529,1.5301,1.5195,1.5211
1996-04-10,1.5211,1.5237,1.5050999999999999,1.515
1996-04-11,1.515,1.516,1.5079,1.5118
1996-04-12,1.5118,1.5146,1.5085,1.5114
1996-04-15,1.5114,1.5114,1.5064,1.5087
1996-04-16,1.5087,1.5123,1.5052,1.5089
1996-04-17,1.5089,1.5108,1.5050999999999999,1.5106
1996-04-18,1.5106,1.5239,1.5064,1.5188
1996-04-19,1.5188,1.5209,1.5117,1.5117
1996-04-22,1.5117,1.5139,1.5101,1.5123
1996-04-23,1.5123,1.5179,1.5105,1.5156
1996-04-24,1.5156,1.5167,1.5125,1.516
1996-04-25,1.516,1.5161,1.5044,1.5065
1996-04-26,1.5065,1.5138,1.5063,1.5135
1996-04-29,1.5135,1.5149,1.5044,1.5067
1996-04-30,1.5067,1.5102,1.4998,1.5058
1996-05-01,1.5058,1.5066,1.4894,1.4932
1996-05-02,1.4932,1.5050999999999999,1.4906,1.5028
1996-05-03,1.5028,1.5070999999999999,1.5001,1.5064
1996-05-06,1.5064,1.5103,1.5061,1.5078
1996-05-07,1.5078,1.5131,1.5074,1.5110999999999999
1996-05-08,1.5110999999999999,1.5266,1.5082,1.5244
1996-05-09,1.5244,1.5264,1.5202,1.5236
1996-05-10,1.5236,1.5292,1.5166,1.5206
1996-05-13,1.5206,1.522,1.5126,1.5139
1996-05-14,1.5139,1.5183,1.5133,1.5153
1996-05-15,1.5153,1.5184,1.5110999999999999,1.5139
1996-05-16,1.5139,1.5154,1.5107,1.5145
1996-05-17,1.5145,1.5167,1.5118,1.5118
1996-05-20,1.5118,1.5146,1.5106,1.514
1996-05-21,1.514,1.5166,1.5107,1.5139
1996-05-22,1.5139,1.5141,1.508,1.5088
1996-05-23,1.5088,1.515,1.5073,1.513
1996-05-24,1.513,1.5156,1.5102,1.5119
1996-05-27,1.5119,1.5147,1.5114,1.5139
1996-05-28,1.5139,1.5146,1.5101,1.5142
1996-05-29,1.5142,1.5326,1.5136,1.5325
1996-05-30,1.5325,1.5396,1.5298,1.5347
1996-05-31,1.5347,1.5541,1.5318,1.5527
1996-06-03,1.5527,1.5567,1.5456,1.5547
1996-06-04,1.5547,1.5564,1.5476,1.5476
1996-06-05,1.5476,1.5544,1.5433,1.5489
1996-06-06,1.5489,1.5497,1.5391,1.5439
1996-06-07,1.5439,1.5496,1.5361,1.538
1996-06-10,1.538,1.5384,1.5306,1.5348
1996-06-11,1.5348,1.5378,1.5326,1.5359
1996-06-12,1.5359,1.5393,1.534,1.5366
1996-06-13,1.5366,1.5374,1.5283,1.536
1996-06-14,1.536,1.5425,1.5338,1.5356
1996-06-17,1.5356,1.5471,1.5351,1.5448
1996-06-18,1.5448,1.5497,1.542,1.5444
1996-06-19,1.5444,1.5458,1.5413,1.5439
1996-06-20,1.5439,1.5444,1.5379,1.5395
1996-06-21,1.5395,1.5416,1.5352999999999999,1.5376
1996-06-24,1.5376,1.5422,1.5339,1.5415
1996-06-25,1.5415,1.5444,1.5374,1.5416
1996-06-26,1.5416,1.5437,1.5304,1.5409
1996-06-27,1.5409,1.5506,1.5401,1.5485
1996-06-28,1.5485,1.5544,1.5462,1.5517
1996-07-01,1.5517,1.5594999999999999,1.5513,1.5585
1996-07-02,1.5585,1.5606,1.5539,1.559
1996-07-03,1.559,1.5646,1.5559,1.5638
1996-07-04,1.5638,1.564,1.5566,1.5585
1996-07-05,1.5585,1.559,1.5528,1.557
1996-07-08,1.557,1.557,1.5513,1.5541
1996-07-09,1.5541,1.5548,1.5488,1.5496
1996-07-10,1.5496,1.5541,1.5476,1.5525
1996-07-11,1.5525,1.5574,1.5506,1.5547
1996-07-12,1.5547,1.5563,1.5506,1.552
1996-07-15,1.552,1.5539,1.5486,1.5526
1996-07-16,1.5526,1.5675,1.5516,1.5585
1996-07-17,1.5585,1.5602,1.5426,1.5473999999999999
1996-07-18,1.5473999999999999,1.5514999999999999,1.5376,1.5455
1996-07-19,1.5455,1.5489,1.5409,1.5409
1996-07-22,1.5409,1.5526,1.5405,1.5513
1996-07-23,1.5513,1.5547,1.5502,1.5532
1996-07-24,1.5532,1.557,1.5508,1.5527
1996-07-25,1.5527,1.5613,1.552,1.558
1996-07-26,1.558,1.5593,1.5534,1.5552
1996-07-29,1.5552,1.5593,1.5547,1.5573
1996-07-30,1.5573,1.5596,1.5545,1.5567
1996-07-31,1.5567,1.5613,1.5542,1.5574
1996-08-01,1.5574,1.5589,1.5521,1.5523
1996-08-02,1.5523,1.5526,1.5406,1.5441
1996-08-05,1.5441,1.5476,1.5416,1.5457
1996-08-06,1.5457,1.5467,1.5349,1.5395
1996-08-07,1.5395,1.5437,1.5366,1.5427
1996-08-08,1.5427,1.552,1.5417,1.552
1996-08-09,1.552,1.5542,1.5486,1.5528
1996-08-12,1.5528,1.553,1.5493999999999999,1.5506
1996-08-13,1.5506,1.5524,1.5481,1.5495
1996-08-14,1.5495,1.5512,1.5472,1.5495
1996-08-15,1.5495,1.5532,1.5485,1.5514
1996-08-16,1.5514,1.5516,1.5463,1.5488
1996-08-19,1.5488,1.5497,1.5426,1.5451
1996-08-20,1.5451,1.5504,1.5426,1.5485
1996-08-21,1.5485,1.5517,1.5452,1.5508
1996-08-22,1.5508,1.5516,1.5471,1.5504
1996-08-23,1.5504,1.5576,1.5488,1.5569
1996-08-26,1.5569,1.5583,1.555,1.5569
1996-08-27,1.5569,1.5599,1.5529,1.5542
1996-08-28,1.5542,1.5606,1.5528,1.5592
1996-08-29,1.5592,1.5609,1.5557,1.5583
1996-08-30,1.5583,1.5648,1.5554999999999999,1.5611
1996-09-02,1.5611,1.5641,1.5585,1.5606
1996-09-03,1.5606,1.5695999999999999,1.5591,1.5669
1996-09-04,1.5669,1.5692,1.5637,1.5675999999999999
1996-09-05,1.5675999999999999,1.5718,1.5647,1.5655999999999999
1996-09-06,1.5655999999999999,1.5685,1.558,1.5608
1996-09-09,1.5608,1.5621,1.5557,1.5576
1996-09-10,1.5576,1.5587,1.5528,1.5564
1996-09-11,1.5564,1.5582,1.5532,1.5552
1996-09-12,1.5552,1.5572,1.5533,1.556
1996-09-13,1.556,1.5568,1.5511,1.555
1996-09-16,1.555,1.5589,1.551,1.5581
1996-09-17,1.5581,1.5583,1.5532,1.555
1996-09-18,1.555,1.5632,1.5549,1.5606
1996-09-19,1.5606,1.5626,1.5495,1.5534999999999999
1996-09-20,1.5534999999999999,1.5565,1.5504,1.5544
1996-09-23,1.5544,1.5583,1.5516,1.5561
1996-09-24,1.5561,1.5681,1.5548,1.5653
1996-09-25,1.5653,1.5661,1.5605,1.5617
1996-09-26,1.5617,1.5633,1.5568,1.5621
1996-09-27,1.5621,1.5655999999999999,1.5593,1.5634
1996-09-30,1.5634,1.5664,1.5609,1.5657
1996-10-01,1.5657,1.5675,1.5627,1.5645
1996-10-02,1.5645,1.5701,1.564,1.5655999999999999
1996-10-03,1.5655999999999999,1.567,1.5639,1.5661
1996-10-04,1.5661,1.5667,1.5614,1.5651
1996-10-07,1.5651,1.5651,1.5622,1.5632
1996-10-08,1.5632,1.5639,1.5613,1.5626
1996-10-09,1.5626,1.5666,1.5622,1.5657
1996-10-10,1.5657,1.5678,1.563,1.5666
1996-10-11,1.5666,1.5792,1.5661,1.5792
1996-10-14,1.5792,1.5821,1.5773,1.5808
1996-10-15,1.5808,1.5897999999999999,1.5796999999999999,1.5882
1996-10-16,1.5882,1.5889,1.5821,1.5839
1996-10-17,1.5839,1.589,1.5813,1.587
1996-10-18,1.587,1.5932,1.5839,1.5912
1996-10-21,1.5912,1.5951,1.589,1.5925
1996-10-22,1.5925,1.6,1.5911,1.5994
1996-10-23,1.5994,1.6009,1.595,1.5969
1996-10-24,1.5969,1.5987,1.5894,1.5936
1996-10-25,1.5936,1.6094,1.5908,1.6042
1996-10-28,1.6042,1.6148,1.6028,1.6131
1996-10-29,1.6131,1.6133,1.6043,1.6107
1996-10-30,1.6107,1.6349,1.6088,1.6331
1996-10-31,1.6331,1.6360999999999999,1.6243,1.6268
1996-11-01,1.6268,1.6433,1.626,1.6371
1996-11-04,1.6371,1.6474,1.6328,1.6441
1996-11-05,1.6441,1.6561,1.6431,1.6469
1996-11-06,1.6469,1.6498,1.6386,1.6418
1996-11-07,1.6418,1.6522,1.6397,1.6489
1996-11-08,1.6489,1.6554,1.6441999999999999,1.6483
1996-11-11,1.6483,1.6572,1.6444,1.6514
1996-11-12,1.6514,1.6552,1.6443,1.6457
1996-11-13,1.6457,1.6634,1.6421,1.6611
1996-11-14,1.6611,1.6668,1.6596,1.6636
1996-11-15,1.6636,1.6694,1.6615,1.6633
1996-11-18,1.6633,1.6731,1.6617,1.6709
1996-11-19,1.6709,1.6774,1.6692,1.676
1996-11-20,1.676,1.6819,1.6741,1.681
1996-11-21,1.681,1.6909,1.6781,1.6889
1996-11-22,1.6889,1.6905999999999999,1.6759,1.6815
1996-11-25,1.6815,1.6834,1.6673,1.6683
1996-11-26,1.6683,1.676,1.6657,1.6726
1996-11-27,1.6726,1.6824,1.6708,1.6784
1996-11-28,1.6784,1.6821,1.6746,1.6809
1996-11-29,1.6809,1.6848,1.6777,1.683
1996-12-02,1.683,1.6876,1.6771,1.6819
1996-12-03,1.6819,1.6821,1.6345,1.6445
1996-12-04,1.6445,1.653,1.6349,1.6451
1996-12-05,1.6451,1.6483,1.6106,1.6353
1996-12-06,1.6353,1.6485,1.6332,1.6436
1996-12-09,1.6436,1.65,1.6408,1.6472
1996-12-10,1.6472,1.6565,1.6453,1.6539
1996-12-11,1.6539,1.6606,1.6497,1.6542999999999999
1996-12-12,1.6542999999999999,1.6586,1.6465,1.6571
1996-12-13,1.6571,1.6632,1.6518,1.6556
1996-12-16,1.6556,1.6679,1.6529,1.6675
1996-12-17,1.6675,1.6731,1.663,1.6726
1996-12-18,1.6726,1.6755,1.6689,1.6748
1996-12-19,1.6748,1.6759,1.6557,1.6657
1996-12-20,1.6657,1.6731,1.6611,1.6719
1996-12-23,1.6719,1.6786,1.6683,1.6776
1996-12-24,1.6776,1.6782,1.6705,1.6726
1996-12-25,1.6726,1.6748,1.6719,1.6746
1996-12-26,1.6746,1.6768,1.6706,1.6747
1996-12-27,1.6747,1.6948,1.6728,1.6918
1996-12-30,1.6918,1.6935,1.6866,1.6912
1996-12-31,1.6912,1.7167999999999999,1.6901,1.7126
1997-01-01,1.7126,1.7142,1.6916,1.7106999999999999
1997-01-02,1.7106999999999999,1.7133,1.6836,1.6938
1997-01-03,1.6938,1.7014,1.6856,1.6877
1997-01-06,1.6877,1.6969,1.6796,1.6965
1997-01-07,1.6965,1.697,1.6922,1.6943
1997-01-08,1.6943,1.6969,1.6843,1.6882
1997-01-09,1.6882,1.7008,1.6874,1.6991
1997-01-10,1.6991,1.7021,1.6751,1.6784
1997-01-13,1.6784,1.6831,1.6661,1.6754
1997-01-14,1.6754,1.6754,1.6654,1.6702
1997-01-15,1.6702,1.6847,1.6691,1.6831
1997-01-16,1.6831,1.684,1.6727,1.6786
1997-01-17,1.6786,1.6808,1.6665,1.6685
1997-01-20,1.6685,1.6706,1.6578,1.6658
1997-01-21,1.6658,1.6696,1.6612,1.6645
1997-01-22,1.6645,1.6659,1.6299,1.6360999999999999
1997-01-23,1.6360999999999999,1.6381,1.6194,1.6317
1997-01-24,1.6317,1.6368,1.6253,1.6286
1997-01-27,1.6286,1.6311,1.6199,1.6214
1997-01-28,1.6214,1.6226,1.6042,1.6199999999999999
1997-01-29,1.6199999999999999,1.6277,1.6101,1.6174
1997-01-30,1.6174,1.6271,1.6071,1.6139
1997-01-31,1.6139,1.6142,1.5955,1.5984
1997-02-03,1.5984,1.6222,1.5957,1.6188
1997-02-04,1.6188,1.6268,1.6167,1.6209
1997-02-05,1.6209,1.6454,1.6201,1.6439
1997-02-06,1.6439,1.6464,1.6311,1.6368
1997-02-07,1.6368,1.64,1.6215,1.6366
1997-02-10,1.6366,1.6429,1.6256,1.6406
1997-02-11,1.6406,1.6451,1.6332,1.6367
1997-02-12,1.6367,1.644,1.6285,1.6324
1997-02-13,1.6324,1.6363,1.6198,1.6235
1997-02-14,1.6235,1.6246,1.6164,1.6203
1997-02-17,1.6203,1.6227,1.6133,1.6161
1997-02-18,1.6161,1.6181,1.599,1.6076
1997-02-19,1.6076,1.6185,1.6048,1.6166
1997-02-20,1.6166,1.6197,1.6057,1.6136
1997-02-21,1.6136,1.6217,1.6103,1.6206
1997-02-24,1.6206,1.6360999999999999,1.6203,1.6335
1997-02-25,1.6335,1.6386,1.6296,1.6352
1997-02-26,1.6352,1.6419,1.6299,1.6340999999999999
1997-02-27,1.6340999999999999,1.635,1.6234,1.6252
1997-02-28,1.6252,1.6314,1.6172,1.6273
1997-03-03,1.6273,1.6300999999999999,1.6141,1.617
1997-03-04,1.617,1.6194,1.6117,1.6146
1997-03-05,1.6146,1.6165,1.6078,1.6146
1997-03-06,1.6146,1.6159,1.6091,1.6156
1997-03-07,1.6156,1.6164,1.5977999999999999,1.6022
1997-03-10,1.6022,1.6065,1.5954,1.6043
1997-03-11,1.6043,1.6096,1.6006,1.6084
1997-03-12,1.6084,1.6096,1.5887,1.5985
1997-03-13,1.5985,1.6061,1.5953,1.5957999999999999
1997-03-14,1.5957999999999999,1.6037,1.5919,1.6027
1997-03-17,1.6027,1.6031,1.5863,1.5884
1997-03-18,1.5884,1.5923,1.5856999999999999,1.5901
1997-03-19,1.5901,1.6006,1.5896,1.5984
1997-03-20,1.5984,1.6031,1.5923,1.5927
1997-03-21,1.5927,1.6053,1.5893,1.6043
1997-03-24,1.6043,1.621,1.6018999999999999,1.6185
1997-03-25,1.6185,1.6215,1.6149,1.6192
1997-03-26,1.6192,1.6308,1.6156,1.6295
1997-03-27,1.6295,1.6346,1.6257,1.6336
1997-03-28,1.6336,1.6346,1.6300999999999999,1.6300999999999999
1997-03-31,1.6300999999999999,1.6475,1.6295,1.6376
1997-04-01,1.6376,1.655,1.6375,1.6514
1997-04-02,1.6514,1.653,1.6411,1.6429
1997-04-03,1.6429,1.6475,1.6376,1.6456
1997-04-04,1.6456,1.6456,1.6327,1.6327
1997-04-07,1.6327,1.6356,1.6236,1.6268
1997-04-08,1.6268,1.6289,1.6196,1.6256
1997-04-09,1.6256,1.6277,1.6176,1.6201
1997-04-10,1.6201,1.6258,1.6193,1.6236
1997-04-11,1.6236,1.6311,1.6208,1.6295
1997-04-14,1.6295,1.6328,1.6199,1.6201
1997-04-15,1.6201,1.6316,1.6194,1.6288
1997-04-16,1.6288,1.6292,1.6192,1.6252
1997-04-17,1.6252,1.6335,1.6233,1.6307
1997-04-18,1.6307,1.6352,1.6291,1.6324
1997-04-21,1.6324,1.6387,1.6311,1.6356
1997-04-22,1.6356,1.6397,1.6317,1.6339
1997-04-23,1.6339,1.6364,1.6199,1.6235
1997-04-24,1.6235,1.6296,1.6171,1.626
1997-04-25,1.626,1.6269,1.6213,1.6260999999999999
1997-04-28,1.6260999999999999,1.6286,1.6218,1.6238
1997-04-29,1.6238,1.6342,1.6219999999999999,1.6316
1997-04-30,1.6316,1.6332,1.6187,1.6243
1997-05-01,1.6243,1.63,1.6214,1.6273
1997-05-02,1.6273,1.629,1.6218,1.6244
1997-05-05,1.6244,1.6260999999999999,1.6169,1.6241
1997-05-06,1.6241,1.6401,1.6166,1.6338
1997-05-07,1.6338,1.6401,1.6091,1.6152
1997-05-08,1.6152,1.631,1.6117,1.6189
1997-05-09,1.6189,1.628,1.6151,1.6224
1997-05-12,1.6224,1.6268,1.6156,1.6231
1997-05-13,1.6231,1.6349,1.6174,1.6327
1997-05-14,1.6327,1.6481999999999999,1.6299,1.6473
1997-05-15,1.6473,1.6495,1.6371,1.6424
1997-05-16,1.6424,1.6432,1.6326,1.6364
1997-05-19,1.6364,1.6439,1.6352,1.6383
1997-05-20,1.6383,1.6605,1.6371,1.6559
1997-05-21,1.6559,1.6596,1.6426,1.6479
1997-05-22,1.6479,1.6491,1.6235,1.6243
1997-05-23,1.6243,1.6389,1.6231,1.6389
1997-05-26,1.6389,1.6453,1.6376,1.6401
1997-05-27,1.6401,1.6409,1.6282,1.6318
1997-05-28,1.6318,1.643,1.6302,1.6403
1997-05-29,1.6403,1.6435,1.6336,1.6394
1997-05-30,1.6394,1.6429,1.6351,1.6429
1997-06-02,1.6429,1.6434,1.6296,1.6368
1997-06-03,1.6368,1.6383,1.6306,1.6343
1997-06-04,1.6343,1.6358,1.6251,1.6335
1997-06-05,1.6335,1.6357,1.6287,1.6338
1997-06-06,1.6338,1.6344,1.6201,1.6336
1997-06-09,1.6336,1.6399,1.6299,1.6393
1997-06-10,1.6393,1.641,1.6337,1.6369
1997-06-11,1.6369,1.6433,1.6346,1.6376
1997-06-12,1.6376,1.6383,1.6283,1.6332
1997-06-13,1.6332,1.6406,1.6287,1.6349
1997-06-16,1.6349,1.6394,1.6333,1.6371
1997-06-17,1.6371,1.6404,1.6337,1.6404
1997-06-18,1.6404,1.6427,1.6358,1.6383
1997-06-19,1.6383,1.6498,1.6376,1.6479
1997-06-20,1.6479,1.6582,1.6453,1.6561
1997-06-23,1.6561,1.6731,1.6531,1.6696
1997-06-24,1.6696,1.672,1.6622,1.6696
1997-06-25,1.6696,1.6715,1.6606,1.6636
1997-06-26,1.6636,1.6686,1.6611,1.6663
1997-06-27,1.6663,1.6716,1.659,1.6641
1997-06-30,1.6641,1.6669,1.6609,1.6655
1997-07-01,1.6655,1.668,1.6547,1.6596
1997-07-02,1.6596,1.6791,1.6501,1.6763
1997-07-03,1.6763,1.6935,1.6711,1.6909
1997-07-04,1.6909,1.691,1.6838,1.6892
1997-07-07,1.6892,1.6928,1.6816,1.69
1997-07-08,1.69,1.6962,1.6832,1.6861
1997-07-09,1.6861,1.6899,1.6828,1.6873
1997-07-10,1.6873,1.694,1.6834,1.6881
1997-07-11,1.6881,1.6987,1.6869,1.6891
1997-07-14,1.6891,1.6934,1.6826,1.6885
1997-07-15,1.6885,1.6907,1.6686,1.6784
1997-07-16,1.6784,1.6815,1.671,1.6781
1997-07-17,1.6781,1.6784999999999999,1.6649,1.6739
1997-07-18,1.6739,1.6806,1.6696,1.6782
1997-07-21,1.6782,1.6813,1.6732,1.6784
1997-07-22,1.6784,1.6831,1.6718,1.6771
1997-07-23,1.6771,1.6863,1.6751,1.6798
1997-07-24,1.6798,1.6798,1.6696,1.6742
1997-07-25,1.6742,1.6745,1.6615,1.6618
1997-07-28,1.6618,1.6624,1.628,1.634
1997-07-29,1.634,1.6351,1.6239999999999999,1.6294
1997-07-30,1.6294,1.6336,1.6211,1.6308
1997-07-31,1.6308,1.646,1.6306,1.6413
1997-08-01,1.6413,1.6433,1.6295,1.6324
1997-08-04,1.6324,1.6351,1.6257,1.6351
1997-08-05,1.6351,1.6351,1.6218,1.6245
1997-08-06,1.6245,1.6256,1.5917999999999999,1.6041
1997-08-07,1.6041,1.6084,1.5779,1.5883
1997-08-08,1.5883,1.5937,1.5674,1.5886
1997-08-11,1.5886,1.5944,1.5851,1.5936
1997-08-12,1.5936,1.5936,1.5748,1.5799
1997-08-13,1.5799,1.5866,1.5723,1.5841
1997-08-14,1.5841,1.5923,1.5782,1.5901
1997-08-15,1.5901,1.6132,1.5886,1.6103
1997-08-18,1.6103,1.6156,1.6041,1.605
1997-08-19,1.605,1.6121,1.6021,1.6043
1997-08-20,1.6043,1.6054,1.59,1.5923
1997-08-21,1.5923,1.6002,1.5853,1.5901
1997-08-22,1.5901,1.6162,1.5859,1.6091
1997-08-25,1.6091,1.6096,1.6014,1.6061
1997-08-26,1.6061,1.6239999999999999,1.6028,1.6114
1997-08-27,1.6114,1.6179,1.6029,1.6118999999999999
1997-08-28,1.6118999999999999,1.6196,1.6052,1.6178
1997-08-29,1.6178,1.6252,1.6134,1.6134
1997-09-01,1.6134,1.6171,1.6051,1.6084
1997-09-02,1.6084,1.6103,1.5877999999999999,1.5907
1997-09-03,1.5907,1.6001,1.5825,1.5864
1997-09-04,1.5864,1.5888,1.5776999999999999,1.5846
1997-09-05,1.5846,1.5957999999999999,1.5816,1.5901
1997-09-08,1.5901,1.5939,1.5805,1.5805
1997-09-09,1.5805,1.5921,1.5795,1.5916
1997-09-10,1.5916,1.5923,1.5831,1.5869
1997-09-11,1.5869,1.604,1.5846,1.599
1997-09-12,1.599,1.6122,1.5949,1.6023
1997-09-15,1.6023,1.6091,1.5994,1.6049
1997-09-16,1.6049,1.6061,1.588,1.5984
1997-09-17,1.5984,1.6041,1.5891,1.5997
1997-09-18,1.5997,1.6179999999999999,1.5962,1.6105
1997-09-19,1.6105,1.6149,1.6044,1.6112
1997-09-22,1.6112,1.6129,1.5993,1.6044
1997-09-23,1.6044,1.6156,1.6031,1.6141
1997-09-24,1.6141,1.6182,1.6094,1.613
1997-09-25,1.613,1.6342,1.6114,1.6296
1997-09-26,1.6296,1.6300999999999999,1.5983,1.6126
1997-09-29,1.6126,1.6214,1.6071,1.6113
1997-09-30,1.6113,1.6206,1.6096,1.6178
1997-10-01,1.6178,1.6215,1.6113,1.6133
1997-10-02,1.6133,1.6182,1.6108,1.6153
1997-10-03,1.6153,1.6182,1.599,1.6154
1997-10-06,1.6154,1.6206,1.6121,1.6146
1997-10-07,1.6146,1.6276,1.6142,1.6223
1997-10-08,1.6223,1.625,1.6174,1.6221
1997-10-09,1.6221,1.6306,1.6194,1.6248
1997-10-10,1.6248,1.6267,1.6179999999999999,1.6217
1997-10-13,1.6217,1.6251,1.6191,1.6245
1997-10-14,1.6245,1.6255,1.6156,1.6202
1997-10-15,1.6202,1.6251,1.6156,1.6241
1997-10-16,1.6241,1.6243,1.6165,1.6181
1997-10-17,1.6181,1.6291,1.6122,1.6291
1997-10-20,1.6291,1.6362,1.6262,1.6331
1997-10-21,1.6331,1.64,1.6302,1.6351
1997-10-22,1.6351,1.6374,1.6273,1.6314
1997-10-23,1.6314,1.6344,1.6264,1.6342
1997-10-24,1.6342,1.6376,1.6275,1.6349
1997-10-27,1.6349,1.6643999999999999,1.6331,1.6643999999999999
1997-10-28,1.6643999999999999,1.6681,1.6626,1.6626
1997-10-29,1.6626,1.6753,1.6618,1.6696
1997-10-30,1.6696,1.6766,1.6626,1.6694
1997-10-31,1.6694,1.6798,1.6661,1.6784
1997-11-03,1.6784,1.6793,1.6707,1.6776
1997-11-04,1.6776,1.6878,1.6751,1.6836
1997-11-05,1.6836,1.6871,1.671,1.6803
1997-11-06,1.6803,1.6952,1.6729,1.6881
1997-11-07,1.6881,1.6999,1.6851,1.6851
1997-11-10,1.6851,1.7014,1.6792,1.7014
1997-11-11,1.7014,1.709,1.6965999999999999,1.7046
1997-11-12,1.7046,1.7147999999999999,1.7018,1.7043
1997-11-13,1.7043,1.7054,1.6935,1.6981
1997-11-14,1.6981,1.6996,1.6885,1.69
1997-11-17,1.69,1.6981,1.6848,1.6958
1997-11-18,1.6958,1.698,1.6905,1.6905999999999999
1997-11-19,1.6905999999999999,1.6954,1.6851,1.6896
1997-11-20,1.6896,1.6994,1.687,1.6905
1997-11-21,1.6905,1.6945999999999999,1.6841,1.6899
1997-11-24,1.6899,1.6962,1.6885999999999999,1.6896
1997-11-25,1.6896,1.6921,1.6739,1.6739
1997-11-26,1.6739,1.6803,1.6694,1.6728
1997-11-27,1.6728,1.6763,1.6675,1.6723999999999999
1997-11-28,1.6723999999999999,1.6899,1.6713,1.6893
1997-12-01,1.6893,1.6908,1.6757,1.6855
1997-12-02,1.6855,1.6889,1.6803,1.6806
1997-12-03,1.6806,1.6852,1.6794,1.6833
1997-12-04,1.6833,1.685,1.6645,1.6667
1997-12-05,1.6667,1.6667,1.6506,1.6592
1997-12-08,1.6592,1.6601,1.6438,1.6486
1997-12-09,1.6486,1.6545,1.6436,1.6511
1997-12-10,1.6511,1.6529,1.6436,1.6506
1997-12-11,1.6506,1.6605,1.6483,1.6591
1997-12-12,1.6591,1.6654,1.6471,1.6476
1997-12-15,1.6476,1.6511,1.6296,1.6331
1997-12-16,1.6331,1.6387,1.6276,1.6349
1997-12-17,1.6349,1.6576,1.6349,1.6516
1997-12-18,1.6516,1.669,1.6483,1.669
1997-12-19,1.669,1.6761,1.6616,1.6679
1997-12-22,1.6679,1.6715,1.6596,1.6624
1997-12-23,1.6624,1.6726,1.6579,1.6665
1997-12-24,1.6665,1.672,1.6616,1.6698
1997-12-25,1.6698,1.6731,1.6685,1.6728
1997-12-26,1.6728,1.6796,1.6674,1.6763
1997-12-29,1.6763,1.6796,1.6683,1.6709
1997-12-30,1.6709,1.6731,1.6534,1.6564
1997-12-31,1.6564,1.6594,1.6406,1.6524
1998-01-01,1.6524,1.658,1.6431,1.6476
1998-01-02,1.6476,1.6491,1.6351,1.6414
1998-01-05,1.6414,1.6466,1.6233,1.6311
1998-01-06,1.6311,1.6360999999999999,1.6203,1.6216
1998-01-07,1.6216,1.6305,1.6184,1.6256
1998-01-08,1.6256,1.628,1.6097,1.6134
1998-01-09,1.6134,1.6252,1.6116,1.6134
1998-01-12,1.6134,1.6236,1.6113,1.623
1998-01-13,1.623,1.6398,1.6219999999999999,1.6340999999999999
1998-01-14,1.6340999999999999,1.6346,1.6263,1.6294
1998-01-15,1.6294,1.6357,1.6271,1.6304
1998-01-16,1.6304,1.6383,1.6274,1.6359
1998-01-19,1.6359,1.6441999999999999,1.6333,1.6383
1998-01-20,1.6383,1.6399,1.6238,1.6259
1998-01-21,1.6259,1.6340999999999999,1.6206,1.6333
1998-01-22,1.6333,1.6533,1.6295,1.6496
1998-01-23,1.6496,1.6743999999999999,1.6479,1.6711
1998-01-26,1.6711,1.6866,1.6513,1.6556
1998-01-27,1.6556,1.6636,1.6426,1.6468
1998-01-28,1.6468,1.6486,1.6307,1.6386
1998-01-29,1.6386,1.6465,1.6356,1.6394
1998-01-30,1.6394,1.6426,1.6306,1.6343
1998-02-02,1.6343,1.6438,1.6252,1.6438
1998-02-03,1.6438,1.6496,1.635,1.6453
1998-02-04,1.6453,1.6605,1.6412,1.6564
1998-02-05,1.6564,1.6596,1.6491,1.6518
1998-02-06,1.6518,1.6541,1.6403,1.6412
1998-02-09,1.6412,1.6438,1.6260999999999999,1.6284
1998-02-10,1.6284,1.6343,1.6211,1.6271
1998-02-11,1.6271,1.6363,1.6211,1.6317
1998-02-12,1.6317,1.6428,1.6291,1.6383
1998-02-13,1.6383,1.6424,1.633,1.6417
1998-02-16,1.6417,1.643,1.6346,1.6396
1998-02-17,1.6396,1.6414,1.6294,1.6331
1998-02-18,1.6331,1.6446,1.6264,1.6386
1998-02-19,1.6386,1.6417,1.6333,1.6363
1998-02-20,1.6363,1.6405,1.6342,1.6373
1998-02-23,1.6373,1.6505,1.6316,1.6453
1998-02-24,1.6453,1.6521,1.6426,1.6498
1998-02-25,1.6498,1.6518,1.6407,1.6429
1998-02-26,1.6429,1.6487,1.6366,1.6435
1998-02-27,1.6435,1.6516,1.6428,1.6453
1998-03-02,1.6453,1.6626,1.6441,1.6486
1998-03-03,1.6486,1.6548,1.6438,1.6501
1998-03-04,1.6501,1.6524,1.6441999999999999,1.6489
1998-03-05,1.6489,1.6519,1.6311,1.6346
1998-03-06,1.6346,1.6408,1.6306,1.6360999999999999
1998-03-09,1.6360999999999999,1.64,1.6329,1.6393
1998-03-10,1.6393,1.6426,1.6342,1.6409
1998-03-11,1.6409,1.6512,1.638,1.6496
1998-03-12,1.6496,1.6602999999999999,1.6466,1.6568
1998-03-13,1.6568,1.6751,1.6542999999999999,1.6726
1998-03-16,1.6726,1.6736,1.6638,1.6681
1998-03-17,1.6681,1.6796,1.6641,1.6796
1998-03-18,1.6796,1.6796,1.6681,1.6701
1998-03-19,1.6701,1.6713,1.6641,1.6661
1998-03-20,1.6661,1.6706,1.6602,1.6685
1998-03-23,1.6685,1.6824,1.6653,1.6781
1998-03-24,1.6781,1.6789,1.6721,1.6739
1998-03-25,1.6739,1.6776,1.6706,1.6751
1998-03-26,1.6751,1.6903,1.6726,1.6862
1998-03-27,1.6862,1.6897,1.6796,1.6831
1998-03-30,1.6831,1.6859,1.676,1.6766
1998-03-31,1.6766,1.6851,1.6698,1.6725
1998-04-01,1.6725,1.6784,1.6676,1.6689
1998-04-02,1.6689,1.6771,1.6628,1.6648
1998-04-03,1.6648,1.6703,1.6547,1.6568
1998-04-06,1.6568,1.6681,1.6547,1.6676
1998-04-07,1.6676,1.6692,1.663,1.6682
1998-04-08,1.6682,1.6781,1.6652,1.6746
1998-04-09,1.6746,1.6784,1.6682,1.6698
1998-04-10,1.6698,1.6768,1.6691,1.6726
1998-04-13,1.6726,1.674,1.6649,1.6671
1998-04-14,1.6671,1.6892,1.6655,1.6854
1998-04-15,1.6854,1.6872,1.6776,1.6839
1998-04-16,1.6839,1.6942,1.6809,1.6914
1998-04-17,1.6914,1.6978,1.682,1.6836
1998-04-20,1.6836,1.6866,1.6716,1.6773
1998-04-21,1.6773,1.6817,1.6736,1.6741
1998-04-22,1.6741,1.6796,1.6679,1.6723
1998-04-23,1.6723,1.6746,1.6586,1.6654
1998-04-24,1.6654,1.6722,1.663,1.6681
1998-04-27,1.6681,1.6781,1.6629,1.6726
1998-04-28,1.6726,1.6757,1.664,1.6661
1998-04-29,1.6661,1.6734,1.6646,1.6716
1998-04-30,1.6716,1.6762,1.6672,1.6719
1998-05-01,1.6719,1.6743999999999999,1.6582,1.6621
1998-05-04,1.6621,1.671,1.6613,1.6669
1998-05-05,1.6669,1.6683999999999999,1.6569,1.6618
1998-05-06,1.6618,1.664,1.6578,1.6606
1998-05-07,1.6606,1.6629,1.6437,1.6484
1998-05-08,1.6484,1.6496,1.6335,1.6368
1998-05-11,1.6368,1.64,1.6288,1.6314
1998-05-12,1.6314,1.6366,1.6293,1.6329
1998-05-13,1.6329,1.6379,1.6296,1.6329
1998-05-14,1.6329,1.6332,1.6199999999999999,1.6306
1998-05-15,1.6306,1.6352,1.6214,1.6214
1998-05-18,1.6214,1.6257,1.6158,1.6246
1998-05-19,1.6246,1.6306,1.6205,1.6235
1998-05-20,1.6235,1.6358,1.6229,1.6335
1998-05-21,1.6335,1.635,1.6259,1.6297
1998-05-22,1.6297,1.6343,1.627,1.6322
1998-05-25,1.6322,1.633,1.6256,1.6288
1998-05-26,1.6288,1.6393,1.6280999999999999,1.6357
1998-05-27,1.6357,1.6428,1.6283,1.6308
1998-05-28,1.6308,1.6363,1.621,1.6266
1998-05-29,1.6266,1.6344,1.6231,1.6329
1998-06-01,1.6329,1.6427,1.6282,1.6389
1998-06-02,1.6389,1.6411,1.6346,1.639
1998-06-03,1.639,1.6411,1.6315,1.6399
1998-06-04,1.6399,1.6489,1.6344,1.6366
1998-06-05,1.6366,1.6405,1.6322,1.634
1998-06-08,1.634,1.6354,1.6305,1.6338
1998-06-09,1.6338,1.6387,1.6308,1.6366
1998-06-10,1.6366,1.6391,1.6253,1.6286
1998-06-11,1.6286,1.6353,1.6260999999999999,1.6280999999999999
1998-06-12,1.6280999999999999,1.6351,1.6266,1.6351
1998-06-15,1.6351,1.6378,1.627,1.6357
1998-06-16,1.6357,1.656,1.6344,1.6536
1998-06-17,1.6536,1.6703999999999999,1.6511,1.6696
1998-06-18,1.6696,1.678,1.6626,1.6723999999999999
1998-06-19,1.6723999999999999,1.6789,1.6683,1.6683
1998-06-22,1.6683,1.6764999999999999,1.6615,1.6723999999999999
1998-06-23,1.6723999999999999,1.6775,1.6614,1.6676
1998-06-24,1.6676,1.6722,1.6641,1.6682
1998-06-25,1.6682,1.6728,1.6643999999999999,1.6712
1998-06-26,1.6712,1.6754,1.6568,1.6589
1998-06-29,1.6589,1.6689,1.6579,1.6668
1998-06-30,1.6668,1.6709,1.6618,1.6668
1998-07-01,1.6668,1.6696,1.6569,1.6594
1998-07-02,1.6594,1.6635,1.6541,1.6573
1998-07-03,1.6573,1.6608,1.6444,1.6444
1998-07-06,1.6444,1.6496,1.6360999999999999,1.6396
1998-07-07,1.6396,1.642,1.6340999999999999,1.6396
1998-07-08,1.6396,1.6396,1.6348,1.6381
1998-07-09,1.6381,1.6389,1.6258,1.6315
1998-07-10,1.6315,1.6346,1.6284,1.6333
1998-07-13,1.6333,1.645,1.6289,1.6411
1998-07-14,1.6411,1.6426,1.6331,1.6339
1998-07-15,1.6339,1.6416,1.6303,1.6358
1998-07-16,1.6358,1.642,1.6336,1.6406
1998-07-17,1.6406,1.6466,1.6375,1.6446
1998-07-20,1.6446,1.6508,1.6376,1.6458
1998-07-21,1.6458,1.6502,1.6423,1.6437
1998-07-22,1.6437,1.6453,1.6393,1.6444
1998-07-23,1.6444,1.6524,1.6372,1.6511
1998-07-24,1.6511,1.6619,1.6495,1.6605
1998-07-27,1.6605,1.6617,1.6538,1.6541
1998-07-28,1.6541,1.6593,1.6464,1.6489
1998-07-29,1.6489,1.6502999999999999,1.6401,1.6429
1998-07-30,1.6429,1.6466,1.634,1.6366
1998-07-31,1.6366,1.6389,1.6299,1.6345
1998-08-03,1.6345,1.6351,1.6213,1.6271
1998-08-04,1.6271,1.6408,1.6248,1.6391
1998-08-05,1.6391,1.6417,1.6340999999999999,1.6340999999999999
1998-08-06,1.6340999999999999,1.6392,1.6304,1.6331
1998-08-07,1.6331,1.637,1.627,1.6276
1998-08-10,1.6276,1.6371,1.6253,1.6351
1998-08-11,1.6351,1.6366,1.6284,1.6300999999999999
1998-08-12,1.6300999999999999,1.6351,1.6253,1.6253
1998-08-13,1.6253,1.6306,1.6209,1.6246
1998-08-14,1.6246,1.6266,1.6153,1.6191
1998-08-17,1.6191,1.6196,1.6081,1.6155
1998-08-18,1.6155,1.6186,1.6118,1.6172
1998-08-19,1.6172,1.6251,1.6144,1.6224
1998-08-20,1.6224,1.6332,1.6211,1.6311
1998-08-21,1.6311,1.64,1.6276,1.6339
1998-08-24,1.6339,1.6432,1.6326,1.6407
1998-08-25,1.6407,1.6421,1.6356,1.6394
1998-08-26,1.6394,1.6413,1.6347,1.6388
1998-08-27,1.6388,1.6551,1.6381,1.6526
1998-08-28,1.6526,1.6847,1.6447,1.6819
1998-08-31,1.6819,1.6879,1.6602999999999999,1.6811
1998-09-01,1.6811,1.6847,1.6698,1.6736
1998-09-02,1.6736,1.6784,1.6646,1.6696
1998-09-03,1.6696,1.69,1.6678,1.6751
1998-09-04,1.6751,1.6777,1.665,1.6683
1998-09-07,1.6683,1.6754,1.6641,1.6663999999999999
1998-09-08,1.6663999999999999,1.6679,1.6524,1.6565
1998-09-09,1.6565,1.6706,1.6516,1.6706
1998-09-10,1.6706,1.6928,1.668,1.6896
1998-09-11,1.6896,1.6956,1.6718,1.6725
1998-09-14,1.6725,1.6808,1.6696,1.6781
1998-09-15,1.6781,1.6837,1.6712,1.6759
1998-09-16,1.6759,1.6806,1.669,1.6791
1998-09-17,1.6791,1.694,1.6766,1.6821
1998-09-18,1.6821,1.6867,1.6774,1.6781
1998-09-21,1.6781,1.6899,1.6762,1.6824
1998-09-22,1.6824,1.6875,1.6711,1.6814
1998-09-23,1.6814,1.6899,1.6762,1.6854
1998-09-24,1.6854,1.7014,1.6774,1.6958
1998-09-25,1.6958,1.7082,1.6915,1.6977
1998-09-28,1.6977,1.7109,1.6916,1.7105
1998-09-29,1.7105,1.7146,1.7042,1.711
1998-09-30,1.711,1.7118,1.6948,1.7003
1998-10-01,1.7003,1.709,1.6924,1.7046
1998-10-02,1.7046,1.7122,1.6965999999999999,1.6988
1998-10-05,1.6988,1.701,1.6819,1.6836
1998-10-06,1.6836,1.6892,1.6802,1.6826
1998-10-07,1.6826,1.7111,1.6766,1.7002
1998-10-08,1.7002,1.7346,1.6979,1.7115
1998-10-09,1.7115,1.7179,1.6954,1.7006
1998-10-12,1.7006,1.7041,1.6871,1.6941
1998-10-13,1.6941,1.7078,1.6866,1.7071
1998-10-14,1.7071,1.7096,1.6976,1.7083
1998-10-15,1.7083,1.7124,1.697,1.7103
1998-10-16,1.7103,1.7121,1.6953,1.7013
1998-10-19,1.7013,1.707,1.6963,1.7001
1998-10-20,1.7001,1.7116,1.691,1.7076
1998-10-21,1.7076,1.7098,1.6933,1.6975
1998-10-22,1.6975,1.6991,1.6872,1.6968
1998-10-23,1.6968,1.6975,1.6864,1.6866
1998-10-26,1.6866,1.6895,1.6629,1.6722
1998-10-27,1.6722,1.6794,1.6626,1.6742
1998-10-28,1.6742,1.6771,1.6683999999999999,1.6758
1998-10-29,1.6758,1.682,1.6726,1.6801
1998-10-30,1.6801,1.6848,1.672,1.6761
1998-11-02,1.6761,1.6784999999999999,1.6606,1.663
1998-11-03,1.663,1.6646,1.653,1.6582
1998-11-04,1.6582,1.6626,1.6511,1.6604
1998-11-05,1.6604,1.6658,1.6494,1.6624
1998-11-06,1.6624,1.6655,1.6554,1.6586
1998-11-09,1.6586,1.6671,1.6553,1.6616
1998-11-10,1.6616,1.664,1.6561,1.6597
1998-11-11,1.6597,1.6633,1.6542,1.6616
1998-11-12,1.6616,1.6634,1.6517,1.6585
1998-11-13,1.6585,1.6706,1.6585,1.6651
1998-11-16,1.6651,1.6793,1.6631,1.6759
1998-11-17,1.6759,1.6803,1.6721,1.6745
1998-11-18,1.6745,1.6775,1.6676,1.6676
1998-11-19,1.6676,1.6723,1.6616,1.6616
1998-11-20,1.6616,1.6651,1.6527,1.6566
1998-11-23,1.6566,1.6581,1.6446,1.6562
1998-11-24,1.6562,1.6624,1.6511,1.6596
1998-11-25,1.6596,1.6651,1.6573,1.66
1998-11-26,1.66,1.6624,1.6541,1.6596
1998-11-27,1.6596,1.662,1.6502,1.6534
1998-11-30,1.6534,1.6549,1.6434,1.648
1998-12-01,1.648,1.6561,1.6463,1.6531
1998-12-02,1.6531,1.6691,1.6496,1.6668
1998-12-03,1.6668,1.6732,1.6602999999999999,1.6686
1998-12-04,1.6686,1.6701,1.6597,1.6616
1998-12-07,1.6616,1.6636,1.6496,1.6512
1998-12-08,1.6512,1.6609,1.6466,1.6577
1998-12-09,1.6577,1.6605,1.6536,1.6553
1998-12-10,1.6553,1.6746,1.6548,1.6746
1998-12-11,1.6746,1.6919,1.6665,1.6873
1998-12-14,1.6873,1.6945999999999999,1.6806,1.692
1998-12-15,1.692,1.6928,1.682,1.6844
1998-12-16,1.6844,1.6896,1.6666,1.6701
1998-12-17,1.6701,1.6824,1.6679,1.6741
1998-12-18,1.6741,1.6868,1.6741,1.6841
1998-12-21,1.6841,1.6866,1.6792,1.6843
1998-12-22,1.6843,1.6853,1.6764999999999999,1.6804
1998-12-23,1.6804,1.6837,1.6749,1.6786
1998-12-24,1.6786,1.6792,1.6702,1.6736
1998-12-25,1.6736,1.6759,1.6719,1.6735
1998-12-28,1.6735,1.6778,1.6709,1.677
1998-12-29,1.677,1.6856,1.6736,1.6826
1998-12-30,1.6826,1.6832,1.6599,1.6601
1998-12-31,1.6601,1.6671,1.6526,1.6634
1999-01-01,1.6634,1.6662,1.6586,1.6586
1999-01-04,1.6586,1.6749,1.6538,1.6598
1999-01-05,1.6598,1.6601,1.6531,1.6539
1999-01-06,1.6539,1.6659,1.6502999999999999,1.6538
1999-01-07,1.6538,1.6586,1.6464,1.6516
1999-01-08,1.6516,1.6527,1.6358,1.6406
1999-01-11,1.6406,1.6454,1.6282,1.6305
1999-01-12,1.6305,1.6351,1.6234,1.6351
1999-01-13,1.6351,1.6608,1.6323,1.6501
1999-01-14,1.6501,1.6594,1.6441999999999999,1.6561
1999-01-15,1.6561,1.6647,1.6485,1.6493
1999-01-18,1.6493,1.6608,1.6487,1.6524
1999-01-19,1.6524,1.6627,1.6476,1.6566
1999-01-20,1.6566,1.6571,1.6441,1.6473
1999-01-21,1.6473,1.656,1.6421,1.6522999999999999
1999-01-22,1.6522999999999999,1.6577,1.6494,1.6553
1999-01-25,1.6553,1.6618,1.6541,1.6593
1999-01-26,1.6593,1.6629,1.6569,1.6596
1999-01-27,1.6596,1.6598,1.6441,1.6479
1999-01-28,1.6479,1.6511,1.6443,1.6489
1999-01-29,1.6489,1.6493,1.6421,1.6469
1999-02-01,1.6469,1.6479,1.6378,1.6424
1999-02-02,1.6424,1.6488,1.6378,1.6406
1999-02-03,1.6406,1.641,1.6333,1.6365
1999-02-04,1.6365,1.6453,1.6300999999999999,1.6441999999999999
1999-02-05,1.6441999999999999,1.6459,1.6316,1.6329
1999-02-08,1.6329,1.6409,1.6286,1.6381
1999-02-09,1.6381,1.6414,1.6338,1.6373
1999-02-10,1.6373,1.6394,1.6244,1.6254
1999-02-11,1.6254,1.6286,1.6189,1.6224
1999-02-12,1.6224,1.6359,1.6209,1.6323
1999-02-15,1.6323,1.636,1.6258,1.6258
1999-02-16,1.6258,1.6354,1.6237,1.6338
1999-02-17,1.6338,1.6396,1.632,1.6345
1999-02-18,1.6345,1.6387,1.6323,1.6354
1999-02-19,1.6354,1.6363,1.6204,1.6224
1999-02-22,1.6224,1.6267,1.6169,1.6252
1999-02-23,1.6252,1.6271,1.6101,1.6142
1999-02-24,1.6142,1.6163,1.594,1.5971
1999-02-25,1.5971,1.6076,1.5971,1.602
1999-02-26,1.602,1.6065,1.5971,1.5979
1999-03-01,1.5979,1.6118999999999999,1.5953,1.6087
1999-03-02,1.6087,1.6174,1.6046,1.6164
1999-03-03,1.6164,1.6223,1.6118,1.6128
1999-03-04,1.6128,1.6136,1.6051,1.6103
1999-03-05,1.6103,1.611,1.6017,1.6017
1999-03-08,1.6017,1.6118999999999999,1.6006,1.6095
1999-03-09,1.6095,1.6202,1.6062,1.6164
1999-03-10,1.6164,1.6292,1.6152,1.6266
1999-03-11,1.6266,1.6428,1.6215,1.636
1999-03-12,1.636,1.6389,1.6285,1.6307
1999-03-15,1.6307,1.6317,1.6196,1.6214
1999-03-16,1.6214,1.6307,1.6176,1.6307
1999-03-17,1.6307,1.6331,1.6236,1.6304
1999-03-18,1.6304,1.6358,1.6263,1.6288
1999-03-19,1.6288,1.6314,1.6254,1.6286
1999-03-22,1.6286,1.6302,1.625,1.628
1999-03-23,1.628,1.6392,1.6219,1.6371
1999-03-24,1.6371,1.6481,1.6336,1.6345
1999-03-25,1.6345,1.6391,1.6226,1.6235
1999-03-26,1.6235,1.6271,1.6174,1.6221
1999-03-29,1.6221,1.6244,1.6124,1.6157
1999-03-30,1.6157,1.6187,1.6109,1.6122
1999-03-31,1.6122,1.6177,1.6069,1.6124
1999-04-01,1.6124,1.6143,1.6013,1.6029
1999-04-02,1.6029,1.6052,1.6013,1.6031
1999-04-05,1.6031,1.6064,1.5997999999999999,1.6001
1999-04-06,1.6001,1.6038,1.5843,1.5914
1999-04-07,1.5914,1.5992,1.5875,1.5957999999999999
1999-04-08,1.5957999999999999,1.6122,1.5931,1.6053
1999-04-09,1.6053,1.611,1.6009,1.6074
1999-04-12,1.6074,1.6192,1.6051,1.6121
1999-04-13,1.6121,1.6173,1.611,1.6166
1999-04-14,1.6166,1.6212,1.6106,1.6118999999999999
1999-04-15,1.6118999999999999,1.6159999999999999,1.6076,1.6093
1999-04-16,1.6093,1.6158,1.6031,1.6118999999999999
1999-04-19,1.6118999999999999,1.6239999999999999,1.6056,1.6116
1999-04-20,1.6116,1.6198,1.6091,1.6092
1999-04-21,1.6092,1.6139999999999999,1.6032,1.6053
1999-04-22,1.6053,1.6177,1.6033,1.617
1999-04-23,1.617,1.6208,1.6109,1.6141
1999-04-26,1.6141,1.6179,1.6102,1.6118999999999999
1999-04-27,1.6118999999999999,1.6196,1.6088,1.6167
1999-04-28,1.6167,1.6228,1.6127,1.6134
1999-04-29,1.6134,1.6176,1.6076,1.6094
1999-04-30,1.6094,1.6132,1.6064,1.6109
1999-05-03,1.6109,1.613,1.6066,1.6086
1999-05-04,1.6086,1.6295,1.6082,1.6286
1999-05-05,1.6286,1.6389,1.6242,1.6358
1999-05-06,1.6358,1.6435,1.6358,1.6388
1999-05-07,1.6388,1.6435,1.6296,1.6297
1999-05-10,1.6297,1.6352,1.6236,1.6254
1999-05-11,1.6254,1.6285,1.6194,1.6223
1999-05-12,1.6223,1.6232,1.6155,1.6178
1999-05-13,1.6178,1.6217,1.6169,1.6213
1999-05-14,1.6213,1.6245,1.6135,1.6209
1999-05-17,1.6209,1.6219999999999999,1.6145,1.6176
1999-05-18,1.6176,1.6256,1.6163,1.6206
1999-05-19,1.6206,1.6229,1.6156,1.6169
1999-05-20,1.6169,1.6223,1.607,1.6076
1999-05-21,1.6076,1.6093,1.6004,1.6006
1999-05-24,1.6006,1.6021,1.593,1.5977999999999999
1999-05-25,1.5977999999999999,1.6056,1.5957999999999999,1.6048
1999-05-26,1.6048,1.6056,1.5936,1.5936
1999-05-27,1.5936,1.602,1.5885,1.5977999999999999
1999-05-28,1.5977999999999999,1.605,1.5954,1.6026
1999-05-31,1.6026,1.6066,1.6006,1.6026
1999-06-01,1.6026,1.613,1.5981,1.6121
1999-06-02,1.6121,1.6142,1.6026,1.6041
1999-06-03,1.6041,1.6095,1.602,1.6045
1999-06-04,1.6045,1.6118999999999999,1.6018,1.6094
1999-06-07,1.6094,1.6113,1.5985,1.6
1999-06-08,1.6,1.6073,1.5986,1.6064
1999-06-09,1.6064,1.6073,1.5988,1.6018999999999999
1999-06-10,1.6018999999999999,1.6055,1.5983,1.6054
1999-06-11,1.6054,1.6179999999999999,1.6031,1.6153
1999-06-14,1.6153,1.6166,1.6057,1.6069
1999-06-15,1.6069,1.6091,1.5906,1.5944
1999-06-16,1.5944,1.5964,1.5855,1.5884
1999-06-17,1.5884,1.5964,1.5856999999999999,1.5941
1999-06-18,1.5941,1.5999,1.5904,1.5951
1999-06-21,1.5951,1.5973,1.5851,1.5909
1999-06-22,1.5909,1.5941,1.5852,1.5911
1999-06-23,1.5911,1.592,1.5756999999999999,1.581
1999-06-24,1.581,1.5892,1.5745,1.5881
1999-06-25,1.5881,1.5941,1.5846,1.5846
1999-06-28,1.5846,1.5877999999999999,1.58,1.5827
1999-06-29,1.5827,1.584,1.5727,1.5731
1999-06-30,1.5731,1.579,1.5724,1.5782
1999-07-01,1.5782,1.5824,1.5722,1.5726
1999-07-02,1.5726,1.5799,1.5689,1.5771
1999-07-05,1.5771,1.5792,1.5742,1.575
1999-07-06,1.575,1.5772,1.5592,1.5623
1999-07-07,1.5623,1.5641,1.5552,1.5574
1999-07-08,1.5574,1.5611,1.5537,1.5587
1999-07-09,1.5587,1.5616,1.5478,1.5503
1999-07-12,1.5503,1.5584,1.5484,1.5578
1999-07-13,1.5578,1.5592,1.5538,1.5586
1999-07-14,1.5586,1.5649,1.5516,1.5642
1999-07-15,1.5642,1.5701,1.5629,1.565
1999-07-16,1.565,1.5701,1.562,1.5628
1999-07-19,1.5628,1.5827,1.5573,1.5811
1999-07-20,1.5811,1.5826,1.5681,1.572
1999-07-21,1.572,1.5804,1.5697,1.5781
1999-07-22,1.5781,1.5885,1.5743,1.5826
1999-07-23,1.5826,1.5862,1.5758,1.5786
1999-07-26,1.5786,1.5949,1.5783,1.5904
1999-07-27,1.5904,1.5948,1.5881,1.5904
1999-07-28,1.5904,1.5992,1.5842,1.5976
1999-07-29,1.5976,1.6224,1.5964,1.6177
1999-07-30,1.6177,1.625,1.6128,1.6207
1999-08-02,1.6207,1.621,1.6134,1.6161
1999-08-03,1.6161,1.6233,1.6138,1.6206
1999-08-04,1.6206,1.6280999999999999,1.6185,1.6199999999999999
1999-08-05,1.6199999999999999,1.6218,1.6127,1.6136
1999-08-06,1.6136,1.6195,1.6078,1.6092
1999-08-09,1.6092,1.6101,1.6015,1.6073
1999-08-10,1.6073,1.6188,1.605,1.6149
1999-08-11,1.6149,1.6173,1.609,1.6126
1999-08-12,1.6126,1.6131,1.6062,1.6113
1999-08-13,1.6113,1.615,1.6044,1.6064
1999-08-16,1.6064,1.6108,1.5999,1.6013
1999-08-17,1.6013,1.6057,1.5955,1.6049
1999-08-18,1.6049,1.6089,1.6005,1.6037
1999-08-19,1.6037,1.6201,1.5982,1.617
1999-08-20,1.617,1.6219999999999999,1.6134,1.6146
1999-08-23,1.6146,1.6181,1.6004,1.6013
1999-08-24,1.6013,1.6034,1.5884,1.5946
1999-08-25,1.5946,1.5947,1.5842,1.5855
1999-08-26,1.5855,1.5927,1.5851,1.5889
1999-08-27,1.5889,1.5908,1.5844,1.5896
1999-08-30,1.5896,1.5913,1.586,1.5907
1999-08-31,1.5907,1.6116,1.5905,1.6044
1999-09-01,1.6044,1.6124,1.6025,1.604
1999-09-02,1.604,1.6133,1.5985,1.6073
1999-09-03,1.6073,1.6157,1.6024,1.6036
1999-09-06,1.6036,1.6074,1.6009,1.6065
1999-09-07,1.6065,1.6091,1.5997,1.605
1999-09-08,1.605,1.6257,1.604,1.6199999999999999
1999-09-09,1.6199999999999999,1.6373,1.6193,1.6353
1999-09-10,1.6353,1.6353,1.6164,1.6191
1999-09-13,1.6191,1.6231,1.6069,1.6076
1999-09-14,1.6076,1.6109,1.599,1.6078
1999-09-15,1.6078,1.6156,1.5994,1.6139
1999-09-16,1.6139,1.6267,1.6121,1.6233
1999-09-17,1.6233,1.6263,1.6162,1.6236
1999-09-20,1.6236,1.626,1.6201,1.6226
1999-09-21,1.6226,1.6339,1.621,1.6333
1999-09-22,1.6333,1.6409,1.6277,1.6296
1999-09-23,1.6296,1.6468,1.6292,1.646
1999-09-24,1.646,1.647,1.6396,1.6421
1999-09-27,1.6421,1.6502,1.6395,1.6461999999999999
1999-09-28,1.6461999999999999,1.6515,1.6439,1.6486
1999-09-29,1.6486,1.6495,1.6403,1.6446
1999-09-30,1.6446,1.6478,1.6436,1.6476
1999-10-01,1.6476,1.6571,1.6463,1.6556
1999-10-04,1.6556,1.6605,1.6531,1.6548
1999-10-05,1.6548,1.6587,1.65,1.6547
1999-10-06,1.6547,1.659,1.6531,1.6567
1999-10-07,1.6567,1.6567,1.6496,1.6517
1999-10-08,1.6517,1.6564,1.6473,1.6519
1999-10-11,1.6519,1.6579,1.6496,1.6532
1999-10-12,1.6532,1.6581,1.6512,1.6576
1999-10-13,1.6576,1.6592,1.6524,1.656
1999-10-14,1.656,1.6649,1.6527,1.662
1999-10-15,1.662,1.6726,1.661,1.6689
1999-10-18,1.6689,1.6733,1.6675,1.6687
1999-10-19,1.6687,1.6745,1.6653,1.6717
1999-10-20,1.6717,1.6738,1.6621,1.6642
1999-10-21,1.6642,1.6793,1.6636,1.6751
1999-10-22,1.6751,1.6792,1.6535,1.6557
1999-10-25,1.6557,1.6648,1.6546,1.6629
1999-10-26,1.6629,1.6647,1.6494,1.6532
1999-10-27,1.6532,1.6586,1.6424,1.6464
1999-10-28,1.6464,1.6487,1.6354,1.6399
1999-10-29,1.6399,1.6451,1.6332,1.6444
1999-11-01,1.6444,1.6497,1.6384,1.6431
1999-11-02,1.6431,1.6493,1.6399,1.6465
1999-11-03,1.6465,1.6519,1.6423,1.6435
1999-11-04,1.6435,1.6473,1.6208,1.6225
1999-11-05,1.6225,1.628,1.6159,1.6234
1999-11-08,1.6234,1.625,1.6148,1.6196
1999-11-09,1.6196,1.6253,1.6183,1.6234
1999-11-10,1.6234,1.6296,1.6195,1.6286
1999-11-11,1.6286,1.6292,1.6205,1.6219
1999-11-12,1.6219,1.623,1.6109,1.6151
1999-11-15,1.6151,1.6239999999999999,1.6136,1.6204
1999-11-16,1.6204,1.6245,1.6154,1.617
1999-11-17,1.617,1.6279,1.6159999999999999,1.6241
1999-11-18,1.6241,1.629,1.6136,1.6139
1999-11-19,1.6139,1.6218,1.6127,1.6202
1999-11-22,1.6202,1.6229,1.6182,1.6206
1999-11-23,1.6206,1.6274,1.6184,1.6249
1999-11-24,1.6249,1.6262,1.6063,1.61
1999-11-25,1.61,1.6183,1.6077,1.6133
1999-11-26,1.6133,1.617,1.6026,1.6062
1999-11-29,1.6062,1.6081,1.5991,1.6052
1999-11-30,1.6052,1.6057,1.5917999999999999,1.5986
1999-12-01,1.5986,1.6043,1.5955,1.6004
1999-12-02,1.6004,1.6031,1.5969,1.6003
1999-12-03,1.6003,1.603,1.5981,1.6021
1999-12-06,1.6021,1.6253,1.5997999999999999,1.6187
1999-12-07,1.6187,1.6299,1.6179,1.6248
1999-12-08,1.6248,1.6313,1.6226,1.6280999999999999
1999-12-09,1.6280999999999999,1.6289,1.6187,1.6246
1999-12-10,1.6246,1.6271,1.6199999999999999,1.6217
1999-12-13,1.6217,1.626,1.6206,1.6247
1999-12-14,1.6247,1.6259,1.6106,1.613
1999-12-15,1.613,1.6134,1.6029,1.6064
1999-12-16,1.6064,1.6196,1.6064,1.6128
1999-12-17,1.6128,1.6182,1.6001,1.6066
1999-12-20,1.6066,1.611,1.6022,1.6102
1999-12-21,1.6102,1.6143,1.6056,1.613
1999-12-22,1.613,1.615,1.6057,1.6092
1999-12-23,1.6092,1.6187,1.6074,1.6167
1999-12-24,1.6167,1.6231,1.6143,1.6167
1999-12-27,1.6167,1.6187,1.6116,1.6174
1999-12-28,1.6174,1.6209,1.6143,1.6159999999999999
1999-12-29,1.6159999999999999,1.6204,1.6146,1.6197
1999-12-30,1.6197,1.6218,1.612,1.6156
1999-12-31,1.6156,1.6199,1.6114,1.6148
2000-01-03,1.6148,1.6397,1.6146,1.6359
2000-01-04,1.6359,1.6413,1.6317,1.6373
2000-01-05,1.6373,1.6452,1.6352,1.6419
2000-01-06,1.6419,1.651,1.6412,1.6478
2000-01-07,1.6478,1.6499,1.6360999999999999,1.6389
2000-01-10,1.6389,1.6401,1.6336,1.6369
2000-01-11,1.6369,1.6492,1.635,1.6468
2000-01-12,1.6468,1.6509,1.6455,1.6472
2000-01-13,1.6472,1.65,1.6412,1.6469
2000-01-14,1.6469,1.648,1.6314,1.6346
2000-01-17,1.6346,1.6388,1.63,1.6335
2000-01-18,1.6335,1.6397,1.6317,1.6387
2000-01-19,1.6387,1.6454,1.6367,1.6444
2000-01-20,1.6444,1.657,1.6426,1.6544
2000-01-21,1.6544,1.6578,1.6466,1.6466
2000-01-24,1.6466,1.6558,1.6466,1.6538
2000-01-25,1.6538,1.6538,1.6435,1.6448
2000-01-26,1.6448,1.6469,1.6357,1.6401
2000-01-27,1.6401,1.6401,1.6346,1.6392
2000-01-28,1.6392,1.6393,1.6162,1.6231
2000-01-31,1.6231,1.626,1.6118999999999999,1.6157
2000-02-01,1.6157,1.6178,1.6101,1.6149
2000-02-02,1.6149,1.6156,1.6032,1.6085
2000-02-03,1.6085,1.6086,1.5943,1.5976
2000-02-04,1.5976,1.6022,1.5836,1.5917999999999999
2000-02-07,1.5917999999999999,1.5993,1.5889,1.5977999999999999
2000-02-08,1.5977999999999999,1.6136,1.5975,1.6102
2000-02-09,1.6102,1.6174,1.6068,1.6164
2000-02-10,1.6164,1.6173,1.6054,1.6088
2000-02-11,1.6088,1.6105,1.588,1.5927
2000-02-14,1.5927,1.5971,1.5861,1.5874
2000-02-15,1.5874,1.5977,1.5852,1.5961
2000-02-16,1.5961,1.6101,1.5947,1.6072
2000-02-17,1.6072,1.6138,1.6027,1.6084
2000-02-18,1.6084,1.609,1.5956,1.5996
2000-02-21,1.5996,1.6041,1.5979,1.6004
2000-02-22,1.6004,1.6194,1.6002,1.6136
2000-02-23,1.6136,1.6147,1.6021,1.6043
2000-02-24,1.6043,1.6061,1.5977,1.5992
2000-02-25,1.5992,1.6006,1.5888,1.5932
2000-02-28,1.5932,1.5975,1.5858,1.5961
2000-02-29,1.5961,1.5996,1.5776,1.5792
2000-03-01,1.5792,1.5924,1.5756999999999999,1.585
2000-03-02,1.585,1.5867,1.5756999999999999,1.5756999999999999
2000-03-03,1.5756999999999999,1.5846,1.5755,1.5804
2000-03-06,1.5804,1.582,1.5715,1.5743
2000-03-07,1.5743,1.5822,1.5697,1.5814
2000-03-08,1.5814,1.5887,1.5746,1.5827
2000-03-09,1.5827,1.5848,1.5781,1.5833
2000-03-10,1.5833,1.5839,1.5755,1.5774
2000-03-13,1.5774,1.5829,1.5762,1.5787
2000-03-14,1.5787,1.5796,1.5683,1.5787
2000-03-15,1.5787,1.5788,1.57,1.5734
2000-03-16,1.5734,1.5776,1.5692,1.5766
2000-03-17,1.5766,1.5767,1.5703,1.5754
2000-03-20,1.5754,1.5756,1.5653,1.5689
2000-03-21,1.5689,1.5775,1.5668,1.57
2000-03-22,1.57,1.5807,1.562,1.5807
2000-03-23,1.5807,1.5902,1.5755,1.5875
2000-03-24,1.5875,1.5959,1.5841,1.5927
2000-03-27,1.5927,1.6006,1.5842,1.5879
2000-03-28,1.5879,1.5924,1.5827,1.5924
2000-03-29,1.5924,1.597,1.5818,1.5942
2000-03-30,1.5942,1.5977999999999999,1.5876,1.5948
2000-03-31,1.5948,1.5986,1.5904,1.5907
2000-04-03,1.5907,1.5994,1.5874,1.596
2000-04-04,1.596,1.6078,1.5927,1.5927
2000-04-05,1.5927,1.598,1.5829,1.5848
2000-04-06,1.5848,1.5891,1.578,1.5802
2000-04-07,1.5802,1.5856999999999999,1.5771,1.58
2000-04-10,1.58,1.5856999999999999,1.5782,1.5853
2000-04-11,1.5853,1.589,1.5832,1.5862
2000-04-12,1.5862,1.5894,1.5828,1.5888
2000-04-13,1.5888,1.593,1.586,1.587
2000-04-14,1.587,1.5915,1.5832,1.5893
2000-04-17,1.5893,1.5911,1.5801,1.5806
2000-04-18,1.5806,1.5843,1.5749,1.577
2000-04-19,1.577,1.5834,1.5764,1.5826
2000-04-20,1.5826,1.5827,1.5781,1.5799
2000-04-21,1.5799,1.5823,1.5768,1.5768
2000-04-24,1.5768,1.5819,1.5755,1.5804
2000-04-25,1.5804,1.5819,1.5734,1.5816
2000-04-26,1.5816,1.5824,1.5743,1.5765
2000-04-27,1.5765,1.5807,1.5715999999999999,1.5742
2000-04-28,1.5742,1.5742,1.5506,1.5534999999999999
2000-05-01,1.5534999999999999,1.5571,1.5521,1.5538
2000-05-02,1.5538,1.5667,1.5528,1.5609
2000-05-03,1.5609,1.565,1.5566,1.5617
2000-05-04,1.5617,1.5627,1.536,1.5427
2000-05-05,1.5427,1.5439,1.5252999999999999,1.5289
2000-05-08,1.5289,1.5358,1.527,1.5329
2000-05-09,1.5329,1.5367,1.5292999999999999,1.5326
2000-05-10,1.5326,1.5338,1.5073,1.5097
2000-05-11,1.5097,1.5122,1.4933,1.5062
2000-05-12,1.5062,1.5225,1.5018,1.5225
2000-05-15,1.5225,1.5231,1.501,1.501
2000-05-16,1.501,1.5072,1.4924,1.4939
2000-05-17,1.4939,1.4984,1.4891,1.4965
2000-05-18,1.4965,1.4967,1.4773,1.4835
2000-05-19,1.4835,1.4905,1.4754,1.4863
2000-05-22,1.4863,1.4958,1.4827,1.4914
2000-05-23,1.4914,1.4939,1.4731,1.4768999999999999
2000-05-24,1.4768999999999999,1.4802,1.4686,1.4735
2000-05-25,1.4735,1.4801,1.4667999999999999,1.4707999999999999
2000-05-26,1.4707999999999999,1.4928,1.4703,1.4896
2000-05-29,1.4896,1.4929999999999999,1.4865,1.4929999999999999
2000-05-30,1.4929999999999999,1.5043,1.4908,1.4975
2000-05-31,1.4975,1.5019,1.4934,1.5009
2000-06-01,1.5009,1.502,1.4899,1.4949999999999999
2000-06-02,1.4949999999999999,1.5129,1.4934,1.5110999999999999
2000-06-05,1.5110999999999999,1.5201,1.5079,1.5188
2000-06-06,1.5188,1.5314,1.5117,1.528
2000-06-07,1.528,1.5291,1.5193,1.5215
2000-06-08,1.5215,1.5236,1.5063,1.51
2000-06-09,1.51,1.5131,1.5014,1.5087
2000-06-12,1.5087,1.5144,1.5037,1.5137
2000-06-13,1.5137,1.518,1.5065,1.5065
2000-06-14,1.5065,1.5118,1.4982,1.4993
2000-06-15,1.4993,1.514,1.4951,1.5113
2000-06-16,1.5113,1.5182,1.5095,1.5146
2000-06-19,1.5146,1.517,1.5116,1.5122
2000-06-20,1.5122,1.52,1.5052,1.5176
2000-06-21,1.5176,1.518,1.4948,1.4993
2000-06-22,1.4993,1.5157,1.4977,1.513
2000-06-23,1.513,1.5137,1.4993,1.5013
2000-06-26,1.5013,1.5038,1.4967,1.4978
2000-06-27,1.4978,1.5075,1.4937,1.507
2000-06-28,1.507,1.5144,1.5027,1.5133
2000-06-29,1.5133,1.5207,1.5114,1.5182
2000-06-30,1.5182,1.5209,1.5104,1.5161
2000-07-03,1.5161,1.5189,1.5098,1.5139
2000-07-04,1.5139,1.5159,1.5118,1.5147
2000-07-05,1.5147,1.5165,1.507,1.507
2000-07-06,1.507,1.5151,1.5064,1.5075
2000-07-07,1.5075,1.5167,1.5048,1.5139
2000-07-10,1.5139,1.5194,1.5104,1.5131
2000-07-11,1.5131,1.5177,1.5116,1.5171
2000-07-12,1.5171,1.5184,1.5062,1.5065
2000-07-13,1.5065,1.5074,1.4984,1.5036
2000-07-14,1.5036,1.5050999999999999,1.4974,1.5007
2000-07-17,1.5007,1.5027,1.4909,1.4951
2000-07-18,1.4951,1.5,1.4917,1.4979
2000-07-19,1.4979,1.4985,1.4932,1.4972
2000-07-20,1.4972,1.514,1.4915,1.5126
2000-07-21,1.5126,1.5202,1.5088,1.5176
2000-07-24,1.5176,1.5214,1.5131,1.5154
2000-07-25,1.5154,1.5218,1.5135,1.516
2000-07-26,1.516,1.5218,1.5138,1.5158
2000-07-27,1.5158,1.5173,1.5105,1.513
2000-07-28,1.513,1.5143,1.4993,1.5029
2000-07-31,1.5029,1.5053,1.4949,1.4999
2000-08-01,1.4999,1.5026,1.4912,1.4928
2000-08-02,1.4928,1.4959,1.4872,1.4953
2000-08-03,1.4953,1.4993,1.4833,1.4977
2000-08-04,1.4977,1.5084,1.4893,1.5047
2000-08-07,1.5047,1.5144,1.5006,1.5122
2000-08-08,1.5122,1.5131,1.5010999999999999,1.5047
2000-08-09,1.5047,1.5053,1.4987,1.5029
2000-08-10,1.5029,1.5037,1.4953,1.4979
2000-08-11,1.4979,1.5081,1.4969999999999999,1.5023
2000-08-14,1.5023,1.5113,1.5003,1.5058
2000-08-15,1.5058,1.5142,1.503,1.5044
2000-08-16,1.5044,1.507,1.4979,1.5003
2000-08-17,1.5003,1.5017,1.4971,1.4981
2000-08-18,1.4981,1.4991,1.4883,1.4906
2000-08-21,1.4906,1.4936,1.4864,1.4885
2000-08-22,1.4885,1.4891,1.4788,1.4828
2000-08-23,1.4828,1.4873,1.4766,1.4857
2000-08-24,1.4857,1.4865,1.4775,1.4813
2000-08-25,1.4813,1.4823,1.4689,1.4709
2000-08-28,1.4709,1.4734,1.4686,1.4695
2000-08-29,1.4695,1.4718,1.4557,1.4557
2000-08-30,1.4557,1.4599,1.4424,1.4593
2000-08-31,1.4593,1.4594,1.4461,1.4472
2000-09-01,1.4472,1.4647999999999999,1.4468,1.4627999999999999
2000-09-04,1.4627999999999999,1.4659,1.4574,1.4579
2000-09-05,1.4579,1.4586,1.4482,1.4546
2000-09-06,1.4546,1.4555,1.4367,1.4375
2000-09-07,1.4375,1.4409,1.4319,1.4395
2000-09-08,1.4395,1.4396,1.4141,1.4141
2000-09-11,1.4141,1.4228,1.4022,1.4022999999999999
2000-09-12,1.4022999999999999,1.4148,1.3955,1.4065
2000-09-13,1.4065,1.4131,1.4038,1.4097
2000-09-14,1.4097,1.4193,1.4034,1.4068
2000-09-15,1.4068,1.4137,1.3972,1.3989
2000-09-18,1.3989,1.4066,1.3963,1.4061
2000-09-19,1.4061,1.4124,1.4006,1.4098
2000-09-20,1.4098,1.4183,1.4062,1.4117
2000-09-21,1.4117,1.4388,1.4096,1.4384
2000-09-22,1.4384,1.4749,1.4364,1.4568
2000-09-25,1.4568,1.4646,1.4503,1.4528
2000-09-26,1.4528,1.4642,1.4513,1.4633
2000-09-27,1.4633,1.4676,1.4577,1.4641
2000-09-28,1.4641,1.4676,1.4604,1.4627999999999999
2000-09-29,1.4627999999999999,1.4807,1.4616,1.4764
2000-10-02,1.4764,1.4776,1.4651,1.4664
2000-10-03,1.4664,1.4681,1.4561,1.4588
2000-10-04,1.4588,1.461,1.4528,1.4582
2000-10-05,1.4582,1.4598,1.4435,1.4437
2000-10-06,1.4437,1.4516,1.4425,1.4473
2000-10-09,1.4473,1.4499,1.4456,1.4493
2000-10-10,1.4493,1.4579,1.4476,1.4548
2000-10-11,1.4548,1.4659,1.4548,1.4609
2000-10-12,1.4609,1.4752,1.4589,1.4713
2000-10-13,1.4713,1.48,1.4498,1.4519
2000-10-16,1.4519,1.4546,1.4425999999999999,1.447
2000-10-17,1.447,1.4515,1.4347,1.4504
2000-10-18,1.4504,1.461,1.4382,1.4441
2000-10-19,1.4441,1.4483,1.4398,1.4461
2000-10-20,1.4461,1.4529,1.4425999999999999,1.4529
2000-10-23,1.4529,1.458,1.4498,1.4541
2000-10-24,1.4541,1.4558,1.4475,1.4498
2000-10-25,1.4498,1.4518,1.4309,1.4318
2000-10-26,1.4318,1.4383,1.4197,1.4364
2000-10-27,1.4364,1.4558,1.4324,1.4546999999999999
2000-10-30,1.4546999999999999,1.4671,1.4457,1.4494
2000-10-31,1.4494,1.4551,1.445,1.4478
2000-11-01,1.4478,1.457,1.4424,1.4517
2000-11-02,1.4517,1.4553,1.4433,1.4433
2000-11-03,1.4433,1.4555,1.44,1.4493
2000-11-06,1.4493,1.4519,1.4252,1.4267
2000-11-07,1.4267,1.4352,1.4243999999999999,1.4333
2000-11-08,1.4333,1.4367,1.4187,1.4233
2000-11-09,1.4233,1.4344999999999999,1.4134,1.4334
2000-11-10,1.4334,1.4355,1.4242,1.427
2000-11-13,1.427,1.4411,1.4255,1.4375
2000-11-14,1.4375,1.4425,1.4264999999999999,1.4304
2000-11-15,1.4304,1.4339,1.4231,1.4269
2000-11-16,1.4269,1.4284,1.421,1.4256
2000-11-17,1.4256,1.4261,1.4212,1.4221
2000-11-20,1.4221,1.4275,1.4205,1.4232
2000-11-21,1.4232,1.4294,1.4152,1.4181
2000-11-22,1.4181,1.4219,1.4059,1.4073
2000-11-23,1.4073,1.4094,1.398,1.4001
2000-11-24,1.4001,1.4076,1.3965,1.4002999999999999
2000-11-27,1.4002999999999999,1.4192,1.4002,1.4176
2000-11-28,1.4176,1.4231,1.4143999999999999,1.4179
2000-11-29,1.4179,1.4264,1.4163,1.4226
2000-11-30,1.4226,1.4272,1.415,1.4248
2000-12-01,1.4248,1.4449,1.4236,1.4405999999999999
2000-12-04,1.4405999999999999,1.4554,1.438,1.4511
2000-12-05,1.4511,1.4528,1.431,1.4329
2000-12-06,1.4329,1.4448,1.4312,1.4442
2000-12-07,1.4442,1.4496,1.4368,1.4445999999999999
2000-12-08,1.4445999999999999,1.4526,1.4429,1.4464
2000-12-11,1.4464,1.4584,1.4434,1.4566999999999999
2000-12-12,1.4566999999999999,1.4579,1.4449,1.4485999999999999
2000-12-13,1.4485999999999999,1.4566,1.4442,1.4563
2000-12-14,1.4563,1.4742,1.4542,1.4729
2000-12-15,1.4729,1.4777,1.4687,1.4737
2000-12-18,1.4737,1.479,1.4651,1.4758
2000-12-19,1.4758,1.4765,1.4611,1.4694
2000-12-20,1.4694,1.4799,1.4651,1.4765
2000-12-21,1.4765,1.4841,1.4667999999999999,1.4742
2000-12-22,1.4742,1.4838,1.4707,1.477
2000-12-25,1.477,1.481,1.4742,1.4773
2000-12-26,1.4773,1.4848999999999999,1.4759,1.4833
2000-12-27,1.4833,1.4982,1.4828999999999999,1.4971
2000-12-28,1.4971,1.4985,1.4868,1.4924
2000-12-29,1.4924,1.4965,1.487,1.4933
2001-01-01,1.4933,1.4965,1.4929999999999999,1.4963
2001-01-02,1.4963,1.5039,1.4887,1.5028
2001-01-03,1.5028,1.5097,1.4884,1.4909
2001-01-04,1.4909,1.5038,1.4886,1.5010999999999999
2001-01-05,1.5010999999999999,1.5078,1.4955,1.5038
2001-01-08,1.5038,1.51,1.4935,1.4956
2001-01-09,1.4956,1.4986,1.4876,1.488
2001-01-10,1.488,1.4945,1.4858,1.4868999999999999
2001-01-11,1.4868999999999999,1.5009,1.4866,1.4977
2001-01-12,1.4977,1.503,1.4761,1.4786
2001-01-15,1.4786,1.4802,1.4713,1.4774
2001-01-16,1.4774,1.4791,1.4667999999999999,1.4727
2001-01-17,1.4727,1.4758,1.4691,1.4737
2001-01-18,1.4737,1.477,1.4694,1.4734
2001-01-19,1.4734,1.4765,1.4627999999999999,1.464
2001-01-22,1.464,1.467,1.4521,1.4658
2001-01-23,1.4658,1.4738,1.4644,1.4684
2001-01-24,1.4684,1.4687999999999999,1.4526,1.4539
2001-01-25,1.4539,1.463,1.4475,1.4604
2001-01-26,1.4604,1.4687,1.4549,1.4614
2001-01-29,1.4614,1.4641,1.4559,1.4582
2001-01-30,1.4582,1.4641,1.4557,1.4629
2001-01-31,1.4629,1.465,1.4572,1.4647
2001-02-01,1.4647,1.4824,1.4633,1.478
2001-02-02,1.478,1.4835,1.4649,1.4689
2001-02-05,1.4689,1.478,1.4684,1.4758
2001-02-06,1.4758,1.4758,1.4574,1.4598
2001-02-07,1.4598,1.4647,1.4505,1.4533
2001-02-08,1.4533,1.4551,1.4421,1.4452
2001-02-09,1.4452,1.4499,1.4378,1.4456
2001-02-12,1.4456,1.4551,1.4448,1.4526
2001-02-13,1.4526,1.4576,1.4483,1.4524
2001-02-14,1.4524,1.4612,1.4508,1.454
2001-02-15,1.454,1.4601,1.4455,1.4489
2001-02-16,1.4489,1.4577,1.4443,1.4472
2001-02-19,1.4472,1.4548,1.4429,1.4472
2001-02-20,1.4472,1.4482,1.4317,1.4465
2001-02-21,1.4465,1.4477,1.438,1.4427
2001-02-22,1.4427,1.4518,1.4395,1.4454
2001-02-23,1.4454,1.4558,1.4425,1.4539
2001-02-26,1.4539,1.4569,1.4405999999999999,1.4445999999999999
2001-02-27,1.4445999999999999,1.4475,1.4393,1.4438
2001-02-28,1.4438,1.4503,1.4399,1.4452
2001-03-01,1.4452,1.458,1.4445999999999999,1.4546999999999999
2001-03-02,1.4546999999999999,1.4762,1.4542,1.4689
2001-03-05,1.4689,1.4727999999999999,1.4661,1.4667
2001-03-06,1.4667,1.4687,1.4637,1.4667
2001-03-07,1.4667,1.4726,1.4576,1.4614
2001-03-08,1.4614,1.4704,1.4597,1.4694
2001-03-09,1.4694,1.4751,1.462,1.4672
2001-03-12,1.4672,1.47,1.4622,1.4643
2001-03-13,1.4643,1.4655,1.4477,1.4496
2001-03-14,1.4496,1.4576,1.4437,1.4454
2001-03-15,1.4454,1.4496,1.4341,1.4355
2001-03-16,1.4355,1.4383,1.4252,1.4313
2001-03-19,1.4313,1.4337,1.4215,1.4256
2001-03-20,1.4256,1.4363,1.4234,1.4363
2001-03-21,1.4363,1.4393,1.4258,1.4307
2001-03-22,1.4307,1.4312,1.4183,1.4217
2001-03-23,1.4217,1.4312,1.4196,1.4277
2001-03-26,1.4277,1.4354,1.4254,1.4346
2001-03-27,1.4346,1.4385,1.4282,1.4343
2001-03-28,1.4343,1.4384,1.4278,1.4379
2001-03-29,1.4379,1.4423,1.426,1.4261
2001-03-30,1.4261,1.4296,1.4147,1.4147
2001-04-02,1.4147,1.4234,1.4142,1.4188
2001-04-03,1.4188,1.4343,1.4183,1.4333
2001-04-04,1.4333,1.4366,1.4298,1.4324
2001-04-05,1.4324,1.4399,1.4246,1.4282
2001-04-06,1.4282,1.4413,1.4258,1.4403
2001-04-09,1.4403,1.4501,1.4379,1.4443
2001-04-10,1.4443,1.4464,1.4304,1.4328
2001-04-11,1.4328,1.4385999999999999,1.4272,1.4366
2001-04-12,1.4366,1.4415,1.4324999999999999,1.4393
2001-04-13,1.4393,1.44,1.4348,1.4363
2001-04-16,1.4363,1.4381,1.4324999999999999,1.4374
2001-04-17,1.4374,1.4427,1.427,1.4319
2001-04-18,1.4319,1.4337,1.4194,1.4277
2001-04-19,1.4277,1.4472,1.4258,1.447
2001-04-20,1.447,1.4484,1.4372,1.4421
2001-04-23,1.4421,1.4477,1.4363,1.4377
2001-04-24,1.4377,1.4433,1.4339,1.4343
2001-04-25,1.4343,1.442,1.4314,1.4417
2001-04-26,1.4417,1.4431,1.4361,1.4397
2001-04-27,1.4397,1.4438,1.4328,1.4352
2001-04-30,1.4352,1.4374,1.4274,1.4333
2001-05-01,1.4333,1.4366,1.4268,1.4354
2001-05-02,1.4354,1.4382,1.4294,1.4337
2001-05-03,1.4337,1.4379,1.4304,1.436
2001-05-04,1.436,1.4442,1.4328,1.4378
2001-05-07,1.4378,1.4416,1.4352,1.4385999999999999
2001-05-08,1.4385999999999999,1.4391,1.4243999999999999,1.4261
2001-05-09,1.4261,1.4291,1.4182,1.4227
2001-05-10,1.4227,1.4344999999999999,1.4186,1.4231
2001-05-11,1.4231,1.436,1.4137,1.4197
2001-05-14,1.4197,1.4208,1.4157,1.4195
2001-05-15,1.4195,1.4253,1.4165,1.4245
2001-05-16,1.4245,1.4319,1.421,1.4304999999999999
2001-05-17,1.4304999999999999,1.4333,1.4272,1.4326
2001-05-18,1.4326,1.4398,1.4269,1.4392
2001-05-21,1.4392,1.4417,1.4353,1.4399
2001-05-22,1.4399,1.4405,1.4238,1.4281
2001-05-23,1.4281,1.4293,1.4175,1.4196
2001-05-24,1.4196,1.4199,1.4073,1.408
2001-05-25,1.408,1.4239,1.4075,1.4223999999999999
2001-05-28,1.4223999999999999,1.4233,1.4187,1.4203
2001-05-29,1.4203,1.424,1.4154,1.4238
2001-05-30,1.4238,1.4281,1.4196,1.4264
2001-05-31,1.4264,1.4273,1.4163,1.4185
2001-06-01,1.4185,1.4217,1.4122,1.4189
2001-06-04,1.4189,1.4215,1.4113,1.4141
2001-06-05,1.4141,1.4147,1.4066,1.4142
2001-06-06,1.4142,1.415,1.3893,1.3924
2001-06-07,1.3924,1.3937,1.3796,1.3929
2001-06-08,1.3929,1.3941999999999999,1.3775,1.3824
2001-06-11,1.3824,1.3879,1.3718,1.3725
2001-06-12,1.3725,1.3798,1.3683,1.3745
2001-06-13,1.3745,1.3924,1.3715,1.3918
2001-06-14,1.3918,1.4025,1.3878,1.4015
2001-06-15,1.4015,1.4107,1.3989,1.4044
2001-06-18,1.4044,1.408,1.4006,1.4048
2001-06-19,1.4048,1.4048,1.3938,1.4012
2001-06-20,1.4012,1.4021,1.3908,1.3957
2001-06-21,1.3957,1.4186,1.3952,1.4155
2001-06-22,1.4155,1.4194,1.4087,1.4122999999999999
2001-06-25,1.4122999999999999,1.4177,1.4115,1.4128
2001-06-26,1.4128,1.4174,1.4105,1.4166
2001-06-27,1.4166,1.4228,1.4122999999999999,1.4173
2001-06-28,1.4173,1.4196,1.4061,1.4089
2001-06-29,1.4089,1.4168,1.4031,1.4165
2001-07-02,1.4165,1.4182,1.4102999999999999,1.4177
2001-07-03,1.4177,1.4179,1.405,1.4077
2001-07-04,1.4077,1.4089,1.4021,1.4073
2001-07-05,1.4073,1.4082,1.3987,1.4031
2001-07-06,1.4031,1.4127,1.3967,1.4117
2001-07-09,1.4117,1.4127,1.4053,1.4086
2001-07-10,1.4086,1.4132,1.4079,1.4119
2001-07-11,1.4119,1.4189,1.4072,1.408
2001-07-12,1.408,1.4097,1.404,1.4076
2001-07-13,1.4076,1.408,1.3981999999999999,1.404
2001-07-16,1.404,1.404,1.3981999999999999,1.3997
2001-07-17,1.3997,1.4064,1.3933,1.4014
2001-07-18,1.4014,1.4223999999999999,1.3996,1.4217
2001-07-19,1.4217,1.4319,1.4141,1.4284999999999999
2001-07-20,1.4284999999999999,1.435,1.4247,1.4247
2001-07-23,1.4247,1.4258,1.4176,1.4205
2001-07-24,1.4205,1.4258,1.4157,1.4213
2001-07-25,1.4213,1.4298,1.419,1.4282
2001-07-26,1.4282,1.4313,1.4252,1.4277
2001-07-27,1.4277,1.4302,1.4226,1.4226
2001-07-30,1.4226,1.4275,1.421,1.4263
2001-07-31,1.4263,1.4303,1.4234,1.4251
2001-08-01,1.4251,1.4352,1.4247,1.434
2001-08-02,1.434,1.4356,1.4279,1.4319
2001-08-03,1.4319,1.4323,1.4254,1.4287
2001-08-06,1.4287,1.4291,1.4172,1.4183999999999999
2001-08-07,1.4183999999999999,1.4195,1.4126,1.4163
2001-08-08,1.4163,1.4189,1.413,1.417
2001-08-09,1.417,1.4289,1.4134,1.4254
2001-08-10,1.4254,1.4282,1.4232,1.4238
2001-08-13,1.4238,1.4275,1.4193,1.4197
2001-08-14,1.4197,1.4302,1.4168,1.4291
2001-08-15,1.4291,1.4417,1.428,1.4408
2001-08-16,1.4408,1.452,1.4396,1.4448
2001-08-17,1.4448,1.449,1.44,1.4456
2001-08-20,1.4456,1.4475,1.4431,1.4441
2001-08-21,1.4441,1.4557,1.4434,1.4553
2001-08-22,1.4553,1.4589,1.4478,1.4492
2001-08-23,1.4492,1.4496,1.4438,1.4474
2001-08-24,1.4474,1.4484,1.441,1.4433
2001-08-27,1.4433,1.4457,1.4409,1.4435
2001-08-28,1.4435,1.4537,1.4377,1.4535
2001-08-29,1.4535,1.4572,1.4497,1.4514
2001-08-30,1.4514,1.4606999999999999,1.4483,1.4575
2001-08-31,1.4575,1.4623,1.45,1.4533
2001-09-03,1.4533,1.4565,1.4511,1.4541
2001-09-04,1.4541,1.4549,1.4412,1.4447
2001-09-05,1.4447,1.4589,1.4408,1.4572
2001-09-06,1.4572,1.4582,1.4463,1.457
2001-09-07,1.457,1.4634,1.4501,1.4612
2001-09-10,1.4612,1.468,1.4568,1.457
2001-09-11,1.457,1.4772,1.4534,1.4765
2001-09-12,1.4765,1.4779,1.4624,1.4677
2001-09-13,1.4677,1.4733,1.4654,1.4716
2001-09-14,1.4716,1.4788999999999999,1.4663,1.4721
2001-09-17,1.4721,1.4781,1.4626,1.4656
2001-09-18,1.4656,1.4714,1.4601,1.4679
2001-09-19,1.4679,1.4725,1.4622,1.4684
2001-09-20,1.4684,1.4693,1.4629,1.4661
2001-09-21,1.4661,1.4664,1.4517,1.4557
2001-09-24,1.4557,1.4664,1.4533,1.4638
2001-09-25,1.4638,1.4718,1.4604,1.4701
2001-09-26,1.4701,1.4768999999999999,1.4701,1.4759
2001-09-27,1.4759,1.4768,1.4713,1.4744
2001-09-28,1.4744,1.4749,1.4658,1.4719
2001-10-01,1.4719,1.4814,1.4703,1.4793
2001-10-02,1.4793,1.481,1.4622,1.4692
2001-10-03,1.4692,1.4793,1.4667999999999999,1.4777
2001-10-04,1.4777,1.4788999999999999,1.4701,1.4758
2001-10-05,1.4758,1.4844,1.4744,1.483
2001-10-08,1.483,1.4835,1.4713,1.4747999999999999
2001-10-09,1.4747999999999999,1.4747999999999999,1.4558,1.4582
2001-10-10,1.4582,1.4602,1.4487,1.4515
2001-10-11,1.4515,1.4528,1.4404,1.4448
2001-10-12,1.4448,1.4539,1.4445,1.4513
2001-10-15,1.4513,1.4542,1.4467,1.4488
2001-10-16,1.4488,1.4505,1.4428,1.4489
2001-10-17,1.4489,1.4522,1.444,1.4465999999999999
2001-10-18,1.4465999999999999,1.4501,1.4419,1.4442
2001-10-19,1.4442,1.4443,1.4324,1.4346
2001-10-22,1.4346,1.4353,1.4211,1.4254
2001-10-23,1.4254,1.4267,1.4198,1.4258
2001-10-24,1.4258,1.4304999999999999,1.4223999999999999,1.4287
2001-10-25,1.4287,1.433,1.4233,1.427
2001-10-26,1.427,1.4377,1.4246,1.4366
2001-10-29,1.4366,1.4562,1.4344999999999999,1.4558
2001-10-30,1.4558,1.4598,1.4505,1.4516
2001-10-31,1.4516,1.4571,1.4504,1.4546999999999999
2001-11-01,1.4546999999999999,1.4681,1.4526999999999999,1.4636
2001-11-02,1.4636,1.4663,1.4594,1.4619
2001-11-05,1.4619,1.4627999999999999,1.4514,1.4586999999999999
2001-11-06,1.4586999999999999,1.4613,1.4563,1.4575
2001-11-07,1.4575,1.4673,1.4569,1.4634
2001-11-08,1.4634,1.4662,1.4526,1.4543
2001-11-09,1.4543,1.4593,1.4479,1.4564
2001-11-12,1.4564,1.462,1.4515,1.4537
2001-11-13,1.4537,1.4555,1.4401,1.4412
2001-11-14,1.4412,1.4461,1.4353,1.4416
2001-11-15,1.4416,1.4428,1.4307,1.4321
2001-11-16,1.4321,1.4364999999999999,1.4251,1.4284
2001-11-19,1.4284,1.4284,1.4089,1.413
2001-11-20,1.413,1.4219,1.4122,1.4198
2001-11-21,1.4198,1.4211,1.4124,1.4167
2001-11-22,1.4167,1.4181,1.4106,1.4108
2001-11-23,1.4108,1.4167,1.4045,1.4105
2001-11-26,1.4105,1.4206,1.4102,1.4122
2001-11-27,1.4122,1.4168,1.4066,1.415
2001-11-28,1.415,1.4286,1.415,1.4264999999999999
2001-11-29,1.4264999999999999,1.4297,1.4222,1.4239
2001-11-30,1.4239,1.425,1.4238,1.4248
2001-12-03,1.423,1.4261,1.4188,1.4247
2001-12-04,1.4247,1.4256,1.42,1.4228
2001-12-05,1.4228,1.4243,1.4139,1.4163
2001-12-06,1.4163,1.4295,1.4148,1.4284999999999999
2001-12-07,1.4284999999999999,1.4335,1.4238,1.4332
2001-12-10,1.4322,1.4356,1.4273,1.4353
2001-12-11,1.4353,1.4398,1.431,1.4392
2001-12-12,1.4392,1.4478,1.4381,1.4465999999999999
2001-12-13,1.4465999999999999,1.4493,1.4395,1.4405999999999999
2001-12-14,1.4405999999999999,1.4568,1.4396,1.4526
2001-12-17,1.453,1.4609,1.4524,1.459
2001-12-18,1.459,1.4606,1.4535,1.4568
2001-12-19,1.4568,1.4575,1.4464,1.451
2001-12-20,1.451,1.4511,1.4423,1.4488
2001-12-21,1.4488,1.4534,1.4344999999999999,1.4385
2001-12-24,1.4385,1.4432,1.432,1.4404
2001-12-26,1.4404,1.455,1.4392,1.4531
2001-12-27,1.4531,1.4552,1.4443,1.4509
2001-12-28,1.4509,1.4518,1.4441,1.45
2001-12-31,1.45,1.4557,1.4476,1.4546
2002-01-02,1.4546,1.4555,1.4422,1.4474
2002-01-03,1.4474,1.4484,1.4362,1.4384
2002-01-04,1.4384,1.4465999999999999,1.4374,1.4459
2002-01-07,1.4459,1.448,1.434,1.4407
2002-01-08,1.4407,1.4439,1.4374,1.4391
2002-01-09,1.4391,1.4431,1.4338,1.4374
2002-01-10,1.4374,1.4463,1.4368,1.4391
2002-01-11,1.4391,1.4479,1.4372,1.4474
2002-01-14,1.4474,1.4519,1.4465,1.4496
2002-01-15,1.4496,1.45,1.4393,1.4402
2002-01-16,1.4402,1.4418,1.4344999999999999,1.4369
2002-01-17,1.4369,1.4393,1.4302,1.436
2002-01-18,1.436,1.4393,1.4321,1.4378
2002-01-21,1.4378,1.4418,1.4342,1.4357
2002-01-22,1.4357,1.436,1.4264,1.4292
2002-01-23,1.4292,1.4346,1.4218,1.4242
2002-01-24,1.4242,1.4268,1.4198,1.4263
2002-01-25,1.4263,1.4266,1.4062,1.4095
2002-01-28,1.4095,1.4118,1.4042999999999999,1.4098
2002-01-29,1.4098,1.4146,1.4042,1.4134
2002-01-30,1.4134,1.4181,1.4101,1.4148
2002-01-31,1.4148,1.4157,1.4084,1.4108
2002-02-01,1.4108,1.4169,1.4056,1.4152
2002-02-04,1.4152,1.4236,1.4132,1.4235
2002-02-05,1.4235,1.4247,1.4128,1.4152
2002-02-06,1.4152,1.4162,1.4107,1.4121
2002-02-07,1.4121,1.4148,1.4067,1.413
2002-02-08,1.413,1.4188,1.4106,1.4141
2002-02-11,1.4141,1.4248,1.4131,1.4218
2002-02-12,1.4218,1.4349,1.4217,1.433
2002-02-13,1.433,1.4359,1.4274,1.4283
2002-02-14,1.4283,1.4313,1.4251,1.4307
2002-02-15,1.4307,1.4336,1.4266,1.4316
2002-02-18,1.4311,1.4339,1.4275,1.4282
2002-02-19,1.4282,1.4334,1.4221,1.4318
2002-02-20,1.4318,1.4333,1.4259,1.4271
2002-02-21,1.4271,1.4286,1.4234,1.4257
2002-02-22,1.4257,1.4344,1.4242,1.4324999999999999
2002-02-25,1.4318,1.4324999999999999,1.4238,1.4248
2002-02-26,1.4248,1.4279,1.414,1.4174
2002-02-27,1.4174,1.4211,1.4146,1.4191
2002-02-28,1.4191,1.4203,1.4109,1.4168
2002-03-01,1.4168,1.4236,1.4154,1.418
2002-03-04,1.4183,1.4247,1.4157,1.423
2002-03-05,1.423,1.4253,1.4173,1.4243999999999999
2002-03-06,1.4243999999999999,1.4257,1.4201,1.4223
2002-03-07,1.4223,1.431,1.4181,1.4275
2002-03-08,1.4275,1.428,1.418,1.4225
2002-03-11,1.4212,1.4226,1.4182,1.4201
2002-03-12,1.4201,1.4203,1.4089,1.4151
2002-03-13,1.4151,1.4175,1.409,1.4155
2002-03-14,1.4155,1.4225,1.4139,1.4203999999999999
2002-03-15,1.4203999999999999,1.427,1.4197,1.4238
2002-03-18,1.4235,1.4272,1.4205,1.427
2002-03-19,1.427,1.4299,1.42,1.4246
2002-03-20,1.4246,1.4292,1.4194,1.4289
2002-03-21,1.4289,1.4324999999999999,1.4235,1.4258
2002-03-22,1.4258,1.4283,1.4233,1.4253
2002-03-25,1.4248,1.428,1.4226,1.4263
2002-03-26,1.4263,1.4284999999999999,1.4223999999999999,1.4257
2002-03-27,1.4257,1.4274,1.4213,1.4243999999999999
2002-03-28,1.4243999999999999,1.4266,1.4221,1.4251
2002-03-29,1.4251,1.4264999999999999,1.4231,1.4254
2002-04-01,1.4253,1.4429,1.4248,1.4397
2002-04-02,1.4397,1.4419,1.4351,1.4358
2002-04-03,1.4358,1.4385,1.4335,1.4356
2002-04-04,1.4356,1.4398,1.433,1.4335
2002-04-05,1.4335,1.438,1.4319,1.4332
2002-04-08,1.4315,1.4357,1.4286,1.4308
2002-04-09,1.4308,1.4369,1.4299,1.4364999999999999
2002-04-10,1.4364999999999999,1.4389,1.4354,1.4359
2002-04-11,1.4359,1.4402,1.4334,1.4384
2002-04-12,1.4384,1.4385,1.435,1.4371
2002-04-15,1.436,1.4385999999999999,1.4344,1.4378
2002-04-16,1.4378,1.4408,1.4356,1.4403
2002-04-17,1.4403,1.4465,1.4385999999999999,1.4456
2002-04-18,1.4456,1.4489,1.4439,1.4476
2002-04-19,1.4476,1.4497,1.4455,1.447
2002-04-22,1.4464,1.4509,1.4456,1.4506999999999999
2002-04-23,1.4506999999999999,1.4513,1.4462,1.4474
2002-04-24,1.4474,1.4505,1.4454,1.4495
2002-04-25,1.4495,1.4558,1.449,1.4557
2002-04-26,1.4557,1.4584,1.4506999999999999,1.4584
2002-04-29,1.4583,1.4633,1.4561,1.4592
2002-04-30,1.4592,1.4593,1.4555,1.4579
2002-05-01,1.4579,1.4653,1.4546999999999999,1.4643
2002-05-02,1.4643,1.4676,1.4609,1.4629
2002-05-03,1.4629,1.4701,1.4602,1.4693
2002-05-06,1.4683,1.4696,1.4662,1.4687
2002-05-07,1.4687,1.4692,1.4631,1.4679
2002-05-08,1.4679,1.4679,1.4532,1.4559
2002-05-09,1.4559,1.4618,1.4552,1.4597
2002-05-10,1.4597,1.4655,1.4583,1.4633
2002-05-13,1.4633,1.4647,1.4557,1.4564
2002-05-14,1.4564,1.4579,1.4468,1.45
2002-05-15,1.45,1.4608,1.4475,1.4606
2002-05-16,1.4606,1.4614,1.4541,1.4563
2002-05-17,1.4563,1.4626,1.4546,1.4582
2002-05-20,1.4584,1.4629,1.457,1.4582
2002-05-21,1.4582,1.461,1.4533,1.4594
2002-05-22,1.4594,1.4631,1.4566,1.4586
2002-05-23,1.4586,1.4617,1.4505,1.4549
2002-05-24,1.4549,1.4593,1.4509,1.4572
2002-05-27,1.4572,1.4585,1.454,1.4572
2002-05-28,1.4572,1.4635,1.4554,1.4588
2002-05-29,1.4588,1.4629,1.4571,1.4619
2002-05-30,1.4619,1.4684,1.4614,1.4651
2002-05-31,1.4651,1.4676,1.4538,1.4564
2002-06-03,1.4564,1.4639,1.4546999999999999,1.4632
2002-06-04,1.4632,1.4663,1.4586,1.4586
2002-06-05,1.4586,1.4604,1.4533,1.4597
2002-06-06,1.4597,1.4609,1.4535,1.4606999999999999
2002-06-07,1.4606999999999999,1.4629,1.4579,1.46
2002-06-10,1.4602,1.463,1.455,1.4606999999999999
2002-06-11,1.4606999999999999,1.4729,1.4595,1.4716
2002-06-12,1.4716,1.4754,1.4679,1.4711
2002-06-13,1.4711,1.4739,1.4684,1.4723
2002-06-14,1.4723,1.4797,1.4699,1.4775
2002-06-17,1.4775,1.4797,1.475,1.4794
2002-06-18,1.4794,1.4931,1.4782,1.4909999999999999
2002-06-19,1.4909999999999999,1.4948,1.4875,1.4909999999999999
2002-06-20,1.4909999999999999,1.5008,1.4886,1.4984
2002-06-21,1.4984,1.5017,1.4949999999999999,1.4958
2002-06-24,1.4958,1.5082,1.4948,1.5009
2002-06-25,1.5009,1.5087,1.4978,1.5086
2002-06-26,1.5086,1.5315,1.508,1.5254
2002-06-27,1.5254,1.53,1.5171999999999999,1.5291
2002-06-28,1.5291,1.5379,1.5213,1.5331
2002-07-01,1.5331,1.5346,1.5275,1.5329
2002-07-02,1.5329,1.5361,1.523,1.536
2002-07-03,1.536,1.536,1.5222,1.5275
2002-07-04,1.5275,1.5277,1.523,1.527
2002-07-05,1.527,1.5276,1.515,1.5226
2002-07-08,1.5226,1.5448,1.5215,1.5447
2002-07-09,1.5447,1.5492,1.54,1.5485
2002-07-10,1.5485,1.5527,1.5446,1.5475
2002-07-11,1.5475,1.5579,1.5417,1.5546
2002-07-12,1.5546,1.5546,1.5468,1.5522
2002-07-15,1.5522,1.5735,1.5506,1.5694
2002-07-16,1.5694,1.5782,1.5685,1.5755
2002-07-17,1.5755,1.5775,1.5619,1.5708
2002-07-18,1.5708,1.5734,1.5619,1.5733
2002-07-19,1.5733,1.5855,1.5722,1.5798
2002-07-22,1.5798,1.5818,1.5715,1.5793
2002-07-23,1.5793,1.5801,1.5557,1.5628
2002-07-24,1.5628,1.5778,1.5586,1.5721
2002-07-25,1.5721,1.5848,1.5706,1.5838
2002-07-26,1.5838,1.5866,1.5614,1.5649
2002-07-29,1.5649,1.5684,1.5567,1.5628
2002-07-30,1.5628,1.5743,1.5605,1.5741
2002-07-31,1.5741,1.5741,1.5565,1.564
2002-08-01,1.564,1.5648,1.5472,1.5612
2002-08-02,1.5612,1.5728,1.56,1.5685
2002-08-05,1.5685,1.5707,1.5603,1.5604
2002-08-06,1.5604,1.5605,1.5341,1.5374
2002-08-07,1.5374,1.5422,1.5311,1.5395
2002-08-08,1.5395,1.5417,1.5249,1.5312
2002-08-09,1.5312,1.5367,1.5208,1.5239
2002-08-12,1.5239,1.5331,1.5227,1.5312999999999999
2002-08-13,1.5312999999999999,1.5372999999999999,1.525,1.537
2002-08-14,1.537,1.5469,1.5362,1.5365
2002-08-15,1.5365,1.5407,1.53,1.5357
2002-08-16,1.5357,1.5393999999999999,1.532,1.5387
2002-08-19,1.5387,1.5444,1.5248,1.527
2002-08-20,1.527,1.5303,1.5217,1.5288
2002-08-21,1.5288,1.5342,1.5205,1.5316
2002-08-22,1.5316,1.5321,1.5176,1.5214
2002-08-23,1.5214,1.523,1.5162,1.5204
2002-08-26,1.5204,1.5246,1.5183,1.5218
2002-08-27,1.5218,1.5354,1.5195,1.5342
2002-08-28,1.5342,1.5376,1.531,1.5346
2002-08-29,1.5346,1.5502,1.5319,1.5486
2002-08-30,1.5486,1.5545,1.5452,1.5501
2002-09-02,1.5501,1.5516,1.5463,1.5478
2002-09-03,1.5478,1.5649,1.5478,1.5645
2002-09-04,1.5645,1.5671,1.5616,1.5646
2002-09-05,1.5646,1.5729,1.5628,1.5647
2002-09-06,1.5647,1.5705,1.5564,1.5586
2002-09-09,1.5586,1.5617,1.5564,1.5565
2002-09-10,1.5565,1.5614999999999999,1.5511,1.5554
2002-09-11,1.5554,1.5579,1.5473999999999999,1.5534999999999999
2002-09-12,1.5534999999999999,1.5614,1.5312999999999999,1.5613
2002-09-13,1.5613,1.5653,1.55,1.5521
2002-09-16,1.5521,1.5524,1.5401,1.5408
2002-09-17,1.5408,1.5421,1.5284,1.5416
2002-09-18,1.5416,1.5529,1.5355,1.5498
2002-09-19,1.5498,1.5593,1.5484,1.5559
2002-09-20,1.5559,1.5589,1.5452,1.5539
2002-09-23,1.5539,1.5613,1.5483,1.5509
2002-09-24,1.5509,1.5603,1.5481,1.5587
2002-09-25,1.5587,1.5668,1.5565,1.5569
2002-09-26,1.5569,1.5617,1.5541,1.5576
2002-09-27,1.5576,1.5612,1.5518,1.5602
2002-09-30,1.5602,1.5741,1.5602,1.5689
2002-10-01,1.5689,1.5763,1.5651,1.5654
2002-10-02,1.5654,1.5697,1.5607,1.5695
2002-10-03,1.5695,1.5731,1.567,1.5705
2002-10-04,1.5705,1.5712,1.564,1.5646
2002-10-07,1.5646,1.5673,1.5625,1.5667
2002-10-08,1.5667,1.5689,1.5523,1.5533
2002-10-09,1.5533,1.5658,1.5505,1.5641
2002-10-10,1.5641,1.5684,1.561,1.5639
2002-10-11,1.5639,1.5653,1.5579,1.5621
2002-10-14,1.5621,1.563,1.5562,1.5574999999999999
2002-10-15,1.5574999999999999,1.5577,1.5484,1.5522
2002-10-16,1.5522,1.5559,1.5493999999999999,1.5539
2002-10-17,1.5539,1.5579,1.5491,1.5501
2002-10-18,1.5501,1.5517,1.5431,1.5468
2002-10-21,1.5468,1.551,1.5411,1.5418
2002-10-22,1.5418,1.5493999999999999,1.5413,1.5457
2002-10-23,1.5457,1.5506,1.5425,1.5485
2002-10-24,1.5485,1.5548,1.5447,1.554
2002-10-25,1.554,1.5566,1.5504,1.5512
2002-10-28,1.5512,1.5619,1.5451,1.5594999999999999
2002-10-29,1.5594999999999999,1.5606,1.5545,1.5578
2002-10-30,1.5578,1.5585,1.555,1.5576
2002-10-31,1.5576,1.5654,1.5558,1.5641
2002-11-01,1.5641,1.566,1.563,1.5635
2002-11-04,1.5635,1.5648,1.5524,1.5574999999999999
2002-11-05,1.5574999999999999,1.567,1.5554999999999999,1.5626
2002-11-06,1.5626,1.566,1.5561,1.5635999999999999
2002-11-07,1.5635999999999999,1.5813,1.5625,1.5796
2002-11-08,1.5796,1.5931,1.5783,1.5906
2002-11-11,1.5906,1.5966,1.5858,1.5872
2002-11-12,1.5872,1.5922,1.5835,1.5897999999999999
2002-11-13,1.5897999999999999,1.59,1.5842,1.586
2002-11-14,1.586,1.5893,1.5782,1.5787
2002-11-15,1.5787,1.5816,1.5731,1.5804
2002-11-18,1.5804,1.5827,1.5776,1.5813
2002-11-19,1.5813,1.5913,1.5772,1.5806
2002-11-20,1.5806,1.5806,1.5704,1.5725
2002-11-21,1.5725,1.5819,1.5709,1.5809
2002-11-22,1.5809,1.5847,1.5774,1.5799
2002-11-25,1.5799,1.5801,1.5627,1.5648
2002-11-26,1.5648,1.5662,1.5455,1.5517
2002-11-27,1.5517,1.5537,1.5412,1.5468
2002-11-28,1.5468,1.5536,1.5453,1.5529
2002-11-29,1.5529,1.5577,1.5471,1.5567
2002-12-02,1.5567,1.5591,1.5451,1.5583
2002-12-03,1.5583,1.5719,1.5553,1.5701
2002-12-04,1.5701,1.5759,1.5675,1.57
2002-12-05,1.57,1.574,1.566,1.5706
2002-12-06,1.5706,1.5796,1.568,1.5756
2002-12-09,1.5756,1.5798,1.5747,1.5795
2002-12-10,1.5795,1.5836,1.5672,1.5715999999999999
2002-12-11,1.5715999999999999,1.5779,1.5686,1.5771
2002-12-12,1.5771,1.5823,1.5725,1.5816999999999999
2002-12-13,1.5816999999999999,1.5907,1.5774,1.5893
2002-12-16,1.5893,1.5936,1.5863,1.5911
2002-12-17,1.5911,1.6017,1.5895,1.5991
2002-12-18,1.5991,1.6041,1.5953,1.6037
2002-12-19,1.6037,1.606,1.5981,1.6037
2002-12-20,1.6037,1.6049,1.6005,1.6024
2002-12-23,1.6024,1.6058999999999999,1.5865,1.5936
2002-12-24,1.5936,1.5967,1.5901,1.5955
2002-12-26,1.5955,1.6007,1.5946,1.5999
2002-12-27,1.5999,1.604,1.5987,1.6037
2002-12-30,1.6037,1.6057,1.6012,1.6029
2002-12-31,1.6029,1.6132,1.6006,1.6101
2003-01-02,1.6101,1.6101,1.5917999999999999,1.5941
2003-01-03,1.5941,1.6104,1.5906,1.6091
2003-01-06,1.6091,1.6159999999999999,1.6061,1.6086
2003-01-07,1.6086,1.6087,1.6016,1.6041
2003-01-08,1.6041,1.6151,1.5964,1.6128
2003-01-09,1.6128,1.6162,1.6026,1.6072
2003-01-10,1.6072,1.6146,1.604,1.6081
2003-01-13,1.6081,1.6096,1.599,1.6002
2003-01-14,1.6002,1.6115,1.5984,1.6049
2003-01-15,1.6049,1.607,1.5957,1.6052
2003-01-16,1.6052,1.6149,1.6018,1.611
2003-01-17,1.611,1.6195,1.6082,1.6128
2003-01-20,1.6128,1.6134,1.6035,1.6078
2003-01-21,1.6078,1.6179,1.6015,1.6175
2003-01-22,1.6175,1.6207,1.6087,1.6201
2003-01-23,1.6201,1.6239,1.615,1.6219999999999999
2003-01-24,1.6219999999999999,1.6355,1.6206,1.6335
2003-01-27,1.6335,1.6408,1.6283,1.6365
2003-01-28,1.6365,1.6405,1.6304,1.6377
2003-01-29,1.6377,1.6496,1.6377,1.6478
2003-01-30,1.6478,1.6561,1.6395,1.655
2003-01-31,1.655,1.6571,1.6424,1.6468
2003-02-03,1.6468,1.6481,1.6359,1.6441
2003-02-04,1.6441,1.6496,1.642,1.6486
2003-02-05,1.6486,1.6534,1.6385,1.6401
2003-02-06,1.6401,1.6475,1.634,1.6371
2003-02-07,1.6371,1.6383,1.6233,1.6311
2003-02-10,1.6311,1.6352,1.6254,1.6256
2003-02-11,1.6256,1.6266,1.6139999999999999,1.6189
2003-02-12,1.6189,1.6219999999999999,1.6127,1.6157
2003-02-13,1.6157,1.6241,1.6148,1.6195
2003-02-14,1.6195,1.6228,1.6098999999999999,1.6141
2003-02-17,1.6141,1.615,1.5952,1.5952
2003-02-18,1.5952,1.6036,1.5897999999999999,1.5907
2003-02-19,1.5907,1.5977999999999999,1.5893,1.5971
2003-02-20,1.5971,1.6018,1.591,1.5934
2003-02-21,1.5934,1.5977999999999999,1.5769,1.5791
2003-02-24,1.5791,1.5879,1.5739,1.5874
2003-02-25,1.5874,1.5892,1.5704,1.5735999999999999
2003-02-26,1.5735999999999999,1.5846,1.5715999999999999,1.5839
2003-02-27,1.5839,1.5872,1.5758,1.578
2003-02-28,1.578,1.5836,1.5727,1.5737
2003-03-03,1.5737,1.5809,1.5737,1.579
2003-03-04,1.579,1.5855,1.578,1.5811
2003-03-05,1.5811,1.6044,1.5811,1.6015
2003-03-06,1.6015,1.6064,1.5985,1.6038999999999999
2003-03-07,1.6038999999999999,1.6086,1.5959,1.6024
2003-03-10,1.6024,1.6036,1.5928,1.6013
2003-03-11,1.6013,1.6077,1.5977,1.6075
2003-03-12,1.6075,1.6156,1.6045,1.6124
2003-03-13,1.6124,1.6128,1.5983,1.6003
2003-03-14,1.6003,1.6025,1.5789,1.583
2003-03-17,1.583,1.5897999999999999,1.5664,1.5694
2003-03-18,1.5694,1.5706,1.56,1.5651
2003-03-19,1.5651,1.5675999999999999,1.5536,1.5634
2003-03-20,1.5634,1.5697,1.5621,1.5663
2003-03-21,1.5663,1.5694,1.5588,1.5627
2003-03-24,1.5627,1.5772,1.5627,1.5745
2003-03-25,1.5745,1.5794,1.5683,1.5726
2003-03-26,1.5726,1.5762,1.5701,1.5743
2003-03-27,1.5743,1.5787,1.5628,1.5653
2003-03-28,1.5653,1.5781,1.5609,1.5745
2003-03-31,1.5745,1.5836999999999999,1.5727,1.5816999999999999
2003-04-01,1.5816999999999999,1.5833,1.5714,1.5779
2003-04-02,1.5779,1.5816999999999999,1.5642,1.5675
2003-04-03,1.5675,1.5737,1.5591,1.5725
2003-04-04,1.5725,1.5731,1.5588,1.5607
2003-04-07,1.5607,1.5607,1.5459,1.5545
2003-04-08,1.5545,1.5561,1.5488,1.5539
2003-04-09,1.5539,1.5643,1.55,1.563
2003-04-10,1.563,1.574,1.5622,1.5726
2003-04-11,1.5726,1.5735,1.5659,1.5715999999999999
2003-04-14,1.5715999999999999,1.5767,1.5681,1.5738
2003-04-15,1.5738,1.5742,1.567,1.5701
2003-04-16,1.5701,1.5807,1.5687,1.5802
2003-04-17,1.5802,1.5844,1.5695999999999999,1.5703
2003-04-18,1.5703,1.5756999999999999,1.5702,1.571
2003-04-21,1.571,1.5751,1.5584,1.5632
2003-04-22,1.5632,1.5803,1.5594,1.5774
2003-04-23,1.5774,1.5882,1.5713,1.5876
2003-04-24,1.5876,1.5979,1.5832,1.5931
2003-04-25,1.5931,1.5957,1.5864,1.591
2003-04-28,1.591,1.5984,1.5871,1.5881
2003-04-29,1.5881,1.5949,1.5859,1.5942
2003-04-30,1.5942,1.6034,1.5911,1.598
2003-05-01,1.598,1.6135,1.5974,1.6111
2003-05-02,1.6111,1.6118,1.6008,1.6045
2003-05-05,1.6045,1.6074,1.6017,1.6061
2003-05-06,1.6061,1.6188,1.605,1.6145
2003-05-07,1.6145,1.6159,1.5901,1.597
2003-05-08,1.597,1.6078999999999999,1.592,1.602
2003-05-09,1.602,1.6092,1.6002,1.6042
2003-05-12,1.6042,1.6146,1.604,1.61
2003-05-13,1.61,1.6116,1.6042,1.6091
2003-05-14,1.6091,1.6214,1.6061,1.6177
2003-05-15,1.6177,1.6278,1.6124,1.6218
2003-05-16,1.6218,1.6295,1.6179999999999999,1.6227
2003-05-19,1.6227,1.6381,1.6221,1.6331
2003-05-20,1.6331,1.6434,1.6304,1.6413
2003-05-21,1.6413,1.6461999999999999,1.6351,1.6360999999999999
2003-05-22,1.6360999999999999,1.6395,1.6315,1.6345
2003-05-23,1.6345,1.6449,1.6309,1.6362
2003-05-26,1.6362,1.6429,1.6316,1.6374
2003-05-27,1.6374,1.6472,1.6371,1.6381999999999999
2003-05-28,1.6381999999999999,1.6437,1.6309,1.6403
2003-05-29,1.6403,1.6546,1.6316,1.6542999999999999
2003-05-30,1.6542999999999999,1.6545,1.635,1.6355
2003-06-02,1.6355,1.6398,1.6251,1.6376
2003-06-03,1.6376,1.6425,1.6235,1.6284
2003-06-04,1.6284,1.6345,1.6272,1.6298
2003-06-05,1.6298,1.6622,1.6285,1.6599
2003-06-06,1.6599,1.6709,1.6541,1.6619
2003-06-09,1.6619,1.6653,1.6428,1.6452
2003-06-10,1.6452,1.6574,1.6418,1.6518
2003-06-11,1.6518,1.67,1.6497,1.6666
2003-06-12,1.6666,1.679,1.6655,1.6691
2003-06-13,1.6691,1.6751,1.6631,1.6723999999999999
2003-06-16,1.6723999999999999,1.6882,1.6702,1.6766
2003-06-17,1.6766,1.6905,1.6764,1.6841
2003-06-18,1.6841,1.6864,1.6749,1.6784999999999999
2003-06-19,1.6784999999999999,1.6804999999999999,1.6689,1.6793
2003-06-20,1.6793,1.6821,1.6582999999999999,1.6611
2003-06-23,1.6611,1.6696,1.6554,1.6681
2003-06-24,1.6681,1.6706,1.6591,1.6635
2003-06-25,1.6635,1.6796,1.6601,1.6738
2003-06-26,1.6738,1.6741,1.6591,1.6607
2003-06-27,1.6607,1.6633,1.6454,1.6487
2003-06-30,1.6487,1.6572,1.6455,1.6549
2003-07-01,1.6549,1.6651,1.6514,1.6626
2003-07-02,1.6626,1.6672,1.6601,1.6646
2003-07-03,1.6646,1.6743,1.6602,1.6683999999999999
2003-07-04,1.6683999999999999,1.6715,1.6646,1.6657
2003-07-07,1.6657,1.6675,1.6472,1.6493
2003-07-08,1.6493,1.6496,1.6317,1.6352
2003-07-09,1.6352,1.6381,1.6274,1.6381
2003-07-10,1.6381,1.6389,1.6216,1.6344
2003-07-11,1.6344,1.6381999999999999,1.6296,1.6300999999999999
2003-07-14,1.6300999999999999,1.6317,1.6122,1.6139
2003-07-15,1.6139,1.6147,1.5901,1.5917999999999999
2003-07-16,1.5917999999999999,1.5972,1.5852,1.5971
2003-07-17,1.5971,1.5994,1.5843,1.5957999999999999
2003-07-18,1.5957999999999999,1.5982,1.5823,1.5896
2003-07-21,1.5896,1.6021,1.5721,1.6008
2003-07-22,1.6008,1.6049,1.5947,1.5961
2003-07-23,1.5961,1.6101,1.5926,1.6071
2003-07-24,1.6071,1.6174,1.6058999999999999,1.6163
2003-07-25,1.6163,1.6235,1.6107,1.6202
2003-07-28,1.6202,1.6289,1.6174,1.6251
2003-07-29,1.6251,1.631,1.6212,1.6235
2003-07-30,1.6235,1.6255,1.6148,1.6159999999999999
2003-07-31,1.6159999999999999,1.6173,1.605,1.6106
2003-08-01,1.6106,1.6126,1.6003,1.6082
2003-08-04,1.6082,1.6151,1.6061,1.6114
2003-08-05,1.6114,1.6162,1.6021,1.6156
2003-08-06,1.6156,1.6186,1.6034,1.6098
2003-08-07,1.6098,1.6187,1.6053,1.6179999999999999
2003-08-08,1.6179999999999999,1.6188,1.6007,1.6026
2003-08-11,1.6026,1.6103,1.5983,1.6084
2003-08-12,1.6084,1.6095,1.5993,1.6023
2003-08-13,1.6023,1.6096,1.5964,1.6078999999999999
2003-08-14,1.6078999999999999,1.6138,1.5982,1.6014
2003-08-15,1.6014,1.6035,1.5923,1.5954
2003-08-18,1.5954,1.5985,1.5874,1.5906
2003-08-19,1.5906,1.5913,1.581,1.5873
2003-08-20,1.5873,1.5967,1.5854,1.594
2003-08-21,1.594,1.594,1.5746,1.5786
2003-08-22,1.5786,1.5796,1.5701,1.5752
2003-08-25,1.5752,1.5792,1.5683,1.571
2003-08-26,1.571,1.5745,1.5616,1.5682
2003-08-27,1.5682,1.5756,1.5667,1.5718
2003-08-28,1.5718,1.5786,1.565,1.5778
2003-08-29,1.5778,1.5827,1.5724,1.5759
2003-09-01,1.5759,1.5812,1.568,1.5707
2003-09-02,1.5707,1.5748,1.5616,1.5672
2003-09-03,1.5672,1.5764,1.5609,1.5709
2003-09-04,1.5709,1.5825,1.5665,1.5822
2003-09-05,1.5822,1.591,1.5776999999999999,1.5897999999999999
2003-09-08,1.5897999999999999,1.5904,1.5821,1.5827
2003-09-09,1.5827,1.5929,1.5781,1.5904
2003-09-10,1.5904,1.5945,1.5876,1.5919
2003-09-11,1.5919,1.5976,1.5897,1.5952
2003-09-12,1.5952,1.607,1.5908,1.6029
2003-09-15,1.6029,1.6075,1.6,1.601
2003-09-16,1.601,1.6054,1.5848,1.5872
2003-09-17,1.5872,1.6102,1.5859,1.6092
2003-09-18,1.6092,1.6215,1.6064,1.6172
2003-09-19,1.6172,1.6377,1.6139,1.6362
2003-09-22,1.6362,1.6549,1.6362,1.6495
2003-09-23,1.6495,1.6589,1.6456,1.6509
2003-09-24,1.6509,1.6601,1.6471,1.6592
2003-09-25,1.6592,1.6631,1.6524,1.6589
2003-09-26,1.6589,1.6627,1.6556,1.6582999999999999
2003-09-29,1.6582999999999999,1.6672,1.645,1.6667
2003-09-30,1.6667,1.676,1.6581,1.6617
2003-10-01,1.6617,1.6695,1.6533,1.6683999999999999
2003-10-02,1.6683999999999999,1.675,1.6637,1.6703999999999999
2003-10-03,1.6703999999999999,1.6739,1.6579,1.6612
2003-10-06,1.6612,1.6759,1.6581,1.669
2003-10-07,1.669,1.6778,1.661,1.6621
2003-10-08,1.6621,1.6671,1.6587,1.6624
2003-10-09,1.6624,1.6693,1.6562,1.6655
2003-10-10,1.6655,1.6723,1.6602999999999999,1.6632
2003-10-13,1.6632,1.6683999999999999,1.6535,1.6663
2003-10-14,1.6663,1.6766,1.6537,1.6714
2003-10-15,1.6714,1.6764,1.6638,1.6671
2003-10-16,1.6671,1.6816,1.6657,1.6727
2003-10-17,1.6727,1.6779,1.6675,1.6774
2003-10-20,1.6774,1.6813,1.6698,1.6707
2003-10-21,1.6707,1.6775,1.6685,1.6748
2003-10-22,1.6748,1.6942,1.6731,1.6912
2003-10-23,1.6912,1.6968,1.6891,1.6949
2003-10-24,1.6949,1.6996,1.693,1.6956
2003-10-27,1.6956,1.6976,1.6907,1.6943
2003-10-28,1.6943,1.6999,1.6872,1.6965999999999999
2003-10-29,1.6965999999999999,1.7076,1.6958,1.6976
2003-10-30,1.6976,1.7072,1.6947,1.6952
2003-10-31,1.6952,1.6995,1.6905,1.6942
2003-11-03,1.6942,1.6977,1.6754,1.6755
2003-11-04,1.6755,1.6846,1.6671,1.6803
2003-11-05,1.6803,1.6871,1.6699,1.674
2003-11-06,1.674,1.6781,1.6643,1.6678
2003-11-07,1.6678,1.6743999999999999,1.6566,1.6741
2003-11-10,1.6741,1.6755,1.6699,1.6705
2003-11-11,1.6705,1.671,1.6634,1.665
2003-11-12,1.665,1.6784999999999999,1.6642,1.6737
2003-11-13,1.6737,1.6885999999999999,1.6737,1.6871
2003-11-14,1.6871,1.6908,1.6822,1.6871
2003-11-17,1.6871,1.694,1.6862,1.6918
2003-11-18,1.6918,1.7058,1.6861,1.7041
2003-11-19,1.7041,1.7055,1.6945999999999999,1.6971
2003-11-20,1.6971,1.7089,1.6958,1.7044
2003-11-21,1.7044,1.7066999999999999,1.6992,1.7031
2003-11-24,1.7031,1.7058,1.6929,1.6965999999999999
2003-11-25,1.6965999999999999,1.7018,1.6936,1.6985999999999999
2003-11-26,1.6985999999999999,1.7127999999999999,1.6947,1.7123
2003-11-27,1.7123,1.7156,1.7089,1.7144
2003-11-28,1.7144,1.7244,1.7131,1.7214
2003-12-01,1.7214,1.7276,1.7178,1.72
2003-12-02,1.72,1.7308999999999999,1.7166,1.7297
2003-12-03,1.7297,1.7321,1.7246,1.7279
2003-12-04,1.7279,1.7288,1.7173,1.7219
2003-12-05,1.7219,1.7315,1.7192,1.7292
2003-12-08,1.7292,1.7362,1.7267,1.7332
2003-12-09,1.7332,1.7472,1.733,1.746
2003-12-10,1.746,1.7478,1.735,1.7429
2003-12-11,1.7429,1.7473,1.7373,1.7456
2003-12-12,1.7456,1.7512,1.7427,1.7464
2003-12-15,1.7464,1.7481,1.7354,1.7471
2003-12-16,1.7471,1.7557,1.7433,1.7550999999999999
2003-12-17,1.7550999999999999,1.7697,1.7494,1.7662
2003-12-18,1.7662,1.7741,1.7631999999999999,1.7736
2003-12-19,1.7736,1.7738,1.7615,1.766
2003-12-22,1.766,1.7671,1.7599,1.7628
2003-12-23,1.7628,1.7668,1.7621,1.7631999999999999
2003-12-24,1.7631999999999999,1.7759,1.763,1.7744
2003-12-26,1.7744,1.7763,1.7695,1.7707
2003-12-29,1.7707,1.7771,1.7701,1.7731
2003-12-30,1.7731,1.7812999999999999,1.7727,1.7772
2003-12-31,1.7772,1.7943,1.7766,1.7838
2004-01-02,1.7838,1.7948,1.7789,1.793
2004-01-05,1.793,1.8102,1.7908,1.8066
2004-01-06,1.8066,1.8278,1.8049,1.8214
2004-01-07,1.8214,1.8258,1.812,1.8178
2004-01-08,1.8178,1.8359,1.8105,1.8334
2004-01-09,1.8334,1.8488,1.8276999999999999,1.8485
2004-01-12,1.8485,1.8578,1.8449,1.8469
2004-01-13,1.8469,1.8536,1.8401,1.8472
2004-01-14,1.8472,1.8487,1.8311,1.8327
2004-01-15,1.8327,1.8346,1.8179,1.8223
2004-01-16,1.8223,1.8266,1.793,1.7961
2004-01-19,1.7961,1.8019,1.7823,1.7831
2004-01-20,1.7831,1.8217,1.7823,1.8205
2004-01-21,1.8205,1.8371,1.8147,1.8323
2004-01-22,1.8323,1.8479,1.831,1.8441
2004-01-23,1.8441,1.8523,1.817,1.8265
2004-01-26,1.8265,1.8307,1.8106,1.8146
2004-01-27,1.8146,1.829,1.8018,1.8276999999999999
2004-01-28,1.8276999999999999,1.838,1.8166,1.8184
2004-01-29,1.8184,1.8268,1.8085,1.8161
2004-01-30,1.8161,1.8261,1.8056,1.8247
2004-02-02,1.8247,1.8269,1.8135,1.8195
2004-02-03,1.8195,1.8423,1.8188,1.839
2004-02-04,1.839,1.84,1.8282,1.8315
2004-02-05,1.8315,1.8425,1.8303,1.8339
2004-02-06,1.8339,1.8516,1.8316999999999999,1.8466
2004-02-09,1.8466,1.8627,1.8397999999999999,1.8608
2004-02-10,1.8608,1.8734,1.858,1.8677
2004-02-11,1.8677,1.8921999999999999,1.8645,1.891
2004-02-12,1.891,1.8951,1.8877,1.8925
2004-02-13,1.8925,1.8986,1.8785,1.8851
2004-02-16,1.8851,1.8916,1.8809,1.8898
2004-02-17,1.8898,1.9084,1.8868,1.9046
2004-02-18,1.9046,1.9141,1.8839,1.8888
2004-02-19,1.8888,1.8979,1.8865,1.8944
2004-02-20,1.8944,1.8998,1.8562,1.8598
2004-02-23,1.8598,1.8705,1.8456,1.8675
2004-02-24,1.8675,1.8938,1.8624,1.8911
2004-02-25,1.8911,1.8945,1.8691,1.8706
2004-02-26,1.8706,1.8776,1.8548,1.8618999999999999
2004-02-27,1.8618999999999999,1.8689,1.8466,1.8671
2004-03-01,1.8677,1.8748,1.8643,1.8692
2004-03-02,1.8692,1.8705,1.8349,1.8392
2004-03-03,1.8392,1.8403,1.8155999999999999,1.83
2004-03-04,1.83,1.8374,1.8199,1.8234
2004-03-05,1.8234,1.8496,1.8175,1.8457999999999999
2004-03-08,1.8483,1.8545,1.842,1.8506
2004-03-09,1.8506,1.8587,1.822,1.8264
2004-03-10,1.8264,1.8281,1.7959,1.8026
2004-03-11,1.8026,1.8153,1.7921,1.8112
2004-03-12,1.8112,1.8139,1.7905,1.8025
2004-03-15,1.7965,1.8117,1.794,1.8052
2004-03-16,1.8052,1.8195,1.8001,1.8124
2004-03-17,1.8124,1.8181,1.8065,1.8164
2004-03-18,1.8164,1.8402,1.8155,1.8351
2004-03-19,1.8351,1.837,1.8254,1.831
2004-03-22,1.8332,1.8497,1.8263,1.8469
2004-03-23,1.8469,1.8538999999999999,1.8405,1.8503
2004-03-24,1.8503,1.8538999999999999,1.8225,1.8258
2004-03-25,1.8258,1.8261,1.7989,1.8069
2004-03-26,1.8069,1.8235,1.8003,1.8146
2004-03-29,1.8132,1.8226,1.8058,1.8191
2004-03-30,1.8191,1.8302,1.8184,1.8271
2004-03-31,1.8271,1.8461,1.8249,1.846
2004-04-01,1.846,1.8604,1.8381,1.857
2004-04-02,1.857,1.8575,1.8256999999999999,1.8303
2004-04-05,1.8294,1.8307,1.8107,1.8208
2004-04-06,1.8208,1.8446,1.8197,1.8437
2004-04-07,1.8437,1.8444,1.8336999999999999,1.8397999999999999
2004-04-08,1.8397999999999999,1.8467,1.8281,1.8341
2004-04-09,1.8341,1.8348,1.8296999999999999,1.8311
2004-04-12,1.8311,1.8406,1.8311,1.8392
2004-04-13,1.8392,1.8421,1.8128,1.8192
2004-04-14,1.8192,1.8195,1.785,1.791
2004-04-15,1.791,1.7995,1.776,1.7922
2004-04-16,1.7922,1.8058,1.7837,1.7968
2004-04-19,1.7979,1.8144,1.7969,1.8085
2004-04-20,1.8085,1.8086,1.785,1.7861
2004-04-21,1.7861,1.7862,1.7657,1.7747
2004-04-22,1.7747,1.7763,1.7625,1.7758
2004-04-23,1.7758,1.7815,1.7643,1.7726
2004-04-26,1.772,1.7896,1.7664,1.7869
2004-04-27,1.7869,1.7943,1.7818,1.792
2004-04-28,1.792,1.7972,1.7701,1.7705
2004-04-29,1.7705,1.7812,1.758,1.7734
2004-04-30,1.7734,1.7807,1.7661,1.7772999999999999
2004-05-03,1.7789,1.7796,1.7689,1.7726
2004-05-04,1.7726,1.7969,1.7702,1.7967
2004-05-05,1.7967,1.8017,1.7872999999999999,1.7931
2004-05-06,1.7931,1.7984,1.7875,1.796
2004-05-07,1.796,1.8057,1.7821,1.7863
2004-05-10,1.7852999999999999,1.7866,1.7704,1.7769
2004-05-11,1.7769,1.7775,1.7532,1.7562
2004-05-12,1.7562,1.7802,1.7556,1.7727
2004-05-13,1.7727,1.7746,1.7573,1.7621
2004-05-14,1.7621,1.7644,1.7481,1.7598
2004-05-17,1.7607,1.7744,1.757,1.7696
2004-05-18,1.7696,1.7714,1.7610999999999999,1.7677
2004-05-19,1.7677,1.7855,1.7629,1.7832
2004-05-20,1.7832,1.7849,1.7637,1.7772999999999999
2004-05-21,1.7772999999999999,1.7955,1.7731,1.7882
2004-05-24,1.7872999999999999,1.7937,1.7821,1.7895
2004-05-25,1.7895,1.8146,1.7887,1.8127
2004-05-26,1.8127,1.8201,1.8091,1.8139
2004-05-27,1.8139,1.8399,1.8101,1.8377999999999999
2004-05-28,1.8377999999999999,1.8422,1.8291,1.8333
2004-05-31,1.8349,1.8369,1.8299,1.8321
2004-06-01,1.8321,1.8413,1.8275,1.8394
2004-06-02,1.8394,1.8485,1.8305,1.8345
2004-06-03,1.8345,1.8431,1.8282,1.8402
2004-06-04,1.8402,1.8449,1.8318,1.8395
2004-06-07,1.8409,1.8477999999999999,1.8346,1.8414
2004-06-08,1.8414,1.8455,1.8325,1.8359
2004-06-09,1.8359,1.8417,1.825,1.83
2004-06-10,1.83,1.8443,1.8187,1.843
2004-06-11,1.843,1.8434,1.8159,1.8194
2004-06-14,1.8175,1.8189,1.8043,1.8113
2004-06-15,1.8113,1.833,1.8103,1.8325
2004-06-16,1.8325,1.8353,1.823,1.8274
2004-06-17,1.8274,1.8387,1.824,1.8344
2004-06-18,1.8344,1.8403,1.825,1.8391
2004-06-21,1.8384,1.8409,1.8276,1.8313
2004-06-22,1.8313,1.8346,1.8175,1.8204
2004-06-23,1.8204,1.8283,1.8139,1.8162
2004-06-24,1.8162,1.8288,1.8101,1.8247
2004-06-25,1.8247,1.8266,1.817,1.8254
2004-06-28,1.826,1.8339,1.8206,1.8301
2004-06-29,1.8301,1.8304,1.8046,1.8071
2004-06-30,1.8071,1.8205,1.8012,1.8202
2004-07-01,1.8202,1.8222,1.8116,1.8192
2004-07-02,1.8192,1.8354,1.8165,1.8332
2004-07-05,1.8316999999999999,1.8363,1.827,1.8291
2004-07-06,1.8291,1.8439,1.8275,1.8417
2004-07-07,1.8417,1.8578999999999999,1.839,1.8558
2004-07-08,1.8558,1.8586,1.8468,1.8493
2004-07-09,1.8493,1.8591,1.8487,1.859
2004-07-12,1.8598999999999999,1.8662,1.8569,1.862
2004-07-13,1.862,1.8624,1.8516,1.8569
2004-07-14,1.8569,1.8617,1.8534,1.8557
2004-07-15,1.8557,1.8572,1.8475,1.8529
2004-07-16,1.8529,1.8752,1.8476,1.8725
2004-07-19,1.8721,1.8769,1.8667,1.8674
2004-07-20,1.8674,1.8686,1.8491,1.8528
2004-07-21,1.8528,1.8546,1.832,1.8411
2004-07-22,1.8411,1.8492,1.835,1.8436
2004-07-23,1.8436,1.8452,1.8298,1.8323
2004-07-26,1.833,1.8423,1.8307,1.8402
2004-07-27,1.8402,1.8445,1.8198,1.8212
2004-07-28,1.8212,1.8255,1.8149,1.8246
2004-07-29,1.8246,1.8286,1.8082,1.8167
2004-07-30,1.8167,1.8244,1.8123,1.8209
2004-08-02,1.8229,1.8334,1.8194,1.8272
2004-08-03,1.8272,1.8284,1.8171,1.8265
2004-08-04,1.8265,1.8265,1.8149,1.8252
2004-08-05,1.8252,1.8295,1.8188,1.8235
2004-08-06,1.8235,1.8464,1.8201,1.8409
2004-08-09,1.8435,1.8442,1.8376,1.8411
2004-08-10,1.8411,1.8419,1.8253,1.8268
2004-08-11,1.8268,1.8321,1.8243,1.8296
2004-08-12,1.8296,1.8359,1.8198,1.8221
2004-08-13,1.8221,1.8456,1.8131,1.8425
2004-08-16,1.8429,1.8464,1.8372,1.84
2004-08-17,1.84,1.8433,1.8263,1.8281
2004-08-18,1.8281,1.8299,1.8203,1.8238
2004-08-19,1.8238,1.8343,1.8195999999999999,1.8324
2004-08-20,1.8324,1.8336,1.8169,1.8174
2004-08-23,1.8204,1.8209,1.8065,1.8082
2004-08-24,1.8082,1.8091,1.7881,1.7921
2004-08-25,1.7921,1.8013,1.7893999999999999,1.7971
2004-08-26,1.7971,1.7991,1.7913,1.7964
2004-08-27,1.7964,1.8036,1.7886,1.7893999999999999
2004-08-30,1.7907,1.7977,1.7852,1.7953
2004-08-31,1.7953,1.8066,1.7901,1.802
2004-09-01,1.802,1.8037,1.7891,1.7929
2004-09-02,1.7929,1.7973,1.7865,1.7905
2004-09-03,1.7905,1.7921,1.7735,1.7747
2004-09-06,1.7768,1.7819,1.7743,1.7804
2004-09-07,1.7804,1.7845,1.7707,1.7731
2004-09-08,1.7731,1.7907,1.7715,1.7862
2004-09-09,1.7862,1.7878,1.7812999999999999,1.7859
2004-09-10,1.7859,1.8025,1.7856,1.7962
2004-09-13,1.7984,1.8013,1.793,1.7966
2004-09-14,1.7966,1.8034,1.7941,1.7976
2004-09-15,1.7976,1.7979,1.7739,1.7768
2004-09-16,1.7768,1.7952,1.7757,1.7929
2004-09-17,1.7929,1.7971,1.7891,1.7939
2004-09-20,1.7923,1.7924,1.7815,1.7861
2004-09-21,1.7861,1.8012,1.784,1.7964
2004-09-22,1.7964,1.801,1.7872,1.7933
2004-09-23,1.7933,1.8046,1.7927,1.7961
2004-09-24,1.7961,1.8094,1.7946,1.8038
2004-09-27,1.8059,1.8094,1.8029,1.809
2004-09-28,1.809,1.8162,1.8081,1.8128
2004-09-29,1.8128,1.8135999999999999,1.7961,1.7992
2004-09-30,1.7992,1.8127,1.7953,1.8117
2004-10-01,1.8117,1.8133,1.7928,1.798
2004-10-04,1.7977,1.7978,1.7814,1.7838
2004-10-05,1.7838,1.7877,1.7801,1.782
2004-10-06,1.782,1.7887,1.7745,1.7791
2004-10-07,1.7791,1.7843,1.7762,1.7822
2004-10-08,1.7822,1.7968,1.7816,1.7933
2004-10-11,1.7953,1.7984,1.7926,1.7977
2004-10-12,1.7977,1.7993,1.7842,1.7917
2004-10-13,1.7917,1.7959,1.7841,1.7941
2004-10-14,1.7941,1.8042,1.7923,1.7968
2004-10-15,1.7968,1.8064,1.7948,1.8034999999999999
2004-10-18,1.8045,1.8069,1.7947,1.7981
2004-10-19,1.7981,1.8054999999999999,1.7923,1.8034999999999999
2004-10-20,1.8034999999999999,1.819,1.8009,1.8184
2004-10-21,1.8184,1.8306,1.8154,1.8273
2004-10-22,1.8273,1.8316999999999999,1.8223,1.8266
2004-10-25,1.828,1.8449,1.8279,1.841
2004-10-26,1.841,1.845,1.833,1.8342
2004-10-27,1.8342,1.8437999999999999,1.8264,1.8281
2004-10-28,1.8281,1.835,1.8193,1.8296999999999999
2004-10-29,1.8296999999999999,1.8379,1.8282,1.8375
2004-11-01,1.8386,1.8412,1.8296,1.8341
2004-11-02,1.8341,1.8411,1.8299,1.8408
2004-11-03,1.8408,1.8504,1.8316,1.8492
2004-11-04,1.8492,1.8497999999999999,1.841,1.8442
2004-11-05,1.8442,1.8561,1.8307,1.856
2004-11-08,1.8549,1.8617,1.8523,1.8564
2004-11-09,1.8564,1.8602,1.8508,1.8574
2004-11-10,1.8574,1.8617,1.8406,1.846
2004-11-11,1.846,1.8483,1.8376,1.842
2004-11-12,1.842,1.8588,1.8407,1.8568
2004-11-15,1.8556,1.8585,1.8437999999999999,1.8468
2004-11-16,1.8468,1.8562,1.8448,1.8526
2004-11-17,1.8526,1.8631,1.8515,1.8592
2004-11-18,1.8592,1.8637,1.848,1.8499
2004-11-19,1.8499,1.8613,1.8469,1.8575
2004-11-22,1.8581,1.8606,1.8518999999999999,1.8602
2004-11-23,1.8602,1.8729,1.8523,1.8687
2004-11-24,1.8687,1.8827,1.8672,1.8813
2004-11-25,1.8813,1.8894,1.8795,1.886
2004-11-26,1.886,1.9036,1.8831,1.8946
2004-11-29,1.8919,1.8965,1.8848,1.8933
2004-11-30,1.8933,1.9131,1.8865,1.9094
2004-12-01,1.9094,1.9357,1.9087,1.9344
2004-12-02,1.9344,1.9437,1.9173,1.924
2004-12-03,1.924,1.9435,1.919,1.9431
2004-12-06,1.9424,1.9441,1.9377,1.9385
2004-12-07,1.9385,1.9508,1.9358,1.9448
2004-12-08,1.9448,1.9463,1.9187,1.9346
2004-12-09,1.9346,1.9392,1.9141,1.9254
2004-12-10,1.9254,1.926,1.9014,1.9152
2004-12-13,1.9081,1.9273,1.9081,1.925
2004-12-14,1.925,1.9292,1.9194,1.9277
2004-12-15,1.9277,1.9461,1.9183999999999999,1.9419
2004-12-16,1.9419,1.9549,1.9259,1.9317
2004-12-17,1.9317,1.9445999999999999,1.928,1.9405
2004-12-20,1.9445999999999999,1.9506999999999999,1.9364,1.9464
2004-12-21,1.9464,1.949,1.9249,1.9277
2004-12-22,1.9277,1.9302,1.9098,1.9167
2004-12-23,1.9167,1.9241,1.9131,1.9237
2004-12-24,1.9237,1.929,1.9193,1.924
2004-12-27,1.924,1.9383,1.9196,1.9339
2004-12-28,1.9339,1.9416,1.9264,1.9278
2004-12-29,1.9278,1.9338,1.9118,1.9183
2004-12-30,1.9183,1.9289,1.9153,1.9253
2004-12-31,1.9253,1.9353,1.9139,1.9159
2005-01-03,1.9159,1.9181,1.8984,1.9042
2005-01-04,1.9042,1.9082999999999999,1.878,1.8826
2005-01-05,1.8826,1.8898,1.873,1.8826
2005-01-06,1.8826,1.8855,1.8694,1.8752
2005-01-07,1.8752,1.8863,1.8645,1.8686
2005-01-10,1.8711,1.8792,1.8693,1.875
2005-01-11,1.875,1.8820999999999999,1.8748,1.878
2005-01-12,1.878,1.8937,1.8697,1.8905
2005-01-13,1.8905,1.8929,1.8793,1.8822
2005-01-14,1.8822,1.8826,1.8637,1.8691
2005-01-17,1.8697,1.8749,1.8584,1.8594
2005-01-18,1.8594,1.8739,1.8525,1.8659999999999999
2005-01-19,1.8659999999999999,1.8826,1.8626,1.8711
2005-01-20,1.8711,1.8752,1.8637,1.8719
2005-01-21,1.8719,1.8806,1.8613,1.8787
2005-01-24,1.8784,1.8836,1.8739,1.8806
2005-01-25,1.8806,1.8809,1.8625,1.8639999999999999
2005-01-26,1.8639999999999999,1.8855,1.8634,1.8820999999999999
2005-01-27,1.8820999999999999,1.8901,1.8793,1.8894
2005-01-28,1.8894,1.8928,1.8783,1.8879
2005-01-31,1.887,1.8881999999999999,1.8787,1.8828
2005-02-01,1.8828,1.8864,1.8775,1.8839
2005-02-02,1.8839,1.8887,1.8823,1.8857
2005-02-03,1.8857,1.8915,1.8768,1.882
2005-02-04,1.882,1.8921,1.8726,1.8753
2005-02-07,1.8738,1.8751,1.8547,1.8573
2005-02-08,1.8573,1.8595,1.8511,1.8545
2005-02-09,1.8545,1.8644,1.8522,1.8581
2005-02-10,1.8581,1.8731,1.8506,1.8684
2005-02-11,1.8684,1.8708,1.8625,1.8677
2005-02-14,1.869,1.8917,1.8679,1.8876
2005-02-15,1.8876,1.8975,1.8831,1.897
2005-02-16,1.897,1.8971,1.8752,1.8851
2005-02-17,1.8851,1.8959,1.8834,1.8951
2005-02-18,1.8951,1.8972,1.8891,1.8941
2005-02-21,1.893,1.8997,1.8908,1.8961999999999999
2005-02-22,1.8961999999999999,1.9137,1.895,1.9117
2005-02-23,1.9117,1.9133,1.904,1.9085
2005-02-24,1.9085,1.9141,1.9014,1.9095
2005-02-25,1.9095,1.9195,1.9064,1.9185
2005-02-28,1.918,1.9261,1.9163,1.9208
2005-03-01,1.9208,1.9228,1.9168,1.9211
2005-03-02,1.9211,1.9215,1.9076,1.9142
2005-03-03,1.9142,1.9142,1.9056,1.9067
2005-03-04,1.9067,1.9272,1.905,1.9234
2005-03-07,1.9234,1.925,1.9114,1.9142
2005-03-08,1.9142,1.9324,1.9127,1.929
2005-03-09,1.929,1.932,1.92,1.9253
2005-03-10,1.9253,1.9304,1.9203999999999999,1.9225
2005-03-11,1.9225,1.9289,1.9163,1.9238
2005-03-14,1.9256,1.9276,1.9099,1.9137
2005-03-15,1.9137,1.9255,1.9111,1.9127
2005-03-16,1.9127,1.9292,1.9112,1.9261
2005-03-17,1.9261,1.9283,1.9183,1.9252
2005-03-18,1.9252,1.9255,1.9124,1.9203
2005-03-21,1.9201,1.9202,1.8944,1.8966
2005-03-22,1.8966,1.9014,1.8799,1.8860999999999999
2005-03-23,1.8860999999999999,1.8885,1.8659999999999999,1.8691
2005-03-24,1.8691,1.8737,1.867,1.8687
2005-03-25,1.8687,1.8721,1.8675,1.8697
2005-03-28,1.8696,1.8703,1.8591,1.8667
2005-03-29,1.8667,1.8765,1.8652,1.8739
2005-03-30,1.8739,1.8847,1.8738,1.8782
2005-03-31,1.8782,1.8918,1.8753,1.8901999999999999
2005-04-01,1.8901999999999999,1.8975,1.876,1.8808
2005-04-04,1.8806,1.8807,1.8708,1.8753
2005-04-05,1.8753,1.8816,1.8717,1.8812
2005-04-06,1.8812,1.8847,1.8742,1.8805
2005-04-07,1.8805,1.886,1.8679999999999999,1.8696
2005-04-08,1.8696,1.8852,1.867,1.8849
2005-04-11,1.8848,1.8933,1.8814,1.8907
2005-04-12,1.8907,1.8974,1.8829,1.8919
2005-04-13,1.8919,1.8956,1.8873,1.8941999999999999
2005-04-14,1.8941999999999999,1.8947,1.876,1.8816
2005-04-15,1.8816,1.8947,1.877,1.8921
2005-04-18,1.8926,1.9056,1.8881999999999999,1.9037
2005-04-19,1.9037,1.9205,1.9,1.9183
2005-04-20,1.9183,1.9216,1.9096,1.9191
2005-04-21,1.9191,1.9216,1.9062,1.9084
2005-04-22,1.9084,1.9168,1.9054,1.9139
2005-04-25,1.9153,1.9174,1.9078,1.9108
2005-04-26,1.9108,1.9131,1.9019,1.9057
2005-04-27,1.9057,1.9093,1.8988,1.9055
2005-04-28,1.9055,1.9105,1.9013,1.9057
2005-04-29,1.9057,1.916,1.9054,1.9072
2005-05-02,1.9071,1.9073,1.8921999999999999,1.8948
2005-05-03,1.8948,1.8956,1.8883,1.8924
2005-05-04,1.8924,1.9032,1.8916,1.9022999999999999
2005-05-05,1.9022999999999999,1.9076,1.8997,1.9066
2005-05-06,1.9066,1.9066,1.8895,1.8901
2005-05-09,1.8904,1.8912,1.8804,1.8838
2005-05-10,1.8838,1.8865,1.8760999999999999,1.8825
2005-05-11,1.8825,1.8912,1.8695,1.8727
2005-05-12,1.8727,1.8735,1.8601,1.8651
2005-05-13,1.8651,1.8657,1.8481,1.8506
2005-05-16,1.8505,1.8508,1.8332,1.8383
2005-05-17,1.8383,1.8423,1.8319,1.8335
2005-05-18,1.8335,1.841,1.8291,1.84
2005-05-19,1.84,1.8432,1.832,1.8361
2005-05-20,1.8361,1.8391,1.8232,1.8265
2005-05-23,1.826,1.8315,1.8239,1.8301
2005-05-24,1.8301,1.8358,1.826,1.8272
2005-05-25,1.8272,1.8334,1.8246,1.8315
2005-05-26,1.8315,1.8326,1.8185,1.8198
2005-05-27,1.8198,1.8272,1.8195999999999999,1.824
2005-05-30,1.8235,1.8255,1.8194,1.8235
2005-05-31,1.8235,1.8256,1.8104,1.8171
2005-06-01,1.8171,1.8225,1.8074999999999999,1.8092
2005-06-02,1.8092,1.8206,1.8087,1.8152
2005-06-03,1.8152,1.8238,1.8096,1.8127
2005-06-06,1.8131,1.8248,1.8125,1.8242
2005-06-07,1.8242,1.8352,1.8203,1.835
2005-06-08,1.835,1.8402,1.8221,1.8231
2005-06-09,1.8231,1.8284,1.8173,1.8207
2005-06-10,1.8207,1.8262,1.8106,1.8124
2005-06-13,1.812,1.8127,1.7998,1.8065
2005-06-14,1.8065,1.8155,1.8028,1.8058
2005-06-15,1.8058,1.8247,1.8045,1.8224
2005-06-16,1.8224,1.8289,1.8166,1.8223
2005-06-17,1.8223,1.8301,1.819,1.8291
2005-06-20,1.8258,1.8289,1.8209,1.8241
2005-06-21,1.8241,1.8299,1.8164,1.8294
2005-06-22,1.8294,1.8331,1.8177,1.8217
2005-06-23,1.8217,1.8231,1.8137,1.8152
2005-06-24,1.8152,1.8247,1.8119,1.8235999999999999
2005-06-27,1.8235,1.8315,1.8221,1.8285
2005-06-28,1.8285,1.8294,1.8141,1.8144
2005-06-29,1.8144,1.818,1.7993999999999999,1.8062
2005-06-30,1.8062,1.8103,1.7871,1.7913999999999999
2005-07-01,1.7913999999999999,1.7917,1.7671999999999999,1.7678
2005-07-04,1.766,1.7661,1.757,1.7595
2005-07-05,1.7595,1.7619,1.7503,1.7563
2005-07-06,1.7563,1.7607,1.7516,1.754
2005-07-07,1.754,1.7544,1.7398,1.7447
2005-07-08,1.7447,1.7449,1.7308999999999999,1.736
2005-07-11,1.7383,1.7589,1.7357,1.7577
2005-07-12,1.7577,1.7785,1.7549,1.7779
2005-07-13,1.7779,1.7787,1.7524,1.7646
2005-07-14,1.7646,1.7646,1.7547,1.7565
2005-07-15,1.7565,1.7636,1.7509,1.7519
2005-07-18,1.7514,1.7558,1.7454,1.7485
2005-07-19,1.7485,1.7491,1.7341,1.7403
2005-07-20,1.7403,1.7456,1.7271,1.7377
2005-07-21,1.7377,1.7617,1.737,1.7514
2005-07-22,1.7514,1.757,1.7356,1.7376
2005-07-25,1.7384,1.7473,1.7331,1.7458
2005-07-26,1.7458,1.7472,1.7347,1.7374
2005-07-27,1.7374,1.7473,1.7333,1.7443
2005-07-28,1.7443,1.7597,1.7404,1.7559
2005-07-29,1.7559,1.7612,1.7514,1.7574
2005-08-01,1.7564,1.7733,1.754,1.7678
2005-08-02,1.7678,1.7752,1.7664,1.7706
2005-08-03,1.7706,1.7831,1.7648,1.7775
2005-08-04,1.7775,1.7825,1.7711999999999999,1.7806
2005-08-05,1.7806,1.7824,1.7714,1.7792999999999999
2005-08-08,1.7782,1.7901,1.7728,1.7845
2005-08-09,1.7845,1.7916,1.7818,1.7872999999999999
2005-08-10,1.7872999999999999,1.7979,1.7862,1.7951
2005-08-11,1.7951,1.8114,1.7944,1.8108
2005-08-12,1.8108,1.8175999999999999,1.8072,1.8139
2005-08-15,1.8161,1.8167,1.8071,1.8114
2005-08-16,1.8114,1.8145,1.8037,1.8111
2005-08-17,1.8111,1.8127,1.8017,1.8058
2005-08-18,1.8058,1.8091,1.7913,1.7951
2005-08-19,1.7951,1.7977,1.789,1.7964
2005-08-22,1.7963,1.8046,1.7942,1.8
2005-08-23,1.8,1.8019,1.796,1.8017
2005-08-24,1.8017,1.803,1.7905,1.8008
2005-08-25,1.8008,1.8082,1.7978,1.8031
2005-08-26,1.8031,1.8097,1.7989,1.8013
2005-08-29,1.8023,1.8085,1.7926,1.7961
2005-08-30,1.7961,1.7964,1.7818,1.7864
2005-08-31,1.7864,1.8056,1.782,1.804
2005-09-01,1.804,1.8365,1.8005,1.8343
2005-09-02,1.8343,1.8447,1.8302,1.8436
2005-09-05,1.8404,1.8502,1.8372,1.8443
2005-09-06,1.8443,1.8464,1.8371,1.8424
2005-09-07,1.8424,1.846,1.8353,1.8365
2005-09-08,1.8365,1.8441,1.8329,1.8355
2005-09-09,1.8355,1.8424,1.832,1.8392
2005-09-12,1.8402,1.8427,1.8182,1.8197
2005-09-13,1.8197,1.8249,1.8181,1.8222
2005-09-14,1.8222,1.8299,1.8213,1.8235999999999999
2005-09-15,1.8235999999999999,1.8244,1.8037,1.8059
2005-09-16,1.8059,1.8146,1.8018,1.8079
2005-09-19,1.8037,1.8064,1.7969,1.8021
2005-09-20,1.8021,1.8082,1.7979,1.798
2005-09-21,1.798,1.8128,1.7959,1.8096
2005-09-22,1.8096,1.8147,1.7878,1.7906
2005-09-23,1.7906,1.7928,1.7757,1.7776
2005-09-26,1.7705,1.7792999999999999,1.7701,1.779
2005-09-27,1.779,1.7797,1.7638,1.7662
2005-09-28,1.7662,1.7717,1.7604,1.7678
2005-09-29,1.7678,1.7701,1.7590999999999999,1.7610999999999999
2005-09-30,1.7610999999999999,1.7731,1.7565,1.7636
2005-10-03,1.7628,1.7634,1.7519,1.7547
2005-10-04,1.7547,1.7622,1.7513,1.7588
2005-10-05,1.7588,1.766,1.7574,1.7621
2005-10-06,1.7621,1.7812,1.7619,1.7787
2005-10-07,1.7787,1.7794,1.7575,1.7604
2005-10-10,1.7598,1.7631999999999999,1.7513,1.7562
2005-10-11,1.7562,1.7564,1.7441,1.7462
2005-10-12,1.7462,1.7548,1.7391,1.7515
2005-10-13,1.7515,1.7573,1.7443,1.7566
2005-10-14,1.7566,1.7706,1.7484,1.7698
2005-10-17,1.7686,1.7731,1.7526,1.754
2005-10-18,1.754,1.7544,1.7422,1.751
2005-10-19,1.751,1.7668,1.7426,1.7651
2005-10-20,1.7651,1.775,1.7594,1.7743
2005-10-21,1.7743,1.7799,1.7639,1.7675
2005-10-24,1.7659,1.7731,1.7645,1.7688
2005-10-25,1.7688,1.7868,1.7633,1.7843
2005-10-26,1.7843,1.7865,1.7716,1.7745
2005-10-27,1.7745,1.7903,1.7736,1.7831
2005-10-28,1.7831,1.7857,1.773,1.7734
2005-10-31,1.7744,1.7822,1.7674,1.7697
2005-11-01,1.7697,1.7723,1.7608,1.7651999999999999
2005-11-02,1.7651999999999999,1.7771,1.7624,1.7767
2005-11-03,1.7767,1.7792999999999999,1.7693,1.7706
2005-11-04,1.7706,1.7713,1.7456,1.752
2005-11-07,1.7484,1.7517,1.7389999999999999,1.744
2005-11-08,1.744,1.7446,1.7326,1.7443
2005-11-09,1.7443,1.7458,1.7362,1.7431
2005-11-10,1.7431,1.7516,1.7397,1.7411
2005-11-11,1.7411,1.7436,1.7376,1.7422
2005-11-14,1.7421,1.7495,1.7342,1.7368999999999999
2005-11-15,1.7368999999999999,1.7397,1.7303,1.7352
2005-11-16,1.7352,1.7368,1.7137,1.7164
2005-11-17,1.7164,1.7224,1.715,1.7191
2005-11-18,1.7191,1.7226,1.7097,1.7176
2005-11-21,1.7172,1.7244,1.7142,1.7152
2005-11-22,1.7152,1.7238,1.7064,1.7222
2005-11-23,1.7222,1.726,1.7175,1.7236
2005-11-24,1.7236,1.7286,1.72,1.7224
2005-11-25,1.7224,1.7231,1.7121,1.7142
2005-11-28,1.7126,1.7338,1.7046999999999999,1.7293
2005-11-29,1.7293,1.7299,1.7144,1.7177
2005-11-30,1.7177,1.7346,1.7162,1.7292
2005-12-01,1.7292,1.7342,1.7261,1.731
2005-12-02,1.731,1.738,1.7247999999999999,1.7334
2005-12-05,1.7318,1.7442,1.7271,1.742
2005-12-06,1.742,1.7451,1.7312,1.7402
2005-12-07,1.7402,1.7429999999999999,1.729,1.7352
2005-12-08,1.7352,1.7559,1.7325,1.7525
2005-12-09,1.7525,1.7568,1.7461,1.7547
2005-12-12,1.7501,1.7771,1.7492,1.776
2005-12-13,1.776,1.7779,1.7654,1.77
2005-12-14,1.77,1.7809,1.7682,1.7728
2005-12-15,1.7728,1.7745,1.7612,1.765
2005-12-16,1.765,1.774,1.7624,1.772
2005-12-19,1.769,1.773,1.7590999999999999,1.7627
2005-12-20,1.7627,1.768,1.7525,1.7546
2005-12-21,1.7546,1.7590999999999999,1.738,1.7448
2005-12-22,1.7448,1.7454,1.7336,1.7371
2005-12-23,1.7371,1.7402,1.7304,1.7347
2005-12-27,1.7347,1.7398,1.7263,1.7271
2005-12-28,1.7271,1.7408,1.7127,1.7165
2005-12-29,1.7165,1.7281,1.7164,1.7247
2005-12-30,1.7247,1.7295,1.7164,1.7204
2006-01-03,1.7204,1.7463,1.7203,1.7461
2006-01-04,1.7461,1.7618,1.7451,1.7584
2006-01-05,1.7584,1.7587,1.7485,1.7556
2006-01-06,1.7556,1.7721,1.7512,1.7704
2006-01-09,1.7687,1.7724,1.7627,1.7651999999999999
2006-01-10,1.7651999999999999,1.7701,1.7618,1.7646
2006-01-11,1.7646,1.7668,1.7518,1.7642
2006-01-12,1.7642,1.7724,1.7578,1.7599
2006-01-13,1.7599,1.7783,1.7592,1.7756
2006-01-16,1.7766,1.7796,1.764,1.7684
2006-01-17,1.7684,1.7702,1.7586,1.7676
2006-01-18,1.7676,1.7704,1.7584,1.7636
2006-01-19,1.7636,1.7638,1.7527,1.7593
2006-01-20,1.7593,1.7721,1.7535,1.7709
2006-01-23,1.7705,1.788,1.7701,1.7872
2006-01-24,1.7872,1.7896,1.7803,1.7846
2006-01-25,1.7846,1.7935,1.7816,1.7837
2006-01-26,1.7837,1.7889,1.7776,1.7791
2006-01-27,1.7791,1.7878,1.7666,1.7675
2006-01-30,1.7686,1.7715,1.7631999999999999,1.7684
2006-01-31,1.7684,1.7858,1.7665,1.7792
2006-02-01,1.7792,1.7812999999999999,1.7725,1.7743
2006-02-02,1.7743,1.7812999999999999,1.7711,1.7805
2006-02-03,1.7805,1.7811,1.7593,1.7615
2006-02-06,1.7627,1.764,1.7433,1.7475
2006-02-07,1.7475,1.7517,1.7401,1.7446
2006-02-08,1.7446,1.7472,1.7375,1.7414
2006-02-09,1.7414,1.7463,1.7374,1.7413
2006-02-10,1.7413,1.7574,1.7411,1.7436
2006-02-13,1.7441,1.7448,1.7363,1.7407
2006-02-14,1.7407,1.7445,1.7281,1.7361
2006-02-15,1.7361,1.7488,1.733,1.7408
2006-02-16,1.7408,1.7411,1.7304,1.7392
2006-02-17,1.7392,1.7423,1.7333,1.7412
2006-02-20,1.7411,1.7462,1.7405,1.7435
2006-02-21,1.7435,1.7474,1.7413,1.7456
2006-02-22,1.7456,1.7466,1.7376,1.7435
2006-02-23,1.7435,1.7555,1.7413,1.7509
2006-02-24,1.7509,1.7535,1.7427,1.7441
2006-02-27,1.744,1.7451,1.7374,1.74
2006-02-28,1.74,1.7567,1.7374,1.7532
2006-03-01,1.7532,1.7594,1.746,1.7499
2006-03-02,1.7499,1.7548,1.7435,1.7532
2006-03-03,1.7532,1.7586,1.7501,1.7539
2006-03-06,1.7561,1.7625,1.7466,1.7503
2006-03-07,1.7503,1.7507,1.733,1.7357
2006-03-08,1.7357,1.742,1.7342,1.7386
2006-03-09,1.7386,1.7412,1.7344,1.7355
2006-03-10,1.7355,1.7397,1.7231,1.7265
2006-03-13,1.726,1.7332,1.723,1.7326
2006-03-14,1.7326,1.7483,1.7325,1.746
2006-03-15,1.746,1.7494,1.7418,1.748
2006-03-16,1.748,1.7595,1.744,1.7572
2006-03-17,1.7572,1.7577,1.7512,1.7565
2006-03-20,1.7561,1.7587,1.7527,1.756
2006-03-21,1.756,1.7561,1.7449999999999999,1.7475
2006-03-22,1.7475,1.7507,1.7451,1.7471
2006-03-23,1.7471,1.7473,1.7328,1.7347
2006-03-24,1.7347,1.7442,1.7308,1.7432
2006-03-27,1.7428,1.7494,1.7413,1.7463
2006-03-28,1.7463,1.7537,1.7423,1.7427
2006-03-29,1.7427,1.7442,1.7316,1.7335
2006-03-30,1.7335,1.7482,1.7334,1.7462
2006-03-31,1.7462,1.7476,1.7334,1.7372
2006-04-03,1.7367,1.7403,1.725,1.7391
2006-04-04,1.7391,1.7575,1.7368,1.7549
2006-04-05,1.7549,1.7617,1.7481,1.7535
2006-04-06,1.7535,1.7596,1.7488,1.7529
2006-04-07,1.7529,1.7536,1.7393,1.7435
2006-04-10,1.7426,1.7471,1.7374,1.7426
2006-04-11,1.7426,1.7494,1.7392,1.7489
2006-04-12,1.7489,1.7574,1.7462,1.7493
2006-04-13,1.7493,1.756,1.7483,1.7525
2006-04-14,1.7525,1.7530999999999999,1.7509,1.7512
2006-04-17,1.7533,1.7748,1.7526,1.769
2006-04-18,1.769,1.7832999999999999,1.7678,1.7829
2006-04-19,1.7829,1.7935,1.7794,1.7926
2006-04-20,1.7926,1.793,1.7754,1.7786
2006-04-21,1.7786,1.7845,1.775,1.7824
2006-04-24,1.7865,1.7929,1.7792,1.7882
2006-04-25,1.7882,1.7942,1.7826,1.7881
2006-04-26,1.7881,1.7908,1.7801,1.7845
2006-04-27,1.7845,1.8045,1.7821,1.8013
2006-04-28,1.8013,1.8243,1.8,1.8235
2006-05-01,1.824,1.8414,1.8204,1.8256999999999999
2006-05-02,1.8256999999999999,1.8423,1.8206,1.8394
2006-05-03,1.8394,1.8476,1.8354,1.842
2006-05-04,1.842,1.8548,1.8335,1.8514
2006-05-05,1.8514,1.8622,1.8474,1.8583
2006-05-08,1.8605,1.869,1.8548,1.859
2006-05-09,1.859,1.8688,1.8515,1.867
2006-05-10,1.867,1.8728,1.8601,1.8635
2006-05-11,1.8635,1.8856,1.8531,1.8824
2006-05-12,1.8824,1.8999,1.8815,1.8947
2006-05-15,1.8952,1.8996,1.8763,1.8791
2006-05-16,1.8791,1.8895,1.8747,1.8877
2006-05-17,1.8877,1.9026,1.8775,1.8828
2006-05-18,1.8828,1.8946,1.8793,1.8932
2006-05-19,1.8932,1.8963,1.8699,1.8778
2006-05-22,1.8772,1.8886,1.8633,1.8868
2006-05-23,1.8868,1.8884,1.8777,1.8799
2006-05-24,1.8799,1.886,1.8652,1.8686
2006-05-25,1.8686,1.8745,1.8666,1.8731
2006-05-26,1.8731,1.8775,1.853,1.8565
2006-05-29,1.8589,1.8641,1.8561,1.8598999999999999
2006-05-30,1.8598999999999999,1.8869,1.8578999999999999,1.8837
2006-05-31,1.8837,1.8856,1.8685,1.8694
2006-06-01,1.8694,1.8722,1.8566,1.8655
2006-06-02,1.8655,1.8858,1.8609,1.8834
2006-06-05,1.8836,1.888,1.8717,1.8723
2006-06-06,1.8723,1.8772,1.859,1.8602
2006-06-07,1.8602,1.8646,1.853,1.8543
2006-06-08,1.8543,1.8577,1.8368,1.8421
2006-06-09,1.8421,1.8483,1.8366,1.8408
2006-06-12,1.8392,1.8468,1.8377,1.8421
2006-06-13,1.8421,1.8454,1.8316,1.8326
2006-06-14,1.8326,1.85,1.8325,1.8423
2006-06-15,1.8423,1.8546,1.8419,1.8493
2006-06-16,1.8493,1.856,1.8469,1.8495
2006-06-19,1.8495,1.8531,1.8368,1.8413
2006-06-20,1.8413,1.8459,1.8369,1.8417
2006-06-21,1.8417,1.8472,1.8408,1.8449
2006-06-22,1.8449,1.8467,1.8262,1.8279
2006-06-23,1.8279,1.8313,1.8127,1.818
2006-06-26,1.8191,1.8246,1.8161,1.8234
2006-06-27,1.8234,1.8264,1.8185,1.8212
2006-06-28,1.8212,1.824,1.814,1.8186
2006-06-29,1.8186,1.8299,1.8089,1.8279
2006-06-30,1.8279,1.85,1.8262,1.849
2006-07-03,1.847,1.8488,1.8385,1.8422
2006-07-04,1.8422,1.8479,1.8413,1.8457999999999999
2006-07-05,1.8457999999999999,1.8486,1.8325,1.8342
2006-07-06,1.8342,1.8409,1.8333,1.837
2006-07-07,1.837,1.854,1.8354,1.8515
2006-07-10,1.8513,1.8521,1.8366,1.8407
2006-07-11,1.8407,1.847,1.8365,1.8462
2006-07-12,1.8462,1.8481,1.8309,1.8346
2006-07-13,1.8346,1.8467,1.833,1.8436
2006-07-14,1.8436,1.8448,1.834,1.8375
2006-07-17,1.8375,1.8395,1.8177,1.8186
2006-07-18,1.8186,1.8328,1.8181,1.826
2006-07-19,1.826,1.8442,1.8228,1.8417
2006-07-20,1.8417,1.8518999999999999,1.8412,1.8485
2006-07-21,1.8485,1.8598,1.8467,1.8587
2006-07-24,1.8587,1.8598,1.848,1.851
2006-07-25,1.851,1.8536,1.8385,1.8393
2006-07-26,1.8393,1.855,1.8388,1.8544
2006-07-27,1.8544,1.8676,1.8526,1.8573
2006-07-28,1.8573,1.8667,1.8536,1.8627
2006-07-31,1.8627,1.8689,1.8616,1.8675
2006-08-01,1.8675,1.8765,1.8625,1.8762
2006-08-02,1.8762,1.8796,1.873,1.8766
2006-08-03,1.8766,1.8915,1.8698,1.8875
2006-08-04,1.8875,1.9129,1.8851,1.9081
2006-08-07,1.9081,1.9116,1.9044,1.9067
2006-08-08,1.9067,1.9143999999999999,1.9033,1.9074
2006-08-09,1.9074,1.9111,1.8971,1.9044
2006-08-10,1.9044,1.9091,1.8867,1.8932
2006-08-11,1.8932,1.899,1.8885,1.8905
2006-08-14,1.8905,1.8949,1.8840999999999999,1.8872
2006-08-15,1.8872,1.8977,1.8854,1.8936
2006-08-16,1.8936,1.9022999999999999,1.888,1.8953
2006-08-17,1.8953,1.9007,1.8822,1.885
2006-08-18,1.885,1.8868,1.8776,1.8816
2006-08-21,1.8816,1.8997,1.8802,1.894
2006-08-22,1.894,1.895,1.8854,1.8879
2006-08-23,1.8879,1.8997,1.8864,1.8931
2006-08-24,1.8931,1.8972,1.8857,1.8869
2006-08-25,1.8869,1.8914,1.8829,1.8871
2006-08-28,1.8871,1.8992,1.8860999999999999,1.8926
2006-08-29,1.8926,1.9028,1.8897,1.8981
2006-08-30,1.8981,1.906,1.8971,1.9042
2006-08-31,1.9042,1.9092,1.8995,1.9045
2006-09-01,1.9045,1.9067,1.8956,1.906
2006-09-04,1.906,1.908,1.903,1.9069
2006-09-05,1.9069,1.9071,1.8914,1.8943
2006-09-06,1.8943,1.8957,1.8794,1.8842
2006-09-07,1.8842,1.887,1.8706,1.8758
2006-09-08,1.8758,1.8762,1.8628,1.8651
2006-09-11,1.8651,1.8707,1.8603,1.8656
2006-09-12,1.8656,1.8772,1.8641,1.8744
2006-09-13,1.8744,1.8779,1.8708,1.8759
2006-09-14,1.8759,1.8919,1.8755,1.8863
2006-09-15,1.8863,1.8881999999999999,1.8754,1.8804
2006-09-18,1.8804,1.884,1.8734,1.8802
2006-09-19,1.8802,1.8888,1.8772,1.8822
2006-09-20,1.8822,1.893,1.8802,1.8884
2006-09-21,1.8884,1.9033,1.8865,1.9022
2006-09-22,1.9022,1.9064,1.8993,1.9008
2006-09-25,1.9008,1.9073,1.8981999999999999,1.8997
2006-09-26,1.8997,1.9028,1.8931,1.8941999999999999
2006-09-27,1.8941999999999999,1.8961,1.8853,1.889
2006-09-28,1.889,1.8917,1.8723,1.8769
2006-09-29,1.8769,1.8779,1.8633,1.8723
2006-10-02,1.8723,1.8877,1.8675,1.8867
2006-10-03,1.8867,1.8898,1.8856,1.8876
2006-10-04,1.8876,1.8883,1.8786,1.886
2006-10-05,1.886,1.887,1.8751,1.8793
2006-10-06,1.8793,1.8876,1.8671,1.8706
2006-10-09,1.8706,1.8713,1.8635,1.867
2006-10-10,1.867,1.8702,1.8527,1.8541
2006-10-11,1.8541,1.8589,1.8516,1.8534
2006-10-12,1.8534,1.8612,1.8531,1.8589
2006-10-13,1.8589,1.8639,1.8532,1.8563
2006-10-16,1.8563,1.8647,1.8523,1.8616
2006-10-17,1.8616,1.8735,1.8607,1.8706
2006-10-18,1.8706,1.8739,1.8661,1.8678
2006-10-19,1.8678,1.8800999999999999,1.8664,1.8776
2006-10-20,1.8776,1.886,1.8753,1.8833
2006-10-23,1.8833,1.8838,1.8686,1.8736
2006-10-24,1.8736,1.8768,1.8673,1.8727
2006-10-25,1.8727,1.88,1.8719,1.8772
2006-10-26,1.8772,1.8926,1.8768,1.8905
2006-10-27,1.8905,1.9002999999999999,1.8869,1.8966
2006-10-30,1.8966,1.9042,1.8953,1.9011
2006-10-31,1.9011,1.9098,1.8956,1.9072
2006-11-01,1.9072,1.9135,1.9053,1.9086
2006-11-02,1.9086,1.9107,1.9033,1.9084
2006-11-03,1.9084,1.9116,1.8975,1.9005
2006-11-06,1.9005,1.9029,1.8946,1.8976
2006-11-07,1.8976,1.9124,1.8968,1.9059
2006-11-08,1.9059,1.9097,1.9007,1.9053
2006-11-09,1.9053,1.9086,1.8974,1.905
2006-11-10,1.905,1.9179,1.905,1.9106
2006-11-13,1.9106,1.9153,1.8996,1.9009
2006-11-14,1.9009,1.9051,1.8921999999999999,1.8952
2006-11-15,1.8952,1.8968,1.8836,1.8888
2006-11-16,1.8888,1.8931,1.885,1.8881999999999999
2006-11-17,1.8881999999999999,1.8968,1.8835,1.8946
2006-11-20,1.8946,1.8985,1.8932,1.8976
2006-11-21,1.8976,1.9004,1.8961,1.8989
2006-11-22,1.8989,1.9166,1.8984,1.9145
2006-11-23,1.9145,1.9168,1.9129,1.9154
2006-11-24,1.9154,1.9351,1.9146,1.9313
2006-11-27,1.9313,1.9469,1.9304999999999999,1.9381
2006-11-28,1.9381,1.9533,1.9366,1.9515
2006-11-29,1.9515,1.9545,1.9434,1.9464
2006-11-30,1.9464,1.9698,1.9447,1.9659
2006-12-01,1.9659,1.9847,1.9634,1.9795
2006-12-04,1.9795,1.9838,1.9724,1.9814
2006-12-05,1.9814,1.982,1.9677,1.9731
2006-12-06,1.9731,1.9739,1.9615,1.9663
2006-12-07,1.9663,1.9711,1.961,1.9629
2006-12-08,1.9629,1.9727999999999999,1.9511,1.9531
2006-12-11,1.9531,1.9594,1.9465,1.958
2006-12-12,1.958,1.9714,1.9575,1.9712
2006-12-13,1.9712,1.9727999999999999,1.9604,1.9667
2006-12-14,1.9667,1.9713,1.9579,1.9601
2006-12-15,1.9601,1.9665,1.9499,1.9515
2006-12-18,1.9515,1.9579,1.9433,1.9474
2006-12-19,1.9474,1.9701,1.9464,1.9694
2006-12-20,1.9694,1.9747999999999999,1.9618,1.9642
2006-12-21,1.9642,1.9697,1.9558,1.9614
2006-12-22,1.9614,1.9683,1.9559,1.9592
2006-12-26,1.9592,1.9598,1.9514,1.9536
2006-12-27,1.9536,1.9633,1.9526999999999999,1.9561
2006-12-28,1.9561,1.9678,1.9554,1.9631
2006-12-29,1.9631,1.967,1.9566,1.958
2007-01-01,1.958,1.9581,1.958,1.9581
2007-01-02,1.9581,1.9741,1.958,1.9736
2007-01-03,1.9736,1.975,1.9481,1.9513
2007-01-04,1.9513,1.9531,1.9397,1.9428
2007-01-05,1.9428,1.9444,1.9263,1.93
2007-01-08,1.93,1.9404,1.9261,1.9377
2007-01-09,1.9377,1.9456,1.9375,1.9396
2007-01-10,1.9396,1.9422,1.9316,1.932
2007-01-11,1.932,1.9536,1.9317,1.9451
2007-01-12,1.9451,1.9606999999999999,1.9425999999999999,1.9584
2007-01-15,1.9584,1.9667999999999999,1.9571,1.9644
2007-01-16,1.9644,1.9706,1.959,1.9613
2007-01-17,1.9613,1.9724,1.9601,1.9697
2007-01-18,1.9697,1.9778,1.9635,1.9742
2007-01-19,1.9742,1.9773,1.9695,1.9735
2007-01-22,1.9735,1.9787,1.9716,1.9761
2007-01-23,1.9761,1.9916,1.9751,1.9812
2007-01-24,1.9812,1.9832,1.9645,1.9695
2007-01-25,1.9695,1.9734,1.9625,1.964
2007-01-26,1.964,1.968,1.9556,1.9589
2007-01-29,1.9589,1.9614,1.9548,1.9609
2007-01-30,1.9609,1.9696,1.9597,1.9626
2007-01-31,1.9626,1.967,1.9481,1.9653
2007-02-01,1.9653,1.9738,1.9621,1.9667
2007-02-02,1.9667,1.9747,1.9635,1.967
2007-02-05,1.967,1.9671,1.9536,1.9602
2007-02-06,1.9602,1.9721,1.9588,1.971
2007-02-07,1.971,1.9733,1.9673,1.9706
2007-02-08,1.9706,1.9727999999999999,1.9542,1.9586999999999999
2007-02-09,1.9586999999999999,1.9602,1.9456,1.9503
2007-02-12,1.9503,1.9566,1.9437,1.9469
2007-02-13,1.9469,1.9523,1.9401,1.9468
2007-02-14,1.9468,1.9641,1.9454,1.9627
2007-02-15,1.9627,1.9678,1.9508,1.951
2007-02-16,1.951,1.9541,1.9463,1.95
2007-02-19,1.9544,1.9561,1.943,1.9512
2007-02-20,1.9512,1.9577,1.9478,1.9551
2007-02-21,1.9551,1.9591,1.9487,1.9538
2007-02-22,1.9538,1.9601,1.946,1.9563
2007-02-23,1.9563,1.9652,1.9536,1.9632
2007-02-26,1.9632,1.966,1.9606999999999999,1.9634
2007-02-27,1.9634,1.9674,1.9592,1.962
2007-02-28,1.962,1.9644,1.9518,1.9638
2007-03-01,1.9638,1.9652,1.9553,1.9582
2007-03-02,1.9582,1.9586,1.9412,1.9429
2007-03-05,1.9429,1.945,1.9183999999999999,1.9203
2007-03-06,1.9203,1.9322,1.9185,1.9315
2007-03-07,1.9315,1.9359,1.9259,1.9329
2007-03-08,1.9329,1.9353,1.9272,1.9282
2007-03-09,1.9282,1.934,1.9264999999999999,1.932
2007-03-12,1.932,1.9434,1.9251,1.9324
2007-03-13,1.9324,1.9354,1.9271,1.9288
2007-03-14,1.9288,1.9374,1.9211,1.936
2007-03-15,1.936,1.9393,1.9307,1.9372
2007-03-16,1.9372,1.9505,1.9357,1.9414
2007-03-19,1.9411,1.9473,1.9384,1.9441
2007-03-20,1.9441,1.9623,1.9431,1.9613
2007-03-21,1.9613,1.9692,1.9554,1.9677
2007-03-22,1.9677,1.9726,1.961,1.9646
2007-03-23,1.9646,1.969,1.9586999999999999,1.9619
2007-03-26,1.9619,1.9721,1.9569,1.9692
2007-03-27,1.9692,1.9703,1.9619,1.9656
2007-03-28,1.9656,1.9682,1.9598,1.9614
2007-03-29,1.9614,1.9659,1.9611,1.9617
2007-03-30,1.9617,1.9717,1.9545,1.9677
2007-04-02,1.9678,1.98,1.9662,1.9775
2007-04-03,1.9775,1.9824,1.9729,1.9741
2007-04-04,1.9741,1.9774,1.9716,1.9762
2007-04-05,1.9762,1.9768999999999999,1.9667999999999999,1.9707
2007-04-06,1.9707,1.9723,1.9636,1.9646
2007-04-09,1.9646,1.9663,1.959,1.9623
2007-04-10,1.9623,1.975,1.9611,1.9727
2007-04-11,1.9727,1.9818,1.9709,1.9747999999999999
2007-04-12,1.9747999999999999,1.9813,1.9724,1.9793
2007-04-13,1.9793,1.9887,1.9781,1.9866
2007-04-16,1.9853,1.994,1.9851,1.9895
2007-04-17,1.9895,2.0075000000000003,1.988,2.0066
2007-04-18,2.0066,2.0132000000000003,2.0013,2.0085
2007-04-19,2.0085,2.0094000000000003,1.9984,2.0033000000000003
2007-04-20,2.0033000000000003,2.0069000000000004,1.9988,2.0035000000000003
2007-04-23,2.0052000000000003,2.0062,1.9969999999999999,2.0008000000000004
2007-04-24,2.0008000000000004,2.0045,1.9954,2.0017
2007-04-25,2.0017,2.0062,2.0004000000000004,2.0014000000000003
2007-04-26,2.0014000000000003,2.0060000000000002,1.9889999999999999,1.9912
2007-04-27,1.9912,2.0043,1.9865,1.9984
2007-04-30,1.9984,2.0031000000000003,1.9889999999999999,1.9993
2007-05-01,1.9993,2.0074,1.9979,1.9986
2007-05-02,1.9986,1.9997,1.987,1.9898
2007-05-03,1.9898,1.9947,1.9854,1.9866
2007-05-04,1.9866,1.9943,1.9842,1.9931
2007-05-07,1.9931,1.9975,1.9924,1.9928
2007-05-08,1.9928,1.9963,1.9878,1.9892
2007-05-09,1.9892,1.9998,1.9882,1.9935
2007-05-10,1.9935,1.9962,1.977,1.9798
2007-05-11,1.9798,1.9845,1.9761,1.9819
2007-05-14,1.9819,1.9844,1.978,1.9792
2007-05-15,1.9792,1.9872,1.9746,1.9858
2007-05-16,1.9858,1.9874,1.9756,1.9768
2007-05-17,1.9768,1.9792,1.9732,1.9745
2007-05-18,1.9745,1.9779,1.97,1.975
2007-05-21,1.975,1.9755,1.9676,1.9713
2007-05-22,1.9713,1.9768,1.9702,1.9744
2007-05-23,1.9744,1.9894,1.9715,1.9865
2007-05-24,1.9865,1.9889,1.9828999999999999,1.9846
2007-05-25,1.9846,1.988,1.9832,1.9843
2007-05-28,1.9843,1.9848999999999999,1.9824,1.9835
2007-05-29,1.9835,1.9899,1.979,1.981
2007-05-30,1.981,1.9831,1.9733,1.9757
2007-05-31,1.9757,1.9819,1.9737,1.9796
2007-06-01,1.9796,1.9826,1.9765,1.9824
2007-06-04,1.9824,1.9927,1.9812,1.9913
2007-06-05,1.9913,1.9968,1.9908,1.9933
2007-06-06,1.9933,1.9956,1.9906,1.9924
2007-06-07,1.9924,1.9942,1.9746,1.9779
2007-06-08,1.9779,1.9792,1.9622,1.968
2007-06-11,1.968,1.9702,1.965,1.9689
2007-06-12,1.9689,1.9782,1.9686,1.9742
2007-06-13,1.9742,1.9763,1.9676,1.973
2007-06-14,1.973,1.9735,1.9656,1.9692
2007-06-15,1.9692,1.9779,1.9687,1.9747999999999999
2007-06-18,1.9747999999999999,1.9844,1.9747999999999999,1.9833
2007-06-19,1.9833,1.9889,1.9824,1.9887
2007-06-20,1.9887,1.9947,1.987,1.9929999999999999
2007-06-21,1.9929999999999999,1.9941,1.9886,1.9925
2007-06-22,1.9925,1.9996,1.9911,1.9986
2007-06-25,1.9986,2.0006000000000004,1.9957,1.9976
2007-06-26,1.9976,2.0016000000000003,1.9957,1.9988
2007-06-27,1.9988,1.9994,1.9928,1.9993
2007-06-28,1.9993,2.0043,1.9975,2.0027000000000004
2007-06-29,2.0027000000000004,2.0085,2.0010000000000003,2.0082000000000004
2007-07-02,2.0082000000000004,2.0183000000000004,2.0071000000000003,2.0170000000000003
2007-07-03,2.0170000000000003,2.0195000000000003,2.0132000000000003,2.0158
2007-07-04,2.0158,2.0207,2.015,2.0163
2007-07-05,2.0163,2.0202,2.0089,2.0116
2007-07-06,2.0116,2.0142,2.0057,2.0111000000000003
2007-07-09,2.0117000000000003,2.0170000000000003,2.0097,2.0151000000000003
2007-07-10,2.0151000000000003,2.028,2.0121,2.0279000000000003
2007-07-11,2.0279000000000003,2.0363,2.0244000000000004,2.0323
2007-07-12,2.0323,2.0365,2.027,2.0301
2007-07-13,2.0301,2.0366000000000004,2.0259,2.0340000000000003
2007-07-16,2.0333,2.0403000000000002,2.0323,2.036
2007-07-17,2.036,2.0474,2.0349000000000004,2.0466
2007-07-18,2.0466,2.0547000000000004,2.0459,2.0527
2007-07-19,2.0527,2.0544000000000002,2.047,2.0487
2007-07-20,2.0487,2.0587000000000004,2.048,2.0552
2007-07-23,2.0559000000000003,2.0603000000000002,2.0546,2.0592
2007-07-24,2.0592,2.0652000000000004,2.0583,2.0625
2007-07-25,2.0625,2.063,2.0486000000000004,2.0536000000000003
2007-07-26,2.0536000000000003,2.0562,2.0424,2.0490000000000004
2007-07-27,2.0490000000000004,2.0493,2.0250000000000004,2.0253
2007-07-30,2.0231000000000003,2.0290000000000004,2.0180000000000002,2.0245
2007-07-31,2.0245,2.0378000000000003,2.0235000000000003,2.0312
2007-08-01,2.0312,2.0351000000000004,2.0203,2.0324000000000004
2007-08-02,2.0324000000000004,2.0378000000000003,2.028,2.0373
2007-08-03,2.0373,2.0461,2.0337,2.0413
2007-08-06,2.0396,2.0462000000000002,2.0279000000000003,2.0312
2007-08-07,2.0312,2.0336000000000003,2.0187000000000004,2.0212000000000003
2007-08-08,2.0212000000000003,2.0398,2.0156,2.0371
2007-08-09,2.0371,2.0395000000000003,2.0209,2.0232
2007-08-10,2.0232,2.0269000000000004,2.0153000000000003,2.0226
2007-08-13,2.0215,2.0258000000000003,2.0084000000000004,2.0122000000000004
2007-08-14,2.0122000000000004,2.0132000000000003,1.9963,1.9967
2007-08-15,1.9967,1.9971,1.9855,1.9887
2007-08-16,1.9887,1.9889,1.9768,1.9827
2007-08-17,1.9827,1.9936,1.965,1.9816
2007-08-20,1.9811,1.9901,1.9768999999999999,1.9876
2007-08-21,1.9876,1.9907,1.9742,1.9817
2007-08-22,1.9817,1.9929,1.9801,1.9927
2007-08-23,1.9927,2.0094000000000003,1.9916,2.0057
2007-08-24,2.0057,2.0138000000000003,1.9978,2.0133
2007-08-27,2.0140000000000002,2.0191000000000003,2.0118,2.0119000000000002
2007-08-28,2.0119000000000002,2.0142,2,2.0018000000000002
2007-08-29,2.0018000000000002,2.0181,1.9958,2.0176000000000003
2007-08-30,2.0176000000000003,2.0184,2.0043,2.0114
2007-08-31,2.0114,2.0233000000000003,2.0108,2.0162
2007-09-03,2.0174000000000003,2.0214000000000003,2.0137,2.0180000000000002
2007-09-04,2.0180000000000002,2.0195000000000003,2.0073000000000003,2.0130000000000003
2007-09-05,2.0130000000000003,2.0225000000000004,2.0042000000000004,2.0195000000000003
2007-09-06,2.0195000000000003,2.0267000000000004,2.0140000000000002,2.0236
2007-09-07,2.0236,2.0324000000000004,2.016,2.0284000000000004
2007-09-10,2.0277000000000003,2.0331,2.0262000000000002,2.0276
2007-09-11,2.0276,2.0336000000000003,2.0233700000000003,2.0332000000000003
2007-09-12,2.0332000000000003,2.03661,2.0286000000000004,2.0290000000000004
2007-09-13,2.0290000000000004,2.0345000000000004,2.0234500000000004,2.0251
2007-09-14,2.0251,2.0252000000000003,2.0060000000000002,2.0065000000000004
2007-09-17,2.0048500000000002,2.0092000000000003,1.9915,1.9946
2007-09-18,1.9946,2.01505,1.9878,2.0130000000000003
2007-09-19,2.0130000000000003,2.0173,1.99503,2.0004000000000004
2007-09-20,2.0004000000000004,2.0145500000000003,1.9972,2.0076
2007-09-21,2.0076,2.0213400000000004,2.0076,2.02015
2007-09-24,2.0209,2.03189,2.0196,2.0221500000000003
2007-09-25,2.0221500000000003,2.0228,2.0084500000000003,2.0185000000000004
2007-09-26,2.0185000000000004,2.0217,2.0104,2.0157000000000003
2007-09-27,2.0157000000000003,2.0284400000000002,2.0136000000000003,2.0275000000000003
2007-09-28,2.0275000000000003,2.0467500000000003,2.0195000000000003,2.0460000000000003
2007-10-01,2.0457,2.0494000000000003,2.0375400000000004,2.04325
2007-10-02,2.04325,2.04468,2.03682,2.0416000000000003
2007-10-03,2.0416000000000003,2.0442,2.03093,2.032
2007-10-04,2.032,2.0428800000000003,2.02773,2.0386
2007-10-05,2.0386,2.0442500000000003,2.0304,2.0420000000000003
2007-10-08,2.0416000000000003,2.0426,2.0332000000000003,2.0358
2007-10-09,2.0358,2.0387000000000004,2.0257,2.0375
2007-10-10,2.0375,2.0476,2.03643,2.0424
2007-10-11,2.0424,2.0425000000000004,2.03091,2.0315000000000003
2007-10-12,2.0315000000000003,2.03654,2.02454,2.0335900000000002
2007-10-15,2.0350300000000003,2.0437200000000004,2.0318,2.04285
2007-10-16,2.04285,2.0437000000000003,2.02944,2.03256
2007-10-17,2.03256,2.0419,2.0286000000000004,2.0401000000000002
2007-10-18,2.0401000000000002,2.0513000000000003,2.0382000000000002,2.0444
2007-10-19,2.0444,2.05243,2.0407,2.0512
2007-10-22,2.0539500000000004,2.0549000000000004,2.0258000000000003,2.0328600000000003
2007-10-23,2.0328600000000003,2.05179,2.0304,2.0509000000000004
2007-10-24,2.0509000000000004,2.05155,2.0425400000000002,2.0495
2007-10-25,2.0495,2.0554,2.0452000000000004,2.0511000000000004
2007-10-26,2.0511000000000004,2.0573400000000004,2.04802,2.0529
2007-10-29,2.055,2.0642,2.0528600000000004,2.0623
2007-10-30,2.0623,2.0703,2.0564,2.0677000000000003
2007-10-31,2.0677000000000003,2.0823,2.0662000000000003,2.0796
2007-11-01,2.0796,2.0874,2.0754,2.07995
2007-11-02,2.07995,2.0896000000000003,2.0764,2.0895
2007-11-05,2.0891,2.0894000000000004,2.0782000000000003,2.0803000000000003
2007-11-06,2.0803000000000003,2.0906000000000002,2.0802,2.0876
2007-11-07,2.0876,2.1071000000000004,2.0859,2.1020700000000003
2007-11-08,2.1020700000000003,2.1116,2.0973,2.1073500000000003
2007-11-09,2.1073500000000003,2.11612,2.088,2.0911000000000004
2007-11-12,2.0852000000000004,2.0868,2.0527,2.0528000000000004
2007-11-13,2.0528000000000004,2.07613,2.0524,2.0707500000000003
2007-11-14,2.0707500000000003,2.0844,2.05046,2.0522
2007-11-15,2.0522,2.0618000000000003,2.0417,2.0449
2007-11-16,2.0449,2.05309,2.03535,2.05213
2007-11-19,2.0541,2.0564,2.0451,2.0500000000000003
2007-11-20,2.0500000000000003,2.0684,2.0454100000000004,2.06657
2007-11-21,2.06657,2.0697,2.05261,2.0651800000000002
2007-11-22,2.0651800000000002,2.0684,2.0584000000000002,2.0617
2007-11-23,2.0617,2.0764,2.0517000000000003,2.0608000000000004
2007-11-26,2.0601000000000003,2.07378,2.0601000000000003,2.0710100000000002
2007-11-27,2.0710100000000002,2.07554,2.06399,2.0684
2007-11-28,2.0684,2.08325,2.0582000000000003,2.08223
2007-11-29,2.08223,2.08223,2.0594,2.0612000000000004
2007-11-30,2.0612000000000004,2.0700000000000003,2.0533,2.0559000000000003
2007-12-03,2.0545,2.0679000000000003,2.0524,2.0658000000000003
2007-12-04,2.0658000000000003,2.0673000000000004,2.056,2.0591000000000004
2007-12-05,2.0591000000000004,2.06104,2.02475,2.0261
2007-12-06,2.0261,2.0312,2.0180000000000002,2.02786
2007-12-07,2.02786,2.0345400000000002,2.0221,2.03152
2007-12-10,2.03006,2.0488500000000003,2.03006,2.0461
2007-12-11,2.0461,2.0519700000000003,2.0329,2.0341
2007-12-12,2.0341,2.0565100000000003,2.0339,2.0468
2007-12-13,2.0468,2.0483000000000002,2.0340900000000004,2.0412500000000002
2007-12-14,2.0412500000000002,2.04475,2.0146100000000002,2.0172000000000003
2007-12-17,2.0145000000000004,2.02285,2.0101,2.02035
2007-12-18,2.02035,2.0225400000000002,2.01105,2.0143000000000004
2007-12-19,2.0143000000000004,2.0196,1.99277,1.9978
2007-12-20,1.9978,1.9984,1.98095,1.9838
2007-12-21,1.9838,1.98937,1.98095,1.98206
2007-12-24,1.9833,1.98434,1.97539,1.97758
2007-12-26,1.97758,1.97758,1.9767,1.9767
2007-12-27,1.9767,1.9965,1.9767,1.9959
2007-12-28,1.9959,2.0022300000000004,1.9902199999999999,1.99305
2007-12-31,1.99465,2.0102300000000004,1.9816,1.98375
2008-01-02,1.98375,1.9878,1.97726,1.9808
2008-01-03,1.9808,1.98375,1.97042,1.97085
2008-01-04,1.97085,1.98501,1.96735,1.97155
2008-01-07,1.9738,1.97555,1.9652,1.96994
2008-01-08,1.96994,1.9828,1.96646,1.973
2008-01-09,1.973,1.97625,1.95535,1.95845
2008-01-10,1.95845,1.9667,1.954,1.96095
2008-01-11,1.96095,1.96346,1.94825,1.95643
2008-01-14,1.9577,1.9647999999999999,1.9555,1.9558
2008-01-15,1.9558,1.9742,1.95225,1.9626
2008-01-16,1.9626,1.9721,1.95285,1.9633
2008-01-17,1.9633,1.97915,1.9605,1.9712
2008-01-18,1.9712,1.9726,1.95125,1.95425
2008-01-21,1.9574,1.9583,1.9429,1.9432
2008-01-22,1.9432,1.963,1.93365,1.9606999999999999
2008-01-23,1.9606999999999999,1.96445,1.94641,1.9552
2008-01-24,1.9552,1.9778499999999999,1.94995,1.9764
2008-01-25,1.9764,1.9848,1.9734,1.9816
2008-01-28,1.9839,1.98915,1.97285,1.98416
2008-01-29,1.98416,1.99287,1.98115,1.9892
2008-01-30,1.9892,1.99582,1.98355,1.9864
2008-01-31,1.9864,1.99453,1.9823,1.98715
2008-02-01,1.98715,1.9940499999999999,1.96519,1.96615
2008-02-04,1.96535,1.97865,1.9626,1.97325
2008-02-05,1.97325,1.97635,1.96041,1.9647
2008-02-06,1.9647,1.9662,1.95535,1.96145
2008-02-07,1.96145,1.96225,1.93874,1.9422
2008-02-08,1.9422,1.95115,1.9402,1.9456
2008-02-11,1.94555,1.95295,1.9401,1.95075
2008-02-12,1.95075,1.9633,1.9442,1.9597
2008-02-13,1.9597,1.96646,1.95495,1.9627999999999999
2008-02-14,1.9627999999999999,1.97375,1.96145,1.96895
2008-02-15,1.96895,1.9722,1.95805,1.96058
2008-02-18,1.9571,1.9637499999999999,1.94748,1.9524
2008-02-19,1.9524,1.95416,1.94529,1.94868
2008-02-20,1.94868,1.9502,1.9362,1.9417
2008-02-21,1.9417,1.96418,1.94075,1.9627
2008-02-22,1.9627,1.97081,1.96095,1.96711
2008-02-25,1.96711,1.97005,1.96154,1.9671
2008-02-26,1.9671,1.9875,1.9642,1.9868999999999999
2008-02-27,1.9868999999999999,1.9972,1.97895,1.98165
2008-02-28,1.98165,1.9947,1.97623,1.98865
2008-02-29,1.98865,1.99228,1.97845,1.98696
2008-03-03,1.98696,1.99369,1.98075,1.98355
2008-03-04,1.98355,1.98919,1.98115,1.9862
2008-03-05,1.9862,1.99665,1.97209,1.99185
2008-03-06,1.99185,2.0115600000000002,1.98935,2.0092000000000003
2008-03-07,2.0092000000000003,2.0216000000000003,2.0082500000000003,2.01445
2008-03-10,2.01445,2.0220000000000002,2.0088000000000004,2.00917
2008-03-11,2.00917,2.0210800000000004,1.9995,2.0064
2008-03-12,2.0064,2.028,2.00545,2.02685
2008-03-13,2.02685,2.0391600000000003,2.0249,2.0333
2008-03-14,2.0333,2.0398,2.0175,2.0219
2008-03-17,2.0219,2.0232300000000003,1.9942,1.9988
2008-03-18,1.9988,2.02735,1.9949999999999999,2.00645
2008-03-19,2.00645,2.0153000000000003,1.98026,1.9842899999999999
2008-03-20,1.9842899999999999,1.98783,1.9734,1.98495
2008-03-21,1.98495,1.988,1.981,1.98218
2008-03-24,1.98218,1.98764,1.97578,1.98541
2008-03-25,1.98541,2.00672,1.98438,2.0059
2008-03-26,2.0059,2.01115,1.99257,2.0084000000000004
2008-03-27,2.0084000000000004,2.01925,2.0024,2.007
2008-03-28,2.007,2.0089,1.9881,1.9938
2008-03-31,1.9938,1.9979,1.9813,1.9836
2008-04-01,1.9836,1.98736,1.97285,1.9758
2008-04-02,1.9758,1.9899,1.97465,1.9873
2008-04-03,1.9873,1.9975,1.9758499999999999,1.9966
2008-04-04,1.9966,2.00483,1.99093,1.99287
2008-04-07,1.99287,1.99525,1.98339,1.9882
2008-04-08,1.9882,1.99265,1.96645,1.9696
2008-04-09,1.9696,1.97915,1.96495,1.97605
2008-04-10,1.97605,1.9843,1.97055,1.97065
2008-04-11,1.97065,1.97685,1.9682,1.97195
2008-04-14,1.97195,1.9894,1.96511,1.9784
2008-04-15,1.9784,1.97905,1.96,1.9625
2008-04-16,1.9625,1.9806,1.96005,1.9722
2008-04-17,1.9722,1.99241,1.96913,1.9912
2008-04-18,1.9912,1.9999,1.98803,1.9947
2008-04-21,1.9947,2.00267,1.97761,1.98027
2008-04-22,1.98027,1.99993,1.97454,1.9951
2008-04-23,1.9951,1.99738,1.97728,1.98035
2008-04-24,1.98035,1.98155,1.9685,1.97401
2008-04-25,1.97401,1.9889999999999999,1.96762,1.98268
2008-04-28,1.98268,1.9965,1.97818,1.99135
2008-04-29,1.99135,1.99186,1.96659,1.9697
2008-04-30,1.9697,1.9896,1.96235,1.98662
2008-05-01,1.98662,1.99095,1.97127,1.97468
2008-05-02,1.97468,1.9897,1.97053,1.9732
2008-05-05,1.9732,1.9784,1.96553,1.97195
2008-05-06,1.97195,1.9772,1.96352,1.9737
2008-05-07,1.9737,1.97375,1.9503,1.9538
2008-05-08,1.9538,1.96205,1.95037,1.95424
2008-05-09,1.95424,1.957,1.94592,1.9523
2008-05-12,1.9523,1.96333,1.94422,1.9581
2008-05-13,1.9581,1.95869,1.94193,1.94547
2008-05-14,1.94547,1.9474,1.93632,1.94578
2008-05-15,1.94578,1.9502,1.94047,1.9474
2008-05-16,1.9474,1.95985,1.94421,1.95543
2008-05-19,1.95543,1.9623599999999999,1.94534,1.9488699999999999
2008-05-20,1.9488699999999999,1.9719,1.94791,1.96823
2008-05-21,1.96823,1.97323,1.9613,1.97323
2008-05-22,1.97323,1.98487,1.96829,1.98032
2008-05-23,1.98032,1.98509,1.9755,1.98004
2008-05-26,1.98004,1.98326,1.97587,1.98206
2008-05-27,1.98206,1.98469,1.97145,1.97667
2008-05-28,1.97667,1.98272,1.97044,1.98104
2008-05-29,1.98104,1.9818,1.96727,1.9765
2008-05-30,1.9765,1.98139,1.96839,1.98076
2008-06-02,1.98076,1.98076,1.95958,1.967
2008-06-03,1.967,1.97407,1.96058,1.96336
2008-06-04,1.96336,1.9637,1.95267,1.9555
2008-06-05,1.9555,1.95965,1.94613,1.95827
2008-06-06,1.95827,1.97342,1.95371,1.96992
2008-06-09,1.96992,1.98008,1.96709,1.975
2008-06-10,1.975,1.9757,1.95186,1.9543
2008-06-11,1.9543,1.96677,1.94919,1.9632
2008-06-12,1.9632,1.96437,1.94336,1.94629
2008-06-13,1.94629,1.95131,1.94092,1.94725
2008-06-16,1.94725,1.96872,1.94592,1.96324
2008-06-17,1.96324,1.97006,1.94701,1.95682
2008-06-18,1.95682,1.96106,1.94777,1.95979
2008-06-19,1.95979,1.97448,1.95782,1.97226
2008-06-20,1.97226,1.97914,1.9699,1.97651
2008-06-23,1.97651,1.97651,1.9585,1.9653
2008-06-24,1.9653,1.97232,1.96243,1.97077
2008-06-25,1.97077,1.97685,1.9654,1.97506
2008-06-26,1.97506,1.9894,1.97135,1.9889
2008-06-27,1.9889,1.99513,1.98019,1.99454
2008-06-30,1.99454,1.9966,1.9879499999999999,1.99217
2008-07-01,1.99217,2.0007200000000003,1.98872,1.99487
2008-07-02,1.99487,1.99734,1.98448,1.99301
2008-07-03,1.99301,1.9937,1.97998,1.98325
2008-07-04,1.98325,1.9847,1.97946,1.98205
2008-07-07,1.98205,1.98274,1.96491,1.97605
2008-07-08,1.97605,1.97965,1.96652,1.96942
2008-07-09,1.96942,1.98322,1.96724,1.9831
2008-07-10,1.9831,1.98377,1.97127,1.9779
2008-07-11,1.9779,1.99586,1.97538,1.98677
2008-07-14,1.98677,1.99618,1.98084,1.99493
2008-07-15,1.99493,2.0153000000000003,1.99302,2.0057
2008-07-16,2.0057,2.0096700000000003,1.99583,1.99907
2008-07-17,1.99907,2.0072,1.99486,2.0037700000000003
2008-07-18,2.0037700000000003,2.00382,1.99062,1.99794
2008-07-21,1.99794,2.0038300000000002,1.99068,2.0032400000000004
2008-07-22,2.0032400000000004,2.0076,1.98973,1.99166
2008-07-23,1.99166,2.0029600000000003,1.99011,1.99933
2008-07-24,1.99933,1.99942,1.98166,1.9868
2008-07-25,1.9868,1.99779,1.98308,1.99033
2008-07-28,1.99033,1.9964,1.98407,1.99388
2008-07-29,1.99388,1.99682,1.97613,1.97877
2008-07-30,1.97877,1.98426,1.97444,1.98173
2008-07-31,1.98173,1.99285,1.97757,1.98398
2008-08-01,1.98398,1.98406,1.97254,1.97325
2008-08-04,1.97325,1.97591,1.96001,1.96196
2008-08-05,1.96196,1.96249,1.9516499999999999,1.95466
2008-08-06,1.95466,1.9595,1.94664,1.94766
2008-08-07,1.94766,1.95377,1.94194,1.94381
2008-08-08,1.94381,1.94388,1.91454,1.91988
2008-08-11,1.91988,1.9255,1.9066,1.91059
2008-08-12,1.91059,1.91214,1.8952499999999999,1.89672
2008-08-13,1.89672,1.90364,1.86394,1.87026
2008-08-14,1.87026,1.87875,1.86174,1.86966
2008-08-15,1.86966,1.86991,1.85119,1.86275
2008-08-18,1.86275,1.87222,1.86254,1.86503
2008-08-19,1.86503,1.8679,1.85368,1.86687
2008-08-20,1.86687,1.86838,1.85392,1.86188
2008-08-21,1.86188,1.879,1.86061,1.878
2008-08-22,1.878,1.87938,1.85049,1.85088
2008-08-25,1.85088,1.8589499999999999,1.84049,1.85307
2008-08-26,1.85307,1.85309,1.83301,1.83979
2008-08-27,1.83979,1.84886,1.82854,1.83544
2008-08-28,1.83544,1.84013,1.8240399999999999,1.82934
2008-08-29,1.82934,1.8343,1.81733,1.82273
2008-09-01,1.82273,1.82273,1.79839,1.80128
2008-09-02,1.80128,1.80136,1.77813,1.78368
2008-09-03,1.78368,1.78426,1.76671,1.77645
2008-09-04,1.77645,1.7859,1.76251,1.7683
2008-09-05,1.7683,1.77446,1.75356,1.764
2008-09-08,1.764,1.79749,1.74711,1.75793
2008-09-09,1.75793,1.7707,1.75048,1.76053
2008-09-10,1.76053,1.76773,1.75212,1.75272
2008-09-11,1.75272,1.75908,1.74452,1.75782
2008-09-12,1.75782,1.79591,1.75401,1.79408
2008-09-15,1.79408,1.81288,1.77643,1.79937
2008-09-16,1.79937,1.80079,1.77309,1.78295
2008-09-17,1.78295,1.82441,1.77836,1.8169
2008-09-18,1.8169,1.82759,1.8087,1.81779
2008-09-19,1.81779,1.83872,1.79121,1.83531
2008-09-22,1.83531,1.86414,1.82605,1.85373
2008-09-23,1.85373,1.86361,1.8471,1.85176
2008-09-24,1.85176,1.86075,1.84577,1.84638
2008-09-25,1.84638,1.86691,1.83051,1.8371
2008-09-26,1.8371,1.8468,1.8334,1.84176
2008-09-29,1.84176,1.84176,1.79565,1.8083
2008-09-30,1.8083,1.81174,1.77563,1.78055
2008-10-01,1.78055,1.78735,1.76328,1.7696
2008-10-02,1.7696,1.77258,1.75507,1.76368
2008-10-03,1.76368,1.78388,1.75586,1.77491
2008-10-06,1.77491,1.77491,1.73331,1.74435
2008-10-07,1.74435,1.76579,1.73175,1.74534
2008-10-08,1.74534,1.7656,1.72611,1.73011
2008-10-09,1.73011,1.73964,1.706,1.7093099999999999
2008-10-10,1.7093099999999999,1.71796,1.67712,1.70431
2008-10-13,1.70431,1.74431,1.69202,1.73405
2008-10-14,1.73405,1.76307,1.73315,1.73905
2008-10-15,1.73905,1.7602,1.7264,1.72654
2008-10-16,1.72654,1.73529,1.71291,1.73021
2008-10-17,1.73021,1.73824,1.72239,1.73034
2008-10-20,1.73034,1.75175,1.71044,1.7151399999999999
2008-10-21,1.7151399999999999,1.71968,1.665,1.6703
2008-10-22,1.6703,1.67227,1.6137299999999999,1.62597
2008-10-23,1.62597,1.63462,1.60412,1.62255
2008-10-24,1.62255,1.63239,1.52583,1.59028
2008-10-27,1.59028,1.59028,1.52775,1.55496
2008-10-28,1.55496,1.59553,1.53977,1.5895
2008-10-29,1.5895,1.64751,1.5871,1.63691
2008-10-30,1.63691,1.66723,1.62114,1.6446399999999999
2008-10-31,1.6446399999999999,1.64902,1.60051,1.61002
2008-11-03,1.61002,1.63985,1.57806,1.5823099999999999
2008-11-04,1.5823099999999999,1.6109499999999999,1.55998,1.59542
2008-11-05,1.59542,1.61966,1.5748,1.5899
2008-11-06,1.5899,1.60388,1.55663,1.56247
2008-11-07,1.56247,1.58758,1.55308,1.56701
2008-11-10,1.56701,1.58836,1.5573299999999999,1.56064
2008-11-11,1.56064,1.57013,1.53614,1.53808
2008-11-12,1.53808,1.54818,1.48933,1.49615
2008-11-13,1.49615,1.49918,1.45585,1.48365
2008-11-14,1.48365,1.49596,1.46568,1.4798
2008-11-17,1.4798,1.50833,1.46405,1.49879
2008-11-18,1.49879,1.50912,1.48984,1.49555
2008-11-19,1.49555,1.52501,1.4901,1.49505
2008-11-20,1.49505,1.49953,1.47115,1.47269
2008-11-21,1.47269,1.50615,1.4701899999999999,1.48655
2008-11-24,1.48655,1.51865,1.48558,1.51825
2008-11-25,1.51825,1.5534999999999999,1.49818,1.5471
2008-11-26,1.5471,1.54816,1.51747,1.53209
2008-11-27,1.53209,1.55125,1.53117,1.54024
2008-11-28,1.54024,1.54476,1.5258,1.54039
2008-12-01,1.54039,1.54039,1.4806,1.48868
2008-12-02,1.48868,1.5069,1.47754,1.49158
2008-12-03,1.49158,1.49338,1.4665,1.47823
2008-12-04,1.47823,1.48154,1.44666,1.46777
2008-12-05,1.46777,1.4752,1.45227,1.4736799999999999
2008-12-08,1.4736799999999999,1.50484,1.46699,1.49119
2008-12-09,1.49119,1.49125,1.46756,1.47527
2008-12-10,1.47527,1.4882,1.47356,1.47816
2008-12-11,1.47816,1.50803,1.47708,1.50303
2008-12-12,1.50303,1.5119,1.48153,1.49463
2008-12-15,1.49463,1.53788,1.4919,1.53065
2008-12-16,1.53065,1.56465,1.5204,1.55755
2008-12-17,1.55755,1.5723,1.5243,1.55326
2008-12-18,1.55326,1.56154,1.48796,1.50125
2008-12-19,1.50125,1.51858,1.48118,1.4917799999999999
2008-12-22,1.4917799999999999,1.49919,1.46851,1.48135
2008-12-23,1.48135,1.48977,1.46715,1.47226
2008-12-24,1.47226,1.48078,1.4658,1.47107
2008-12-26,1.47107,1.47945,1.46486,1.46526
2008-12-29,1.46526,1.47721,1.43791,1.43948
2008-12-30,1.43948,1.45529,1.4387,1.44081
2008-12-31,1.44081,1.46984,1.4351099999999999,1.4542
2009-01-02,1.4542,1.46778,1.43768,1.44973
2009-01-05,1.44973,1.4740199999999999,1.44278,1.47004
2009-01-06,1.47004,1.49918,1.4502599999999999,1.49194
2009-01-07,1.49194,1.52821,1.48034,1.50882
2009-01-08,1.50882,1.53741,1.49824,1.52153
2009-01-09,1.52153,1.53495,1.51126,1.51667
2009-01-12,1.51667,1.51667,1.48082,1.48211
2009-01-13,1.48211,1.48289,1.44703,1.4496499999999999
2009-01-14,1.4496499999999999,1.47078,1.44903,1.46093
2009-01-15,1.46093,1.4685,1.44732,1.46384
2009-01-16,1.46384,1.49803,1.46252,1.47455
2009-01-19,1.47455,1.4909,1.44149,1.44188
2009-01-20,1.44188,1.44431,1.38604,1.39234
2009-01-21,1.39234,1.40262,1.36176,1.39502
2009-01-22,1.39502,1.40226,1.36884,1.38761
2009-01-23,1.38761,1.38982,1.35016,1.38046
2009-01-26,1.38046,1.39952,1.35472,1.3992
2009-01-27,1.3992,1.42427,1.39277,1.41288
2009-01-28,1.41288,1.43764,1.41225,1.4246699999999999
2009-01-29,1.4246699999999999,1.44113,1.40716,1.42998
2009-01-30,1.42998,1.44989,1.41846,1.44902
2009-02-02,1.44902,1.44902,1.40517,1.42647
2009-02-03,1.42647,1.44865,1.4153499999999999,1.4459
2009-02-04,1.4459,1.45776,1.43232,1.44663
2009-02-05,1.44663,1.47032,1.43658,1.46098
2009-02-06,1.46098,1.4845,1.45879,1.48062
2009-02-09,1.48062,1.49857,1.47016,1.48979
2009-02-10,1.48979,1.4914,1.44539,1.45413
2009-02-11,1.45413,1.45657,1.4315,1.43945
2009-02-12,1.43945,1.44136,1.41361,1.42675
2009-02-13,1.42675,1.46049,1.42523,1.44012
2009-02-16,1.44012,1.44012,1.41503,1.4294
2009-02-17,1.4294,1.43106,1.41242,1.42357
2009-02-18,1.42357,1.42995,1.4093,1.421
2009-02-19,1.421,1.44474,1.42058,1.42921
2009-02-20,1.42921,1.44852,1.41514,1.44258
2009-02-23,1.44258,1.46613,1.43648,1.44868
2009-02-24,1.44868,1.45783,1.43751,1.44795
2009-02-25,1.44795,1.46071,1.41738,1.41926
2009-02-26,1.41926,1.43841,1.4161,1.43153
2009-02-27,1.43153,1.43651,1.41102,1.43149
2009-03-02,1.43149,1.43149,1.39566,1.40539
2009-03-03,1.40539,1.41568,1.39831,1.40479
2009-03-04,1.40479,1.4199,1.3983,1.41935
2009-03-05,1.41935,1.42334,1.4037,1.41167
2009-03-06,1.41167,1.43059,1.40382,1.40722
2009-03-09,1.40722,1.41815,1.37421,1.37757
2009-03-10,1.37757,1.39053,1.36881,1.37503
2009-03-11,1.37503,1.38889,1.3653899999999999,1.38725
2009-03-12,1.38725,1.39834,1.36985,1.39396
2009-03-13,1.39396,1.40702,1.38625,1.39769
2009-03-16,1.39769,1.42296,1.38899,1.40622
2009-03-17,1.40622,1.4137899999999999,1.39641,1.40367
2009-03-18,1.40367,1.42965,1.38438,1.427
2009-03-19,1.427,1.45968,1.41552,1.4506
2009-03-20,1.4506,1.45889,1.43932,1.44413
2009-03-23,1.44413,1.46492,1.44413,1.45721
2009-03-24,1.45721,1.47781,1.4545299999999999,1.4681
2009-03-25,1.4681,1.47327,1.45146,1.45508
2009-03-26,1.45508,1.46376,1.44227,1.44524
2009-03-27,1.44524,1.44949,1.42669,1.43007
2009-03-30,1.43007,1.43007,1.41107,1.42658
2009-03-31,1.42658,1.43759,1.42399,1.43218
2009-04-01,1.43218,1.44684,1.42725,1.44641
2009-04-02,1.44641,1.47498,1.44451,1.47259
2009-04-03,1.47259,1.48465,1.46483,1.48243
2009-04-06,1.48243,1.49586,1.46693,1.47666
2009-04-07,1.47666,1.47774,1.45801,1.47299
2009-04-08,1.47299,1.47473,1.46335,1.47152
2009-04-09,1.47152,1.47803,1.45855,1.46773
2009-04-10,1.46773,1.46823,1.46144,1.46554
2009-04-13,1.46554,1.48702,1.46023,1.48514
2009-04-14,1.48514,1.49446,1.48237,1.48941
2009-04-15,1.48941,1.50373,1.4821199999999999,1.49968
2009-04-16,1.49968,1.5069,1.48386,1.49252
2009-04-17,1.49252,1.4942,1.47552,1.47815
2009-04-20,1.47815,1.4815,1.45005,1.45368
2009-04-21,1.45368,1.4707999999999999,1.44679,1.46713
2009-04-22,1.46713,1.4686,1.43962,1.44898
2009-04-23,1.44898,1.47425,1.44423,1.47201
2009-04-24,1.47201,1.47729,1.4575,1.46561
2009-04-27,1.46561,1.46949,1.4515,1.46417
2009-04-28,1.46417,1.46919,1.45157,1.46322
2009-04-29,1.46322,1.4814,1.46087,1.47692
2009-04-30,1.47692,1.49491,1.4703,1.47895
2009-05-01,1.47895,1.49345,1.47531,1.49106
2009-05-04,1.49106,1.5022,1.48338,1.50149
2009-05-05,1.50149,1.51627,1.4982,1.50871
2009-05-06,1.50871,1.515,1.49912,1.51339
2009-05-07,1.51339,1.51967,1.4943,1.50168
2009-05-08,1.50168,1.52366,1.4967,1.52349
2009-05-11,1.52349,1.5246,1.50688,1.51158
2009-05-12,1.51158,1.5352999999999999,1.5073,1.52677
2009-05-13,1.52677,1.53335,1.50863,1.5156
2009-05-14,1.5156,1.52475,1.50586,1.52352
2009-05-15,1.52352,1.52885,1.51335,1.51654
2009-05-18,1.51654,1.53482,1.51163,1.53463
2009-05-19,1.53463,1.55242,1.5295,1.54769
2009-05-20,1.54769,1.57936,1.54494,1.57505
2009-05-21,1.57505,1.58903,1.55134,1.58352
2009-05-22,1.58352,1.5946,1.57548,1.59068
2009-05-25,1.59068,1.59392,1.58355,1.59071
2009-05-26,1.59071,1.5969,1.57773,1.59232
2009-05-27,1.59232,1.60858,1.59231,1.5951
2009-05-28,1.5951,1.60165,1.58521,1.59396
2009-05-29,1.59396,1.61995,1.5917,1.61632
2009-06-01,1.61632,1.64966,1.61614,1.64372
2009-06-02,1.64372,1.65963,1.6324,1.65761
2009-06-03,1.65761,1.66629,1.62408,1.6314
2009-06-04,1.6314,1.64349,1.60823,1.6172
2009-06-05,1.6172,1.62431,1.5939699999999999,1.59751
2009-06-08,1.59751,1.6105,1.58022,1.60486
2009-06-09,1.60486,1.6362,1.59854,1.63023
2009-06-10,1.63023,1.64738,1.62399,1.63563
2009-06-11,1.63563,1.66224,1.63389,1.6589099999999999
2009-06-12,1.6589099999999999,1.65985,1.63286,1.64274
2009-06-15,1.64274,1.64438,1.62422,1.63173
2009-06-16,1.63173,1.65078,1.6209,1.64097
2009-06-17,1.64097,1.64836,1.6219999999999999,1.6397
2009-06-18,1.6397,1.64704,1.61871,1.63294
2009-06-19,1.63294,1.65619,1.63033,1.64961
2009-06-22,1.64961,1.65161,1.632,1.63448
2009-06-23,1.63448,1.64749,1.62085,1.64502
2009-06-24,1.64502,1.66025,1.63679,1.64048
2009-06-25,1.64048,1.64685,1.6232199999999999,1.63662
2009-06-26,1.63662,1.6561,1.63643,1.65241
2009-06-29,1.65241,1.65866,1.64275,1.65635
2009-06-30,1.65635,1.67448,1.64222,1.64568
2009-07-01,1.64568,1.6545,1.6384,1.64772
2009-07-02,1.64772,1.65,1.63228,1.63922
2009-07-03,1.63922,1.64295,1.63012,1.63223
2009-07-06,1.63223,1.63284,1.60958,1.62845
2009-07-07,1.62845,1.62965,1.61161,1.61359
2009-07-08,1.61359,1.61389,1.59834,1.60701
2009-07-09,1.60701,1.63801,1.60278,1.63321
2009-07-10,1.63321,1.63465,1.61541,1.62062
2009-07-13,1.62062,1.62395,1.6032899999999999,1.62243
2009-07-14,1.62243,1.63443,1.62218,1.63062
2009-07-15,1.63062,1.64682,1.63004,1.64182
2009-07-16,1.64182,1.648,1.6355,1.64348
2009-07-17,1.64348,1.64474,1.62652,1.63424
2009-07-20,1.63424,1.65575,1.6317,1.65432
2009-07-21,1.65432,1.65536,1.63835,1.64578
2009-07-22,1.64578,1.6505,1.6310499999999999,1.64863
2009-07-23,1.64863,1.6586,1.6434,1.64747
2009-07-24,1.64747,1.65428,1.63903,1.64279
2009-07-27,1.64279,1.6524,1.6381999999999999,1.64824
2009-07-28,1.64824,1.65564,1.6391,1.64257
2009-07-29,1.64257,1.64683,1.63469,1.6377
2009-07-30,1.6377,1.6526,1.63381,1.64926
2009-07-31,1.64926,1.67332,1.64733,1.67032
2009-08-03,1.67032,1.69875,1.66948,1.69257
2009-08-04,1.69257,1.7005,1.68885,1.69372
2009-08-05,1.69372,1.7042599999999999,1.69008,1.69858
2009-08-06,1.69858,1.70296,1.67513,1.678
2009-08-07,1.678,1.68283,1.66508,1.66827
2009-08-10,1.66827,1.67185,1.64305,1.64798
2009-08-11,1.64798,1.6524699999999999,1.64308,1.64772
2009-08-12,1.64772,1.65602,1.63903,1.64777
2009-08-13,1.64777,1.66682,1.64763,1.65797
2009-08-14,1.65797,1.66075,1.6484,1.65298
2009-08-17,1.65298,1.65298,1.62755,1.63457
2009-08-18,1.63457,1.65877,1.63249,1.65564
2009-08-19,1.65564,1.65943,1.63751,1.6527
2009-08-20,1.6527,1.66105,1.64511,1.65043
2009-08-21,1.65043,1.66249,1.6419,1.6487
2009-08-24,1.6487,1.65463,1.6391499999999999,1.6414
2009-08-25,1.6414,1.64451,1.63304,1.63462
2009-08-26,1.63462,1.63536,1.61588,1.6248
2009-08-27,1.6248,1.63047,1.61531,1.62802
2009-08-28,1.62802,1.63815,1.6256,1.62725
2009-08-31,1.62725,1.63302,1.61834,1.62846
2009-09-01,1.62846,1.63761,1.61125,1.61552
2009-09-02,1.61552,1.62998,1.61135,1.62711
2009-09-03,1.62711,1.64136,1.6236599999999999,1.63172
2009-09-04,1.63172,1.64114,1.62862,1.63952
2009-09-07,1.63952,1.6444,1.6326,1.6347
2009-09-08,1.6347,1.65872,1.63225,1.64854
2009-09-09,1.64854,1.6592,1.64549,1.65436
2009-09-10,1.65436,1.6687,1.64802,1.66486
2009-09-11,1.66486,1.67418,1.66432,1.66713
2009-09-14,1.66713,1.66868,1.6521,1.65814
2009-09-15,1.65814,1.66572,1.64025,1.64862
2009-09-16,1.64862,1.65339,1.6432,1.64856
2009-09-17,1.64856,1.65688,1.6426,1.64491
2009-09-18,1.64491,1.64549,1.6230499999999999,1.62323
2009-09-21,1.62228,1.6265,1.61342,1.62145
2009-09-22,1.62145,1.6395,1.62002,1.63547
2009-09-23,1.63547,1.64684,1.63295,1.63392
2009-09-24,1.63392,1.63875,1.60223,1.60568
2009-09-25,1.60568,1.60672,1.59152,1.59327
2009-09-28,1.5964099999999999,1.59754,1.57697,1.5881399999999999
2009-09-29,1.5881399999999999,1.59894,1.5824,1.5959699999999999
2009-09-30,1.5959699999999999,1.61262,1.59447,1.59792
2009-10-01,1.59792,1.60246,1.59239,1.59538
2009-10-02,1.59538,1.59581,1.58035,1.59159
2009-10-05,1.59159,1.6024,1.59024,1.5933
2009-10-06,1.5933,1.60474,1.58763,1.59184
2009-10-07,1.59184,1.5972,1.58585,1.59677
2009-10-08,1.59677,1.61205,1.59479,1.60691
2009-10-09,1.60691,1.6077299999999999,1.58259,1.58418
2009-10-12,1.58418,1.58828,1.57278,1.57972
2009-10-13,1.57972,1.59292,1.57073,1.59212
2009-10-14,1.59212,1.60252,1.59017,1.59776
2009-10-15,1.59776,1.62997,1.59728,1.62684
2009-10-16,1.62684,1.63995,1.62519,1.63568
2009-10-19,1.63568,1.64238,1.62401,1.64207
2009-10-20,1.64207,1.64895,1.63285,1.63785
2009-10-21,1.63785,1.6637,1.63464,1.66055
2009-10-22,1.66055,1.66371,1.64869,1.6617899999999999
2009-10-23,1.6617899999999999,1.6694,1.62999,1.6307
2009-10-26,1.6307,1.63956,1.62515,1.63342
2009-10-27,1.63342,1.6439,1.6286,1.63663
2009-10-28,1.63663,1.6467,1.62857,1.6373
2009-10-29,1.6373,1.66039,1.63382,1.65422
2009-10-30,1.65422,1.65795,1.6408,1.6412
2009-11-02,1.6412,1.64781,1.63282,1.6406
2009-11-03,1.6406,1.64555,1.6260999999999999,1.64343
2009-11-04,1.64343,1.65975,1.64005,1.65507
2009-11-05,1.65507,1.66362,1.64662,1.65811
2009-11-06,1.65811,1.66359,1.65175,1.66087
2009-11-09,1.66087,1.68431,1.66087,1.67557
2009-11-10,1.67557,1.67881,1.66005,1.67424
2009-11-11,1.67424,1.67979,1.65353,1.65725
2009-11-12,1.65725,1.6627,1.65149,1.65757
2009-11-13,1.65757,1.67072,1.65701,1.66935
2009-11-16,1.66935,1.68782,1.66694,1.68164
2009-11-17,1.68164,1.68726,1.67553,1.68097
2009-11-18,1.68097,1.6846,1.67149,1.6745
2009-11-19,1.6745,1.67498,1.66062,1.66655
2009-11-20,1.66655,1.66763,1.64604,1.65123
2009-11-23,1.65123,1.66482,1.64728,1.66034
2009-11-24,1.66034,1.66185,1.6496899999999999,1.65864
2009-11-25,1.65864,1.6746,1.65754,1.67039
2009-11-26,1.67039,1.67293,1.64666,1.65277
2009-11-27,1.65277,1.65277,1.62713,1.64711
2009-11-30,1.64711,1.65925,1.63804,1.64391
2009-12-01,1.64391,1.6647,1.6391499999999999,1.66017
2009-12-02,1.66017,1.6695,1.65503,1.6626
2009-12-03,1.6626,1.6722,1.65305,1.65363
2009-12-04,1.65363,1.66758,1.64224,1.6446399999999999
2009-12-07,1.6446399999999999,1.6516,1.63133,1.64439
2009-12-08,1.64439,1.6477,1.62557,1.6284
2009-12-09,1.6284,1.63755,1.61669,1.62588
2009-12-10,1.62588,1.63468,1.62141,1.62752
2009-12-11,1.62752,1.63387,1.6196,1.62431
2009-12-14,1.62431,1.63255,1.61902,1.63093
2009-12-15,1.63093,1.6319299999999999,1.62056,1.62639
2009-12-16,1.62639,1.6411499999999999,1.62311,1.63323
2009-12-17,1.63323,1.63407,1.60794,1.61515
2009-12-18,1.61515,1.62508,1.60521,1.61392
2009-12-21,1.61392,1.61651,1.60304,1.60344
2009-12-22,1.60344,1.61,1.59213,1.59647
2009-12-23,1.59647,1.59933,1.59229,1.59525
2009-12-24,1.59525,1.6023,1.5927499999999999,1.59406
2009-12-28,1.59406,1.60155,1.59323,1.59993
2009-12-29,1.59993,1.60678,1.58683,1.59018
2009-12-30,1.59018,1.6095,1.58319,1.60754
2009-12-31,1.60754,1.62365,1.60481,1.6164
2010-01-04,1.6164,1.62418,1.60582,1.60811
2010-01-05,1.60811,1.61535,1.59655,1.59892
2010-01-06,1.59892,1.6064,1.59375,1.60165
2010-01-07,1.60165,1.6058999999999999,1.58964,1.59294
2010-01-08,1.59294,1.6111,1.59155,1.6026
2010-01-11,1.6026,1.6194,1.6026,1.61122
2010-01-12,1.61122,1.61951,1.60617,1.61599
2010-01-13,1.61599,1.63076,1.61365,1.62781
2010-01-14,1.62781,1.6347,1.62492,1.6332
2010-01-15,1.6332,1.63562,1.62106,1.6258
2010-01-18,1.6258,1.63788,1.625,1.63396
2010-01-19,1.63396,1.6458,1.6312,1.6359
2010-01-20,1.6359,1.6372,1.6244,1.62884
2010-01-21,1.62884,1.63118,1.6125099999999999,1.61914
2010-01-22,1.61914,1.62841,1.60769,1.61255
2010-01-25,1.61255,1.62615,1.60886,1.62415
2010-01-26,1.62415,1.62685,1.60934,1.61399
2010-01-27,1.61399,1.62438,1.61075,1.61663
2010-01-28,1.61663,1.62762,1.61129,1.61351
2010-01-29,1.61351,1.61795,1.59818,1.5983
2010-02-01,1.5983,1.5983,1.58504,1.59551
2010-02-02,1.59551,1.59955,1.59026,1.59726
2010-02-03,1.59726,1.60699,1.58765,1.58899
2010-02-04,1.58899,1.59188,1.57305,1.5751
2010-02-05,1.5751,1.57756,1.55582,1.56288
2010-02-08,1.56288,1.566,1.5534,1.55831
2010-02-09,1.55831,1.57486,1.55614,1.57168
2010-02-10,1.57168,1.57656,1.55715,1.55935
2010-02-11,1.55935,1.57181,1.55595,1.57036
2010-02-12,1.57036,1.57412,1.55801,1.56713
2010-02-15,1.56713,1.57211,1.56121,1.56574
2010-02-16,1.56574,1.57948,1.56278,1.57895
2010-02-17,1.57895,1.58159,1.5666,1.56698
2010-02-18,1.56698,1.56877,1.54929,1.55277
2010-02-19,1.55277,1.55392,1.53434,1.54538
2010-02-22,1.54538,1.5521,1.543,1.54788
2010-02-23,1.54788,1.55755,1.53945,1.54195
2010-02-24,1.54195,1.54766,1.53865,1.54052
2010-02-25,1.54052,1.5422,1.51888,1.52624
2010-02-26,1.52624,1.53234,1.51518,1.52492
2010-03-01,1.52492,1.52492,1.47828,1.49882
2010-03-02,1.49882,1.50004,1.48539,1.49692
2010-03-03,1.49692,1.51306,1.49585,1.50966
2010-03-04,1.50966,1.51368,1.50054,1.50295
2010-03-05,1.50295,1.51662,1.4992699999999999,1.51455
2010-03-08,1.51455,1.51957,1.5030999999999999,1.50645
2010-03-09,1.50645,1.5068,1.4936099999999999,1.49952
2010-03-10,1.49952,1.50161,1.48724,1.49746
2010-03-11,1.49746,1.5067,1.49454,1.506
2010-03-12,1.506,1.52173,1.50259,1.51858
2010-03-15,1.51858,1.52077,1.5019,1.50517
2010-03-16,1.50517,1.52602,1.49774,1.52502
2010-03-17,1.52502,1.5382,1.52089,1.5317
2010-03-18,1.5317,1.53281,1.52165,1.52446
2010-03-19,1.52446,1.52558,1.49885,1.5019
2010-03-22,1.5019,1.51065,1.49307,1.50977
2010-03-23,1.50977,1.51122,1.49724,1.5045
2010-03-24,1.5045,1.5048,1.4861,1.48632
2010-03-25,1.48632,1.50032,1.47984,1.48092
2010-03-26,1.48092,1.4924,1.48043,1.49011
2010-03-29,1.49011,1.50193,1.48922,1.49846
2010-03-30,1.49846,1.51269,1.49735,1.50673
2010-03-31,1.50673,1.5204199999999999,1.50431,1.51808
2010-04-01,1.51808,1.52985,1.51702,1.52879
2010-04-02,1.52879,1.52967,1.51816,1.52039
2010-04-05,1.52039,1.53195,1.52039,1.5292999999999999
2010-04-06,1.5292999999999999,1.53065,1.5129,1.52638
2010-04-07,1.52638,1.52854,1.5138,1.52379
2010-04-08,1.52379,1.528,1.51416,1.52778
2010-04-09,1.52778,1.53917,1.52672,1.53783
2010-04-12,1.53783,1.54855,1.53521,1.53656
2010-04-13,1.53656,1.54493,1.5336,1.53785
2010-04-14,1.53785,1.5491,1.53714,1.54652
2010-04-15,1.54652,1.55236,1.53859,1.54942
2010-04-16,1.54942,1.5506,1.53665,1.53907
2010-04-19,1.53907,1.53907,1.51914,1.53363
2010-04-20,1.53363,1.54336,1.52895,1.5357
2010-04-21,1.5357,1.54398,1.53319,1.54092
2010-04-22,1.54092,1.5473,1.53417,1.53768
2010-04-23,1.53768,1.53988,1.52945,1.53775
2010-04-26,1.53775,1.54973,1.53717,1.54566
2010-04-27,1.54566,1.54837,1.52399,1.52637
2010-04-28,1.52637,1.52883,1.51252,1.52071
2010-04-29,1.52071,1.5342,1.51424,1.53172
2010-04-30,1.53172,1.5391,1.52534,1.53006
2010-05-03,1.53006,1.53268,1.5211,1.52465
2010-05-04,1.52465,1.5265,1.50903,1.51423
2010-05-05,1.51423,1.51726,1.50669,1.50991
2010-05-06,1.50991,1.5148,1.47081,1.48224
2010-05-07,1.48224,1.49352,1.44758,1.4819499999999999
2010-05-10,1.4819499999999999,1.50544,1.4760199999999999,1.48453
2010-05-11,1.48453,1.50043,1.472,1.49539
2010-05-12,1.49539,1.50451,1.48185,1.48222
2010-05-13,1.48222,1.49175,1.45939,1.46112
2010-05-14,1.46112,1.46398,1.44958,1.45368
2010-05-17,1.45368,1.4546,1.42502,1.44755
2010-05-18,1.44755,1.45199,1.43051,1.43327
2010-05-19,1.43327,1.44485,1.42379,1.44426
2010-05-20,1.44426,1.44669,1.42266,1.43518
2010-05-21,1.43518,1.4496,1.43164,1.4483
2010-05-24,1.4483,1.45281,1.43524,1.44233
2010-05-25,1.44233,1.44233,1.42585,1.44073
2010-05-26,1.44073,1.44478,1.43304,1.43843
2010-05-27,1.43843,1.46071,1.43657,1.45805
2010-05-28,1.45805,1.46115,1.44345,1.44523
2010-05-31,1.44523,1.45481,1.44132,1.4542
2010-06-01,1.4542,1.47235,1.44388,1.46503
2010-06-02,1.46503,1.47705,1.45532,1.46504
2010-06-03,1.46504,1.47433,1.45867,1.46132
2010-06-04,1.46132,1.4682,1.44533,1.44735
2010-06-07,1.44735,1.45632,1.43882,1.44667
2010-06-08,1.44667,1.4529,1.43465,1.4465
2010-06-09,1.4465,1.46082,1.43954,1.4528
2010-06-10,1.4528,1.47171,1.4509,1.47137
2010-06-11,1.47137,1.4759,1.45044,1.4536499999999999
2010-06-14,1.4536499999999999,1.48094,1.4536499999999999,1.47434
2010-06-15,1.47434,1.48364,1.46827,1.48087
2010-06-16,1.48087,1.48555,1.47253,1.47291
2010-06-17,1.47291,1.4838,1.46449,1.48245
2010-06-18,1.48245,1.4886,1.477,1.48244
2010-06-21,1.48244,1.49365,1.47379,1.47544
2010-06-22,1.47544,1.48588,1.46871,1.48069
2010-06-23,1.48069,1.49734,1.48023,1.4955
2010-06-24,1.4955,1.50119,1.49154,1.49348
2010-06-25,1.49348,1.5078,1.48556,1.5076
2010-06-28,1.5076,1.51289,1.5017099999999999,1.51068
2010-06-29,1.51068,1.51204,1.50124,1.50668
2010-06-30,1.50668,1.50735,1.49354,1.49466
2010-07-01,1.49466,1.51901,1.48733,1.51745
2010-07-02,1.51745,1.52285,1.51494,1.51963
2010-07-05,1.51963,1.52008,1.50898,1.5134
2010-07-06,1.5134,1.52268,1.5081499999999999,1.5148
2010-07-07,1.5148,1.52194,1.50811,1.51888
2010-07-08,1.51888,1.5241,1.51019,1.51648
2010-07-09,1.51648,1.52053,1.50505,1.50609
2010-07-12,1.50609,1.50865,1.49484,1.50297
2010-07-13,1.50297,1.51923,1.49647,1.51758
2010-07-14,1.51758,1.52973,1.5170299999999999,1.52667
2010-07-15,1.52667,1.54718,1.5235,1.54606
2010-07-16,1.54606,1.54628,1.52785,1.52983
2010-07-19,1.52983,1.53517,1.52027,1.52293
2010-07-20,1.52293,1.53095,1.51532,1.5263
2010-07-21,1.5263,1.53358,1.51243,1.51625
2010-07-22,1.51625,1.52966,1.51501,1.52576
2010-07-23,1.52576,1.54492,1.5251,1.54273
2010-07-26,1.54273,1.55205,1.54088,1.5488
2010-07-27,1.5488,1.5599399999999999,1.54428,1.55915
2010-07-28,1.55915,1.56382,1.55452,1.55945
2010-07-29,1.55945,1.56627,1.55801,1.5611599999999999
2010-07-30,1.5611599999999999,1.57216,1.55516,1.56891
2010-08-02,1.56891,1.59072,1.56891,1.58862
2010-08-03,1.58862,1.59684,1.58615,1.59516
2010-08-04,1.59516,1.59637,1.58563,1.58808
2010-08-05,1.58808,1.59245,1.58202,1.58961
2010-08-06,1.58961,1.59985,1.584,1.59644
2010-08-09,1.59644,1.5994,1.58891,1.58903
2010-08-10,1.58903,1.59081,1.57105,1.58502
2010-08-11,1.58502,1.58624,1.56283,1.56572
2010-08-12,1.56572,1.57142,1.55616,1.55776
2010-08-13,1.55776,1.56794,1.55658,1.55907
2010-08-16,1.55907,1.57026,1.55351,1.56625
2010-08-17,1.56625,1.56955,1.55517,1.55841
2010-08-18,1.55841,1.56884,1.54979,1.55931
2010-08-19,1.55931,1.56715,1.55095,1.5601099999999999
2010-08-20,1.5601099999999999,1.56085,1.54628,1.55324
2010-08-23,1.55324,1.56192,1.5500099999999999,1.55119
2010-08-24,1.55119,1.55142,1.53724,1.53941
2010-08-25,1.53941,1.54708,1.5389599999999999,1.54651
2010-08-26,1.54651,1.5597699999999999,1.54562,1.55266
2010-08-27,1.55266,1.55449,1.54425,1.55136
2010-08-30,1.55136,1.55763,1.54563,1.5462
2010-08-31,1.5462,1.54744,1.53267,1.53461
2010-09-01,1.53461,1.54917,1.53365,1.54528
2010-09-02,1.54528,1.54587,1.53506,1.53988
2010-09-03,1.53988,1.54672,1.5389,1.5466
2010-09-06,1.5466,1.54893,1.53456,1.53926
2010-09-07,1.53926,1.54245,1.52968,1.53558
2010-09-08,1.53558,1.55331,1.5343499999999999,1.5469
2010-09-09,1.5469,1.54781,1.53761,1.5428
2010-09-10,1.5428,1.54666,1.5345,1.53531
2010-09-13,1.53531,1.54885,1.53501,1.54288
2010-09-14,1.54288,1.55875,1.53483,1.55391
2010-09-15,1.55391,1.56521,1.54485,1.56206
2010-09-16,1.56206,1.56491,1.55378,1.56223
2010-09-17,1.56223,1.57293,1.5594999999999999,1.56219
2010-09-20,1.56219,1.5685499999999999,1.55372,1.55455
2010-09-21,1.55455,1.56435,1.55031,1.56206
2010-09-22,1.56206,1.57157,1.56018,1.56631
2010-09-23,1.56631,1.57419,1.56112,1.5682099999999999
2010-09-24,1.5682099999999999,1.58435,1.56413,1.58268
2010-09-27,1.58268,1.58669,1.57872,1.58261
2010-09-28,1.58261,1.58957,1.57189,1.58013
2010-09-29,1.58013,1.58746,1.57619,1.57846
2010-09-30,1.57846,1.59233,1.56698,1.57149
2010-10-01,1.57149,1.5873,1.57033,1.58343
2010-10-04,1.58343,1.58698,1.57489,1.58305
2010-10-05,1.58305,1.59301,1.57513,1.58884
2010-10-06,1.58884,1.59402,1.58326,1.58887
2010-10-07,1.58887,1.60179,1.58263,1.58759
2010-10-08,1.58759,1.59654,1.58235,1.59517
2010-10-11,1.59517,1.59635,1.58686,1.58816
2010-10-12,1.58816,1.59172,1.57548,1.58071
2010-10-13,1.58071,1.59083,1.57742,1.58965
2010-10-14,1.58965,1.60671,1.5888,1.60103
2010-10-15,1.60103,1.61067,1.5971,1.59839
2010-10-18,1.59839,1.6004,1.58374,1.58731
2010-10-19,1.58731,1.5942,1.56789,1.57054
2010-10-20,1.57054,1.58785,1.56496,1.58478
2010-10-21,1.58478,1.58495,1.5686,1.5702099999999999
2010-10-22,1.5702099999999999,1.5750899999999999,1.56513,1.56802
2010-10-25,1.56802,1.5772599999999999,1.56558,1.57222
2010-10-26,1.57222,1.58963,1.56903,1.58436
2010-10-27,1.58436,1.58661,1.5731,1.57666
2010-10-28,1.57666,1.59784,1.57622,1.59446
2010-10-29,1.59446,1.6037,1.58776,1.6021
2010-11-01,1.6021,1.60896,1.59894,1.60341
2010-11-02,1.60341,1.60803,1.59614,1.60392
2010-11-03,1.60392,1.61705,1.60071,1.60819
2010-11-04,1.60819,1.6299,1.60772,1.6267099999999999
2010-11-05,1.6267099999999999,1.62942,1.61664,1.61855
2010-11-08,1.61855,1.62131,1.6103399999999999,1.61381
2010-11-09,1.61381,1.61841,1.59512,1.59845
2010-11-10,1.59845,1.61361,1.59607,1.61196
2010-11-11,1.61196,1.61794,1.60816,1.61225
2010-11-12,1.61225,1.6184,1.59857,1.61364
2010-11-15,1.61364,1.61541,1.60416,1.6052
2010-11-16,1.6052,1.60864,1.58383,1.58841
2010-11-17,1.58841,1.59489,1.58543,1.59056
2010-11-18,1.59056,1.60552,1.58881,1.6040699999999999
2010-11-19,1.6040699999999999,1.60942,1.59362,1.59869
2010-11-22,1.59869,1.60844,1.58987,1.5954599999999999
2010-11-23,1.5954599999999999,1.59645,1.57591,1.57731
2010-11-24,1.57731,1.58373,1.57412,1.57706
2010-11-25,1.57706,1.5794,1.57253,1.57594
2010-11-26,1.57594,1.57717,1.55755,1.55915
2010-11-29,1.55915,1.56471,1.55274,1.55724
2010-11-30,1.55724,1.55958,1.54846,1.5562
2010-12-01,1.5562,1.56491,1.55475,1.56201
2010-12-02,1.56201,1.56673,1.5512,1.55981
2010-12-03,1.55981,1.57875,1.55808,1.5771
2010-12-06,1.5771,1.57746,1.56556,1.5715
2010-12-07,1.5715,1.58224,1.57028,1.57561
2010-12-08,1.57561,1.58367,1.5668199999999999,1.58045
2010-12-09,1.58045,1.58413,1.57113,1.57681
2010-12-10,1.57681,1.5862,1.57478,1.581
2010-12-13,1.581,1.58971,1.57193,1.5863099999999999
2010-12-14,1.5863099999999999,1.59113,1.57393,1.57755
2010-12-15,1.57755,1.57783,1.5530599999999999,1.55442
2010-12-16,1.55442,1.56362,1.55402,1.56314
2010-12-17,1.56314,1.56467,1.54543,1.5518
2010-12-20,1.5518,1.55765,1.54761,1.5512299999999999
2010-12-21,1.5512299999999999,1.5568,1.5435699999999999,1.54693
2010-12-22,1.54693,1.54937,1.53562,1.53829
2010-12-23,1.53829,1.54367,1.53731,1.54234
2010-12-24,1.54234,1.54759,1.54171,1.54414
2010-12-27,1.54414,1.54572,1.53698,1.542
2010-12-28,1.542,1.55114,1.53446,1.53681
2010-12-29,1.53681,1.55181,1.53508,1.54971
2010-12-30,1.54971,1.55357,1.53667,1.54251
2010-12-31,1.54251,1.56653,1.5424,1.55955
2011-01-03,1.55955,1.55955,1.54681,1.54864
2011-01-04,1.54864,1.56457,1.5453999999999999,1.55866
2011-01-05,1.55866,1.56277,1.54507,1.55155
2011-01-06,1.55155,1.55643,1.54488,1.54719
2011-01-07,1.54719,1.55791,1.54055,1.5549
2011-01-10,1.5549,1.5603,1.54749,1.55716
2011-01-11,1.55716,1.5639399999999999,1.55126,1.55987
2011-01-12,1.55987,1.5781,1.55831,1.57675
2011-01-13,1.57675,1.58837,1.57182,1.58371
2011-01-14,1.58371,1.58889,1.58102,1.58724
2011-01-17,1.58724,1.58927,1.58724,1.5885
2011-01-18,1.5885,1.606,1.58781,1.5961
2011-01-19,1.5961,1.60378,1.59448,1.59943
2011-01-20,1.59943,1.60092,1.58374,1.58988
2011-01-21,1.58988,1.60174,1.58669,1.60033
2011-01-24,1.60033,1.60141,1.5921,1.59853
2011-01-25,1.59853,1.60166,1.57507,1.58169
2011-01-26,1.58169,1.59347,1.57692,1.59314
2011-01-27,1.59314,1.59907,1.5879699999999999,1.5927
2011-01-28,1.5927,1.59667,1.58254,1.58621
2011-01-31,1.58621,1.60487,1.58216,1.60143
2011-02-01,1.60143,1.61642,1.60097,1.6145
2011-02-02,1.6145,1.6231,1.61281,1.61885
2011-02-03,1.61885,1.62782,1.61214,1.61336
2011-02-04,1.61336,1.6172199999999999,1.60364,1.60972
2011-02-07,1.60972,1.6185,1.60892,1.61108
2011-02-08,1.61108,1.61624,1.60278,1.6068
2011-02-09,1.6068,1.61245,1.60328,1.60992
2011-02-10,1.60992,1.61378,1.60074,1.60954
2011-02-11,1.60954,1.61125,1.59628,1.5999
2011-02-14,1.5999,1.60772,1.59816,1.60345
2011-02-15,1.60345,1.61713,1.60072,1.6123
2011-02-16,1.6123,1.61852,1.59865,1.60908
2011-02-17,1.60908,1.61864,1.60748,1.61699
2011-02-18,1.61699,1.62631,1.61484,1.62312
2011-02-21,1.62312,1.6258299999999999,1.6204,1.62231
2011-02-22,1.62231,1.62278,1.61013,1.61331
2011-02-23,1.61331,1.62743,1.6131,1.62077
2011-02-24,1.62077,1.62546,1.6085,1.6135
2011-02-25,1.6135,1.61606,1.60308,1.61146
2011-02-28,1.61146,1.62765,1.60715,1.62538
2011-03-01,1.62538,1.6329,1.62516,1.62637
2011-03-02,1.62637,1.6344,1.62148,1.63226
2011-03-03,1.63226,1.63335,1.6253,1.62747
2011-03-04,1.62747,1.6305399999999999,1.62354,1.62716
2011-03-07,1.62716,1.63417,1.61825,1.61984
2011-03-08,1.61984,1.62081,1.6125,1.61579
2011-03-09,1.61579,1.62429,1.61377,1.6199
2011-03-10,1.6199,1.62132,1.60385,1.60567
2011-03-11,1.60567,1.60871,1.5977,1.60871
2011-03-14,1.60871,1.61991,1.60272,1.61714
2011-03-15,1.61714,1.61846,1.59782,1.6076
2011-03-16,1.6076,1.61313,1.59861,1.6022
2011-03-17,1.6022,1.61701,1.59819,1.6134
2011-03-18,1.6134,1.62563,1.60606,1.62272
2011-03-21,1.62272,1.63278,1.6204,1.6309
2011-03-22,1.6309,1.64011,1.62926,1.6363
2011-03-23,1.6363,1.63865,1.62186,1.6234
2011-03-24,1.6234,1.62669,1.60917,1.6121
2011-03-25,1.6121,1.61419,1.60078,1.60194
2011-03-28,1.60194,1.60381,1.59364,1.59921
2011-03-29,1.59921,1.60427,1.59421,1.601
2011-03-30,1.601,1.60836,1.59786,1.607
2011-03-31,1.607,1.61513,1.6016,1.60273
2011-04-01,1.60273,1.61331,1.59722,1.6118999999999999
2011-04-04,1.6118999999999999,1.61767,1.61014,1.6129
2011-04-05,1.6129,1.62971,1.60918,1.62958
2011-04-06,1.62958,1.6363699999999999,1.62572,1.6331
2011-04-07,1.6331,1.63449,1.62623,1.63187
2011-04-08,1.63187,1.64279,1.6315,1.6379
2011-04-11,1.6379,1.64262,1.63134,1.6344
2011-04-12,1.6344,1.63485,1.62274,1.6255
2011-04-13,1.6255,1.63097,1.62372,1.6267
2011-04-14,1.6267,1.63843,1.62535,1.6351
2011-04-15,1.6351,1.63728,1.62916,1.6294899999999999
2011-04-18,1.6294899999999999,1.63287,1.61656,1.6264
2011-04-19,1.6264,1.6337,1.62298,1.6313
2011-04-20,1.6313,1.64256,1.6307099999999999,1.6407
2011-04-21,1.6407,1.65992,1.63864,1.6521
2011-04-22,1.6521,1.65686,1.6502,1.65143
2011-04-25,1.65143,1.65523,1.64674,1.6496
2011-04-26,1.6496,1.6532,1.64311,1.6479
2011-04-27,1.6479,1.66367,1.64347,1.66249
2011-04-28,1.66249,1.67458,1.66218,1.66308
2011-04-29,1.66308,1.6722,1.66231,1.67034
2011-05-02,1.67034,1.67381,1.66355,1.6653
2011-05-03,1.6653,1.6661,1.64634,1.64863
2011-05-04,1.64863,1.65743,1.64522,1.6488
2011-05-05,1.6488,1.65438,1.63586,1.6384
2011-05-06,1.6384,1.64636,1.63538,1.63975
2011-05-09,1.63975,1.64067,1.627,1.6403
2011-05-10,1.6403,1.6421,1.6316,1.6363
2011-05-11,1.6363,1.65179,1.63218,1.6343
2011-05-12,1.6343,1.63796,1.62345,1.629
2011-05-13,1.629,1.6308,1.61466,1.6188
2011-05-16,1.6188,1.62547,1.61596,1.61915
2011-05-17,1.61915,1.63038,1.6175,1.6251
2011-05-18,1.6251,1.62879,1.61052,1.6167
2011-05-19,1.6167,1.62431,1.61309,1.6237
2011-05-20,1.6237,1.6305,1.61664,1.62431
2011-05-23,1.62431,1.62431,1.60874,1.612
2011-05-24,1.612,1.62091,1.6057,1.61804
2011-05-25,1.61804,1.6293199999999999,1.6132,1.62734
2011-05-26,1.62734,1.64045,1.62643,1.64
2011-05-27,1.64,1.651,1.63782,1.64808
2011-05-30,1.64808,1.65119,1.64501,1.6471
2011-05-31,1.6471,1.65469,1.64233,1.6445
2011-06-01,1.6445,1.64956,1.63311,1.63339
2011-06-02,1.63339,1.6418,1.6305,1.63686
2011-06-03,1.63686,1.6438,1.62859,1.64282
2011-06-06,1.64282,1.64606,1.63406,1.63545
2011-06-07,1.63545,1.6472499999999999,1.63242,1.64435
2011-06-08,1.64435,1.6451,1.63478,1.64015
2011-06-09,1.64015,1.64658,1.63581,1.63625
2011-06-10,1.63625,1.63835,1.62129,1.62256
2011-06-13,1.62256,1.63906,1.62162,1.63755
2011-06-14,1.63755,1.64414,1.63553,1.63697
2011-06-15,1.63697,1.63829,1.61686,1.61915
2011-06-16,1.61915,1.6225,1.60787,1.61533
2011-06-17,1.61533,1.61954,1.60931,1.61795
2011-06-20,1.61795,1.62348,1.61091,1.61997
2011-06-21,1.61997,1.62535,1.61671,1.62409
2011-06-22,1.62409,1.6263,1.60605,1.60703
2011-06-23,1.60703,1.60742,1.59382,1.60033
2011-06-24,1.60033,1.60469,1.59513,1.59632
2011-06-27,1.59632,1.6012,1.59131,1.59886
2011-06-28,1.59886,1.60439,1.59116,1.59969
2011-06-29,1.59969,1.60748,1.59701,1.60609
2011-06-30,1.60609,1.61184,1.5973,1.60517
2011-07-01,1.60517,1.60959,1.5988,1.60658
2011-07-04,1.60658,1.61403,1.60541,1.60755
2011-07-05,1.60755,1.61282,1.59907,1.60585
2011-07-06,1.60585,1.6091,1.59479,1.60015
2011-07-07,1.60015,1.60184,1.5944,1.59672
2011-07-08,1.59672,1.60781,1.59316,1.6044
2011-07-11,1.6044,1.6044,1.58826,1.5905799999999999
2011-07-12,1.5905799999999999,1.59491,1.57794,1.59114
2011-07-13,1.59114,1.61212,1.59015,1.6107799999999999
2011-07-14,1.6107799999999999,1.61942,1.60941,1.61377
2011-07-15,1.61377,1.61762,1.60762,1.6128
2011-07-18,1.6128,1.61331,1.60048,1.60565
2011-07-19,1.60565,1.6178299999999999,1.60406,1.61185
2011-07-20,1.61185,1.61669,1.60687,1.61533
2011-07-21,1.61533,1.63333,1.61207,1.63299
2011-07-22,1.63299,1.634,1.62643,1.63008
2011-07-25,1.63008,1.63441,1.62616,1.62759
2011-07-26,1.62759,1.64286,1.62657,1.64082
2011-07-27,1.64082,1.64393,1.63121,1.63304
2011-07-28,1.63304,1.63832,1.62939,1.63734
2011-07-29,1.63734,1.64709,1.62608,1.64195
2011-08-01,1.64195,1.64751,1.62374,1.62942
2011-08-02,1.62942,1.63289,1.62242,1.62965
2011-08-03,1.62965,1.6431,1.6251,1.6426
2011-08-04,1.6426,1.64412,1.62457,1.62469
2011-08-05,1.62469,1.63968,1.62283,1.63893
2011-08-08,1.63893,1.6478,1.62972,1.63161
2011-08-09,1.63161,1.64108,1.61757,1.63148
2011-08-10,1.63148,1.63361,1.61231,1.6132
2011-08-11,1.6132,1.62387,1.61113,1.62371
2011-08-12,1.62371,1.63123,1.61665,1.62791
2011-08-15,1.62791,1.64093,1.62553,1.6387099999999999
2011-08-16,1.6387099999999999,1.64766,1.63184,1.64531
2011-08-17,1.64531,1.65924,1.6348,1.6541
2011-08-18,1.6541,1.65551,1.642,1.65156
2011-08-19,1.65156,1.66177,1.64443,1.6472
2011-08-22,1.6472,1.65206,1.64353,1.6452499999999999
2011-08-23,1.6452499999999999,1.65727,1.64456,1.64938
2011-08-24,1.64938,1.65338,1.63657,1.63735
2011-08-25,1.63735,1.6397,1.62595,1.62803
2011-08-26,1.62803,1.63629,1.62077,1.63473
2011-08-29,1.63473,1.64544,1.63228,1.64058
2011-08-30,1.64058,1.64192,1.62553,1.62952
2011-08-31,1.62952,1.63338,1.6230499999999999,1.62428
2011-09-01,1.62428,1.62601,1.61316,1.61785
2011-09-02,1.61785,1.6254,1.61711,1.6221
2011-09-05,1.6221,1.6221,1.60612,1.61167
2011-09-06,1.61167,1.62093,1.59209,1.59413
2011-09-07,1.59413,1.60405,1.59182,1.59903
2011-09-08,1.59903,1.60832,1.5913,1.59565
2011-09-09,1.59565,1.59906,1.58436,1.58767
2011-09-12,1.58767,1.58856,1.57732,1.58609
2011-09-13,1.58609,1.58696,1.57605,1.57786
2011-09-14,1.57786,1.58149,1.57061,1.57659
2011-09-15,1.57659,1.58686,1.57305,1.5798
2011-09-16,1.5798,1.58413,1.5745,1.57919
2011-09-19,1.57919,1.57919,1.56329,1.57034
2011-09-20,1.57034,1.57473,1.56551,1.5732
2011-09-21,1.5732,1.57471,1.54861,1.5499
2011-09-22,1.5499,1.55193,1.53277,1.53425
2011-09-23,1.53425,1.54914,1.5332,1.54744
2011-09-26,1.54744,1.5571,1.54319,1.55635
2011-09-27,1.55635,1.57056,1.55257,1.56317
2011-09-28,1.56317,1.56771,1.55639,1.55756
2011-09-29,1.55756,1.57157,1.55423,1.56273
2011-09-30,1.56273,1.56657,1.55322,1.55908
2011-10-03,1.55908,1.55908,1.54276,1.54313
2011-10-04,1.54313,1.54944,1.53399,1.5482
2011-10-05,1.5482,1.54928,1.53941,1.54573
2011-10-06,1.54573,1.55016,1.5271,1.54425
2011-10-07,1.54425,1.56461,1.54227,1.55607
2011-10-10,1.55607,1.56896,1.55271,1.56665
2011-10-11,1.56665,1.5669,1.55744,1.55755
2011-10-12,1.55755,1.57981,1.55423,1.57499
2011-10-13,1.57499,1.5784799999999999,1.56659,1.57655
2011-10-14,1.57655,1.58522,1.57213,1.58132
2011-10-17,1.58132,1.58479,1.57306,1.5742099999999999
2011-10-18,1.5742099999999999,1.5822,1.56312,1.57095
2011-10-19,1.57095,1.58477,1.56949,1.57725
2011-10-20,1.57725,1.58038,1.5681,1.57895
2011-10-21,1.57895,1.59729,1.5753,1.5968
2011-10-24,1.5968,1.6008,1.59001,1.59971
2011-10-25,1.59971,1.60394,1.59564,1.59998
2011-10-26,1.59998,1.60418,1.58906,1.59748
2011-10-27,1.59748,1.61416,1.59541,1.60986
2011-10-28,1.60986,1.61528,1.60709,1.61269
2011-10-31,1.61269,1.61662,1.59644,1.60871
2011-11-01,1.60871,1.60933,1.58904,1.59475
2011-11-02,1.59475,1.60471,1.59156,1.59465
2011-11-03,1.59465,1.60614,1.58757,1.60388
2011-11-04,1.60388,1.6063399999999999,1.59456,1.6020699999999999
2011-11-07,1.6020699999999999,1.60788,1.59793,1.60523
2011-11-08,1.60523,1.61302,1.60352,1.6088
2011-11-09,1.6088,1.612,1.59048,1.59053
2011-11-10,1.59053,1.59851,1.58685,1.59338
2011-11-11,1.59338,1.60931,1.58951,1.60778
2011-11-14,1.60778,1.60919,1.5881,1.5907499999999999
2011-11-15,1.5907499999999999,1.5931899999999999,1.57994,1.58186
2011-11-16,1.58186,1.58263,1.57217,1.57267
2011-11-17,1.57267,1.5812599999999999,1.5691,1.57513
2011-11-18,1.57513,1.58881,1.57375,1.57873
2011-11-21,1.57873,1.57969,1.56125,1.5641
2011-11-22,1.5641,1.5691599999999999,1.55821,1.56325
2011-11-23,1.56325,1.56553,1.54949,1.55217
2011-11-24,1.55217,1.5566,1.54847,1.54905
2011-11-25,1.54905,1.5518399999999999,1.54232,1.54519
2011-11-28,1.54519,1.55944,1.54519,1.55075
2011-11-29,1.55075,1.56564,1.54693,1.55958
2011-11-30,1.55958,1.578,1.55258,1.56979
2011-12-01,1.56979,1.5756,1.56365,1.56891
2011-12-02,1.56891,1.5726,1.55765,1.56005
2011-12-05,1.56005,1.57174,1.55848,1.56466
2011-12-06,1.56466,1.5664,1.55615,1.55986
2011-12-07,1.55986,1.57243,1.55945,1.5709899999999999
2011-12-08,1.5709899999999999,1.57696,1.56103,1.56282
2011-12-09,1.56282,1.57348,1.55845,1.56645
2011-12-12,1.56645,1.56645,1.55371,1.55815
2011-12-13,1.55815,1.56296,1.54513,1.5478399999999999
2011-12-14,1.5478399999999999,1.55316,1.54083,1.54646
2011-12-15,1.54646,1.55298,1.54335,1.55132
2011-12-16,1.55132,1.55576,1.54832,1.55453
2011-12-19,1.55453,1.55453,1.54649,1.5497
2011-12-20,1.5497,1.57007,1.54935,1.56595
2011-12-21,1.56595,1.57741,1.56478,1.56704
2011-12-22,1.56704,1.57288,1.56491,1.56771
2011-12-23,1.56771,1.57076,1.55799,1.55839
2011-12-26,1.55839,1.56464,1.55839,1.56243
2011-12-27,1.56243,1.57014,1.55971,1.56661
2011-12-28,1.56661,1.56922,1.54413,1.54528
2011-12-29,1.54528,1.54758,1.53609,1.54144
2011-12-30,1.54144,1.55718,1.5401,1.55454
2012-01-02,1.55454,1.55454,1.54678,1.55105
2012-01-03,1.55105,1.56696,1.54977,1.56465
2012-01-04,1.56465,1.56689,1.5579,1.56155
2012-01-05,1.56155,1.56294,1.5467,1.54935
2012-01-06,1.54935,1.55257,1.5375699999999999,1.54249
2012-01-09,1.54249,1.54697,1.5395699999999999,1.54609
2012-01-10,1.54609,1.55008,1.5446199999999999,1.54836
2012-01-11,1.54836,1.54905,1.53091,1.53271
2012-01-12,1.53271,1.53676,1.5279099999999999,1.53274
2012-01-13,1.53274,1.54094,1.52332,1.53075
2012-01-16,1.53075,1.53526,1.52748,1.53256
2012-01-17,1.53256,1.54042,1.53054,1.53292
2012-01-18,1.53292,1.54419,1.53254,1.54356
2012-01-19,1.54356,1.5492299999999999,1.54153,1.54842
2012-01-20,1.54842,1.55766,1.54502,1.5572
2012-01-23,1.5572,1.5602,1.55166,1.55653
2012-01-24,1.55653,1.56257,1.55328,1.56242
2012-01-25,1.56242,1.56783,1.55285,1.56541
2012-01-26,1.56541,1.5735,1.56448,1.56877
2012-01-27,1.56877,1.57405,1.56414,1.5726499999999999
2012-01-30,1.5726499999999999,1.57336,1.56539,1.57077
2012-01-31,1.57077,1.57973,1.56981,1.57614
2012-02-01,1.57614,1.58827,1.57073,1.58316
2012-02-02,1.58316,1.58591,1.57954,1.58038
2012-02-03,1.58038,1.58603,1.575,1.58102
2012-02-06,1.58102,1.58412,1.5729899999999999,1.58186
2012-02-07,1.58186,1.5905,1.5788,1.58935
2012-02-08,1.58935,1.59288,1.57972,1.58157
2012-02-09,1.58157,1.58852,1.57927,1.5816999999999999
2012-02-10,1.5816999999999999,1.58494,1.57305,1.5752
2012-02-13,1.5752,1.5827,1.5752,1.5766
2012-02-14,1.5766,1.57702,1.56446,1.569
2012-02-15,1.569,1.57361,1.56706,1.56898
2012-02-16,1.56898,1.58167,1.56553,1.57961
2012-02-17,1.57961,1.58619,1.57896,1.58264
2012-02-20,1.58264,1.58804,1.58264,1.58473
2012-02-21,1.58473,1.58653,1.57725,1.57777
2012-02-22,1.57777,1.58143,1.56484,1.56667
2012-02-23,1.56667,1.57472,1.56501,1.57423
2012-02-24,1.57423,1.58991,1.57213,1.5875299999999999
2012-02-27,1.5875299999999999,1.59012,1.58102,1.58215
2012-02-28,1.58215,1.59078,1.57996,1.58991
2012-02-29,1.58991,1.59922,1.58927,1.59005
2012-03-01,1.59005,1.59753,1.58968,1.59547
2012-03-02,1.59547,1.59661,1.58233,1.58291
2012-03-05,1.58291,1.5877,1.57849,1.5861
2012-03-06,1.5861,1.58822,1.56966,1.57137
2012-03-07,1.57137,1.57589,1.56974,1.57393
2012-03-08,1.57393,1.58334,1.57243,1.5827499999999999
2012-03-09,1.5827499999999999,1.5832,1.56623,1.56701
2012-03-12,1.56701,1.56956,1.56023,1.56393
2012-03-13,1.56393,1.57474,1.56207,1.57028
2012-03-14,1.57028,1.5744,1.56493,1.56739
2012-03-15,1.56739,1.57368,1.56341,1.57092
2012-03-16,1.57092,1.58611,1.56941,1.58398
2012-03-19,1.58398,1.59139,1.5821,1.58915
2012-03-20,1.58915,1.59,1.58306,1.58603
2012-03-21,1.58603,1.59229,1.58171,1.58712
2012-03-22,1.58712,1.5892,1.57695,1.5818
2012-03-23,1.5818,1.59087,1.58054,1.58646
2012-03-26,1.58646,1.59732,1.5801,1.597
2012-03-27,1.597,1.6001,1.59421,1.59482
2012-03-28,1.59482,1.59639,1.58421,1.58856
2012-03-29,1.58856,1.59581,1.58601,1.59544
2012-03-30,1.59544,1.60373,1.59452,1.60056
2012-04-02,1.60056,1.60626,1.5979,1.60234
2012-04-03,1.60234,1.60458,1.58912,1.59107
2012-04-04,1.59107,1.59168,1.58327,1.58871
2012-04-05,1.58871,1.59084,1.5805,1.58242
2012-04-06,1.58242,1.58916,1.58191,1.58681
2012-04-09,1.58681,1.59139,1.58345,1.58921
2012-04-10,1.58921,1.593,1.58087,1.58626
2012-04-11,1.58626,1.59379,1.58514,1.59038
2012-04-12,1.59038,1.59851,1.58992,1.59589
2012-04-13,1.59589,1.59693,1.58411,1.58433
2012-04-16,1.58433,1.59108,1.58189,1.58974
2012-04-17,1.58974,1.5971,1.58621,1.59232
2012-04-18,1.59232,1.60419,1.58948,1.60188
2012-04-19,1.60188,1.60781,1.60091,1.6049
2012-04-20,1.6049,1.61489,1.60378,1.61168
2012-04-23,1.61168,1.61337,1.60765,1.61309
2012-04-24,1.61309,1.61637,1.61096,1.61405
2012-04-25,1.61405,1.61827,1.60815,1.61626
2012-04-26,1.61626,1.62069,1.61585,1.61807
2012-04-27,1.61807,1.62803,1.61532,1.62601
2012-04-30,1.62601,1.63013,1.62214,1.62281
2012-05-01,1.62281,1.62474,1.61865,1.62174
2012-05-02,1.62174,1.62387,1.61603,1.61962
2012-05-03,1.61962,1.62157,1.61595,1.61746
2012-05-04,1.61746,1.62024,1.61413,1.61466
2012-05-07,1.61466,1.61968,1.61141,1.61877
2012-05-08,1.61877,1.6198299999999999,1.61244,1.61536
2012-05-09,1.61536,1.61607,1.60662,1.61276
2012-05-10,1.61276,1.6182,1.60914,1.61409
2012-05-11,1.61409,1.61523,1.60617,1.6064
2012-05-14,1.6064,1.61231,1.60488,1.60914
2012-05-15,1.60914,1.61141,1.59892,1.59914
2012-05-16,1.59914,1.59983,1.58893,1.59105
2012-05-17,1.59105,1.59324,1.57854,1.57925
2012-05-18,1.57925,1.58375,1.57314,1.58129
2012-05-21,1.58129,1.58411,1.57795,1.58346
2012-05-22,1.58346,1.58482,1.57409,1.57519
2012-05-23,1.57519,1.57715,1.56711,1.56909
2012-05-24,1.56909,1.57264,1.56383,1.56683
2012-05-25,1.56683,1.56997,1.56304,1.56525
2012-05-28,1.56525,1.57171,1.56525,1.5681
2012-05-29,1.5681,1.57165,1.56078,1.56404
2012-05-30,1.56404,1.56432,1.5475,1.54751
2012-05-31,1.54751,1.55261,1.53607,1.54006
2012-06-01,1.54006,1.54387,1.52683,1.53534
2012-06-04,1.53534,1.54154,1.53416,1.53802
2012-06-05,1.53802,1.54082,1.53211,1.53807
2012-06-06,1.53807,1.55155,1.53719,1.5492299999999999
2012-06-07,1.5492299999999999,1.56009,1.54299,1.55241
2012-06-08,1.55241,1.55365,1.54038,1.5466
2012-06-11,1.5466,1.55822,1.5466,1.5484
2012-06-12,1.5484,1.55901,1.54536,1.5565499999999999
2012-06-13,1.5565499999999999,1.55984,1.5501,1.5501
2012-06-14,1.5501,1.55642,1.54726,1.55614
2012-06-15,1.55614,1.57237,1.54762,1.5711
2012-06-18,1.5711,1.57415,1.56368,1.56643
2012-06-19,1.56643,1.57575,1.56152,1.57231
2012-06-20,1.57231,1.57778,1.56508,1.57149
2012-06-21,1.57149,1.57335,1.55776,1.55891
2012-06-22,1.55891,1.56348,1.55569,1.55833
2012-06-25,1.55833,1.55944,1.55386,1.557
2012-06-26,1.557,1.56506,1.55634,1.564
2012-06-27,1.564,1.56412,1.55456,1.55648
2012-06-28,1.55648,1.5624,1.5485,1.55137
2012-06-29,1.55137,1.5714,1.55067,1.56951
2012-07-02,1.56951,1.57216,1.56413,1.56887
2012-07-03,1.56887,1.57133,1.5657699999999999,1.5686
2012-07-04,1.5686,1.56912,1.55741,1.55839
2012-07-05,1.55839,1.56228,1.54997,1.55206
2012-07-06,1.55206,1.55507,1.54609,1.54871
2012-07-09,1.54871,1.55346,1.54703,1.55231
2012-07-10,1.55231,1.55487,1.54781,1.55146
2012-07-11,1.55146,1.5578,1.5486199999999999,1.54992
2012-07-12,1.54992,1.55161,1.53928,1.54247
2012-07-13,1.54247,1.55808,1.54138,1.55694
2012-07-16,1.55694,1.55928,1.55171,1.55291
2012-07-17,1.55291,1.5677699999999999,1.55291,1.56509
2012-07-18,1.56509,1.5668199999999999,1.55813,1.56469
2012-07-19,1.56469,1.57371,1.56364,1.5722
2012-07-20,1.5722,1.57225,1.56118,1.56204
2012-07-23,1.56204,1.56225,1.54851,1.5502799999999999
2012-07-24,1.5502799999999999,1.5552,1.54864,1.55015
2012-07-25,1.55015,1.55515,1.54583,1.5496
2012-07-26,1.5496,1.57235,1.54708,1.56832
2012-07-27,1.56832,1.57678,1.56663,1.57374
2012-07-30,1.57374,1.57507,1.56722,1.57078
2012-07-31,1.57078,1.57302,1.56253,1.5672
2012-08-01,1.5672,1.56906,1.55297,1.55342
2012-08-02,1.55342,1.56791,1.54904,1.55117
2012-08-03,1.55117,1.56567,1.55046,1.56416
2012-08-06,1.56416,1.56654,1.55466,1.56007
2012-08-07,1.56007,1.5683799999999999,1.55644,1.56207
2012-08-08,1.56207,1.56775,1.55726,1.56556
2012-08-09,1.56556,1.5685499999999999,1.5605499999999999,1.56313
2012-08-10,1.56313,1.57013,1.55772,1.56854
2012-08-13,1.56854,1.57169,1.56566,1.56781
2012-08-14,1.56781,1.57288,1.5671,1.5673
2012-08-15,1.5673,1.57015,1.566,1.56776
2012-08-16,1.56776,1.57446,1.56363,1.57306
2012-08-17,1.57306,1.57392,1.5674299999999999,1.56889
2012-08-20,1.56889,1.5717,1.56778,1.57035
2012-08-21,1.57035,1.58046,1.57016,1.57809
2012-08-22,1.57809,1.58825,1.5764799999999999,1.58763
2012-08-23,1.58763,1.59126,1.58519,1.58569
2012-08-24,1.58569,1.58696,1.5802,1.5809199999999999
2012-08-27,1.5809199999999999,1.58287,1.57889,1.57889
2012-08-28,1.57889,1.58361,1.57536,1.58143
2012-08-29,1.58143,1.5855,1.58027,1.58295
2012-08-30,1.58295,1.58748,1.57708,1.57818
2012-08-31,1.57818,1.58954,1.57782,1.58607
2012-09-03,1.58607,1.58983,1.58501,1.58796
2012-09-04,1.58796,1.591,1.58588,1.58684
2012-09-05,1.58684,1.59341,1.58257,1.58978
2012-09-06,1.58978,1.59428,1.58817,1.59377
2012-09-07,1.59377,1.6034,1.59225,1.60051
2012-09-10,1.60051,1.6018999999999999,1.59592,1.59877
2012-09-11,1.59877,1.60839,1.59803,1.60678
2012-09-12,1.60678,1.6131199999999999,1.60637,1.6105
2012-09-13,1.6105,1.61746,1.60693,1.61531
2012-09-14,1.61531,1.6256,1.61435,1.62154
2012-09-17,1.62154,1.62734,1.6211,1.6249
2012-09-18,1.6249,1.62675,1.62205,1.62448
2012-09-19,1.62448,1.6271,1.61848,1.62203
2012-09-20,1.62203,1.6236,1.61633,1.62141
2012-09-21,1.62141,1.63096,1.62098,1.62282
2012-09-24,1.62282,1.6248,1.61819,1.62172
2012-09-25,1.62172,1.62676,1.61824,1.61876
2012-09-26,1.61876,1.62087,1.61372,1.61635
2012-09-27,1.61635,1.62434,1.61592,1.62343
2012-09-28,1.62343,1.62721,1.61132,1.61618
2012-10-01,1.61618,1.6175,1.61088,1.61296
2012-10-02,1.61296,1.61867,1.61246,1.61326
2012-10-03,1.61326,1.61426,1.60669,1.60756
2012-10-04,1.60756,1.62027,1.60711,1.61914
2012-10-05,1.61914,1.62172,1.61226,1.61283
2012-10-08,1.61283,1.61409,1.60209,1.60245
2012-10-09,1.60245,1.60462,1.59764,1.60035
2012-10-10,1.60035,1.60348,1.59764,1.6004
2012-10-11,1.6004,1.60541,1.59842,1.60435
2012-10-12,1.60435,1.60972,1.60184,1.60723
2012-10-15,1.60723,1.60803,1.60209,1.60707
2012-10-16,1.60707,1.61322,1.6060699999999999,1.61115
2012-10-17,1.61115,1.61784,1.61057,1.61455
2012-10-18,1.61455,1.61708,1.60419,1.60431
2012-10-19,1.60431,1.60666,1.59969,1.60049
2012-10-22,1.60049,1.60522,1.59908,1.6014
2012-10-23,1.6014,1.60239,1.59135,1.5952
2012-10-24,1.5952,1.60481,1.59357,1.60369
2012-10-25,1.60369,1.61436,1.6026799999999999,1.6118
2012-10-26,1.6118,1.61412,1.60808,1.61022
2012-10-29,1.61022,1.61023,1.60069,1.6031
2012-10-30,1.6031,1.60857,1.60209,1.60726
2012-10-31,1.60726,1.61396,1.60654,1.6126
2012-11-01,1.6126,1.61749,1.61204,1.61306
2012-11-02,1.61306,1.6133,1.60077,1.60211
2012-11-05,1.60211,1.60391,1.59573,1.59778
2012-11-06,1.59778,1.60076,1.59653,1.59971
2012-11-07,1.59971,1.6042399999999999,1.59545,1.59861
2012-11-08,1.59861,1.6005,1.59291,1.59815
2012-11-09,1.59815,1.60195,1.58873,1.58948
2012-11-12,1.58948,1.59149,1.58642,1.58761
2012-11-13,1.58761,1.59153,1.58579,1.58707
2012-11-14,1.58707,1.59013,1.58381,1.58404
2012-11-15,1.58404,1.58793,1.58232,1.58635
2012-11-16,1.58635,1.59008,1.58357,1.58835
2012-11-19,1.58835,1.59233,1.58817,1.59087
2012-11-20,1.59087,1.5936299999999999,1.58917,1.5924099999999999
2012-11-21,1.5924099999999999,1.59558,1.58824,1.59512
2012-11-22,1.59512,1.59785,1.59187,1.59366
2012-11-23,1.59366,1.60515,1.59272,1.60264
2012-11-26,1.60264,1.60379,1.59965,1.60277
2012-11-27,1.60277,1.60565,1.60094,1.60223
2012-11-28,1.60223,1.60243,1.59621,1.60161
2012-11-29,1.60161,1.6048,1.6002399999999999,1.60406
2012-11-30,1.60406,1.60623,1.59894,1.6009
2012-12-03,1.6009,1.61162,1.6009,1.60902
2012-12-04,1.60902,1.61307,1.60867,1.61
2012-12-05,1.61,1.61185,1.60822,1.60938
2012-12-06,1.60938,1.61282,1.60397,1.60495
2012-12-07,1.60495,1.60612,1.60019,1.60412
2012-12-10,1.60412,1.60965,1.60139,1.60744
2012-12-11,1.60744,1.61221,1.60688,1.61136
2012-12-12,1.61136,1.6172,1.60953,1.61487
2012-12-13,1.61487,1.6154,1.60843,1.61115
2012-12-14,1.61115,1.61776,1.61036,1.61683
2012-12-17,1.61683,1.6216599999999999,1.61576,1.62038
2012-12-18,1.62038,1.62693,1.6194,1.62517
2012-12-19,1.62517,1.63066,1.62448,1.62458
2012-12-20,1.62458,1.62961,1.62382,1.62782
2012-12-21,1.62782,1.62838,1.61521,1.61692
2012-12-24,1.61692,1.62059,1.61011,1.6112
2012-12-26,1.6112,1.61709,1.61082,1.61368
2012-12-27,1.61368,1.62024,1.60669,1.60988
2012-12-28,1.60988,1.617,1.60785,1.61689
2012-12-31,1.61689,1.62743,1.61338,1.6262699999999999
2013-01-02,1.6262699999999999,1.63422,1.62255,1.62538
2013-01-03,1.62538,1.62554,1.60919,1.61083
2013-01-04,1.61083,1.61084,1.60091,1.60673
2013-01-07,1.60673,1.61178,1.6021,1.61149
2013-01-08,1.61149,1.61284,1.60295,1.60536
2013-01-09,1.60536,1.60752,1.59926,1.60215
2013-01-10,1.60215,1.6167799999999999,1.6004099999999999,1.61639
2013-01-11,1.61639,1.61793,1.6088,1.61272
2013-01-14,1.61272,1.61548,1.60316,1.60778
2013-01-15,1.60778,1.61006,1.6033,1.60633
2013-01-16,1.60633,1.6080699999999999,1.59753,1.60058
2013-01-17,1.60058,1.6038999999999999,1.59551,1.59935
2013-01-18,1.59935,1.60063,1.58539,1.58638
2013-01-21,1.58638,1.58934,1.58055,1.58289
2013-01-22,1.58289,1.58833,1.58093,1.58383
2013-01-23,1.58383,1.58921,1.5802,1.58451
2013-01-24,1.58451,1.58516,1.57566,1.5787
2013-01-25,1.5787,1.58269,1.57455,1.5798699999999999
2013-01-28,1.5798699999999999,1.5798699999999999,1.56745,1.56938
2013-01-29,1.56938,1.57734,1.56845,1.57625
2013-01-30,1.57625,1.58165,1.57251,1.57999
2013-01-31,1.57999,1.58748,1.57748,1.58559
2013-02-01,1.58559,1.58786,1.5688199999999999,1.56955
2013-02-04,1.56907,1.57719,1.56843,1.57625
2013-02-05,1.57625,1.58044,1.56305,1.56591
2013-02-06,1.56591,1.56782,1.56315,1.5658
2013-02-07,1.5658,1.57679,1.5645499999999999,1.57124
2013-02-08,1.57124,1.58446,1.57048,1.57919
2013-02-11,1.57993,1.58097,1.56527,1.56574
2013-02-12,1.56574,1.56702,1.55715,1.56601
2013-02-13,1.56601,1.56889,1.55233,1.55405
2013-02-14,1.55405,1.55427,1.54751,1.54924
2013-02-15,1.54924,1.55504,1.54615,1.55141
2013-02-18,1.5504,1.55082,1.54376,1.54652
2013-02-19,1.54652,1.55042,1.5415699999999999,1.54256
2013-02-20,1.54256,1.54509,1.51901,1.52329
2013-02-21,1.52329,1.52734,1.51312,1.52533
2013-02-22,1.52533,1.53213,1.5161499999999999,1.5174
2013-02-25,1.50772,1.51995,1.50688,1.51619
2013-02-26,1.51619,1.52194,1.51129,1.51249
2013-02-27,1.51249,1.51882,1.50806,1.51556
2013-02-28,1.51556,1.52219,1.51489,1.51632
2013-03-01,1.51632,1.5186,1.49853,1.50408
2013-03-04,1.5042,1.5117,1.49994,1.51117
2013-03-05,1.51117,1.51991,1.50945,1.51253
2013-03-06,1.51253,1.51551,1.50165,1.5018
2013-03-07,1.5018,1.5083,1.49647,1.5013
2013-03-08,1.5013,1.5047,1.48843,1.49155
2013-03-11,1.4916,1.49433,1.48659,1.49147
2013-03-12,1.49147,1.4919499999999999,1.48314,1.49007
2013-03-13,1.49007,1.49813,1.48928,1.49218
2013-03-14,1.49218,1.51193,1.49111,1.50818
2013-03-15,1.50818,1.5176399999999999,1.50689,1.5114
2013-03-18,1.5116,1.51438,1.50715,1.51066
2013-03-19,1.51066,1.51444,1.50732,1.50983
2013-03-20,1.50983,1.51862,1.50265,1.50979
2013-03-21,1.50979,1.52093,1.50887,1.5171999999999999
2013-03-22,1.5171999999999999,1.5248,1.51638,1.52271
2013-03-25,1.52314,1.52612,1.51428,1.51766
2013-03-26,1.51766,1.52073,1.51352,1.51588
2013-03-27,1.51588,1.5181,1.50928,1.51288
2013-03-28,1.51288,1.52006,1.51115,1.51926
2013-03-29,1.51926,1.5219799999999999,1.51771,1.5201
2013-04-01,1.51884,1.52416,1.5178,1.52318
2013-04-02,1.52318,1.52584,1.50992,1.5103199999999999
2013-04-03,1.5103199999999999,1.5158,1.50756,1.51318
2013-04-04,1.51318,1.52453,1.50331,1.52353
2013-04-05,1.52353,1.53634,1.51989,1.53422
2013-04-08,1.53041,1.53505,1.5239,1.52553
2013-04-09,1.52553,1.53416,1.52492,1.53185
2013-04-10,1.53185,1.53434,1.52926,1.53285
2013-04-11,1.53285,1.54114,1.53185,1.53847
2013-04-12,1.53847,1.54098,1.53395,1.534
2013-04-15,1.53389,1.53849,1.52707,1.52839
2013-04-16,1.52839,1.53789,1.52713,1.53617
2013-04-17,1.53617,1.53722,1.52166,1.5239
2013-04-18,1.5239,1.53128,1.52155,1.52787
2013-04-19,1.52787,1.53678,1.52233,1.52302
2013-04-22,1.52301,1.52923,1.52041,1.52893
2013-04-23,1.52893,1.52978,1.51962,1.5239
2013-04-24,1.5239,1.52873,1.52269,1.52658
2013-04-25,1.52658,1.54799,1.5260799999999999,1.54321
2013-04-26,1.54321,1.54988,1.54183,1.5473999999999999
2013-04-29,1.54851,1.55462,1.54758,1.55006
2013-04-30,1.55006,1.5568899999999999,1.54675,1.5531
2013-05-01,1.5531,1.56068,1.55265,1.55547
2013-05-02,1.55547,1.5591,1.54964,1.5532299999999999
2013-05-03,1.5532299999999999,1.56014,1.54802,1.55668
2013-05-06,1.55668,1.5598,1.55202,1.55407
2013-05-07,1.55407,1.55518,1.5446,1.54835
2013-05-08,1.54835,1.55917,1.54707,1.55347
2013-05-09,1.55347,1.5588,1.54256,1.5449
2013-05-10,1.5449,1.54574,1.53141,1.5365199999999999
2013-05-13,1.5352,1.5385199999999999,1.52777,1.52973
2013-05-14,1.52973,1.53309,1.52069,1.52105
2013-05-15,1.52105,1.52727,1.51736,1.52343
2013-05-16,1.52343,1.53228,1.51975,1.52688
2013-05-17,1.52688,1.52829,1.51579,1.51691
2013-05-20,1.51868,1.52815,1.51666,1.52555
2013-05-21,1.52555,1.52767,1.51123,1.51508
2013-05-22,1.51508,1.51741,1.50195,1.50485
2013-05-23,1.50485,1.51287,1.50141,1.51069
2013-05-24,1.51069,1.51428,1.50642,1.51234
2013-05-27,1.51322,1.51566,1.50867,1.51027
2013-05-28,1.51027,1.51347,1.5027,1.5038799999999999
2013-05-29,1.5038799999999999,1.51458,1.50085,1.51282
2013-05-30,1.51282,1.5237,1.51105,1.52315
2013-05-31,1.52315,1.524,1.51401,1.51946
2013-06-03,1.5204199999999999,1.53759,1.51924,1.5317
2013-06-04,1.5317,1.53428,1.52733,1.53123
2013-06-05,1.53123,1.54088,1.52919,1.54053
2013-06-06,1.54053,1.56839,1.53812,1.56019
2013-06-07,1.56019,1.5618,1.54884,1.55541
2013-06-10,1.55155,1.55865,1.54949,1.55718
2013-06-11,1.55718,1.5653,1.55206,1.56454
2013-06-12,1.56454,1.57,1.5633,1.56768
2013-06-13,1.56768,1.57375,1.56447,1.57189
2013-06-14,1.57189,1.57234,1.56161,1.56984
2013-06-17,1.57286,1.57513,1.56807,1.57207
2013-06-18,1.57207,1.57233,1.55652,1.56431
2013-06-19,1.56431,1.56776,1.54497,1.54847
2013-06-20,1.54847,1.55169,1.54143,1.55079
2013-06-21,1.55079,1.55299,1.53682,1.54173
2013-06-24,1.53726,1.54649,1.5343499999999999,1.54344
2013-06-25,1.54344,1.54778,1.53973,1.54219
2013-06-26,1.54219,1.54402,1.52976,1.53136
2013-06-27,1.53136,1.53461,1.52015,1.52588
2013-06-28,1.52588,1.52789,1.51655,1.52084
2013-07-01,1.51997,1.52487,1.51835,1.5215
2013-07-02,1.5215,1.52378,1.51362,1.51541
2013-07-03,1.51541,1.53042,1.51297,1.52779
2013-07-04,1.52779,1.5286899999999999,1.50553,1.50692
2013-07-05,1.50692,1.50783,1.4856,1.48834
2013-07-08,1.48711,1.49658,1.48584,1.49501
2013-07-09,1.49501,1.49809,1.4813399999999999,1.48655
2013-07-10,1.48655,1.50174,1.48451,1.50078
2013-07-11,1.50078,1.5222,1.4995,1.51814
2013-07-12,1.51814,1.5189,1.5076,1.50985
2013-07-15,1.50985,1.51275,1.50275,1.5099
2013-07-16,1.5099,1.51686,1.50448,1.51585
2013-07-17,1.51585,1.52676,1.50791,1.5211999999999999
2013-07-18,1.5211999999999999,1.52422,1.51578,1.52236
2013-07-19,1.52236,1.52817,1.51967,1.52616
2013-07-22,1.52644,1.53844,1.52575,1.53601
2013-07-23,1.53601,1.5392,1.53261,1.53692
2013-07-24,1.53692,1.53895,1.52891,1.53146
2013-07-25,1.53146,1.54341,1.52634,1.53887
2013-07-26,1.53887,1.54164,1.53562,1.5381
2013-07-29,1.53776,1.54138,1.53288,1.5336
2013-07-30,1.53389,1.5354,1.52238,1.52361
2013-07-31,1.52361,1.52539,1.51241,1.52078
2013-08-01,1.52078,1.52429,1.51102,1.51186
2013-08-02,1.51186,1.53088,1.51025,1.52859
2013-08-05,1.52863,1.53787,1.52592,1.53535
2013-08-06,1.53535,1.53924,1.53317,1.53472
2013-08-07,1.53472,1.55314,1.52053,1.54877
2013-08-08,1.54877,1.55747,1.54849,1.55376
2013-08-09,1.55376,1.55585,1.54968,1.55058
2013-08-12,1.54832,1.55213,1.54587,1.54617
2013-08-13,1.54617,1.55119,1.5427,1.54471
2013-08-14,1.54471,1.55471,1.54221,1.54999
2013-08-15,1.54999,1.56526,1.54951,1.56321
2013-08-16,1.56321,1.56573,1.56074,1.56207
2013-08-19,1.56108,1.56734,1.56096,1.56481
2013-08-20,1.56481,1.56955,1.56285,1.56641
2013-08-21,1.56641,1.57176,1.5637699999999999,1.56601
2013-08-22,1.56601,1.56623,1.55627,1.55878
2013-08-23,1.55878,1.56376,1.55388,1.55648
2013-08-26,1.55629,1.5612,1.55564,1.5573
2013-08-27,1.5573,1.55926,1.54815,1.5544499999999999
2013-08-28,1.5544499999999999,1.55525,1.5427,1.55258
2013-08-29,1.55258,1.55483,1.54826,1.55039
2013-08-30,1.55039,1.55279,1.54624,1.54961
2013-09-02,1.55281,1.55935,1.55057,1.5542799999999999
2013-09-03,1.5542799999999999,1.56031,1.55218,1.55605
2013-09-04,1.55605,1.56476,1.55526,1.56241
2013-09-05,1.56241,1.56669,1.55726,1.5588899999999999
2013-09-06,1.5588899999999999,1.56812,1.55612,1.56242
2013-09-09,1.56129,1.57328,1.56129,1.56937
2013-09-10,1.56937,1.57449,1.5685499999999999,1.57323
2013-09-11,1.57323,1.5829199999999999,1.57189,1.58175
2013-09-12,1.58175,1.584,1.57746,1.58041
2013-09-13,1.58041,1.58847,1.57762,1.58722
2013-09-16,1.59272,1.59629,1.58946,1.58975
2013-09-17,1.58975,1.59364,1.58856,1.59032
2013-09-18,1.59032,1.61627,1.58922,1.61421
2013-09-19,1.61421,1.61502,1.60225,1.60307
2013-09-20,1.60307,1.60667,1.59863,1.60048
2013-09-23,1.60023,1.60723,1.59923,1.60435
2013-09-24,1.60435,1.60447,1.59552,1.60032
2013-09-25,1.60032,1.60878,1.59794,1.60806
2013-09-26,1.60806,1.60957,1.59995,1.60403
2013-09-27,1.60403,1.61467,1.60296,1.61364
2013-09-30,1.61403,1.62023,1.6127799999999999,1.61847
2013-10-01,1.61847,1.62604,1.61822,1.61933
2013-10-02,1.61933,1.62507,1.61628,1.62234
2013-10-03,1.62234,1.62409,1.61545,1.61548
2013-10-04,1.61548,1.61776,1.60049,1.60076
2013-10-07,1.60181,1.61001,1.6015,1.60944
2013-10-08,1.60944,1.6124,1.60197,1.60836
2013-10-09,1.60836,1.61215,1.5916,1.59551
2013-10-10,1.59551,1.59789,1.59139,1.59673
2013-10-11,1.59673,1.60014,1.59233,1.59484
2013-10-14,1.59708,1.60185,1.59543,1.59813
2013-10-15,1.59813,1.60084,1.59149,1.59966
2013-10-16,1.59966,1.60574,1.58944,1.59475
2013-10-17,1.59475,1.6172,1.59396,1.61629
2013-10-18,1.61629,1.62251,1.6142,1.61652
2013-10-21,1.61679,1.61808,1.6132,1.6146
2013-10-22,1.6146,1.6248,1.61158,1.62341
2013-10-23,1.62341,1.6256599999999999,1.61192,1.61631
2013-10-24,1.61631,1.6223,1.61376,1.62011
2013-10-25,1.62011,1.62468,1.61502,1.61628
2013-10-28,1.61608,1.62081,1.61244,1.61407
2013-10-29,1.61407,1.6144,1.60225,1.6046799999999999
2013-10-30,1.6046799999999999,1.60781,1.59984,1.60386
2013-10-31,1.60386,1.60687,1.60058,1.60369
2013-11-01,1.60369,1.60463,1.59086,1.59199
2013-11-04,1.59253,1.59783,1.59035,1.59679
2013-11-05,1.59679,1.60626,1.59483,1.60425
2013-11-06,1.60425,1.61178,1.60418,1.60789
2013-11-07,1.60789,1.6114,1.60101,1.60949
2013-11-08,1.60949,1.61054,1.59573,1.60167
2013-11-11,1.6000699999999999,1.60219,1.59656,1.59878
2013-11-12,1.59878,1.59924,1.58543,1.59028
2013-11-13,1.59028,1.60676,1.58786,1.60556
2013-11-14,1.60556,1.61013,1.59884,1.60641
2013-11-15,1.60641,1.61352,1.60482,1.6115
2013-11-18,1.61178,1.61487,1.60813,1.61093
2013-11-19,1.61093,1.61323,1.60595,1.61191
2013-11-20,1.61191,1.6178,1.60872,1.61038
2013-11-21,1.61038,1.62006,1.60724,1.61977
2013-11-22,1.61977,1.62246,1.61761,1.62218
2013-11-25,1.62213,1.62401,1.61335,1.61546
2013-11-26,1.61546,1.6219,1.61388,1.6213
2013-11-27,1.6213,1.63306,1.61976,1.62858
2013-11-28,1.62858,1.63575,1.62773,1.63402
2013-11-29,1.63402,1.63845,1.63142,1.63622
2013-12-02,1.63655,1.64426,1.63427,1.63542
2013-12-03,1.63542,1.64369,1.63464,1.63895
2013-12-04,1.63895,1.64039,1.63232,1.6381999999999999
2013-12-05,1.6381999999999999,1.64038,1.63006,1.63333
2013-12-06,1.63333,1.6393199999999999,1.62919,1.63438
2013-12-09,1.63441,1.64325,1.63228,1.6428
2013-12-10,1.6428,1.6466,1.64188,1.64445
2013-12-11,1.64445,1.64578,1.63391,1.63748
2013-12-12,1.63748,1.64181,1.63211,1.63479
2013-12-13,1.63479,1.63601,1.62625,1.62935
2013-12-16,1.6288799999999999,1.6349,1.62843,1.62994
2013-12-17,1.62994,1.6336,1.62154,1.62628
2013-12-18,1.62628,1.64853,1.62613,1.63889
2013-12-19,1.63889,1.63969,1.63356,1.63723
2013-12-20,1.63723,1.63948,1.63155,1.63269
2013-12-23,1.63356,1.63751,1.6320999999999999,1.63525
2013-12-24,1.63525,1.63816,1.63221,1.63681
2013-12-26,1.63681,1.64378,1.63681,1.64094
2013-12-27,1.64094,1.6578,1.64058,1.64737
2013-12-30,1.64737,1.6532499999999999,1.64598,1.64965
2013-12-31,1.64965,1.6578,1.64744,1.65714
2014-01-02,1.65714,1.66037,1.64101,1.64479
2014-01-03,1.64479,1.64741,1.63951,1.64123
2014-01-06,1.63925,1.64336,1.63371,1.64043
2014-01-07,1.64043,1.64383,1.63742,1.64015
2014-01-08,1.64015,1.6472,1.63767,1.64472
2014-01-09,1.64472,1.64976,1.64411,1.64793
2014-01-10,1.64793,1.65166,1.63802,1.64816
2014-01-13,1.64797,1.65078,1.63469,1.63863
2014-01-14,1.63863,1.64646,1.63674,1.64377
2014-01-15,1.64377,1.6443,1.63226,1.63696
2014-01-16,1.63696,1.63833,1.63129,1.6353
2014-01-17,1.6353,1.64585,1.63095,1.64178
2014-01-20,1.64186,1.64522,1.63955,1.64247
2014-01-21,1.64247,1.64857,1.63995,1.64779
2014-01-22,1.64779,1.65867,1.64501,1.65732
2014-01-23,1.65732,1.66429,1.65568,1.6637
2014-01-24,1.6637,1.66683,1.64764,1.64777
2014-01-27,1.65006,1.65886,1.64735,1.65825
2014-01-28,1.65825,1.66254,1.65355,1.65759
2014-01-29,1.65759,1.66068,1.65254,1.65602
2014-01-30,1.65602,1.65654,1.64447,1.64851
2014-01-31,1.64851,1.64982,1.64272,1.64339
2014-02-03,1.6418,1.64409,1.62899,1.63048
2014-02-04,1.63048,1.63445,1.62567,1.63234
2014-02-05,1.63234,1.63411,1.62519,1.63083
2014-02-06,1.63083,1.63486,1.62725,1.632
2014-02-07,1.632,1.64183,1.63008,1.64028
2014-02-10,1.63949,1.64272,1.63829,1.63999
2014-02-11,1.63999,1.64873,1.63922,1.64492
2014-02-12,1.64492,1.65997,1.64256,1.6595199999999999
2014-02-13,1.6595199999999999,1.66732,1.659,1.66559
2014-02-14,1.66559,1.67557,1.66438,1.67428
2014-02-17,1.67654,1.68225,1.66954,1.67124
2014-02-18,1.67124,1.67413,1.66546,1.66815
2014-02-19,1.66815,1.67339,1.66369,1.6678
2014-02-20,1.6678,1.67008,1.66249,1.66479
2014-02-21,1.66479,1.67254,1.66114,1.66149
2014-02-24,1.66249,1.66789,1.65834,1.66547
2014-02-25,1.66547,1.67272,1.66417,1.66784
2014-02-26,1.66784,1.67028,1.66216,1.66667
2014-02-27,1.66667,1.66987,1.66158,1.66839
2014-02-28,1.66839,1.6769,1.66761,1.6736199999999999
2014-03-03,1.6711799999999999,1.67513,1.66528,1.66646
2014-03-04,1.66646,1.67166,1.66401,1.66642
2014-03-05,1.66642,1.6742,1.66564,1.67159
2014-03-06,1.67159,1.67775,1.66852,1.67397
2014-03-07,1.67397,1.67859,1.67064,1.67099
2014-03-10,1.67264,1.67415,1.66218,1.66434
2014-03-11,1.66434,1.66531,1.65961,1.6615199999999999
2014-03-12,1.6615199999999999,1.6636,1.65683,1.66159
2014-03-13,1.66159,1.67181,1.66066,1.66234
2014-03-14,1.66234,1.66491,1.65872,1.66424
2014-03-17,1.66339,1.66662,1.66045,1.66353
2014-03-18,1.66353,1.66477,1.65457,1.65912
2014-03-19,1.65912,1.66544,1.6508099999999999,1.65387
2014-03-20,1.65387,1.65683,1.64802,1.65019
2014-03-21,1.65019,1.65201,1.64753,1.64839
2014-03-24,1.64599,1.65364,1.64599,1.64959
2014-03-25,1.64959,1.65493,1.6481,1.65273
2014-03-26,1.65273,1.6596899999999999,1.65098,1.65777
2014-03-27,1.65777,1.66468,1.65551,1.66093
2014-03-28,1.66093,1.66514,1.65959,1.66349
2014-03-31,1.66549,1.66842,1.66115,1.66601
2014-04-01,1.66601,1.66749,1.66184,1.66289
2014-04-02,1.66289,1.66638,1.66199,1.66248
2014-04-03,1.66248,1.66609,1.657,1.65962
2014-04-04,1.65962,1.66058,1.65502,1.65722
2014-04-07,1.65745,1.66239,1.65654,1.66054
2014-04-08,1.66054,1.67546,1.66029,1.67425
2014-04-09,1.67425,1.68005,1.67242,1.67914
2014-04-10,1.67914,1.68205,1.67539,1.67833
2014-04-11,1.67833,1.67871,1.67171,1.67273
2014-04-14,1.67131,1.67437,1.66965,1.67276
2014-04-15,1.67276,1.67498,1.66569,1.67244
2014-04-16,1.67244,1.68179,1.67199,1.67938
2014-04-17,1.67938,1.68419,1.67869,1.67902
2014-04-18,1.67902,1.68002,1.67738,1.67838
2014-04-21,1.67838,1.68187,1.67824,1.67889
2014-04-22,1.67889,1.68395,1.67859,1.68199
2014-04-23,1.68199,1.68361,1.67624,1.67808
2014-04-24,1.67808,1.68063,1.67651,1.6798899999999999
2014-04-25,1.6798899999999999,1.68301,1.67902,1.6797199999999999
2014-04-28,1.68021,1.68579,1.67773,1.68049
2014-04-29,1.68049,1.68469,1.67927,1.68261
2014-04-30,1.68261,1.69009,1.68051,1.68709
2014-05-01,1.68709,1.6919899999999999,1.68689,1.68909
2014-05-02,1.68909,1.68953,1.68212,1.68719
2014-05-05,1.68778,1.68831,1.68533,1.68628
2014-05-06,1.68628,1.6996499999999999,1.68621,1.69722
2014-05-07,1.69722,1.69862,1.6950399999999999,1.6950399999999999
2014-05-08,1.6950399999999999,1.69749,1.69237,1.69303
2014-05-09,1.69303,1.69384,1.68319,1.68453
2014-05-12,1.6843,1.69032,1.68399,1.68658
2014-05-13,1.68658,1.68829,1.68188,1.68237
2014-05-14,1.68237,1.68746,1.67534,1.67652
2014-05-15,1.67652,1.6806,1.67313,1.67866
2014-05-16,1.67866,1.68406,1.67834,1.68083
2014-05-19,1.68146,1.68456,1.68052,1.68121
2014-05-20,1.68121,1.68656,1.68018,1.68371
2014-05-21,1.68371,1.69214,1.6831099999999999,1.68973
2014-05-22,1.68973,1.69177,1.68513,1.68653
2014-05-23,1.68653,1.68754,1.6812799999999999,1.6826699999999999
2014-05-26,1.68337,1.68532,1.68248,1.68394
2014-05-27,1.68394,1.68821,1.67825,1.68078
2014-05-28,1.68078,1.68157,1.66976,1.67082
2014-05-29,1.67082,1.6740599999999999,1.66927,1.67165
2014-05-30,1.67165,1.67775,1.67143,1.67521
2014-06-02,1.67675,1.67675,1.67245,1.67454
2014-06-03,1.67454,1.67825,1.67306,1.67471
2014-06-04,1.67471,1.6768399999999999,1.66988,1.67341
2014-06-05,1.67341,1.68252,1.67221,1.68195
2014-06-06,1.68195,1.68463,1.67808,1.67949
2014-06-09,1.67997,1.68324,1.67839,1.67999
2014-06-10,1.67999,1.68176,1.67427,1.6756
2014-06-11,1.6756,1.6811,1.67377,1.6786
2014-06-12,1.6786,1.6931,1.67853,1.69275
2014-06-13,1.69275,1.69918,1.6922,1.69625
2014-06-16,1.69716,1.70109,1.69594,1.69821
2014-06-17,1.69821,1.69894,1.69378,1.69641
2014-06-18,1.69641,1.70024,1.69181,1.69917
2014-06-19,1.69917,1.7063,1.69751,1.70384
2014-06-20,1.70384,1.70607,1.7003,1.70128
2014-06-23,1.70055,1.70504,1.70017,1.70267
2014-06-24,1.70267,1.7032,1.69658,1.6984299999999999
2014-06-25,1.6984299999999999,1.70044,1.69522,1.69829
2014-06-26,1.69829,1.704,1.69709,1.70235
2014-06-27,1.70235,1.70516,1.70068,1.70289
2014-06-30,1.70256,1.71154,1.70086,1.71051
2014-07-01,1.71051,1.71661,1.70959,1.71485
2014-07-02,1.71485,1.71772,1.71401,1.71641
2014-07-03,1.71641,1.71669,1.70974,1.71536
2014-07-04,1.71536,1.71796,1.71312,1.71584
2014-07-07,1.71671,1.71671,1.71082,1.71247
2014-07-08,1.71247,1.71481,1.7085299999999999,1.71306
2014-07-09,1.71306,1.71611,1.7094,1.71551
2014-07-10,1.71551,1.71678,1.71048,1.71312
2014-07-11,1.71312,1.71507,1.7099199999999999,1.71178
2014-07-14,1.71181,1.71438,1.70698,1.70825
2014-07-15,1.70825,1.71915,1.7059199999999999,1.71414
2014-07-16,1.71414,1.71508,1.71124,1.71348
2014-07-17,1.71348,1.7143599999999999,1.7085299999999999,1.70997
2014-07-18,1.70997,1.71177,1.70362,1.70799
2014-07-21,1.70815,1.70994,1.70557,1.70746
2014-07-22,1.70746,1.70832,1.70414,1.70636
2014-07-23,1.70636,1.70952,1.70239,1.70425
2014-07-24,1.70425,1.70533,1.69661,1.69858
2014-07-25,1.69858,1.6998,1.69609,1.69715
2014-07-28,1.69776,1.70008,1.69722,1.69823
2014-07-29,1.69823,1.69949,1.69332,1.6941599999999999
2014-07-30,1.6941599999999999,1.6955,1.68893,1.69122
2014-07-31,1.69122,1.69266,1.68568,1.68826
2014-08-01,1.68826,1.68929,1.68119,1.68209
2014-08-04,1.68244,1.68632,1.68136,1.68618
2014-08-05,1.68618,1.68887,1.68449,1.6884
2014-08-06,1.6884,1.68869,1.68215,1.68495
2014-08-07,1.68495,1.68638,1.68232,1.68315
2014-08-08,1.68315,1.68338,1.67666,1.67707
2014-08-11,1.67773,1.67958,1.67703,1.67851
2014-08-12,1.67851,1.6816,1.67568,1.68107
2014-08-13,1.68107,1.68442,1.66853,1.6687
2014-08-14,1.6687,1.66967,1.66573,1.66849
2014-08-15,1.66849,1.67015,1.66763,1.66886
2014-08-18,1.6730099999999999,1.67374,1.67115,1.67259
2014-08-19,1.67259,1.67285,1.6611,1.6615199999999999
2014-08-20,1.6615199999999999,1.66789,1.65896,1.65947
2014-08-21,1.65947,1.6601299999999999,1.65638,1.65786
2014-08-22,1.65786,1.65972,1.65611,1.65669
2014-08-25,1.65451,1.65983,1.6535,1.65786
2014-08-26,1.65786,1.6595199999999999,1.65377,1.65387
2014-08-27,1.65387,1.66053,1.65368,1.65749
2014-08-28,1.65749,1.66136,1.65672,1.65852
2014-08-29,1.65852,1.6613499999999999,1.65626,1.6595
2014-09-01,1.65921,1.66439,1.65857,1.66067
2014-09-02,1.66067,1.6615,1.64676,1.6468099999999999
2014-09-03,1.6468099999999999,1.64972,1.64395,1.64598
2014-09-04,1.64598,1.64654,1.63255,1.63272
2014-09-05,1.63272,1.63403,1.62801,1.63241
2014-09-08,1.61613,1.62327,1.60981,1.6104
2014-09-09,1.6104,1.61564,1.6058999999999999,1.61054
2014-09-10,1.61054,1.62306,1.60516,1.62088
2014-09-11,1.62088,1.6270499999999999,1.61857,1.62529
2014-09-12,1.62529,1.62769,1.6204,1.62646
2014-09-15,1.62717,1.62739,1.62207,1.62318
2014-09-16,1.62318,1.63112,1.61619,1.62742
2014-09-17,1.62742,1.63585,1.62487,1.62696
2014-09-18,1.62696,1.6409,1.62463,1.63886
2014-09-19,1.63886,1.65245,1.62836,1.62845
2014-09-22,1.62941,1.63677,1.62865,1.63609
2014-09-23,1.63609,1.64154,1.6302699999999999,1.6387099999999999
2014-09-24,1.6387099999999999,1.64134,1.63272,1.63387
2014-09-25,1.63387,1.63415,1.62759,1.63145
2014-09-26,1.63145,1.63327,1.62376,1.62397
2014-09-29,1.62365,1.62745,1.621,1.62398
2014-09-30,1.62398,1.6287,1.6166099999999999,1.62119
2014-10-01,1.62119,1.62519,1.61615,1.61842
2014-10-02,1.61842,1.625,1.61125,1.61432
2014-10-03,1.61432,1.61587,1.59516,1.596
2014-10-06,1.59547,1.60988,1.59539,1.60819
2014-10-07,1.60819,1.61286,1.60258,1.60928
2014-10-08,1.60928,1.61813,1.60316,1.61663
2014-10-09,1.61663,1.62265,1.61043,1.61169
2014-10-10,1.61169,1.61352,1.60084,1.60715
2014-10-13,1.60734,1.61265,1.60508,1.60808
2014-10-14,1.60808,1.60974,1.58972,1.59007
2014-10-15,1.59007,1.60691,1.58745,1.60178
2014-10-16,1.60178,1.60969,1.59408,1.60858
2014-10-17,1.60858,1.61256,1.60294,1.6086799999999999
2014-10-20,1.6102,1.61792,1.60796,1.61625
2014-10-21,1.61625,1.61843,1.61076,1.61077
2014-10-22,1.61077,1.61307,1.60112,1.60498
2014-10-23,1.60498,1.606,1.59945,1.60271
2014-10-24,1.60271,1.60985,1.60168,1.60866
2014-10-27,1.60783,1.61471,1.60779,1.6118999999999999
2014-10-28,1.6118999999999999,1.61826,1.60881,1.61305
2014-10-29,1.61305,1.61615,1.60027,1.60111
2014-10-30,1.60111,1.60384,1.59508,1.5999
2014-10-31,1.5999,1.60111,1.59418,1.5994599999999999
2014-11-03,1.59605,1.60228,1.59257,1.5971
2014-11-04,1.5971,1.60164,1.59651,1.60019
2014-11-05,1.60019,1.6022,1.58684,1.59749
2014-11-06,1.59749,1.60019,1.58246,1.58304
2014-11-07,1.58304,1.58865,1.57897,1.587
2014-11-10,1.58825,1.59172,1.58408,1.58415
2014-11-11,1.58415,1.59448,1.58348,1.59156
2014-11-12,1.59156,1.59405,1.57754,1.57756
2014-11-13,1.57756,1.57814,1.56937,1.57089
2014-11-14,1.57089,1.57101,1.55927,1.56666
2014-11-17,1.56818,1.57359,1.5619399999999999,1.56396
2014-11-18,1.56396,1.56787,1.56294,1.56301
2014-11-19,1.56301,1.5721,1.55895,1.56814
2014-11-20,1.56814,1.57376,1.5632,1.5692
2014-11-21,1.5692,1.57139,1.56257,1.56529
2014-11-24,1.56355,1.57146,1.56284,1.57049
2014-11-25,1.57049,1.57357,1.56485,1.57067
2014-11-26,1.57067,1.58059,1.5679,1.57905
2014-11-27,1.57905,1.58257,1.57165,1.57355
2014-11-28,1.57355,1.57394,1.56139,1.56517
2014-12-01,1.56483,1.57639,1.5585,1.57286
2014-12-02,1.57286,1.57428,1.56314,1.56361
2014-12-03,1.56361,1.57193,1.56189,1.56852
2014-12-04,1.56852,1.57257,1.56433,1.56725
2014-12-05,1.56725,1.56952,1.55678,1.55832
2014-12-08,1.55688,1.56792,1.55412,1.56465
2014-12-09,1.56465,1.57168,1.56259,1.56623
2014-12-10,1.56623,1.5719,1.5647,1.57153
2014-12-11,1.57153,1.57568,1.56521,1.573
2014-12-12,1.573,1.5746499999999999,1.56946,1.57154
2014-12-15,1.57233,1.5746499999999999,1.56012,1.5635999999999999
2014-12-16,1.5635999999999999,1.57859,1.56099,1.57485
2014-12-17,1.57485,1.57534,1.554,1.5573299999999999
2014-12-18,1.5573299999999999,1.56775,1.5548899999999999,1.56657
2014-12-19,1.56657,1.5682099999999999,1.56053,1.56212
2014-12-22,1.56212,1.56652,1.5573,1.55888
2014-12-23,1.55888,1.56081,1.54855,1.55182
2014-12-24,1.55182,1.55637,1.5504,1.55561
2014-12-26,1.55561,1.55667,1.5537,1.55549
2014-12-29,1.55597,1.55857,1.5507,1.55099
2014-12-30,1.55099,1.55735,1.55005,1.55596
2014-12-31,1.55596,1.56203,1.55491,1.55749
2015-01-02,1.55749,1.55749,1.53251,1.53259
2015-01-05,1.53021,1.53196,1.51808,1.52452
2015-01-06,1.52452,1.52736,1.51412,1.51506
2015-01-07,1.51506,1.51555,1.50544,1.51098
2015-01-08,1.51098,1.51178,1.50342,1.5084
2015-01-09,1.5084,1.51759,1.50773,1.51565
2015-01-12,1.51757,1.51938,1.50987,1.51712
2015-01-13,1.51712,1.51917,1.50774,1.51555
2015-01-14,1.51555,1.52693,1.51451,1.52302
2015-01-15,1.52302,1.52668,1.51502,1.51765
2015-01-16,1.51765,1.52349,1.50746,1.51319
2015-01-19,1.51212,1.51789,1.51077,1.51096
2015-01-20,1.51096,1.51997,1.50572,1.51424
2015-01-21,1.51424,1.51793,1.50761,1.51412
2015-01-22,1.51412,1.52124,1.49719,1.50086
2015-01-23,1.50086,1.50361,1.49512,1.49905
2015-01-26,1.50109,1.51033,1.49867,1.5057
2015-01-27,1.5057,1.52237,1.5057,1.51948
2015-01-28,1.51948,1.52187,1.51309,1.51315
2015-01-29,1.51315,1.51629,1.50179,1.50625
2015-01-30,1.50625,1.5096,1.49888,1.50495
2015-02-02,1.5097,1.50979,1.50057,1.50387
2015-02-03,1.50387,1.51984,1.49881,1.51651
2015-02-04,1.51651,1.52509,1.5139,1.51789
2015-02-05,1.51789,1.5344,1.51652,1.53251
2015-02-06,1.53251,1.53521,1.52108,1.52342
2015-02-09,1.5225,1.52677,1.52004,1.52153
2015-02-10,1.52153,1.52755,1.51962,1.52538
2015-02-11,1.52538,1.52998,1.5219,1.52297
2015-02-12,1.52297,1.54148,1.5209,1.53832
2015-02-13,1.53832,1.54221,1.53711,1.53803
2015-02-16,1.54224,1.5440099999999999,1.53392,1.53589
2015-02-17,1.53589,1.54026,1.5311299999999999,1.53517
2015-02-18,1.53517,1.54803,1.53418,1.54362
2015-02-19,1.54362,1.54653,1.54041,1.54126
2015-02-20,1.54126,1.54346,1.53434,1.53995
2015-02-23,1.53925,1.54749,1.53325,1.5456
2015-02-24,1.5456,1.54741,1.54019,1.5452
2015-02-25,1.5452,1.55381,1.5446199999999999,1.55271
2015-02-26,1.55271,1.55524,1.53941,1.54036
2015-02-27,1.54036,1.54588,1.53842,1.5431
2015-03-02,1.54158,1.54287,1.53516,1.53647
2015-03-03,1.53647,1.53977,1.53446,1.53562
2015-03-04,1.53562,1.53721,1.5252,1.52638
2015-03-05,1.52638,1.52702,1.52151,1.52376
2015-03-06,1.52376,1.52555,1.50214,1.50214
2015-03-09,1.50312,1.51373,1.50293,1.51271
2015-03-10,1.51271,1.51311,1.50286,1.50659
2015-03-11,1.50659,1.50965,1.48931,1.49273
2015-03-12,1.49273,1.50263,1.485,1.48815
2015-03-13,1.48815,1.48971,1.46989,1.47267
2015-03-16,1.47228,1.48532,1.47228,1.48259
2015-03-17,1.48259,1.48452,1.47241,1.47478
2015-03-18,1.47478,1.51654,1.46346,1.49765
2015-03-19,1.49765,1.50095,1.46878,1.47497
2015-03-20,1.47497,1.49894,1.47221,1.49527
2015-03-23,1.4969999999999999,1.49898,1.48385,1.4951
2015-03-24,1.4951,1.4984,1.48427,1.48472
2015-03-25,1.48472,1.49542,1.48309,1.48804
2015-03-26,1.48804,1.49947,1.48065,1.48446
2015-03-27,1.48446,1.4922,1.47965,1.48703
2015-03-30,1.48854,1.49011,1.47526,1.48097
2015-03-31,1.48097,1.48715,1.47553,1.48145
2015-04-01,1.48145,1.48716,1.47395,1.4822899999999999
2015-04-02,1.4822899999999999,1.48683,1.47758,1.48263
2015-04-03,1.48263,1.49449,1.48101,1.49157
2015-04-06,1.49149,1.49814,1.48701,1.48739
2015-04-07,1.48739,1.49205,1.4803,1.48068
2015-04-08,1.48068,1.49722,1.48051,1.48663
2015-04-09,1.48663,1.48863,1.46844,1.47086
2015-04-10,1.47086,1.47248,1.45872,1.46313
2015-04-13,1.46207,1.46814,1.45658,1.46725
2015-04-14,1.46725,1.48017,1.46035,1.47767
2015-04-15,1.47767,1.4853399999999999,1.47006,1.48379
2015-04-16,1.48379,1.49701,1.4812,1.49292
2015-04-17,1.49292,1.50533,1.49164,1.49591
2015-04-20,1.4954,1.4984,1.48878,1.49038
2015-04-21,1.49038,1.49728,1.48563,1.49257
2015-04-22,1.49257,1.50794,1.49139,1.50343
2015-04-23,1.50343,1.50701,1.49596,1.50521
2015-04-24,1.50521,1.51877,1.50273,1.51857
2015-04-27,1.51753,1.52615,1.51071,1.52343
2015-04-28,1.52343,1.53428,1.51738,1.53382
2015-04-29,1.53382,1.54987,1.53276,1.5433
2015-04-30,1.5433,1.54921,1.53038,1.5351299999999999
2015-05-01,1.5351299999999999,1.53973,1.51145,1.51348
2015-05-04,1.51452,1.51746,1.50901,1.51175
2015-05-05,1.51175,1.5218,1.50889,1.51789
2015-05-06,1.51789,1.52914,1.515,1.52439
2015-05-07,1.52439,1.52752,1.51636,1.52415
2015-05-08,1.52415,1.55225,1.52415,1.54373
2015-05-11,1.54412,1.56136,1.53931,1.55854
2015-05-12,1.55854,1.57105,1.55574,1.56667
2015-05-13,1.56667,1.57692,1.5633299999999999,1.57443
2015-05-14,1.57443,1.58148,1.57286,1.57745
2015-05-15,1.57745,1.58088,1.57013,1.57246
2015-05-18,1.57346,1.57453,1.56378,1.56521
2015-05-19,1.56521,1.567,1.54466,1.55112
2015-05-20,1.55112,1.55879,1.54724,1.55319
2015-05-21,1.55319,1.56999,1.55252,1.56597
2015-05-22,1.56597,1.56901,1.54599,1.54799
2015-05-25,1.5468,1.55076,1.54565,1.54669
2015-05-26,1.54669,1.54754,1.5354,1.5383499999999999
2015-05-27,1.5383499999999999,1.54374,1.53011,1.53501
2015-05-28,1.53501,1.53859,1.52604,1.5311
2015-05-29,1.5311,1.53423,1.52362,1.52896
2015-06-01,1.52908,1.53045,1.51702,1.51989
2015-06-02,1.51989,1.53672,1.51796,1.53426
2015-06-03,1.53426,1.53751,1.52511,1.53394
2015-06-04,1.53394,1.54413,1.53038,1.5358
2015-06-05,1.5358,1.537,1.51902,1.52617
2015-06-08,1.52566,1.53643,1.52211,1.53467
2015-06-09,1.53467,1.53893,1.52571,1.53841
2015-06-10,1.53841,1.55543,1.53689,1.55284
2015-06-11,1.55284,1.55339,1.54207,1.55168
2015-06-12,1.55168,1.55981,1.54667,1.55523
2015-06-15,1.55425,1.5614,1.54874,1.55995
2015-06-16,1.55995,1.56541,1.55419,1.56462
2015-06-17,1.56462,1.58469,1.56256,1.58313
2015-06-18,1.58313,1.59301,1.58056,1.58737
2015-06-19,1.58737,1.58964,1.58354,1.58713
2015-06-22,1.58682,1.59099,1.58053,1.58218
2015-06-23,1.58218,1.58314,1.57087,1.57291
2015-06-24,1.57291,1.58027,1.56671,1.57015
2015-06-25,1.57015,1.57706,1.56764,1.57475
2015-06-26,1.57475,1.57673,1.57083,1.57472
2015-06-29,1.56887,1.57888,1.56624,1.57336
2015-06-30,1.57336,1.57758,1.56926,1.57132
2015-07-01,1.57132,1.57321,1.55879,1.56105
2015-07-02,1.56105,1.564,1.55619,1.5605
2015-07-03,1.5605,1.56439,1.55558,1.55624
2015-07-06,1.55446,1.56285,1.55321,1.55986
2015-07-07,1.55986,1.56098,1.54135,1.54613
2015-07-08,1.54613,1.54671,1.53301,1.53596
2015-07-09,1.53596,1.54205,1.5343499999999999,1.53785
2015-07-10,1.53785,1.55509,1.5364,1.55121
2015-07-13,1.54981,1.5588899999999999,1.5480099999999999,1.54859
2015-07-14,1.54859,1.5639,1.54509,1.56352
2015-07-15,1.56352,1.56756,1.5576699999999999,1.56329
2015-07-16,1.56329,1.56505,1.55603,1.5604
2015-07-17,1.5604,1.5673,1.55537,1.55976
2015-07-20,1.55976,1.56275,1.55381,1.55578
2015-07-21,1.55578,1.55904,1.55291,1.55528
2015-07-22,1.55528,1.56468,1.55474,1.56112
2015-07-23,1.56112,1.56707,1.55008,1.55108
2015-07-24,1.55108,1.55261,1.54666,1.55055
2015-07-27,1.55126,1.55952,1.54905,1.55588
2015-07-28,1.55588,1.56278,1.5528,1.56122
2015-07-29,1.56122,1.56897,1.55877,1.55967
2015-07-30,1.55967,1.56429,1.55626,1.55962
2015-07-31,1.55962,1.56783,1.55493,1.56156
2015-08-03,1.56285,1.56449,1.55652,1.55831
2015-08-04,1.55831,1.56338,1.55578,1.5559399999999999
2015-08-05,1.5559399999999999,1.56515,1.55259,1.56007
2015-08-06,1.56007,1.56369,1.5467,1.55115
2015-08-07,1.55115,1.55455,1.54245,1.5491
2015-08-10,1.54907,1.56059,1.54582,1.55866
2015-08-11,1.55866,1.56165,1.55552,1.55652
2015-08-12,1.55652,1.56599,1.55341,1.56085
2015-08-13,1.56085,1.56368,1.55729,1.56065
2015-08-14,1.56065,1.5661,1.55885,1.5644
2015-08-17,1.56486,1.56883,1.55789,1.55813
2015-08-18,1.55813,1.57169,1.55622,1.56558
2015-08-19,1.56558,1.57006,1.56352,1.56785
2015-08-20,1.56785,1.57015,1.56059,1.5688199999999999
2015-08-21,1.5688199999999999,1.5723,1.56578,1.5688199999999999
2015-08-24,1.5675999999999999,1.5803099999999999,1.56303,1.57715
2015-08-25,1.57715,1.58191,1.56785,1.56862
2015-08-26,1.56862,1.57198,1.54526,1.5458
2015-08-27,1.5458,1.55084,1.53699,1.5401
2015-08-28,1.5401,1.54428,1.53351,1.53853
2015-08-31,1.54087,1.54368,1.53395,1.53418
2015-09-01,1.53418,1.5407899999999999,1.52999,1.53029
2015-09-02,1.53029,1.53258,1.5264,1.52927
2015-09-03,1.52927,1.53131,1.52191,1.52549
2015-09-04,1.52549,1.52766,1.51627,1.51673
2015-09-07,1.51749,1.52883,1.51713,1.52691
2015-09-08,1.52691,1.54127,1.52691,1.53925
2015-09-09,1.53925,1.54045,1.53495,1.53662
2015-09-10,1.53662,1.54761,1.53386,1.54411
2015-09-11,1.54411,1.5461799999999999,1.54,1.54275
2015-09-14,1.5426199999999999,1.54709,1.53725,1.54239
2015-09-15,1.54239,1.54573,1.53297,1.53425
2015-09-16,1.53425,1.55284,1.53302,1.54882
2015-09-17,1.54882,1.56278,1.5486199999999999,1.55877
2015-09-18,1.55877,1.5659,1.55141,1.55233
2015-09-21,1.5522,1.55678,1.54806,1.55058
2015-09-22,1.55058,1.5529,1.53406,1.53613
2015-09-23,1.53613,1.53654,1.52207,1.52384
2015-09-24,1.52384,1.52888,1.52006,1.52419
2015-09-25,1.52419,1.52605,1.51351,1.51723
2015-09-28,1.51793,1.5241,1.51574,1.51719
2015-09-29,1.51719,1.52051,1.5129,1.51469
2015-09-30,1.51469,1.52138,1.5107599999999999,1.51265
2015-10-01,1.51265,1.51803,1.5107,1.51297
2015-10-02,1.51297,1.52376,1.51261,1.51725
2015-10-05,1.51878,1.52446,1.51368,1.51453
2015-10-06,1.51453,1.5243,1.51399,1.52234
2015-10-07,1.52234,1.53395,1.52188,1.5316
2015-10-08,1.5316,1.53722,1.52613,1.53442
2015-10-09,1.53442,1.53834,1.53,1.53066
2015-10-12,1.53059,1.53731,1.53059,1.53467
2015-10-13,1.53467,1.53878,1.52003,1.52466
2015-10-14,1.52466,1.54945,1.5246,1.54758
2015-10-15,1.54758,1.5508899999999999,1.54154,1.54497
2015-10-16,1.54497,1.54863,1.54303,1.54334
2015-10-19,1.54342,1.54968,1.54275,1.5462
2015-10-20,1.5462,1.5506199999999999,1.54355,1.54426
2015-10-21,1.54426,1.54772,1.54102,1.54103
2015-10-22,1.54103,1.55069,1.53692,1.53926
2015-10-23,1.53926,1.5419,1.53056,1.53067
2015-10-26,1.53128,1.53817,1.53042,1.53501
2015-10-27,1.53501,1.53586,1.52826,1.52995
2015-10-28,1.52995,1.53474,1.52483,1.52598
2015-10-29,1.52598,1.53216,1.52422,1.53078
2015-10-30,1.53078,1.54677,1.53064,1.54213
2015-11-02,1.5447,1.5497,1.54032,1.54155
2015-11-03,1.54155,1.54454,1.53593,1.54191
2015-11-04,1.54191,1.54451,1.53609,1.53824
2015-11-05,1.53824,1.54016,1.5205,1.52072
2015-11-06,1.52072,1.52193,1.50269,1.50448
2015-11-09,1.5048,1.51283,1.50397,1.51132
2015-11-10,1.51132,1.51452,1.50914,1.51178
2015-11-11,1.51178,1.52208,1.51143,1.52072
2015-11-12,1.52072,1.52466,1.5174,1.52308
2015-11-13,1.52308,1.52654,1.5187599999999999,1.52273
2015-11-16,1.52249,1.5230299999999999,1.5181499999999999,1.5199799999999999
2015-11-17,1.5199799999999999,1.52386,1.51545,1.52113
2015-11-18,1.52113,1.52488,1.51879,1.52359
2015-11-19,1.52359,1.53356,1.52271,1.52898
2015-11-20,1.52898,1.53098,1.51824,1.51857
2015-11-23,1.51807,1.51969,1.5109,1.51226
2015-11-24,1.51226,1.51556,1.50535,1.50757
2015-11-25,1.50757,1.51361,1.5056,1.51272
2015-11-26,1.51272,1.51304,1.5066,1.51011
2015-11-27,1.51011,1.51098,1.5028,1.50286
2015-11-30,1.50318,1.50684,1.49937,1.50555
2015-12-01,1.50555,1.51254,1.50505,1.50799
2015-12-02,1.50799,1.5082,1.48948,1.49504
2015-12-03,1.49504,1.51588,1.49042,1.51422
2015-12-04,1.51422,1.51565,1.50779,1.51048
2015-12-07,1.50989,1.51148,1.50447,1.50538
2015-12-08,1.50538,1.50611,1.49567,1.50058
2015-12-09,1.50058,1.51921,1.50043,1.51789
2015-12-10,1.51789,1.52021,1.5110999999999999,1.51588
2015-12-11,1.51588,1.524,1.5125,1.52182
2015-12-14,1.52298,1.52304,1.51075,1.51406
2015-12-15,1.51406,1.51846,1.50292,1.50348
2015-12-16,1.50348,1.5098799999999999,1.49567,1.49998
2015-12-17,1.49998,1.501,1.48649,1.48955
2015-12-18,1.48955,1.49501,1.48837,1.48861
2015-12-21,1.48988,1.49292,1.48774,1.4881
2015-12-22,1.4881,1.49079,1.48055,1.48262
2015-12-23,1.48262,1.49003,1.48187,1.48679
2015-12-24,1.48679,1.49451,1.48582,1.4923899999999999
2015-12-28,1.49047,1.4935,1.48739,1.48782
2015-12-29,1.48782,1.4913399999999999,1.47854,1.48119
2015-12-30,1.48119,1.48488,1.47928,1.48118
2015-12-31,1.48118,1.48445,1.47314,1.4733
2016-01-04,1.47328,1.4816,1.4663,1.47119
2016-01-05,1.47119,1.47254,1.46384,1.46736
2016-01-06,1.46736,1.46817,1.45997,1.46303
2016-01-07,1.46303,1.46403,1.4533099999999999,1.46164
2016-01-08,1.46164,1.4645,1.45062,1.45164
2016-01-11,1.45218,1.46043,1.44932,1.45396
2016-01-12,1.45396,1.45601,1.43519,1.44457
2016-01-13,1.44457,1.44761,1.43797,1.44057
2016-01-14,1.44057,1.44453,1.43601,1.44098
2016-01-15,1.44098,1.4427699999999999,1.42516,1.42523
2016-01-18,1.42511,1.43232,1.42368,1.42421
2016-01-19,1.42421,1.43399,1.4129,1.41555
2016-01-20,1.41555,1.42193,1.41253,1.41878
2016-01-21,1.41878,1.42489,1.40791,1.42199
2016-01-22,1.42199,1.43626,1.42046,1.42624
2016-01-25,1.42616,1.43096,1.42235,1.42479
2016-01-26,1.42479,1.43671,1.41731,1.435
2016-01-27,1.435,1.4355,1.42299,1.42315
2016-01-28,1.42315,1.44074,1.42315,1.43575
2016-01-29,1.43575,1.44133,1.41492,1.42426
2016-02-01,1.42489,1.44448,1.4228,1.44311
2016-02-02,1.44311,1.44458,1.43262,1.44073
2016-02-03,1.44073,1.4649,1.43838,1.46021
2016-02-04,1.46021,1.46688,1.45294,1.4588
2016-02-05,1.4588,1.45907,1.44519,1.4498
2016-02-08,1.44801,1.45468,1.43503,1.44292
2016-02-09,1.44292,1.45154,1.43782,1.44672
2016-02-10,1.44672,1.45782,1.44352,1.45219
2016-02-11,1.45219,1.45636,1.43828,1.44747
2016-02-12,1.44747,1.45704,1.4443,1.44984
2016-02-15,1.44984,1.45355,1.4413,1.443
2016-02-16,1.443,1.45158,1.42758,1.43021
2016-02-17,1.43021,1.43388,1.4235,1.42868
2016-02-18,1.42868,1.43943,1.42563,1.43295
2016-02-19,1.43295,1.44048,1.42466,1.4399899999999999
2016-02-22,1.42617,1.43058,1.40572,1.41487
2016-02-23,1.41487,1.41558,1.40075,1.4022
2016-02-24,1.4022,1.40269,1.38781,1.39247
2016-02-25,1.39247,1.39963,1.38996,1.39599
2016-02-26,1.39599,1.40424,1.38536,1.38669
2016-02-29,1.38547,1.39463,1.38354,1.39117
2016-03-01,1.39117,1.40185,1.3904,1.39506
2016-03-02,1.39506,1.40933,1.3914,1.40751
2016-03-03,1.40751,1.41941,1.40322,1.41723
2016-03-04,1.41723,1.42486,1.41069,1.42229
2016-03-07,1.42152,1.42837,1.41337,1.42624
2016-03-08,1.42624,1.42755,1.41733,1.42112
2016-03-09,1.42112,1.42409,1.41769,1.42126
2016-03-10,1.42126,1.43184,1.41176,1.42761
2016-03-11,1.42761,1.44363,1.42544,1.43815
2016-03-14,1.43713,1.4389,1.4292799999999999,1.43003
2016-03-15,1.43003,1.43058,1.41387,1.41495
2016-03-16,1.41495,1.42734,1.40527,1.42563
2016-03-17,1.42563,1.45033,1.42212,1.44772
2016-03-18,1.44772,1.45145,1.44102,1.44733
2016-03-21,1.44335,1.4467,1.43651,1.43673
2016-03-22,1.43673,1.43974,1.41904,1.42047
2016-03-23,1.42047,1.42274,1.40819,1.41138
2016-03-24,1.41138,1.41827,1.40571,1.41484
2016-03-25,1.41484,1.41581,1.4108,1.41328
2016-03-28,1.41264,1.42826,1.41201,1.42535
2016-03-29,1.42535,1.4404,1.41943,1.43801
2016-03-30,1.43801,1.44591,1.43607,1.4377
2016-03-31,1.4377,1.44266,1.43256,1.43587
2016-04-01,1.43587,1.43714,1.41709,1.42209
2016-04-04,1.4219,1.43216,1.41909,1.4262
2016-04-05,1.4262,1.42786,1.41212,1.41592
2016-04-06,1.41592,1.41711,1.40053,1.41211
2016-04-07,1.41211,1.41569,1.40483,1.40558
2016-04-08,1.40558,1.41408,1.40404,1.41205
2016-04-11,1.4115,1.42866,1.41058,1.42348
2016-04-12,1.42348,1.4347699999999999,1.4196199999999999,1.42736
2016-04-13,1.42736,1.4279,1.41925,1.42022
2016-04-14,1.42022,1.42073,1.40901,1.41512
2016-04-15,1.41512,1.42416,1.41326,1.41957
2016-04-18,1.41964,1.42905,1.4131,1.42755
2016-04-19,1.42755,1.44188,1.42702,1.43932
2016-04-20,1.43932,1.44103,1.43277,1.43282
2016-04-21,1.43282,1.444,1.42979,1.4321
2016-04-22,1.4321,1.44515,1.43133,1.4399899999999999
2016-04-25,1.44622,1.45192,1.44027,1.44791
2016-04-26,1.44791,1.46388,1.44784,1.45789
2016-04-27,1.45789,1.4621899999999999,1.44729,1.454
2016-04-28,1.454,1.46228,1.45231,1.46026
2016-04-29,1.46026,1.467,1.45765,1.4606999999999999
2016-05-02,1.4581,1.46962,1.45806,1.46722
2016-05-03,1.46722,1.47696,1.4529,1.45342
2016-05-04,1.45342,1.45716,1.44614,1.44922
2016-05-05,1.44922,1.45292,1.44437,1.44838
2016-05-06,1.44838,1.45428,1.44148,1.44236
2016-05-09,1.4412,1.44794,1.43744,1.44048
2016-05-10,1.44048,1.44779,1.43889,1.44392
2016-05-11,1.44392,1.44881,1.43947,1.44463
2016-05-12,1.44463,1.45306,1.4405999999999999,1.4447
2016-05-13,1.4447,1.4454,1.43403,1.43508
2016-05-16,1.43463,1.44145,1.43323,1.43982
2016-05-17,1.43982,1.45239,1.43952,1.44603
2016-05-18,1.44603,1.46345,1.44031,1.45968
2016-05-19,1.45968,1.46637,1.45616,1.46091
2016-05-20,1.46091,1.46129,1.44854,1.44956
2016-05-23,1.45039,1.45486,1.44421,1.44832
2016-05-24,1.44832,1.4641899999999999,1.44733,1.46322
2016-05-25,1.46322,1.4729,1.46006,1.46952
2016-05-26,1.46952,1.47394,1.46402,1.46678
2016-05-27,1.46678,1.46885,1.46048,1.46128
2016-05-30,1.46026,1.46413,1.45873,1.46402
2016-05-31,1.46402,1.47258,1.44647,1.448
2016-06-01,1.448,1.45075,1.43859,1.44143
2016-06-02,1.44143,1.44728,1.44019,1.44209
2016-06-03,1.44209,1.45815,1.43987,1.45116
2016-06-06,1.44604,1.44816,1.43515,1.44388
2016-06-07,1.44388,1.46622,1.4433,1.45423
2016-06-08,1.45423,1.46007,1.45,1.45014
2016-06-09,1.45014,1.45268,1.44464,1.44549
2016-06-10,1.44549,1.44724,1.4179599999999999,1.42508
2016-06-13,1.4266699999999999,1.43276,1.4115,1.42592
2016-06-14,1.42592,1.42662,1.40903,1.41084
2016-06-15,1.41084,1.42178,1.40916,1.42032
2016-06-16,1.42032,1.42535,1.40122,1.42026
2016-06-17,1.42026,1.43874,1.41924,1.43466
2016-06-20,1.44575,1.47179,1.44322,1.46804
2016-06-21,1.46804,1.47833,1.4616,1.4649699999999999
2016-06-22,1.4649699999999999,1.47737,1.46407,1.47069
2016-06-23,1.47069,1.49466,1.4695799999999999,1.48399
2016-06-24,1.48399,1.50186,1.32263,1.36599
2016-06-27,1.34224,1.3484099999999999,1.31191,1.3220399999999999
2016-06-28,1.3220399999999999,1.34192,1.31989,1.33419
2016-06-29,1.33419,1.35333,1.32857,1.34262
2016-06-30,1.34262,1.34957,1.32057,1.33078
2016-07-01,1.33078,1.33493,1.32436,1.32459
2016-07-04,1.32416,1.33408,1.32399,1.32802
2016-07-05,1.32802,1.32889,1.29994,1.30219
2016-07-06,1.30219,1.30271,1.27893,1.29282
2016-07-07,1.29282,1.30471,1.2875,1.29049
2016-07-08,1.29049,1.30181,1.28806,1.29388
2016-07-11,1.29428,1.30178,1.28503,1.29814
2016-07-12,1.29814,1.32948,1.29717,1.32464
2016-07-13,1.32464,1.33371,1.31339,1.3144
2016-07-14,1.3144,1.34779,1.31043,1.33407
2016-07-15,1.33407,1.34805,1.3131599999999999,1.31729
2016-07-18,1.31948,1.33149,1.31865,1.32528
2016-07-19,1.32528,1.32739,1.30737,1.31079
2016-07-20,1.31079,1.32271,1.30647,1.32015
2016-07-21,1.32015,1.32749,1.31547,1.32327
2016-07-22,1.32327,1.32904,1.30787,1.31087
2016-07-25,1.31446,1.31648,1.30947,1.31353
2016-07-26,1.31353,1.31757,1.30559,1.31282
2016-07-27,1.31282,1.32346,1.3072,1.32207
2016-07-28,1.32207,1.32484,1.31171,1.31612
2016-07-29,1.31612,1.33016,1.31475,1.32227
2016-08-01,1.3238,1.32722,1.31624,1.31733
2016-08-02,1.31733,1.33654,1.31714,1.33552
2016-08-03,1.33552,1.33715,1.32798,1.33242
2016-08-04,1.33242,1.33454,1.31026,1.31052
2016-08-05,1.31052,1.31749,1.3021099999999999,1.30634
2016-08-08,1.30757,1.30963,1.30274,1.30389
2016-08-09,1.30389,1.3046,1.29558,1.30009
2016-08-10,1.30009,1.30938,1.29907,1.30063
2016-08-11,1.30063,1.3028,1.29353,1.29546
2016-08-12,1.29546,1.30348,1.29032,1.29164
2016-08-15,1.29202,1.29451,1.28654,1.28772
2016-08-16,1.28772,1.30512,1.28737,1.30451
2016-08-17,1.30451,1.3085499999999999,1.29751,1.30405
2016-08-18,1.30405,1.31729,1.30309,1.31627
2016-08-19,1.31627,1.31853,1.3022799999999999,1.30725
2016-08-22,1.30511,1.31571,1.30342,1.31352
2016-08-23,1.31352,1.32103,1.31282,1.31968
2016-08-24,1.31968,1.32729,1.31612,1.32311
2016-08-25,1.32311,1.32634,1.31687,1.31888
2016-08-26,1.31888,1.3279,1.31217,1.31289
2016-08-29,1.31092,1.31387,1.30593,1.31031
2016-08-30,1.31031,1.31197,1.30591,1.30766
2016-08-31,1.30766,1.31581,1.30648,1.31357
2016-09-01,1.31357,1.33178,1.3128,1.32671
2016-09-02,1.32671,1.33524,1.32524,1.32899
2016-09-05,1.32911,1.33756,1.32881,1.33011
2016-09-06,1.33011,1.34451,1.32964,1.34369
2016-09-07,1.34369,1.34375,1.33188,1.33391
2016-09-08,1.33391,1.33754,1.3283099999999999,1.329
2016-09-09,1.329,1.33358,1.32392,1.32611
2016-09-12,1.32651,1.33472,1.32349,1.33341
2016-09-13,1.33341,1.33409,1.3167,1.31879
2016-09-14,1.31879,1.3240399999999999,1.31381,1.32318
2016-09-15,1.32318,1.32784,1.31791,1.32371
2016-09-16,1.32371,1.32475,1.2993999999999999,1.29958
2016-09-19,1.29991,1.30911,1.2996,1.30275
2016-09-20,1.30275,1.30648,1.2947,1.29869
2016-09-21,1.29869,1.30468,1.29453,1.30269
2016-09-22,1.30269,1.31208,1.30252,1.30743
2016-09-23,1.30743,1.30876,1.29149,1.29579
2016-09-26,1.29629,1.29868,1.29161,1.29732
2016-09-27,1.29732,1.30266,1.29367,1.30215
2016-09-28,1.30215,1.30317,1.29793,1.30156
2016-09-29,1.30156,1.3058,1.29541,1.29667
2016-09-30,1.29667,1.30226,1.29363,1.29719
2016-10-03,1.29159,1.29466,1.28173,1.2839099999999999
2016-10-04,1.2839099999999999,1.28605,1.27187,1.27257
2016-10-05,1.27257,1.27712,1.26854,1.2747
2016-10-06,1.2747,1.27598,1.26019,1.26136
2016-10-07,1.26136,1.26216,1.19048,1.24299
2016-10-10,1.23968,1.2444,1.23445,1.23593
2016-10-11,1.23593,1.23729,1.20886,1.21188
2016-10-12,1.21188,1.23249,1.21048,1.22018
2016-10-13,1.22018,1.22723,1.21323,1.22532
2016-10-14,1.22532,1.22614,1.21674,1.21797
2016-10-17,1.21551,1.22018,1.2135799999999999,1.2182
2016-10-18,1.2182,1.2325,1.21745,1.22928
2016-10-19,1.22928,1.23325,1.22539,1.22838
2016-10-20,1.22838,1.22982,1.22098,1.22512
2016-10-21,1.22512,1.2261,1.21711,1.2227
2016-10-24,1.22149,1.22492,1.21855,1.22371
2016-10-25,1.22371,1.22434,1.2082,1.21869
2016-10-26,1.21869,1.22493,1.21566,1.22456
2016-10-27,1.22456,1.22719,1.21487,1.21599
2016-10-28,1.21599,1.22123,1.21139,1.21852
2016-10-31,1.21772,1.2249,1.21438,1.22422
2016-11-01,1.22422,1.22807,1.22055,1.2242
2016-11-02,1.2242,1.23548,1.22205,1.23028
2016-11-03,1.23028,1.24947,1.22967,1.24594
2016-11-04,1.24594,1.25572,1.24492,1.25152
2016-11-07,1.24522,1.24971,1.23788,1.23936
2016-11-08,1.23936,1.244,1.2361199999999999,1.23747
2016-11-09,1.23747,1.25464,1.23513,1.24058
2016-11-10,1.24058,1.25844,1.23774,1.25541
2016-11-11,1.25541,1.26738,1.25251,1.25953
2016-11-14,1.25672,1.25924,1.2443899999999999,1.2483899999999999
2016-11-15,1.2483899999999999,1.25289,1.2379499999999999,1.24551
2016-11-16,1.24551,1.25023,1.24095,1.2440499999999999
2016-11-17,1.2440499999999999,1.25048,1.24084,1.24115
2016-11-18,1.24115,1.24362,1.23018,1.23432
2016-11-21,1.23442,1.25117,1.23123,1.24907
2016-11-22,1.24907,1.25124,1.23838,1.24231
2016-11-23,1.24231,1.24686,1.23601,1.24356
2016-11-24,1.24356,1.24945,1.24017,1.2445599999999999
2016-11-25,1.2445599999999999,1.2481,1.24157,1.24731
2016-11-28,1.2465,1.25313,1.23854,1.24139
2016-11-29,1.24139,1.25256,1.23879,1.2489999999999999
2016-11-30,1.2489999999999999,1.25231,1.2419,1.25061
2016-12-01,1.25061,1.26957,1.25011,1.25905
2016-12-02,1.25905,1.27372,1.25699,1.27215
2016-12-05,1.26771,1.27446,1.26249,1.27306
2016-12-06,1.27306,1.2774699999999999,1.26564,1.26777
2016-12-07,1.26777,1.26827,1.25698,1.26236
2016-12-08,1.26236,1.27044,1.25487,1.25844
2016-12-09,1.25844,1.26205,1.25522,1.25715
2016-12-12,1.25731,1.26994,1.25664,1.26687
2016-12-13,1.26687,1.2728,1.26532,1.26571
2016-12-14,1.26571,1.27226,1.253,1.25624
2016-12-15,1.25624,1.25677,1.23758,1.24154
2016-12-16,1.24154,1.251,1.23825,1.24823
2016-12-19,1.24812,1.25018,1.23548,1.23911
2016-12-20,1.23911,1.2417,1.23123,1.23663
2016-12-21,1.23663,1.23904,1.23234,1.23519
2016-12-22,1.23519,1.23781,1.22769,1.22816
2016-12-23,1.22816,1.22982,1.22284,1.22779
2016-12-27,1.22779,1.22868,1.22404,1.22656
2016-12-28,1.22656,1.22967,1.22005,1.22239
2016-12-29,1.22239,1.22746,1.22092,1.22582
2016-12-30,1.22582,1.2388,1.22449,1.23299
2017-01-03,1.23299,1.23299,1.21988,1.22366
2017-01-04,1.22366,1.23531,1.22207,1.23269
2017-01-05,1.23269,1.24326,1.22701,1.24122
2017-01-06,1.24122,1.24304,1.22612,1.22799
2017-01-09,1.22481,1.22706,1.21234,1.21609
2017-01-10,1.21609,1.21898,1.21071,1.21757
2017-01-11,1.21757,1.22717,1.20378,1.22075
2017-01-12,1.22075,1.23162,1.21521,1.21574
2017-01-13,1.21574,1.22326,1.2121,1.21918
2017-01-16,1.20002,1.20854,1.1985999999999999,1.20444
2017-01-17,1.20444,1.2417,1.2017,1.24169
2017-01-18,1.24169,1.24169,1.22538,1.22598
2017-01-19,1.22598,1.23452,1.22527,1.23426
2017-01-20,1.23426,1.23802,1.22605,1.23739
2017-01-23,1.23761,1.25383,1.23697,1.25335
2017-01-24,1.25335,1.25455,1.24181,1.25202
2017-01-25,1.25202,1.26386,1.24908,1.26289
2017-01-26,1.26289,1.26736,1.25565,1.25894
2017-01-27,1.25894,1.26055,1.25159,1.2543
2017-01-30,1.25811,1.26004,1.24658,1.24853
2017-01-31,1.24853,1.25961,1.2412,1.25758
2017-02-01,1.25758,1.26797,1.25423,1.26552
2017-02-02,1.26552,1.2706,1.25178,1.25268
2017-02-03,1.25268,1.25377,1.24502,1.24789
2017-02-06,1.24851,1.24985,1.24271,1.24635
2017-02-07,1.24635,1.25464,1.23464,1.25053
2017-02-08,1.25053,1.25495,1.2474399999999999,1.25365
2017-02-09,1.25365,1.25821,1.24912,1.24941
2017-02-10,1.24941,1.25208,1.24397,1.24818
2017-02-13,1.24818,1.25392,1.24802,1.2526
2017-02-14,1.2526,1.25482,1.24428,1.24656
2017-02-15,1.24656,1.24815,1.2383,1.24513
2017-02-16,1.24513,1.25236,1.24513,1.24873
2017-02-17,1.24873,1.2510999999999999,1.23875,1.24052
2017-02-20,1.24043,1.24824,1.2404,1.24611
2017-02-21,1.24611,1.24807,1.24009,1.24558
2017-02-22,1.24558,1.25078,1.24107,1.24485
2017-02-23,1.24485,1.25609,1.24274,1.25558
2017-02-24,1.25558,1.25695,1.24477,1.24545
2017-02-27,1.24695,1.24786,1.23822,1.24434
2017-02-28,1.24434,1.24712,1.23735,1.23816
2017-03-01,1.23816,1.24044,1.228,1.22918
2017-03-02,1.22918,1.23075,1.22408,1.22657
2017-03-03,1.22657,1.23,1.22142,1.22935
2017-03-06,1.22851,1.23,1.2224,1.22371
2017-03-07,1.22371,1.22521,1.21689,1.21999
2017-03-08,1.21999,1.22137,1.21385,1.2167999999999999
2017-03-09,1.2167999999999999,1.21952,1.21325,1.21628
2017-03-10,1.21628,1.21885,1.21353,1.21635
2017-03-13,1.21557,1.22508,1.21509,1.22171
2017-03-14,1.22171,1.22216,1.21088,1.21532
2017-03-15,1.21532,1.23086,1.21471,1.22884
2017-03-16,1.22884,1.23768,1.22411,1.23568
2017-03-17,1.23568,1.24047,1.23237,1.23909
2017-03-20,1.23798,1.24354,1.23345,1.23577
2017-03-21,1.23577,1.2494399999999999,1.23403,1.24782
2017-03-22,1.24782,1.25061,1.2422199999999999,1.24829
2017-03-23,1.24829,1.25312,1.24631,1.25202
2017-03-24,1.25202,1.25214,1.24689,1.24723
2017-03-27,1.24881,1.26151,1.24843,1.25573
2017-03-28,1.25573,1.25962,1.24408,1.24508
2017-03-29,1.24508,1.2476,1.23758,1.24349
2017-03-30,1.24349,1.25245,1.24029,1.24674
2017-03-31,1.24674,1.25564,1.2433,1.25463
2017-04-03,1.25419,1.25555,1.24654,1.24856
2017-04-04,1.24856,1.24954,1.24192,1.244
2017-04-05,1.244,1.24981,1.24228,1.24836
2017-04-06,1.24836,1.25056,1.24496,1.24691
2017-04-07,1.24691,1.24775,1.23652,1.23698
2017-04-10,1.23737,1.24287,1.23651,1.24163
2017-04-11,1.24163,1.2495,1.2403,1.24918
2017-04-12,1.24918,1.25479,1.2480499999999999,1.25436
2017-04-13,1.25436,1.25752,1.24999,1.25003
2017-04-14,1.25003,1.25346,1.24984,1.25218
2017-04-17,1.25268,1.2596,1.2523,1.25614
2017-04-18,1.25614,1.29034,1.25126,1.28436
2017-04-19,1.28436,1.28601,1.27697,1.27769
2017-04-20,1.27769,1.28471,1.27724,1.28116
2017-04-21,1.28116,1.28345,1.27549,1.28061
2017-04-24,1.2838,1.2838,1.2772,1.27925
2017-04-25,1.27925,1.28458,1.27749,1.28362
2017-04-26,1.28362,1.2863499999999999,1.28049,1.28472
2017-04-27,1.28472,1.2917,1.2837399999999999,1.29038
2017-04-28,1.29038,1.29655,1.28884,1.29452
2017-05-01,1.29241,1.29433,1.28823,1.28842
2017-05-02,1.28842,1.29397,1.28639,1.29381
2017-05-03,1.29381,1.29475,1.28648,1.28653
2017-05-04,1.28653,1.29324,1.28291,1.29202
2017-05-05,1.29202,1.29837,1.29003,1.29765
2017-05-08,1.29787,1.29877,1.29297,1.29403
2017-05-09,1.29403,1.29603,1.29025,1.29346
2017-05-10,1.29346,1.29879,1.29277,1.29379
2017-05-11,1.29379,1.29483,1.28486,1.28883
2017-05-12,1.28883,1.28996,1.28444,1.28822
2017-05-15,1.28803,1.29407,1.28803,1.28937
2017-05-16,1.28937,1.29573,1.28642,1.29183
2017-05-17,1.29183,1.29903,1.2905,1.29702
2017-05-18,1.29702,1.30476,1.28867,1.29417
2017-05-19,1.29417,1.304,1.29276,1.3033
2017-05-22,1.29907,1.30426,1.29657,1.29991
2017-05-23,1.29991,1.30335,1.29525,1.29608
2017-05-24,1.29608,1.29991,1.29269,1.29762
2017-05-25,1.29762,1.30138,1.29315,1.2940099999999999
2017-05-26,1.2940099999999999,1.29464,1.27748,1.28054
2017-05-29,1.27999,1.28504,1.27943,1.28393
2017-05-30,1.28393,1.28881,1.27937,1.28573
2017-05-31,1.28573,1.29211,1.27688,1.28906
2017-06-01,1.28906,1.2915699999999999,1.28295,1.28795
2017-06-02,1.28795,1.29036,1.28456,1.28894
2017-06-05,1.28563,1.29409,1.28548,1.29014
2017-06-06,1.29014,1.29505,1.28716,1.29087
2017-06-07,1.29087,1.2971,1.28875,1.29608
2017-06-08,1.29608,1.29776,1.2907899999999999,1.29489
2017-06-09,1.29489,1.29489,1.2635399999999999,1.27405
2017-06-12,1.27132,1.27693,1.26383,1.26583
2017-06-13,1.26583,1.27566,1.26419,1.2752
2017-06-14,1.2752,1.28181,1.27231,1.27509
2017-06-15,1.27509,1.27956,1.26905,1.27534
2017-06-16,1.27534,1.28067,1.27509,1.27759
2017-06-19,1.27593,1.28144,1.27221,1.27357
2017-06-20,1.27357,1.27584,1.26026,1.26256
2017-06-21,1.26256,1.27104,1.2589,1.26707
2017-06-22,1.26707,1.26919,1.26534,1.26826
2017-06-23,1.26826,1.2744199999999999,1.26752,1.27184
2017-06-26,1.27338,1.27598,1.27062,1.27206
2017-06-27,1.27206,1.2861,1.2716399999999999,1.28122
2017-06-28,1.28122,1.29719,1.27937,1.29225
2017-06-29,1.29225,1.30157,1.29225,1.30043
2017-06-30,1.30043,1.3030599999999999,1.29456,1.30264
2017-07-03,1.30032,1.30246,1.29319,1.29393
2017-07-04,1.29393,1.29594,1.29126,1.29178
2017-07-05,1.29178,1.29481,1.28932,1.29311
2017-07-06,1.29311,1.29836,1.29198,1.29703
2017-07-07,1.29703,1.29748,1.28668,1.28838
2017-07-10,1.2878,1.29083,1.28542,1.2881
2017-07-11,1.2881,1.29273,1.2831,1.28451
2017-07-12,1.28451,1.29077,1.28118,1.28843
2017-07-13,1.28843,1.29553,1.28812,1.29378
2017-07-14,1.29378,1.31139,1.29354,1.31016
2017-07-17,1.30974,1.31129,1.30467,1.30525
2017-07-18,1.30525,1.31262,1.30049,1.30393
2017-07-19,1.30393,1.30531,1.30105,1.30218
2017-07-20,1.30218,1.30326,1.29328,1.29728
2017-07-21,1.29728,1.30199,1.29536,1.29934
2017-07-24,1.2991,1.30582,1.2988,1.30281
2017-07-25,1.30281,1.30839,1.30073,1.3024499999999999
2017-07-26,1.3024499999999999,1.31227,1.2998399999999999,1.3117699999999999
2017-07-27,1.3117699999999999,1.31592,1.30513,1.30621
2017-07-28,1.30621,1.31519,1.30619,1.3131
2017-07-31,1.31217,1.32232,1.30967,1.32103
2017-08-01,1.32103,1.32449,1.31907,1.3203799999999999
2017-08-02,1.3203799999999999,1.32514,1.31911,1.32234
2017-08-03,1.32234,1.3268,1.31124,1.31368
2017-08-04,1.31368,1.31646,1.30239,1.30334
2017-08-07,1.30351,1.30591,1.30138,1.30327
2017-08-08,1.30327,1.30536,1.29524,1.29932
2017-08-09,1.29932,1.30284,1.29683,1.30004
2017-08-10,1.30004,1.30154,1.29515,1.29768
2017-08-11,1.29768,1.30318,1.29396,1.30088
2017-08-14,1.30071,1.3022,1.29564,1.29635
2017-08-15,1.29635,1.29701,1.28462,1.28659
2017-08-16,1.28659,1.29031,1.28416,1.28901
2017-08-17,1.28901,1.29094,1.28524,1.28664
2017-08-18,1.28664,1.29186,1.28315,1.28707
2017-08-21,1.2858,1.29165,1.28503,1.28954
2017-08-22,1.28954,1.29091,1.2811,1.2822
2017-08-23,1.2822,1.28336,1.27796,1.2798
2017-08-24,1.2798,1.28368,1.27739,1.27994
2017-08-25,1.27994,1.28891,1.27938,1.28765
2017-08-28,1.29237,1.29427,1.28735,1.29313
2017-08-29,1.29313,1.2979,1.29149,1.29164
2017-08-30,1.29164,1.29381,1.28783,1.29238
2017-08-31,1.29238,1.29353,1.28524,1.29288
2017-09-01,1.29288,1.29953,1.29053,1.29502
2017-09-04,1.29604,1.2966199999999999,1.29126,1.29283
2017-09-05,1.29283,1.30426,1.29088,1.30298
2017-09-06,1.30298,1.30822,1.3018399999999999,1.30419
2017-09-07,1.30419,1.31157,1.30326,1.31001
2017-09-08,1.31001,1.32241,1.30941,1.31881
2017-09-11,1.31799,1.32223,1.31609,1.31627
2017-09-12,1.31627,1.32983,1.31605,1.32827
2017-09-13,1.32827,1.3329,1.3183799999999999,1.3208199999999999
2017-09-14,1.3208199999999999,1.3405799999999999,1.31464,1.33964
2017-09-15,1.33964,1.36166,1.33802,1.35832
2017-09-18,1.3558,1.36183,1.34647,1.34949
2017-09-19,1.34949,1.35516,1.3468499999999999,1.35106
2017-09-20,1.35106,1.36574,1.34517,1.34928
2017-09-21,1.34928,1.35867,1.34707,1.35799
2017-09-22,1.35799,1.35958,1.34496,1.34912
2017-09-25,1.34875,1.35708,1.3431,1.34619
2017-09-26,1.34619,1.35149,1.34094,1.34571
2017-09-27,1.34571,1.34616,1.33634,1.33848
2017-09-28,1.33848,1.3456299999999999,1.33427,1.34379
2017-09-29,1.34379,1.3443,1.33495,1.33951
2017-10-02,1.33686,1.34023,1.3256,1.3270899999999999
2017-10-03,1.3270899999999999,1.32876,1.3222,1.32362
2017-10-04,1.32362,1.3292,1.32334,1.3244799999999999
2017-10-05,1.3244799999999999,1.32504,1.31075,1.31188
2017-10-06,1.31188,1.3121099999999999,1.3027,1.30642
2017-10-09,1.30931,1.31843,1.30749,1.31412
2017-10-10,1.31412,1.32264,1.31311,1.32026
2017-10-11,1.32026,1.32344,1.31754,1.32225
2017-10-12,1.32225,1.32907,1.31214,1.32589
2017-10-13,1.32589,1.3338,1.32475,1.32784
2017-10-16,1.33042,1.33118,1.32251,1.32499
2017-10-17,1.32499,1.32875,1.31547,1.31886
2017-10-18,1.31886,1.32115,1.31399,1.32048
2017-10-19,1.32048,1.32285,1.31258,1.31556
2017-10-20,1.31556,1.32007,1.30878,1.31856
2017-10-23,1.31805,1.32273,1.31578,1.31971
2017-10-24,1.31971,1.32275,1.31131,1.31303
2017-10-25,1.31303,1.32713,1.31101,1.32556
2017-10-26,1.32556,1.32794,1.31467,1.31587
2017-10-27,1.31587,1.31623,1.30698,1.31241
2017-10-30,1.31181,1.3215,1.31181,1.32074
2017-10-31,1.32074,1.32888,1.31918,1.32822
2017-11-01,1.32822,1.33211,1.3240399999999999,1.32433
2017-11-02,1.32433,1.32994,1.30427,1.30579
2017-11-03,1.30579,1.31325,1.30391,1.30759
2017-11-06,1.3067199999999999,1.31747,1.30586,1.31696
2017-11-07,1.31696,1.3178,1.3108899999999999,1.31647
2017-11-08,1.31647,1.31757,1.30862,1.31118
2017-11-09,1.31118,1.3166,1.30851,1.31442
2017-11-10,1.31442,1.32296,1.31123,1.31898
2017-11-13,1.31601,1.31797,1.30617,1.31146
2017-11-14,1.31146,1.31871,1.30738,1.31653
2017-11-15,1.31653,1.32136,1.31302,1.31689
2017-11-16,1.31689,1.32076,1.31352,1.31932
2017-11-17,1.31932,1.32605,1.31696,1.32141
2017-11-20,1.32161,1.32794,1.31857,1.32324
2017-11-21,1.32324,1.32673,1.32092,1.32376
2017-11-22,1.32376,1.33295,1.32131,1.33228
2017-11-23,1.33228,1.33375,1.32843,1.33058
2017-11-24,1.33058,1.33598,1.32786,1.33384
2017-11-27,1.33204,1.33833,1.33103,1.33163
2017-11-28,1.33163,1.3388,1.32208,1.33374
2017-11-29,1.33374,1.3448,1.33334,1.34091
2017-11-30,1.34091,1.35492,1.34064,1.35254
2017-12-01,1.35254,1.35498,1.34449,1.34722
2017-12-04,1.34335,1.35388,1.34133,1.34791
2017-12-05,1.34791,1.34819,1.33702,1.34419
2017-12-06,1.34419,1.34428,1.33579,1.339
2017-12-07,1.339,1.34849,1.33199,1.3471899999999999
2017-12-08,1.3471899999999999,1.35204,1.33554,1.3381399999999999
2017-12-11,1.33789,1.34315,1.33305,1.3336999999999999
2017-12-12,1.3336999999999999,1.33801,1.33029,1.33176
2017-12-13,1.33176,1.3430199999999999,1.33113,1.34173
2017-12-14,1.34173,1.34654,1.33924,1.34287
2017-12-15,1.34287,1.34474,1.3301399999999999,1.33175
2017-12-18,1.33112,1.34186,1.33103,1.33826
2017-12-19,1.33826,1.34023,1.33311,1.33838
2017-12-20,1.33838,1.34204,1.33721,1.33749
2017-12-21,1.33749,1.33876,1.33314,1.33854
2017-12-22,1.33854,1.33976,1.33464,1.3358
2017-12-26,1.3358,1.33893,1.3347499999999999,1.33742
2017-12-27,1.33742,1.34297,1.33676,1.33955
2017-12-28,1.33955,1.34567,1.3395299999999999,1.34398
2017-12-29,1.34398,1.35441,1.34287,1.35035
2018-01-01,1.35035,1.35076,1.35035,1.35075
2018-01-02,1.35075,1.36006,1.35047,1.35898
2018-01-03,1.35898,1.36128,1.34943,1.35117
2018-01-04,1.35117,1.35597,1.35055,1.3548499999999999
2018-01-05,1.3548499999999999,1.35826,1.35232,1.35637
2018-01-08,1.3556,1.3586,1.35229,1.35649
2018-01-09,1.35649,1.35823,1.35054,1.35405
2018-01-10,1.35405,1.3562,1.34817,1.35045
2018-01-11,1.35045,1.35549,1.34582,1.35343
2018-01-12,1.35343,1.37438,1.35342,1.3727
2018-01-15,1.37276,1.38199,1.37239,1.37898
2018-01-16,1.37898,1.38062,1.37421,1.37914
2018-01-17,1.37914,1.39428,1.37568,1.3827
2018-01-18,1.3827,1.39133,1.38044,1.3893199999999999
2018-01-19,1.3893199999999999,1.39454,1.38387,1.38486
2018-01-22,1.38903,1.3991,1.38573,1.39849
2018-01-23,1.39849,1.40279,1.39158,1.39958
2018-01-24,1.39958,1.42631,1.39958,1.4234499999999999
2018-01-25,1.4234499999999999,1.43455,1.40829,1.41383
2018-01-26,1.41383,1.42871,1.41073,1.41627
2018-01-29,1.41358,1.41585,1.40252,1.40736
2018-01-30,1.40736,1.4167,1.39798,1.41441
2018-01-31,1.41441,1.42331,1.41217,1.41882
2018-02-01,1.41882,1.42782,1.41591,1.42598
2018-02-02,1.42598,1.42782,1.41015,1.41195
2018-02-05,1.41002,1.41507,1.39548,1.39569
2018-02-06,1.39569,1.39997,1.38364,1.39449
2018-02-07,1.39449,1.39939,1.38486,1.38785
2018-02-08,1.38785,1.40671,1.38456,1.3911499999999999
2018-02-09,1.3911499999999999,1.39871,1.37646,1.3824
2018-02-12,1.3810499999999999,1.38761,1.37961,1.38352
2018-02-13,1.38352,1.39244,1.38324,1.38903
2018-02-14,1.38903,1.4016899999999999,1.38001,1.39976
2018-02-15,1.39976,1.41048,1.39935,1.4099599999999999
2018-02-16,1.4099599999999999,1.41451,1.39966,1.4033
2018-02-19,1.4014,1.40496,1.39589,1.39951
2018-02-20,1.39951,1.40245,1.39313,1.39928
2018-02-21,1.39928,1.40092,1.39047,1.39168
2018-02-22,1.39168,1.3989,1.38568,1.39512
2018-02-23,1.39512,1.40056,1.39049,1.39695
2018-02-26,1.39856,1.40701,1.3928099999999999,1.39657
2018-02-27,1.39657,1.39964,1.3857599999999999,1.39046
2018-02-28,1.39046,1.39163,1.37568,1.37596
2018-03-01,1.37596,1.37854,1.37117,1.37751
2018-03-02,1.37751,1.38168,1.37554,1.37998
2018-03-05,1.3799,1.38775,1.37664,1.38484
2018-03-06,1.38484,1.39295,1.3816599999999999,1.3885399999999999
2018-03-07,1.3885399999999999,1.39127,1.38459,1.38949
2018-03-08,1.38949,1.39099,1.37809,1.38067
2018-03-09,1.38067,1.38892,1.37881,1.38492
2018-03-12,1.3851,1.3917599999999999,1.38409,1.39045
2018-03-13,1.39045,1.3994199999999999,1.38744,1.39587
2018-03-14,1.39587,1.39957,1.39252,1.39608
2018-03-15,1.39608,1.39886,1.39213,1.3935899999999999
2018-03-16,1.3935899999999999,1.39811,1.38889,1.39448
2018-03-19,1.39356,1.40883,1.39129,1.40238
2018-03-20,1.40238,1.40666,1.39827,1.39974
2018-03-21,1.39974,1.41505,1.39966,1.41399
2018-03-22,1.41399,1.42183,1.40758,1.40967
2018-03-23,1.40967,1.41719,1.40852,1.4131
2018-03-26,1.41325,1.42448,1.41305,1.42271
2018-03-27,1.42271,1.42443,1.40661,1.41567
2018-03-28,1.41567,1.42005,1.40707,1.40767
2018-03-29,1.40767,1.40965,1.40111,1.40185
2018-03-30,1.40185,1.40597,1.40123,1.40261
2018-04-02,1.40294,1.40778,1.40179,1.40441
2018-04-03,1.40441,1.40888,1.4021,1.40544
2018-04-04,1.40544,1.40967,1.40149,1.40764
2018-04-05,1.40764,1.4097,1.39654,1.40024
2018-04-06,1.40024,1.4105,1.39832,1.40871
2018-04-09,1.40892,1.41643,1.40782,1.41288
2018-04-10,1.41288,1.41882,1.41204,1.4173499999999999
2018-04-11,1.4173499999999999,1.42233,1.41608,1.41742
2018-04-12,1.41742,1.42468,1.41452,1.42271
2018-04-13,1.42271,1.42965,1.42208,1.4236
2018-04-16,1.4236,1.43443,1.42299,1.43356
2018-04-17,1.43356,1.43767,1.42826,1.42854
2018-04-18,1.42854,1.43146,1.41728,1.42009
2018-04-19,1.42009,1.42461,1.40688,1.40806
2018-04-20,1.40806,1.40905,1.40006,1.40018
2018-04-23,1.39998,1.40311,1.39262,1.39399
2018-04-24,1.39399,1.39872,1.39181,1.39758
2018-04-25,1.39758,1.39971,1.39232,1.3928
2018-04-26,1.3928,1.39981,1.38946,1.39128
2018-04-27,1.39128,1.39347,1.37473,1.37753
2018-04-30,1.377,1.37924,1.37126,1.37553
2018-05-01,1.37553,1.37728,1.35882,1.36134
2018-05-02,1.36134,1.36659,1.3555,1.35711
2018-05-03,1.35711,1.36297,1.35377,1.35725
2018-05-04,1.35725,1.3586,1.34863,1.35259
2018-05-07,1.35326,1.35755,1.35152,1.35557
2018-05-08,1.35557,1.3592899999999999,1.34846,1.35461
2018-05-09,1.35461,1.36072,1.34989,1.35448
2018-05-10,1.35448,1.36178,1.34601,1.35161
2018-05-11,1.35161,1.35957,1.3502,1.35383
2018-05-14,1.35425,1.36082,1.35395,1.35554
2018-05-15,1.35554,1.3572,1.34512,1.35028
2018-05-16,1.35028,1.35211,1.34556,1.34854
2018-05-17,1.34854,1.35694,1.34742,1.35148
2018-05-18,1.35148,1.35279,1.34548,1.34574
2018-05-21,1.34603,1.3483,1.33906,1.342
2018-05-22,1.342,1.34918,1.34125,1.3428
2018-05-23,1.3428,1.34423,1.33052,1.33436
2018-05-24,1.33436,1.34217,1.33399,1.33786
2018-05-25,1.33786,1.3387499999999999,1.32937,1.32941
2018-05-28,1.33114,1.33413,1.32965,1.33081
2018-05-29,1.33081,1.33254,1.32043,1.32491
2018-05-30,1.32491,1.33072,1.3242099999999999,1.32843
2018-05-31,1.32843,1.33482,1.32773,1.32931
2018-06-01,1.32931,1.33621,1.32536,1.33422
2018-06-04,1.33405,1.33986,1.3295,1.3314
2018-06-05,1.3314,1.34088,1.33021,1.33941
2018-06-06,1.33941,1.34432,1.3387,1.34115
2018-06-07,1.34115,1.34725,1.3371,1.34223
2018-06-08,1.34223,1.34392,1.33545,1.34086
2018-06-11,1.34096,1.34414,1.3344799999999999,1.3373599999999999
2018-06-12,1.3373599999999999,1.34247,1.3342,1.33718
2018-06-13,1.33718,1.33894,1.33083,1.33748
2018-06-14,1.33748,1.34467,1.32558,1.32584
2018-06-15,1.32584,1.32984,1.32112,1.3275
2018-06-18,1.3261,1.32799,1.32258,1.32452
2018-06-19,1.32452,1.32728,1.31508,1.31731
2018-06-20,1.31731,1.32175,1.31461,1.31684
2018-06-21,1.31684,1.32699,1.3102,1.32378
2018-06-22,1.32378,1.33149,1.32356,1.3258
2018-06-25,1.325,1.3290899999999999,1.3221,1.32761
2018-06-26,1.32761,1.3292,1.31921,1.3218
2018-06-27,1.3218,1.32339,1.31064,1.31109
2018-06-28,1.31109,1.31256,1.30494,1.30765
2018-06-29,1.30765,1.32139,1.30657,1.32031
2018-07-02,1.3183,1.32087,1.30953,1.3142099999999999
2018-07-03,1.3142099999999999,1.32068,1.31148,1.31894
2018-07-04,1.31894,1.32491,1.31708,1.32264
2018-07-05,1.32264,1.32748,1.32041,1.32205
2018-07-06,1.32205,1.32902,1.32034,1.32856
2018-07-09,1.33177,1.33627,1.31892,1.3256
2018-07-10,1.3256,1.33013,1.32233,1.32738
2018-07-11,1.32738,1.32853,1.31995,1.3203
2018-07-12,1.3203,1.32449,1.31803,1.32043
2018-07-13,1.32043,1.32383,1.31026,1.32334
2018-07-16,1.3227,1.32927,1.32169,1.32345
2018-07-17,1.32345,1.32689,1.30694,1.31144
2018-07-18,1.31144,1.3117,1.30103,1.30687
2018-07-19,1.30687,1.30833,1.29574,1.3014
2018-07-20,1.3014,1.31401,1.29949,1.31268
2018-07-23,1.31227,1.31583,1.30825,1.30954
2018-07-24,1.30954,1.31597,1.30716,1.31444
2018-07-25,1.31444,1.32009,1.31332,1.31879
2018-07-26,1.31879,1.32132,1.31053,1.31059
2018-07-27,1.31059,1.31308,1.30821,1.31074
2018-07-30,1.31145,1.31521,1.3097,1.31304
2018-07-31,1.31304,1.3173,1.30894,1.31204
2018-08-01,1.31204,1.31445,1.30951,1.31262
2018-08-02,1.31262,1.31287,1.30134,1.30135
2018-08-03,1.30135,1.30433,1.29754,1.29979
2018-08-06,1.29979,1.3006,1.29199,1.29441
2018-08-07,1.29441,1.29736,1.29237,1.2939
2018-08-08,1.2939,1.29599,1.28536,1.28802
2018-08-09,1.28802,1.29117,1.28189,1.28223
2018-08-10,1.28223,1.28369,1.27229,1.27665
2018-08-13,1.27439,1.2791299999999999,1.273,1.27651
2018-08-14,1.27651,1.28273,1.27045,1.27168
2018-08-15,1.27168,1.27353,1.26617,1.26942
2018-08-16,1.26942,1.27541,1.26853,1.27122
2018-08-17,1.27122,1.27529,1.26977,1.27468
2018-08-20,1.27423,1.27995,1.27294,1.2795
2018-08-21,1.2795,1.29247,1.2791299999999999,1.28964
2018-08-22,1.28964,1.29365,1.28681,1.29102
2018-08-23,1.29102,1.29185,1.28047,1.28081
2018-08-24,1.28081,1.28811,1.27994,1.28454
2018-08-27,1.28381,1.29012,1.28289,1.28914
2018-08-28,1.28914,1.29319,1.28615,1.28688
2018-08-29,1.28688,1.30325,1.28454,1.30241
2018-08-30,1.30241,1.30433,1.29853,1.30075
2018-08-31,1.30075,1.30288,1.29449,1.29509
2018-09-03,1.29112,1.29336,1.28551,1.28698
2018-09-04,1.28698,1.28762,1.28102,1.28529
2018-09-05,1.28529,1.29831,1.27853,1.29039
2018-09-06,1.29039,1.29621,1.28962,1.29263
2018-09-07,1.29263,1.30282,1.29083,1.29136
2018-09-10,1.29223,1.30518,1.28968,1.30246
2018-09-11,1.30246,1.30873,1.29619,1.303
2018-09-12,1.303,1.3081099999999999,1.29794,1.30437
2018-09-13,1.30437,1.31235,1.30262,1.3105
2018-09-14,1.3105,1.31433,1.30565,1.30654
2018-09-17,1.3067,1.3165,1.3067,1.3157699999999999
2018-09-18,1.3157699999999999,1.31731,1.31185,1.3146
2018-09-19,1.3146,1.32151,1.3097699999999999,1.31441
2018-09-20,1.31441,1.32986,1.31344,1.32663
2018-09-21,1.32663,1.32767,1.30546,1.30766
2018-09-24,1.3082,1.31668,1.30627,1.31172
2018-09-25,1.31172,1.31937,1.3094999999999999,1.31771
2018-09-26,1.31771,1.32176,1.31381,1.31646
2018-09-27,1.31646,1.3178,1.30739,1.30757
2018-09-28,1.30757,1.30904,1.30003,1.3029
2018-10-01,1.3038,1.31156,1.30119,1.30395
2018-10-02,1.30395,1.30486,1.2941,1.29788
2018-10-03,1.29788,1.30231,1.29242,1.29353
2018-10-04,1.29353,1.30415,1.29215,1.30218
2018-10-05,1.30218,1.31234,1.30033,1.3112
2018-10-08,1.31221,1.31329,1.30282,1.30891
2018-10-09,1.30891,1.31503,1.3033,1.31428
2018-10-10,1.31428,1.32158,1.31338,1.3188199999999999
2018-10-11,1.3188199999999999,1.32471,1.31819,1.32306
2018-10-12,1.32306,1.32578,1.31464,1.31465
2018-10-15,1.3083,1.31818,1.30827,1.31513
2018-10-16,1.31513,1.32364,1.31383,1.31839
2018-10-17,1.31839,1.31926,1.30996,1.31131
2018-10-18,1.31131,1.31314,1.30151,1.30168
2018-10-19,1.30168,1.3103799999999999,1.30113,1.30621
2018-10-22,1.307,1.30902,1.29562,1.29602
2018-10-23,1.29602,1.30443,1.29369,1.29833
2018-10-24,1.29833,1.2990599999999999,1.28672,1.28795
2018-10-25,1.28795,1.29197,1.27963,1.2817399999999999
2018-10-26,1.2817399999999999,1.28415,1.27769,1.28259
2018-10-29,1.2821,1.2852999999999999,1.27916,1.27924
2018-10-30,1.27924,1.28125,1.26958,1.27014
2018-10-31,1.27014,1.28307,1.26987,1.27655
2018-11-01,1.27655,1.30347,1.2761,1.29973
2018-11-02,1.29973,1.30408,1.29515,1.29614
2018-11-05,1.30229,1.30557,1.29643,1.30376
2018-11-06,1.30376,1.3107,1.3021,1.30978
2018-11-07,1.30978,1.31747,1.3073299999999999,1.31243
2018-11-08,1.31243,1.315,1.30447,1.30617
2018-11-09,1.30617,1.30699,1.29581,1.29724
2018-11-12,1.29146,1.29467,1.28272,1.28484
2018-11-13,1.28484,1.30471,1.2838,1.29685
2018-11-14,1.29685,1.3072,1.28796,1.29849
2018-11-15,1.29849,1.303,1.27232,1.27684
2018-11-16,1.27684,1.28775,1.27575,1.28217
2018-11-19,1.28434,1.28841,1.27936,1.28471
2018-11-20,1.28471,1.28832,1.27762,1.27868
2018-11-21,1.27868,1.28196,1.2764,1.27754
2018-11-22,1.27754,1.29278,1.27665,1.28758
2018-11-23,1.28758,1.28826,1.27982,1.28076
2018-11-26,1.2823,1.28641,1.27959,1.28045
2018-11-27,1.28045,1.28195,1.27255,1.27449
2018-11-28,1.27449,1.2847,1.27321,1.28228
2018-11-29,1.28228,1.2849599999999999,1.27554,1.2783
2018-11-30,1.2783,1.28093,1.27345,1.27481
2018-12-03,1.2765,1.28247,1.26986,1.27234
2018-12-04,1.27234,1.28396,1.2658099999999999,1.27143
2018-12-05,1.27143,1.27982,1.26719,1.27329
2018-12-06,1.27329,1.28117,1.26993,1.27795
2018-12-07,1.27795,1.27901,1.27105,1.27294
2018-12-10,1.27036,1.27594,1.2506599999999999,1.2559
2018-12-11,1.2559,1.26386,1.248,1.2486
2018-12-12,1.2486,1.2671,1.24765,1.26237
2018-12-13,1.26237,1.26865,1.261,1.26574
2018-12-14,1.26574,1.26622,1.25296,1.25834
2018-12-17,1.25992,1.26471,1.25708,1.26199
2018-12-18,1.26199,1.27056,1.261,1.26345
2018-12-19,1.26345,1.26791,1.26067,1.26105
2018-12-20,1.26105,1.27074,1.26079,1.26549
2018-12-21,1.26549,1.26976,1.26176,1.26248
2018-12-24,1.2645,1.27385,1.26344,1.27
2018-12-26,1.27,1.27139,1.26303,1.2633
2018-12-27,1.2633,1.26749,1.26158,1.26434
2018-12-28,1.26434,1.27078,1.2635,1.26923
2018-12-31,1.26945,1.2815,1.268,1.27391
2019-01-02,1.27391,1.27728,1.25811,1.26039
2019-01-03,1.26039,1.26475,1.2373,1.2631999999999999
2019-01-04,1.2631999999999999,1.27447,1.26158,1.27212
2019-01-07,1.27253,1.2786899999999999,1.27153,1.27748
2019-01-08,1.27748,1.27973,1.27066,1.27132
2019-01-09,1.27132,1.28036,1.27084,1.27879
2019-01-10,1.27879,1.28012,1.27277,1.27444
2019-01-11,1.27444,1.28659,1.27096,1.28349
2019-01-14,1.2851,1.29305,1.28184,1.28613
2019-01-15,1.28613,1.29158,1.2668,1.28594
2019-01-16,1.28594,1.28971,1.28249,1.28777
2019-01-17,1.28777,1.3001,1.2832,1.2985
2019-01-18,1.2985,1.29936,1.28572,1.28701
2019-01-21,1.287,1.29109,1.28305,1.28914
2019-01-22,1.28914,1.29754,1.28549,1.2957
2019-01-23,1.2957,1.3081,1.29421,1.30682
2019-01-24,1.30682,1.3094,1.30121,1.30627
2019-01-25,1.30627,1.32179,1.30569,1.31974
2019-01-28,1.3183,1.32118,1.31369,1.31574
2019-01-29,1.31574,1.31999,1.30558,1.30639
2019-01-30,1.30639,1.31456,1.30542,1.31156
2019-01-31,1.31156,1.31604,1.30974,1.31063
2019-02-01,1.31063,1.31148,1.30433,1.30744
2019-02-04,1.30627,1.31034,1.30291,1.30368
2019-02-05,1.30368,1.30514,1.29244,1.29453
2019-02-06,1.29453,1.29794,1.29251,1.29304
2019-02-07,1.29304,1.29965,1.28547,1.2953
2019-02-08,1.2953,1.29761,1.29212,1.29359
2019-02-11,1.2924,1.29399,1.28451,1.28532
2019-02-12,1.28532,1.29095,1.28329,1.28903
2019-02-13,1.28903,1.29588,1.28441,1.28442
2019-02-14,1.28442,1.2878,1.27729,1.28011
2019-02-15,1.28011,1.28978,1.27846,1.28846
2019-02-18,1.29089,1.29388,1.28914,1.29187
2019-02-19,1.29187,1.30731,1.28958,1.3062799999999999
2019-02-20,1.3062799999999999,1.31093,1.30117,1.30495
2019-02-21,1.30495,1.30952,1.3026,1.30351
2019-02-22,1.30351,1.30804,1.29683,1.30538
2019-02-25,1.30701,1.31143,1.30504,1.30952
2019-02-26,1.30952,1.32882,1.30934,1.32512
2019-02-27,1.32512,1.33503,1.32331,1.33079
2019-02-28,1.33079,1.33194,1.32533,1.3262
2019-03-01,1.3262,1.32864,1.31717,1.32043
2019-03-04,1.32435,1.32544,1.31662,1.31755
2019-03-05,1.31755,1.31985,1.30976,1.31781
2019-03-06,1.31781,1.3181,1.31239,1.31697
2019-03-07,1.31697,1.31849,1.3068,1.30815
2019-03-08,1.30815,1.31082,1.29899,1.30126
2019-03-11,1.29671,1.31706,1.29604,1.31471
2019-03-12,1.31471,1.32883,1.30048,1.30681
2019-03-13,1.30681,1.33806,1.30568,1.3333599999999999
2019-03-14,1.3333599999999999,1.33352,1.32077,1.32395
2019-03-15,1.32395,1.33004,1.32028,1.32857
2019-03-18,1.3294,1.33003,1.31839,1.32536
2019-03-19,1.32536,1.3311,1.3240399999999999,1.32635
2019-03-20,1.32635,1.32727,1.3146,1.3191599999999999
2019-03-21,1.3191599999999999,1.32271,1.30034,1.31023
2019-03-22,1.31023,1.32236,1.30808,1.32042
2019-03-25,1.32146,1.3246499999999999,1.31599,1.31947
2019-03-26,1.31947,1.32613,1.31576,1.3207
2019-03-27,1.3207,1.32693,1.31661,1.31871
2019-03-28,1.31871,1.32079,1.30344,1.30371
2019-03-29,1.30371,1.31367,1.29769,1.30344
2019-04-01,1.30379,1.31497,1.30093,1.3101099999999999
2019-04-02,1.3101099999999999,1.3149899999999999,1.30131,1.31332
2019-04-03,1.31332,1.31962,1.31207,1.31529
2019-04-04,1.31529,1.3191,1.30603,1.3068
2019-04-05,1.3068,1.31219,1.29868,1.30318
2019-04-08,1.30393,1.30741,1.30221,1.30566
2019-04-09,1.30566,1.31215,1.30303,1.30499
2019-04-10,1.30499,1.312,1.30422,1.3082
2019-04-11,1.3082,1.31091,1.3048899999999999,1.30498
2019-04-12,1.30498,1.31328,1.30485,1.30649
2019-04-15,1.30793,1.31193,1.3068,1.30942
2019-04-16,1.30942,1.31013,1.30425,1.30452
2019-04-17,1.30452,1.30674,1.30286,1.30377
2019-04-18,1.30377,1.30525,1.29785,1.29793
2019-04-19,1.29793,1.30091,1.2978399999999999,1.29925
2019-04-22,1.29968,1.29997,1.2975,1.29809
2019-04-23,1.29809,1.30194,1.29276,1.29311
2019-04-24,1.29311,1.29635,1.28875,1.29023
2019-04-25,1.29023,1.29169,1.28656,1.2897399999999999
2019-04-26,1.2897399999999999,1.29436,1.28729,1.29099
2019-04-29,1.29208,1.2947,1.29049,1.2932
2019-04-30,1.2932,1.3049,1.29238,1.30319
2019-05-01,1.30319,1.31023,1.30243,1.30493
2019-05-02,1.30493,1.30812,1.3018,1.30227
2019-05-03,1.30227,1.31765,1.29863,1.31717
2019-05-06,1.31456,1.31705,1.30812,1.30947
2019-05-07,1.30947,1.31308,1.30394,1.30633
2019-05-08,1.30633,1.30805,1.29868,1.30047
2019-05-09,1.30047,1.30357,1.29673,1.29973
2019-05-10,1.29973,1.30474,1.2991,1.3
2019-05-13,1.3,1.30408,1.29409,1.29563
2019-05-14,1.29563,1.2970599999999999,1.28937,1.2903
2019-05-15,1.2903,1.29232,1.2826,1.28399
2019-05-16,1.28399,1.28538,1.27877,1.27928
2019-05-17,1.27928,1.27981,1.27099,1.27144
2019-05-20,1.2731999999999999,1.27572,1.27146,1.27204
2019-05-21,1.27204,1.28132,1.26851,1.2704
2019-05-22,1.2704,1.27193,1.26242,1.26584
2019-05-23,1.26584,1.26843,1.26051,1.26567
2019-05-24,1.26567,1.27326,1.26471,1.27108
2019-05-27,1.2725,1.27479,1.26671,1.26791
2019-05-28,1.26791,1.27024,1.26502,1.26525
2019-05-29,1.26525,1.26716,1.26117,1.26258
2019-05-30,1.26258,1.26405,1.25806,1.26047
2019-05-31,1.26047,1.26445,1.25589,1.26308
2019-06-03,1.2626,1.26741,1.26104,1.26638
2019-06-04,1.26638,1.27146,1.26422,1.26893
2019-06-05,1.26893,1.27437,1.26803,1.26822
2019-06-06,1.26822,1.2742,1.26688,1.2688
2019-06-07,1.2688,1.27631,1.26871,1.27322
2019-06-10,1.27291,1.27362,1.26531,1.26841
2019-06-11,1.26841,1.27326,1.2670299999999999,1.2719799999999999
2019-06-12,1.2719799999999999,1.27588,1.2681499999999999,1.26884
2019-06-13,1.26884,1.27079,1.26621,1.2671
2019-06-14,1.2671,1.26819,1.25802,1.25888
2019-06-17,1.2575,1.26058,1.25316,1.2534
2019-06-18,1.2534,1.25647,1.2506,1.25559
2019-06-19,1.25559,1.26738,1.25425,1.26412
2019-06-20,1.26412,1.27271,1.26285,1.27004
2019-06-21,1.27004,1.27467,1.26424,1.27407
2019-06-24,1.2733,1.27666,1.27081,1.27388
2019-06-25,1.27388,1.27838,1.2671999999999999,1.26816
2019-06-26,1.26816,1.27075,1.26626,1.26851
2019-06-27,1.26851,1.27252,1.26614,1.26688
2019-06-28,1.26688,1.27348,1.2663,1.26948
2019-07-01,1.26965,1.27057,1.26318,1.26377
2019-07-02,1.26377,1.2648,1.2584,1.25924
2019-07-03,1.25924,1.26002,1.2557,1.25673
2019-07-04,1.25673,1.2590999999999999,1.25616,1.25755
2019-07-05,1.25755,1.25877,1.24811,1.25238
2019-07-08,1.25255,1.25399,1.24998,1.25094
2019-07-09,1.25094,1.25223,1.24393,1.24584
2019-07-10,1.24584,1.25209,1.24438,1.24991
2019-07-11,1.24991,1.25717,1.24973,1.25198
2019-07-12,1.25198,1.2578799999999999,1.25198,1.25725
2019-07-15,1.25712,1.25778,1.25102,1.25154
2019-07-16,1.25154,1.25202,1.23962,1.24069
2019-07-17,1.24069,1.24564,1.23821,1.24329
2019-07-18,1.24329,1.25583,1.24224,1.25443
2019-07-19,1.25443,1.2556,1.24758,1.24978
2019-07-22,1.25003,1.2519,1.24555,1.24751
2019-07-23,1.24751,1.24817,1.24177,1.24386
2019-07-24,1.24386,1.25223,1.2427,1.24838
2019-07-25,1.24838,1.25179,1.24367,1.24474
2019-07-26,1.24474,1.24596,1.2376,1.23804
2019-07-29,1.23749,1.23832,1.22122,1.22167
2019-07-30,1.22167,1.2226,1.21186,1.21476
2019-07-31,1.21476,1.22495,1.21333,1.21543
2019-08-01,1.21543,1.21715,1.20794,1.21263
2019-08-02,1.21263,1.21694,1.20884,1.2157499999999999
2019-08-05,1.21622,1.21883,1.21016,1.21389
2019-08-06,1.21389,1.22095,1.21357,1.21606
2019-08-07,1.21606,1.21909,1.2121,1.21398
2019-08-08,1.21398,1.21828,1.20949,1.21308
2019-08-09,1.21308,1.21478,1.20227,1.20227
2019-08-12,1.2046999999999999,1.21067,1.20143,1.2074799999999999
2019-08-13,1.2074799999999999,1.20977,1.20417,1.20583
2019-08-14,1.20583,1.21008,1.20444,1.20526
2019-08-15,1.20526,1.21505,1.20505,1.20805
2019-08-16,1.20805,1.21755,1.20737,1.21418
2019-08-19,1.21525,1.21724,1.21047,1.21251
2019-08-20,1.21251,1.2179,1.20641,1.21643
2019-08-21,1.21643,1.21749,1.21115,1.21176
2019-08-22,1.21176,1.22731,1.21083,1.22504
2019-08-23,1.22504,1.22937,1.21944,1.2282899999999999
2019-08-26,1.22645,1.22859,1.22077,1.2217
2019-08-27,1.2217,1.23099,1.22089,1.22875
2019-08-28,1.22875,1.22905,1.21542,1.2206299999999999
2019-08-29,1.2206299999999999,1.22326,1.21722,1.21792
2019-08-30,1.21792,1.22262,1.2139,1.2160199999999999
2019-09-02,1.21475,1.21746,1.20358,1.20586
2019-09-03,1.20586,1.21056,1.19583,1.20823
2019-09-04,1.20823,1.2256,1.20815,1.22517
2019-09-05,1.22517,1.23537,1.22101,1.23238
2019-09-06,1.23238,1.23432,1.22793,1.22881
2019-09-09,1.22677,1.23848,1.22331,1.23446
2019-09-10,1.23446,1.23791,1.23066,1.23524
2019-09-11,1.23524,1.23709,1.23124,1.23284
2019-09-12,1.23284,1.23665,1.22827,1.23294
2019-09-13,1.23294,1.25043,1.23258,1.24949
2019-09-16,1.24877,1.25038,1.2399,1.24253
2019-09-17,1.24253,1.25269,1.23922,1.2498799999999999
2019-09-18,1.2498799999999999,1.25122,1.24387,1.2462199999999999
2019-09-19,1.2462199999999999,1.25602,1.24381,1.25208
2019-09-20,1.25208,1.25824,1.24591,1.24695
2019-09-23,1.2465,1.24906,1.24128,1.2429
2019-09-24,1.2429,1.25034,1.24141,1.2486
2019-09-25,1.2486,1.2496,1.23436,1.23437
2019-09-26,1.23437,1.23802,1.23026,1.23161
2019-09-27,1.23161,1.23364,1.22708,1.22841
2019-09-30,1.22915,1.23463,1.22756,1.2286299999999999
2019-10-01,1.2286299999999999,1.23386,1.22044,1.23014
2019-10-02,1.23014,1.2324,1.22266,1.22949
2019-10-03,1.22949,1.2413,1.22657,1.23292
2019-10-04,1.23292,1.23568,1.22761,1.23305
2019-10-07,1.23004,1.23367,1.22871,1.2291
2019-10-08,1.2291,1.23025,1.21952,1.22181
2019-10-09,1.22181,1.22916,1.21974,1.22058
2019-10-10,1.22058,1.2469,1.22,1.24319
2019-10-11,1.24319,1.27069,1.24057,1.26441
2019-10-14,1.26332,1.26498,1.25157,1.26047
2019-10-15,1.26047,1.28013,1.25979,1.27812
2019-10-16,1.27812,1.28778,1.26562,1.28275
2019-10-17,1.28275,1.29898,1.27488,1.28903
2019-10-18,1.28903,1.29817,1.28393,1.29739
2019-10-21,1.29487,1.30125,1.28738,1.2959
2019-10-22,1.2959,1.3,1.28619,1.28715
2019-10-23,1.28715,1.2922,1.28413,1.2911
2019-10-24,1.2911,1.29498,1.27884,1.28508
2019-10-25,1.28508,1.28632,1.28041,1.28217
2019-10-28,1.281,1.28764,1.28096,1.28551
2019-10-29,1.28551,1.29046,1.28062,1.28668
2019-10-30,1.28668,1.29074,1.2845,1.28965
2019-10-31,1.28965,1.29755,1.28941,1.29412
2019-11-01,1.29412,1.29725,1.29244,1.29331
2019-11-04,1.2925,1.29426,1.28763,1.28813
2019-11-05,1.28813,1.29176,1.2859,1.28816
2019-11-06,1.28816,1.28972,1.2844,1.28549
2019-11-07,1.28549,1.28779,1.27941,1.28125
2019-11-08,1.28125,1.28226,1.27685,1.27725
2019-11-11,1.27952,1.28979,1.27856,1.2852999999999999
2019-11-12,1.2852999999999999,1.28739,1.28152,1.28445
2019-11-13,1.28445,1.28624,1.28217,1.28492
2019-11-14,1.28492,1.28883,1.28249,1.2881
2019-11-15,1.2881,1.29189,1.28672,1.28982
2019-11-18,1.2922,1.29854,1.29086,1.29509
2019-11-19,1.29509,1.29698,1.29102,1.29257
2019-11-20,1.29257,1.29305,1.28869,1.29228
2019-11-21,1.29228,1.29701,1.28931,1.29046
2019-11-22,1.29046,1.29286,1.28231,1.28292
2019-11-25,1.2855,1.29119,1.2841,1.28987
2019-11-26,1.28987,1.29037,1.28349,1.28657
2019-11-27,1.28657,1.2921,1.28272,1.29169
2019-11-28,1.29169,1.2951,1.28992,1.29085
2019-11-29,1.29085,1.29422,1.28793,1.29272
2019-12-02,1.29086,1.29489,1.28961,1.2939
2019-12-03,1.2939,1.30119,1.29301,1.29935
2019-12-04,1.29935,1.31205,1.29826,1.31036
2019-12-05,1.31036,1.31662,1.31021,1.3157
2019-12-06,1.3157,1.31654,1.31005,1.3131599999999999
2019-12-09,1.3134,1.3181,1.3131599999999999,1.31364
2019-12-10,1.31364,1.3215,1.31327,1.31545
2019-12-11,1.31545,1.32135,1.3107,1.31953
2019-12-12,1.31953,1.32296,1.30502,1.3163
2019-12-13,1.3163,1.35149,1.3163,1.33283
2019-12-16,1.33358,1.34222,1.3321,1.33325
2019-12-17,1.33325,1.3335299999999999,1.30993,1.31294
2019-12-18,1.31294,1.31342,1.306,1.30781
2019-12-19,1.30781,1.31332,1.29898,1.30084
2019-12-20,1.30084,1.30795,1.30007,1.30039
2019-12-23,1.2998399999999999,1.3032,1.29047,1.29355
2019-12-24,1.29355,1.29707,1.2922,1.29573
2019-12-26,1.29573,1.3016,1.29573,1.29883
2019-12-27,1.29883,1.31174,1.29682,1.30747
2019-12-30,1.30852,1.31506,1.30625,1.31109
2019-12-31,1.31109,1.32842,1.31029,1.32502
2020-01-02,1.32502,1.32502,1.31155,1.31356
2020-01-03,1.31356,1.31602,1.30534,1.30716
2020-01-06,1.30835,1.31745,1.30636,1.31678
2020-01-07,1.31678,1.32124,1.30952,1.31191
2020-01-08,1.31191,1.31697,1.30801,1.30925
2020-01-09,1.30925,1.3124,1.30127,1.30665
2020-01-10,1.30665,1.30972,1.30424,1.30571
2020-01-13,1.30349,1.3045,1.2961,1.2989
2020-01-14,1.2989,1.30331,1.29542,1.30165
2020-01-15,1.30165,1.30424,1.2984499999999999,1.30371
2020-01-16,1.30371,1.30832,1.30255,1.30781
2020-01-17,1.30781,1.3119,1.3011,1.3011
2020-01-20,1.299,1.30138,1.29619,1.30096
2020-01-21,1.30096,1.30833,1.29952,1.3047199999999999
2020-01-22,1.3047199999999999,1.3153,1.30346,1.31385
2020-01-23,1.31385,1.3151,1.30968,1.3122
2020-01-24,1.3122,1.31729,1.3056699999999999,1.3078
2020-01-27,1.3079399999999999,1.31056,1.30401,1.30577
2020-01-28,1.30577,1.30652,1.29751,1.30274
2020-01-29,1.30274,1.30298,1.29894,1.30168
2020-01-30,1.30168,1.311,1.29776,1.30949
2020-01-31,1.30949,1.32066,1.30819,1.32018
2020-02-03,1.31768,1.3183799999999999,1.29829,1.299
2020-02-04,1.299,1.30467,1.29412,1.30302
2020-02-05,1.30302,1.30699,1.29562,1.29981
2020-02-06,1.29981,1.3001,1.29211,1.29267
2020-02-07,1.29267,1.29592,1.28824,1.28864
2020-02-10,1.28928,1.29461,1.2872,1.2915
2020-02-11,1.2915,1.29681,1.28943,1.29514
2020-02-12,1.29514,1.29914,1.29465,1.29588
2020-02-13,1.29588,1.30693,1.2944,1.30379
2020-02-14,1.30379,1.30635,1.3001,1.30476
2020-02-17,1.3033,1.30541,1.2998,1.30039
2020-02-18,1.30039,1.30488,1.2970599999999999,1.29951
2020-02-19,1.29951,1.30234,1.29074,1.29159
2020-02-20,1.29159,1.29284,1.28489,1.2881799999999999
2020-02-21,1.2881799999999999,1.2981,1.2874,1.29574
2020-02-24,1.2945,1.29548,1.28866,1.29259
2020-02-25,1.29259,1.30177,1.2913999999999999,1.3005
2020-02-26,1.3005,1.30081,1.28936,1.28961
2020-02-27,1.28961,1.29465,1.28601,1.28863
2020-02-28,1.28863,1.29196,1.27258,1.28231
2020-03-02,1.2783,1.28507,1.27397,1.27533
2020-03-03,1.27533,1.2844,1.27396,1.28119
2020-03-04,1.28119,1.28725,1.277,1.28712
2020-03-05,1.28712,1.29685,1.28608,1.29473
2020-03-06,1.29473,1.3053,1.29457,1.30449
2020-03-09,1.30753,1.32002,1.30346,1.31228
2020-03-10,1.31228,1.31285,1.28816,1.29025
2020-03-11,1.29025,1.2976699999999999,1.28049,1.28144
2020-03-12,1.28144,1.2849,1.24904,1.25659
2020-03-13,1.25659,1.26243,1.2259,1.2277
2020-03-16,1.2264,1.2423,1.22021,1.22689
2020-03-17,1.22689,1.22733,1.20015,1.20516
2020-03-18,1.20516,1.21292,1.14477,1.16161
2020-03-19,1.16161,1.1792799999999999,1.1472,1.1484699999999999
2020-03-20,1.1484699999999999,1.19337,1.1409799999999999,1.16587
2020-03-23,1.16697,1.17138,1.14458,1.15406
2020-03-24,1.15406,1.17994,1.14764,1.17526
2020-03-25,1.17526,1.19732,1.16384,1.18793
2020-03-26,1.18793,1.22295,1.17768,1.22
2020-03-27,1.22,1.24854,1.21303,1.24491
2020-03-30,1.24177,1.24669,1.23173,1.24159
2020-03-31,1.24159,1.2472699999999999,1.22412,1.24086
2020-04-01,1.24086,1.24435,1.23301,1.237
2020-04-02,1.237,1.24754,1.23472,1.23921
2020-04-03,1.23921,1.2403,1.22053,1.22631
2020-04-06,1.22138,1.23271,1.2209699999999999,1.22302
2020-04-07,1.22302,1.23842,1.21635,1.2327299999999999
2020-04-08,1.2327299999999999,1.242,1.22879,1.2378
2020-04-09,1.2378,1.2484,1.23605,1.2457799999999999
2020-04-10,1.2457799999999999,1.24865,1.24447,1.24655
2020-04-13,1.24491,1.25365,1.24491,1.2500499999999999
2020-04-14,1.2500499999999999,1.2647599999999999,1.2500499999999999,1.2619799999999999
2020-04-15,1.2619799999999999,1.26305,1.24373,1.2512699999999999
2020-04-16,1.2512699999999999,1.2526599999999999,1.2408,1.24535
2020-04-17,1.24535,1.25224,1.24069,1.2497
2020-04-20,1.24967,1.24998,1.24163,1.24311
2020-04-21,1.24311,1.24442,1.22472,1.22898
2020-04-22,1.22898,1.2385599999999999,1.22746,1.2333
2020-04-23,1.2333,1.24147,1.23078,1.2344
2020-04-24,1.2344,1.23772,1.2298,1.23609
2020-04-27,1.2361,1.24545,1.2359499999999999,1.24271
2020-04-28,1.24271,1.25183,1.24036,1.24214
2020-04-29,1.24214,1.24853,1.2389,1.24672
2020-04-30,1.24672,1.2643199999999999,1.24286,1.25907
2020-05-01,1.25907,1.25998,1.24829,1.24874
2020-05-04,1.2484,1.24867,1.24052,1.24429
2020-05-05,1.24429,1.24836,1.24203,1.24309
2020-05-06,1.24309,1.24503,1.23349,1.23377
2020-05-07,1.23377,1.24183,1.2266,1.2355
2020-05-08,1.2355,1.24673,1.23484,1.24007
2020-05-11,1.23956,1.24376,1.22825,1.23317
2020-05-12,1.23317,1.23779,1.2244,1.22445
2020-05-13,1.22445,1.234,1.22101,1.22295
2020-05-14,1.22295,1.22416,1.21653,1.22235
2020-05-15,1.22235,1.22391,1.20991,1.20999
2020-05-18,1.20799,1.22273,1.2075,1.2194
2020-05-19,1.2194,1.22964,1.21832,1.2247
2020-05-20,1.2247,1.22874,1.22214,1.22342
2020-05-21,1.22342,1.22497,1.21857,1.22168
2020-05-22,1.22168,1.22336,1.21608,1.2161
2020-05-25,1.21721,1.22036,1.21639,1.21796
2020-05-26,1.21796,1.2363,1.21765,1.23284
2020-05-27,1.23284,1.2354,1.22041,1.22605
2020-05-28,1.22605,1.23446,1.22335,1.23184
2020-05-29,1.23184,1.23941,1.22905,1.23455
2020-06-01,1.23201,1.25065,1.232,1.2489
2020-06-02,1.2489,1.25759,1.24785,1.25505
2020-06-03,1.25505,1.26153,1.25439,1.25735
2020-06-04,1.25735,1.26331,1.2500499999999999,1.2596
2020-06-05,1.2596,1.27312,1.25828,1.26634
2020-06-08,1.26785,1.27358,1.2628,1.27222
2020-06-09,1.27222,1.27557,1.26175,1.2728
2020-06-10,1.2728,1.28135,1.27061,1.2747
2020-06-11,1.2747,1.27545,1.25862,1.26019
2020-06-12,1.26019,1.26533,1.24734,1.25354
2020-06-15,1.25102,1.26058,1.2454399999999999,1.2605
2020-06-16,1.2605,1.2687599999999999,1.25521,1.25713
2020-06-17,1.25713,1.25887,1.2510999999999999,1.25557
2020-06-18,1.25557,1.25669,1.24018,1.24233
2020-06-19,1.24233,1.2456,1.23421,1.23421
2020-06-22,1.23447,1.2477,1.23353,1.24679
2020-06-23,1.24679,1.25319,1.24319,1.25195
2020-06-24,1.25195,1.25426,1.24142,1.2417799999999999
2020-06-25,1.2417799999999999,1.24643,1.2389,1.2418
2020-06-26,1.2418,1.24371,1.23143,1.23294
2020-06-29,1.2334,1.23896,1.22516,1.22976
2020-06-30,1.22976,1.24017,1.22578,1.23992
2020-07-01,1.23992,1.24904,1.23593,1.24748
2020-07-02,1.24748,1.253,1.24562,1.24675
2020-07-03,1.24675,1.24865,1.24379,1.24816
2020-07-06,1.24602,1.25202,1.24571,1.24919
2020-07-07,1.24919,1.25923,1.24625,1.25407
2020-07-08,1.25407,1.26231,1.25085,1.26096
2020-07-09,1.26096,1.26693,1.25983,1.26056
2020-07-10,1.26056,1.26641,1.25667,1.26126
2020-07-13,1.26121,1.26661,1.25501,1.2554
2020-07-14,1.2554,1.25637,1.24796,1.25532
2020-07-15,1.25532,1.26498,1.25474,1.25874
2020-07-16,1.25874,1.26245,1.25203,1.25531
2020-07-17,1.25531,1.25743,1.25118,1.25634
2020-07-20,1.25652,1.26654,1.25182,1.26613
2020-07-21,1.26613,1.27681,1.26473,1.2731
2020-07-22,1.2731,1.27437,1.26443,1.27335
2020-07-23,1.27335,1.27601,1.26732,1.2741
2020-07-24,1.2741,1.28038,1.27173,1.27906
2020-07-27,1.27902,1.29027,1.27769,1.28815
2020-07-28,1.28815,1.29526,1.2838,1.29311
2020-07-29,1.29311,1.30139,1.29118,1.29963
2020-07-30,1.29963,1.3103,1.29444,1.30947
2020-07-31,1.30947,1.31702,1.30702,1.3077
2020-08-03,1.30785,1.31126,1.30046,1.30746
2020-08-04,1.30746,1.31081,1.29814,1.30704
2020-08-05,1.30704,1.31616,1.30521,1.31138
2020-08-06,1.31138,1.31858,1.3111,1.31415
2020-08-07,1.31415,1.31478,1.30093,1.30482
2020-08-10,1.30502,1.31032,1.3019,1.30716
2020-08-11,1.30716,1.3132,1.30417,1.3047
2020-08-12,1.3047,1.30678,1.30055,1.30327
2020-08-13,1.30327,1.3125,1.30255,1.30667
2020-08-14,1.30667,1.3143,1.30481,1.30787
2020-08-17,1.30919,1.31217,1.30741,1.31029
2020-08-18,1.31029,1.32498,1.30941,1.3238699999999999
2020-08-19,1.3238699999999999,1.32671,1.30907,1.30907
2020-08-20,1.30907,1.32248,1.30646,1.32141
2020-08-21,1.32141,1.32552,1.30591,1.30854
2020-08-24,1.30802,1.3149,1.30536,1.30629
2020-08-25,1.30629,1.31705,1.30539,1.31512
2020-08-26,1.31512,1.3219,1.31171,1.32092
2020-08-27,1.32092,1.32846,1.31613,1.31991
2020-08-28,1.31991,1.33566,1.31863,1.33479
2020-08-31,1.33332,1.3396,1.33013,1.3369
2020-09-01,1.3369,1.34832,1.33562,1.33815
2020-09-02,1.33815,1.34026,1.32832,1.33505
2020-09-03,1.33505,1.3359,1.32424,1.32799
2020-09-04,1.32799,1.33195,1.31757,1.32765
2020-09-07,1.32436,1.32662,1.31401,1.3159
2020-09-08,1.3159,1.31696,1.2980099999999999,1.29804
2020-09-09,1.29804,1.30231,1.2885,1.30018
2020-09-10,1.30018,1.3034999999999999,1.27733,1.28045
2020-09-11,1.28045,1.28655,1.27622,1.27935
2020-09-14,1.27935,1.29193,1.27708,1.2846
2020-09-15,1.2846,1.29264,1.2814699999999999,1.28888
2020-09-16,1.28888,1.30073,1.28754,1.29673
2020-09-17,1.29673,1.29992,1.28648,1.29735
2020-09-18,1.29735,1.29997,1.29125,1.2913
2020-09-21,1.29131,1.29666,1.27755,1.28156
2020-09-22,1.28156,1.28672,1.27106,1.27302
2020-09-23,1.27302,1.27773,1.26751,1.27232
2020-09-24,1.27232,1.27813,1.26902,1.27358
2020-09-25,1.27358,1.28056,1.26871,1.27403
2020-09-28,1.277,1.29299,1.27511,1.28287
2020-09-29,1.28287,1.29031,1.28225,1.28549
2020-09-30,1.28549,1.29427,1.28053,1.29115
2020-10-01,1.29115,1.29787,1.28194,1.28837
2020-10-02,1.28837,1.29539,1.28366,1.29287
2020-10-05,1.293,1.29914,1.28996,1.29744
2020-10-06,1.29744,1.30071,1.2867,1.28688
2020-10-07,1.28688,1.29295,1.28446,1.29135
2020-10-08,1.29135,1.29703,1.2891299999999999,1.29326
2020-10-09,1.29326,1.30491,1.29121,1.30418
2020-10-12,1.3023,1.30827,1.30053,1.30635
2020-10-13,1.30635,1.30682,1.2921799999999999,1.29317
2020-10-14,1.29317,1.30644,1.28629,1.30115
2020-10-15,1.30115,1.30301,1.28904,1.29022
2020-10-16,1.29022,1.29623,1.28617,1.29146
2020-10-19,1.28902,1.30246,1.28899,1.2940099999999999
2020-10-20,1.2940099999999999,1.29796,1.29109,1.29455
2020-10-21,1.29455,1.31769,1.29346,1.31404
2020-10-22,1.31404,1.31523,1.30704,1.30769
2020-10-23,1.30769,1.31228,1.30191,1.304
2020-10-26,1.3054999999999999,1.30751,1.29927,1.30232
2020-10-27,1.30232,1.30796,1.30008,1.30435
2020-10-28,1.30435,1.30641,1.29164,1.2983
2020-10-29,1.2983,1.30256,1.28808,1.29277
2020-10-30,1.29277,1.29882,1.28992,1.29457
2020-11-02,1.29209,1.29426,1.28538,1.2916
2020-11-03,1.2916,1.30788,1.29051,1.30491
2020-11-04,1.30491,1.31401,1.29144,1.29843
2020-11-05,1.29843,1.31549,1.29319,1.31464
2020-11-06,1.31464,1.31771,1.30926,1.31437
2020-11-09,1.31571,1.32081,1.31185,1.3163
2020-11-10,1.3163,1.32784,1.31567,1.32695
2020-11-11,1.32695,1.33135,1.31913,1.32183
2020-11-12,1.32183,1.32281,1.31064,1.31078
2020-11-13,1.31078,1.32001,1.3105,1.31918
2020-11-16,1.31748,1.32425,1.31656,1.31976
2020-11-17,1.31976,1.3272599999999999,1.31834,1.32432
2020-11-18,1.32432,1.33123,1.32399,1.3267
2020-11-19,1.3267,1.32791,1.31957,1.32551
2020-11-20,1.32551,1.32981,1.32383,1.32832
2020-11-23,1.3289,1.3397999999999999,1.32637,1.33229
2020-11-24,1.33229,1.33804,1.32931,1.33565
2020-11-25,1.33565,1.33937,1.3304799999999999,1.33758
2020-11-26,1.33758,1.33977,1.33219,1.33554
2020-11-27,1.33554,1.33816,1.32851,1.33052
2020-11-30,1.3329,1.33859,1.3304799999999999,1.33173
2020-12-01,1.33173,1.34422,1.33155,1.3411899999999999
2020-12-02,1.3411899999999999,1.34411,1.32876,1.33596
2020-12-03,1.33596,1.35001,1.33533,1.34405
2020-12-04,1.34405,1.35394,1.34097,1.34287
2020-12-07,1.34091,1.34379,1.3223799999999999,1.33755
2020-12-08,1.33755,1.33937,1.32894,1.33503
2020-12-09,1.33503,1.34782,1.33458,1.33961
2020-12-10,1.33961,1.3412,1.32451,1.32877
2020-12-11,1.32877,1.33243,1.31344,1.32178
2020-12-14,1.3355,1.34454,1.329,1.33155
2020-12-15,1.33155,1.34687,1.32802,1.34513
2020-12-16,1.34513,1.35547,1.34346,1.35076
2020-12-17,1.35076,1.36248,1.34909,1.35818
2020-12-18,1.35818,1.359,1.3471,1.35212
2020-12-21,1.33958,1.34996,1.31877,1.34576
2020-12-22,1.34576,1.34695,1.33039,1.33518
2020-12-23,1.33518,1.35705,1.33474,1.34879
2020-12-24,1.34879,1.36194,1.34837,1.3531
2020-12-28,1.3544,1.3576,1.34291,1.3445799999999999
2020-12-29,1.3445799999999999,1.35225,1.34391,1.34986
2020-12-30,1.34986,1.36253,1.34908,1.36245
2020-12-31,1.36245,1.36863,1.36041,1.36561
2021-01-04,1.3646099999999999,1.37039,1.35415,1.35644
2021-01-05,1.35644,1.36423,1.35539,1.3623
2021-01-06,1.3623,1.36715,1.35383,1.36075
2021-01-07,1.36075,1.36331,1.35325,1.35628
2021-01-08,1.35628,1.36361,1.35383,1.35549
2021-01-11,1.35549,1.35669,1.34509,1.3510199999999999
2021-01-12,1.3510199999999999,1.36702,1.35028,1.36616
2021-01-13,1.36616,1.37012,1.36116,1.36314
2021-01-14,1.36314,1.3711,1.36162,1.36845
2021-01-15,1.36845,1.36979,1.35723,1.35763
2021-01-18,1.359,1.35983,1.35196,1.35848
2021-01-19,1.35848,1.36364,1.35714,1.36224
2021-01-20,1.36224,1.3719,1.36223,1.36481
2021-01-21,1.36481,1.37459,1.36454,1.37297
2021-01-22,1.37297,1.37359,1.36355,1.36724
2021-01-25,1.36751,1.37237,1.36485,1.36744
2021-01-26,1.36744,1.37446,1.36093,1.37336
2021-01-27,1.37336,1.37589,1.36591,1.36785
2021-01-28,1.36785,1.3746,1.363,1.3717
2021-01-29,1.3717,1.37513,1.36571,1.36893
2021-02-01,1.3704,1.37578,1.36562,1.36594
2021-02-02,1.36594,1.37103,1.36113,1.36665
2021-02-03,1.36665,1.36833,1.36193,1.36436
2021-02-04,1.36436,1.3698,1.35661,1.367
2021-02-05,1.367,1.3739999999999999,1.36577,1.37276
2021-02-08,1.3713,1.37494,1.3679999999999999,1.3739
2021-02-09,1.3739,1.38201,1.37319,1.3816
2021-02-10,1.3816,1.3866,1.38025,1.38302
2021-02-11,1.38302,1.3859299999999999,1.38004,1.38153
2021-02-12,1.38153,1.38623,1.37758,1.3845
2021-02-15,1.38477,1.39189,1.38477,1.39003
2021-02-16,1.39003,1.39516,1.38692,1.39023
2021-02-17,1.39023,1.3908,1.38294,1.38565
2021-02-18,1.38565,1.39858,1.38397,1.39697
2021-02-19,1.39697,1.40361,1.39513,1.39989
2021-02-22,1.40107,1.40865,1.39804,1.4061299999999999
2021-02-23,1.4061299999999999,1.41167,1.40541,1.41122
2021-02-24,1.41122,1.4241,1.40821,1.41384
2021-02-25,1.41384,1.41819,1.39999,1.40055
2021-02-26,1.40055,1.4026,1.38879,1.39238
2021-03-01,1.39288,1.39988,1.39036,1.39255
2021-03-02,1.39255,1.3977,1.38588,1.39511
2021-03-03,1.39511,1.40065,1.39208,1.39488
2021-03-04,1.39488,1.40174,1.38802,1.38939
2021-03-05,1.38939,1.39066,1.37784,1.38308
2021-03-08,1.3812,1.38657,1.38001,1.38167
2021-03-09,1.38167,1.39254,1.38019,1.38869
2021-03-10,1.38869,1.39379,1.3845399999999999,1.39227
2021-03-11,1.39227,1.39958,1.3913,1.3989
2021-03-12,1.3989,1.40049,1.38634,1.39108
2021-03-15,1.39112,1.39496,1.38528,1.38892
2021-03-16,1.38892,1.39062,1.38087,1.38911
2021-03-17,1.38911,1.39709,1.38508,1.39593
2021-03-18,1.39593,1.40014,1.38972,1.39247
2021-03-19,1.39247,1.39591,1.38302,1.38588
2021-03-22,1.38338,1.38768,1.38176,1.38625
2021-03-23,1.38625,1.38644,1.3739999999999999,1.37445
2021-03-24,1.37445,1.37573,1.3673899999999999,1.36836
2021-03-25,1.36836,1.37455,1.36701,1.37311
2021-03-26,1.37311,1.38123,1.37251,1.37814
2021-03-29,1.379,1.38466,1.37555,1.37573
2021-03-30,1.37573,1.37833,1.3706099999999999,1.37396
2021-03-31,1.37396,1.38119,1.37165,1.37773
2021-04-01,1.37773,1.38364,1.37459,1.383
2021-04-02,1.383,1.38523,1.38079,1.38177
2021-04-05,1.38203,1.39134,1.38127,1.38949
2021-04-06,1.38949,1.39188,1.38019,1.38207
2021-04-07,1.38207,1.38397,1.37242,1.37354
2021-04-08,1.37354,1.37825,1.37182,1.37328
2021-04-09,1.37328,1.37506,1.36697,1.37023
2021-04-12,1.3703,1.37767,1.36686,1.37355
2021-04-13,1.37355,1.3768799999999999,1.36941,1.37498
2021-04-14,1.37498,1.38086,1.37467,1.37744
2021-04-15,1.37744,1.3808799999999999,1.37614,1.37809
2021-04-16,1.37809,1.3842,1.3716,1.38325
2021-04-19,1.38265,1.39929,1.38098,1.39857
2021-04-20,1.39857,1.4009,1.39261,1.39309
2021-04-21,1.39309,1.39497,1.3885399999999999,1.39243
2021-04-22,1.39243,1.39495,1.38235,1.3837599999999999
2021-04-23,1.3837599999999999,1.38954,1.38318,1.38764
2021-04-26,1.3869,1.39295,1.38645,1.3896
2021-04-27,1.3896,1.39241,1.38585,1.39084
2021-04-28,1.39084,1.39506,1.38607,1.39289
2021-04-29,1.39289,1.39765,1.39258,1.39395
2021-04-30,1.39395,1.39582,1.38025,1.38158
2021-05-03,1.38122,1.39318,1.38009,1.39088
2021-05-04,1.39088,1.39118,1.38383,1.38832
2021-05-05,1.38832,1.39263,1.38763,1.3901
2021-05-06,1.3901,1.39408,1.38566,1.38818
2021-05-07,1.38818,1.40057,1.38798,1.39857
2021-05-10,1.4005,1.41583,1.39927,1.41173
2021-05-11,1.41173,1.41672,1.41038,1.41391
2021-05-12,1.41391,1.4153,1.40477,1.4051
2021-05-13,1.4051,1.40781,1.40055,1.4045
2021-05-14,1.4045,1.41111,1.4036,1.40886
2021-05-17,1.4094,1.41467,1.40772,1.41262
2021-05-18,1.41262,1.42203,1.41251,1.41808
2021-05-19,1.41808,1.42007,1.4099,1.41138
2021-05-20,1.41138,1.41925,1.4101,1.41888
2021-05-21,1.41888,1.42341,1.41403,1.41403
2021-05-24,1.41507,1.41721,1.41113,1.4155
2021-05-25,1.4155,1.42111,1.41155,1.41453
2021-05-26,1.41453,1.4176,1.41121,1.41154
2021-05-27,1.41154,1.42191,1.40916,1.4199
2021-05-28,1.4199,1.42089,1.41363,1.41804
2021-05-31,1.41759,1.4218,1.41636,1.42053
2021-06-01,1.42053,1.42504,1.41456,1.41456
2021-06-02,1.41456,1.41834,1.41114,1.41682
2021-06-03,1.41682,1.42029,1.4086,1.41021
2021-06-04,1.41021,1.42004,1.4082999999999999,1.41508
2021-06-07,1.41446,1.41913,1.4111,1.41761
2021-06-08,1.41761,1.41846,1.41205,1.4151799999999999
2021-06-09,1.4151799999999999,1.41891,1.41099,1.4113
2021-06-10,1.4113,1.41784,1.4073,1.41763
2021-06-11,1.41763,1.41853,1.4095199999999999,1.41113
2021-06-14,1.41053,1.4124,1.40699,1.41037
2021-06-15,1.41037,1.41288,1.40341,1.40806
2021-06-16,1.40806,1.41328,1.3981,1.39813
2021-06-17,1.39813,1.40088,1.38957,1.39233
2021-06-18,1.39233,1.39444,1.37916,1.37981
2021-06-21,1.37981,1.39371,1.37862,1.39323
2021-06-22,1.39323,1.39637,1.38602,1.39453
2021-06-23,1.39453,1.40014,1.39239,1.39585
2021-06-24,1.39585,1.3986399999999999,1.38894,1.39125
2021-06-25,1.39125,1.39353,1.38703,1.38703
2021-06-28,1.38703,1.39395,1.387,1.38765
2021-06-29,1.38765,1.3883699999999999,1.3814,1.38293
2021-06-30,1.38293,1.3873,1.37983,1.38279
2021-07-01,1.38279,1.38368,1.37524,1.37565
2021-07-02,1.37565,1.38445,1.37312,1.38247
2021-07-05,1.3825399999999999,1.38619,1.38167,1.38354
2021-07-06,1.38354,1.38987,1.37727,1.37923
2021-07-07,1.37923,1.38419,1.37534,1.37983
2021-07-08,1.37983,1.38052,1.37417,1.37809
2021-07-09,1.37809,1.39029,1.37552,1.39027
2021-07-12,1.38919,1.391,1.38387,1.38787
2021-07-13,1.38787,1.39049,1.38,1.38014
2021-07-14,1.38014,1.38918,1.38013,1.38603
2021-07-15,1.38603,1.38989,1.38049,1.38207
2021-07-16,1.38207,1.3862,1.37555,1.37555
2021-07-19,1.37717,1.37738,1.36544,1.36733
2021-07-20,1.36733,1.36894,1.35716,1.36203
2021-07-21,1.36203,1.37231,1.3591,1.37073
2021-07-22,1.37073,1.37873,1.36904,1.37673
2021-07-23,1.37673,1.37801,1.37199,1.37424
2021-07-26,1.37528,1.38334,1.37368,1.38184
2021-07-27,1.38184,1.38942,1.37666,1.3873
2021-07-28,1.3873,1.3911499999999999,1.38421,1.38971
2021-07-29,1.38971,1.39819,1.38961,1.39526
2021-07-30,1.39526,1.39833,1.3888,1.39043
2021-08-02,1.39008,1.39325,1.38757,1.3877
2021-08-03,1.3877,1.39387,1.38735,1.39141
2021-08-04,1.39141,1.39578,1.3885399999999999,1.3888
2021-08-05,1.3888,1.3949,1.38721,1.39266
2021-08-06,1.39266,1.3933,1.38613,1.38652
2021-08-09,1.38694,1.38945,1.38409,1.38466
2021-08-10,1.38466,1.38726,1.38274,1.38341
2021-08-11,1.38341,1.38878,1.38025,1.38611
2021-08-12,1.38611,1.38784,1.37947,1.38052
2021-08-13,1.38052,1.3875,1.37906,1.38638
2021-08-16,1.38638,1.38783,1.38277,1.38406
2021-08-17,1.38406,1.38452,1.37259,1.3733899999999999
2021-08-18,1.3733899999999999,1.37862,1.37189,1.37517
2021-08-19,1.37517,1.3758,1.36296,1.36305
2021-08-20,1.36305,1.36409,1.36021,1.36202
2021-08-23,1.36178,1.3732199999999999,1.36069,1.37109
2021-08-24,1.37109,1.37479,1.36935,1.3727
2021-08-25,1.3727,1.37667,1.36967,1.37625
2021-08-26,1.37625,1.37679,1.36894,1.3699
2021-08-27,1.3699,1.37807,1.36796,1.37572
2021-08-30,1.3751,1.37751,1.37338,1.3757
2021-08-31,1.3757,1.38077,1.37428,1.3754
2021-09-01,1.3754,1.37985,1.37311,1.37678
2021-09-02,1.37678,1.38398,1.3767099999999999,1.38306
2021-09-03,1.38306,1.38916,1.38177,1.38459
2021-09-06,1.3856,1.38683,1.38184,1.38289
2021-09-07,1.38289,1.38567,1.37677,1.37823
2021-09-08,1.37823,1.37904,1.37263,1.37714
2021-09-09,1.37714,1.38626,1.37532,1.38335
2021-09-10,1.38335,1.38884,1.38242,1.38242
2021-09-13,1.38242,1.38511,1.3797,1.38385
2021-09-14,1.38385,1.39131,1.38023,1.38026
2021-09-15,1.38026,1.38537,1.37926,1.38355
2021-09-16,1.38355,1.38526,1.37645,1.37896
2021-09-17,1.37896,1.38127,1.37214,1.3729
2021-09-20,1.37368,1.37497,1.36402,1.36526
2021-09-21,1.36526,1.3693,1.36411,1.36564
2021-09-22,1.36564,1.36895,1.36093,1.36103
2021-09-23,1.36103,1.37507,1.36099,1.37194
2021-09-24,1.37194,1.37363,1.36575,1.36663
2021-09-27,1.3665,1.37292,1.3658,1.36914
2021-09-28,1.36914,1.37172,1.35206,1.35338
2021-09-29,1.35338,1.35548,1.34116,1.34252
2021-09-30,1.34252,1.35172,1.34153,1.34706
2021-10-01,1.34706,1.35758,1.34334,1.35433
2021-10-04,1.35587,1.36403,1.35317,1.36042
2021-10-05,1.36042,1.3647799999999999,1.35844,1.36242
2021-10-06,1.36242,1.36317,1.35438,1.35799
2021-10-07,1.35799,1.36385,1.35705,1.36132
2021-10-08,1.36132,1.3658,1.3583399999999999,1.36111
2021-10-11,1.36159,1.36737,1.35842,1.35934
2021-10-12,1.35934,1.36374,1.35683,1.35843
2021-10-13,1.35843,1.36648,1.35757,1.36552
2021-10-14,1.36552,1.37343,1.36532,1.36709
2021-10-15,1.36709,1.37732,1.36676,1.3744399999999999
2021-10-18,1.37484,1.37653,1.3709,1.37232
2021-10-19,1.37232,1.38338,1.37209,1.37917
2021-10-20,1.37917,1.38344,1.37422,1.38236
2021-10-21,1.38236,1.3833199999999999,1.3776,1.37915
2021-10-22,1.37915,1.38153,1.3736,1.37506
2021-10-25,1.37458,1.37921,1.37396,1.37649
2021-10-26,1.37649,1.38296,1.3756599999999999,1.37635
2021-10-27,1.37635,1.37807,1.37093,1.37398
2021-10-28,1.37398,1.3814899999999999,1.37221,1.37864
2021-10-29,1.37864,1.38039,1.36681,1.36821
2021-11-01,1.36816,1.36931,1.3641699999999999,1.36544
2021-11-02,1.36544,1.3669,1.36053,1.36104
2021-11-03,1.36104,1.3692,1.36072,1.3686099999999999
2021-11-04,1.3686099999999999,1.36981,1.3471,1.34975
2021-11-05,1.34975,1.3509,1.34242,1.34937
2021-11-08,1.3476,1.35797,1.34499,1.35613
2021-11-09,1.35613,1.36073,1.35239,1.35556
2021-11-10,1.35556,1.3565099999999999,1.34007,1.34019
2021-11-11,1.34019,1.3433,1.33585,1.33672
2021-11-12,1.33672,1.3426,1.33531,1.3412
2021-11-15,1.34104,1.34495,1.34029,1.34098
2021-11-16,1.34098,1.34728,1.34048,1.3427
2021-11-17,1.3427,1.3496,1.33961,1.34837
2021-11-18,1.34837,1.35134,1.34637,1.34925
2021-11-19,1.34925,1.35096,1.34071,1.34418
2021-11-22,1.34472,1.34503,1.33843,1.33962
2021-11-23,1.33962,1.34093,1.33423,1.33747
2021-11-24,1.33747,1.33901,1.33157,1.33245
2021-11-25,1.33245,1.33535,1.33053,1.33181
2021-11-26,1.33181,1.33657,1.32779,1.33368
2021-11-29,1.3333,1.33629,1.32874,1.33116
2021-11-30,1.33116,1.33705,1.31941,1.32964
2021-12-01,1.32964,1.33521,1.32616,1.32754
2021-12-02,1.32754,1.33337,1.32662,1.32983
2021-12-03,1.32983,1.33101,1.32087,1.32315
2021-12-06,1.32125,1.32864,1.321,1.32624
2021-12-07,1.32624,1.3289199999999999,1.32089,1.32423
2021-12-08,1.32423,1.32612,1.31601,1.32024
2021-12-09,1.32024,1.32224,1.31702,1.32192
2021-12-10,1.32192,1.32758,1.31871,1.32675
2021-12-13,1.32379,1.32688,1.32073,1.3214
2021-12-14,1.3214,1.32567,1.31909,1.32249
2021-12-15,1.32249,1.32825,1.31715,1.32575
2021-12-16,1.32575,1.33743,1.32411,1.332
2021-12-17,1.332,1.33393,1.3229899999999999,1.32338
2021-12-20,1.32349,1.32451,1.31732,1.32057
2021-12-21,1.32057,1.3270899999999999,1.3197,1.32584
2021-12-22,1.32584,1.33634,1.32398,1.33453
2021-12-23,1.33453,1.34378,1.33387,1.34088
2021-12-24,1.34088,1.342,1.33806,1.33876
2021-12-27,1.33885,1.34451,1.3384,1.3439699999999999
2021-12-28,1.3439699999999999,1.34617,1.34146,1.3427499999999999
2021-12-29,1.3427499999999999,1.34997,1.34084,1.34875
2021-12-30,1.34875,1.35217,1.34542,1.35004
2021-12-31,1.35004,1.35505,1.34653,1.35323
2022-01-03,1.35235,1.35353,1.34305,1.3476299999999999
2022-01-04,1.3476299999999999,1.3557299999999999,1.34593,1.35261
2022-01-05,1.35261,1.35987,1.3521,1.3552
2022-01-06,1.3552,1.3558999999999999,1.34901,1.35289
2022-01-07,1.35289,1.35974,1.35258,1.35847
2022-01-10,1.35819,1.3603399999999999,1.35318,1.35753
2022-01-11,1.35753,1.36363,1.3561,1.36351
2022-01-12,1.36351,1.37144,1.36206,1.36976
2022-01-13,1.36976,1.3748799999999999,1.36967,1.37027
2022-01-14,1.37027,1.37428,1.3653,1.36708
2022-01-17,1.36701,1.36898,1.36371,1.3643399999999999
2022-01-18,1.3643399999999999,1.36615,1.35727,1.35938
2022-01-19,1.35938,1.36489,1.35855,1.3612
2022-01-20,1.3612,1.3661699999999999,1.3586799999999999,1.35983
2022-01-21,1.35983,1.36022,1.35453,1.35533
2022-01-24,1.35429,1.35653,1.34403,1.34859
2022-01-25,1.34859,1.35187,1.34362,1.35015
2022-01-26,1.35015,1.35245,1.34442,1.34594
2022-01-27,1.34594,1.34679,1.33577,1.33821
2022-01-28,1.33821,1.34327,1.33648,1.33869
2022-01-31,1.33937,1.34605,1.33853,1.34433
2022-02-01,1.34433,1.35282,1.34339,1.35203
2022-02-02,1.35203,1.35875,1.35119,1.35757
2022-02-03,1.35757,1.36277,1.35378,1.35936
2022-02-04,1.35936,1.36151,1.35046,1.35273
2022-02-07,1.35426,1.35506,1.3490199999999999,1.35353
2022-02-08,1.35353,1.3564,1.35073,1.35383
2022-02-09,1.35383,1.35893,1.35265,1.3534
2022-02-10,1.3534,1.36435,1.35232,1.35538
2022-02-11,1.35538,1.3609499999999999,1.35136,1.35477
2022-02-14,1.35493,1.3572,1.34949,1.35233
2022-02-15,1.35233,1.35667,1.34862,1.35317
2022-02-16,1.35317,1.3601,1.35241,1.35835
2022-02-17,1.35835,1.36381,1.35553,1.36155
2022-02-18,1.36155,1.36427,1.35726,1.35805
2022-02-21,1.3583,1.36385,1.3583,1.3595599999999999
2022-02-22,1.3595599999999999,1.36045,1.35382,1.35797
2022-02-23,1.35797,1.36204,1.35354,1.35413
2022-02-24,1.35413,1.35494,1.32727,1.33725
2022-02-25,1.33725,1.34388,1.33659,1.341
2022-02-28,1.3309,1.34314,1.33079,1.34147
2022-03-01,1.34147,1.3437,1.32989,1.33185
2022-03-02,1.33185,1.34072,1.32714,1.34062
2022-03-03,1.34062,1.34178,1.33174,1.3344799999999999
2022-03-04,1.3344799999999999,1.33538,1.3202099999999999,1.32268
2022-03-07,1.32153,1.32376,1.31013,1.31041
2022-03-08,1.31041,1.31444,1.30816,1.30992
2022-03-09,1.30992,1.31898,1.3088,1.31757
2022-03-10,1.31757,1.31947,1.30812,1.30838
2022-03-11,1.30838,1.31247,1.30271,1.30373
2022-03-14,1.30332,1.3079,1.30005,1.30013
2022-03-15,1.30013,1.30887,1.29999,1.30414
2022-03-16,1.30414,1.31563,1.30257,1.31466
2022-03-17,1.31466,1.32107,1.30871,1.3148
2022-03-18,1.3148,1.31969,1.31105,1.31765
2022-03-21,1.31701,1.32102,1.31266,1.31641
2022-03-22,1.31641,1.32737,1.312,1.32607
2022-03-23,1.32607,1.32983,1.31747,1.3203
2022-03-24,1.3203,1.32139,1.31567,1.3186
2022-03-25,1.3186,1.32246,1.31586,1.31802
2022-03-28,1.31755,1.31842,1.30656,1.3081
2022-03-29,1.3081,1.316,1.3050599999999999,1.30896
2022-03-30,1.30896,1.31825,1.30772,1.31312
2022-03-31,1.31312,1.31758,1.31053,1.31337
2022-04-01,1.31337,1.31513,1.30858,1.31129
2022-04-04,1.3094999999999999,1.31366,1.3086,1.31126
2022-04-05,1.31126,1.31666,1.30663,1.30698
2022-04-06,1.30698,1.31078,1.30451,1.3067199999999999
2022-04-07,1.3067199999999999,1.31065,1.30513,1.30737
2022-04-08,1.30737,1.30824,1.29817,1.30345
2022-04-11,1.30325,1.30562,1.29888,1.3028899999999999
2022-04-12,1.3028899999999999,1.30537,1.29933,1.3000099999999999
2022-04-13,1.3000099999999999,1.3117,1.29719,1.3117
2022-04-14,1.3117,1.31469,1.30329,1.3065
2022-04-15,1.3065,1.30764,1.30417,1.30549
2022-04-18,1.30417,1.3064,1.30044,1.30079
2022-04-19,1.30079,1.30405,1.2980099999999999,1.29945
2022-04-20,1.29945,1.30708,1.29874,1.30674
2022-04-21,1.30674,1.30898,1.30221,1.30292
2022-04-22,1.30292,1.3034999999999999,1.28225,1.28321
2022-04-25,1.28389,1.28431,1.26973,1.27392
2022-04-26,1.27392,1.27721,1.25711,1.25717
2022-04-27,1.25717,1.26017,1.25021,1.25402
2022-04-28,1.25402,1.25698,1.24112,1.24538
2022-04-29,1.24538,1.26144,1.24445,1.25679
2022-05-02,1.25778,1.25968,1.24728,1.24901
2022-05-03,1.24901,1.25673,1.24704,1.24945
2022-05-04,1.24945,1.26382,1.2451,1.26225
2022-05-05,1.26225,1.26342,1.2325,1.23581
2022-05-06,1.23581,1.23802,1.22758,1.23327
2022-05-09,1.23487,1.24058,1.22605,1.23309
2022-05-10,1.23309,1.23757,1.22913,1.23115
2022-05-11,1.23115,1.24001,1.22371,1.22479
2022-05-12,1.22479,1.22523,1.21643,1.21992
2022-05-13,1.21992,1.2261,1.21552,1.2260199999999999
2022-05-16,1.22373,1.23294,1.22164,1.23192
2022-05-17,1.23192,1.24985,1.23152,1.24908
2022-05-18,1.24908,1.25009,1.23295,1.23379
2022-05-19,1.23379,1.25246,1.2334,1.2466599999999999
2022-05-20,1.2466599999999999,1.24999,1.24367,1.24914
2022-05-23,1.24785,1.26008,1.24731,1.2587599999999999
2022-05-24,1.2587599999999999,1.25986,1.24713,1.25291
2022-05-25,1.25291,1.25905,1.24813,1.2576
2022-05-26,1.2576,1.26206,1.25513,1.25976
2022-05-27,1.25976,1.26669,1.25856,1.26255
2022-05-30,1.26255,1.26596,1.26122,1.26491
2022-05-31,1.26491,1.26548,1.25602,1.25994
2022-06-01,1.25994,1.26166,1.24581,1.2483899999999999
2022-06-02,1.2483899999999999,1.25864,1.24691,1.25745
2022-06-03,1.25745,1.2589299999999999,1.24841,1.24887
2022-06-06,1.24881,1.2577,1.24763,1.25294
2022-06-07,1.25294,1.25995,1.24305,1.2589299999999999
2022-06-08,1.2589299999999999,1.25973,1.25133,1.25319
2022-06-09,1.25319,1.25583,1.2487,1.24903
2022-06-10,1.24903,1.25173,1.23009,1.23148
2022-06-13,1.2315,1.2321199999999999,1.21067,1.21309
2022-06-14,1.21309,1.22086,1.19334,1.19958
2022-06-15,1.19958,1.22042,1.19889,1.21757
2022-06-16,1.21757,1.24059,1.20406,1.23513
2022-06-17,1.23513,1.23602,1.21726,1.22181
2022-06-20,1.22181,1.22799,1.21987,1.2246299999999999
2022-06-21,1.2246299999999999,1.2324,1.22396,1.22756
2022-06-22,1.22756,1.23145,1.21605,1.22606
2022-06-23,1.22606,1.22946,1.21699,1.22584
2022-06-24,1.22584,1.23208,1.22403,1.2272399999999999
2022-06-27,1.2272399999999999,1.2332,1.22381,1.22648
2022-06-28,1.22648,1.22914,1.21807,1.2182
2022-06-29,1.2182,1.22127,1.21055,1.21168
2022-06-30,1.21168,1.21882,1.20916,1.21754
2022-07-01,1.21754,1.21784,1.19757,1.2093099999999999
2022-07-04,1.21043,1.21651,1.20841,1.21039
2022-07-05,1.21039,1.21248,1.18982,1.19419
2022-07-06,1.19419,1.19894,1.18756,1.19219
2022-07-07,1.19219,1.20292,1.19086,1.202
2022-07-08,1.202,1.20561,1.19196,1.20274
2022-07-11,1.20274,1.2036499999999999,1.18666,1.18873
2022-07-12,1.18873,1.19157,1.18073,1.18841
2022-07-13,1.18841,1.19668,1.1827,1.18893
2022-07-14,1.18893,1.18925,1.17597,1.18228
2022-07-15,1.18228,1.18745,1.18038,1.18665
2022-07-18,1.18683,1.20336,1.18627,1.19483
2022-07-19,1.19483,1.20455,1.19252,1.19931
2022-07-20,1.19931,1.20378,1.19535,1.19649
2022-07-21,1.19649,1.20036,1.18898,1.19842
2022-07-22,1.19842,1.20636,1.19157,1.20037
2022-07-25,1.20238,1.20861,1.19606,1.2039
2022-07-26,1.2039,1.20903,1.19636,1.20272
2022-07-27,1.20272,1.21857,1.20162,1.21546
2022-07-28,1.21546,1.21912,1.21029,1.21765
2022-07-29,1.21765,1.22453,1.20627,1.21705
2022-08-01,1.21705,1.22932,1.21566,1.22468
2022-08-02,1.22468,1.22792,1.21574,1.21631
2022-08-03,1.21631,1.22074,1.21001,1.2143599999999999
2022-08-04,1.2143599999999999,1.22148,1.20645,1.21571
2022-08-05,1.21571,1.21691,1.20029,1.20673
2022-08-08,1.20665,1.21378,1.20473,1.20762
2022-08-09,1.20762,1.21298,1.2063,1.20744
2022-08-10,1.20744,1.22766,1.20648,1.22101
2022-08-11,1.22101,1.22492,1.21818,1.2198499999999999
2022-08-12,1.2198499999999999,1.22153,1.20991,1.21319
2022-08-15,1.21319,1.21482,1.205,1.20533
2022-08-16,1.20533,1.21177,1.20074,1.20926
2022-08-17,1.20926,1.21424,1.20274,1.20463
2022-08-18,1.20463,1.20797,1.19229,1.19265
2022-08-19,1.19265,1.19359,1.17914,1.18242
2022-08-22,1.18242,1.18364,1.17419,1.17665
2022-08-23,1.17665,1.18781,1.17169,1.1829
2022-08-24,1.1829,1.1838,1.17552,1.17955
2022-08-25,1.17955,1.18641,1.17835,1.18288
2022-08-26,1.18288,1.19008,1.17308,1.17353
2022-08-29,1.173,1.17439,1.16483,1.17073
2022-08-30,1.17073,1.17604,1.1621,1.16547
2022-08-31,1.16547,1.16937,1.15986,1.16214
2022-09-01,1.16214,1.16222,1.14983,1.1544699999999999
2022-09-02,1.1544699999999999,1.15886,1.14955,1.15069
2022-09-05,1.14709,1.1522,1.14434,1.15179
2022-09-06,1.15179,1.16089,1.14932,1.15165
2022-09-07,1.15165,1.15398,1.14046,1.15312
2022-09-08,1.15312,1.15605,1.14601,1.1502
2022-09-09,1.1502,1.1648,1.14978,1.15854
2022-09-12,1.16403,1.17104,1.16004,1.1679
2022-09-13,1.1679,1.17381,1.1489,1.14899
2022-09-14,1.14899,1.15898,1.14798,1.15363
2022-09-15,1.15363,1.15492,1.14612,1.14656
2022-09-16,1.14656,1.14805,1.135,1.14163
2022-09-19,1.14097,1.1441999999999999,1.13551,1.14295
2022-09-20,1.14295,1.14606,1.13572,1.13802
2022-09-21,1.13802,1.13848,1.12346,1.12655
2022-09-22,1.12655,1.13645,1.12113,1.12524
2022-09-23,1.12524,1.12736,1.08341,1.08504
2022-09-26,1.07927,1.0931,1.03565,1.06858
2022-09-27,1.06858,1.08372,1.06466,1.07322
2022-09-28,1.07322,1.0916,1.05381,1.08879
2022-09-29,1.08879,1.11191,1.07616,1.11166
2022-09-30,1.11166,1.12345,1.10246,1.1155599999999999
2022-10-03,1.11601,1.13345,1.10855,1.13202
2022-10-04,1.13202,1.14901,1.12798,1.14718
2022-10-05,1.14718,1.14952,1.12264,1.13253
2022-10-06,1.13253,1.13833,1.11123,1.11606
2022-10-07,1.11606,1.12251,1.1055,1.10916
2022-10-10,1.10811,1.11108,1.1018999999999999,1.10535
2022-10-11,1.10535,1.11793,1.09522,1.09626
2022-10-12,1.09626,1.11338,1.09232,1.10953
2022-10-13,1.10953,1.138,1.10571,1.13151
2022-10-14,1.13151,1.1366,1.11519,1.1177
2022-10-17,1.1234,1.14398,1.1208,1.13484
2022-10-18,1.13484,1.14109,1.12551,1.13171
2022-10-19,1.13171,1.13579,1.11846,1.12157
2022-10-20,1.12157,1.13365,1.11711,1.12318
2022-10-21,1.12318,1.13146,1.10599,1.1295
2022-10-24,1.13899,1.14072,1.12577,1.1276
2022-10-25,1.1276,1.14989,1.12691,1.1467
2022-10-26,1.1467,1.16386,1.14302,1.16156
2022-10-27,1.16156,1.16454,1.15483,1.156
2022-10-28,1.156,1.16237,1.15034,1.16137
2022-10-31,1.1562,1.16132,1.14592,1.14597
2022-11-01,1.14597,1.15661,1.14368,1.14806
2022-11-02,1.14806,1.1565,1.13861,1.13894
2022-11-03,1.13894,1.1421999999999999,1.11512,1.1157299999999999
2022-11-04,1.1157299999999999,1.13817,1.11422,1.13728
2022-11-07,1.13008,1.15415,1.12901,1.15099
2022-11-08,1.15099,1.15991,1.14292,1.15395
2022-11-09,1.15395,1.15669,1.13338,1.13552
2022-11-10,1.13552,1.17312,1.13458,1.17147
2022-11-11,1.17147,1.18548,1.16469,1.18313
2022-11-14,1.17918,1.18289,1.17093,1.17536
2022-11-15,1.17536,1.20289,1.17402,1.18623
2022-11-16,1.18623,1.19417,1.18307,1.19128
2022-11-17,1.19128,1.19578,1.17626,1.18613
2022-11-18,1.18613,1.19508,1.1857199999999999,1.18871
2022-11-21,1.1892,1.18968,1.17782,1.18214
2022-11-22,1.18214,1.19029,1.18103,1.18836
2022-11-23,1.18836,1.20806,1.18724,1.20543
2022-11-24,1.20543,1.21534,1.20459,1.21116
2022-11-25,1.21116,1.21276,1.20579,1.20864
2022-11-28,1.20576,1.21179,1.19402,1.19598
2022-11-29,1.19598,1.20642,1.1945,1.19512
2022-11-30,1.19512,1.20869,1.19002,1.20553
2022-12-01,1.20553,1.2311,1.20479,1.2254
2022-12-02,1.2254,1.22995,1.21335,1.22878
2022-12-05,1.22878,1.23442,1.21618,1.21871
2022-12-06,1.21871,1.22692,1.21269,1.21304
2022-12-07,1.21304,1.22344,1.21062,1.22081
2022-12-08,1.22081,1.22474,1.21546,1.22357
2022-12-09,1.22357,1.23225,1.2200199999999999,1.22651
2022-12-12,1.2253,1.22988,1.22057,1.22641
2022-12-13,1.22641,1.2443899999999999,1.22481,1.23645
2022-12-14,1.23645,1.24465,1.23419,1.24253
2022-12-15,1.24253,1.24277,1.21563,1.2178
2022-12-16,1.2178,1.2223,1.21194,1.21408
2022-12-19,1.21507,1.22419,1.21202,1.21452
2022-12-20,1.21452,1.22237,1.20848,1.2183
2022-12-21,1.2183,1.21919,1.20551,1.20826
2022-12-22,1.20826,1.21474,1.19917,1.20295
2022-12-23,1.20295,1.20903,1.20177,1.2046
2022-12-27,1.20533,1.21123,1.20022,1.20137
2022-12-28,1.20137,1.2126,1.20017,1.20155
2022-12-29,1.20155,1.20784,1.20058,1.2053
2022-12-30,1.2053,1.21067,1.20092,1.20857
2023-01-02,1.20857,1.20857,1.2033099999999999,1.20439
2023-01-03,1.20439,1.20851,1.18997,1.19665
2023-01-04,1.19665,1.20875,1.19569,1.2053
2023-01-05,1.2053,1.20785,1.1873,1.19023
2023-01-06,1.19023,1.20994,1.1841,1.20861
2023-01-09,1.20812,1.22099,1.20794,1.21831
2023-01-10,1.21831,1.21979,1.2109699999999999,1.21505
2023-01-11,1.21505,1.21783,1.21004,1.21447
2023-01-12,1.21447,1.22469,1.20843,1.22061
2023-01-13,1.22061,1.22489,1.215,1.2227
2023-01-16,1.22147,1.22889,1.21708,1.21899
2023-01-17,1.21899,1.23006,1.21689,1.22845
2023-01-18,1.22845,1.24357,1.22537,1.23426
2023-01-19,1.23426,1.23973,1.23127,1.23875
2023-01-20,1.23875,1.24043,1.23352,1.23962
2023-01-23,1.23972,1.24478,1.23234,1.2373399999999999
2023-01-24,1.2373399999999999,1.2413399999999999,1.2263,1.23343
2023-01-25,1.23343,1.24041,1.22825,1.23977
2023-01-26,1.23977,1.24303,1.2344,1.2406
2023-01-27,1.2406,1.24188,1.23445,1.2388
2023-01-30,1.23901,1.24172,1.23364,1.23509
2023-01-31,1.23509,1.23709,1.22843,1.23181
2023-02-01,1.23181,1.23946,1.22715,1.23728
2023-02-02,1.23728,1.24012,1.2222,1.22238
2023-02-03,1.22238,1.22657,1.20427,1.20508
2023-02-06,1.20293,1.20774,1.20053,1.20175
2023-02-07,1.20175,1.20953,1.19609,1.20468
2023-02-08,1.20468,1.21096,1.203,1.20695
2023-02-09,1.20695,1.21938,1.2056499999999999,1.21212
2023-02-10,1.21212,1.21391,1.20469,1.20476
2023-02-13,1.20574,1.21519,1.20306,1.21353
2023-02-14,1.21353,1.22699,1.21167,1.217
2023-02-15,1.217,1.21813,1.19894,1.2023
2023-02-16,1.2023,1.20742,1.19656,1.19913
2023-02-17,1.19913,1.20492,1.19148,1.2039199999999999
2023-02-20,1.20232,1.20568,1.20142,1.20347
2023-02-21,1.20347,1.21477,1.19858,1.21119
2023-02-22,1.21119,1.21354,1.20342,1.20455
2023-02-23,1.20455,1.20749,1.19919,1.20108
2023-02-24,1.20108,1.20417,1.19273,1.19388
2023-02-27,1.195,1.20661,1.19221,1.20625
2023-02-28,1.20625,1.21434,1.20167,1.20189
2023-03-01,1.20189,1.20887,1.19647,1.20281
2023-03-02,1.20281,1.20367,1.19245,1.19432
2023-03-03,1.19432,1.20486,1.19389,1.20429
2023-03-06,1.20217,1.20486,1.19925,1.20177
2023-03-07,1.20177,1.20652,1.18212,1.1824
2023-03-08,1.1824,1.1858899999999999,1.18021,1.1843299999999999
2023-03-09,1.1843299999999999,1.19389,1.18285,1.19198
2023-03-10,1.19198,1.21132,1.1907,1.20299
2023-03-13,1.2079199999999999,1.21997,1.20459,1.2182
2023-03-14,1.2182,1.22036,1.21351,1.21547
2023-03-15,1.21547,1.21815,1.20101,1.20562
2023-03-16,1.20562,1.21277,1.20266,1.21086
2023-03-17,1.21086,1.22006,1.20908,1.21727
2023-03-20,1.2202,1.22853,1.21665,1.22776
2023-03-21,1.22776,1.22827,1.21787,1.22161
2023-03-22,1.22161,1.2335099999999999,1.22059,1.22621
2023-03-23,1.22621,1.23433,1.22596,1.22857
2023-03-24,1.22857,1.2292,1.21899,1.22288
2023-03-27,1.22197,1.22931,1.22186,1.2286299999999999
2023-03-28,1.2286299999999999,1.2348999999999999,1.22784,1.23413
2023-03-29,1.23413,1.23615,1.23023,1.23116
2023-03-30,1.23116,1.23928,1.22933,1.23848
2023-03-31,1.23848,1.24232,1.23243,1.23291
2023-04-03,1.2325,1.24236,1.22741,1.2409999999999999
2023-04-04,1.2409999999999999,1.25252,1.23948,1.25
2023-04-05,1.25,1.2514399999999999,1.24322,1.24613
2023-04-06,1.24613,1.24868,1.24124,1.24385
2023-04-07,1.24385,1.24557,1.23887,1.24111
2023-04-10,1.24111,1.24426,1.23443,1.2382
2023-04-11,1.2382,1.24563,1.23783,1.2424
2023-04-12,1.2424,1.24952,1.23984,1.24847
2023-04-13,1.24847,1.25374,1.24774,1.25225
2023-04-14,1.25225,1.25465,1.23988,1.24124
2023-04-17,1.24029,1.24382,1.23532,1.23764
2023-04-18,1.23764,1.24498,1.2366,1.24242
2023-04-19,1.24242,1.24745,1.23921,1.2439
2023-04-20,1.2439,1.24677,1.24045,1.2443
2023-04-21,1.2443,1.2448299999999999,1.23671,1.24416
2023-04-24,1.24332,1.24862,1.24107,1.24849
2023-04-25,1.24849,1.25072,1.23866,1.2406
2023-04-26,1.2406,1.25152,1.24027,1.24677
2023-04-27,1.24677,1.24997,1.2436,1.24957
2023-04-28,1.24957,1.25837,1.24463,1.25647
2023-05-01,1.2555399999999999,1.25692,1.24803,1.24951
2023-05-02,1.24951,1.25122,1.24356,1.24665
2023-05-03,1.24665,1.259,1.24596,1.25635
2023-05-04,1.25635,1.25987,1.25463,1.25731
2023-05-05,1.25731,1.26525,1.25575,1.26304
2023-05-08,1.26294,1.26686,1.26129,1.26173
2023-05-09,1.26173,1.26396,1.25778,1.26197
2023-05-10,1.26197,1.2679799999999999,1.26022,1.2625
2023-05-11,1.2625,1.26408,1.24965,1.25097
2023-05-12,1.25097,1.25409,1.24446,1.24469
2023-05-15,1.24501,1.25347,1.24428,1.25279
2023-05-16,1.25279,1.25465,1.2465,1.24865
2023-05-17,1.24865,1.25105,1.24215,1.24863
2023-05-18,1.24863,1.24929,1.23916,1.24081
2023-05-19,1.24081,1.2483899999999999,1.2392,1.24388
2023-05-22,1.24427,1.24721,1.24135,1.24364
2023-05-23,1.24364,1.24465,1.23725,1.24112
2023-05-24,1.24112,1.24695,1.23573,1.23644
2023-05-25,1.23644,1.2387,1.23081,1.2321199999999999
2023-05-26,1.2321199999999999,1.23952,1.23109,1.23431
2023-05-29,1.2335,1.23721,1.23341,1.23525
2023-05-30,1.23525,1.24466,1.23267,1.24128
2023-05-31,1.24128,1.2444,1.23478,1.2437799999999999
2023-06-01,1.2437799999999999,1.25397,1.24005,1.25235
2023-06-02,1.25235,1.25446,1.24415,1.24471
2023-06-05,1.24471,1.24496,1.23682,1.24362
2023-06-06,1.24362,1.24586,1.23915,1.2423899999999999
2023-06-07,1.2423899999999999,1.24998,1.2395,1.24374
2023-06-08,1.24374,1.2561,1.24295,1.25593
2023-06-09,1.25593,1.25902,1.25337,1.25787
2023-06-12,1.25787,1.25991,1.24868,1.25053
2023-06-13,1.25053,1.26248,1.24997,1.26114
2023-06-14,1.26114,1.26989,1.26007,1.2661499999999999
2023-06-15,1.2661499999999999,1.27855,1.2629299999999999,1.27824
2023-06-16,1.27824,1.28484,1.2768,1.28175
2023-06-19,1.28175,1.2837,1.27701,1.27892
2023-06-20,1.27892,1.28067,1.27133,1.2764199999999999
2023-06-21,1.2764199999999999,1.28023,1.2691,1.27688
2023-06-22,1.27688,1.28412,1.27257,1.27473
2023-06-23,1.27473,1.27498,1.26851,1.2714699999999999
2023-06-26,1.2703,1.27484,1.2688,1.27101
2023-06-27,1.27101,1.27594,1.27029,1.27483
2023-06-28,1.27483,1.27519,1.26065,1.2635
2023-06-29,1.2635,1.26667,1.25907,1.26118
2023-06-30,1.26118,1.27279,1.2599,1.2693
2023-07-03,1.26844,1.27229,1.26584,1.26914
2023-07-04,1.26914,1.27392,1.26809,1.27104
2023-07-05,1.27104,1.27352,1.2688,1.27041
2023-07-06,1.27041,1.2781,1.26733,1.27394
2023-07-07,1.27394,1.28492,1.27256,1.28375
2023-07-10,1.28295,1.28683,1.275,1.28607
2023-07-11,1.28607,1.29346,1.28536,1.29316
2023-07-12,1.29316,1.30006,1.29038,1.2987
2023-07-13,1.2987,1.31408,1.29795,1.3135
2023-07-14,1.3135,1.31424,1.3089,1.30918
2023-07-17,1.3087,1.31088,1.30508,1.30727
2023-07-18,1.30727,1.31258,1.3028,1.30355
2023-07-19,1.30355,1.3041,1.28672,1.29391
2023-07-20,1.29391,1.2964499999999999,1.28395,1.2867
2023-07-21,1.2867,1.29041,1.28157,1.28519
2023-07-24,1.28482,1.28837,1.27976,1.28214
2023-07-25,1.28214,1.29047,1.28092,1.29015
2023-07-26,1.29015,1.296,1.28753,1.29408
2023-07-27,1.29408,1.29956,1.27818,1.2796
2023-07-28,1.2796,1.28881,1.27628,1.2846899999999999
2023-07-31,1.28338,1.28725,1.28282,1.28344
2023-08-01,1.28344,1.28412,1.27412,1.27758
2023-08-02,1.27758,1.2805,1.26799,1.27105
2023-08-03,1.27105,1.27281,1.26201,1.27082
2023-08-04,1.27082,1.27921,1.2685,1.2737
2023-08-07,1.2737,1.27889,1.27128,1.27834
2023-08-08,1.27834,1.27854,1.2684,1.27475
2023-08-09,1.27475,1.2782,1.27119,1.27186
2023-08-10,1.27186,1.28189,1.26693,1.26755
2023-08-11,1.26755,1.27384,1.2666,1.2691999999999999
2023-08-14,1.26885,1.2714699999999999,1.26163,1.2679799999999999
2023-08-15,1.2679799999999999,1.27522,1.26726,1.27001
2023-08-16,1.27001,1.27661,1.26871,1.2731
2023-08-17,1.2731,1.27874,1.27024,1.27462
2023-08-18,1.27462,1.2766,1.26891,1.27317
2023-08-21,1.2726,1.2767,1.2710299999999999,1.27557
2023-08-22,1.27557,1.28003,1.27185,1.27316
2023-08-23,1.27316,1.27646,1.26144,1.27221
2023-08-24,1.27221,1.2728599999999999,1.25908,1.25989
2023-08-25,1.25989,1.26544,1.25479,1.25766
2023-08-28,1.2587,1.26109,1.25653,1.2601
2023-08-29,1.2601,1.26548,1.25626,1.26433
2023-08-30,1.26433,1.27462,1.26186,1.27205
2023-08-31,1.27205,1.27342,1.26523,1.26724
2023-09-01,1.26724,1.27127,1.25773,1.25857
2023-09-04,1.2586,1.26425,1.25841,1.26206
2023-09-05,1.26206,1.26317,1.25279,1.25639
2023-09-06,1.25639,1.25879,1.24814,1.25075
2023-09-07,1.25075,1.25082,1.24454,1.2472
2023-09-08,1.2472,1.25142,1.2451,1.24641
2023-09-11,1.24898,1.2548,1.24631,1.25089
2023-09-12,1.25089,1.25295,1.24592,1.24879
2023-09-13,1.24879,1.25117,1.24331,1.24898
2023-09-14,1.24898,1.25062,1.23963,1.24081
2023-09-15,1.24081,1.24459,1.23785,1.23808
2023-09-18,1.23814,1.24104,1.237,1.2382
2023-09-19,1.2382,1.24248,1.23699,1.23916
2023-09-20,1.23916,1.24214,1.23317,1.23433
2023-09-21,1.23433,1.23462,1.22369,1.22941
2023-09-22,1.22941,1.2295099999999999,1.22304,1.22348
2023-09-25,1.22348,1.225,1.21936,1.22112
2023-09-26,1.22112,1.22156,1.21521,1.21576
2023-09-27,1.21576,1.21641,1.21102,1.21345
2023-09-28,1.21345,1.2224599999999999,1.21197,1.21975
2023-09-29,1.21975,1.22716,1.218,1.2202
2023-10-02,1.21927,1.22198,1.20861,1.20865
2023-10-03,1.20865,1.21017,1.20521,1.20763
2023-10-04,1.20763,1.21767,1.20371,1.21333
2023-10-05,1.21333,1.2195799999999999,1.21077,1.2191
2023-10-06,1.2191,1.22611,1.21054,1.22356
2023-10-09,1.22003,1.22439,1.21628,1.22373
2023-10-10,1.22373,1.22916,1.22116,1.22857
2023-10-11,1.22857,1.23374,1.2268,1.23129
2023-10-12,1.23129,1.23316,1.21713,1.2174099999999999
2023-10-13,1.2174099999999999,1.22253,1.21223,1.21418
2023-10-16,1.21285,1.22194,1.21285,1.22115
2023-10-17,1.22115,1.22163,1.21327,1.21827
2023-10-18,1.21827,1.22111,1.21368,1.214
2023-10-19,1.214,1.21917,1.20899,1.21429
2023-10-20,1.21429,1.21703,1.2093,1.21632
2023-10-23,1.21552,1.22586,1.21431,1.22484
2023-10-24,1.22484,1.22886,1.21531,1.21591
2023-10-25,1.21591,1.2175799999999999,1.21062,1.21106
2023-10-26,1.21106,1.21398,1.20693,1.21275
2023-10-27,1.21275,1.21628,1.21047,1.21174
2023-10-30,1.21269,1.21748,1.20899,1.21689
2023-10-31,1.21689,1.22007,1.21196,1.21524
2023-11-01,1.21524,1.21643,1.20956,1.21512
2023-11-02,1.21512,1.22255,1.21335,1.22029
2023-11-03,1.22029,1.23896,1.21843,1.23775
2023-11-06,1.23623,1.2428299999999999,1.2338,1.23433
2023-11-07,1.23433,1.2347,1.22622,1.22996
2023-11-08,1.22996,1.23013,1.22417,1.22839
2023-11-09,1.22839,1.23086,1.22125,1.22226
2023-11-10,1.22226,1.22378,1.2187,1.22255
2023-11-13,1.22255,1.22803,1.22092,1.22788
2023-11-14,1.22788,1.25058,1.22615,1.24983
2023-11-15,1.24983,1.24994,1.24037,1.24157
2023-11-16,1.24157,1.24556,1.23761,1.24139
2023-11-17,1.24139,1.24648,1.23738,1.24531
2023-11-20,1.2448,1.25175,1.24461,1.25041
2023-11-21,1.25041,1.25591,1.24954,1.25378
2023-11-22,1.25378,1.25494,1.24489,1.24937
2023-11-23,1.24937,1.25697,1.24831,1.25321
2023-11-24,1.25321,1.26153,1.25245,1.25946
2023-11-27,1.25983,1.26441,1.25909,1.26265
2023-11-28,1.26265,1.2715,1.26065,1.26933
2023-11-29,1.26933,1.2733,1.26643,1.26942
2023-11-30,1.26942,1.27108,1.26035,1.26231
2023-12-01,1.26231,1.27159,1.26099,1.2701
2023-12-04,1.26895,1.27245,1.26036,1.26327
2023-12-05,1.26327,1.26515,1.25774,1.25903
2023-12-06,1.25903,1.2613699999999999,1.25516,1.25595
2023-12-07,1.25595,1.26127,1.2544,1.2587599999999999
2023-12-08,1.2587599999999999,1.26014,1.25021,1.25469
2023-12-11,1.25336,1.25908,1.25263,1.25545
2023-12-12,1.25545,1.26151,1.2514,1.25624
2023-12-13,1.25624,1.26345,1.25002,1.26169
2023-12-14,1.26169,1.27937,1.26119,1.27663
2023-12-15,1.27663,1.27903,1.26677,1.26793
2023-12-18,1.26793,1.27038,1.26285,1.26474
2023-12-19,1.26474,1.27617,1.26329,1.27316
2023-12-20,1.27316,1.27345,1.26248,1.26379
2023-12-21,1.26379,1.26959,1.26124,1.26893
2023-12-22,1.26893,1.27441,1.2673,1.26957
2023-12-26,1.26957,1.27305,1.26844,1.27239
2023-12-27,1.27239,1.28024,1.26983,1.27978
2023-12-28,1.27978,1.28273,1.27121,1.27322
2023-12-29,1.27322,1.27727,1.27001,1.27233
2024-01-02,1.27291,1.27597,1.26105,1.26123
2024-01-03,1.26123,1.26765,1.26123,1.26644
2024-01-04,1.26644,1.27295,1.26565,1.26816
2024-01-05,1.26816,1.2771,1.26113,1.27158
2024-01-08,1.27158,1.27668,1.26734,1.27473
2024-01-09,1.27473,1.2765,1.26893,1.27093
2024-01-10,1.27093,1.2744,1.26861,1.27419
2024-01-11,1.27419,1.27741,1.26901,1.27602
2024-01-12,1.27602,1.27856,1.27195,1.27479
2024-01-15,1.27236,1.27651,1.27128,1.27261
2024-01-16,1.27261,1.2729,1.26192,1.26357
2024-01-17,1.26357,1.26962,1.25964,1.2676
2024-01-18,1.2676,1.27081,1.26479,1.27053
2024-01-19,1.27053,1.27145,1.26612,1.27
2024-01-22,1.27,1.27327,1.26808,1.27087
2024-01-23,1.27087,1.27471,1.26491,1.26854
2024-01-24,1.26854,1.27748,1.26713,1.27251
2024-01-25,1.27251,1.27426,1.2681499999999999,1.27063
2024-01-26,1.27063,1.27584,1.26753,1.27029
2024-01-29,1.26923,1.27189,1.2662,1.27081
2024-01-30,1.27081,1.2721,1.26401,1.26978
2024-01-31,1.26978,1.27505,1.26577,1.26879
2024-02-01,1.26879,1.27557,1.26251,1.27433
2024-02-02,1.27433,1.27722,1.26139,1.26297
2024-02-05,1.26295,1.2633699999999999,1.2518,1.25318
2024-02-06,1.25318,1.26029,1.25279,1.2598
2024-02-07,1.2598,1.26418,1.25864,1.26266
2024-02-08,1.26266,1.26385,1.25716,1.26165
2024-02-09,1.26165,1.26431,1.25989,1.26258
2024-02-12,1.26173,1.26544,1.2606,1.2628
2024-02-13,1.2628,1.26836,1.2573,1.25918
2024-02-14,1.25918,1.2610999999999999,1.25351,1.25653
2024-02-15,1.25653,1.26014,1.25409,1.25992
2024-02-16,1.25992,1.26241,1.25485,1.2598799999999999
2024-02-19,1.25934,1.26295,1.25831,1.25924
2024-02-20,1.25924,1.26684,1.2579,1.2622
2024-02-21,1.2622,1.26417,1.26024,1.26373
2024-02-22,1.26373,1.27093,1.26114,1.26599
2024-02-23,1.26599,1.27012,1.26481,1.26618
2024-02-26,1.26729,1.26993,1.26566,1.26847
2024-02-27,1.26847,1.26968,1.26601,1.26846
2024-02-28,1.26846,1.26861,1.26214,1.26612
2024-02-29,1.26612,1.26818,1.26125,1.26243
2024-03-01,1.26243,1.26638,1.25996,1.26545
2024-03-04,1.2648,1.27064,1.26467,1.26916
2024-03-05,1.26916,1.27349,1.2671,1.27052
2024-03-06,1.27052,1.27619,1.269,1.27308
2024-03-07,1.27308,1.28109,1.27229,1.28081
2024-03-08,1.28081,1.28938,1.27997,1.28549
2024-03-11,1.28536,1.2862,1.2795,1.28135
2024-03-12,1.28135,1.28233,1.27443,1.27926
2024-03-13,1.27926,1.28112,1.27745,1.27967
2024-03-14,1.27967,1.2823,1.27305,1.27529
2024-03-15,1.27529,1.27588,1.27204,1.27316
2024-03-18,1.2729,1.27467,1.27178,1.27282
2024-03-19,1.27282,1.27329,1.2667599999999999,1.27213
2024-03-20,1.27213,1.2787,1.26843,1.2785199999999999
2024-03-21,1.2785199999999999,1.28032,1.26504,1.26578
2024-03-22,1.26578,1.2675,1.25751,1.25998
2024-03-25,1.25871,1.26525,1.2587,1.26362
2024-03-26,1.26362,1.26679,1.26218,1.26275
2024-03-27,1.26275,1.2641,1.26055,1.26402
2024-03-28,1.26402,1.26546,1.25856,1.26234
2024-03-29,1.26234,1.2645,1.26095,1.26176
2024-04-01,1.26176,1.26419,1.25394,1.2550999999999999
2024-04-02,1.2550999999999999,1.25785,1.25394,1.25774
2024-04-03,1.25774,1.26559,1.25624,1.26519
2024-04-04,1.26519,1.26835,1.2635,1.26421
2024-04-05,1.26421,1.26485,1.25737,1.26368
2024-04-08,1.26211,1.26641,1.26134,1.26545
2024-04-09,1.26545,1.27094,1.26428,1.26775
2024-04-10,1.26775,1.2708,1.252,1.254
2024-04-11,1.254,1.25785,1.25108,1.25531
2024-04-12,1.25531,1.2558799999999999,1.24267,1.24445
2024-04-15,1.24445,1.24986,1.24305,1.24459
2024-04-16,1.24459,1.24719,1.24052,1.24261
2024-04-17,1.24261,1.24818,1.24169,1.24537
2024-04-18,1.24537,1.24845,1.24333,1.24362
2024-04-19,1.24362,1.24681,1.23613,1.23654
2024-04-22,1.23654,1.23921,1.22992,1.23493
2024-04-23,1.23493,1.24584,1.23316,1.24486
2024-04-24,1.24486,1.24699,1.24224,1.24635
2024-04-25,1.24635,1.25256,1.24501,1.2513
2024-04-26,1.2513,1.25409,1.24487,1.24881
2024-04-29,1.24972,1.25694,1.24745,1.25625
2024-04-30,1.25625,1.25639,1.24898,1.24917
2024-05-01,1.24917,1.25501,1.24661,1.25265
2024-05-02,1.25265,1.25444,1.24716,1.25345
2024-05-03,1.25345,1.2634,1.2522199999999999,1.25452
2024-05-06,1.25397,1.25944,1.25336,1.25621
2024-05-07,1.25621,1.25706,1.2500499999999999,1.25084
2024-05-08,1.25084,1.25107,1.24676,1.24975
2024-05-09,1.24975,1.2526599999999999,1.2445599999999999,1.25237
2024-05-10,1.25237,1.25412,1.25024,1.25211
2024-05-13,1.25112,1.25686,1.251,1.2558799999999999
2024-05-14,1.2558799999999999,1.25928,1.25092,1.25919
2024-05-15,1.25919,1.26864,1.2583199999999999,1.26854
2024-05-16,1.26854,1.27008,1.26431,1.26693
2024-05-17,1.26693,1.27114,1.26449,1.26988
2024-05-20,1.26811,1.27255,1.26811,1.2706
2024-05-21,1.2706,1.27268,1.26861,1.27092
2024-05-22,1.27092,1.27611,1.27,1.27166
2024-05-23,1.27166,1.27464,1.26852,1.2698099999999999
2024-05-24,1.2698099999999999,1.27509,1.26741,1.27345
2024-05-27,1.2728599999999999,1.27777,1.2728599999999999,1.27679
2024-05-28,1.27679,1.28006,1.27539,1.27613
2024-05-29,1.27613,1.27717,1.2699,1.27
2024-05-30,1.27,1.27471,1.26807,1.27319
2024-05-31,1.27319,1.27662,1.27001,1.27399
2024-06-03,1.27262,1.2809,1.2694,1.28073
2024-06-04,1.28073,1.28177,1.27427,1.27699
2024-06-05,1.27699,1.27954,1.27552,1.27865
2024-06-06,1.27865,1.2809,1.27623,1.27907
2024-06-07,1.27907,1.28132,1.2714699999999999,1.2715
2024-06-10,1.27234,1.27372,1.26878,1.2730299999999999
2024-06-11,1.2730299999999999,1.27518,1.27056,1.27401
2024-06-12,1.27401,1.28604,1.2731,1.27977
2024-06-13,1.27977,1.28075,1.2738099999999999,1.2762
2024-06-14,1.2762,1.27635,1.26568,1.26838
2024-06-17,1.26806,1.27095,1.26589,1.27043
2024-06-18,1.27043,1.27208,1.26686,1.27083
2024-06-19,1.27083,1.27399,1.2698,1.27159
2024-06-20,1.27159,1.27227,1.26545,1.26568
2024-06-21,1.26568,1.26739,1.26212,1.26404
2024-06-24,1.26339,1.26979,1.26305,1.26791
2024-06-25,1.26791,1.2702499999999999,1.2670299999999999,1.26855
2024-06-26,1.26855,1.26934,1.26155,1.26212
2024-06-27,1.26212,1.26706,1.26125,1.26395
2024-06-28,1.26395,1.26621,1.26195,1.26418
2024-07-01,1.26466,1.27097,1.26332,1.26498
2024-07-02,1.26498,1.26878,1.2615399999999999,1.26849
2024-07-03,1.26849,1.2777,1.26678,1.274
2024-07-04,1.274,1.27675,1.27338,1.27591
2024-07-05,1.27591,1.2817,1.27521,1.28121
2024-07-08,1.27853,1.28456,1.27849,1.28055
2024-07-09,1.28055,1.28251,1.27776,1.27862
2024-07-10,1.27862,1.28487,1.2779,1.28483
2024-07-11,1.28483,1.29494,1.2846899999999999,1.29145
2024-07-12,1.29145,1.2990599999999999,1.29019,1.29855
2024-07-15,1.29625,1.2995,1.2961799999999999,1.29672
2024-07-16,1.29672,1.29799,1.29381,1.29736
2024-07-17,1.29736,1.3044499999999999,1.29637,1.3008899999999999
2024-07-18,1.3008899999999999,1.30126,1.294,1.29441
2024-07-19,1.29441,1.29508,1.29009,1.29104
2024-07-22,1.29134,1.29422,1.29049,1.29324
2024-07-23,1.29324,1.29348,1.28876,1.29071
2024-07-24,1.29071,1.29375,1.28776,1.29063
2024-07-25,1.29063,1.29133,1.28493,1.28504
2024-07-26,1.28504,1.28778,1.28456,1.28625
2024-07-29,1.28542,1.28881,1.28065,1.28604
2024-07-30,1.28604,1.28661,1.28199,1.28353
2024-07-31,1.28353,1.28641,1.28195,1.28552
2024-08-01,1.28552,1.28625,1.27266,1.2736399999999999
2024-08-02,1.2736399999999999,1.28404,1.2707,1.27993
2024-08-05,1.2794699999999999,1.28168,1.27098,1.27735
2024-08-06,1.27735,1.28029,1.26724,1.26907
2024-08-07,1.26907,1.27359,1.26805,1.26905
2024-08-08,1.26905,1.27521,1.26648,1.27482
2024-08-09,1.27482,1.27736,1.27262,1.27571
2024-08-12,1.27536,1.27939,1.27465,1.27567
2024-08-13,1.27567,1.28728,1.27567,1.28595
2024-08-14,1.28595,1.28682,1.28134,1.28205
2024-08-15,1.28205,1.28715,1.27984,1.28476
2024-08-16,1.28476,1.29459,1.28461,1.29398
2024-08-19,1.29352,1.29973,1.29309,1.29873
2024-08-20,1.29873,1.30522,1.29742,1.3032
2024-08-21,1.3032,1.31196,1.30105,1.3085
2024-08-22,1.3085,1.31301,1.30764,1.30875
2024-08-23,1.30875,1.32302,1.30829,1.32073
2024-08-26,1.32029,1.3222,1.31798,1.3185
2024-08-27,1.3185,1.32664,1.31799,1.32609
2024-08-28,1.32609,1.32617,1.31672,1.31904
2024-08-29,1.31904,1.32271,1.31454,1.31666
2024-08-30,1.31666,1.31998,1.31095,1.31225
2024-09-02,1.3125,1.3155,1.31198,1.31427
2024-09-03,1.31427,1.31487,1.30876,1.31134
2024-09-04,1.31134,1.31751,1.31008,1.31448
2024-09-05,1.31448,1.31853,1.31368,1.31771
2024-09-06,1.31771,1.3239,1.31098,1.31199
2024-09-09,1.31114,1.31432,1.30674,1.30734
2024-09-10,1.30734,1.31076,1.30493,1.30796
2024-09-11,1.30796,1.31113,1.30018,1.3043
2024-09-12,1.3043,1.3127199999999999,1.30318,1.31237
2024-09-13,1.31237,1.31578,1.31146,1.31202
2024-09-16,1.3119399999999999,1.32182,1.31143,1.3215999999999999
2024-09-17,1.32157,1.32294,1.31456,1.3160100000000001
2024-09-18,1.3160100000000001,1.32976,1.31514,1.32121
2024-09-19,1.32121,1.33139,1.31531,1.32822
2024-09-20,1.32822,1.334,1.32676,1.33171
2024-09-23,1.33167,1.33591,1.3248,1.33467
2024-09-24,1.33467,1.34154,1.33313,1.34123
2024-09-25,1.34123,1.34294,1.3312,1.33222
2024-09-26,1.33222,1.3434,1.3312,1.34147
2024-09-27,1.34147,1.34273,1.33593,1.33676
2024-09-30,1.33655,1.34227,1.33468,1.33737
2024-10-01,1.33737,1.33895,1.32368,1.32849
2024-10-02,1.32849,1.3305,1.32452,1.32662
2024-10-03,1.32662,1.32698,1.30894,1.31234
2024-10-04,1.31234,1.31746,1.30693,1.31132
2024-10-07,1.31148,1.31341,1.30587,1.30823
2024-10-08,1.30823,1.31131,1.30636,1.31032
2024-10-09,1.31032,1.31041,1.30552,1.30703
2024-10-10,1.30703,1.30933,1.30107,1.30577
2024-10-11,1.30577,1.30829,1.30412,1.30583
2024-10-14,1.30559,1.30714,1.30298,1.30589
2024-10-15,1.30589,1.31026,1.3035,1.30729
2024-10-16,1.30729,1.30768,1.29764,1.29893
2024-10-17,1.29893,1.3023,1.29732,1.30106
2024-10-18,1.30106,1.30706,1.30005,1.30467
2024-10-21,1.30396,1.3057400000000001,1.29766,1.29837
2024-10-22,1.29837,1.3015,1.29442,1.2983
2024-10-23,1.2983,1.2994700000000001,1.2906900000000001,1.29206
2024-10-24,1.29206,1.29877,1.2908600000000001,1.2974700000000001
2024-10-25,1.2974700000000001,1.29983,1.29522,1.29522
2024-10-28,1.29679,1.3001,1.29392,1.29712
2024-10-29,1.29712,1.30161,1.29576,1.30144
2024-10-30,1.30144,1.30429,1.2936400000000001,1.29614
2024-10-31,1.29614,1.29992,1.28431,1.28984
2024-11-01,1.28984,1.298,1.28841,1.29132
2024-11-04,1.29654,1.29985,1.29339,1.29568
2024-11-05,1.29568,1.3042,1.29473,1.30407
2024-11-06,1.30407,1.30473,1.2833700000000001,1.28787
2024-11-07,1.28787,1.3009,1.28689,1.29854
2024-11-08,1.29854,1.2988,1.28829,1.29131
2024-11-11,1.2904200000000001,1.29256,1.28555,1.28672
2024-11-12,1.28672,1.28733,1.27187,1.2747
2024-11-13,1.2747,1.27684,1.2686,1.2707
2024-11-14,1.2707,1.27198,1.26293,1.26645
2024-11-15,1.26645,1.26966,1.25966,1.26168
2024-11-18,1.26168,1.26863,1.26036,1.26777
2024-11-19,1.26777,1.26889,1.26128,1.2681
2024-11-20,1.2681,1.27141,1.26305,1.26511
2024-11-21,1.26511,1.26599,1.25758,1.25885
2024-11-22,1.25885,1.2594,1.24866,1.25232
2024-11-25,1.25899,1.26128,1.25411,1.25676
2024-11-26,1.25676,1.2616,1.25065,1.25681
2024-11-27,1.25681,1.26942,1.25645,1.26785
2024-11-28,1.26785,1.26905,1.26446,1.2683
2024-11-29,1.2683,1.27496,1.26714,1.27275
2024-12-02,1.27195,1.27351,1.26168,1.2648300000000001
2024-12-03,1.2648300000000001,1.26993,1.26362,1.26721
2024-12-04,1.26721,1.2721,1.26292,1.27004
2024-12-05,1.27004,1.27706,1.26923,1.27575
2024-12-06,1.27575,1.2811,1.27207,1.2736
2024-12-09,1.27305,1.27986,1.27164,1.27497
2024-12-10,1.27497,1.27777,1.27235,1.27706
2024-12-11,1.27706,1.27812,1.27129,1.27499
2024-12-12,1.27499,1.27877,1.2666,1.26725
2024-12-13,1.26725,1.2678800000000001,1.26052,1.26092
2024-12-16,1.26111,1.26985,1.26081,1.26816
2024-12-17,1.26816,1.27282,1.26656,1.27087
2024-12-18,1.27087,1.2724900000000001,1.25617,1.25731
2024-12-19,1.25731,1.26664,1.24946,1.25005
2024-12-20,1.25005,1.26137,1.24746,1.25641
2024-12-23,1.25588,1.2588,1.25094,1.25307
2024-12-24,1.25307,1.2574400000000001,1.25184,1.25296
2024-12-26,1.25296,1.25474,1.25005,1.25187
2024-12-27,1.25187,1.25925,1.25046,1.25699
2024-12-30,1.25726,1.2607,1.25059,1.25493
2024-12-31,1.25493,1.25688,1.25048,1.25113
2025-01-02,1.25113,1.25353,1.23518,1.23745
2025-01-03,1.23745,1.24339,1.23631,1.24172
2025-01-06,1.24085,1.25506,1.24085,1.2513
2025-01-07,1.2513,1.25755,1.2476,1.24765
2025-01-08,1.24765,1.24939,1.23204,1.23596
2025-01-09,1.23596,1.2366,1.22378,1.23029
2025-01-10,1.23029,1.23213,1.21907,1.21958
2025-01-13,1.22043,1.22097,1.20991,1.21969
2025-01-14,1.21969,1.22499,1.21361,1.22109
2025-01-15,1.22109,1.23061,1.2154,1.22317
2025-01-16,1.22317,1.22599,1.2174,1.2234
2025-01-17,1.2234,1.22439,1.21597,1.21611
2025-01-20,1.21681,1.23443,1.21596,1.23171
2025-01-21,1.23171,1.23598,1.2228700000000001,1.23447
2025-01-22,1.23447,1.23759,1.2307,1.23074
2025-01-23,1.23074,1.23752,1.22928,1.23512
2025-01-24,1.23512,1.25016,1.23439,1.24791
2025-01-27,1.24626,1.25232,1.24253,1.24949
2025-01-28,1.24949,1.24975,1.2414,1.24393
2025-01-29,1.24393,1.24627,1.23928,1.24494
2025-01-30,1.24494,1.24767,1.24072,1.24152
2025-01-31,1.24152,1.24715,1.23854,1.23901
2025-02-03,1.22856,1.2455100000000001,1.22489,1.24491
2025-02-04,1.24491,1.24929,1.23783,1.2478
2025-02-05,1.2478,1.25498,1.24628,1.25041
2025-02-06,1.25041,1.25091,1.23596,1.2432
2025-02-07,1.2432,1.24911,1.23754,1.2390700000000001
2025-02-10,1.23684,1.24217,1.23626,1.23647
2025-02-11,1.23647,1.24545,1.23321,1.24454
2025-02-12,1.24454,1.24831,1.23748,1.24418
2025-02-13,1.24418,1.25681,1.24362,1.2565
2025-02-14,1.2565,1.26298,1.25492,1.2585
2025-02-17,1.25861,1.26345,1.25774,1.26229
2025-02-18,1.26229,1.2623,1.25818,1.26124
2025-02-19,1.26124,1.26394,1.25628,1.2585600000000001
2025-02-20,1.2585600000000001,1.26709,1.25742,1.26682
2025-02-21,1.26682,1.26782,1.26245,1.26307
2025-02-24,1.26212,1.26903,1.26116,1.26236
2025-02-25,1.2623499999999999,1.26772,1.2605199999999999,1.26623
2025-02-26,1.26623,1.27152,1.2634699999999999,1.26731
2025-02-27,1.26731,1.26887,1.2597399999999999,1.2599099999999999
2025-02-28,1.2599099999999999,1.26214,1.25587,1.25755
2025-03-03,1.25777,1.2724,1.2577099999999999,1.2700099999999999
2025-03-04,1.2700099999999999,1.2799099999999999,1.26782,1.2794299999999998
2025-03-05,1.2794299999999998,1.29003,1.2767,1.2893
2025-03-06,1.2893,1.29233,1.28653,1.28754
2025-03-07,1.28754,1.29442,1.28728,1.29101
2025-03-10,1.28959,1.29461,1.28609,1.2876699999999999
2025-03-11,1.2876699999999999,1.29653,1.28717,1.2942099999999999
2025-03-12,1.2942099999999999,1.29879,1.29128,1.29576
2025-03-13,1.29576,1.29729,1.2920399999999999,1.29451
2025-03-14,1.29451,1.2958399999999999,1.29105,1.2934999999999999
2025-03-17,1.29111,1.29982,1.29111,1.29898
2025-03-18,1.29898,1.30093,1.29508,1.30006
2025-03-19,1.30006,1.3010599999999999,1.29546,1.30025
2025-03-20,1.30025,1.30142,1.29354,1.29654
2025-03-21,1.29654,1.2969899999999999,1.28871,1.29114
2025-03-24,1.2889899999999999,1.29738,1.28857,1.29225
2025-03-25,1.29225,1.29663,1.29015,1.2943099999999998
2025-03-26,1.2943099999999998,1.29485,1.28737,1.28873
2025-03-27,1.28873,1.2991599999999999,1.28656,1.2947
2025-03-28,1.2947,1.29678,1.29208,1.29331
2025-03-31,1.2927,1.29721,1.28857,1.29169
2025-04-01,1.29169,1.2940099999999999,1.28788,1.29224
2025-04-02,1.29224,1.3024499999999999,1.28998,1.29968
2025-04-03,1.29968,1.3207,1.29687,1.30991
2025-04-04,1.30991,1.31132,1.28521,1.2898699999999999
2025-04-07,1.28369,1.2933599999999998,1.27076,1.27151
2025-04-08,1.27151,1.28139,1.2708199999999998,1.2764
2025-04-09,1.2764,1.28634,1.27423,1.28141
2025-04-10,1.28141,1.29954,1.27996,1.29666
2025-04-11,1.29666,1.31443,1.29606,1.3082399999999998
2025-04-14,1.30859,1.32008,1.30622,1.31887
2025-04-15,1.31887,1.32515,1.31637,1.3227499999999999
2025-04-16,1.3227499999999999,1.32918,1.32116,1.32396
2025-04-17,1.32396,1.32727,1.3202099999999999,1.32643
2025-04-18,1.32643,1.32979,1.3248499999999999,1.3290899999999999
2025-04-21,1.3265,1.3421699999999999,1.3265,1.33784
2025-04-22,1.33784,1.34232,1.33252,1.3327799999999999
2025-04-23,1.3327799999999999,1.33386,1.3233,1.3249499999999999
2025-04-24,1.3249499999999999,1.33483,1.32428,1.33386
2025-04-25,1.33386,1.3340699999999999,1.32731,1.3304399999999998
2025-04-28,1.3300699999999999,1.3443699999999998,1.32796,1.34324
2025-04-29,1.34324,1.34432,1.33799,1.3399699999999999
2025-04-30,1.3399699999999999,1.34141,1.33083,1.33252
2025-05-01,1.33252,1.3345,1.3259699999999999,1.3269
2025-05-02,1.3269,1.33303,1.32595,1.3268499999999999
2025-05-05,1.32595,1.33359,1.32575,1.3290199999999999
2025-05-06,1.3290199999999999,1.34023,1.32595,1.33623
2025-05-07,1.33623,1.33789,1.32794,1.32884
2025-05-08,1.32884,1.3356,1.32358,1.3242
2025-05-09,1.3242,1.33222,1.32111,1.33053
2025-05-12,1.3254,1.3298699999999999,1.3139399999999999,1.31741
2025-05-13,1.31741,1.3315599999999999,1.31645,1.3302699999999998
2025-05-14,1.3302699999999998,1.33598,1.3252599999999999,1.32527
2025-05-15,1.32527,1.33188,1.3248499999999999,1.33052
2025-05-16,1.33052,1.33323,1.32501,1.32696
2025-05-19,1.32762,1.34032,1.32657,1.33599
2025-05-20,1.33599,1.33943,1.33342,1.33921
2025-05-21,1.33921,1.3468499999999999,1.3376,1.34189
2025-05-22,1.34189,1.34405,1.33899,1.3417599999999998
2025-05-23,1.3417599999999998,1.35389,1.34057,1.35388
2025-05-26,1.3518,1.3592899999999999,1.3518,1.35579
2025-05-27,1.35579,1.3586399999999998,1.34997,1.35023
2025-05-28,1.35023,1.35218,1.34489,1.34645
2025-05-29,1.34645,1.3507,1.3414599999999999,1.3486
2025-05-30,1.3486,1.3510499999999999,1.3445399999999998,1.34456
2025-06-02,1.34609,1.3559299999999999,1.34462,1.35425
2025-06-03,1.35425,1.35589,1.3491,1.35138
2025-06-04,1.35138,1.35797,1.35006,1.3551499999999999
2025-06-05,1.3551499999999999,1.36161,1.35397,1.3567799999999999
2025-06-06,1.3567799999999999,1.35841,1.35069,1.35245
2025-06-09,1.35209,1.35809,1.35135,1.35482
2025-06-10,1.35482,1.35638,1.34557,1.34921
2025-06-11,1.34921,1.3567,1.3463699999999998,1.35378
2025-06-12,1.35378,1.36231,1.3521699999999999,1.3612
2025-06-13,1.3612,1.36318,1.35158,1.35595
2025-06-16,1.3540699999999999,1.36218,1.35336,1.35696
2025-06-17,1.35696,1.3579299999999999,1.34148,1.3427099999999998
2025-06-18,1.3427099999999998,1.3476,1.33999,1.34171
2025-06-19,1.34171,1.34697,1.33821,1.34655
2025-06-20,1.34655,1.35109,1.3439699999999999,1.3448099999999998
2025-06-23,1.3396599999999999,1.3530799999999998,1.33696,1.35212
2025-06-24,1.35212,1.36479,1.3509799999999998,1.3613199999999999
2025-06-25,1.3613199999999999,1.36712,1.359,1.36614
2025-06-26,1.36614,1.37702,1.36513,1.3725
2025-06-27,1.3725,1.37521,1.36824,1.37164
2025-06-30,1.3705,1.37401,1.3673499999999998,1.37312
2025-07-01,1.37316,1.37886,1.37032,1.37429
2025-07-02,1.37429,1.37523,1.35625,1.36314
2025-07-03,1.36314,1.36757,1.35852,1.3654
2025-07-04,1.3654,1.36814,1.36343,1.36385
2025-07-07,1.3631,1.36576,1.35751,1.35991
2025-07-08,1.35991,1.36462,1.3525099999999999,1.3580699999999999
2025-07-09,1.3580699999999999,1.36199,1.35642,1.35849
2025-07-10,1.35849,1.36194,1.3532899999999999,1.35734
2025-07-11,1.35734,1.35852,1.34809,1.34829
2025-07-14,1.3482399999999999,1.3504099999999999,1.34239,1.3426
2025-07-15,1.3426,1.3467,1.33782,1.33793
2025-07-16,1.33793,1.34854,1.33649,1.3419
2025-07-17,1.3419,1.34218,1.33738,1.34144
2025-07-18,1.34144,1.34754,1.3405,1.3408
2025-07-21,1.34083,1.35106,1.3402,1.34884
2025-07-22,1.34884,1.35336,1.34613,1.3526
2025-07-23,1.3526,1.3584,1.3515,1.35784
2025-07-24,1.35784,1.35886,1.35029,1.35047
2025-07-25,1.35047,1.35123,1.34159,1.34364
2025-07-28,1.34195,1.34526,1.3351,1.33521
2025-07-29,1.33521,1.33638,1.33073,1.33418
2025-07-30,1.33418,1.3385799999999999,1.32278,1.32338
2025-07-31,1.32338,1.32819,1.3185499999999999,1.32028
2025-08-01,1.32028,1.33105,1.3141,1.32719
2025-08-04,1.32694,1.33308,1.32534,1.32816
2025-08-05,1.32816,1.33162,1.32593,1.32963
2025-08-06,1.32963,1.33682,1.32814,1.33476
2025-08-07,1.33476,1.34481,1.33453,1.3441
2025-08-08,1.3441,1.34589,1.34178,1.34477
2025-08-11,1.34338,1.34766,1.33987,1.34311
2025-08-12,1.34311,1.35238,1.34204,1.34975
2025-08-13,1.34975,1.35849,1.34872,1.3574
2025-08-14,1.3574,1.35947,1.35206,1.35277
2025-08-15,1.35277,1.35751,1.35201,1.35511
2025-08-18,1.35478,1.3565,1.35009,1.35021
2025-08-19,1.35021,1.35311,1.34775,1.34898
2025-08-20,1.34898,1.35092,1.34473,1.34561
2025-08-21,1.34561,1.34827,1.34054,1.34122
2025-08-22,1.34122,1.35441,1.33904,1.352
2025-08-25,1.35106,1.35273,1.3445799999999999,1.34526
2025-08-26,1.34526,1.34932,1.34345,1.34777
2025-08-27,1.34777,1.35018,1.34162,1.34978
2025-08-28,1.34978,1.35307,1.3483,1.35115
2025-08-29,1.35115,1.35169,1.34464,1.3503
2025-09-01,1.34894,1.35497,1.34887,1.35428
2025-09-02,1.35428,1.35491,1.33402,1.33879
2025-09-03,1.33879,1.34584,1.33329,1.34435
2025-09-04,1.34435,1.34593,1.3416299999999999,1.34328
2025-09-05,1.34328,1.35548,1.34187,1.3506
2025-09-08,1.34883,1.35565,1.34817,1.35442
2025-09-09,1.35442,1.35904,1.3518,1.35262
2025-09-10,1.35262,1.3564,1.35104,1.35275
2025-09-11,1.35275,1.35828,1.34911,1.35705
2025-09-12,1.35705,1.35804,1.35238,1.35574
2025-09-15,1.35574,1.36201,1.3548499999999999,1.35988
2025-09-16,1.35988,1.36717,1.3592,1.36453
2025-09-17,1.36453,1.37264,1.36195,1.36233
2025-09-18,1.36233,1.36607,1.35338,1.35545
2025-09-19,1.35545,1.35594,1.34594,1.34605
2025-09-22,1.34605,1.35206,1.3453,1.35123
2025-09-23,1.35123,1.35366,1.3486799999999999,1.35242
2025-09-24,1.35242,1.35277,1.34263,1.3446
2025-09-25,1.3446,1.34667,1.33235,1.33405
2025-09-26,1.33405,1.3413,1.33293,1.33985
2025-09-29,1.33985,1.34567,1.3386,1.34266
2025-09-30,1.34266,1.34669,1.34134,1.34444
2025-10-01,1.34444,1.35272,1.34347,1.34757
2025-10-02,1.34757,1.35101,1.34008,1.34373
2025-10-03,1.34373,1.34865,1.3427,1.34737
2025-10-06,1.34305,1.349,1.34165,1.34848
2025-10-07,1.34848,1.34872,1.33921,1.34153
2025-10-08,1.34153,1.34384,1.33707,1.34025
2025-10-09,1.34025,1.34191,1.32791,1.32945
2025-10-10,1.32945,1.33706,1.32616,1.33496
2025-10-13,1.33484,1.33663,1.33148,1.33318
2025-10-14,1.33318,1.33521,1.3248,1.33152
2025-10-15,1.33152,1.34076,1.33099,1.34001
2025-10-16,1.34001,1.3454599999999999,1.33874,1.34328
2025-10-17,1.34328,1.34714,1.33906,1.34239
2025-10-20,1.34292,1.34428,1.33998,1.34043
2025-10-21,1.34043,1.3416,1.33609,1.33683
2025-10-22,1.33683,1.3387,1.33055,1.33551
2025-10-23,1.33551,1.33592,1.33079,1.3324799999999999
2025-10-24,1.3324799999999999,1.33617,1.32872,1.33099
2025-10-27,1.3322,1.33531,1.33101,1.33347
2025-10-28,1.33347,1.33696,1.32473,1.32696
2025-10-29,1.32696,1.32807,1.3139399999999999,1.31939
2025-10-30,1.31939,1.3218699999999999,1.31162,1.3148
2025-10-31,1.3148,1.31647,1.30969,1.31485
2025-11-03,1.31244,1.31622,1.31081,1.3139
2025-11-04,1.3139,1.31392,1.30102,1.30206
2025-11-05,1.30206,1.30542,1.30102,1.30498
2025-11-06,1.30498,1.31425,1.30437,1.31364
2025-11-07,1.31364,1.31748,1.30945,1.31628
2025-11-10,1.31549,1.3191,1.31364,1.3173
2025-11-11,1.3173,1.31844,1.31163,1.3149
2025-11-12,1.3149,1.31552,1.30842,1.31323
2025-11-13,1.31323,1.32156,1.31005,1.31908
2025-11-14,1.31908,1.32007,1.31078,1.31724
2025-11-17,1.31579,1.3193,1.31356,1.31532
2025-11-18,1.31532,1.3177,1.31336,1.31411
2025-11-19,1.31411,1.31548,1.30433,1.30574
2025-11-20,1.30574,1.3123799999999999,1.30377,1.30711
2025-11-21,1.30711,1.31095,1.30383,1.30958
2025-11-24,1.30946,1.31179,1.30803,1.31043
2025-11-25,1.31043,1.32141,1.30955,1.31649
2025-11-26,1.31649,1.32441,1.3123799999999999,1.32388
2025-11-27,1.32388,1.32685,1.32098,1.32382
2025-11-28,1.32382,1.32547,1.3201,1.3224
2025-12-01,1.3218,1.32756,1.32054,1.3212599999999999
2025-12-02,1.3212599999999999,1.32217,1.31796,1.3209
2025-12-03,1.3209,1.33542,1.31985,1.33519
2025-12-04,1.33519,1.3385799999999999,1.33217,1.33241
2025-12-05,1.33241,1.33624,1.3316,1.33299
2025-12-08,1.33133,1.33465,1.33056,1.33209
2025-12-09,1.33209,1.33561,1.32871,1.32948
2025-12-10,1.32948,1.3389,1.32883,1.33816
2025-12-11,1.33816,1.34382,1.33546,1.33833
2025-12-12,1.33833,1.33998,1.33422,1.33643
2025-12-15,1.33726,1.34015,1.33521,1.33721
2025-12-16,1.33721,1.34557,1.33552,1.34188
2025-12-17,1.34188,1.34269,1.33115,1.33754
2025-12-18,1.33754,1.34465,1.33409,1.33798
2025-12-19,1.33798,1.33943,1.33569,1.3372
2025-12-22,1.3372,1.34775,1.3372,1.34583
2025-12-23,1.34583,1.35241,1.34542,1.35165
2025-12-24,1.35165,1.35339,1.34919,1.35013
2025-12-26,1.35013,1.35271,1.34769,1.3496
2025-12-29,1.3496,1.35158,1.34691,1.35097
2025-12-30,1.35097,1.35307,1.34494,1.34664
2025-12-31,1.34664,1.34765,1.34011,1.34554
2026-01-02,1.34554,1.35018,1.3434,1.34574
2026-01-05,1.34503,1.35483,1.34138,1.35412
2026-01-06,1.35412,1.35676,1.34915,1.34995
2026-01-07,1.34995,1.3517,1.34559,1.3456299999999999
2026-01-08,1.3456299999999999,1.34655,1.34157,1.34354
2026-01-09,1.34354,1.34512,1.33895,1.33999
2026-01-12,1.33948,1.34858,1.33897,1.34602
2026-01-13,1.34602,1.3494599999999999,1.34205,1.34211
2026-01-14,1.34211,1.34642,1.34171,1.3439
2026-01-15,1.3439,1.34464,1.33626,1.33758
2026-01-16,1.33758,1.34131,1.33661,1.33764
2026-01-19,1.33416,1.34352,1.33387,1.34234
2026-01-20,1.34234,1.34918,1.341,1.34368
2026-01-21,1.34368,1.3459,1.34013,1.34247
2026-01-22,1.34247,1.35069,1.34016,1.35031
2026-01-23,1.35031,1.36455,1.34823,1.36375
2026-01-26,1.36576,1.37132,1.36429,1.36764
2026-01-27,1.36764,1.38688,1.36638,1.38422
2026-01-28,1.38422,1.38462,1.37492,1.38048
2026-01-29,1.38048,1.38478,1.37421,1.38092
2026-01-30,1.38092,1.38146,1.36791,1.36827
2026-02-02,1.36788,1.3715,1.3623,1.36628
2026-02-03,1.36628,1.37071,1.36505,1.36942
2026-02-04,1.36942,1.37332,1.36396,1.36396
2026-02-05,1.36396,1.3654,1.35175,1.35244
2026-02-06,1.35244,1.36235,1.3508499999999999,1.36102
2026-02-09,1.35875,1.37003,1.35861,1.36904
2026-02-10,1.36904,1.36964,1.36386,1.36413
2026-02-11,1.36413,1.37121,1.3609,1.36271
2026-02-12,1.36271,1.36714,1.36043,1.36194
2026-02-13,1.36194,1.36595,1.35903,1.36514
2026-02-16,1.36514,1.36619,1.36249,1.36255
2026-02-17,1.36255,1.36289,1.34956,1.35642
2026-02-18,1.35642,1.35819,1.34851,1.34932
2026-02-19,1.34932,1.35166,1.34339,1.3463
2026-02-20,1.3463,1.35151,1.34346,1.3471
2026-02-23,1.34835,1.35351,1.34756,1.34915
2026-02-24,1.34915,1.35366,1.34698,1.34848
2026-02-25,1.34848,1.35659,1.34822,1.35577
2026-02-26,1.35577,1.35749,1.3445,1.3481
2026-02-27,1.3481,1.3508,1.34395,1.34801
2026-03-02,1.34122,1.34558,1.33142,1.34047
2026-03-03,1.34047,1.3425,1.32528,1.33544
2026-03-04,1.33544,1.34031,1.3303099999999999,1.33731
2026-03-05,1.33731,1.33868,1.32973,1.33534
2026-03-06,1.33534,1.34095,1.33112,1.34039
2026-03-09,1.33339,1.3447,1.32829,1.34339
2026-03-10,1.34339,1.34831,1.34121,1.34174
2026-03-11,1.34174,1.34574,1.33933,1.34107
2026-03-12,1.34107,1.34116,1.3338,1.33422
2026-03-13,1.33422,1.33694,1.32128,1.32137
2026-03-16,1.32375,1.33398,1.32203,1.33195
2026-03-17,1.33195,1.33644,1.32733,1.33545
2026-03-18,1.33545,1.33743,1.32522,1.32564
2026-03-19,1.32564,1.34673,1.32458,1.34299
2026-03-20,1.34299,1.3442,1.32986,1.33394
2026-03-23,1.33098,1.34792,1.32568,1.34235
2026-03-24,1.34235,1.34453,1.33521,1.3411
2026-03-25,1.3411,1.34359,1.33581,1.33634
2026-03-26,1.33634,1.33783,1.33101,1.33255
2026-03-27,1.33255,1.33471,1.32515,1.32515
2026-03-30,1.32515,1.32825,1.31737,1.31864
2026-03-31,1.31864,1.32643,1.31593,1.32174
2026-04-01,1.32174,1.33462,1.32168,1.32983
2026-04-02,1.32983,1.33203,1.31817,1.32234
2026-04-03,1.32234,1.32426,1.31791,1.31851
2026-04-06,1.31835,1.32686,1.31759,1.32319
2026-04-07,1.32319,1.33008,1.32114,1.32886
2026-04-08,1.32886,1.34844,1.32807,1.34248