time,open,high,low,close
1988-07-29,0.886,0.886,0.886,0.886
1988-08-01,0.873,0.873,0.873,0.873
1988-08-02,0.866,0.866,0.866,0.866
1988-08-03,0.874,0.874,0.874,0.874
1988-08-04,0.886,0.886,0.886,0.886
1988-08-05,0.894,0.894,0.894,0.894
1988-08-08,0.879,0.879,0.879,0.879
1988-08-09,0.882,0.882,0.882,0.882
1988-08-10,0.894,0.894,0.894,0.894
1988-08-11,0.92,0.92,0.92,0.92
1988-08-12,0.901,0.901,0.901,0.901
1988-08-15,0.903,0.903,0.903,0.903
1988-08-16,0.901,0.901,0.901,0.901
1988-08-17,0.907,0.907,0.907,0.907
1988-08-18,0.934,0.934,0.934,0.934
1988-08-19,0.9385,0.9385,0.9385,0.9385
1988-08-22,0.9555,0.9555,0.9555,0.9555
1988-08-23,0.953,0.953,0.953,0.953
1988-08-24,0.958,0.958,0.958,0.958
1988-08-25,0.967,0.967,0.967,0.967
1988-08-26,0.9755,0.9755,0.9755,0.9755
1988-08-29,0.974,0.974,0.974,0.974
1988-08-30,0.97,0.97,0.97,0.97
1988-08-31,0.982,0.982,0.982,0.982
1988-09-01,0.958,0.958,0.958,0.958
1988-09-02,0.953,0.953,0.953,0.953
1988-09-06,0.953,0.953,0.953,0.953
1988-09-07,0.9565,0.9565,0.9565,0.9565
1988-09-08,0.9635,0.9635,0.9635,0.9635
1988-09-09,0.9755,0.9755,0.9755,0.9755
1988-09-12,0.9775,0.9775,0.9775,0.9775
1988-09-13,0.991,0.991,0.991,0.991
1988-09-14,0.99,0.99,0.99,0.99
1988-09-15,0.9985,0.9985,0.9985,0.9985
1988-09-16,0.989,0.989,0.989,0.989
1988-09-19,0.9855,0.9855,0.9855,0.9855
1988-09-20,0.9835,0.9835,0.9835,0.9835
1988-09-21,0.9655,0.9655,0.9655,0.9655
1988-09-22,0.989,0.989,0.989,0.989
1988-09-23,1.004,1.004,1.004,1.004
1988-09-26,1.0035,1.0035,1.0035,1.0035
1988-09-27,1.0215,1.0215,1.0215,1.0215
1988-09-28,1.009,1.009,1.009,1.009
1988-09-29,1.021,1.021,1.021,1.021
1988-09-30,1.0165,1.0165,1.0165,1.0165
1988-10-03,1.0295,1.0295,1.0295,1.0295
1988-10-04,1.033,1.033,1.033,1.033
1988-10-05,1.034,1.034,1.034,1.034
1988-10-06,1.053,1.053,1.053,1.053
1988-10-07,1.0575,1.0575,1.0575,1.0575
1988-10-10,1.083,1.083,1.083,1.083
1988-10-11,1.097,1.097,1.097,1.097
1988-10-12,1.095,1.095,1.095,1.095
1988-10-13,1.095,1.095,1.095,1.095
1988-10-14,1.1385,1.1385,1.1385,1.1385
1988-10-17,1.123,1.123,1.123,1.123
1988-10-18,1.15,1.15,1.15,1.15
1988-10-19,1.1835,1.1835,1.1835,1.1835
1988-10-20,1.205,1.205,1.205,1.205
1988-10-21,1.196,1.196,1.196,1.196
1988-10-24,1.164,1.164,1.164,1.164
1988-10-25,1.177,1.177,1.177,1.177
1988-10-26,1.147,1.147,1.147,1.147
1988-10-27,1.1625,1.1625,1.1625,1.1625
1988-10-28,1.196,1.196,1.196,1.196
1988-10-31,1.2125,1.2125,1.2125,1.2125
1988-11-01,1.223,1.223,1.223,1.223
1988-11-02,1.247,1.247,1.247,1.247
1988-11-03,1.214,1.214,1.214,1.214
1988-11-04,1.212,1.212,1.212,1.212
1988-11-07,1.199,1.199,1.199,1.199
1988-11-08,1.221,1.221,1.221,1.221
1988-11-09,1.241,1.241,1.241,1.241
1988-11-10,1.17,1.17,1.17,1.17
1988-11-11,1.171,1.171,1.171,1.171
1988-11-14,1.189,1.189,1.189,1.189
1988-11-15,1.13,1.13,1.13,1.13
1988-11-16,1.1375,1.1375,1.1375,1.1375
1988-11-17,1.1775,1.1775,1.1775,1.1775
1988-11-18,1.2005,1.2005,1.2005,1.2005
1988-11-21,1.203,1.203,1.203,1.203
1988-11-22,1.268,1.268,1.268,1.268
1988-11-23,1.3475,1.3475,1.3475,1.3475
1988-11-28,1.3605,1.3605,1.3605,1.3605
1988-11-29,1.3675,1.3675,1.3675,1.3675
1988-11-30,1.3675,1.3675,1.3675,1.3675
1988-12-01,1.3815,1.3815,1.3815,1.3815
1988-12-02,1.3545,1.3545,1.3545,1.3545
1988-12-05,1.3665,1.3665,1.3665,1.3665
1988-12-06,1.3735,1.3735,1.3735,1.3735
1988-12-07,1.413,1.413,1.413,1.413
1988-12-08,1.44,1.44,1.44,1.44
1988-12-09,1.431,1.431,1.431,1.431
1988-12-12,1.392,1.392,1.392,1.392
1988-12-13,1.3325,1.3325,1.3325,1.3325
1988-12-14,1.3695,1.3695,1.3695,1.3695
1988-12-15,1.3545,1.3545,1.3545,1.3545
1988-12-16,1.332,1.332,1.332,1.332
1988-12-19,1.3835,1.3835,1.3835,1.3835
1988-12-20,1.3975,1.3975,1.3975,1.3975
1988-12-21,1.3935,1.3935,1.3935,1.3935
1988-12-22,1.4035,1.4035,1.4035,1.4035
1988-12-23,1.4355,1.4355,1.4355,1.4355
1988-12-27,1.424,1.424,1.424,1.424
1988-12-28,1.4115,1.4115,1.4115,1.4115
1988-12-29,1.4145,1.4145,1.4145,1.4145
1988-12-30,1.3975,1.3975,1.3975,1.3975
1989-01-03,1.4095,1.4095,1.4095,1.4095
1989-01-04,1.4685,1.4685,1.4685,1.4685
1989-01-05,1.4525,1.4525,1.4525,1.4525
1989-01-06,1.4025,1.4025,1.4025,1.4025
1989-01-09,1.3905,1.3905,1.3905,1.3905
1989-01-10,1.3935,1.3935,1.3935,1.3935
1989-01-11,1.3905,1.3905,1.3905,1.3905
1989-01-12,1.424,1.424,1.424,1.424
1989-01-13,1.471,1.471,1.471,1.471
1989-01-16,1.5255,1.5255,1.5255,1.5255
1989-01-17,1.533,1.533,1.533,1.533
1989-01-18,1.5135,1.5135,1.5135,1.5135
1989-01-19,1.5125,1.5125,1.5125,1.5125
1989-01-20,1.519,1.519,1.519,1.519
1989-01-23,1.538,1.538,1.538,1.538
1989-01-24,1.518,1.518,1.518,1.518
1989-01-25,1.4885,1.4885,1.4885,1.4885
1989-01-26,1.474,1.474,1.474,1.474
1989-01-27,1.505,1.505,1.505,1.505
1989-01-30,1.457,1.457,1.457,1.457
1989-01-31,1.4615,1.4615,1.4615,1.4615
1989-02-01,1.393,1.393,1.393,1.393
1989-02-02,1.376,1.376,1.376,1.376
1989-02-03,1.351,1.351,1.351,1.351
1989-02-06,1.329,1.329,1.329,1.329
1989-02-07,1.34,1.34,1.34,1.34
1989-02-08,1.365,1.365,1.365,1.365
1989-02-09,1.3625,1.3625,1.3625,1.3625
1989-02-10,1.332,1.332,1.332,1.332
1989-02-13,1.285,1.285,1.285,1.285
1989-02-14,1.262,1.262,1.262,1.262
1989-02-15,1.2775,1.2775,1.2775,1.2775
1989-02-16,1.296,1.296,1.296,1.296
1989-02-17,1.286,1.286,1.286,1.286
1989-02-21,1.37,1.37,1.37,1.37
1989-02-22,1.407,1.407,1.407,1.407
1989-02-23,1.408,1.408,1.408,1.408
1989-02-24,1.383,1.383,1.383,1.383
1989-02-27,1.338,1.338,1.338,1.338
1989-02-28,1.352,1.352,1.352,1.352
1989-03-01,1.413,1.413,1.413,1.413
1989-03-02,1.4325,1.4325,1.4325,1.4325
1989-03-03,1.4695,1.4695,1.4695,1.4695
1989-03-06,1.4525,1.4525,1.4525,1.4525
1989-03-07,1.47,1.47,1.47,1.47
1989-03-08,1.432,1.432,1.432,1.432
1989-03-09,1.41,1.41,1.41,1.41
1989-03-10,1.439,1.439,1.439,1.439
1989-03-13,1.388,1.388,1.388,1.388
1989-03-14,1.408,1.408,1.408,1.408
1989-03-15,1.375,1.375,1.375,1.375
1989-03-16,1.356,1.356,1.356,1.356
1989-03-17,1.389,1.389,1.389,1.389
1989-03-20,1.3535,1.3535,1.3535,1.3535
1989-03-21,1.368,1.368,1.368,1.368
1989-03-22,1.371,1.371,1.371,1.371
1989-03-23,1.363,1.363,1.363,1.363
1989-03-27,1.397,1.397,1.397,1.397
1989-03-28,1.394,1.394,1.394,1.394
1989-03-29,1.384,1.384,1.384,1.384
1989-03-30,1.344,1.344,1.344,1.344
1989-03-31,1.346,1.346,1.346,1.346
1989-04-03,1.289,1.289,1.289,1.289
1989-04-04,1.302,1.302,1.302,1.302
1989-04-05,1.311,1.311,1.311,1.311
1989-04-06,1.319,1.319,1.319,1.319
1989-04-07,1.348,1.348,1.348,1.348
1989-04-10,1.4235,1.4235,1.4235,1.4235
1989-04-11,1.42,1.42,1.42,1.42
1989-04-12,1.442,1.442,1.442,1.442
1989-04-13,1.43,1.43,1.43,1.43
1989-04-14,1.4655,1.4655,1.4655,1.4655
1989-04-17,1.4385,1.4385,1.4385,1.4385
1989-04-18,1.429,1.429,1.429,1.429
1989-04-19,1.409,1.409,1.409,1.409
1989-04-20,1.408,1.408,1.408,1.408
1989-04-21,1.4085,1.4085,1.4085,1.4085
1989-04-24,1.4265,1.4265,1.4265,1.4265
1989-04-25,1.413,1.413,1.413,1.413
1989-04-26,1.42,1.42,1.42,1.42
1989-04-27,1.386,1.386,1.386,1.386
1989-04-28,1.371,1.371,1.371,1.371
1989-05-01,1.358,1.358,1.358,1.358
1989-05-02,1.309,1.309,1.309,1.309
1989-05-03,1.305,1.305,1.305,1.305
1989-05-04,1.315,1.315,1.315,1.315
1989-05-05,1.293,1.293,1.293,1.293
1989-05-08,1.256,1.256,1.256,1.256
1989-05-09,1.261,1.261,1.261,1.261
1989-05-10,1.265,1.265,1.265,1.265
1989-05-11,1.28,1.28,1.28,1.28
1989-05-12,1.267,1.267,1.267,1.267
1989-05-15,1.2175,1.2175,1.2175,1.2175
1989-05-16,1.192,1.192,1.192,1.192
1989-05-17,1.217,1.217,1.217,1.217
1989-05-18,1.206,1.206,1.206,1.206
1989-05-19,1.226,1.226,1.226,1.226
1989-05-22,1.16,1.16,1.16,1.16
1989-05-23,1.13,1.13,1.13,1.13
1989-05-24,1.124,1.124,1.124,1.124
1989-05-25,1.131,1.131,1.131,1.131
1989-05-26,1.148,1.148,1.148,1.148
1989-05-30,1.173,1.173,1.173,1.173
1989-05-31,1.1735,1.1735,1.1735,1.1735
1989-06-01,1.1385,1.1385,1.1385,1.1385
1989-06-02,1.1425,1.1425,1.1425,1.1425
1989-06-05,1.0995,1.0995,1.0995,1.0995
1989-06-06,1.1005,1.1005,1.1005,1.1005
1989-06-07,1.124,1.124,1.124,1.124
1989-06-08,1.149,1.149,1.149,1.149
1989-06-09,1.138,1.138,1.138,1.138
1989-06-12,1.114,1.114,1.114,1.114
1989-06-13,1.1215,1.1215,1.1215,1.1215
1989-06-14,1.1355,1.1355,1.1355,1.1355
1989-06-15,1.135,1.135,1.135,1.135
1989-06-16,1.17,1.17,1.17,1.17
1989-06-19,1.196,1.196,1.196,1.196
1989-06-20,1.1875,1.1875,1.1875,1.1875
1989-06-21,1.1085,1.1085,1.1085,1.1085
1989-06-22,1.1015,1.1015,1.1015,1.1015
1989-06-23,1.112,1.112,1.112,1.112
1989-06-26,1.1015,1.1015,1.1015,1.1015
1989-06-27,1.097,1.097,1.097,1.097
1989-06-28,1.1115,1.1115,1.1115,1.1115
1989-06-29,1.0955,1.0955,1.0955,1.0955
1989-06-30,1.0765,1.0765,1.0765,1.0765
1989-07-03,1.037,1.037,1.037,1.037
1989-07-05,1.04,1.04,1.04,1.04
1989-07-06,1.02,1.02,1.02,1.02
1989-07-07,1.058,1.058,1.058,1.058
1989-07-10,1.053,1.053,1.053,1.053
1989-07-11,1.052,1.052,1.052,1.052
1989-07-12,1.088,1.088,1.088,1.088
1989-07-13,1.0735,1.0735,1.0735,1.0735
1989-07-14,1.083,1.083,1.083,1.083
1989-07-17,1.089,1.089,1.089,1.089
1989-07-18,1.123,1.123,1.123,1.123
1989-07-19,1.126,1.126,1.126,1.126
1989-07-20,1.12,1.12,1.12,1.12
1989-07-21,1.112,1.112,1.112,1.112
1989-07-24,1.16,1.16,1.16,1.16
1989-07-25,1.1625,1.1625,1.1625,1.1625
1989-07-26,1.15,1.15,1.15,1.15
1989-07-27,1.157,1.157,1.157,1.157
1989-07-28,1.127,1.127,1.127,1.127
1989-07-31,1.15,1.15,1.15,1.15
1989-08-01,1.153,1.153,1.153,1.153
1989-08-02,1.163,1.163,1.163,1.163
1989-08-03,1.1565,1.1565,1.1565,1.1565
1989-08-04,1.161,1.161,1.161,1.161
1989-08-07,1.1385,1.1385,1.1385,1.1385
1989-08-08,1.134,1.134,1.134,1.134
1989-08-09,1.14,1.14,1.14,1.14
1989-08-10,1.1555,1.1555,1.1555,1.1555
1989-08-11,1.203,1.203,1.203,1.203
1989-08-14,1.233,1.233,1.233,1.233
1989-08-15,1.247,1.247,1.247,1.247
1989-08-16,1.2505,1.2505,1.2505,1.2505
1989-08-17,1.3075,1.3075,1.3075,1.3075
1989-08-18,1.274,1.274,1.274,1.274
1989-08-21,1.2895,1.2895,1.2895,1.2895
1989-08-22,1.2885,1.2885,1.2885,1.2885
1989-08-23,1.3135,1.3135,1.3135,1.3135
1989-08-24,1.3375,1.3375,1.3375,1.3375
1989-08-25,1.3955,1.3955,1.3955,1.3955
1989-08-28,1.3895,1.3895,1.3895,1.3895
1989-08-29,1.319,1.319,1.319,1.319
1989-08-30,1.294,1.294,1.294,1.294
1989-08-31,1.323,1.323,1.323,1.323
1989-09-01,1.298,1.298,1.298,1.298
1989-09-05,1.278,1.278,1.278,1.278
1989-09-06,1.2485,1.2485,1.2485,1.2485
1989-09-07,1.283,1.283,1.283,1.283
1989-09-08,1.262,1.262,1.262,1.262
1989-09-11,1.2985,1.2985,1.2985,1.2985
1989-09-12,1.297,1.297,1.297,1.297
1989-09-13,1.31,1.31,1.31,1.31
1989-09-14,1.325,1.325,1.325,1.325
1989-09-15,1.3065,1.3065,1.3065,1.3065
1989-09-18,1.31,1.31,1.31,1.31
1989-09-19,1.2895,1.2895,1.2895,1.2895
1989-09-20,1.297,1.297,1.297,1.297
1989-09-21,1.295,1.295,1.295,1.295
1989-09-22,1.284,1.284,1.284,1.284
1989-09-25,1.258,1.258,1.258,1.258
1989-09-26,1.22,1.22,1.22,1.22
1989-09-27,1.237,1.237,1.237,1.237
1989-09-28,1.2315,1.2315,1.2315,1.2315
1989-09-29,1.255,1.255,1.255,1.255
1989-10-02,1.289,1.289,1.289,1.289
1989-10-03,1.283,1.283,1.283,1.283
1989-10-04,1.303,1.303,1.303,1.303
1989-10-05,1.31,1.31,1.31,1.31
1989-10-06,1.338,1.338,1.338,1.338
1989-10-09,1.344,1.344,1.344,1.344
1989-10-10,1.308,1.308,1.308,1.308
1989-10-11,1.305,1.305,1.305,1.305
1989-10-12,1.3285,1.3285,1.3285,1.3285
1989-10-13,1.326,1.326,1.326,1.326
1989-10-16,1.3,1.3,1.3,1.3
1989-10-17,1.308,1.308,1.308,1.308
1989-10-18,1.29,1.29,1.29,1.29
1989-10-19,1.307,1.307,1.307,1.307
1989-10-20,1.2645,1.2645,1.2645,1.2645
1989-10-23,1.223,1.223,1.223,1.223
1989-10-24,1.179,1.179,1.179,1.179
1989-10-25,1.188,1.188,1.188,1.188
1989-10-26,1.177,1.177,1.177,1.177
1989-10-27,1.193,1.193,1.193,1.193
1989-10-30,1.168,1.168,1.168,1.168
1989-10-31,1.1825,1.1825,1.1825,1.1825
1989-11-01,1.205,1.205,1.205,1.205
1989-11-02,1.1715,1.1715,1.1715,1.1715
1989-11-03,1.1635,1.1635,1.1635,1.1635
1989-11-06,1.136,1.136,1.136,1.136
1989-11-07,1.1435,1.1435,1.1435,1.1435
1989-11-08,1.175,1.175,1.175,1.175
1989-11-09,1.186,1.186,1.186,1.186
1989-11-10,1.18,1.18,1.18,1.18
1989-11-13,1.202,1.202,1.202,1.202
1989-11-14,1.162,1.162,1.162,1.162
1989-11-15,1.155,1.155,1.155,1.155
1989-11-16,1.148,1.148,1.148,1.148
1989-11-17,1.123,1.123,1.123,1.123
1989-11-20,1.095,1.095,1.095,1.095
1989-11-21,1.118,1.118,1.118,1.118
1989-11-22,1.099,1.099,1.099,1.099
1989-11-24,1.106,1.106,1.106,1.106
1989-11-27,1.115,1.115,1.115,1.115
1989-11-28,1.126,1.126,1.126,1.126
1989-11-29,1.079,1.079,1.079,1.079
1989-11-30,1.084,1.084,1.084,1.084
1989-12-01,1.05,1.05,1.05,1.05
1989-12-04,1.0435,1.0435,1.0435,1.0435
1989-12-05,1.03,1.03,1.03,1.03
1989-12-06,1.0385,1.0385,1.0385,1.0385
1989-12-07,1.041,1.041,1.041,1.041
1989-12-08,1.0385,1.0385,1.0385,1.0385
1989-12-11,1.037,1.037,1.037,1.037
1989-12-12,1.018,1.018,1.018,1.018
1989-12-13,1.054,1.054,1.054,1.054
1989-12-14,1.0375,1.0375,1.0375,1.0375
1989-12-15,1.055,1.055,1.055,1.055
1989-12-18,1.038,1.038,1.038,1.038
1989-12-19,1.044,1.044,1.044,1.044
1989-12-20,1.047,1.047,1.047,1.047
1989-12-21,1.0525,1.0525,1.0525,1.0525
1989-12-22,1.065,1.065,1.065,1.065
1989-12-26,1.0715,1.0715,1.0715,1.0715
1989-12-27,1.0575,1.0575,1.0575,1.0575
1989-12-28,1.061,1.061,1.061,1.061
1989-12-29,1.064,1.064,1.064,1.064
1990-01-02,1.062,1.062,1.062,1.062
1990-01-03,1.0965,1.0965,1.0965,1.0965
1990-01-04,1.0855,1.0855,1.0855,1.0855
1990-01-05,1.095,1.095,1.095,1.095
1990-01-08,1.1135,1.1135,1.1135,1.1135
1990-01-09,1.102,1.102,1.102,1.102
1990-01-10,1.081,1.081,1.081,1.081
1990-01-11,1.092,1.092,1.092,1.092
1990-01-12,1.059,1.059,1.059,1.059
1990-01-15,1.04,1.04,1.04,1.04
1990-01-16,1.045,1.045,1.045,1.045
1990-01-17,1.04,1.04,1.04,1.04
1990-01-18,1.0235,1.0235,1.0235,1.0235
1990-01-19,0.993,0.993,0.993,0.993
1990-01-22,0.9875,0.9875,0.9875,0.9875
1990-01-23,0.9745,0.9745,0.9745,0.9745
1990-01-24,0.966,0.966,0.966,0.966
1990-01-25,0.977,0.977,0.977,0.977
1990-01-26,0.9835,0.9835,0.9835,0.9835
1990-01-29,0.9675,0.9675,0.9675,0.9675
1990-01-30,0.9565,0.9565,0.9565,0.9565
1990-01-31,0.986,0.986,0.986,0.986
1990-02-01,0.977,0.977,0.977,0.977
1990-02-02,1.0005,1.0005,1.0005,1.0005
1990-02-05,0.987,0.987,0.987,0.987
1990-02-06,0.992,0.992,0.992,0.992
1990-02-07,1.0005,1.0005,1.0005,1.0005
1990-02-08,0.9975,0.9975,0.9975,0.9975
1990-02-09,1.0125,1.0125,1.0125,1.0125
1990-02-12,0.999,0.999,0.999,0.999
1990-02-13,1.042,1.042,1.042,1.042
1990-02-14,1.057,1.057,1.057,1.057
1990-02-15,1.0705,1.0705,1.0705,1.0705
1990-02-16,1.1135,1.1135,1.1135,1.1135
1990-02-20,1.13,1.13,1.13,1.13
1990-02-21,1.142,1.142,1.142,1.142
1990-02-22,1.148,1.148,1.148,1.148
1990-02-23,1.14,1.14,1.14,1.14
1990-02-26,1.1385,1.1385,1.1385,1.1385
1990-02-27,1.0675,1.0675,1.0675,1.0675
1990-02-28,1.0825,1.0825,1.0825,1.0825
1990-03-01,1.092,1.092,1.092,1.092
1990-03-02,1.137,1.137,1.137,1.137
1990-03-05,1.168,1.168,1.168,1.168
1990-03-06,1.1535,1.1535,1.1535,1.1535
1990-03-07,1.1465,1.1465,1.1465,1.1465
1990-03-08,1.159,1.159,1.159,1.159
1990-03-09,1.155,1.155,1.155,1.155
1990-03-12,1.1495,1.1495,1.1495,1.1495
1990-03-13,1.127,1.127,1.127,1.127
1990-03-14,1.174,1.174,1.174,1.174
1990-03-15,1.1955,1.1955,1.1955,1.1955
1990-03-16,1.1975,1.1975,1.1975,1.1975
1990-03-19,1.191,1.191,1.191,1.191
1990-03-20,1.173,1.173,1.173,1.173
1990-03-21,1.212,1.212,1.212,1.212
1990-03-22,1.181,1.181,1.181,1.181
1990-03-23,1.179,1.179,1.179,1.179
1990-03-26,1.147,1.147,1.147,1.147
1990-03-27,1.1225,1.1225,1.1225,1.1225
1990-03-28,1.165,1.165,1.165,1.165
1990-03-29,1.179,1.179,1.179,1.179
1990-03-30,1.224,1.224,1.224,1.224
1990-04-02,1.209,1.209,1.209,1.209
1990-04-03,1.2485,1.2485,1.2485,1.2485
1990-04-04,1.2015,1.2015,1.2015,1.2015
1990-04-05,1.189,1.189,1.189,1.189
1990-04-06,1.211,1.211,1.211,1.211
1990-04-09,1.167,1.167,1.167,1.167
1990-04-10,1.1935,1.1935,1.1935,1.1935
1990-04-11,1.181,1.181,1.181,1.181
1990-04-12,1.1685,1.1685,1.1685,1.1685
1990-04-16,1.165,1.165,1.165,1.165
1990-04-17,1.1625,1.1625,1.1625,1.1625
1990-04-18,1.162,1.162,1.162,1.162
1990-04-19,1.166,1.166,1.166,1.166
1990-04-20,1.1255,1.1255,1.1255,1.1255
1990-04-23,1.121,1.121,1.121,1.121
1990-04-24,1.155,1.155,1.155,1.155
1990-04-25,1.2,1.2,1.2,1.2
1990-04-26,1.2,1.2,1.2,1.2
1990-04-27,1.116,1.116,1.116,1.116
1990-04-30,1.089,1.089,1.089,1.089
1990-05-01,1.133,1.133,1.133,1.133
1990-05-02,1.1215,1.1215,1.1215,1.1215
1990-05-03,1.116,1.116,1.116,1.116
1990-05-04,1.1125,1.1125,1.1125,1.1125
1990-05-07,1.0965,1.0965,1.0965,1.0965
1990-05-08,1.1215,1.1215,1.1215,1.1215
1990-05-09,1.175,1.175,1.175,1.175
1990-05-10,1.184,1.184,1.184,1.184
1990-05-11,1.1765,1.1765,1.1765,1.1765
1990-05-14,1.15,1.15,1.15,1.15
1990-05-15,1.141,1.141,1.141,1.141
1990-05-16,1.144,1.144,1.144,1.144
1990-05-17,1.149,1.149,1.149,1.149
1990-05-18,1.1485,1.1485,1.1485,1.1485
1990-05-21,1.1345,1.1345,1.1345,1.1345
1990-05-22,1.1615,1.1615,1.1615,1.1615
1990-05-23,1.1505,1.1505,1.1505,1.1505
1990-05-24,1.1655,1.1655,1.1655,1.1655
1990-05-25,1.1525,1.1525,1.1525,1.1525
1990-05-29,1.125,1.125,1.125,1.125
1990-05-30,1.115,1.115,1.115,1.115
1990-05-31,1.1085,1.1085,1.1085,1.1085
1990-06-01,1.118,1.118,1.118,1.118
1990-06-04,1.1115,1.1115,1.1115,1.1115
1990-06-05,1.131,1.131,1.131,1.131
1990-06-06,1.121,1.121,1.121,1.121
1990-06-07,1.1215,1.1215,1.1215,1.1215
1990-06-08,1.1175,1.1175,1.1175,1.1175
1990-06-11,1.0965,1.0965,1.0965,1.0965
1990-06-12,1.106,1.106,1.106,1.106
1990-06-13,1.096,1.096,1.096,1.096
1990-06-14,1.108,1.108,1.108,1.108
1990-06-15,1.118,1.118,1.118,1.118
1990-06-18,1.139,1.139,1.139,1.139
1990-06-19,1.13,1.13,1.13,1.13
1990-06-20,1.0985,1.0985,1.0985,1.0985
1990-06-21,1.106,1.106,1.106,1.106
1990-06-22,1.112,1.112,1.112,1.112
1990-06-25,1.089,1.089,1.089,1.089
1990-06-26,1.0835,1.0835,1.0835,1.0835
1990-06-27,1.1,1.1,1.1,1.1
1990-06-28,1.133,1.133,1.133,1.133
1990-06-29,1.14,1.14,1.14,1.14
1990-07-02,1.129,1.129,1.129,1.129
1990-07-03,1.131,1.131,1.131,1.131
1990-07-05,1.1605,1.1605,1.1605,1.1605
1990-07-06,1.182,1.182,1.182,1.182
1990-07-09,1.1735,1.1735,1.1735,1.1735
1990-07-10,1.1675,1.1675,1.1675,1.1675
1990-07-11,1.22,1.22,1.22,1.22
1990-07-12,1.2405,1.2405,1.2405,1.2405
1990-07-13,1.2295,1.2295,1.2295,1.2295
1990-07-16,1.22,1.22,1.22,1.22
1990-07-17,1.2,1.2,1.2,1.2
1990-07-18,1.193,1.193,1.193,1.193
1990-07-19,1.179,1.179,1.179,1.179
1990-07-20,1.198,1.198,1.198,1.198
1990-07-23,1.191,1.191,1.191,1.191
1990-07-24,1.204,1.204,1.204,1.204
1990-07-25,1.2165,1.2165,1.2165,1.2165
1990-07-26,1.229,1.229,1.229,1.229
1990-07-27,1.259,1.259,1.259,1.259
1990-07-30,1.2355,1.2355,1.2355,1.2355
1990-07-31,1.246,1.246,1.246,1.246
1990-08-01,1.2885,1.2885,1.2885,1.2885
1990-08-02,1.289,1.289,1.289,1.289
1990-08-03,1.255,1.255,1.255,1.255
1990-08-06,1.2635,1.2635,1.2635,1.2635
1990-08-07,1.273,1.273,1.273,1.273
1990-08-08,1.3095,1.3095,1.3095,1.3095
1990-08-09,1.3205,1.3205,1.3205,1.3205
1990-08-10,1.32,1.32,1.32,1.32
1990-08-13,1.301,1.301,1.301,1.301
1990-08-14,1.3285,1.3285,1.3285,1.3285
1990-08-15,1.3355,1.3355,1.3355,1.3355
1990-08-16,1.3265,1.3265,1.3265,1.3265
1990-08-17,1.333,1.333,1.333,1.333
1990-08-20,1.3195,1.3195,1.3195,1.3195
1990-08-21,1.3175,1.3175,1.3175,1.3175
1990-08-22,1.2915,1.2915,1.2915,1.2915
1990-08-23,1.2965,1.2965,1.2965,1.2965
1990-08-24,1.2905,1.2905,1.2905,1.2905
1990-08-27,1.3035,1.3035,1.3035,1.3035
1990-08-28,1.289,1.289,1.289,1.289
1990-08-29,1.297,1.297,1.297,1.297
1990-08-30,1.25,1.25,1.25,1.25
1990-08-31,1.248,1.248,1.248,1.248
1990-09-04,1.2375,1.2375,1.2375,1.2375
1990-09-05,1.222,1.222,1.222,1.222
1990-09-06,1.234,1.234,1.234,1.234
1990-09-07,1.3035,1.3035,1.3035,1.3035
1990-09-10,1.283,1.283,1.283,1.283
1990-09-11,1.2855,1.2855,1.2855,1.2855
1990-09-12,1.2875,1.2875,1.2875,1.2875
1990-09-13,1.2695,1.2695,1.2695,1.2695
1990-09-14,1.2825,1.2825,1.2825,1.2825
1990-09-17,1.2775,1.2775,1.2775,1.2775
1990-09-18,1.24,1.24,1.24,1.24
1990-09-19,1.1975,1.1975,1.1975,1.1975
1990-09-20,1.1775,1.1775,1.1775,1.1775
1990-09-21,1.1905,1.1905,1.1905,1.1905
1990-09-24,1.1805,1.1805,1.1805,1.1805
1990-09-25,1.175,1.175,1.175,1.175
1990-09-26,1.176,1.176,1.176,1.176
1990-09-27,1.1985,1.1985,1.1985,1.1985
1990-09-28,1.188,1.188,1.188,1.188
1990-10-01,1.17,1.17,1.17,1.17
1990-10-02,1.1835,1.1835,1.1835,1.1835
1990-10-03,1.21,1.21,1.21,1.21
1990-10-04,1.206,1.206,1.206,1.206
1990-10-05,1.2205,1.2205,1.2205,1.2205
1990-10-08,1.2065,1.2065,1.2065,1.2065
1990-10-09,1.181,1.181,1.181,1.181
1990-10-10,1.1935,1.1935,1.1935,1.1935
1990-10-11,1.1575,1.1575,1.1575,1.1575
1990-10-12,1.135,1.135,1.135,1.135
1990-10-15,1.1425,1.1425,1.1425,1.1425
1990-10-16,1.1335,1.1335,1.1335,1.1335
1990-10-17,1.121,1.121,1.121,1.121
1990-10-18,1.14,1.14,1.14,1.14
1990-10-19,1.175,1.175,1.175,1.175
1990-10-22,1.173,1.173,1.173,1.173
1990-10-23,1.2265,1.2265,1.2265,1.2265
1990-10-24,1.2045,1.2045,1.2045,1.2045
1990-10-25,1.198,1.198,1.198,1.198
1990-10-26,1.198,1.198,1.198,1.198
1990-10-29,1.172,1.172,1.172,1.172
1990-10-30,1.1565,1.1565,1.1565,1.1565
1990-10-31,1.1575,1.1575,1.1575,1.1575
1990-11-01,1.135,1.135,1.135,1.135
1990-11-02,1.156,1.156,1.156,1.156
1990-11-05,1.137,1.137,1.137,1.137
1990-11-06,1.1495,1.1495,1.1495,1.1495
1990-11-07,1.1495,1.1495,1.1495,1.1495
1990-11-08,1.138,1.138,1.138,1.138
1990-11-09,1.149,1.149,1.149,1.149
1990-11-12,1.1435,1.1435,1.1435,1.1435
1990-11-13,1.156,1.156,1.156,1.156
1990-11-14,1.151,1.151,1.151,1.151
1990-11-15,1.1645,1.1645,1.1645,1.1645
1990-11-16,1.1765,1.1765,1.1765,1.1765
1990-11-19,1.161,1.161,1.161,1.161
1990-11-20,1.1645,1.1645,1.1645,1.1645
1990-11-21,1.151,1.151,1.151,1.151
1990-11-23,1.155,1.155,1.155,1.155
1990-11-26,1.1645,1.1645,1.1645,1.1645
1990-11-27,1.123,1.123,1.123,1.123
1990-11-28,1.1225,1.1225,1.1225,1.1225
1990-11-29,1.0735,1.0735,1.0735,1.0735
1990-11-30,1.071,1.071,1.071,1.071
1990-12-03,1.073,1.073,1.073,1.073
1990-12-04,1.07,1.07,1.07,1.07
1990-12-05,1.0715,1.0715,1.0715,1.0715
1990-12-06,1.0855,1.0855,1.0855,1.0855
1990-12-07,1.06,1.06,1.06,1.06
1990-12-10,1.08,1.08,1.08,1.08
1990-12-11,1.075,1.075,1.075,1.075
1990-12-12,1.0895,1.0895,1.0895,1.0895
1990-12-13,1.0875,1.0875,1.0875,1.0875
1990-12-14,1.08,1.08,1.08,1.08
1990-12-17,1.085,1.085,1.085,1.085
1990-12-18,1.084,1.084,1.084,1.084
1990-12-19,1.089,1.089,1.089,1.089
1990-12-20,1.1005,1.1005,1.1005,1.1005
1990-12-21,1.1025,1.1025,1.1025,1.1025
1990-12-24,1.1025,1.1025,1.1025,1.1025
1990-12-26,1.111,1.111,1.111,1.111
1990-12-27,1.111,1.111,1.111,1.111
1990-12-28,1.141,1.141,1.141,1.141
1990-12-31,1.1685,1.1685,1.1685,1.1685
1991-01-02,1.193,1.193,1.193,1.193
1991-01-03,1.163,1.163,1.163,1.163
1991-01-04,1.159,1.159,1.159,1.159
1991-01-07,1.168,1.168,1.168,1.168
1991-01-08,1.145,1.145,1.145,1.145
1991-01-09,1.1345,1.1345,1.1345,1.1345
1991-01-10,1.131,1.131,1.131,1.131
1991-01-11,1.1285,1.1285,1.1285,1.1285
1991-01-14,1.106,1.106,1.106,1.106
1991-01-15,1.077,1.077,1.077,1.077
1991-01-16,1.0585,1.0585,1.0585,1.0585
1991-01-17,1.0925,1.0925,1.0925,1.0925
1991-01-18,1.0825,1.0825,1.0825,1.0825
1991-01-21,1.084,1.084,1.084,1.084
1991-01-22,1.0595,1.0595,1.0595,1.0595
1991-01-23,1.049,1.049,1.049,1.049
1991-01-24,1.031,1.031,1.031,1.031
1991-01-25,1.042,1.042,1.042,1.042
1991-01-28,1.055,1.055,1.055,1.055
1991-01-29,1.0535,1.0535,1.0535,1.0535
1991-01-30,1.067,1.067,1.067,1.067
1991-01-31,1.064,1.064,1.064,1.064
1991-02-01,1.067,1.067,1.067,1.067
1991-02-04,1.058,1.058,1.058,1.058
1991-02-05,1.0675,1.0675,1.0675,1.0675
1991-02-06,1.078,1.078,1.078,1.078
1991-02-07,1.0745,1.0745,1.0745,1.0745
1991-02-08,1.0945,1.0945,1.0945,1.0945
1991-02-11,1.101,1.101,1.101,1.101
1991-02-12,1.1,1.1,1.1,1.1
1991-02-13,1.1095,1.1095,1.1095,1.1095
1991-02-14,1.096,1.096,1.096,1.096
1991-02-15,1.108,1.108,1.108,1.108
1991-02-19,1.1005,1.1005,1.1005,1.1005
1991-02-20,1.094,1.094,1.094,1.094
1991-02-21,1.1115,1.1115,1.1115,1.1115
1991-02-22,1.1055,1.1055,1.1055,1.1055
1991-02-25,1.136,1.136,1.136,1.136
1991-02-26,1.125,1.125,1.125,1.125
1991-02-27,1.1045,1.1045,1.1045,1.1045
1991-02-28,1.115,1.115,1.115,1.115
1991-03-01,1.109,1.109,1.109,1.109
1991-03-04,1.0995,1.0995,1.0995,1.0995
1991-03-05,1.0975,1.0975,1.0975,1.0975
1991-03-06,1.097,1.097,1.097,1.097
1991-03-07,1.096,1.096,1.096,1.096
1991-03-08,1.0985,1.0985,1.0985,1.0985
1991-03-11,1.075,1.075,1.075,1.075
1991-03-12,1.0825,1.0825,1.0825,1.0825
1991-03-13,1.077,1.077,1.077,1.077
1991-03-14,1.073,1.073,1.073,1.073
1991-03-15,1.071,1.071,1.071,1.071
1991-03-18,1.0605,1.0605,1.0605,1.0605
1991-03-19,1.0595,1.0595,1.0595,1.0595
1991-03-20,1.063,1.063,1.063,1.063
1991-03-21,1.0745,1.0745,1.0745,1.0745
1991-03-22,1.066,1.066,1.066,1.066
1991-03-25,1.062,1.062,1.062,1.062
1991-03-26,1.069,1.069,1.069,1.069
1991-03-27,1.063,1.063,1.063,1.063
1991-03-28,1.062,1.062,1.062,1.062
1991-04-01,1.063,1.063,1.063,1.063
1991-04-02,1.097,1.097,1.097,1.097
1991-04-03,1.09,1.09,1.09,1.09
1991-04-04,1.0935,1.0935,1.0935,1.0935
1991-04-05,1.084,1.084,1.084,1.084
1991-04-08,1.076,1.076,1.076,1.076
1991-04-09,1.0715,1.0715,1.0715,1.0715
1991-04-10,1.09,1.09,1.09,1.09
1991-04-11,1.087,1.087,1.087,1.087
1991-04-12,1.087,1.087,1.087,1.087
1991-04-15,1.083,1.083,1.083,1.083
1991-04-16,1.0855,1.0855,1.0855,1.0855
1991-04-17,1.11,1.11,1.11,1.11
1991-04-18,1.114,1.114,1.114,1.114
1991-04-19,1.1085,1.1085,1.1085,1.1085
1991-04-22,1.1025,1.1025,1.1025,1.1025
1991-04-23,1.087,1.087,1.087,1.087
1991-04-24,1.0905,1.0905,1.0905,1.0905
1991-04-25,1.08,1.08,1.08,1.08
1991-04-26,1.0725,1.0725,1.0725,1.0725
1991-04-29,1.074,1.074,1.074,1.074
1991-04-30,1.051,1.051,1.051,1.051
1991-05-01,1.0505,1.0505,1.0505,1.0505
1991-05-02,1.0545,1.0545,1.0545,1.0545
1991-05-03,1.0205,1.0205,1.0205,1.0205
1991-05-06,1.012,1.012,1.012,1.012
1991-05-07,1.021,1.021,1.021,1.021
1991-05-08,1.025,1.025,1.025,1.025
1991-05-09,1.022,1.022,1.022,1.022
1991-05-10,1.0225,1.0225,1.0225,1.0225
1991-05-13,0.9925,0.9925,0.9925,0.9925
1991-05-14,0.975,0.975,0.975,0.975
1991-05-15,0.989,0.989,0.989,0.989
1991-05-16,0.982,0.982,0.982,0.982
1991-05-17,0.98,0.98,0.98,0.98
1991-05-20,0.988,0.988,0.988,0.988
1991-05-21,0.995,0.995,0.995,0.995
1991-05-22,0.9855,0.9855,0.9855,0.9855
1991-05-23,0.992,0.992,0.992,0.992
1991-05-24,0.991,0.991,0.991,0.991
1991-05-28,0.992,0.992,0.992,0.992
1991-05-29,0.982,0.982,0.982,0.982
1991-05-30,0.9665,0.9665,0.9665,0.9665
1991-05-31,0.9685,0.9685,0.9685,0.9685
1991-06-03,0.973,0.973,0.973,0.973
1991-06-04,0.994,0.994,0.994,0.994
1991-06-05,1.012,1.012,1.012,1.012
1991-06-06,0.997,0.997,0.997,0.997
1991-06-07,0.996,0.996,0.996,0.996
1991-06-10,0.992,0.992,0.992,0.992
1991-06-11,1.007,1.007,1.007,1.007
1991-06-12,0.9875,0.9875,0.9875,0.9875
1991-06-13,0.9915,0.9915,0.9915,0.9915
1991-06-14,0.9895,0.9895,0.9895,0.9895
1991-06-17,0.9875,0.9875,0.9875,0.9875
1991-06-18,0.9905,0.9905,0.9905,0.9905
1991-06-19,0.9925,0.9925,0.9925,0.9925
1991-06-20,1.008,1.008,1.008,1.008
1991-06-21,1.009,1.009,1.009,1.009
1991-06-24,1,1,1,1
1991-06-25,1.0155,1.0155,1.0155,1.0155
1991-06-26,1.0205,1.0205,1.0205,1.0205
1991-06-27,0.991,0.991,0.991,0.991
1991-06-28,1.0015,1.0015,1.0015,1.0015
1991-07-01,1.012,1.012,1.012,1.012
1991-07-02,1.0345,1.0345,1.0345,1.0345
1991-07-03,1.0155,1.0155,1.0155,1.0155
1991-07-08,1.0155,1.0155,1.0155,1.0155
1991-07-09,1.008,1.008,1.008,1.008
1991-07-10,0.991,0.991,0.991,0.991
1991-07-11,0.979,0.979,0.979,0.979
1991-07-12,0.985,0.985,0.985,0.985
1991-07-15,0.9825,0.9825,0.9825,0.9825
1991-07-16,0.9865,0.9865,0.9865,0.9865
1991-07-17,0.992,0.992,0.992,0.992
1991-07-18,0.9875,0.9875,0.9875,0.9875
1991-07-19,0.998,0.998,0.998,0.998
1991-07-22,0.996,0.996,0.996,0.996
1991-07-23,0.995,0.995,0.995,0.995
1991-07-24,0.9905,0.9905,0.9905,0.9905
1991-07-25,0.9985,0.9985,0.9985,0.9985
1991-07-26,1.0115,1.0115,1.0115,1.0115
1991-07-29,1.007,1.007,1.007,1.007
1991-07-30,1.004,1.004,1.004,1.004
1991-07-31,1.013,1.013,1.013,1.013
1991-08-01,1.008,1.008,1.008,1.008
1991-08-02,1.0075,1.0075,1.0075,1.0075
1991-08-05,1.0145,1.0145,1.0145,1.0145
1991-08-06,1.008,1.008,1.008,1.008
1991-08-07,1.0255,1.0255,1.0255,1.0255
1991-08-08,1.0235,1.0235,1.0235,1.0235
1991-08-09,1.029,1.029,1.029,1.029
1991-08-12,1.008,1.008,1.008,1.008
1991-08-13,1.0135,1.0135,1.0135,1.0135
1991-08-14,1.008,1.008,1.008,1.008
1991-08-15,1.0085,1.0085,1.0085,1.0085
1991-08-16,0.9965,0.9965,0.9965,0.9965
1991-08-19,0.9915,0.9915,0.9915,0.9915
1991-08-20,0.991,0.991,0.991,0.991
1991-08-21,1.0065,1.0065,1.0065,1.0065
1991-08-22,1.008,1.008,1.008,1.008
1991-08-23,1.011,1.011,1.011,1.011
1991-08-26,1.0115,1.0115,1.0115,1.0115
1991-08-27,1.029,1.029,1.029,1.029
1991-08-28,1.0365,1.0365,1.0365,1.0365
1991-08-29,1.0285,1.0285,1.0285,1.0285
1991-08-30,1.0315,1.0315,1.0315,1.0315
1991-09-03,1.033,1.033,1.033,1.033
1991-09-04,1.024,1.024,1.024,1.024
1991-09-05,1.0295,1.0295,1.0295,1.0295
1991-09-06,1.055,1.055,1.055,1.055
1991-09-09,1.047,1.047,1.047,1.047
1991-09-10,1.049,1.049,1.049,1.049
1991-09-11,1.0475,1.0475,1.0475,1.0475
1991-09-12,1.0465,1.0465,1.0465,1.0465
1991-09-13,1.0435,1.0435,1.0435,1.0435
1991-09-16,1.0315,1.0315,1.0315,1.0315
1991-09-17,1.015,1.015,1.015,1.015
1991-09-18,1.0295,1.0295,1.0295,1.0295
1991-09-19,1.032,1.032,1.032,1.032
1991-09-20,1.054,1.054,1.054,1.054
1991-09-23,1.051,1.051,1.051,1.051
1991-09-24,1.0435,1.0435,1.0435,1.0435
1991-09-25,1.0665,1.0665,1.0665,1.0665
1991-09-26,1.063,1.063,1.063,1.063
1991-09-27,1.066,1.066,1.066,1.066
1991-09-30,1.048,1.048,1.048,1.048
1991-10-01,1.05,1.05,1.05,1.05
1991-10-02,1.0445,1.0445,1.0445,1.0445
1991-10-03,1.0515,1.0515,1.0515,1.0515
1991-10-04,1.051,1.051,1.051,1.051
1991-10-07,1.0355,1.0355,1.0355,1.0355
1991-10-08,1.06,1.06,1.06,1.06
1991-10-09,1.0645,1.0645,1.0645,1.0645
1991-10-10,1.0485,1.0485,1.0485,1.0485
1991-10-11,1.0555,1.0555,1.0555,1.0555
1991-10-14,1.042,1.042,1.042,1.042
1991-10-15,1.041,1.041,1.041,1.041
1991-10-16,1.0465,1.0465,1.0465,1.0465
1991-10-17,1.0595,1.0595,1.0595,1.0595
1991-10-18,1.0495,1.0495,1.0495,1.0495
1991-10-21,1.048,1.048,1.048,1.048
1991-10-22,1.049,1.049,1.049,1.049
1991-10-23,1.0535,1.0535,1.0535,1.0535
1991-10-24,1.0525,1.0525,1.0525,1.0525
1991-10-25,1.052,1.052,1.052,1.052
1991-10-28,1.0615,1.0615,1.0615,1.0615
1991-10-29,1.0785,1.0785,1.0785,1.0785
1991-10-30,1.0795,1.0795,1.0795,1.0795
1991-10-31,1.066,1.066,1.066,1.066
1991-11-01,1.0665,1.0665,1.0665,1.0665
1991-11-04,1.0715,1.0715,1.0715,1.0715
1991-11-05,1.0655,1.0655,1.0655,1.0655
1991-11-06,1.0645,1.0645,1.0645,1.0645
1991-11-07,1.0585,1.0585,1.0585,1.0585
1991-11-08,1.054,1.054,1.054,1.054
1991-11-11,1.04,1.04,1.04,1.04
1991-11-12,1.046,1.046,1.046,1.046
1991-11-13,1.0435,1.0435,1.0435,1.0435
1991-11-14,1.0625,1.0625,1.0625,1.0625
1991-11-15,1.0625,1.0625,1.0625,1.0625
1991-11-18,1.051,1.051,1.051,1.051
1991-11-19,1.0375,1.0375,1.0375,1.0375
1991-11-20,1.036,1.036,1.036,1.036
1991-11-21,1.0345,1.0345,1.0345,1.0345
1991-11-22,1.031,1.031,1.031,1.031
1991-11-25,1.0435,1.0435,1.0435,1.0435
1991-11-26,1.0465,1.0465,1.0465,1.0465
1991-11-27,1.0425,1.0425,1.0425,1.0425
1991-11-29,1.01,1.01,1.01,1.01
1991-12-02,1.002,1.002,1.002,1.002
1991-12-03,1.003,1.003,1.003,1.003
1991-12-04,0.996,0.996,0.996,0.996
1991-12-05,0.9845,0.9845,0.9845,0.9845
1991-12-06,0.985,0.985,0.985,0.985
1991-12-09,0.981,0.981,0.981,0.981
1991-12-10,0.966,0.966,0.966,0.966
1991-12-11,0.974,0.974,0.974,0.974
1991-12-12,0.973,0.973,0.973,0.973
1991-12-13,0.9745,0.9745,0.9745,0.9745
1991-12-16,0.9755,0.9755,0.9755,0.9755
1991-12-17,0.978,0.978,0.978,0.978
1991-12-18,0.9795,0.9795,0.9795,0.9795
1991-12-19,0.9705,0.9705,0.9705,0.9705
1991-12-20,0.9695,0.9695,0.9695,0.9695
1991-12-23,0.978,0.978,0.978,0.978
1991-12-24,0.985,0.985,0.985,0.985
1991-12-26,0.988,0.988,0.988,0.988
1991-12-27,0.992,0.992,0.992,0.992
1991-12-30,0.9845,0.9845,0.9845,0.9845
1991-12-31,0.9755,0.9755,0.9755,0.9755
1992-01-02,0.957,0.957,0.957,0.957
1992-01-03,0.9605,0.9605,0.9605,0.9605
1992-01-06,0.9605,0.9605,0.9605,0.9605
1992-01-07,0.9515,0.9515,0.9515,0.9515
1992-01-08,0.9455,0.9455,0.9455,0.9455
1992-01-09,0.9435,0.9435,0.9435,0.9435
1992-01-10,0.9505,0.9505,0.9505,0.9505
1992-01-13,0.948,0.948,0.948,0.948
1992-01-14,0.947,0.947,0.947,0.947
1992-01-15,0.9585,0.9585,0.9585,0.9585
1992-01-16,0.9705,0.9705,0.9705,0.9705
1992-01-17,0.973,0.973,0.973,0.973
1992-01-20,0.9715,0.9715,0.9715,0.9715
1992-01-21,0.9695,0.9695,0.9695,0.9695
1992-01-22,0.976,0.976,0.976,0.976
1992-01-23,0.97,0.97,0.97,0.97
1992-01-24,0.989,0.989,0.989,0.989
1992-01-27,0.984,0.984,0.984,0.984
1992-01-28,0.99,0.99,0.99,0.99
1992-01-29,0.991,0.991,0.991,0.991
1992-01-30,0.99,0.99,0.99,0.99
1992-01-31,0.986,0.986,0.986,0.986
1992-02-03,0.976,0.976,0.976,0.976
1992-02-04,0.9755,0.9755,0.9755,0.9755
1992-02-05,0.983,0.983,0.983,0.983
1992-02-06,0.9815,0.9815,0.9815,0.9815
1992-02-07,0.9845,0.9845,0.9845,0.9845
1992-02-10,0.9825,0.9825,0.9825,0.9825
1992-02-11,0.986,0.986,0.986,0.986
1992-02-12,1.0165,1.0165,1.0165,1.0165
1992-02-13,1.019,1.019,1.019,1.019
1992-02-14,1.024,1.024,1.024,1.024
1992-02-18,1.0225,1.0225,1.0225,1.0225
1992-02-19,1.0095,1.0095,1.0095,1.0095
1992-02-20,1.0155,1.0155,1.0155,1.0155
1992-02-21,1.011,1.011,1.011,1.011
1992-02-24,1.0215,1.0215,1.0215,1.0215
1992-02-25,1.02,1.02,1.02,1.02
1992-02-26,1.0295,1.0295,1.0295,1.0295
1992-02-27,1.033,1.033,1.033,1.033
1992-02-28,1.032,1.032,1.032,1.032
1992-03-02,1.024,1.024,1.024,1.024
1992-03-03,1.0215,1.0215,1.0215,1.0215
1992-03-04,1.0245,1.0245,1.0245,1.0245
1992-03-05,1.0175,1.0175,1.0175,1.0175
1992-03-06,1.0115,1.0115,1.0115,1.0115
1992-03-09,1.009,1.009,1.009,1.009
1992-03-10,1.0205,1.0205,1.0205,1.0205
1992-03-11,1.012,1.012,1.012,1.012
1992-03-12,1.0085,1.0085,1.0085,1.0085
1992-03-13,1.011,1.011,1.011,1.011
1992-03-16,1.009,1.009,1.009,1.009
1992-03-17,1.019,1.019,1.019,1.019
1992-03-18,1.0195,1.0195,1.0195,1.0195
1992-03-19,1.0195,1.0195,1.0195,1.0195
1992-03-20,1.008,1.008,1.008,1.008
1992-03-23,1.0125,1.0125,1.0125,1.0125
1992-03-24,1.014,1.014,1.014,1.014
1992-03-25,1.0105,1.0105,1.0105,1.0105
1992-03-26,1.013,1.013,1.013,1.013
1992-03-27,1.012,1.012,1.012,1.012
1992-03-30,1.013,1.013,1.013,1.013
1992-03-31,1.0165,1.0165,1.0165,1.0165
1992-04-01,1.027,1.027,1.027,1.027
1992-04-02,1.035,1.035,1.035,1.035
1992-04-03,1.0305,1.0305,1.0305,1.0305
1992-04-06,1.027,1.027,1.027,1.027
1992-04-07,1.024,1.024,1.024,1.024
1992-04-08,1.0035,1.0035,1.0035,1.0035
1992-04-09,1.0075,1.0075,1.0075,1.0075
1992-04-10,0.999,0.999,0.999,0.999
1992-04-13,0.9935,0.9935,0.9935,0.9935
1992-04-14,0.994,0.994,0.994,0.994
1992-04-15,0.9955,0.9955,0.9955,0.9955
1992-04-16,0.9895,0.9895,0.9895,0.9895
1992-04-20,0.9855,0.9855,0.9855,0.9855
1992-04-21,0.995,0.995,0.995,0.995
1992-04-22,0.9955,0.9955,0.9955,0.9955
1992-04-23,1.001,1.001,1.001,1.001
1992-04-24,1.0015,1.0015,1.0015,1.0015
1992-04-27,0.9975,0.9975,0.9975,0.9975
1992-04-28,1.002,1.002,1.002,1.002
1992-04-29,1.0005,1.0005,1.0005,1.0005
1992-04-30,1.0045,1.0045,1.0045,1.0045
1992-05-01,0.998,0.998,0.998,0.998
1992-05-04,1.005,1.005,1.005,1.005
1992-05-05,1.0005,1.0005,1.0005,1.0005
1992-05-06,1.0045,1.0045,1.0045,1.0045
1992-05-07,1.012,1.012,1.012,1.012
1992-05-08,1.0125,1.0125,1.0125,1.0125
1992-05-11,1.014,1.014,1.014,1.014
1992-05-12,1.011,1.011,1.011,1.011
1992-05-13,1.007,1.007,1.007,1.007
1992-05-14,1.0035,1.0035,1.0035,1.0035
1992-05-15,1.005,1.005,1.005,1.005
1992-05-18,1.006,1.006,1.006,1.006
1992-05-19,1.0115,1.0115,1.0115,1.0115
1992-05-20,1.0095,1.0095,1.0095,1.0095
1992-05-21,1.011,1.011,1.011,1.011
1992-05-22,1.0135,1.0135,1.0135,1.0135
1992-05-26,1.011,1.011,1.011,1.011
1992-05-27,1.008,1.008,1.008,1.008
1992-05-28,1.0085,1.0085,1.0085,1.0085
1992-05-29,1.011,1.011,1.011,1.011
1992-06-01,1.023,1.023,1.023,1.023
1992-06-02,1.0235,1.0235,1.0235,1.0235
1992-06-03,1.021,1.021,1.021,1.021
1992-06-04,1.044,1.044,1.044,1.044
1992-06-05,1.042,1.042,1.042,1.042
1992-06-08,1.0385,1.0385,1.0385,1.0385
1992-06-09,1.04,1.04,1.04,1.04
1992-06-10,1.033,1.033,1.033,1.033
1992-06-11,1.0295,1.0295,1.0295,1.0295
1992-06-12,1.034,1.034,1.034,1.034
1992-06-15,1.0345,1.0345,1.0345,1.0345
1992-06-16,1.0355,1.0355,1.0355,1.0355
1992-06-17,1.042,1.042,1.042,1.042
1992-06-18,1.044,1.044,1.044,1.044
1992-06-19,1.0475,1.0475,1.0475,1.0475
1992-06-22,1.044,1.044,1.044,1.044
1992-06-23,1.048,1.048,1.048,1.048
1992-06-24,1.0685,1.0685,1.0685,1.0685
1992-06-25,1.077,1.077,1.077,1.077
1992-06-26,1.0735,1.0735,1.0735,1.0735
1992-06-29,1.108,1.108,1.108,1.108
1992-06-30,1.097,1.097,1.097,1.097
1992-07-01,1.0985,1.0985,1.0985,1.0985
1992-07-02,1.12,1.12,1.12,1.12
1992-07-06,1.1165,1.1165,1.1165,1.1165
1992-07-07,1.133,1.133,1.133,1.133
1992-07-08,1.1305,1.1305,1.1305,1.1305
1992-07-09,1.1155,1.1155,1.1155,1.1155
1992-07-10,1.1345,1.1345,1.1345,1.1345
1992-07-13,1.1275,1.1275,1.1275,1.1275
1992-07-14,1.144,1.144,1.144,1.144
1992-07-15,1.158,1.158,1.158,1.158
1992-07-16,1.1635,1.1635,1.1635,1.1635
1992-07-17,1.152,1.152,1.152,1.152
1992-07-20,1.15,1.15,1.15,1.15
1992-07-21,1.155,1.155,1.155,1.155
1992-07-22,1.1515,1.1515,1.1515,1.1515
1992-07-23,1.155,1.155,1.155,1.155
1992-07-24,1.153,1.153,1.153,1.153
1992-07-27,1.1475,1.1475,1.1475,1.1475
1992-07-28,1.149,1.149,1.149,1.149
1992-07-29,1.1395,1.1395,1.1395,1.1395
1992-07-30,1.1335,1.1335,1.1335,1.1335
1992-07-31,1.125,1.125,1.125,1.125
1992-08-03,1.1205,1.1205,1.1205,1.1205
1992-08-04,1.126,1.126,1.126,1.126
1992-08-05,1.1305,1.1305,1.1305,1.1305
1992-08-06,1.1335,1.1335,1.1335,1.1335
1992-08-07,1.138,1.138,1.138,1.138
1992-08-10,1.1265,1.1265,1.1265,1.1265
1992-08-11,1.1265,1.1265,1.1265,1.1265
1992-08-12,1.1135,1.1135,1.1135,1.1135
1992-08-13,1.1165,1.1165,1.1165,1.1165
1992-08-14,1.113,1.113,1.113,1.113
1992-08-17,1.154,1.154,1.154,1.154
1992-08-18,1.149,1.149,1.149,1.149
1992-08-19,1.1455,1.1455,1.1455,1.1455
1992-08-20,1.1365,1.1365,1.1365,1.1365
1992-08-21,1.133,1.133,1.133,1.133
1992-08-24,1.137,1.137,1.137,1.137
1992-08-25,1.123,1.123,1.123,1.123
1992-08-26,1.115,1.115,1.115,1.115
1992-08-27,1.1145,1.1145,1.1145,1.1145
1992-08-28,1.112,1.112,1.112,1.112
1992-08-31,1.1085,1.1085,1.1085,1.1085
1992-09-01,1.125,1.125,1.125,1.125
1992-09-02,1.1245,1.1245,1.1245,1.1245
1992-09-03,1.1125,1.1125,1.1125,1.1125
1992-09-04,1.125,1.125,1.125,1.125
1992-09-08,1.1045,1.1045,1.1045,1.1045
1992-09-09,1.098,1.098,1.098,1.098
1992-09-10,1.0695,1.0695,1.0695,1.0695
1992-09-11,1.07,1.07,1.07,1.07
1992-09-14,1.0845,1.0845,1.0845,1.0845
1992-09-15,1.079,1.079,1.079,1.079
1992-09-16,1.084,1.084,1.084,1.084
1992-09-17,1.0845,1.0845,1.0845,1.0845
1992-09-18,1.088,1.088,1.088,1.088
1992-09-21,1.084,1.084,1.084,1.084
1992-09-22,1.0705,1.0705,1.0705,1.0705
1992-09-23,1.067,1.067,1.067,1.067
1992-09-24,1.0745,1.0745,1.0745,1.0745
1992-09-25,1.067,1.067,1.067,1.067
1992-09-28,1.048,1.048,1.048,1.048
1992-09-29,1.053,1.053,1.053,1.053
1992-09-30,1.0475,1.0475,1.0475,1.0475
1992-10-01,1.033,1.033,1.033,1.033
1992-10-02,1.014,1.014,1.014,1.014
1992-10-05,1.0145,1.0145,1.0145,1.0145
1992-10-06,1.0255,1.0255,1.0255,1.0255
1992-10-07,1.017,1.017,1.017,1.017
1992-10-08,1.015,1.015,1.015,1.015
1992-10-09,1.016,1.016,1.016,1.016
1992-10-12,1.0045,1.0045,1.0045,1.0045
1992-10-13,1.0005,1.0005,1.0005,1.0005
1992-10-14,1,1,1,1
1992-10-15,1.006,1.006,1.006,1.006
1992-10-16,1,1,1,1
1992-10-19,0.996,0.996,0.996,0.996
1992-10-20,1.0045,1.0045,1.0045,1.0045
1992-10-21,1.0075,1.0075,1.0075,1.0075
1992-10-22,1.0005,1.0005,1.0005,1.0005
1992-10-23,0.991,0.991,0.991,0.991
1992-10-26,1.001,1.001,1.001,1.001
1992-10-27,1.005,1.005,1.005,1.005
1992-10-28,1.012,1.012,1.012,1.012
1992-10-29,1.0195,1.0195,1.0195,1.0195
1992-10-30,1.014,1.014,1.014,1.014
1992-11-02,0.9945,0.9945,0.9945,0.9945
1992-11-03,0.9965,0.9965,0.9965,0.9965
1992-11-04,0.9915,0.9915,0.9915,0.9915
1992-11-05,0.978,0.978,0.978,0.978
1992-11-06,0.9635,0.9635,0.9635,0.9635
1992-11-09,0.948,0.948,0.948,0.948
1992-11-10,0.956,0.956,0.956,0.956
1992-11-11,0.966,0.966,0.966,0.966
1992-11-12,0.954,0.954,0.954,0.954
1992-11-13,0.947,0.947,0.947,0.947
1992-11-16,0.959,0.959,0.959,0.959
1992-11-17,0.9565,0.9565,0.9565,0.9565
1992-11-18,0.9555,0.9555,0.9555,0.9555
1992-11-19,0.955,0.955,0.955,0.955
1992-11-20,0.954,0.954,0.954,0.954
1992-11-23,0.9555,0.9555,0.9555,0.9555
1992-11-24,0.9555,0.9555,0.9555,0.9555
1992-11-25,0.9585,0.9585,0.9585,0.9585
1992-11-27,0.996,0.996,0.996,0.996
1992-11-30,0.99,0.99,0.99,0.99
1992-12-01,0.9785,0.9785,0.9785,0.9785
1992-12-02,0.983,0.983,0.983,0.983
1992-12-03,0.9775,0.9775,0.9775,0.9775
1992-12-04,0.9815,0.9815,0.9815,0.9815
1992-12-07,0.9995,0.9995,0.9995,0.9995
1992-12-08,0.9945,0.9945,0.9945,0.9945
1992-12-09,0.9905,0.9905,0.9905,0.9905
1992-12-10,0.984,0.984,0.984,0.984
1992-12-11,0.987,0.987,0.987,0.987
1992-12-14,0.9895,0.9895,0.9895,0.9895
1992-12-15,0.9985,0.9985,0.9985,0.9985
1992-12-16,0.9965,0.9965,0.9965,0.9965
1992-12-17,0.9955,0.9955,0.9955,0.9955
1992-12-18,1.0045,1.0045,1.0045,1.0045
1992-12-21,1.0205,1.0205,1.0205,1.0205
1992-12-22,1.023,1.023,1.023,1.023
1992-12-23,1.0115,1.0115,1.0115,1.0115
1992-12-24,1.024,1.024,1.024,1.024
1992-12-28,1.02,1.02,1.02,1.02
1992-12-29,1.027,1.027,1.027,1.027
1992-12-30,1.0285,1.0285,1.0285,1.0285
1992-12-31,1.036,1.036,1.036,1.036
1993-01-04,1.064,1.064,1.064,1.064
1993-01-05,1.0605,1.0605,1.0605,1.0605
1993-01-06,1.0595,1.0595,1.0595,1.0595
1993-01-07,1.0615,1.0615,1.0615,1.0615
1993-01-08,1.076,1.076,1.076,1.076
1993-01-11,1.0405,1.0405,1.0405,1.0405
1993-01-12,0.9755,0.9755,0.9755,0.9755
1993-01-13,0.9865,0.9865,0.9865,0.9865
1993-01-14,0.99,0.99,0.99,0.99
1993-01-15,0.988,0.988,0.988,0.988
1993-01-18,0.986,0.986,0.986,0.986
1993-01-19,0.992,0.992,0.992,0.992
1993-01-20,0.9895,0.9895,0.9895,0.9895
1993-01-21,0.992,0.992,0.992,0.992
1993-01-22,0.994,0.994,0.994,0.994
1993-01-25,0.9955,0.9955,0.9955,0.9955
1993-01-26,1.0045,1.0045,1.0045,1.0045
1993-01-27,1.006,1.006,1.006,1.006
1993-01-28,1.0035,1.0035,1.0035,1.0035
1993-01-29,0.9895,0.9895,0.9895,0.9895
1993-02-01,0.9895,0.9895,0.9895,0.9895
1993-02-02,0.992,0.992,0.992,0.992
1993-02-03,0.9925,0.9925,0.9925,0.9925
1993-02-04,0.9995,0.9995,0.9995,0.9995
1993-02-05,0.999,0.999,0.999,0.999
1993-02-08,1.005,1.005,1.005,1.005
1993-02-09,0.997,0.997,0.997,0.997
1993-02-10,0.9895,0.9895,0.9895,0.9895
1993-02-11,0.9925,0.9925,0.9925,0.9925
1993-02-12,0.985,0.985,0.985,0.985
1993-02-16,0.9875,0.9875,0.9875,0.9875
1993-02-17,0.9895,0.9895,0.9895,0.9895
1993-02-18,0.99,0.99,0.99,0.99
1993-02-19,0.9875,0.9875,0.9875,0.9875
1993-02-22,0.987,0.987,0.987,0.987
1993-02-23,0.9765,0.9765,0.9765,0.9765
1993-02-24,0.9585,0.9585,0.9585,0.9585
1993-02-25,0.9575,0.9575,0.9575,0.9575
1993-02-26,0.9595,0.9595,0.9595,0.9595
1993-03-01,0.944,0.944,0.944,0.944
1993-03-02,0.948,0.948,0.948,0.948
1993-03-03,0.955,0.955,0.955,0.955
1993-03-04,0.9475,0.9475,0.9475,0.9475
1993-03-05,0.955,0.955,0.955,0.955
1993-03-08,0.957,0.957,0.957,0.957
1993-03-09,0.9525,0.9525,0.9525,0.9525
1993-03-10,0.963,0.963,0.963,0.963
1993-03-11,0.977,0.977,0.977,0.977
1993-03-12,0.9865,0.9865,0.9865,0.9865
1993-03-15,0.967,0.967,0.967,0.967
1993-03-16,0.971,0.971,0.971,0.971
1993-03-17,0.965,0.965,0.965,0.965
1993-03-18,0.9745,0.9745,0.9745,0.9745
1993-03-19,0.9775,0.9775,0.9775,0.9775
1993-03-22,0.9775,0.9775,0.9775,0.9775
1993-03-23,0.977,0.977,0.977,0.977
1993-03-24,0.97,0.97,0.97,0.97
1993-03-25,0.9765,0.9765,0.9765,0.9765
1993-03-26,0.9605,0.9605,0.9605,0.9605
1993-03-29,0.959,0.959,0.959,0.959
1993-03-30,0.962,0.962,0.962,0.962
1993-03-31,0.962,0.962,0.962,0.962
1993-04-01,0.963,0.963,0.963,0.963
1993-04-02,0.9525,0.9525,0.9525,0.9525
1993-04-05,0.9455,0.9455,0.9455,0.9455
1993-04-06,0.925,0.925,0.925,0.925
1993-04-07,0.883,0.883,0.883,0.883
1993-04-08,0.8935,0.8935,0.8935,0.8935
1993-04-12,0.903,0.903,0.903,0.903
1993-04-13,0.905,0.905,0.905,0.905
1993-04-14,0.886,0.886,0.886,0.886
1993-04-15,0.874,0.874,0.874,0.874
1993-04-16,0.839,0.839,0.839,0.839
1993-04-19,0.8435,0.8435,0.8435,0.8435
1993-04-20,0.8165,0.8165,0.8165,0.8165
1993-04-21,0.828,0.828,0.828,0.828
1993-04-22,0.834,0.834,0.834,0.834
1993-04-23,0.85,0.85,0.85,0.85
1993-04-26,0.8495,0.8495,0.8495,0.8495
1993-04-27,0.8475,0.8475,0.8475,0.8475
1993-04-28,0.8325,0.8325,0.8325,0.8325
1993-04-29,0.8335,0.8335,0.8335,0.8335
1993-04-30,0.845,0.845,0.845,0.845
1993-05-03,0.834,0.834,0.834,0.834
1993-05-04,0.817,0.817,0.817,0.817
1993-05-05,0.8155,0.8155,0.8155,0.8155
1993-05-06,0.7815,0.7815,0.7815,0.7815
1993-05-07,0.7755,0.7755,0.7755,0.7755
1993-05-10,0.7825,0.7825,0.7825,0.7825
1993-05-11,0.796,0.796,0.796,0.796
1993-05-12,0.8225,0.8225,0.8225,0.8225
1993-05-13,0.832,0.832,0.832,0.832
1993-05-14,0.7965,0.7965,0.7965,0.7965
1993-05-17,0.7945,0.7945,0.7945,0.7945
1993-05-18,0.804,0.804,0.804,0.804
1993-05-19,0.808,0.808,0.808,0.808
1993-05-20,0.8255,0.8255,0.8255,0.8255
1993-05-21,0.8225,0.8225,0.8225,0.8225
1993-05-24,0.8165,0.8165,0.8165,0.8165
1993-05-25,0.8235,0.8235,0.8235,0.8235
1993-05-26,0.822,0.822,0.822,0.822
1993-05-27,0.7955,0.7955,0.7955,0.7955
1993-05-28,0.7985,0.7985,0.7985,0.7985
1993-06-01,0.804,0.804,0.804,0.804
1993-06-02,0.814,0.814,0.814,0.814
1993-06-03,0.843,0.843,0.843,0.843
1993-06-04,0.8145,0.8145,0.8145,0.8145
1993-06-07,0.8175,0.8175,0.8175,0.8175
1993-06-08,0.817,0.817,0.817,0.817
1993-06-09,0.831,0.831,0.831,0.831
1993-06-10,0.8215,0.8215,0.8215,0.8215
1993-06-11,0.827,0.827,0.827,0.827
1993-06-14,0.827,0.827,0.827,0.827
1993-06-15,0.8255,0.8255,0.8255,0.8255
1993-06-16,0.8315,0.8315,0.8315,0.8315
1993-06-17,0.8335,0.8335,0.8335,0.8335
1993-06-18,0.8405,0.8405,0.8405,0.8405
1993-06-21,0.844,0.844,0.844,0.844
1993-06-22,0.8365,0.8365,0.8365,0.8365
1993-06-23,0.8375,0.8375,0.8375,0.8375
1993-06-24,0.84,0.84,0.84,0.84
1993-06-25,0.84,0.84,0.84,0.84
1993-06-28,0.8375,0.8375,0.8375,0.8375
1993-06-29,0.859,0.859,0.859,0.859
1993-06-30,0.865,0.865,0.865,0.865
1993-07-01,0.871,0.871,0.871,0.871
1993-07-02,0.8775,0.8775,0.8775,0.8775
1993-07-06,0.8735,0.8735,0.8735,0.8735
1993-07-07,0.8865,0.8865,0.8865,0.8865
1993-07-08,0.8965,0.8965,0.8965,0.8965
1993-07-09,0.879,0.879,0.879,0.879
1993-07-12,0.862,0.862,0.862,0.862
1993-07-13,0.8515,0.8515,0.8515,0.8515
1993-07-14,0.8565,0.8565,0.8565,0.8565
1993-07-15,0.842,0.842,0.842,0.842
1993-07-16,0.8535,0.8535,0.8535,0.8535
1993-07-19,0.8515,0.8515,0.8515,0.8515
1993-07-20,0.849,0.849,0.849,0.849
1993-07-21,0.842,0.842,0.842,0.842
1993-07-22,0.8455,0.8455,0.8455,0.8455
1993-07-23,0.8565,0.8565,0.8565,0.8565
1993-07-26,0.856,0.856,0.856,0.856
1993-07-27,0.869,0.869,0.869,0.869
1993-07-28,0.874,0.874,0.874,0.874
1993-07-29,0.8765,0.8765,0.8765,0.8765
1993-07-30,0.883,0.883,0.883,0.883
1993-08-02,0.875,0.875,0.875,0.875
1993-08-03,0.8635,0.8635,0.8635,0.8635
1993-08-04,0.872,0.872,0.872,0.872
1993-08-05,0.865,0.865,0.865,0.865
1993-08-06,0.857,0.857,0.857,0.857
1993-08-09,0.836,0.836,0.836,0.836
1993-08-10,0.8335,0.8335,0.8335,0.8335
1993-08-11,0.837,0.837,0.837,0.837
1993-08-12,0.8445,0.8445,0.8445,0.8445
1993-08-13,0.8385,0.8385,0.8385,0.8385
1993-08-16,0.8445,0.8445,0.8445,0.8445
1993-08-17,0.8435,0.8435,0.8435,0.8435
1993-08-18,0.8355,0.8355,0.8355,0.8355
1993-08-19,0.8415,0.8415,0.8415,0.8415
1993-08-20,0.8495,0.8495,0.8495,0.8495
1993-08-23,0.862,0.862,0.862,0.862
1993-08-24,0.864,0.864,0.864,0.864
1993-08-25,0.8505,0.8505,0.8505,0.8505
1993-08-26,0.849,0.849,0.849,0.849
1993-08-27,0.856,0.856,0.856,0.856
1993-08-30,0.859,0.859,0.859,0.859
1993-08-31,0.86,0.86,0.86,0.86
1993-09-01,0.8385,0.8385,0.8385,0.8385
1993-09-02,0.8675,0.8675,0.8675,0.8675
1993-09-03,0.8665,0.8665,0.8665,0.8665
1993-09-07,0.8585,0.8585,0.8585,0.8585
1993-09-08,0.85,0.85,0.85,0.85
1993-09-09,0.828,0.828,0.828,0.828
1993-09-10,0.83,0.83,0.83,0.83
1993-09-13,0.829,0.829,0.829,0.829
1993-09-14,0.8285,0.8285,0.8285,0.8285
1993-09-15,0.8245,0.8245,0.8245,0.8245
1993-09-16,0.8105,0.8105,0.8105,0.8105
1993-09-17,0.7865,0.7865,0.7865,0.7865
1993-09-20,0.7705,0.7705,0.7705,0.7705
1993-09-21,0.786,0.786,0.786,0.786
1993-09-22,0.7805,0.7805,0.7805,0.7805
1993-09-23,0.7755,0.7755,0.7755,0.7755
1993-09-24,0.787,0.787,0.787,0.787
1993-09-27,0.783,0.783,0.783,0.783
1993-09-28,0.763,0.763,0.763,0.763
1993-09-29,0.7615,0.7615,0.7615,0.7615
1993-09-30,0.749,0.749,0.749,0.749
1993-10-01,0.754,0.754,0.754,0.754
1993-10-04,0.7505,0.7505,0.7505,0.7505
1993-10-05,0.759,0.759,0.759,0.759
1993-10-06,0.751,0.751,0.751,0.751
1993-10-07,0.752,0.752,0.752,0.752
1993-10-08,0.756,0.756,0.756,0.756
1993-10-11,0.7675,0.7675,0.7675,0.7675
1993-10-12,0.752,0.752,0.752,0.752
1993-10-13,0.769,0.769,0.769,0.769
1993-10-14,0.754,0.754,0.754,0.754
1993-10-15,0.753,0.753,0.753,0.753
1993-10-18,0.7385,0.7385,0.7385,0.7385
1993-10-19,0.7315,0.7315,0.7315,0.7315
1993-10-20,0.7315,0.7315,0.7315,0.7315
1993-10-21,0.7305,0.7305,0.7305,0.7305
1993-10-22,0.7295,0.7295,0.7295,0.7295
1993-10-25,0.731,0.731,0.731,0.731
1993-10-26,0.726,0.726,0.726,0.726
1993-10-27,0.726,0.726,0.726,0.726
1993-10-28,0.73,0.73,0.73,0.73
1993-10-29,0.7315,0.7315,0.7315,0.7315
1993-11-01,0.729,0.729,0.729,0.729
1993-11-02,0.7385,0.7385,0.7385,0.7385
1993-11-03,0.7355,0.7355,0.7355,0.7355
1993-11-04,0.7445,0.7445,0.7445,0.7445
1993-11-05,0.748,0.748,0.748,0.748
1993-11-08,0.751,0.751,0.751,0.751
1993-11-09,0.7475,0.7475,0.7475,0.7475
1993-11-10,0.7485,0.7485,0.7485,0.7485
1993-11-11,0.75,0.75,0.75,0.75
1993-11-12,0.7475,0.7475,0.7475,0.7475
1993-11-15,0.741,0.741,0.741,0.741
1993-11-16,0.7335,0.7335,0.7335,0.7335
1993-11-17,0.7315,0.7315,0.7315,0.7315
1993-11-18,0.733,0.733,0.733,0.733
1993-11-19,0.743,0.743,0.743,0.743
1993-11-22,0.744,0.744,0.744,0.744
1993-11-23,0.74,0.74,0.74,0.74
1993-11-24,0.742,0.742,0.742,0.742
1993-11-29,0.7455,0.7455,0.7455,0.7455
1993-11-30,0.75,0.75,0.75,0.75
1993-12-01,0.7655,0.7655,0.7655,0.7655
1993-12-02,0.7665,0.7665,0.7665,0.7665
1993-12-03,0.766,0.766,0.766,0.766
1993-12-06,0.7745,0.7745,0.7745,0.7745
1993-12-07,0.7755,0.7755,0.7755,0.7755
1993-12-08,0.776,0.776,0.776,0.776
1993-12-09,0.7725,0.7725,0.7725,0.7725
1993-12-10,0.802,0.802,0.802,0.802
1993-12-13,0.806,0.806,0.806,0.806
1993-12-14,0.7945,0.7945,0.7945,0.7945
1993-12-15,0.792,0.792,0.792,0.792
1993-12-16,0.794,0.794,0.794,0.794
1993-12-17,0.804,0.804,0.804,0.804
1993-12-20,0.813,0.813,0.813,0.813
1993-12-21,0.82,0.82,0.82,0.82
1993-12-22,0.8155,0.8155,0.8155,0.8155
1993-12-23,0.8145,0.8145,0.8145,0.8145
1993-12-27,0.8195,0.8195,0.8195,0.8195
1993-12-28,0.8215,0.8215,0.8215,0.8215
1993-12-29,0.829,0.829,0.829,0.829
1993-12-30,0.833,0.833,0.833,0.833
1994-01-03,0.8025,0.8025,0.8025,0.8025
1994-01-04,0.7985,0.7985,0.7985,0.7985
1994-01-05,0.801,0.801,0.801,0.801
1994-01-06,0.7985,0.7985,0.7985,0.7985
1994-01-07,0.786,0.786,0.786,0.786
1994-01-10,0.812,0.812,0.812,0.812
1994-01-11,0.812,0.812,0.812,0.812
1994-01-12,0.8135,0.8135,0.8135,0.8135
1994-01-13,0.8295,0.8295,0.8295,0.8295
1994-01-14,0.845,0.845,0.845,0.845
1994-01-17,0.85,0.85,0.85,0.85
1994-01-18,0.867,0.867,0.867,0.867
1994-01-19,0.867,0.867,0.867,0.867
1994-01-20,0.866,0.866,0.866,0.866
1994-01-21,0.8565,0.8565,0.8565,0.8565
1994-01-24,0.8655,0.8655,0.8655,0.8655
1994-01-25,0.865,0.865,0.865,0.865
1994-01-26,0.8685,0.8685,0.8685,0.8685
1994-01-27,0.868,0.868,0.868,0.868
1994-01-28,0.857,0.857,0.857,0.857
1994-01-31,0.868,0.868,0.868,0.868
1994-02-01,0.896,0.896,0.896,0.896
1994-02-02,0.903,0.903,0.903,0.903
1994-02-03,0.899,0.899,0.899,0.899
1994-02-04,0.89,0.89,0.89,0.89
1994-02-07,0.893,0.893,0.893,0.893
1994-02-08,0.8705,0.8705,0.8705,0.8705
1994-02-09,0.8685,0.8685,0.8685,0.8685
1994-02-10,0.856,0.856,0.856,0.856
1994-02-11,0.8415,0.8415,0.8415,0.8415
1994-02-14,0.85,0.85,0.85,0.85
1994-02-15,0.8625,0.8625,0.8625,0.8625
1994-02-16,0.866,0.866,0.866,0.866
1994-02-17,0.8805,0.8805,0.8805,0.8805
1994-02-18,0.86,0.86,0.86,0.86
1994-02-22,0.863,0.863,0.863,0.863
1994-02-23,0.8595,0.8595,0.8595,0.8595
1994-02-24,0.8675,0.8675,0.8675,0.8675
1994-02-25,0.858,0.858,0.858,0.858
1994-02-28,0.8665,0.8665,0.8665,0.8665
1994-03-01,0.859,0.859,0.859,0.859
1994-03-02,0.8725,0.8725,0.8725,0.8725
1994-03-03,0.8755,0.8755,0.8755,0.8755
1994-03-04,0.8955,0.8955,0.8955,0.8955
1994-03-07,0.885,0.885,0.885,0.885
1994-03-08,0.8875,0.8875,0.8875,0.8875
1994-03-09,0.8845,0.8845,0.8845,0.8845
1994-03-10,0.8895,0.8895,0.8895,0.8895
1994-03-11,0.9085,0.9085,0.9085,0.9085
1994-03-14,0.909,0.909,0.909,0.909
1994-03-15,0.9205,0.9205,0.9205,0.9205
1994-03-16,0.9315,0.9315,0.9315,0.9315
1994-03-17,0.918,0.918,0.918,0.918
1994-03-18,0.922,0.922,0.922,0.922
1994-03-21,0.907,0.907,0.907,0.907
1994-03-22,0.9095,0.9095,0.9095,0.9095
1994-03-23,0.909,0.909,0.909,0.909
1994-03-24,0.898,0.898,0.898,0.898
1994-03-25,0.913,0.913,0.913,0.913
1994-03-28,0.9065,0.9065,0.9065,0.9065
1994-03-29,0.8935,0.8935,0.8935,0.8935
1994-03-30,0.8645,0.8645,0.8645,0.8645
1994-03-31,0.8675,0.8675,0.8675,0.8675
1994-04-04,0.878,0.878,0.878,0.878
1994-04-05,0.87,0.87,0.87,0.87
1994-04-06,0.857,0.857,0.857,0.857
1994-04-07,0.868,0.868,0.868,0.868
1994-04-08,0.866,0.866,0.866,0.866
1994-04-11,0.8735,0.8735,0.8735,0.8735
1994-04-12,0.8735,0.8735,0.8735,0.8735
1994-04-13,0.8715,0.8715,0.8715,0.8715
1994-04-14,0.8685,0.8685,0.8685,0.8685
1994-04-15,0.8715,0.8715,0.8715,0.8715
1994-04-18,0.8705,0.8705,0.8705,0.8705
1994-04-19,0.875,0.875,0.875,0.875
1994-04-20,0.8685,0.8685,0.8685,0.8685
1994-04-21,0.887,0.887,0.887,0.887
1994-04-22,0.8945,0.8945,0.8945,0.8945
1994-04-25,0.8915,0.8915,0.8915,0.8915
1994-04-26,0.8885,0.8885,0.8885,0.8885
1994-04-28,0.914,0.914,0.914,0.914
1994-04-29,0.915,0.915,0.915,0.915
1994-05-02,0.9305,0.9305,0.9305,0.9305
1994-05-03,0.933,0.933,0.933,0.933
1994-05-04,0.925,0.925,0.925,0.925
1994-05-05,0.9265,0.9265,0.9265,0.9265
1994-05-06,0.9545,0.9545,0.9545,0.9545
1994-05-09,0.9755,0.9755,0.9755,0.9755
1994-05-10,0.96,0.96,0.96,0.96
1994-05-11,0.98,0.98,0.98,0.98
1994-05-12,0.981,0.981,0.981,0.981
1994-05-13,1.018,1.018,1.018,1.018
1994-05-16,1.02,1.02,1.02,1.02
1994-05-17,1.0405,1.0405,1.0405,1.0405
1994-05-18,1.0515,1.0515,1.0515,1.0515
1994-05-19,1.0435,1.0435,1.0435,1.0435
1994-05-20,1.0245,1.0245,1.0245,1.0245
1994-05-23,1.0635,1.0635,1.0635,1.0635
1994-05-24,1.0555,1.0555,1.0555,1.0555
1994-05-25,1.033,1.033,1.033,1.033
1994-05-26,1.02,1.02,1.02,1.02
1994-05-27,1.0305,1.0305,1.0305,1.0305
1994-05-31,1.0375,1.0375,1.0375,1.0375
1994-06-01,1.01,1.01,1.01,1.01
1994-06-02,1.019,1.019,1.019,1.019
1994-06-03,1.031,1.031,1.031,1.031
1994-06-06,1.0195,1.0195,1.0195,1.0195
1994-06-07,1.068,1.068,1.068,1.068
1994-06-08,1.0855,1.0855,1.0855,1.0855
1994-06-09,1.0945,1.0945,1.0945,1.0945
1994-06-10,1.093,1.093,1.093,1.093
1994-06-13,1.116,1.116,1.116,1.116
1994-06-14,1.0995,1.0995,1.0995,1.0995
1994-06-15,1.103,1.103,1.103,1.103
1994-06-16,1.113,1.113,1.113,1.113
1994-06-17,1.136,1.136,1.136,1.136
1994-06-20,1.1215,1.1215,1.1215,1.1215
1994-06-21,1.1175,1.1175,1.1175,1.1175
1994-06-22,1.132,1.132,1.132,1.132
1994-06-23,1.1305,1.1305,1.1305,1.1305
1994-06-24,1.1175,1.1175,1.1175,1.1175
1994-06-27,1.1035,1.1035,1.1035,1.1035
1994-06-28,1.0585,1.0585,1.0585,1.0585
1994-06-29,1.071,1.071,1.071,1.071
1994-06-30,1.0825,1.0825,1.0825,1.0825
1994-07-01,1.1115,1.1115,1.1115,1.1115
1994-07-05,1.125,1.125,1.125,1.125
1994-07-06,1.1135,1.1135,1.1135,1.1135
1994-07-07,1.102,1.102,1.102,1.102
1994-07-08,1.0965,1.0965,1.0965,1.0965
1994-07-11,1.1025,1.1025,1.1025,1.1025
1994-07-12,1.106,1.106,1.106,1.106
1994-07-13,1.109,1.109,1.109,1.109
1994-07-14,1.1275,1.1275,1.1275,1.1275
1994-07-15,1.125,1.125,1.125,1.125
1994-07-18,1.1245,1.1245,1.1245,1.1245
1994-07-19,1.162,1.162,1.162,1.162
1994-07-20,1.1515,1.1515,1.1515,1.1515
1994-07-21,1.151,1.151,1.151,1.151
1994-07-22,1.144,1.144,1.144,1.144
1994-07-25,1.151,1.151,1.151,1.151
1994-07-26,1.1135,1.1135,1.1135,1.1135
1994-07-27,1.1115,1.1115,1.1115,1.1115
1994-07-28,1.103,1.103,1.103,1.103
1994-07-29,1.114,1.114,1.114,1.114
1994-08-01,1.0965,1.0965,1.0965,1.0965
1994-08-02,1.1015,1.1015,1.1015,1.1015
1994-08-03,1.0665,1.0665,1.0665,1.0665
1994-08-04,1.074,1.074,1.074,1.074
1994-08-05,1.0685,1.0685,1.0685,1.0685
1994-08-08,1.086,1.086,1.086,1.086
1994-08-09,1.0725,1.0725,1.0725,1.0725
1994-08-10,1.0895,1.0895,1.0895,1.0895
1994-08-11,1.0985,1.0985,1.0985,1.0985
1994-08-12,1.0845,1.0845,1.0845,1.0845
1994-08-15,1.086,1.086,1.086,1.086
1994-08-16,1.08,1.08,1.08,1.08
1994-08-17,1.094,1.094,1.094,1.094
1994-08-18,1.093,1.093,1.093,1.093
1994-08-19,1.084,1.084,1.084,1.084
1994-08-22,1.067,1.067,1.067,1.067
1994-08-23,1.0755,1.0755,1.0755,1.0755
1994-08-24,1.0955,1.0955,1.0955,1.0955
1994-08-25,1.0925,1.0925,1.0925,1.0925
1994-08-26,1.118,1.118,1.118,1.118
1994-08-29,1.13,1.13,1.13,1.13
1994-08-30,1.1345,1.1345,1.1345,1.1345
1994-08-31,1.1575,1.1575,1.1575,1.1575
1994-09-01,1.142,1.142,1.142,1.142
1994-09-02,1.145,1.145,1.145,1.145
1994-09-06,1.1475,1.1475,1.1475,1.1475
1994-09-07,1.1475,1.1475,1.1475,1.1475
1994-09-08,1.146,1.146,1.146,1.146
1994-09-09,1.1485,1.1485,1.1485,1.1485
1994-09-12,1.1685,1.1685,1.1685,1.1685
1994-09-13,1.1535,1.1535,1.1535,1.1535
1994-09-14,1.158,1.158,1.158,1.158
1994-09-15,1.148,1.148,1.148,1.148
1994-09-16,1.1725,1.1725,1.1725,1.1725
1994-09-19,1.174,1.174,1.174,1.174
1994-09-20,1.172,1.172,1.172,1.172
1994-09-21,1.17,1.17,1.17,1.17
1994-09-22,1.175,1.175,1.175,1.175
1994-09-23,1.1875,1.1875,1.1875,1.1875
1994-09-26,1.18,1.18,1.18,1.18
1994-09-27,1.1835,1.1835,1.1835,1.1835
1994-09-28,1.181,1.181,1.181,1.181
1994-09-29,1.1615,1.1615,1.1615,1.1615
1994-09-30,1.1255,1.1255,1.1255,1.1255
1994-10-03,1.145,1.145,1.145,1.145
1994-10-04,1.1535,1.1535,1.1535,1.1535
1994-10-05,1.159,1.159,1.159,1.159
1994-10-06,1.1635,1.1635,1.1635,1.1635
1994-10-07,1.1465,1.1465,1.1465,1.1465
1994-10-10,1.1485,1.1485,1.1485,1.1485
1994-10-11,1.1435,1.1435,1.1435,1.1435
1994-10-12,1.148,1.148,1.148,1.148
1994-10-13,1.137,1.137,1.137,1.137
1994-10-14,1.142,1.142,1.142,1.142
1994-10-17,1.1375,1.1375,1.1375,1.1375
1994-10-18,1.146,1.146,1.146,1.146
1994-10-19,1.186,1.186,1.186,1.186
1994-10-20,1.176,1.176,1.176,1.176
1994-10-21,1.1695,1.1695,1.1695,1.1695
1994-10-24,1.179,1.179,1.179,1.179
1994-10-25,1.1925,1.1925,1.1925,1.1925
1994-10-26,1.22,1.22,1.22,1.22
1994-10-27,1.2335,1.2335,1.2335,1.2335
1994-10-28,1.2345,1.2345,1.2345,1.2345
1994-10-31,1.226,1.226,1.226,1.226
1994-11-01,1.256,1.256,1.256,1.256
1994-11-02,1.263,1.263,1.263,1.263
1994-11-03,1.237,1.237,1.237,1.237
1994-11-04,1.267,1.267,1.267,1.267
1994-11-07,1.2405,1.2405,1.2405,1.2405
1994-11-08,1.239,1.239,1.239,1.239
1994-11-09,1.227,1.227,1.227,1.227
1994-11-10,1.2335,1.2335,1.2335,1.2335
1994-11-11,1.2445,1.2445,1.2445,1.2445
1994-11-14,1.275,1.275,1.275,1.275
1994-11-15,1.2905,1.2905,1.2905,1.2905
1994-11-16,1.3435,1.3435,1.3435,1.3435
1994-11-17,1.3455,1.3455,1.3455,1.3455
1994-11-18,1.3455,1.3455,1.3455,1.3455
1994-11-21,1.3635,1.3635,1.3635,1.3635
1994-11-22,1.3225,1.3225,1.3225,1.3225
1994-11-23,1.3035,1.3035,1.3035,1.3035
1994-11-28,1.312,1.312,1.312,1.312
1994-11-29,1.32,1.32,1.32,1.32
1994-11-30,1.3225,1.3225,1.3225,1.3225
1994-12-01,1.3395,1.3395,1.3395,1.3395
1994-12-02,1.34,1.34,1.34,1.34
1994-12-05,1.318,1.318,1.318,1.318
1994-12-06,1.3135,1.3135,1.3135,1.3135
1994-12-07,1.2995,1.2995,1.2995,1.2995
1994-12-08,1.336,1.336,1.336,1.336
1994-12-09,1.328,1.328,1.328,1.328
1994-12-12,1.3305,1.3305,1.3305,1.3305
1994-12-13,1.3215,1.3215,1.3215,1.3215
1994-12-14,1.3425,1.3425,1.3425,1.3425
1994-12-15,1.3615,1.3615,1.3615,1.3615
1994-12-16,1.3585,1.3585,1.3585,1.3585
1994-12-19,1.34,1.34,1.34,1.34
1994-12-20,1.333,1.333,1.333,1.333
1994-12-21,1.3525,1.3525,1.3525,1.3525
1994-12-22,1.3525,1.3525,1.3525,1.3525
1994-12-23,1.345,1.345,1.345,1.345
1994-12-27,1.3545,1.3545,1.3545,1.3545
1994-12-28,1.379,1.379,1.379,1.379
1994-12-29,1.3805,1.3805,1.3805,1.3805
1994-12-30,1.386,1.386,1.386,1.386
1995-01-03,1.337,1.337,1.337,1.337
1995-01-04,1.327,1.327,1.327,1.327
1995-01-05,1.348,1.348,1.348,1.348
1995-01-06,1.363,1.363,1.363,1.363
1995-01-09,1.3905,1.3905,1.3905,1.3905
1995-01-10,1.393,1.393,1.393,1.393
1995-01-11,1.376,1.376,1.376,1.376
1995-01-12,1.38,1.38,1.38,1.38
1995-01-13,1.3795,1.3795,1.3795,1.3795
1995-01-16,1.3565,1.3565,1.3565,1.3565
1995-01-17,1.3885,1.3885,1.3885,1.3885
1995-01-18,1.396,1.396,1.396,1.396
1995-01-19,1.427,1.427,1.427,1.427
1995-01-20,1.414,1.414,1.414,1.414
1995-01-23,1.4035,1.4035,1.4035,1.4035
1995-01-24,1.417,1.417,1.417,1.417
1995-01-25,1.3835,1.3835,1.3835,1.3835
1995-01-26,1.3995,1.3995,1.3995,1.3995
1995-01-27,1.382,1.382,1.382,1.382
1995-01-30,1.376,1.376,1.376,1.376
1995-01-31,1.363,1.363,1.363,1.363
1995-02-01,1.322,1.322,1.322,1.322
1995-02-02,1.337,1.337,1.337,1.337
1995-02-03,1.3125,1.3125,1.3125,1.3125
1995-02-06,1.318,1.318,1.318,1.318
1995-02-07,1.2945,1.2945,1.2945,1.2945
1995-02-08,1.301,1.301,1.301,1.301
1995-02-09,1.3155,1.3155,1.3155,1.3155
1995-02-10,1.344,1.344,1.344,1.344
1995-02-13,1.3275,1.3275,1.3275,1.3275
1995-02-14,1.342,1.342,1.342,1.342
1995-02-15,1.3345,1.3345,1.3345,1.3345
1995-02-16,1.346,1.346,1.346,1.346
1995-02-17,1.3335,1.3335,1.3335,1.3335
1995-02-21,1.334,1.334,1.334,1.334
1995-02-22,1.3145,1.3145,1.3145,1.3145
1995-02-23,1.3235,1.3235,1.3235,1.3235
1995-02-24,1.3275,1.3275,1.3275,1.3275
1995-02-27,1.3105,1.3105,1.3105,1.3105
1995-02-28,1.2855,1.2855,1.2855,1.2855
1995-03-01,1.31,1.31,1.31,1.31
1995-03-02,1.3165,1.3165,1.3165,1.3165
1995-03-03,1.3275,1.3275,1.3275,1.3275
1995-03-06,1.319,1.319,1.319,1.319
1995-03-07,1.329,1.329,1.329,1.329
1995-03-08,1.342,1.342,1.342,1.342
1995-03-09,1.338,1.338,1.338,1.338
1995-03-10,1.338,1.338,1.338,1.338
1995-03-13,1.349,1.349,1.349,1.349
1995-03-14,1.348,1.348,1.348,1.348
1995-03-15,1.339,1.339,1.339,1.339
1995-03-16,1.3445,1.3445,1.3445,1.3445
1995-03-17,1.3425,1.3425,1.3425,1.3425
1995-03-20,1.3495,1.3495,1.3495,1.3495
1995-03-21,1.344,1.344,1.344,1.344
1995-03-22,1.383,1.383,1.383,1.383
1995-03-23,1.38,1.38,1.38,1.38
1995-03-24,1.389,1.389,1.389,1.389
1995-03-27,1.3875,1.3875,1.3875,1.3875
1995-03-28,1.378,1.378,1.378,1.378
1995-03-29,1.373,1.373,1.373,1.373
1995-03-30,1.3855,1.3855,1.3855,1.3855
1995-03-31,1.367,1.367,1.367,1.367
1995-04-03,1.384,1.384,1.384,1.384
1995-04-04,1.3725,1.3725,1.3725,1.3725
1995-04-05,1.3725,1.3725,1.3725,1.3725
1995-04-06,1.3655,1.3655,1.3655,1.3655
1995-04-07,1.374,1.374,1.374,1.374
1995-04-10,1.3655,1.3655,1.3655,1.3655
1995-04-11,1.3615,1.3615,1.3615,1.3615
1995-04-12,1.3515,1.3515,1.3515,1.3515
1995-04-13,1.355,1.355,1.355,1.355
1995-04-17,1.358,1.358,1.358,1.358
1995-04-18,1.347,1.347,1.347,1.347
1995-04-19,1.294,1.294,1.294,1.294
1995-04-20,1.3,1.3,1.3,1.3
1995-04-21,1.3165,1.3165,1.3165,1.3165
1995-04-24,1.2825,1.2825,1.2825,1.2825
1995-04-25,1.261,1.261,1.261,1.261
1995-04-26,1.2645,1.2645,1.2645,1.2645
1995-04-27,1.2545,1.2545,1.2545,1.2545
1995-04-28,1.271,1.271,1.271,1.271
1995-05-01,1.252,1.252,1.252,1.252
1995-05-02,1.246,1.246,1.246,1.246
1995-05-03,1.254,1.254,1.254,1.254
1995-05-04,1.2245,1.2245,1.2245,1.2245
1995-05-05,1.226,1.226,1.226,1.226
1995-05-08,1.231,1.231,1.231,1.231
1995-05-09,1.2385,1.2385,1.2385,1.2385
1995-05-10,1.2425,1.2425,1.2425,1.2425
1995-05-11,1.254,1.254,1.254,1.254
1995-05-12,1.2495,1.2495,1.2495,1.2495
1995-05-15,1.2455,1.2455,1.2455,1.2455
1995-05-16,1.25,1.25,1.25,1.25
1995-05-17,1.2455,1.2455,1.2455,1.2455
1995-05-18,1.2495,1.2495,1.2495,1.2495
1995-05-19,1.251,1.251,1.251,1.251
1995-05-22,1.2425,1.2425,1.2425,1.2425
1995-05-23,1.2855,1.2855,1.2855,1.2855
1995-05-24,1.3095,1.3095,1.3095,1.3095
1995-05-25,1.299,1.299,1.299,1.299
1995-05-26,1.311,1.311,1.311,1.311
1995-05-30,1.305,1.305,1.305,1.305
1995-05-31,1.31,1.31,1.31,1.31
1995-06-01,1.335,1.335,1.335,1.335
1995-06-02,1.3385,1.3385,1.3385,1.3385
1995-06-05,1.3405,1.3405,1.3405,1.3405
1995-06-06,1.32,1.32,1.32,1.32
1995-06-07,1.337,1.337,1.337,1.337
1995-06-08,1.32,1.32,1.32,1.32
1995-06-09,1.347,1.347,1.347,1.347
1995-06-12,1.343,1.343,1.343,1.343
1995-06-13,1.3285,1.3285,1.3285,1.3285
1995-06-14,1.3485,1.3485,1.3485,1.3485
1995-06-15,1.3895,1.3895,1.3895,1.3895
1995-06-16,1.3985,1.3985,1.3985,1.3985
1995-06-19,1.395,1.395,1.395,1.395
1995-06-20,1.402,1.402,1.402,1.402
1995-06-21,1.408,1.408,1.408,1.408
1995-06-22,1.4575,1.4575,1.4575,1.4575
1995-06-23,1.423,1.423,1.423,1.423
1995-06-26,1.407,1.407,1.407,1.407
1995-06-27,1.3715,1.3715,1.3715,1.3715
1995-06-28,1.386,1.386,1.386,1.386
1995-06-29,1.3715,1.3715,1.3715,1.3715
1995-06-30,1.367,1.367,1.367,1.367
1995-07-05,1.3615,1.3615,1.3615,1.3615
1995-07-06,1.3585,1.3585,1.3585,1.3585
1995-07-07,1.368,1.368,1.368,1.368
1995-07-10,1.3725,1.3725,1.3725,1.3725
1995-07-11,1.391,1.391,1.391,1.391
1995-07-12,1.4055,1.4055,1.4055,1.4055
1995-07-13,1.3935,1.3935,1.3935,1.3935
1995-07-14,1.406,1.406,1.406,1.406
1995-07-17,1.3875,1.3875,1.3875,1.3875
1995-07-18,1.386,1.386,1.386,1.386
1995-07-19,1.3475,1.3475,1.3475,1.3475
1995-07-20,1.339,1.339,1.339,1.339
1995-07-21,1.317,1.317,1.317,1.317
1995-07-24,1.32,1.32,1.32,1.32
1995-07-25,1.3255,1.3255,1.3255,1.3255
1995-07-26,1.33,1.33,1.33,1.33
1995-07-27,1.331,1.331,1.331,1.331
1995-07-28,1.3445,1.3445,1.3445,1.3445
1995-07-31,1.353,1.353,1.353,1.353
1995-08-01,1.347,1.347,1.347,1.347
1995-08-02,1.397,1.397,1.397,1.397
1995-08-03,1.392,1.392,1.392,1.392
1995-08-04,1.3905,1.3905,1.3905,1.3905
1995-08-07,1.3725,1.3725,1.3725,1.3725
1995-08-08,1.361,1.361,1.361,1.361
1995-08-09,1.3685,1.3685,1.3685,1.3685
1995-08-10,1.364,1.364,1.364,1.364
1995-08-11,1.3685,1.3685,1.3685,1.3685
1995-08-14,1.365,1.365,1.365,1.365
1995-08-15,1.3895,1.3895,1.3895,1.3895
1995-08-16,1.4175,1.4175,1.4175,1.4175
1995-08-17,1.413,1.413,1.413,1.413
1995-08-18,1.4205,1.4205,1.4205,1.4205
1995-08-21,1.4005,1.4005,1.4005,1.4005
1995-08-22,1.3985,1.3985,1.3985,1.3985
1995-08-23,1.387,1.387,1.387,1.387
1995-08-24,1.3955,1.3955,1.3955,1.3955
1995-08-25,1.3765,1.3765,1.3765,1.3765
1995-08-28,1.3685,1.3685,1.3685,1.3685
1995-08-29,1.346,1.346,1.346,1.346
1995-08-30,1.3115,1.3115,1.3115,1.3115
1995-08-31,1.3195,1.3195,1.3195,1.3195
1995-09-01,1.3205,1.3205,1.3205,1.3205
1995-09-05,1.315,1.315,1.315,1.315
1995-09-06,1.325,1.325,1.325,1.325
1995-09-07,1.3175,1.3175,1.3175,1.3175
1995-09-08,1.307,1.307,1.307,1.307
1995-09-11,1.3235,1.3235,1.3235,1.3235
1995-09-12,1.2915,1.2915,1.2915,1.2915
1995-09-13,1.279,1.279,1.279,1.279
1995-09-14,1.277,1.277,1.277,1.277
1995-09-15,1.2875,1.2875,1.2875,1.2875
1995-09-18,1.2875,1.2875,1.2875,1.2875
1995-09-19,1.3055,1.3055,1.3055,1.3055
1995-09-20,1.3015,1.3015,1.3015,1.3015
1995-09-21,1.326,1.326,1.326,1.326
1995-09-22,1.323,1.323,1.323,1.323
1995-09-25,1.3145,1.3145,1.3145,1.3145
1995-09-26,1.322,1.322,1.322,1.322
1995-09-27,1.298,1.298,1.298,1.298
1995-09-28,1.3135,1.3135,1.3135,1.3135
1995-09-29,1.3165,1.3165,1.3165,1.3165
1995-10-02,1.3005,1.3005,1.3005,1.3005
1995-10-03,1.2945,1.2945,1.2945,1.2945
1995-10-04,1.3065,1.3065,1.3065,1.3065
1995-10-05,1.2775,1.2775,1.2775,1.2775
1995-10-06,1.275,1.275,1.275,1.275
1995-10-09,1.267,1.267,1.267,1.267
1995-10-10,1.236,1.236,1.236,1.236
1995-10-11,1.2505,1.2505,1.2505,1.2505
1995-10-12,1.27,1.27,1.27,1.27
1995-10-13,1.266,1.266,1.266,1.266
1995-10-16,1.2705,1.2705,1.2705,1.2705
1995-10-17,1.2385,1.2385,1.2385,1.2385
1995-10-18,1.211,1.211,1.211,1.211
1995-10-19,1.2485,1.2485,1.2485,1.2485
1995-10-20,1.2305,1.2305,1.2305,1.2305
1995-10-23,1.2535,1.2535,1.2535,1.2535
1995-10-24,1.2395,1.2395,1.2395,1.2395
1995-10-25,1.244,1.244,1.244,1.244
1995-10-26,1.25,1.25,1.25,1.25
1995-10-27,1.237,1.237,1.237,1.237
1995-10-30,1.2365,1.2365,1.2365,1.2365
1995-10-31,1.2475,1.2475,1.2475,1.2475
1995-11-01,1.2885,1.2885,1.2885,1.2885
1995-11-02,1.325,1.325,1.325,1.325
1995-11-03,1.3295,1.3295,1.3295,1.3295
1995-11-06,1.323,1.323,1.323,1.323
1995-11-07,1.3405,1.3405,1.3405,1.3405
1995-11-08,1.321,1.321,1.321,1.321
1995-11-09,1.3355,1.3355,1.3355,1.3355
1995-11-10,1.3505,1.3505,1.3505,1.3505
1995-11-13,1.335,1.335,1.335,1.335
1995-11-14,1.318,1.318,1.318,1.318
1995-11-15,1.302,1.302,1.302,1.302
1995-11-16,1.3155,1.3155,1.3155,1.3155
1995-11-17,1.315,1.315,1.315,1.315
1995-11-20,1.3315,1.3315,1.3315,1.3315
1995-11-21,1.3175,1.3175,1.3175,1.3175
1995-11-22,1.3145,1.3145,1.3145,1.3145
1995-11-27,1.314,1.314,1.314,1.314
1995-11-28,1.306,1.306,1.306,1.306
1995-11-29,1.2415,1.2415,1.2415,1.2415
1995-11-30,1.236,1.236,1.236,1.236
1995-12-01,1.23,1.23,1.23,1.23
1995-12-04,1.229,1.229,1.229,1.229
1995-12-05,1.2215,1.2215,1.2215,1.2215
1995-12-06,1.1905,1.1905,1.1905,1.1905
1995-12-07,1.2165,1.2165,1.2165,1.2165
1995-12-08,1.208,1.208,1.208,1.208
1995-12-11,1.2285,1.2285,1.2285,1.2285
1995-12-12,1.2155,1.2155,1.2155,1.2155
1995-12-13,1.2365,1.2365,1.2365,1.2365
1995-12-14,1.2745,1.2745,1.2745,1.2745
1995-12-15,1.239,1.239,1.239,1.239
1995-12-18,1.2315,1.2315,1.2315,1.2315
1995-12-19,1.233,1.233,1.233,1.233
1995-12-20,1.2405,1.2405,1.2405,1.2405
1995-12-21,1.236,1.236,1.236,1.236
1995-12-22,1.2215,1.2215,1.2215,1.2215
1995-12-26,1.22,1.22,1.22,1.22
1995-12-27,1.217,1.217,1.217,1.217
1995-12-28,1.2175,1.2175,1.2175,1.2175
1995-12-29,1.2055,1.2055,1.2055,1.2055
1996-01-02,1.181,1.181,1.181,1.181
1996-01-03,1.169,1.169,1.169,1.169
1996-01-04,1.147,1.147,1.147,1.147
1996-01-05,1.1705,1.1705,1.1705,1.1705
1996-01-08,1.17,1.17,1.17,1.17
1996-01-09,1.1405,1.1405,1.1405,1.1405
1996-01-10,1.148,1.148,1.148,1.148
1996-01-11,1.1535,1.1535,1.1535,1.1535
1996-01-12,1.127,1.127,1.127,1.127
1996-01-15,1.1165,1.1165,1.1165,1.1165
1996-01-16,1.1255,1.1255,1.1255,1.1255
1996-01-17,1.1165,1.1165,1.1165,1.1165
1996-01-18,1.148,1.148,1.148,1.148
1996-01-19,1.1215,1.1215,1.1215,1.1215
1996-01-22,1.1275,1.1275,1.1275,1.1275
1996-01-23,1.1525,1.1525,1.1525,1.1525
1996-01-24,1.162,1.162,1.162,1.162
1996-01-25,1.136,1.136,1.136,1.136
1996-01-26,1.129,1.129,1.129,1.129
1996-01-29,1.131,1.131,1.131,1.131
1996-01-30,1.1545,1.1545,1.1545,1.1545
1996-01-31,1.148,1.148,1.148,1.148
1996-02-01,1.174,1.174,1.174,1.174
1996-02-02,1.174,1.174,1.174,1.174
1996-02-05,1.1645,1.1645,1.1645,1.1645
1996-02-06,1.1635,1.1635,1.1635,1.1635
1996-02-07,1.181,1.181,1.181,1.181
1996-02-08,1.172,1.172,1.172,1.172
1996-02-09,1.172,1.172,1.172,1.172
1996-02-12,1.158,1.158,1.158,1.158
1996-02-13,1.134,1.134,1.134,1.134
1996-02-14,1.141,1.141,1.141,1.141
1996-02-15,1.1365,1.1365,1.1365,1.1365
1996-02-16,1.125,1.125,1.125,1.125
1996-02-20,1.1375,1.1375,1.1375,1.1375
1996-02-21,1.1405,1.1405,1.1405,1.1405
1996-02-22,1.16,1.16,1.16,1.16
1996-02-23,1.162,1.162,1.162,1.162
1996-02-26,1.1495,1.1495,1.1495,1.1495
1996-02-27,1.161,1.161,1.161,1.161
1996-02-28,1.1265,1.1265,1.1265,1.1265
1996-02-29,1.153,1.153,1.153,1.153
1996-03-01,1.162,1.162,1.162,1.162
1996-03-04,1.1785,1.1785,1.1785,1.1785
1996-03-05,1.1645,1.1645,1.1645,1.1645
1996-03-06,1.1685,1.1685,1.1685,1.1685
1996-03-07,1.172,1.172,1.172,1.172
1996-03-08,1.199,1.199,1.199,1.199
1996-03-11,1.19,1.19,1.19,1.19
1996-03-12,1.1965,1.1965,1.1965,1.1965
1996-03-13,1.1885,1.1885,1.1885,1.1885
1996-03-14,1.172,1.172,1.172,1.172
1996-03-15,1.1695,1.1695,1.1695,1.1695
1996-03-18,1.1805,1.1805,1.1805,1.1805
1996-03-19,1.1685,1.1685,1.1685,1.1685
1996-03-20,1.171,1.171,1.171,1.171
1996-03-21,1.169,1.169,1.169,1.169
1996-03-22,1.1515,1.1515,1.1515,1.1515
1996-03-25,1.149,1.149,1.149,1.149
1996-03-26,1.162,1.162,1.162,1.162
1996-03-27,1.156,1.156,1.156,1.156
1996-03-28,1.1625,1.1625,1.1625,1.1625
1996-03-29,1.165,1.165,1.165,1.165
1996-04-01,1.1455,1.1455,1.1455,1.1455
1996-04-02,1.1355,1.1355,1.1355,1.1355
1996-04-03,1.1265,1.1265,1.1265,1.1265
1996-04-04,1.1335,1.1335,1.1335,1.1335
1996-04-08,1.1335,1.1335,1.1335,1.1335
1996-04-09,1.1305,1.1305,1.1305,1.1305
1996-04-10,1.154,1.154,1.154,1.154
1996-04-11,1.188,1.188,1.188,1.188
1996-04-12,1.194,1.194,1.194,1.194
1996-04-15,1.1775,1.1775,1.1775,1.1775
1996-04-16,1.184,1.184,1.184,1.184
1996-04-17,1.196,1.196,1.196,1.196
1996-04-18,1.206,1.206,1.206,1.206
1996-04-19,1.23,1.23,1.23,1.23
1996-04-22,1.2275,1.2275,1.2275,1.2275
1996-04-23,1.217,1.217,1.217,1.217
1996-04-24,1.2285,1.2285,1.2285,1.2285
1996-04-25,1.23,1.23,1.23,1.23
1996-04-26,1.2235,1.2235,1.2235,1.2235
1996-04-29,1.1985,1.1985,1.1985,1.1985
1996-04-30,1.1915,1.1915,1.1915,1.1915
1996-05-01,1.206,1.206,1.206,1.206
1996-05-02,1.2005,1.2005,1.2005,1.2005
1996-05-03,1.222,1.222,1.222,1.222
1996-05-06,1.213,1.213,1.213,1.213
1996-05-07,1.249,1.249,1.249,1.249
1996-05-08,1.2545,1.2545,1.2545,1.2545
1996-05-09,1.2495,1.2495,1.2495,1.2495
1996-05-10,1.245,1.245,1.245,1.245
1996-05-13,1.2555,1.2555,1.2555,1.2555
1996-05-14,1.241,1.241,1.241,1.241
1996-05-15,1.2365,1.2365,1.2365,1.2365
1996-05-16,1.2365,1.2365,1.2365,1.2365
1996-05-17,1.156,1.156,1.156,1.156
1996-05-20,1.112,1.112,1.112,1.112
1996-05-21,1.1155,1.1155,1.1155,1.1155
1996-05-22,1.1355,1.1355,1.1355,1.1355
1996-05-23,1.1365,1.1365,1.1365,1.1365
1996-05-24,1.1265,1.1265,1.1265,1.1265
1996-05-28,1.136,1.136,1.136,1.136
1996-05-29,1.162,1.162,1.162,1.162
1996-05-30,1.155,1.155,1.155,1.155
1996-05-31,1.15,1.15,1.15,1.15
1996-06-03,1.1365,1.1365,1.1365,1.1365
1996-06-04,1.107,1.107,1.107,1.107
1996-06-05,1.0205,1.0205,1.0205,1.0205
1996-06-06,1.0365,1.0365,1.0365,1.0365
1996-06-07,1.071,1.071,1.071,1.071
1996-06-10,1.0795,1.0795,1.0795,1.0795
1996-06-11,1.013,1.013,1.013,1.013
1996-06-12,1.051,1.051,1.051,1.051
1996-06-13,1.0415,1.0415,1.0415,1.0415
1996-06-14,0.9385,0.9385,0.9385,0.9385
1996-06-17,0.939,0.939,0.939,0.939
1996-06-18,0.95,0.95,0.95,0.95
1996-06-19,0.972,0.972,0.972,0.972
1996-06-20,0.948,0.948,0.948,0.948
1996-06-21,0.912,0.912,0.912,0.912
1996-06-24,0.893,0.893,0.893,0.893
1996-06-25,0.8465,0.8465,0.8465,0.8465
1996-06-26,0.8805,0.8805,0.8805,0.8805
1996-06-27,0.895,0.895,0.895,0.895
1996-06-28,0.904,0.904,0.904,0.904
1996-07-01,0.8825,0.8825,0.8825,0.8825
1996-07-02,0.8815,0.8815,0.8815,0.8815
1996-07-03,0.878,0.878,0.878,0.878
1996-07-08,0.9055,0.9055,0.9055,0.9055
1996-07-09,0.908,0.908,0.908,0.908
1996-07-10,0.897,0.897,0.897,0.897
1996-07-11,0.873,0.873,0.873,0.873
1996-07-12,0.884,0.884,0.884,0.884
1996-07-15,0.8635,0.8635,0.8635,0.8635
1996-07-16,0.876,0.876,0.876,0.876
1996-07-17,0.8845,0.8845,0.8845,0.8845
1996-07-18,0.8805,0.8805,0.8805,0.8805
1996-07-19,0.882,0.882,0.882,0.882
1996-07-22,0.894,0.894,0.894,0.894
1996-07-23,0.9195,0.9195,0.9195,0.9195
1996-07-24,0.928,0.928,0.928,0.928
1996-07-25,0.948,0.948,0.948,0.948
1996-07-26,0.9365,0.9365,0.9365,0.9365
1996-07-29,0.9215,0.9215,0.9215,0.9215
1996-07-30,0.922,0.922,0.922,0.922
1996-07-31,0.932,0.932,0.932,0.932
1996-08-01,0.9245,0.9245,0.9245,0.9245
1996-08-02,0.9145,0.9145,0.9145,0.9145
1996-08-05,0.902,0.902,0.902,0.902
1996-08-06,0.9195,0.9195,0.9195,0.9195
1996-08-07,0.925,0.925,0.925,0.925
1996-08-08,0.915,0.915,0.915,0.915
1996-08-09,0.921,0.921,0.921,0.921
1996-08-12,0.912,0.912,0.912,0.912
1996-08-13,0.913,0.913,0.913,0.913
1996-08-14,0.93,0.93,0.93,0.93
1996-08-15,0.9255,0.9255,0.9255,0.9255
1996-08-16,0.9045,0.9045,0.9045,0.9045
1996-08-19,0.9325,0.9325,0.9325,0.9325
1996-08-20,0.909,0.909,0.909,0.909
1996-08-21,0.914,0.914,0.914,0.914
1996-08-22,0.9065,0.9065,0.9065,0.9065
1996-08-23,0.917,0.917,0.917,0.917
1996-08-26,0.911,0.911,0.911,0.911
1996-08-27,0.911,0.911,0.911,0.911
1996-08-28,0.9105,0.9105,0.9105,0.9105
1996-08-29,0.907,0.907,0.907,0.907
1996-08-30,0.9525,0.9525,0.9525,0.9525
1996-09-03,0.9585,0.9585,0.9585,0.9585
1996-09-04,0.944,0.944,0.944,0.944
1996-09-05,0.89,0.89,0.89,0.89
1996-09-06,0.898,0.898,0.898,0.898
1996-09-09,0.8985,0.8985,0.8985,0.8985
1996-09-10,0.9,0.9,0.9,0.9
1996-09-11,0.8715,0.8715,0.8715,0.8715
1996-09-12,0.859,0.859,0.859,0.859
1996-09-13,0.8685,0.8685,0.8685,0.8685
1996-09-16,0.866,0.866,0.866,0.866
1996-09-17,0.879,0.879,0.879,0.879
1996-09-18,0.8965,0.8965,0.8965,0.8965
1996-09-19,0.902,0.902,0.902,0.902
1996-09-20,0.878,0.878,0.878,0.878
1996-09-23,0.8765,0.8765,0.8765,0.8765
1996-09-24,0.8915,0.8915,0.8915,0.8915
1996-09-25,0.897,0.897,0.897,0.897
1996-09-26,0.9045,0.9045,0.9045,0.9045
1996-09-27,0.9125,0.9125,0.9125,0.9125
1996-09-30,0.901,0.901,0.901,0.901
1996-10-01,0.8785,0.8785,0.8785,0.8785
1996-10-02,0.891,0.891,0.891,0.891
1996-10-03,0.8885,0.8885,0.8885,0.8885
1996-10-04,0.8915,0.8915,0.8915,0.8915
1996-10-07,0.8845,0.8845,0.8845,0.8845
1996-10-08,0.9165,0.9165,0.9165,0.9165
1996-10-09,0.9035,0.9035,0.9035,0.9035
1996-10-10,0.9225,0.9225,0.9225,0.9225
1996-10-11,0.915,0.915,0.915,0.915
1996-10-14,0.901,0.901,0.901,0.901
1996-10-15,0.906,0.906,0.906,0.906
1996-10-16,0.8865,0.8865,0.8865,0.8865
1996-10-17,0.909,0.909,0.909,0.909
1996-10-18,0.9155,0.9155,0.9155,0.9155
1996-10-21,0.93,0.93,0.93,0.93
1996-10-22,0.9245,0.9245,0.9245,0.9245
1996-10-23,0.9295,0.9295,0.9295,0.9295
1996-10-24,0.9495,0.9495,0.9495,0.9495
1996-10-25,0.9715,0.9715,0.9715,0.9715
1996-10-28,0.9545,0.9545,0.9545,0.9545
1996-10-29,0.904,0.904,0.904,0.904
1996-10-30,0.928,0.928,0.928,0.928
1996-10-31,0.913,0.913,0.913,0.913
1996-11-01,0.9265,0.9265,0.9265,0.9265
1996-11-04,0.9345,0.9345,0.9345,0.9345
1996-11-05,0.9205,0.9205,0.9205,0.9205
1996-11-06,0.9265,0.9265,0.9265,0.9265
1996-11-07,0.9555,0.9555,0.9555,0.9555
1996-11-08,0.9435,0.9435,0.9435,0.9435
1996-11-11,0.956,0.956,0.956,0.956
1996-11-12,0.9795,0.9795,0.9795,0.9795
1996-11-13,0.979,0.979,0.979,0.979
1996-11-14,0.9585,0.9585,0.9585,0.9585
1996-11-15,1.0145,1.0145,1.0145,1.0145
1996-11-18,1.0565,1.0565,1.0565,1.0565
1996-11-19,1.0625,1.0625,1.0625,1.0625
1996-11-20,1.0555,1.0555,1.0555,1.0555
1996-11-21,1.0585,1.0585,1.0585,1.0585
1996-11-22,1.0455,1.0455,1.0455,1.0455
1996-11-25,1.059,1.059,1.059,1.059
1996-11-26,1.082,1.082,1.082,1.082
1996-11-27,1.103,1.103,1.103,1.103
1996-12-02,1.001,1.001,1.001,1.001
1996-12-03,1.0065,1.0065,1.0065,1.0065
1996-12-04,1.0175,1.0175,1.0175,1.0175
1996-12-05,1.0115,1.0115,1.0115,1.0115
1996-12-06,1.0005,1.0005,1.0005,1.0005
1996-12-09,0.986,0.986,0.986,0.986
1996-12-10,0.9955,0.9955,0.9955,0.9955
1996-12-11,1.0035,1.0035,1.0035,1.0035
1996-12-12,0.997,0.997,0.997,0.997
1996-12-13,0.993,0.993,0.993,0.993
1996-12-16,0.9665,0.9665,0.9665,0.9665
1996-12-17,0.964,0.964,0.964,0.964
1996-12-18,0.986,0.986,0.986,0.986
1996-12-19,1.003,1.003,1.003,1.003
1996-12-20,0.994,0.994,0.994,0.994
1996-12-23,0.9855,0.9855,0.9855,0.9855
1996-12-24,0.9885,0.9885,0.9885,0.9885
1996-12-26,0.997,0.997,0.997,0.997
1996-12-27,0.986,0.986,0.986,0.986
1996-12-30,0.9825,0.9825,0.9825,0.9825
1996-12-31,1.0025,1.0025,1.0025,1.0025
1997-01-02,1.0215,1.0215,1.0215,1.0215
1997-01-03,1.023,1.023,1.023,1.023
1997-01-06,1.0155,1.0155,1.0155,1.0155
1997-01-07,1.0515,1.0515,1.0515,1.0515
1997-01-08,1.048,1.048,1.048,1.048
1997-01-09,1.0655,1.0655,1.0655,1.0655
1997-01-10,1.061,1.061,1.061,1.061
1997-01-13,1.0635,1.0635,1.0635,1.0635
1997-01-14,1.0545,1.0545,1.0545,1.0545
1997-01-15,1.069,1.069,1.069,1.069
1997-01-16,1.058,1.058,1.058,1.058
1997-01-17,1.0585,1.0585,1.0585,1.0585
1997-01-20,1.0755,1.0755,1.0755,1.0755
1997-01-21,1.0625,1.0625,1.0625,1.0625
1997-01-22,1.073,1.073,1.073,1.073
1997-01-23,1.071,1.071,1.071,1.071
1997-01-24,1.0665,1.0665,1.0665,1.0665
1997-01-27,1.059,1.059,1.059,1.059
1997-01-28,1.0615,1.0615,1.0615,1.0615
1997-01-29,1.025,1.025,1.025,1.025
1997-01-30,1.012,1.012,1.012,1.012
1997-01-31,1.0375,1.0375,1.0375,1.0375
1997-02-03,1.0245,1.0245,1.0245,1.0245
1997-02-04,1.04,1.04,1.04,1.04
1997-02-05,1.0875,1.0875,1.0875,1.0875
1997-02-06,1.086,1.086,1.086,1.086
1997-02-07,1.0715,1.0715,1.0715,1.0715
1997-02-10,1.0715,1.0715,1.0715,1.0715
1997-02-11,1.06,1.06,1.06,1.06
1997-02-12,1.0795,1.0795,1.0795,1.0795
1997-02-13,1.0805,1.0805,1.0805,1.0805
1997-02-14,1.077,1.077,1.077,1.077
1997-02-18,1.096,1.096,1.096,1.096
1997-02-19,1.117,1.117,1.117,1.117
1997-02-20,1.114,1.114,1.114,1.114
1997-02-21,1.133,1.133,1.133,1.133
1997-02-24,1.137,1.137,1.137,1.137
1997-02-25,1.1145,1.1145,1.1145,1.1145
1997-02-26,1.1485,1.1485,1.1485,1.1485
1997-02-27,1.1135,1.1135,1.1135,1.1135
1997-02-28,1.109,1.109,1.109,1.109
1997-03-03,1.1275,1.1275,1.1275,1.1275
1997-03-04,1.13,1.13,1.13,1.13
1997-03-05,1.104,1.104,1.104,1.104
1997-03-06,1.122,1.122,1.122,1.122
1997-03-07,1.114,1.114,1.114,1.114
1997-03-10,1.0995,1.0995,1.0995,1.0995
1997-03-11,1.1065,1.1065,1.1065,1.1065
1997-03-12,1.0885,1.0885,1.0885,1.0885
1997-03-13,1.0935,1.0935,1.0935,1.0935
1997-03-14,1.112,1.112,1.112,1.112
1997-03-17,1.0965,1.0965,1.0965,1.0965
1997-03-18,1.0875,1.0875,1.0875,1.0875
1997-03-19,1.088,1.088,1.088,1.088
1997-03-20,1.105,1.105,1.105,1.105
1997-03-21,1.121,1.121,1.121,1.121
1997-03-24,1.1095,1.1095,1.1095,1.1095
1997-03-25,1.129,1.129,1.129,1.129
1997-03-26,1.1065,1.1065,1.1065,1.1065
1997-03-27,1.1195,1.1195,1.1195,1.1195
1997-03-31,1.13,1.13,1.13,1.13
1997-04-01,1.1165,1.1165,1.1165,1.1165
1997-04-02,1.1155,1.1155,1.1155,1.1155
1997-04-03,1.068,1.068,1.068,1.068
1997-04-04,1.083,1.083,1.083,1.083
1997-04-07,1.0475,1.0475,1.0475,1.0475
1997-04-08,1.069,1.069,1.069,1.069
1997-04-09,1.0765,1.0765,1.0765,1.0765
1997-04-10,1.0775,1.0775,1.0775,1.0775
1997-04-11,1.0645,1.0645,1.0645,1.0645
1997-04-14,1.0545,1.0545,1.0545,1.0545
1997-04-15,1.0625,1.0625,1.0625,1.0625
1997-04-16,1.0515,1.0515,1.0515,1.0515
1997-04-17,1.0555,1.0555,1.0555,1.0555
1997-04-18,1.068,1.068,1.068,1.068
1997-04-21,1.072,1.072,1.072,1.072
1997-04-22,1.099,1.099,1.099,1.099
1997-04-23,1.128,1.128,1.128,1.128
1997-04-24,1.1235,1.1235,1.1235,1.1235
1997-04-25,1.127,1.127,1.127,1.127
1997-04-28,1.116,1.116,1.116,1.116
1997-04-29,1.0955,1.0955,1.0955,1.0955
1997-04-30,1.1135,1.1135,1.1135,1.1135
1997-05-01,1.0985,1.0985,1.0985,1.0985
1997-05-02,1.1025,1.1025,1.1025,1.1025
1997-05-05,1.1045,1.1045,1.1045,1.1045
1997-05-06,1.0905,1.0905,1.0905,1.0905
1997-05-07,1.1045,1.1045,1.1045,1.1045
1997-05-08,1.1145,1.1145,1.1145,1.1145
1997-05-09,1.116,1.116,1.116,1.116
1997-05-12,1.131,1.131,1.131,1.131
1997-05-13,1.131,1.131,1.131,1.131
1997-05-14,1.138,1.138,1.138,1.138
1997-05-15,1.164,1.164,1.164,1.164
1997-05-16,1.162,1.162,1.162,1.162
1997-05-19,1.1585,1.1585,1.1585,1.1585
1997-05-20,1.1785,1.1785,1.1785,1.1785
1997-05-21,1.182,1.182,1.182,1.182
1997-05-22,1.1895,1.1895,1.1895,1.1895
1997-05-23,1.1875,1.1875,1.1875,1.1875
1997-05-27,1.184,1.184,1.184,1.184
1997-05-28,1.1945,1.1945,1.1945,1.1945
1997-05-29,1.1925,1.1925,1.1925,1.1925
1997-05-30,1.191,1.191,1.191,1.191
1997-06-02,1.1715,1.1715,1.1715,1.1715
1997-06-03,1.171,1.171,1.171,1.171
1997-06-04,1.1565,1.1565,1.1565,1.1565
1997-06-05,1.17,1.17,1.17,1.17
1997-06-06,1.1715,1.1715,1.1715,1.1715
1997-06-09,1.1755,1.1755,1.1755,1.1755
1997-06-10,1.201,1.201,1.201,1.201
1997-06-11,1.218,1.218,1.218,1.218
1997-06-12,1.2135,1.2135,1.2135,1.2135
1997-06-13,1.206,1.206,1.206,1.206
1997-06-16,1.222,1.222,1.222,1.222
1997-06-17,1.212,1.212,1.212,1.212
1997-06-18,1.2195,1.2195,1.2195,1.2195
1997-06-19,1.2215,1.2215,1.2215,1.2215
1997-06-20,1.181,1.181,1.181,1.181
1997-06-23,1.182,1.182,1.182,1.182
1997-06-24,1.1215,1.1215,1.1215,1.1215
1997-06-25,1.092,1.092,1.092,1.092
1997-06-26,1.1195,1.1195,1.1195,1.1195
1997-06-27,1.1185,1.1185,1.1185,1.1185
1997-06-30,1.1215,1.1215,1.1215,1.1215
1997-07-01,1.1005,1.1005,1.1005,1.1005
1997-07-02,1.119,1.119,1.119,1.119
1997-07-03,1.1125,1.1125,1.1125,1.1125
1997-07-07,1.0955,1.0955,1.0955,1.0955
1997-07-08,1.0505,1.0505,1.0505,1.0505
1997-07-09,1.025,1.025,1.025,1.025
1997-07-10,1.0435,1.0435,1.0435,1.0435
1997-07-11,1.043,1.043,1.043,1.043
1997-07-14,1.063,1.063,1.063,1.063
1997-07-15,1.047,1.047,1.047,1.047
1997-07-16,1.038,1.038,1.038,1.038
1997-07-17,1.0645,1.0645,1.0645,1.0645
1997-07-18,1.074,1.074,1.074,1.074
1997-07-21,1.0855,1.0855,1.0855,1.0855
1997-07-22,1.0685,1.0685,1.0685,1.0685
1997-07-23,1.056,1.056,1.056,1.056
1997-07-24,1.078,1.078,1.078,1.078
1997-07-25,1.1145,1.1145,1.1145,1.1145
1997-07-28,1.097,1.097,1.097,1.097
1997-07-29,1.1075,1.1075,1.1075,1.1075
1997-07-30,1.059,1.059,1.059,1.059
1997-07-31,1.089,1.089,1.089,1.089
1997-08-01,1.0725,1.0725,1.0725,1.0725
1997-08-04,1.062,1.062,1.062,1.062
1997-08-05,1.072,1.072,1.072,1.072
1997-08-06,1.062,1.062,1.062,1.062
1997-08-07,1.081,1.081,1.081,1.081
1997-08-08,1.061,1.061,1.061,1.061
1997-08-11,1.052,1.052,1.052,1.052
1997-08-12,1.0485,1.0485,1.0485,1.0485
1997-08-13,1.0515,1.0515,1.0515,1.0515
1997-08-14,1.038,1.038,1.038,1.038
1997-08-15,1,1,1,1
1997-08-18,0.967,0.967,0.967,0.967
1997-08-19,0.9785,0.9785,0.9785,0.9785
1997-08-20,0.9815,0.9815,0.9815,0.9815
1997-08-21,0.991,0.991,0.991,0.991
1997-08-22,0.9995,0.9995,0.9995,0.9995
1997-08-25,0.996,0.996,0.996,0.996
1997-08-26,0.998,0.998,0.998,0.998
1997-08-27,0.999,0.999,0.999,0.999
1997-08-28,0.9715,0.9715,0.9715,0.9715
1997-08-29,0.993,0.993,0.993,0.993
1997-09-02,0.962,0.962,0.962,0.962
1997-09-03,0.98,0.98,0.98,0.98
1997-09-04,0.9795,0.9795,0.9795,0.9795
1997-09-05,0.9845,0.9845,0.9845,0.9845
1997-09-08,0.972,0.972,0.972,0.972
1997-09-09,0.9715,0.9715,0.9715,0.9715
1997-09-10,0.974,0.974,0.974,0.974
1997-09-11,0.9495,0.9495,0.9495,0.9495
1997-09-12,0.954,0.954,0.954,0.954
1997-09-15,0.959,0.959,0.959,0.959
1997-09-16,0.9485,0.9485,0.9485,0.9485
1997-09-17,0.95,0.95,0.95,0.95
1997-09-18,0.965,0.965,0.965,0.965
1997-09-19,0.9635,0.9635,0.9635,0.9635
1997-09-22,0.9545,0.9545,0.9545,0.9545
1997-09-23,0.952,0.952,0.952,0.952
1997-09-24,0.958,0.958,0.958,0.958
1997-09-25,0.9475,0.9475,0.9475,0.9475
1997-09-26,0.952,0.952,0.952,0.952
1997-09-29,0.9945,0.9945,0.9945,0.9945
1997-09-30,0.97,0.97,0.97,0.97
1997-10-01,0.966,0.966,0.966,0.966
1997-10-02,0.9375,0.9375,0.9375,0.9375
1997-10-03,0.9385,0.9385,0.9385,0.9385
1997-10-06,0.943,0.943,0.943,0.943
1997-10-07,0.9485,0.9485,0.9485,0.9485
1997-10-08,0.9425,0.9425,0.9425,0.9425
1997-10-09,0.9505,0.9505,0.9505,0.9505
1997-10-10,0.9425,0.9425,0.9425,0.9425
1997-10-13,0.9415,0.9415,0.9415,0.9415
1997-10-14,0.9585,0.9585,0.9585,0.9585
1997-10-15,0.9705,0.9705,0.9705,0.9705
1997-10-16,0.954,0.954,0.954,0.954
1997-10-17,0.9575,0.9575,0.9575,0.9575
1997-10-20,0.9695,0.9695,0.9695,0.9695
1997-10-21,0.949,0.949,0.949,0.949
1997-10-22,0.9535,0.9535,0.9535,0.9535
1997-10-23,0.939,0.939,0.939,0.939
1997-10-24,0.911,0.911,0.911,0.911
1997-10-27,0.9045,0.9045,0.9045,0.9045
1997-10-28,0.905,0.905,0.905,0.905
1997-10-29,0.9105,0.9105,0.9105,0.9105
1997-10-30,0.9095,0.9095,0.9095,0.9095
1997-10-31,0.9075,0.9075,0.9075,0.9075
1997-11-03,0.9045,0.9045,0.9045,0.9045
1997-11-04,0.903,0.903,0.903,0.903
1997-11-05,0.9045,0.9045,0.9045,0.9045
1997-11-06,0.891,0.891,0.891,0.891
1997-11-07,0.892,0.892,0.892,0.892
1997-11-10,0.9065,0.9065,0.9065,0.9065
1997-11-11,0.894,0.894,0.894,0.894
1997-11-12,0.8855,0.8855,0.8855,0.8855
1997-11-13,0.886,0.886,0.886,0.886
1997-11-14,0.89,0.89,0.89,0.89
1997-11-17,0.8915,0.8915,0.8915,0.8915
1997-11-18,0.8595,0.8595,0.8595,0.8595
1997-11-19,0.859,0.859,0.859,0.859
1997-11-20,0.849,0.849,0.849,0.849
1997-11-21,0.84,0.84,0.84,0.84
1997-11-24,0.837,0.837,0.837,0.837
1997-11-25,0.839,0.839,0.839,0.839
1997-11-26,0.8405,0.8405,0.8405,0.8405
1997-12-01,0.8335,0.8335,0.8335,0.8335
1997-12-02,0.834,0.834,0.834,0.834
1997-12-03,0.8185,0.8185,0.8185,0.8185
1997-12-04,0.8255,0.8255,0.8255,0.8255
1997-12-05,0.812,0.812,0.812,0.812
1997-12-08,0.8255,0.8255,0.8255,0.8255
1997-12-09,0.8225,0.8225,0.8225,0.8225
1997-12-10,0.822,0.822,0.822,0.822
1997-12-11,0.816,0.816,0.816,0.816
1997-12-12,0.819,0.819,0.819,0.819
1997-12-15,0.803,0.803,0.803,0.803
1997-12-16,0.7935,0.7935,0.7935,0.7935
1997-12-17,0.8065,0.8065,0.8065,0.8065
1997-12-18,0.812,0.812,0.812,0.812
1997-12-19,0.81,0.81,0.81,0.81
1997-12-22,0.8085,0.8085,0.8085,0.8085
1997-12-23,0.7975,0.7975,0.7975,0.7975
1997-12-24,0.7905,0.7905,0.7905,0.7905
1997-12-26,0.789,0.789,0.789,0.789
1997-12-29,0.777,0.777,0.777,0.777
1997-12-30,0.785,0.785,0.785,0.785
1997-12-31,0.781,0.781,0.781,0.781
1998-01-02,0.7745,0.7745,0.7745,0.7745
1998-01-05,0.764,0.764,0.764,0.764
1998-01-06,0.767,0.767,0.767,0.767
1998-01-07,0.762,0.762,0.762,0.762
1998-01-08,0.7585,0.7585,0.7585,0.7585
1998-01-09,0.753,0.753,0.753,0.753
1998-01-12,0.748,0.748,0.748,0.748
1998-01-13,0.769,0.769,0.769,0.769
1998-01-14,0.773,0.773,0.773,0.773
1998-01-15,0.78,0.78,0.78,0.78
1998-01-16,0.7725,0.7725,0.7725,0.7725
1998-01-20,0.77,0.77,0.77,0.77
1998-01-21,0.7735,0.7735,0.7735,0.7735
1998-01-22,0.7855,0.7855,0.7855,0.7855
1998-01-23,0.7945,0.7945,0.7945,0.7945
1998-01-26,0.7975,0.7975,0.7975,0.7975
1998-01-27,0.812,0.812,0.812,0.812
1998-01-28,0.806,0.806,0.806,0.806
1998-01-29,0.807,0.807,0.807,0.807
1998-01-30,0.793,0.793,0.793,0.793
1998-02-02,0.7885,0.7885,0.7885,0.7885
1998-02-03,0.7675,0.7675,0.7675,0.7675
1998-02-04,0.7735,0.7735,0.7735,0.7735
1998-02-05,0.769,0.769,0.769,0.769
1998-02-06,0.7655,0.7655,0.7655,0.7655
1998-02-09,0.7535,0.7535,0.7535,0.7535
1998-02-10,0.7695,0.7695,0.7695,0.7695
1998-02-11,0.7715,0.7715,0.7715,0.7715
1998-02-12,0.7695,0.7695,0.7695,0.7695
1998-02-13,0.7595,0.7595,0.7595,0.7595
1998-02-17,0.7535,0.7535,0.7535,0.7535
1998-02-18,0.7445,0.7445,0.7445,0.7445
1998-02-19,0.7515,0.7515,0.7515,0.7515
1998-02-20,0.7415,0.7415,0.7415,0.7415
1998-02-23,0.7275,0.7275,0.7275,0.7275
1998-02-24,0.7255,0.7255,0.7255,0.7255
1998-02-25,0.749,0.749,0.749,0.749
1998-02-26,0.772,0.772,0.772,0.772
1998-02-27,0.7705,0.7705,0.7705,0.7705
1998-03-02,0.7985,0.7985,0.7985,0.7985
1998-03-03,0.7845,0.7845,0.7845,0.7845
1998-03-04,0.7875,0.7875,0.7875,0.7875
1998-03-05,0.8045,0.8045,0.8045,0.8045
1998-03-06,0.804,0.804,0.804,0.804
1998-03-09,0.8005,0.8005,0.8005,0.8005
1998-03-10,0.807,0.807,0.807,0.807
1998-03-11,0.8055,0.8055,0.8055,0.8055
1998-03-12,0.837,0.837,0.837,0.837
1998-03-13,0.828,0.828,0.828,0.828
1998-03-16,0.831,0.831,0.831,0.831
1998-03-17,0.825,0.825,0.825,0.825
1998-03-18,0.8085,0.8085,0.8085,0.8085
1998-03-19,0.8015,0.8015,0.8015,0.8015
1998-03-20,0.8005,0.8005,0.8005,0.8005
1998-03-23,0.8165,0.8165,0.8165,0.8165
1998-03-24,0.801,0.801,0.801,0.801
1998-03-25,0.7895,0.7895,0.7895,0.7895
1998-03-26,0.7945,0.7945,0.7945,0.7945
1998-03-27,0.7955,0.7955,0.7955,0.7955
1998-03-30,0.796,0.796,0.796,0.796
1998-03-31,0.7985,0.7985,0.7985,0.7985
1998-04-01,0.767,0.767,0.767,0.767
1998-04-02,0.772,0.772,0.772,0.772
1998-04-03,0.7635,0.7635,0.7635,0.7635
1998-04-06,0.767,0.767,0.767,0.767
1998-04-07,0.777,0.777,0.777,0.777
1998-04-08,0.7825,0.7825,0.7825,0.7825
1998-04-09,0.8105,0.8105,0.8105,0.8105
1998-04-13,0.8215,0.8215,0.8215,0.8215
1998-04-14,0.818,0.818,0.818,0.818
1998-04-15,0.8565,0.8565,0.8565,0.8565
1998-04-16,0.8335,0.8335,0.8335,0.8335
1998-04-17,0.8385,0.8385,0.8385,0.8385
1998-04-20,0.832,0.832,0.832,0.832
1998-04-21,0.8415,0.8415,0.8415,0.8415
1998-04-22,0.8485,0.8485,0.8485,0.8485
1998-04-23,0.846,0.846,0.846,0.846
1998-04-24,0.8355,0.8355,0.8355,0.8355
1998-04-27,0.8485,0.8485,0.8485,0.8485
1998-04-28,0.8495,0.8495,0.8495,0.8495
1998-04-29,0.845,0.845,0.845,0.845
1998-04-30,0.837,0.837,0.837,0.837
1998-05-01,0.854,0.854,0.854,0.854
1998-05-04,0.852,0.852,0.852,0.852
1998-05-05,0.845,0.845,0.845,0.845
1998-05-06,0.82,0.82,0.82,0.82
1998-05-07,0.7955,0.7955,0.7955,0.7955
1998-05-08,0.7965,0.7965,0.7965,0.7965
1998-05-11,0.78,0.78,0.78,0.78
1998-05-12,0.793,0.793,0.793,0.793
1998-05-13,0.786,0.786,0.786,0.786
1998-05-14,0.7905,0.7905,0.7905,0.7905
1998-05-15,0.7835,0.7835,0.7835,0.7835
1998-05-18,0.7375,0.7375,0.7375,0.7375
1998-05-19,0.756,0.756,0.756,0.756
1998-05-20,0.7595,0.7595,0.7595,0.7595
1998-05-21,0.7645,0.7645,0.7645,0.7645
1998-05-22,0.7635,0.7635,0.7635,0.7635
1998-05-26,0.749,0.749,0.749,0.749
1998-05-27,0.763,0.763,0.763,0.763
1998-05-28,0.7685,0.7685,0.7685,0.7685
1998-05-29,0.775,0.775,0.775,0.775
1998-06-01,0.7595,0.7595,0.7595,0.7595
1998-06-02,0.7475,0.7475,0.7475,0.7475
1998-06-03,0.766,0.766,0.766,0.766
1998-06-04,0.755,0.755,0.755,0.755
1998-06-05,0.7585,0.7585,0.7585,0.7585
1998-06-08,0.765,0.765,0.765,0.765
1998-06-09,0.7635,0.7635,0.7635,0.7635
1998-06-10,0.7805,0.7805,0.7805,0.7805
1998-06-11,0.7635,0.7635,0.7635,0.7635
1998-06-12,0.754,0.754,0.754,0.754
1998-06-15,0.733,0.733,0.733,0.733
1998-06-16,0.7355,0.7355,0.7355,0.7355
1998-06-17,0.749,0.749,0.749,0.749
1998-06-18,0.741,0.741,0.741,0.741
1998-06-19,0.7565,0.7565,0.7565,0.7565
1998-06-22,0.757,0.757,0.757,0.757
1998-06-23,0.751,0.751,0.751,0.751
1998-06-24,0.746,0.746,0.746,0.746
1998-06-25,0.744,0.744,0.744,0.744
1998-06-26,0.7385,0.7385,0.7385,0.7385
1998-06-29,0.736,0.736,0.736,0.736
1998-06-30,0.738,0.738,0.738,0.738
1998-07-01,0.725,0.725,0.725,0.725
1998-07-02,0.7285,0.7285,0.7285,0.7285
1998-07-06,0.7215,0.7215,0.7215,0.7215
1998-07-07,0.724,0.724,0.724,0.724
1998-07-08,0.722,0.722,0.722,0.722
1998-07-09,0.718,0.718,0.718,0.718
1998-07-10,0.723,0.723,0.723,0.723
1998-07-13,0.7205,0.753,0.719,0.743
1998-07-14,0.746,0.7625,0.744,0.7495
1998-07-15,0.751,0.7685,0.7495,0.7655
1998-07-16,0.775,0.781,0.7655,0.766
1998-07-17,0.766,0.779,0.761,0.7705
1998-07-20,0.78,0.793,0.778,0.7905
1998-07-21,0.786,0.7885,0.769,0.7725
1998-07-22,0.7705,0.7835,0.769,0.782
1998-07-23,0.78,0.781,0.771,0.778
1998-07-24,0.808,0.809,0.799,0.807
1998-07-27,0.801,0.803,0.789,0.7915
1998-07-28,0.795,0.796,0.784,0.7885
1998-07-29,0.778,0.7825,0.773,0.7795
1998-07-30,0.7795,0.795,0.779,0.7835
1998-07-31,0.7775,0.779,0.767,0.7695
1998-08-03,0.758,0.761,0.745,0.75
1998-08-04,0.748,0.75,0.736,0.739
1998-08-05,0.74,0.752,0.7385,0.74
1998-08-06,0.731,0.74,0.728,0.739
1998-08-07,0.737,0.748,0.736,0.745
1998-08-10,0.737,0.74,0.731,0.7315
1998-08-11,0.726,0.728,0.717,0.7185
1998-08-12,0.728,0.732,0.7215,0.7275
1998-08-13,0.728,0.738,0.7235,0.7265
1998-08-14,0.728,0.74,0.725,0.7275
1998-08-17,0.728,0.736,0.725,0.734
1998-08-18,0.729,0.7325,0.722,0.729
1998-08-19,0.729,0.738,0.726,0.7315
1998-08-20,0.744,0.756,0.742,0.746
1998-08-21,0.7305,0.7305,0.7305,0.7305
1998-08-24,0.7325,0.7455,0.731,0.744
1998-08-25,0.742,0.745,0.734,0.7395
1998-08-26,0.7395,0.7395,0.733,0.734
1998-08-27,0.737,0.742,0.727,0.7395
1998-08-28,0.742,0.744,0.721,0.7215
1998-08-31,0.721,0.722,0.708,0.7135
1998-09-01,0.722,0.76,0.722,0.759
1998-09-02,0.7515,0.752,0.738,0.744
1998-09-03,0.745,0.768,0.739,0.7515
1998-09-04,0.76,0.7615,0.752,0.755
1998-09-08,0.7715,0.781,0.765,0.7735
1998-09-09,0.7715,0.783,0.7615,0.7815
1998-09-10,0.774,0.778,0.766,0.7725
1998-09-11,0.766,0.777,0.76,0.7665
1998-09-14,0.7625,0.767,0.754,0.7575
1998-09-15,0.771,0.771,0.771,0.771
1998-09-16,0.77,0.771,0.754,0.7615
1998-09-17,0.749,0.757,0.7415,0.748
1998-09-18,0.745,0.758,0.743,0.748
1998-09-21,0.743,0.748,0.737,0.7465
1998-09-22,0.744,0.752,0.734,0.7365
1998-09-23,0.743,0.751,0.738,0.7505
1998-09-24,0.75,0.754,0.741,0.751
1998-09-25,0.764,0.766,0.752,0.756
1998-09-28,0.7525,0.756,0.748,0.7535
1998-09-29,0.75,0.756,0.7485,0.753
1998-09-30,0.749,0.75,0.729,0.7375
1998-10-01,0.73,0.738,0.728,0.735
1998-10-02,0.732,0.736,0.723,0.727
1998-10-05,0.723,0.729,0.71,0.715
1998-10-06,0.719,0.725,0.716,0.7215
1998-10-07,0.731,0.734,0.725,0.731
1998-10-08,0.739,0.74,0.722,0.723
1998-10-09,0.7235,0.7235,0.7235,0.7235
1998-10-12,0.729,0.736,0.726,0.7275
1998-10-13,0.731,0.731,0.731,0.731
1998-10-14,0.73,0.731,0.7225,0.727
1998-10-15,0.719,0.727,0.717,0.726
1998-10-16,0.73,0.754,0.726,0.7455
1998-10-19,0.743,0.748,0.738,0.7385
1998-10-20,0.736,0.741,0.733,0.735
1998-10-21,0.732,0.7325,0.716,0.7305
1998-10-22,0.724,0.73,0.7205,0.728
1998-10-23,0.7255,0.7255,0.7255,0.7255
1998-10-26,0.713,0.719,0.708,0.7185
1998-10-27,0.7135,0.718,0.71,0.7135
1998-10-28,0.7165,0.7195,0.705,0.7075
1998-10-29,0.708,0.716,0.705,0.7145
1998-10-30,0.715,0.73,0.715,0.724
1998-11-02,0.727,0.736,0.727,0.728
1998-11-03,0.725,0.7285,0.7215,0.7255
1998-11-04,0.727,0.74,0.727,0.731
1998-11-05,0.732,0.741,0.728,0.732
1998-11-06,0.743,0.748,0.7275,0.731
1998-11-09,0.729,0.73,0.723,0.7245
1998-11-10,0.72,0.7235,0.713,0.714
1998-11-11,0.7155,0.722,0.7125,0.7185
1998-11-12,0.719,0.724,0.718,0.72
1998-11-13,0.718,0.719,0.7,0.7105
1998-11-16,0.708,0.711,0.701,0.704
1998-11-17,0.705,0.717,0.705,0.7155
1998-11-18,0.7115,0.721,0.711,0.7175
1998-11-19,0.717,0.7175,0.709,0.7115
1998-11-20,0.712,0.727,0.712,0.722
1998-11-23,0.721,0.722,0.71,0.711
1998-11-24,0.71,0.71,0.71,0.71
1998-11-25,0.708,0.713,0.7,0.704
1998-11-30,0.721,0.7215,0.71,0.7145
1998-12-01,0.713,0.719,0.712,0.713
1998-12-02,0.705,0.7085,0.702,0.7025
1998-12-03,0.698,0.701,0.687,0.688
1998-12-04,0.686,0.692,0.6835,0.6865
1998-12-07,0.691,0.6945,0.68,0.6805
1998-12-08,0.6835,0.687,0.676,0.6805
1998-12-09,0.682,0.689,0.679,0.685
1998-12-10,0.688,0.69,0.68,0.681
1998-12-11,0.676,0.677,0.6585,0.666
1998-12-14,0.667,0.6685,0.6625,0.664
1998-12-15,0.6625,0.674,0.66,0.67
1998-12-16,0.67,0.689,0.67,0.681
1998-12-17,0.678,0.679,0.6625,0.6665
1998-12-18,0.665,0.668,0.658,0.6635
1998-12-21,0.664,0.669,0.663,0.6645
1998-12-22,0.665,0.671,0.663,0.668
1998-12-23,0.666,0.6675,0.659,0.661
1998-12-24,0.663,0.665,0.6595,0.661
1998-12-28,0.661,0.67,0.657,0.666
1998-12-29,0.672,0.696,0.671,0.677
1998-12-30,0.679,0.68,0.667,0.669
1998-12-31,0.67,0.676,0.669,0.672
1999-01-04,0.662,0.664,0.652,0.654
1999-01-05,0.646,0.6505,0.642,0.647
1999-01-06,0.6465,0.655,0.646,0.653
1999-01-07,0.6555,0.659,0.646,0.6525
1999-01-08,0.6575,0.6655,0.655,0.659
1999-01-11,0.6615,0.6725,0.657,0.672
1999-01-12,0.6765,0.679,0.665,0.6695
1999-01-13,0.662,0.6655,0.656,0.6645
1999-01-14,0.659,0.662,0.654,0.658
1999-01-15,0.656,0.665,0.655,0.663
1999-01-19,0.66,0.671,0.659,0.669
1999-01-20,0.6595,0.6625,0.6555,0.66
1999-01-21,0.664,0.668,0.6555,0.6585
1999-01-22,0.6585,0.6605,0.653,0.657
1999-01-25,0.652,0.655,0.647,0.6535
1999-01-26,0.654,0.6565,0.648,0.6495
1999-01-27,0.643,0.65,0.642,0.644
1999-01-28,0.644,0.648,0.643,0.6435
1999-01-29,0.6375,0.646,0.637,0.645
1999-02-01,0.645,0.647,0.637,0.646
1999-02-02,0.648,0.6505,0.645,0.6485
1999-02-03,0.655,0.658,0.648,0.648
1999-02-04,0.659,0.663,0.6555,0.658
1999-02-05,0.667,0.668,0.661,0.666
1999-02-08,0.6675,0.685,0.667,0.6845
1999-02-09,0.677,0.678,0.664,0.6675
1999-02-10,0.667,0.669,0.658,0.6625
1999-02-11,0.661,0.665,0.659,0.6625
1999-02-12,0.661,0.663,0.654,0.655
1999-02-16,0.636,0.639,0.625,0.6255
1999-02-17,0.631,0.6335,0.627,0.6275
1999-02-18,0.625,0.627,0.617,0.6175
1999-02-19,0.625,0.627,0.618,0.619
1999-02-22,0.616,0.6175,0.6115,0.6135
1999-02-23,0.616,0.623,0.615,0.6185
1999-02-24,0.619,0.626,0.614,0.6195
1999-02-25,0.627,0.6345,0.6265,0.634
1999-02-26,0.6305,0.634,0.629,0.6325
1999-03-01,0.6255,0.6295,0.624,0.624
1999-03-02,0.63,0.63,0.63,0.63
1999-03-03,0.634,0.639,0.632,0.634
1999-03-04,0.6235,0.6475,0.6215,0.633
1999-03-05,0.635,0.641,0.63,0.634
1999-03-08,0.6275,0.63,0.6225,0.6265
1999-03-09,0.63,0.637,0.629,0.631
1999-03-10,0.6285,0.638,0.628,0.634
1999-03-11,0.638,0.64,0.631,0.631
1999-03-12,0.6265,0.6325,0.624,0.6245
1999-03-15,0.621,0.625,0.616,0.6175
1999-03-16,0.619,0.6225,0.616,0.6185
1999-03-17,0.623,0.632,0.6225,0.623
1999-03-18,0.629,0.631,0.616,0.6165
1999-03-19,0.6215,0.626,0.616,0.6175
1999-03-22,0.6205,0.6455,0.618,0.645
1999-03-23,0.655,0.659,0.6495,0.656
1999-03-24,0.649,0.657,0.646,0.652
1999-03-25,0.6525,0.661,0.651,0.6585
1999-03-26,0.6565,0.657,0.65,0.6515
1999-03-29,0.638,0.64,0.6235,0.6245
1999-03-30,0.6245,0.629,0.618,0.622
1999-03-31,0.626,0.63,0.622,0.6275
1999-04-01,0.624,0.632,0.624,0.6285
1999-04-05,0.63,0.631,0.624,0.63
1999-04-06,0.6265,0.632,0.625,0.6275
1999-04-07,0.6335,0.647,0.633,0.6465
1999-04-08,0.6475,0.654,0.642,0.6445
1999-04-09,0.639,0.6465,0.628,0.6455
1999-04-12,0.6425,0.643,0.6335,0.6355
1999-04-13,0.6425,0.66,0.642,0.6565
1999-04-14,0.6515,0.6565,0.646,0.6505
1999-04-15,0.677,0.677,0.665,0.6715
1999-04-16,0.69,0.692,0.687,0.6895
1999-04-19,0.685,0.705,0.681,0.704
1999-04-20,0.696,0.6995,0.684,0.6865
1999-04-21,0.683,0.694,0.6805,0.691
1999-04-22,0.694,0.708,0.69,0.7055
1999-04-23,0.7,0.703,0.6965,0.697
1999-04-26,0.6885,0.6935,0.684,0.6935
1999-04-27,0.689,0.7,0.687,0.696
1999-04-28,0.6975,0.7065,0.694,0.699
1999-04-29,0.72,0.729,0.715,0.7255
1999-04-30,0.7255,0.728,0.719,0.7275
1999-05-03,0.727,0.734,0.7235,0.733
1999-05-04,0.7275,0.7325,0.724,0.727
1999-05-05,0.7225,0.7255,0.717,0.722
1999-05-06,0.73,0.737,0.728,0.7285
1999-05-07,0.722,0.728,0.7185,0.7225
1999-05-10,0.725,0.7255,0.717,0.7225
1999-05-11,0.712,0.7235,0.7075,0.722
1999-05-12,0.7175,0.7185,0.709,0.71
1999-05-13,0.715,0.717,0.709,0.716
1999-05-14,0.707,0.72,0.7025,0.719
1999-05-17,0.714,0.715,0.7085,0.713
1999-05-18,0.7155,0.717,0.6985,0.7075
1999-05-19,0.698,0.7025,0.6855,0.687
1999-05-20,0.6865,0.6915,0.678,0.679
1999-05-21,0.678,0.684,0.668,0.671
1999-05-24,0.672,0.676,0.6655,0.6715
1999-05-25,0.674,0.6785,0.6705,0.6735
1999-05-26,0.6705,0.6725,0.6625,0.6645
1999-05-27,0.6555,0.657,0.63,0.6315
1999-05-28,0.621,0.63,0.611,0.628
1999-06-01,0.628,0.637,0.626,0.635
1999-06-02,0.6355,0.639,0.622,0.623
1999-06-03,0.6235,0.626,0.617,0.624
1999-06-04,0.6325,0.636,0.62,0.62
1999-06-07,0.6225,0.631,0.62,0.63
1999-06-08,0.633,0.6385,0.626,0.636
1999-06-09,0.635,0.642,0.635,0.6385
1999-06-10,0.641,0.6485,0.639,0.64
1999-06-11,0.64,0.652,0.636,0.6455
1999-06-14,0.648,0.65,0.6405,0.649
1999-06-15,0.6415,0.643,0.63,0.6325
1999-06-16,0.632,0.634,0.628,0.6295
1999-06-17,0.631,0.634,0.6265,0.6325
1999-06-18,0.642,0.658,0.637,0.654
1999-06-21,0.656,0.661,0.6535,0.66
1999-06-22,0.657,0.6705,0.6515,0.664
1999-06-23,0.663,0.664,0.655,0.66
1999-06-24,0.661,0.67,0.656,0.6635
1999-06-25,0.672,0.6915,0.6715,0.69
1999-06-28,0.7,0.705,0.695,0.697
1999-06-29,0.718,0.72,0.707,0.716
1999-06-30,0.714,0.769,0.7125,0.7665
1999-07-01,0.764,0.775,0.757,0.76
1999-07-02,0.764,0.766,0.757,0.765
1999-07-06,0.759,0.771,0.755,0.762
1999-07-07,0.761,0.787,0.759,0.786
1999-07-08,0.7955,0.803,0.779,0.7815
1999-07-09,0.779,0.787,0.769,0.781
1999-07-12,0.777,0.782,0.772,0.779
1999-07-13,0.771,0.772,0.755,0.762
1999-07-14,0.763,0.7835,0.7625,0.777
1999-07-15,0.788,0.8015,0.78,0.799
1999-07-16,0.774,0.791,0.763,0.783
1999-07-19,0.779,0.78,0.772,0.779
1999-07-20,0.781,0.784,0.765,0.7695
1999-07-21,0.764,0.772,0.74,0.7475
1999-07-22,0.746,0.755,0.739,0.754
1999-07-23,0.7515,0.763,0.742,0.746
1999-07-26,0.741,0.75,0.731,0.747
1999-07-27,0.75,0.762,0.749,0.754
1999-07-28,0.742,0.748,0.737,0.745
1999-07-29,0.741,0.7475,0.7315,0.7335
1999-07-30,0.737,0.764,0.736,0.7625
1999-08-02,0.756,0.759,0.745,0.748
1999-08-03,0.7545,0.763,0.751,0.756
1999-08-04,0.755,0.7645,0.7525,0.7615
1999-08-05,0.776,0.781,0.7645,0.774
1999-08-06,0.775,0.78,0.77,0.777
1999-08-09,0.778,0.783,0.774,0.7775
1999-08-10,0.77,0.779,0.765,0.7675
1999-08-11,0.7675,0.778,0.758,0.7775
1999-08-12,0.7805,0.788,0.77,0.771
1999-08-13,0.772,0.779,0.756,0.776
1999-08-16,0.775,0.775,0.775,0.775
1999-08-17,0.771,0.7775,0.7675,0.7705
1999-08-18,0.7675,0.7735,0.743,0.7455
1999-08-19,0.746,0.751,0.74,0.7475
1999-08-20,0.749,0.754,0.735,0.7405
1999-08-23,0.74,0.743,0.733,0.739
1999-08-24,0.7485,0.756,0.7465,0.7555
1999-08-25,0.763,0.7675,0.749,0.7525
1999-08-26,0.75,0.7595,0.744,0.7485
1999-08-27,0.748,0.755,0.747,0.7535
1999-08-30,0.763,0.765,0.7535,0.761
1999-08-31,0.7695,0.794,0.769,0.792
1999-09-01,0.7995,0.808,0.797,0.807
1999-09-02,0.802,0.8155,0.798,0.8105
1999-09-03,0.8105,0.817,0.805,0.808
1999-09-07,0.82,0.8275,0.817,0.8265
1999-09-08,0.819,0.823,0.814,0.822
1999-09-09,0.823,0.836,0.818,0.8335
1999-09-10,0.8215,0.831,0.821,0.8285
1999-09-13,0.825,0.825,0.818,0.8215
1999-09-14,0.817,0.818,0.804,0.8085
1999-09-15,0.803,0.836,0.8,0.829
1999-09-16,0.834,0.835,0.822,0.823
1999-09-17,0.8325,0.844,0.832,0.8435
1999-09-20,0.839,0.84,0.827,0.8295
1999-09-21,0.839,0.84,0.829,0.8365
1999-09-22,0.832,0.836,0.815,0.822
1999-09-23,0.821,0.825,0.809,0.815
1999-09-24,0.814,0.8175,0.796,0.8015
1999-09-27,0.807,0.813,0.795,0.797
1999-09-28,0.808,0.83,0.802,0.817
1999-09-29,0.83,0.833,0.81,0.8105
1999-09-30,0.815,0.827,0.8115,0.8265
1999-10-01,0.818,0.8275,0.806,0.815
1999-10-04,0.813,0.816,0.803,0.8065
1999-10-05,0.8135,0.816,0.799,0.81
1999-10-06,0.815,0.818,0.8,0.8055
1999-10-07,0.804,0.811,0.795,0.805
1999-10-08,0.785,0.785,0.763,0.7675
1999-10-11,0.76,0.767,0.752,0.759
1999-10-12,0.777,0.7935,0.769,0.787
1999-10-13,0.7865,0.801,0.7855,0.7955
1999-10-14,0.795,0.7965,0.783,0.79
1999-10-15,0.7865,0.791,0.778,0.7895
1999-10-18,0.783,0.797,0.778,0.796
1999-10-19,0.794,0.8015,0.7895,0.791
1999-10-20,0.804,0.815,0.803,0.813
1999-10-21,0.8185,0.82,0.807,0.8125
1999-10-22,0.8125,0.822,0.811,0.8175
1999-10-25,0.815,0.8165,0.806,0.8095
1999-10-26,0.801,0.809,0.795,0.798
1999-10-27,0.7995,0.802,0.785,0.7975
1999-10-28,0.796,0.8085,0.791,0.807
1999-10-29,0.813,0.814,0.804,0.8055
1999-11-01,0.809,0.8125,0.802,0.805
1999-11-02,0.8035,0.819,0.802,0.814
1999-11-03,0.818,0.824,0.81,0.8115
1999-11-04,0.815,0.824,0.8065,0.809
1999-11-05,0.8045,0.811,0.797,0.8005
1999-11-08,0.7995,0.8095,0.793,0.7985
1999-11-09,0.799,0.807,0.7985,0.8045
1999-11-10,0.8,0.803,0.788,0.7905
1999-11-11,0.7935,0.7955,0.776,0.7805
1999-11-12,0.783,0.783,0.765,0.7725
1999-11-15,0.774,0.7825,0.766,0.782
1999-11-16,0.785,0.791,0.78,0.7835
1999-11-17,0.785,0.7895,0.781,0.783
1999-11-18,0.785,0.7855,0.774,0.7825
1999-11-19,0.777,0.7875,0.772,0.7855
1999-11-22,0.788,0.793,0.7845,0.79
1999-11-23,0.785,0.785,0.785,0.785
1999-11-24,0.787,0.794,0.786,0.7895
1999-11-29,0.807,0.819,0.807,0.814
1999-11-30,0.814,0.819,0.811,0.818
1999-12-01,0.8145,0.822,0.801,0.8065
1999-12-02,0.8065,0.8075,0.79,0.7995
1999-12-03,0.8005,0.815,0.796,0.813
1999-12-06,0.813,0.817,0.8075,0.815
1999-12-07,0.815,0.815,0.796,0.8025
1999-12-08,0.802,0.8065,0.798,0.7995
1999-12-09,0.8,0.8065,0.797,0.804
1999-12-10,0.8035,0.8055,0.794,0.796
1999-12-13,0.795,0.803,0.7945,0.8015
1999-12-14,0.802,0.811,0.799,0.8085
1999-12-15,0.809,0.84,0.806,0.8395
1999-12-16,0.838,0.843,0.833,0.8405
1999-12-17,0.8405,0.85,0.8345,0.845
1999-12-20,0.8425,0.848,0.8365,0.8465
1999-12-21,0.8465,0.8475,0.8325,0.833
1999-12-22,0.8335,0.8555,0.8325,0.8535
1999-12-23,0.853,0.8585,0.8495,0.8525
1999-12-27,0.8525,0.858,0.8505,0.8515
1999-12-28,0.85,0.856,0.85,0.852
1999-12-29,0.852,0.862,0.848,0.8585
1999-12-30,0.858,0.864,0.8555,0.863
2000-01-04,0.8615,0.862,0.845,0.848
2000-01-05,0.845,0.859,0.838,0.8565
2000-01-06,0.856,0.8565,0.848,0.853
2000-01-07,0.853,0.8625,0.8495,0.854
2000-01-10,0.853,0.8545,0.84,0.8465
2000-01-11,0.8455,0.851,0.842,0.8435
2000-01-12,0.844,0.8695,0.843,0.866
2000-01-13,0.865,0.867,0.855,0.8565
2000-01-14,0.856,0.863,0.855,0.8625
2000-01-18,0.867,0.8695,0.851,0.866
2000-01-19,0.865,0.883,0.865,0.8825
2000-01-20,0.881,0.885,0.8675,0.873
2000-01-21,0.8725,0.881,0.868,0.873
2000-01-24,0.87,0.87,0.856,0.8565
2000-01-25,0.8555,0.862,0.841,0.8425
2000-01-26,0.842,0.853,0.835,0.8415
2000-01-27,0.842,0.848,0.831,0.8445
2000-01-28,0.8445,0.852,0.8335,0.835
2000-01-31,0.834,0.85,0.8325,0.8495
2000-02-01,0.85,0.854,0.8355,0.843
2000-02-02,0.841,0.843,0.818,0.8225
2000-02-03,0.826,0.827,0.8155,0.826
2000-02-04,0.825,0.8285,0.8125,0.8275
2000-02-07,0.8275,0.8325,0.819,0.827
2000-02-08,0.8265,0.8275,0.817,0.82
2000-02-09,0.82,0.825,0.817,0.822
2000-02-10,0.825,0.852,0.822,0.8495
2000-02-11,0.849,0.853,0.8445,0.845
2000-02-14,0.845,0.845,0.8355,0.844
2000-02-15,0.844,0.851,0.821,0.827
2000-02-16,0.831,0.831,0.82,0.828
2000-02-17,0.8285,0.836,0.8225,0.836
2000-02-18,0.835,0.841,0.831,0.832
2000-02-22,0.825,0.828,0.818,0.8275
2000-02-23,0.828,0.84,0.8275,0.839
2000-02-24,0.833,0.847,0.833,0.834
2000-02-25,0.834,0.834,0.8145,0.815
2000-02-28,0.825,0.827,0.7915,0.794
2000-02-29,0.795,0.8035,0.781,0.798
2000-03-01,0.7985,0.81,0.793,0.803
2000-03-02,0.803,0.8055,0.791,0.797
2000-03-03,0.797,0.8055,0.788,0.803
2000-03-06,0.806,0.808,0.797,0.8045
2000-03-07,0.804,0.81,0.7915,0.7945
2000-03-08,0.7945,0.7945,0.7815,0.7895
2000-03-09,0.7895,0.7995,0.787,0.799
2000-03-10,0.8,0.803,0.789,0.7915
2000-03-13,0.7895,0.7935,0.782,0.79
2000-03-14,0.787,0.81,0.787,0.803
2000-03-15,0.8025,0.814,0.8015,0.811
2000-03-16,0.8085,0.8225,0.806,0.8195
2000-03-17,0.819,0.821,0.8125,0.8145
2000-03-20,0.8175,0.819,0.806,0.8075
2000-03-21,0.806,0.822,0.805,0.8185
2000-03-22,0.8175,0.826,0.8135,0.817
2000-03-23,0.815,0.8185,0.81,0.818
2000-03-24,0.816,0.82,0.809,0.811
2000-03-27,0.809,0.8115,0.795,0.8025
2000-03-28,0.802,0.8065,0.799,0.804
2000-03-29,0.8035,0.8085,0.8,0.807
2000-03-30,0.8065,0.814,0.804,0.8075
2000-03-31,0.809,0.809,0.798,0.805
2000-04-03,0.8035,0.8035,0.788,0.8025
2000-04-04,0.797,0.802,0.792,0.793
2000-04-05,0.795,0.798,0.789,0.791
2000-04-06,0.79,0.791,0.762,0.7635
2000-04-07,0.7645,0.7695,0.7585,0.7685
2000-04-10,0.7675,0.777,0.766,0.7755
2000-04-11,0.777,0.784,0.774,0.78
2000-04-12,0.779,0.781,0.773,0.7775
2000-04-13,0.777,0.778,0.7675,0.77
2000-04-14,0.7705,0.7705,0.7515,0.7535
2000-04-17,0.753,0.756,0.741,0.7435
2000-04-18,0.748,0.767,0.747,0.7645
2000-04-19,0.766,0.774,0.7655,0.769
2000-04-20,0.77,0.772,0.763,0.766
2000-04-24,0.764,0.766,0.757,0.766
2000-04-25,0.7655,0.79,0.764,0.7895
2000-04-26,0.79,0.792,0.781,0.783
2000-04-27,0.7905,0.798,0.787,0.7965
2000-04-28,0.7965,0.808,0.795,0.796
2000-05-01,0.795,0.8,0.795,0.8
2000-05-02,0.801,0.8255,0.798,0.8215
2000-05-03,0.8195,0.824,0.8135,0.8185
2000-05-04,0.8165,0.824,0.814,0.8195
2000-05-05,0.832,0.843,0.831,0.8405
2000-05-08,0.839,0.847,0.8335,0.8355
2000-05-09,0.8325,0.8365,0.827,0.8305
2000-05-10,0.839,0.8445,0.826,0.8285
2000-05-11,0.828,0.835,0.8275,0.83
2000-05-12,0.847,0.849,0.841,0.8445
2000-05-15,0.8445,0.847,0.839,0.8405
2000-05-16,0.8465,0.855,0.846,0.851
2000-05-17,0.851,0.854,0.8425,0.843
2000-05-18,0.85,0.855,0.8445,0.845
2000-05-19,0.845,0.846,0.836,0.8425
2000-05-22,0.843,0.8445,0.828,0.831
2000-05-23,0.836,0.838,0.83,0.8345
2000-05-24,0.832,0.846,0.831,0.8385
2000-05-25,0.8335,0.836,0.827,0.8325
2000-05-26,0.834,0.8375,0.831,0.8355
2000-05-30,0.828,0.828,0.806,0.8115
2000-05-31,0.806,0.815,0.799,0.8145
2000-06-01,0.807,0.816,0.8045,0.8115
2000-06-02,0.821,0.8235,0.79,0.793
2000-06-05,0.794,0.8055,0.793,0.802
2000-06-06,0.805,0.8115,0.802,0.8045
2000-06-07,0.801,0.803,0.7845,0.7945
2000-06-08,0.791,0.799,0.787,0.7975
2000-06-09,0.792,0.8015,0.792,0.798
2000-06-12,0.797,0.801,0.787,0.7945
2000-06-13,0.797,0.806,0.796,0.8015
2000-06-14,0.806,0.81,0.802,0.809
2000-06-15,0.813,0.819,0.799,0.818
2000-06-16,0.818,0.827,0.8135,0.824
2000-06-19,0.8195,0.831,0.816,0.828
2000-06-20,0.828,0.828,0.81,0.813
2000-06-21,0.8135,0.827,0.811,0.8245
2000-06-22,0.821,0.829,0.816,0.8175
2000-06-23,0.82,0.82,0.804,0.8105
2000-06-26,0.81,0.8255,0.81,0.823
2000-06-27,0.823,0.832,0.816,0.8175
2000-06-28,0.8165,0.825,0.816,0.8185
2000-06-29,0.8305,0.8305,0.8145,0.8185
2000-06-30,0.819,0.827,0.819,0.824
2000-07-05,0.824,0.826,0.818,0.8225
2000-07-06,0.8215,0.823,0.808,0.8115
2000-07-07,0.8115,0.8145,0.808,0.8135
2000-07-10,0.8115,0.8235,0.8095,0.821
2000-07-11,0.821,0.829,0.821,0.826
2000-07-12,0.824,0.836,0.821,0.832
2000-07-13,0.832,0.836,0.828,0.8295
2000-07-14,0.8295,0.8325,0.8225,0.829
2000-07-17,0.832,0.85,0.8285,0.846
2000-07-18,0.8475,0.852,0.845,0.847
2000-07-19,0.849,0.853,0.8435,0.847
2000-07-20,0.844,0.8495,0.8425,0.848
2000-07-21,0.865,0.868,0.861,0.867
2000-07-24,0.871,0.8725,0.863,0.8685
2000-07-25,0.865,0.871,0.864,0.87
2000-07-26,0.866,0.868,0.8575,0.861
2000-07-27,0.8605,0.874,0.859,0.8715
2000-07-28,0.873,0.8755,0.8645,0.8685
2000-07-31,0.865,0.875,0.8605,0.8745
2000-08-01,0.866,0.878,0.8645,0.8735
2000-08-02,0.8725,0.882,0.869,0.87
2000-08-03,0.868,0.872,0.865,0.869
2000-08-04,0.8645,0.8735,0.862,0.873
2000-08-07,0.872,0.873,0.867,0.871
2000-08-08,0.872,0.873,0.858,0.8615
2000-08-09,0.8645,0.877,0.863,0.8735
2000-08-10,0.872,0.873,0.86,0.8645
2000-08-11,0.8645,0.8685,0.856,0.8595
2000-08-14,0.86,0.868,0.857,0.867
2000-08-15,0.868,0.8755,0.8675,0.8705
2000-08-16,0.8705,0.872,0.8635,0.8665
2000-08-17,0.868,0.871,0.8635,0.869
2000-08-18,0.869,0.8725,0.864,0.865
2000-08-21,0.865,0.865,0.852,0.854
2000-08-22,0.854,0.859,0.852,0.8575
2000-08-23,0.8585,0.866,0.8535,0.8565
2000-08-24,0.8565,0.865,0.855,0.862
2000-08-25,0.862,0.864,0.855,0.8625
2000-08-28,0.863,0.865,0.858,0.86
2000-08-29,0.864,0.879,0.86,0.879
2000-08-30,0.8885,0.898,0.887,0.897
2000-08-31,0.897,0.901,0.889,0.895
2000-09-01,0.894,0.8995,0.893,0.8975
2000-09-05,0.901,0.914,0.9005,0.9125
2000-09-06,0.9125,0.9125,0.905,0.908
2000-09-07,0.908,0.915,0.904,0.912
2000-09-08,0.911,0.927,0.91,0.918
2000-09-11,0.919,0.922,0.913,0.9205
2000-09-12,0.9175,0.936,0.917,0.936
2000-09-13,0.934,0.944,0.933,0.9355
2000-09-14,0.9355,0.944,0.9315,0.935
2000-09-15,0.935,0.935,0.923,0.9295
2000-09-18,0.93,0.9335,0.923,0.9275
2000-09-19,0.9275,0.931,0.9185,0.9305
2000-09-20,0.928,0.9305,0.907,0.9105
2000-09-21,0.91,0.934,0.906,0.934
2000-09-22,0.9305,0.9355,0.9255,0.928
2000-09-25,0.9335,0.9365,0.928,0.935
2000-09-26,0.9335,0.9355,0.918,0.9235
2000-09-27,0.924,0.925,0.913,0.9215
2000-09-28,0.915,0.921,0.913,0.919
2000-09-29,0.9185,0.927,0.916,0.9205
2000-10-02,0.917,0.92,0.8985,0.899
2000-10-03,0.901,0.903,0.889,0.9025
2000-10-04,0.9015,0.9015,0.893,0.899
2000-10-05,0.8995,0.916,0.8945,0.911
2000-10-06,0.9125,0.9125,0.902,0.906
2000-10-09,0.905,0.906,0.89,0.8965
2000-10-10,0.896,0.906,0.896,0.9055
2000-10-11,0.904,0.9055,0.8925,0.902
2000-10-12,0.9,0.904,0.881,0.882
2000-10-13,0.881,0.895,0.878,0.8925
2000-10-16,0.892,0.896,0.8865,0.894
2000-10-17,0.8935,0.894,0.8755,0.883
2000-10-18,0.883,0.8855,0.865,0.872
2000-10-19,0.871,0.876,0.869,0.873
2000-10-20,0.873,0.8755,0.861,0.862
2000-10-23,0.863,0.869,0.859,0.8675
2000-10-24,0.868,0.8735,0.865,0.8655
2000-10-25,0.866,0.866,0.851,0.8525
2000-10-26,0.853,0.8545,0.8285,0.8315
2000-10-27,0.8315,0.8485,0.831,0.844
2000-10-30,0.8475,0.8475,0.8385,0.8445
2000-10-31,0.844,0.8585,0.844,0.8485
2000-11-01,0.85,0.8515,0.834,0.836
2000-11-02,0.8355,0.8415,0.834,0.838
2000-11-03,0.835,0.849,0.835,0.8385
2000-11-06,0.839,0.8405,0.826,0.8275
2000-11-07,0.828,0.836,0.8275,0.8305
2000-11-08,0.8305,0.836,0.827,0.836
2000-11-09,0.834,0.846,0.8315,0.8405
2000-11-10,0.841,0.843,0.83,0.8385
2000-11-13,0.835,0.835,0.816,0.821
2000-11-14,0.821,0.829,0.821,0.8275
2000-11-15,0.8285,0.832,0.821,0.827
2000-11-16,0.827,0.827,0.8175,0.82
2000-11-17,0.819,0.8265,0.8155,0.8245
2000-11-20,0.8275,0.8325,0.8165,0.825
2000-11-21,0.828,0.828,0.828,0.828
2000-11-22,0.83,0.83,0.813,0.821
2000-11-27,0.82,0.844,0.82,0.842
2000-11-28,0.842,0.852,0.8405,0.852
2000-11-29,0.8555,0.8645,0.854,0.858
2000-11-30,0.8575,0.86,0.843,0.8455
2000-12-01,0.843,0.859,0.843,0.8585
2000-12-04,0.856,0.864,0.855,0.862
2000-12-05,0.8625,0.872,0.8575,0.869
2000-12-06,0.869,0.878,0.868,0.8775
2000-12-07,0.875,0.8825,0.875,0.881
2000-12-08,0.879,0.892,0.8755,0.891
2000-12-11,0.8905,0.901,0.8905,0.8915
2000-12-12,0.89,0.8915,0.879,0.885
2000-12-13,0.8825,0.885,0.8785,0.883
2000-12-14,0.8845,0.8915,0.88,0.8915
2000-12-15,0.8915,0.8945,0.865,0.872
2000-12-18,0.87,0.8765,0.865,0.8735
2000-12-19,0.8735,0.8735,0.8635,0.8695
2000-12-20,0.8685,0.8695,0.8505,0.859
2000-12-21,0.859,0.8595,0.842,0.8535
2000-12-22,0.853,0.86,0.848,0.8565
2000-12-26,0.856,0.864,0.8555,0.8625
2000-12-27,0.8625,0.8635,0.843,0.8475
2000-12-28,0.8475,0.852,0.843,0.8495
2000-12-29,0.8485,0.8495,0.841,0.843
2001-01-02,0.8405,0.8405,0.809,0.8115
2001-01-03,0.812,0.822,0.802,0.817
2001-01-04,0.8185,0.8235,0.809,0.811
2001-01-05,0.81,0.825,0.809,0.8245
2001-01-08,0.824,0.835,0.8155,0.8285
2001-01-09,0.8285,0.837,0.8245,0.825
2001-01-10,0.825,0.834,0.824,0.826
2001-01-11,0.8255,0.8385,0.8255,0.8305
2001-01-12,0.829,0.844,0.829,0.8415
2001-01-16,0.841,0.841,0.816,0.823
2001-01-17,0.824,0.831,0.8195,0.8275
2001-01-18,0.828,0.864,0.828,0.8615
2001-01-19,0.861,0.861,0.8465,0.8475
2001-01-22,0.845,0.855,0.845,0.8475
2001-01-23,0.847,0.8585,0.845,0.8485
2001-01-24,0.8465,0.8485,0.825,0.835
2001-01-25,0.833,0.841,0.8265,0.837
2001-01-26,0.837,0.842,0.8345,0.84
2001-01-29,0.84,0.84,0.83,0.8325
2001-01-30,0.832,0.8445,0.827,0.841
2001-01-31,0.842,0.85,0.839,0.8455
2001-02-01,0.844,0.851,0.841,0.847
2001-02-02,0.847,0.847,0.8335,0.8415
2001-02-05,0.8365,0.841,0.822,0.825
2001-02-06,0.825,0.833,0.822,0.8305
2001-02-07,0.828,0.8335,0.8275,0.8285
2001-02-08,0.8285,0.833,0.8255,0.8295
2001-02-09,0.82,0.82,0.82,0.82
2001-02-12,0.8175,0.8175,0.8175,0.8175
2001-02-13,0.8115,0.832,0.8115,0.8245
2001-02-14,0.825,0.827,0.8165,0.822
2001-02-15,0.8225,0.834,0.8225,0.828
2001-02-16,0.828,0.833,0.823,0.825
2001-02-20,0.824,0.824,0.815,0.8205
2001-02-21,0.82,0.8205,0.8,0.8005
2001-02-22,0.802,0.806,0.797,0.801
2001-02-23,0.801,0.805,0.792,0.796
2001-02-26,0.8,0.8085,0.797,0.8045
2001-02-27,0.812,0.813,0.804,0.8095
2001-02-28,0.8095,0.82,0.806,0.816
2001-03-01,0.816,0.83,0.816,0.824
2001-03-02,0.8235,0.829,0.8215,0.828
2001-03-05,0.827,0.844,0.825,0.838
2001-03-06,0.838,0.853,0.8375,0.8485
2001-03-07,0.8485,0.849,0.8385,0.84
2001-03-08,0.84,0.84,0.8255,0.8265
2001-03-09,0.8255,0.834,0.825,0.8325
2001-03-12,0.83,0.8305,0.821,0.8285
2001-03-13,0.825,0.825,0.815,0.8195
2001-03-14,0.819,0.8225,0.8085,0.813
2001-03-15,0.814,0.815,0.8075,0.8105
2001-03-16,0.8105,0.8105,0.791,0.792
2001-03-19,0.793,0.799,0.791,0.798
2001-03-20,0.798,0.804,0.798,0.801
2001-03-21,0.797,0.799,0.79,0.7925
2001-03-22,0.79,0.793,0.7805,0.784
2001-03-23,0.789,0.79,0.785,0.786
2001-03-26,0.787,0.7975,0.781,0.7845
2001-03-27,0.785,0.794,0.7815,0.792
2001-03-28,0.7925,0.796,0.773,0.773
2001-03-29,0.775,0.777,0.7665,0.7755
2001-03-30,0.776,0.776,0.763,0.764
2001-04-02,0.7645,0.766,0.76,0.7605
2001-04-03,0.7605,0.768,0.757,0.766
2001-04-04,0.763,0.773,0.763,0.766
2001-04-05,0.766,0.774,0.766,0.7685
2001-04-06,0.7685,0.77,0.748,0.7505
2001-04-09,0.751,0.7625,0.749,0.76
2001-04-10,0.76,0.777,0.7575,0.7695
2001-04-11,0.7685,0.779,0.764,0.7655
2001-04-12,0.7655,0.771,0.761,0.767
2001-04-16,0.767,0.772,0.767,0.769
2001-04-17,0.768,0.772,0.7625,0.7645
2001-04-18,0.785,0.785,0.785,0.785
2001-04-19,0.7845,0.787,0.771,0.773
2001-04-20,0.7765,0.783,0.772,0.775
2001-04-23,0.775,0.777,0.755,0.758
2001-04-24,0.7625,0.7635,0.7555,0.7615
2001-04-25,0.7605,0.771,0.7605,0.765
2001-04-26,0.765,0.772,0.758,0.76
2001-04-27,0.7675,0.775,0.765,0.7695
2001-04-30,0.77,0.777,0.761,0.777
2001-05-01,0.7765,0.7855,0.774,0.784
2001-05-02,0.7825,0.798,0.782,0.7965
2001-05-03,0.796,0.7995,0.788,0.7915
2001-05-04,0.7915,0.7915,0.78,0.7855
2001-05-07,0.785,0.79,0.785,0.7865
2001-05-08,0.7865,0.7865,0.7665,0.7685
2001-05-09,0.77,0.771,0.7575,0.7635
2001-05-10,0.7625,0.771,0.756,0.7595
2001-05-11,0.759,0.7665,0.758,0.7635
2001-05-14,0.7635,0.7635,0.751,0.755
2001-05-15,0.756,0.762,0.7525,0.755
2001-05-16,0.756,0.762,0.7475,0.7565
2001-05-17,0.766,0.773,0.7575,0.7685
2001-05-18,0.7685,0.7885,0.768,0.7875
2001-05-21,0.787,0.805,0.786,0.803
2001-05-22,0.8025,0.8025,0.7905,0.7915
2001-05-23,0.79,0.793,0.786,0.7905
2001-05-24,0.79,0.803,0.7895,0.7935
2001-05-25,0.7935,0.7955,0.7885,0.7925
2001-05-29,0.794,0.794,0.766,0.767
2001-05-30,0.767,0.772,0.762,0.7625
2001-05-31,0.763,0.766,0.751,0.7575
2001-06-01,0.7575,0.76,0.751,0.752
2001-06-04,0.752,0.755,0.7455,0.752
2001-06-05,0.752,0.7625,0.752,0.7615
2001-06-06,0.7615,0.764,0.7535,0.7535
2001-06-07,0.7525,0.756,0.748,0.75
2001-06-08,0.7505,0.754,0.73,0.7305
2001-06-11,0.7305,0.736,0.7295,0.7315
2001-06-12,0.735,0.735,0.72,0.728
2001-06-13,0.725,0.729,0.721,0.7245
2001-06-14,0.7245,0.732,0.723,0.727
2001-06-15,0.7265,0.727,0.716,0.7195
2001-06-18,0.7155,0.7225,0.713,0.7205
2001-06-19,0.7205,0.729,0.7205,0.7255
2001-06-20,0.726,0.726,0.714,0.7155
2001-06-21,0.714,0.722,0.709,0.7215
2001-06-22,0.7215,0.7245,0.7145,0.7145
2001-06-25,0.713,0.716,0.7115,0.714
2001-06-26,0.714,0.719,0.7105,0.718
2001-06-27,0.718,0.7255,0.7165,0.7215
2001-06-28,0.7305,0.731,0.714,0.717
2001-06-29,0.7165,0.7185,0.71,0.7135
2001-07-02,0.712,0.722,0.709,0.721
2001-07-03,0.72,0.721,0.7135,0.714
2001-07-05,0.714,0.714,0.705,0.706
2001-07-06,0.707,0.714,0.705,0.711
2001-07-09,0.7085,0.711,0.7065,0.7095
2001-07-10,0.71,0.7195,0.7095,0.718
2001-07-11,0.717,0.718,0.7095,0.7135
2001-07-12,0.7135,0.717,0.705,0.7055
2001-07-13,0.7035,0.709,0.702,0.707
2001-07-16,0.709,0.711,0.705,0.7095
2001-07-17,0.7095,0.722,0.7035,0.719
2001-07-18,0.7205,0.723,0.704,0.7065
2001-07-19,0.706,0.715,0.6945,0.696
2001-07-20,0.695,0.703,0.694,0.7
2001-07-23,0.699,0.699,0.684,0.688
2001-07-24,0.6855,0.694,0.685,0.6855
2001-07-25,0.6855,0.69,0.677,0.6875
2001-07-26,0.6875,0.69,0.681,0.6855
2001-07-27,0.686,0.691,0.676,0.6785
2001-07-30,0.68,0.6845,0.677,0.6785
2001-07-31,0.6775,0.686,0.675,0.6825
2001-08-01,0.6825,0.688,0.671,0.6875
2001-08-02,0.6875,0.6925,0.681,0.6815
2001-08-03,0.6805,0.681,0.674,0.677
2001-08-06,0.674,0.6765,0.67,0.671
2001-08-07,0.671,0.672,0.6665,0.669
2001-08-08,0.669,0.669,0.659,0.6615
2001-08-09,0.659,0.669,0.6575,0.6665
2001-08-10,0.6665,0.6695,0.6605,0.662
2001-08-13,0.6625,0.666,0.656,0.657
2001-08-14,0.6575,0.668,0.654,0.6655
2001-08-15,0.6645,0.669,0.657,0.6585
2001-08-16,0.6585,0.671,0.6585,0.668
2001-08-17,0.67,0.691,0.6685,0.686
2001-08-20,0.687,0.689,0.676,0.6765
2001-08-21,0.6775,0.6775,0.6685,0.6715
2001-08-22,0.6705,0.6825,0.67,0.6775
2001-08-23,0.678,0.6885,0.678,0.6845
2001-08-24,0.685,0.691,0.68,0.683
2001-08-27,0.6845,0.6945,0.6845,0.6945
2001-08-28,0.693,0.697,0.6855,0.691
2001-08-29,0.691,0.698,0.688,0.6955
2001-08-30,0.702,0.705,0.686,0.6895
2001-08-31,0.69,0.6945,0.686,0.687
2001-09-04,0.682,0.6825,0.6725,0.679
2001-09-05,0.6785,0.6815,0.675,0.6775
2001-09-06,0.6795,0.6795,0.6625,0.666
2001-09-07,0.666,0.667,0.6565,0.658
2001-09-10,0.657,0.657,0.657,0.657
2001-09-11,0.658,0.6615,0.657,0.6615
2001-09-14,0.666,0.6665,0.6615,0.663
2001-09-17,0.6555,0.66,0.654,0.6565
2001-09-18,0.655,0.666,0.655,0.657
2001-09-19,0.657,0.658,0.651,0.654
2001-09-20,0.655,0.6575,0.649,0.6525
2001-09-21,0.651,0.664,0.648,0.661
2001-09-24,0.661,0.6625,0.655,0.659
2001-09-25,0.665,0.665,0.6525,0.6535
2001-09-26,0.6545,0.659,0.653,0.6575
2001-09-27,0.6575,0.662,0.656,0.6565
2001-09-28,0.657,0.6615,0.651,0.652
2001-10-01,0.654,0.654,0.645,0.6505
2001-10-02,0.6505,0.654,0.645,0.65
2001-10-03,0.645,0.6495,0.637,0.6415
2001-10-04,0.6425,0.646,0.642,0.6445
2001-10-05,0.645,0.646,0.636,0.6405
2001-10-08,0.64,0.6475,0.64,0.6435
2001-10-09,0.6435,0.6435,0.635,0.6415
2001-10-10,0.6415,0.642,0.6365,0.64
2001-10-11,0.639,0.644,0.638,0.6415
2001-10-12,0.64,0.651,0.638,0.6405
2001-10-15,0.641,0.642,0.638,0.6395
2001-10-16,0.638,0.65,0.635,0.644
2001-10-17,0.6435,0.652,0.639,0.639
2001-10-18,0.636,0.639,0.63,0.632
2001-10-19,0.632,0.6335,0.6225,0.6235
2001-10-22,0.6235,0.6275,0.62,0.625
2001-10-23,0.626,0.647,0.624,0.63
2001-10-24,0.63,0.632,0.6205,0.6225
2001-10-25,0.6225,0.63,0.6225,0.626
2001-10-26,0.626,0.639,0.6245,0.635
2001-10-29,0.6355,0.6355,0.6245,0.631
2001-10-30,0.631,0.639,0.627,0.6375
2001-10-31,0.6375,0.6385,0.621,0.625
2001-11-01,0.6255,0.6285,0.617,0.6205
2001-11-02,0.623,0.623,0.6135,0.614
2001-11-05,0.615,0.62,0.6125,0.616
2001-11-06,0.616,0.624,0.615,0.616
2001-11-07,0.616,0.616,0.605,0.606
2001-11-08,0.606,0.624,0.6035,0.615
2001-11-09,0.619,0.644,0.6185,0.641
2001-11-12,0.638,0.659,0.633,0.658
2001-11-13,0.6575,0.685,0.651,0.677
2001-11-14,0.675,0.696,0.672,0.677
2001-11-15,0.673,0.675,0.667,0.6725
2001-11-16,0.6715,0.686,0.667,0.682
2001-11-19,0.682,0.692,0.68,0.683
2001-11-20,0.678,0.6825,0.672,0.673
2001-11-21,0.6715,0.683,0.6685,0.677
2001-11-26,0.6785,0.692,0.6775,0.683
2001-11-27,0.683,0.71,0.6815,0.7035
2001-11-28,0.7035,0.707,0.695,0.705
2001-11-29,0.713,0.7285,0.711,0.724
2001-11-30,0.724,0.737,0.716,0.732
2001-12-03,0.73,0.73,0.711,0.714
2001-12-04,0.7145,0.718,0.705,0.709
2001-12-05,0.7065,0.709,0.6915,0.703
2001-12-06,0.7035,0.714,0.695,0.6965
2001-12-07,0.6965,0.701,0.682,0.6855
2001-12-10,0.6875,0.6875,0.6785,0.685
2001-12-11,0.684,0.6945,0.684,0.689
2001-12-12,0.6875,0.6935,0.676,0.679
2001-12-13,0.6785,0.6805,0.6725,0.678
2001-12-14,0.679,0.682,0.673,0.679
2001-12-17,0.679,0.684,0.675,0.682
2001-12-18,0.681,0.693,0.681,0.69
2001-12-19,0.69,0.6925,0.675,0.679
2001-12-20,0.682,0.6885,0.676,0.6795
2001-12-21,0.6805,0.688,0.675,0.6855
2001-12-26,0.686,0.695,0.684,0.6925
2001-12-27,0.687,0.6925,0.6855,0.687
2001-12-28,0.686,0.6865,0.676,0.6775
2001-12-31,0.676,0.6775,0.659,0.659
2002-01-02,0.66,0.667,0.6565,0.658
2002-01-03,0.659,0.667,0.6565,0.664
2002-01-04,0.664,0.676,0.664,0.6745
2002-01-07,0.6725,0.715,0.6725,0.715
2002-01-08,0.714,0.72,0.708,0.7085
2002-01-09,0.709,0.724,0.707,0.7155
2002-01-10,0.715,0.718,0.702,0.7055
2002-01-11,0.7055,0.7115,0.699,0.7085
2002-01-14,0.7075,0.714,0.702,0.708
2002-01-15,0.708,0.712,0.697,0.7015
2002-01-16,0.702,0.714,0.6975,0.7085
2002-01-17,0.7085,0.712,0.703,0.708
2002-01-18,0.7055,0.708,0.697,0.6985
2002-01-22,0.6985,0.703,0.692,0.7025
2002-01-23,0.7025,0.712,0.697,0.7085
2002-01-24,0.7075,0.718,0.706,0.7155
2002-01-25,0.715,0.721,0.707,0.7115
2002-01-28,0.7115,0.7115,0.699,0.7005
2002-01-29,0.7,0.703,0.6955,0.699
2002-01-30,0.6965,0.701,0.694,0.697
2002-01-31,0.6975,0.74,0.6975,0.7335
2002-02-01,0.7325,0.7435,0.7285,0.7365
2002-02-04,0.735,0.741,0.728,0.7285
2002-02-05,0.73,0.736,0.726,0.7325
2002-02-06,0.7325,0.7355,0.7245,0.729
2002-02-07,0.7285,0.737,0.727,0.737
2002-02-08,0.737,0.741,0.7295,0.7335
2002-02-11,0.731,0.735,0.726,0.7275
2002-02-12,0.7265,0.734,0.725,0.7325
2002-02-13,0.7325,0.753,0.7325,0.7515
2002-02-14,0.7505,0.754,0.743,0.7445
2002-02-15,0.743,0.745,0.732,0.734
2002-02-19,0.7315,0.7315,0.705,0.7075
2002-02-20,0.709,0.711,0.702,0.709
2002-02-21,0.7115,0.715,0.707,0.7145
2002-02-22,0.7145,0.7145,0.6985,0.7
2002-02-25,0.7005,0.7075,0.699,0.706
2002-02-26,0.7065,0.711,0.7,0.7015
2002-02-27,0.7085,0.7255,0.7075,0.7205
2002-02-28,0.7205,0.725,0.7145,0.7205
2002-03-01,0.7205,0.738,0.713,0.7325
2002-03-04,0.733,0.747,0.7315,0.7415
2002-03-05,0.7415,0.745,0.7365,0.7405
2002-03-06,0.736,0.754,0.735,0.7505
2002-03-07,0.75,0.759,0.746,0.748
2002-03-08,0.748,0.755,0.745,0.7525
2002-03-11,0.752,0.753,0.7455,0.746
2002-03-12,0.746,0.7485,0.739,0.7415
2002-03-13,0.7405,0.748,0.739,0.7405
2002-03-14,0.7395,0.7485,0.738,0.745
2002-03-15,0.746,0.755,0.745,0.7505
2002-03-18,0.751,0.7695,0.751,0.7645
2002-03-19,0.7645,0.773,0.764,0.7705
2002-03-20,0.7695,0.7715,0.764,0.766
2002-03-21,0.766,0.766,0.76,0.7625
2002-03-22,0.762,0.7625,0.748,0.7485
2002-03-25,0.748,0.749,0.736,0.7375
2002-03-26,0.7475,0.748,0.736,0.7455
2002-03-27,0.7455,0.7545,0.7435,0.7515
2002-03-28,0.75,0.7645,0.75,0.7635
2002-04-01,0.762,0.765,0.7605,0.7645
2002-04-02,0.764,0.772,0.763,0.7635
2002-04-03,0.7635,0.7645,0.739,0.7425
2002-04-04,0.7395,0.742,0.73,0.7325
2002-04-05,0.73,0.737,0.719,0.723
2002-04-08,0.724,0.7265,0.715,0.723
2002-04-09,0.723,0.729,0.7215,0.727
2002-04-10,0.726,0.726,0.7175,0.7245
2002-04-11,0.7265,0.731,0.722,0.723
2002-04-12,0.7225,0.724,0.712,0.717
2002-04-15,0.7175,0.719,0.709,0.716
2002-04-16,0.7155,0.731,0.715,0.726
2002-04-17,0.7275,0.739,0.7255,0.7365
2002-04-18,0.736,0.74,0.724,0.727
2002-04-19,0.732,0.7375,0.7265,0.733
2002-04-22,0.733,0.7495,0.733,0.7435
2002-04-23,0.7435,0.745,0.73,0.7315
2002-04-24,0.732,0.736,0.729,0.7355
2002-04-25,0.735,0.7355,0.726,0.7295
2002-04-26,0.734,0.741,0.7315,0.736
2002-04-29,0.74,0.7535,0.7375,0.7405
2002-04-30,0.74,0.7405,0.735,0.739
2002-05-01,0.74,0.74,0.724,0.729
2002-05-02,0.7265,0.736,0.724,0.7355
2002-05-03,0.7355,0.7365,0.7185,0.724
2002-05-06,0.725,0.725,0.7125,0.715
2002-05-07,0.715,0.727,0.712,0.726
2002-05-08,0.725,0.735,0.7245,0.733
2002-05-09,0.732,0.741,0.7285,0.73
2002-05-10,0.73,0.739,0.73,0.7385
2002-05-13,0.7395,0.7405,0.732,0.7375
2002-05-14,0.7385,0.75,0.734,0.745
2002-05-15,0.7455,0.748,0.7405,0.7475
2002-05-16,0.7475,0.7475,0.737,0.7385
2002-05-17,0.7385,0.74,0.724,0.7285
2002-05-20,0.7285,0.729,0.7225,0.726
2002-05-21,0.726,0.73,0.7225,0.7275
2002-05-22,0.7275,0.732,0.723,0.728
2002-05-23,0.7285,0.739,0.725,0.736
2002-05-24,0.736,0.744,0.735,0.739
2002-05-28,0.739,0.76,0.739,0.757
2002-05-29,0.7575,0.7655,0.7505,0.751
2002-05-30,0.75,0.7645,0.75,0.752
2002-05-31,0.751,0.764,0.751,0.764
2002-06-03,0.764,0.7765,0.764,0.7755
2002-06-04,0.775,0.7945,0.768,0.786
2002-06-05,0.786,0.7875,0.775,0.7835
2002-06-06,0.7815,0.7905,0.7775,0.779
2002-06-07,0.779,0.7805,0.773,0.78
2002-06-10,0.78,0.7815,0.7725,0.7805
2002-06-11,0.78,0.78,0.762,0.765
2002-06-12,0.765,0.7675,0.76,0.764
2002-06-13,0.7625,0.768,0.758,0.766
2002-06-14,0.766,0.767,0.752,0.765
2002-06-17,0.766,0.766,0.758,0.761
2002-06-18,0.761,0.7665,0.756,0.76
2002-06-19,0.76,0.761,0.752,0.7575
2002-06-20,0.756,0.7575,0.7475,0.7515
2002-06-21,0.751,0.7515,0.739,0.743
2002-06-24,0.7425,0.7475,0.7375,0.7405
2002-06-25,0.742,0.755,0.739,0.7495
2002-06-26,0.7495,0.7535,0.741,0.751
2002-06-27,0.758,0.768,0.758,0.76
2002-06-28,0.761,0.7785,0.76,0.7745
2002-07-01,0.7745,0.779,0.7715,0.7745
2002-07-02,0.7625,0.7625,0.7625,0.7625
2002-07-03,0.761,0.763,0.7535,0.755
2002-07-08,0.763,0.769,0.753,0.762
2002-07-09,0.7615,0.765,0.756,0.7615
2002-07-10,0.761,0.766,0.7565,0.7585
2002-07-11,0.751,0.753,0.751,0.753
2002-07-12,0.751,0.754,0.742,0.745
2002-07-15,0.744,0.746,0.738,0.739
2002-07-16,0.74,0.747,0.739,0.7435
2002-07-17,0.741,0.752,0.735,0.7355
2002-07-18,0.7355,0.7385,0.729,0.7325
2002-07-19,0.7325,0.7325,0.716,0.719
2002-07-22,0.719,0.72,0.7025,0.7055
2002-07-23,0.7055,0.711,0.6955,0.698
2002-07-24,0.698,0.702,0.6795,0.6965
2002-07-25,0.6985,0.706,0.686,0.69
2002-07-26,0.6895,0.7,0.688,0.6905
2002-07-29,0.69,0.701,0.69,0.6985
2002-07-30,0.699,0.703,0.689,0.6925
2002-07-31,0.6925,0.6965,0.68,0.681
2002-08-01,0.682,0.6875,0.674,0.685
2002-08-02,0.682,0.685,0.678,0.682
2002-08-05,0.682,0.682,0.6675,0.672
2002-08-06,0.672,0.682,0.6675,0.6755
2002-08-07,0.675,0.683,0.671,0.6715
2002-08-08,0.673,0.6815,0.671,0.675
2002-08-09,0.6795,0.6825,0.674,0.678
2002-08-12,0.678,0.681,0.668,0.6785
2002-08-13,0.68,0.683,0.6715,0.676
2002-08-14,0.675,0.675,0.6655,0.67
2002-08-15,0.673,0.692,0.671,0.6825
2002-08-16,0.6825,0.686,0.669,0.675
2002-08-19,0.6725,0.6775,0.6715,0.6745
2002-08-20,0.6755,0.689,0.6755,0.6825
2002-08-21,0.682,0.688,0.6755,0.676
2002-08-22,0.6795,0.6875,0.6765,0.685
2002-08-23,0.685,0.691,0.6825,0.6855
2002-08-26,0.6865,0.695,0.6865,0.6885
2002-08-27,0.6905,0.691,0.6835,0.689
2002-08-28,0.688,0.694,0.681,0.6835
2002-08-29,0.694,0.6945,0.685,0.6935
2002-08-30,0.692,0.6975,0.691,0.6955
2002-09-03,0.6955,0.6955,0.6775,0.6835
2002-09-04,0.6815,0.6855,0.6775,0.682
2002-09-05,0.685,0.6865,0.671,0.6765
2002-09-06,0.6765,0.6845,0.6675,0.6825
2002-09-09,0.6835,0.7,0.6835,0.6975
2002-09-10,0.6985,0.713,0.695,0.709
2002-09-11,0.709,0.714,0.701,0.707
2002-09-12,0.7025,0.708,0.6965,0.705
2002-09-13,0.703,0.7035,0.693,0.7
2002-09-16,0.7,0.701,0.686,0.689
2002-09-17,0.689,0.6985,0.684,0.6885
2002-09-18,0.6885,0.6885,0.677,0.678
2002-09-19,0.681,0.6825,0.675,0.677
2002-09-20,0.676,0.6835,0.6735,0.6825
2002-09-23,0.685,0.686,0.673,0.6775
2002-09-24,0.677,0.68,0.67,0.6725
2002-09-25,0.673,0.6795,0.6705,0.677
2002-09-26,0.679,0.682,0.677,0.679
2002-09-27,0.68,0.6815,0.667,0.667
2002-09-30,0.665,0.6665,0.6595,0.666
2002-10-01,0.666,0.671,0.6615,0.6705
2002-10-02,0.6715,0.679,0.6715,0.676
2002-10-03,0.676,0.676,0.6675,0.668
2002-10-04,0.668,0.671,0.6615,0.662
2002-10-07,0.6635,0.667,0.657,0.665
2002-10-08,0.664,0.668,0.663,0.6645
2002-10-09,0.6645,0.6675,0.661,0.664
2002-10-10,0.6645,0.674,0.6645,0.671
2002-10-11,0.6745,0.686,0.6715,0.6835
2002-10-14,0.6835,0.6835,0.668,0.671
2002-10-15,0.672,0.682,0.67,0.6765
2002-10-16,0.6765,0.685,0.671,0.675
2002-10-17,0.6735,0.698,0.6735,0.697
2002-10-18,0.694,0.698,0.6885,0.6925
2002-10-21,0.691,0.705,0.6905,0.7035
2002-10-22,0.7035,0.7045,0.6965,0.6975
2002-10-23,0.697,0.707,0.6915,0.6945
2002-10-24,0.6955,0.7045,0.695,0.703
2002-10-25,0.699,0.715,0.696,0.7145
2002-10-28,0.715,0.7205,0.7105,0.7135
2002-10-29,0.713,0.7135,0.7,0.704
2002-10-30,0.7035,0.708,0.703,0.7035
2002-10-31,0.704,0.7195,0.7035,0.717
2002-11-01,0.715,0.729,0.7145,0.726
2002-11-04,0.724,0.733,0.724,0.7285
2002-11-05,0.728,0.729,0.723,0.7255
2002-11-06,0.724,0.7315,0.724,0.7305
2002-11-07,0.73,0.7325,0.7135,0.7155
2002-11-08,0.7155,0.7215,0.713,0.716
2002-11-11,0.717,0.725,0.717,0.721
2002-11-12,0.72,0.726,0.719,0.721
2002-11-13,0.7195,0.722,0.7115,0.7175
2002-11-14,0.715,0.7175,0.7115,0.712
2002-11-15,0.712,0.724,0.709,0.7185
2002-11-18,0.7185,0.732,0.7185,0.728
2002-11-19,0.725,0.7305,0.725,0.727
2002-11-20,0.7255,0.7455,0.7255,0.739
2002-11-21,0.741,0.743,0.7355,0.7395
2002-11-22,0.7395,0.742,0.733,0.7365
2002-11-25,0.7375,0.74,0.7325,0.736
2002-11-26,0.7285,0.7285,0.7285,0.7285
2002-11-27,0.726,0.7495,0.724,0.7495
2002-12-02,0.759,0.772,0.759,0.765
2002-12-03,0.7625,0.765,0.758,0.7615
2002-12-04,0.7625,0.773,0.755,0.7615
2002-12-05,0.762,0.7635,0.747,0.748
2002-12-06,0.748,0.7525,0.739,0.749
2002-12-09,0.75,0.752,0.736,0.7385
2002-12-10,0.7365,0.7465,0.7365,0.745
2002-12-11,0.7465,0.749,0.738,0.744
2002-12-12,0.7465,0.749,0.74,0.7405
2002-12-13,0.741,0.745,0.731,0.7315
2002-12-16,0.7315,0.734,0.726,0.73
2002-12-17,0.73,0.7385,0.73,0.732
2002-12-18,0.732,0.735,0.7225,0.7245
2002-12-19,0.7245,0.7305,0.72,0.7205
2002-12-20,0.7205,0.7235,0.7175,0.718
2002-12-23,0.72,0.7235,0.718,0.7205
2002-12-24,0.7205,0.7235,0.7075,0.709
2002-12-26,0.71,0.71,0.699,0.703
2002-12-27,0.702,0.7075,0.6975,0.7065
2002-12-30,0.706,0.709,0.7,0.704
2002-12-31,0.705,0.705,0.694,0.7025
2003-01-02,0.7025,0.719,0.7,0.718
2003-01-03,0.7175,0.733,0.7165,0.7315
2003-01-06,0.7315,0.739,0.728,0.739
2003-01-07,0.7385,0.7385,0.731,0.736
2003-01-08,0.735,0.748,0.73,0.7465
2003-01-09,0.7445,0.755,0.7435,0.7505
2003-01-10,0.7505,0.757,0.741,0.7445
2003-01-13,0.7435,0.755,0.7415,0.7525
2003-01-14,0.751,0.762,0.749,0.76
2003-01-15,0.7595,0.767,0.758,0.765
2003-01-16,0.764,0.771,0.7605,0.761
2003-01-17,0.7605,0.764,0.755,0.758
2003-01-21,0.7655,0.778,0.764,0.769
2003-01-22,0.7685,0.777,0.764,0.773
2003-01-23,0.7715,0.78,0.7685,0.77
2003-01-24,0.771,0.777,0.7665,0.7685
2003-01-27,0.7675,0.7675,0.756,0.76
2003-01-28,0.76,0.7635,0.755,0.757
2003-01-29,0.7575,0.769,0.754,0.765
2003-01-30,0.765,0.791,0.765,0.7905
2003-01-31,0.7895,0.795,0.784,0.7945
2003-02-03,0.7945,0.7985,0.787,0.789
2003-02-04,0.789,0.7905,0.775,0.7795
2003-02-05,0.778,0.7825,0.7745,0.779
2003-02-06,0.7765,0.7775,0.763,0.768
2003-02-07,0.7655,0.7725,0.761,0.7635
2003-02-10,0.762,0.782,0.762,0.7755
2003-02-11,0.775,0.787,0.771,0.7755
2003-02-12,0.771,0.771,0.771,0.771
2003-02-13,0.77,0.77,0.746,0.75
2003-02-14,0.75,0.7555,0.7455,0.7555
2003-02-18,0.7555,0.758,0.739,0.74
2003-02-19,0.742,0.747,0.7385,0.746
2003-02-20,0.746,0.7545,0.744,0.752
2003-02-21,0.751,0.7785,0.751,0.7775
2003-02-24,0.777,0.787,0.777,0.7865
2003-02-25,0.7865,0.7865,0.7755,0.7795
2003-02-26,0.7815,0.7975,0.7805,0.796
2003-02-27,0.801,0.802,0.792,0.7945
2003-02-28,0.792,0.794,0.7765,0.7805
2003-03-03,0.783,0.794,0.7805,0.7925
2003-03-04,0.793,0.795,0.779,0.7805
2003-03-05,0.779,0.781,0.759,0.7645
2003-03-06,0.763,0.768,0.754,0.755
2003-03-07,0.757,0.7695,0.752,0.7695
2003-03-10,0.7695,0.77,0.754,0.756
2003-03-11,0.7545,0.768,0.7545,0.7655
2003-03-12,0.7675,0.7675,0.7555,0.7575
2003-03-13,0.757,0.765,0.748,0.7525
2003-03-14,0.7525,0.758,0.746,0.7535
2003-03-17,0.749,0.773,0.749,0.772
2003-03-18,0.7725,0.7735,0.763,0.7645
2003-03-19,0.7645,0.779,0.763,0.7775
2003-03-20,0.7685,0.7805,0.7625,0.768
2003-03-21,0.775,0.78,0.771,0.779
2003-03-24,0.764,0.782,0.7635,0.7685
2003-03-25,0.771,0.7725,0.761,0.771
2003-03-26,0.7635,0.77,0.752,0.7525
2003-03-27,0.745,0.754,0.7285,0.7315
2003-03-28,0.736,0.736,0.718,0.728
2003-03-31,0.724,0.728,0.7115,0.7145
2003-04-01,0.72,0.7265,0.713,0.7245
2003-04-02,0.72,0.7255,0.715,0.7185
2003-04-03,0.7145,0.7195,0.709,0.711
2003-04-04,0.7185,0.7215,0.713,0.718
2003-04-07,0.73,0.735,0.719,0.7285
2003-04-08,0.719,0.73,0.718,0.7225
2003-04-09,0.7145,0.724,0.7135,0.719
2003-04-10,0.719,0.7225,0.7115,0.7145
2003-04-11,0.7145,0.7285,0.712,0.7255
2003-04-14,0.7205,0.729,0.719,0.7245
2003-04-15,0.735,0.739,0.7245,0.734
2003-04-16,0.7365,0.742,0.7245,0.734
2003-04-17,0.7345,0.738,0.726,0.7375
2003-04-21,0.734,0.7385,0.7255,0.729
2003-04-22,0.722,0.7295,0.717,0.7215
2003-04-23,0.718,0.7255,0.714,0.7235
2003-04-24,0.71,0.7235,0.707,0.7155
2003-04-25,0.714,0.7175,0.7115,0.7155
2003-04-28,0.7165,0.7225,0.714,0.714
2003-04-29,0.7195,0.731,0.719,0.729
2003-04-30,0.729,0.732,0.726,0.731
2003-05-01,0.729,0.738,0.726,0.7295
2003-05-02,0.7205,0.7315,0.717,0.719
2003-05-05,0.717,0.7205,0.715,0.718
2003-05-06,0.721,0.725,0.716,0.724
2003-05-07,0.7305,0.737,0.718,0.735
2003-05-08,0.7395,0.744,0.735,0.741
2003-05-09,0.738,0.7445,0.736,0.7385
2003-05-12,0.7365,0.753,0.73,0.752
2003-05-13,0.7535,0.765,0.751,0.7645
2003-05-14,0.7625,0.766,0.7575,0.761
2003-05-15,0.759,0.768,0.758,0.761
2003-05-16,0.763,0.7655,0.759,0.7615
2003-05-19,0.7635,0.7645,0.758,0.7635
2003-05-20,0.7615,0.7645,0.7555,0.7635
2003-05-21,0.7605,0.774,0.7605,0.771
2003-05-22,0.7755,0.779,0.7655,0.768
2003-05-23,0.7665,0.7695,0.764,0.767
2003-05-27,0.7745,0.782,0.7665,0.778
2003-05-28,0.7775,0.781,0.765,0.77
2003-05-29,0.77,0.778,0.766,0.7725
2003-05-30,0.7725,0.784,0.7695,0.7825
2003-06-02,0.7855,0.793,0.783,0.79
2003-06-03,0.788,0.792,0.7835,0.784
2003-06-04,0.7855,0.7895,0.778,0.7805
2003-06-05,0.784,0.788,0.777,0.7825
2003-06-06,0.7855,0.787,0.779,0.783
2003-06-09,0.784,0.7865,0.768,0.77
2003-06-10,0.772,0.7735,0.7645,0.767
2003-06-11,0.769,0.77,0.762,0.7675
2003-06-12,0.764,0.776,0.763,0.774
2003-06-13,0.772,0.7745,0.758,0.761
2003-06-16,0.761,0.764,0.7565,0.761
2003-06-17,0.7675,0.784,0.76,0.781
2003-06-18,0.781,0.787,0.7775,0.778
2003-06-19,0.7795,0.7845,0.776,0.7815
2003-06-20,0.7815,0.782,0.769,0.774
2003-06-23,0.77,0.774,0.765,0.767
2003-06-24,0.765,0.77,0.763,0.768
2003-06-25,0.767,0.7705,0.753,0.7585
2003-06-26,0.759,0.759,0.7515,0.7515
2003-06-27,0.758,0.7645,0.755,0.762
2003-06-30,0.751,0.764,0.748,0.753
2003-07-01,0.753,0.754,0.7465,0.751
2003-07-02,0.752,0.7625,0.7495,0.7615
2003-07-03,0.7535,0.762,0.7505,0.751
2003-07-07,0.761,0.772,0.751,0.771
2003-07-08,0.767,0.774,0.7655,0.7685
2003-07-09,0.768,0.782,0.768,0.781
2003-07-10,0.78,0.788,0.7765,0.7815
2003-07-11,0.7795,0.7845,0.777,0.78
2003-07-14,0.789,0.7995,0.778,0.798
2003-07-15,0.798,0.7995,0.791,0.794
2003-07-16,0.7935,0.798,0.7895,0.793
2003-07-17,0.793,0.799,0.781,0.782
2003-07-18,0.7815,0.7895,0.7815,0.787
2003-07-21,0.7835,0.789,0.773,0.7765
2003-07-22,0.7775,0.779,0.77,0.7725
2003-07-23,0.7725,0.782,0.7725,0.779
2003-07-24,0.781,0.795,0.781,0.7935
2003-07-25,0.7925,0.806,0.7905,0.798
2003-07-28,0.804,0.815,0.804,0.8075
2003-07-29,0.8065,0.811,0.8035,0.806
2003-07-30,0.805,0.812,0.799,0.802
2003-07-31,0.804,0.825,0.8,0.8205
2003-08-01,0.82,0.8275,0.814,0.8185
2003-08-04,0.814,0.818,0.803,0.8095
2003-08-05,0.809,0.814,0.8045,0.8085
2003-08-06,0.809,0.812,0.802,0.8045
2003-08-07,0.8055,0.818,0.8015,0.815
2003-08-08,0.819,0.824,0.794,0.8015
2003-08-11,0.8,0.807,0.796,0.8065
2003-08-12,0.806,0.807,0.786,0.789
2003-08-13,0.79,0.793,0.7815,0.792
2003-08-14,0.7925,0.804,0.784,0.7985
2003-08-15,0.7935,0.802,0.784,0.7915
2003-08-18,0.793,0.798,0.789,0.796
2003-08-19,0.803,0.8075,0.7965,0.8025
2003-08-20,0.803,0.806,0.798,0.805
2003-08-21,0.8055,0.8065,0.796,0.8025
2003-08-22,0.8025,0.812,0.7995,0.803
2003-08-25,0.8015,0.807,0.8005,0.8045
2003-08-26,0.804,0.8095,0.7915,0.794
2003-08-27,0.7935,0.795,0.786,0.7925
2003-08-28,0.8005,0.8015,0.789,0.7955
2003-08-29,0.804,0.811,0.7955,0.8105
2003-09-02,0.815,0.823,0.813,0.8175
2003-09-03,0.82,0.834,0.8165,0.832
2003-09-04,0.831,0.8315,0.82,0.8205
2003-09-05,0.8225,0.8385,0.8175,0.8335
2003-09-08,0.8335,0.834,0.8245,0.8305
2003-09-09,0.83,0.8315,0.817,0.82
2003-09-10,0.819,0.8215,0.807,0.81
2003-09-11,0.8105,0.835,0.809,0.8285
2003-09-12,0.829,0.831,0.8145,0.816
2003-09-15,0.8145,0.827,0.8145,0.822
2003-09-16,0.8225,0.8235,0.808,0.817
2003-09-17,0.817,0.828,0.8165,0.8255
2003-09-18,0.8245,0.8295,0.8155,0.829
2003-09-19,0.829,0.835,0.8265,0.831
2003-09-22,0.8315,0.837,0.8295,0.8315
2003-09-23,0.831,0.832,0.824,0.826
2003-09-24,0.833,0.836,0.8265,0.8295
2003-09-25,0.829,0.8335,0.8225,0.8325
2003-09-26,0.8315,0.8325,0.816,0.8215
2003-09-29,0.8205,0.8275,0.815,0.824
2003-09-30,0.8245,0.826,0.8145,0.8185
2003-10-01,0.819,0.8275,0.8175,0.823
2003-10-02,0.8235,0.837,0.823,0.8335
2003-10-03,0.8335,0.8395,0.833,0.837
2003-10-06,0.837,0.844,0.8325,0.8375
2003-10-07,0.84,0.848,0.838,0.847
2003-10-08,0.846,0.8545,0.846,0.8545
2003-10-09,0.8545,0.8605,0.852,0.8535
2003-10-10,0.853,0.8645,0.8505,0.8635
2003-10-13,0.864,0.89,0.864,0.8875
2003-10-14,0.8875,0.8985,0.869,0.874
2003-10-15,0.874,0.902,0.874,0.898
2003-10-16,0.896,0.902,0.888,0.894
2003-10-17,0.893,0.8975,0.883,0.8945
2003-10-20,0.8945,0.913,0.8945,0.9115
2003-10-21,0.9105,0.913,0.901,0.906
2003-10-22,0.906,0.917,0.902,0.9135
2003-10-23,0.9125,0.9135,0.8955,0.9065
2003-10-24,0.906,0.908,0.886,0.893
2003-10-27,0.8925,0.908,0.892,0.9075
2003-10-28,0.907,0.9135,0.901,0.904
2003-10-29,0.904,0.9195,0.904,0.919
2003-10-30,0.9185,0.935,0.917,0.9335
2003-10-31,0.9325,0.943,0.9315,0.9385
2003-11-03,0.9385,0.9445,0.9255,0.933
2003-11-04,0.9325,0.958,0.9255,0.9575
2003-11-05,0.9575,0.9625,0.9465,0.9565
2003-11-06,0.955,0.9615,0.936,0.94
2003-11-07,0.9415,0.955,0.933,0.9445
2003-11-10,0.941,0.945,0.925,0.928
2003-11-11,0.928,0.945,0.9245,0.9445
2003-11-12,0.9445,0.955,0.939,0.9485
2003-11-13,0.9485,0.956,0.9335,0.9425
2003-11-14,0.9435,0.955,0.94,0.9515
2003-11-17,0.951,0.951,0.917,0.918
2003-11-18,0.917,0.9325,0.916,0.932
2003-11-19,0.9315,0.9315,0.9135,0.9175
2003-11-20,0.915,0.915,0.881,0.8835
2003-11-21,0.884,0.896,0.879,0.8945
2003-11-24,0.8945,0.906,0.89,0.9045
2003-11-25,0.9045,0.9065,0.887,0.887
2003-11-26,0.89,0.9075,0.888,0.907
2003-12-01,0.9355,0.9625,0.935,0.961
2003-12-02,0.96,0.977,0.952,0.974
2003-12-03,0.974,0.9905,0.9715,0.979
2003-12-04,0.9765,0.9835,0.963,0.965
2003-12-05,0.964,0.979,0.9565,0.971
2003-12-08,0.971,0.988,0.9655,0.968
2003-12-09,0.9695,0.985,0.968,0.979
2003-12-10,0.9765,0.9845,0.9685,0.9795
2003-12-11,0.9785,0.9825,0.9665,0.9785
2003-12-12,0.983,0.989,0.975,0.988
2003-12-15,0.9855,0.9955,0.984,0.9945
2003-12-16,0.9915,1.008,0.985,1.004
2003-12-17,1.0065,1.0065,0.9935,0.9965
2003-12-18,0.996,1.0185,0.994,1.015
2003-12-19,1.0195,1.0255,1.014,1.024
2003-12-22,1.021,1.0225,1.0065,1.0065
2003-12-23,1.0065,1.025,1.006,1.018
2003-12-24,1.0205,1.025,1.0145,1.023
2003-12-29,1.025,1.045,1.025,1.0435
2003-12-30,1.0425,1.045,1.0295,1.043
2003-12-31,1.043,1.051,1.0425,1.0455
2004-01-05,1.0625,1.091,1.0625,1.087
2004-01-06,1.087,1.096,1.059,1.0705
2004-01-07,1.0695,1.078,1.054,1.0665
2004-01-08,1.0665,1.11,1.061,1.1085
2004-01-09,1.107,1.108,1.092,1.1035
2004-01-12,1.1065,1.11,1.08,1.0825
2004-01-13,1.0825,1.104,1.082,1.0855
2004-01-14,1.0855,1.103,1.0765,1.094
2004-01-15,1.094,1.099,1.067,1.084
2004-01-16,1.0815,1.097,1.078,1.094
2004-01-20,1.1,1.1215,1.098,1.1175
2004-01-21,1.1185,1.13,1.111,1.1175
2004-01-22,1.1195,1.131,1.118,1.12
2004-01-23,1.12,1.127,1.114,1.1245
2004-01-26,1.1225,1.125,1.1125,1.1165
2004-01-27,1.1165,1.124,1.111,1.114
2004-01-28,1.113,1.134,1.1115,1.1325
2004-01-29,1.129,1.1325,1.1185,1.122
2004-01-30,1.12,1.147,1.119,1.1455
2004-02-02,1.1455,1.1555,1.14,1.144
2004-02-03,1.144,1.17,1.1435,1.1685
2004-02-04,1.1685,1.1755,1.165,1.1745
2004-02-05,1.173,1.186,1.169,1.173
2004-02-06,1.171,1.182,1.1645,1.1805
2004-02-09,1.18,1.1945,1.18,1.186
2004-02-10,1.185,1.192,1.169,1.178
2004-02-11,1.178,1.218,1.175,1.216
2004-02-12,1.2155,1.25,1.2105,1.2415
2004-02-13,1.242,1.259,1.233,1.2435
2004-02-17,1.29,1.313,1.283,1.3
2004-02-18,1.35,1.353,1.2755,1.3015
2004-02-19,1.315,1.331,1.292,1.3295
2004-02-20,1.331,1.339,1.297,1.3085
2004-02-23,1.3055,1.325,1.302,1.3135
2004-02-24,1.3135,1.33,1.302,1.326
2004-02-25,1.3265,1.358,1.295,1.3085
2004-02-26,1.31,1.355,1.3035,1.354
2004-02-27,1.353,1.3555,1.3295,1.346
2004-03-01,1.3485,1.399,1.3475,1.3985
2004-03-02,1.3985,1.403,1.3655,1.376
2004-03-03,1.374,1.376,1.275,1.3065
2004-03-04,1.308,1.326,1.29,1.3225
2004-03-05,1.3225,1.343,1.293,1.343
2004-03-08,1.343,1.349,1.285,1.297
2004-03-09,1.294,1.304,1.256,1.272
2004-03-10,1.273,1.296,1.27,1.287
2004-03-11,1.287,1.34,1.285,1.339
2004-03-12,1.3385,1.344,1.3,1.3135
2004-03-15,1.3135,1.3515,1.3135,1.349
2004-03-16,1.351,1.373,1.348,1.366
2004-03-17,1.366,1.3695,1.342,1.3505
2004-03-18,1.3505,1.378,1.349,1.371
2004-03-19,1.37,1.388,1.365,1.378
2004-03-22,1.38,1.385,1.342,1.353
2004-03-23,1.353,1.36,1.3165,1.359
2004-03-24,1.356,1.368,1.342,1.3545
2004-03-25,1.351,1.3525,1.319,1.3435
2004-03-26,1.342,1.357,1.3345,1.3485
2004-03-29,1.3485,1.367,1.343,1.358
2004-03-30,1.36,1.3715,1.332,1.342
2004-03-31,1.342,1.362,1.333,1.36
2004-04-01,1.361,1.3755,1.355,1.371
2004-04-02,1.37,1.377,1.331,1.347
2004-04-05,1.354,1.354,1.288,1.3095
2004-04-06,1.309,1.322,1.294,1.319
2004-04-07,1.319,1.32,1.295,1.309
2004-04-08,1.307,1.3095,1.292,1.305
2004-04-12,1.3075,1.3075,1.261,1.2885
2004-04-13,1.288,1.29,1.262,1.28
2004-04-14,1.28,1.3,1.259,1.295
2004-04-15,1.295,1.298,1.274,1.2885
2004-04-16,1.2865,1.348,1.2785,1.3425
2004-04-19,1.34,1.363,1.3355,1.359
2004-04-20,1.3585,1.3585,1.303,1.31
2004-04-21,1.308,1.3105,1.205,1.2275
2004-04-22,1.2275,1.245,1.214,1.2255
2004-04-23,1.226,1.25,1.2175,1.243
2004-04-26,1.24,1.247,1.23,1.2415
2004-04-27,1.24,1.2405,1.226,1.235
2004-04-28,1.232,1.2425,1.163,1.1775
2004-04-29,1.17,1.1955,1.1615,1.1925
2004-04-30,1.192,1.214,1.18,1.2075
2004-05-03,1.208,1.235,1.203,1.2255
2004-05-04,1.2285,1.236,1.2165,1.2285
2004-05-05,1.2285,1.244,1.225,1.242
2004-05-06,1.242,1.254,1.226,1.237
2004-05-07,1.235,1.235,1.182,1.1905
2004-05-10,1.1895,1.19,1.148,1.1675
2004-05-11,1.1665,1.195,1.165,1.194
2004-05-12,1.1945,1.201,1.17,1.1875
2004-05-13,1.184,1.192,1.168,1.179
2004-05-14,1.1785,1.196,1.167,1.178
2004-05-17,1.178,1.183,1.138,1.1445
2004-05-18,1.1445,1.154,1.129,1.1535
2004-05-19,1.15,1.198,1.149,1.1965
2004-05-20,1.195,1.197,1.168,1.1865
2004-05-21,1.1865,1.229,1.1815,1.222
2004-05-24,1.2215,1.2495,1.207,1.234
2004-05-25,1.2335,1.245,1.224,1.234
2004-05-26,1.234,1.248,1.2145,1.2315
2004-05-27,1.2315,1.282,1.23,1.273
2004-05-28,1.267,1.285,1.266,1.2775
2004-06-01,1.285,1.3,1.281,1.2915
2004-06-02,1.29,1.308,1.2425,1.248
2004-06-03,1.25,1.263,1.229,1.246
2004-06-04,1.241,1.244,1.208,1.2315
2004-06-07,1.2315,1.268,1.2285,1.2655
2004-06-08,1.2655,1.2675,1.227,1.2375
2004-06-09,1.235,1.235,1.161,1.1645
2004-06-10,1.165,1.177,1.1215,1.173
2004-06-14,1.159,1.1645,1.139,1.1525
2004-06-15,1.132,1.197,1.128,1.191
2004-06-16,1.17,1.195,1.158,1.179
2004-06-17,1.189,1.201,1.176,1.199
2004-06-18,1.19,1.202,1.182,1.1925
2004-06-21,1.1965,1.2,1.183,1.195
2004-06-22,1.168,1.173,1.148,1.1635
2004-06-23,1.171,1.196,1.158,1.195
2004-06-24,1.196,1.23,1.189,1.2235
2004-06-25,1.2175,1.22,1.1935,1.2095
2004-06-28,1.2215,1.222,1.201,1.2075
2004-06-29,1.198,1.205,1.168,1.175
2004-06-30,1.208,1.217,1.174,1.208
2004-07-01,1.207,1.234,1.206,1.222
2004-07-02,1.225,1.23,1.208,1.22
2004-07-06,1.2355,1.2425,1.195,1.218
2004-07-07,1.222,1.26,1.216,1.255
2004-07-08,1.2545,1.2575,1.226,1.251
2004-07-09,1.25,1.29,1.248,1.281
2004-07-12,1.281,1.3,1.275,1.2775
2004-07-13,1.2775,1.293,1.264,1.278
2004-07-14,1.2775,1.289,1.2665,1.277
2004-07-15,1.2875,1.293,1.276,1.2875
2004-07-16,1.2875,1.315,1.285,1.3105
2004-07-19,1.3115,1.317,1.298,1.305
2004-07-20,1.305,1.307,1.271,1.2855
2004-07-21,1.2855,1.2855,1.255,1.275
2004-07-22,1.275,1.29,1.27,1.287
2004-07-23,1.286,1.287,1.232,1.248
2004-07-26,1.246,1.263,1.238,1.25
2004-07-27,1.25,1.253,1.2165,1.221
2004-07-28,1.221,1.28,1.221,1.271
2004-07-29,1.272,1.295,1.267,1.2935
2004-07-30,1.291,1.313,1.28,1.308
2004-08-02,1.3075,1.325,1.295,1.3055
2004-08-03,1.3025,1.309,1.2875,1.303
2004-08-04,1.302,1.304,1.275,1.2945
2004-08-05,1.2935,1.314,1.272,1.28
2004-08-06,1.278,1.292,1.273,1.278
2004-08-09,1.2755,1.284,1.231,1.2415
2004-08-10,1.241,1.258,1.2405,1.257
2004-08-11,1.256,1.275,1.249,1.2725
2004-08-12,1.275,1.285,1.261,1.2675
2004-08-13,1.267,1.335,1.262,1.318
2004-08-16,1.318,1.33,1.302,1.3155
2004-08-17,1.316,1.324,1.299,1.3075
2004-08-18,1.308,1.308,1.25,1.2705
2004-08-19,1.272,1.292,1.26,1.2915
2004-08-20,1.2865,1.2915,1.257,1.2685
2004-08-23,1.267,1.269,1.228,1.2415
2004-08-24,1.243,1.255,1.2375,1.239
2004-08-25,1.238,1.244,1.215,1.2395
2004-08-26,1.241,1.26,1.233,1.2505
2004-08-27,1.2505,1.277,1.243,1.259
2004-08-30,1.27,1.273,1.255,1.2645
2004-08-31,1.2635,1.285,1.261,1.281
2004-09-01,1.281,1.285,1.2655,1.277
2004-09-02,1.2765,1.277,1.238,1.248
2004-09-03,1.251,1.2545,1.22,1.2395
2004-09-07,1.241,1.2795,1.234,1.272
2004-09-08,1.272,1.273,1.241,1.2565
2004-09-09,1.2565,1.265,1.247,1.264
2004-09-10,1.264,1.292,1.26,1.28
2004-09-13,1.279,1.287,1.272,1.285
2004-09-14,1.285,1.292,1.263,1.28
2004-09-15,1.2765,1.286,1.266,1.2715
2004-09-16,1.2705,1.309,1.268,1.3015
2004-09-17,1.3,1.309,1.29,1.302
2004-09-20,1.302,1.32,1.3,1.3195
2004-09-21,1.3175,1.3495,1.312,1.3415
2004-09-22,1.342,1.372,1.334,1.3695
2004-09-23,1.365,1.37,1.347,1.358
2004-09-24,1.354,1.363,1.345,1.3575
2004-09-27,1.355,1.381,1.354,1.378
2004-09-28,1.3775,1.382,1.3585,1.3695
2004-09-29,1.37,1.396,1.362,1.393
2004-09-30,1.392,1.408,1.3805,1.396
2004-10-01,1.393,1.404,1.385,1.404
2004-10-04,1.4035,1.408,1.381,1.397
2004-10-05,1.397,1.405,1.389,1.4015
2004-10-06,1.401,1.428,1.3955,1.423
2004-10-07,1.422,1.4385,1.4195,1.4275
2004-10-08,1.4275,1.482,1.4235,1.4695
2004-10-11,1.469,1.48,1.46,1.4685
2004-10-12,1.467,1.469,1.423,1.448
2004-10-13,1.448,1.448,1.27,1.288
2004-10-14,1.2895,1.303,1.248,1.2695
2004-10-15,1.272,1.314,1.27,1.309
2004-10-18,1.3075,1.3125,1.27,1.284
2004-10-19,1.28,1.308,1.28,1.297
2004-10-20,1.297,1.307,1.265,1.3015
2004-10-21,1.3,1.321,1.293,1.3135
2004-10-22,1.309,1.321,1.28,1.3055
2004-10-25,1.3055,1.316,1.2565,1.2765
2004-10-26,1.276,1.293,1.271,1.2815
2004-10-27,1.277,1.295,1.275,1.288
2004-10-28,1.291,1.293,1.248,1.2535
2004-10-29,1.254,1.3385,1.254,1.3375
2004-11-01,1.332,1.335,1.305,1.3075
2004-11-02,1.3085,1.325,1.302,1.3205
2004-11-03,1.317,1.3345,1.313,1.33
2004-11-04,1.33,1.358,1.327,1.349
2004-11-05,1.3475,1.375,1.341,1.363
2004-11-08,1.366,1.378,1.355,1.3615
2004-11-09,1.3615,1.3775,1.343,1.3755
2004-11-10,1.372,1.384,1.351,1.363
2004-11-11,1.3625,1.387,1.359,1.3725
2004-11-12,1.373,1.396,1.37,1.3945
2004-11-15,1.396,1.397,1.375,1.3875
2004-11-16,1.3885,1.389,1.352,1.369
2004-11-17,1.365,1.4115,1.364,1.4105
2004-11-18,1.405,1.432,1.405,1.425
2004-11-19,1.424,1.433,1.408,1.432
2004-11-22,1.427,1.427,1.39,1.409
2004-11-23,1.407,1.425,1.4,1.4175
2004-11-24,1.4145,1.442,1.412,1.4385
2004-11-29,1.4275,1.452,1.417,1.4405
2004-11-30,1.439,1.448,1.424,1.434
2004-12-01,1.439,1.445,1.418,1.4395
2004-12-02,1.439,1.443,1.37,1.375
2004-12-03,1.375,1.393,1.361,1.3915
2004-12-06,1.39,1.39,1.365,1.3845
2004-12-07,1.384,1.395,1.341,1.352
2004-12-08,1.352,1.36,1.298,1.3155
2004-12-09,1.3155,1.328,1.299,1.3185
2004-12-10,1.32,1.333,1.3075,1.3275
2004-12-13,1.335,1.364,1.332,1.3565
2004-12-14,1.3565,1.372,1.3465,1.364
2004-12-15,1.364,1.388,1.3575,1.3865
2004-12-16,1.386,1.408,1.379,1.39
2004-12-17,1.389,1.4,1.382,1.3995
2004-12-20,1.3935,1.421,1.3935,1.4205
2004-12-21,1.417,1.444,1.402,1.4425
2004-12-22,1.4425,1.456,1.403,1.4095
2004-12-23,1.405,1.425,1.396,1.4225
2004-12-27,1.43,1.44,1.422,1.4395
2004-12-28,1.4395,1.454,1.4315,1.453
2004-12-29,1.451,1.453,1.433,1.445
2004-12-30,1.445,1.455,1.44,1.4525
2005-01-03,1.4565,1.4775,1.439,1.4735
2005-01-04,1.4725,1.4725,1.3235,1.343
2005-01-05,1.348,1.375,1.3375,1.375
2005-01-06,1.375,1.389,1.361,1.375
2005-01-07,1.375,1.388,1.3655,1.37
2005-01-10,1.368,1.378,1.36,1.3695
2005-01-11,1.37,1.405,1.369,1.397
2005-01-12,1.4,1.414,1.3905,1.404
2005-01-13,1.4025,1.404,1.376,1.381
2005-01-14,1.381,1.4,1.375,1.399
2005-01-18,1.399,1.405,1.372,1.4015
2005-01-19,1.4,1.423,1.4,1.4095
2005-01-20,1.4045,1.415,1.397,1.415
2005-01-21,1.4135,1.44,1.411,1.4345
2005-01-24,1.435,1.451,1.424,1.43
2005-01-25,1.427,1.436,1.41,1.429
2005-01-26,1.427,1.437,1.412,1.4355
2005-01-27,1.433,1.438,1.413,1.427
2005-01-28,1.427,1.445,1.426,1.4385
2005-01-31,1.439,1.439,1.423,1.435
2005-02-01,1.435,1.437,1.403,1.416
2005-02-02,1.416,1.4215,1.386,1.3935
2005-02-03,1.3965,1.397,1.356,1.3885
2005-02-04,1.3885,1.3975,1.368,1.3755
2005-02-07,1.3695,1.401,1.3695,1.3885
2005-02-08,1.3895,1.394,1.373,1.388
2005-02-09,1.388,1.393,1.371,1.387
2005-02-10,1.387,1.428,1.382,1.425
2005-02-11,1.425,1.425,1.408,1.4225
2005-02-14,1.4215,1.448,1.42,1.4395
2005-02-15,1.4395,1.4595,1.439,1.4585
2005-02-16,1.4565,1.4565,1.425,1.448
2005-02-17,1.448,1.5,1.434,1.4935
2005-02-18,1.495,1.4965,1.476,1.492
2005-02-22,1.49,1.505,1.48,1.4895
2005-02-23,1.486,1.502,1.474,1.5
2005-02-24,1.498,1.5,1.46,1.483
2005-02-25,1.48,1.487,1.444,1.486
2005-02-28,1.4825,1.508,1.481,1.4985
2005-03-01,1.5,1.5,1.458,1.4645
2005-03-02,1.464,1.483,1.442,1.477
2005-03-03,1.476,1.486,1.464,1.476
2005-03-04,1.474,1.507,1.465,1.494
2005-03-07,1.494,1.504,1.482,1.4965
2005-03-08,1.4935,1.521,1.4885,1.4995
2005-03-09,1.498,1.51,1.477,1.5035
2005-03-10,1.5035,1.508,1.475,1.496
2005-03-11,1.495,1.495,1.456,1.479
2005-03-14,1.476,1.486,1.455,1.4705
2005-03-15,1.47,1.505,1.465,1.4905
2005-03-16,1.489,1.514,1.483,1.506
2005-03-17,1.506,1.51,1.4925,1.5045
2005-03-18,1.502,1.519,1.487,1.507
2005-03-21,1.507,1.5125,1.472,1.489
2005-03-22,1.49,1.508,1.484,1.4975
2005-03-23,1.496,1.5,1.443,1.4445
2005-03-24,1.45,1.467,1.442,1.4535
2005-03-28,1.46,1.4665,1.4485,1.4545
2005-03-29,1.455,1.478,1.451,1.4705
2005-03-30,1.468,1.493,1.46,1.492
2005-03-31,1.488,1.516,1.488,1.5025
2005-04-01,1.5,1.505,1.471,1.4845
2005-04-04,1.48,1.496,1.47,1.495
2005-04-05,1.494,1.494,1.4645,1.4845
2005-04-06,1.4815,1.512,1.4765,1.5085
2005-04-07,1.5075,1.514,1.5,1.5065
2005-04-08,1.501,1.5135,1.494,1.5075
2005-04-11,1.5065,1.5275,1.5035,1.525
2005-04-12,1.525,1.536,1.493,1.496
2005-04-13,1.495,1.5,1.443,1.4595
2005-04-14,1.456,1.46,1.41,1.4285
2005-04-15,1.426,1.456,1.425,1.445
2005-04-18,1.4405,1.46,1.426,1.445
2005-04-19,1.45,1.474,1.443,1.4715
2005-04-20,1.471,1.511,1.471,1.5095
2005-04-21,1.5095,1.51,1.4715,1.4835
2005-04-22,1.483,1.497,1.48,1.488
2005-04-25,1.486,1.491,1.458,1.4895
2005-04-26,1.4895,1.496,1.46,1.4665
2005-04-27,1.463,1.47,1.432,1.458
2005-04-28,1.44,1.447,1.425,1.444
2005-04-29,1.439,1.4685,1.43,1.464
2005-05-02,1.4595,1.4625,1.438,1.455
2005-05-03,1.452,1.455,1.432,1.4435
2005-05-04,1.441,1.455,1.409,1.429
2005-05-05,1.43,1.442,1.416,1.43
2005-05-06,1.433,1.45,1.426,1.441
2005-05-09,1.4365,1.462,1.435,1.4465
2005-05-10,1.447,1.46,1.4425,1.457
2005-05-11,1.456,1.458,1.433,1.4425
2005-05-12,1.442,1.442,1.37,1.376
2005-05-13,1.381,1.385,1.344,1.3525
2005-05-16,1.3585,1.3605,1.33,1.346
2005-05-17,1.351,1.362,1.331,1.3485
2005-05-18,1.3485,1.378,1.346,1.376
2005-05-19,1.374,1.381,1.361,1.363
2005-05-20,1.36,1.379,1.353,1.375
2005-05-23,1.37,1.395,1.358,1.3885
2005-05-24,1.389,1.416,1.386,1.405
2005-05-25,1.4065,1.42,1.402,1.4195
2005-05-26,1.4175,1.455,1.408,1.4495
2005-05-27,1.45,1.451,1.4425,1.451
2005-05-31,1.44,1.458,1.4235,1.4565
2005-06-01,1.453,1.488,1.44,1.4855
2005-06-02,1.484,1.522,1.478,1.5165
2005-06-03,1.5165,1.568,1.51,1.5575
2005-06-06,1.555,1.58,1.553,1.564
2005-06-07,1.5635,1.579,1.5395,1.543
2005-06-08,1.543,1.552,1.529,1.546
2005-06-09,1.5405,1.551,1.531,1.547
2005-06-10,1.545,1.5625,1.5385,1.5625
2005-06-13,1.5625,1.5675,1.533,1.5395
2005-06-14,1.5395,1.5535,1.52,1.5265
2005-06-15,1.526,1.554,1.5255,1.549
2005-06-16,1.5515,1.585,1.547,1.5695
2005-06-17,1.57,1.61,1.57,1.604
2005-06-20,1.6,1.625,1.582,1.5875
2005-06-21,1.583,1.6,1.571,1.5925
2005-06-22,1.5935,1.5935,1.563,1.5845
2005-06-23,1.581,1.586,1.538,1.5825
2005-06-24,1.582,1.61,1.576,1.593
2005-06-27,1.593,1.6,1.5845,1.598
2005-06-28,1.599,1.601,1.5775,1.589
2005-06-29,1.5445,1.564,1.526,1.562
2005-06-30,1.558,1.574,1.505,1.51
2005-07-01,1.515,1.526,1.46,1.4735
2005-07-05,1.4785,1.512,1.4735,1.509
2005-07-06,1.513,1.5385,1.506,1.53
2005-07-07,1.528,1.5425,1.506,1.5355
2005-07-08,1.535,1.566,1.528,1.556
2005-07-11,1.558,1.582,1.547,1.561
2005-07-12,1.562,1.568,1.525,1.539
2005-07-13,1.539,1.5695,1.534,1.5495
2005-07-14,1.5495,1.575,1.543,1.547
2005-07-15,1.547,1.567,1.543,1.562
2005-07-18,1.561,1.589,1.5585,1.5665
2005-07-19,1.569,1.5875,1.557,1.5865
2005-07-20,1.585,1.597,1.576,1.5915
2005-07-21,1.591,1.606,1.567,1.57
2005-07-22,1.575,1.6115,1.57,1.6035
2005-07-25,1.6015,1.6195,1.601,1.618
2005-07-26,1.6155,1.6205,1.602,1.606
2005-07-27,1.606,1.635,1.601,1.627
2005-07-28,1.626,1.654,1.616,1.649
2005-07-29,1.649,1.654,1.636,1.6445
2005-08-01,1.643,1.664,1.629,1.663
2005-08-02,1.66,1.6675,1.646,1.6625
2005-08-03,1.661,1.672,1.653,1.6715
2005-08-04,1.672,1.674,1.646,1.6545
2005-08-05,1.6545,1.665,1.645,1.649
2005-08-08,1.6455,1.654,1.634,1.6465
2005-08-09,1.645,1.652,1.5985,1.6075
2005-08-10,1.605,1.645,1.597,1.6345
2005-08-11,1.6345,1.649,1.615,1.647
2005-08-12,1.644,1.689,1.639,1.676
2005-08-15,1.678,1.708,1.676,1.7075
2005-08-16,1.707,1.738,1.6995,1.7145
2005-08-17,1.713,1.7135,1.6325,1.657
2005-08-18,1.654,1.685,1.648,1.659
2005-08-19,1.657,1.667,1.6355,1.659
2005-08-22,1.659,1.6885,1.6525,1.685
2005-08-23,1.683,1.695,1.6715,1.692
2005-08-24,1.6915,1.6915,1.66,1.667
2005-08-25,1.674,1.674,1.645,1.649
2005-08-26,1.649,1.694,1.6485,1.693
2005-08-29,1.693,1.71,1.67,1.6765
2005-08-30,1.622,1.654,1.622,1.647
2005-08-31,1.6525,1.653,1.611,1.6195
2005-09-01,1.6205,1.65,1.613,1.648
2005-09-02,1.6475,1.691,1.64,1.6735
2005-09-06,1.67,1.682,1.65,1.661
2005-09-07,1.661,1.665,1.6405,1.647
2005-09-08,1.6495,1.6575,1.611,1.6185
2005-09-09,1.6175,1.6275,1.585,1.604
2005-09-12,1.6095,1.647,1.604,1.644
2005-09-13,1.6415,1.6445,1.61,1.6255
2005-09-14,1.625,1.628,1.6,1.611
2005-09-15,1.61,1.619,1.589,1.6045
2005-09-16,1.602,1.6075,1.5775,1.593
2005-09-19,1.593,1.6575,1.585,1.6545
2005-09-20,1.656,1.698,1.65,1.666
2005-09-21,1.666,1.709,1.663,1.7065
2005-09-22,1.704,1.725,1.703,1.71
2005-09-23,1.71,1.728,1.692,1.6985
2005-09-26,1.7025,1.74,1.695,1.7365
2005-09-27,1.7365,1.74,1.715,1.728
2005-09-28,1.723,1.75,1.722,1.748
2005-09-29,1.75,1.7535,1.733,1.7395
2005-09-30,1.738,1.747,1.72,1.7275
2005-10-03,1.7345,1.76,1.7225,1.759
2005-10-04,1.759,1.768,1.75,1.766
2005-10-05,1.766,1.789,1.756,1.7865
2005-10-06,1.7865,1.791,1.772,1.783
2005-10-07,1.783,1.8085,1.776,1.8085
2005-10-10,1.808,1.823,1.805,1.806
2005-10-11,1.805,1.8365,1.803,1.835
2005-10-12,1.8335,1.838,1.793,1.7935
2005-10-13,1.794,1.81,1.761,1.765
2005-10-14,1.7705,1.778,1.737,1.7565
2005-10-17,1.76,1.832,1.7565,1.821
2005-10-18,1.82,1.835,1.809,1.8255
2005-10-19,1.825,1.8255,1.7885,1.806
2005-10-20,1.8065,1.858,1.79,1.793
2005-10-21,1.794,1.798,1.7225,1.793
2005-10-24,1.7945,1.805,1.75,1.7845
2005-10-25,1.7845,1.825,1.77,1.8245
2005-10-26,1.824,1.845,1.782,1.818
2005-10-27,1.8165,1.8285,1.795,1.804
2005-10-28,1.802,1.82,1.772,1.82
2005-10-31,1.8135,1.828,1.8,1.811
2005-11-01,1.811,1.835,1.783,1.816
2005-11-02,1.812,1.833,1.809,1.8305
2005-11-03,1.8265,1.842,1.82,1.827
2005-11-04,1.826,1.854,1.818,1.846
2005-11-07,1.846,1.8555,1.828,1.8475
2005-11-08,1.847,1.85,1.823,1.838
2005-11-09,1.835,1.848,1.823,1.8315
2005-11-10,1.8315,1.875,1.8295,1.8715
2005-11-11,1.87,1.906,1.87,1.9055
2005-11-14,1.9055,1.9215,1.896,1.9135
2005-11-15,1.908,1.9405,1.901,1.932
2005-11-16,1.932,1.938,1.895,1.935
2005-11-17,1.9345,1.95,1.915,1.946
2005-11-18,1.932,1.98,1.932,1.978
2005-11-21,1.9825,1.989,1.948,1.9735
2005-11-22,1.973,1.9765,1.905,1.9175
2005-11-23,1.92,1.97,1.894,1.9685
2005-11-28,1.954,2.017,1.954,2.016
2005-11-29,1.896,1.927,1.895,1.9115
2005-11-30,1.9075,1.93,1.9075,1.926
2005-12-01,1.9235,2,1.914,1.9995
2005-12-02,1.9975,2.03,1.977,1.981
2005-12-05,1.978,2.008,1.97,2.0075
2005-12-06,2.007,2.0095,1.974,1.987
2005-12-07,1.986,2.032,1.986,2.0315
2005-12-08,2.031,2.036,2.012,2.03
2005-12-09,2.028,2.036,2.024,2.03
2005-12-12,2.03,2.046,1.9805,1.986
2005-12-13,1.99,2.036,1.9865,2.0265
2005-12-14,2.024,2.035,1.9605,1.9695
2005-12-15,1.97,2.0105,1.9635,2.001
2005-12-16,2,2.032,1.985,2.029
2005-12-19,2.029,2.032,2.01,2.013
2005-12-20,2.013,2.026,2.0045,2.02
2005-12-21,2.02,2.024,1.993,2.0175
2005-12-22,2.015,2.0335,2.01,2.0255
2005-12-23,2.034,2.0395,2.034,2.0395
2005-12-27,2.034,2.07,2.034,2.0675
2005-12-28,2.065,2.0725,2.054,2.069
2005-12-29,2.0675,2.069,2.026,2.0455
2005-12-30,2.0445,2.0465,2.03,2.042
2006-01-03,2.0345,2.053,2.0025,2.0485
2006-01-04,2.048,2.11,2.045,2.0975
2006-01-05,2.0975,2.0985,2.059,2.0605
2006-01-06,2.0625,2.095,2.04,2.086
2006-01-09,2.0805,2.12,2.08,2.097
2006-01-10,2.0805,2.122,2.0805,2.107
2006-01-11,2.106,2.1125,2.094,2.095
2006-01-12,2.095,2.103,2.08,2.0875
2006-01-13,2.115,2.125,2.1125,2.1125
2006-01-17,2.11,2.125,2.0915,2.111
2006-01-18,2.108,2.1295,2.08,2.12
2006-01-19,2.117,2.13,2.105,2.111
2006-01-20,2.11,2.122,2.0825,2.09
2006-01-23,2.09,2.125,2.083,2.1195
2006-01-24,2.1205,2.153,2.101,2.1525
2006-01-25,2.153,2.204,2.1475,2.2035
2006-01-26,2.2025,2.2175,2.191,2.2015
2006-01-27,2.2005,2.2375,2.196,2.233
2006-01-30,2.234,2.24,2.223,2.2295
2006-01-31,2.228,2.233,2.206,2.2285
2006-02-01,2.225,2.25,2.212,2.249
2006-02-02,2.249,2.315,2.249,2.309
2006-02-03,2.305,2.325,2.292,2.308
2006-02-06,2.305,2.335,2.286,2.33
2006-02-07,2.3295,2.339,2.276,2.278
2006-02-08,2.278,2.302,2.238,2.2745
2006-02-09,2.275,2.318,2.265,2.305
2006-02-10,2.3,2.305,2.1855,2.2245
2006-02-13,2.227,2.246,2.185,2.234
2006-02-14,2.23,2.276,2.215,2.2665
2006-02-15,2.265,2.27,2.175,2.191
2006-02-16,2.19,2.229,2.14,2.2225
2006-02-17,2.225,2.247,2.1955,2.201
2006-02-21,2.235,2.286,2.192,2.2735
2006-02-22,2.27,2.275,2.235,2.2645
2006-02-23,2.265,2.265,2.2,2.205
2006-02-24,2.205,2.235,2.192,2.2075
2006-02-27,2.209,2.215,2.117,2.1305
2006-02-28,2.13,2.192,2.118,2.1785
2006-03-01,2.1775,2.24,2.167,2.2355
2006-03-02,2.235,2.273,2.218,2.2675
2006-03-03,2.2695,2.28,2.259,2.264
2006-03-06,2.262,2.265,2.186,2.1965
2006-03-07,2.198,2.208,2.156,2.177
2006-03-08,2.172,2.18,2.138,2.1635
2006-03-09,2.16,2.208,2.16,2.1955
2006-03-10,2.196,2.213,2.155,2.21
2006-03-13,2.2075,2.25,2.205,2.2455
2006-03-14,2.245,2.261,2.215,2.254
2006-03-15,2.2525,2.284,2.2445,2.2505
2006-03-16,2.249,2.272,2.2325,2.2655
2006-03-17,2.265,2.363,2.2625,2.36
2006-03-20,2.4,2.4,2.333,2.334
2006-03-21,2.334,2.375,2.323,2.324
2006-03-22,2.326,2.351,2.316,2.339
2006-03-23,2.337,2.399,2.335,2.398
2006-03-24,2.397,2.412,2.381,2.3945
2006-03-27,2.401,2.438,2.389,2.43
2006-03-28,2.428,2.437,2.4165,2.4285
2006-03-29,2.436,2.452,2.407,2.4385
2006-03-30,2.435,2.494,2.435,2.4845
2006-03-31,2.484,2.511,2.447,2.463
2006-04-03,2.4595,2.5605,2.453,2.5475
2006-04-04,2.547,2.565,2.526,2.5355
2006-04-05,2.532,2.597,2.531,2.596
2006-04-06,2.597,2.648,2.597,2.6465
2006-04-07,2.6465,2.657,2.5865,2.6405
2006-04-10,2.6505,2.712,2.643,2.709
2006-04-11,2.7195,2.738,2.683,2.7215
2006-04-12,2.7215,2.8,2.7015,2.7715
2006-04-13,2.772,2.819,2.7615,2.8155
2006-04-17,2.825,2.935,2.805,2.895
2006-04-18,2.8965,2.975,2.8925,2.971
2006-04-19,2.9755,2.995,2.916,2.9595
2006-04-20,2.966,2.9765,2.83,2.962
2006-04-21,2.958,3.142,2.8985,3.1405
2006-04-24,3.145,3.1825,3.08,3.111
2006-04-25,3.095,3.325,3.066,3.3205
2006-04-26,3.319,3.4975,3.295,3.395
2006-04-27,3.314,3.3455,3.16,3.181
2006-04-28,3.182,3.29,3.171,3.2205
2006-05-01,3.249,3.325,3.2,3.3205
2006-05-02,3.33,3.34,3.23,3.2765
2006-05-03,3.2705,3.31,3.215,3.305
2006-05-04,3.2985,3.505,3.2735,3.4795
2006-05-05,3.477,3.555,3.45,3.4935
2006-05-08,3.495,3.552,3.4115,3.5015
2006-05-09,3.4895,3.6,3.487,3.596
2006-05-10,3.596,3.704,3.595,3.688
2006-05-11,3.688,4.04,3.678,3.923
2006-05-12,3.93,3.99,3.808,3.864
2006-05-15,3.864,3.92,3.464,3.7465
2006-05-16,3.729,3.871,3.55,3.842
2006-05-17,3.839,3.896,3.642,3.6715
2006-05-18,3.66,3.845,3.565,3.711
2006-05-19,3.655,3.718,3.43,3.469
2006-05-22,3.45,3.555,3.276,3.4615
2006-05-23,3.45,3.92,3.39,3.8855
2006-05-24,3.86,3.875,3.535,3.639
2006-05-25,3.634,3.78,3.52,3.7075
2006-05-26,3.7,3.82,3.66,3.815
2006-05-30,3.7565,3.875,3.615,3.674
2006-05-31,3.67,3.76,3.594,3.624
2006-06-01,3.63,3.64,3.34,3.471
2006-06-02,3.4685,3.62,3.4685,3.5865
2006-06-05,3.5865,3.685,3.505,3.601
2006-06-06,3.5755,3.589,3.44,3.4895
2006-06-07,3.485,3.685,3.355,3.584
2006-06-08,3.58,3.5855,3.34,3.357
2006-06-09,3.37,3.495,3.2415,3.2675
2006-06-12,3.2585,3.395,3.17,3.2285
2006-06-13,3.2285,3.2285,3,3.0105
2006-06-14,3.0485,3.145,2.97,3.056
2006-06-15,3.05,3.365,2.985,3.215
2006-06-16,3.23,3.301,3.21,3.2915
2006-06-19,3.28,3.301,3.115,3.1525
2006-06-20,3.125,3.189,3.033,3.1715
2006-06-21,3.175,3.205,3.119,3.1905
2006-06-22,3.21,3.335,3.125,3.1355
2006-06-23,3.128,3.3,3.04,3.2405
2006-06-26,3.227,3.35,3.18,3.324
2006-06-27,3.345,3.35,3.15,3.187
2006-06-28,3.175,3.3,3.135,3.293
2006-06-29,3.172,3.345,3.1355,3.321
2006-06-30,3.306,3.455,3.305,3.355
2006-07-05,3.36,3.4395,3.345,3.404
2006-07-06,3.395,3.635,3.37,3.617
2006-07-07,3.617,3.6195,3.536,3.5475
2006-07-10,3.5445,3.595,3.48,3.5825
2006-07-11,3.5825,3.655,3.545,3.635
2006-07-12,3.6105,3.77,3.61,3.665
2006-07-13,3.66,3.688,3.525,3.6765
2006-07-14,3.673,3.7275,3.6455,3.7125
2006-07-17,3.7125,3.735,3.51,3.5995
2006-07-18,3.59,3.68,3.531,3.5745
2006-07-19,3.57,3.69,3.45,3.5935
2006-07-20,3.595,3.619,3.38,3.4095
2006-07-21,3.405,3.46,3.241,3.323
2006-07-24,3.305,3.385,3.21,3.382
2006-07-25,3.375,3.475,3.335,3.461
2006-07-26,3.461,3.462,3.38,3.4495
2006-07-27,3.445,3.51,3.429,3.4785
2006-07-28,3.465,3.56,3.44,3.549
2006-07-31,3.553,3.655,3.553,3.57
2006-08-01,3.569,3.605,3.565,3.593
2006-08-02,3.593,3.62,3.56,3.591
2006-08-03,3.595,3.6285,3.43,3.4895
2006-08-04,3.476,3.685,3.476,3.6325
2006-08-07,3.635,3.6845,3.553,3.6105
2006-08-08,3.6105,3.64,3.57,3.602
2006-08-09,3.61,3.735,3.558,3.71
2006-08-10,3.7175,3.7435,3.595,3.6245
2006-08-11,3.613,3.678,3.4,3.4765
2006-08-14,3.479,3.539,3.45,3.537
2006-08-15,3.53,3.575,3.46,3.5275
2006-08-16,3.525,3.585,3.448,3.47
2006-08-17,3.4795,3.545,3.29,3.3575
2006-08-18,3.36,3.47,3.351,3.4345
2006-08-21,3.4345,3.545,3.395,3.5195
2006-08-22,3.5165,3.5295,3.42,3.493
2006-08-23,3.49,3.535,3.4275,3.465
2006-08-24,3.458,3.495,3.312,3.4285
2006-08-25,3.42,3.454,3.41,3.4425
2006-08-28,3.4355,3.465,3.416,3.4545
2006-08-29,3.458,3.458,3.353,3.3905
2006-08-30,3.395,3.43,3.335,3.3525
2006-08-31,3.358,3.51,3.32,3.456
2006-09-01,3.469,3.47,3.4555,3.461
2006-09-05,3.469,3.657,3.4555,3.6245
2006-09-06,3.62,3.685,3.6,3.6795
2006-09-07,3.6725,3.6945,3.561,3.648
2006-09-08,3.6405,3.66,3.535,3.568
2006-09-11,3.57,3.5775,3.385,3.4175
2006-09-12,3.41,3.455,3.345,3.373
2006-09-13,3.374,3.43,3.33,3.385
2006-09-14,3.385,3.45,3.355,3.3745
2006-09-15,3.368,3.373,3.275,3.3115
2006-09-18,3.321,3.42,3.31,3.4145
2006-09-19,3.42,3.425,3.365,3.3755
2006-09-20,3.3755,3.386,3.255,3.376
2006-09-21,3.37,3.45,3.3345,3.4315
2006-09-22,3.43,3.495,3.39,3.4435
2006-09-25,3.4335,3.45,3.345,3.4475
2006-09-26,3.446,3.491,3.41,3.466
2006-09-27,3.469,3.54,3.445,3.487
2006-09-28,3.4865,3.5155,3.4,3.428
2006-09-29,3.43,3.485,3.41,3.4605
2006-10-02,3.4605,3.51,3.401,3.4295
2006-10-03,3.4295,3.435,3.276,3.2825
2006-10-04,3.279,3.355,3.185,3.2055
2006-10-05,3.206,3.398,3.2045,3.3
2006-10-06,3.325,3.425,3.2925,3.3885
2006-10-09,3.4,3.45,3.3875,3.413
2006-10-10,3.418,3.4325,3.3625,3.378
2006-10-11,3.38,3.4325,3.3505,3.41
2006-10-12,3.405,3.429,3.335,3.3865
2006-10-13,3.388,3.518,3.375,3.4135
2006-10-16,3.41,3.585,3.396,3.581
2006-10-17,3.578,3.595,3.481,3.496
2006-10-18,3.5,3.5295,3.465,3.496
2006-10-19,3.489,3.52,3.472,3.5095
2006-10-20,3.4965,3.52,3.43,3.462
2006-10-23,3.4625,3.48,3.405,3.451
2006-10-24,3.4,3.463,3.35,3.418
2006-10-25,3.3925,3.422,3.36,3.4045
2006-10-26,3.4025,3.433,3.38,3.4
2006-10-27,3.4,3.42,3.38,3.405
2006-10-30,3.405,3.412,3.285,3.3585
2006-10-31,3.35,3.3795,3.33,3.3455
2006-11-01,3.35,3.43,3.21,3.241
2006-11-02,3.265,3.3,3.245,3.2915
2006-11-03,3.293,3.3375,3.27,3.3225
2006-11-06,3.3225,3.365,3.285,3.337
2006-11-07,3.332,3.407,3.332,3.3655
2006-11-08,3.362,3.3645,3.225,3.2445
2006-11-09,3.27,3.317,3.225,3.309
2006-11-10,3.3075,3.3175,3.08,3.0885
2006-11-13,3.0855,3.125,3.02,3.075
2006-11-14,3.09,3.1455,3.051,3.089
2006-11-15,3.082,3.19,3.035,3.0945
2006-11-16,3.094,3.102,3.03,3.041
2006-11-17,3.032,3.065,2.975,3.0575
2006-11-20,3.0575,3.099,3.02,3.0415
2006-11-21,3.04,3.1275,3.0275,3.1155
2006-11-22,3.1175,3.171,3.09,3.111
2006-11-27,3.11,3.2535,3.108,3.1875
2006-11-28,3.185,3.203,3.11,3.138
2006-11-29,3.1645,3.196,3.105,3.155
2006-11-30,3.17,3.21,3.1525,3.1955
2006-12-01,3.1905,3.2,3.141,3.172
2006-12-04,3.1735,3.178,3.1525,3.176
2006-12-05,3.17,3.295,3.16,3.247
2006-12-06,3.246,3.246,3.15,3.16
2006-12-07,3.1515,3.17,3.08,3.102
2006-12-08,3.115,3.13,3.092,3.112
2006-12-11,3.109,3.157,3.0965,3.1335
2006-12-12,3.136,3.1575,3.0875,3.0945
2006-12-13,3.091,3.1065,3.026,3.033
2006-12-14,3.033,3.097,3.033,3.0575
2006-12-15,3.043,3.078,2.978,3.0165
2006-12-18,3.0205,3.0435,3,3.0295
2006-12-19,3.032,3.0485,3,3.0175
2006-12-20,3.022,3.0295,2.941,2.9545
2006-12-21,2.964,2.9795,2.856,2.8805
2006-12-22,2.868,2.908,2.8475,2.854
2006-12-26,2.845,2.885,2.845,2.878
2006-12-27,2.879,2.94,2.8675,2.914
2006-12-28,2.912,2.914,2.882,2.895
2006-12-29,2.8925,2.92,2.83,2.871
2007-01-03,2.798,2.798,2.645,2.649
2007-01-04,2.66,2.66,2.5565,2.602
2007-01-05,2.611,2.65,2.52,2.535
2007-01-08,2.535,2.5895,2.47,2.528
2007-01-09,2.532,2.58,2.495,2.556
2007-01-10,2.555,2.6855,2.555,2.664
2007-01-11,2.6725,2.7,2.6085,2.659
2007-01-12,2.653,2.659,2.595,2.603
2007-01-16,2.609,2.6275,2.485,2.5775
2007-01-17,2.56,2.577,2.5205,2.5695
2007-01-18,2.555,2.6085,2.48,2.492
2007-01-19,2.485,2.544,2.481,2.517
2007-01-22,2.5235,2.554,2.5,2.5295
2007-01-23,2.52,2.615,2.5165,2.5795
2007-01-24,2.5875,2.6175,2.575,2.6015
2007-01-25,2.612,2.6815,2.5965,2.6545
2007-01-26,2.6475,2.66,2.585,2.637
2007-01-29,2.635,2.654,2.515,2.542
2007-01-30,2.536,2.58,2.51,2.5615
2007-01-31,2.571,2.61,2.5565,2.5945
2007-02-01,2.585,2.605,2.515,2.5305
2007-02-02,2.5385,2.5465,2.385,2.423
2007-02-05,2.413,2.4535,2.405,2.4165
2007-02-06,2.4215,2.5,2.419,2.4965
2007-02-07,2.49,2.495,2.425,2.455
2007-02-08,2.455,2.469,2.3855,2.4505
2007-02-09,2.4595,2.531,2.4505,2.5175
2007-02-12,2.5245,2.545,2.458,2.4775
2007-02-13,2.468,2.6,2.468,2.5845
2007-02-14,2.582,2.62,2.5625,2.577
2007-02-15,2.578,2.69,2.565,2.664
2007-02-16,2.6575,2.667,2.617,2.6445
2007-02-19,2.6445,2.655,2.624,2.6285
2007-02-20,2.6445,2.655,2.5635,2.586
2007-02-21,2.585,2.6725,2.56,2.6545
2007-02-22,2.662,2.794,2.64,2.766
2007-02-23,2.7625,2.8675,2.7555,2.84
2007-02-26,2.8415,2.888,2.8215,2.8555
2007-02-27,2.864,2.865,2.745,2.825
2007-02-28,2.743,2.815,2.719,2.752
2007-03-01,2.765,2.818,2.735,2.7545
2007-03-02,2.7585,2.78,2.683,2.707
2007-03-05,2.693,2.704,2.625,2.6705
2007-03-06,2.66,2.745,2.66,2.7135
2007-03-07,2.734,2.8,2.7125,2.782
2007-03-08,2.798,2.874,2.778,2.8335
2007-03-09,2.826,2.83,2.7765,2.784
2007-03-12,2.78,2.855,2.7595,2.849
2007-03-13,2.854,2.872,2.7905,2.8245
2007-03-14,2.7915,2.865,2.787,2.826
2007-03-15,2.85,2.993,2.8405,2.988
2007-03-16,2.985,3.02,2.951,3.011
2007-03-19,3.012,3.0435,2.9675,3.0215
2007-03-20,3.022,3.065,3.005,3.034
2007-03-21,3.016,3.054,2.9855,3.019
2007-03-22,3.0375,3.095,3.0375,3.073
2007-03-23,3.0825,3.133,3.063,3.069
2007-03-26,3.069,3.1475,3.069,3.1385
2007-03-27,3.1385,3.1475,3.04,3.0575
2007-03-28,3.051,3.0785,3.0135,3.0625
2007-03-29,3.072,3.0975,3.026,3.0865
2007-03-30,3.0975,3.16,3.088,3.146
2007-04-02,3.1465,3.194,3.1075,3.179
2007-04-03,3.189,3.324,3.1825,3.3145
2007-04-04,3.31,3.398,3.276,3.3875
2007-04-05,3.3715,3.425,3.345,3.377
2007-04-09,3.37,3.534,3.3625,3.506
2007-04-10,3.5225,3.5705,3.4905,3.526
2007-04-11,3.504,3.6235,3.481,3.5825
2007-04-12,3.572,3.6245,3.462,3.502
2007-04-13,3.4805,3.5645,3.48,3.532
2007-04-16,3.545,3.608,3.5,3.5395
2007-04-17,3.551,3.6975,3.4965,3.677
2007-04-18,3.656,3.6905,3.611,3.619
2007-04-19,3.6515,3.6625,3.515,3.5865
2007-04-20,3.5865,3.652,3.5625,3.6105
2007-04-23,3.601,3.649,3.561,3.6325
2007-04-24,3.638,3.676,3.527,3.5525
2007-04-25,3.5605,3.6135,3.524,3.586
2007-04-26,3.61,3.61,3.457,3.488
2007-04-27,3.505,3.56,3.456,3.5325
2007-04-30,3.532,3.5885,3.513,3.5565
2007-05-01,3.5355,3.6565,3.528,3.6345
2007-05-02,3.617,3.66,3.592,3.6445
2007-05-03,3.637,3.75,3.627,3.7265
2007-05-04,3.733,3.807,3.708,3.7585
2007-05-07,3.748,3.79,3.7035,3.7155
2007-05-08,3.7095,3.754,3.69,3.7225
2007-05-09,3.7335,3.755,3.63,3.679
2007-05-10,3.66,3.6835,3.56,3.5665
2007-05-11,3.5665,3.6365,3.5265,3.604
2007-05-14,3.5905,3.6085,3.4785,3.497
2007-05-15,3.491,3.5535,3.4565,3.5375
2007-05-16,3.532,3.5375,3.415,3.4225
2007-05-17,3.423,3.44,3.2285,3.3065
2007-05-18,3.3065,3.34,3.23,3.3235
2007-05-21,3.3245,3.405,3.302,3.4005
2007-05-22,3.39,3.4375,3.2915,3.3025
2007-05-23,3.3065,3.3325,3.255,3.3005
2007-05-24,3.309,3.3385,3.1725,3.1805
2007-05-25,3.1805,3.3225,3.165,3.3205
2007-05-29,3.31,3.3635,3.2635,3.32
2007-05-30,3.302,3.3195,3.26,3.3035
2007-05-31,3.3095,3.3995,3.299,3.3955
2007-06-01,3.397,3.4275,3.375,3.405
2007-06-04,3.402,3.4895,3.375,3.468
2007-06-05,3.4725,3.5,3.42,3.4415
2007-06-06,3.433,3.455,3.3565,3.404
2007-06-07,3.393,3.4125,3.341,3.377
2007-06-08,3.36,3.375,3.244,3.2575
2007-06-11,3.2845,3.3625,3.272,3.356
2007-06-12,3.3555,3.362,3.255,3.287
2007-06-13,3.2645,3.323,3.21,3.313
2007-06-14,3.3085,3.4255,3.304,3.3925
2007-06-15,3.3915,3.4315,3.342,3.422
2007-06-18,3.411,3.52,3.4,3.418
2007-06-19,3.41,3.4185,3.36,3.3945
2007-06-20,3.4015,3.45,3.382,3.4425
2007-06-21,3.4115,3.4485,3.363,3.403
2007-06-22,3.41,3.426,3.3725,3.382
2007-06-25,3.382,3.409,3.295,3.397
2007-06-26,3.377,3.3985,3.3105,3.3135
2007-06-27,3.3145,3.37,3.289,3.357
2007-06-28,3.367,3.455,3.3465,3.4275
2007-06-29,3.432,3.475,3.42,3.4505
2007-07-02,3.4485,3.5335,3.4375,3.527
2007-07-03,3.52,3.56,3.4945,3.545
2007-07-04,3.5325,3.5845,3.53,3.58
2007-07-05,3.5325,3.5985,3.53,3.5935
2007-07-06,3.5855,3.604,3.5625,3.5945
2007-07-09,3.5945,3.665,3.589,3.6295
2007-07-10,3.6205,3.66,3.575,3.61
2007-07-11,3.5935,3.64,3.578,3.6215
2007-07-12,3.6005,3.66,3.5605,3.581
2007-07-13,3.5785,3.6145,3.532,3.593
2007-07-16,3.59,3.613,3.5515,3.562
2007-07-17,3.56,3.5695,3.5105,3.5525
2007-07-18,3.5325,3.5745,3.5255,3.563
2007-07-19,3.5635,3.665,3.5635,3.662
2007-07-20,3.6495,3.725,3.6475,3.7055
2007-07-23,3.704,3.748,3.635,3.6565
2007-07-24,3.641,3.7025,3.595,3.6195
2007-07-25,3.602,3.626,3.5215,3.5555
2007-07-26,3.57,3.5805,3.505,3.5225
2007-07-27,3.5325,3.572,3.502,3.547
2007-07-30,3.5295,3.598,3.5005,3.5885
2007-07-31,3.59,3.66,3.5815,3.6485
2007-08-01,3.636,3.649,3.55,3.585
2007-08-02,3.593,3.619,3.5655,3.573
2007-08-03,3.59,3.595,3.46,3.479
2007-08-06,3.475,3.487,3.4335,3.4735
2007-08-07,3.473,3.53,3.466,3.5065
2007-08-08,3.504,3.52,3.405,3.439
2007-08-09,3.446,3.4595,3.32,3.361
2007-08-10,3.336,3.3825,3.285,3.3595
2007-08-13,3.3695,3.445,3.366,3.441
2007-08-14,3.415,3.4535,3.342,3.37
2007-08-15,3.355,3.355,3.292,3.332
2007-08-16,3.315,3.332,3.041,3.09
2007-08-17,3.1445,3.2075,3.07,3.1465
2007-08-20,3.17,3.2275,3.1535,3.1595
2007-08-21,3.17,3.1845,3.13,3.15
2007-08-22,3.1515,3.239,3.146,3.212
2007-08-23,3.2295,3.293,3.2295,3.263
2007-08-24,3.2685,3.376,3.213,3.3375
2007-08-27,3.3475,3.485,3.3335,3.3495
2007-08-28,3.362,3.3695,3.256,3.3115
2007-08-29,3.28,3.361,3.2535,3.35
2007-08-30,3.347,3.364,3.3105,3.348
2007-08-31,3.33,3.42,3.33,3.397
2007-09-03,3.387,3.388,3.345,3.359
2007-09-04,3.387,3.388,3.2675,3.306
2007-09-05,3.313,3.3485,3.2325,3.263
2007-09-06,3.2515,3.35,3.23,3.3025
2007-09-07,3.3025,3.3225,3.206,3.2515
2007-09-10,3.245,3.277,3.22,3.256
2007-09-11,3.2525,3.411,3.243,3.3875
2007-09-12,3.38,3.3875,3.322,3.3595
2007-09-13,3.355,3.43,3.336,3.3965
2007-09-14,3.397,3.465,3.365,3.3925
2007-09-17,3.3925,3.442,3.382,3.42
2007-09-18,3.4205,3.509,3.4005,3.448
2007-09-19,3.495,3.605,3.455,3.5755
2007-09-20,3.56,3.62,3.553,3.5945
2007-09-21,3.5805,3.655,3.564,3.5925
2007-09-24,3.588,3.657,3.583,3.645
2007-09-25,3.641,3.665,3.59,3.629
2007-09-26,3.626,3.665,3.595,3.614
2007-09-27,3.618,3.6775,3.614,3.648
2007-09-28,3.646,3.698,3.626,3.64
2007-10-01,3.6405,3.695,3.64,3.6915
2007-10-02,3.6805,3.767,3.656,3.711
2007-10-03,3.728,3.78,3.717,3.7635
2007-10-04,3.749,3.7585,3.702,3.738
2007-10-05,3.7385,3.757,3.7135,3.7255
2007-10-08,3.7345,3.76,3.581,3.613
2007-10-09,3.619,3.6735,3.5825,3.6175
2007-10-10,3.622,3.7265,3.606,3.694
2007-10-11,3.701,3.732,3.63,3.669
2007-10-12,3.6545,3.693,3.6305,3.6525
2007-10-15,3.6475,3.738,3.6475,3.686
2007-10-16,3.6825,3.7085,3.602,3.641
2007-10-17,3.6325,3.659,3.572,3.596
2007-10-18,3.5825,3.6065,3.528,3.5415
2007-10-19,3.54,3.573,3.52,3.5515
2007-10-22,3.535,3.657,3.45,3.4865
2007-10-23,3.515,3.5505,3.484,3.5135
2007-10-24,3.498,3.507,3.43,3.4525
2007-10-25,3.46,3.495,3.455,3.486
2007-10-26,3.485,3.55,3.485,3.5375
2007-10-29,3.5675,3.5895,3.5155,3.521
2007-10-30,3.5185,3.523,3.434,3.4815
2007-10-31,3.475,3.512,3.4485,3.473
2007-11-01,3.48,3.4935,3.352,3.3625
2007-11-02,3.363,3.3825,3.3045,3.325
2007-11-05,3.3495,3.3685,3.285,3.302
2007-11-06,3.3275,3.356,3.305,3.3415
2007-11-07,3.32,3.4,3.25,3.259
2007-11-08,3.24,3.267,3.1825,3.204
2007-11-09,3.145,3.2375,3.11,3.1455
2007-11-12,3.1385,3.165,3.035,3.109
2007-11-13,3.073,3.1455,3.053,3.107
2007-11-14,3.1125,3.307,3.108,3.2965
2007-11-15,3.235,3.284,3.064,3.081
2007-11-16,3.08,3.176,3.028,3.1615
2007-11-19,3.155,3.18,2.976,2.9835
2007-11-20,2.998,3.0535,2.9275,3.027
2007-11-21,3.032,3.0425,2.878,2.888
2007-11-22,2.88,2.955,2.8705,2.9275
2007-11-23,2.9125,3.0025,2.8705,2.991
2007-11-26,2.9905,3.0455,2.965,3.023
2007-11-27,2.972,3.018,2.9335,2.9625
2007-11-28,2.9535,3.05,2.9335,3.006
2007-11-29,3.035,3.146,3.035,3.094
2007-11-30,3.095,3.195,3.0875,3.1845
2007-12-03,3.1865,3.2085,3.0595,3.0785
2007-12-04,3.0635,3.08,2.977,3.02
2007-12-05,3.023,3.0785,2.9895,3.04
2007-12-06,3.048,3.085,3.012,3.0485
2007-12-07,3.055,3.155,3.0465,3.126
2007-12-10,3.1355,3.14,3.0705,3.093
2007-12-11,3.1,3.119,3.0265,3.09
2007-12-12,3.0445,3.065,2.98,3.036
2007-12-13,2.995,3.05,2.935,2.961
2007-12-14,2.9595,2.98,2.92,2.9565
2007-12-17,2.96,2.98,2.853,2.889
2007-12-18,2.875,2.915,2.8645,2.8845
2007-12-19,2.895,2.9725,2.884,2.958
2007-12-20,2.9635,3.017,2.9505,2.9655
2007-12-21,2.9675,3.1095,2.965,3.0975
2007-12-24,3.11,3.205,3.11,3.1535
2007-12-26,3.159,3.196,3.1355,3.17
2007-12-27,3.162,3.21,3.108,3.132
2007-12-28,3.12,3.12,3.068,3.072
2007-12-31,3.0735,3.0945,3.022,3.041
2008-01-02,3.041,3.12,3.0355,3.064
2008-01-03,3.0625,3.19,3.055,3.188
2008-01-04,3.182,3.235,3.105,3.1575
2008-01-07,3.131,3.189,3.106,3.141
2008-01-08,3.1305,3.32,3.13,3.2985
2008-01-09,3.259,3.3785,3.259,3.2835
2008-01-10,3.293,3.3065,3.215,3.2815
2008-01-11,3.281,3.327,3.253,3.304
2008-01-14,3.305,3.36,3.3,3.339
2008-01-15,3.342,3.36,3.1815,3.2415
2008-01-16,3.21,3.2335,3.147,3.1725
2008-01-17,3.1725,3.246,3.13,3.182
2008-01-18,3.152,3.2455,3.145,3.2345
2008-01-22,3.2395,3.275,3.012,3.1965
2008-01-23,3.1805,3.2,3.065,3.072
2008-01-24,3.13,3.21,3.127,3.1715
2008-01-25,3.192,3.2455,3.164,3.184
2008-01-28,3.19,3.2195,3.1165,3.1895
2008-01-29,3.184,3.3185,3.18,3.299
2008-01-30,3.2825,3.2975,3.217,3.2265
2008-01-31,3.23,3.3225,3.199,3.298
2008-02-01,3.2915,3.342,3.2485,3.273
2008-02-04,3.2735,3.325,3.251,3.2985
2008-02-05,3.3085,3.3185,3.182,3.212
2008-02-06,3.198,3.3475,3.171,3.309
2008-02-07,3.2805,3.462,3.276,3.454
2008-02-08,3.43,3.564,3.425,3.5395
2008-02-11,3.52,3.599,3.5195,3.5585
2008-02-12,3.542,3.593,3.5275,3.56
2008-02-13,3.542,3.559,3.4765,3.5305
2008-02-14,3.534,3.5825,3.456,3.488
2008-02-15,3.474,3.568,3.466,3.523
2008-02-18,3.525,3.6235,3.5135,3.609
2008-02-19,3.525,3.7325,3.5135,3.7235
2008-02-20,3.72,3.73,3.664,3.7085
2008-02-21,3.7385,3.8465,3.714,3.8105
2008-02-22,3.796,3.8175,3.7445,3.7895
2008-02-25,3.795,3.8495,3.6905,3.7395
2008-02-26,3.7305,3.8045,3.667,3.779
2008-02-27,3.7925,3.8625,3.789,3.838
2008-02-28,3.8375,3.9105,3.825,3.878
2008-02-29,3.878,3.892,3.8005,3.855
2008-03-03,3.8465,3.967,3.8355,3.9285
2008-03-04,3.935,3.9515,3.803,3.8215
2008-03-05,3.8265,3.985,3.792,3.982
2008-03-06,3.964,4.024,3.85,3.9035
2008-03-07,3.898,3.945,3.856,3.9215
2008-03-10,3.9155,3.925,3.7695,3.795
2008-03-11,3.8,3.8905,3.762,3.7855
2008-03-12,3.792,3.8445,3.75,3.837
2008-03-13,3.8205,3.864,3.787,3.825
2008-03-14,3.808,3.9,3.79,3.828
2008-03-17,3.8275,3.88,3.654,3.685
2008-03-18,3.721,3.7625,3.6605,3.7465
2008-03-19,3.72,3.767,3.6105,3.6335
2008-03-20,3.62,3.62,3.461,3.5735
2008-03-24,3.55,3.6475,3.525,3.6225
2008-03-25,3.619,3.71,3.5985,3.6785
2008-03-26,3.689,3.75,3.675,3.725
2008-03-27,3.74,3.894,3.7205,3.873
2008-03-28,3.856,3.9275,3.8025,3.8315
2008-03-31,3.8395,3.8715,3.803,3.831
2008-04-01,3.814,3.835,3.709,3.8065
2008-04-02,3.803,3.8905,3.7665,3.8775
2008-04-03,3.876,3.9325,3.84,3.9015
2008-04-04,3.8905,3.967,3.865,3.9545
2008-04-07,3.9535,4,3.932,3.9795
2008-04-08,3.959,3.9665,3.864,3.8905
2008-04-09,3.882,4.022,3.852,4
2008-04-10,4.015,4.039,3.912,3.924
2008-04-11,3.919,3.9765,3.902,3.9445
2008-04-14,3.9455,3.9575,3.8155,3.8965
2008-04-15,3.881,3.9225,3.8365,3.859
2008-04-16,3.86,4.018,3.831,3.958
2008-04-17,3.96,4.0495,3.892,3.912
2008-04-18,3.9185,3.9525,3.81,3.888
2008-04-21,3.8885,3.93,3.8405,3.866
2008-04-22,3.9065,3.9875,3.8505,3.9655
2008-04-23,3.947,3.9785,3.875,3.904
2008-04-24,3.886,3.947,3.865,3.875
2008-04-25,3.882,3.932,3.8115,3.9155
2008-04-28,3.9185,3.95,3.897,3.9355
2008-04-29,3.918,3.93,3.851,3.881
2008-04-30,3.8895,3.927,3.8455,3.9045
2008-05-01,3.9075,3.93,3.6675,3.6945
2008-05-02,3.724,3.8525,3.7,3.8205
2008-05-05,3.828,4.27,3.82,3.9475
2008-05-06,3.942,3.942,3.8325,3.8785
2008-05-07,3.8795,3.885,3.8165,3.834
2008-05-08,3.8395,3.851,3.756,3.7875
2008-05-09,3.796,3.8,3.6775,3.7165
2008-05-12,3.712,3.775,3.6855,3.7495
2008-05-13,3.7465,3.793,3.7085,3.7315
2008-05-14,3.7325,3.7435,3.6525,3.681
2008-05-15,3.678,3.772,3.6665,3.7385
2008-05-16,3.7405,3.8595,3.7395,3.8265
2008-05-19,3.836,3.858,3.7425,3.7755
2008-05-20,3.7725,3.8005,3.731,3.7765
2008-05-21,3.7685,3.781,3.721,3.7445
2008-05-22,3.741,3.7895,3.6605,3.7125
2008-05-23,3.7035,3.745,3.6485,3.736
2008-05-26,3.7455,3.75,3.6995,3.7305
2008-05-27,3.7455,3.75,3.6875,3.716
2008-05-28,3.729,3.7295,3.6365,3.695
2008-05-29,3.702,3.702,3.5505,3.5585
2008-05-30,3.5695,3.6125,3.56,3.606
2008-06-02,3.5935,3.621,3.545,3.5965
2008-06-03,3.588,3.612,3.5605,3.578
2008-06-04,3.561,3.5745,3.54,3.545
2008-06-05,3.543,3.5735,3.512,3.543
2008-06-06,3.5745,3.67,3.5695,3.623
2008-06-09,3.6225,3.663,3.581,3.613
2008-06-10,3.6075,3.608,3.548,3.56
2008-06-11,3.555,3.6,3.523,3.5795
2008-06-12,3.572,3.583,3.5065,3.538
2008-06-13,3.535,3.6175,3.5275,3.589
2008-06-16,3.589,3.705,3.585,3.6655
2008-06-17,3.65,3.687,3.6225,3.6495
2008-06-18,3.65,3.761,3.6415,3.7475
2008-06-19,3.7355,3.8175,3.7245,3.7795
2008-06-20,3.78,3.8425,3.765,3.832
2008-06-23,3.8325,3.8505,3.7705,3.8095
2008-06-24,3.81,3.8115,3.764,3.788
2008-06-25,3.78,3.8195,3.7345,3.777
2008-06-26,3.787,3.861,3.773,3.83
2008-06-27,3.825,3.885,3.807,3.878
2008-06-30,3.88,3.913,3.8325,3.8825
2008-07-01,3.8695,3.9245,3.85,3.9105
2008-07-02,3.894,4.075,3.8775,4.0635
2008-07-03,4.0235,4.0455,3.926,3.949
2008-07-04,3.94,3.952,3.858,3.882
2008-07-07,3.8745,3.9005,3.803,3.849
2008-07-08,3.8375,3.861,3.684,3.6965
2008-07-09,3.697,3.753,3.642,3.739
2008-07-10,3.7265,3.791,3.672,3.7185
2008-07-11,3.7225,3.799,3.719,3.74
2008-07-14,3.7455,3.782,3.7105,3.752
2008-07-15,3.744,3.7575,3.665,3.7
2008-07-16,3.6875,3.716,3.6305,3.6505
2008-07-17,3.653,3.7315,3.638,3.715
2008-07-18,3.695,3.7,3.6505,3.669
2008-07-21,3.669,3.7135,3.6675,3.681
2008-07-22,3.699,3.745,3.6595,3.6905
2008-07-23,3.69,3.703,3.6155,3.6575
2008-07-24,3.629,3.66,3.556,3.577
2008-07-25,3.5815,3.614,3.569,3.605
2008-07-28,3.608,3.6345,3.588,3.612
2008-07-29,3.616,3.627,3.561,3.5905
2008-07-30,3.5895,3.755,3.5375,3.646
2008-07-31,3.649,3.7035,3.639,3.6615
2008-08-01,3.6605,3.6675,3.54,3.5785
2008-08-04,3.5775,3.587,3.426,3.44
2008-08-05,3.4595,3.4595,3.3765,3.417
2008-08-06,3.434,3.475,3.415,3.4235
2008-08-07,3.426,3.4655,3.4095,3.418
2008-08-08,3.425,3.425,3.292,3.333
2008-08-11,3.339,3.3465,3.282,3.2915
2008-08-12,3.313,3.3195,3.2185,3.2275
2008-08-13,3.231,3.3825,3.231,3.352
2008-08-14,3.35,3.434,3.294,3.305
2008-08-15,3.32,3.3475,3.235,3.3225
2008-08-18,3.3335,3.386,3.2795,3.315
2008-08-19,3.307,3.469,3.2815,3.4285
2008-08-20,3.425,3.4845,3.3605,3.397
2008-08-21,3.415,3.5625,3.413,3.546
2008-08-22,3.5405,3.558,3.4475,3.4725
2008-08-25,3.465,3.5125,3.4405,3.4815
2008-08-26,3.5,3.5115,3.3955,3.4385
2008-08-27,3.45,3.5115,3.43,3.4715
2008-08-28,3.45,3.4685,3.386,3.4005
2008-08-29,3.4,3.41,3.3445,3.387
2008-09-02,3.3755,3.383,3.159,3.273
2008-09-03,3.2735,3.3315,3.252,3.312
2008-09-04,3.3195,3.3525,3.244,3.266
2008-09-05,3.255,3.255,3.0745,3.0985
2008-09-08,3.1375,3.1675,3.087,3.093
2008-09-09,3.097,3.13,3.0425,3.087
2008-09-10,3.045,3.144,3.04,3.114
2008-09-11,3.11,3.134,3.058,3.1225
2008-09-12,3.132,3.23,3.1215,3.194
2008-09-15,3.1895,3.2225,3.057,3.1365
2008-09-16,3.107,3.1195,3.02,3.089
2008-09-17,3.084,3.125,3.0315,3.0425
2008-09-18,3.09,3.165,3,3.066
2008-09-19,3.066,3.2375,3.033,3.1765
2008-09-22,3.1825,3.303,3.16,3.255
2008-09-23,3.2675,3.292,3.126,3.152
2008-09-24,3.152,3.1815,3.083,3.1065
2008-09-25,3.1125,3.14,3.0735,3.1345
2008-09-26,3.1365,3.138,3.045,3.0745
2008-09-29,3.0775,3.0775,2.85,2.9065
2008-09-30,2.8695,2.91,2.765,2.879
2008-10-01,2.891,2.9345,2.749,2.7895
2008-10-02,2.7615,2.824,2.603,2.6275
2008-10-03,2.63,2.718,2.571,2.69
2008-10-06,2.645,2.645,2.3525,2.493
2008-10-07,2.468,2.594,2.4025,2.5345
2008-10-08,2.4195,2.5645,2.285,2.355
2008-10-09,2.325,2.4375,2.256,2.406
2008-10-10,2.295,2.2995,2.05,2.1445
2008-10-13,2.1815,2.3605,2.16,2.3125
2008-10-14,2.343,2.5295,2.3345,2.3945
2008-10-15,2.4,2.4015,2.146,2.2105
2008-10-16,2.1595,2.2185,2.0405,2.0855
2008-10-17,2.169,2.2345,2.042,2.1795
2008-10-20,2.15,2.2645,2.097,2.1165
2008-10-21,2.128,2.1775,1.992,2.007
2008-10-22,2.0105,2.023,1.806,1.8655
2008-10-23,1.8315,1.872,1.718,1.8045
2008-10-24,1.87,1.88,1.656,1.6865
2008-10-27,1.69,1.8365,1.6265,1.805
2008-10-28,1.76,1.9495,1.7205,1.8585
2008-10-29,1.93,2.12,1.8495,2.088
2008-10-30,2.055,2.172,1.8605,1.8905
2008-10-31,1.899,1.91,1.733,1.829
2008-11-03,1.872,1.9315,1.7805,1.84
2008-11-04,1.8485,2.014,1.7805,1.958
2008-11-05,1.96,1.964,1.805,1.819
2008-11-06,1.818,1.821,1.705,1.7255
2008-11-07,1.72,1.794,1.688,1.697
2008-11-10,1.728,1.89,1.728,1.752
2008-11-11,1.761,1.7775,1.6425,1.648
2008-11-12,1.66,1.69,1.57,1.6555
2008-11-13,1.58,1.731,1.58,1.624
2008-11-14,1.719,1.7455,1.6775,1.708
2008-11-17,1.715,1.716,1.617,1.6565
2008-11-18,1.637,1.7015,1.6015,1.662
2008-11-19,1.6875,1.6875,1.588,1.6015
2008-11-20,1.585,1.615,1.5405,1.5755
2008-11-21,1.5405,1.644,1.5215,1.579
2008-11-24,1.609,1.723,1.553,1.6735
2008-11-25,1.675,1.708,1.615,1.653
2008-11-26,1.6565,1.728,1.6355,1.668
2008-11-28,1.6985,1.7115,1.615,1.6495
2008-12-01,1.6565,1.675,1.597,1.631
2008-12-02,1.6065,1.631,1.575,1.6005
2008-12-03,1.59,1.5965,1.516,1.5545
2008-12-04,1.5465,1.5675,1.448,1.4695
2008-12-05,1.455,1.468,1.356,1.3735
2008-12-08,1.4,1.54,1.3925,1.498
2008-12-09,1.513,1.5145,1.411,1.4435
2008-12-10,1.425,1.519,1.425,1.4955
2008-12-11,1.489,1.54,1.4695,1.512
2008-12-12,1.491,1.494,1.376,1.4285
2008-12-15,1.454,1.489,1.39,1.405
2008-12-16,1.397,1.445,1.375,1.3785
2008-12-17,1.4365,1.437,1.3285,1.373
2008-12-18,1.38,1.3865,1.2865,1.3015
2008-12-19,1.2875,1.34,1.2875,1.3265
2008-12-22,1.3195,1.4595,1.3195,1.3455
2008-12-23,1.34,1.35,1.2755,1.281
2008-12-24,1.284,1.316,1.271,1.274
2008-12-26,1.2885,1.323,1.255,1.3035
2008-12-29,1.323,1.329,1.29,1.3115
2008-12-30,1.3085,1.33,1.2855,1.3205
2008-12-31,1.325,1.4145,1.314,1.41
2009-01-02,1.3955,1.485,1.3715,1.461
2009-01-05,1.469,1.498,1.416,1.459
2009-01-06,1.4525,1.587,1.45,1.583
2009-01-07,1.587,1.6225,1.5,1.5115
2009-01-08,1.506,1.5225,1.4465,1.479
2009-01-09,1.484,1.565,1.474,1.5595
2009-01-12,1.5495,1.596,1.455,1.4885
2009-01-13,1.468,1.552,1.4135,1.547
2009-01-14,1.526,1.5455,1.451,1.4875
2009-01-15,1.4775,1.5135,1.4335,1.4535
2009-01-16,1.492,1.565,1.4885,1.5275
2009-01-20,1.5295,1.575,1.465,1.5045
2009-01-21,1.4805,1.5175,1.426,1.4335
2009-01-22,1.4785,1.483,1.385,1.396
2009-01-23,1.43,1.479,1.373,1.472
2009-01-26,1.467,1.631,1.443,1.5865
2009-01-27,1.5865,1.625,1.4545,1.4845
2009-01-28,1.494,1.5535,1.472,1.496
2009-01-29,1.4935,1.502,1.421,1.4575
2009-01-30,1.462,1.475,1.4065,1.4685
2009-02-02,1.447,1.466,1.399,1.431
2009-02-03,1.4415,1.535,1.4405,1.522
2009-02-04,1.532,1.5695,1.503,1.531
2009-02-05,1.5105,1.55,1.481,1.5
2009-02-06,1.5095,1.6345,1.5085,1.6285
2009-02-09,1.62,1.655,1.597,1.613
2009-02-10,1.604,1.6375,1.5485,1.576
2009-02-11,1.555,1.578,1.4875,1.54
2009-02-12,1.557,1.564,1.502,1.5345
2009-02-13,1.5495,1.576,1.526,1.5385
2009-02-17,1.493,1.542,1.4165,1.423
2009-02-18,1.438,1.449,1.4065,1.436
2009-02-19,1.44,1.493,1.436,1.471
2009-02-20,1.4555,1.4695,1.395,1.416
2009-02-23,1.432,1.484,1.416,1.437
2009-02-24,1.434,1.5295,1.412,1.487
2009-02-25,1.5195,1.535,1.49,1.5245
2009-02-26,1.5295,1.605,1.525,1.579
2009-02-27,1.5695,1.578,1.477,1.5385
2009-03-02,1.525,1.5495,1.506,1.516
2009-03-03,1.521,1.631,1.515,1.6045
2009-03-04,1.607,1.737,1.5925,1.694
2009-03-05,1.715,1.72,1.634,1.6535
2009-03-06,1.642,1.7185,1.636,1.689
2009-03-09,1.6925,1.701,1.626,1.6395
2009-03-10,1.649,1.706,1.6385,1.6845
2009-03-11,1.685,1.698,1.6185,1.6255
2009-03-12,1.631,1.69,1.585,1.6245
2009-03-13,1.651,1.6965,1.6375,1.6645
2009-03-16,1.667,1.755,1.6595,1.747
2009-03-17,1.738,1.763,1.708,1.724
2009-03-18,1.725,1.7695,1.6935,1.7165
2009-03-19,1.752,1.828,1.744,1.8075
2009-03-20,1.8105,1.853,1.787,1.796
2009-03-23,1.8,1.875,1.8,1.841
2009-03-24,1.8565,1.879,1.78,1.806
2009-03-25,1.7935,1.825,1.765,1.803
2009-03-26,1.8,1.877,1.7975,1.855
2009-03-27,1.865,1.897,1.8015,1.836
2009-03-30,1.8225,1.846,1.7525,1.766
2009-03-31,1.7665,1.859,1.7655,1.8445
2009-04-01,1.8385,1.868,1.796,1.849
2009-04-02,1.864,1.9055,1.841,1.89
2009-04-03,1.89,2.013,1.871,2.0005
2009-04-06,1.99,2.037,1.933,1.959
2009-04-07,1.96,2.012,1.9365,1.99
2009-04-08,1.983,2.013,1.9465,1.9985
2009-04-09,1.997,2.08,1.9855,2.071
2009-04-13,2.0955,2.1685,2.09,2.1255
2009-04-14,2.139,2.235,2.0825,2.115
2009-04-15,2.0985,2.234,2.096,2.199
2009-04-16,2.2315,2.233,2.144,2.1695
2009-04-17,2.1725,2.205,2.1275,2.194
2009-04-20,2.19,2.1945,2.07,2.1035
2009-04-21,2.086,2.102,2.003,2.087
2009-04-22,2.0785,2.106,2.023,2.0595
2009-04-23,2.041,2.0985,1.9675,1.992
2009-04-24,1.9925,2.0625,1.9555,2.0505
2009-04-27,2.022,2.0695,1.9525,1.9865
2009-04-28,1.983,2,1.902,1.916
2009-04-29,1.9175,2.0295,1.911,2.005
2009-04-30,2.0125,2.073,1.9935,2.0475
2009-05-01,2.0415,2.12,2.0375,2.101
2009-05-04,2.1135,2.17,2.1135,2.144
2009-05-05,2.14,2.177,2.0645,2.0825
2009-05-06,2.074,2.2015,2.061,2.187
2009-05-07,2.1885,2.217,2.114,2.1645
2009-05-08,2.162,2.206,2.099,2.1455
2009-05-11,2.145,2.154,2.058,2.0885
2009-05-12,2.0785,2.155,2.063,2.086
2009-05-13,2.102,2.124,2.0145,2.031
2009-05-14,2.02,2.05,1.967,2.027
2009-05-15,2.037,2.0465,1.9735,2.0175
2009-05-18,2.0185,2.0745,1.979,2.072
2009-05-19,2.068,2.129,2.05,2.0695
2009-05-20,2.075,2.14,2.062,2.1065
2009-05-21,2.099,2.1,2.0135,2.051
2009-05-22,2.06,2.1215,2.041,2.0975
2009-05-26,2.0955,2.1475,2.04,2.141
2009-05-27,2.14,2.159,2.0925,2.121
2009-05-28,2.094,2.1645,2.079,2.137
2009-05-29,2.1315,2.205,2.13,2.1975
2009-06-01,2.201,2.3285,2.1825,2.319
2009-06-02,2.3075,2.353,2.28,2.2975
2009-06-03,2.301,2.3355,2.1995,2.212
2009-06-04,2.22,2.318,2.208,2.301
2009-06-05,2.301,2.334,2.232,2.284
2009-06-08,2.27,2.3085,2.2305,2.253
2009-06-09,2.283,2.3725,2.26,2.3655
2009-06-10,2.3615,2.3955,2.338,2.367
2009-06-11,2.3685,2.4575,2.3475,2.445
2009-06-12,2.4365,2.441,2.36,2.3735
2009-06-15,2.382,2.3945,2.269,2.285
2009-06-16,2.291,2.317,2.233,2.2555
2009-06-17,2.238,2.2815,2.215,2.2595
2009-06-18,2.25,2.277,2.2215,2.272
2009-06-19,2.259,2.2955,2.2225,2.2505
2009-06-22,2.248,2.248,2.1225,2.132
2009-06-23,2.123,2.202,2.1115,2.1985
2009-06-24,2.189,2.289,2.161,2.2675
2009-06-25,2.259,2.331,2.231,2.3015
2009-06-26,2.3075,2.3315,2.2725,2.2935
2009-06-29,2.296,2.357,2.2555,2.326
2009-06-30,2.328,2.365,2.237,2.272
2009-07-01,2.274,2.369,2.2705,2.3305
2009-07-02,2.3355,2.344,2.266,2.3055
2009-07-06,2.2705,2.2725,2.2055,2.2625
2009-07-07,2.262,2.297,2.2005,2.2255
2009-07-08,2.201,2.24,2.142,2.159
2009-07-09,2.163,2.2435,2.155,2.2375
2009-07-10,2.222,2.243,2.1865,2.2115
2009-07-13,2.215,2.2395,2.183,2.223
2009-07-14,2.238,2.311,2.219,2.299
2009-07-15,2.2985,2.4055,2.2955,2.392
2009-07-16,2.3865,2.41,2.357,2.3895
2009-07-17,2.388,2.439,2.367,2.423
2009-07-20,2.4185,2.4895,2.41,2.469
2009-07-21,2.4715,2.4945,2.4305,2.451
2009-07-22,2.456,2.538,2.43,2.5255
2009-07-23,2.5145,2.5385,2.4725,2.524
2009-07-24,2.495,2.544,2.4895,2.522
2009-07-27,2.5305,2.579,2.5175,2.545
2009-07-28,2.545,2.5715,2.4975,2.5205
2009-07-29,2.531,2.54,2.45,2.4775
2009-07-30,2.4795,2.575,2.462,2.564
2009-07-31,2.606,2.632,2.5455,2.6235
2009-08-03,2.628,2.769,2.6245,2.7385
2009-08-04,2.7475,2.799,2.694,2.7955
2009-08-05,2.7835,2.8385,2.749,2.812
2009-08-06,2.819,2.8205,2.723,2.752
2009-08-07,2.742,2.8085,2.699,2.7855
2009-08-10,2.7855,2.8465,2.7545,2.7705
2009-08-11,2.775,2.809,2.733,2.7365
2009-08-12,2.737,2.8355,2.7025,2.8235
2009-08-13,2.8345,2.93,2.8145,2.914
2009-08-14,2.921,2.949,2.821,2.836
2009-08-17,2.84,2.84,2.7265,2.7705
2009-08-18,2.7575,2.815,2.721,2.7615
2009-08-19,2.77,2.7925,2.6475,2.7605
2009-08-20,2.7675,2.799,2.719,2.7415
2009-08-21,2.744,2.8895,2.7075,2.8805
2009-08-24,2.8965,2.921,2.8575,2.915
2009-08-25,2.8745,2.898,2.8285,2.856
2009-08-26,2.8255,2.907,2.822,2.857
2009-08-27,2.8655,2.8795,2.819,2.8485
2009-08-28,2.8865,2.9895,2.886,2.9505
2009-08-31,2.969,2.989,2.798,2.8265
2009-09-01,2.8405,2.907,2.7985,2.8185
2009-09-02,2.797,2.839,2.74,2.826
2009-09-03,2.8265,2.879,2.7835,2.865
2009-09-04,2.87,2.8975,2.8325,2.8665
2009-09-08,2.888,2.981,2.844,2.956
2009-09-09,2.953,2.9735,2.901,2.924
2009-09-10,2.9025,2.9565,2.8325,2.8765
2009-09-11,2.8795,2.9165,2.825,2.8465
2009-09-14,2.835,2.835,2.7625,2.8045
2009-09-15,2.805,2.8635,2.795,2.845
2009-09-16,2.8525,2.9535,2.844,2.9365
2009-09-17,2.95,2.955,2.8845,2.896
2009-09-18,2.9055,2.9125,2.7815,2.785
2009-09-21,2.7835,2.8315,2.7505,2.8055
2009-09-22,2.8115,2.892,2.8,2.8645
2009-09-23,2.872,2.877,2.759,2.808
2009-09-24,2.76,2.802,2.686,2.7095
2009-09-25,2.695,2.7435,2.673,2.7405
2009-09-28,2.7385,2.7435,2.6625,2.727
2009-09-29,2.71,2.7495,2.687,2.729
2009-09-30,2.7175,2.8285,2.7135,2.819
2009-10-01,2.8145,2.8225,2.7055,2.737
2009-10-02,2.718,2.725,2.64,2.6815
2009-10-05,2.689,2.74,2.653,2.727
2009-10-06,2.7305,2.815,2.727,2.7845
2009-10-07,2.766,2.804,2.751,2.7795
2009-10-08,2.7885,2.901,2.785,2.8985
2009-10-09,2.8865,2.8915,2.8225,2.838
2009-10-12,2.85,2.877,2.838,2.857
2009-10-13,2.845,2.8855,2.756,2.7945
2009-10-14,2.824,2.86,2.806,2.8445
2009-10-15,2.85,2.8815,2.777,2.859
2009-10-16,2.863,2.875,2.81,2.8455
2009-10-19,2.8455,2.969,2.8055,2.9665
2009-10-20,2.957,2.999,2.9125,2.932
2009-10-21,2.9255,3.0575,2.8905,3.036
2009-10-22,3.0125,3.031,2.977,2.998
2009-10-23,3.02,3.062,2.994,3.0345
2009-10-26,3.034,3.069,2.976,3.011
2009-10-27,2.9835,3.029,2.944,2.999
2009-10-28,3.011,3.034,2.919,2.9305
2009-10-29,2.923,3.0395,2.918,3.0295
2009-10-30,3.0335,3.05,2.942,2.9555
2009-11-02,2.9475,2.9875,2.9225,2.945
2009-11-03,2.961,2.9895,2.895,2.956
2009-11-04,2.978,3.0185,2.9615,2.993
2009-11-05,2.9975,2.9975,2.943,2.957
2009-11-06,2.9675,3.0045,2.925,2.9525
2009-11-09,2.957,3.002,2.955,2.9675
2009-11-10,2.972,2.9965,2.937,2.9615
2009-11-11,2.959,3.0375,2.9505,2.966
2009-11-12,2.982,3.001,2.93,2.9475
2009-11-13,2.9385,2.9745,2.931,2.9725
2009-11-16,2.9725,3.1275,2.9725,3.1035
2009-11-17,3.101,3.124,3.0745,3.1085
2009-11-18,3.116,3.172,3.0945,3.1105
2009-11-19,3.1405,3.1405,3.065,3.081
2009-11-20,3.092,3.1295,3.0515,3.108
2009-11-23,3.134,3.179,3.117,3.1355
2009-11-24,3.13,3.146,3.0925,3.1135
2009-11-25,3.1265,3.1825,3.122,3.165
2009-11-27,3.2075,3.23,3.021,3.1255
2009-11-30,3.1295,3.184,3.106,3.177
2009-12-01,3.182,3.238,3.155,3.231
2009-12-02,3.217,3.273,3.2075,3.2585
2009-12-03,3.2625,3.2745,3.233,3.245
2009-12-04,3.2345,3.275,3.191,3.2375
2009-12-07,3.2045,3.225,3.156,3.209
2009-12-08,3.201,3.245,3.1405,3.165
2009-12-09,3.158,3.192,3.1065,3.1235
2009-12-10,3.136,3.1435,3.0815,3.103
2009-12-11,3.119,3.154,3.1055,3.133
2009-12-14,3.14,3.164,3.1105,3.152
2009-12-15,3.1485,3.168,3.112,3.1415
2009-12-16,3.138,3.2195,3.1365,3.2055
2009-12-17,3.1945,3.2045,3.1155,3.128
2009-12-18,3.123,3.154,3.103,3.1385
2009-12-21,3.1435,3.174,3.1365,3.1585
2009-12-22,3.1455,3.157,3.113,3.138
2009-12-23,3.137,3.2115,3.124,3.2035
2009-12-24,3.2025,3.304,3.192,3.2925
2009-12-28,3.294,3.344,3.28,3.3365
2009-12-29,3.3175,3.328,3.2925,3.3135
2009-12-30,3.302,3.362,3.2935,3.345
2009-12-31,3.343,3.379,3.336,3.3465
2010-01-04,3.35,3.429,3.3465,3.406
2010-01-05,3.4135,3.4295,3.382,3.4135
2010-01-06,3.419,3.522,3.4125,3.4945
2010-01-07,3.4905,3.544,3.4255,3.427
2010-01-08,3.434,3.448,3.3915,3.4005
2010-01-11,3.43,3.504,3.413,3.441
2010-01-12,3.4455,3.4625,3.305,3.3495
2010-01-13,3.3295,3.4285,3.315,3.4
2010-01-14,3.42,3.444,3.383,3.3875
2010-01-15,3.4055,3.426,3.348,3.366
2010-01-19,3.369,3.46,3.358,3.447
2010-01-20,3.4495,3.47,3.3385,3.355
2010-01-21,3.358,3.4065,3.2815,3.295
2010-01-22,3.2915,3.3735,3.267,3.347
2010-01-25,3.326,3.4025,3.324,3.393
2010-01-26,3.383,3.3965,3.306,3.3395
2010-01-27,3.3395,3.357,3.174,3.2225
2010-01-28,3.197,3.2435,3.0915,3.098
2010-01-29,3.1185,3.154,3.0345,3.0525
2010-02-01,3.04,3.1095,2.9905,3.0835
2010-02-02,3.109,3.1245,3.053,3.0895
2010-02-03,3.0905,3.144,2.9535,2.9735
2010-02-04,2.9805,3.021,2.856,2.879
2010-02-05,2.865,2.9035,2.811,2.8575
2010-02-08,2.87,2.9315,2.8605,2.913
2010-02-09,2.881,3.004,2.8765,2.987
2010-02-10,2.9975,3.015,2.9305,2.989
2010-02-11,2.988,3.149,2.98,3.1335
2010-02-12,3.1325,3.14,3.034,3.0825
2010-02-16,3.087,3.226,3.0635,3.2215
2010-02-17,3.194,3.268,3.194,3.2395
2010-02-18,3.235,3.3285,3.18,3.2855
2010-02-19,3.2815,3.3635,3.212,3.357
2010-02-22,3.3475,3.365,3.286,3.3065
2010-02-23,3.294,3.3435,3.192,3.216
2010-02-24,3.22,3.2515,3.171,3.236
2010-02-25,3.2375,3.2875,3.166,3.21
2010-02-26,3.23,3.295,3.203,3.284
2010-03-01,3.383,3.487,3.322,3.35
2010-03-02,3.3455,3.415,3.29,3.4115
2010-03-03,3.4055,3.472,3.351,3.435
2010-03-04,3.422,3.435,3.3485,3.3755
2010-03-05,3.3755,3.4585,3.3655,3.4175
2010-03-08,3.418,3.465,3.3855,3.4105
2010-03-09,3.425,3.425,3.355,3.4115
2010-03-10,3.399,3.446,3.3505,3.368
2010-03-11,3.38,3.3995,3.3385,3.377
2010-03-12,3.39,3.4065,3.3585,3.38
2010-03-15,3.383,3.3915,3.29,3.315
2010-03-16,3.322,3.384,3.31,3.365
2010-03-17,3.374,3.436,3.3715,3.418
2010-03-18,3.4245,3.428,3.3755,3.3955
2010-03-19,3.3945,3.424,3.3565,3.3725
2010-03-22,3.377,3.39,3.3105,3.3805
2010-03-23,3.3855,3.4095,3.358,3.379
2010-03-24,3.375,3.3875,3.321,3.3455
2010-03-25,3.33,3.387,3.3205,3.3805
2010-03-26,3.3535,3.434,3.3375,3.403
2010-03-29,3.4115,3.549,3.4115,3.5355
2010-03-30,3.544,3.5775,3.5005,3.5635
2010-03-31,3.549,3.5735,3.5215,3.5535
2010-04-01,3.552,3.606,3.536,3.584
2010-04-05,3.5835,3.636,3.5755,3.6315
2010-04-06,3.636,3.6385,3.6005,3.617
2010-04-07,3.62,3.635,3.563,3.5975
2010-04-08,3.585,3.59,3.535,3.5865
2010-04-09,3.585,3.6235,3.573,3.59
2010-04-12,3.599,3.68,3.547,3.5645
2010-04-13,3.56,3.603,3.544,3.6005
2010-04-14,3.594,3.62,3.5875,3.6105
2010-04-15,3.616,3.6255,3.564,3.6005
2010-04-16,3.5925,3.61,3.4915,3.5145
2010-04-19,3.518,3.5285,3.452,3.497
2010-04-20,3.5245,3.5525,3.4925,3.5135
2010-04-21,3.518,3.539,3.47,3.535
2010-04-22,3.52,3.532,3.4615,3.4865
2010-04-23,3.5035,3.528,3.46,3.513
2010-04-26,3.519,3.562,3.515,3.528
2010-04-27,3.529,3.5305,3.3485,3.3635
2010-04-28,3.36,3.3875,3.324,3.3685
2010-04-29,3.402,3.413,3.334,3.3505
2010-04-30,3.3585,3.3935,3.3355,3.3535
2010-05-03,3.356,3.3635,3.2735,3.2935
2010-05-04,3.295,3.328,3.166,3.1785
2010-05-05,3.1705,3.2055,3.0055,3.1515
2010-05-06,3.1515,3.209,3.05,3.117
2010-05-07,3.0775,3.179,3.062,3.1445
2010-05-10,3.1905,3.2675,3.1665,3.228
2010-05-11,3.227,3.2375,3.1285,3.2065
2010-05-12,3.1725,3.244,3.135,3.188
2010-05-13,3.176,3.259,3.1755,3.2315
2010-05-14,3.22,3.228,3.117,3.134
2010-05-17,3.114,3.123,2.914,2.932
2010-05-18,2.966,3.069,2.941,3.031
2010-05-19,2.9965,3.0135,2.9265,2.9595
2010-05-20,2.993,3.0455,2.9005,2.9445
2010-05-21,2.946,3.1145,2.9415,3.061
2010-05-24,3.0905,3.151,3.0585,3.1475
2010-05-25,3.119,3.1195,3.0075,3.042
2010-05-26,3.0885,3.1185,3.0525,3.0805
2010-05-27,3.0515,3.181,3.045,3.1585
2010-05-28,3.1675,3.187,3.089,3.1045
2010-06-01,3.112,3.142,3.0185,3.063
2010-06-02,3.04,3.065,2.9705,3.0405
2010-06-03,3.062,3.0845,2.9255,2.9465
2010-06-04,2.9505,2.992,2.79,2.8195
2010-06-07,2.805,2.8095,2.72,2.766
2010-06-08,2.7545,2.809,2.73,2.7795
2010-06-09,2.8,2.879,2.7555,2.85
2010-06-10,2.82,2.905,2.8015,2.8625
2010-06-11,2.893,2.945,2.868,2.904
2010-06-14,2.9275,3.023,2.9225,2.992
2010-06-15,2.97,3.03,2.9495,3.0045
2010-06-16,3.029,3.049,2.954,2.9955
2010-06-17,2.9885,2.9945,2.8895,2.9055
2010-06-18,2.9265,2.929,2.8445,2.884
2010-06-21,2.92,3.033,2.9155,2.942
2010-06-22,2.9335,2.997,2.9115,2.992
2010-06-23,2.961,2.994,2.915,2.9355
2010-06-24,2.9465,3.013,2.94,3.0055
2010-06-25,3.003,3.1035,2.968,3.0955
2010-06-28,3.0755,3.106,3.0525,3.0715
2010-06-29,3.0915,3.098,2.9235,2.9305
2010-06-30,2.934,2.9745,2.8705,2.9505
2010-07-01,2.91,2.936,2.8555,2.877
2010-07-02,2.8955,2.958,2.8945,2.916
2010-07-06,2.9285,3.02,2.905,2.971
2010-07-07,2.9645,3.047,2.9435,3.015
2010-07-08,3.038,3.0545,2.991,3.0155
2010-07-09,3.0295,3.0705,3.016,3.0535
2010-07-12,3.0565,3.0645,2.985,3.009
2010-07-13,3.025,3.043,2.972,3.0175
2010-07-14,3.039,3.056,2.9855,3.0085
2010-07-15,3,3.045,2.987,3.012
2010-07-16,3.02,3.03,2.9285,2.9295
2010-07-19,2.933,2.9625,2.925,2.938
2010-07-20,2.9315,3.03,2.9315,3.0015
2010-07-21,3.0235,3.1065,2.998,3.093
2010-07-22,3.069,3.193,3.0475,3.1645
2010-07-23,3.162,3.226,3.144,3.185
2010-07-26,3.1975,3.238,3.166,3.223
2010-07-27,3.2275,3.2365,3.176,3.2065
2010-07-28,3.198,3.265,3.186,3.2455
2010-07-29,3.2375,3.297,3.2265,3.29
2010-07-30,3.2785,3.3165,3.247,3.3115
2010-08-02,3.3115,3.3965,3.3015,3.3895
2010-08-03,3.39,3.3925,3.3275,3.3585
2010-08-04,3.3525,3.4105,3.333,3.4045
2010-08-05,3.4,3.4085,3.3225,3.3535
2010-08-06,3.342,3.38,3.325,3.343
2010-08-09,3.36,3.394,3.336,3.354
2010-08-10,3.36,3.366,3.2715,3.3125
2010-08-11,3.317,3.3335,3.2385,3.254
2010-08-12,3.231,3.296,3.231,3.284
2010-08-13,3.286,3.312,3.236,3.252
2010-08-16,3.2535,3.3025,3.2475,3.2795
2010-08-17,3.2805,3.352,3.274,3.3385
2010-08-18,3.332,3.355,3.305,3.3495
2010-08-19,3.341,3.39,3.2915,3.3185
2010-08-20,3.3235,3.3315,3.2495,3.291
2010-08-23,3.296,3.313,3.271,3.2915
2010-08-24,3.2845,3.2915,3.19,3.241
2010-08-25,3.224,3.259,3.1775,3.211
2010-08-26,3.232,3.315,3.221,3.3045
2010-08-27,3.2835,3.384,3.2785,3.363
2010-08-30,3.45,3.46,3.399,3.4295
2010-08-31,3.405,3.408,3.356,3.37
2010-09-01,3.3805,3.486,3.3735,3.4775
2010-09-02,3.4715,3.5045,3.462,3.4955
2010-09-03,3.4925,3.5345,3.471,3.5
2010-09-07,3.4935,3.5345,3.42,3.4705
2010-09-08,3.463,3.515,3.451,3.5005
2010-09-09,3.49,3.502,3.393,3.4435
2010-09-10,3.428,3.4515,3.395,3.4065
2010-09-13,3.4135,3.4935,3.413,3.479
2010-09-14,3.487,3.4975,3.428,3.4685
2010-09-15,3.4515,3.478,3.433,3.4665
2010-09-16,3.47,3.517,3.4435,3.4935
2010-09-17,3.486,3.5525,3.486,3.522
2010-09-20,3.5205,3.5555,3.4945,3.5045
2010-09-21,3.507,3.528,3.4725,3.481
2010-09-22,3.482,3.5905,3.4795,3.565
2010-09-23,3.57,3.5995,3.559,3.5905
2010-09-24,3.577,3.636,3.5655,3.618
2010-09-27,3.636,3.644,3.583,3.597
2010-09-28,3.586,3.6395,3.569,3.637
2010-09-29,3.634,3.6735,3.6195,3.6615
2010-09-30,3.652,3.669,3.62,3.6515
2010-10-01,3.655,3.722,3.6535,3.6905
2010-10-04,3.697,3.719,3.653,3.664
2010-10-05,3.666,3.745,3.6445,3.7265
2010-10-06,3.7255,3.7895,3.723,3.753
2010-10-07,3.7625,3.7845,3.6565,3.6795
2010-10-08,3.689,3.8015,3.6565,3.7745
2010-10-11,3.784,3.82,3.7725,3.7895
2010-10-12,3.7855,3.8135,3.7175,3.7895
2010-10-13,3.804,3.841,3.795,3.8205
2010-10-14,3.8205,3.8675,3.7615,3.8155
2010-10-15,3.808,3.8645,3.7945,3.839
2010-10-18,3.836,3.88,3.778,3.855
2010-10-19,3.8515,3.8675,3.721,3.7575
2010-10-20,3.7275,3.818,3.72,3.7935
2010-10-21,3.802,3.85,3.7655,3.7815
2010-10-22,3.767,3.82,3.7515,3.797
2010-10-25,3.813,3.8895,3.81,3.863
2010-10-26,3.856,3.893,3.8395,3.869
2010-10-27,3.881,3.9,3.7605,3.7755
2010-10-28,3.778,3.8295,3.766,3.7875
2010-10-29,3.785,3.7875,3.7035,3.7335
2010-11-01,3.748,3.816,3.7475,3.785
2010-11-02,3.785,3.841,3.77,3.839
2010-11-03,3.825,3.8495,3.763,3.785
2010-11-04,3.845,3.917,3.8125,3.912
2010-11-05,3.9095,3.9955,3.9095,3.9485
2010-11-08,3.961,3.9815,3.92,3.9565
2010-11-09,3.9585,4.0475,3.9275,4.043
2010-11-10,3.9815,4.0215,3.9415,3.969
2010-11-11,3.982,4.0835,3.9675,4.0225
2010-11-12,4.0315,4.05,3.88,3.8935
2010-11-15,3.8875,3.9535,3.8495,3.925
2010-11-16,3.911,3.9325,3.6855,3.7275
2010-11-17,3.722,3.768,3.6065,3.7295
2010-11-18,3.7295,3.849,3.7135,3.831
2010-11-19,3.8405,3.8725,3.781,3.8335
2010-11-22,3.846,3.8705,3.726,3.7515
2010-11-23,3.7665,3.7805,3.6565,3.7025
2010-11-24,3.701,3.778,3.696,3.7555
2010-11-26,3.7675,3.7885,3.6955,3.751
2010-11-29,3.7595,3.8095,3.7115,3.7675
2010-11-30,3.77,3.837,3.72,3.8255
2010-12-01,3.808,3.9545,3.787,3.9475
2010-12-02,3.954,3.997,3.9315,3.979
2010-12-03,3.9745,4.0165,3.9455,3.999
2010-12-06,4.0195,4.029,3.9745,4.008
2010-12-07,4.008,4.1315,3.98,4.0495
2010-12-08,4.014,4.1185,3.978,4.1005
2010-12-09,4.112,4.1545,4.0555,4.087
2010-12-10,4.067,4.143,4.067,4.112
2010-12-13,4.1125,4.2225,4.0995,4.207
2010-12-14,4.203,4.229,4.185,4.209
2010-12-15,4.203,4.2185,4.0855,4.1325
2010-12-16,4.1075,4.1385,4.078,4.116
2010-12-17,4.1105,4.192,4.1095,4.159
2010-12-20,4.207,4.2235,4.1605,4.206
2010-12-21,4.216,4.296,4.192,4.276
2010-12-22,4.295,4.2965,4.2475,4.275
2010-12-23,4.275,4.285,4.21,4.2585
2010-12-27,4.23,4.2985,4.204,4.28
2010-12-28,4.2855,4.335,4.281,4.328
2010-12-29,4.3265,4.332,4.289,4.3115
2010-12-30,4.3125,4.379,4.304,4.3625
2010-12-31,4.37,4.452,4.3675,4.447
2011-01-03,4.455,4.498,4.42,4.4575
2011-01-04,4.4345,4.466,4.353,4.369
2011-01-05,4.383,4.4195,4.2905,4.408
2011-01-06,4.404,4.426,4.3115,4.3295
2011-01-07,4.3275,4.352,4.2505,4.2825
2011-01-10,4.286,4.3275,4.254,4.2645
2011-01-11,4.287,4.362,4.273,4.349
2011-01-12,4.3485,4.4355,4.34,4.4115
2011-01-13,4.417,4.4255,4.3425,4.377
2011-01-14,4.354,4.4395,4.3465,4.412
2011-01-18,4.4305,4.463,4.3665,4.428
2011-01-19,4.434,4.4675,4.3475,4.37
2011-01-20,4.357,4.389,4.2285,4.272
2011-01-21,4.254,4.3375,4.245,4.309
2011-01-24,4.309,4.3725,4.309,4.3485
2011-01-25,4.3435,4.3525,4.208,4.226
2011-01-26,4.251,4.299,4.224,4.267
2011-01-27,4.29,4.3555,4.2755,4.3385
2011-01-28,4.32,4.407,4.286,4.373
2011-01-31,4.3505,4.462,4.336,4.4585
2011-02-01,4.462,4.556,4.444,4.547
2011-02-02,4.548,4.562,4.516,4.544
2011-02-03,4.558,4.58,4.5145,4.5445
2011-02-04,4.547,4.614,4.536,4.5795
2011-02-07,4.5795,4.6375,4.537,4.575
2011-02-08,4.5405,4.6095,4.506,4.574
2011-02-09,4.5915,4.604,4.4905,4.524
2011-02-10,4.529,4.5585,4.4905,4.5435
2011-02-11,4.5495,4.5795,4.481,4.536
2011-02-14,4.551,4.6345,4.5435,4.6285
2011-02-15,4.634,4.6495,4.521,4.536
2011-02-16,4.53,4.549,4.4615,4.47
2011-02-17,4.493,4.517,4.4155,4.484
2011-02-18,4.505,4.5245,4.421,4.482
2011-02-22,4.488,4.514,4.308,4.347
2011-02-23,4.3165,4.3475,4.25,4.2755
2011-02-24,4.3065,4.3475,4.2255,4.3265
2011-02-25,4.351,4.479,4.337,4.455
2011-02-28,4.4635,4.5065,4.4255,4.4965
2011-03-01,4.4995,4.525,4.4485,4.5095
2011-03-02,4.465,4.5185,4.454,4.498
2011-03-03,4.494,4.5485,4.4705,4.49
2011-03-04,4.491,4.554,4.465,4.4855
2011-03-07,4.488,4.5165,4.304,4.327
2011-03-08,4.3455,4.3585,4.254,4.3385
2011-03-09,4.345,4.379,4.183,4.2125
2011-03-10,4.215,4.229,4.136,4.1975
2011-03-11,4.21,4.245,4.086,4.2075
2011-03-14,4.2275,4.2275,4.14,4.1865
2011-03-15,4.2215,4.2215,4.076,4.137
2011-03-16,4.19,4.27,4.17,4.1975
2011-03-17,4.176,4.3675,4.146,4.344
2011-03-18,4.348,4.376,4.3015,4.339
2011-03-21,4.3565,4.3685,4.2665,4.286
2011-03-22,4.2965,4.3195,4.271,4.313
2011-03-23,4.308,4.441,4.29,4.4285
2011-03-24,4.425,4.4545,4.392,4.4245
2011-03-25,4.4235,4.454,4.399,4.419
2011-03-28,4.4275,4.4355,4.3315,4.35
2011-03-29,4.351,4.37,4.2925,4.3465
2011-03-30,4.351,4.379,4.245,4.274
2011-03-31,4.2575,4.3115,4.246,4.3075
2011-04-01,4.2885,4.31,4.212,4.2585
2011-04-04,4.2595,4.3105,4.2235,4.255
2011-04-05,4.2515,4.2895,4.2135,4.2645
2011-04-06,4.243,4.379,4.241,4.37
2011-04-07,4.373,4.437,4.35,4.4165
2011-04-08,4.421,4.525,4.402,4.5015
2011-04-11,4.5265,4.533,4.444,4.46
2011-04-12,4.4575,4.475,4.361,4.3835
2011-04-13,4.383,4.407,4.278,4.2945
2011-04-14,4.2835,4.3175,4.2455,4.284
2011-04-15,4.305,4.315,4.2325,4.2575
2011-04-18,4.252,4.288,4.172,4.198
2011-04-19,4.215,4.261,4.182,4.2295
2011-04-20,4.238,4.348,4.235,4.3395
2011-04-21,4.349,4.403,4.3225,4.4
2011-04-25,4.399,4.4005,4.26,4.303
2011-04-26,4.3015,4.3415,4.2515,4.319
2011-04-27,4.3225,4.3495,4.209,4.228
2011-04-28,4.271,4.325,4.225,4.2615
2011-04-29,4.2625,4.284,4.158,4.179
2011-05-02,4.187,4.21,4.1075,4.196
2011-05-03,4.175,4.267,4.158,4.253
2011-05-04,4.246,4.2545,4.125,4.134
2011-05-05,4.126,4.142,3.9645,3.998
2011-05-06,3.986,4.0595,3.928,3.9755
2011-05-09,3.985,4.0705,3.975,4.0165
2011-05-10,4.055,4.084,4.004,4.042
2011-05-11,4.0445,4.0685,3.898,3.9135
2011-05-12,3.912,3.9935,3.8535,3.9705
2011-05-13,3.9715,4.047,3.9505,3.9835
2011-05-16,4.005,4.0195,3.9465,3.9905
2011-05-17,3.97,4.0395,3.947,3.9985
2011-05-18,4.036,4.124,4.023,4.105
2011-05-19,4.096,4.1195,4.0345,4.0525
2011-05-20,4.049,4.1485,4.038,4.1215
2011-05-23,4.102,4.1105,3.9505,3.9915
2011-05-24,3.9775,4.058,3.962,4.013
2011-05-25,4.0195,4.127,4.0005,4.107
2011-05-26,4.1025,4.137,4.0715,4.111
2011-05-27,4.1215,4.1935,4.1045,4.186
2011-05-31,4.1785,4.2125,4.135,4.1775
2011-06-01,4.1875,4.197,4.085,4.1065
2011-06-02,4.089,4.1235,4.0325,4.0845
2011-06-03,4.098,4.1435,4.048,4.1345
2011-06-06,4.1185,4.174,4.1185,4.142
2011-06-07,4.12,4.163,4.1095,4.1495
2011-06-08,4.153,4.159,4.051,4.1085
2011-06-09,4.1095,4.1185,4.045,4.1075
2011-06-10,4.1075,4.123,4.028,4.056
2011-06-13,4.046,4.059,4.0125,4.0345
2011-06-14,4.0355,4.1685,4.0295,4.155
2011-06-15,4.157,4.183,4.0985,4.122
2011-06-16,4.1255,4.1325,4.0465,4.1175
2011-06-17,4.124,4.156,4.0765,4.102
2011-06-20,4.1025,4.1095,4.005,4.0735
2011-06-21,4.074,4.1285,4.058,4.0885
2011-06-22,4.0905,4.0965,4.0455,4.088
2011-06-23,4.0565,4.0775,4.015,4.039
2011-06-24,4.0785,4.14,4.0585,4.0985
2011-06-27,4.088,4.1,4.0345,4.0515
2011-06-28,4.0705,4.108,4.0525,4.092
2011-06-29,4.115,4.234,4.1125,4.224
2011-06-30,4.226,4.2875,4.206,4.2825
2011-07-01,4.272,4.3175,4.2485,4.3025
2011-07-05,4.3,4.354,4.2825,4.3475
2011-07-06,4.341,4.348,4.301,4.335
2011-07-07,4.335,4.4435,4.3255,4.442
2011-07-08,4.4265,4.4565,4.3755,4.412
2011-07-11,4.4105,4.42,4.334,4.368
2011-07-12,4.374,4.4085,4.3145,4.3915
2011-07-13,4.389,4.439,4.373,4.4035
2011-07-14,4.3915,4.4175,4.3675,4.38
2011-07-15,4.3855,4.4265,4.355,4.413
2011-07-18,4.415,4.4485,4.372,4.403
2011-07-19,4.412,4.496,4.4045,4.468
2011-07-20,4.47,4.48,4.427,4.436
2011-07-21,4.436,4.4595,4.365,4.3835
2011-07-22,4.385,4.426,4.375,4.41
2011-07-25,4.3975,4.42,4.3705,4.4065
2011-07-26,4.409,4.486,4.3955,4.478
2011-07-27,4.4795,4.4885,4.421,4.4465
2011-07-28,4.439,4.4875,4.43,4.4695
2011-07-29,4.477,4.502,4.4115,4.4795
2011-08-01,4.5,4.54,4.3795,4.41
2011-08-02,4.406,4.425,4.373,4.395
2011-08-03,4.3755,4.4035,4.3205,4.326
2011-08-04,4.3365,4.362,4.204,4.2355
2011-08-05,4.2095,4.2265,4.0795,4.117
2011-08-08,4.059,4.125,3.9225,3.9615
2011-08-09,3.9355,4.0595,3.818,3.97
2011-08-10,4.035,4.073,3.869,3.8885
2011-08-11,3.8885,4.0715,3.856,4.0085
2011-08-12,4.045,4.063,3.981,4.012
2011-08-15,4.0105,4.058,3.988,4.032
2011-08-16,4.028,4.0455,3.9515,3.994
2011-08-17,4.0035,4.0785,3.969,4.032
2011-08-18,4.035,4.043,3.9275,3.966
2011-08-19,3.945,4.0145,3.9255,3.9835
2011-08-22,3.956,4.016,3.93,3.9555
2011-08-23,3.9405,4.038,3.933,3.996
2011-08-24,4.0055,4.031,3.9655,3.998
2011-08-25,4.012,4.104,3.9975,4.079
2011-08-26,4.08,4.126,4.0455,4.099
2011-08-29,4.1045,4.114,4.0575,4.089
2011-08-30,4.1175,4.192,4.116,4.1415
2011-08-31,4.1495,4.223,4.1355,4.2045
2011-09-01,4.1995,4.2015,4.1265,4.1605
2011-09-02,4.1425,4.1615,4.09,4.1245
2011-09-06,4.13,4.1325,4.022,4.056
2011-09-07,4.0615,4.149,4.0605,4.132
2011-09-08,4.132,4.1595,4.0865,4.1435
2011-09-09,4.1295,4.142,3.994,4.0025
2011-09-12,3.9945,3.999,3.905,3.9655
2011-09-13,3.995,4.0245,3.955,3.97
2011-09-14,3.972,4.011,3.885,3.898
2011-09-15,3.9095,3.98,3.894,3.957
2011-09-16,3.962,3.9975,3.925,3.9315
2011-09-19,3.91,3.915,3.7655,3.7825
2011-09-20,3.795,3.824,3.705,3.7255
2011-09-21,3.7085,3.784,3.691,3.764
2011-09-22,3.699,3.72,3.412,3.4885
2011-09-23,3.45,3.495,3.215,3.28
2011-09-26,3.318,3.358,3.0715,3.283
2011-09-27,3.3375,3.4835,3.298,3.4395
2011-09-28,3.4215,3.4245,3.165,3.2465
2011-09-29,3.186,3.2895,3.08,3.246
2011-09-30,3.23,3.318,3.095,3.152
2011-10-03,3.14,3.179,2.994,3.1505
2011-10-04,3.051,3.155,3.031,3.1035
2011-10-05,3.135,3.1705,3.0255,3.106
2011-10-06,3.127,3.2805,3.1185,3.2465
2011-10-07,3.273,3.338,3.258,3.2735
2011-10-10,3.28,3.391,3.2775,3.368
2011-10-11,3.361,3.387,3.2305,3.2905
2011-10-12,3.275,3.4115,3.2385,3.3935
2011-10-13,3.3575,3.3745,3.286,3.307
2011-10-14,3.328,3.4355,3.3125,3.4085
2011-10-17,3.4375,3.4635,3.332,3.378
2011-10-18,3.334,3.4205,3.2575,3.36
2011-10-19,3.374,3.3775,3.206,3.258
2011-10-20,3.2215,3.235,3.031,3.0575
2011-10-21,3.085,3.278,3.077,3.223
2011-10-24,3.2455,3.47,3.223,3.449
2011-10-25,3.4605,3.539,3.358,3.4205
2011-10-26,3.4135,3.588,3.396,3.49
2011-10-27,3.4995,3.7215,3.498,3.692
2011-10-28,3.705,3.75,3.6155,3.706
2011-10-31,3.7405,3.7425,3.5675,3.632
2011-11-01,3.6095,3.657,3.462,3.5025
2011-11-02,3.5035,3.6295,3.4775,3.581
2011-11-03,3.5835,3.609,3.474,3.5885
2011-11-04,3.5915,3.6535,3.5445,3.5645
2011-11-07,3.5645,3.6535,3.4905,3.5355
2011-11-08,3.582,3.59,3.5055,3.533
2011-11-09,3.5425,3.6,3.388,3.441
2011-11-10,3.401,3.429,3.318,3.374
2011-11-11,3.376,3.486,3.343,3.4635
2011-11-14,3.474,3.5855,3.471,3.488
2011-11-15,3.489,3.5215,3.454,3.5015
2011-11-16,3.5005,3.538,3.43,3.4845
2011-11-17,3.467,3.492,3.357,3.3825
2011-11-18,3.368,3.4405,3.331,3.402
2011-11-21,3.3985,3.4095,3.272,3.303
2011-11-22,3.3075,3.3735,3.2935,3.333
2011-11-23,3.31,3.367,3.234,3.279
2011-11-25,3.264,3.318,3.204,3.27
2011-11-28,3.31,3.4025,3.303,3.3605
2011-11-29,3.365,3.4145,3.3455,3.3905
2011-11-30,3.389,3.635,3.305,3.5755
2011-12-01,3.569,3.5995,3.5175,3.534
2011-12-02,3.541,3.674,3.5275,3.5845
2011-12-05,3.5855,3.636,3.5435,3.6155
2011-12-06,3.552,3.607,3.525,3.5755
2011-12-07,3.5835,3.6145,3.5215,3.556
2011-12-08,3.5585,3.6045,3.479,3.5
2011-12-09,3.4895,3.595,3.4755,3.5575
2011-12-12,3.567,3.5715,3.435,3.464
2011-12-13,3.453,3.4945,3.378,3.4415
2011-12-14,3.3865,3.426,3.2565,3.2785
2011-12-15,3.277,3.33,3.2325,3.267
2011-12-16,3.268,3.3775,3.268,3.331
2011-12-19,3.345,3.3565,3.2625,3.3085
2011-12-20,3.303,3.39,3.2855,3.3695
2011-12-21,3.38,3.437,3.349,3.3945
2011-12-22,3.3895,3.43,3.36,3.4155
2011-12-23,3.4185,3.479,3.4135,3.4695
2011-12-27,3.455,3.456,3.365,3.409
2011-12-28,3.409,3.449,3.3495,3.3655
2011-12-29,3.355,3.4015,3.325,3.37
2011-12-30,3.3875,3.4585,3.3775,3.436
2012-01-03,3.454,3.539,3.454,3.5285
2012-01-04,3.521,3.5825,3.42,3.4345
2012-01-05,3.434,3.48,3.3845,3.4265
2012-01-06,3.4115,3.465,3.3935,3.435
2012-01-09,3.4345,3.442,3.378,3.416
2012-01-10,3.424,3.5175,3.404,3.513
2012-01-11,3.5,3.5565,3.4705,3.546
2012-01-12,3.55,3.671,3.522,3.649
2012-01-13,3.64,3.689,3.579,3.637
2012-01-17,3.634,3.759,3.594,3.7295
2012-01-18,3.7235,3.7725,3.6955,3.7525
2012-01-19,3.7575,3.8215,3.757,3.8005
2012-01-20,3.812,3.834,3.731,3.745
2012-01-23,3.751,3.8195,3.722,3.7985
2012-01-24,3.815,3.826,3.7495,3.8075
2012-01-25,3.8225,3.857,3.76,3.8295
2012-01-26,3.8495,3.9105,3.8305,3.9015
2012-01-27,3.89,3.939,3.863,3.889
2012-01-30,3.894,3.894,3.797,3.8265
2012-01-31,3.8315,3.876,3.765,3.79
2012-02-01,3.791,3.848,3.763,3.842
2012-02-02,3.83,3.851,3.767,3.781
2012-02-03,3.7885,3.9145,3.7775,3.9015
2012-02-06,3.9015,3.902,3.828,3.8645
2012-02-07,3.8775,3.881,3.794,3.876
2012-02-08,3.8695,3.935,3.8535,3.9095
2012-02-09,3.908,3.9895,3.873,3.9785
2012-02-10,3.9735,3.9785,3.8425,3.862
2012-02-13,3.8755,3.908,3.816,3.8395
2012-02-14,3.8325,3.859,3.784,3.8145
2012-02-15,3.8325,3.8725,3.79,3.8015
2012-02-16,3.8055,3.819,3.7275,3.791
2012-02-17,3.81,3.832,3.6935,3.708
2012-02-21,3.755,3.8445,3.724,3.8365
2012-02-22,3.8345,3.8515,3.794,3.8335
2012-02-23,3.833,3.8395,3.7735,3.806
2012-02-24,3.8155,3.8825,3.7825,3.863
2012-02-27,3.8645,3.89,3.8235,3.8805
2012-02-28,3.889,3.9575,3.867,3.9215
2012-02-29,3.9175,3.9615,3.805,3.8795
2012-03-01,3.8635,3.9385,3.8485,3.9315
2012-03-02,3.9315,3.9495,3.889,3.903
2012-03-05,3.9045,3.9325,3.8355,3.8595
2012-03-06,3.8635,3.883,3.7305,3.7375
2012-03-07,3.739,3.786,3.714,3.767
2012-03-08,3.771,3.831,3.765,3.7915
2012-03-09,3.7945,3.8775,3.788,3.8585
2012-03-12,3.855,3.865,3.817,3.8375
2012-03-13,3.843,3.9185,3.8415,3.9025
2012-03-14,3.912,3.918,3.8255,3.848
2012-03-15,3.8345,3.903,3.825,3.8975
2012-03-16,3.8965,3.94,3.8675,3.878
2012-03-19,3.8845,3.9195,3.855,3.909
2012-03-20,3.905,3.91,3.8135,3.8305
2012-03-21,3.839,3.87,3.8275,3.8455
2012-03-22,3.836,3.857,3.7525,3.7655
2012-03-23,3.773,3.825,3.7625,3.8085
2012-03-26,3.8055,3.8995,3.795,3.8875
2012-03-27,3.897,3.904,3.855,3.88
2012-03-28,3.8675,3.87,3.7825,3.7925
2012-03-29,3.801,3.818,3.762,3.7965
2012-03-30,3.806,3.852,3.8055,3.825
2012-04-02,3.85,3.9325,3.8285,3.921
2012-04-03,3.911,3.958,3.881,3.919
2012-04-04,3.889,3.8935,3.789,3.7905
2012-04-05,3.7915,3.827,3.7745,3.7955
2012-04-09,3.779,3.7995,3.705,3.72
2012-04-10,3.719,3.7825,3.645,3.65
2012-04-11,3.664,3.673,3.6305,3.6395
2012-04-12,3.6345,3.731,3.634,3.7205
2012-04-13,3.72,3.7225,3.6055,3.627
2012-04-16,3.627,3.6395,3.569,3.628
2012-04-17,3.628,3.6545,3.5845,3.647
2012-04-18,3.6435,3.6745,3.612,3.631
2012-04-19,3.6285,3.655,3.5975,3.6275
2012-04-20,3.6285,3.7125,3.6245,3.698
2012-04-23,3.687,3.692,3.6035,3.626
2012-04-24,3.6315,3.688,3.625,3.6725
2012-04-25,3.677,3.715,3.6605,3.7
2012-04-26,3.71,3.785,3.6885,3.767
2012-04-27,3.779,3.8395,3.7545,3.825
2012-04-30,3.8365,3.8615,3.7965,3.8295
2012-05-01,3.837,3.8555,3.812,3.8435
2012-05-02,3.8385,3.8395,3.7665,3.787
2012-05-03,3.785,3.791,3.727,3.736
2012-05-04,3.736,3.755,3.7025,3.721
2012-05-07,3.7075,3.7785,3.6665,3.7735
2012-05-08,3.7655,3.7655,3.6565,3.6775
2012-05-09,3.689,3.6945,3.61,3.6595
2012-05-10,3.662,3.7135,3.6435,3.6905
2012-05-11,3.6795,3.6835,3.6165,3.648
2012-05-14,3.648,3.6745,3.501,3.554
2012-05-15,3.5125,3.5585,3.486,3.5175
2012-05-16,3.505,3.515,3.449,3.478
2012-05-17,3.478,3.5215,3.453,3.479
2012-05-18,3.464,3.516,3.4315,3.4685
2012-05-21,3.45,3.538,3.436,3.502
2012-05-22,3.529,3.5335,3.452,3.487
2012-05-23,3.464,3.4775,3.3865,3.396
2012-05-24,3.4485,3.4515,3.4045,3.4285
2012-05-25,3.4325,3.4675,3.4175,3.448
2012-05-29,3.449,3.5085,3.4485,3.462
2012-05-30,3.4715,3.472,3.3725,3.39
2012-05-31,3.3855,3.4055,3.3415,3.3655
2012-06-01,3.3575,3.3775,3.3,3.3135
2012-06-04,3.3135,3.353,3.238,3.307
2012-06-05,3.3285,3.3515,3.278,3.289
2012-06-06,3.3015,3.382,3.295,3.379
2012-06-07,3.3735,3.4305,3.33,3.3705
2012-06-08,3.368,3.3685,3.2635,3.285
2012-06-11,3.3925,3.4,3.307,3.343
2012-06-12,3.306,3.3585,3.303,3.3355
2012-06-13,3.3455,3.3695,3.308,3.3395
2012-06-14,3.325,3.374,3.3185,3.3545
2012-06-15,3.3635,3.4195,3.3575,3.3835
2012-06-18,3.443,3.4775,3.3675,3.3955
2012-06-19,3.392,3.4395,3.373,3.4335
2012-06-20,3.424,3.433,3.3565,3.3875
2012-06-21,3.3855,3.3855,3.294,3.298
2012-06-22,3.295,3.317,3.2565,3.306
2012-06-25,3.307,3.338,3.2785,3.316
2012-06-26,3.323,3.3355,3.295,3.313
2012-06-27,3.3205,3.355,3.2965,3.3495
2012-06-28,3.3495,3.3675,3.316,3.3315
2012-06-29,3.343,3.515,3.33,3.4965
2012-07-02,3.495,3.5025,3.4525,3.469
2012-07-03,3.467,3.5565,3.463,3.54
2012-07-05,3.5385,3.54,3.4695,3.493
2012-07-06,3.491,3.505,3.405,3.4095
2012-07-09,3.4125,3.44,3.3965,3.4315
2012-07-10,3.438,3.44,3.382,3.398
2012-07-11,3.3885,3.4525,3.3885,3.4475
2012-07-12,3.4305,3.439,3.3845,3.415
2012-07-13,3.4205,3.5075,3.4125,3.504
2012-07-16,3.504,3.508,3.4655,3.485
2012-07-17,3.4875,3.5125,3.4325,3.4555
2012-07-18,3.4685,3.4835,3.435,3.474
2012-07-19,3.474,3.545,3.4695,3.5345
2012-07-20,3.527,3.5285,3.418,3.448
2012-07-23,3.4375,3.4445,3.342,3.38
2012-07-24,3.38,3.4015,3.3385,3.353
2012-07-25,3.363,3.404,3.332,3.3745
2012-07-26,3.386,3.438,3.3535,3.3935
2012-07-27,3.391,3.439,3.379,3.426
2012-07-30,3.429,3.4555,3.4025,3.416
2012-07-31,3.422,3.457,3.411,3.4175
2012-08-01,3.4175,3.4265,3.3455,3.375
2012-08-02,3.3605,3.384,3.2885,3.2905
2012-08-03,3.3015,3.374,3.2985,3.3675
2012-08-06,3.365,3.3925,3.344,3.389
2012-08-07,3.378,3.449,3.37,3.4405
2012-08-08,3.429,3.433,3.403,3.4215
2012-08-09,3.4205,3.443,3.4035,3.425
2012-08-10,3.425,3.425,3.3605,3.3925
2012-08-13,3.4,3.402,3.342,3.3535
2012-08-14,3.3535,3.38,3.3365,3.359
2012-08-15,3.35,3.3725,3.334,3.3495
2012-08-16,3.3515,3.387,3.3415,3.3825
2012-08-17,3.3825,3.4245,3.375,3.4195
2012-08-20,3.4215,3.4225,3.3535,3.371
2012-08-21,3.375,3.4665,3.37,3.453
2012-08-22,3.437,3.4865,3.429,3.4545
2012-08-23,3.473,3.512,3.4625,3.4925
2012-08-24,3.479,3.4945,3.456,3.4835
2012-08-27,3.4775,3.506,3.463,3.4765
2012-08-28,3.4715,3.472,3.4425,3.4625
2012-08-29,3.461,3.4665,3.422,3.4425
2012-08-30,3.442,3.495,3.4325,3.447
2012-08-31,3.442,3.468,3.4075,3.457
2012-09-04,3.46,3.5,3.4325,3.469
2012-09-05,3.475,3.534,3.4465,3.529
2012-09-06,3.5215,3.539,3.4925,3.5165
2012-09-07,3.509,3.6525,3.5045,3.645
2012-09-10,3.6445,3.7,3.633,3.6885
2012-09-11,3.6725,3.7125,3.6485,3.697
2012-09-12,3.6865,3.7315,3.662,3.6925
2012-09-13,3.689,3.7495,3.6585,3.71
2012-09-14,3.732,3.838,3.73,3.8325
2012-09-17,3.823,3.83,3.727,3.792
2012-09-18,3.7655,3.7975,3.7445,3.787
2012-09-19,3.79,3.8395,3.783,3.814
2012-09-20,3.798,3.808,3.7335,3.759
2012-09-21,3.777,3.8095,3.7705,3.789
2012-09-24,3.78,3.78,3.7155,3.7315
2012-09-25,3.739,3.784,3.7265,3.7585
2012-09-26,3.731,3.7565,3.6805,3.71
2012-09-27,3.7165,3.774,3.7,3.744
2012-09-28,3.7465,3.777,3.739,3.758
2012-10-01,3.7505,3.798,3.7215,3.7855
2012-10-02,3.776,3.8225,3.768,3.801
2012-10-03,3.7935,3.7945,3.761,3.784
2012-10-04,3.773,3.813,3.766,3.786
2012-10-05,3.7895,3.81,3.75,3.778
2012-10-08,3.77,3.77,3.702,3.718
2012-10-09,3.7255,3.753,3.707,3.718
2012-10-10,3.7245,3.728,3.6935,3.718
2012-10-11,3.7115,3.7785,3.692,3.7515
2012-10-12,3.745,3.7565,3.693,3.703
2012-10-15,3.703,3.7105,3.646,3.7015
2012-10-16,3.696,3.7235,3.686,3.7
2012-10-17,3.71,3.755,3.6885,3.748
2012-10-18,3.7435,3.765,3.721,3.743
2012-10-19,3.733,3.7475,3.627,3.6375
2012-10-22,3.6375,3.6525,3.6085,3.622
2012-10-23,3.6235,3.641,3.548,3.5695
2012-10-24,3.572,3.5975,3.5475,3.568
2012-10-25,3.5745,3.5905,3.538,3.5505
2012-10-26,3.5555,3.5685,3.523,3.55
2012-10-29,3.561,3.5625,3.482,3.4945
2012-10-30,3.509,3.5325,3.4915,3.506
2012-10-31,3.5085,3.5595,3.504,3.5175
2012-11-01,3.5135,3.569,3.512,3.552
2012-11-02,3.5515,3.558,3.4725,3.4815
2012-11-05,3.4775,3.5025,3.4485,3.47
2012-11-06,3.475,3.522,3.47,3.506
2012-11-07,3.516,3.544,3.43,3.4415
2012-11-08,3.455,3.474,3.4345,3.4695
2012-11-09,3.466,3.492,3.403,3.4455
2012-11-12,3.448,3.4755,3.4295,3.468
2012-11-13,3.4695,3.4985,3.4215,3.471
2012-11-14,3.471,3.492,3.4415,3.4535
2012-11-15,3.4535,3.479,3.441,3.4625
2012-11-16,3.4685,3.474,3.4225,3.4515
2012-11-19,3.452,3.5405,3.447,3.5275
2012-11-20,3.5245,3.5345,3.5035,3.5165
2012-11-21,3.528,3.529,3.4715,3.496
2012-11-23,3.5095,3.5305,3.4805,3.528
2012-11-26,3.531,3.5425,3.5065,3.5365
2012-11-27,3.535,3.553,3.5175,3.5365
2012-11-28,3.5315,3.5375,3.481,3.5245
2012-11-29,3.5425,3.622,3.5375,3.6055
2012-11-30,3.6045,3.6515,3.592,3.65
2012-12-03,3.643,3.6675,3.6395,3.6585
2012-12-04,3.6535,3.6785,3.6335,3.6555
2012-12-05,3.662,3.694,3.651,3.6865
2012-12-06,3.6765,3.689,3.633,3.6445
2012-12-07,3.6485,3.679,3.6405,3.663
2012-12-10,3.6675,3.719,3.656,3.706
2012-12-11,3.7045,3.7075,3.6825,3.6865
2012-12-12,3.689,3.721,3.6745,3.716
2012-12-13,3.7085,3.71,3.653,3.66
2012-12-14,3.6705,3.6945,3.664,3.683
2012-12-17,3.6835,3.693,3.6475,3.666
2012-12-18,3.678,3.6865,3.64,3.6535
2012-12-19,3.652,3.6615,3.598,3.6055
2012-12-20,3.607,3.6135,3.523,3.536
2012-12-21,3.5385,3.5795,3.535,3.567
2012-12-24,3.5605,3.579,3.545,3.546
2012-12-26,3.569,3.613,3.56,3.5975
2012-12-27,3.5945,3.612,3.5895,3.601
2012-12-28,3.6025,3.6225,3.586,3.5895
2012-12-31,3.588,3.655,3.5815,3.6525
2013-01-02,3.651,3.759,3.644,3.736
2013-01-03,3.7315,3.759,3.69,3.717
2013-01-04,3.6935,3.707,3.671,3.6935
2013-01-07,3.7035,3.7135,3.6525,3.678
2013-01-08,3.684,3.6915,3.66,3.672
2013-01-09,3.6795,3.7075,3.6645,3.6705
2013-01-10,3.671,3.718,3.666,3.709
2013-01-11,3.7135,3.718,3.652,3.654
2013-01-14,3.6595,3.689,3.633,3.634
2013-01-15,3.6445,3.651,3.606,3.6375
2013-01-16,3.6395,3.6455,3.5995,3.6065
2013-01-17,3.617,3.667,3.601,3.662
2013-01-18,3.6585,3.6975,3.655,3.679
2013-01-22,3.684,3.7075,3.662,3.705
2013-01-23,3.705,3.7115,3.6765,3.6845
2013-01-24,3.6725,3.6965,3.661,3.6765
2013-01-25,3.6725,3.6995,3.6405,3.652
2013-01-28,3.656,3.677,3.6445,3.6615
2013-01-29,3.6585,3.694,3.6525,3.6915
2013-01-30,3.69,3.756,3.6835,3.75
2013-01-31,3.7475,3.7725,3.717,3.732
2013-02-01,3.7375,3.786,3.72,3.7845
2013-02-04,3.7845,3.7925,3.762,3.7685
2013-02-05,3.768,3.782,3.757,3.77
2013-02-06,3.774,3.783,3.731,3.7405
2013-02-07,3.75,3.7575,3.721,3.727
2013-02-08,3.7305,3.7745,3.7265,3.7595
2013-02-11,3.7625,3.769,3.708,3.7225
2013-02-12,3.7265,3.7485,3.7095,3.744
2013-02-13,3.747,3.762,3.726,3.7425
2013-02-14,3.741,3.7515,3.7275,3.7375
2013-02-15,3.742,3.753,3.719,3.737
2013-02-19,3.744,3.7465,3.6445,3.6495
2013-02-20,3.657,3.67,3.5925,3.608
2013-02-21,3.599,3.608,3.537,3.553
2013-02-22,3.564,3.589,3.525,3.533
2013-02-25,3.5425,3.572,3.5195,3.543
2013-02-26,3.526,3.5775,3.5155,3.5665
2013-02-27,3.5895,3.595,3.564,3.567
2013-02-28,3.578,3.602,3.5445,3.5475
2013-03-01,3.553,3.558,3.4725,3.501
2013-03-04,3.502,3.5265,3.4825,3.5015
2013-03-05,3.52,3.5445,3.5145,3.515
2013-03-06,3.5215,3.5415,3.487,3.493
2013-03-07,3.505,3.5345,3.4925,3.5205
2013-03-08,3.518,3.534,3.499,3.509
2013-03-11,3.508,3.5225,3.475,3.517
2013-03-12,3.52,3.576,3.5,3.5545
2013-03-13,3.549,3.567,3.5215,3.525
2013-03-14,3.5295,3.5495,3.5115,3.5365
2013-03-15,3.5345,3.56,3.515,3.5205
2013-03-18,3.509,3.51,3.41,3.428
2013-03-19,3.4135,3.441,3.388,3.4055
2013-03-20,3.392,3.4535,3.3905,3.4465
2013-03-21,3.438,3.495,3.421,3.435
2013-03-22,3.443,3.477,3.432,3.466
2013-03-25,3.4655,3.4865,3.4385,3.445
2013-03-26,3.452,3.4765,3.4385,3.4425
2013-03-27,3.452,3.46,3.4245,3.4435
2013-03-28,3.4565,3.462,3.3965,3.402
2013-04-01,3.4,3.403,3.34,3.3745
2013-04-02,3.369,3.3855,3.3585,3.3785
2013-04-03,3.373,3.386,3.32,3.333
2013-04-04,3.3265,3.3725,3.306,3.3515
2013-04-05,3.3515,3.37,3.33,3.344
2013-04-08,3.3415,3.394,3.339,3.371
2013-04-09,3.3735,3.4525,3.3735,3.4415
2013-04-10,3.432,3.4435,3.402,3.418
2013-04-11,3.4175,3.442,3.3885,3.4335
2013-04-12,3.4325,3.433,3.327,3.35
2013-04-15,3.343,3.354,3.1935,3.273
2013-04-16,3.273,3.3085,3.223,3.3055
2013-04-17,3.306,3.3155,3.1735,3.1875
2013-04-18,3.1765,3.2115,3.06,3.2045
2013-04-19,3.205,3.205,3.11,3.1485
2013-04-22,3.1465,3.165,3.082,3.131
2013-04-23,3.128,3.132,3.057,3.093
2013-04-24,3.0845,3.189,3.0775,3.157
2013-04-25,3.1645,3.259,3.1525,3.237
2013-04-26,3.2465,3.282,3.175,3.1845
2013-04-29,3.178,3.242,3.1555,3.2265
2013-04-30,3.2235,3.2475,3.172,3.1875
2013-05-01,3.1895,3.196,3.0425,3.08
2013-05-02,3.066,3.1375,3.066,3.1045
2013-05-03,3.1095,3.317,3.106,3.3145
2013-05-06,3.3005,3.33,3.28,3.3105
2013-05-07,3.297,3.3475,3.263,3.3025
2013-05-08,3.3045,3.399,3.291,3.3705
2013-05-09,3.366,3.3785,3.315,3.3405
2013-05-10,3.335,3.3855,3.304,3.353
2013-05-13,3.375,3.3805,3.3375,3.3595
2013-05-14,3.353,3.379,3.275,3.288
2013-05-15,3.293,3.3115,3.224,3.265
2013-05-16,3.278,3.313,3.2315,3.2945
2013-05-17,3.2865,3.3455,3.2805,3.323
2013-05-20,3.3175,3.3725,3.271,3.36
2013-05-21,3.3575,3.3815,3.3225,3.3435
2013-05-22,3.3365,3.418,3.336,3.3805
2013-05-23,3.3705,3.3705,3.267,3.304
2013-05-24,3.3235,3.3295,3.2815,3.2955
2013-05-28,3.2925,3.3455,3.2675,3.315
2013-05-29,3.31,3.324,3.272,3.297
2013-05-30,3.2985,3.3285,3.257,3.3155
2013-05-31,3.3155,3.3305,3.2655,3.2925
2013-06-03,3.281,3.3475,3.281,3.3305
2013-06-04,3.3335,3.3775,3.322,3.369
2013-06-05,3.366,3.398,3.349,3.3715
2013-06-06,3.3675,3.371,3.3035,3.319
2013-06-07,3.327,3.343,3.251,3.2685
2013-06-10,3.251,3.2515,3.202,3.241
2013-06-11,3.2375,3.285,3.173,3.195
2013-06-12,3.1925,3.2315,3.163,3.2255
2013-06-13,3.2205,3.2435,3.1605,3.185
2013-06-14,3.214,3.224,3.188,3.2015
2013-06-17,3.202,3.238,3.1815,3.1975
2013-06-18,3.1985,3.22,3.1385,3.155
2013-06-19,3.1525,3.174,3.1225,3.141
2013-06-20,3.1345,3.138,3.0365,3.062
2013-06-21,3.045,3.105,3.019,3.0955
2013-06-24,3.095,3.095,2.9875,3.0245
2013-06-25,3.0335,3.088,2.9835,3.0725
2013-06-26,3.0675,3.091,3.017,3.041
2013-06-27,3.05,3.0775,3.035,3.0595
2013-06-28,3.056,3.089,3.0155,3.0575
2013-07-01,3.045,3.1745,3.033,3.157
2013-07-02,3.153,3.166,3.127,3.143
2013-07-03,3.137,3.179,3.133,3.1745
2013-07-05,3.169,3.1785,3.0485,3.065
2013-07-08,3.0775,3.11,3.058,3.0995
2013-07-09,3.1015,3.116,3.025,3.0645
2013-07-10,3.065,3.0995,3.031,3.091
2013-07-11,3.0965,3.201,3.09,3.1775
2013-07-12,3.1775,3.1935,3.136,3.155
2013-07-15,3.16,3.169,3.1245,3.1445
2013-07-16,3.1485,3.1915,3.133,3.1865
2013-07-17,3.1745,3.198,3.1125,3.1285
2013-07-18,3.133,3.1395,3.1065,3.1315
2013-07-19,3.1295,3.1625,3.1125,3.14
2013-07-22,3.1455,3.215,3.144,3.185
2013-07-23,3.176,3.218,3.1635,3.198
2013-07-24,3.21,3.234,3.165,3.179
2013-07-25,3.183,3.1955,3.15,3.1855
2013-07-26,3.1905,3.194,3.0945,3.1055
2013-07-29,3.105,3.1175,3.086,3.1075
2013-07-30,3.1085,3.1095,3.0365,3.042
2013-07-31,3.041,3.129,3.0375,3.1185
2013-08-01,3.1185,3.1875,3.102,3.166
2013-08-02,3.158,3.206,3.132,3.1725
2013-08-05,3.1745,3.189,3.148,3.168
2013-08-06,3.1675,3.209,3.1475,3.173
2013-08-07,3.173,3.189,3.1285,3.173
2013-08-08,3.1855,3.2795,3.1745,3.2705
2013-08-09,3.2635,3.3175,3.242,3.3065
2013-08-12,3.305,3.329,3.284,3.303
2013-08-13,3.312,3.343,3.2925,3.317
2013-08-14,3.315,3.3495,3.295,3.34
2013-08-15,3.3415,3.3635,3.287,3.3375
2013-08-16,3.358,3.38,3.339,3.363
2013-08-19,3.365,3.373,3.3215,3.332
2013-08-20,3.333,3.3425,3.303,3.338
2013-08-21,3.3295,3.3335,3.287,3.3065
2013-08-22,3.314,3.3685,3.296,3.33
2013-08-23,3.336,3.36,3.315,3.3485
2013-08-26,3.347,3.3885,3.2935,3.3195
2013-08-27,3.32,3.3725,3.308,3.3285
2013-08-28,3.322,3.346,3.2965,3.3015
2013-08-29,3.314,3.3245,3.2535,3.2605
2013-08-30,3.233,3.233,3.233,3.233
2013-09-03,3.2505,3.3275,3.245,3.3045
2013-09-04,3.3085,3.3095,3.228,3.241
2013-09-05,3.248,3.261,3.22,3.244
2013-09-06,3.2455,3.289,3.24,3.2615
2013-09-09,3.2675,3.299,3.259,3.278
2013-09-10,3.2805,3.2965,3.253,3.2625
2013-09-11,3.2655,3.283,3.2555,3.257
2013-09-12,3.2735,3.2755,3.1915,3.21
2013-09-13,3.2,3.227,3.1905,3.2035
2013-09-16,3.2365,3.2815,3.198,3.222
2013-09-17,3.2155,3.24,3.1985,3.223
2013-09-18,3.2245,3.3345,3.206,3.2785
2013-09-19,3.3155,3.3565,3.311,3.347
2013-09-20,3.3495,3.3595,3.3025,3.3205
2013-09-23,3.309,3.312,3.2645,3.2985
2013-09-24,3.2955,3.2975,3.2355,3.2565
2013-09-25,3.2635,3.278,3.253,3.272
2013-09-26,3.2705,3.324,3.261,3.307
2013-09-27,3.3,3.331,3.2915,3.3295
2013-09-30,3.31,3.3395,3.294,3.323
2013-10-01,3.3245,3.3375,3.249,3.274
2013-10-02,3.2815,3.3195,3.248,3.316
2013-10-03,3.309,3.325,3.2615,3.2685
2013-10-04,3.2795,3.317,3.258,3.301
2013-10-07,3.2985,3.313,3.264,3.2965
2013-10-08,3.2995,3.3215,3.2825,3.2925
2013-10-09,3.2895,3.2985,3.22,3.231
2013-10-10,3.228,3.2525,3.215,3.2485
2013-10-11,3.2435,3.2735,3.225,3.269
2013-10-14,3.268,3.3175,3.2445,3.303
2013-10-15,3.2955,3.31,3.281,3.3075
2013-10-16,3.302,3.329,3.2635,3.308
2013-10-17,3.309,3.325,3.271,3.297
2013-10-18,3.301,3.3205,3.287,3.299
2013-10-21,3.2945,3.3115,3.282,3.3035
2013-10-22,3.302,3.355,3.296,3.3355
2013-10-23,3.3335,3.3345,3.26,3.2675
2013-10-24,3.267,3.281,3.2455,3.2635
2013-10-25,3.2675,3.273,3.234,3.269
2013-10-28,3.276,3.2855,3.257,3.269
2013-10-29,3.263,3.296,3.246,3.278
2013-10-30,3.2775,3.328,3.273,3.3255
2013-10-31,3.3115,3.3195,3.2915,3.3005
2013-11-01,3.3005,3.326,3.2905,3.2985
2013-11-04,3.2985,3.3085,3.2475,3.253
2013-11-05,3.2635,3.2765,3.243,3.2585
2013-11-06,3.2625,3.278,3.222,3.237
2013-11-07,3.2445,3.2575,3.2255,3.2485
2013-11-08,3.2405,3.266,3.2235,3.254
2013-11-11,3.2625,3.276,3.2435,3.2595
2013-11-12,3.254,3.258,3.211,3.234
2013-11-13,3.22,3.2225,3.1525,3.1595
2013-11-14,3.1635,3.1835,3.142,3.1605
2013-11-15,3.1615,3.1845,3.144,3.171
2013-11-18,3.168,3.178,3.147,3.1495
2013-11-19,3.1505,3.173,3.124,3.1575
2013-11-20,3.155,3.1805,3.144,3.1595
2013-11-21,3.1445,3.1995,3.141,3.1915
2013-11-22,3.188,3.2205,3.1805,3.214
2013-11-25,3.214,3.263,3.2015,3.225
2013-11-26,3.23,3.236,3.2015,3.214
2013-11-27,3.207,3.2335,3.18,3.1905
2013-11-29,3.198,3.2255,3.185,3.205
2013-12-02,3.2045,3.215,3.1685,3.1825
2013-12-03,3.175,3.1825,3.158,3.1675
2013-12-04,3.1615,3.252,3.1605,3.249
2013-12-05,3.2305,3.2405,3.2135,3.2295
2013-12-06,3.2205,3.26,3.2175,3.2485
2013-12-09,3.246,3.2595,3.231,3.258
2013-12-10,3.2535,3.279,3.247,3.2665
2013-12-11,3.2675,3.2955,3.2565,3.295
2013-12-12,3.287,3.3105,3.282,3.2955
2013-12-13,3.292,3.3195,3.279,3.312
2013-12-16,3.307,3.332,3.3005,3.3295
2013-12-17,3.323,3.3355,3.3115,3.3215
2013-12-18,3.3165,3.33,3.2985,3.319
2013-12-19,3.322,3.3235,3.275,3.2955
2013-12-20,3.2995,3.3175,3.291,3.308
2013-12-23,3.3055,3.315,3.299,3.3075
2013-12-24,3.3085,3.42,3.3045,3.374
2013-12-26,3.381,3.401,3.368,3.3985
2013-12-27,3.39,3.399,3.37,3.385
2013-12-30,3.383,3.3925,3.3715,3.3825
2013-12-31,3.3785,3.408,3.3665,3.3965
2014-01-02,3.3985,3.4245,3.376,3.3815
2014-01-03,3.385,3.3875,3.3455,3.355
2014-01-06,3.3505,3.3645,3.3305,3.3595
2014-01-07,3.3595,3.366,3.342,3.3595
2014-01-08,3.3565,3.377,3.335,3.3425
2014-01-09,3.3425,3.3565,3.2885,3.299
2014-01-10,3.295,3.3465,3.2895,3.3415
2014-01-13,3.345,3.3735,3.3145,3.3465
2014-01-14,3.3425,3.3505,3.3205,3.336
2014-01-15,3.3325,3.3635,3.308,3.358
2014-01-16,3.352,3.3695,3.3285,3.3425
2014-01-17,3.337,3.364,3.3265,3.3445
2014-01-21,3.3415,3.358,3.315,3.351
2014-01-22,3.346,3.355,3.323,3.337
2014-01-23,3.326,3.3385,3.2765,3.2855
2014-01-24,3.2785,3.2995,3.2605,3.2715
2014-01-27,3.261,3.2875,3.2535,3.259
2014-01-28,3.2565,3.2735,3.246,3.253
2014-01-29,3.2515,3.269,3.237,3.2405
2014-01-30,3.2445,3.2585,3.2115,3.2265
2014-01-31,3.2235,3.2305,3.1905,3.197
2014-02-03,3.1935,3.2025,3.175,3.1835
2014-02-04,3.182,3.2065,3.1775,3.192
2014-02-05,3.194,3.216,3.185,3.1885
2014-02-06,3.192,3.245,3.191,3.229
2014-02-07,3.2245,3.248,3.2225,3.236
2014-02-10,3.241,3.253,3.2145,3.2245
2014-02-11,3.2195,3.233,3.2025,3.215
2014-02-12,3.227,3.2635,3.2215,3.256
2014-02-13,3.2525,3.256,3.219,3.25
2014-02-14,3.2515,3.27,3.2445,3.2645
2014-02-18,3.2575,3.32,3.253,3.2855
2014-02-19,3.2825,3.302,3.2735,3.2855
2014-02-20,3.2735,3.2885,3.252,3.279
2014-02-21,3.28,3.2945,3.27,3.291
2014-02-24,3.2875,3.289,3.226,3.27
2014-02-25,3.261,3.2855,3.2345,3.2585
2014-02-26,3.2505,3.2755,3.221,3.2445
2014-02-27,3.1965,3.2135,3.1835,3.201
2014-02-28,3.2045,3.212,3.178,3.1875
2014-03-03,3.1895,3.1975,3.1565,3.172
2014-03-04,3.1725,3.222,3.166,3.2145
2014-03-05,3.211,3.2355,3.201,3.2025
2014-03-06,3.2015,3.219,3.194,3.218
2014-03-07,3.217,3.22,3.077,3.0825
2014-03-10,3.0775,3.0775,2.9955,3.0315
2014-03-11,3.042,3.057,2.942,2.952
2014-03-12,2.95,2.9815,2.908,2.962
2014-03-13,2.956,2.977,2.9145,2.923
2014-03-14,2.916,2.9625,2.912,2.9505
2014-03-17,2.9445,2.986,2.9215,2.952
2014-03-18,2.95,2.9925,2.939,2.9515
2014-03-19,2.951,2.998,2.877,2.987
2014-03-20,2.9795,2.996,2.9135,2.9285
2014-03-21,2.9315,2.98,2.917,2.9505
2014-03-24,2.947,2.969,2.921,2.9455
2014-03-25,2.9435,3.019,2.9395,3.0055
2014-03-26,2.9935,3.013,2.9595,2.9655
2014-03-27,2.964,3.002,2.9625,2.993
2014-03-28,2.994,3.048,2.9905,3.0415
2014-03-31,3.047,3.05,3.02,3.0255
2014-04-01,3.0285,3.043,3.017,3.0345
2014-04-02,3.037,3.074,3.0345,3.0455
2014-04-03,3.0375,3.039,3.008,3.027
2014-04-04,3.032,3.061,3.0125,3.0225
2014-04-07,3.0255,3.055,2.9765,3.0395
2014-04-08,3.0415,3.0625,3.0265,3.051
2014-04-09,3.054,3.0575,3.007,3.037
2014-04-10,3.042,3.05,3.0215,3.045
2014-04-11,3.0385,3.08,3.026,3.0415
2014-04-14,3.041,3.0615,3.03,3.0475
2014-04-15,3.0315,3.047,2.9655,2.9875
2014-04-16,2.993,3.062,2.9815,3.0255
2014-04-17,3.0285,3.0545,3.0225,3.045
2014-04-21,3.039,3.055,3.0315,3.043
2014-04-22,3.047,3.0615,3.0255,3.0535
2014-04-23,3.0545,3.065,3.032,3.059
2014-04-24,3.0575,3.127,3.055,3.1205
2014-04-25,3.1155,3.129,3.103,3.1245
2014-04-28,3.1245,3.139,3.096,3.11
2014-04-29,3.0935,3.0985,3.0665,3.073
2014-04-30,3.074,3.0795,3.015,3.0275
2014-05-01,3.0175,3.034,3.003,3.0215
2014-05-02,3.026,3.0785,3.0135,3.07
2014-05-05,3.073,3.082,3.0485,3.0535
2014-05-06,3.053,3.066,3.0475,3.057
2014-05-07,3.056,3.062,3.0155,3.0325
2014-05-08,3.037,3.0695,3.0275,3.0625
2014-05-09,3.0595,3.089,3.0525,3.083
2014-05-12,3.085,3.1555,3.084,3.1495
2014-05-13,3.1425,3.154,3.122,3.1355
2014-05-14,3.136,3.178,3.1225,3.16
2014-05-15,3.153,3.171,3.141,3.1445
2014-05-16,3.1445,3.1595,3.1275,3.147
2014-05-19,3.1445,3.184,3.1405,3.167
2014-05-20,3.162,3.1775,3.123,3.145
2014-05-21,3.1435,3.148,3.0985,3.123
2014-05-22,3.128,3.155,3.1205,3.142
2014-05-23,3.137,3.1755,3.136,3.1675
2014-05-27,3.1655,3.1925,3.164,3.1775
2014-05-28,3.171,3.1905,3.1605,3.1735
2014-05-29,3.17,3.1765,3.137,3.1445
2014-05-30,3.145,3.16,3.1205,3.1235
2014-06-02,3.132,3.173,3.132,3.1705
2014-06-03,3.1675,3.169,3.1275,3.137
2014-06-04,3.1395,3.1425,3.0845,3.093
2014-06-05,3.093,3.1075,3.077,3.0905
2014-06-06,3.0925,3.094,3.026,3.051
2014-06-09,3.058,3.0595,3.0185,3.0435
2014-06-10,3.051,3.06,3.0215,3.053
2014-06-11,3.0555,3.07,3.031,3.0405
2014-06-12,3.0365,3.0475,3.0085,3.0155
2014-06-13,3.015,3.043,3.014,3.0295
2014-06-16,3.0255,3.06,3.022,3.05
2014-06-17,3.048,3.0665,3.0415,3.061
2014-06-18,3.0615,3.0755,3.05,3.06
2014-06-19,3.066,3.0795,3.0435,3.0785
2014-06-20,3.075,3.1285,3.0715,3.1215
2014-06-23,3.1175,3.1635,3.117,3.1495
2014-06-24,3.156,3.159,3.1325,3.151
2014-06-25,3.147,3.1695,3.123,3.167
2014-06-26,3.1675,3.177,3.148,3.1655
2014-06-27,3.172,3.1895,3.162,3.168
2014-06-30,3.165,3.2105,3.162,3.2035
2014-07-01,3.203,3.2135,3.194,3.204
2014-07-02,3.204,3.2665,3.183,3.265
2014-07-03,3.259,3.282,3.2465,3.2795
2014-07-07,3.274,3.2745,3.237,3.261
2014-07-08,3.2585,3.294,3.2485,3.257
2014-07-09,3.2615,3.2755,3.246,3.248
2014-07-10,3.2535,3.2765,3.233,3.267
2014-07-11,3.271,3.2745,3.2465,3.269
2014-07-14,3.2705,3.2945,3.2435,3.249
2014-07-15,3.2535,3.261,3.2235,3.2495
2014-07-16,3.247,3.256,3.2095,3.2145
2014-07-17,3.216,3.226,3.202,3.2205
2014-07-18,3.2165,3.219,3.1675,3.1845
2014-07-21,3.1875,3.204,3.1735,3.199
2014-07-22,3.198,3.236,3.196,3.208
2014-07-23,3.2055,3.218,3.192,3.207
2014-07-24,3.206,3.269,3.202,3.2665
2014-07-25,3.2645,3.279,3.238,3.2405
2014-07-28,3.247,3.252,3.226,3.2435
2014-07-29,3.2445,3.2545,3.2145,3.219
2014-07-30,3.22,3.2625,3.205,3.2415
2014-07-31,3.243,3.2575,3.225,3.231
2014-08-01,3.2305,3.2555,3.21,3.2145
2014-08-04,3.214,3.253,3.1995,3.244
2014-08-05,3.247,3.2495,3.196,3.2045
2014-08-06,3.202,3.207,3.157,3.166
2014-08-07,3.1665,3.186,3.1575,3.176
2014-08-08,3.1725,3.184,3.1605,3.1735
2014-08-11,3.182,3.247,3.1705,3.1745
2014-08-12,3.1755,3.189,3.145,3.1545
2014-08-13,3.1515,3.1575,3.1095,3.112
2014-08-14,3.112,3.12,3.0825,3.091
2014-08-15,3.085,3.1095,3.0845,3.103
2014-08-18,3.103,3.1265,3.094,3.109
2014-08-19,3.111,3.122,3.086,3.0885
2014-08-20,3.0875,3.1785,3.084,3.177
2014-08-21,3.17,3.1845,3.1495,3.176
2014-08-22,3.174,3.211,3.1695,3.2045
2014-08-25,3.2045,3.227,3.195,3.218
2014-08-26,3.2185,3.2185,3.1795,3.186
2014-08-27,3.1865,3.19,3.1635,3.178
2014-08-28,3.193,3.208,3.1425,3.1505
2014-08-29,3.155,3.1795,3.1455,3.1605
2014-09-02,3.1605,3.1745,3.14,3.155
2014-09-03,3.157,3.1665,3.1255,3.127
2014-09-04,3.1305,3.173,3.127,3.151
2014-09-05,3.1495,3.173,3.1425,3.1695
2014-09-08,3.1675,3.2095,3.1625,3.1685
2014-09-09,3.1865,3.187,3.092,3.102
2014-09-10,3.108,3.12,3.0925,3.1105
2014-09-11,3.1125,3.117,3.0625,3.0925
2014-09-12,3.0955,3.109,3.079,3.1065
2014-09-15,3.085,3.0945,3.065,3.0855
2014-09-16,3.0855,3.212,3.0815,3.166
2014-09-17,3.1615,3.1745,3.13,3.1435
2014-09-18,3.13,3.1405,3.09,3.094
2014-09-19,3.095,3.109,3.0705,3.0915
2014-09-22,3.084,3.086,3.0305,3.0385
2014-09-23,3.0425,3.0645,3.0285,3.035
2014-09-24,3.0285,3.0635,3.023,3.0535
2014-09-25,3.055,3.0635,3.0195,3.03
2014-09-26,3.033,3.053,3.028,3.0355
2014-09-29,3.037,3.0675,3.0125,3.0565
2014-09-30,3.043,3.06,3.006,3.0075
2014-10-01,3.007,3.049,3,3.036
2014-10-02,3.025,3.0395,2.9855,2.9985
2014-10-03,3.0085,3.017,2.9915,2.9985
2014-10-06,3.0015,3.0435,2.991,3.0355
2014-10-07,3.0415,3.0435,3.0175,3.039
2014-10-08,3.0325,3.049,2.996,3.0035
2014-10-09,3.024,3.059,3.0185,3.03
2014-10-10,3.03,3.043,2.9895,3.035
2014-10-13,3.032,3.0545,3.021,3.0405
2014-10-14,3.0415,3.1045,3.032,3.09
2014-10-15,3.0805,3.085,2.9925,3.009
2014-10-16,3.0135,3.0265,2.9525,2.9815
2014-10-17,2.9855,3.0125,2.9515,3.0035
2014-10-20,3.0085,3.0175,2.967,2.988
2014-10-21,2.9865,3.0355,2.9745,3.028
2014-10-22,3.029,3.045,3.011,3.0175
2014-10-23,3.0135,3.049,3.009,3.04
2014-10-24,3.035,3.059,3.0295,3.041
2014-10-27,3.044,3.074,3.0265,3.064
2014-10-28,3.059,3.096,3.0555,3.093
2014-10-29,3.09,3.114,3.0725,3.1045
2014-10-30,3.082,3.0875,3.036,3.0625
2014-10-31,3.06,3.093,3.0395,3.047
2014-11-03,3.042,3.07,3.0225,3.065
2014-11-04,3.058,3.0735,3.003,3.0185
2014-11-05,3.0185,3.0205,2.964,3.0075
2014-11-06,3.004,3.023,2.993,3.0175
2014-11-07,3.012,3.049,3.0115,3.0385
2014-11-10,3.041,3.051,3.0135,3.02
2014-11-11,3.0145,3.0445,2.9905,3.033
2014-11-12,3.033,3.044,3.0175,3.025
2014-11-13,3.0275,3.0525,2.982,2.9945
2014-11-14,2.989,3.05,2.985,3.0465
2014-11-17,3.051,3.061,3.023,3.0395
2014-11-18,3.0365,3.043,2.993,3.002
2014-11-19,3.003,3.0495,2.99,3.045
2014-11-20,3.033,3.0385,3.001,3.0195
2014-11-21,3.017,3.0775,3.006,3.0315
2014-11-24,3.038,3.048,2.995,3
2014-11-25,3.0005,3.0235,2.9465,2.957
2014-11-26,2.9615,2.9765,2.935,2.9565
2014-11-28,2.952,2.9705,2.8435,2.846
2014-12-01,2.845,2.917,2.7775,2.898
2014-12-02,2.899,2.899,2.844,2.8915
2014-12-03,2.8875,2.8965,2.8605,2.872
2014-12-04,2.869,2.93,2.867,2.9145
2014-12-05,2.9095,2.939,2.9005,2.9025
2014-12-08,2.901,2.921,2.8815,2.8855
2014-12-09,2.8825,2.9505,2.8655,2.9275
2014-12-10,2.922,2.927,2.887,2.893
2014-12-11,2.893,2.9315,2.89,2.921
2014-12-12,2.912,2.9405,2.9085,2.934
2014-12-15,2.9245,2.947,2.8635,2.8785
2014-12-16,2.8725,2.886,2.844,2.8585
2014-12-17,2.867,2.8925,2.827,2.8705
2014-12-18,2.8695,2.8855,2.8425,2.8535
2014-12-19,2.846,2.9035,2.846,2.8845
2014-12-22,2.8895,2.905,2.8675,2.8725
2014-12-23,2.8725,2.8805,2.8545,2.866
2014-12-24,2.8665,2.874,2.844,2.8535
2014-12-26,2.8525,2.8625,2.804,2.814
2014-12-29,2.814,2.847,2.756,2.822
2014-12-30,2.8135,2.8655,2.813,2.854
2014-12-31,2.853,2.861,2.8155,2.8255
2015-01-02,2.8255,2.841,2.801,2.8175
2015-01-05,2.814,2.827,2.744,2.766
2015-01-06,2.7695,2.782,2.7565,2.767
2015-01-07,2.76,2.7765,2.748,2.7585
2015-01-08,2.764,2.794,2.7535,2.7695
2015-01-09,2.767,2.776,2.7385,2.7545
2015-01-12,2.757,2.76,2.7,2.7255
2015-01-13,2.7215,2.729,2.586,2.644
2015-01-14,2.609,2.617,2.4235,2.5055
2015-01-15,2.535,2.595,2.517,2.558
2015-01-16,2.582,2.634,2.5405,2.617
2015-01-20,2.6335,2.636,2.555,2.594
2015-01-21,2.594,2.6335,2.5325,2.6125
2015-01-22,2.6075,2.6125,2.556,2.5785
2015-01-23,2.582,2.5855,2.489,2.5015
2015-01-26,2.495,2.5545,2.419,2.543
2015-01-27,2.541,2.5435,2.446,2.4625
2015-01-28,2.4625,2.5,2.4505,2.4795
2015-01-29,2.4545,2.4695,2.42,2.4515
2015-01-30,2.456,2.5185,2.4295,2.4945
2015-02-02,2.476,2.5195,2.4635,2.49
2015-02-03,2.4985,2.595,2.496,2.5815
2015-02-04,2.5845,2.6185,2.5555,2.591
2015-02-05,2.596,2.6095,2.5335,2.595
2015-02-06,2.596,2.615,2.5665,2.5855
2015-02-09,2.5795,2.5905,2.56,2.5805
2015-02-10,2.5805,2.5885,2.5255,2.5515
2015-02-11,2.548,2.5835,2.5345,2.541
2015-02-12,2.541,2.622,2.536,2.602
2015-02-13,2.606,2.642,2.5915,2.605
2015-02-17,2.6005,2.623,2.55,2.5815
2015-02-18,2.5815,2.638,2.565,2.6145
2015-02-19,2.6145,2.627,2.584,2.62
2015-02-20,2.6185,2.6225,2.5755,2.5945
2015-02-23,2.6045,2.6165,2.566,2.5925
2015-02-24,2.593,2.677,2.571,2.648
2015-02-25,2.644,2.669,2.6265,2.6635
2015-02-26,2.645,2.714,2.636,2.6945
2015-02-27,2.698,2.7,2.66,2.6915
2015-03-02,2.6985,2.718,2.677,2.6975
2015-03-03,2.692,2.695,2.629,2.6565
2015-03-04,2.655,2.676,2.6375,2.6595
2015-03-05,2.6625,2.6795,2.6475,2.6525
2015-03-06,2.652,2.656,2.605,2.609
2015-03-09,2.6135,2.6775,2.5925,2.6705
2015-03-10,2.668,2.6695,2.6055,2.624
2015-03-11,2.62,2.6475,2.5995,2.606
2015-03-12,2.6055,2.68,2.5985,2.6585
2015-03-13,2.662,2.6745,2.6465,2.6635
2015-03-16,2.673,2.6845,2.651,2.6675
2015-03-17,2.6625,2.6765,2.609,2.633
2015-03-18,2.637,2.6455,2.5525,2.5705
2015-03-19,2.61,2.6675,2.5955,2.66
2015-03-20,2.6655,2.774,2.645,2.761
2015-03-23,2.761,2.9145,2.755,2.7895
2015-03-24,2.878,2.8875,2.775,2.803
2015-03-25,2.794,2.808,2.773,2.792
2015-03-26,2.7905,2.869,2.7835,2.811
2015-03-27,2.806,2.8095,2.756,2.7675
2015-03-30,2.76,2.7925,2.748,2.7815
2015-03-31,2.7785,2.787,2.735,2.74
2015-04-01,2.741,2.7615,2.7095,2.7485
2015-04-02,2.744,2.7655,2.7165,2.734
2015-04-06,2.7315,2.831,2.6935,2.717
2015-04-07,2.7165,2.777,2.712,2.763
2015-04-08,2.755,2.7685,2.7235,2.7315
2015-04-09,2.7345,2.7595,2.7155,2.729
2015-04-10,2.724,2.78,2.7215,2.734
2015-04-13,2.736,2.762,2.7125,2.719
2015-04-14,2.717,2.726,2.675,2.7
2015-04-15,2.704,2.7275,2.6685,2.7125
2015-04-16,2.7225,2.7875,2.719,2.774
2015-04-17,2.7775,2.809,2.7615,2.774
2015-04-20,2.814,2.8295,2.722,2.7325
2015-04-21,2.728,2.739,2.688,2.702
2015-04-22,2.6965,2.7085,2.663,2.6655
2015-04-23,2.668,2.7035,2.6475,2.694
2015-04-24,2.7,2.761,2.684,2.748
2015-04-27,2.746,2.785,2.732,2.77
2015-04-28,2.7755,2.787,2.7475,2.78
2015-04-29,2.786,2.804,2.76,2.799
2015-04-30,2.7935,2.89,2.788,2.8865
2015-05-01,2.885,2.9375,2.875,2.9295
2015-05-04,2.932,2.933,2.8925,2.9205
2015-05-05,2.9105,2.956,2.8995,2.935
2015-05-06,2.931,2.947,2.902,2.926
2015-05-07,2.9275,2.9375,2.905,2.918
2015-05-08,2.915,2.933,2.888,2.9205
2015-05-11,2.9285,2.9295,2.896,2.903
2015-05-12,2.911,2.946,2.9,2.9315
2015-05-13,2.928,2.9475,2.912,2.929
2015-05-14,2.9325,2.939,2.9065,2.9235
2015-05-15,2.92,2.9315,2.8955,2.9245
2015-05-18,2.9255,2.949,2.893,2.9065
2015-05-19,2.9085,2.913,2.826,2.8375
2015-05-20,2.8375,2.8435,2.8205,2.829
2015-05-21,2.829,2.8605,2.828,2.8485
2015-05-22,2.852,2.8555,2.7895,2.811
2015-05-26,2.7995,2.8345,2.773,2.778
2015-05-27,2.777,2.7905,2.7585,2.7685
2015-05-28,2.7635,2.784,2.7585,2.7675
2015-05-29,2.77,2.784,2.7245,2.728
2015-06-01,2.728,2.7425,2.71,2.72
2015-06-02,2.7155,2.745,2.714,2.736
2015-06-03,2.7375,2.749,2.72,2.7265
2015-06-04,2.7265,2.7315,2.6765,2.687
2015-06-05,2.6865,2.708,2.67,2.6925
2015-06-08,2.7025,2.706,2.6825,2.6965
2015-06-09,2.7045,2.7355,2.695,2.714
2015-06-10,2.7115,2.767,2.7105,2.747
2015-06-11,2.7415,2.7495,2.6575,2.669
2015-06-12,2.6735,2.684,2.66,2.678
2015-06-15,2.6755,2.681,2.6255,2.647
2015-06-16,2.6435,2.6555,2.6105,2.6155
2015-06-17,2.6125,2.6325,2.598,2.604
2015-06-18,2.6135,2.6425,2.601,2.606
2015-06-19,2.6015,2.6165,2.558,2.569
2015-06-22,2.572,2.581,2.5595,2.567
2015-06-23,2.5715,2.6295,2.5685,2.613
2015-06-24,2.6085,2.649,2.5995,2.6245
2015-06-25,2.6205,2.6305,2.594,2.623
2015-06-26,2.625,2.654,2.6205,2.6445
2015-06-29,2.62,2.655,2.616,2.6335
2015-06-30,2.634,2.6415,2.589,2.615
2015-07-01,2.6145,2.6495,2.6025,2.6305
2015-07-02,2.6285,2.646,2.621,2.631
2015-07-06,2.605,2.6095,2.504,2.538
2015-07-07,2.538,2.5455,2.387,2.4465
2015-07-08,2.4635,2.5215,2.381,2.497
2015-07-09,2.496,2.5965,2.487,2.5515
2015-07-10,2.55,2.572,2.5215,2.5375
2015-07-13,2.53,2.5645,2.4965,2.5445
2015-07-14,2.54,2.5475,2.509,2.535
2015-07-15,2.5375,2.5735,2.501,2.5215
2015-07-16,2.5145,2.5445,2.5075,2.523
2015-07-17,2.517,2.5335,2.476,2.496
2015-07-20,2.497,2.503,2.4655,2.4815
2015-07-21,2.471,2.516,2.471,2.4745
2015-07-22,2.4745,2.4815,2.4225,2.428
2015-07-23,2.4315,2.45,2.3575,2.3855
2015-07-24,2.376,2.399,2.3505,2.3825
2015-07-27,2.384,2.3885,2.3375,2.3535
2015-07-28,2.346,2.4165,2.3455,2.4025
2015-07-29,2.413,2.446,2.387,2.4075
2015-07-30,2.408,2.422,2.3585,2.377
2015-07-31,2.3755,2.396,2.348,2.3635
2015-08-03,2.356,2.363,2.3215,2.346
2015-08-04,2.3415,2.3745,2.328,2.362
2015-08-05,2.353,2.362,2.3375,2.3485
2015-08-06,2.3515,2.3615,2.336,2.341
2015-08-07,2.3435,2.354,2.313,2.3325
2015-08-10,2.32,2.411,2.3075,2.4
2015-08-11,2.3915,2.429,2.3135,2.3315
2015-08-12,2.336,2.358,2.2925,2.35
2015-08-13,2.3485,2.3825,2.326,2.353
2015-08-14,2.3515,2.3665,2.3335,2.3515
2015-08-17,2.3445,2.3485,2.3095,2.321
2015-08-18,2.3195,2.326,2.265,2.287
2015-08-19,2.282,2.297,2.2605,2.276
2015-08-20,2.272,2.3325,2.2675,2.3195
2015-08-21,2.3255,2.326,2.275,2.3035
2015-08-24,2.294,2.2965,2.209,2.259
2015-08-25,2.247,2.319,2.242,2.3135
2015-08-26,2.3025,2.312,2.2365,2.248
2015-08-27,2.2655,2.343,2.2635,2.334
2015-08-28,2.3335,2.366,2.3075,2.346
2015-08-31,2.341,2.346,2.2935,2.3375
2015-09-01,2.3365,2.34,2.287,2.3015
2015-09-02,2.2935,2.3465,2.288,2.3295
2015-09-03,2.3275,2.418,2.324,2.3845
2015-09-04,2.378,2.379,2.306,2.312
2015-09-08,2.319,2.448,2.307,2.434
2015-09-09,2.4335,2.4755,2.4185,2.4365
2015-09-10,2.4235,2.4725,2.423,2.447
2015-09-11,2.4505,2.4645,2.421,2.4535
2015-09-14,2.451,2.4555,2.4,2.4055
2015-09-15,2.413,2.4305,2.3885,2.4265
2015-09-16,2.4265,2.459,2.413,2.452
2015-09-17,2.4525,2.493,2.433,2.452
2015-09-18,2.4635,2.47,2.3725,2.386
2015-09-21,2.3805,2.414,2.3625,2.3885
2015-09-22,2.3865,2.3915,2.2855,2.2975
2015-09-23,2.308,2.325,2.29,2.2955
2015-09-24,2.296,2.3155,2.273,2.3025
2015-09-25,2.3005,2.32,2.277,2.2835
2015-09-28,2.28,2.3025,2.232,2.2515
2015-09-29,2.2475,2.2695,2.2255,2.2515
2015-09-30,2.257,2.3575,2.2535,2.341
2015-10-01,2.338,2.3765,2.297,2.3045
2015-10-02,2.308,2.3465,2.273,2.3255
2015-10-05,2.3355,2.3735,2.3295,2.3555
2015-10-06,2.358,2.376,2.3255,2.355
2015-10-07,2.357,2.396,2.352,2.367
2015-10-08,2.367,2.3725,2.318,2.343
2015-10-09,2.3515,2.4375,2.346,2.414
2015-10-12,2.4185,2.437,2.404,2.4155
2015-10-13,2.4085,2.4135,2.377,2.3875
2015-10-14,2.382,2.4225,2.3775,2.4155
2015-10-15,2.415,2.4355,2.402,2.423
2015-10-16,2.43,2.435,2.381,2.4035
2015-10-19,2.4015,2.4065,2.357,2.3675
2015-10-20,2.3645,2.383,2.351,2.3655
2015-10-21,2.359,2.365,2.3305,2.3605
2015-10-22,2.36,2.405,2.355,2.3835
2015-10-23,2.3805,2.418,2.342,2.35
2015-10-26,2.35,2.357,2.35,2.357
2015-10-27,2.35,2.38,2.342,2.362
2015-10-28,2.3665,2.3725,2.3255,2.3625
2015-10-29,2.364,2.365,2.3165,2.321
2015-10-30,2.3245,2.3375,2.309,2.3175
2015-11-02,2.306,2.323,2.2885,2.319
2015-11-03,2.314,2.342,2.3,2.3305
2015-11-04,2.331,2.362,2.3165,2.3225
2015-11-05,2.3185,2.332,2.2505,2.255
2015-11-06,2.254,2.271,2.2355,2.242
2015-11-09,2.235,2.251,2.226,2.23
2015-11-10,2.228,2.242,2.206,2.2175
2015-11-11,2.219,2.2275,2.197,2.218
2015-11-12,2.214,2.2265,2.1585,2.1725
2015-11-13,2.167,2.1725,2.151,2.168
2015-11-16,2.1585,2.171,2.1065,2.1155
2015-11-17,2.124,2.1285,2.066,2.104
2015-11-18,2.0945,2.1025,2.067,2.078
2015-11-19,2.0705,2.089,2.059,2.0765
2015-11-20,2.073,2.103,2.0305,2.055
2015-11-23,2.0425,2.0545,2.0015,2.021
2015-11-24,2.019,2.07,2.0105,2.0545
2015-11-25,2.056,2.065,2.028,2.046
2015-11-27,2.0475,2.1345,2.0465,2.0575
2015-11-30,2.08,2.084,2.04,2.0485
2015-12-01,2.0475,2.0855,2.044,2.0715
2015-12-02,2.074,2.0885,2.0295,2.033
2015-12-03,2.046,2.064,2.0255,2.061
2015-12-04,2.059,2.097,2.042,2.079
2015-12-07,2.0785,2.0945,2.043,2.051
2015-12-08,2.044,2.074,2.0355,2.054
2015-12-09,2.0595,2.0965,2.0575,2.066
2015-12-10,2.064,2.077,2.0555,2.0725
2015-12-11,2.07,2.1385,2.063,2.1165
2015-12-14,2.112,2.1275,2.091,2.1115
2015-12-15,2.1075,2.117,2.045,2.0565
2015-12-16,2.0505,2.0905,2.05,2.0715
2015-12-17,2.0725,2.0785,2.034,2.0435
2015-12-18,2.041,2.114,2.0405,2.1125
2015-12-21,2.119,2.144,2.102,2.14
2015-12-22,2.1415,2.1435,2.105,2.109
2015-12-23,2.11,2.1305,2.1005,2.1245
2015-12-24,2.1275,2.1335,2.111,2.124
2015-12-28,2.127,2.128,2.076,2.079
2015-12-29,2.0825,2.148,2.08,2.1365
2015-12-30,2.138,2.1485,2.126,2.1465
2015-12-31,2.147,2.148,2.117,2.135
2016-01-04,2.1335,2.1395,2.069,2.0795
2016-01-05,2.0825,2.1115,2.0735,2.0955
2016-01-06,2.095,2.0955,2.0715,2.088
2016-01-07,2.091,2.094,1.99,2.022
2016-01-08,2.0225,2.0515,2.011,2.022
2016-01-11,2.013,2.0155,1.9665,1.9725
2016-01-12,1.975,1.981,1.9525,1.959
2016-01-13,1.9595,1.98,1.951,1.956
2016-01-14,1.956,1.992,1.9425,1.976
2016-01-15,1.979,1.985,1.9365,1.9435
2016-01-19,1.9385,2.013,1.9355,1.9775
2016-01-20,1.9705,1.991,1.953,1.9595
2016-01-21,1.98,2.0015,1.9575,1.9965
2016-01-22,1.995,2.023,1.9885,2.0025
2016-01-25,2.0015,2.015,1.9815,1.998
2016-01-26,1.993,2.0495,1.981,2.0375
2016-01-27,2.038,2.0755,2.031,2.064
2016-01-28,2.06,2.0675,2.037,2.0515
2016-01-29,2.052,2.0695,2.0455,2.067
2016-02-01,2.062,2.066,2.0285,2.0555
2016-02-02,2.0635,2.0875,2.0405,2.055
2016-02-03,2.048,2.1025,2.0375,2.095
2016-02-04,2.1,2.138,2.0955,2.1315
2016-02-05,2.1205,2.1275,2.08,2.103
2016-02-08,2.093,2.1065,2.071,2.0905
2016-02-09,2.091,2.104,2.013,2.0395
2016-02-10,2.041,2.043,1.999,2.027
2016-02-11,2.0185,2.0305,1.9985,2.0065
2016-02-12,2.0135,2.044,2.0065,2.029
2016-02-16,2.0395,2.085,2.0375,2.051
2016-02-17,2.0495,2.081,2.041,2.0755
2016-02-18,2.0745,2.0785,2.053,2.0735
2016-02-19,2.0735,2.0945,2.06,2.0765
2016-02-22,2.0775,2.129,2.077,2.115
2016-02-23,2.116,2.12,2.0895,2.1055
2016-02-24,2.1005,2.1185,2.0645,2.096
2016-02-25,2.1165,2.1185,2.0605,2.0665
2016-02-26,2.086,2.164,2.082,2.125
2016-02-29,2.1245,2.134,2.099,2.1325
2016-03-01,2.129,2.148,2.0955,2.1455
2016-03-02,2.142,2.2,2.1355,2.181
2016-03-03,2.191,2.22,2.1705,2.2085
2016-03-04,2.2105,2.304,2.208,2.2745
2016-03-07,2.276,2.2925,2.245,2.2835
2016-03-08,2.274,2.2765,2.2035,2.222
2016-03-09,2.22,2.253,2.2045,2.2325
2016-03-10,2.234,2.242,2.207,2.22
2016-03-11,2.226,2.2565,2.2175,2.241
2016-03-14,2.2385,2.2775,2.227,2.2395
2016-03-15,2.2415,2.245,2.207,2.2335
2016-03-16,2.238,2.268,2.223,2.234
2016-03-17,2.2535,2.2975,2.252,2.2925
2016-03-18,2.29,2.3235,2.276,2.2825
2016-03-21,2.292,2.302,2.27,2.2925
2016-03-22,2.29,2.2945,2.272,2.2895
2016-03-23,2.288,2.2965,2.2305,2.2355
2016-03-24,2.2395,2.2435,2.2055,2.229
2016-03-28,2.2365,2.2555,2.2215,2.246
2016-03-29,2.242,2.248,2.197,2.214
2016-03-30,2.2115,2.221,2.1815,2.19
2016-03-31,2.1895,2.201,2.166,2.183
2016-04-01,2.185,2.204,2.1585,2.163
2016-04-04,2.165,2.173,2.1365,2.1405
2016-04-05,2.145,2.1605,2.1315,2.138
2016-04-06,2.143,2.151,2.1305,2.1435
2016-04-07,2.14,2.1535,2.067,2.0765
2016-04-08,2.076,2.0965,2.071,2.087
2016-04-11,2.0845,2.105,2.0735,2.0905
2016-04-12,2.0835,2.1565,2.0735,2.147
2016-04-13,2.151,2.18,2.144,2.168
2016-04-14,2.171,2.177,2.1405,2.171
2016-04-15,2.166,2.1725,2.1355,2.153
2016-04-18,2.1435,2.1745,2.128,2.1645
2016-04-19,2.1645,2.228,2.1425,2.2235
2016-04-20,2.225,2.242,2.1935,2.238
2016-04-21,2.233,2.2835,2.2185,2.251
2016-04-22,2.2535,2.302,2.235,2.2645
2016-04-25,2.2655,2.2725,2.2445,2.2525
2016-04-26,2.2505,2.2625,2.2225,2.242
2016-04-27,2.248,2.2505,2.194,2.2165
2016-04-28,2.2315,2.241,2.208,2.2315
2016-04-29,2.2275,2.2985,2.225,2.2835
2016-05-02,2.287,2.294,2.2565,2.2665
2016-05-03,2.265,2.2695,2.211,2.219
2016-05-04,2.217,2.222,2.1795,2.1865
2016-05-05,2.182,2.1905,2.143,2.154
2016-05-06,2.144,2.17,2.1355,2.154
2016-05-09,2.15,2.1555,2.1005,2.1065
2016-05-10,2.1005,2.12,2.0905,2.0925
2016-05-11,2.0985,2.132,2.0935,2.1035
2016-05-12,2.097,2.139,2.059,2.0745
2016-05-13,2.076,2.088,2.0625,2.074
2016-05-16,2.074,2.1065,2.0625,2.089
2016-05-17,2.09,2.1115,2.069,2.089
2016-05-18,2.089,2.097,2.048,2.0785
2016-05-19,2.0615,2.0705,2.038,2.061
2016-05-20,2.0635,2.086,2.0515,2.0555
2016-05-23,2.0535,2.064,2.0435,2.055
2016-05-24,2.0495,2.0895,2.049,2.0665
2016-05-25,2.0655,2.109,2.065,2.1015
2016-05-26,2.102,2.125,2.0965,2.1025
2016-05-27,2.1,2.13,2.0905,2.114
2016-05-31,2.1105,2.116,2.075,2.0955
2016-06-01,2.087,2.0895,2.0515,2.073
2016-06-02,2.071,2.078,2.058,2.07
2016-06-03,2.066,2.1355,2.065,2.113
2016-06-06,2.12,2.145,2.1125,2.1175
2016-06-07,2.1185,2.125,2.045,2.051
2016-06-08,2.056,2.0815,2.051,2.0615
2016-06-09,2.065,2.0855,2.013,2.039
2016-06-10,2.0405,2.0455,2.0175,2.0305
2016-06-13,2.0325,2.066,2.021,2.0535
2016-06-14,2.0535,2.059,2.032,2.0405
2016-06-15,2.0425,2.119,2.0385,2.091
2016-06-16,2.092,2.093,2.0355,2.048
2016-06-17,2.0515,2.0735,2.0455,2.051
2016-06-20,2.054,2.0995,2.052,2.093
2016-06-21,2.092,2.1305,2.071,2.116
2016-06-22,2.1265,2.1445,2.1065,2.1355
2016-06-23,2.14,2.17,2.1255,2.1625
2016-06-24,2.167,2.1755,2.066,2.1105
2016-06-27,2.112,2.139,2.0995,2.122
2016-06-28,2.1295,2.1835,2.1185,2.1705
2016-06-29,2.1835,2.197,2.1615,2.186
2016-06-30,2.194,2.206,2.1735,2.1955
2016-07-01,2.2015,2.2375,2.1635,2.217
2016-07-05,2.23,2.248,2.162,2.1835
2016-07-06,2.184,2.19,2.133,2.1535
2016-07-07,2.1545,2.1625,2.117,2.1235
2016-07-08,2.121,2.142,2.1165,2.119
2016-07-11,2.125,2.1675,2.1215,2.1475
2016-07-12,2.147,2.225,2.1445,2.213
2016-07-13,2.2145,2.2775,2.2065,2.24
2016-07-14,2.239,2.257,2.227,2.243
2016-07-15,2.238,2.2715,2.2305,2.2335
2016-07-18,2.22,2.2465,2.203,2.237
2016-07-19,2.241,2.2665,2.2235,2.263
2016-07-20,2.259,2.2685,2.221,2.254
2016-07-21,2.245,2.273,2.245,2.2585
2016-07-22,2.2685,2.2705,2.2255,2.2355
2016-07-25,2.2355,2.246,2.207,2.217
2016-07-26,2.226,2.2315,2.199,2.2255
2016-07-27,2.224,2.2345,2.1815,2.185
2016-07-28,2.188,2.225,2.187,2.209
2016-07-29,2.213,2.2395,2.1895,2.2215
2016-08-01,2.231,2.2475,2.1865,2.1995
2016-08-02,2.1925,2.2455,2.192,2.209
2016-08-03,2.2085,2.2145,2.172,2.1985
2016-08-04,2.2,2.204,2.1555,2.174
2016-08-05,2.174,2.1815,2.1505,2.154
2016-08-08,2.156,2.181,2.1535,2.165
2016-08-09,2.1625,2.165,2.14,2.15
2016-08-10,2.15,2.205,2.145,2.171
2016-08-11,2.1735,2.193,2.169,2.191
2016-08-12,2.185,2.1945,2.1355,2.14
2016-08-15,2.14,2.156,2.133,2.1515
2016-08-16,2.149,2.1785,2.1435,2.172
2016-08-17,2.172,2.175,2.1465,2.152
2016-08-18,2.1555,2.189,2.1555,2.1675
2016-08-19,2.165,2.1745,2.158,2.167
2016-08-22,2.172,2.1745,2.127,2.14
2016-08-23,2.143,2.1485,2.1105,2.115
2016-08-24,2.1155,2.121,2.0755,2.0765
2016-08-25,2.08,2.091,2.0745,2.0765
2016-08-26,2.077,2.0995,2.0705,2.0785
2016-08-29,2.0785,2.086,2.072,2.0745
2016-08-30,2.083,2.092,2.0695,2.0765
2016-08-31,2.0765,2.091,2.0745,2.0775
2016-09-01,2.0795,2.097,2.074,2.0755
2016-09-02,2.08,2.0935,2.0745,2.078
2016-09-06,2.0745,2.099,2.072,2.089
2016-09-07,2.0915,2.112,2.087,2.0975
2016-09-08,2.096,2.106,2.0835,2.1
2016-09-09,2.1,2.105,2.0855,2.0925
2016-09-12,2.092,2.11,2.064,2.1
2016-09-13,2.099,2.1185,2.0915,2.1015
2016-09-14,2.1,2.1615,2.1,2.155
2016-09-15,2.1545,2.1655,2.145,2.1595
2016-09-16,2.16,2.168,2.1475,2.16
2016-09-19,2.157,2.1595,2.139,2.1565
2016-09-20,2.1555,2.1725,2.146,2.165
2016-09-21,2.166,2.1705,2.1505,2.155
2016-09-22,2.162,2.201,2.1605,2.1945
2016-09-23,2.1885,2.2065,2.1855,2.201
2016-09-26,2.2025,2.205,2.1815,2.1985
2016-09-27,2.192,2.1965,2.161,2.171
2016-09-28,2.1725,2.204,2.1685,2.1875
2016-09-29,2.204,2.2055,2.1815,2.19
2016-09-30,2.191,2.219,2.1805,2.2105
2016-10-03,2.2145,2.216,2.167,2.192
2016-10-04,2.192,2.196,2.163,2.167
2016-10-05,2.172,2.1815,2.1585,2.1645
2016-10-06,2.1685,2.1715,2.1455,2.1555
2016-10-07,2.1545,2.183,2.1475,2.1635
2016-10-10,2.1695,2.2025,2.1645,2.1975
2016-10-11,2.1945,2.1995,2.17,2.1855
2016-10-12,2.188,2.194,2.175,2.1765
2016-10-13,2.176,2.18,2.1165,2.122
2016-10-14,2.126,2.132,2.1045,2.1105
2016-10-17,2.109,2.12,2.1,2.107
2016-10-18,2.1035,2.123,2.0915,2.1055
2016-10-19,2.1,2.111,2.0875,2.1035
2016-10-20,2.1015,2.1115,2.0845,2.096
2016-10-21,2.096,2.101,2.086,2.0885
2016-10-24,2.089,2.1035,2.0855,2.093
2016-10-25,2.0965,2.1465,2.0935,2.1385
2016-10-26,2.139,2.149,2.1265,2.1455
2016-10-27,2.1425,2.167,2.1305,2.1635
2016-10-28,2.1655,2.199,2.158,2.1935
2016-10-31,2.2,2.211,2.1815,2.205
2016-11-01,2.2055,2.233,2.1985,2.229
2016-11-02,2.234,2.2365,2.2065,2.2305
2016-11-03,2.2205,2.2535,2.218,2.249
2016-11-04,2.2435,2.2695,2.2355,2.265
2016-11-07,2.2615,2.317,2.2555,2.3095
2016-11-08,2.3125,2.3825,2.29,2.38
2016-11-09,2.379,2.4655,2.3165,2.4595
2016-11-10,2.4635,2.591,2.453,2.551
2016-11-11,2.534,2.7345,2.496,2.509
2016-11-14,2.5285,2.599,2.471,2.521
2016-11-15,2.5205,2.57,2.426,2.505
2016-11-16,2.508,2.512,2.4445,2.4675
2016-11-17,2.4695,2.506,2.438,2.491
2016-11-18,2.4885,2.4985,2.4485,2.4675
2016-11-21,2.4725,2.535,2.4645,2.515
2016-11-22,2.5185,2.5755,2.5165,2.5445
2016-11-23,2.5445,2.625,2.52,2.6075
2016-11-25,2.6155,2.699,2.6125,2.668
2016-11-28,2.671,2.74,2.632,2.6565
2016-11-29,2.6655,2.677,2.589,2.61
2016-11-30,2.602,2.656,2.5505,2.633
2016-12-01,2.635,2.6685,2.613,2.643
2016-12-02,2.632,2.6385,2.5965,2.625
2016-12-05,2.625,2.713,2.601,2.698
2016-12-06,2.691,2.7035,2.6505,2.68
2016-12-07,2.6685,2.707,2.6255,2.644
2016-12-08,2.644,2.671,2.6125,2.626
2016-12-09,2.623,2.666,2.6205,2.6475
2016-12-12,2.649,2.685,2.602,2.619
2016-12-13,2.602,2.6305,2.5665,2.5985
2016-12-14,2.596,2.645,2.57,2.6045
2016-12-15,2.599,2.626,2.576,2.6005
2016-12-16,2.5985,2.6155,2.543,2.5645
2016-12-19,2.545,2.56,2.4775,2.4995
2016-12-20,2.4995,2.511,2.4835,2.5025
2016-12-21,2.5045,2.5225,2.4925,2.497
2016-12-22,2.493,2.5095,2.457,2.4995
2016-12-23,2.507,2.518,2.475,2.479
2016-12-27,2.466,2.5305,2.448,2.5155
2016-12-28,2.521,2.5375,2.4845,2.5005
2016-12-29,2.506,2.526,2.484,2.488
2016-12-30,2.488,2.519,2.4875,2.5055
2017-01-03,2.507,2.5485,2.486,2.489
2017-01-04,2.488,2.563,2.4725,2.5565
2017-01-05,2.557,2.5885,2.5305,2.5375
2017-01-06,2.535,2.548,2.5125,2.546
2017-01-09,2.544,2.5505,2.5195,2.5385
2017-01-10,2.532,2.63,2.53,2.6125
2017-01-11,2.6095,2.631,2.597,2.6105
2017-01-12,2.602,2.6755,2.6,2.6715
2017-01-13,2.667,2.716,2.642,2.69
2017-01-17,2.701,2.7125,2.6045,2.625
2017-01-18,2.618,2.6305,2.607,2.6165
2017-01-19,2.6145,2.634,2.5815,2.6105
2017-01-20,2.612,2.645,2.5875,2.625
2017-01-23,2.621,2.668,2.613,2.6475
2017-01-24,2.647,2.7155,2.6395,2.7085
2017-01-25,2.708,2.732,2.685,2.71
2017-01-26,2.7145,2.73,2.6505,2.673
2017-01-27,2.661,2.6965,2.6545,2.6895
2017-01-30,2.6945,2.7045,2.634,2.655
2017-01-31,2.67,2.7375,2.6595,2.7275
2017-02-01,2.729,2.738,2.704,2.7115
2017-02-02,2.7135,2.724,2.664,2.6855
2017-02-03,2.6825,2.694,2.612,2.616
2017-02-06,2.6195,2.657,2.615,2.6515
2017-02-07,2.649,2.6565,2.6235,2.632
2017-02-08,2.6385,2.691,2.632,2.6665
2017-02-09,2.666,2.6765,2.641,2.6535
2017-02-10,2.6565,2.791,2.6365,2.768
2017-02-13,2.7765,2.823,2.7695,2.783
2017-02-14,2.7855,2.8145,2.7135,2.737
2017-02-15,2.743,2.7565,2.7195,2.7405
2017-02-16,2.741,2.763,2.6935,2.7185
2017-02-17,2.7105,2.735,2.678,2.707
2017-02-21,2.707,2.7585,2.7,2.7455
2017-02-22,2.742,2.7495,2.71,2.733
2017-02-23,2.7365,2.7385,2.637,2.6435
2017-02-24,2.6375,2.691,2.6375,2.68
2017-02-27,2.686,2.704,2.6675,2.698
2017-02-28,2.6945,2.723,2.678,2.714
2017-03-01,2.714,2.7685,2.706,2.736
2017-03-02,2.738,2.745,2.681,2.6905
2017-03-03,2.687,2.7115,2.6775,2.6965
2017-03-06,2.7075,2.7095,2.646,2.652
2017-03-07,2.654,2.664,2.608,2.6185
2017-03-08,2.6145,2.6345,2.588,2.6005
2017-03-09,2.59,2.6,2.5585,2.58
2017-03-10,2.5775,2.616,2.5735,2.595
2017-03-13,2.599,2.6395,2.597,2.6255
2017-03-14,2.628,2.6505,2.599,2.635
2017-03-15,2.6435,2.677,2.637,2.6565
2017-03-16,2.6695,2.6975,2.6665,2.6775
2017-03-17,2.6765,2.6965,2.658,2.6915
2017-03-20,2.6895,2.7,2.652,2.667
2017-03-21,2.654,2.6605,2.6035,2.6185
2017-03-22,2.6065,2.642,2.5875,2.6305
2017-03-23,2.639,2.655,2.615,2.6445
2017-03-24,2.651,2.6525,2.617,2.631
2017-03-27,2.635,2.6375,2.5665,2.632
2017-03-28,2.6375,2.678,2.615,2.676
2017-03-29,2.668,2.687,2.657,2.6775
2017-03-30,2.673,2.717,2.6535,2.6715
2017-03-31,2.677,2.6805,2.6315,2.6525
2017-04-03,2.6535,2.6605,2.602,2.6035
2017-04-04,2.604,2.621,2.594,2.612
2017-04-05,2.62,2.695,2.6135,2.68
2017-04-06,2.676,2.689,2.6485,2.658
2017-04-07,2.6585,2.671,2.604,2.647
2017-04-10,2.6435,2.6455,2.599,2.604
2017-04-11,2.607,2.624,2.583,2.608
2017-04-12,2.6095,2.61,2.5345,2.545
2017-04-13,2.538,2.589,2.5375,2.5705
2017-04-17,2.5655,2.6115,2.5565,2.596
2017-04-18,2.596,2.596,2.5155,2.529
2017-04-19,2.528,2.5635,2.494,2.5345
2017-04-20,2.529,2.554,2.504,2.542
2017-04-21,2.544,2.566,2.5245,2.5375
2017-04-24,2.546,2.572,2.535,2.5525
2017-04-25,2.5545,2.593,2.5455,2.5785
2017-04-26,2.5865,2.597,2.572,2.5885
2017-04-27,2.6015,2.6015,2.5655,2.593
2017-04-28,2.596,2.616,2.5875,2.6075
2017-05-01,2.599,2.6945,2.594,2.6605
2017-05-02,2.662,2.663,2.622,2.6355
2017-05-03,2.639,2.6395,2.5135,2.5435
2017-05-04,2.5175,2.5455,2.49,2.5115
2017-05-05,2.512,2.539,2.503,2.5285
2017-05-08,2.5375,2.547,2.4725,2.4935
2017-05-09,2.494,2.5175,2.4805,2.498
2017-05-10,2.495,2.5115,2.484,2.4945
2017-05-11,2.495,2.553,2.489,2.508
2017-05-12,2.506,2.5295,2.504,2.524
2017-05-15,2.525,2.557,2.518,2.539
2017-05-16,2.538,2.553,2.522,2.5505
2017-05-17,2.549,2.5595,2.5265,2.5465
2017-05-18,2.545,2.545,2.4845,2.5315
2017-05-19,2.535,2.5905,2.5285,2.5815
2017-05-22,2.587,2.6045,2.566,2.5955
2017-05-23,2.6015,2.6015,2.5735,2.596
2017-05-24,2.6005,2.6005,2.5555,2.5835
2017-05-25,2.589,2.6195,2.5725,2.5975
2017-05-26,2.5945,2.6055,2.5535,2.566
2017-05-30,2.568,2.5945,2.539,2.564
2017-05-31,2.57,2.5875,2.554,2.58
2017-06-01,2.584,2.596,2.5615,2.5875
2017-06-02,2.5845,2.585,2.526,2.5745
2017-06-05,2.575,2.5755,2.5405,2.5575
2017-06-06,2.5585,2.5655,2.5155,2.547
2017-06-07,2.5475,2.5585,2.533,2.5515
2017-06-08,2.554,2.6175,2.543,2.6095
2017-06-09,2.6115,2.652,2.5975,2.6495
2017-06-12,2.6455,2.649,2.6095,2.6155
2017-06-13,2.6145,2.625,2.5805,2.5965
2017-06-14,2.599,2.605,2.5605,2.5735
2017-06-15,2.565,2.583,2.534,2.5655
2017-06-16,2.5675,2.5785,2.555,2.564
2017-06-19,2.568,2.598,2.5595,2.5895
2017-06-20,2.588,2.592,2.5455,2.5545
2017-06-21,2.555,2.609,2.5395,2.602
2017-06-22,2.596,2.615,2.571,2.599
2017-06-23,2.593,2.6515,2.591,2.624
2017-06-26,2.625,2.6465,2.602,2.6255
2017-06-27,2.6245,2.655,2.6135,2.647
2017-06-28,2.643,2.6625,2.6355,2.6605
2017-06-29,2.675,2.7155,2.6705,2.6955
2017-06-30,2.6965,2.7185,2.682,2.711
2017-07-03,2.711,2.7165,2.685,2.693
2017-07-05,2.6875,2.6915,2.6435,2.66
2017-07-06,2.6615,2.671,2.6515,2.6615
2017-07-07,2.662,2.6695,2.6405,2.647
2017-07-10,2.6525,2.6605,2.631,2.6475
2017-07-11,2.651,2.677,2.642,2.672
2017-07-12,2.675,2.6985,2.672,2.684
2017-07-13,2.685,2.6965,2.66,2.6615
2017-07-14,2.6655,2.696,2.663,2.691
2017-07-17,2.6915,2.7375,2.6835,2.724
2017-07-18,2.728,2.7335,2.712,2.7305
2017-07-19,2.729,2.7355,2.706,2.7105
2017-07-20,2.7075,2.723,2.6985,2.716
2017-07-21,2.7175,2.7505,2.712,2.7225
2017-07-24,2.7255,2.7445,2.717,2.7365
2017-07-25,2.7445,2.854,2.7345,2.8465
2017-07-26,2.8425,2.9055,2.832,2.872
2017-07-27,2.873,2.8975,2.862,2.8775
2017-07-28,2.8675,2.8835,2.841,2.875
2017-07-31,2.883,2.92,2.8775,2.8915
2017-08-01,2.8895,2.902,2.866,2.881
2017-08-02,2.8765,2.891,2.8615,2.8845
2017-08-03,2.885,2.895,2.86,2.878
2017-08-04,2.882,2.8985,2.8655,2.885
2017-08-07,2.8945,2.9265,2.872,2.907
2017-08-08,2.914,2.947,2.892,2.9425
2017-08-09,2.9445,2.955,2.916,2.927
2017-08-10,2.928,2.939,2.8935,2.903
2017-08-11,2.903,2.922,2.8715,2.912
2017-08-14,2.9125,2.9205,2.8875,2.9045
2017-08-15,2.9035,2.9135,2.8755,2.883
2017-08-16,2.8785,2.9795,2.876,2.9535
2017-08-17,2.964,2.9825,2.877,2.938
2017-08-18,2.912,2.9605,2.9095,2.9395
2017-08-21,2.942,3.0025,2.9305,2.9805
2017-08-22,2.979,3.0145,2.967,2.987
2017-08-23,2.99,2.992,2.9645,2.9805
2017-08-24,2.985,3.048,2.9805,3.034
2017-08-25,3.0365,3.056,3.0175,3.0335
2017-08-28,3.0345,3.087,3.0345,3.063
2017-08-29,3.0675,3.0985,3.054,3.081
2017-08-30,3.105,3.1175,3.084,3.087
2017-08-31,3.088,3.1355,3.087,3.0985
2017-09-01,3.102,3.1285,3.091,3.118
2017-09-05,3.1225,3.1785,3.113,3.128
2017-09-06,3.13,3.1605,3.125,3.1515
2017-09-07,3.1585,3.16,3.1115,3.1435
2017-09-08,3.148,3.1635,3.034,3.0415
2017-09-11,3.0425,3.083,3.0325,3.066
2017-09-12,3.071,3.075,3.019,3.036
2017-09-13,3.041,3.045,2.971,2.981
2017-09-14,2.9775,2.9895,2.9365,2.9575
2017-09-15,2.9625,2.9755,2.931,2.949
2017-09-18,2.944,2.9935,2.9425,2.969
2017-09-19,2.9705,2.9845,2.9585,2.9695
2017-09-20,2.977,2.993,2.9535,2.969
2017-09-21,2.959,2.963,2.92,2.9345
2017-09-22,2.9335,2.9565,2.894,2.9445
2017-09-25,2.943,2.9605,2.9245,2.9375
2017-09-26,2.939,2.9665,2.9075,2.919
2017-09-27,2.917,2.95,2.9125,2.9295
2017-09-28,2.9255,2.99,2.905,2.981
2017-09-29,2.9775,2.9925,2.9455,2.955
2017-10-02,2.9585,2.99,2.9375,2.9555
2017-10-03,2.945,2.972,2.926,2.9635
2017-10-04,2.9575,2.972,2.947,2.959
2017-10-05,2.9565,3.05,2.954,3.0465
2017-10-06,3.0405,3.056,3.018,3.029
2017-10-09,3.0185,3.0365,3.012,3.031
2017-10-10,3.0285,3.0705,3.0275,3.0605
2017-10-11,3.064,3.0995,3.0525,3.0955
2017-10-12,3.0935,3.136,3.0835,3.12
2017-10-13,3.122,3.1425,3.1125,3.1335
2017-10-16,3.1335,3.2595,3.112,3.239
2017-10-17,3.2425,3.243,3.1875,3.1955
2017-10-18,3.2,3.216,3.171,3.178
2017-10-19,3.1755,3.1865,3.138,3.1675
2017-10-20,3.172,3.2105,3.143,3.1655
2017-10-23,3.17,3.1895,3.152,3.188
2017-10-24,3.185,3.239,3.182,3.198
2017-10-25,3.1985,3.203,3.144,3.183
2017-10-26,3.1865,3.2,3.158,3.1775
2017-10-27,3.1785,3.1795,3.073,3.1035
2017-10-30,3.1045,3.118,3.087,3.112
2017-10-31,3.1075,3.137,3.0925,3.101
2017-11-01,3.1115,3.183,3.1075,3.1425
2017-11-02,3.137,3.171,3.1035,3.1435
2017-11-03,3.1375,3.155,3.105,3.1175
2017-11-06,3.113,3.173,3.1115,3.1575
2017-11-07,3.1565,3.166,3.083,3.089
2017-11-08,3.0875,3.1115,3.0665,3.0995
2017-11-09,3.098,3.1075,3.0585,3.086
2017-11-10,3.089,3.1095,3.067,3.076
2017-11-13,3.075,3.1365,3.068,3.1165
2017-11-14,3.124,3.1285,3.0485,3.065
2017-11-15,3.0525,3.0645,3.034,3.0545
2017-11-16,3.049,3.079,3.0345,3.048
2017-11-17,3.0485,3.0725,3.0315,3.067
2017-11-20,3.07,3.094,3.0495,3.093
2017-11-21,3.088,3.1325,3.0795,3.1285
2017-11-22,3.129,3.1445,3.1185,3.137
2017-11-24,3.136,3.176,3.1245,3.169
2017-11-27,3.172,3.176,3.1215,3.1345
2017-11-28,3.1315,3.1345,3.065,3.0715
2017-11-29,3.095,3.1125,3.0615,3.0685
2017-11-30,3.067,3.093,3.051,3.064
2017-12-01,3.07,3.1255,3.067,3.0925
2017-12-04,3.0965,3.118,3.084,3.09
2017-12-05,3.0875,3.1005,2.943,2.946
2017-12-06,2.95,2.9885,2.9475,2.9615
2017-12-07,2.964,2.996,2.9515,2.9645
2017-12-08,2.9635,2.9915,2.9595,2.9785
2017-12-11,2.9815,3.019,2.9635,3.0115
2017-12-12,3.0145,3.0285,3.0005,3.023
2017-12-13,3.0225,3.062,3.013,3.0535
2017-12-14,3.0565,3.09,3.032,3.0725
2017-12-15,3.0735,3.14,3.0635,3.1345
2017-12-18,3.1345,3.1475,3.111,3.146
2017-12-19,3.1445,3.158,3.1145,3.1515
2017-12-20,3.1465,3.212,3.139,3.196
2017-12-21,3.196,3.22,3.1825,3.2195
2017-12-22,3.2145,3.25,3.1955,3.2385
2017-12-26,3.2435,3.3,3.231,3.2805
2017-12-27,3.2755,3.2975,3.2485,3.284
2017-12-28,3.282,3.322,3.2695,3.3085
2017-12-29,3.3065,3.3145,3.26,3.3005
2018-01-02,3.2965,3.3095,3.2675,3.278
2018-01-03,3.2775,3.28,3.2365,3.2575
2018-01-04,3.257,3.298,3.245,3.263
2018-01-05,3.2585,3.276,3.2225,3.2295
2018-01-08,3.2335,3.2455,3.2205,3.224
2018-01-09,3.2305,3.259,3.2125,3.216
2018-01-10,3.2205,3.2745,3.2175,3.2355
2018-01-11,3.236,3.2565,3.2065,3.233
2018-01-12,3.2255,3.249,3.216,3.2185
2018-01-16,3.224,3.291,3.1835,3.2195
2018-01-17,3.219,3.221,3.1785,3.189
2018-01-18,3.192,3.216,3.184,3.199
2018-01-19,3.201,3.234,3.18,3.1875
2018-01-22,3.1865,3.2185,3.1795,3.1985
2018-01-23,3.1985,3.2125,3.108,3.111
2018-01-24,3.1185,3.2425,3.114,3.2285
2018-01-25,3.23,3.258,3.196,3.2165
2018-01-26,3.204,3.228,3.185,3.199
2018-01-29,3.2,3.2355,3.191,3.194
2018-01-30,3.1985,3.211,3.152,3.189
2018-01-31,3.191,3.233,3.177,3.1955
2018-02-01,3.198,3.2225,3.183,3.209
2018-02-02,3.2155,3.244,3.165,3.1875
2018-02-05,3.1755,3.2575,3.1705,3.221
2018-02-06,3.1915,3.2195,3.16,3.189
2018-02-07,3.213,3.2285,3.085,3.0875
2018-02-08,3.095,3.119,3.0615,3.082
2018-02-09,3.0765,3.084,3.026,3.0335
2018-02-12,3.05,3.097,3.0425,3.0865
2018-02-13,3.0865,3.169,3.0795,3.1625
2018-02-14,3.1635,3.2375,3.139,3.236
2018-02-15,3.237,3.249,3.2125,3.2455
2018-02-16,3.2455,3.272,3.2355,3.2485
2018-02-20,3.2395,3.246,3.1805,3.1905
2018-02-21,3.187,3.2295,3.164,3.216
2018-02-22,3.2005,3.2435,3.1535,3.2415
2018-02-23,3.234,3.2355,3.19,3.2125
2018-02-26,3.2085,3.234,3.188,3.1975
2018-02-27,3.2235,3.237,3.163,3.1865
2018-02-28,3.1835,3.186,3.1255,3.1325
2018-03-01,3.1285,3.1475,3.098,3.123
2018-03-02,3.1235,3.1455,3.1085,3.1245
2018-03-05,3.1325,3.1385,3.0955,3.128
2018-03-06,3.1285,3.178,3.1265,3.159
2018-03-07,3.155,3.1585,3.1175,3.136
2018-03-08,3.135,3.1395,3.0705,3.079
2018-03-09,3.078,3.147,3.0555,3.136
2018-03-12,3.147,3.1555,3.1095,3.124
2018-03-13,3.121,3.1445,3.1025,3.138
2018-03-14,3.134,3.192,3.1265,3.1585
2018-03-15,3.1495,3.166,3.1075,3.1275
2018-03-16,3.1265,3.1495,3.09,3.1075
2018-03-19,3.115,3.1155,3.058,3.082
2018-03-20,3.076,3.094,3.029,3.038
2018-03-21,3.0385,3.093,3.015,3.0585
2018-03-22,3.0785,3.089,3.003,3.02
2018-03-23,3.023,3.0305,2.9705,2.993
2018-03-26,2.9795,3.002,2.9375,2.97
2018-03-27,2.984,3.024,2.9775,3.0005
2018-03-28,2.983,3.01,2.9685,3.002
2018-03-29,3.001,3.049,2.9945,3.0255
2018-04-02,3.048,3.0725,3.037,3.05
2018-04-03,3.0445,3.0695,3.0385,3.0635
2018-04-04,3.067,3.0695,2.97,3.0105
2018-04-05,3.0285,3.088,3.0135,3.0745
2018-04-06,3.0685,3.0685,3.0245,3.0585
2018-04-09,3.0425,3.0855,3.0355,3.077
2018-04-10,3.076,3.141,3.068,3.137
2018-04-11,3.138,3.1475,3.1015,3.117
2018-04-12,3.1135,3.123,3.0405,3.0635
2018-04-13,3.062,3.0925,3.0525,3.071
2018-04-16,3.0645,3.117,3.044,3.0955
2018-04-17,3.0835,3.102,3.0545,3.0795
2018-04-18,3.085,3.1785,3.076,3.1585
2018-04-19,3.1615,3.1955,3.112,3.132
2018-04-20,3.126,3.147,3.1055,3.135
2018-04-23,3.131,3.1615,3.078,3.1105
2018-04-24,3.107,3.1675,3.1005,3.142
2018-04-25,3.131,3.154,3.1165,3.1345
2018-04-26,3.129,3.144,3.087,3.114
2018-04-27,3.14,3.146,3.052,3.0695
2018-04-30,3.072,3.089,3.0575,3.074
2018-05-01,3.0705,3.085,3.0195,3.0375
2018-05-02,3.051,3.088,3.0475,3.0685
2018-05-03,3.0635,3.1215,3.0565,3.0805
2018-05-04,3.0915,3.105,3.053,3.0855
2018-05-07,3.085,3.1045,3.0625,3.079
2018-05-08,3.0735,3.091,3.014,3.059
2018-05-09,3.0685,3.0695,3.04,3.0575
2018-05-10,3.061,3.118,3.052,3.11
2018-05-11,3.1095,3.1265,3.1015,3.1115
2018-05-14,3.111,3.131,3.0765,3.093
2018-05-15,3.088,3.103,3.0345,3.056
2018-05-16,3.0605,3.08,3.044,3.0705
2018-05-17,3.078,3.101,3.069,3.089
2018-05-18,3.0835,3.091,3.0555,3.0635
2018-05-21,3.065,3.1115,3.065,3.0985
2018-05-22,3.1005,3.1485,3.088,3.132
2018-05-23,3.122,3.132,3.0485,3.0705
2018-05-24,3.069,3.1025,3.066,3.096
2018-05-25,3.102,3.117,3.069,3.0775
2018-05-29,3.068,3.1135,3.046,3.0625
2018-05-30,3.055,3.0765,3.01,3.069
2018-05-31,3.0715,3.092,3.046,3.065
2018-06-01,3.063,3.1,3.056,3.0985
2018-06-04,3.098,3.142,3.09,3.1345
2018-06-05,3.138,3.25,3.1235,3.1985
2018-06-06,3.212,3.274,3.193,3.262
2018-06-07,3.2675,3.3155,3.2575,3.275
2018-06-08,3.265,3.305,3.247,3.3
2018-06-11,3.2995,3.3035,3.2445,3.257
2018-06-12,3.2525,3.2685,3.2335,3.2495
2018-06-13,3.2455,3.2715,3.224,3.254
2018-06-14,3.256,3.256,3.1865,3.222
2018-06-15,3.256,3.256,3.131,3.1445
2018-06-18,3.136,3.1515,3.0965,3.1065
2018-06-19,3.1265,3.1335,3.0365,3.047
2018-06-20,3.0345,3.0675,3.021,3.0405
2018-06-21,3.0375,3.0535,3.018,3.0215
2018-06-22,3.028,3.0465,3.0135,3.027
2018-06-25,3.0275,3.045,2.968,2.987
2018-06-26,2.984,2.9985,2.975,2.992
2018-06-27,2.9955,3.0045,2.9605,2.9845
2018-06-28,2.998,3.004,2.9515,2.9715
2018-06-29,2.97,2.997,2.958,2.966
2018-07-02,2.9695,2.973,2.921,2.944
2018-07-03,2.945,2.9665,2.908,2.917
2018-07-05,2.863,2.8775,2.8205,2.826
2018-07-06,2.8305,2.839,2.7825,2.824
2018-07-09,2.8235,2.877,2.815,2.85
2018-07-10,2.87,2.8805,2.8135,2.8395
2018-07-11,2.83,2.8305,2.717,2.7435
2018-07-12,2.7505,2.792,2.731,2.777
2018-07-13,2.776,2.7885,2.7495,2.7755
2018-07-16,2.776,2.798,2.7445,2.7645
2018-07-17,2.7655,2.7995,2.7415,2.747
2018-07-18,2.7445,2.771,2.7155,2.76
2018-07-19,2.7655,2.7785,2.6735,2.6955
2018-07-20,2.7175,2.761,2.6825,2.756
2018-07-23,2.7515,2.7765,2.734,2.7465
2018-07-24,2.742,2.835,2.7335,2.8105
2018-07-25,2.804,2.867,2.7935,2.8175
2018-07-26,2.8615,2.8645,2.8015,2.818
2018-07-27,2.8075,2.835,2.781,2.802
2018-07-30,2.8035,2.8095,2.7585,2.792
2018-07-31,2.795,2.8415,2.769,2.8315
2018-08-01,2.8255,2.8285,2.726,2.7475
2018-08-02,2.7475,2.7595,2.7075,2.7375
2018-08-03,2.7265,2.784,2.709,2.7635
2018-08-06,2.7555,2.7585,2.7065,2.7315
2018-08-07,2.7255,2.767,2.7225,2.752
2018-08-08,2.753,2.7735,2.736,2.751
2018-08-09,2.7555,2.818,2.7505,2.7655
2018-08-10,2.764,2.7745,2.731,2.7425
2018-08-13,2.7385,2.7565,2.713,2.731
2018-08-14,2.7325,2.74,2.677,2.682
2018-08-15,2.685,2.689,2.552,2.56
2018-08-16,2.583,2.643,2.564,2.6165
2018-08-17,2.606,2.669,2.5985,2.629
2018-08-20,2.655,2.6825,2.642,2.6685
2018-08-21,2.6645,2.7045,2.664,2.6955
2018-08-22,2.687,2.6935,2.653,2.6735
2018-08-23,2.6665,2.6685,2.613,2.6545
2018-08-24,2.645,2.7165,2.6415,2.7005
2018-08-27,2.694,2.7225,2.694,2.7085
2018-08-28,2.707,2.7455,2.6905,2.736
2018-08-29,2.722,2.7345,2.6955,2.71
2018-08-30,2.731,2.7405,2.684,2.7175
2018-08-31,2.6995,2.7125,2.662,2.671
2018-09-04,2.655,2.6645,2.58,2.602
2018-09-05,2.6025,2.6215,2.591,2.61
2018-09-06,2.62,2.672,2.6105,2.6365
2018-09-07,2.6355,2.6525,2.5935,2.6225
2018-09-10,2.6115,2.6365,2.6025,2.628
2018-09-11,2.624,2.6615,2.582,2.6215
2018-09-12,2.622,2.6885,2.6065,2.676
2018-09-13,2.685,2.7175,2.673,2.683
2018-09-14,2.6765,2.699,2.6075,2.646
2018-09-17,2.615,2.6575,2.606,2.651
2018-09-18,2.6505,2.74,2.588,2.7305
2018-09-19,2.736,2.7535,2.717,2.7295
2018-09-20,2.727,2.78,2.7065,2.74
2018-09-21,2.762,2.871,2.752,2.8575
2018-09-24,2.8415,2.867,2.8225,2.836
2018-09-25,2.824,2.848,2.789,2.8235
2018-09-26,2.823,2.842,2.8125,2.828
2018-09-27,2.816,2.828,2.7635,2.783
2018-09-28,2.774,2.813,2.763,2.805
2018-10-01,2.801,2.8225,2.7555,2.7875
2018-10-02,2.7845,2.8525,2.76,2.8065
2018-10-03,2.8,2.8395,2.7965,2.834
2018-10-04,2.823,2.8665,2.7715,2.7775
2018-10-05,2.7895,2.7945,2.7455,2.763
2018-10-08,2.7685,2.781,2.735,2.767
2018-10-09,2.7685,2.8185,2.7505,2.8065
2018-10-10,2.814,2.82,2.741,2.7805
2018-10-11,2.749,2.816,2.713,2.803
2018-10-12,2.7755,2.8325,2.7745,2.8005
2018-10-15,2.8085,2.839,2.772,2.7885
2018-10-16,2.7795,2.793,2.758,2.7795
2018-10-17,2.7815,2.8045,2.754,2.778
2018-10-18,2.775,2.782,2.726,2.7465
2018-10-19,2.7325,2.788,2.728,2.778
2018-10-22,2.777,2.8335,2.7725,2.7855
2018-10-23,2.778,2.785,2.739,2.758
2018-10-24,2.761,2.804,2.743,2.7575
2018-10-25,2.747,2.7735,2.7155,2.7545
2018-10-26,2.7525,2.754,2.7075,2.741
2018-10-29,2.747,2.78,2.69,2.7405
2018-10-30,2.7085,2.733,2.6615,2.664
2018-10-31,2.673,2.6805,2.646,2.659
2018-11-01,2.6545,2.7275,2.6425,2.7215
2018-11-02,2.7205,2.82,2.702,2.807
2018-11-05,2.82,2.8235,2.745,2.756
2018-11-06,2.7525,2.777,2.724,2.7325
2018-11-07,2.73,2.773,2.728,2.7545
2018-11-08,2.741,2.748,2.703,2.736
2018-11-09,2.7295,2.7315,2.677,2.6845
2018-11-12,2.681,2.7,2.6655,2.6765
2018-11-13,2.667,2.7485,2.6625,2.687
2018-11-14,2.6835,2.722,2.664,2.71
2018-11-15,2.711,2.766,2.703,2.7465
2018-11-16,2.744,2.8025,2.733,2.7985
2018-11-19,2.783,2.8095,2.76,2.799
2018-11-20,2.799,2.846,2.74,2.7665
2018-11-21,2.758,2.804,2.754,2.7945
2018-11-23,2.8,2.8025,2.751,2.7665
2018-11-26,2.759,2.7815,2.737,2.7555
2018-11-27,2.746,2.7515,2.7055,2.7075
2018-11-28,2.7165,2.8025,2.7145,2.7955
2018-11-29,2.809,2.8135,2.779,2.7895
2018-11-30,2.7895,2.801,2.7685,2.7875
2018-12-03,2.85,2.858,2.7875,2.8095
2018-12-04,2.795,2.823,2.75,2.759
2018-12-05,2.7595,2.7775,2.745,2.774
2018-12-06,2.771,2.771,2.708,2.743
2018-12-07,2.7505,2.775,2.742,2.7595
2018-12-10,2.7365,2.7545,2.715,2.72
2018-12-11,2.733,2.7805,2.726,2.767
2018-12-12,2.763,2.779,2.7555,2.77
2018-12-13,2.767,2.8035,2.763,2.767
2018-12-14,2.768,2.77,2.728,2.7625
2018-12-17,2.7535,2.7595,2.7195,2.7545
2018-12-18,2.743,2.7525,2.6515,2.6645
2018-12-19,2.6545,2.7195,2.654,2.716
2018-12-20,2.677,2.71,2.65,2.6965
2018-12-21,2.701,2.712,2.664,2.674
2018-12-24,2.6675,2.681,2.65,2.661
2018-12-26,2.671,2.728,2.642,2.7
2018-12-27,2.702,2.707,2.658,2.668
2018-12-28,2.6815,2.7255,2.671,2.6815
2018-12-31,2.678,2.7035,2.6245,2.631
2019-01-02,2.642,2.675,2.5945,2.623
2019-01-03,2.6015,2.6205,2.543,2.568
2019-01-04,2.576,2.655,2.567,2.6475
2019-01-07,2.65,2.6595,2.6315,2.637
2019-01-08,2.638,2.658,2.6235,2.656
2019-01-09,2.6515,2.6865,2.6485,2.657
2019-01-10,2.66,2.6705,2.629,2.6375
2019-01-11,2.635,2.667,2.6335,2.662
2019-01-14,2.6535,2.661,2.6165,2.635
2019-01-15,2.63,2.664,2.63,2.6345
2019-01-16,2.641,2.68,2.636,2.6735
2019-01-17,2.6715,2.712,2.6585,2.68
2019-01-18,2.697,2.727,2.6865,2.719
2019-01-22,2.715,2.7155,2.6505,2.6595
2019-01-23,2.663,2.6765,2.648,2.6545
2019-01-24,2.6535,2.664,2.6345,2.6445
2019-01-25,2.645,2.737,2.6445,2.729
2019-01-28,2.733,2.7335,2.676,2.68
2019-01-29,2.6805,2.7255,2.6785,2.725
2019-01-30,2.721,2.7865,2.7165,2.7675
2019-01-31,2.775,2.797,2.766,2.7845
2019-02-01,2.7825,2.7855,2.7535,2.773
2019-02-04,2.77,2.802,2.7505,2.7945
2019-02-05,2.8025,2.8245,2.797,2.817
2019-02-06,2.8175,2.848,2.813,2.8365
2019-02-07,2.826,2.8505,2.822,2.8285
2019-02-08,2.8335,2.838,2.806,2.8105
2019-02-11,2.8085,2.813,2.774,2.79
2019-02-12,2.7895,2.796,2.7575,2.772
2019-02-13,2.775,2.7875,2.766,2.773
2019-02-14,2.778,2.802,2.7535,2.774
2019-02-15,2.771,2.8215,2.7515,2.7985
2019-02-19,2.813,2.878,2.8035,2.8745
2019-02-20,2.874,2.9245,2.869,2.92
2019-02-21,2.915,2.919,2.889,2.897
2019-02-22,2.899,2.9545,2.894,2.9515
2019-02-25,2.9515,2.9765,2.9385,2.945
2019-02-26,2.948,2.958,2.9325,2.945
2019-02-27,2.9495,2.9725,2.9345,2.9625
2019-02-28,2.967,2.968,2.939,2.948
2019-03-01,2.9435,2.977,2.9225,2.932
2019-03-04,2.933,2.955,2.8965,2.909
2019-03-05,2.911,2.9515,2.9075,2.9335
2019-03-06,2.9345,2.9445,2.9155,2.9185
2019-03-07,2.9265,2.929,2.8945,2.9105
2019-03-08,2.9145,2.9185,2.8745,2.8935
2019-03-11,2.8915,2.9115,2.884,2.901
2019-03-12,2.9065,2.957,2.905,2.9285
2019-03-13,2.9295,2.9395,2.9135,2.9355
2019-03-14,2.9325,2.9345,2.882,2.8915
2019-03-15,2.889,2.9245,2.884,2.906
2019-03-18,2.9095,2.9325,2.899,2.909
2019-03-19,2.9125,2.944,2.908,2.923
2019-03-20,2.9195,2.942,2.9075,2.921
2019-03-21,2.9275,2.969,2.892,2.906
2019-03-22,2.9105,2.915,2.8395,2.8425
2019-03-25,2.843,2.8595,2.8345,2.8565
2019-03-26,2.8565,2.867,2.846,2.854
2019-03-27,2.863,2.8755,2.8435,2.863
2019-03-28,2.862,2.888,2.853,2.8725
2019-03-29,2.88,2.9445,2.878,2.936
2019-04-01,2.9415,2.9885,2.9155,2.9245
2019-04-02,2.929,2.935,2.897,2.9055
2019-04-03,2.9095,2.953,2.905,2.9485
2019-04-04,2.943,2.9525,2.9035,2.91
2019-04-05,2.916,2.9255,2.8865,2.8945
2019-04-08,2.901,2.942,2.8925,2.932
2019-04-09,2.934,2.962,2.927,2.934
2019-04-10,2.9325,2.9425,2.911,2.9255
2019-04-11,2.9235,2.926,2.8835,2.887
2019-04-12,2.8945,2.9565,2.893,2.946
2019-04-15,2.9455,2.9475,2.9165,2.935
2019-04-16,2.9345,2.948,2.9235,2.9305
2019-04-17,2.934,2.9955,2.928,2.9675
2019-04-18,2.961,2.964,2.903,2.92
2019-04-22,2.9275,2.9325,2.8925,2.9015
2019-04-23,2.9035,2.9135,2.8775,2.8935
2019-04-24,2.8955,2.915,2.8865,2.91
2019-04-25,2.9085,2.918,2.856,2.8615
2019-04-26,2.86,2.892,2.859,2.8865
2019-04-29,2.8935,2.907,2.873,2.897
2019-04-30,2.892,2.9235,2.88,2.904
2019-05-01,2.9075,2.9135,2.7865,2.8015
2019-05-02,2.793,2.8065,2.7715,2.7795
2019-05-03,2.782,2.833,2.775,2.819
2019-05-06,2.799,2.8485,2.7415,2.8295
2019-05-07,2.8275,2.841,2.7755,2.7855
2019-05-08,2.7875,2.81,2.76,2.7745
2019-05-09,2.7695,2.778,2.731,2.7715
2019-05-10,2.7675,2.797,2.756,2.7745
2019-05-13,2.768,2.7735,2.709,2.719
2019-05-14,2.72,2.738,2.714,2.725
2019-05-15,2.7225,2.7525,2.7155,2.743
2019-05-16,2.7465,2.7775,2.738,2.748
2019-05-17,2.748,2.753,2.721,2.7385
2019-05-20,2.746,2.7495,2.712,2.726
2019-05-21,2.7305,2.7425,2.7055,2.715
2019-05-22,2.7115,2.7155,2.67,2.678
2019-05-23,2.6725,2.689,2.6545,2.6805
2019-05-24,2.6815,2.7085,2.6805,2.6995
2019-05-28,2.701,2.718,2.6885,2.696
2019-05-29,2.696,2.698,2.6585,2.664
2019-05-30,2.667,2.675,2.6365,2.654
2019-05-31,2.6485,2.656,2.6295,2.64
2019-06-03,2.6305,2.6645,2.611,2.65
2019-06-04,2.6565,2.671,2.639,2.669
2019-06-05,2.6665,2.6745,2.6205,2.623
2019-06-06,2.626,2.6555,2.622,2.6505
2019-06-07,2.6465,2.661,2.5995,2.6275
2019-06-10,2.6305,2.6665,2.6255,2.6615
2019-06-11,2.6615,2.702,2.66,2.6715
2019-06-12,2.669,2.673,2.6375,2.654
2019-06-13,2.6505,2.662,2.632,2.6565
2019-06-14,2.6575,2.6655,2.6275,2.6295
2019-06-17,2.6345,2.656,2.6155,2.6465
2019-06-18,2.65,2.7125,2.6435,2.703
2019-06-19,2.706,2.709,2.6735,2.6805
2019-06-20,2.6975,2.7375,2.694,2.712
2019-06-21,2.7105,2.7235,2.686,2.7045
2019-06-24,2.7065,2.7125,2.68,2.7055
2019-06-25,2.709,2.7475,2.699,2.7355
2019-06-26,2.7275,2.7515,2.6995,2.7135
2019-06-27,2.7135,2.728,2.7,2.7165
2019-06-28,2.721,2.728,2.7025,2.7135
2019-07-01,2.75,2.757,2.677,2.688
2019-07-02,2.688,2.6965,2.6555,2.664
2019-07-03,2.665,2.686,2.6365,2.683
2019-07-05,2.6845,2.6875,2.6445,2.661
2019-07-08,2.6695,2.689,2.6545,2.659
2019-07-09,2.6575,2.659,2.612,2.625
2019-07-10,2.628,2.6995,2.625,2.694
2019-07-11,2.689,2.698,2.6785,2.6875
2019-07-12,2.688,2.7145,2.6725,2.694
2019-07-15,2.6975,2.728,2.6855,2.711
2019-07-16,2.715,2.7355,2.694,2.7
2019-07-17,2.695,2.717,2.682,2.716
2019-07-18,2.701,2.7205,2.6925,2.71
2019-07-19,2.7195,2.803,2.715,2.7525
2019-07-22,2.753,2.7595,2.718,2.722
2019-07-23,2.716,2.73,2.6875,2.7
2019-07-24,2.706,2.7205,2.698,2.712
2019-07-25,2.7115,2.7385,2.7,2.7035
2019-07-26,2.7065,2.712,2.684,2.685
2019-07-29,2.6905,2.721,2.6815,2.7175
2019-07-30,2.7185,2.7265,2.675,2.6785
2019-07-31,2.6775,2.691,2.6575,2.666
2019-08-01,2.6595,2.668,2.619,2.6655
2019-08-02,2.6195,2.6275,2.56,2.5715
2019-08-05,2.5605,2.578,2.5315,2.544
2019-08-06,2.544,2.569,2.535,2.5575
2019-08-07,2.567,2.592,2.5425,2.571
2019-08-08,2.5845,2.615,2.5715,2.6075
2019-08-09,2.597,2.6175,2.582,2.589
2019-08-12,2.5975,2.612,2.568,2.585
2019-08-13,2.582,2.6415,2.567,2.63
2019-08-14,2.6305,2.635,2.5785,2.592
2019-08-15,2.592,2.606,2.5745,2.595
2019-08-16,2.5935,2.6065,2.585,2.595
2019-08-19,2.598,2.626,2.589,2.6015
2019-08-20,2.599,2.6035,2.57,2.578
2019-08-21,2.576,2.591,2.5735,2.5855
2019-08-22,2.58,2.5835,2.5475,2.5575
2019-08-23,2.5585,2.5755,2.5235,2.53
2019-08-26,2.516,2.549,2.491,2.5435
2019-08-27,2.5365,2.571,2.529,2.5475
2019-08-28,2.5495,2.566,2.537,2.554
2019-08-29,2.569,2.597,2.553,2.5775
2019-08-30,2.575,2.5835,2.546,2.5515
2019-09-03,2.555,2.568,2.482,2.528
2019-09-04,2.529,2.5975,2.5275,2.595
2019-09-05,2.5905,2.649,2.5875,2.642
2019-09-06,2.6315,2.649,2.62,2.634
2019-09-09,2.6315,2.633,2.6135,2.6275
2019-09-10,2.6275,2.643,2.6025,2.628
2019-09-11,2.623,2.638,2.6005,2.6145
2019-09-12,2.618,2.668,2.59,2.6405
2019-09-13,2.6425,2.7045,2.6405,2.6995
2019-09-16,2.6915,2.7065,2.638,2.6405
2019-09-17,2.6425,2.6475,2.606,2.627
2019-09-18,2.625,2.638,2.5975,2.613
2019-09-19,2.613,2.624,2.6035,2.6085
2019-09-20,2.6075,2.634,2.586,2.6065
2019-09-23,2.594,2.6195,2.5725,2.6115
2019-09-24,2.6185,2.6235,2.596,2.6065
2019-09-25,2.604,2.615,2.587,2.612
2019-09-26,2.6115,2.6185,2.5735,2.5775
2019-09-27,2.577,2.613,2.5705,2.5975
2019-09-30,2.598,2.6185,2.5725,2.5785
2019-10-01,2.574,2.577,2.515,2.5605
2019-10-02,2.565,2.5855,2.5475,2.5705
2019-10-03,2.566,2.582,2.5385,2.5535
2019-10-04,2.5535,2.566,2.53,2.5625
2019-10-07,2.557,2.5895,2.5525,2.577
2019-10-08,2.573,2.6015,2.5615,2.5685
2019-10-09,2.567,2.5795,2.5605,2.568
2019-10-10,2.569,2.62,2.5475,2.6135
2019-10-11,2.611,2.6385,2.606,2.628
2019-10-14,2.6275,2.6345,2.594,2.634
2019-10-15,2.632,2.6415,2.606,2.614
2019-10-16,2.6125,2.613,2.573,2.5895
2019-10-17,2.587,2.6175,2.577,2.5975
2019-10-18,2.6,2.646,2.585,2.636
2019-10-21,2.6395,2.66,2.6305,2.6465
2019-10-22,2.645,2.6505,2.6295,2.633
2019-10-23,2.6355,2.6745,2.6145,2.6715
2019-10-24,2.669,2.6795,2.659,2.668
2019-10-25,2.6665,2.6905,2.659,2.6755
2019-10-28,2.685,2.689,2.6735,2.683
2019-10-29,2.682,2.697,2.6725,2.6915
2019-10-30,2.692,2.6955,2.6605,2.686
2019-10-31,2.681,2.6875,2.628,2.638
2019-11-01,2.637,2.664,2.6315,2.653
2019-11-04,2.6625,2.677,2.6535,2.671
2019-11-05,2.6655,2.7155,2.663,2.7005
2019-11-06,2.6995,2.7015,2.6605,2.665
2019-11-07,2.6705,2.73,2.6655,2.7275
2019-11-08,2.712,2.7215,2.6765,2.682
2019-11-11,2.683,2.69,2.656,2.664
2019-11-12,2.663,2.6835,2.642,2.6455
2019-11-13,2.6465,2.6515,2.633,2.6395
2019-11-14,2.6375,2.658,2.613,2.6215
2019-11-15,2.625,2.643,2.6225,2.638
2019-11-18,2.637,2.6485,2.614,2.62
2019-11-19,2.6195,2.6625,2.6165,2.6565
2019-11-20,2.654,2.666,2.641,2.6495
2019-11-21,2.648,2.651,2.621,2.6235
2019-11-22,2.6255,2.6525,2.6155,2.648
2019-11-25,2.6455,2.67,2.6365,2.6475
2019-11-26,2.645,2.679,2.6355,2.6775
2019-11-27,2.696,2.71,2.6845,2.696
2019-11-29,2.699,2.7005,2.6535,2.6615
2019-12-02,2.662,2.679,2.647,2.6505
2019-12-03,2.651,2.655,2.6205,2.623
2019-12-04,2.6265,2.6665,2.6205,2.659
2019-12-05,2.662,2.6765,2.6535,2.663
2019-12-06,2.666,2.7535,2.6645,2.725
2019-12-09,2.7455,2.762,2.72,2.7585
2019-12-10,2.7535,2.77,2.7485,2.7655
2019-12-11,2.766,2.798,2.7575,2.7895
2019-12-12,2.7945,2.8145,2.7635,2.7965
2019-12-13,2.8135,2.831,2.7655,2.781
2019-12-16,2.7865,2.8185,2.7815,2.8115
2019-12-17,2.8095,2.8265,2.801,2.8135
2019-12-18,2.81,2.8145,2.7875,2.8125
2019-12-19,2.8115,2.8275,2.8005,2.8265
2019-12-20,2.8255,2.834,2.7985,2.806
2019-12-23,2.807,2.8135,2.794,2.8085
2019-12-24,2.8095,2.8325,2.8035,2.8275
2019-12-26,2.8375,2.8565,2.8255,2.849
2019-12-27,2.851,2.851,2.8145,2.8295
2019-12-30,2.8255,2.838,2.819,2.8335
2019-12-31,2.8205,2.822,2.796,2.797
2020-01-02,2.8035,2.8295,2.794,2.825
2020-01-03,2.825,2.8255,2.7595,2.787
2020-01-06,2.765,2.7955,2.7645,2.79
2020-01-07,2.789,2.804,2.78,2.7935
2020-01-08,2.7955,2.814,2.763,2.812
2020-01-09,2.808,2.819,2.7955,2.802
2020-01-10,2.8,2.836,2.7955,2.8135
2020-01-13,2.8055,2.864,2.8055,2.861
2020-01-14,2.856,2.8745,2.8495,2.8735
2020-01-15,2.87,2.8705,2.8365,2.866
2020-01-16,2.8625,2.886,2.8415,2.847
2020-01-17,2.852,2.8755,2.8415,2.8455
2020-01-21,2.847,2.861,2.79,2.7935
2020-01-22,2.788,2.805,2.7635,2.765
2020-01-23,2.768,2.7725,2.711,2.726
2020-01-24,2.731,2.736,2.6775,2.684
2020-01-27,2.6675,2.673,2.5915,2.5965
2020-01-28,2.5935,2.6085,2.5775,2.5795
2020-01-29,2.588,2.6065,2.553,2.554
2020-01-30,2.562,2.5665,2.516,2.524
2020-01-31,2.5455,2.5635,2.5035,2.517
2020-02-03,2.49,2.5635,2.4875,2.507
2020-02-04,2.5055,2.5725,2.5015,2.542
2020-02-05,2.547,2.6055,2.5425,2.5745
2020-02-06,2.5825,2.6225,2.5765,2.593
2020-02-07,2.594,2.599,2.5455,2.553
2020-02-10,2.55,2.576,2.54,2.5505
2020-02-11,2.556,2.6075,2.5555,2.583
2020-02-12,2.582,2.61,2.58,2.6
2020-02-13,2.602,2.6275,2.5815,2.613
2020-02-14,2.615,2.6175,2.5925,2.5995
2020-02-18,2.604,2.6325,2.594,2.604
2020-02-19,2.6055,2.627,2.5775,2.606
2020-02-20,2.606,2.6235,2.5775,2.588
2020-02-21,2.5895,2.6175,2.5605,2.608
2020-02-24,2.5915,2.592,2.5585,2.577
2020-02-25,2.5705,2.5915,2.558,2.578
2020-02-26,2.564,2.5785,2.543,2.5725
2020-02-27,2.5665,2.582,2.5255,2.5715
2020-02-28,2.5565,2.5775,2.506,2.54
2020-03-02,2.522,2.613,2.501,2.595
2020-03-03,2.6165,2.625,2.5465,2.573
2020-03-04,2.587,2.6,2.57,2.586
2020-03-05,2.5825,2.6,2.561,2.573
2020-03-06,2.57,2.577,2.532,2.5605
2020-03-09,2.535,2.535,2.4565,2.5105
2020-03-10,2.487,2.5655,2.482,2.5215
2020-03-11,2.541,2.542,2.4725,2.502
2020-03-12,2.4775,2.4845,2.428,2.4725
2020-03-13,2.443,2.532,2.4015,2.464
2020-03-16,2.51,2.5155,2.335,2.3925
2020-03-17,2.386,2.4255,2.302,2.3135
2020-03-18,2.317,2.3415,2.111,2.151
2020-03-19,2.1625,2.199,1.9725,2.1855
2020-03-20,2.1485,2.2365,2.093,2.1715
2020-03-23,2.1465,2.1465,2.0205,2.1005
2020-03-24,2.087,2.2395,2.0845,2.18
2020-03-25,2.1995,2.227,2.1495,2.204
2020-03-26,2.204,2.2155,2.159,2.178
2020-03-27,2.1845,2.2035,2.158,2.172
2020-03-30,2.1465,2.175,2.1355,2.1555
2020-03-31,2.1655,2.248,2.1655,2.228
2020-04-01,2.216,2.222,2.1545,2.1745
2020-04-02,2.172,2.236,2.1505,2.2185
2020-04-03,2.2205,2.2315,2.1705,2.1925
2020-04-06,2.1885,2.229,2.182,2.2175
2020-04-07,2.22,2.3175,2.2185,2.2725
2020-04-08,2.249,2.2875,2.2425,2.26
2020-04-09,2.2715,2.2885,2.2465,2.2595
2020-04-13,2.3005,2.3525,2.2635,2.3025
2020-04-14,2.3155,2.3355,2.308,2.3295
2020-04-15,2.33,2.33,2.277,2.296
2020-04-16,2.298,2.319,2.2865,2.291
2020-04-17,2.3125,2.358,2.3115,2.3445
2020-04-20,2.346,2.355,2.294,2.32
2020-04-21,2.306,2.3135,2.1495,2.2295
2020-04-22,2.251,2.2935,2.2105,2.29
2020-04-23,2.2845,2.3395,2.272,2.312
2020-04-24,2.308,2.363,2.2885,2.337
2020-04-27,2.355,2.3855,2.3165,2.35
2020-04-28,2.3485,2.3745,2.329,2.3455
2020-04-29,2.3425,2.386,2.337,2.3705
2020-04-30,2.377,2.395,2.335,2.344
2020-05-01,2.34,2.342,2.286,2.312
2020-05-04,2.305,2.322,2.284,2.3125
2020-05-05,2.321,2.34,2.307,2.3325
2020-05-06,2.3325,2.3655,2.3185,2.347
2020-05-07,2.342,2.391,2.334,2.3805
2020-05-08,2.379,2.43,2.378,2.406
2020-05-11,2.4095,2.43,2.367,2.38
2020-05-12,2.384,2.3865,2.3305,2.359
2020-05-13,2.3355,2.375,2.3325,2.346
2020-05-14,2.353,2.365,2.314,2.346
2020-05-15,2.362,2.3755,2.3285,2.3305
2020-05-18,2.3375,2.4285,2.334,2.404
2020-05-19,2.4245,2.4385,2.4035,2.418
2020-05-20,2.41,2.465,2.401,2.46
2020-05-21,2.4605,2.468,2.422,2.432
2020-05-22,2.4275,2.431,2.3715,2.3865
2020-05-26,2.3905,2.439,2.386,2.4185
2020-05-27,2.411,2.422,2.3585,2.382
2020-05-28,2.3875,2.4245,2.3835,2.4135
2020-05-29,2.405,2.4585,2.3915,2.4255
2020-06-01,2.43,2.4775,2.4235,2.4705
2020-06-02,2.468,2.4975,2.459,2.491
2020-06-03,2.4935,2.505,2.475,2.4875
2020-06-04,2.4835,2.503,2.455,2.4895
2020-06-05,2.486,2.5715,2.481,2.5555
2020-06-08,2.543,2.5865,2.5305,2.5655
2020-06-09,2.5795,2.606,2.5555,2.599
2020-06-10,2.6005,2.7,2.597,2.6565
2020-06-11,2.68,2.6805,2.5575,2.5865
2020-06-12,2.577,2.623,2.5585,2.6
2020-06-15,2.591,2.6015,2.5375,2.567
2020-06-16,2.58,2.615,2.531,2.5645
2020-06-17,2.5635,2.5995,2.5515,2.5895
2020-06-18,2.588,2.626,2.572,2.588
2020-06-19,2.5935,2.65,2.588,2.611
2020-06-22,2.6015,2.6615,2.595,2.6525
2020-06-23,2.658,2.6745,2.6195,2.6585
2020-06-24,2.652,2.6845,2.6265,2.6505
2020-06-25,2.645,2.669,2.6285,2.663
2020-06-26,2.6655,2.699,2.6505,2.659
2020-06-29,2.67,2.7055,2.668,2.6925
2020-06-30,2.698,2.737,2.6955,2.7285
2020-07-01,2.7305,2.7585,2.7065,2.734
2020-07-02,2.759,2.769,2.7305,2.7485
2020-07-06,2.749,2.7925,2.7035,2.7745
2020-07-07,2.79,2.799,2.746,2.797
2020-07-08,2.785,2.8255,2.785,2.824
2020-07-09,2.8285,2.8755,2.8235,2.8385
2020-07-10,2.8425,2.917,2.8225,2.8975
2020-07-13,2.9195,2.993,2.8955,2.955
2020-07-14,2.916,2.946,2.898,2.9325
2020-07-15,2.939,2.976,2.873,2.885
2020-07-16,2.894,2.906,2.845,2.9015
2020-07-17,2.898,2.9175,2.88,2.9045
2020-07-20,2.9065,2.944,2.8815,2.9155
2020-07-21,2.921,2.975,2.9195,2.958
2020-07-22,2.9635,2.982,2.8915,2.9245
2020-07-23,2.9265,2.954,2.899,2.9385
2020-07-24,2.9215,2.9305,2.8665,2.8925
2020-07-27,2.8925,2.92,2.882,2.8975
2020-07-28,2.909,2.94,2.879,2.9175
2020-07-29,2.9145,2.9435,2.895,2.919
2020-07-30,2.934,2.936,2.8765,2.914
2020-07-31,2.9205,2.9315,2.8465,2.868
2020-08-03,2.8665,2.925,2.831,2.912
2020-08-04,2.9145,2.9185,2.875,2.8945
2020-08-05,2.906,2.9395,2.8875,2.917
2020-08-06,2.9165,2.927,2.886,2.9105
2020-08-07,2.918,2.9185,2.783,2.7925
2020-08-10,2.786,2.885,2.782,2.8615
2020-08-11,2.864,2.8795,2.839,2.8755
2020-08-12,2.8495,2.9025,2.8075,2.891
2020-08-13,2.8815,2.8925,2.769,2.807
2020-08-14,2.7965,2.8645,2.791,2.859
2020-08-17,2.8605,2.917,2.8445,2.9015
2020-08-18,2.906,2.9815,2.886,2.975
2020-08-19,2.9745,3.0295,2.967,3.023
2020-08-20,3.001,3.001,2.952,2.9745
2020-08-21,2.9895,3.0045,2.9065,2.9175
2020-08-24,2.9195,2.9635,2.9135,2.9265
2020-08-25,2.924,2.943,2.9115,2.934
2020-08-26,2.942,2.978,2.9325,2.9615
2020-08-27,2.978,2.99,2.934,2.9675
2020-08-28,3,3.0405,2.996,3.0195
2020-08-31,3.028,3.0675,3.028,3.0615
2020-09-01,3.0505,3.0945,3.014,3.0285
2020-09-02,3.024,3.0395,2.999,3.0205
2020-09-03,3.031,3.042,2.9535,2.975
2020-09-04,2.9785,3.0835,2.9645,3.062
2020-09-08,3.0755,3.0885,2.998,3.025
2020-09-09,3.0175,3.0605,3.003,3.0515
2020-09-10,3.055,3.059,2.9555,2.9985
2020-09-11,2.975,3.0525,2.972,3.0395
2020-09-14,3.047,3.076,3.025,3.068
2020-09-15,3.066,3.091,3.0455,3.063
2020-09-16,3.057,3.083,3.044,3.061
2020-09-17,3.0695,3.086,3.0125,3.071
2020-09-18,3.0805,3.1175,3.064,3.116
2020-09-21,3.104,3.121,3.0135,3.032
2020-09-22,3.0375,3.0875,3.033,3.061
2020-09-23,3.07,3.0725,2.945,2.993
2020-09-24,2.957,2.9795,2.9135,2.968
2020-09-25,2.965,2.995,2.944,2.971
2020-09-28,2.9835,3.0115,2.9645,2.99
2020-09-29,3,3.006,2.955,2.99
2020-09-30,2.9955,3.0415,2.9755,3.0325
2020-10-01,3.016,3.0465,2.854,2.8655
2020-10-02,2.8775,2.9865,2.8345,2.9775
2020-10-05,2.98,2.9845,2.932,2.963
2020-10-06,2.9635,2.9765,2.9205,2.9635
2020-10-07,2.927,3.055,2.9225,3.033
2020-10-08,3.0315,3.0475,3.0115,3.042
2020-10-09,3.042,3.098,3.039,3.0825
2020-10-12,3.0795,3.093,3.052,3.064
2020-10-13,3.0635,3.067,3.0265,3.0445
2020-10-14,3.0415,3.0685,3.038,3.0505
2020-10-15,3.0505,3.0935,3.0245,3.0855
2020-10-16,3.0875,3.096,3.0555,3.0675
2020-10-19,3.0605,3.108,3.057,3.086
2020-10-20,3.0835,3.1705,3.073,3.148
2020-10-21,3.1415,3.218,3.1405,3.1985
2020-10-22,3.1955,3.196,3.1425,3.1535
2020-10-23,3.164,3.1645,3.1245,3.129
2020-10-26,3.1415,3.143,3.077,3.0895
2020-10-27,3.0915,3.1125,3.08,3.0935
2020-10-28,3.088,3.1065,3.042,3.064
2020-10-29,3.069,3.094,3.0435,3.0565
2020-10-30,3.058,3.08,3.037,3.0475
2020-11-02,3.043,3.0965,3.028,3.077
2020-11-03,3.086,3.123,3.0795,3.0925
2020-11-04,3.0995,3.121,3.0285,3.107
2020-11-05,3.11,3.1365,3.08,3.11
2020-11-06,3.115,3.174,3.1015,3.154
2020-11-09,3.1625,3.208,3.1315,3.156
2020-11-10,3.1355,3.1625,3.0965,3.1555
2020-11-11,3.154,3.1755,3.1075,3.134
2020-11-12,3.132,3.164,3.121,3.145
2020-11-13,3.135,3.189,3.1275,3.178
2020-11-16,3.179,3.2625,3.179,3.222
2020-11-17,3.2265,3.2395,3.1765,3.198
2020-11-18,3.2065,3.242,3.188,3.198
2020-11-19,3.1945,3.2175,3.169,3.202
2020-11-20,3.212,3.3015,3.2035,3.291
2020-11-23,3.29,3.296,3.235,3.258
2020-11-24,3.2625,3.316,3.261,3.2995
2020-11-25,3.3005,3.3305,3.28,3.3095
2020-11-27,3.336,3.425,3.33,3.4175
2020-11-30,3.418,3.505,3.417,3.438
2020-12-01,3.4495,3.5215,3.447,3.485
2020-12-02,3.502,3.512,3.439,3.489
2020-12-03,3.4935,3.523,3.4695,3.4905
2020-12-04,3.484,3.536,3.4805,3.5245
2020-12-07,3.5275,3.546,3.4785,3.5165
2020-12-08,3.5075,3.5085,3.467,3.499
2020-12-09,3.504,3.535,3.485,3.5135
2020-12-10,3.498,3.5935,3.45,3.576
2020-12-11,3.583,3.6245,3.4965,3.528
2020-12-14,3.5405,3.556,3.508,3.5265
2020-12-15,3.522,3.556,3.5,3.5445
2020-12-16,3.5445,3.58,3.536,3.559
2020-12-17,3.5645,3.614,3.5615,3.6015
2020-12-18,3.611,3.6455,3.59,3.6325
2020-12-21,3.6405,3.6445,3.5465,3.5775
2020-12-22,3.5805,3.5925,3.505,3.52
2020-12-23,3.5105,3.5635,3.478,3.556
2020-12-24,3.546,3.5735,3.531,3.5625
2020-12-28,3.569,3.618,3.5565,3.571
2020-12-29,3.5725,3.5915,3.544,3.5555
2020-12-30,3.5525,3.583,3.5405,3.549
2020-12-31,3.5445,3.5595,3.5055,3.519
2021-01-04,3.527,3.607,3.522,3.5545
2021-01-05,3.556,3.663,3.556,3.6395
2021-01-06,3.6465,3.7075,3.6245,3.6505
2021-01-07,3.6615,3.7115,3.6405,3.696
2021-01-08,3.706,3.734,3.629,3.6735
2021-01-11,3.6925,3.6925,3.5515,3.5645
2021-01-12,3.558,3.6485,3.557,3.6055
2021-01-13,3.646,3.6495,3.605,3.617
2021-01-14,3.6105,3.675,3.6015,3.6645
2021-01-15,3.6735,3.684,3.5865,3.602
2021-01-19,3.593,3.6535,3.5585,3.6335
2021-01-20,3.627,3.664,3.616,3.6415
2021-01-21,3.644,3.6735,3.6335,3.6475
2021-01-22,3.647,3.652,3.5635,3.626
2021-01-25,3.6215,3.6405,3.592,3.6295
2021-01-26,3.6295,3.6415,3.581,3.6195
2021-01-27,3.617,3.628,3.5205,3.5575
2021-01-28,3.547,3.5985,3.491,3.578
2021-01-29,3.5745,3.6125,3.532,3.556
2021-02-01,3.5555,3.585,3.5235,3.546
2021-02-02,3.551,3.569,3.5,3.5245
2021-02-03,3.5275,3.573,3.5035,3.5655
2021-02-04,3.562,3.583,3.537,3.553
2021-02-05,3.552,3.64,3.5515,3.626
2021-02-08,3.639,3.68,3.6225,3.666
2021-02-09,3.6785,3.7255,3.667,3.72
2021-02-10,3.717,3.7955,3.714,3.7725
2021-02-11,3.774,3.792,3.75,3.7715
2021-02-12,3.7805,3.805,3.721,3.788
2021-02-16,3.803,3.845,3.795,3.834
2021-02-17,3.8355,3.8405,3.794,3.8205
2021-02-18,3.821,3.931,3.819,3.901
2021-02-19,3.902,4.091,3.8865,4.074
2021-02-22,4.0715,4.216,4.0665,4.141
2021-02-23,4.1505,4.2245,4.0875,4.1785
2021-02-24,4.2145,4.3195,4.1395,4.2945
2021-02-25,4.3215,4.3755,4.191,4.2635
2021-02-26,4.2055,4.2555,4.0765,4.0925
2021-03-01,4.106,4.181,4.089,4.113
2021-03-02,4.1005,4.2275,4.0415,4.222
2021-03-03,4.208,4.2215,4.102,4.142
2021-03-04,4.1065,4.1505,3.849,3.9785
2021-03-05,3.9535,4.1105,3.9015,4.0755
2021-03-08,4.117,4.1705,3.9965,4.093
2021-03-09,4.0795,4.121,3.972,4.0085
2021-03-10,4.0135,4.0625,3.9815,4.0325
2021-03-11,4.0355,4.15,4.0095,4.139
2021-03-12,4.144,4.158,4.0665,4.14
2021-03-15,4.16,4.19,4.1105,4.1405
2021-03-16,4.1415,4.1495,4.0405,4.0715
2021-03-17,4.0625,4.1615,4.046,4.119
2021-03-18,4.144,4.157,4.048,4.108
2021-03-19,4.063,4.1215,4.0105,4.113
2021-03-22,4.1075,4.148,4.076,4.1395
2021-03-23,4.1445,4.165,4.016,4.0795
2021-03-24,4.0265,4.105,4.017,4.064
2021-03-25,4.026,4.046,3.942,3.978
2021-03-26,3.997,4.083,3.994,4.068
2021-03-29,4.08,4.0825,4.008,4.0345
2021-03-30,4.0365,4.0505,3.964,3.9785
2021-03-31,3.9785,4.0175,3.9545,3.9955
2021-04-01,3.984,4.019,3.9435,3.9905
2021-04-05,4.028,4.16,4.024,4.1375
2021-04-06,4.14,4.152,4.0715,4.1165
2021-04-07,4.1065,4.118,4.0355,4.0545
2021-04-08,4.063,4.0975,4.045,4.0945
2021-04-09,4.093,4.1075,4.036,4.04
2021-04-12,4.046,4.059,3.988,4.0185
2021-04-13,4.013,4.059,3.9985,4.0315
2021-04-14,4.039,4.133,4.0295,4.1285
2021-04-15,4.105,4.236,4.105,4.2185
2021-04-16,4.2255,4.244,4.1605,4.168
2021-04-19,4.166,4.277,4.152,4.238
2021-04-20,4.238,4.2965,4.2015,4.213
2021-04-21,4.2085,4.296,4.205,4.279
2021-04-22,4.286,4.292,4.2465,4.273
2021-04-23,4.2645,4.344,4.26,4.336
2021-04-26,4.338,4.4515,4.3295,4.441
2021-04-27,4.447,4.517,4.439,4.488
2021-04-28,4.482,4.5175,4.417,4.498
2021-04-29,4.5,4.551,4.4645,4.4865
2021-04-30,4.483,4.5305,4.446,4.468
2021-05-03,4.462,4.5355,4.435,4.5285
2021-05-04,4.5285,4.5625,4.49,4.5215
2021-05-05,4.556,4.5725,4.5035,4.524
2021-05-06,4.519,4.6125,4.5005,4.6025
2021-05-07,4.609,4.751,4.5975,4.7485
2021-05-10,4.78,4.888,4.6875,4.716
2021-05-11,4.665,4.8035,4.6625,4.762
2021-05-12,4.8,4.8245,4.706,4.736
2021-05-13,4.719,4.7675,4.6435,4.6905
2021-05-14,4.686,4.712,4.606,4.6545
2021-05-17,4.6675,4.722,4.6405,4.7115
2021-05-18,4.7155,4.782,4.704,4.7255
2021-05-19,4.7065,4.728,4.5285,4.5765
2021-05-20,4.572,4.625,4.523,4.568
2021-05-21,4.535,4.5625,4.469,4.481
2021-05-24,4.502,4.5415,4.444,4.5255
2021-05-25,4.5315,4.5815,4.491,4.5065
2021-05-26,4.5105,4.547,4.4945,4.5295
2021-05-27,4.525,4.677,4.5015,4.663
2021-05-28,4.666,4.695,4.5925,4.6775
2021-06-01,4.6755,4.707,4.6375,4.6535
2021-06-02,4.653,4.6675,4.579,4.5915
2021-06-03,4.604,4.6205,4.4295,4.463
2021-06-04,4.4675,4.5395,4.437,4.529
2021-06-07,4.523,4.539,4.4685,4.5265
2021-06-08,4.52,4.56,4.4605,4.556
2021-06-09,4.542,4.559,4.485,4.531
2021-06-10,4.5185,4.5345,4.4415,4.485
2021-06-11,4.493,4.595,4.4775,4.5375
2021-06-14,4.5425,4.5815,4.501,4.527
2021-06-15,4.525,4.5365,4.3155,4.333
2021-06-16,4.3355,4.399,4.266,4.385
2021-06-17,4.273,4.3395,4.1545,4.178
2021-06-18,4.1725,4.2185,4.12,4.157
2021-06-21,4.125,4.191,4.088,4.184
2021-06-22,4.1775,4.259,4.165,4.23
2021-06-23,4.2305,4.3425,4.2275,4.3305
2021-06-24,4.317,4.328,4.264,4.311
2021-06-25,4.3105,4.338,4.2675,4.292
2021-06-28,4.279,4.307,4.252,4.278
2021-06-29,4.278,4.281,4.203,4.2645
2021-06-30,4.2575,4.335,4.2515,4.289
2021-07-01,4.289,4.3145,4.2265,4.236
2021-07-02,4.2425,4.2945,4.2275,4.276
2021-07-06,4.281,4.4025,4.234,4.251
2021-07-07,4.2505,4.362,4.2475,4.3225
2021-07-08,4.308,4.324,4.2325,4.2645
2021-07-09,4.27,4.369,4.2535,4.3455
2021-07-12,4.3465,4.364,4.2805,4.316
2021-07-13,4.329,4.3425,4.255,4.307
2021-07-14,4.2925,4.307,4.2575,4.2675
2021-07-15,4.266,4.3465,4.2515,4.323
2021-07-16,4.3115,4.3445,4.3015,4.323
2021-07-19,4.31,4.31,4.1665,4.2015
2021-07-20,4.201,4.27,4.1945,4.263
2021-07-21,4.2595,4.29,4.226,4.272
2021-07-22,4.28,4.3445,4.273,4.3375
2021-07-23,4.3375,4.4605,4.3335,4.4
2021-07-26,4.449,4.6085,4.419,4.585
2021-07-27,4.593,4.6275,4.505,4.5445
2021-07-28,4.558,4.5875,4.4295,4.482
2021-07-29,4.4795,4.549,4.4595,4.5235
2021-07-30,4.524,4.556,4.445,4.4825
2021-08-02,4.4935,4.5315,4.4095,4.433
2021-08-03,4.433,4.4425,4.3385,4.386
2021-08-04,4.381,4.398,4.316,4.3325
2021-08-05,4.3325,4.359,4.3055,4.348
2021-08-06,4.3485,4.4215,4.3315,4.348
2021-08-09,4.3365,4.3435,4.2435,4.2895
2021-08-10,4.292,4.3725,4.284,4.354
2021-08-11,4.3465,4.3785,4.318,4.3675
2021-08-12,4.3675,4.416,4.3365,4.36
2021-08-13,4.362,4.431,4.3515,4.3915
2021-08-16,4.3605,4.3815,4.3035,4.327
2021-08-17,4.327,4.3425,4.2015,4.206
2021-08-18,4.225,4.2495,4.0985,4.12
2021-08-19,4.1155,4.1335,3.9615,4.041
2021-08-20,4.044,4.147,4.041,4.137
2021-08-23,4.1325,4.2565,4.129,4.237
2021-08-24,4.221,4.297,4.1905,4.258
2021-08-25,4.256,4.3025,4.2385,4.2675
2021-08-26,4.2665,4.274,4.218,4.2475
2021-08-27,4.2355,4.3285,4.222,4.3185
2021-08-30,4.338,4.418,4.3305,4.3755
2021-08-31,4.3785,4.3935,4.336,4.375
2021-09-01,4.3655,4.373,4.256,4.278
2021-09-02,4.283,4.311,4.252,4.304
2021-09-03,4.2975,4.351,4.28,4.334
2021-09-07,4.334,4.3465,4.255,4.2815
2021-09-08,4.275,4.2995,4.206,4.233
2021-09-09,4.2375,4.314,4.2155,4.2855
2021-09-10,4.28,4.469,4.273,4.452
2021-09-13,4.426,4.4715,4.3315,4.367
2021-09-14,4.3675,4.3775,4.287,4.321
2021-09-15,4.3155,4.4225,4.2915,4.4065
2021-09-16,4.402,4.412,4.256,4.2815
2021-09-17,4.2815,4.359,4.231,4.246
2021-09-20,4.2395,4.246,4.094,4.1145
2021-09-21,4.1245,4.179,4.016,4.126
2021-09-22,4.1125,4.2775,4.107,4.252
2021-09-23,4.225,4.288,4.1945,4.231
2021-09-24,4.23,4.302,4.203,4.2855
2021-09-27,4.2925,4.3175,4.255,4.2895
2021-09-28,4.2785,4.3015,4.231,4.2465
2021-09-29,4.2485,4.2575,4.1665,4.199
2021-09-30,4.1775,4.208,4.0545,4.089
2021-10-01,4.1065,4.21,4.0585,4.1885
2021-10-04,4.2145,4.303,4.1775,4.2385
2021-10-05,4.239,4.242,4.151,4.1925
2021-10-06,4.182,4.2185,4.114,4.1475
2021-10-07,4.1755,4.26,4.1625,4.2435
2021-10-08,4.2495,4.301,4.2225,4.2755
2021-10-11,4.2795,4.385,4.2555,4.3665
2021-10-12,4.339,4.3955,4.2865,4.3255
2021-10-13,4.3225,4.528,4.305,4.516
2021-10-14,4.4905,4.6365,4.483,4.6315
2021-10-15,4.6185,4.781,4.6035,4.7295
2021-10-18,4.7305,4.823,4.6855,4.7255
2021-10-19,4.716,4.815,4.6685,4.703
2021-10-20,4.6875,4.749,4.5935,4.7345
2021-10-21,4.7335,4.7575,4.537,4.5585
2021-10-22,4.5625,4.619,4.461,4.498
2021-10-25,4.514,4.5685,4.5015,4.528
2021-10-26,4.53,4.5545,4.472,4.486
2021-10-27,4.4955,4.51,4.363,4.3895
2021-10-28,4.3885,4.4635,4.3525,4.4385
2021-10-29,4.4345,4.453,4.334,4.368
2021-11-01,4.3775,4.403,4.3285,4.3935
2021-11-02,4.39,4.433,4.333,4.366
2021-11-03,4.37,4.4505,4.28,4.321
2021-11-04,4.352,4.404,4.278,4.3205
2021-11-05,4.326,4.3735,4.282,4.343
2021-11-08,4.36,4.4145,4.33,4.399
2021-11-09,4.399,4.4475,4.3375,4.373
2021-11-10,4.374,4.414,4.285,4.323
2021-11-11,4.3045,4.432,4.3005,4.3995
2021-11-12,4.403,4.459,4.374,4.4495
2021-11-15,4.455,4.489,4.391,4.4
2021-11-16,4.4115,4.4425,4.323,4.3515
2021-11-17,4.344,4.3605,4.1915,4.266
2021-11-18,4.207,4.3235,4.2065,4.3045
2021-11-19,4.3035,4.419,4.2915,4.4075
2021-11-22,4.4035,4.423,4.352,4.3965
2021-11-23,4.392,4.452,4.3705,4.4235
2021-11-24,4.417,4.491,4.3915,4.459
2021-11-26,4.47,4.5005,4.275,4.2835
2021-11-29,4.303,4.3815,4.2875,4.341
2021-11-30,4.3555,4.3675,4.2505,4.28
2021-12-01,4.3055,4.3515,4.2065,4.2475
2021-12-02,4.233,4.3145,4.2305,4.299
2021-12-03,4.291,4.338,4.2455,4.267
2021-12-06,4.277,4.3485,4.2535,4.3375
2021-12-07,4.3375,4.3925,4.3025,4.3395
2021-12-08,4.3395,4.3975,4.3205,4.3935
2021-12-09,4.3775,4.398,4.2975,4.333
2021-12-10,4.3155,4.3595,4.2735,4.2865
2021-12-13,4.2955,4.333,4.277,4.284
2021-12-14,4.2925,4.306,4.2505,4.2575
2021-12-15,4.266,4.2775,4.1195,4.1825
2021-12-16,4.2435,4.3215,4.221,4.3045
2021-12-17,4.3015,4.331,4.273,4.295
2021-12-20,4.288,4.31,4.232,4.2935
2021-12-21,4.3015,4.3585,4.2945,4.346
2021-12-22,4.349,4.3945,4.327,4.3915
2021-12-23,4.3895,4.412,4.343,4.3925
2021-12-27,4.3885,4.4915,4.345,4.472
2021-12-28,4.4665,4.4985,4.4235,4.433
2021-12-29,4.434,4.448,4.382,4.413
2021-12-30,4.417,4.4355,4.3795,4.3925
2021-12-31,4.3895,4.474,4.382,4.4635
2022-01-03,4.4585,4.4805,4.335,4.4215
2022-01-04,4.4245,4.4785,4.378,4.475
2022-01-05,4.4725,4.473,4.372,4.4135
2022-01-06,4.392,4.408,4.3135,4.3545
2022-01-07,4.354,4.4175,4.3435,4.41
2022-01-10,4.4015,4.431,4.3305,4.352
2022-01-11,4.372,4.4385,4.366,4.429
2022-01-12,4.4315,4.601,4.42,4.5765
2022-01-13,4.557,4.577,4.5045,4.546
2022-01-14,4.5115,4.5475,4.4125,4.4205
2022-01-18,4.431,4.449,4.376,4.3825
2022-01-19,4.4035,4.4885,4.392,4.47
2022-01-20,4.449,4.586,4.444,4.5825
2022-01-21,4.5295,4.5805,4.484,4.524
2022-01-24,4.522,4.538,4.3865,4.4125
2022-01-25,4.456,4.478,4.3855,4.45
2022-01-26,4.4565,4.5345,4.419,4.515
2022-01-27,4.457,4.491,4.399,4.4235
2022-01-28,4.4185,4.45,4.2985,4.31
2022-01-31,4.3275,4.355,4.282,4.3245
2022-02-01,4.33,4.4455,4.311,4.434
2022-02-02,4.4335,4.509,4.43,4.496
2022-02-03,4.4785,4.502,4.423,4.471
2022-02-04,4.481,4.5145,4.4125,4.4875
2022-02-07,4.4995,4.5195,4.429,4.4625
2022-02-08,4.482,4.484,4.395,4.461
2022-02-09,4.474,4.643,4.4185,4.6025
2022-02-10,4.6335,4.7085,4.5855,4.6595
2022-02-11,4.615,4.629,4.4315,4.506
2022-02-14,4.453,4.5195,4.444,4.5075
2022-02-15,4.4935,4.552,4.4725,4.5315
2022-02-16,4.53,4.5895,4.518,4.5365
2022-02-17,4.5365,4.5505,4.4655,4.523
2022-02-18,4.5,4.572,4.496,4.5195
2022-02-22,4.51,4.5445,4.4675,4.5105
2022-02-23,4.51,4.5455,4.4495,4.484
2022-02-24,4.4625,4.585,4.442,4.456
2022-02-25,4.5075,4.5285,4.456,4.485
2022-02-28,4.4925,4.532,4.45,4.4545
2022-03-01,4.506,4.602,4.492,4.5965
2022-03-02,4.571,4.705,4.5525,4.6655
2022-03-03,4.671,4.7985,4.6615,4.7815
2022-03-04,4.7825,4.949,4.751,4.9375
2022-03-07,4.92,5.0395,4.668,4.731
2022-03-08,4.745,4.967,4.603,4.71
2022-03-09,4.7105,4.7885,4.553,4.5725
2022-03-10,4.5965,4.6785,4.574,4.6525
2022-03-11,4.6335,4.724,4.5945,4.6255
2022-03-14,4.598,4.6155,4.496,4.523
2022-03-15,4.5155,4.543,4.4685,4.513
2022-03-16,4.501,4.6405,4.4985,4.6005
2022-03-17,4.621,4.717,4.6105,4.702
2022-03-18,4.702,4.76,4.673,4.7395
2022-03-21,4.727,4.732,4.656,4.7105
2022-03-22,4.704,4.769,4.68,4.7
2022-03-23,4.71,4.7855,4.689,4.7765
2022-03-24,4.776,4.8175,4.7085,4.7425
2022-03-25,4.7275,4.773,4.686,4.6985
2022-03-28,4.696,4.739,4.642,4.7255
2022-03-29,4.7245,4.7575,4.699,4.731
2022-03-30,4.749,4.828,4.726,4.7505
2022-03-31,4.748,4.769,4.705,4.751
2022-04-01,4.7255,4.7515,4.669,4.6885
2022-04-04,4.7055,4.809,4.688,4.7815
2022-04-05,4.7825,4.86,4.7525,4.795
2022-04-06,4.766,4.7885,4.697,4.738
2022-04-07,4.705,4.7295,4.6725,4.6995
2022-04-08,4.7185,4.7655,4.702,4.725
2022-04-11,4.727,4.7395,4.624,4.634
2022-04-12,4.6295,4.726,4.625,4.7095
2022-04-13,4.6935,4.756,4.6745,4.712
2022-04-14,4.7,4.741,4.666,4.7235
2022-04-18,4.745,4.8425,4.688,4.802
2022-04-19,4.8,4.8095,4.6805,4.718
2022-04-20,4.698,4.709,4.6195,4.652
2022-04-21,4.664,4.718,4.6275,4.704
2022-04-22,4.679,4.7065,4.57,4.5815
2022-04-25,4.5815,4.6055,4.4065,4.449
2022-04-26,4.477,4.5245,4.383,4.441
2022-04-27,4.3915,4.487,4.3915,4.4565
2022-04-28,4.4645,4.4935,4.3865,4.4335
2022-04-29,4.444,4.512,4.3715,4.4085
2022-05-02,4.393,4.404,4.204,4.268
2022-05-03,4.2855,4.36,4.2635,4.283
2022-05-04,4.299,4.3835,4.251,4.338
2022-05-05,4.367,4.44,4.2765,4.2915
2022-05-06,4.2905,4.319,4.231,4.267
2022-05-09,4.238,4.245,4.124,4.1935
2022-05-10,4.196,4.258,4.1285,4.1545
2022-05-11,4.155,4.25,4.1485,4.209
2022-05-12,4.2115,4.223,4.037,4.1005
2022-05-13,4.086,4.185,4.055,4.175
2022-05-16,4.1795,4.22,4.1335,4.1915
2022-05-17,4.203,4.2835,4.203,4.239
2022-05-18,4.2295,4.248,4.1315,4.1785
2022-05-19,4.155,4.298,4.1445,4.283
2022-05-20,4.2775,4.3275,4.2505,4.275
2022-05-23,4.2945,4.355,4.272,4.3455
2022-05-24,4.341,4.3415,4.2565,4.305
2022-05-25,4.314,4.3225,4.223,4.2545
2022-05-26,4.2685,4.28,4.2035,4.259
2022-05-27,4.273,4.327,4.255,4.3065
2022-05-31,4.32,4.3665,4.274,4.296
2022-06-01,4.2855,4.35,4.259,4.3285
2022-06-02,4.328,4.569,4.3075,4.5525
2022-06-03,4.555,4.577,4.458,4.472
2022-06-06,4.467,4.472,4.406,4.435
2022-06-07,4.4325,4.4615,4.3705,4.4355
2022-06-08,4.4435,4.4575,4.3965,4.4545
2022-06-09,4.445,4.4515,4.3555,4.381
2022-06-10,4.368,4.383,4.2745,4.2945
2022-06-13,4.2775,4.278,4.17,4.2115
2022-06-14,4.2005,4.251,4.116,4.1565
2022-06-15,4.144,4.204,4.117,4.1635
2022-06-16,4.173,4.219,4.041,4.108
2022-06-17,4.1025,4.116,3.99,4.0135
2022-06-21,3.9975,4.083,3.9455,4.039
2022-06-22,4.024,4.028,3.8805,3.944
2022-06-23,3.9325,3.9465,3.723,3.739
2022-06-24,3.741,3.798,3.64,3.7405
2022-06-27,3.7395,3.813,3.736,3.7625
2022-06-28,3.7535,3.843,3.7325,3.774
2022-06-29,3.758,3.819,3.708,3.7805
2022-06-30,3.772,3.795,3.6725,3.71
2022-07-01,3.678,3.7025,3.5535,3.604
2022-07-05,3.615,3.6235,3.4,3.415
2022-07-06,3.4265,3.4595,3.273,3.408
2022-07-07,3.441,3.58,3.3965,3.572
2022-07-08,3.543,3.5715,3.444,3.522
2022-07-11,3.505,3.5205,3.3865,3.4305
2022-07-12,3.4255,3.457,3.2465,3.288
2022-07-13,3.261,3.343,3.2165,3.3225
2022-07-14,3.3105,3.33,3.1745,3.2115
2022-07-15,3.2285,3.2775,3.1315,3.234
2022-07-18,3.2465,3.371,3.217,3.346
2022-07-19,3.3155,3.328,3.253,3.291
2022-07-20,3.2945,3.3755,3.2915,3.325
2022-07-21,3.3135,3.324,3.2505,3.2985
2022-07-22,3.305,3.399,3.2955,3.3495
2022-07-25,3.323,3.405,3.3135,3.3545
2022-07-26,3.3675,3.4655,3.349,3.3845
2022-07-27,3.3925,3.478,3.368,3.43
2022-07-28,3.4705,3.5265,3.4515,3.4745
2022-07-29,3.4935,3.5945,3.4605,3.5735
2022-08-01,3.575,3.597,3.512,3.5425
2022-08-02,3.535,3.5595,3.4485,3.5185
2022-08-03,3.472,3.5305,3.4465,3.467
2022-08-04,3.477,3.5205,3.416,3.4815
2022-08-05,3.4735,3.585,3.4735,3.552
2022-08-08,3.548,3.6225,3.5315,3.5865
2022-08-09,3.587,3.6305,3.561,3.5855
2022-08-10,3.5855,3.6575,3.5495,3.6495
2022-08-11,3.6355,3.7085,3.634,3.7065
2022-08-12,3.6915,3.713,3.6425,3.6685
2022-08-15,3.676,3.6785,3.546,3.6175
2022-08-16,3.605,3.6435,3.5825,3.6245
2022-08-17,3.6245,3.6515,3.566,3.5835
2022-08-18,3.5895,3.6665,3.542,3.6315
2022-08-19,3.648,3.6795,3.608,3.6645
2022-08-22,3.668,3.688,3.604,3.6515
2022-08-23,3.652,3.7315,3.6255,3.6955
2022-08-24,3.685,3.698,3.623,3.644
2022-08-25,3.6425,3.709,3.632,3.699
2022-08-26,3.6965,3.783,3.681,3.697
2022-08-29,3.6935,3.701,3.5625,3.612
2022-08-30,3.6,3.6355,3.535,3.551
2022-08-31,3.557,3.599,3.4445,3.5185
2022-09-01,3.5155,3.5165,3.4035,3.4065
2022-09-02,3.411,3.455,3.3815,3.4135
2022-09-06,3.3995,3.5,3.361,3.462
2022-09-07,3.46,3.467,3.403,3.4305
2022-09-08,3.446,3.557,3.442,3.527
2022-09-09,3.552,3.6285,3.5365,3.568
2022-09-12,3.556,3.6225,3.532,3.6105
2022-09-13,3.619,3.6925,3.522,3.5555
2022-09-14,3.5315,3.5575,3.5015,3.5195
2022-09-15,3.5175,3.5525,3.4665,3.49
2022-09-16,3.478,3.544,3.4285,3.5165
2022-09-19,3.5525,3.558,3.4745,3.5125
2022-09-20,3.527,3.5475,3.483,3.503
2022-09-21,3.4995,3.516,3.4025,3.467
2022-09-22,3.44,3.522,3.4205,3.471
2022-09-23,3.464,3.4725,3.327,3.343
2022-09-26,3.3505,3.3645,3.274,3.2945
2022-09-27,3.2955,3.353,3.268,3.2835
2022-09-28,3.294,3.392,3.243,3.3585
2022-09-29,3.381,3.4335,3.3055,3.418
2022-09-30,3.427,3.4745,3.3885,3.4125
2022-10-03,3.3965,3.424,3.352,3.41
2022-10-04,3.4165,3.5315,3.402,3.49
2022-10-05,3.494,3.5555,3.4465,3.5005
2022-10-06,3.5415,3.593,3.431,3.446
2022-10-07,3.4395,3.448,3.373,3.3865
2022-10-10,3.384,3.477,3.371,3.4305
2022-10-11,3.4365,3.4745,3.3835,3.462
2022-10-12,3.4245,3.465,3.398,3.425
2022-10-13,3.4285,3.477,3.354,3.4405
2022-10-14,3.4635,3.501,3.4005,3.4235
2022-10-17,3.4125,3.4675,3.3905,3.4155
2022-10-18,3.413,3.4355,3.339,3.362
2022-10-19,3.366,3.3755,3.307,3.318
2022-10-20,3.3255,3.437,3.303,3.4105
2022-10-21,3.398,3.4825,3.3455,3.4745
2022-10-24,3.485,3.5045,3.4225,3.4305
2022-10-25,3.4315,3.441,3.3625,3.397
2022-10-26,3.4055,3.5545,3.3825,3.545
2022-10-27,3.539,3.5565,3.491,3.5195
2022-10-28,3.5265,3.53,3.416,3.429
2022-10-31,3.43,3.4435,3.3615,3.375
2022-11-01,3.38,3.5015,3.378,3.4725
2022-11-02,3.4715,3.516,3.433,3.4685
2022-11-03,3.4395,3.4645,3.3795,3.427
2022-11-04,3.4255,3.7085,3.418,3.6865
2022-11-07,3.645,3.6605,3.578,3.6035
2022-11-08,3.6005,3.6995,3.5625,3.6825
2022-11-09,3.6615,3.748,3.627,3.7
2022-11-10,3.678,3.7925,3.6285,3.758
2022-11-11,3.778,3.9445,3.7615,3.9135
2022-11-14,3.9325,3.96,3.8165,3.8335
2022-11-15,3.838,3.889,3.7915,3.82
2022-11-16,3.819,3.8235,3.749,3.7735
2022-11-17,3.761,3.7725,3.665,3.688
2022-11-18,3.6895,3.7075,3.6275,3.632
2022-11-21,3.6435,3.648,3.5475,3.5715
2022-11-22,3.5815,3.669,3.574,3.6145
2022-11-23,3.6195,3.6565,3.591,3.618
2022-11-25,3.643,3.6885,3.611,3.6275
2022-11-28,3.585,3.6215,3.541,3.6115
2022-11-29,3.6015,3.6845,3.5955,3.6395
2022-11-30,3.644,3.7925,3.634,3.738
2022-12-01,3.782,3.8225,3.735,3.8175
2022-12-02,3.7975,3.865,3.7445,3.8505
2022-12-05,3.853,3.8945,3.773,3.795
2022-12-06,3.7915,3.8635,3.7845,3.818
2022-12-07,3.821,3.874,3.775,3.8605
2022-12-08,3.8435,3.9125,3.833,3.8835
2022-12-09,3.8815,3.9245,3.846,3.8785
2022-12-12,3.8595,3.8595,3.786,3.8005
2022-12-13,3.808,3.929,3.8035,3.842
2022-12-14,3.8455,3.892,3.823,3.878
2022-12-15,3.8635,3.8675,3.757,3.763
2022-12-16,3.776,3.805,3.733,3.7615
2022-12-19,3.7695,3.8245,3.7495,3.783
2022-12-20,3.761,3.8305,3.723,3.799
2022-12-21,3.807,3.8285,3.789,3.81
2022-12-22,3.818,3.849,3.7495,3.757
2022-12-23,3.7645,3.817,3.761,3.809
2022-12-27,3.84,3.9415,3.832,3.8405
2022-12-28,3.849,3.873,3.821,3.8425
2022-12-29,3.835,3.852,3.8075,3.824
2022-12-30,3.8285,3.8515,3.7955,3.8105
2023-01-03,3.8355,3.8715,3.7585,3.7665
2023-01-04,3.771,3.807,3.7085,3.7405
2023-01-05,3.7405,3.842,3.7215,3.821
2023-01-06,3.8255,3.93,3.7985,3.911
2023-01-09,3.9235,4.0445,3.9235,4.0265
2023-01-10,4.012,4.0835,3.9875,4.0775
2023-01-11,4.08,4.185,4.0655,4.166
2023-01-12,4.1755,4.2115,4.1295,4.1965
2023-01-13,4.173,4.2225,4.1285,4.216
2023-01-17,4.2105,4.2445,4.1105,4.223
2023-01-18,4.2335,4.355,4.205,4.2345
2023-01-19,4.2265,4.2685,4.168,4.2315
2023-01-20,4.245,4.2795,4.2065,4.2515
2023-01-23,4.2795,4.3025,4.226,4.2565
2023-01-24,4.259,4.2825,4.2155,4.2485
2023-01-25,4.2645,4.2735,4.211,4.2445
2023-01-26,4.2645,4.29,4.2325,4.2675
2023-01-27,4.282,4.287,4.172,4.2225
2023-01-30,4.23,4.249,4.168,4.202
2023-01-31,4.1845,4.2315,4.1185,4.226
2023-02-01,4.2235,4.225,4.1025,4.111
2023-02-02,4.1815,4.1995,4.078,4.091
2023-02-03,4.091,4.136,4.0305,4.0565
2023-02-06,4.0415,4.074,3.993,4.035
2023-02-07,4.038,4.0865,4.0025,4.0805
2023-02-08,4.07,4.1165,4.016,4.0355
2023-02-09,4.0475,4.1205,4.0395,4.097
2023-02-10,4.0745,4.0825,4.005,4.0165
2023-02-13,4.0185,4.0685,3.9935,4.0575
2023-02-14,4.059,4.111,4.0255,4.075
2023-02-15,4.0875,4.091,3.9785,4.0105
2023-02-16,4.0245,4.1465,4.0185,4.1355
2023-02-17,4.1195,4.1335,4.059,4.1085
2023-02-21,4.126,4.237,4.1015,4.2255
2023-02-22,4.214,4.224,4.1485,4.1905
2023-02-23,4.179,4.1885,4.039,4.059
2023-02-24,4.0555,4.0765,3.9465,3.952
2023-02-27,3.96,4.024,3.937,4.011
2023-02-28,4.01,4.0945,3.9915,4.0895
2023-03-01,4.0745,4.1745,4.065,4.16
2023-03-02,4.1685,4.174,4.047,4.076
2023-03-03,4.0745,4.1175,4.0605,4.067
2023-03-06,4.065,4.093,4.0085,4.0885
2023-03-07,4.075,4.095,3.963,3.975
2023-03-08,3.9675,4.0725,3.961,4.027
2023-03-09,4.027,4.055,3.9955,4.039
2023-03-10,4.007,4.0635,3.967,4.0305
2023-03-13,4.0075,4.0775,3.9215,4.0535
2023-03-14,4.042,4.0525,3.982,4.003
2023-03-15,4.005,4.0275,3.84,3.843
2023-03-16,3.8835,3.903,3.822,3.8645
2023-03-17,3.8765,3.9525,3.87,3.8925
2023-03-20,3.9085,3.97,3.855,3.9515
2023-03-21,3.9555,4.0345,3.9285,3.994
2023-03-22,4.0015,4.1075,3.9715,4.0445
2023-03-23,4.043,4.1265,4.0225,4.1235
2023-03-24,4.1015,4.1485,4.0505,4.075
2023-03-27,4.075,4.102,4.0235,4.0785
2023-03-28,4.097,4.113,4.059,4.0855
2023-03-29,4.0765,4.1335,4.0495,4.0865
2023-03-30,4.0815,4.1345,4.0585,4.0915
2023-03-31,4.112,4.1175,4.0215,4.0945
2023-04-03,4.091,4.0975,4.0345,4.0455
2023-04-04,4.053,4.0715,3.9445,3.971
2023-04-05,3.974,3.996,3.926,3.9865
2023-04-06,3.9825,4.0315,3.971,4.0155
2023-04-10,4.018,4.0395,3.963,3.9765
2023-04-11,3.987,4.054,3.978,4.0195
2023-04-12,4.0295,4.088,3.984,4.081
2023-04-13,4.07,4.143,4.0535,4.124
2023-04-14,4.1285,4.1955,4.095,4.1065
2023-04-17,4.112,4.133,4.058,4.066
2023-04-18,4.075,4.105,4.0585,4.0915
2023-04-19,4.09,4.0935,4.0255,4.077
2023-04-20,4.0725,4.078,4.0085,4.0255
2023-04-21,4.02,4.032,3.9735,3.98
2023-04-24,3.9835,3.999,3.95,3.954
2023-04-25,3.96,3.97,3.83,3.848
2023-04-26,3.848,3.889,3.838,3.8535
2023-04-27,3.857,3.9,3.8165,3.884
2023-04-28,3.891,3.9185,3.857,3.8905
2023-05-01,3.895,4.005,3.8705,3.934
2023-05-02,3.9355,3.953,3.857,3.8625
2023-05-03,3.8685,3.872,3.83,3.845
2023-05-04,3.855,3.9075,3.826,3.863
2023-05-05,3.861,3.906,3.825,3.883
2023-05-08,3.8925,3.9595,3.8765,3.9295
2023-05-09,3.924,3.924,3.881,3.9015
2023-05-10,3.9035,3.9185,3.8285,3.841
2023-05-11,3.852,3.8555,3.684,3.71
2023-05-12,3.701,3.7515,3.677,3.7285
2023-05-15,3.7235,3.779,3.7005,3.751
2023-05-16,3.743,3.7545,3.657,3.667
2023-05-17,3.662,3.774,3.6525,3.7545
2023-05-18,3.746,3.7645,3.6805,3.6895
2023-05-19,3.6975,3.7675,3.6765,3.732
2023-05-22,3.7275,3.7375,3.6675,3.685
2023-05-23,3.6805,3.705,3.622,3.6545
2023-05-24,3.6405,3.6475,3.545,3.5615
2023-05-25,3.5655,3.618,3.546,3.588
2023-05-26,3.5925,3.6845,3.583,3.682
2023-05-30,3.682,3.711,3.627,3.663
2023-05-31,3.662,3.6715,3.622,3.637
2023-06-01,3.667,3.7315,3.645,3.711
2023-06-02,3.7125,3.789,3.6925,3.7275
2023-06-05,3.728,3.7845,3.686,3.768
2023-06-06,3.7625,3.78,3.718,3.7685
2023-06-07,3.7665,3.8115,3.741,3.756
2023-06-08,3.7535,3.797,3.7345,3.795
2023-06-09,3.7875,3.8335,3.7695,3.789
2023-06-12,3.7715,3.778,3.735,3.752
2023-06-13,3.753,3.864,3.745,3.831
2023-06-14,3.8285,3.874,3.798,3.87
2023-06-15,3.859,3.904,3.8115,3.901
2023-06-16,3.8905,3.927,3.878,3.889
2023-06-20,3.885,3.899,3.837,3.8835
2023-06-21,3.8825,3.926,3.8445,3.9135
2023-06-22,3.9065,3.967,3.8765,3.89
2023-06-23,3.8905,3.891,3.786,3.8035
2023-06-26,3.8075,3.836,3.763,3.784
2023-06-27,3.7765,3.819,3.754,3.7705
2023-06-28,3.773,3.781,3.696,3.7225
2023-06-29,3.729,3.752,3.683,3.699
2023-06-30,3.6995,3.7705,3.6945,3.7595
2023-07-03,3.7655,3.8075,3.7595,3.794
2023-07-05,3.7935,3.8095,3.7325,3.7685
2023-07-06,3.7615,3.776,3.7225,3.7345
2023-07-07,3.7425,3.7875,3.7255,3.782
2023-07-10,3.782,3.799,3.7425,3.7845
2023-07-11,3.789,3.8225,3.752,3.766
2023-07-12,3.7725,3.8605,3.7665,3.853
2023-07-13,3.854,3.953,3.842,3.94
2023-07-14,3.953,3.954,3.9035,3.933
2023-07-17,3.927,3.927,3.8115,3.844
2023-07-18,3.843,3.8545,3.803,3.8295
2023-07-19,3.833,3.8385,3.781,3.814
2023-07-20,3.8155,3.8885,3.811,3.8345
2023-07-21,3.828,3.874,3.809,3.818
2023-07-24,3.8185,3.8605,3.782,3.8555
2023-07-25,3.8485,3.9415,3.8445,3.9155
2023-07-26,3.9265,3.9265,3.8765,3.902
2023-07-27,3.905,3.9435,3.838,3.8755
2023-07-28,3.848,3.934,3.844,3.9265
2023-07-31,3.93,4.017,3.908,4.008
2023-08-01,4.0155,4.024,3.904,3.9085
2023-08-02,3.91,3.921,3.834,3.8435
2023-08-03,3.8445,3.904,3.8205,3.8995
2023-08-04,3.8995,3.928,3.8255,3.8675
2023-08-07,3.852,3.877,3.825,3.835
2023-08-08,3.842,3.842,3.7265,3.7665
2023-08-09,3.7795,3.827,3.7635,3.7835
2023-08-10,3.7875,3.8315,3.7465,3.765
2023-08-11,3.755,3.7675,3.695,3.719
2023-08-14,3.7185,3.742,3.687,3.7255
2023-08-15,3.727,3.749,3.656,3.6675
2023-08-16,3.66,3.694,3.642,3.6575
2023-08-17,3.6475,3.7195,3.627,3.6915
2023-08-18,3.688,3.7215,3.6645,3.706
2023-08-21,3.716,3.7305,3.6845,3.7185
2023-08-22,3.721,3.7775,3.716,3.757
2023-08-23,3.758,3.8155,3.757,3.8085
2023-08-24,3.8105,3.8125,3.7645,3.771
2023-08-25,3.7695,3.803,3.738,3.762
2023-08-28,3.77,3.8045,3.7505,3.756
2023-08-29,3.7665,3.7975,3.744,3.7945
2023-08-30,3.8395,3.8505,3.812,3.844
2023-08-31,3.8385,3.8465,3.7985,3.822
2023-09-01,3.833,3.9085,3.829,3.852
2023-09-05,3.855,3.8725,3.794,3.8485
2023-09-06,3.8375,3.8475,3.781,3.786
2023-09-07,3.7905,3.793,3.739,3.762
2023-09-08,3.7605,3.7655,3.7115,3.7165
2023-09-11,3.717,3.812,3.7125,3.807
2023-09-12,3.803,3.8135,3.7745,3.792
2023-09-13,3.791,3.8195,3.7705,3.793
2023-09-14,3.785,3.8425,3.778,3.8215
2023-09-15,3.8155,3.8515,3.7875,3.801
2023-09-18,3.7975,3.823,3.7655,3.779
2023-09-19,3.78,3.781,3.728,3.747
2023-09-20,3.752,3.7895,3.7385,3.776
2023-09-21,3.741,3.747,3.634,3.696
2023-09-22,3.691,3.741,3.6855,3.696
2023-09-25,3.6955,3.7055,3.649,3.67
2023-09-26,3.673,3.6835,3.6275,3.649
2023-09-27,3.6465,3.6535,3.624,3.6365
2023-09-28,3.6465,3.715,3.6255,3.708
2023-09-29,3.7125,3.786,3.7115,3.7375
2023-10-02,3.754,3.7615,3.6275,3.6415
2023-10-03,3.648,3.648,3.5815,3.621
2023-10-04,3.6185,3.622,3.549,3.589
2023-10-05,3.583,3.603,3.549,3.552
2023-10-06,3.566,3.645,3.5515,3.6275
2023-10-09,3.6275,3.673,3.6135,3.646
2023-10-10,3.656,3.6745,3.591,3.634
2023-10-11,3.631,3.664,3.5985,3.612
2023-10-12,3.6115,3.6485,3.5695,3.591
2023-10-13,3.587,3.6165,3.557,3.571
2023-10-16,3.5705,3.6055,3.5635,3.582
2023-10-17,3.5815,3.593,3.5315,3.5785
2023-10-18,3.59,3.6305,3.575,3.587
2023-10-19,3.584,3.612,3.5665,3.601
2023-10-20,3.585,3.59,3.5465,3.563
2023-10-23,3.559,3.5945,3.5195,3.5865
2023-10-24,3.5815,3.6395,3.5625,3.624
2023-10-25,3.6315,3.649,3.582,3.591
2023-10-26,3.589,3.6195,3.572,3.5845
2023-10-27,3.5935,3.6595,3.581,3.646
2023-10-30,3.6425,3.71,3.64,3.6585
2023-10-31,3.655,3.6745,3.6315,3.649
2023-11-01,3.653,3.689,3.6335,3.649
2023-11-02,3.6605,3.6925,3.6565,3.6725
2023-11-03,3.688,3.705,3.653,3.6815
2023-11-06,3.675,3.7255,3.6665,3.719
2023-11-07,3.712,3.7135,3.646,3.679
2023-11-08,3.687,3.7035,3.6325,3.638
2023-11-09,3.6385,3.662,3.6135,3.6405
2023-11-10,3.6325,3.6445,3.582,3.587
2023-11-13,3.596,3.672,3.58,3.666
2023-11-14,3.672,3.719,3.649,3.6835
2023-11-15,3.677,3.725,3.668,3.7185
2023-11-16,3.714,3.7425,3.6835,3.7025
2023-11-17,3.6955,3.744,3.679,3.7385
2023-11-20,3.732,3.8165,3.7255,3.814
2023-11-21,3.808,3.8325,3.7925,3.8125
2023-11-22,3.8055,3.808,3.7355,3.763
2023-11-24,3.7685,3.798,3.752,3.789
2023-11-27,3.788,3.7985,3.752,3.758
2023-11-28,3.756,3.817,3.742,3.8
2023-11-29,3.85,3.8645,3.8135,3.8255
2023-11-30,3.835,3.8565,3.8125,3.8505
2023-12-01,3.855,3.933,3.8425,3.9315
2023-12-04,3.9215,3.9265,3.8245,3.8355
2023-12-05,3.827,3.841,3.77,3.784
2023-12-06,3.786,3.8265,3.729,3.7345
2023-12-07,3.7315,3.8005,3.7305,3.7975
2023-12-08,3.798,3.864,3.788,3.8305
2023-12-11,3.8305,3.836,3.7755,3.7805
2023-12-12,3.785,3.8125,3.7665,3.7875
2023-12-13,3.7925,3.8395,3.753,3.7875
2023-12-14,3.835,3.9095,3.827,3.8925
2023-12-15,3.874,3.9165,3.8485,3.8905
2023-12-18,3.883,3.8915,3.845,3.852
2023-12-19,3.848,3.9305,3.841,3.898
2023-12-20,3.9075,3.945,3.879,3.906
2023-12-21,3.8845,3.9315,3.8795,3.9175
2023-12-22,3.925,3.9395,3.892,3.905
2023-12-26,3.905,3.9435,3.897,3.902
2023-12-27,3.904,3.974,3.8995,3.9595
2023-12-28,3.956,3.967,3.913,3.9245
2023-12-29,3.9165,3.9355,3.878,3.8905
2024-01-02,3.8955,3.912,3.861,3.8805
2024-01-03,3.8715,3.879,3.831,3.8615
2024-01-04,3.8745,3.8845,3.8175,3.844
2024-01-05,3.8495,3.866,3.801,3.806
2024-01-08,3.8075,3.833,3.7895,3.81
2024-01-09,3.8235,3.8405,3.757,3.7585
2024-01-10,3.763,3.793,3.754,3.781
2024-01-11,3.787,3.824,3.7685,3.7765
2024-01-12,3.791,3.819,3.735,3.7405
2024-01-16,3.745,3.79,3.744,3.7665
2024-01-17,3.77,3.7705,3.7225,3.733
2024-01-18,3.744,3.759,3.7145,3.745
2024-01-19,3.7565,3.792,3.743,3.7865
2024-01-22,3.7895,3.7915,3.744,3.7635
2024-01-23,3.7485,3.8085,3.7475,3.7935
2024-01-24,3.806,3.888,3.795,3.886
2024-01-25,3.8735,3.8935,3.8585,3.869
2024-01-26,3.868,3.8865,3.845,3.852
2024-01-29,3.853,3.89,3.8275,3.879
2024-01-30,3.885,3.917,3.8605,3.911
2024-01-31,3.9135,3.947,3.8835,3.906
2024-02-01,3.8965,3.8975,3.845,3.8535
2024-02-02,3.8545,3.8625,3.8165,3.8215
2024-02-05,3.819,3.833,3.7635,3.7715
2024-02-06,3.7745,3.7975,3.766,3.781
2024-02-07,3.784,3.795,3.7315,3.7355
2024-02-08,3.7355,3.763,3.679,3.702
2024-02-09,3.708,3.713,3.655,3.6815
2024-02-12,3.6895,3.726,3.667,3.724
2024-02-13,3.7215,3.7545,3.703,3.711
2024-02-14,3.709,3.7255,3.6895,3.7
2024-02-15,3.7045,3.7615,3.7,3.758
2024-02-16,3.7595,3.844,3.755,3.8385
2024-02-20,3.8195,3.8725,3.8,3.8675
2024-02-21,3.8575,3.9085,3.8515,3.875
2024-02-22,3.8805,3.9025,3.866,3.897
2024-02-23,3.8955,3.9015,3.843,3.88
2024-02-26,3.871,3.8715,3.8165,3.82
2024-02-27,3.8195,3.847,3.815,3.828
2024-02-28,3.854,3.8545,3.8215,3.8405
2024-02-29,3.839,3.8685,3.834,3.847
2024-03-01,3.847,3.873,3.818,3.8615
2024-03-04,3.8575,3.888,3.8435,3.857
2024-03-05,3.8575,3.8735,3.838,3.847
2024-03-06,3.8435,3.897,3.837,3.875
2024-03-07,3.8725,3.942,3.8695,3.926
2024-03-08,3.9255,3.9465,3.8815,3.8915
2024-03-11,3.8935,3.932,3.8785,3.9285
2024-03-12,3.9315,3.952,3.902,3.932
2024-03-13,3.9375,4.069,3.919,4.06
2024-03-14,4.06,4.081,4.0175,4.0455
2024-03-15,4.0515,4.137,4.045,4.1245
2024-03-18,4.121,4.164,4.102,4.13
2024-03-19,4.1355,4.1365,4.0575,4.0745
2024-03-20,4.068,4.0955,4.027,4.0515
2024-03-21,4.09,4.128,4.041,4.0585
2024-03-22,4.0655,4.0665,3.9965,4.0075
2024-03-25,3.999,4.047,3.9905,4.016
2024-03-26,4.0115,4.028,3.981,4.0085
2024-03-27,4.005,4.0165,3.9675,4
2024-03-28,4.012,4.0395,3.984,4.007
2024-04-01,4.031,4.078,4.025,4.0485
2024-04-02,4.0565,4.0965,4.042,4.0705
2024-04-03,4.082,4.217,4.069,4.194
2024-04-04,4.2125,4.2565,4.201,4.249
2024-04-05,4.22,4.244,4.1665,4.236
2024-04-08,4.236,4.3045,4.1725,4.276
2024-04-09,4.294,4.3335,4.2525,4.2855
2024-04-10,4.3,4.335,4.241,4.282
2024-04-11,4.2775,4.2995,4.2285,4.253
2024-04-12,4.2605,4.362,4.2495,4.2585
2024-04-15,4.3525,4.3965,4.2705,4.379
2024-04-16,4.3785,4.379,4.277,4.3035
2024-04-17,4.2955,4.38,4.284,4.3395
2024-04-18,4.3425,4.4485,4.3215,4.4365
2024-04-19,4.43,4.5135,4.3965,4.4975
2024-04-22,4.488,4.5505,4.4585,4.476
2024-04-23,4.483,4.491,4.386,4.4345
2024-04-24,4.426,4.491,4.4155,4.4575
2024-04-25,4.457,4.556,4.436,4.5175
2024-04-26,4.543,4.5985,4.5315,4.564
2024-04-29,4.5815,4.681,4.566,4.6765
2024-04-30,4.679,4.6945,4.54,4.5645
2024-05-01,4.541,4.5975,4.5125,4.546
2024-05-02,4.569,4.582,4.466,4.4845
2024-05-03,4.502,4.569,4.483,4.557
2024-05-06,4.5755,4.6385,4.5355,4.615
2024-05-07,4.6095,4.645,4.567,4.6055
2024-05-08,4.5915,4.598,4.505,4.5425
2024-05-09,4.5415,4.6035,4.5185,4.585
2024-05-10,4.6015,4.7455,4.597,4.6625
2024-05-13,4.653,4.776,4.616,4.766
2024-05-14,4.77,5.026,4.7665,4.895
2024-05-15,4.9,5.128,4.814,4.9245
2024-05-16,4.9225,5.02,4.8415,4.877
2024-05-17,4.8825,5.0895,4.8485,5.05
2024-05-20,5.08,5.199,5.004,5.079
2024-05-21,5.1075,5.1795,5.0125,5.106
2024-05-22,5.104,5.133,4.7915,4.8485
2024-05-23,4.8025,4.8625,4.7435,4.7925
2024-05-24,4.776,4.823,4.7465,4.7535
2024-05-28,4.76,4.903,4.751,4.855
2024-05-29,4.875,4.8935,4.75,4.791
2024-05-30,4.781,4.784,4.6205,4.6585
2024-05-31,4.661,4.6735,4.571,4.602
2024-06-03,4.625,4.692,4.5955,4.6675
2024-06-04,4.684,4.696,4.527,4.537
2024-06-05,4.549,4.6355,4.5185,4.606
2024-06-06,4.6265,4.6875,4.615,4.678
2024-06-07,4.672,4.685,4.4465,4.4835
2024-06-10,4.4475,4.557,4.431,4.5435
2024-06-11,4.5585,4.565,4.4425,4.51
2024-06-12,4.517,4.6125,4.503,4.567
2024-06-13,4.5335,4.565,4.461,4.4815
2024-06-14,4.487,4.5095,4.4415,4.495
2024-06-17,4.4965,4.5,4.4,4.4475
2024-06-18,4.4595,4.499,4.375,4.4905
2024-06-20,4.491,4.589,4.475,4.562
2024-06-21,4.5645,4.5645,4.428,4.442
2024-06-24,4.4295,4.455,4.404,4.437
2024-06-25,4.4255,4.455,4.357,4.3775
2024-06-26,4.372,4.3985,4.3255,4.37
2024-06-27,4.3735,4.3935,4.329,4.3485
2024-06-28,4.3355,4.428,4.3315,4.3915
2024-07-01,4.376,4.438,4.3525,4.418
2024-07-02,4.4165,4.472,4.391,4.419
2024-07-03,4.4275,4.5625,4.4135,4.5335
2024-07-05,4.526,4.6995,4.513,4.652
2024-07-08,4.671,4.671,4.5885,4.618
2024-07-09,4.6065,4.6515,4.551,4.5775
2024-07-10,4.583,4.657,4.5475,4.6085
2024-07-11,4.594,4.6255,4.5025,4.5065
2024-07-12,4.5275,4.6015,4.476,4.593
2024-07-15,4.5815,4.6025,4.5015,4.5265
2024-07-16,4.512,4.525,4.4285,4.4495
2024-07-17,4.457,4.4835,4.401,4.4085
2024-07-18,4.415,4.428,4.2525,4.2795
2024-07-19,4.262,4.291,4.228,4.2365
2024-07-22,4.236,4.2615,4.162,4.1975
2024-07-23,4.1945,4.214,4.1355,4.1605
2024-07-24,4.166,4.178,4.076,4.109
2024-07-25,4.082,4.156,4.036,4.1255
2024-07-26,4.1165,4.156,4.1,4.124
2024-07-29,4.1115,4.15,4.061,4.0845
2024-07-30,4.094,4.1,4.03,4.084
2024-07-31,4.095,4.2095,4.0865,4.1765
2024-08-01,4.1945,4.2235,4.055,4.0825
2024-08-02,4.0675,4.1345,4.055,4.103
2024-08-05,4.122,4.15,3.9305,3.999
2024-08-06,4.004,4.06,3.96,4.027
2024-08-07,4.008,4.016,3.921,3.952
2024-08-08,3.9315,3.984,3.9235,3.959
2024-08-09,3.9835,4.049,3.974,3.993
2024-08-12,3.983,4.093,3.971,4.0685
2024-08-13,4.068,4.0725,4.0105,4.0515
2024-08-14,4.061,4.096,4.0335,4.04
2024-08-15,4.042,4.1635,4.0285,4.151
2024-08-16,4.1425,4.1635,4.095,4.1435
2024-08-19,4.15,4.2005,4.1415,4.1805
2024-08-20,4.1965,4.207,4.1385,4.1585
2024-08-21,4.154,4.215,4.135,4.19
2024-08-22,4.204,4.2175,4.127,4.148
2024-08-23,4.1375,4.225,4.136,4.201
2024-08-26,4.208,4.2395,4.193,4.2185
2024-08-27,4.21,4.2535,4.189,4.2375
2024-08-28,4.235,4.2365,4.135,4.1495
2024-08-29,4.213,4.25,4.1765,4.2225
2024-08-30,4.2085,4.278,4.2,4.2115
2024-09-03,4.2175,4.228,4.056,4.092
2024-09-04,4.09,4.1155,4.0425,4.079
2024-09-05,4.087,4.1695,4.042,4.1375
2024-09-06,4.139,4.1765,4.062,4.0735
2024-09-09,4.065,4.16,4.06,4.1445
2024-09-10,4.1405,4.1595,4.081,4.098
2024-09-11,4.0995,4.1705,4.093,4.142
2024-09-12,4.166,4.2375,4.1565,4.1955
2024-09-13,4.2095,4.25,4.186,4.236
2024-09-16,4.225,4.317,4.195,4.2735
2024-09-17,4.266,4.3045,4.253,4.273
2024-09-18,4.2795,4.3435,4.238,4.299
2024-09-19,4.2735,4.382,4.2415,4.347
2024-09-20,4.347,4.387,4.3185,4.343
2024-09-23,4.3325,4.365,4.274,4.3475
2024-09-24,4.3455,4.5315,4.34,4.4915
2024-09-25,4.527,4.5535,4.4525,4.4895
2024-09-26,4.4855,4.6525,4.475,4.639
2024-09-27,4.6475,4.659,4.5765,4.5995
2024-09-30,4.649,4.79,4.497,4.553
2024-10-01,4.5525,4.625,4.5325,4.589
2024-10-02,4.5735,4.667,4.5565,4.649
2024-10-03,4.6645,4.6665,4.519,4.553
2024-10-04,4.5495,4.6065,4.536,4.574
2024-10-07,4.573,4.609,4.515,4.5665
2024-10-08,4.5595,4.581,4.4235,4.4565
2024-10-09,4.474,4.5045,4.3735,4.3995
2024-10-10,4.414,4.454,4.381,4.4275
2024-10-11,4.4475,4.499,4.418,4.4935
2024-10-14,4.452,4.471,4.385,4.406
2024-10-15,4.4035,4.4115,4.3295,4.3375
2024-10-16,4.3415,4.395,4.3295,4.3675
2024-10-17,4.3705,4.4135,4.2915,4.325
2024-10-18,4.3335,4.413,4.326,4.3845
2024-10-21,4.3895,4.457,4.3475,4.3595
2024-10-22,4.359,4.407,4.343,4.3805
2024-10-23,4.3875,4.396,4.31,4.3365
2024-10-24,4.3335,4.3995,4.3225,4.3515
2024-10-25,4.364,4.389,4.325,4.3705
2024-10-28,4.3695,4.3845,4.333,4.3625
2024-10-29,4.368,4.43,4.3305,4.3605
2024-10-30,4.365,4.3835,4.3245,4.3515
2024-10-31,4.358,4.38,4.326,4.34
2024-11-01,4.3615,4.41,4.343,4.3715
2024-11-04,4.355,4.4485,4.347,4.4315
2024-11-05,4.432,4.493,4.4205,4.475
2024-11-06,4.467,4.467,4.226,4.246
2024-11-07,4.239,4.4465,4.236,4.4315
2024-11-08,4.439,4.439,4.2925,4.306
2024-11-11,4.3125,4.332,4.2225,4.2285
2024-11-12,4.2465,4.2595,4.132,4.1365
2024-11-13,4.145,4.166,4.0655,4.083
2024-11-14,4.0715,4.0985,4.0015,4.0875
2024-11-15,4.0785,4.172,4.0595,4.0645
2024-11-18,4.0665,4.1355,4.0505,4.12
2024-11-19,4.124,4.1745,4.0885,4.142
2024-11-20,4.166,4.179,4.1365,4.1555
2024-11-21,4.153,4.1665,4.097,4.125
2024-11-22,4.109,4.1195,4.061,4.086
2024-11-25,4.091,4.132,4.0865,4.1
2024-11-26,4.1075,4.115,4.0425,4.049
2024-11-27,4.131,4.174,4.1205,4.139
2024-11-29,4.14,4.167,4.1195,4.14
2024-12-02,4.143,4.1475,4.0815,4.1305
2024-12-03,4.139,4.261,4.112,4.202
2024-12-04,4.197,4.2155,4.17,4.2015
2024-12-05,4.197,4.2335,4.1755,4.1925
2024-12-06,4.1995,4.253,4.1815,4.1965
2024-12-09,4.2005,4.296,4.18,4.2755
2024-12-10,4.26,4.279,4.231,4.272
2024-12-11,4.2735,4.3245,4.2315,4.2635
2024-12-12,4.2625,4.335,4.2175,4.2445
2024-12-13,4.2415,4.2435,4.1845,4.197
2024-12-16,4.1965,4.219,4.17,4.191
2024-12-17,4.1945,4.198,4.133,4.1465
2024-12-18,4.147,4.1695,4.0855,4.157
2024-12-19,4.092,4.118,4.07,4.077
2024-12-20,4.0845,4.112,4.07,4.1005
2024-12-23,4.0985,4.1285,4.0755,4.085
2024-12-24,4.0945,4.1235,4.085,4.11
2024-12-26,4.115,4.1455,4.0725,4.1275
2024-12-27,4.1365,4.151,4.108,4.122
2024-12-30,4.126,4.1485,4.0815,4.093
2024-12-31,4.09,4.098,4.0075,4.0265
2025-01-02,4.031,4.058,4.005,4.026
2025-01-03,4.035,4.0825,4.009,4.0735
2025-01-06,4.0765,4.2005,4.0585,4.1615
2025-01-07,4.152,4.213,4.1405,4.1955
2025-01-08,4.1765,4.273,4.167,4.2585
2025-01-09,4.269,4.3495,4.257,4.3095
2025-01-10,4.3135,4.36,4.282,4.304
2025-01-13,4.284,4.3435,4.2735,4.3255
2025-01-14,4.3265,4.366,4.3105,4.3425
2025-01-15,4.349,4.4045,4.3175,4.389
2025-01-16,4.3975,4.447,4.385,4.441
2025-01-17,4.435,4.47,4.3445,4.3685
2025-01-21,4.3565,4.3815,4.27,4.341
2025-01-22,4.3395,4.341,4.2815,4.301
2025-01-23,4.2925,4.3355,4.2355,4.3285
2025-01-24,4.328,4.389,4.3085,4.321
2025-01-27,4.313,4.313,4.2225,4.2315
2025-01-28,4.243,4.2795,4.2355,4.2465
2025-01-29,4.2505,4.3115,4.205,4.283
2025-01-30,4.287,4.3455,4.261,4.3075
2025-01-31,4.3075,4.319,4.257,4.279
2025-02-03,4.2585,4.3375,4.1835,4.3055
2025-02-04,4.332,4.372,4.3065,4.3535
2025-02-05,4.359,4.4565,4.343,4.444
2025-02-06,4.437,4.5095,4.411,4.461
2025-02-07,4.458,4.608,4.457,4.589
2025-02-10,4.598,4.715,4.5705,4.707
2025-02-11,4.6935,4.7,4.541,4.601
2025-02-12,4.5975,4.7125,4.5755,4.7045
2025-02-13,4.695,4.7905,4.6835,4.778
2025-02-14,4.783,4.8365,4.6365,4.6645
2025-02-18,4.6465,4.6695,4.5425,4.591
2025-02-19,4.589,4.61,4.5515,4.5625
2025-02-20,4.573,4.637,4.546,4.612
2025-02-21,4.61,4.615,4.533,4.56
2025-02-24,4.5355,4.5715,4.4975,4.515
2025-02-25,4.508,4.662,4.47,4.4815
2025-02-26,4.6585,4.7005,4.518,4.54
2025-02-27,4.5835,4.6685,4.549,4.6185
2025-02-28,4.5955,4.597,4.5115,4.548
2025-03-03,4.5765,4.6535,4.5365,4.607
2025-03-04,4.588,4.6325,4.5185,4.5565
2025-03-05,4.58,4.825,4.5465,4.794
2025-03-06,4.804,4.851,4.735,4.8075
2025-03-07,4.7755,4.7955,4.6805,4.71
2025-03-10,4.714,4.734,4.63,4.6665
2025-03-11,4.648,4.8045,4.626,4.766
2025-03-12,4.7935,4.9035,4.775,4.8495
2025-03-13,4.841,4.9345,4.7965,4.9255
2025-03-14,4.928,4.9575,4.871,4.896
2025-03-17,4.8845,4.984,4.875,4.959
2025-03-18,4.979,5.025,4.956,5.0165
2025-03-19,5.0045,5.1245,4.9965,5.1
2025-03-20,5.124,5.1485,5.056,5.112
2025-03-21,5.1105,5.1375,5.027,5.1135
2025-03-24,5.0965,5.1845,5.075,5.0925
2025-03-25,5.086,5.2285,5.0765,5.2105
2025-03-26,5.2275,5.374,5.222,5.243
2025-03-27,5.2405,5.2715,5.089,5.1195
2025-03-28,5.1195,5.1675,5.062,5.13
2025-03-31,5.13,5.146,4.985,5.034
2025-04-01,5.055,5.1155,5.0045,5.035
2025-04-02,5.0295,5.145,4.985,5.0405
2025-04-03,5,5,4.808,4.8285
2025-04-04,4.814,4.8245,4.372,4.402
2025-04-07,4.35,4.465,4.03,4.186
2025-04-08,4.3135,4.365,4.0925,4.144
2025-04-09,4.1075,4.4715,4.038,4.1925
2025-04-10,4.4665,4.467,4.31,4.3365
2025-04-11,4.3785,4.565,4.327,4.523
2025-04-14,4.59,4.687,4.5205,4.6255
2025-04-15,4.653,4.6645,4.535,4.626
2025-04-16,4.613,4.6985,4.5435,4.6855
2025-04-17,4.677,4.751,4.5645,4.739
2025-04-21,4.716,4.806,4.685,4.7285
2025-04-22,4.7205,4.8925,4.719,4.878
2025-04-23,4.86,4.932,4.821,4.8435
2025-04-24,4.8325,4.886,4.8095,4.856
2025-04-25,4.882,4.8905,4.736,4.84
2025-04-28,4.839,4.867,4.77,4.8405
2025-04-29,4.897,4.9635,4.8435,4.8725
2025-04-30,4.8625,4.8655,4.524,4.609
2025-05-01,4.6155,4.683,4.5975,4.628
2025-05-02,4.639,4.7435,4.618,4.673
2025-05-05,4.704,4.7655,4.663,4.699
2025-05-06,4.705,4.793,4.672,4.778
2025-05-07,4.7595,4.807,4.6125,4.6595
2025-05-08,4.6185,4.6775,4.5425,4.604
2025-05-09,4.6035,4.74,4.4775,4.653
2025-05-12,4.69,4.7295,4.5895,4.621
2025-05-13,4.6305,4.7315,4.605,4.723
2025-05-14,4.711,4.737,4.628,4.6505
2025-05-15,4.6435,4.7075,4.5715,4.6835
2025-05-16,4.682,4.698,4.569,4.5935
2025-05-19,4.6085,4.6785,4.561,4.6705
2025-05-20,4.6635,4.6815,4.5855,4.654
2025-05-21,4.6765,4.712,4.6485,4.672
2025-05-22,4.6625,4.7435,4.569,4.6795
2025-05-23,4.6785,4.89,4.629,4.8365
2025-05-27,4.8705,4.887,4.7295,4.74
2025-05-28,4.745,4.77,4.665,4.6745
2025-05-29,4.679,4.7455,4.6515,4.6755
2025-05-30,4.6745,4.727,4.646,4.6775
2025-06-02,4.72,4.9495,4.72,4.8585
2025-06-03,4.8485,4.8695,4.7185,4.834
2025-06-04,4.863,4.916,4.839,4.8865
2025-06-05,4.8985,5.0615,4.88,4.933
2025-06-06,4.911,4.9495,4.823,4.848
2025-06-09,4.8385,4.9395,4.8245,4.925
2025-06-10,4.903,4.926,4.851,4.9
2025-06-11,4.8905,4.9135,4.776,4.8145
2025-06-12,4.8065,4.8495,4.765,4.8355
2025-06-13,4.8425,4.857,4.709,4.8145
2025-06-16,4.7645,4.868,4.728,4.836
2025-06-17,4.821,4.8405,4.777,4.809
2025-06-18,4.853,4.853,4.853,4.853
2025-06-20,4.851,4.8735,4.743,4.8335
2025-06-23,4.77,4.919,4.77,4.8495
2025-06-24,4.8875,4.95,4.8425,4.8725
2025-06-25,4.8975,4.9295,4.8725,4.9175
2025-06-26,4.9315,5.0995,4.915,5.066
2025-06-27,5.109,5.1455,5.021,5.123
2025-06-30,5.1245,5.1385,5.0625,5.0825
2025-07-01,5.109,5.1925,5.0755,5.0995
2025-07-02,5.0985,5.212,5.077,5.1975
2025-07-03,5.1995,5.2045,5.1205,5.1415
2025-07-07,5.0645,5.0925,4.9825,5.026
2025-07-08,5.012,5.8955,4.9725,5.6855
2025-07-09,5.48,5.7305,5.425,5.4865
2025-07-10,5.541,5.6855,5.5255,5.591
2025-07-11,5.629,5.6625,5.4735,5.6045
2025-07-14,5.583,5.603,5.455,5.5505
2025-07-15,5.525,5.6125,5.4925,5.5775
2025-07-16,5.5155,5.5665,5.468,5.526
2025-07-17,5.5175,5.5295,5.474,5.5125
2025-07-18,5.498,5.615,5.4955,5.6045
2025-07-21,5.591,5.6685,5.5635,5.6375
2025-07-22,5.641,5.7715,5.575,5.7215
2025-07-23,5.765,5.93,5.722,5.8195
2025-07-24,5.8445,5.9585,5.781,5.8015
2025-07-25,5.827,5.838,5.744,5.785
2025-07-28,5.7965,5.846,5.4265,5.6155
2025-07-29,5.624,5.6755,5.555,5.6255
2025-07-30,5.66,5.83,4.503,5.586
2025-07-31,4.6395,4.652,4.3325,4.3545
2025-08-01,4.433,4.451,4.364,4.4355
2025-08-04,4.4505,4.48,4.4005,4.4375
2025-08-05,4.4585,4.471,4.3725,4.386
2025-08-06,4.381,4.4355,4.38,4.413
2025-08-07,4.4125,4.449,4.3905,4.3985
2025-08-08,4.414,4.4915,4.4015,4.4715
2025-08-11,4.4835,4.485,4.4275,4.44
2025-08-12,4.4505,4.539,4.4435,4.5255
2025-08-13,4.5165,4.55,4.484,4.4975
2025-08-14,4.4975,4.5145,4.4495,4.4795
2025-08-15,4.497,4.518,4.466,4.4925
2025-08-18,4.488,4.505,4.45,4.471
2025-08-19,4.4775,4.493,4.4205,4.4225
2025-08-20,4.43,4.4475,4.414,4.44
2025-08-21,4.4315,4.4555,4.407,4.4435
2025-08-22,4.452,4.4805,4.4275,4.459
2025-08-25,4.46,4.499,4.454,4.4775
2025-08-26,4.4635,4.488,4.431,4.4595
2025-08-27,4.4685,4.4755,4.3745,4.42
2025-08-28,4.5,4.555,4.4845,4.539
2025-08-29,4.5445,4.594,4.5365,4.5905
2025-09-02,4.592,4.649,4.541,4.641
2025-09-03,4.6455,4.675,4.602,4.63
2025-09-04,4.6145,4.6205,4.552,4.5585
2025-09-05,4.566,4.62,4.5365,4.551
2025-09-08,4.543,4.579,4.5255,4.5595
2025-09-09,4.565,4.59,4.546,4.5695
2025-09-10,4.5745,4.626,4.5635,4.618
2025-09-11,4.605,4.684,4.597,4.658
2025-09-12,4.6725,4.6995,4.643,4.652
2025-09-15,4.6525,4.726,4.6385,4.7175
2025-09-16,4.7195,4.722,4.6805,4.694
2025-09-17,4.699,4.704,4.583,4.632
2025-09-18,4.615,4.631,4.5765,4.6005
2025-09-19,4.6,4.6425,4.589,4.6275
2025-09-22,4.6305,4.653,4.599,4.632
2025-09-23,4.6505,4.6545,4.615,4.644
2025-09-24,4.6415,4.8445,4.592,4.8135
2025-09-25,4.825,4.9395,4.747,4.758
2025-09-26,4.788,4.8,4.714,4.7715
2025-09-29,4.76,4.9205,4.7505,4.892
2025-09-30,4.9055,4.913,4.82,4.8565
2025-10-01,4.879,4.904,4.816,4.8825
2025-10-02,4.892,4.9895,4.85,4.9495
2025-10-03,4.954,5.1205,4.938,5.109
2025-10-06,5.089,5.124,5.0145,5.038
2025-10-07,5.042,5.1465,5.032,5.0975
2025-10-08,5.094,5.156,5.065,5.0945
2025-10-09,5.0805,5.261,5.04,5.123
2025-10-10,5.1405,5.1785,4.822,4.894
2025-10-13,4.923,5.18,4.9225,5.144
2025-10-14,5.1325,5.178,4.9315,5.023
2025-10-15,5.0105,5.0825,4.945,5.0145
2025-10-16,4.9765,5.0165,4.9305,4.999
2025-10-17,4.9875,5.0245,4.8835,4.9695
2025-10-20,4.9885,5.076,4.971,5.036
2025-10-21,5.05,5.072,4.9145,4.966
2025-10-22,4.956,5.016,4.9155,4.9955
2025-10-23,4.9925,5.1185,4.9785,5.1105
2025-10-24,5.088,5.1515,5.0675,5.1225
2025-10-27,5.1725,5.247,5.1145,5.1715
2025-10-28,5.163,5.1845,5.083,5.171
2025-10-29,5.171,5.279,5.149,5.2635
2025-10-30,5.2035,5.2335,5.0425,5.104
2025-10-31,5.111,5.1285,5.048,5.089
2025-11-03,5.1,5.1295,5.0185,5.069
2025-11-04,5.0545,5.066,4.9075,4.9485
2025-11-05,4.928,5.007,4.888,4.986
2025-11-06,4.993,5.0375,4.9525,4.9675
2025-11-07,4.9735,5.008,4.9515,4.957
2025-11-10,4.97,5.12,4.967,5.106
2025-11-11,5.0955,5.1045,5.052,5.066
2025-11-12,5.0635,5.1505,5.025,5.1055
2025-11-13,5.0925,5.163,5.0365,5.102
2025-11-14,5.0615,5.092,5.002,5.063
2025-11-17,5.0535,5.058,4.961,5.012
2025-11-18,4.9925,5.007,4.9475,4.974
2025-11-19,4.968,5.0395,4.953,5.0185
2025-11-20,5.0285,5.0545,4.9455,4.9685
2025-11-21,4.9535,5.023,4.915,5.015
2025-11-24,5.0105,5.02,4.9605,4.9675
2025-11-25,5.0045,5.105,4.994,5.003
2025-11-26,5.1095,5.21,5.101,5.194
2025-11-28,5.206,5.3095,5.133,5.272
2025-12-01,5.2825,5.3635,5.2645,5.303
2025-12-02,5.27,5.316,5.2235,5.243
2025-12-03,5.2465,5.437,5.2415,5.389
2025-12-04,5.3935,5.4255,5.31,5.3735
2025-12-05,5.3605,5.49,5.3455,5.462
2025-12-08,5.4565,5.495,5.395,5.4445
2025-12-09,5.43,5.4405,5.3135,5.32
2025-12-10,5.3325,5.423,5.323,5.3535
2025-12-11,5.402,5.516,5.36,5.5015
2025-12-12,5.4885,5.5305,5.28,5.359
2025-12-15,5.349,5.52,5.344,5.412
2025-12-16,5.411,5.413,5.3175,5.359
2025-12-17,5.3615,5.4655,5.361,5.4355
2025-12-18,5.4275,5.469,5.3805,5.4375
2025-12-19,5.4275,5.5655,5.4055,5.51
2025-12-22,5.4875,5.553,5.48,5.5095
2025-12-23,5.501,5.621,5.484,5.552
2025-12-24,5.563,5.6645,5.531,5.575
2025-12-26,5.68,5.888,5.6695,5.8395
2025-12-29,5.8595,5.9235,5.5575,5.5665
2025-12-30,5.5745,5.7955,5.535,5.7815
2025-12-31,5.7535,5.7785,5.6375,5.682
2026-01-02,5.697,5.759,5.668,5.6915
2026-01-05,5.7095,6.007,5.6995,5.9755
2026-01-06,5.989,6.1125,5.9455,6.0625
2026-01-07,6.062,6.0695,5.841,5.8605
2026-01-08,5.8545,5.9285,5.6955,5.7965
2026-01-09,5.8075,5.939,5.7385,5.9025
2026-01-12,5.8985,6.069,5.897,6.0315
2026-01-13,6.0085,6.0935,5.9475,6.016
2026-01-14,6.005,6.154,6.004,6.0555
2026-01-15,6.099,6.1095,5.908,5.9915
2026-01-16,5.993,6.0245,5.7715,5.831
2026-01-20,5.86,5.937,5.744,5.8125
2026-01-21,5.8335,5.896,5.7335,5.768
2026-01-22,5.81,5.8185,5.696,5.779
2026-01-23,5.8055,5.967,5.7865,5.9475
2026-01-26,5.95,6.0335,5.8885,6.0205
2026-01-27,5.9055,5.957,5.8095,5.8615
2026-01-28,5.9645,6.0075,5.895,5.925
2026-01-29,5.997,6.583,5.955,6.2035
2026-01-30,6.2845,6.387,5.76,5.924
2026-02-02,5.905,5.905,5.564,5.8255
2026-02-03,5.8395,6.115,5.83,6.0865
2026-02-04,6.1,6.1155,5.832,5.85
2026-02-05,5.936,5.964,5.685,5.821
2026-02-06,5.732,5.891,5.5955,5.882
2026-02-09,5.9,5.981,5.8435,5.9625
2026-02-10,5.9585,5.9615,5.8825,5.9135
2026-02-11,5.9085,6.088,5.893,5.9655
2026-02-12,5.986,6.023,5.7545,5.7855
2026-02-13,5.7695,5.849,5.6775,5.803
2026-02-17,5.7855,5.802,5.627,5.6425
2026-02-18,5.676,5.812,5.666,5.803
2026-02-19,5.78,5.813,5.6795,5.7385
2026-02-20,5.763,5.877,5.7305,5.839
2026-02-23,5.869,5.904,5.751,5.7805
2026-02-24,5.799,5.937,5.7865,5.9305
2026-02-25,5.9015,6.006,5.8935,5.9855
2026-02-26,6.0475,6.0605,5.964,6.005
2026-02-27,6.029,6.141,5.9975,6.0595
2026-03-02,6.015,6.0955,5.9275,5.948
2026-03-03,5.9615,6.0125,5.747,5.826
2026-03-04,5.843,5.9665,5.812,5.9075
2026-03-05,5.9095,5.9535,5.775,5.8045
2026-03-06,5.829,5.8815,5.779,5.807
2026-03-09,5.83,5.9055,5.6395,5.8485
2026-03-10,5.9065,5.962,5.8625,5.952
2026-03-11,5.9255,5.943,5.8345,5.8915
2026-03-12,5.919,5.919,5.808,5.868
2026-03-13,5.8265,5.8565,5.659,5.757
2026-03-16,5.68,5.86,5.656,5.8315
2026-03-17,5.845,5.854,5.737,5.767
2026-03-18,5.777,5.7785,5.46,5.594
2026-03-19,5.4885,5.555,5.297,5.469
2026-03-20,5.525,5.565,5.271,5.3745
2026-03-23,5.312,5.585,5.246,5.4725
2026-03-24,5.485,5.57,5.356,5.455
2026-03-25,5.5585,5.5965,5.5005,5.561
2026-03-26,5.5245,5.541,5.445,5.477
2026-03-27,5.485,5.5685,5.455,5.4945
2026-03-30,5.4575,5.5415,5.405,5.502
2026-03-31,5.4865,5.654,5.4645,5.614
2026-04-01,5.648,5.663,5.5845,5.6465
2026-04-02,5.626,5.727,5.513,5.5835
2026-04-06,5.6625,5.697,5.574,5.601
2026-04-07,5.611,5.641,5.5385,5.563
2026-04-08,5.6025,5.7775,5.6025,5.755