time,open,high,low,close
1970-02-12,2306.25,2306.25,2306.25,2306.25
1970-02-13,2311.78,2311.78,2311.78,2311.78
1970-02-17,2293.93,2293.93,2293.93,2293.93
1970-02-18,2294.71,2294.71,2294.71,2294.71
1970-02-19,2313.23,2313.23,2313.23,2313.23
1970-02-20,2324.4,2324.4,2324.4,2324.4
1970-02-24,2361.47,2361.47,2361.47,2361.47
1970-02-25,2375.46,2375.46,2375.46,2375.46
1970-02-26,2383.18,2383.18,2383.18,2383.18
1970-02-27,2385.07,2385.07,2385.07,2385.07
1970-03-03,2399.76,2399.76,2399.76,2399.76
1970-03-04,2396.64,2396.64,2396.64,2396.64
1970-03-05,2422.73,2422.73,2422.73,2422.73
1970-03-06,2423.37,2423.37,2423.37,2423.37
1970-03-10,2455.17,2455.17,2455.17,2455.17
1970-03-11,2470.22,2470.22,2470.22,2470.22
1970-03-12,2458.13,2458.13,2458.13,2458.13
1970-03-13,2433.12,2433.12,2433.12,2433.12
1970-03-17,2459.63,2459.63,2459.63,2459.63
1970-03-18,2468.84,2468.84,2468.84,2468.84
1970-03-19,2484.62,2484.62,2484.62,2484.62
1970-03-20,2490.47,2490.47,2490.47,2490.47
1970-03-24,2495.18,2495.18,2495.18,2495.18
1970-03-25,2484.15,2484.15,2484.15,2484.15
1970-03-26,2481.01,2481.01,2481.01,2481.01
1970-03-27,2504.84,2504.84,2504.84,2504.84
1970-03-31,2510.24,2510.24,2510.24,2510.24
1970-04-01,2523.75,2523.75,2523.75,2523.75
1970-04-02,2521.42,2521.42,2521.42,2521.42
1970-04-03,2522.84,2522.84,2522.84,2522.84
1970-04-07,2534.45,2534.45,2534.45,2534.45
1970-04-08,2524.13,2524.13,2524.13,2524.13
1970-04-09,2529.65,2529.65,2529.65,2529.65
1970-04-10,2515.05,2515.05,2515.05,2515.05
1970-04-14,2508.16,2508.16,2508.16,2508.16
1970-04-15,2502.03,2502.03,2502.03,2502.03
1970-04-16,2497.75,2497.75,2497.75,2497.75
1970-04-17,2502.65,2502.65,2502.65,2502.65
1970-04-21,2470.67,2470.67,2470.67,2470.67
1970-04-22,2469.64,2469.64,2469.64,2469.64
1970-04-23,2436.4,2436.4,2436.4,2436.4
1970-04-24,2416.67,2416.67,2416.67,2416.67
1970-04-28,2386.06,2386.06,2386.06,2386.06
1970-04-29,2315.43,2315.43,2315.43,2315.43
1970-05-01,2114.32,2114.32,2114.32,2114.32
1970-05-05,2200.74,2200.74,2200.74,2200.74
1970-05-07,2191.39,2191.39,2191.39,2191.39
1970-05-08,2209.61,2209.61,2209.61,2209.61
1970-05-12,2139.07,2139.07,2139.07,2139.07
1970-05-13,2149.43,2149.43,2149.43,2149.43
1970-05-14,2096.75,2096.75,2096.75,2096.75
1970-05-15,2048.72,2048.72,2048.72,2048.72
1970-05-19,2047.9,2047.9,2047.9,2047.9
1970-05-20,1963.1,1963.1,1963.1,1963.1
1970-05-21,1983.78,1983.78,1983.78,1983.78
1970-05-22,1982.33,1982.33,1982.33,1982.33
1970-05-26,1933.33,1933.33,1933.33,1933.33
1970-05-27,1946.48,1946.48,1946.48,1946.48
1970-05-28,1929.64,1929.64,1929.64,1929.64
1970-05-29,2009.1,2009.1,2009.1,2009.1
1970-06-02,2082.37,2082.37,2082.37,2082.37
1970-06-03,2087.47,2087.47,2087.47,2087.47
1970-06-04,2109.23,2109.23,2109.23,2109.23
1970-06-05,2133.85,2133.85,2133.85,2133.85
1970-06-09,2109.58,2109.58,2109.58,2109.58
1970-06-10,2091.83,2091.83,2091.83,2091.83
1970-06-11,2109.47,2109.47,2109.47,2109.47
1970-06-12,2029.41,2029.41,2029.41,2029.41
1970-06-16,2072.8,2072.8,2072.8,2072.8
1970-06-17,2054.37,2054.37,2054.37,2054.37
1970-06-18,2066.02,2066.02,2066.02,2066.02
1970-06-19,2082.02,2082.02,2082.02,2082.02
1970-06-23,2149.28,2149.28,2149.28,2149.28
1970-06-24,2131.89,2131.89,2131.89,2131.89
1970-06-25,2140.47,2140.47,2140.47,2140.47
1970-06-26,2143.45,2143.45,2143.45,2143.45
1970-06-30,2131.74,2131.74,2131.74,2131.74
1970-07-01,2138.11,2138.11,2138.11,2138.11
1970-07-02,2148.79,2148.79,2148.79,2148.79
1970-07-03,2146.89,2146.89,2146.89,2146.89
1970-07-07,2117.65,2117.65,2117.65,2117.65
1970-07-08,2116.86,2116.86,2116.86,2116.86
1970-07-09,2121.51,2121.51,2121.51,2121.51
1970-07-10,2111.1,2111.1,2111.1,2111.1
1970-07-14,2110.01,2110.01,2110.01,2110.01
1970-07-15,2110.87,2110.87,2110.87,2110.87
1970-07-16,2087.99,2087.99,2087.99,2087.99
1970-07-17,2067.76,2067.76,2067.76,2067.76
1970-07-21,2133.89,2133.89,2133.89,2133.89
1970-07-22,2148.94,2148.94,2148.94,2148.94
1970-07-23,2132.19,2132.19,2132.19,2132.19
1970-07-24,2125.62,2125.62,2125.62,2125.62
1970-07-28,2130.05,2130.05,2130.05,2130.05
1970-07-29,2138.56,2138.56,2138.56,2138.56
1970-07-30,2132.43,2132.43,2132.43,2132.43
1970-07-31,2140.5,2140.5,2140.5,2140.5
1970-08-04,2164.77,2164.77,2164.77,2164.77
1970-08-05,2164.21,2164.21,2164.21,2164.21
1970-08-06,2169.78,2169.78,2169.78,2169.78
1970-08-07,2147.73,2147.73,2147.73,2147.73
1970-08-11,2141.38,2141.38,2141.38,2141.38
1970-08-12,2123.52,2123.52,2123.52,2123.52
1970-08-13,2122.83,2122.83,2122.83,2122.83
1970-08-14,2142.85,2142.85,2142.85,2142.85
1970-08-18,2140.64,2140.64,2140.64,2140.64
1970-08-19,2152.18,2152.18,2152.18,2152.18
1970-08-20,2155.99,2155.99,2155.99,2155.99
1970-08-21,2161.43,2161.43,2161.43,2161.43
1970-08-25,2168.15,2168.15,2168.15,2168.15
1970-08-26,2153.18,2153.18,2153.18,2153.18
1970-08-27,2153.36,2153.36,2153.36,2153.36
1970-08-28,2163.5,2163.5,2163.5,2163.5
1970-09-01,2132.21,2132.21,2132.21,2132.21
1970-09-02,2130.54,2130.54,2130.54,2130.54
1970-09-03,2118.06,2118.06,2118.06,2118.06
1970-09-04,2139.05,2139.05,2139.05,2139.05
1970-09-08,2150.54,2150.54,2150.54,2150.54
1970-09-09,2165.18,2165.18,2165.18,2165.18
1970-09-10,2176.99,2176.99,2176.99,2176.99
1970-09-11,2165.47,2165.47,2165.47,2165.47
1970-09-15,2168.4,2168.4,2168.4,2168.4
1970-09-17,2139.9,2139.9,2139.9,2139.9
1970-09-18,2136.8,2136.8,2136.8,2136.8
1970-09-22,2076.99,2076.99,2076.99,2076.99
1970-09-23,2089.36,2089.36,2089.36,2089.36
1970-09-25,2085.01,2085.01,2085.01,2085.01
1970-09-29,2042.95,2042.95,2042.95,2042.95
1970-09-30,2020.88,2020.88,2020.88,2020.88
1970-10-01,2065.44,2065.44,2065.44,2065.44
1970-10-02,2061.65,2061.65,2061.65,2061.65
1970-10-06,2087.32,2087.32,2087.32,2087.32
1970-10-07,2094.36,2094.36,2094.36,2094.36
1970-10-08,2083.16,2083.16,2083.16,2083.16
1970-10-09,2079.93,2079.93,2079.93,2079.93
1970-10-13,2092.46,2092.46,2092.46,2092.46
1970-10-14,2094.48,2094.48,2094.48,2094.48
1970-10-15,2096.12,2096.12,2096.12,2096.12
1970-10-16,2118.4,2118.4,2118.4,2118.4
1970-10-20,2133.03,2133.03,2133.03,2133.03
1970-10-21,2124.32,2124.32,2124.32,2124.32
1970-10-22,2106.84,2106.84,2106.84,2106.84
1970-10-23,2107.16,2107.16,2107.16,2107.16
1970-10-27,2094.9,2094.9,2094.9,2094.9
1970-10-28,2095.19,2095.19,2095.19,2095.19
1970-10-29,2104.47,2104.47,2104.47,2104.47
1970-10-30,2117.26,2117.26,2117.26,2117.26
1970-11-03,2139.32,2139.32,2139.32,2139.32
1970-11-05,2143.72,2143.72,2143.72,2143.72
1970-11-06,2134.16,2134.16,2134.16,2134.16
1970-11-10,2147.98,2147.98,2147.98,2147.98
1970-11-11,2142.73,2142.73,2142.73,2142.73
1970-11-12,2122.5,2122.5,2122.5,2122.5
1970-11-13,2109.99,2109.99,2109.99,2109.99
1970-11-17,2098.45,2098.45,2098.45,2098.45
1970-11-18,2075.66,2075.66,2075.66,2075.66
1970-11-19,2087.88,2087.88,2087.88,2087.88
1970-11-20,2075.16,2075.16,2075.16,2075.16
1970-11-25,2060.03,2060.03,2060.03,2060.03
1970-11-26,2056.93,2056.93,2056.93,2056.93
1970-11-27,2041.15,2041.15,2041.15,2041.15
1970-12-01,1990.47,1990.47,1990.47,1990.47
1970-12-02,2027.37,2027.37,2027.37,2027.37
1970-12-03,2017.12,2017.12,2017.12,2017.12
1970-12-04,1992.72,1992.72,1992.72,1992.72
1970-12-08,1969.57,1969.57,1969.57,1969.57
1970-12-09,1963.4,1963.4,1963.4,1963.4
1970-12-10,1965.78,1965.78,1965.78,1965.78
1970-12-11,1973.16,1973.16,1973.16,1973.16
1970-12-15,2015.91,2015.91,2015.91,2015.91
1970-12-16,1997.11,1997.11,1997.11,1997.11
1970-12-17,1973.41,1973.41,1973.41,1973.41
1970-12-18,1972.78,1972.78,1972.78,1972.78
1970-12-22,1988.96,1988.96,1988.96,1988.96
1970-12-23,1979.71,1979.71,1979.71,1979.71
1970-12-24,1979.97,1979.97,1979.97,1979.97
1970-12-25,1987.96,1987.96,1987.96,1987.96
1970-12-29,1987.14,1987.14,1987.14,1987.14
1971-01-05,2001.34,2001.34,2001.34,2001.34
1971-01-06,1989.44,1989.44,1989.44,1989.44
1971-01-07,1981.74,1981.74,1981.74,1981.74
1971-01-08,2000.96,2000.96,2000.96,2000.96
1971-01-12,2085.32,2085.32,2085.32,2085.32
1971-01-13,2092.33,2092.33,2092.33,2092.33
1971-01-14,2089.22,2089.22,2089.22,2089.22
1971-01-15,2093.9,2093.9,2093.9,2093.9
1971-01-19,2097.4,2097.4,2097.4,2097.4
1971-01-20,2115.25,2115.25,2115.25,2115.25
1971-01-21,2102.37,2102.37,2102.37,2102.37
1971-01-22,2112.5,2112.5,2112.5,2112.5
1971-01-26,2105.01,2105.01,2105.01,2105.01
1971-01-27,2109.2,2109.2,2109.2,2109.2
1971-01-28,2099.08,2099.08,2099.08,2099.08
1971-01-29,2102.36,2102.36,2102.36,2102.36
1971-02-02,2104.88,2104.88,2104.88,2104.88
1971-02-03,2113.55,2113.55,2113.55,2113.55
1971-02-04,2129.73,2129.73,2129.73,2129.73
1971-02-05,2133.34,2133.34,2133.34,2133.34
1971-02-09,2128.25,2128.25,2128.25,2128.25
1971-02-10,2122.66,2122.66,2122.66,2122.66
1971-02-11,2139.29,2139.29,2139.29,2139.29
1971-02-16,2166.64,2166.64,2166.64,2166.64
1971-02-17,2173.28,2173.28,2173.28,2173.28
1971-02-18,2166.69,2166.69,2166.69,2166.69
1971-02-19,2202.89,2202.89,2202.89,2202.89
1971-02-23,2230.09,2230.09,2230.09,2230.09
1971-02-24,2204.33,2204.33,2204.33,2204.33
1971-02-25,2184.5,2184.5,2184.5,2184.5
1971-02-26,2216.65,2216.65,2216.65,2216.65
1971-03-02,2256.05,2256.05,2256.05,2256.05
1971-03-03,2246.61,2246.61,2246.61,2246.61
1971-03-04,2268.59,2268.59,2268.59,2268.59
1971-03-05,2275.28,2275.28,2275.28,2275.28
1971-03-09,2273.38,2273.38,2273.38,2273.38
1971-03-10,2271.16,2271.16,2271.16,2271.16
1971-03-11,2305.59,2305.59,2305.59,2305.59
1971-03-12,2309.1,2309.1,2309.1,2309.1
1971-03-16,2301.4,2301.4,2301.4,2301.4
1971-03-17,2320.01,2320.01,2320.01,2320.01
1971-03-18,2317.36,2317.36,2317.36,2317.36
1971-03-19,2319.54,2319.54,2319.54,2319.54
1971-03-23,2365.43,2365.43,2365.43,2365.43
1971-03-24,2345.27,2345.27,2345.27,2345.27
1971-03-25,2364.06,2364.06,2364.06,2364.06
1971-03-26,2372.24,2372.24,2372.24,2372.24
1971-03-30,2404.65,2404.65,2404.65,2404.65
1971-03-31,2401.33,2401.33,2401.33,2401.33
1971-04-01,2403.3,2403.3,2403.3,2403.3
1971-04-02,2414.04,2414.04,2414.04,2414.04
1971-04-06,2373.42,2373.42,2373.42,2373.42
1971-04-07,2404.66,2404.66,2404.66,2404.66
1971-04-08,2416.92,2416.92,2416.92,2416.92
1971-04-09,2413.93,2413.93,2413.93,2413.93
1971-04-13,2435.32,2435.32,2435.32,2435.32
1971-04-14,2428.48,2428.48,2428.48,2428.48
1971-04-15,2437.53,2437.53,2437.53,2437.53
1971-04-16,2457.36,2457.36,2457.36,2457.36
1971-04-20,2439.95,2439.95,2439.95,2439.95
1971-04-21,2374.67,2374.67,2374.67,2374.67
1971-04-22,2431.73,2431.73,2431.73,2431.73
1971-04-23,2416.99,2416.99,2416.99,2416.99
1971-04-27,2436.93,2436.93,2436.93,2436.93
1971-04-28,2445.93,2445.93,2445.93,2445.93
1971-04-29,2450.74,2450.74,2450.74,2450.74
1971-05-05,2489.35,2489.35,2489.35,2489.35
1971-05-07,2481.67,2481.67,2481.67,2481.67
1971-05-11,2390.22,2390.22,2390.22,2390.22
1971-05-12,2402.37,2402.37,2402.37,2402.37
1971-05-13,2431.28,2431.28,2431.28,2431.28
1971-05-14,2428.01,2428.01,2428.01,2428.01
1971-05-18,2417.62,2417.62,2417.62,2417.62
1971-05-19,2391.22,2391.22,2391.22,2391.22
1971-05-20,2365.92,2365.92,2365.92,2365.92
1971-05-21,2388.51,2388.51,2388.51,2388.51
1971-05-25,2398.48,2398.48,2398.48,2398.48
1971-05-26,2404.77,2404.77,2404.77,2404.77
1971-05-27,2408.8,2408.8,2408.8,2408.8
1971-05-28,2420.18,2420.18,2420.18,2420.18
1971-06-01,2456.33,2456.33,2456.33,2456.33
1971-06-02,2455.95,2455.95,2455.95,2455.95
1971-06-03,2475.93,2475.93,2475.93,2475.93
1971-06-04,2473.91,2473.91,2473.91,2473.91
1971-06-08,2506.06,2506.06,2506.06,2506.06
1971-06-09,2504.31,2504.31,2504.31,2504.31
1971-06-10,2508.94,2508.94,2508.94,2508.94
1971-06-11,2523.84,2523.84,2523.84,2523.84
1971-06-15,2531.49,2531.49,2531.49,2531.49
1971-06-16,2542.13,2542.13,2542.13,2542.13
1971-06-17,2555.05,2555.05,2555.05,2555.05
1971-06-18,2581.03,2581.03,2581.03,2581.03
1971-06-22,2587.58,2587.58,2587.58,2587.58
1971-06-23,2586.58,2586.58,2586.58,2586.58
1971-06-24,2600.49,2600.49,2600.49,2600.49
1971-06-25,2584.51,2584.51,2584.51,2584.51
1971-06-29,2628.46,2628.46,2628.46,2628.46
1971-06-30,2625.14,2625.14,2625.14,2625.14
1971-07-01,2637.35,2637.35,2637.35,2637.35
1971-07-02,2651.06,2651.06,2651.06,2651.06
1971-07-06,2630.44,2630.44,2630.44,2630.44
1971-07-07,2571.37,2571.37,2571.37,2571.37
1971-07-08,2637.15,2637.15,2637.15,2637.15
1971-07-09,2638.74,2638.74,2638.74,2638.74
1971-07-13,2686.42,2686.42,2686.42,2686.42
1971-07-14,2675.85,2675.85,2675.85,2675.85
1971-07-15,2685.35,2685.35,2685.35,2685.35
1971-07-16,2664.2,2664.2,2664.2,2664.2
1971-07-20,2692.63,2692.63,2692.63,2692.63
1971-07-21,2677.47,2677.47,2677.47,2677.47
1971-07-22,2643.14,2643.14,2643.14,2643.14
1971-07-23,2669.03,2669.03,2669.03,2669.03
1971-07-27,2673.84,2673.84,2673.84,2673.84
1971-07-28,2678,2678,2678,2678
1971-07-29,2681.25,2681.25,2681.25,2681.25
1971-07-30,2683.24,2683.24,2683.24,2683.24
1971-08-03,2640.68,2640.68,2640.68,2640.68
1971-08-04,2640.45,2640.45,2640.45,2640.45
1971-08-05,2630.09,2630.09,2630.09,2630.09
1971-08-06,2634.18,2634.18,2634.18,2634.18
1971-08-10,2698.27,2698.27,2698.27,2698.27
1971-08-11,2690.14,2690.14,2690.14,2690.14
1971-08-12,2699.42,2699.42,2699.42,2699.42
1971-08-13,2704.9,2704.9,2704.9,2704.9
1971-08-17,2530.48,2530.48,2530.48,2530.48
1971-08-18,2440.82,2440.82,2440.82,2440.82
1971-08-19,2328.28,2328.28,2328.28,2328.28
1971-08-20,2190.16,2190.16,2190.16,2190.16
1971-08-24,2163.79,2163.79,2163.79,2163.79
1971-08-25,2162.82,2162.82,2162.82,2162.82
1971-08-26,2233.9,2233.9,2233.9,2233.9
1971-08-27,2282.34,2282.34,2282.34,2282.34
1971-08-31,2303.91,2303.91,2303.91,2303.91
1971-09-01,2297.06,2297.06,2297.06,2297.06
1971-09-02,2348.01,2348.01,2348.01,2348.01
1971-09-03,2352.27,2352.27,2352.27,2352.27
1971-09-07,2365.58,2365.58,2365.58,2365.58
1971-09-08,2341.73,2341.73,2341.73,2341.73
1971-09-09,2325.52,2325.52,2325.52,2325.52
1971-09-10,2341.19,2341.19,2341.19,2341.19
1971-09-14,2351.15,2351.15,2351.15,2351.15
1971-09-15,2364.65,2364.65,2364.65,2364.65
1971-09-17,2347.35,2347.35,2347.35,2347.35
1971-09-21,2377.05,2377.05,2377.05,2377.05
1971-09-22,2372.99,2372.99,2372.99,2372.99
1971-09-23,2360.86,2360.86,2360.86,2360.86
1971-09-24,2363.97,2363.97,2363.97,2363.97
1971-09-28,2351.96,2351.96,2351.96,2351.96
1971-09-29,2393.56,2393.56,2393.56,2393.56
1971-09-30,2420.36,2420.36,2420.36,2420.36
1971-10-01,2428.25,2428.25,2428.25,2428.25
1971-10-05,2412.65,2412.65,2412.65,2412.65
1971-10-06,2407.84,2407.84,2407.84,2407.84
1971-10-07,2401.97,2401.97,2401.97,2401.97
1971-10-08,2401.68,2401.68,2401.68,2401.68
1971-10-12,2360.38,2360.38,2360.38,2360.38
1971-10-13,2352.6,2352.6,2352.6,2352.6
1971-10-14,2312.69,2312.69,2312.69,2312.69
1971-10-15,2305.86,2305.86,2305.86,2305.86
1971-10-19,2255.18,2255.18,2255.18,2255.18
1971-10-20,2228.33,2228.33,2228.33,2228.33
1971-10-21,2227.25,2227.25,2227.25,2227.25
1971-10-22,2240.45,2240.45,2240.45,2240.45
1971-10-26,2253.69,2253.69,2253.69,2253.69
1971-10-27,2236.89,2236.89,2236.89,2236.89
1971-10-28,2229.35,2229.35,2229.35,2229.35
1971-10-29,2253.28,2253.28,2253.28,2253.28
1971-11-02,2279.04,2279.04,2279.04,2279.04
1971-11-03,2254.93,2254.93,2254.93,2254.93
1971-11-05,2228.78,2228.78,2228.78,2228.78
1971-11-09,2236.24,2236.24,2236.24,2236.24
1971-11-10,2252.18,2252.18,2252.18,2252.18
1971-11-11,2282.2,2282.2,2282.2,2282.2
1971-11-12,2298.26,2298.26,2298.26,2298.26
1971-11-16,2329.14,2329.14,2329.14,2329.14
1971-11-17,2326.54,2326.54,2326.54,2326.54
1971-11-18,2371.74,2371.74,2371.74,2371.74
1971-11-19,2391.9,2391.9,2391.9,2391.9
1971-11-23,2408.11,2408.11,2408.11,2408.11
1971-11-25,2404.68,2404.68,2404.68,2404.68
1971-11-26,2418.68,2418.68,2418.68,2418.68
1971-11-30,2450.74,2450.74,2450.74,2450.74
1971-12-01,2442.71,2442.71,2442.71,2442.71
1971-12-02,2455.79,2455.79,2455.79,2455.79
1971-12-03,2480.56,2480.56,2480.56,2480.56
1971-12-07,2475.71,2475.71,2475.71,2475.71
1971-12-08,2481.69,2481.69,2481.69,2481.69
1971-12-09,2453.36,2453.36,2453.36,2453.36
1971-12-10,2477.93,2477.93,2477.93,2477.93
1971-12-14,2496.72,2496.72,2496.72,2496.72
1971-12-15,2490.79,2490.79,2490.79,2490.79
1971-12-16,2491,2491,2491,2491
1971-12-17,2468.11,2468.11,2468.11,2468.11
1971-12-21,2487.59,2487.59,2487.59,2487.59
1971-12-22,2554.02,2554.02,2554.02,2554.02
1971-12-23,2586.33,2586.33,2586.33,2586.33
1971-12-24,2621.77,2621.77,2621.77,2621.77
1971-12-28,2693.49,2693.49,2693.49,2693.49
1971-12-29,2713.74,2713.74,2713.74,2713.74
1972-01-05,2712.31,2712.31,2712.31,2712.31
1972-01-06,2727.87,2727.87,2727.87,2727.87
1972-01-07,2754.89,2754.89,2754.89,2754.89
1972-01-11,2773.9,2773.9,2773.9,2773.9
1972-01-12,2769.62,2769.62,2769.62,2769.62
1972-01-13,2799.48,2799.48,2799.48,2799.48
1972-01-14,2812.86,2812.86,2812.86,2812.86
1972-01-18,2799.74,2799.74,2799.74,2799.74
1972-01-19,2805.43,2805.43,2805.43,2805.43
1972-01-20,2820.98,2820.98,2820.98,2820.98
1972-01-21,2840.86,2840.86,2840.86,2840.86
1972-01-25,2800.06,2800.06,2800.06,2800.06
1972-01-26,2814.38,2814.38,2814.38,2814.38
1972-01-27,2832.89,2832.89,2832.89,2832.89
1972-01-28,2839.04,2839.04,2839.04,2839.04
1972-02-01,2856.5,2856.5,2856.5,2856.5
1972-02-02,2852.32,2852.32,2852.32,2852.32
1972-02-03,2863.57,2863.57,2863.57,2863.57
1972-02-04,2879.67,2879.67,2879.67,2879.67
1972-02-08,2883.47,2883.47,2883.47,2883.47
1972-02-09,2889.84,2889.84,2889.84,2889.84
1972-02-10,2870.77,2870.77,2870.77,2870.77
1972-02-11,2871.78,2871.78,2871.78,2871.78
1972-02-15,2890.66,2890.66,2890.66,2890.66
1972-02-16,2876.42,2876.42,2876.42,2876.42
1972-02-17,2888.66,2888.66,2888.66,2888.66
1972-02-18,2913.81,2913.81,2913.81,2913.81
1972-02-22,2959.29,2959.29,2959.29,2959.29
1972-02-23,2966.65,2966.65,2966.65,2966.65
1972-02-24,2960.92,2960.92,2960.92,2960.92
1972-02-25,2975.16,2975.16,2975.16,2975.16
1972-02-29,3027.49,3027.49,3027.49,3027.49
1972-03-01,3021.98,3021.98,3021.98,3021.98
1972-03-02,3011.3,3011.3,3011.3,3011.3
1972-03-03,3023.65,3023.65,3023.65,3023.65
1972-03-07,3028.99,3028.99,3028.99,3028.99
1972-03-08,3038.62,3038.62,3038.62,3038.62
1972-03-09,3040.22,3040.22,3040.22,3040.22
1972-03-10,3030.02,3030.02,3030.02,3030.02
1972-03-14,2976.15,2976.15,2976.15,2976.15
1972-03-15,2996.37,2996.37,2996.37,2996.37
1972-03-16,2981.18,2981.18,2981.18,2981.18
1972-03-17,3012.6,3012.6,3012.6,3012.6
1972-03-22,3036.43,3036.43,3036.43,3036.43
1972-03-23,3050.84,3050.84,3050.84,3050.84
1972-03-24,3067.3,3067.3,3067.3,3067.3
1972-03-28,3102.48,3102.48,3102.48,3102.48
1972-03-29,3107.41,3107.41,3107.41,3107.41
1972-03-30,3144.26,3144.26,3144.26,3144.26
1972-03-31,3146.18,3146.18,3146.18,3146.18
1972-04-04,3194.24,3194.24,3194.24,3194.24
1972-04-05,3192.49,3192.49,3192.49,3192.49
1972-04-06,3165.32,3165.32,3165.32,3165.32
1972-04-07,3213.1,3213.1,3213.1,3213.1
1972-04-11,3275.03,3275.03,3275.03,3275.03
1972-04-12,3286.65,3286.65,3286.65,3286.65
1972-04-13,3304.71,3304.71,3304.71,3304.71
1972-04-14,3322.01,3322.01,3322.01,3322.01
1972-04-18,3218,3218,3218,3218
1972-04-19,3269.09,3269.09,3269.09,3269.09
1972-04-20,3258.24,3258.24,3258.24,3258.24
1972-04-21,3258.85,3258.85,3258.85,3258.85
1972-04-25,3257.66,3257.66,3257.66,3257.66
1972-04-26,3267.18,3267.18,3267.18,3267.18
1972-04-27,3271.15,3271.15,3271.15,3271.15
1972-04-28,3299.81,3299.81,3299.81,3299.81
1972-05-02,3353.38,3353.38,3353.38,3353.38
1972-05-03,3359.41,3359.41,3359.41,3359.41
1972-05-05,3371.24,3371.24,3371.24,3371.24
1972-05-09,3362.8,3362.8,3362.8,3362.8
1972-05-10,3342.92,3342.92,3342.92,3342.92
1972-05-11,3358.42,3358.42,3358.42,3358.42
1972-05-12,3398.51,3398.51,3398.51,3398.51
1972-05-16,3424.94,3424.94,3424.94,3424.94
1972-05-17,3416.43,3416.43,3416.43,3416.43
1972-05-18,3436.74,3436.74,3436.74,3436.74
1972-05-19,3438.19,3438.19,3438.19,3438.19
1972-05-23,3446.66,3446.66,3446.66,3446.66
1972-05-24,3468.11,3468.11,3468.11,3468.11
1972-05-25,3477.12,3477.12,3477.12,3477.12
1972-05-26,3506.48,3506.48,3506.48,3506.48
1972-05-30,3572.62,3572.62,3572.62,3572.62
1972-05-31,3594.95,3594.95,3594.95,3594.95
1972-06-01,3636.79,3636.79,3636.79,3636.79
1972-06-02,3626.92,3626.92,3626.92,3626.92
1972-06-06,3678.91,3678.91,3678.91,3678.91
1972-06-07,3650.03,3650.03,3650.03,3650.03
1972-06-08,3656.83,3656.83,3656.83,3656.83
1972-06-09,3667.25,3667.25,3667.25,3667.25
1972-06-13,3651.35,3651.35,3651.35,3651.35
1972-06-14,3647.77,3647.77,3647.77,3647.77
1972-06-15,3640.37,3640.37,3640.37,3640.37
1972-06-16,3669.59,3669.59,3669.59,3669.59
1972-06-20,3722.63,3722.63,3722.63,3722.63
1972-06-21,3718.46,3718.46,3718.46,3718.46
1972-06-22,3716.41,3716.41,3716.41,3716.41
1972-06-23,3687.31,3687.31,3687.31,3687.31
1972-06-27,3369.64,3369.64,3369.64,3369.64
1972-06-28,3548.95,3548.95,3548.95,3548.95
1972-06-29,3611.31,3611.31,3611.31,3611.31
1972-06-30,3670.81,3670.81,3670.81,3670.81
1972-07-04,3751.32,3751.32,3751.32,3751.32
1972-07-05,3722.77,3722.77,3722.77,3722.77
1972-07-06,3645.38,3645.38,3645.38,3645.38
1972-07-07,3682.72,3682.72,3682.72,3682.72
1972-07-11,3710.53,3710.53,3710.53,3710.53
1972-07-12,3719.09,3719.09,3719.09,3719.09
1972-07-13,3707.37,3707.37,3707.37,3707.37
1972-07-14,3712.32,3712.32,3712.32,3712.32
1972-07-18,3693.84,3693.84,3693.84,3693.84
1972-07-19,3722.06,3722.06,3722.06,3722.06
1972-07-20,3760.73,3760.73,3760.73,3760.73
1972-07-21,3783.01,3783.01,3783.01,3783.01
1972-07-25,3815.31,3815.31,3815.31,3815.31
1972-07-26,3837.43,3837.43,3837.43,3837.43
1972-07-27,3850.25,3850.25,3850.25,3850.25
1972-07-28,3867.85,3867.85,3867.85,3867.85
1972-08-01,3938.4,3938.4,3938.4,3938.4
1972-08-02,3951.65,3951.65,3951.65,3951.65
1972-08-03,3870.3,3870.3,3870.3,3870.3
1972-08-04,3954.12,3954.12,3954.12,3954.12
1972-08-08,3946.33,3946.33,3946.33,3946.33
1972-08-09,3940.81,3940.81,3940.81,3940.81
1972-08-10,3922.28,3922.28,3922.28,3922.28
1972-08-11,3908.01,3908.01,3908.01,3908.01
1972-08-15,3957.69,3957.69,3957.69,3957.69
1972-08-16,3974.71,3974.71,3974.71,3974.71
1972-08-17,4007.66,4007.66,4007.66,4007.66
1972-08-18,4006.41,4006.41,4006.41,4006.41
1972-08-22,4013.96,4013.96,4013.96,4013.96
1972-08-23,4010.61,4010.61,4010.61,4010.61
1972-08-24,4029.06,4029.06,4029.06,4029.06
1972-08-25,4041.78,4041.78,4041.78,4041.78
1972-08-29,3996.9,3996.9,3996.9,3996.9
1972-08-30,4016.28,4016.28,4016.28,4016.28
1972-08-31,4026.25,4026.25,4026.25,4026.25
1972-09-01,4066.78,4066.78,4066.78,4066.78
1972-09-05,4137.76,4137.76,4137.76,4137.76
1972-09-06,4137.48,4137.48,4137.48,4137.48
1972-09-07,4143.02,4143.02,4143.02,4143.02
1972-09-08,4168.64,4168.64,4168.64,4168.64
1972-09-12,4203.22,4203.22,4203.22,4203.22
1972-09-13,4160.31,4160.31,4160.31,4160.31
1972-09-14,4190.97,4190.97,4190.97,4190.97
1972-09-15,4174.8,4174.8,4174.8,4174.8
1972-09-19,4178.84,4178.84,4178.84,4178.84
1972-09-20,4157.5,4157.5,4157.5,4157.5
1972-09-21,4178.28,4178.28,4178.28,4178.28
1972-09-22,4204.22,4204.22,4204.22,4204.22
1972-09-26,4254.61,4254.61,4254.61,4254.61
1972-09-27,4273.2,4273.2,4273.2,4273.2
1972-09-28,4251.29,4251.29,4251.29,4251.29
1972-09-29,4291.81,4291.81,4291.81,4291.81
1972-10-03,4393.67,4393.67,4393.67,4393.67
1972-10-04,4363.38,4363.38,4363.38,4363.38
1972-10-05,4424.3,4424.3,4424.3,4424.3
1972-10-06,4425.49,4425.49,4425.49,4425.49
1972-10-10,4422.08,4422.08,4422.08,4422.08
1972-10-12,4443.09,4443.09,4443.09,4443.09
1972-10-13,4480.06,4480.06,4480.06,4480.06
1972-10-17,4433.63,4433.63,4433.63,4433.63
1972-10-18,4401.08,4401.08,4401.08,4401.08
1972-10-19,4444.32,4444.32,4444.32,4444.32
1972-10-20,4452.17,4452.17,4452.17,4452.17
1972-10-24,4415.06,4415.06,4415.06,4415.06
1972-10-25,4424.34,4424.34,4424.34,4424.34
1972-10-26,4442.42,4442.42,4442.42,4442.42
1972-10-27,4439.2,4439.2,4439.2,4439.2
1972-10-31,4522.18,4522.18,4522.18,4522.18
1972-11-01,4537.99,4537.99,4537.99,4537.99
1972-11-02,4541.77,4541.77,4541.77,4541.77
1972-11-03,4547.92,4547.92,4547.92,4547.92
1972-11-07,4543.88,4543.88,4543.88,4543.88
1972-11-08,4538.83,4538.83,4538.83,4538.83
1972-11-09,4555.95,4555.95,4555.95,4555.95
1972-11-10,4564.46,4564.46,4564.46,4564.46
1972-11-14,4553.77,4553.77,4553.77,4553.77
1972-11-15,4555.01,4555.01,4555.01,4555.01
1972-11-16,4602.78,4602.78,4602.78,4602.78
1972-11-17,4589.25,4589.25,4589.25,4589.25
1972-11-21,4591.07,4591.07,4591.07,4591.07
1972-11-22,4618.27,4618.27,4618.27,4618.27
1972-11-23,4667.71,4667.71,4667.71,4667.71
1972-11-28,4742.16,4742.16,4742.16,4742.16
1972-11-29,4816.72,4816.72,4816.72,4816.72
1972-11-30,4879.18,4879.18,4879.18,4879.18
1972-12-01,4868.96,4868.96,4868.96,4868.96
1972-12-05,4872.46,4872.46,4872.46,4872.46
1972-12-06,4881.37,4881.37,4881.37,4881.37
1972-12-07,4902.82,4902.82,4902.82,4902.82
1972-12-08,4838.76,4838.76,4838.76,4838.76
1972-12-12,4859.4,4859.4,4859.4,4859.4
1972-12-13,4866.7,4866.7,4866.7,4866.7
1972-12-14,4869.77,4869.77,4869.77,4869.77
1972-12-15,4892.02,4892.02,4892.02,4892.02
1972-12-19,4923.39,4923.39,4923.39,4923.39
1972-12-20,4920.84,4920.84,4920.84,4920.84
1972-12-21,4959.21,4959.21,4959.21,4959.21
1972-12-22,4965.05,4965.05,4965.05,4965.05
1972-12-26,5031.23,5031.23,5031.23,5031.23
1972-12-27,5106.71,5106.71,5106.71,5106.71
1972-12-28,5194.42,5194.42,5194.42,5194.42
1972-12-29,5207.94,5207.94,5207.94,5207.94
1973-01-05,5232.86,5232.86,5232.86,5232.86
1973-01-09,5307.19,5307.19,5307.19,5307.19
1973-01-10,5278.1,5278.1,5278.1,5278.1
1973-01-11,5243.12,5243.12,5243.12,5243.12
1973-01-12,5244.29,5244.29,5244.29,5244.29
1973-01-17,5188.4,5188.4,5188.4,5188.4
1973-01-18,5215.42,5215.42,5215.42,5215.42
1973-01-19,5188.91,5188.91,5188.91,5188.91
1973-01-23,5270.54,5270.54,5270.54,5270.54
1973-01-24,5267.68,5267.68,5267.68,5267.68
1973-01-25,5359.74,5359.74,5359.74,5359.74
1973-01-26,5329.23,5329.23,5329.23,5329.23
1973-01-30,5349.51,5349.51,5349.51,5349.51
1973-01-31,5232,5232,5232,5232
1973-02-01,5165.24,5165.24,5165.24,5165.24
1973-02-02,5066.17,5066.17,5066.17,5066.17
1973-02-06,4949.76,4949.76,4949.76,4949.76
1973-02-07,4891.34,4891.34,4891.34,4891.34
1973-02-08,4832.47,4832.47,4832.47,4832.47
1973-02-09,4903.14,4903.14,4903.14,4903.14
1973-02-13,4985.47,4985.47,4985.47,4985.47
1973-02-14,4993.73,4993.73,4993.73,4993.73
1973-02-15,4984.88,4984.88,4984.88,4984.88
1973-02-16,5113.53,5113.53,5113.53,5113.53
1973-02-20,5277.74,5277.74,5277.74,5277.74
1973-02-21,5334.69,5334.69,5334.69,5334.69
1973-02-22,5298.98,5298.98,5298.98,5298.98
1973-02-23,5278.25,5278.25,5278.25,5278.25
1973-02-27,5129.31,5129.31,5129.31,5129.31
1973-02-28,5194.88,5194.88,5194.88,5194.88
1973-03-01,5121.32,5121.32,5121.32,5121.32
1973-03-02,5139.95,5139.95,5139.95,5139.95
1973-03-06,4771.63,4771.63,4771.63,4771.63
1973-03-07,4888.88,4888.88,4888.88,4888.88
1973-03-08,4950.76,4950.76,4950.76,4950.76
1973-03-09,4964.51,4964.51,4964.51,4964.51
1973-03-13,5003.55,5003.55,5003.55,5003.55
1973-03-14,5050.64,5050.64,5050.64,5050.64
1973-03-15,5096.26,5096.26,5096.26,5096.26
1973-03-16,5133.45,5133.45,5133.45,5133.45
1973-03-20,5123.54,5123.54,5123.54,5123.54
1973-03-21,5131.01,5131.01,5131.01,5131.01
1973-03-23,5101.36,5101.36,5101.36,5101.36
1973-03-27,5066.02,5066.02,5066.02,5066.02
1973-03-28,5081.99,5081.99,5081.99,5081.99
1973-03-29,5116.79,5116.79,5116.79,5116.79
1973-03-30,5177.5,5177.5,5177.5,5177.5
1973-04-03,5181.68,5181.68,5181.68,5181.68
1973-04-04,5162.69,5162.69,5162.69,5162.69
1973-04-05,5090.17,5090.17,5090.17,5090.17
1973-04-06,5013.01,5013.01,5013.01,5013.01
1973-04-10,4988.63,4988.63,4988.63,4988.63
1973-04-11,4915.96,4915.96,4915.96,4915.96
1973-04-12,4906.54,4906.54,4906.54,4906.54
1973-04-13,4793.64,4793.64,4793.64,4793.64
1973-04-17,4539.4,4539.4,4539.4,4539.4
1973-04-18,4599.91,4599.91,4599.91,4599.91
1973-04-19,4735.55,4735.55,4735.55,4735.55
1973-04-20,4727.51,4727.51,4727.51,4727.51
1973-04-24,4495.18,4495.18,4495.18,4495.18
1973-04-25,4435.83,4435.83,4435.83,4435.83
1973-04-26,4374.77,4374.77,4374.77,4374.77
1973-04-27,4499.39,4499.39,4499.39,4499.39
1973-05-02,4594.65,4594.65,4594.65,4594.65
1973-05-03,4601.89,4601.89,4601.89,4601.89
1973-05-08,4671.07,4671.07,4671.07,4671.07
1973-05-09,4669.57,4669.57,4669.57,4669.57
1973-05-10,4637.06,4637.06,4637.06,4637.06
1973-05-11,4663.33,4663.33,4663.33,4663.33
1973-05-15,4767.85,4767.85,4767.85,4767.85
1973-05-16,4701.14,4701.14,4701.14,4701.14
1973-05-17,4772.97,4772.97,4772.97,4772.97
1973-05-18,4740.17,4740.17,4740.17,4740.17
1973-05-22,4667.54,4667.54,4667.54,4667.54
1973-05-23,4675.27,4675.27,4675.27,4675.27
1973-05-24,4646.39,4646.39,4646.39,4646.39
1973-05-25,4593.57,4593.57,4593.57,4593.57
1973-05-29,4627.58,4627.58,4627.58,4627.58
1973-05-30,4626.22,4626.22,4626.22,4626.22
1973-05-31,4613.44,4613.44,4613.44,4613.44
1973-06-01,4557.36,4557.36,4557.36,4557.36
1973-06-05,4500.55,4500.55,4500.55,4500.55
1973-06-06,4542.58,4542.58,4542.58,4542.58
1973-06-07,4599.87,4599.87,4599.87,4599.87
1973-06-08,4623.72,4623.72,4623.72,4623.72
1973-06-12,4606.1,4606.1,4606.1,4606.1
1973-06-13,4571.45,4571.45,4571.45,4571.45
1973-06-14,4611.16,4611.16,4611.16,4611.16
1973-06-15,4587.87,4587.87,4587.87,4587.87
1973-06-19,4542.99,4542.99,4542.99,4542.99
1973-06-20,4553.71,4553.71,4553.71,4553.71
1973-06-21,4582.85,4582.85,4582.85,4582.85
1973-06-22,4597.03,4597.03,4597.03,4597.03
1973-06-26,4687.24,4687.24,4687.24,4687.24
1973-06-27,4637.77,4637.77,4637.77,4637.77
1973-06-28,4677.01,4677.01,4677.01,4677.01
1973-06-29,4681.37,4681.37,4681.37,4681.37
1973-07-03,4688.77,4688.77,4688.77,4688.77
1973-07-04,4722.96,4722.96,4722.96,4722.96
1973-07-05,4774.58,4774.58,4774.58,4774.58
1973-07-06,4748.45,4748.45,4748.45,4748.45
1973-07-10,4778.02,4778.02,4778.02,4778.02
1973-07-11,4792.47,4792.47,4792.47,4792.47
1973-07-12,4863.36,4863.36,4863.36,4863.36
1973-07-13,4912.33,4912.33,4912.33,4912.33
1973-07-17,4965.34,4965.34,4965.34,4965.34
1973-07-18,4972.96,4972.96,4972.96,4972.96
1973-07-19,4962.56,4962.56,4962.56,4962.56
1973-07-20,4989.79,4989.79,4989.79,4989.79
1973-07-24,5000.2,5000.2,5000.2,5000.2
1973-07-25,5007.14,5007.14,5007.14,5007.14
1973-07-26,5035.91,5035.91,5035.91,5035.91
1973-07-27,5089.62,5089.62,5089.62,5089.62
1973-07-31,5108.46,5108.46,5108.46,5108.46
1973-08-01,5041.18,5041.18,5041.18,5041.18
1973-08-02,4972.81,4972.81,4972.81,4972.81
1973-08-03,5021.06,5021.06,5021.06,5021.06
1973-08-07,4946.07,4946.07,4946.07,4946.07
1973-08-08,4956.44,4956.44,4956.44,4956.44
1973-08-09,4972.14,4972.14,4972.14,4972.14
1973-08-10,4972.95,4972.95,4972.95,4972.95
1973-08-14,4908.28,4908.28,4908.28,4908.28
1973-08-15,4915.41,4915.41,4915.41,4915.41
1973-08-16,4912.24,4912.24,4912.24,4912.24
1973-08-17,4857.03,4857.03,4857.03,4857.03
1973-08-21,4828.73,4828.73,4828.73,4828.73
1973-08-22,4874.32,4874.32,4874.32,4874.32
1973-08-23,4893.91,4893.91,4893.91,4893.91
1973-08-24,4865.3,4865.3,4865.3,4865.3
1973-08-28,4829.71,4829.71,4829.71,4829.71
1973-08-29,4832.41,4832.41,4832.41,4832.41
1973-08-30,4870.9,4870.9,4870.9,4870.9
1973-08-31,4889.19,4889.19,4889.19,4889.19
1973-09-04,4838.25,4838.25,4838.25,4838.25
1973-09-05,4785.85,4785.85,4785.85,4785.85
1973-09-06,4678.66,4678.66,4678.66,4678.66
1973-09-07,4657.71,4657.71,4657.71,4657.71
1973-09-11,4696.49,4696.49,4696.49,4696.49
1973-09-12,4587.4,4587.4,4587.4,4587.4
1973-09-13,4646.37,4646.37,4646.37,4646.37
1973-09-14,4620.91,4620.91,4620.91,4620.91
1973-09-18,4623.79,4623.79,4623.79,4623.79
1973-09-19,4557.92,4557.92,4557.92,4557.92
1973-09-20,4516.18,4516.18,4516.18,4516.18
1973-09-21,4444.78,4444.78,4444.78,4444.78
1973-09-26,4472.78,4472.78,4472.78,4472.78
1973-09-27,4515.38,4515.38,4515.38,4515.38
1973-09-28,4622.56,4622.56,4622.56,4622.56
1973-10-02,4582.77,4582.77,4582.77,4582.77
1973-10-03,4606.53,4606.53,4606.53,4606.53
1973-10-04,4643.69,4643.69,4643.69,4643.69
1973-10-05,4619.02,4619.02,4619.02,4619.02
1973-10-09,4509.29,4509.29,4509.29,4509.29
1973-10-10,4493.03,4493.03,4493.03,4493.03
1973-10-12,4487.93,4487.93,4487.93,4487.93
1973-10-16,4468.41,4468.41,4468.41,4468.41
1973-10-17,4477.58,4477.58,4477.58,4477.58
1973-10-18,4482.83,4482.83,4482.83,4482.83
1973-10-19,4516.02,4516.02,4516.02,4516.02
1973-10-23,4549.5,4549.5,4549.5,4549.5
1973-10-24,4595.54,4595.54,4595.54,4595.54
1973-10-25,4661.59,4661.59,4661.59,4661.59
1973-10-26,4667.11,4667.11,4667.11,4667.11
1973-10-30,4630.38,4630.38,4630.38,4630.38
1973-10-31,4702.92,4702.92,4702.92,4702.92
1973-11-01,4699.73,4699.73,4699.73,4699.73
1973-11-02,4634.83,4634.83,4634.83,4634.83
1973-11-06,4676.96,4676.96,4676.96,4676.96
1973-11-07,4616.62,4616.62,4616.62,4616.62
1973-11-08,4632.43,4632.43,4632.43,4632.43
1973-11-09,4660.66,4660.66,4660.66,4660.66
1973-11-13,4510.32,4510.32,4510.32,4510.32
1973-11-14,4428.39,4428.39,4428.39,4428.39
1973-11-15,4473.75,4473.75,4473.75,4473.75
1973-11-16,4444.87,4444.87,4444.87,4444.87
1973-11-20,4450.89,4450.89,4450.89,4450.89
1973-11-21,4441.89,4441.89,4441.89,4441.89
1973-11-22,4371.55,4371.55,4371.55,4371.55
1973-11-23,4293.5,4293.5,4293.5,4293.5
1973-11-27,4371.71,4371.71,4371.71,4371.71
1973-11-28,4288.75,4288.75,4288.75,4288.75
1973-11-29,4352.68,4352.68,4352.68,4352.68
1973-11-30,4411.44,4411.44,4411.44,4411.44
1973-12-04,4510.52,4510.52,4510.52,4510.52
1973-12-05,4447.9,4447.9,4447.9,4447.9
1973-12-06,4434.15,4434.15,4434.15,4434.15
1973-12-07,4335.29,4335.29,4335.29,4335.29
1973-12-11,4165.13,4165.13,4165.13,4165.13
1973-12-12,4135.95,4135.95,4135.95,4135.95
1973-12-13,4097.1,4097.1,4097.1,4097.1
1973-12-14,4033.09,4033.09,4033.09,4033.09
1973-12-18,4041.47,4041.47,4041.47,4041.47
1973-12-19,3958.57,3958.57,3958.57,3958.57
1973-12-20,3988.94,3988.94,3988.94,3988.94
1973-12-21,4165.23,4165.23,4165.23,4165.23
1973-12-25,4028.45,4028.45,4028.45,4028.45
1973-12-26,4038.21,4038.21,4038.21,4038.21
1973-12-27,4194.79,4194.79,4194.79,4194.79
1973-12-28,4289.41,4289.41,4289.41,4289.41
1974-01-08,4180.7,4180.7,4180.7,4180.7
1974-01-09,4194.18,4194.18,4194.18,4194.18
1974-01-10,4195.22,4195.22,4195.22,4195.22
1974-01-11,4151,4151,4151,4151
1974-01-15,4274.75,4274.75,4274.75,4274.75
1974-01-17,4314.13,4314.13,4314.13,4314.13
1974-01-18,4311.86,4311.86,4311.86,4311.86
1974-01-22,4352.65,4352.65,4352.65,4352.65
1974-01-23,4371.16,4371.16,4371.16,4371.16
1974-01-24,4453.98,4453.98,4453.98,4453.98
1974-01-25,4487.98,4487.98,4487.98,4487.98
1974-01-29,4536.85,4536.85,4536.85,4536.85
1974-01-30,4516.17,4516.17,4516.17,4516.17
1974-01-31,4510.62,4510.62,4510.62,4510.62
1974-02-01,4449.9,4449.9,4449.9,4449.9
1974-02-05,4551.88,4551.88,4551.88,4551.88
1974-02-06,4555.05,4555.05,4555.05,4555.05
1974-02-07,4586.72,4586.72,4586.72,4586.72
1974-02-08,4561.55,4561.55,4561.55,4561.55
1974-02-13,4601.2,4601.2,4601.2,4601.2
1974-02-14,4556.56,4556.56,4556.56,4556.56
1974-02-15,4525.28,4525.28,4525.28,4525.28
1974-02-19,4546.87,4546.87,4546.87,4546.87
1974-02-20,4523.36,4523.36,4523.36,4523.36
1974-02-21,4520.25,4520.25,4520.25,4520.25
1974-02-22,4481.9,4481.9,4481.9,4481.9
1974-02-26,4453.07,4453.07,4453.07,4453.07
1974-02-27,4474.23,4474.23,4474.23,4474.23
1974-02-28,4468.46,4468.46,4468.46,4468.46
1974-03-01,4486.58,4486.58,4486.58,4486.58
1974-03-05,4610.69,4610.69,4610.69,4610.69
1974-03-06,4597.16,4597.16,4597.16,4597.16
1974-03-07,4580.59,4580.59,4580.59,4580.59
1974-03-08,4550.87,4550.87,4550.87,4550.87
1974-03-12,4514.69,4514.69,4514.69,4514.69
1974-03-13,4484.05,4484.05,4484.05,4484.05
1974-03-14,4456.94,4456.94,4456.94,4456.94
1974-03-15,4465.39,4465.39,4465.39,4465.39
1974-03-19,4446.11,4446.11,4446.11,4446.11
1974-03-20,4420.07,4420.07,4420.07,4420.07
1974-03-21,4405.74,4405.74,4405.74,4405.74
1974-03-26,4389.89,4389.89,4389.89,4389.89
1974-03-27,4427.97,4427.97,4427.97,4427.97
1974-03-28,4460.15,4460.15,4460.15,4460.15
1974-03-29,4470.34,4470.34,4470.34,4470.34
1974-04-02,4466.32,4466.32,4466.32,4466.32
1974-04-03,4454.47,4454.47,4454.47,4454.47
1974-04-04,4443.96,4443.96,4443.96,4443.96
1974-04-05,4403.65,4403.65,4403.65,4403.65
1974-04-09,4448.46,4448.46,4448.46,4448.46
1974-04-10,4427.9,4427.9,4427.9,4427.9
1974-04-11,4444.86,4444.86,4444.86,4444.86
1974-04-12,4461.88,4461.88,4461.88,4461.88
1974-04-16,4573.57,4573.57,4573.57,4573.57
1974-04-17,4533.72,4533.72,4533.72,4533.72
1974-04-18,4583,4583,4583,4583
1974-04-19,4600.41,4600.41,4600.41,4600.41
1974-04-23,4608.32,4608.32,4608.32,4608.32
1974-04-24,4585.22,4585.22,4585.22,4585.22
1974-04-25,4571.26,4571.26,4571.26,4571.26
1974-04-26,4554.3,4554.3,4554.3,4554.3
1974-05-01,4622.35,4622.35,4622.35,4622.35
1974-05-02,4644.26,4644.26,4644.26,4644.26
1974-05-03,4684.68,4684.68,4684.68,4684.68
1974-05-08,4690.78,4690.78,4690.78,4690.78
1974-05-09,4706.47,4706.47,4706.47,4706.47
1974-05-10,4694.31,4694.31,4694.31,4694.31
1974-05-14,4704.42,4704.42,4704.42,4704.42
1974-05-15,4684.91,4684.91,4684.91,4684.91
1974-05-16,4666.06,4666.06,4666.06,4666.06
1974-05-17,4677.32,4677.32,4677.32,4677.32
1974-05-21,4680.58,4680.58,4680.58,4680.58
1974-05-22,4717.86,4717.86,4717.86,4717.86
1974-05-23,4752.29,4752.29,4752.29,4752.29
1974-05-24,4754.19,4754.19,4754.19,4754.19
1974-05-28,4743.33,4743.33,4743.33,4743.33
1974-05-29,4748.98,4748.98,4748.98,4748.98
1974-05-30,4778.36,4778.36,4778.36,4778.36
1974-05-31,4750.44,4750.44,4750.44,4750.44
1974-06-04,4771.86,4771.86,4771.86,4771.86
1974-06-05,4747.01,4747.01,4747.01,4747.01
1974-06-06,4781.49,4781.49,4781.49,4781.49
1974-06-07,4782.27,4782.27,4782.27,4782.27
1974-06-11,4640.45,4640.45,4640.45,4640.45
1974-06-12,4698.49,4698.49,4698.49,4698.49
1974-06-13,4720.6,4720.6,4720.6,4720.6
1974-06-14,4692.47,4692.47,4692.47,4692.47
1974-06-18,4686.04,4686.04,4686.04,4686.04
1974-06-19,4688.53,4688.53,4688.53,4688.53
1974-06-20,4709.48,4709.48,4709.48,4709.48
1974-06-21,4705.24,4705.24,4705.24,4705.24
1974-06-25,4659.9,4659.9,4659.9,4659.9
1974-06-26,4650.46,4650.46,4650.46,4650.46
1974-06-27,4671.82,4671.82,4671.82,4671.82
1974-06-28,4643.2,4643.2,4643.2,4643.2
1974-07-02,4622.15,4622.15,4622.15,4622.15
1974-07-03,4599.51,4599.51,4599.51,4599.51
1974-07-04,4573.77,4573.77,4573.77,4573.77
1974-07-05,4573.62,4573.62,4573.62,4573.62
1974-07-09,4562.46,4562.46,4562.46,4562.46
1974-07-10,4506.98,4506.98,4506.98,4506.98
1974-07-11,4580.52,4580.52,4580.52,4580.52
1974-07-12,4576.41,4576.41,4576.41,4576.41
1974-07-16,4479.88,4479.88,4479.88,4479.88
1974-07-17,4524.98,4524.98,4524.98,4524.98
1974-07-18,4522.09,4522.09,4522.09,4522.09
1974-07-19,4492.86,4492.86,4492.86,4492.86
1974-07-23,4529.16,4529.16,4529.16,4529.16
1974-07-24,4518.23,4518.23,4518.23,4518.23
1974-07-25,4536.54,4536.54,4536.54,4536.54
1974-07-26,4552.43,4552.43,4552.43,4552.43
1974-07-30,4498.22,4498.22,4498.22,4498.22
1974-07-31,4465.06,4465.06,4465.06,4465.06
1974-08-01,4492.42,4492.42,4492.42,4492.42
1974-08-02,4491.52,4491.52,4491.52,4491.52
1974-08-06,4262.92,4262.92,4262.92,4262.92
1974-08-07,4196.07,4196.07,4196.07,4196.07
1974-08-08,4288.96,4288.96,4288.96,4288.96
1974-08-09,4297.4,4297.4,4297.4,4297.4
1974-08-13,4290.53,4290.53,4290.53,4290.53
1974-08-14,4228.53,4228.53,4228.53,4228.53
1974-08-15,4179.82,4179.82,4179.82,4179.82
1974-08-16,4189.46,4189.46,4189.46,4189.46
1974-08-20,4237.62,4237.62,4237.62,4237.62
1974-08-21,4211.25,4211.25,4211.25,4211.25
1974-08-22,4116.24,4116.24,4116.24,4116.24
1974-08-23,4041.28,4041.28,4041.28,4041.28
1974-08-27,3994.99,3994.99,3994.99,3994.99
1974-08-28,4017.11,4017.11,4017.11,4017.11
1974-08-29,3973.14,3973.14,3973.14,3973.14
1974-08-30,3987.62,3987.62,3987.62,3987.62
1974-09-03,4134.35,4134.35,4134.35,4134.35
1974-09-04,4094.27,4094.27,4094.27,4094.27
1974-09-05,4052.68,4052.68,4052.68,4052.68
1974-09-06,4134.03,4134.03,4134.03,4134.03
1974-09-10,4091.82,4091.82,4091.82,4091.82
1974-09-11,4070.61,4070.61,4070.61,4070.61
1974-09-12,4088.46,4088.46,4088.46,4088.46
1974-09-13,4080,4080,4080,4080
1974-09-18,3965.62,3965.62,3965.62,3965.62
1974-09-19,3991.98,3991.98,3991.98,3991.98
1974-09-20,4017.3,4017.3,4017.3,4017.3
1974-09-25,4036.62,4036.62,4036.62,4036.62
1974-09-26,4037.64,4037.64,4037.64,4037.64
1974-09-27,4018.42,4018.42,4018.42,4018.42
1974-10-01,3950,3950,3950,3950
1974-10-02,3854.11,3854.11,3854.11,3854.11
1974-10-03,3803.94,3803.94,3803.94,3803.94
1974-10-04,3755.13,3755.13,3755.13,3755.13
1974-10-08,3605.87,3605.87,3605.87,3605.87
1974-10-09,3546.91,3546.91,3546.91,3546.91
1974-10-10,3355.13,3355.13,3355.13,3355.13
1974-10-15,3601.89,3601.89,3601.89,3601.89
1974-10-16,3670.66,3670.66,3670.66,3670.66
1974-10-17,3715.25,3715.25,3715.25,3715.25
1974-10-18,3699.52,3699.52,3699.52,3699.52
1974-10-22,3696.57,3696.57,3696.57,3696.57
1974-10-23,3657.13,3657.13,3657.13,3657.13
1974-10-24,3678.53,3678.53,3678.53,3678.53
1974-10-25,3627.49,3627.49,3627.49,3627.49
1974-10-29,3403.61,3403.61,3403.61,3403.61
1974-10-30,3513.69,3513.69,3513.69,3513.69
1974-10-31,3478.43,3478.43,3478.43,3478.43
1974-11-01,3594.55,3594.55,3594.55,3594.55
1974-11-06,3558.31,3558.31,3558.31,3558.31
1974-11-07,3578.08,3578.08,3578.08,3578.08
1974-11-08,3612.52,3612.52,3612.52,3612.52
1974-11-12,3732.23,3732.23,3732.23,3732.23
1974-11-13,3773.1,3773.1,3773.1,3773.1
1974-11-14,3775.91,3775.91,3775.91,3775.91
1974-11-15,3795.13,3795.13,3795.13,3795.13
1974-11-19,3738.56,3738.56,3738.56,3738.56
1974-11-20,3707.23,3707.23,3707.23,3707.23
1974-11-21,3694.99,3694.99,3694.99,3694.99
1974-11-22,3665.1,3665.1,3665.1,3665.1
1974-11-26,3823.07,3823.07,3823.07,3823.07
1974-11-27,3860.58,3860.58,3860.58,3860.58
1974-11-28,3929.37,3929.37,3929.37,3929.37
1974-11-29,3918.55,3918.55,3918.55,3918.55
1974-12-03,3974.72,3974.72,3974.72,3974.72
1974-12-04,3953.71,3953.71,3953.71,3953.71
1974-12-05,3908.25,3908.25,3908.25,3908.25
1974-12-06,3904.94,3904.94,3904.94,3904.94
1974-12-10,3970.66,3970.66,3970.66,3970.66
1974-12-11,3943.43,3943.43,3943.43,3943.43
1974-12-12,3931.38,3931.38,3931.38,3931.38
1974-12-13,3920.35,3920.35,3920.35,3920.35
1974-12-17,3902.2,3902.2,3902.2,3902.2
1974-12-18,3903.08,3903.08,3903.08,3903.08
1974-12-19,3916.62,3916.62,3916.62,3916.62
1974-12-20,3903.59,3903.59,3903.59,3903.59
1974-12-24,3867.76,3867.76,3867.76,3867.76
1974-12-25,3834.21,3834.21,3834.21,3834.21
1974-12-26,3896.01,3896.01,3896.01,3896.01
1974-12-27,3889.89,3889.89,3889.89,3889.89
1975-01-07,3717.58,3717.58,3717.58,3717.58
1975-01-08,3742.58,3742.58,3742.58,3742.58
1975-01-09,3676.02,3676.02,3676.02,3676.02
1975-01-10,3652.53,3652.53,3652.53,3652.53
1975-01-14,3657.82,3657.82,3657.82,3657.82
1975-01-15,3721.75,3721.75,3721.75,3721.75
1975-01-17,3741.2,3741.2,3741.2,3741.2
1975-01-21,3823.32,3823.32,3823.32,3823.32
1975-01-22,3791.62,3791.62,3791.62,3791.62
1975-01-23,3765.96,3765.96,3765.96,3765.96
1975-01-24,3752.16,3752.16,3752.16,3752.16
1975-01-28,3781.09,3781.09,3781.09,3781.09
1975-01-29,3841.98,3841.98,3841.98,3841.98
1975-01-30,3886.09,3886.09,3886.09,3886.09
1975-01-31,3949.11,3949.11,3949.11,3949.11
1975-02-04,3998.59,3998.59,3998.59,3998.59
1975-02-05,4003.75,4003.75,4003.75,4003.75
1975-02-06,4037.78,4037.78,4037.78,4037.78
1975-02-07,4038.35,4038.35,4038.35,4038.35
1975-02-11,4092.3,4092.3,4092.3,4092.3
1975-02-13,4094.31,4094.31,4094.31,4094.31
1975-02-14,4120.89,4120.89,4120.89,4120.89
1975-02-18,4139.51,4139.51,4139.51,4139.51
1975-02-19,4084.93,4084.93,4084.93,4084.93
1975-02-20,4053.53,4053.53,4053.53,4053.53
1975-02-21,4095.39,4095.39,4095.39,4095.39
1975-02-25,4182.86,4182.86,4182.86,4182.86
1975-02-26,4185.5,4185.5,4185.5,4185.5
1975-02-27,4206.32,4206.32,4206.32,4206.32
1975-02-28,4246.59,4246.59,4246.59,4246.59
1975-03-04,4302.04,4302.04,4302.04,4302.04
1975-03-05,4265.79,4265.79,4265.79,4265.79
1975-03-06,4257.42,4257.42,4257.42,4257.42
1975-03-07,4260.3,4260.3,4260.3,4260.3
1975-03-11,4330.14,4330.14,4330.14,4330.14
1975-03-12,4320.95,4320.95,4320.95,4320.95
1975-03-13,4348.07,4348.07,4348.07,4348.07
1975-03-14,4301.32,4301.32,4301.32,4301.32
1975-03-18,4273.3,4273.3,4273.3,4273.3
1975-03-19,4293.46,4293.46,4293.46,4293.46
1975-03-20,4274.38,4274.38,4274.38,4274.38
1975-03-21,4246.98,4246.98,4246.98,4246.98
1975-03-25,4226.87,4226.87,4226.87,4226.87
1975-03-26,4247.49,4247.49,4247.49,4247.49
1975-03-27,4260.52,4260.52,4260.52,4260.52
1975-03-28,4320.57,4320.57,4320.57,4320.57
1975-04-01,4484.97,4484.97,4484.97,4484.97
1975-04-02,4478.97,4478.97,4478.97,4478.97
1975-04-03,4492.29,4492.29,4492.29,4492.29
1975-04-04,4494.03,4494.03,4494.03,4494.03
1975-04-08,4394.68,4394.68,4394.68,4394.68
1975-04-09,4405.12,4405.12,4405.12,4405.12
1975-04-10,4450.96,4450.96,4450.96,4450.96
1975-04-11,4461.86,4461.86,4461.86,4461.86
1975-04-15,4473.18,4473.18,4473.18,4473.18
1975-04-16,4443.57,4443.57,4443.57,4443.57
1975-04-17,4421.65,4421.65,4421.65,4421.65
1975-04-18,4422.71,4422.71,4422.71,4422.71
1975-04-22,4398.62,4398.62,4398.62,4398.62
1975-04-23,4355.11,4355.11,4355.11,4355.11
1975-04-24,4371.97,4371.97,4371.97,4371.97
1975-04-25,4365.34,4365.34,4365.34,4365.34
1975-04-29,4474.5,4474.5,4474.5,4474.5
1975-05-01,4484.84,4484.84,4484.84,4484.84
1975-05-02,4504.31,4504.31,4504.31,4504.31
1975-05-07,4548.4,4548.4,4548.4,4548.4
1975-05-08,4546.46,4546.46,4546.46,4546.46
1975-05-09,4552.61,4552.61,4552.61,4552.61
1975-05-13,4564.52,4564.52,4564.52,4564.52
1975-05-14,4515.16,4515.16,4515.16,4515.16
1975-05-15,4522.63,4522.63,4522.63,4522.63
1975-05-16,4551.6,4551.6,4551.6,4551.6
1975-05-20,4511.36,4511.36,4511.36,4511.36
1975-05-21,4518.77,4518.77,4518.77,4518.77
1975-05-22,4504.68,4504.68,4504.68,4504.68
1975-05-23,4521.48,4521.48,4521.48,4521.48
1975-05-27,4457.38,4457.38,4457.38,4457.38
1975-05-28,4469.59,4469.59,4469.59,4469.59
1975-05-29,4459.16,4459.16,4459.16,4459.16
1975-05-30,4423.4,4423.4,4423.4,4423.4
1975-06-03,4378.51,4378.51,4378.51,4378.51
1975-06-04,4399.94,4399.94,4399.94,4399.94
1975-06-05,4466.64,4466.64,4466.64,4466.64
1975-06-06,4486.78,4486.78,4486.78,4486.78
1975-06-10,4489.02,4489.02,4489.02,4489.02
1975-06-11,4476,4476,4476,4476
1975-06-12,4490.46,4490.46,4490.46,4490.46
1975-06-13,4473.92,4473.92,4473.92,4473.92
1975-06-17,4506.2,4506.2,4506.2,4506.2
1975-06-18,4510.23,4510.23,4510.23,4510.23
1975-06-19,4498.19,4498.19,4498.19,4498.19
1975-06-20,4496.99,4496.99,4496.99,4496.99
1975-06-24,4500.25,4500.25,4500.25,4500.25
1975-06-25,4523.69,4523.69,4523.69,4523.69
1975-06-26,4515.61,4515.61,4515.61,4515.61
1975-06-27,4485,4485,4485,4485
1975-07-01,4532.54,4532.54,4532.54,4532.54
1975-07-02,4541.25,4541.25,4541.25,4541.25
1975-07-03,4531.44,4531.44,4531.44,4531.44
1975-07-04,4491.47,4491.47,4491.47,4491.47
1975-07-08,4410.6,4410.6,4410.6,4410.6
1975-07-09,4389.93,4389.93,4389.93,4389.93
1975-07-10,4413.17,4413.17,4413.17,4413.17
1975-07-11,4408.37,4408.37,4408.37,4408.37
1975-07-15,4427.54,4427.54,4427.54,4427.54
1975-07-16,4432.02,4432.02,4432.02,4432.02
1975-07-17,4435.25,4435.25,4435.25,4435.25
1975-07-18,4395.73,4395.73,4395.73,4395.73
1975-07-22,4303.38,4303.38,4303.38,4303.38
1975-07-23,4302.29,4302.29,4302.29,4302.29
1975-07-24,4321.48,4321.48,4321.48,4321.48
1975-07-25,4306.8,4306.8,4306.8,4306.8
1975-07-29,4290.96,4290.96,4290.96,4290.96
1975-07-30,4329.95,4329.95,4329.95,4329.95
1975-07-31,4311.31,4311.31,4311.31,4311.31
1975-08-01,4333.04,4333.04,4333.04,4333.04
1975-08-05,4305.01,4305.01,4305.01,4305.01
1975-08-06,4259.23,4259.23,4259.23,4259.23
1975-08-07,4238.96,4238.96,4238.96,4238.96
1975-08-08,4215.88,4215.88,4215.88,4215.88
1975-08-12,4240.62,4240.62,4240.62,4240.62
1975-08-13,4217.49,4217.49,4217.49,4217.49
1975-08-14,4194.49,4194.49,4194.49,4194.49
1975-08-15,4205.73,4205.73,4205.73,4205.73
1975-08-19,4238.6,4238.6,4238.6,4238.6
1975-08-20,4224.86,4224.86,4224.86,4224.86
1975-08-21,4183.97,4183.97,4183.97,4183.97
1975-08-22,4159.79,4159.79,4159.79,4159.79
1975-08-26,4098.59,4098.59,4098.59,4098.59
1975-08-27,4051.04,4051.04,4051.04,4051.04
1975-08-28,4036.34,4036.34,4036.34,4036.34
1975-08-29,4007.14,4007.14,4007.14,4007.14
1975-09-02,4045.98,4045.98,4045.98,4045.98
1975-09-03,4047.82,4047.82,4047.82,4047.82
1975-09-04,4011.35,4011.35,4011.35,4011.35
1975-09-05,3949.53,3949.53,3949.53,3949.53
1975-09-09,3972.8,3972.8,3972.8,3972.8
1975-09-10,3947.12,3947.12,3947.12,3947.12
1975-09-11,3963.02,3963.02,3963.02,3963.02
1975-09-12,4002.89,4002.89,4002.89,4002.89
1975-09-17,4031.75,4031.75,4031.75,4031.75
1975-09-18,4024.94,4024.94,4024.94,4024.94
1975-09-19,3992.91,3992.91,3992.91,3992.91
1975-09-23,3934.18,3934.18,3934.18,3934.18
1975-09-24,3942.3,3942.3,3942.3,3942.3
1975-09-26,3933.32,3933.32,3933.32,3933.32
1975-09-30,3814.02,3814.02,3814.02,3814.02
1975-10-01,3886.39,3886.39,3886.39,3886.39
1975-10-02,3870.11,3870.11,3870.11,3870.11
1975-10-03,3891.09,3891.09,3891.09,3891.09
1975-10-07,4101.68,4101.68,4101.68,4101.68
1975-10-08,4100.82,4100.82,4100.82,4100.82
1975-10-09,4149.5,4149.5,4149.5,4149.5
1975-10-10,4201.62,4201.62,4201.62,4201.62
1975-10-14,4180.64,4180.64,4180.64,4180.64
1975-10-15,4213.81,4213.81,4213.81,4213.81
1975-10-16,4234.97,4234.97,4234.97,4234.97
1975-10-17,4233.15,4233.15,4233.15,4233.15
1975-10-21,4289.2,4289.2,4289.2,4289.2
1975-10-22,4260.59,4260.59,4260.59,4260.59
1975-10-23,4294.16,4294.16,4294.16,4294.16
1975-10-24,4296.66,4296.66,4296.66,4296.66
1975-10-28,4332.79,4332.79,4332.79,4332.79
1975-10-29,4320.1,4320.1,4320.1,4320.1
1975-10-30,4360.42,4360.42,4360.42,4360.42
1975-10-31,4322.33,4322.33,4322.33,4322.33
1975-11-05,4339.48,4339.48,4339.48,4339.48
1975-11-06,4306.9,4306.9,4306.9,4306.9
1975-11-07,4282.26,4282.26,4282.26,4282.26
1975-11-11,4354.96,4354.96,4354.96,4354.96
1975-11-12,4335.39,4335.39,4335.39,4335.39
1975-11-13,4337.65,4337.65,4337.65,4337.65
1975-11-14,4309.88,4309.88,4309.88,4309.88
1975-11-18,4312.07,4312.07,4312.07,4312.07
1975-11-19,4318.36,4318.36,4318.36,4318.36
1975-11-20,4282.39,4282.39,4282.39,4282.39
1975-11-21,4307.77,4307.77,4307.77,4307.77
1975-11-26,4245.39,4245.39,4245.39,4245.39
1975-11-27,4301.72,4301.72,4301.72,4301.72
1975-11-28,4323.22,4323.22,4323.22,4323.22
1975-12-02,4306.75,4306.75,4306.75,4306.75
1975-12-03,4305.2,4305.2,4305.2,4305.2
1975-12-04,4331.88,4331.88,4331.88,4331.88
1975-12-05,4307.17,4307.17,4307.17,4307.17
1975-12-09,4267.49,4267.49,4267.49,4267.49
1975-12-10,4233.02,4233.02,4233.02,4233.02
1975-12-11,4249.12,4249.12,4249.12,4249.12
1975-12-12,4249.55,4249.55,4249.55,4249.55
1975-12-16,4225.05,4225.05,4225.05,4225.05
1975-12-17,4212.16,4212.16,4212.16,4212.16
1975-12-18,4177.12,4177.12,4177.12,4177.12
1975-12-19,4181.54,4181.54,4181.54,4181.54
1975-12-23,4235.01,4235.01,4235.01,4235.01
1975-12-24,4222.4,4222.4,4222.4,4222.4
1975-12-25,4258.3,4258.3,4258.3,4258.3
1975-12-26,4310.25,4310.25,4310.25,4310.25
1976-01-06,4403.06,4403.06,4403.06,4403.06
1976-01-07,4449.7,4449.7,4449.7,4449.7
1976-01-08,4469.1,4469.1,4469.1,4469.1
1976-01-09,4485.77,4485.77,4485.77,4485.77
1976-01-13,4580.77,4580.77,4580.77,4580.77
1976-01-14,4588.46,4588.46,4588.46,4588.46
1976-01-15,4605.19,4605.19,4605.19,4605.19
1976-01-20,4609.26,4609.26,4609.26,4609.26
1976-01-21,4627.02,4627.02,4627.02,4627.02
1976-01-22,4617.4,4617.4,4617.4,4617.4
1976-01-23,4568.16,4568.16,4568.16,4568.16
1976-01-27,4639.62,4639.62,4639.62,4639.62
1976-01-28,4660.46,4660.46,4660.46,4660.46
1976-01-29,4637.41,4637.41,4637.41,4637.41
1976-01-30,4626.85,4626.85,4626.85,4626.85
1976-02-03,4670.29,4670.29,4670.29,4670.29
1976-02-04,4631.42,4631.42,4631.42,4631.42
1976-02-05,4649.69,4649.69,4649.69,4649.69
1976-02-06,4633.95,4633.95,4633.95,4633.95
1976-02-10,4519.02,4519.02,4519.02,4519.02
1976-02-11,4520.5,4520.5,4520.5,4520.5
1976-02-13,4537.79,4537.79,4537.79,4537.79
1976-02-17,4539.5,4539.5,4539.5,4539.5
1976-02-18,4540.55,4540.55,4540.55,4540.55
1976-02-19,4506.66,4506.66,4506.66,4506.66
1976-02-20,4461.63,4461.63,4461.63,4461.63
1976-02-24,4496.37,4496.37,4496.37,4496.37
1976-02-25,4500.53,4500.53,4500.53,4500.53
1976-02-26,4554.33,4554.33,4554.33,4554.33
1976-02-27,4599.4,4599.4,4599.4,4599.4
1976-03-02,4630.53,4630.53,4630.53,4630.53
1976-03-03,4622.71,4622.71,4622.71,4622.71
1976-03-04,4618.48,4618.48,4618.48,4618.48
1976-03-05,4610.28,4610.28,4610.28,4610.28
1976-03-09,4592.5,4592.5,4592.5,4592.5
1976-03-10,4587.44,4587.44,4587.44,4587.44
1976-03-11,4607.5,4607.5,4607.5,4607.5
1976-03-12,4611.22,4611.22,4611.22,4611.22
1976-03-16,4607.3,4607.3,4607.3,4607.3
1976-03-17,4590.91,4590.91,4590.91,4590.91
1976-03-18,4582.94,4582.94,4582.94,4582.94
1976-03-19,4601.87,4601.87,4601.87,4601.87
1976-03-23,4625.74,4625.74,4625.74,4625.74
1976-03-24,4626.47,4626.47,4626.47,4626.47
1976-03-25,4635.45,4635.45,4635.45,4635.45
1976-03-26,4622.7,4622.7,4622.7,4622.7
1976-03-30,4566.7,4566.7,4566.7,4566.7
1976-03-31,4552.53,4552.53,4552.53,4552.53
1976-04-01,4596.48,4596.48,4596.48,4596.48
1976-04-02,4581.82,4581.82,4581.82,4581.82
1976-04-06,4511.88,4511.88,4511.88,4511.88
1976-04-07,4479.97,4479.97,4479.97,4479.97
1976-04-08,4522.53,4522.53,4522.53,4522.53
1976-04-09,4500.51,4500.51,4500.51,4500.51
1976-04-13,4423.1,4423.1,4423.1,4423.1
1976-04-14,4408.21,4408.21,4408.21,4408.21
1976-04-15,4413.19,4413.19,4413.19,4413.19
1976-04-16,4457.73,4457.73,4457.73,4457.73
1976-04-20,4477.42,4477.42,4477.42,4477.42
1976-04-21,4508.8,4508.8,4508.8,4508.8
1976-04-22,4535.82,4535.82,4535.82,4535.82
1976-04-23,4553.08,4553.08,4553.08,4553.08
1976-04-27,4566.07,4566.07,4566.07,4566.07
1976-04-28,4614.94,4614.94,4614.94,4614.94
1976-04-29,4641.76,4641.76,4641.76,4641.76
1976-05-05,4638.13,4638.13,4638.13,4638.13
1976-05-07,4581.71,4581.71,4581.71,4581.71
1976-05-11,4631.18,4631.18,4631.18,4631.18
1976-05-12,4625.98,4625.98,4625.98,4625.98
1976-05-13,4615.11,4615.11,4615.11,4615.11
1976-05-14,4648.06,4648.06,4648.06,4648.06
1976-05-18,4630.63,4630.63,4630.63,4630.63
1976-05-19,4573.29,4573.29,4573.29,4573.29
1976-05-20,4587.8,4587.8,4587.8,4587.8
1976-05-21,4602.62,4602.62,4602.62,4602.62
1976-05-25,4589.9,4589.9,4589.9,4589.9
1976-05-26,4569.08,4569.08,4569.08,4569.08
1976-05-27,4588.15,4588.15,4588.15,4588.15
1976-05-28,4570.72,4570.72,4570.72,4570.72
1976-06-01,4659.46,4659.46,4659.46,4659.46
1976-06-02,4686,4686,4686,4686
1976-06-03,4706.5,4706.5,4706.5,4706.5
1976-06-04,4727.71,4727.71,4727.71,4727.71
1976-06-08,4733.95,4733.95,4733.95,4733.95
1976-06-09,4699.96,4699.96,4699.96,4699.96
1976-06-10,4705.88,4705.88,4705.88,4705.88
1976-06-11,4689.35,4689.35,4689.35,4689.35
1976-06-15,4707.05,4707.05,4707.05,4707.05
1976-06-16,4737.7,4737.7,4737.7,4737.7
1976-06-17,4753.44,4753.44,4753.44,4753.44
1976-06-18,4737.33,4737.33,4737.33,4737.33
1976-06-22,4739.26,4739.26,4739.26,4739.26
1976-06-23,4700.85,4700.85,4700.85,4700.85
1976-06-24,4703.17,4703.17,4703.17,4703.17
1976-06-25,4708.53,4708.53,4708.53,4708.53
1976-06-29,4794.68,4794.68,4794.68,4794.68
1976-06-30,4823.92,4823.92,4823.92,4823.92
1976-07-01,4852.13,4852.13,4852.13,4852.13
1976-07-02,4865.55,4865.55,4865.55,4865.55
1976-07-06,4846.5,4846.5,4846.5,4846.5
1976-07-07,4843.28,4843.28,4843.28,4843.28
1976-07-08,4854.54,4854.54,4854.54,4854.54
1976-07-09,4814.17,4814.17,4814.17,4814.17
1976-07-13,4808.03,4808.03,4808.03,4808.03
1976-07-14,4775.4,4775.4,4775.4,4775.4
1976-07-15,4746.39,4746.39,4746.39,4746.39
1976-07-16,4695.68,4695.68,4695.68,4695.68
1976-07-20,4688.49,4688.49,4688.49,4688.49
1976-07-21,4706.81,4706.81,4706.81,4706.81
1976-07-22,4697.09,4697.09,4697.09,4697.09
1976-07-23,4705.24,4705.24,4705.24,4705.24
1976-07-27,4667.1,4667.1,4667.1,4667.1
1976-07-28,4679.51,4679.51,4679.51,4679.51
1976-07-29,4678.22,4678.22,4678.22,4678.22
1976-07-30,4646.6,4646.6,4646.6,4646.6
1976-08-03,4640.89,4640.89,4640.89,4640.89
1976-08-04,4651.58,4651.58,4651.58,4651.58
1976-08-05,4693.97,4693.97,4693.97,4693.97
1976-08-06,4707.9,4707.9,4707.9,4707.9
1976-08-10,4711.89,4711.89,4711.89,4711.89
1976-08-11,4725.98,4725.98,4725.98,4725.98
1976-08-12,4743.93,4743.93,4743.93,4743.93
1976-08-13,4730.78,4730.78,4730.78,4730.78
1976-08-17,4722.83,4722.83,4722.83,4722.83
1976-08-18,4729.9,4729.9,4729.9,4729.9
1976-08-19,4732.63,4732.63,4732.63,4732.63
1976-08-20,4734.06,4734.06,4734.06,4734.06
1976-08-24,4696.64,4696.64,4696.64,4696.64
1976-08-25,4697.31,4697.31,4697.31,4697.31
1976-08-26,4695.03,4695.03,4695.03,4695.03
1976-08-27,4682.3,4682.3,4682.3,4682.3
1976-08-31,4696.84,4696.84,4696.84,4696.84
1976-09-01,4738.14,4738.14,4738.14,4738.14
1976-09-02,4786.15,4786.15,4786.15,4786.15
1976-09-03,4781.81,4781.81,4781.81,4781.81
1976-09-07,4739.34,4739.34,4739.34,4739.34
1976-09-08,4700.81,4700.81,4700.81,4700.81
1976-09-09,4699.45,4699.45,4699.45,4699.45
1976-09-10,4676.57,4676.57,4676.57,4676.57
1976-09-14,4729.7,4729.7,4729.7,4729.7
1976-09-15,4702.84,4702.84,4702.84,4702.84
1976-09-17,4710.97,4710.97,4710.97,4710.97
1976-09-21,4726.55,4726.55,4726.55,4726.55
1976-09-22,4738.6,4738.6,4738.6,4738.6
1976-09-23,4744.5,4744.5,4744.5,4744.5
1976-09-28,4722.06,4722.06,4722.06,4722.06
1976-09-29,4781.79,4781.79,4781.79,4781.79
1976-09-30,4834.09,4834.09,4834.09,4834.09
1976-10-01,4830.4,4830.4,4830.4,4830.4
1976-10-05,4835.27,4835.27,4835.27,4835.27
1976-10-06,4829.94,4829.94,4829.94,4829.94
1976-10-07,4825.31,4825.31,4825.31,4825.31
1976-10-08,4804.61,4804.61,4804.61,4804.61
1976-10-13,4693.24,4693.24,4693.24,4693.24
1976-10-14,4704.5,4704.5,4704.5,4704.5
1976-10-15,4703.37,4703.37,4703.37,4703.37
1976-10-19,4684.37,4684.37,4684.37,4684.37
1976-10-20,4645.32,4645.32,4645.32,4645.32
1976-10-21,4626.99,4626.99,4626.99,4626.99
1976-10-22,4637.91,4637.91,4637.91,4637.91
1976-10-26,4615.5,4615.5,4615.5,4615.5
1976-10-27,4618.53,4618.53,4618.53,4618.53
1976-10-28,4633.2,4633.2,4633.2,4633.2
1976-10-29,4641.03,4641.03,4641.03,4641.03
1976-11-02,4645.54,4645.54,4645.54,4645.54
1976-11-03,4619.04,4619.04,4619.04,4619.04
1976-11-05,4575.74,4575.74,4575.74,4575.74
1976-11-09,4528.61,4528.61,4528.61,4528.61
1976-11-10,4558.9,4558.9,4558.9,4558.9
1976-11-11,4598.94,4598.94,4598.94,4598.94
1976-11-12,4586.92,4586.92,4586.92,4586.92
1976-11-16,4553.16,4553.16,4553.16,4553.16
1976-11-17,4518.71,4518.71,4518.71,4518.71
1976-11-18,4514.19,4514.19,4514.19,4514.19
1976-11-19,4459.91,4459.91,4459.91,4459.91
1976-11-23,4478.14,4478.14,4478.14,4478.14
1976-11-25,4534.17,4534.17,4534.17,4534.17
1976-11-26,4561.67,4561.67,4561.67,4561.67
1976-11-30,4541.61,4541.61,4541.61,4541.61
1976-12-01,4506.6,4506.6,4506.6,4506.6
1976-12-02,4504.78,4504.78,4504.78,4504.78
1976-12-03,4496.5,4496.5,4496.5,4496.5
1976-12-07,4585.94,4585.94,4585.94,4585.94
1976-12-08,4650.62,4650.62,4650.62,4650.62
1976-12-09,4717.58,4717.58,4717.58,4717.58
1976-12-10,4765.62,4765.62,4765.62,4765.62
1976-12-14,4751.49,4751.49,4751.49,4751.49
1976-12-15,4731.05,4731.05,4731.05,4731.05
1976-12-16,4764.03,4764.03,4764.03,4764.03
1976-12-17,4765.07,4765.07,4765.07,4765.07
1976-12-21,4820.11,4820.11,4820.11,4820.11
1976-12-22,4863.53,4863.53,4863.53,4863.53
1976-12-23,4911.83,4911.83,4911.83,4911.83
1976-12-24,4909.48,4909.48,4909.48,4909.48
1976-12-28,4973.69,4973.69,4973.69,4973.69
1976-12-29,4990.85,4990.85,4990.85,4990.85
1977-01-05,4998.85,4998.85,4998.85,4998.85
1977-01-06,4983.57,4983.57,4983.57,4983.57
1977-01-07,4950.77,4950.77,4950.77,4950.77
1977-01-11,5008.27,5008.27,5008.27,5008.27
1977-01-12,4937.07,4937.07,4937.07,4937.07
1977-01-13,4928.09,4928.09,4928.09,4928.09
1977-01-14,4958.01,4958.01,4958.01,4958.01
1977-01-18,4983.01,4983.01,4983.01,4983.01
1977-01-19,4942.81,4942.81,4942.81,4942.81
1977-01-20,4989.51,4989.51,4989.51,4989.51
1977-01-21,4992.26,4992.26,4992.26,4992.26
1977-01-25,5054.11,5054.11,5054.11,5054.11
1977-01-26,5044.55,5044.55,5044.55,5044.55
1977-01-27,5073,5073,5073,5073
1977-01-28,5046,5046,5046,5046
1977-02-01,4962.47,4962.47,4962.47,4962.47
1977-02-02,5008.32,5008.32,5008.32,5008.32
1977-02-03,5071.97,5071.97,5071.97,5071.97
1977-02-04,5046.6,5046.6,5046.6,5046.6
1977-02-08,5078.75,5078.75,5078.75,5078.75
1977-02-09,5086.7,5086.7,5086.7,5086.7
1977-02-10,5068.11,5068.11,5068.11,5068.11
1977-02-11,5053.92,5053.92,5053.92,5053.92
1977-02-15,4979.03,4979.03,4979.03,4979.03
1977-02-16,4987.8,4987.8,4987.8,4987.8
1977-02-17,5014.17,5014.17,5014.17,5014.17
1977-02-18,5056.5,5056.5,5056.5,5056.5
1977-02-22,5023.52,5023.52,5023.52,5023.52
1977-02-23,5024.58,5024.58,5024.58,5024.58
1977-02-24,5037.91,5037.91,5037.91,5037.91
1977-02-25,5041.71,5041.71,5041.71,5041.71
1977-03-01,5079.11,5079.11,5079.11,5079.11
1977-03-02,5073.65,5073.65,5073.65,5073.65
1977-03-03,5057.65,5057.65,5057.65,5057.65
1977-03-04,5056.89,5056.89,5056.89,5056.89
1977-03-08,5034.52,5034.52,5034.52,5034.52
1977-03-09,5009.54,5009.54,5009.54,5009.54
1977-03-10,5011.14,5011.14,5011.14,5011.14
1977-03-11,5011.52,5011.52,5011.52,5011.52
1977-03-15,4962.6,4962.6,4962.6,4962.6
1977-03-16,4997.06,4997.06,4997.06,4997.06
1977-03-17,4998.61,4998.61,4998.61,4998.61
1977-03-18,4988.85,4988.85,4988.85,4988.85
1977-03-23,4989.09,4989.09,4989.09,4989.09
1977-03-24,4978.34,4978.34,4978.34,4978.34
1977-03-25,4961.8,4961.8,4961.8,4961.8
1977-03-29,4978.25,4978.25,4978.25,4978.25
1977-03-30,4987.99,4987.99,4987.99,4987.99
1977-03-31,5011.75,5011.75,5011.75,5011.75
1977-04-01,5036.46,5036.46,5036.46,5036.46
1977-04-05,4970.68,4970.68,4970.68,4970.68
1977-04-06,4879.53,4879.53,4879.53,4879.53
1977-04-07,4893.32,4893.32,4893.32,4893.32
1977-04-08,4870.24,4870.24,4870.24,4870.24
1977-04-12,4926.56,4926.56,4926.56,4926.56
1977-04-13,4969,4969,4969,4969
1977-04-14,5011.6,5011.6,5011.6,5011.6
1977-04-15,5021.13,5021.13,5021.13,5021.13
1977-04-19,5034.77,5034.77,5034.77,5034.77
1977-04-20,5075.43,5075.43,5075.43,5075.43
1977-04-21,5118.44,5118.44,5118.44,5118.44
1977-04-22,5157.07,5157.07,5157.07,5157.07
1977-04-26,5102.9,5102.9,5102.9,5102.9
1977-04-27,5092.9,5092.9,5092.9,5092.9
1977-04-28,5091.96,5091.96,5091.96,5091.96
1977-04-29,5099.05,5099.05,5099.05,5099.05
1977-05-03,5132.89,5132.89,5132.89,5132.89
1977-05-05,5141.86,5141.86,5141.86,5141.86
1977-05-10,5124.21,5124.21,5124.21,5124.21
1977-05-11,5088.57,5088.57,5088.57,5088.57
1977-05-12,5079.61,5079.61,5079.61,5079.61
1977-05-13,5048.99,5048.99,5048.99,5048.99
1977-05-17,5044.51,5044.51,5044.51,5044.51
1977-05-18,5036.81,5036.81,5036.81,5036.81
1977-05-19,5032.86,5032.86,5032.86,5032.86
1977-05-20,5024.38,5024.38,5024.38,5024.38
1977-05-24,5027.61,5027.61,5027.61,5027.61
1977-05-25,5023.88,5023.88,5023.88,5023.88
1977-05-26,5022.04,5022.04,5022.04,5022.04
1977-05-27,4989.27,4989.27,4989.27,4989.27
1977-05-31,4986.3,4986.3,4986.3,4986.3
1977-06-01,5026.14,5026.14,5026.14,5026.14
1977-06-02,5014.5,5014.5,5014.5,5014.5
1977-06-03,4992.16,4992.16,4992.16,4992.16
1977-06-07,5012.06,5012.06,5012.06,5012.06
1977-06-08,4965.43,4965.43,4965.43,4965.43
1977-06-09,4954.83,4954.83,4954.83,4954.83
1977-06-10,4955.3,4955.3,4955.3,4955.3
1977-06-14,4926.49,4926.49,4926.49,4926.49
1977-06-15,4913.68,4913.68,4913.68,4913.68
1977-06-16,4918.57,4918.57,4918.57,4918.57
1977-06-17,4970.19,4970.19,4970.19,4970.19
1977-06-21,4973.92,4973.92,4973.92,4973.92
1977-06-22,4956.64,4956.64,4956.64,4956.64
1977-06-23,4935.25,4935.25,4935.25,4935.25
1977-06-24,4950.55,4950.55,4950.55,4950.55
1977-06-28,4999.53,4999.53,4999.53,4999.53
1977-06-29,5006.79,5006.79,5006.79,5006.79
1977-06-30,4989.09,4989.09,4989.09,4989.09
1977-07-01,4975.93,4975.93,4975.93,4975.93
1977-07-05,4977.98,4977.98,4977.98,4977.98
1977-07-06,4942.51,4942.51,4942.51,4942.51
1977-07-07,4972.49,4972.49,4972.49,4972.49
1977-07-08,4985.46,4985.46,4985.46,4985.46
1977-07-12,5079.27,5079.27,5079.27,5079.27
1977-07-13,5057.95,5057.95,5057.95,5057.95
1977-07-14,5054.54,5054.54,5054.54,5054.54
1977-07-15,5028.78,5028.78,5028.78,5028.78
1977-07-19,5001.02,5001.02,5001.02,5001.02
1977-07-20,4954.07,4954.07,4954.07,4954.07
1977-07-21,4963.45,4963.45,4963.45,4963.45
1977-07-22,4970.58,4970.58,4970.58,4970.58
1977-07-26,4936.39,4936.39,4936.39,4936.39
1977-07-27,4916.57,4916.57,4916.57,4916.57
1977-07-28,4903.94,4903.94,4903.94,4903.94
1977-07-29,4849.35,4849.35,4849.35,4849.35
1977-08-02,4970.71,4970.71,4970.71,4970.71
1977-08-03,5011.74,5011.74,5011.74,5011.74
1977-08-04,5059.13,5059.13,5059.13,5059.13
1977-08-05,5061.34,5061.34,5061.34,5061.34
1977-08-09,5076.09,5076.09,5076.09,5076.09
1977-08-10,5066.64,5066.64,5066.64,5066.64
1977-08-11,5092.79,5092.79,5092.79,5092.79
1977-08-12,5133.99,5133.99,5133.99,5133.99
1977-08-16,5202.01,5202.01,5202.01,5202.01
1977-08-17,5231.58,5231.58,5231.58,5231.58
1977-08-18,5216.02,5216.02,5216.02,5216.02
1977-08-19,5220.26,5220.26,5220.26,5220.26
1977-08-23,5165.04,5165.04,5165.04,5165.04
1977-08-24,5183.6,5183.6,5183.6,5183.6
1977-08-25,5150.24,5150.24,5150.24,5150.24
1977-08-26,5180.36,5180.36,5180.36,5180.36
1977-08-30,5234.18,5234.18,5234.18,5234.18
1977-08-31,5242.93,5242.93,5242.93,5242.93
1977-09-01,5243.46,5243.46,5243.46,5243.46
1977-09-02,5238.6,5238.6,5238.6,5238.6
1977-09-06,5287.65,5287.65,5287.65,5287.65
1977-09-07,5270.77,5270.77,5270.77,5270.77
1977-09-08,5280.31,5280.31,5280.31,5280.31
1977-09-09,5251.33,5251.33,5251.33,5251.33
1977-09-13,5203.16,5203.16,5203.16,5203.16
1977-09-14,5201.93,5201.93,5201.93,5201.93
1977-09-15,5206.17,5206.17,5206.17,5206.17
1977-09-20,5177.71,5177.71,5177.71,5177.71
1977-09-21,5196.09,5196.09,5196.09,5196.09
1977-09-22,5188.49,5188.49,5188.49,5188.49
1977-09-23,5157.3,5157.3,5157.3,5157.3
1977-09-27,5159.77,5159.77,5159.77,5159.77
1977-09-28,5185,5185,5185,5185
1977-09-29,5222.45,5222.45,5222.45,5222.45
1977-09-30,5264.74,5264.74,5264.74,5264.74
1977-10-04,5262.26,5262.26,5262.26,5262.26
1977-10-05,5223.09,5223.09,5223.09,5223.09
1977-10-06,5246.49,5246.49,5246.49,5246.49
1977-10-07,5237.43,5237.43,5237.43,5237.43
1977-10-12,5138.06,5138.06,5138.06,5138.06
1977-10-13,5188.39,5188.39,5188.39,5188.39
1977-10-14,5152.86,5152.86,5152.86,5152.86
1977-10-18,5108.28,5108.28,5108.28,5108.28
1977-10-19,5110.8,5110.8,5110.8,5110.8
1977-10-20,5142.58,5142.58,5142.58,5142.58
1977-10-21,5150.05,5150.05,5150.05,5150.05
1977-10-25,5134.15,5134.15,5134.15,5134.15
1977-10-26,5127.56,5127.56,5127.56,5127.56
1977-10-27,5121.54,5121.54,5121.54,5121.54
1977-10-28,5120.52,5120.52,5120.52,5120.52
1977-11-01,5079.61,5079.61,5079.61,5079.61
1977-11-02,5021.08,5021.08,5021.08,5021.08
1977-11-03,5024.82,5024.82,5024.82,5024.82
1977-11-08,5024.28,5024.28,5024.28,5024.28
1977-11-09,4976.43,4976.43,4976.43,4976.43
1977-11-10,4974.65,4974.65,4974.65,4974.65
1977-11-11,4941.21,4941.21,4941.21,4941.21
1977-11-15,4996.35,4996.35,4996.35,4996.35
1977-11-16,4951.79,4951.79,4951.79,4951.79
1977-11-17,4903.5,4903.5,4903.5,4903.5
1977-11-18,4836.52,4836.52,4836.52,4836.52
1977-11-22,4829.23,4829.23,4829.23,4829.23
1977-11-23,4723.74,4723.74,4723.74,4723.74
1977-11-25,4597.26,4597.26,4597.26,4597.26
1977-11-29,4822.5,4822.5,4822.5,4822.5
1977-11-30,4849.56,4849.56,4849.56,4849.56
1977-12-01,4936.89,4936.89,4936.89,4936.89
1977-12-02,4913.12,4913.12,4913.12,4913.12
1977-12-06,4904.4,4904.4,4904.4,4904.4
1977-12-07,4886.68,4886.68,4886.68,4886.68
1977-12-08,4815.92,4815.92,4815.92,4815.92
1977-12-09,4843.33,4843.33,4843.33,4843.33
1977-12-13,4808.97,4808.97,4808.97,4808.97
1977-12-14,4778.53,4778.53,4778.53,4778.53
1977-12-15,4808.97,4808.97,4808.97,4808.97
1977-12-16,4797.04,4797.04,4797.04,4797.04
1977-12-20,4910.54,4910.54,4910.54,4910.54
1977-12-21,4901.19,4901.19,4901.19,4901.19
1977-12-22,4896.56,4896.56,4896.56,4896.56
1977-12-23,4878.94,4878.94,4878.94,4878.94
1977-12-27,4884.76,4884.76,4884.76,4884.76
1977-12-28,4863.01,4863.01,4863.01,4863.01
1977-12-29,4865.6,4865.6,4865.6,4865.6
1978-01-05,4867.91,4867.91,4867.91,4867.91
1978-01-06,4941.18,4941.18,4941.18,4941.18
1978-01-10,4994.73,4994.73,4994.73,4994.73
1978-01-11,4968.49,4968.49,4968.49,4968.49
1978-01-12,5007.23,5007.23,5007.23,5007.23
1978-01-13,4995.98,4995.98,4995.98,4995.98
1978-01-18,5038.92,5038.92,5038.92,5038.92
1978-01-19,5063.11,5063.11,5063.11,5063.11
1978-01-20,5066.15,5066.15,5066.15,5066.15
1978-01-24,5046.24,5046.24,5046.24,5046.24
1978-01-25,5025.89,5025.89,5025.89,5025.89
1978-01-26,5007.23,5007.23,5007.23,5007.23
1978-01-27,5021.51,5021.51,5021.51,5021.51
1978-01-31,5077.54,5077.54,5077.54,5077.54
1978-02-01,5111.67,5111.67,5111.67,5111.67
1978-02-02,5138.47,5138.47,5138.47,5138.47
1978-02-03,5135.34,5135.34,5135.34,5135.34
1978-02-07,5133.02,5133.02,5133.02,5133.02
1978-02-08,5131.32,5131.32,5131.32,5131.32
1978-02-09,5144.63,5144.63,5144.63,5144.63
1978-02-10,5148.12,5148.12,5148.12,5148.12
1978-02-14,5158.3,5158.3,5158.3,5158.3
1978-02-15,5136.23,5136.23,5136.23,5136.23
1978-02-16,5124.62,5124.62,5124.62,5124.62
1978-02-17,5131.95,5131.95,5131.95,5131.95
1978-02-21,5086.3,5086.3,5086.3,5086.3
1978-02-22,5061.82,5061.82,5061.82,5061.82
1978-02-23,5085.4,5085.4,5085.4,5085.4
1978-02-24,5104.25,5104.25,5104.25,5104.25
1978-02-28,5222.12,5222.12,5222.12,5222.12
1978-03-01,5222.66,5222.66,5222.66,5222.66
1978-03-02,5210.58,5210.58,5210.58,5210.58
1978-03-03,5213.89,5213.89,5213.89,5213.89
1978-03-07,5197.87,5197.87,5197.87,5197.87
1978-03-08,5209.24,5209.24,5209.24,5209.24
1978-03-09,5190.62,5190.62,5190.62,5190.62
1978-03-10,5177.47,5177.47,5177.47,5177.47
1978-03-14,5275.55,5275.55,5275.55,5275.55
1978-03-15,5269.2,5269.2,5269.2,5269.2
1978-03-16,5278.95,5278.95,5278.95,5278.95
1978-03-17,5297.66,5297.66,5297.66,5297.66
1978-03-21,5269.73,5269.73,5269.73,5269.73
1978-03-23,5273.67,5273.67,5273.67,5273.67
1978-03-24,5266.78,5266.78,5266.78,5266.78
1978-03-28,5317.08,5317.08,5317.08,5317.08
1978-03-29,5360.34,5360.34,5360.34,5360.34
1978-03-30,5400.77,5400.77,5400.77,5400.77
1978-03-31,5411.28,5411.28,5411.28,5411.28
1978-04-04,5430.33,5430.33,5430.33,5430.33
1978-04-05,5479.74,5479.74,5479.74,5479.74
1978-04-06,5527.9,5527.9,5527.9,5527.9
1978-04-07,5498.25,5498.25,5498.25,5498.25
1978-04-11,5464.83,5464.83,5464.83,5464.83
1978-04-12,5449.82,5449.82,5449.82,5449.82
1978-04-13,5464.65,5464.65,5464.65,5464.65
1978-04-14,5466.18,5466.18,5466.18,5466.18
1978-04-18,5544.61,5544.61,5544.61,5544.61
1978-04-19,5534.72,5534.72,5534.72,5534.72
1978-04-20,5555.84,5555.84,5555.84,5555.84
1978-04-21,5548.56,5548.56,5548.56,5548.56
1978-04-25,5514.78,5514.78,5514.78,5514.78
1978-04-26,5521.7,5521.7,5521.7,5521.7
1978-04-27,5540.56,5540.56,5540.56,5540.56
1978-04-28,5516.84,5516.84,5516.84,5516.84
1978-05-02,5532.93,5532.93,5532.93,5532.93
1978-05-03,5541.1,5541.1,5541.1,5541.1
1978-05-05,5542.09,5542.09,5542.09,5542.09
1978-05-09,5526.64,5526.64,5526.64,5526.64
1978-05-10,5490.25,5490.25,5490.25,5490.25
1978-05-11,5486.12,5486.12,5486.12,5486.12
1978-05-12,5489.26,5489.26,5489.26,5489.26
1978-05-16,5499.51,5499.51,5499.51,5499.51
1978-05-17,5418.83,5418.83,5418.83,5418.83
1978-05-18,5440.12,5440.12,5440.12,5440.12
1978-05-19,5406.88,5406.88,5406.88,5406.88
1978-05-23,5408.23,5408.23,5408.23,5408.23
1978-05-24,5417.48,5417.48,5417.48,5417.48
1978-05-25,5455.31,5455.31,5455.31,5455.31
1978-05-26,5455.93,5455.93,5455.93,5455.93
1978-05-30,5439.94,5439.94,5439.94,5439.94
1978-05-31,5438.51,5438.51,5438.51,5438.51
1978-06-01,5469.77,5469.77,5469.77,5469.77
1978-06-02,5476.24,5476.24,5476.24,5476.24
1978-06-06,5495.28,5495.28,5495.28,5495.28
1978-06-07,5489.8,5489.8,5489.8,5489.8
1978-06-08,5490.43,5490.43,5490.43,5490.43
1978-06-09,5504.72,5504.72,5504.72,5504.72
1978-06-13,5511.99,5511.99,5511.99,5511.99
1978-06-14,5493.67,5493.67,5493.67,5493.67
1978-06-15,5502.11,5502.11,5502.11,5502.11
1978-06-16,5495.91,5495.91,5495.91,5495.91
1978-06-20,5477.32,5477.32,5477.32,5477.32
1978-06-21,5474.8,5474.8,5474.8,5474.8
1978-06-22,5478.84,5478.84,5478.84,5478.84
1978-06-23,5483.87,5483.87,5483.87,5483.87
1978-06-27,5481.27,5481.27,5481.27,5481.27
1978-06-28,5472.1,5472.1,5472.1,5472.1
1978-06-29,5501.04,5501.04,5501.04,5501.04
1978-06-30,5533.31,5533.31,5533.31,5533.31
1978-07-04,5562.97,5562.97,5562.97,5562.97
1978-07-05,5562.01,5562.01,5562.01,5562.01
1978-07-06,5576.34,5576.34,5576.34,5576.34
1978-07-07,5588.13,5588.13,5588.13,5588.13
1978-07-11,5631.4,5631.4,5631.4,5631.4
1978-07-12,5628.32,5628.32,5628.32,5628.32
1978-07-13,5627.26,5627.26,5627.26,5627.26
1978-07-14,5624.19,5624.19,5624.19,5624.19
1978-07-18,5636.85,5636.85,5636.85,5636.85
1978-07-19,5636.15,5636.15,5636.15,5636.15
1978-07-20,5640.63,5640.63,5640.63,5640.63
1978-07-21,5635.44,5635.44,5635.44,5635.44
1978-07-25,5578.01,5578.01,5578.01,5578.01
1978-07-26,5562.45,5562.45,5562.45,5562.45
1978-07-27,5575.29,5575.29,5575.29,5575.29
1978-07-28,5575.11,5575.11,5575.11,5575.11
1978-08-01,5601.34,5601.34,5601.34,5601.34
1978-08-02,5585.41,5585.41,5585.41,5585.41
1978-08-03,5550.82,5550.82,5550.82,5550.82
1978-08-04,5556.72,5556.72,5556.72,5556.72
1978-08-08,5557.95,5557.95,5557.95,5557.95
1978-08-09,5492.21,5492.21,5492.21,5492.21
1978-08-10,5480.77,5480.77,5480.77,5480.77
1978-08-11,5496.79,5496.79,5496.79,5496.79
1978-08-15,5508.14,5508.14,5508.14,5508.14
1978-08-16,5493.97,5493.97,5493.97,5493.97
1978-08-17,5497.93,5497.93,5497.93,5497.93
1978-08-18,5489.66,5489.66,5489.66,5489.66
1978-08-22,5513.33,5513.33,5513.33,5513.33
1978-08-23,5518.88,5518.88,5518.88,5518.88
1978-08-24,5520.73,5520.73,5520.73,5520.73
1978-08-25,5503.74,5503.74,5503.74,5503.74
1978-08-29,5506.12,5506.12,5506.12,5506.12
1978-08-30,5527.77,5527.77,5527.77,5527.77
1978-08-31,5557.42,5557.42,5557.42,5557.42
1978-09-01,5585.41,5585.41,5585.41,5585.41
1978-09-05,5637.68,5637.68,5637.68,5637.68
1978-09-06,5641.38,5641.38,5641.38,5641.38
1978-09-07,5637.24,5637.24,5637.24,5637.24
1978-09-08,5651.24,5651.24,5651.24,5651.24
1978-09-12,5640.24,5640.24,5640.24,5640.24
1978-09-13,5662.06,5662.06,5662.06,5662.06
1978-09-14,5661.89,5661.89,5661.89,5661.89
1978-09-15,5660.3,5660.3,5660.3,5660.3
1978-09-19,5672.36,5672.36,5672.36,5672.36
1978-09-20,5652.91,5652.91,5652.91,5652.91
1978-09-21,5622.11,5622.11,5622.11,5622.11
1978-09-22,5623.51,5623.51,5623.51,5623.51
1978-09-26,5662.06,5662.06,5662.06,5662.06
1978-09-27,5693.92,5693.92,5693.92,5693.92
1978-09-28,5738.27,5738.27,5738.27,5738.27
1978-09-29,5754.21,5754.21,5754.21,5754.21
1978-10-03,5780.86,5780.86,5780.86,5780.86
1978-10-04,5779.53,5779.53,5779.53,5779.53
1978-10-05,5787.85,5787.85,5787.85,5787.85
1978-10-06,5790.77,5790.77,5790.77,5790.77
1978-10-10,5758.9,5758.9,5758.9,5758.9
1978-10-12,5757.57,5757.57,5757.57,5757.57
1978-10-13,5731.89,5731.89,5731.89,5731.89
1978-10-17,5797.06,5797.06,5797.06,5797.06
1978-10-18,5837.63,5837.63,5837.63,5837.63
1978-10-19,5857.91,5857.91,5857.91,5857.91
1978-10-20,5872.53,5872.53,5872.53,5872.53
1978-10-24,5860.22,5860.22,5860.22,5860.22
1978-10-25,5811.32,5811.32,5811.32,5811.32
1978-10-26,5834.86,5834.86,5834.86,5834.86
1978-10-27,5836.98,5836.98,5836.98,5836.98
1978-10-31,5926.82,5926.82,5926.82,5926.82
1978-11-01,5902.93,5902.93,5902.93,5902.93
1978-11-02,5872.42,5872.42,5872.42,5872.42
1978-11-03,5895.87,5895.87,5895.87,5895.87
1978-11-07,5936.17,5936.17,5936.17,5936.17
1978-11-08,5943.93,5943.93,5943.93,5943.93
1978-11-09,5957.94,5957.94,5957.94,5957.94
1978-11-10,5948.25,5948.25,5948.25,5948.25
1978-11-14,5973.37,5973.37,5973.37,5973.37
1978-11-15,5942.87,5942.87,5942.87,5942.87
1978-11-16,5900.18,5900.18,5900.18,5900.18
1978-11-17,5919.68,5919.68,5919.68,5919.68
1978-11-21,5945.98,5945.98,5945.98,5945.98
1978-11-22,5955.34,5955.34,5955.34,5955.34
1978-11-23,5978.82,5978.82,5978.82,5978.82
1978-11-28,5979.44,5979.44,5979.44,5979.44
1978-11-29,5945.28,5945.28,5945.28,5945.28
1978-11-30,5946.78,5946.78,5946.78,5946.78
1978-12-01,5967.43,5967.43,5967.43,5967.43
1978-12-05,6056.58,6056.58,6056.58,6056.58
1978-12-06,6052.69,6052.69,6052.69,6052.69
1978-12-07,6050.93,6050.93,6050.93,6050.93
1978-12-08,6060.37,6060.37,6060.37,6060.37
1978-12-12,6097,6097,6097,6097
1978-12-13,6079.26,6079.26,6079.26,6079.26
1978-12-14,6097.26,6097.26,6097.26,6097.26
1978-12-15,6083.94,6083.94,6083.94,6083.94
1978-12-19,5978.46,5978.46,5978.46,5978.46
1978-12-20,5983.32,5983.32,5983.32,5983.32
1978-12-21,5974.67,5974.67,5974.67,5974.67
1978-12-22,5873.17,5873.17,5873.17,5873.17
1978-12-26,5888.35,5888.35,5888.35,5888.35
1978-12-27,5925.6,5925.6,5925.6,5925.6
1978-12-28,5979.08,5979.08,5979.08,5979.08
1978-12-29,6001.85,6001.85,6001.85,6001.85
1979-01-05,6041.57,6041.57,6041.57,6041.57
1979-01-09,6076.88,6076.88,6076.88,6076.88
1979-01-10,6081.09,6081.09,6081.09,6081.09
1979-01-11,6100.35,6100.35,6100.35,6100.35
1979-01-12,6116.37,6116.37,6116.37,6116.37
1979-01-17,6118.04,6118.04,6118.04,6118.04
1979-01-18,6111.82,6111.82,6111.82,6111.82
1979-01-19,6106.57,6106.57,6106.57,6106.57
1979-01-23,6107.62,6107.62,6107.62,6107.62
1979-01-24,6126.01,6126.01,6126.01,6126.01
1979-01-25,6150.96,6150.96,6150.96,6150.96
1979-01-26,6157.71,6157.71,6157.71,6157.71
1979-01-30,6192.29,6192.29,6192.29,6192.29
1979-01-31,6186.08,6186.08,6186.08,6186.08
1979-02-01,6212.78,6212.78,6212.78,6212.78
1979-02-02,6200,6200,6200,6200
1979-02-06,6148.86,6148.86,6148.86,6148.86
1979-02-07,6095.18,6095.18,6095.18,6095.18
1979-02-08,6106.04,6106.04,6106.04,6106.04
1979-02-09,6100.7,6100.7,6100.7,6100.7
1979-02-14,6023.64,6023.64,6023.64,6023.64
1979-02-15,6061.03,6061.03,6061.03,6061.03
1979-02-16,6101.93,6101.93,6101.93,6101.93
1979-02-20,6124.96,6124.96,6124.96,6124.96
1979-02-21,6116.11,6116.11,6116.11,6116.11
1979-02-22,6097.37,6097.37,6097.37,6097.37
1979-02-23,6105.83,6105.83,6105.83,6105.83
1979-02-27,6089.12,6089.12,6089.12,6089.12
1979-02-28,6065.29,6065.29,6065.29,6065.29
1979-03-01,6072.88,6072.88,6072.88,6072.88
1979-03-02,5975.56,5975.56,5975.56,5975.56
1979-03-06,6014.23,6014.23,6014.23,6014.23
1979-03-07,5992.84,5992.84,5992.84,5992.84
1979-03-08,6017.28,6017.28,6017.28,6017.28
1979-03-09,6026.01,6026.01,6026.01,6026.01
1979-03-13,6062.58,6062.58,6062.58,6062.58
1979-03-14,6058.3,6058.3,6058.3,6058.3
1979-03-15,6048.01,6048.01,6048.01,6048.01
1979-03-16,6024.53,6024.53,6024.53,6024.53
1979-03-20,6029.85,6029.85,6029.85,6029.85
1979-03-21,6053.77,6053.77,6053.77,6053.77
1979-03-23,6074.71,6074.71,6074.71,6074.71
1979-03-27,6101.6,6101.6,6101.6,6101.6
1979-03-28,6109.02,6109.02,6109.02,6109.02
1979-03-29,6108.3,6108.3,6108.3,6108.3
1979-03-30,6136.02,6136.02,6136.02,6136.02
1979-04-03,6088.99,6088.99,6088.99,6088.99
1979-04-04,6035.07,6035.07,6035.07,6035.07
1979-04-05,6039.18,6039.18,6039.18,6039.18
1979-04-06,6049,6049,6049,6049
1979-04-10,6010.98,6010.98,6010.98,6010.98
1979-04-11,5925.87,5925.87,5925.87,5925.87
1979-04-12,6043.03,6043.03,6043.03,6043.03
1979-04-13,6071.01,6071.01,6071.01,6071.01
1979-04-17,6110.02,6110.02,6110.02,6110.02
1979-04-18,6078.62,6078.62,6078.62,6078.62
1979-04-19,6058.63,6058.63,6058.63,6058.63
1979-04-20,6064.87,6064.87,6064.87,6064.87
1979-04-24,6120.52,6120.52,6120.52,6120.52
1979-04-25,6139.17,6139.17,6139.17,6139.17
1979-04-26,6178.78,6178.78,6178.78,6178.78
1979-04-27,6193.96,6193.96,6193.96,6193.96
1979-05-02,6236.92,6236.92,6236.92,6236.92
1979-05-03,6277.6,6277.6,6277.6,6277.6
1979-05-08,6253.56,6253.56,6253.56,6253.56
1979-05-09,6236.82,6236.82,6236.82,6236.82
1979-05-10,6248.88,6248.88,6248.88,6248.88
1979-05-11,6264.04,6264.04,6264.04,6264.04
1979-05-15,6296.92,6296.92,6296.92,6296.92
1979-05-16,6308.88,6308.88,6308.88,6308.88
1979-05-17,6341.26,6341.26,6341.26,6341.26
1979-05-18,6287,6287,6287,6287
1979-05-22,6306.72,6306.72,6306.72,6306.72
1979-05-23,6263.58,6263.58,6263.58,6263.58
1979-05-24,6233.53,6233.53,6233.53,6233.53
1979-05-25,6300.45,6300.45,6300.45,6300.45
1979-05-29,6332.88,6332.88,6332.88,6332.88
1979-05-30,6293.04,6293.04,6293.04,6293.04
1979-05-31,6307.45,6307.45,6307.45,6307.45
1979-06-01,6252.59,6252.59,6252.59,6252.59
1979-06-05,6198.71,6198.71,6198.71,6198.71
1979-06-06,6123.96,6123.96,6123.96,6123.96
1979-06-07,6175.65,6175.65,6175.65,6175.65
1979-06-08,6186.26,6186.26,6186.26,6186.26
1979-06-12,6065.19,6065.19,6065.19,6065.19
1979-06-13,6097.16,6097.16,6097.16,6097.16
1979-06-14,6120.31,6120.31,6120.31,6120.31
1979-06-15,6100.54,6100.54,6100.54,6100.54
1979-06-19,6188.21,6188.21,6188.21,6188.21
1979-06-20,6186.45,6186.45,6186.45,6186.45
1979-06-21,6200.75,6200.75,6200.75,6200.75
1979-06-22,6248.47,6248.47,6248.47,6248.47
1979-06-26,6239.84,6239.84,6239.84,6239.84
1979-06-27,6240.59,6240.59,6240.59,6240.59
1979-06-28,6258.04,6258.04,6258.04,6258.04
1979-06-29,6250.04,6250.04,6250.04,6250.04
1979-07-03,6283.14,6283.14,6283.14,6283.14
1979-07-04,6303.08,6303.08,6303.08,6303.08
1979-07-05,6310.03,6310.03,6310.03,6310.03
1979-07-06,6292.42,6292.42,6292.42,6292.42
1979-07-10,6258.71,6258.71,6258.71,6258.71
1979-07-11,6177.21,6177.21,6177.21,6177.21
1979-07-12,6207.57,6207.57,6207.57,6207.57
1979-07-13,6154.81,6154.81,6154.81,6154.81
1979-07-17,6188.73,6188.73,6188.73,6188.73
1979-07-18,6181.66,6181.66,6181.66,6181.66
1979-07-19,6181.3,6181.3,6181.3,6181.3
1979-07-20,6180.3,6180.3,6180.3,6180.3
1979-07-24,6180.41,6180.41,6180.41,6180.41
1979-07-25,6210.91,6210.91,6210.91,6210.91
1979-07-26,6250.31,6250.31,6250.31,6250.31
1979-07-27,6243.94,6243.94,6243.94,6243.94
1979-07-31,6275.31,6275.31,6275.31,6275.31
1979-08-01,6313.77,6313.77,6313.77,6313.77
1979-08-02,6322.68,6322.68,6322.68,6322.68
1979-08-03,6329.59,6329.59,6329.59,6329.59
1979-08-07,6392.18,6392.18,6392.18,6392.18
1979-08-08,6364.73,6364.73,6364.73,6364.73
1979-08-09,6402.67,6402.67,6402.67,6402.67
1979-08-10,6392.16,6392.16,6392.16,6392.16
1979-08-14,6394.63,6394.63,6394.63,6394.63
1979-08-15,6395.22,6395.22,6395.22,6395.22
1979-08-16,6424.15,6424.15,6424.15,6424.15
1979-08-17,6443.56,6443.56,6443.56,6443.56
1979-08-21,6448.72,6448.72,6448.72,6448.72
1979-08-22,6403.29,6403.29,6403.29,6403.29
1979-08-23,6415.8,6415.8,6415.8,6415.8
1979-08-24,6396.84,6396.84,6396.84,6396.84
1979-08-28,6408.11,6408.11,6408.11,6408.11
1979-08-29,6435.63,6435.63,6435.63,6435.63
1979-08-30,6445.42,6445.42,6445.42,6445.42
1979-08-31,6437.25,6437.25,6437.25,6437.25
1979-09-04,6405.79,6405.79,6405.79,6405.79
1979-09-05,6401.68,6401.68,6401.68,6401.68
1979-09-06,6411.64,6411.64,6411.64,6411.64
1979-09-07,6425.5,6425.5,6425.5,6425.5
1979-09-11,6410.41,6410.41,6410.41,6410.41
1979-09-12,6426.61,6426.61,6426.61,6426.61
1979-09-13,6451.72,6451.72,6451.72,6451.72
1979-09-14,6447.87,6447.87,6447.87,6447.87
1979-09-18,6438.12,6438.12,6438.12,6438.12
1979-09-19,6459.83,6459.83,6459.83,6459.83
1979-09-20,6482.56,6482.56,6482.56,6482.56
1979-09-21,6465.66,6465.66,6465.66,6465.66
1979-09-26,6491,6491,6491,6491
1979-09-27,6477.86,6477.86,6477.86,6477.86
1979-09-28,6539.71,6539.71,6539.71,6539.71
1979-10-02,6577.89,6577.89,6577.89,6577.89
1979-10-03,6545.12,6545.12,6545.12,6545.12
1979-10-04,6542.7,6542.7,6542.7,6542.7
1979-10-05,6532.94,6532.94,6532.94,6532.94
1979-10-09,6495.7,6495.7,6495.7,6495.7
1979-10-10,6512.84,6512.84,6512.84,6512.84
1979-10-12,6395.95,6395.95,6395.95,6395.95
1979-10-16,6526.83,6526.83,6526.83,6526.83
1979-10-17,6516.62,6516.62,6516.62,6516.62
1979-10-18,6496.09,6496.09,6496.09,6496.09
1979-10-19,6427.57,6427.57,6427.57,6427.57
1979-10-23,6341.73,6341.73,6341.73,6341.73
1979-10-24,6371.13,6371.13,6371.13,6371.13
1979-10-25,6225.71,6225.71,6225.71,6225.71
1979-10-26,6235.32,6235.32,6235.32,6235.32
1979-10-30,6319.35,6319.35,6319.35,6319.35
1979-10-31,6406.58,6406.58,6406.58,6406.58
1979-11-01,6444.13,6444.13,6444.13,6444.13
1979-11-02,6415.35,6415.35,6415.35,6415.35
1979-11-06,6423.2,6423.2,6423.2,6423.2
1979-11-07,6451.83,6451.83,6451.83,6451.83
1979-11-08,6368.11,6368.11,6368.11,6368.11
1979-11-09,6390.62,6390.62,6390.62,6390.62
1979-11-13,6414.82,6414.82,6414.82,6414.82
1979-11-14,6401.75,6401.75,6401.75,6401.75
1979-11-15,6414.11,6414.11,6414.11,6414.11
1979-11-16,6372.57,6372.57,6372.57,6372.57
1979-11-20,6374.97,6374.97,6374.97,6374.97
1979-11-21,6363.71,6363.71,6363.71,6363.71
1979-11-22,6303.6,6303.6,6303.6,6303.6
1979-11-23,6328.56,6328.56,6328.56,6328.56
1979-11-27,6387.5,6387.5,6387.5,6387.5
1979-11-28,6407.8,6407.8,6407.8,6407.8
1979-11-29,6420.25,6420.25,6420.25,6420.25
1979-11-30,6440.84,6440.84,6440.84,6440.84
1979-12-04,6475.55,6475.55,6475.55,6475.55
1979-12-05,6487.65,6487.65,6487.65,6487.65
1979-12-06,6507.65,6507.65,6507.65,6507.65
1979-12-07,6502.96,6502.96,6502.96,6502.96
1979-12-11,6452.14,6452.14,6452.14,6452.14
1979-12-12,6443.98,6443.98,6443.98,6443.98
1979-12-13,6501.24,6501.24,6501.24,6501.24
1979-12-14,6493.63,6493.63,6493.63,6493.63
1979-12-18,6491.25,6491.25,6491.25,6491.25
1979-12-19,6478.38,6478.38,6478.38,6478.38
1979-12-20,6477.11,6477.11,6477.11,6477.11
1979-12-21,6526.13,6526.13,6526.13,6526.13
1979-12-25,6522.87,6522.87,6522.87,6522.87
1979-12-26,6546.44,6546.44,6546.44,6546.44
1979-12-27,6531.23,6531.23,6531.23,6531.23
1979-12-28,6528.83,6528.83,6528.83,6528.83
1980-01-08,6552.65,6552.65,6552.65,6552.65
1980-01-09,6563.28,6563.28,6563.28,6563.28
1980-01-10,6591.83,6591.83,6591.83,6591.83
1980-01-11,6594.01,6594.01,6594.01,6594.01
1980-01-15,6659.55,6659.55,6659.55,6659.55
1980-01-17,6653.26,6653.26,6653.26,6653.26
1980-01-18,6656.3,6656.3,6656.3,6656.3
1980-01-22,6666.27,6666.27,6666.27,6666.27
1980-01-23,6684.59,6684.59,6684.59,6684.59
1980-01-24,6694.19,6694.19,6694.19,6694.19
1980-01-25,6746.93,6746.93,6746.93,6746.93
1980-01-29,6763.61,6763.61,6763.61,6763.61
1980-01-30,6770.83,6770.83,6770.83,6770.83
1980-01-31,6776.6,6776.6,6776.6,6776.6
1980-02-01,6768.16,6768.16,6768.16,6768.16
1980-02-05,6794.21,6794.21,6794.21,6794.21
1980-02-06,6765.12,6765.12,6765.12,6765.12
1980-02-07,6800.33,6800.33,6800.33,6800.33
1980-02-08,6795.62,6795.62,6795.62,6795.62
1980-02-13,6828.05,6828.05,6828.05,6828.05
1980-02-14,6835.99,6835.99,6835.99,6835.99
1980-02-15,6839.86,6839.86,6839.86,6839.86
1980-02-19,6756.6,6756.6,6756.6,6756.6
1980-02-20,6763.09,6763.09,6763.09,6763.09
1980-02-21,6806.01,6806.01,6806.01,6806.01
1980-02-22,6776.51,6776.51,6776.51,6776.51
1980-02-26,6751.29,6751.29,6751.29,6751.29
1980-02-27,6739.43,6739.43,6739.43,6739.43
1980-02-28,6777.34,6777.34,6777.34,6777.34
1980-02-29,6743.99,6743.99,6743.99,6743.99
1980-03-04,6793.56,6793.56,6793.56,6793.56
1980-03-05,6778.27,6778.27,6778.27,6778.27
1980-03-06,6794.04,6794.04,6794.04,6794.04
1980-03-07,6736.09,6736.09,6736.09,6736.09
1980-03-11,6507.16,6507.16,6507.16,6507.16
1980-03-12,6535.67,6535.67,6535.67,6535.67
1980-03-13,6609.46,6609.46,6609.46,6609.46
1980-03-14,6604.39,6604.39,6604.39,6604.39
1980-03-18,6562.66,6562.66,6562.66,6562.66
1980-03-19,6578.21,6578.21,6578.21,6578.21
1980-03-20,6584.76,6584.76,6584.76,6584.76
1980-03-25,6567.25,6567.25,6567.25,6567.25
1980-03-26,6531.26,6531.26,6531.26,6531.26
1980-03-27,6535.88,6535.88,6535.88,6535.88
1980-03-28,6481.02,6481.02,6481.02,6481.02
1980-04-01,6556.19,6556.19,6556.19,6556.19
1980-04-02,6502.8,6502.8,6502.8,6502.8
1980-04-03,6562.99,6562.99,6562.99,6562.99
1980-04-04,6614.2,6614.2,6614.2,6614.2
1980-04-08,6737.06,6737.06,6737.06,6737.06
1980-04-09,6682.54,6682.54,6682.54,6682.54
1980-04-10,6708.24,6708.24,6708.24,6708.24
1980-04-11,6730.51,6730.51,6730.51,6730.51
1980-04-15,6808.17,6808.17,6808.17,6808.17
1980-04-16,6805.78,6805.78,6805.78,6805.78
1980-04-17,6770.37,6770.37,6770.37,6770.37
1980-04-18,6798.78,6798.78,6798.78,6798.78
1980-04-22,6810.67,6810.67,6810.67,6810.67
1980-04-23,6799.01,6799.01,6799.01,6799.01
1980-04-24,6843.85,6843.85,6843.85,6843.85
1980-04-25,6830.31,6830.31,6830.31,6830.31
1980-04-29,6875.66,6875.66,6875.66,6875.66
1980-05-01,6865.56,6865.56,6865.56,6865.56
1980-05-02,6865.08,6865.08,6865.08,6865.08
1980-05-07,6856.08,6856.08,6856.08,6856.08
1980-05-08,6834.84,6834.84,6834.84,6834.84
1980-05-09,6757.7,6757.7,6757.7,6757.7
1980-05-13,6754.94,6754.94,6754.94,6754.94
1980-05-14,6766.94,6766.94,6766.94,6766.94
1980-05-15,6747.74,6747.74,6747.74,6747.74
1980-05-16,6746.51,6746.51,6746.51,6746.51
1980-05-20,6634.33,6634.33,6634.33,6634.33
1980-05-21,6707.3,6707.3,6707.3,6707.3
1980-05-22,6822.18,6822.18,6822.18,6822.18
1980-05-23,6836.89,6836.89,6836.89,6836.89
1980-05-27,6831.92,6831.92,6831.92,6831.92
1980-05-28,6826.5,6826.5,6826.5,6826.5
1980-05-29,6849.05,6849.05,6849.05,6849.05
1980-05-30,6841.4,6841.4,6841.4,6841.4
1980-06-03,6862.7,6862.7,6862.7,6862.7
1980-06-04,6826.18,6826.18,6826.18,6826.18
1980-06-05,6795.63,6795.63,6795.63,6795.63
1980-06-06,6821.24,6821.24,6821.24,6821.24
1980-06-10,6823.04,6823.04,6823.04,6823.04
1980-06-11,6783.24,6783.24,6783.24,6783.24
1980-06-12,6826.01,6826.01,6826.01,6826.01
1980-06-13,6814.72,6814.72,6814.72,6814.72
1980-06-17,6852.61,6852.61,6852.61,6852.61
1980-06-18,6798.5,6798.5,6798.5,6798.5
1980-06-19,6824.95,6824.95,6824.95,6824.95
1980-06-20,6791.88,6791.88,6791.88,6791.88
1980-06-24,6860.89,6860.89,6860.89,6860.89
1980-06-25,6806.37,6806.37,6806.37,6806.37
1980-06-26,6761.25,6761.25,6761.25,6761.25
1980-06-27,6800.53,6800.53,6800.53,6800.53
1980-07-01,6870.7,6870.7,6870.7,6870.7
1980-07-02,6824.35,6824.35,6824.35,6824.35
1980-07-03,6819.45,6819.45,6819.45,6819.45
1980-07-04,6863.84,6863.84,6863.84,6863.84
1980-07-08,6708.49,6708.49,6708.49,6708.49
1980-07-09,6755.54,6755.54,6755.54,6755.54
1980-07-10,6789.71,6789.71,6789.71,6789.71
1980-07-11,6794.24,6794.24,6794.24,6794.24
1980-07-15,6779.36,6779.36,6779.36,6779.36
1980-07-16,6793.37,6793.37,6793.37,6793.37
1980-07-17,6816.15,6816.15,6816.15,6816.15
1980-07-18,6810.41,6810.41,6810.41,6810.41
1980-07-22,6842.49,6842.49,6842.49,6842.49
1980-07-23,6836.1,6836.1,6836.1,6836.1
1980-07-24,6837.47,6837.47,6837.47,6837.47
1980-07-25,6795.98,6795.98,6795.98,6795.98
1980-07-29,6816.71,6816.71,6816.71,6816.71
1980-07-30,6811.38,6811.38,6811.38,6811.38
1980-07-31,6821.1,6821.1,6821.1,6821.1
1980-08-01,6819.63,6819.63,6819.63,6819.63
1980-08-05,6753.4,6753.4,6753.4,6753.4
1980-08-06,6760.85,6760.85,6760.85,6760.85
1980-08-07,6739.97,6739.97,6739.97,6739.97
1980-08-08,6739.89,6739.89,6739.89,6739.89
1980-08-12,6778.54,6778.54,6778.54,6778.54
1980-08-13,6801.68,6801.68,6801.68,6801.68
1980-08-14,6834.32,6834.32,6834.32,6834.32
1980-08-15,6824,6824,6824,6824
1980-08-19,6835.78,6835.78,6835.78,6835.78
1980-08-20,6864.55,6864.55,6864.55,6864.55
1980-08-21,6878.76,6878.76,6878.76,6878.76
1980-08-22,6853.69,6853.69,6853.69,6853.69
1980-08-26,6922.99,6922.99,6922.99,6922.99
1980-08-27,6906.05,6906.05,6906.05,6906.05
1980-08-28,6930.66,6930.66,6930.66,6930.66
1980-08-29,6879.83,6879.83,6879.83,6879.83
1980-09-02,6889.54,6889.54,6889.54,6889.54
1980-09-03,6915.4,6915.4,6915.4,6915.4
1980-09-04,6927.27,6927.27,6927.27,6927.27
1980-09-05,6917.56,6917.56,6917.56,6917.56
1980-09-09,6938.42,6938.42,6938.42,6938.42
1980-09-10,6937.98,6937.98,6937.98,6937.98
1980-09-11,6956.21,6956.21,6956.21,6956.21
1980-09-12,6978.89,6978.89,6978.89,6978.89
1980-09-17,7020.16,7020.16,7020.16,7020.16
1980-09-18,7031.51,7031.51,7031.51,7031.51
1980-09-19,7035.84,7035.84,7035.84,7035.84
1980-09-23,7046.51,7046.51,7046.51,7046.51
1980-09-25,6972.62,6972.62,6972.62,6972.62
1980-09-26,6989.84,6989.84,6989.84,6989.84
1980-09-30,7060.75,7060.75,7060.75,7060.75
1980-10-01,7076.46,7076.46,7076.46,7076.46
1980-10-02,7123.08,7123.08,7123.08,7123.08
1980-10-03,7119.4,7119.4,7119.4,7119.4
1980-10-07,7155.98,7155.98,7155.98,7155.98
1980-10-08,7149.91,7149.91,7149.91,7149.91
1980-10-09,7115.33,7115.33,7115.33,7115.33
1980-10-10,7130.3,7130.3,7130.3,7130.3
1980-10-14,7160.26,7160.26,7160.26,7160.26
1980-10-15,7157.8,7157.8,7157.8,7157.8
1980-10-16,7174.27,7174.27,7174.27,7174.27
1980-10-17,7151.78,7151.78,7151.78,7151.78
1980-10-21,7175.33,7175.33,7175.33,7175.33
1980-10-22,7165.36,7165.36,7165.36,7165.36
1980-10-23,7143.86,7143.86,7143.86,7143.86
1980-10-24,7130.89,7130.89,7130.89,7130.89
1980-10-28,7089.19,7089.19,7089.19,7089.19
1980-10-29,7088.44,7088.44,7088.44,7088.44
1980-10-30,7113.53,7113.53,7113.53,7113.53
1980-10-31,7124.78,7124.78,7124.78,7124.78
1980-11-05,7149.37,7149.37,7149.37,7149.37
1980-11-06,7176.39,7176.39,7176.39,7176.39
1980-11-07,7188.28,7188.28,7188.28,7188.28
1980-11-11,7166.77,7166.77,7166.77,7166.77
1980-11-12,7134.5,7134.5,7134.5,7134.5
1980-11-13,7149.85,7149.85,7149.85,7149.85
1980-11-14,7154.41,7154.41,7154.41,7154.41
1980-11-18,7126.16,7126.16,7126.16,7126.16
1980-11-19,7102.48,7102.48,7102.48,7102.48
1980-11-20,7135.94,7135.94,7135.94,7135.94
1980-11-21,7126.73,7126.73,7126.73,7126.73
1980-11-26,7145.43,7145.43,7145.43,7145.43
1980-11-27,7186.3,7186.3,7186.3,7186.3
1980-11-28,7172.17,7172.17,7172.17,7172.17
1980-12-02,7160.29,7160.29,7160.29,7160.29
1980-12-03,7143.06,7143.06,7143.06,7143.06
1980-12-04,7141.2,7141.2,7141.2,7141.2
1980-12-05,7149.47,7149.47,7149.47,7149.47
1980-12-09,7125.13,7125.13,7125.13,7125.13
1980-12-10,7115.1,7115.1,7115.1,7115.1
1980-12-11,7098.85,7098.85,7098.85,7098.85
1980-12-12,7042.41,7042.41,7042.41,7042.41
1980-12-16,7042.67,7042.67,7042.67,7042.67
1980-12-17,7036.76,7036.76,7036.76,7036.76
1980-12-18,7038.1,7038.1,7038.1,7038.1
1980-12-19,7063.54,7063.54,7063.54,7063.54
1980-12-23,7050.79,7050.79,7050.79,7050.79
1980-12-24,7023.57,7023.57,7023.57,7023.57
1980-12-25,7042,7042,7042,7042
1980-12-26,7031.87,7031.87,7031.87,7031.87
1981-01-06,7150.95,7150.95,7150.95,7150.95
1981-01-07,7137.59,7137.59,7137.59,7137.59
1981-01-08,7200.77,7200.77,7200.77,7200.77
1981-01-09,7222.14,7222.14,7222.14,7222.14
1981-01-13,7251.88,7251.88,7251.88,7251.88
1981-01-14,7246.8,7246.8,7246.8,7246.8
1981-01-15,7244.78,7244.78,7244.78,7244.78
1981-01-20,7296.08,7296.08,7296.08,7296.08
1981-01-21,7289.98,7289.98,7289.98,7289.98
1981-01-22,7315.33,7315.33,7315.33,7315.33
1981-01-23,7293.28,7293.28,7293.28,7293.28
1981-01-27,7249.42,7249.42,7249.42,7249.42
1981-01-28,7285.03,7285.03,7285.03,7285.03
1981-01-29,7279.41,7279.41,7279.41,7279.41
1981-01-30,7215.12,7215.12,7215.12,7215.12
1981-02-03,7322.06,7322.06,7322.06,7322.06
1981-02-04,7291.31,7291.31,7291.31,7291.31
1981-02-05,7288.41,7288.41,7288.41,7288.41
1981-02-06,7278.44,7278.44,7278.44,7278.44
1981-02-10,7239.9,7239.9,7239.9,7239.9
1981-02-11,7261.53,7261.53,7261.53,7261.53
1981-02-13,7261.49,7261.49,7261.49,7261.49
1981-02-17,7165.52,7165.52,7165.52,7165.52
1981-02-18,7135.91,7135.91,7135.91,7135.91
1981-02-19,7157,7157,7157,7157
1981-02-20,7121.65,7121.65,7121.65,7121.65
1981-02-24,7095.26,7095.26,7095.26,7095.26
1981-02-25,7111.23,7111.23,7111.23,7111.23
1981-02-26,7121.66,7121.66,7121.66,7121.66
1981-02-27,7120.24,7120.24,7120.24,7120.24
1981-03-03,7155.58,7155.58,7155.58,7155.58
1981-03-04,7137.12,7137.12,7137.12,7137.12
1981-03-05,7134.39,7134.39,7134.39,7134.39
1981-03-06,7094.03,7094.03,7094.03,7094.03
1981-03-10,7068.73,7068.73,7068.73,7068.73
1981-03-11,7059.41,7059.41,7059.41,7059.41
1981-03-12,7044.87,7044.87,7044.87,7044.87
1981-03-13,6986.39,6986.39,6986.39,6986.39
1981-03-17,7124.33,7124.33,7124.33,7124.33
1981-03-18,7120.39,7120.39,7120.39,7120.39
1981-03-19,7176.67,7176.67,7176.67,7176.67
1981-03-20,7196.8,7196.8,7196.8,7196.8
1981-03-24,7293.57,7293.57,7293.57,7293.57
1981-03-25,7318.19,7318.19,7318.19,7318.19
1981-03-26,7325.96,7325.96,7325.96,7325.96
1981-03-27,7307.27,7307.27,7307.27,7307.27
1981-03-31,7304.69,7304.69,7304.69,7304.69
1981-04-01,7334.31,7334.31,7334.31,7334.31
1981-04-02,7389.99,7389.99,7389.99,7389.99
1981-04-03,7416.97,7416.97,7416.97,7416.97
1981-04-07,7447.74,7447.74,7447.74,7447.74
1981-04-08,7458.36,7458.36,7458.36,7458.36
1981-04-09,7508.52,7508.52,7508.52,7508.52
1981-04-10,7491.82,7491.82,7491.82,7491.82
1981-04-14,7536.96,7536.96,7536.96,7536.96
1981-04-15,7514.88,7514.88,7514.88,7514.88
1981-04-16,7461.2,7461.2,7461.2,7461.2
1981-04-17,7418.74,7418.74,7418.74,7418.74
1981-04-21,7484.71,7484.71,7484.71,7484.71
1981-04-22,7497.36,7497.36,7497.36,7497.36
1981-04-23,7533.22,7533.22,7533.22,7533.22
1981-04-24,7523.72,7523.72,7523.72,7523.72
1981-04-28,7588.03,7588.03,7588.03,7588.03
1981-04-29,7623.81,7623.81,7623.81,7623.81
1981-05-01,7674.19,7674.19,7674.19,7674.19
1981-05-07,7465.3,7465.3,7465.3,7465.3
1981-05-08,7440.52,7440.52,7440.52,7440.52
1981-05-12,7551.19,7551.19,7551.19,7551.19
1981-05-13,7480.24,7480.24,7480.24,7480.24
1981-05-14,7390.64,7390.64,7390.64,7390.64
1981-05-15,7467.45,7467.45,7467.45,7467.45
1981-05-19,7451.89,7451.89,7451.89,7451.89
1981-05-20,7264.01,7264.01,7264.01,7264.01
1981-05-21,7371.27,7371.27,7371.27,7371.27
1981-05-22,7487.46,7487.46,7487.46,7487.46
1981-05-26,7560.77,7560.77,7560.77,7560.77
1981-05-27,7576.18,7576.18,7576.18,7576.18
1981-05-28,7529.2,7529.2,7529.2,7529.2
1981-05-29,7502.03,7502.03,7502.03,7502.03
1981-06-02,7589.95,7589.95,7589.95,7589.95
1981-06-03,7504.49,7504.49,7504.49,7504.49
1981-06-04,7480.58,7480.58,7480.58,7480.58
1981-06-05,7413.24,7413.24,7413.24,7413.24
1981-06-09,7334.97,7334.97,7334.97,7334.97
1981-06-10,7375.27,7375.27,7375.27,7375.27
1981-06-11,7484.52,7484.52,7484.52,7484.52
1981-06-12,7569.3,7569.3,7569.3,7569.3
1981-06-16,7711.73,7711.73,7711.73,7711.73
1981-06-17,7696.52,7696.52,7696.52,7696.52
1981-06-18,7705.3,7705.3,7705.3,7705.3
1981-06-19,7712.01,7712.01,7712.01,7712.01
1981-06-23,7668.86,7668.86,7668.86,7668.86
1981-06-24,7705.41,7705.41,7705.41,7705.41
1981-06-25,7706.61,7706.61,7706.61,7706.61
1981-06-26,7692.84,7692.84,7692.84,7692.84
1981-06-30,7851.73,7851.73,7851.73,7851.73
1981-07-01,7867.42,7867.42,7867.42,7867.42
1981-07-02,7894.93,7894.93,7894.93,7894.93
1981-07-03,7904.56,7904.56,7904.56,7904.56
1981-07-07,7927.36,7927.36,7927.36,7927.36
1981-07-08,7826.47,7826.47,7826.47,7826.47
1981-07-09,7916.38,7916.38,7916.38,7916.38
1981-07-10,7895.16,7895.16,7895.16,7895.16
1981-07-14,7923.86,7923.86,7923.86,7923.86
1981-07-15,7878.96,7878.96,7878.96,7878.96
1981-07-16,7853.95,7853.95,7853.95,7853.95
1981-07-17,7887.38,7887.38,7887.38,7887.38
1981-07-21,7840.16,7840.16,7840.16,7840.16
1981-07-22,7756.76,7756.76,7756.76,7756.76
1981-07-23,7760.84,7760.84,7760.84,7760.84
1981-07-24,7717.07,7717.07,7717.07,7717.07
1981-07-28,7816.76,7816.76,7816.76,7816.76
1981-07-29,7784.84,7784.84,7784.84,7784.84
1981-07-30,7823.56,7823.56,7823.56,7823.56
1981-07-31,7831.35,7831.35,7831.35,7831.35
1981-08-04,7815.97,7815.97,7815.97,7815.97
1981-08-05,7820.06,7820.06,7820.06,7820.06
1981-08-06,7888.53,7888.53,7888.53,7888.53
1981-08-07,7906.1,7906.1,7906.1,7906.1
1981-08-11,7978.47,7978.47,7978.47,7978.47
1981-08-12,7985.64,7985.64,7985.64,7985.64
1981-08-13,7938.89,7938.89,7938.89,7938.89
1981-08-14,7953.57,7953.57,7953.57,7953.57
1981-08-18,8019.14,8019.14,8019.14,8019.14
1981-08-19,7949.38,7949.38,7949.38,7949.38
1981-08-20,7961.52,7961.52,7961.52,7961.52
1981-08-21,7972.96,7972.96,7972.96,7972.96
1981-08-25,7917.53,7917.53,7917.53,7917.53
1981-08-26,7817.22,7817.22,7817.22,7817.22
1981-08-27,7852.29,7852.29,7852.29,7852.29
1981-08-28,7796.39,7796.39,7796.39,7796.39
1981-09-01,7815.78,7815.78,7815.78,7815.78
1981-09-02,7735.71,7735.71,7735.71,7735.71
1981-09-03,7678.17,7678.17,7678.17,7678.17
1981-09-04,7678.46,7678.46,7678.46,7678.46
1981-09-08,7604.17,7604.17,7604.17,7604.17
1981-09-09,7594.71,7594.71,7594.71,7594.71
1981-09-10,7629.17,7629.17,7629.17,7629.17
1981-09-11,7583.27,7583.27,7583.27,7583.27
1981-09-15,7542.82,7542.82,7542.82,7542.82
1981-09-17,7506.33,7506.33,7506.33,7506.33
1981-09-18,7539.27,7539.27,7539.27,7539.27
1981-09-22,7522.6,7522.6,7522.6,7522.6
1981-09-23,7492.96,7492.96,7492.96,7492.96
1981-09-25,7364.03,7364.03,7364.03,7364.03
1981-09-29,7037.12,7037.12,7037.12,7037.12
1981-09-30,7357.68,7357.68,7357.68,7357.68
1981-10-01,7455.5,7455.5,7455.5,7455.5
1981-10-02,7365.91,7365.91,7365.91,7365.91
1981-10-06,7499.75,7499.75,7499.75,7499.75
1981-10-07,7506.01,7506.01,7506.01,7506.01
1981-10-08,7545.88,7545.88,7545.88,7545.88
1981-10-09,7522.51,7522.51,7522.51,7522.51
1981-10-13,7587.8,7587.8,7587.8,7587.8
1981-10-14,7583.17,7583.17,7583.17,7583.17
1981-10-15,7494.13,7494.13,7494.13,7494.13
1981-10-16,7352.49,7352.49,7352.49,7352.49
1981-10-20,7076.65,7076.65,7076.65,7076.65
1981-10-21,7109.92,7109.92,7109.92,7109.92
1981-10-22,7253.99,7253.99,7253.99,7253.99
1981-10-23,7216.29,7216.29,7216.29,7216.29
1981-10-27,7261.8,7261.8,7261.8,7261.8
1981-10-28,7280.58,7280.58,7280.58,7280.58
1981-10-29,7321.98,7321.98,7321.98,7321.98
1981-10-30,7428.25,7428.25,7428.25,7428.25
1981-11-03,7539.63,7539.63,7539.63,7539.63
1981-11-05,7572.15,7572.15,7572.15,7572.15
1981-11-06,7546.5,7546.5,7546.5,7546.5
1981-11-10,7516.35,7516.35,7516.35,7516.35
1981-11-11,7528.21,7528.21,7528.21,7528.21
1981-11-12,7502.58,7502.58,7502.58,7502.58
1981-11-13,7505.02,7505.02,7505.02,7505.02
1981-11-17,7674.92,7674.92,7674.92,7674.92
1981-11-18,7648.6,7648.6,7648.6,7648.6
1981-11-19,7667.31,7667.31,7667.31,7667.31
1981-11-20,7655.26,7655.26,7655.26,7655.26
1981-11-25,7602.69,7602.69,7602.69,7602.69
1981-11-26,7650.79,7650.79,7650.79,7650.79
1981-11-27,7664.69,7664.69,7664.69,7664.69
1981-12-01,7549.33,7549.33,7549.33,7549.33
1981-12-02,7521.73,7521.73,7521.73,7521.73
1981-12-03,7566.17,7566.17,7566.17,7566.17
1981-12-04,7624.98,7624.98,7624.98,7624.98
1981-12-08,7789.16,7789.16,7789.16,7789.16
1981-12-09,7752.43,7752.43,7752.43,7752.43
1981-12-10,7743.12,7743.12,7743.12,7743.12
1981-12-11,7746.91,7746.91,7746.91,7746.91
1981-12-15,7654.17,7654.17,7654.17,7654.17
1981-12-16,7680.89,7680.89,7680.89,7680.89
1981-12-17,7674.65,7674.65,7674.65,7674.65
1981-12-18,7682.53,7682.53,7682.53,7682.53
1981-12-22,7668.9,7668.9,7668.9,7668.9
1981-12-23,7644.57,7644.57,7644.57,7644.57
1981-12-24,7681.99,7681.99,7681.99,7681.99
1981-12-25,7662.48,7662.48,7662.48,7662.48
1981-12-29,7681.84,7681.84,7681.84,7681.84
1982-01-05,7718.84,7718.84,7718.84,7718.84
1982-01-06,7719.34,7719.34,7719.34,7719.34
1982-01-07,7697.6,7697.6,7697.6,7697.6
1982-01-08,7691.22,7691.22,7691.22,7691.22
1982-01-12,7675.26,7675.26,7675.26,7675.26
1982-01-13,7631.77,7631.77,7631.77,7631.77
1982-01-14,7635.66,7635.66,7635.66,7635.66
1982-01-15,7667.02,7667.02,7667.02,7667.02
1982-01-19,7659.34,7659.34,7659.34,7659.34
1982-01-20,7677.07,7677.07,7677.07,7677.07
1982-01-21,7717.23,7717.23,7717.23,7717.23
1982-01-22,7737.51,7737.51,7737.51,7737.51
1982-01-26,7906.26,7906.26,7906.26,7906.26
1982-01-27,7863.4,7863.4,7863.4,7863.4
1982-01-28,7926.55,7926.55,7926.55,7926.55
1982-01-29,7903.85,7903.85,7903.85,7903.85
1982-02-02,7909.79,7909.79,7909.79,7909.79
1982-02-03,7828,7828,7828,7828
1982-02-04,7860.94,7860.94,7860.94,7860.94
1982-02-05,7834.7,7834.7,7834.7,7834.7
1982-02-09,7784.89,7784.89,7784.89,7784.89
1982-02-10,7794.19,7794.19,7794.19,7794.19
1982-02-11,7761.11,7761.11,7761.11,7761.11
1982-02-16,7694.18,7694.18,7694.18,7694.18
1982-02-17,7693.92,7693.92,7693.92,7693.92
1982-02-18,7644.39,7644.39,7644.39,7644.39
1982-02-19,7683.76,7683.76,7683.76,7683.76
1982-02-23,7758.36,7758.36,7758.36,7758.36
1982-02-24,7714.56,7714.56,7714.56,7714.56
1982-02-25,7664.02,7664.02,7664.02,7664.02
1982-02-26,7580.45,7580.45,7580.45,7580.45
1982-03-02,7327.44,7327.44,7327.44,7327.44
1982-03-03,7309.41,7309.41,7309.41,7309.41
1982-03-04,7474.42,7474.42,7474.42,7474.42
1982-03-05,7354.82,7354.82,7354.82,7354.82
1982-03-09,7248.47,7248.47,7248.47,7248.47
1982-03-10,7195.8,7195.8,7195.8,7195.8
1982-03-11,7292.91,7292.91,7292.91,7292.91
1982-03-12,7257.34,7257.34,7257.34,7257.34
1982-03-16,7078.68,7078.68,7078.68,7078.68
1982-03-17,6916.99,6916.99,6916.99,6916.99
1982-03-18,6889.53,6889.53,6889.53,6889.53
1982-03-19,7052.8,7052.8,7052.8,7052.8
1982-03-24,7097.8,7097.8,7097.8,7097.8
1982-03-25,7194.31,7194.31,7194.31,7194.31
1982-03-26,7175.16,7175.16,7175.16,7175.16
1982-03-30,7199.16,7199.16,7199.16,7199.16
1982-03-31,7193.83,7193.83,7193.83,7193.83
1982-04-01,7260.48,7260.48,7260.48,7260.48
1982-04-02,7293.67,7293.67,7293.67,7293.67
1982-04-06,7344.35,7344.35,7344.35,7344.35
1982-04-07,7293.59,7293.59,7293.59,7293.59
1982-04-08,7230.53,7230.53,7230.53,7230.53
1982-04-09,7204.65,7204.65,7204.65,7204.65
1982-04-13,7280.82,7280.82,7280.82,7280.82
1982-04-14,7252.93,7252.93,7252.93,7252.93
1982-04-15,7181.53,7181.53,7181.53,7181.53
1982-04-16,7120.86,7120.86,7120.86,7120.86
1982-04-20,7135.21,7135.21,7135.21,7135.21
1982-04-21,7258.15,7258.15,7258.15,7258.15
1982-04-22,7260.58,7260.58,7260.58,7260.58
1982-04-23,7295.87,7295.87,7295.87,7295.87
1982-04-27,7404.21,7404.21,7404.21,7404.21
1982-04-28,7417.16,7417.16,7417.16,7417.16
1982-04-29,7405.28,7405.28,7405.28,7405.28
1982-05-05,7457.11,7457.11,7457.11,7457.11
1982-05-07,7517.78,7517.78,7517.78,7517.78
1982-05-11,7564.59,7564.59,7564.59,7564.59
1982-05-12,7538.12,7538.12,7538.12,7538.12
1982-05-13,7539.78,7539.78,7539.78,7539.78
1982-05-14,7603.21,7603.21,7603.21,7603.21
1982-05-18,7619.39,7619.39,7619.39,7619.39
1982-05-19,7567.06,7567.06,7567.06,7567.06
1982-05-20,7572.15,7572.15,7572.15,7572.15
1982-05-21,7531.54,7531.54,7531.54,7531.54
1982-05-25,7468.28,7468.28,7468.28,7468.28
1982-05-26,7428.4,7428.4,7428.4,7428.4
1982-05-27,7449.92,7449.92,7449.92,7449.92
1982-05-28,7404.36,7404.36,7404.36,7404.36
1982-06-01,7325.65,7325.65,7325.65,7325.65
1982-06-02,7368.66,7368.66,7368.66,7368.66
1982-06-03,7344.9,7344.9,7344.9,7344.9
1982-06-04,7301.94,7301.94,7301.94,7301.94
1982-06-08,7242.39,7242.39,7242.39,7242.39
1982-06-09,7240.03,7240.03,7240.03,7240.03
1982-06-10,7233.03,7233.03,7233.03,7233.03
1982-06-11,7152.28,7152.28,7152.28,7152.28
1982-06-15,7242.58,7242.58,7242.58,7242.58
1982-06-16,7191.02,7191.02,7191.02,7191.02
1982-06-17,7142.39,7142.39,7142.39,7142.39
1982-06-18,7130.25,7130.25,7130.25,7130.25
1982-06-22,7091.11,7091.11,7091.11,7091.11
1982-06-23,7127.96,7127.96,7127.96,7127.96
1982-06-24,7154.63,7154.63,7154.63,7154.63
1982-06-25,7152.58,7152.58,7152.58,7152.58
1982-06-29,7204.19,7204.19,7204.19,7204.19
1982-06-30,7180.7,7180.7,7180.7,7180.7
1982-07-01,7213.87,7213.87,7213.87,7213.87
1982-07-02,7179.38,7179.38,7179.38,7179.38
1982-07-06,7081.1,7081.1,7081.1,7081.1
1982-07-07,7019.56,7019.56,7019.56,7019.56
1982-07-08,7035.11,7035.11,7035.11,7035.11
1982-07-09,6961.91,6961.91,6961.91,6961.91
1982-07-13,7146.69,7146.69,7146.69,7146.69
1982-07-14,7189.01,7189.01,7189.01,7189.01
1982-07-15,7155,7155,7155,7155
1982-07-16,7197.77,7197.77,7197.77,7197.77
1982-07-20,7237.8,7237.8,7237.8,7237.8
1982-07-21,7212.5,7212.5,7212.5,7212.5
1982-07-22,7210.56,7210.56,7210.56,7210.56
1982-07-23,7227.37,7227.37,7227.37,7227.37
1982-07-27,7203.94,7203.94,7203.94,7203.94
1982-07-28,7198.04,7198.04,7198.04,7198.04
1982-07-29,7192.59,7192.59,7192.59,7192.59
1982-07-30,7145.87,7145.87,7145.87,7145.87
1982-08-03,7208.29,7208.29,7208.29,7208.29
1982-08-04,7213.41,7213.41,7213.41,7213.41
1982-08-05,7166.28,7166.28,7166.28,7166.28
1982-08-06,7092.67,7092.67,7092.67,7092.67
1982-08-10,6976.17,6976.17,6976.17,6976.17
1982-08-11,6928.3,6928.3,6928.3,6928.3
1982-08-12,6885.21,6885.21,6885.21,6885.21
1982-08-13,6880.23,6880.23,6880.23,6880.23
1982-08-17,6939.43,6939.43,6939.43,6939.43
1982-08-18,6864.56,6864.56,6864.56,6864.56
1982-08-19,6990.81,6990.81,6990.81,6990.81
1982-08-20,6967.78,6967.78,6967.78,6967.78
1982-08-24,7053.49,7053.49,7053.49,7053.49
1982-08-25,7088.99,7088.99,7088.99,7088.99
1982-08-26,7126.6,7126.6,7126.6,7126.6
1982-08-27,7153.38,7153.38,7153.38,7153.38
1982-08-31,7118.85,7118.85,7118.85,7118.85
1982-09-01,7123.38,7123.38,7123.38,7123.38
1982-09-02,7152.55,7152.55,7152.55,7152.55
1982-09-03,7125.91,7125.91,7125.91,7125.91
1982-09-07,7219.33,7219.33,7219.33,7219.33
1982-09-08,7209.45,7209.45,7209.45,7209.45
1982-09-09,7189.49,7189.49,7189.49,7189.49
1982-09-10,7124.01,7124.01,7124.01,7124.01
1982-09-14,7073.93,7073.93,7073.93,7073.93
1982-09-15,7096.3,7096.3,7096.3,7096.3
1982-09-17,7087.9,7087.9,7087.9,7087.9
1982-09-21,7042.63,7042.63,7042.63,7042.63
1982-09-22,7040.28,7040.28,7040.28,7040.28
1982-09-23,7071.1,7071.1,7071.1,7071.1
1982-09-28,6975.5,6975.5,6975.5,6975.5
1982-09-29,6940.51,6940.51,6940.51,6940.51
1982-09-30,6979.09,6979.09,6979.09,6979.09
1982-10-01,6910.73,6910.73,6910.73,6910.73
1982-10-05,6942.22,6942.22,6942.22,6942.22
1982-10-06,6932.12,6932.12,6932.12,6932.12
1982-10-07,6974.35,6974.35,6974.35,6974.35
1982-10-08,7114.64,7114.64,7114.64,7114.64
1982-10-13,7413.25,7413.25,7413.25,7413.25
1982-10-14,7411.58,7411.58,7411.58,7411.58
1982-10-15,7414.8,7414.8,7414.8,7414.8
1982-10-19,7370.2,7370.2,7370.2,7370.2
1982-10-20,7371.65,7371.65,7371.65,7371.65
1982-10-21,7378.04,7378.04,7378.04,7378.04
1982-10-22,7319.96,7319.96,7319.96,7319.96
1982-10-26,7304.92,7304.92,7304.92,7304.92
1982-10-27,7199.61,7199.61,7199.61,7199.61
1982-10-28,7269.96,7269.96,7269.96,7269.96
1982-10-29,7291.47,7291.47,7291.47,7291.47
1982-11-02,7334.64,7334.64,7334.64,7334.64
1982-11-03,7395.62,7395.62,7395.62,7395.62
1982-11-05,7515.9,7515.9,7515.9,7515.9
1982-11-09,7551.66,7551.66,7551.66,7551.66
1982-11-10,7576.4,7576.4,7576.4,7576.4
1982-11-11,7688.18,7688.18,7688.18,7688.18
1982-11-12,7708.32,7708.32,7708.32,7708.32
1982-11-16,7762.23,7762.23,7762.23,7762.23
1982-11-17,7698.3,7698.3,7698.3,7698.3
1982-11-18,7740.1,7740.1,7740.1,7740.1
1982-11-19,7785.43,7785.43,7785.43,7785.43
1982-11-23,7901.56,7901.56,7901.56,7901.56
1982-11-25,7846.77,7846.77,7846.77,7846.77
1982-11-26,7837.26,7837.26,7837.26,7837.26
1982-11-30,7936.19,7936.19,7936.19,7936.19
1982-12-01,7895.62,7895.62,7895.62,7895.62
1982-12-02,7966.77,7966.77,7966.77,7966.77
1982-12-03,8001.07,8001.07,8001.07,8001.07
1982-12-07,8020.53,8020.53,8020.53,8020.53
1982-12-08,8026.99,8026.99,8026.99,8026.99
1982-12-09,8004.11,8004.11,8004.11,8004.11
1982-12-10,7945.25,7945.25,7945.25,7945.25
1982-12-14,7885.57,7885.57,7885.57,7885.57
1982-12-15,7913.62,7913.62,7913.62,7913.62
1982-12-16,7882.95,7882.95,7882.95,7882.95
1982-12-17,7828.92,7828.92,7828.92,7828.92
1982-12-21,7858.04,7858.04,7858.04,7858.04
1982-12-22,7810.15,7810.15,7810.15,7810.15
1982-12-23,7772.32,7772.32,7772.32,7772.32
1982-12-24,7830.88,7830.88,7830.88,7830.88
1982-12-28,8015.07,8015.07,8015.07,8015.07
1982-12-29,8016.67,8016.67,8016.67,8016.67
1983-01-05,8021.4,8021.4,8021.4,8021.4
1983-01-06,8066.15,8066.15,8066.15,8066.15
1983-01-07,8120.51,8120.51,8120.51,8120.51
1983-01-11,8172.66,8172.66,8172.66,8172.66
1983-01-12,8079.63,8079.63,8079.63,8079.63
1983-01-13,8039.85,8039.85,8039.85,8039.85
1983-01-14,8099.06,8099.06,8099.06,8099.06
1983-01-18,8082.73,8082.73,8082.73,8082.73
1983-01-19,8028.28,8028.28,8028.28,8028.28
1983-01-20,7968.68,7968.68,7968.68,7968.68
1983-01-21,7923.31,7923.31,7923.31,7923.31
1983-01-25,7833.99,7833.99,7833.99,7833.99
1983-01-26,7803.18,7803.18,7803.18,7803.18
1983-01-27,7962.51,7962.51,7962.51,7962.51
1983-01-28,7942.32,7942.32,7942.32,7942.32
1983-02-01,8103.47,8103.47,8103.47,8103.47
1983-02-02,8105.52,8105.52,8105.52,8105.52
1983-02-03,8108.05,8108.05,8108.05,8108.05
1983-02-04,7991.29,7991.29,7991.29,7991.29
1983-02-08,8010.91,8010.91,8010.91,8010.91
1983-02-09,8027.2,8027.2,8027.2,8027.2
1983-02-10,7995.93,7995.93,7995.93,7995.93
1983-02-11,8017.56,8017.56,8017.56,8017.56
1983-02-15,8132.02,8132.02,8132.02,8132.02
1983-02-16,8135.42,8135.42,8135.42,8135.42
1983-02-17,8145.41,8145.41,8145.41,8145.41
1983-02-18,8106.27,8106.27,8106.27,8106.27
1983-02-22,7987.27,7987.27,7987.27,7987.27
1983-02-23,7918.16,7918.16,7918.16,7918.16
1983-02-24,7931.65,7931.65,7931.65,7931.65
1983-02-25,7984.25,7984.25,7984.25,7984.25
1983-03-01,8085.57,8085.57,8085.57,8085.57
1983-03-02,7988.85,7988.85,7988.85,7988.85
1983-03-03,8013.3,8013.3,8013.3,8013.3
1983-03-04,8005.02,8005.02,8005.02,8005.02
1983-03-08,8041.16,8041.16,8041.16,8041.16
1983-03-09,8026.99,8026.99,8026.99,8026.99
1983-03-10,8008.25,8008.25,8008.25,8008.25
1983-03-11,8027.64,8027.64,8027.64,8027.64
1983-03-15,8089.03,8089.03,8089.03,8089.03
1983-03-16,8111.83,8111.83,8111.83,8111.83
1983-03-17,8170.13,8170.13,8170.13,8170.13
1983-03-18,8195.14,8195.14,8195.14,8195.14
1983-03-23,8281.59,8281.59,8281.59,8281.59
1983-03-24,8311.12,8311.12,8311.12,8311.12
1983-03-25,8340.08,8340.08,8340.08,8340.08
1983-03-29,8387.91,8387.91,8387.91,8387.91
1983-03-30,8424.13,8424.13,8424.13,8424.13
1983-03-31,8446.61,8446.61,8446.61,8446.61
1983-04-01,8478.7,8478.7,8478.7,8478.7
1983-04-05,8485.82,8485.82,8485.82,8485.82
1983-04-06,8420.34,8420.34,8420.34,8420.34
1983-04-07,8479.4,8479.4,8479.4,8479.4
1983-04-08,8442.45,8442.45,8442.45,8442.45
1983-04-12,8475.19,8475.19,8475.19,8475.19
1983-04-13,8468.63,8468.63,8468.63,8468.63
1983-04-14,8480.44,8480.44,8480.44,8480.44
1983-04-15,8554.21,8554.21,8554.21,8554.21
1983-04-19,8582.53,8582.53,8582.53,8582.53
1983-04-20,8541.86,8541.86,8541.86,8541.86
1983-04-21,8564.48,8564.48,8564.48,8564.48
1983-04-22,8543.06,8543.06,8543.06,8543.06
1983-04-26,8596.09,8596.09,8596.09,8596.09
1983-04-27,8607.47,8607.47,8607.47,8607.47
1983-04-28,8634.79,8634.79,8634.79,8634.79
1983-04-29,8636.56,8636.56,8636.56,8636.56
1983-05-03,8704.39,8704.39,8704.39,8704.39
1983-05-05,8663.04,8663.04,8663.04,8663.04
1983-05-10,8719.88,8719.88,8719.88,8719.88
1983-05-11,8667.99,8667.99,8667.99,8667.99
1983-05-12,8691.58,8691.58,8691.58,8691.58
1983-05-13,8653.9,8653.9,8653.9,8653.9
1983-05-17,8591.79,8591.79,8591.79,8591.79
1983-05-18,8572.23,8572.23,8572.23,8572.23
1983-05-19,8598.84,8598.84,8598.84,8598.84
1983-05-20,8584.42,8584.42,8584.42,8584.42
1983-05-24,8528.64,8528.64,8528.64,8528.64
1983-05-25,8563.51,8563.51,8563.51,8563.51
1983-05-26,8582.34,8582.34,8582.34,8582.34
1983-05-27,8626,8626,8626,8626
1983-05-31,8622.35,8622.35,8622.35,8622.35
1983-06-01,8617.57,8617.57,8617.57,8617.57
1983-06-02,8549.7,8549.7,8549.7,8549.7
1983-06-03,8517.88,8517.88,8517.88,8517.88
1983-06-07,8505.92,8505.92,8505.92,8505.92
1983-06-08,8475.3,8475.3,8475.3,8475.3
1983-06-09,8445.45,8445.45,8445.45,8445.45
1983-06-10,8468.12,8468.12,8468.12,8468.12
1983-06-14,8598.65,8598.65,8598.65,8598.65
1983-06-15,8618.38,8618.38,8618.38,8618.38
1983-06-16,8608.33,8608.33,8608.33,8608.33
1983-06-17,8645.33,8645.33,8645.33,8645.33
1983-06-21,8711.73,8711.73,8711.73,8711.73
1983-06-22,8798.62,8798.62,8798.62,8798.62
1983-06-23,8826.88,8826.88,8826.88,8826.88
1983-06-24,8813.48,8813.48,8813.48,8813.48
1983-06-28,8900.04,8900.04,8900.04,8900.04
1983-06-29,8838.24,8838.24,8838.24,8838.24
1983-06-30,8844.19,8844.19,8844.19,8844.19
1983-07-01,8870.95,8870.95,8870.95,8870.95
1983-07-05,8971.58,8971.58,8971.58,8971.58
1983-07-06,8928.13,8928.13,8928.13,8928.13
1983-07-07,8984.88,8984.88,8984.88,8984.88
1983-07-08,9015.76,9015.76,9015.76,9015.76
1983-07-12,8968.77,8968.77,8968.77,8968.77
1983-07-13,8937.21,8937.21,8937.21,8937.21
1983-07-14,8883.6,8883.6,8883.6,8883.6
1983-07-15,8884.98,8884.98,8884.98,8884.98
1983-07-19,8885.07,8885.07,8885.07,8885.07
1983-07-20,8866.66,8866.66,8866.66,8866.66
1983-07-21,8927.32,8927.32,8927.32,8927.32
1983-07-22,9019.69,9019.69,9019.69,9019.69
1983-07-26,8991.93,8991.93,8991.93,8991.93
1983-07-27,9005.48,9005.48,9005.48,9005.48
1983-07-28,9062.37,9062.37,9062.37,9062.37
1983-07-29,9112.07,9112.07,9112.07,9112.07
1983-08-02,9015.58,9015.58,9015.58,9015.58
1983-08-03,9040.43,9040.43,9040.43,9040.43
1983-08-04,9016.2,9016.2,9016.2,9016.2
1983-08-05,9038.61,9038.61,9038.61,9038.61
1983-08-09,8960,8960,8960,8960
1983-08-10,8874.22,8874.22,8874.22,8874.22
1983-08-11,8878.48,8878.48,8878.48,8878.48
1983-08-12,8908.61,8908.61,8908.61,8908.61
1983-08-16,9020.3,9020.3,9020.3,9020.3
1983-08-17,9019.07,9019.07,9019.07,9019.07
1983-08-18,9010.08,9010.08,9010.08,9010.08
1983-08-19,9089.58,9089.58,9089.58,9089.58
1983-08-23,9203.75,9203.75,9203.75,9203.75
1983-08-24,9169.18,9169.18,9169.18,9169.18
1983-08-25,9147.34,9147.34,9147.34,9147.34
1983-08-26,9143.07,9143.07,9143.07,9143.07
1983-08-30,9172.54,9172.54,9172.54,9172.54
1983-08-31,9195.92,9195.92,9195.92,9195.92
1983-09-01,9189.43,9189.43,9189.43,9189.43
1983-09-02,9228.35,9228.35,9228.35,9228.35
1983-09-06,9252.21,9252.21,9252.21,9252.21
1983-09-07,9255.11,9255.11,9255.11,9255.11
1983-09-08,9355.66,9355.66,9355.66,9355.66
1983-09-09,9332.47,9332.47,9332.47,9332.47
1983-09-13,9355.13,9355.13,9355.13,9355.13
1983-09-14,9299.33,9299.33,9299.33,9299.33
1983-09-15,9274.11,9274.11,9274.11,9274.11
1983-09-20,9141.25,9141.25,9141.25,9141.25
1983-09-21,9254.15,9254.15,9254.15,9254.15
1983-09-22,9272.56,9272.56,9272.56,9272.56
1983-09-23,9280.3,9280.3,9280.3,9280.3
1983-09-27,9345.78,9345.78,9345.78,9345.78
1983-09-28,9414.15,9414.15,9414.15,9414.15
1983-09-29,9445.32,9445.32,9445.32,9445.32
1983-09-30,9432.61,9432.61,9432.61,9432.61
1983-10-04,9450.1,9450.1,9450.1,9450.1
1983-10-05,9424.34,9424.34,9424.34,9424.34
1983-10-06,9491.93,9491.93,9491.93,9491.93
1983-10-07,9529.97,9529.97,9529.97,9529.97
1983-10-12,9493.09,9493.09,9493.09,9493.09
1983-10-13,9563.25,9563.25,9563.25,9563.25
1983-10-14,9472.35,9472.35,9472.35,9472.35
1983-10-18,9420.9,9420.9,9420.9,9420.9
1983-10-19,9349.06,9349.06,9349.06,9349.06
1983-10-20,9280.8,9280.8,9280.8,9280.8
1983-10-21,9319.55,9319.55,9319.55,9319.55
1983-10-25,9260.16,9260.16,9260.16,9260.16
1983-10-26,9232.77,9232.77,9232.77,9232.77
1983-10-27,9246.55,9246.55,9246.55,9246.55
1983-10-28,9323.09,9323.09,9323.09,9323.09
1983-11-01,9356.79,9356.79,9356.79,9356.79
1983-11-02,9350.91,9350.91,9350.91,9350.91
1983-11-03,9344.12,9344.12,9344.12,9344.12
1983-11-08,9316.21,9316.21,9316.21,9316.21
1983-11-09,9319.26,9319.26,9319.26,9319.26
1983-11-10,9297.1,9297.1,9297.1,9297.1
1983-11-11,9244.24,9244.24,9244.24,9244.24
1983-11-15,9348.52,9348.52,9348.52,9348.52
1983-11-16,9379.29,9379.29,9379.29,9379.29
1983-11-17,9430.81,9430.81,9430.81,9430.81
1983-11-18,9416.95,9416.95,9416.95,9416.95
1983-11-22,9409.78,9409.78,9409.78,9409.78
1983-11-23,9416.56,9416.56,9416.56,9416.56
1983-11-25,9373.54,9373.54,9373.54,9373.54
1983-11-29,9294.71,9294.71,9294.71,9294.71
1983-11-30,9256.35,9256.35,9256.35,9256.35
1983-12-01,9320.24,9320.24,9320.24,9320.24
1983-12-02,9336.6,9336.6,9336.6,9336.6
1983-12-06,9445.13,9445.13,9445.13,9445.13
1983-12-07,9438.79,9438.79,9438.79,9438.79
1983-12-08,9404.99,9404.99,9404.99,9404.99
1983-12-09,9461.03,9461.03,9461.03,9461.03
1983-12-13,9442,9442,9442,9442
1983-12-14,9385.56,9385.56,9385.56,9385.56
1983-12-15,9401.17,9401.17,9401.17,9401.17
1983-12-16,9462.43,9462.43,9462.43,9462.43
1983-12-20,9484.17,9484.17,9484.17,9484.17
1983-12-21,9627.93,9627.93,9627.93,9627.93
1983-12-22,9717.65,9717.65,9717.65,9717.65
1983-12-23,9709.42,9709.42,9709.42,9709.42
1983-12-27,9846.57,9846.57,9846.57,9846.57
1983-12-28,9883.94,9883.94,9883.94,9883.94
1983-12-29,9893.82,9893.82,9893.82,9893.82
1984-01-05,9927.11,9927.11,9927.11,9927.11
1984-01-06,9946.86,9946.86,9946.86,9946.86
1984-01-10,10053.81,10053.81,10053.81,10053.81
1984-01-11,10016.21,10016.21,10016.21,10016.21
1984-01-12,10072.51,10072.51,10072.51,10072.51
1984-01-13,10104.16,10104.16,10104.16,10104.16
1984-01-18,10155.57,10155.57,10155.57,10155.57
1984-01-19,10100.23,10100.23,10100.23,10100.23
1984-01-20,10098.41,10098.41,10098.41,10098.41
1984-01-24,10070.98,10070.98,10070.98,10070.98
1984-01-25,10022.92,10022.92,10022.92,10022.92
1984-01-26,10115.1,10115.1,10115.1,10115.1
1984-01-27,10179.65,10179.65,10179.65,10179.65
1984-01-31,10235.73,10235.73,10235.73,10235.73
1984-02-01,10196.1,10196.1,10196.1,10196.1
1984-02-02,10200.81,10200.81,10200.81,10200.81
1984-02-03,10156.29,10156.29,10156.29,10156.29
1984-02-07,10121.08,10121.08,10121.08,10121.08
1984-02-08,10060.92,10060.92,10060.92,10060.92
1984-02-09,10099.59,10099.59,10099.59,10099.59
1984-02-10,10001.54,10001.54,10001.54,10001.54
1984-02-14,9963.16,9963.16,9963.16,9963.16
1984-02-15,9830.47,9830.47,9830.47,9830.47
1984-02-16,9892.16,9892.16,9892.16,9892.16
1984-02-17,9897.15,9897.15,9897.15,9897.15
1984-02-21,9937.83,9937.83,9937.83,9937.83
1984-02-22,9970.64,9970.64,9970.64,9970.64
1984-02-23,9947.71,9947.71,9947.71,9947.71
1984-02-24,9939.56,9939.56,9939.56,9939.56
1984-02-28,10071.48,10071.48,10071.48,10071.48
1984-02-29,10073.78,10073.78,10073.78,10073.78
1984-03-01,10030.7,10030.7,10030.7,10030.7
1984-03-02,9920.27,9920.27,9920.27,9920.27
1984-03-06,10088.94,10088.94,10088.94,10088.94
1984-03-07,10058.72,10058.72,10058.72,10058.72
1984-03-08,10021.2,10021.2,10021.2,10021.2
1984-03-09,9959.32,9959.32,9959.32,9959.32
1984-03-13,10086.54,10086.54,10086.54,10086.54
1984-03-14,10194.76,10194.76,10194.76,10194.76
1984-03-15,10324,10324,10324,10324
1984-03-16,10346.99,10346.99,10346.99,10346.99
1984-03-20,10479.8,10479.8,10479.8,10479.8
1984-03-22,10413.88,10413.88,10413.88,10413.88
1984-03-23,10455.81,10455.81,10455.81,10455.81
1984-03-27,10483.73,10483.73,10483.73,10483.73
1984-03-28,10528.36,10528.36,10528.36,10528.36
1984-03-29,10700.87,10700.87,10700.87,10700.87
1984-03-30,10801.55,10801.55,10801.55,10801.55
1984-04-03,11050.19,11050.19,11050.19,11050.19
1984-04-04,10933.82,10933.82,10933.82,10933.82
1984-04-05,11002.03,11002.03,11002.03,11002.03
1984-04-06,10992.93,10992.93,10992.93,10992.93
1984-04-10,10890.7,10890.7,10890.7,10890.7
1984-04-11,10915.12,10915.12,10915.12,10915.12
1984-04-12,10939.44,10939.44,10939.44,10939.44
1984-04-13,10967.15,10967.15,10967.15,10967.15
1984-04-17,11019.67,11019.67,11019.67,11019.67
1984-04-18,10906.4,10906.4,10906.4,10906.4
1984-04-19,10932.85,10932.85,10932.85,10932.85
1984-04-20,10783.04,10783.04,10783.04,10783.04
1984-04-24,10800.78,10800.78,10800.78,10800.78
1984-04-25,10761.82,10761.82,10761.82,10761.82
1984-04-26,10866.34,10866.34,10866.34,10866.34
1984-04-27,10901.52,10901.52,10901.52,10901.52
1984-05-02,11019.09,11019.09,11019.09,11019.09
1984-05-03,11105.46,11105.46,11105.46,11105.46
1984-05-08,11158.96,11158.96,11158.96,11158.96
1984-05-09,11052.44,11052.44,11052.44,11052.44
1984-05-10,11060.29,11060.29,11060.29,11060.29
1984-05-11,10879.71,10879.71,10879.71,10879.71
1984-05-15,10563.34,10563.34,10563.34,10563.34
1984-05-16,10604.54,10604.54,10604.54,10604.54
1984-05-17,10619.85,10619.85,10619.85,10619.85
1984-05-18,10340.51,10340.51,10340.51,10340.51
1984-05-22,10164.97,10164.97,10164.97,10164.97
1984-05-23,10061.94,10061.94,10061.94,10061.94
1984-05-24,10023.46,10023.46,10023.46,10023.46
1984-05-25,10251.72,10251.72,10251.72,10251.72
1984-05-29,10116.04,10116.04,10116.04,10116.04
1984-05-30,10163.97,10163.97,10163.97,10163.97
1984-05-31,10140.97,10140.97,10140.97,10140.97
1984-06-01,9940.14,9940.14,9940.14,9940.14
1984-06-05,10131.66,10131.66,10131.66,10131.66
1984-06-06,10258.76,10258.76,10258.76,10258.76
1984-06-07,10254.2,10254.2,10254.2,10254.2
1984-06-08,10316,10316,10316,10316
1984-06-12,10376.83,10376.83,10376.83,10376.83
1984-06-13,10324.83,10324.83,10324.83,10324.83
1984-06-14,10275.93,10275.93,10275.93,10275.93
1984-06-15,10148.73,10148.73,10148.73,10148.73
1984-06-19,10082.47,10082.47,10082.47,10082.47
1984-06-20,10197.34,10197.34,10197.34,10197.34
1984-06-21,10237.22,10237.22,10237.22,10237.22
1984-06-22,10170.76,10170.76,10170.76,10170.76
1984-06-26,10172.5,10172.5,10172.5,10172.5
1984-06-27,10245.08,10245.08,10245.08,10245.08
1984-06-28,10311.01,10311.01,10311.01,10311.01
1984-06-29,10372.05,10372.05,10372.05,10372.05
1984-07-03,10410.87,10410.87,10410.87,10410.87
1984-07-04,10349.25,10349.25,10349.25,10349.25
1984-07-05,10375.84,10375.84,10375.84,10375.84
1984-07-06,10420.57,10420.57,10420.57,10420.57
1984-07-10,10373.22,10373.22,10373.22,10373.22
1984-07-11,10386.61,10386.61,10386.61,10386.61
1984-07-12,10354.88,10354.88,10354.88,10354.88
1984-07-13,10270.16,10270.16,10270.16,10270.16
1984-07-17,10177.58,10177.58,10177.58,10177.58
1984-07-18,10242.02,10242.02,10242.02,10242.02
1984-07-19,10208.25,10208.25,10208.25,10208.25
1984-07-20,10088.79,10088.79,10088.79,10088.79
1984-07-24,9703.35,9703.35,9703.35,9703.35
1984-07-25,9738.96,9738.96,9738.96,9738.96
1984-07-26,9800.11,9800.11,9800.11,9800.11
1984-07-27,9932.18,9932.18,9932.18,9932.18
1984-07-31,10013.6,10013.6,10013.6,10013.6
1984-08-01,9998.5,9998.5,9998.5,9998.5
1984-08-02,9948.4,9948.4,9948.4,9948.4
1984-08-03,10086.87,10086.87,10086.87,10086.87
1984-08-07,10431.09,10431.09,10431.09,10431.09
1984-08-08,10313.63,10313.63,10313.63,10313.63
1984-08-09,10247.12,10247.12,10247.12,10247.12
1984-08-10,10290.36,10290.36,10290.36,10290.36
1984-08-14,10389.62,10389.62,10389.62,10389.62
1984-08-15,10360.92,10360.92,10360.92,10360.92
1984-08-16,10441.5,10441.5,10441.5,10441.5
1984-08-17,10418.24,10418.24,10418.24,10418.24
1984-08-21,10533.35,10533.35,10533.35,10533.35
1984-08-22,10485.97,10485.97,10485.97,10485.97
1984-08-23,10538.32,10538.32,10538.32,10538.32
1984-08-24,10545.55,10545.55,10545.55,10545.55
1984-08-28,10568.72,10568.72,10568.72,10568.72
1984-08-29,10575.19,10575.19,10575.19,10575.19
1984-08-30,10579.89,10579.89,10579.89,10579.89
1984-08-31,10586.27,10586.27,10586.27,10586.27
1984-09-04,10630.08,10630.08,10630.08,10630.08
1984-09-05,10609.53,10609.53,10609.53,10609.53
1984-09-06,10545.55,10545.55,10545.55,10545.55
1984-09-07,10458.49,10458.49,10458.49,10458.49
1984-09-11,10471.53,10471.53,10471.53,10471.53
1984-09-12,10493.1,10493.1,10493.1,10493.1
1984-09-13,10533.54,10533.54,10533.54,10533.54
1984-09-14,10578.76,10578.76,10578.76,10578.76
1984-09-18,10636.36,10636.36,10636.36,10636.36
1984-09-19,10559.15,10559.15,10559.15,10559.15
1984-09-20,10552.3,10552.3,10552.3,10552.3
1984-09-21,10521.34,10521.34,10521.34,10521.34
1984-09-26,10604.84,10604.84,10604.84,10604.84
1984-09-27,10620.06,10620.06,10620.06,10620.06
1984-09-28,10643.87,10643.87,10643.87,10643.87
1984-10-02,10653.79,10653.79,10653.79,10653.79
1984-10-03,10540.05,10540.05,10540.05,10540.05
1984-10-04,10587.38,10587.38,10587.38,10587.38
1984-10-05,10642.07,10642.07,10642.07,10642.07
1984-10-09,10676.93,10676.93,10676.93,10676.93
1984-10-10,10668.71,10668.71,10668.71,10668.71
1984-10-12,10696.86,10696.86,10696.86,10696.86
1984-10-16,10780.18,10780.18,10780.18,10780.18
1984-10-17,10757.89,10757.89,10757.89,10757.89
1984-10-18,10742.87,10742.87,10742.87,10742.87
1984-10-19,10759.87,10759.87,10759.87,10759.87
1984-10-23,11077.84,11077.84,11077.84,11077.84
1984-10-24,11029.95,11029.95,11029.95,11029.95
1984-10-25,11178.63,11178.63,11178.63,11178.63
1984-10-26,11151.52,11151.52,11151.52,11151.52
1984-10-30,11176.93,11176.93,11176.93,11176.93
1984-10-31,11171.55,11171.55,11171.55,11171.55
1984-11-01,11252.98,11252.98,11252.98,11252.98
1984-11-02,11169.56,11169.56,11169.56,11169.56
1984-11-06,11374.08,11374.08,11374.08,11374.08
1984-11-07,11297.66,11297.66,11297.66,11297.66
1984-11-08,11178.54,11178.54,11178.54,11178.54
1984-11-09,11166.92,11166.92,11166.92,11166.92
1984-11-13,11235.12,11235.12,11235.12,11235.12
1984-11-14,11265.16,11265.16,11265.16,11265.16
1984-11-15,11320.9,11320.9,11320.9,11320.9
1984-11-16,11301.62,11301.62,11301.62,11301.62
1984-11-20,11284.21,11284.21,11284.21,11284.21
1984-11-21,11256.98,11256.98,11256.98,11256.98
1984-11-22,11249.69,11249.69,11249.69,11249.69
1984-11-23,11207.7,11207.7,11207.7,11207.7
1984-11-27,11162.96,11162.96,11162.96,11162.96
1984-11-28,11184.12,11184.12,11184.12,11184.12
1984-11-29,11248.08,11248.08,11248.08,11248.08
1984-11-30,11366.64,11366.64,11366.64,11366.64
1984-12-04,11513.58,11513.58,11513.58,11513.58
1984-12-05,11577.44,11577.44,11577.44,11577.44
1984-12-06,11543.19,11543.19,11543.19,11543.19
1984-12-07,11559.84,11559.84,11559.84,11559.84
1984-12-11,11316.87,11316.87,11316.87,11316.87
1984-12-12,11250.83,11250.83,11250.83,11250.83
1984-12-13,11382.34,11382.34,11382.34,11382.34
1984-12-14,11340.05,11340.05,11340.05,11340.05
1984-12-18,11455.67,11455.67,11455.67,11455.67
1984-12-19,11460.21,11460.21,11460.21,11460.21
1984-12-20,11558.43,11558.43,11558.43,11558.43
1984-12-21,11514.15,11514.15,11514.15,11514.15
1984-12-25,11439.87,11439.87,11439.87,11439.87
1984-12-26,11492.29,11492.29,11492.29,11492.29
1984-12-27,11494.59,11494.59,11494.59,11494.59
1984-12-28,11513.57,11513.57,11513.57,11513.57
1985-01-08,11575.52,11575.52,11575.52,11575.52
1985-01-09,11679.79,11679.79,11679.79,11679.79
1985-01-10,11763.57,11763.57,11763.57,11763.57
1985-01-11,11824.38,11824.38,11824.38,11824.38
1985-01-15,11823.91,11823.91,11823.91,11823.91
1985-01-17,11933.02,11933.02,11933.02,11933.02
1985-01-18,11887.19,11887.19,11887.19,11887.19
1985-01-22,11964.52,11964.52,11964.52,11964.52
1985-01-23,11868.12,11868.12,11868.12,11868.12
1985-01-24,11859.01,11859.01,11859.01,11859.01
1985-01-25,11856.36,11856.36,11856.36,11856.36
1985-01-29,11798.86,11798.86,11798.86,11798.86
1985-01-30,11843.07,11843.07,11843.07,11843.07
1985-01-31,11960.63,11960.63,11960.63,11960.63
1985-02-01,11992.31,11992.31,11992.31,11992.31
1985-02-05,11891.08,11891.08,11891.08,11891.08
1985-02-06,11823.43,11823.43,11823.43,11823.43
1985-02-07,11867.17,11867.17,11867.17,11867.17
1985-02-08,11940.8,11940.8,11940.8,11940.8
1985-02-13,12027.89,12027.89,12027.89,12027.89
1985-02-14,12025.71,12025.71,12025.71,12025.71
1985-02-15,12081.69,12081.69,12081.69,12081.69
1985-02-19,12149.15,12149.15,12149.15,12149.15
1985-02-20,12156.64,12156.64,12156.64,12156.64
1985-02-21,12152.37,12152.37,12152.37,12152.37
1985-02-22,12128.46,12128.46,12128.46,12128.46
1985-02-26,12201.04,12201.04,12201.04,12201.04
1985-02-27,12194.97,12194.97,12194.97,12194.97
1985-02-28,12287.38,12287.38,12287.38,12287.38
1985-03-01,12321.92,12321.92,12321.92,12321.92
1985-03-05,12509.01,12509.01,12509.01,12509.01
1985-03-06,12476.38,12476.38,12476.38,12476.38
1985-03-07,12498.67,12498.67,12498.67,12498.67
1985-03-08,12414.8,12414.8,12414.8,12414.8
1985-03-12,12263.85,12263.85,12263.85,12263.85
1985-03-13,12296.87,12296.87,12296.87,12296.87
1985-03-14,12419.26,12419.26,12419.26,12419.26
1985-03-15,12405.03,12405.03,12405.03,12405.03
1985-03-19,12506.64,12506.64,12506.64,12506.64
1985-03-20,12477.99,12477.99,12477.99,12477.99
1985-03-21,12541.37,12541.37,12541.37,12541.37
1985-03-26,12526.09,12535.1,12479.03,12493.26
1985-03-27,12473.34,12486.15,12448.1,12486.15
1985-03-28,12484.46,12551.77,12483.5,12550.82
1985-03-29,12595.35,12611.17,12575.9,12604.02
1985-04-02,12609.94,12677.15,12600.97,12677.15
1985-04-03,12678.49,12680.87,12608.41,12629.86
1985-04-04,12624.05,12683.26,12621.38,12683.26
1985-04-05,12682.21,12689.74,12614.99,12627.1
1985-04-09,12589.15,12635.96,12572.27,12635.96
1985-04-10,12642.35,12646.64,12607.65,12630.43
1985-04-11,12642.73,12650.65,12581.71,12601.93
1985-04-12,12620.61,12630.43,12567.51,12573.8
1985-04-16,12597.16,12618.99,12552.73,12552.73
1985-04-17,12522.98,12538.62,12146.93,12207.28
1985-04-18,12163.9,12306.06,12153.9,12302.06
1985-04-19,12293.38,12293.38,12022.79,12052.82
1985-04-23,12267.73,12278.32,12172.29,12179.92
1985-04-24,12167.33,12174.87,12103.07,12124.14
1985-04-25,12159.9,12217.77,12147.6,12217.77
1985-04-26,12249,12333.97,12240.31,12333.87
1985-05-01,12438.9,12443.19,12385.34,12426.29
1985-05-02,12441.28,12456.65,12432.79,12456.65
1985-05-03,12429.44,12451.79,12409.68,12451.79
1985-05-08,12551.27,12556.9,12490.45,12506.3
1985-05-09,12552.42,12565.5,12503.63,12521.2
1985-05-10,12532.84,12532.84,12466.2,12474.51
1985-05-14,12569.12,12571.8,12531.32,12541.53
1985-05-15,12562.44,12567.31,12483.01,12504.2
1985-05-16,12506.11,12510.6,12351.82,12358.03
1985-05-17,12364.9,12369.3,12307.62,12369.3
1985-05-21,12542.58,12574.47,12538.67,12559.1
1985-05-22,12624.59,12669.85,12597.38,12650.37
1985-05-23,12688.37,12697.35,12665.46,12673.57
1985-05-24,12688.75,12689.04,12632.14,12649.13
1985-05-28,12631.56,12642.73,12609.6,12642.73
1985-05-29,12656.22,12702.6,12642.33,12694.93
1985-05-30,12722.62,12783.94,12706.52,12767.17
1985-05-31,12794.77,12812.78,12770.43,12790.27
1985-06-04,12688.99,12689.57,12456.55,12473.41
1985-06-05,12476.29,12583.31,12468.43,12583.31
1985-06-06,12673.09,12704.99,12635.14,12693.21
1985-06-07,12722.53,12744.75,12697.71,12716.11
1985-06-11,12700.49,12721.95,12661.21,12683.34
1985-06-12,12691,12759.03,12689.47,12758.93
1985-06-13,12794.86,12795.82,12723.39,12748.01
1985-06-14,12737.66,12743.22,12705.28,12717.16
1985-06-18,12776.56,12789.88,12759.8,12769.28
1985-06-19,12782.7,12792.09,12734.5,12741.11
1985-06-20,12802.34,12813.55,12744.56,12773.59
1985-06-21,12758.74,12770.53,12664.46,12677.97
1985-06-25,12783.46,12807.51,12765.93,12765.93
1985-06-26,12738.72,12837.02,12738.72,12837.02
1985-06-27,12874.41,12916.05,12871.15,12910.29
1985-06-28,12939.27,12941.76,12772.71,12841.6
1985-07-02,12949.63,12959.32,12912.41,12919.03
1985-07-03,12938.02,12942.24,12896.38,12913.75
1985-07-04,12922.1,12927.76,12902.91,12924.3
1985-07-05,12933.61,12969.59,12928.24,12969.59
1985-07-09,13068.5,13102.66,13029.65,13029.65
1985-07-10,13059.29,13068.21,13019.76,13021.01
1985-07-11,13033.29,13038.09,12986.86,13012.09
1985-07-12,13027.15,13027.15,12833.35,12858.1
1985-07-16,12851.87,12852.15,12461.38,12598.77
1985-07-17,12590.9,12703.92,12587.83,12698.26
1985-07-18,12775.11,12846.49,12737.41,12846.49
1985-07-19,12889.19,12895.14,12830.76,12852.54
1985-07-23,12794.78,12816.75,12760.34,12771.66
1985-07-24,12800.35,12820.78,12756.12,12762.83
1985-07-25,12779.81,12779.81,12729.06,12777.03
1985-07-26,12761.68,12765.81,12625.44,12647.03
1985-07-30,12702.66,12710.24,12582.11,12591.42
1985-07-31,12521.07,12568.86,12257.89,12269.89
1985-08-01,12275.46,12295.42,12203.19,12232.27
1985-08-02,12319.51,12539.59,12279.49,12538.34
1985-08-06,12497.84,12502.16,12444.76,12450.62
1985-08-07,12424.03,12444.19,12420.58,12437.28
1985-08-08,12373.07,12425.95,12373.07,12421.15
1985-08-09,12421.63,12433.82,12372.97,12386.03
1985-08-13,12397.93,12399.75,12370,12372.88
1985-08-14,12341.88,12360.69,12298.78,12326.71
1985-08-15,12349.08,12419.64,12334.74,12419.64
1985-08-16,12458.25,12490.49,12434.92,12484.02
1985-08-20,12622.25,12647.08,12621.97,12640.05
1985-08-21,12653.92,12662.36,12619.81,12634.05
1985-08-22,12661.23,12704.81,12634.9,12704.81
1985-08-23,12704.99,12734.05,12698.9,12734.05
1985-08-27,12703.96,12707.34,12639.36,12651.77
1985-08-28,12647.74,12691.78,12632.27,12691.41
1985-08-29,12712.77,12730.39,12678.1,12685.5
1985-08-30,12699.09,12734.61,12687.19,12728.8
1985-09-03,12735.45,12750.45,12718.58,12726.64
1985-09-04,12741.26,12744.73,12630.31,12630.96
1985-09-05,12587.29,12614.75,12499.02,12529.47
1985-09-06,12504.73,12514.57,12480.65,12491.8
1985-09-10,12503.33,12503.89,12433.04,12455.72
1985-09-11,12456.28,12519.54,12433.98,12519.54
1985-09-12,12564.33,12627.03,12537.06,12625.25
1985-09-13,12605.47,12627.68,12593.57,12603.04
1985-09-18,12599.29,12603.69,12580.73,12591.51
1985-09-19,12575.48,12587.39,12474.37,12529.66
1985-09-20,12548.4,12566.49,12538,12564.99
1985-09-25,12786.62,12804.7,12741.54,12755.6
1985-09-26,12746.79,12751.1,12678.29,12704.81
1985-09-27,12714.86,12716.55,12678.41,12689.5
1985-10-01,12619.88,12700.11,12596.11,12700.11
1985-10-02,12726.89,12729.71,12672.96,12685.36
1985-10-03,12722.94,12748.4,12684.24,12720.5
1985-10-04,12704.15,12726.79,12684.99,12700.86
1985-10-08,12781.66,12802.24,12764,12792
1985-10-09,12802.8,12842.45,12796.51,12835.21
1985-10-10,12855.13,12881.72,12845.64,12857.2
1985-10-15,12970.12,13018.98,12955.37,13017.29
1985-10-16,13036.83,13056.37,13014.28,13055.52
1985-10-17,13065.88,13079.03,13022.65,13036.56
1985-10-18,13040.41,13049.24,12974.81,13021.14
1985-10-22,13028.19,13049.9,13008.83,13023.21
1985-10-23,13039.66,13044.26,12999.62,13001.69
1985-10-24,13029.41,13033.27,12945.59,12946.53
1985-10-25,12930.55,12969.08,12857.72,12969.08
1985-10-29,12882.34,12987.41,12843.06,12937.04
1985-10-30,12953.01,12973.31,12885.91,12913.92
1985-10-31,12943.71,12958.37,12899.26,12908.66
1985-11-01,12940.98,12963.01,12909.59,12936.47
1985-11-06,12801.43,12820.69,12752,12820.69
1985-11-07,12845.88,12893.06,12814.4,12892.4
1985-11-08,12891.18,12893.9,12815.9,12851.24
1985-11-12,12846.82,12856.03,12808.57,12821.26
1985-11-13,12836.95,12842.12,12716.66,12735.08
1985-11-14,12740.06,12750.59,12703.69,12716.29
1985-11-15,12670.52,12705.67,12480.12,12589.51
1985-11-19,12709.43,12739.12,12682.45,12700.31
1985-11-20,12677.94,12698.9,12565.17,12607.27
1985-11-21,12613.1,12658.49,12598.35,12642.89
1985-11-22,12662.81,12702.28,12641.11,12697.02
1985-11-26,12783.76,12800.68,12764.31,12783.39
1985-11-27,12770.79,12801.43,12766.38,12783.1
1985-11-28,12807.35,12807.35,12756.23,12777.84
1985-11-29,12800.96,12814.87,12736.58,12741.19
1985-12-03,12802.46,12816.65,12783.01,12796.92
1985-12-04,12779.72,12793.82,12765.34,12774.55
1985-12-05,12778.4,12811.2,12758.2,12811.2
1985-12-06,12866.93,12873.98,12826.14,12864.11
1985-12-10,12793.53,12821.35,12782.26,12798.23
1985-12-11,12839.86,12851.42,12807.35,12850.95
1985-12-12,12905.08,12977.63,12869.66,12972
1985-12-13,13045.11,13070.29,12979.8,13050.28
1985-12-17,13175.36,13183.25,13098.77,13117.85
1985-12-18,13166.43,13169.91,13119.82,13128.94
1985-12-19,13111.17,13138.14,13095.01,13102.34
1985-12-20,13125.36,13129.88,13089.65,13115.03
1985-12-24,12979.23,13055.45,12961,13043.04
1985-12-25,13041.82,13050.28,12992.48,13010.71
1985-12-26,13040.32,13104.13,13018.42,13097.83
1985-12-27,13121.61,13121.61,13071.02,13084.59
1986-01-07,13139.98,13145.54,13053.22,13053.79
1986-01-08,13015.07,13037.68,12933.5,12991.24
1986-01-09,13027.03,13057.46,12996.8,13056.42
1986-01-10,12966.94,13062.26,12959.21,13034.19
1986-01-14,12981.91,12992.09,12946.87,12977.02
1986-01-15,12955.73,12968.82,12924.83,12928.6
1986-01-17,12976.07,13027.13,12940.18,13027.13
1986-01-21,12992.18,13005.37,12938.58,12952.05
1986-01-22,12927,12940.94,12880.93,12881.5
1986-01-23,12885.27,12942.92,12882.25,12923.32
1986-01-24,12922.85,12931.71,12871.89,12888.94
1986-01-28,12999.43,13027.69,12965.81,12983.14
1986-01-29,13001.6,13009.04,12969.2,12993.69
1986-01-30,13007.44,13013.56,12948.76,12957.14
1986-01-31,12948.66,12964.39,12938.02,12949.04
1986-02-04,13075.64,13118.31,13046.82,13086.47
1986-02-05,13135.27,13146.87,13094.01,13138.09
1986-02-06,13162.87,13188.49,13131.88,13185.66
1986-02-07,13202.81,13210.34,13170.31,13186.61
1986-02-11,13225.79,13238.04,13217.69,13226.07
1986-02-13,13246.8,13311.23,13223.34,13300.58
1986-02-14,13337.42,13355.88,13276.38,13293.8
1986-02-18,13455.54,13477.49,13409.66,13447.91
1986-02-19,13459.59,13468.54,13416.16,13436.23
1986-02-20,13467.69,13488.32,13435.85,13466.65
1986-02-21,13461,13468.35,13348.53,13355.41
1986-02-25,13475.51,13503.49,13441.31,13503.49
1986-02-26,13533.82,13579.88,13507.72,13576.3
1986-02-27,13584.59,13626.51,13566.22,13621.7
1986-02-28,13654.67,13684.92,13614.07,13642.14
1986-03-04,13783.25,13803.32,13733.42,13757.63
1986-03-05,13791.26,13798.32,13754.33,13784.29
1986-03-06,13805.76,13811.51,13768.75,13807.46
1986-03-07,13836.76,13904.95,13821.12,13901.56
1986-03-11,14023.83,14060.57,13992.28,14056.52
1986-03-12,14078.56,14087.32,14050.68,14066.22
1986-03-13,14162.96,14238.23,14085.44,14238.13
1986-03-14,14260.27,14415.69,14233.52,14414.66
1986-03-18,14727.49,14748.02,14547.85,14655.52
1986-03-19,14629.71,14712.42,14618.03,14639.32
1986-03-20,14641.3,14657.4,14447.44,14476.54
1986-03-21,14501.88,14768.27,14477.49,14753.3
1986-03-25,14953.94,15045.5,14844.2,14975.23
1986-03-26,14947.72,14977.2,14822.16,14826.87
1986-03-27,14809.16,15059.72,14809.16,15059.72
1986-03-28,15159.27,15368.88,15057.54,15337.18
1986-04-01,15673.13,15860.13,15597.24,15859.75
1986-04-02,15842.37,15966.14,15693.52,15745.87
1986-04-03,15638.24,15742.1,15529.57,15555.51
1986-04-04,15464.96,15556.74,15146.5,15272.24
1986-04-08,15188.38,15274.5,15060.47,15061.98
1986-04-09,15060.09,15066.22,14977.17,15014.06
1986-04-10,15120.18,15144.04,15029.43,15110.18
1986-04-11,15147.06,15213.47,15111.97,15203.57
1986-04-15,15439.02,15490.24,15344.4,15396.76
1986-04-16,15448.07,15454.01,15283.28,15352.33
1986-04-17,15347.23,15376.57,15325.63,15358.36
1986-04-18,15454.96,15492.69,15359.78,15486.84
1986-04-22,15864.73,15914.91,15797.75,15827.28
1986-04-23,15806.53,15859.29,15712.16,15712.91
1986-04-24,15658.36,15753.3,15636.28,15748.02
1986-04-25,15742.17,15756.04,15671.01,15682.05
1986-04-29,15737.54,15793.13,15718.67,15757.93
1986-05-01,15762.65,15839.66,15750.85,15825.5
1986-05-02,15780.2,15817.95,15723.67,15782.65
1986-05-07,15884.39,15912.61,15869.57,15900.15
1986-05-08,15922.05,15959.51,15897.89,15953.85
1986-05-09,15982.73,16089.47,15959.61,16078.24
1986-05-13,16241.22,16248.3,16099.75,16105.23
1986-05-14,16028.97,16105.89,15916.29,15982.26
1986-05-15,15994.53,16011.61,15940.45,15943.75
1986-05-16,15953.19,15972.82,15922.8,15924.69
1986-05-20,15717.63,15749.53,15678.56,15697.53
1986-05-21,15695.73,15702.53,15669.78,15689.98
1986-05-22,15754.72,15820.97,15697.34,15808.14
1986-05-23,15840.32,15929.12,15813.8,15917.33
1986-05-27,16473.2,16503.78,16383.07,16409.49
1986-05-28,16455.36,16469.23,16390.43,16467.35
1986-05-29,16508.76,16557.27,16473.05,16553.39
1986-05-30,16628.61,16706.68,16558.22,16610.61
1986-06-03,16690.57,16761.44,16637.9,16739.27
1986-06-04,16726.76,16748.37,16669.54,16669.54
1986-06-05,16704.31,16802.75,16669.07,16802.75
1986-06-06,16828.33,16866.79,16800.76,16810.99
1986-06-10,16956.99,17017.43,16901.47,17008.34
1986-06-11,16861.2,17013.07,16773.38,16967.69
1986-06-12,17025.58,17133.21,16978.68,17096.45
1986-06-13,17147.8,17202.94,17106.11,17131.22
1986-06-17,17265.75,17266.51,17161.72,17185.6
1986-06-18,17181.9,17192.04,17048.6,17075.89
1986-06-19,17095.41,17189.39,17066.7,17177.07
1986-06-20,17205.5,17284.98,17176.41,17277.59
1986-06-24,17477.31,17495.5,17442.07,17457.89
1986-06-25,17454.1,17460.45,17342.4,17342.4
1986-06-26,17404.45,17525.44,17351.02,17516.63
1986-06-27,17575.84,17619.99,17515.87,17600.95
1986-07-01,17578.3,17655.42,17555.95,17654.19
1986-07-02,17660.92,17675.98,17571.1,17622.74
1986-07-03,17653.81,17693.79,17629.18,17669.92
1986-07-04,17700.81,17748.08,17676.17,17691.8
1986-07-08,17741.26,17827.29,17626.91,17714.07
1986-07-09,17535.86,17740.31,17484.6,17734.15
1986-07-10,17748.27,17763.33,17489.06,17506.11
1986-07-11,17485.17,17519,17442.35,17469.82
1986-07-15,17726.58,17844.34,17676.93,17820.56
1986-07-16,17782.09,17920.51,17764.19,17882.8
1986-07-17,17828.8,17886.59,17687.64,17700.9
1986-07-18,17691.14,17764.66,17686.12,17725.63
1986-07-22,17908.29,17963.05,17277.5,17522.22
1986-07-23,17445,17723.73,17371.1,17639.32
1986-07-24,17785.6,17896.92,17649.08,17860.07
1986-07-25,17955.85,18039.7,17864.8,18026.24
1986-07-29,18006.06,18042.35,17977.93,18038.94
1986-07-30,17908.48,18043.11,17689.06,17728.94
1986-07-31,17733.4,17815.92,17717.57,17799.05
1986-08-01,17848.13,17882.24,17491.33,17509.71
1986-08-05,17281.1,17312.55,17255.61,17263.1
1986-08-06,17342.21,17475.6,17270.01,17414.78
1986-08-07,17430.51,17458.74,17338.8,17353.48
1986-08-08,17404.07,17473.05,17372.81,17422.36
1986-08-12,17455.52,17479.2,17427.48,17479.11
1986-08-13,17622.07,17802.08,17492.66,17794.69
1986-08-14,17930.08,18014.78,17807.48,18000.76
1986-08-15,18104.5,18265.18,18004.55,18264.71
1986-08-19,18425.01,18599.91,18375.46,18597.44
1986-08-20,18670.49,18801.89,18591.09,18792.61
1986-08-21,18831.83,18978.49,18788.73,18936.24
1986-08-22,18950.73,18996.12,18604.83,18675.6
1986-08-26,18306.68,18638.75,18142.87,18565.61
1986-08-27,18654.29,18771.29,18507.35,18640.83
1986-08-28,18646.42,18666.22,18493.42,18503.27
1986-08-29,18512.93,18599.15,18361.72,18367.98
1986-09-02,18888.3,18940.12,18799.53,18820.75
1986-09-03,18778.78,18827.95,18680.06,18694.93
1986-09-04,18543.44,18694.17,18393.27,18505.45
1986-09-05,18577.55,18623.59,18514.35,18559.64
1986-09-09,18774.04,18783.61,18545.14,18552.25
1986-09-10,18459.78,18537.38,18432.5,18474.09
1986-09-11,18567.41,18635.62,18472.67,18619.33
1986-09-12,18634.11,18668.12,18548.46,18561.25
1986-09-17,18032.12,18086.59,17458.83,17463.19
1986-09-18,17544.01,17619.71,17336.24,17336.62
1986-09-19,17398.58,17520.04,17327.43,17478.35
1986-09-23,17564.47,17707.34,17526.95,17706.3
1986-09-25,17867.36,18018.19,17717.57,17955.76
1986-09-26,18049.36,18077.97,17904.12,17988.35
1986-09-30,18254.59,18263.25,18094.13,18106.31
1986-10-01,18023.51,18094.13,17816.6,17852.86
1986-10-02,17940.8,17973.73,17562.86,17564.39
1986-10-03,17597.32,17601.6,17003.9,17019.13
1986-10-07,17647.66,17675.84,17431.43,17435.33
1986-10-08,17477.4,17608.36,17441.04,17604.36
1986-10-09,17664.51,17682.69,17472.26,17514.8
1986-10-10,17566.67,17652.33,17511.66,17650.23
1986-10-14,17560.29,17622.92,17300.26,17338.73
1986-10-15,17413.82,17446.84,17097.17,17318.07
1986-10-16,17388.69,17392.79,16958.03,16970.12
1986-10-17,17020.46,17028.08,16692.4,16871.89
1986-10-21,16576.57,16691.82,16481.96,16523.37
1986-10-22,16398.4,16500.52,15989.15,16205.77
1986-10-23,16306.94,16320.74,15637.57,15819.55
1986-10-24,15817.46,16329.11,15624.25,16308.27
1986-10-28,16185.78,16207,16135.24,16157.8
1986-10-29,16151.9,16397.93,16151.9,16397.83
1986-10-30,16397.45,16531.55,16397.45,16505.38
1986-10-31,16525.94,17011.23,16525.94,17010.95
1986-11-05,16840.3,16893.59,16750.74,16786.9
1986-11-06,16765.58,16845.15,16700.49,16713.71
1986-11-07,16712.29,16771.49,16712.19,16758.35
1986-11-11,16989.05,17076.04,16960.6,17053.2
1986-11-12,17054.82,17303.23,17054.82,17300.56
1986-11-13,17306.18,17487.29,17306.18,17447.89
1986-11-14,17442.85,17466.17,17417.06,17438.47
1986-11-18,17400.02,17475.4,17204.34,17208.15
1986-11-19,17221.19,17296.56,17221.19,17273.53
1986-11-20,17251.93,17303.04,17200.06,17283.81
1986-11-21,17314.08,17410.11,17265.44,17304.56
1986-11-26,17657.75,17789,17657.75,17747.5
1986-11-27,17746.67,17769.8,17686.6,17727.91
1986-11-28,17747.91,17883.95,17747.91,17883.66
1986-12-02,18338.92,18434.22,18307.98,18307.98
1986-12-03,18327.4,18360.34,18131.95,18190.97
1986-12-04,18200.11,18475.44,18200.11,18455.06
1986-12-05,18452.78,18625.95,18452.78,18623.95
1986-12-09,18608.72,18730.96,18608.72,18710.68
1986-12-10,18711.25,18794.27,18585.49,18602.72
1986-12-11,18600.72,18789.89,18595.49,18776.18
1986-12-12,18776.66,18832.83,18722.96,18731.25
1986-12-16,18831.49,18897.85,18731.53,18788.94
1986-12-17,18802.27,18961.35,18802.27,18933.07
1986-12-18,18939.17,18988.96,18699.07,18847.77
1986-12-19,18843.96,18843.96,18643.66,18723.72
1986-12-23,18949.07,18982.96,18823.88,18825.4
1986-12-24,18829.87,18866.53,18793.32,18808.55
1986-12-25,18833.03,18973.43,18833.03,18902.85
1986-12-26,18909.61,18984.38,18741.02,18774.26
1987-01-06,18702.64,18822.27,18634.54,18820.55
1987-01-07,18850.94,19041.24,18850.94,18936.76
1987-01-08,18940.85,18989.71,18683.68,18842.37
1987-01-09,18843.99,18865.8,18753.41,18778.74
1987-01-13,18794.27,18794.27,18650.54,18669.02
1987-01-14,18655.4,18655.4,18525.86,18544.05
1987-01-15,18539.19,18807.31,18539.19,18784.27
1987-01-20,19136.87,19218.69,18985.9,19188.68
1987-01-21,19190.21,19249.83,19162.3,19216.12
1987-01-22,19214.59,19434.99,19214.59,19429.18
1987-01-23,19428.04,19553.48,19373.75,19380.51
1987-01-27,19553.77,19700.64,19536.43,19554.72
1987-01-28,19567.1,19712.64,19562.34,19686.83
1987-01-29,19700.01,19861.07,19700.01,19789.93
1987-01-30,19782.97,19921.05,19734.72,19921.05
1987-02-03,20041.48,20156.1,20041.48,20072.09
1987-02-04,20084.2,20113.95,19894.35,19956.33
1987-02-05,19955.66,20004.58,19921.33,19973.87
1987-02-06,19972.16,20030.51,19791.84,19795.08
1987-02-10,19546.2,19696.1,19516.83,19679.32
1987-02-11,19693.33,19837.51,19693.33,19813.96
1987-02-13,19818.06,19940.5,19818.06,19874.89
1987-02-17,19621.82,19621.82,19531.47,19531.52
1987-02-18,19522.93,19641.94,19513.59,19637.93
1987-02-19,19658.72,19884.91,19658.72,19881.76
1987-02-20,19899.21,20228.09,19899.21,20228.09
1987-02-24,20070.66,20088.87,19905.41,19940.5
1987-02-25,19941.55,20129.21,19930.87,20076.48
1987-02-26,20076.57,20262.23,20076.57,20186.33
1987-02-27,20191.67,20597.5,20191.67,20453.9
1987-03-03,20770.86,20947.94,20768.09,20933.82
1987-03-04,20942.88,21126.63,20942.88,20971.39
1987-03-05,20970.06,21202.16,20968.44,21031.66
1987-03-06,21046.82,21260.99,21046.82,21176.03
1987-03-10,21138.93,21311.81,21138.93,21166.4
1987-03-11,21166.11,21231.14,21104.32,21214.46
1987-03-12,21214.36,21371.51,21213.03,21312.96
1987-03-13,21328.79,21474.68,21319.44,21470.2
1987-03-17,21492.51,21516.54,21342.81,21415.37
1987-03-18,21414.61,21521.22,21387.81,21514.73
1987-03-19,21518.74,21789.26,21518.74,21705.06
1987-03-20,21718.22,21883.95,21631.73,21644.32
1987-03-24,21656.62,21866.31,21581.96,21588.25
1987-03-25,21598.46,21675.41,21415.56,21435.3
1987-03-26,21448.65,21538.76,21289.5,21472.97
1987-03-27,21469.72,21583.01,21469.44,21558.79
1987-03-31,22182.62,22218.4,21627.57,21627.57
1987-04-01,21615.86,21758.68,21303.57,21566.66
1987-04-02,21576.14,22040.18,21576.14,22040.18
1987-04-03,22036,22542.51,22036,22367.72
1987-04-07,22749.88,22890.85,22580.89,22586.11
1987-04-08,22591.81,22859.41,22591.81,22784.65
1987-04-09,22780.37,22979.01,22760.81,22912.99
1987-04-10,22915.84,23225.14,22850.76,22922.2
1987-04-14,23222.1,23271.49,22651.09,22919.54
1987-04-15,22919.45,23528.17,22710.46,23524.08
1987-04-16,23522.66,23658.97,23177.35,23510.69
1987-04-17,23533.01,23868.53,23533.01,23868.43
1987-04-21,23939.87,24095.66,23894.84,23895.22
1987-04-22,23885.72,24026.79,23762.23,23886.1
1987-04-23,23899.55,24123.63,23899.55,24097.79
1987-04-24,24091.99,24256.2,23950.58,24024.61
1987-04-28,23914.76,23954.67,23071.65,23072.41
1987-04-29,23073.36,23120.78,22005.51,22889.86
1987-05-01,22892.62,23276.25,22892.62,23274.83
1987-05-07,24014.73,24161.27,23786.47,23918.56
1987-05-08,23940.7,24218.09,23940.7,24207.55
1987-05-12,24604.62,24742.81,24581.73,24608.22
1987-05-13,24609.55,24624.18,24523.22,24535.85
1987-05-14,24527.12,24607.75,24128.79,24363.19
1987-05-15,24356.25,24683.45,24356.25,24651.44
1987-05-19,24728.94,24728.94,24297.56,24298.98
1987-05-20,24294.52,24344.57,24077.88,24077.88
1987-05-21,24079.59,24079.59,23368.13,23419.6
1987-05-22,23439.74,23776.52,23439.74,23754.01
1987-05-26,24538.61,24711.75,24483.71,24582.77
1987-05-27,24582.68,24659.42,24536.33,24580.87
1987-05-28,24600.46,24600.46,24493.11,24539.75
1987-05-29,24548.97,24608.53,24428.04,24433.65
1987-06-02,24905.48,25097.46,24905.48,24992.78
1987-06-03,25000.66,25051.96,24862.07,24902.63
1987-06-04,24894.94,25050.35,24829.11,25049.4
1987-06-05,25069.16,25445.62,25069.16,25366.11
1987-06-09,25381.02,25528.64,25369.91,25523.89
1987-06-10,25551.15,25666.57,25370.95,25379.88
1987-06-11,25375.89,25745.42,25375.89,25738.96
1987-06-12,25741.52,25932.65,25741.52,25890.95
1987-06-16,25899.69,25985.85,25736.96,25756.44
1987-06-17,25772.01,25873.75,25734.59,25738.86
1987-06-18,25756.72,25939.2,25756.72,25929.42
1987-06-19,25909.47,25919.64,25427.47,25750.55
1987-06-23,25288.88,25293.63,24639.31,24640.35
1987-06-24,24625.25,24980.05,24619.26,24794.91
1987-06-25,24810.58,24999.24,24806.97,24892.75
1987-06-26,24900.92,25135.46,24900.92,25031.35
1987-06-30,24910.8,24949.7,24411.09,24509.41
1987-07-01,24488.78,24488.78,23893.59,24176.4
1987-07-02,24174.4,24288.32,23733.07,24252.38
1987-07-03,24267.97,24667.55,24256.94,24636.46
1987-07-07,24158.81,24158.81,23790.22,23870.86
1987-07-08,23864.78,23923.07,23488.3,23816.09
1987-07-09,23840.72,24115.73,23433.72,23472.42
1987-07-10,23468.9,23809.62,23392.16,23755.9
1987-07-14,24123.43,24240.68,24042.03,24118.01
1987-07-15,24101.84,24111.45,23927.35,23931.53
1987-07-16,23926.87,24021.21,23869.63,23969.76
1987-07-17,23990.87,24113.26,23973.18,24003.61
1987-07-21,23977.84,23980.89,23326.74,23328.64
1987-07-22,23306.39,23306.39,22924.78,23078.36
1987-07-23,23093.19,23204.45,22646.35,22702.74
1987-07-24,22713.39,23047.07,22401.39,23036.52
1987-07-28,23966.53,24107.84,23843.57,24104.98
1987-07-29,24121.03,24385.82,24121.03,24385.82
1987-07-30,24407.14,24537.77,24298.29,24427.12
1987-07-31,24423.31,24532.54,24347.29,24510.37
1987-08-04,24760.04,24775.17,24451.47,24483.82
1987-08-05,24473.07,24473.07,24141.86,24172.6
1987-08-06,24172.6,24309.71,24172.6,24297.15
1987-08-07,24315.6,24676.02,24315.6,24658.23
1987-08-11,24811.23,25121.6,24811.23,25119.7
1987-08-12,25135.2,25356.23,25135.2,25282.97
1987-08-13,25292.58,25566.6,25292.58,25560.23
1987-08-14,25557.66,25599.81,25519.6,25575.74
1987-08-18,25494.2,25503.71,25358.04,25378.88
1987-08-19,25388.01,25479.92,25311.7,25344.34
1987-08-20,25359.18,25383.82,25068.41,25231.59
1987-08-21,25258.14,25416.75,25258.14,25396.57
1987-08-25,25767.36,25877.93,25696.57,25754.33
1987-08-26,25761.66,25788.87,25602.76,25643.39
1987-08-27,25687.92,25882.02,25687.92,25875.74
1987-08-28,25901.51,26041.41,25901.51,25968.78
1987-09-01,26060.83,26160.02,26024.75,26029.22
1987-09-02,26041.31,26178.39,26041.31,26118.42
1987-09-03,26114.42,26127.18,25926.89,25946.6
1987-09-04,25936.51,25936.51,25557.26,25649.88
1987-09-08,25363.92,25377.44,24996.38,25004.09
1987-09-09,24990.1,25247.03,24990.1,25204.09
1987-09-10,25209.33,25309.47,24911.28,24937.93
1987-09-11,24931.84,24968.4,24784.86,24795.24
1987-09-15,24854.64,25122.42,24854.64,24954.02
1987-09-17,24961.54,24997.33,24867.87,24967.73
1987-09-18,24965.73,24965.73,24839.89,24855.31
1987-09-22,24871.97,25124.99,24871.97,24912.42
1987-09-23,24905.95,24905.95,24743.93,24866.06
1987-09-25,24889.01,25092.24,24889.01,24944.88
1987-09-29,25546.2,25918.86,25546.2,25837.34
1987-09-30,25852.81,26084.96,25852.81,25998
1987-10-01,25992.94,26012.79,25834.48,26010.88
1987-10-02,26013.94,26030.26,25716.49,25721.74
1987-10-06,25999.43,26051.93,25984.25,26018.33
1987-10-07,26021.57,26088.97,25972.32,26088.97
1987-10-08,26076.27,26076.27,25769.95,25952.27
1987-10-09,25947.79,26287.23,25947.79,26286.75
1987-10-13,26332.47,26332.47,26247.14,26284.65
1987-10-14,26277.78,26439.1,26262.31,26400.63
1987-10-15,26400.92,26646.81,26400.92,26646.43
1987-10-16,26623.9,26623.9,26373.33,26428.22
1987-10-20,26356.82,26356.82,25636.98,25746.56
1987-10-21,25744.85,25744.85,21910.08,21910.08
1987-10-22,21916.28,23948.74,21916.28,23947.4
1987-10-23,23954.09,24981.67,23954.09,24404.45
1987-10-27,23289.42,23361.78,21615.88,22202.56
1987-10-28,22199.41,22884.12,22147.86,22834.96
1987-10-29,22844.85,23211.09,22557.57,22577.53
1987-10-30,22552.22,22552.22,22020.91,22033.89
1987-11-03,23323.47,23358.6,23121.16,23358.6
1987-11-05,23328.43,23328.43,23040.19,23060.53
1987-11-06,23020.24,23020.24,22511.17,22629.65
1987-11-10,22631.18,22631.18,22373.31,22418.37
1987-11-11,22392.5,22392.5,21667.46,21686.46
1987-11-12,21666.6,21757.02,20513.65,21036.76
1987-11-13,21047.36,21575.52,21047.36,21546.5
1987-11-17,22450.54,22650.95,22450.54,22615.43
1987-11-18,22630.61,22680.64,22319.46,22344.28
1987-11-19,22316.02,22734.49,22175.2,22734.49
1987-11-20,22773.82,22869.58,22625.26,22668.8
1987-11-25,22729.81,22946.25,22729.81,22856.02
1987-11-26,22906.24,23220.16,22906.24,23219.69
1987-11-27,23235.29,23305.58,23215.43,23282.18
1987-12-01,22995.89,22995.89,22607.43,22686.78
1987-12-02,22662.34,22843.58,22301.76,22832.89
1987-12-03,22839.09,23026.07,22839.09,22915.49
1987-12-04,22904.22,22904.22,22685.73,22808.16
1987-12-08,22703.4,22781.51,22580.69,22586.52
1987-12-09,22643.24,22950.53,22643.24,22948.34
1987-12-10,22976.03,23150.31,22866.31,22885.7
1987-12-11,22947.29,23280.84,22947.29,23280.84
1987-12-15,23035.71,23090.81,22906.04,22926.28
1987-12-16,22971.93,23155.84,22837.95,22846.73
1987-12-17,22859.34,22938.69,22796.22,22819.42
1987-12-18,22836.61,22907.09,22796.98,22899.83
1987-12-22,22849.98,23056.82,22849.98,22956.84
1987-12-23,22948.72,22980.14,22737.49,22741.02
1987-12-24,22727.56,22733.58,22594.73,22693.85
1987-12-25,22722.39,22792.51,22472.97,22543.37
1987-12-29,21521.88,21564,20936.95,21564
1988-01-05,21551.2,21551.2,21148.26,21217.04
1988-01-06,21235.48,21713.7,21235.48,21575.28
1988-01-07,21593.81,22792.99,21593.81,22790.5
1988-01-08,22800.15,22985.1,22669.85,22792.13
1988-01-12,22848.87,22848.87,22542.7,22578.43
1988-01-13,22602.79,22687.05,22458.92,22625.05
1988-01-14,22593.33,22593.33,22260.32,22324.99
1988-01-15,22341.71,22604.8,22341.71,22603.65
1988-01-19,22625.33,23141.29,22625.33,22910.2
1988-01-20,22888.14,22962.55,22805.69,22898.17
1988-01-21,22881.16,22881.16,22765.67,22843.14
1988-01-22,22810.57,22810.57,22603.08,22710.26
1988-01-26,23166.99,23344.19,23166.99,23318.4
1988-01-27,23367.88,23538.69,23367.88,23498.76
1988-01-28,23477.64,23477.64,23331.52,23335.91
1988-01-29,23325.4,23591.65,23315.27,23587.25
1988-02-02,23725.54,23819.76,23717.51,23732.32
1988-02-03,23723.62,23740.35,23641.34,23672.21
1988-02-04,23645.36,23645.36,23577.79,23595.37
1988-02-05,23587.73,23775.9,23583.24,23709.1
1988-02-09,23791.67,23845.85,23770.55,23771.6
1988-02-10,23752.68,23752.68,23631.4,23662.27
1988-02-11,23678.9,23788.7,23678.9,23771.88
1988-02-16,23997.13,24207.47,23997.13,24207.47
1988-02-17,24207.38,24368.88,24207.38,24345.66
1988-02-18,24353.31,24438.46,24324.25,24429.95
1988-02-19,24430.24,24677.56,24430.24,24675.36
1988-02-23,24784.5,24949.35,24784.5,24846.71
1988-02-24,24844.61,24949.64,24759.75,24949.45
1988-02-25,24937.79,25012.9,24913.7,24968.65
1988-02-26,24955.55,25141.76,24920.94,25100.66
1988-03-01,25263.84,25263.84,25127.71,25242.81
1988-03-02,25255.81,25437.05,25255.81,25435.9
1988-03-03,25428.64,25683.4,25428.64,25682.82
1988-03-04,25678.42,25757.38,25585.03,25596.31
1988-03-08,25623.55,25642.58,25567.63,25616.58
1988-03-09,25597.17,25597.17,25465.35,25465.73
1988-03-10,25478.35,25620.78,25478.35,25605.39
1988-03-11,25616.77,25686.26,25604.72,25617.82
1988-03-15,25532.55,25553.01,25345.28,25433.51
1988-03-16,25422.81,25479.59,25339.74,25475.67
1988-03-17,25508.27,25719.82,25508.27,25704.43
1988-03-18,25713.7,25875.54,25713.7,25872.29
1988-03-23,25945.42,25945.42,25794.86,25842.75
1988-03-24,25846.86,25959.85,25846.86,25895.23
1988-03-25,25901.16,25957.84,25781,25781.28
1988-03-29,25301.87,25628.4,25301.87,25622.71
1988-03-30,25622.91,25981.41,25610.09,25953.09
1988-03-31,25985.35,26320.07,25980.35,26320.07
1988-04-01,26329.22,26376.81,26245.52,26260.26
1988-04-05,26313.14,26445.87,26309.19,26335.29
1988-04-06,26355.71,26427.66,26266.42,26315.35
1988-04-07,26326.33,26511.37,26326.33,26511.17
1988-04-08,26527.26,26780.68,26527.26,26769.22
1988-04-12,26761.22,26998.36,26761.22,26924.87
1988-04-13,26939.13,26985.74,26845.02,26930.84
1988-04-14,26942.3,26995.28,26922.56,26985.55
1988-04-15,26969.37,27123.19,26969.37,27111.35
1988-04-19,26883.84,26984.11,26671.45,26671.45
1988-04-20,26653.25,26676.84,26444.81,26657
1988-04-21,26662.78,26894.24,26662.78,26864.09
1988-04-22,26870.74,26870.74,26790.79,26828.16
1988-04-26,27066.56,27262.28,27066.56,27213.45
1988-04-27,27208.25,27339.14,27190.52,27246.77
1988-04-28,27259.29,27327.49,27165.96,27191.97
1988-04-29,27206.51,27434.31,27206.51,27434.12
1988-05-03,27520.71,27670.68,27520.71,27669.72
1988-05-10,27495.67,27555.38,27261.61,27264.3
1988-05-11,27239.65,27412.83,27166.92,27412.25
1988-05-12,27405.03,27501.93,27154.59,27161.05
1988-05-13,27136.68,27275.38,26928.82,27212.58
1988-05-17,27473.8,27764.3,27473.8,27759.87
1988-05-18,27782.03,27967.25,27714.79,27819.98
1988-05-19,27811.69,27814.78,27754.38,27767.58
1988-05-20,27759.49,27759.49,27371.89,27373.24
1988-05-24,27391.45,27393.18,27145.06,27249.76
1988-05-25,27237.43,27348.58,27179.16,27312.66
1988-05-26,27319.01,27479.19,27319.01,27443.65
1988-05-27,27463.3,27641.49,27403.87,27428.24
1988-05-31,26961.82,27238.62,26961.82,27223.1
1988-06-01,27214.33,27417.57,27214.33,27416.7
1988-06-02,27427.79,27795.99,27427.79,27703.91
1988-06-03,27720.3,27943.12,27720.3,27869.36
1988-06-07,27912.94,28059.97,27912.94,27996.24
1988-06-08,27978.02,28056.98,27919.49,27967.32
1988-06-09,27962.88,28024.2,27880.16,27912.65
1988-06-10,27927.5,28173.54,27927.5,28072.02
1988-06-14,27916.12,28047.72,27916.12,28036.54
1988-06-15,28030.76,28085.81,27926.24,28061.8
1988-06-16,28081.76,28294.06,28081.76,28093.52
1988-06-17,28108.95,28228.31,28108.95,28147.32
1988-06-21,28349.79,28390.38,28127.17,28139.03
1988-06-22,28109.14,28109.14,27915.16,27925.57
1988-06-23,27975.41,28199.96,27833.49,27860.78
1988-06-24,27884.4,28008.58,27692.63,27732.93
1988-06-28,27562.39,27598.14,27385.62,27435.01
1988-06-29,27403.79,27443.7,27177.54,27398.09
1988-06-30,27422.73,27692.18,27422.73,27607.33
1988-07-01,27636.9,27820.43,27636.9,27769.4
1988-07-05,27366.48,27471.05,27276.22,27360.39
1988-07-06,27362.33,27585,27362.33,27577.17
1988-07-07,27584.23,27767.57,27584.23,27766.6
1988-07-08,27774.14,27817.34,27634.58,27728.13
1988-07-12,27925.87,28044.17,27880.93,27985.99
1988-07-13,27992.46,28101.96,27992.46,28099.84
1988-07-14,28113.56,28178.8,27909.15,28020.1
1988-07-15,28021.17,28132.6,27950.52,28084.08
1988-07-19,27909.93,27975.07,27591.09,27662.12
1988-07-20,27645.89,27645.89,27109.31,27149.03
1988-07-21,27178.51,27571.66,27113.37,27553.98
1988-07-22,27562.39,27676.14,27416.74,27676.14
1988-07-26,27321.93,27390.64,27179.67,27183.53
1988-07-27,27208.95,27347.06,27208.95,27303.76
1988-07-28,27322.34,27750.56,27322.34,27738.57
1988-07-29,27752.88,27939.67,27752.88,27796.09
1988-08-02,28234.46,28409.17,28234.46,28326.31
1988-08-03,28341,28381.03,28244.61,28366.33
1988-08-04,28360.92,28389.64,28309.29,28348.45
1988-08-05,28370.3,28475.68,28246.25,28292.66
1988-08-09,28351.74,28393.89,28217.73,28253.12
1988-08-10,28253.02,28295.18,28126.08,28170.36
1988-08-11,28155.76,28155.76,27469.98,27554.87
1988-08-12,27531.76,27832.45,27470.66,27784.98
1988-08-16,27869.38,27958.14,27849.66,27901.29
1988-08-17,27887.85,27903.22,27780.62,27896.55
1988-08-18,27930.1,28181.48,27930.1,28178.86
1988-08-19,28206.9,28323.02,28120.76,28129.36
1988-08-23,28219.67,28281.54,28000.1,28079.18
1988-08-24,28032.49,28032.49,27851.49,27919.95
1988-08-25,27925.26,28004.16,27772.99,27799.67
1988-08-26,27845.5,27937.93,27744.85,27870.44
1988-08-30,27698.54,27826.65,27358.21,27379.1
1988-08-31,27409.46,27514.55,27265.78,27511.65
1988-09-01,27535.05,27613.56,27310.45,27365.95
1988-09-02,27329.4,27329.4,26701.44,26934.26
1988-09-06,27530.89,27644.49,27336.56,27341.58
1988-09-07,27372.72,27449.48,27210.96,27320.51
1988-09-08,27349.42,27516.39,27349.42,27504.01
1988-09-09,27512.52,27744.17,27512.52,27740.11
1988-09-13,27657.74,27758.97,27638.79,27756.74
1988-09-14,27793,27914.24,27711.11,27794.16
1988-09-15,27812.72,27899.74,27766.51,27805.67
1988-09-20,27900.32,28034.03,27883.88,27901
1988-09-21,27878.47,27878.47,27532.44,27548.58
1988-09-22,27554.29,27713.33,27291.4,27712.66
1988-09-23,27718.84,27804.51,27375.52,27428.31
1988-09-27,27357.34,27439.81,27185.83,27333.75
1988-09-28,27331.01,27499.56,27331.01,27499.56
1988-09-29,27538.94,27813.89,27538.94,27752.01
1988-09-30,27764.72,27853.36,27638.74,27700.13
1988-10-04,27693.24,27775.58,27495.68,27545.53
1988-10-05,27531.76,27531.76,27333.24,27501.02
1988-10-06,27513.53,27582.78,27246.34,27405.49
1988-10-07,27373.78,27395.79,27078.56,27172.34
1988-10-12,27293.47,27579.96,27293.47,27469.6
1988-10-13,27456.79,27456.79,27218.8,27409.37
1988-10-14,27374.07,27374.07,27209.1,27273.3
1988-10-18,27325.09,27366.89,27232.37,27268.74
1988-10-19,27262.54,27265.15,27090,27141.98
1988-10-20,27160.12,27301.52,27160.12,27293.67
1988-10-21,27306.18,27428.57,27306.18,27390.55
1988-10-25,27319.85,27377.85,27258.07,27281.54
1988-10-26,27281.54,27422.36,27267.29,27421.49
1988-10-27,27425.86,27706.62,27425.86,27620.6
1988-10-28,27628.84,27766.75,27628.84,27722.92
1988-11-01,27954.81,28045.78,27832.8,27982.54
1988-11-02,27976.43,28095.24,27964.79,28013.67
1988-11-03,28032,28108.72,27959.65,27985.26
1988-11-08,28043.93,28043.93,27865.77,27866.36
1988-11-09,27856.27,28008.15,27767.43,28007.27
1988-11-10,28015.23,28249.05,28015.23,28212.78
1988-11-11,28224.32,28317.91,28164.78,28166.42
1988-11-15,28481.23,28531.47,28402.48,28520.9
1988-11-16,28530.6,28854.43,28530.6,28829.41
1988-11-17,28833.67,29013.38,28827.76,28996.12
1988-11-18,28988.17,29119.87,28832.99,29076.81
1988-11-22,29189.51,29357.29,29179.42,29284.26
1988-11-23,29289.3,29433.13,29221.22,29430.12
1988-11-25,29439.34,29479.1,29281.45,29340.03
1988-11-29,29340.41,29340.41,28979.73,28983.32
1988-11-30,28962.95,29318.3,28930.27,29318.3
1988-12-01,29338.09,29579.87,29338.09,29578.9
1988-12-02,29614.2,29683.74,29531.76,29541.46
1988-12-06,29654.06,29655.9,29438.66,29614.68
1988-12-07,29619.44,29767.63,29619.44,29669.38
1988-12-08,29675.4,30050.82,29675.4,30050.82
1988-12-09,30025.99,30025.99,29747.55,29758.9
1988-12-13,29792.26,29847.83,29620.11,29672.29
1988-12-14,29656.39,29689.75,29542.82,29597.81
1988-12-15,29622.25,29772.19,29622.25,29754.73
1988-12-16,29758.41,29794.69,29678.5,29705.75
1988-12-20,29534.48,29630.1,29384.15,29470.08
1988-12-21,29464.16,29623.41,29464.16,29567.94
1988-12-22,29578.7,29698.19,29519.15,29698.19
1988-12-23,29722.14,29825.72,29684.9,29774.61
1988-12-27,29697.35,29872.19,29697.35,29868.01
1988-12-28,29891.92,30084.75,29891.92,30050.93
1988-12-29,30073.77,30264.36,30073.77,30159
1989-01-05,30165.52,30272.72,30165.52,30243.66
1989-01-06,30259.89,30397.51,30082.81,30183.79
1989-01-10,30223.35,30678.39,30223.35,30678.39
1989-01-11,30683.16,31006.51,30680.34,31006.51
1989-01-12,31009.91,31243.27,30903.88,31143.45
1989-01-13,31141.02,31155.02,31047.43,31143.45
1989-01-18,31298.57,31317.23,31150.84,31227.52
1989-01-19,31244.34,31365.15,31237.54,31354.55
1989-01-20,31367.29,31463.7,31110.41,31311.4
1989-01-24,31199.14,31332.88,31199.14,31332.88
1989-01-25,31349.89,31559.43,31349.89,31557.68
1989-01-26,31566.62,31663.91,31487.41,31567.79
1989-01-27,31580.13,31586.35,31430.17,31511.81
1989-01-31,31683.84,31743.22,31545.63,31567.5
1989-02-01,31548.45,31581.88,31487.02,31581.3
1989-02-02,31576.93,31581.49,31303.72,31360.68
1989-02-03,31361.94,31515.11,31361.94,31498.3
1989-02-07,31686.36,31856.25,31686.17,31828.75
1989-02-08,31827.87,31965.69,31822.92,31880.65
1989-02-09,31892.51,32066.09,31892.51,32065.12
1989-02-10,32069.1,32270.48,32064.24,32078.43
1989-02-14,32110.12,32126.54,31952.08,31985.32
1989-02-15,31977.35,32076.78,31936.34,31982.89
1989-02-16,31996.31,32171.83,31996.31,32149.48
1989-02-17,32157.55,32354.75,31996.5,32083.58
1989-02-21,32187.97,32302.65,32092.04,32177.08
1989-02-22,32188.16,32253.67,31949.95,31980.08
1989-02-23,32006.94,32312.62,32006.94,32311.93
1989-02-24,32320.4,32508.61,32286.16,32452.49
1989-02-28,32423.79,32597.9,32281.3,32285.77
1989-03-01,32302.99,32352.2,31951.56,31985.6
1989-03-02,32006.91,32281.49,31780.86,31964.3
1989-03-03,31959.34,32106.6,31805.37,32073.73
1989-03-07,31991.34,32015.85,31685.93,31876.86
1989-03-08,31875.98,31993.39,31736.6,31937.94
1989-03-09,31955.45,32119.15,31806.54,31837.66
1989-03-10,31859.06,31891.16,31590.8,31656.45
1989-03-14,31689.43,31693.51,31427,31552.96
1989-03-15,31556.56,31735.73,31516.39,31724.35
1989-03-16,31757.42,32102.62,31757.42,32100.48
1989-03-17,32129.17,32282.95,32067.5,32098.24
1989-03-21,31999.51,31999.51,31629.8,31654.8
1989-03-23,31666.28,31788.35,31343.55,31443.24
1989-03-24,31436.05,31656.45,31413.77,31588.66
1989-03-28,31581.46,31717.15,31505.2,31512.4
1989-03-29,31521.53,32308.33,31521.53,32306.36
1989-03-30,32317.54,32738.06,32317.54,32737.28
1989-03-31,32744.92,32912.82,32656.76,32826.13
1989-04-04,32862.51,33077.08,32847.31,33042.07
1989-04-05,33065.71,33340.3,33065.71,33312.25
1989-04-06,33337.65,33412.96,33239.58,33360.79
1989-04-07,33334.41,33334.41,32839.27,32995.78
1989-04-11,33191.82,33223.5,32909.78,32999.02
1989-04-12,32998.33,33307.25,32939.59,33249.58
1989-04-13,33259.39,33434.74,33136.51,33256.45
1989-04-14,33267.53,33336.18,32951.06,33063.94
1989-04-18,33189.27,33402.47,33189.27,33308.33
1989-04-19,33308.23,33361.77,33217.12,33321.66
1989-04-20,33320.09,33414.44,33286.46,33363.83
1989-04-21,33368.44,33397.27,33048.35,33185.15
1989-04-25,33036.97,33115.13,32703.83,32805.92
1989-04-26,32854.27,33318.03,32854.27,33244.78
1989-04-27,33256.64,33446.01,33157.69,33434.93
1989-04-28,33457.59,33565.07,33425.32,33500.83
1989-05-02,33721.58,33880.75,33721.58,33793.17
1989-05-03,33821.12,33977.74,33821.12,33954.99
1989-05-09,33979.8,34170.54,33979.8,34135.24
1989-05-10,34146.81,34174.86,33948.42,34031.87
1989-05-11,34046.88,34153.57,33988.23,33992.35
1989-05-12,34008.24,34082.48,33971.46,34081.49
1989-05-16,33864.18,33864.18,33612.24,33716.29
1989-05-17,33795.82,33931.35,33740.22,33926.45
1989-05-18,33957.34,34039.72,33946.85,33992.45
1989-05-19,33982.84,33999.22,33768.27,33856.33
1989-05-23,34007.06,34124.06,34002.75,34067.86
1989-05-24,34043.35,34043.35,33582.43,33816.61
1989-05-25,33808.57,33933.8,33706.87,33851.82
1989-05-26,33888.5,34006.37,33858.59,34005.39
1989-05-30,34213.98,34337.94,34102.28,34160.83
1989-05-31,34141.9,34162.01,33990.19,34076.89
1989-06-01,34070.71,34268.71,34004.9,34266.75
1989-06-02,34294.4,34327.8,33932.04,33981.35
1989-06-06,33649.55,33809,33408.07,33457.08
1989-06-07,33433.45,33574.36,33247.73,33452.01
1989-06-08,33497.41,33676.89,33398.5,33626.89
1989-06-09,33657.46,33838.3,33657.46,33718.29
1989-06-13,33614.69,33614.69,33315.2,33398.01
1989-06-14,33463.53,33555.51,33135.05,33213.55
1989-06-15,33234.84,33408.16,33017.77,33402.99
1989-06-16,33466.95,33524.56,32913.09,32913.09
1989-06-20,33038.57,33051.36,32858.31,33013.18
1989-06-21,33014.45,33282.78,33007.52,33233.47
1989-06-22,33241.48,33376.53,33177.42,33345.28
1989-06-23,33340.59,33427.4,33262.18,33324.97
1989-06-27,33565.18,33692.9,33524.95,33625.82
1989-06-28,33622.07,33646.4,33445.17,33469.21
1989-06-29,33430.61,33430.61,32952.01,33245.6
1989-06-30,33198.4,33223.03,32922.5,32956.31
1989-07-04,32894.64,33236.42,32696.54,33236.42
1989-07-05,33268.47,33279.52,33181.1,33190.38
1989-07-06,33221.27,33358.29,33221.27,33309.71
1989-07-07,33347.83,33516.03,33347.83,33423.48
1989-07-11,33718.53,33843.33,33629.01,33676.02
1989-07-12,33689.31,33799.16,33664.97,33746.77
1989-07-13,33767.2,33816.16,33693.02,33701.52
1989-07-14,33732.9,33778.34,33627.83,33631.16
1989-07-18,33585.42,33593.63,33414.68,33456.22
1989-07-19,33458.95,33465.3,33308.64,33343.73
1989-07-20,33343.53,33558.05,33343.53,33557.17
1989-07-21,33597.63,33700.94,33584.25,33664.87
1989-07-25,33911.85,34095.19,33866.69,34093.33
1989-07-26,34155.79,34542.51,34155.79,34538.9
1989-07-27,34585.91,34771.21,34511.14,34515.83
1989-07-28,34538.7,34788.02,34538.7,34785.28
1989-08-01,34722.93,34954.75,34722.93,34953.87
1989-08-02,34949.67,34963.55,34767.1,34898.46
1989-08-03,34893.57,35015.93,34851.25,34899.34
1989-08-04,34888.58,34929.53,34699.47,34779.81
1989-08-08,34736.51,34758.7,34556,34630.38
1989-08-09,34615.91,34761.34,34530.79,34759.48
1989-08-10,34763.58,34861.42,34737.1,34859.27
1989-08-11,34842.55,34911.16,34708.56,34719.8
1989-08-15,34692.92,34724.88,34590.4,34671.62
1989-08-16,34660.28,34812.94,34631.84,34810.69
1989-08-17,34819.29,35086.1,34819.29,35084.15
1989-08-18,35121.58,35191.56,34985.54,35090.11
1989-08-22,35096.56,35191.16,35068.12,35140.83
1989-08-23,35114.74,35157.74,35011.04,35114.35
1989-08-24,35110.93,35178.85,34848.81,34893.28
1989-08-25,34903.15,34957.58,34662.53,34786.55
1989-08-29,34740.32,34749.32,34492.57,34607.41
1989-08-30,34611.9,34687.65,34505.86,34687.65
1989-08-31,34699.96,34758.99,34423.28,34471.66
1989-09-01,34482.8,34515.54,34244.43,34431.2
1989-09-05,34354.67,34558.64,34305.51,34483.78
1989-09-06,34513.19,34635.07,34338.45,34441.95
1989-09-07,34434.42,34435.69,34117.87,34271.31
1989-09-08,34228.01,34299.75,34110.54,34152.56
1989-09-12,34128.81,34165.17,33955.14,34113.66
1989-09-13,34105.45,34332.88,34091.38,34332.88
1989-09-14,34345.48,34345.48,34185.59,34286.94
1989-09-15,34292.12,34410.48,34261.92,34401.88
1989-09-19,34393.57,34525.41,34385.16,34472.54
1989-09-20,34476.84,34581.02,34368.16,34471.07
1989-09-21,34498.83,34559.81,34448.1,34470.58
1989-09-22,34536.65,34758.5,34536.65,34745.02
1989-09-26,34836.4,34990.13,34834.05,34960.71
1989-09-27,34977.7,35444.82,34974.96,35444.82
1989-09-28,35474.96,35654.08,35308.35,35370.57
1989-09-29,35398.36,35689.98,35398.36,35689.98
1989-10-03,35671.69,35771.18,35612.6,35622.97
1989-10-04,35603.4,35603.4,35293.48,35366.37
1989-10-05,35389.75,35418.8,35337.8,35382.8
1989-10-06,35381.73,35536.88,35381.73,35522.99
1989-10-10,35229.11,35405.2,35229.11,35376.35
1989-10-12,35380.85,35399.04,35005.77,35240.07
1989-10-13,35219.53,35219.53,34795.05,34795.05
1989-10-17,35075.62,35075.62,34460.87,34468.69
1989-10-18,34508.42,35183.58,34508.42,34996.08
1989-10-19,35005.49,35152.04,34991.67,35107.56
1989-10-20,35129.31,35392.14,35129.31,35374.22
1989-10-24,35513.62,35670.06,35513.62,35585.52
1989-10-25,35609.42,35651.16,35449.26,35526.55
1989-10-26,35535.95,35645.47,35442.4,35442.4
1989-10-27,35451.94,35697.11,35451.94,35678.49
1989-10-31,35523.17,35523.17,35335.82,35417.44
1989-11-01,35413.13,35583.34,35413.13,35549.44
1989-11-02,35545.03,35640.37,35453.21,35564.43
1989-11-03,35545.81,35555.71,35360.8,35494.86
1989-11-07,35494.95,35573.25,35411.46,35434
1989-11-08,35371.09,35371.09,35098.78,35270.46
1989-11-09,35319.35,35628.61,35319.35,35595.59
1989-11-10,35626.46,35690.25,35466.63,35657.42
1989-11-14,35713.77,35799.71,35677.61,35750.12
1989-11-15,35725.53,35775.99,35696.72,35768.64
1989-11-16,35806.17,35976.78,35805.39,35852.23
1989-11-17,35855.27,35953.16,35833.12,35876.34
1989-11-21,35962.86,35974.91,35882.02,35893.58
1989-11-22,35920.24,36059.87,35920.24,36059.87
1989-11-23,36097.99,36387.65,36097.99,36286.92
1989-11-28,36487.7,36883.19,36487.7,36881.53
1989-11-29,36892.8,36987.16,36825.58,36985.3
1989-11-30,36989.22,37128.86,36935.91,37021.46
1989-12-01,37034.39,37268.79,37019.21,37268.79
1989-12-05,37134.93,37312.59,37124.45,37303.87
1989-12-06,37326.9,37548.46,37326.9,37494.17
1989-12-07,37453.01,37654.29,37299.36,37654.29
1989-12-08,37656.15,37858.11,37549.53,37858.11
1989-12-12,37714.16,37840.37,37688,37752.67
1989-12-13,37763.94,37899.95,37676.04,37803.53
1989-12-14,37830.87,38062.42,37830.87,38062.42
1989-12-15,38058.01,38201.57,37993.73,38180.7
1989-12-19,38304.46,38586.18,38304.46,38586.18
1989-12-20,38559.53,38559.53,38250.47,38439.1
1989-12-21,38441.65,38571.78,38310.53,38512
1989-12-22,38522.78,38539.64,38195.98,38215.48
1989-12-26,38059.87,38466.63,37905.14,38423.62
1989-12-27,38470.29,38786.13,38470.29,38681.31
1989-12-28,38708.96,38884.29,38708.96,38801.63
1989-12-29,38835.46,38920.38,38678.17,38876.94
1990-01-05,38921.65,38950.77,38705.14,38712.88
1990-01-09,38331.63,38564.23,38121.1,38294.96
1990-01-10,38281.23,38296.63,37729.85,37951.46
1990-01-11,37927.63,37927.63,37460.29,37696.51
1990-01-12,37705.73,38170.13,37604.33,38170.13
1990-01-17,37469.41,37469.41,36657.97,36850.36
1990-01-18,36894.1,37285.45,36821.14,36821.14
1990-01-19,36833.5,37003.43,36521.38,36729.46
1990-01-23,36853.11,37257.01,36851.25,37257.01
1990-01-24,37212.88,37379.49,37018.04,37378.02
1990-01-25,37396.35,37462.84,36683.27,36778.98
1990-01-26,36822.02,37081.78,36766.13,36969.11
1990-01-30,36912.51,37224.79,36912.51,37173.7
1990-01-31,37210.08,37336.11,37192.23,37215.67
1990-02-01,37200.92,37208.08,36957.23,37188.95
1990-02-02,37242.03,37332.19,37124.89,37206.42
1990-02-06,37676.84,37732.27,37583.44,37631.41
1990-02-07,37679.78,37886.69,37642.89,37666.83
1990-02-08,37684.39,37692.93,37255.67,37301.87
1990-02-09,37346.12,37516.24,37180.81,37516.24
1990-02-14,37319.53,37350.93,37093.99,37107.03
1990-02-15,37124.89,37183.26,37018.25,37155.89
1990-02-16,37186.4,37585.4,37186.4,37471.99
1990-02-20,37496.03,37610.52,37097.42,37222.6
1990-02-21,37157.56,37157.56,36868.14,36895.52
1990-02-22,36865.99,36865.99,35694.89,35734.33
1990-02-23,35767,36148.34,35087.71,35826.84
1990-02-27,34863.08,34863.08,32443.18,33321.87
1990-02-28,33345.55,34000.69,32793.24,33897.95
1990-03-01,33950.2,34755.72,33950.2,34591.99
1990-03-02,34587.27,34587.86,33829.58,33829.58
1990-03-06,34072.49,34118.06,33751.69,33845.2
1990-03-07,33856.89,33989.39,33729.89,33791.08
1990-03-08,33797.66,33807.39,33180.04,33362.34
1990-03-09,33272.76,33938.61,32971.42,33690.89
1990-03-13,33985.46,34005.7,33366.27,33368.23
1990-03-14,33317.85,33317.85,32620.57,32620.57
1990-03-15,32578.33,32761.81,32279.54,32352.13
1990-03-16,32364.6,32720.17,32364.6,32671.64
1990-03-20,32609.27,32721.44,31198.21,31263.24
1990-03-21,31241.92,31551.03,30570.08,30807.19
1990-03-23,30775.86,30775.86,28830.37,29843.34
1990-03-27,30378.16,31840.49,30378.16,31840.49
1990-03-28,31833.64,32164.36,31367.62,31825.96
1990-03-29,31799.61,31799.61,31107.21,31263.57
1990-03-30,31238.4,31437.61,30876.6,31026.16
1990-04-03,29979.96,29979.96,28002.07,28002.07
1990-04-04,28005.23,28791.21,27678.18,28759.72
1990-04-05,28788.55,29143.34,28090.23,28442.94
1990-04-06,28423.49,28423.49,27251.04,28249.06
1990-04-10,29297.73,30524.19,29297.73,30397.93
1990-04-11,30382.92,30382.92,29624.68,29624.68
1990-04-12,29654.49,30003.06,29340.18,29440.28
1990-04-13,29457.26,29687.96,29127.64,29623.2
1990-04-17,29153.01,29153.01,28396.35,28463.18
1990-04-18,28406.52,28861.3,28335.93,28461.6
1990-04-19,28426.55,29250.35,28426.55,29249.06
1990-04-20,29296.25,30034.45,29296.25,29945.41
1990-04-24,29834.45,29953.41,29520.63,29679.07
1990-04-25,29629.91,29629.91,29285.09,29501.38
1990-04-26,29507.4,29710.86,29433.27,29564.36
1990-04-27,29574.23,29679.57,29424.58,29424.58
1990-05-02,29593.58,29691.02,29519.25,29689.83
1990-05-03,29736.03,30173.64,29736.03,30173.64
1990-05-08,30211.55,30956.66,30211.55,30956.27
1990-05-09,30949.56,31039.88,30729.52,30970.58
1990-05-10,30979.86,31110.76,30834.75,30945.61
1990-05-11,30957.16,31260.81,30957.16,30980.26
1990-05-15,31541.95,32071.08,31541.95,32042.65
1990-05-16,32046,32323.3,31888.94,31997.04
1990-05-17,31982.63,32083.12,31905.63,31967.62
1990-05-18,31970.19,32178.68,31881.64,32061.6
1990-05-22,31987.36,31987.36,31605.33,31765.05
1990-05-23,31721.32,31938.3,31599.7,31938.3
1990-05-24,31989.73,32316.78,31989.73,32176.51
1990-05-25,32184.4,32328.92,32069.5,32311.75
1990-05-29,32838.8,33224.19,32838.8,33191.61
1990-05-30,33191.12,33203.75,32776.6,32817.67
1990-05-31,32804.74,33002.37,32465.35,32926.26
1990-06-01,32961.4,33227.94,32876.51,33130.8
1990-06-05,32910.76,33081.93,32898.22,32925.37
1990-06-06,32944.72,33054.2,32855.68,32921.62
1990-06-07,32913.82,33052.32,32838.99,32953.5
1990-06-08,32938.7,33217.37,32937.02,33192.5
1990-06-12,32963.97,32963.97,32487.96,32540.18
1990-06-13,32490.42,32593.98,32284.6,32322.31
1990-06-14,32349.26,32466.04,32190.52,32371.77
1990-06-15,32408.88,32755.97,32408.88,32668.11
1990-06-19,32530.31,32634.35,32306.32,32376.8
1990-06-20,32324.19,32324.19,31913.82,32040.38
1990-06-21,32045.01,32182.33,32005.63,32087.76
1990-06-22,32100.49,32316.88,31922.51,32087.27
1990-06-26,31637.71,31637.71,31124.19,31124.19
1990-06-27,31118.84,31572.85,31086.34,31571.77
1990-06-28,31600.02,32312.75,31600.02,32312.75
1990-06-29,32324.01,32338.83,31931.15,32106.19
1990-07-03,31924.03,32160.23,31766.08,32160.23
1990-07-04,32179.89,32414.6,32133.95,32414.6
1990-07-05,32414.3,32627.38,32398.7,32445.92
1990-07-06,32449.47,32590.64,32351.67,32351.67
1990-07-10,32457.57,32608.71,32417.96,32538.28
1990-07-11,32552.9,32552.9,32152.43,32152.43
1990-07-12,32151.24,32456.78,32144.13,32294.18
1990-07-13,32330.83,32577.79,32266.32,32575.32
1990-07-17,32677.86,33021.73,32677.86,33021.73
1990-07-18,33065.1,33177.71,32968.78,33172.28
1990-07-19,33173.76,33186.8,32971.95,33048.11
1990-07-20,33051.17,33077.55,32847.87,33055.62
1990-07-24,32421.12,32421.12,31781.59,31894.79
1990-07-25,31834.14,31924.03,31504.3,31702.46
1990-07-26,31739.01,31845.9,31650.7,31701.27
1990-07-27,31706.11,31794.53,31327.67,31369.75
1990-07-31,30846.49,30846.49,30296.55,30442.95
1990-08-01,30504.49,31040.7,30504.49,31035.66
1990-08-02,31086.14,31371.53,30656.82,30837.99
1990-08-03,30799.96,30799.96,29929.27,30245.18
1990-08-07,29486.12,29486.12,28272.65,28599.53
1990-08-08,28598.54,28598.54,27240.94,27653.07
1990-08-09,27657.12,28521.58,27572.56,28509.14
1990-08-10,28502.42,28502.42,27615.73,27615.73
1990-08-14,27282.13,27282.13,25913.76,26176.43
1990-08-15,26193.62,26788.8,25949.22,26672.53
1990-08-16,26716.88,28158.85,26716.88,28112.12
1990-08-17,28097.11,28097.11,27436.33,27549.44
1990-08-21,26759.66,26923.54,26456.09,26490.47
1990-08-22,26548.85,26956.14,26297.84,26297.84
1990-08-23,26254.37,26254.37,24844.51,25210.91
1990-08-24,25198.76,25198.76,23649.21,23737.63
1990-08-28,24183.44,25141.76,24183.44,25141.76
1990-08-29,25145.71,25913.66,25145.71,25710.76
1990-08-30,25700.98,25700.98,24854.98,24894.79
1990-08-31,24915.64,25673.32,24750.77,25669.96
1990-09-04,26014.13,26163.49,25417.86,25420.43
1990-09-05,25429.42,25459.84,24803.02,24907.64
1990-09-06,24888.27,24888.27,23640.52,24078.34
1990-09-07,24095.92,24268.3,23620.37,23811.91
1990-09-11,23997.23,25080.9,23997.23,25080.9
1990-09-12,25064.01,25064.01,24470.71,24604.66
1990-09-13,24600.81,25288.06,24463.6,25216.14
1990-09-14,25253.68,25487.8,25012.35,25075.08
1990-09-18,24888.67,24888.67,24286.48,24365.6
1990-09-19,24331.03,24331.03,23308.31,23884.82
1990-09-20,23879.38,24131.29,23726.17,23726.17
1990-09-21,23734.07,23836.41,23432.18,23602.98
1990-09-26,23762.03,23762.03,23218.5,23359.32
1990-09-27,23371.08,23518.43,22250.62,22250.62
1990-09-28,22232.14,22311.89,21531.77,21771.91
1990-10-02,20986.07,21075.5,19781.7,20221.86
1990-10-03,20221.86,22899.4,20221.86,22898.41
1990-10-04,22898.11,23462.89,22578.02,22849.39
1990-10-05,22829.03,22829.03,22260.1,22278.19
1990-10-09,22857.59,23630,22857.59,23630
1990-10-10,23643.05,23971.44,23361.7,23495.11
1990-10-12,23479.69,23479.69,22521.2,22585.63
1990-10-16,22404.09,23109.2,22404.09,23109.2
1990-10-17,23143.41,23819.48,23143.41,23606.1
1990-10-18,23615.4,24053.94,23551.46,23859.36
1990-10-19,23857.98,24367.08,23763.36,24367.08
1990-10-23,24489.51,25232.38,24489.51,25070.86
1990-10-24,25099.07,25432.9,25083.53,25298.3
1990-10-25,25271.28,25271.28,24677.26,24876.88
1990-10-26,24907.56,25485.85,24907.56,25352.63
1990-10-30,25004.36,25393.25,25004.26,25329.31
1990-10-31,25328.52,25328.52,24885.18,25242.4
1990-11-01,25253.49,25444.92,25144.71,25194.1
1990-11-02,25159.95,25159.95,24204.69,24295.16
1990-11-06,24232.01,24575.37,24232.01,24385.33
1990-11-07,24416.41,24645.25,23867.66,23965.75
1990-11-08,23938.34,23938.34,23401.46,23500.25
1990-11-09,23444.03,23444.03,22833.71,22969.81
1990-11-14,22938.73,23974.07,22938.73,23973.67
1990-11-15,23940.81,24045.83,23629.52,23937.44
1990-11-16,23931.01,23959.71,23453.23,23487.48
1990-11-20,23192.62,23518.16,23176.68,23518.16
1990-11-21,23478.67,23478.67,23202.81,23205.48
1990-11-22,23158.17,23158.17,22615.26,22816.99
1990-11-23,22821.44,23400.28,22821.44,23400.28
1990-11-27,23416.78,23766.09,23416.78,23762.86
1990-11-28,23737.14,23737.14,23533.44,23623.51
1990-11-29,23609.52,23767.06,23046.25,23053.88
1990-11-30,23030.9,23030.9,22265.6,22712.6
1990-12-04,22456.87,23033.74,22456.87,22725.99
1990-12-05,22679.05,22679.05,21862.41,21862.61
1990-12-06,21901.72,22250.64,21626.64,22193.72
1990-12-07,22238.8,22609.13,22238.8,22553.1
1990-12-11,23564.64,23862.41,23350.87,23784.67
1990-12-12,23760.02,24006.16,23433.5,23956.97
1990-12-13,23956.48,24325.84,23893.21,23999.41
1990-12-14,24036.28,24642.97,24036.28,24642.97
1990-12-18,24326.91,24326.91,24017.11,24087.91
1990-12-19,24093.88,24424.02,24093.88,24424.02
1990-12-20,24473.21,25063.86,24473.21,24876.78
1990-12-21,24853.41,24853.41,24515.94,24524.94
1990-12-26,24089.93,24089.93,23767.88,23767.88
1990-12-27,23784.91,23975.63,23695.47,23887.56
1990-12-28,23938.25,24263.63,23865.84,23940.7
1991-01-08,24036.99,24036.99,23735.59,23736.57
1991-01-09,23707.7,23707.7,22859.28,22897.84
1991-01-10,22846.76,23098.74,22662.49,22969.27
1991-01-11,22924.75,23184.75,22711.91,23047.36
1991-01-15,23197.96,23238.87,22911.15,23213.23
1991-01-17,23140.23,23140.23,22382.23,22442.7
1991-01-18,22403.07,23446.81,22099.52,23446.81
1991-01-22,23755.26,23755.26,23352.19,23352.19
1991-01-23,23372.15,23497.41,23201.68,23253.65
1991-01-24,23173.21,23173.21,22951.56,23050.1
1991-01-25,23114.39,23394.56,23114.39,23269.01
1991-01-29,23574.92,23574.92,23463.15,23569.44
1991-01-30,23562.69,23608.5,23422.24,23460.12
1991-01-31,23444.16,23554.76,23405.4,23409.61
1991-02-01,23477.44,23654.69,23222.37,23293.14
1991-02-05,23178.82,23294.02,23134.68,23287.36
1991-02-06,23367.04,23821.87,23367.04,23821.57
1991-02-07,23877.07,24310.85,23877.07,23952.04
1991-02-08,24001.17,24162.28,23926.3,24104.43
1991-02-13,24333.07,25074.29,24333.07,24935.01
1991-02-14,24932.95,25225.8,24881.47,25139.47
1991-02-15,25184.99,25406.28,25184.99,25356.37
1991-02-19,25378.39,26230.01,25378.39,26230.01
1991-02-20,26243.91,26481.75,26051.78,26166.98
1991-02-21,26153.47,26340.32,25836.06,26198.79
1991-02-22,26137.03,26217.19,25954.29,26024.37
1991-02-26,25908.19,26466.77,25852.11,26462.76
1991-02-27,26499.76,26709.8,26255.46,26282.96
1991-02-28,26229.13,26229.13,25986.69,26094.25
1991-03-01,26176.76,26623.67,26176.76,26409.22
1991-03-05,25851.91,26028.97,25812.57,25976.02
1991-03-06,25980.52,26148.87,25896.74,25913.48
1991-03-07,25981.7,26389.94,25981.7,26382.99
1991-03-08,26364.69,26478.12,26244.3,26397.96
1991-03-12,26630.03,26753.84,26610.16,26669.37
1991-03-13,26643.93,26744.54,26605.66,26727.42
1991-03-14,26692.08,26692.08,26389.06,26418.32
1991-03-15,26478.32,26591.47,26366.45,26542.33
1991-03-19,26916.22,27270.33,26916.22,27146.91
1991-03-20,27065.97,27193.31,26926.89,27006.66
1991-03-21,26903.1,26903.1,26448.57,26449.35
1991-03-26,26602.62,26802.78,26602.62,26645.79
1991-03-27,26673.64,26708.06,26323.4,26339.38
1991-03-28,26431.8,26609.43,26104.65,26104.65
1991-03-29,26026.93,26316.3,25785.97,26206.92
1991-04-02,26237.79,26237.79,25914.29,26007.4
1991-04-03,25955.62,26274.58,25913.6,26252
1991-04-04,26322.71,26803.43,26322.71,26780.06
1991-04-05,26752.64,26792.68,26608.44,26689.81
1991-04-09,26765.26,26825.33,26591.48,26607.65
1991-04-10,26559.62,26586.74,26317.39,26317.39
1991-04-11,26270.54,26369.76,26190.55,26268.86
1991-04-12,26308.41,26444.13,26211.07,26425.19
1991-04-16,26620.08,26896.14,26620.08,26695.53
1991-04-17,26745.83,26894.27,26615.35,26813.3
1991-04-18,26859.35,27092.02,26859.35,26980.37
1991-04-19,26994.77,27042.9,26699.67,26798.9
1991-04-23,26492.45,26492.45,26237.01,26237.01
1991-04-24,26188.97,26568.89,26078.31,26491.57
1991-04-25,26516.13,26585.66,26329.22,26330.21
1991-04-26,26316.11,26341.85,26037.87,26038.86
1991-05-01,26147.35,26258.61,26094.09,26111.25
1991-05-02,26193.61,26529.84,26193.61,26489
1991-05-03,26518.49,26648.58,26414.44,26477.86
1991-05-08,26500.15,26523.62,26326.36,26342.14
1991-05-09,26312.65,26367.99,26178.22,26309.79
1991-05-10,26301.31,26470.36,26290.36,26438.5
1991-05-14,26215.01,26338.49,26092.22,26093.2
1991-05-15,26083.54,26283.46,26030.08,26030.08
1991-05-16,26001.68,26001.68,25741.69,25822.47
1991-05-17,25762.3,25771.38,25497.48,25520.27
1991-05-21,25731.04,25738.73,25330.7,25523.03
1991-05-22,25461.19,25556.47,25227.64,25481.21
1991-05-23,25515.04,25768.52,25398.66,25398.66
1991-05-24,25466.32,25721.27,25350.82,25643.65
1991-05-28,25543.74,25638.13,25353.49,25425.88
1991-05-29,25406.25,25517.41,25340.96,25390.67
1991-05-30,25456.75,25649.77,25456.75,25495.41
1991-05-31,25555.77,25719.99,25555.77,25647.4
1991-06-04,25840.91,26017.16,25745.34,25912.61
1991-06-05,25817.63,25817.63,25539.5,25556.86
1991-06-06,25544.83,25625.41,25271.43,25289.57
1991-06-07,25299.24,25299.24,24912.12,24984.12
1991-06-11,25001.08,25001.08,24598.38,24598.38
1991-06-12,24571.95,24721.27,24460.3,24662.59
1991-06-13,24719.4,24876.32,24482.69,24482.69
1991-06-14,24454.68,24808.17,24334.35,24808.17
1991-06-18,25089.75,25100.31,24892.4,24943.09
1991-06-19,24885.39,24885.39,24649.37,24685.47
1991-06-20,24657.46,24657.46,23894.96,23996.75
1991-06-21,23990.24,24218.27,23885.29,24082.26
1991-06-25,24263.04,24263.04,23763.39,23765.46
1991-06-26,23695.22,23907.42,23435.55,23907.42
1991-06-27,23932.39,24122.58,23743.58,23766.38
1991-06-28,23700.06,23834.78,23391.14,23543.03
1991-07-02,23376.53,24180.42,23376.53,24108.76
1991-07-03,24136.5,24322.44,23995.76,23995.76
1991-07-04,23924.3,23924.3,23343.56,23373.47
1991-07-05,23292.24,23315.04,22901.5,23135.61
1991-07-09,22884.82,22970.49,22175.29,22176.17
1991-07-10,22213.58,22668.48,21731.15,22608.96
1991-07-11,22651.11,23179.23,22519.74,23121.3
1991-07-12,23089.81,23089.81,22877.71,22937.92
1991-07-16,23193.94,23522.8,23193.94,23459.04
1991-07-17,23483.12,23598.3,23374.16,23375.15
1991-07-18,23307.64,23307.64,23047.37,23060.7
1991-07-19,23045.1,23045.1,22659.89,22908.71
1991-07-23,22873.96,23005.63,22705.29,22705.29
1991-07-24,22688.81,22841.79,22540.56,22758.98
1991-07-25,22779.02,23297.47,22779.02,23297.47
1991-07-26,23305.27,23441.18,23211.71,23332.71
1991-07-30,23545.75,23664.92,23418.08,23443.58
1991-07-31,23466.9,23956.13,23466.9,23872.63
1991-08-01,23905.43,24156.52,23905.43,24120.75
1991-08-02,24074.31,24074.31,23855.83,24072.73
1991-08-06,24040.53,24084.31,23830.19,23833.25
1991-08-07,23789.27,23789.27,23463.38,23464.96
1991-08-08,23559.75,23703.57,23430.96,23691.02
1991-08-09,23717.31,23839.18,23475.04,23482.46
1991-08-13,23414.55,23414.55,22985.67,22985.67
1991-08-14,22927.55,23113.97,22843.73,22872
1991-08-15,22903.63,23393.3,22903.63,23393.3
1991-08-16,23330.73,23365.03,23018.68,23018.68
1991-08-20,22778.59,22778.59,21454.78,21456.76
1991-08-21,21485.62,21872,21309.48,21687.06
1991-08-22,21746.37,22441.34,21746.37,22051.6
1991-08-23,22110.8,22683.4,22110.8,22515.77
1991-08-27,22064.45,22064.54,21533.56,21592.27
1991-08-28,21553.23,21872.39,21459.23,21641.3
1991-08-29,21665.41,21802.31,21572.21,21621.63
1991-08-30,21708.02,22057.43,21708.02,22002.17
1991-09-03,22328.85,22594.44,22175.05,22469.01
1991-09-04,22516.85,22597.21,22419,22469.8
1991-09-05,22452.11,22462.49,22311.85,22402.69
1991-09-06,22391.03,22620.64,22369.67,22499.65
1991-09-10,22726.5,22954.24,22573.98,22573.98
1991-09-11,22594.74,22612.43,22355.54,22411.58
1991-09-12,22354.85,22573.89,22270.14,22504.79
1991-09-13,22515.67,22722.55,22504.89,22530.2
1991-09-18,23182.17,23559.65,23182.17,23443.61
1991-09-19,23439.95,23499.06,23258.57,23317.78
1991-09-20,23326.88,23581.6,23219.83,23332.31
1991-09-25,23190.87,23462.29,23182.86,23333.7
1991-09-26,23403.65,23623.91,23403.65,23577.42
1991-09-27,23616.77,23973.73,23536.58,23968.08
1991-10-01,23958.86,24045.9,23862.41,23916.44
1991-10-02,23909.75,24441.68,23861.67,24377.01
1991-10-03,24404.9,24476.56,24323.34,24375.11
1991-10-04,24371.81,24746.23,24261.77,24711.44
1991-10-08,24559.52,24559.52,24311.74,24330.83
1991-10-09,24270.86,24387.11,24155.62,24155.62
1991-10-10,24139.93,24485.26,24114.64,24485.26
1991-10-15,24126.24,24234.78,23860.67,23860.67
1991-10-16,23916.03,24307.65,23916.03,24307.65
1991-10-17,24317.85,24423.54,24221.38,24334.67
1991-10-18,24344.68,24643.11,24344.68,24439.85
1991-10-22,24945.66,25101.48,24918.33,25016.81
1991-10-23,24943.05,24994,24755.1,24954.66
1991-10-24,24891.11,24891.11,24716.37,24799.94
1991-10-25,24837.57,25087.87,24837.57,24949.26
1991-10-29,24911.63,25023.52,24864.09,24901.72
1991-10-30,25000.1,25254.5,25000.1,25140.61
1991-10-31,25156.93,25254.8,24981.18,24981.18
1991-11-01,24984.99,25222.78,24957.27,25222.28
1991-11-06,25059.75,25100.68,24886.81,24950.86
1991-11-07,24910.53,24910.53,24721.68,24750.2
1991-11-08,24731.39,24844.98,24446.76,24446.76
1991-11-12,24437.85,24437.85,24232.99,24232.99
1991-11-13,24259.11,24689.15,24259.11,24667.73
1991-11-14,24725.88,24814.35,24416.23,24416.23
1991-11-15,24413.23,24549.64,24089.17,24176.54
1991-11-19,24010.91,24010.91,23309.95,23400.12
1991-11-20,23477.38,23673.24,23325.86,23326.86
1991-11-21,23271.72,23334.87,23018.31,23199.86
1991-11-22,23244.2,23378.5,22997.8,23177.84
1991-11-26,23077.96,23077.96,22762.81,22868.69
1991-11-27,22895.02,23162.93,22895.02,23112.09
1991-11-28,23207.77,23307.85,22973.28,22973.28
1991-11-29,22938.65,22938.65,22634.91,22780.42
1991-12-03,22645.52,22645.52,21992.29,21992.29
1991-12-04,22037.13,22364.59,21923.24,22166.83
1991-12-05,22181.55,22737.39,22181.55,22669.44
1991-12-06,22650.22,22650.22,22403.12,22459.17
1991-12-10,22435.05,22435.05,22251.3,22352.88
1991-12-11,22344.88,22349.58,21832.77,21953.06
1991-12-12,21900.72,21900.72,21123.9,21502.9
1991-12-13,21552.44,22034.53,21552.44,21712.57
1991-12-17,22767.41,22893.82,22546.84,22836.67
1991-12-18,22827.16,22996.1,22735.79,22736.29
1991-12-19,22670.14,22670.14,22402.32,22629.9
1991-12-20,22551.94,22551.94,21973.88,21991.19
1991-12-25,21819.76,22244.1,21452.26,21664.53
1991-12-26,21705.68,22464.48,21705.68,22461.17
1991-12-27,22498.35,22813.31,22356.15,22555.07
1991-12-31,22507.97,23022.35,22507.97,22983.77
1992-01-07,23030.66,23801.78,23030.66,23801.18
1992-01-08,23781.24,23901.89,23514.28,23566.39
1992-01-09,23539.53,23539.53,22704.68,22715
1992-01-10,22736.85,23114.54,22544.34,23113.64
1992-01-14,22299.63,22299.63,21596.95,21696.86
1992-01-15,21668.4,22019.94,21662.99,21775.13
1992-01-17,21875.34,22134.88,21500.55,21612.19
1992-01-21,21348.93,21381,20684.74,20913.82
1992-01-22,20967.43,21241.31,20638.04,20858.3
1992-01-23,20851.29,21534.12,20702.98,21534.12
1992-01-24,21588.84,21794.17,21440.53,21580.72
1992-01-28,21061.43,21078.87,20859.61,21007.11
1992-01-29,21027.66,21420.78,21027.66,21390.52
1992-01-30,21449.64,21581.02,21218.06,21362.26
1992-01-31,21372.48,21779.14,21334.3,21557.67
1992-02-04,22075.86,22340.92,21973.95,22139.59
1992-02-05,22098.61,22116.54,21836.16,21999.6
1992-02-06,21970.44,22135.58,21844.67,21936.37
1992-02-07,21975.05,22284.8,21975.05,22104.92
1992-02-11,22054.11,22054.11,21819.52,21819.52
1992-02-13,21781.44,21781.44,21475.6,21541.64
1992-02-14,21496.54,21596.65,21349.33,21391.02
1992-02-18,20850.89,21325.68,20574.01,21324.98
1992-02-19,21263.85,21294.02,20807.4,20872.03
1992-02-20,20793.77,20793.77,20485.72,20618.3
1992-02-21,20632.33,20837.36,20621,20771.92
1992-02-25,21286.7,21286.7,20890.37,20973.24
1992-02-26,20921.74,21093.9,20743.56,21025.55
1992-02-27,21016.43,21376.69,20940.07,21364.77
1992-02-28,21398.14,21547.65,21302.74,21333.7
1992-03-03,21348.13,21550.86,21342.62,21487.82
1992-03-04,21503.06,21529.61,21051.71,21051.71
1992-03-05,21014.83,21112.24,20862.71,21105.42
1992-03-06,21095.9,21112.44,20864.42,20864.42
1992-03-10,20989.78,20989.78,20696.06,20797.68
1992-03-11,20770.12,20854.59,20627.02,20854.59
1992-03-12,20811.3,20811.3,20567.59,20592.14
1992-03-13,20535.22,20713.9,20331.6,20561.88
1992-03-17,20442.53,20442.53,19790.16,19837.16
1992-03-18,19829.94,19990.68,19687.94,19917.63
1992-03-19,19878.14,19878.14,19490.53,19764.31
1992-03-20,19789.36,20213.95,19732.84,20185.09
1992-03-24,20235.09,20434.71,20160.24,20239.6
1992-03-25,20199.52,20199.52,19866.32,19891.57
1992-03-26,19883.66,20230.18,19813.81,20226.78
1992-03-27,20256.82,20350.66,19885.29,19885.49
1992-03-31,19615.11,19807.31,19445.91,19669.31
1992-04-01,19741.77,19914.69,19343.34,19345.95
1992-04-02,19325.47,19325.47,18562.63,18581.79
1992-04-03,18595.44,18804.4,18023.58,18286.03
1992-04-07,18597.05,18670.81,18376.86,18436.37
1992-04-08,18437.78,18449.82,17775.39,17791.55
1992-04-09,17742.67,17742.67,16892.31,17175.53
1992-04-10,17137.39,17585.51,16598.15,16598.15
1992-04-14,17880.37,17938.38,17153.25,17236.65
1992-04-15,17237.96,17607.69,16879.97,17439.58
1992-04-16,17492.47,18041.45,17492.47,17948.01
1992-04-17,17999.7,18192.89,17769.27,17959.76
1992-04-21,17548.07,17548.07,16935.67,17071.36
1992-04-22,17013.95,17124.55,16682.86,16787.33
1992-04-23,16824.07,16930.75,16572.46,16839.12
1992-04-24,16863.51,17431.05,16832.5,17402.05
1992-04-28,17524.89,17615.72,17301.08,17450.52
1992-04-29,17473.5,17606.78,17379.16,17527.4
1992-05-01,17559.31,17581.79,17363.81,17390.71
1992-05-07,17325.77,17929.65,17325.77,17878.66
1992-05-08,17875.35,18410.88,17653.75,18410.88
1992-05-12,18407.87,18666.7,18407.87,18608.09
1992-05-13,18635.09,18716.58,18468.89,18508.53
1992-05-14,18514.45,18803.79,18425.83,18768.57
1992-05-15,18804.5,19003.61,18804.09,18804.6
1992-05-19,18128.16,18458.05,18128.16,18443.1
1992-05-20,18479.53,18775.79,18479.53,18754.11
1992-05-21,18773.89,18927.64,18635.89,18674.93
1992-05-22,18638.7,18760.74,18552.99,18691.29
1992-05-26,18221.7,18555,18221.7,18555
1992-05-27,18519.67,18519.67,18203.53,18204.64
1992-05-28,18167.1,18167.1,17648.03,17822.56
1992-05-29,17816.94,17944.2,17686.07,17931.25
1992-06-02,18327.68,18502.61,18003.31,18004.11
1992-06-03,18057.31,18308.11,17953.33,18125.55
1992-06-04,18142.41,18316.94,18118.43,18188.68
1992-06-05,18182.26,18182.26,17892.61,17964.07
1992-06-09,17795.56,17795.56,17390.31,17655.06
1992-06-10,17642.21,17861.5,17550.28,17845.04
1992-06-11,17827.08,17972.2,17576.07,17742.87
1992-06-12,17713.27,17885.69,17648.94,17709.05
1992-06-16,17339.42,17339.42,16926.23,16953.23
1992-06-17,16986.85,17132.58,16864.91,16953.53
1992-06-18,16923.32,16923.32,16444.7,16445.8
1992-06-19,16392.61,16403.65,16030.91,16045.56
1992-06-23,16569.55,16649.64,15885.79,15921.22
1992-06-24,15917.2,16215.38,15860.9,16106.99
1992-06-25,16147.93,16313.33,15816.04,15853.67
1992-06-26,15868.43,16217.88,15733.14,16143.72
1992-06-30,15835.41,15881.77,15641.61,15741.27
1992-07-01,15785.13,16060.92,15785.13,15951.73
1992-07-02,15960.56,16326.07,15731.83,16325.07
1992-07-03,16328.38,16802.79,16239.76,16757.63
1992-07-07,16716.08,16852.17,16624.75,16657.07
1992-07-08,16677.84,16709.86,16420.81,16459.55
1992-07-09,16435.17,16600.26,16271.68,16600.26
1992-07-10,16602.17,16927.24,16571.76,16848.66
1992-07-14,16796.47,17201.73,16742.27,17201.73
1992-07-15,17165.6,17258.73,16961.76,17064.63
1992-07-16,17092.13,17274.49,17092.13,17116.92
1992-07-17,17097.65,17097.65,16917.7,16987.66
1992-07-21,16489.86,16489.86,15854.38,15884.48
1992-07-22,15863.41,16055.3,15770.67,16002.41
1992-07-23,16033.72,16059.61,15432.36,15541.95
1992-07-24,15504.22,16084.3,15333,16039.94
1992-07-28,15533.02,15974.31,15288.34,15373.34
1992-07-29,15344.84,15510.54,15200.82,15426.64
1992-07-30,15477.12,15605.98,15024.59,15095.95
1992-07-31,15152.35,15586.31,15152.35,15555.6
1992-08-04,15902.75,15954.44,15665.4,15709.45
1992-08-05,15669.01,15957.45,15600.76,15692.59
1992-08-06,15718.09,16074.47,15718.09,15983.64
1992-08-07,15997.49,16138.5,15808.61,15926.44
1992-08-11,15470.79,15470.79,14929.55,15066.34
1992-08-12,15098.86,15172.72,14777.9,14822.56
1992-08-13,14792.95,14906.16,14658.57,14773.79
1992-08-14,14802.49,15018.07,14717.38,14768.17
1992-08-18,14854.58,15122.84,14854.58,14929.55
1992-08-19,14909.57,14909.57,14309.41,14309.41
1992-08-20,14337.52,14807.01,14194.4,14650.74
1992-08-21,14677.64,15546.47,14677.64,15267.76
1992-08-25,16252.61,17182.96,16166.4,16627.96
1992-08-26,16609.8,16823.67,16322.26,16380.77
1992-08-27,16364.01,16663.19,16332.4,16541.65
1992-08-28,16617.32,17596.45,16617.32,17555
1992-09-01,17935.37,18119.63,17711.16,18061.12
1992-09-02,18058.11,18059.21,17699.72,17740.06
1992-09-03,17674.03,17688.38,17477.92,17587.72
1992-09-04,17620.23,18461.66,17396.43,18386.49
1992-09-08,18576.68,18916.7,18440.18,18440.18
1992-09-09,18415.7,18756.32,18279.41,18282.42
1992-09-10,18260.04,18897.63,18208.25,18875.55
1992-09-11,18894.22,19284.12,18894.22,18908.47
1992-09-15,18149.34,18552.79,18149.34,18471.4
1992-09-17,18422.82,18422.82,17853.57,17944.7
1992-09-18,17921.62,18204.74,17804.6,18116.52
1992-09-22,18215.68,18414.09,18050.48,18066.24
1992-09-23,18061.12,18450.62,17993.98,18282.72
1992-09-25,18325.64,18701.95,18325.64,18609.95
1992-09-29,18383.83,18397.47,17972.61,17972.61
1992-09-30,17983.95,18066.21,17565.21,17748.09
1992-10-01,17759.73,17909.71,17398.98,17399.08
1992-10-02,17422.47,17554.56,17104.21,17369.91
1992-10-06,17265.2,17265.2,16962.29,17101.5
1992-10-07,17071.11,17318.66,16901.6,17268.1
1992-10-08,17287.66,17531.09,17111.74,17111.74
1992-10-09,17106.32,17335.51,17049.75,17335.51
1992-10-13,17094.38,17307.02,17086.66,17302.01
1992-10-14,17341.32,17577.63,17341.32,17490.67
1992-10-15,17572.12,17714.04,17344.03,17344.03
1992-10-16,17351.15,17628.49,17309.83,17628.49
1992-10-20,17331.59,17331.59,16833.7,16903.81
1992-10-21,16933,17050.25,16821.36,16987.66
1992-10-22,17010.53,17141.52,16863.69,17141.52
1992-10-23,17092.28,17178.54,17013.04,17013.04
1992-10-27,17124.57,17153.76,17011.33,17011.33
1992-10-28,17023.47,17215.65,16997.89,17185.26
1992-10-29,17211.23,17306.02,17068.3,17068.41
1992-10-30,17069.21,17069.21,16927.38,16937.71
1992-11-03,16732.5,16853.36,16616.75,16853.36
1992-11-05,16827.08,17065.2,16771.72,17065.2
1992-11-06,16985.56,17122.67,16903.01,17031.59
1992-11-10,16825.48,16825.48,16416.45,16417.05
1992-11-11,16423.37,16518.46,16347.34,16437.11
1992-11-12,16440.52,16481.95,16279.74,16318.15
1992-11-13,16306.52,16449.45,16089.37,16376.93
1992-11-17,16314.94,16314.94,16122.97,16162.99
1992-11-18,16096.39,16100.9,15941.93,15993.48
1992-11-19,16011.33,16851.45,16011.33,16778.84
1992-11-20,16843.23,17007.82,16801.81,16871.31
1992-11-25,17094.98,17246.84,17080.04,17096.09
1992-11-26,17130.19,17303.01,17025.98,17302.01
1992-11-27,17309.63,17601.91,17226.98,17479.04
1992-12-01,17505.32,17683.65,17457.57,17683.65
1992-12-02,17675.03,17704.01,17307.72,17313.04
1992-12-03,17351.15,17408.83,17254.76,17393.68
1992-12-04,17391.57,17508.32,17205.32,17260.08
1992-12-08,17304.91,17326.38,17175.13,17207.12
1992-12-09,17206.92,17332.7,17135.81,17281.85
1992-12-10,17325.88,17498.4,17325.88,17406.22
1992-12-11,17466.8,17704.71,17466.8,17501.3
1992-12-15,17421.97,17421.97,17255.47,17289.97
1992-12-16,17274.32,17554.86,17220.56,17480.74
1992-12-17,17489.27,17601.2,17266.4,17268.71
1992-12-18,17243.33,17544.13,17209.53,17437.91
1992-12-22,17718.36,17787.56,17597.59,17645.44
1992-12-23,17620.86,17690.67,17563.59,17690.67
1992-12-25,17690.97,17734.9,17587.76,17648.85
1992-12-29,17538.88,17538.88,17162.74,17188.62
1992-12-30,17186.62,17312.13,17146.48,17285.64
1992-12-31,17254.04,17254.04,16891.94,16924.95
1993-01-05,16980.23,17034.01,16875.09,16994.08
1993-01-06,16980.44,17013.34,16688.47,16842.58
1993-01-07,16844.19,16862.45,16650.35,16782.88
1993-01-08,16806.66,17058.19,16724.19,16780.98
1993-01-12,16644.83,16698.3,16532.06,16589.55
1993-01-13,16585.53,16734.02,16585.53,16681.05
1993-01-14,16688.97,16688.97,16440.05,16517.91
1993-01-15,16508.08,16568.98,16437.84,16515.6
1993-01-19,16525.63,16625.26,16502.26,16617.24
1993-01-20,16658.67,16798.74,16645.23,16798.64
1993-01-21,16821.01,16841.78,16507.37,16510.18
1993-01-22,16507.98,16585.53,16374.13,16538.68
1993-01-26,16355.47,16374.94,16266.78,16287.45
1993-01-27,16291.36,16535.47,16216.11,16492.63
1993-01-28,16511.69,16645.93,16398.21,16509.68
1993-01-29,16525.03,17086.79,16471.76,17063.41
1993-02-02,17037.52,17133.64,16957.56,17133.64
1993-02-03,17146.68,17241.6,17145.78,17186.31
1993-02-04,17226.55,17419.18,17214.21,17222.03
1993-02-05,17273.4,17390.79,17171.87,17190.63
1993-02-09,17357.48,17393.2,17247.82,17281.73
1993-02-10,17261.56,17261.56,16976.72,17022.27
1993-02-11,16991.87,17092,16897.86,17089.9
1993-02-16,16883.62,17117.99,16829.04,17117.99
1993-02-17,17100.73,17172.37,16916.32,16916.32
1993-02-18,16867.96,17014.85,16760.81,17009.63
1993-02-19,17000.5,17156.72,16974.62,16982.14
1993-02-23,17006.62,17058.59,16820.61,16820.61
1993-02-24,16812.78,16925.15,16794.12,16863.15
1993-02-25,16849.8,16930.27,16750.88,16798.94
1993-02-26,16855.02,16926.06,16779.47,16907.39
1993-03-02,16956.46,16971,16821.31,16879.6
1993-03-03,16848,16922.75,16796.53,16864.25
1993-03-04,16882.11,16949.33,16811.98,16853.92
1993-03-05,16820.91,16840.67,16721.48,16759.61
1993-03-09,16855.62,17727.3,16855.62,17686.47
1993-03-10,17724.89,18047.16,17724.89,17848.3
1993-03-11,17868.37,18036.72,17824.12,17858.63
1993-03-12,17903.08,18104.65,17735.43,17904.79
1993-03-16,18028.9,18169.16,17957.16,18086.18
1993-03-17,18104.34,18117.09,17945.22,17968.3
1993-03-18,17994.68,18242.7,17953.45,18173.37
1993-03-19,18234.37,18788.3,18234.37,18727.9
1993-03-23,18559.85,18784.39,18559.85,18784.39
1993-03-24,18734.72,18734.72,18489.52,18491.62
1993-03-25,18468.95,18643.62,18423.4,18450.69
1993-03-26,18471.96,18877.5,18471.96,18764.92
1993-03-30,18829.55,19126.38,18829.55,19048.38
1993-03-31,19054.21,19089.14,18853.24,18963.16
1993-04-01,18942.18,19059.53,18550.89,18591.45
1993-04-02,18595.52,19135.83,18526.65,19099.09
1993-04-06,19457.68,19820.6,19357.9,19759.46
1993-04-07,19748.92,19748.92,19386.71,19486.8
1993-04-08,19506.58,20054.51,19506.58,19829.23
1993-04-09,19866.98,20041.16,19721.01,19967.27
1993-04-13,19908.84,19940.37,19724.53,19882.14
1993-04-14,19902.42,20753.74,19902.42,20740.29
1993-04-15,20743.7,20874.71,20470.33,20533.38
1993-04-16,20545.83,20675.84,20394.14,20675.84
1993-04-20,20254.09,20254.09,19890.47,20112.34
1993-04-21,20084.13,20332.2,19806.65,19828.43
1993-04-22,19854.63,20008.13,19672.02,19773.01
1993-04-23,19829.64,20116.86,19557.78,19591.31
1993-04-27,19703.54,19845.6,19562.9,19623.63
1993-04-28,19642.61,20267.84,19642.61,20206.71
1993-04-29,20268.65,20716.39,20268.65,20454.57
1993-05-07,20939.46,20941.97,20611.48,20622.03
1993-05-11,20816.48,21062.64,20668.31,21054.71
1993-05-12,21116.55,21224.78,20932.34,20940.37
1993-05-13,20919.29,20939.87,20416.12,20615.2
1993-05-14,20626.34,20780.14,20457.38,20532.78
1993-05-18,20528.06,20689.49,20520.03,20565.51
1993-05-19,20502.46,20502.46,20155.1,20229.39
1993-05-20,20209.92,20380.79,20128.7,20380.79
1993-05-21,20408.19,20535.79,20122.78,20330.39
1993-05-25,20633.67,20691.2,20453.57,20476.16
1993-05-26,20497.94,20730.75,20482.58,20631.76
1993-05-27,20599.84,20895.99,20527.96,20895.99
1993-05-28,20944.28,21105.91,20786.47,20852.63
1993-06-01,20829.54,20829.54,20516.82,20552.35
1993-06-02,20531.87,20687.98,20469.83,20591.41
1993-06-03,20590.5,20823.91,20561.59,20691.7
1993-06-04,20712.58,21186.33,20692.8,21076
1993-06-08,20900.91,21101.8,20829.54,20844.19
1993-06-09,20842.49,20842.49,20575.24,20575.24
1993-06-11,20589.9,20618.31,20399.56,20493.32
1993-06-15,20529.16,20560.08,20351.47,20397.35
1993-06-16,20340.13,20393.23,20045.88,20045.88
1993-06-17,20041.56,20103,19820.9,19902.42
1993-06-18,19904.03,19950.01,19647.42,19925.51
1993-06-22,19742.4,19742.4,19039.55,19212.43
1993-06-23,19244.96,19619.52,19141.05,19538.3
1993-06-24,19553.56,19617.51,19368.14,19492.52
1993-06-25,19501.46,19729.65,19501.46,19685.07
1993-06-29,19675.13,19976.61,19675.13,19886.76
1993-06-30,19854.93,19854.93,19543.42,19543.42
1993-07-01,19537.4,19616.81,19433.99,19590
1993-07-02,19638.79,19924.61,19638.79,19924.61
1993-07-06,19651.87,19676.07,19545.45,19623.06
1993-07-07,19593.26,19833.38,19589.66,19829.78
1993-07-08,19828.88,19828.88,19634.26,19720.67
1993-07-09,19723.47,19784.68,19675.77,19688.67
1993-07-13,19934.99,20011.7,19889.89,19980
1993-07-14,19983.9,20243.02,19967.6,20180.42
1993-07-15,20207.52,20233.32,20030.3,20139.11
1993-07-16,20191.62,20394.64,20144.21,20158.02
1993-07-20,20347.33,20350.34,20089.71,20150.92
1993-07-21,20123.11,20123.11,19977.4,20038
1993-07-22,20037.5,20117.71,19972.6,20080.91
1993-07-23,20075.71,20152.82,20049.6,20115.81
1993-07-27,19770.38,19836.68,19707.97,19822.08
1993-07-28,19845.48,19952,19777.48,19891.39
1993-07-29,19895.49,19958,19792.68,19829.58
1993-07-30,19842.68,20473.75,19842.68,20456.85
1993-08-03,20392.74,20412.64,20231.32,20343.53
1993-08-04,20382.44,20599.36,20357.64,20357.64
1993-08-05,20380.04,20667.87,20298.93,20497.55
1993-08-06,20521.95,20557.46,20376.24,20425.64
1993-08-10,20339.83,20553.06,20339.83,20493.05
1993-08-11,20525.05,20655.27,20476.35,20493.75
1993-08-12,20500.85,20756.08,20489.05,20732.57
1993-08-13,20820.78,20939.39,20708.47,20765.28
1993-08-17,20692.77,20904.69,20548.85,20901.49
1993-08-18,20924.59,21025.6,20749.47,20841.98
1993-08-19,20805.98,20964.2,20732.67,20773.18
1993-08-20,20797.98,20903.09,20603.56,20687.47
1993-08-24,20595.26,20595.26,20384.44,20414.14
1993-08-25,20380.94,20469.85,20344.83,20431.84
1993-08-26,20493.15,20542.35,20412.24,20521.45
1993-08-27,20529.85,20594.56,20482.95,20591.76
1993-08-31,20816.78,20924.09,20747.67,20912.69
1993-09-01,20924.59,21029.7,20831.08,21026.6
1993-09-02,20964.1,20968,20837.48,20953.3
1993-09-03,20943.29,21045.9,20921.29,20983.2
1993-09-07,21163.82,21249.92,21055.91,21060.81
1993-09-08,21065.81,21065.81,20880.19,20962.1
1993-09-09,20923.69,20996.5,20816.78,20918.19
1993-09-10,20905.19,20943.79,20756.28,20825.58
1993-09-14,20850.09,21164.12,20850.09,21148.11
1993-09-15,21136.41,21171.72,20924.69,20947.79
1993-09-17,20938.69,20938.69,20501.95,20502.15
1993-09-21,20395.64,20407.54,20211.52,20266.03
1993-09-22,20347.43,20564.86,20347.43,20466.65
1993-09-23,20380.74,20380.74,20112.11,20174.62
1993-09-28,20315.63,20384.44,20000,20094.11
1993-09-29,20128.91,20299.23,20128.91,20172.72
1993-09-30,20156.72,20156.72,19927.69,20077.41
1993-10-01,20097.61,20158.32,20032.2,20105.71
1993-10-05,20262.03,20283.93,20151.32,20264.43
1993-10-06,20311.93,20410.04,20237.82,20321.93
1993-10-07,20332.73,20529.55,20312.93,20500.25
1993-10-08,20489.65,20494.45,20262.83,20265.63
1993-10-13,20376.34,20376.34,20116.71,20137.31
1993-10-14,20135.01,20167.22,19997.9,20038.4
1993-10-15,20016.3,20096.91,19911.89,20082.81
1993-10-19,20208.62,20265.53,20071.51,20072.21
1993-10-20,20089.01,20204.02,20042.4,20069.91
1993-10-21,20054.21,20221.72,20054.21,20173.42
1993-10-22,20201.82,20219.72,20108.81,20179.42
1993-10-26,20342.43,20473.85,20271.83,20309.33
1993-10-27,20300.43,20344.53,20019.9,20023.6
1993-10-28,20012.8,20012.8,19686.97,19838.78
1993-10-29,19837.38,19863.09,19443.54,19479.45
1993-11-02,19656.97,19656.97,19375.24,19438.24
1993-11-03,19437.04,19549.15,19342.03,19381.24
1993-11-05,19373.64,19433.24,18949.79,18949.79
1993-11-09,18603.56,18671.67,18380.84,18625.16
1993-11-10,18637.66,18661.67,18048.5,18125.71
1993-11-11,18149.01,18227.92,17818.28,18121.71
1993-11-12,18157.42,18328.63,18076.41,18158.52
1993-11-16,18489.05,18506.95,17952.2,18074.61
1993-11-17,18031.2,18467.25,17877.69,18246.12
1993-11-18,18232.42,18344.23,18030.8,18108.71
1993-11-19,18154.92,18336.63,18117.71,18166.32
1993-11-23,17905.59,17905.59,17254.53,17384.84
1993-11-25,17350.84,17544.85,16993.9,17067.11
1993-11-26,17119.71,17410.04,17003.3,17222.92
1993-11-30,16688.57,16688.57,15671.97,16078.71
1993-12-01,16113.41,16505.15,16004,16406.54
1993-12-02,16449.94,17168.22,16429.94,17125.31
1993-12-03,17162.52,17887.29,17073.81,17458.75
1993-12-07,17425.14,17425.14,16783.48,16840.38
1993-12-08,16829.98,17128.81,16791.28,16903.49
1993-12-09,16889.19,16892.59,16216.82,16507.95
1993-12-10,16545.15,17089.01,16545.15,17061.91
1993-12-14,17246.92,17563.36,17123.81,17327.33
1993-12-15,17346.63,17415.74,17263.43,17308.73
1993-12-16,17250.33,17536.15,17169.52,17489.15
1993-12-17,17514.35,17911.99,17514.35,17789.28
1993-12-21,18025.8,18025.8,17383.44,17404.24
1993-12-22,17418.54,17484.35,17158.32,17315.43
1993-12-23,17352.44,17453.15,17296.33,17445.74
1993-12-28,17081.51,17081.51,16633.66,16819.88
1993-12-29,16853.99,17147.61,16853.99,17131.21
1993-12-30,17149.91,17342.13,17036.3,17272.03
1993-12-31,17309.23,17417.24,17309.23,17417.24
1994-01-05,17421.64,17424.84,17242.32,17369.74
1994-01-06,17376.54,17793.18,17376.54,17783.48
1994-01-07,17865.39,18027.7,17792.58,17881.99
1994-01-11,18186.52,18567.06,18186.52,18443.44
1994-01-12,18481.85,18671.67,18373.04,18485.25
1994-01-13,18447.34,18807.08,18301.93,18793.88
1994-01-14,18770.38,18823.38,18548.75,18577.26
1994-01-18,18911.89,18911.89,18646.06,18725.37
1994-01-19,18703.67,18810.28,18514.55,18514.55
1994-01-20,18516.05,19118.81,18515.65,19039.4
1994-01-21,19072.51,19341.73,19025.7,19183.92
1994-01-25,19294.43,19294.43,18320.33,18353.24
1994-01-26,18427.44,18662.27,18427.44,18648.36
1994-01-27,18695.67,19155.52,18691.47,19138.21
1994-01-28,19130.01,19324.73,18811.78,18891.79
1994-02-01,18790.78,20229.12,18790.78,20229.12
1994-02-02,20256.33,20509.95,20237.52,20416.34
1994-02-03,20393.44,20399.24,20099.41,20250.03
1994-02-04,20293.03,20433.04,19935.19,20174.82
1994-02-08,20254.93,20254.93,20012.2,20014.4
1994-02-09,20080.51,20526.45,20080.51,20251.23
1994-02-10,20236.32,20236.32,19650.97,19841.38
1994-02-11,19879.69,20007,19787.28,19990.7
1994-02-15,19938.99,19938.99,19368.24,19459.25
1994-02-16,19406.44,19406.44,18768.98,18974.6
1994-02-17,19033,19267.03,19032.4,19052.11
1994-02-18,19026.5,19026.5,18809.98,18931.39
1994-02-22,18908.79,19415.14,18826.68,19393.94
1994-02-23,19423.14,19561.56,19327.13,19342.63
1994-02-24,19401.14,19466.95,19323.93,19341.83
1994-02-25,19389.24,19792.28,19389.24,19765.48
1994-03-01,19848.58,20117.21,19848.58,19997.2
1994-03-02,20052.61,20240.92,20052.61,20216.62
1994-03-03,20159.02,20159.02,19724.27,19744.77
1994-03-04,19759.58,19771.68,19531.65,19605.86
1994-03-08,19979.1,20279.13,19768.68,19811.88
1994-03-09,19826.28,20090.71,19826.28,19898.39
1994-03-10,19869.29,19894.29,19665.67,19839.18
1994-03-11,19880.59,20114.41,19880.59,20090.71
1994-03-15,20157.72,20580.96,20157.72,20526.15
1994-03-16,20550.86,20654.17,20458.85,20508.85
1994-03-17,20518.05,20781.98,20518.05,20677.77
1994-03-18,20692.97,20692.97,20449.44,20592.16
1994-03-23,20458.55,20458.55,20202.42,20253.53
1994-03-24,20276.43,20322.03,19937.99,19962.1
1994-03-25,19970.2,20075.81,19870.09,20037.9
1994-03-29,19819.96,20062.91,19725.55,19941.79
1994-03-30,19933.99,19969.19,19653.03,19709.74
1994-03-31,19640.53,19640.53,19288.86,19559.91
1994-04-01,19500,19547.01,19082.82,19111.92
1994-04-05,19232.85,19232.85,18896.48,19122.22
1994-04-06,19184.04,19580.32,19184.04,19563.21
1994-04-07,19636.33,19878.28,19636.33,19696.74
1994-04-08,19676.34,19946.09,19587.72,19890.98
1994-04-12,19948.89,19999.3,19867.47,19898.08
1994-04-13,19884.78,19884.78,19647.63,19648.33
1994-04-14,19681.74,20103.42,19672.23,20060.41
1994-04-15,20052.01,20169.13,19847.97,19987.2
1994-04-19,20222.44,20494.6,20222.44,20277.36
1994-04-20,20243.25,20300.66,20119.42,20192.34
1994-04-21,20203.24,20222.64,19850.37,19882.18
1994-04-22,19905.28,19934.89,19793.56,19799.36
1994-04-26,19921.48,19921.48,19628.33,19709.14
1994-04-27,19718.04,19718.04,19512.4,19628.93
1994-04-28,19633.63,19813.86,19612.82,19729.15
1994-04-29,19724.44,19762.95,19644.53,19725.25
1994-05-03,19648.53,19648.53,19488.9,19570.21
1994-05-10,19820.86,19820.86,19721.04,19786.96
1994-05-11,19764.75,19962.69,19753.05,19917.78
1994-05-12,20001.1,20219.84,20001.1,20150.13
1994-05-13,20139.13,20260.35,20118.72,20224.24
1994-05-17,20318.06,20397.98,20174.43,20188.44
1994-05-18,20158.73,20174.93,20067.41,20133.53
1994-05-19,20191.54,20285.96,19965.79,20152.73
1994-05-20,20130.53,20302.46,20034.21,20221.34
1994-05-24,20385.78,20574.91,20328.07,20568.71
1994-05-25,20539.01,20748.75,20501,20622.12
1994-05-26,20633.03,20700.94,20509.9,20663.63
1994-05-27,20632.33,20689.64,20489.3,20495.8
1994-05-31,20835.67,20932.19,20817.16,20838.97
1994-06-01,20857.07,21048.61,20857.07,20973.59
1994-06-02,20988.9,21090.72,20896.38,21053.11
1994-06-03,21073.71,21198.74,20965.69,21009
1994-06-07,20954.79,20954.79,20707.54,20726.65
1994-06-08,20735.05,21053.71,20735.05,21042.71
1994-06-09,21002.3,21273.75,20930.29,21261.95
1994-06-10,21279.56,21455.49,21263.95,21402.78
1994-06-14,21378.38,21573.21,21271.55,21552.81
1994-06-15,21495.7,21495.7,21304.16,21353.97
1994-06-16,21413.48,21496.6,21234.65,21282.96
1994-06-17,21275.36,21389.98,21273.95,21367.47
1994-06-21,21515.6,21515.6,21125.63,21152.03
1994-06-22,21076.22,21076.22,20759.45,20813.16
1994-06-23,20742.65,20742.65,20371.37,20581.32
1994-06-24,20637.43,21068.01,20637.43,21040.21
1994-06-28,20649.53,20649.53,20168.53,20300.96
1994-06-29,20356.27,20732.55,20356.27,20639.23
1994-06-30,20599.12,20599.12,20420.48,20481
1994-07-01,20417.58,20684.14,20246.45,20643.93
1994-07-05,20598.92,20703.14,20573.21,20631.93
1994-07-06,20650.03,20907.58,20650.03,20834.37
1994-07-07,20846.77,20878.78,20627.43,20629.03
1994-07-08,20666.03,20724.24,20594.12,20620.02
1994-07-12,20467.59,20534.51,20369.07,20473.09
1994-07-13,20412.48,20419.48,20294.06,20400.48
1994-07-14,20395.38,20558.81,20368.77,20540.41
1994-07-15,20565.41,20780.26,20565.41,20718.04
1994-07-19,20743.15,20816.46,20688.34,20717.64
1994-07-20,20753.65,20851.87,20736.35,20775.16
1994-07-21,20817.46,20872.37,20736.95,20780.76
1994-07-22,20767.65,20767.65,20608.72,20622.92
1994-07-26,20427.39,20427.39,20224.04,20297.66
1994-07-27,20291.86,20390.88,20241.75,20345.37
1994-07-28,20333.27,20333.27,20103.92,20137.23
1994-07-29,20150.33,20262.55,19993.7,20247.85
1994-08-02,20422.18,20423.78,20271.35,20271.35
1994-08-03,20339.17,20661.93,20339.17,20660.13
1994-08-04,20664.53,20729.25,20592.22,20632.73
1994-08-05,20611.22,20700.94,20565.21,20676.84
1994-08-09,20525.81,20638.93,20502.2,20635.83
1994-08-10,20706.14,20774.75,20583.22,20590.22
1994-08-11,20597.02,20770.25,20584.82,20770.25
1994-08-12,20770.05,20845.27,20690.24,20821.36
1994-08-16,20648.03,20747.45,20626.33,20626.33
1994-08-17,20657.23,20842.17,20657.23,20786.36
1994-08-18,20829.27,20875.78,20791.96,20824.56
1994-08-19,20830.87,20862.77,20772.15,20862.77
1994-08-23,20536.01,20538.21,20380.48,20394.58
1994-08-24,20368.67,20503.1,20316.56,20380.78
1994-08-25,20346.97,20511.6,20311.96,20511.6
1994-08-26,20537.31,20603.62,20443.29,20443.29
1994-08-30,20518.8,20722.84,20518.8,20600.42
1994-08-31,20591.62,20629.93,20503.7,20592.12
1994-09-01,20595.42,20628.53,20533.51,20628.53
1994-09-02,20634.33,20700.54,20617.52,20642.93
1994-09-06,20645.23,20645.23,20395.98,20409.18
1994-09-07,20408.28,20529.71,20331.37,20393.98
1994-09-08,20364.47,20364.47,20023.8,20023.8
1994-09-09,20043.21,20108.42,19917.78,19917.78
1994-09-13,19918.18,19973.39,19882.58,19917.28
1994-09-14,19925.59,20097.02,19826.37,20046.11
1994-09-15,20024.1,20040.71,19906.08,19919.38
1994-09-20,19794.36,19794.36,19543.41,19554.11
1994-09-21,19601.72,19842.17,19601.72,19837.27
1994-09-22,19788.86,19961.59,19691.44,19885.38
1994-09-23,19907.58,19907.58,19760.05,19833.67
1994-09-27,19826.77,19922.38,19780.46,19814.36
1994-09-28,19807.16,19822.16,19414.08,19468.89
1994-09-29,19501.6,19614.22,19443.69,19507.6
1994-09-30,19559.01,19732.25,19559.01,19615.12
1994-10-04,19579.72,19672.53,19571.01,19650.03
1994-10-05,19649.53,19651.83,19525.71,19568.61
1994-10-06,19536.01,19752.55,19487.7,19751.55
1994-10-07,19727.35,19748.45,19645.43,19655.23
1994-10-12,19790.46,19894.88,19790.46,19821.46
1994-10-13,19860.87,20115.22,19846.77,20089.72
1994-10-14,20084.82,20176.64,20042.81,20148.83
1994-10-18,19973.99,20055.41,19907.68,19958.29
1994-10-19,19964.69,20020.6,19946.99,19992.4
1994-10-20,20012.6,20023.4,19863.27,19868.87
1994-10-21,19875.28,19991.9,19875.28,19991.9
1994-10-25,19909.28,19952.89,19830.57,19852.37
1994-10-26,19831.87,19831.87,19732.15,19732.15
1994-10-27,19731.55,19770.75,19705.94,19746.35
1994-10-28,19742.35,19919.88,19724.44,19796.36
1994-11-01,19855.47,20000.7,19855.47,19989.6
1994-11-02,19929.49,19929.49,19836.97,19916.48
1994-11-03,19891.78,19891.78,19713.94,19750.65
1994-11-08,19755.15,19755.15,19593.92,19619.22
1994-11-09,19637.23,19637.93,19543.71,19609.02
1994-11-10,19570.31,19654.33,19331.37,19423.88
1994-11-11,19453.59,19456.69,19238.05,19264.85
1994-11-15,19246.45,19298.96,19115.72,19261.45
1994-11-16,19314.76,19432.59,19314.76,19391.68
1994-11-17,19399.18,19444.29,19252.15,19306.66
1994-11-18,19298.86,19372.67,19277.46,19336.57
1994-11-22,19310.16,19315.16,19121.72,19121.72
1994-11-23,19052.01,19052.01,18905.48,18962.99
1994-11-25,18877.08,18877.08,18688.74,18701.24
1994-11-29,18727.75,18811.36,18727.75,18811.36
1994-11-30,18826.37,18928.59,18826.37,18926.49
1994-12-01,18943.79,19134.03,18943.79,19075.62
1994-12-02,19061.21,19111.42,18961.79,19013.6
1994-12-06,19067.01,19305.66,19067.01,19305.66
1994-12-07,19316.26,19342.27,19242.85,19340.47
1994-12-08,19305.56,19305.56,19138.83,19174.23
1994-12-09,19173.73,19288.36,19135.33,19180.04
1994-12-13,19008.2,19071.61,18959.09,18975.1
1994-12-14,18996.8,19017.1,18822.56,18875.48
1994-12-15,18887.68,18957.59,18887.68,18931.49
1994-12-16,18964.19,19177.54,18964.19,19121.12
1994-12-20,19160.03,19336.17,19160.03,19270.85
1994-12-21,19263.25,19417.88,19193.64,19406.98
1994-12-22,19395.58,19454.79,19277.26,19340.67
1994-12-23,19400.58,19633.53,19400.58,19633.53
1994-12-27,19646.23,19726.75,19600.32,19726.75
1994-12-28,19703.35,19801.3,19628.41,19711.36
1994-12-29,19744.57,19813.91,19599.4,19665.53
1994-12-30,19609.7,19763.78,19509.15,19752.98
1995-01-05,19724.76,19724.76,19641.22,19684.04
1995-01-06,19697.55,19717.76,19518.16,19616.11
1995-01-10,19501.85,19523.86,19434.12,19444.92
1995-01-11,19415.11,19543.67,19369.28,19501.45
1995-01-12,19517.66,19603.2,19480.44,19548.47
1995-01-13,19536.37,19546.87,19344.17,19410.01
1995-01-18,19322.46,19361.98,19087.94,19241.32
1995-01-19,19231.92,19321.36,19201.1,19223.31
1995-01-20,19218.61,19297.75,18977.99,19075.74
1995-01-24,18807,18817.91,17778.79,17785.49
1995-01-25,17807.3,18138.77,17698.75,18060.73
1995-01-26,18095.75,18412.61,18095.75,18159.48
1995-01-27,18167.88,18407.4,18017.31,18070.84
1995-01-31,18137.27,18818.51,18137.27,18752.88
1995-02-01,18789.99,18854.83,18582.89,18649.82
1995-02-02,18646.92,18868.93,18609.9,18739.47
1995-02-03,18719.86,18719.86,18521.16,18604.3
1995-02-07,18584.69,18672.14,18573.29,18667.23
1995-02-08,18656.43,18656.43,18499.65,18500.55
1995-02-09,18477.24,18477.24,18137.07,18290.25
1995-02-10,18265.33,18338.67,18099.55,18099.55
1995-02-14,18320.26,18428.31,18283.14,18313.86
1995-02-15,18277.44,18277.44,18065.13,18138.47
1995-02-16,18091.85,18093.45,17905.95,17991
1995-02-17,17970.69,17970.69,17742.37,17780.59
1995-02-21,18036.72,18108.85,17920.76,17956.48
1995-02-22,17946.57,18194.5,17946.57,18096.25
1995-02-23,18118.06,18270.54,18106.55,18106.65
1995-02-24,18080.34,18080.34,17553.28,17830.02
1995-02-28,17465.33,17465.33,16518.46,16808.7
1995-03-01,16847.92,17164.78,16847.92,17053.43
1995-03-02,17017.91,17017.91,16478.94,16618.71
1995-03-03,16655.73,17161.88,16655.73,16963.18
1995-03-07,16987.49,17134.47,16849.92,17040.72
1995-03-08,17060.03,17104.65,16954.38,16955.28
1995-03-09,16889.54,16889.54,16538.37,16621.31
1995-03-10,16675.84,16839.32,16675.84,16763.08
1995-03-14,16391,16477.64,16081.04,16477.64
1995-03-15,16456.13,16456.13,16199.2,16245.82
1995-03-16,16233.42,16698.75,16225.21,16666.83
1995-03-17,16632.82,16632.82,16308.55,16355.68
1995-03-21,16217.41,16217.41,15980.39,16129.96
1995-03-23,16123.36,16244.82,15901.95,15904.85
1995-03-24,15896.15,15926.86,15681.14,15813.41
1995-03-28,15812.61,16232.22,15812.61,16096.25
1995-03-29,16097.88,16681.73,16097.88,16681.73
1995-03-30,16704.27,16704.27,16365.86,16460.73
1995-03-31,16413.95,16607.89,16327.09,16512.22
1995-04-04,16079.64,16079.64,15271.79,15381.29
1995-04-05,15434.38,15755.46,15256.06,15630.53
1995-04-06,15653.38,15901.62,15477.96,15882.49
1995-04-07,15852.23,15949.11,15698.06,15815.87
1995-04-11,15739.43,16212.28,15583.65,16163.09
1995-04-12,16205.37,16365.46,16109.2,16268.88
1995-04-13,16270.19,16434.48,16233.92,16344.92
1995-04-14,16336,16563.61,16274.99,16438.79
1995-04-18,16046.48,16304.55,15892.91,16304.15
1995-04-19,16274.09,16322.68,16153.28,16225.11
1995-04-20,16180.73,16424.06,15976.86,16376.08
1995-04-21,16430.37,16665.3,16430.37,16643.06
1995-04-25,16944.2,16981.07,16779.1,16804.05
1995-04-26,16837.21,17110.4,16837.21,16910.54
1995-04-27,16859.05,16932.08,16712.98,16826.49
1995-04-28,16902.42,16989.48,16808.56,16883.99
1995-05-02,16820.38,16838.61,16708.17,16811.46
1995-05-03,16819.58,17116.01,16733.72,17088.66
1995-05-09,17110.5,17189.54,17071.83,17103.69
1995-05-10,17121.12,17166.6,16936.99,16958.22
1995-05-11,16908.03,16956.32,16799.64,16826.49
1995-05-12,16842.92,16872.87,16461.73,16461.73
1995-05-16,16456.72,16636.35,16363.45,16609.7
1995-05-17,16606.19,16606.19,16384.99,16388.9
1995-05-18,16403.03,16516.33,16359.45,16471.35
1995-05-19,16501.4,16527.45,16205.47,16312.56
1995-05-23,16102.28,16102.28,15712.08,15789.12
1995-05-24,15792.73,15916.15,15743.54,15916.15
1995-05-25,15884.79,16006.11,15807.65,15970.75
1995-05-26,16008.62,16033.16,15559.31,15579.44
1995-05-30,15607.99,15607.99,15419.96,15574.03
1995-05-31,15572.83,15823.68,15572.83,15762.97
1995-06-01,15745.94,15745.94,15292.43,15436.79
1995-06-02,15480.57,15647.47,15420.16,15594.57
1995-06-06,15853.54,15921.26,15740.03,15897.32
1995-06-07,15875.18,15923.36,15607.59,15660.99
1995-06-08,15642.86,15734.02,15557.1,15679.62
1995-06-09,15630.03,15630.03,15356.44,15442.3
1995-06-13,15030.15,15030.15,14741.94,14813.46
1995-06-14,14818.17,14931.78,14582.05,14599.68
1995-06-15,14624.22,14801.44,14624.22,14660.49
1995-06-16,14666.7,14867.26,14376.08,14867.26
1995-06-20,14704.87,14848.53,14700.06,14700.06
1995-06-21,14769.69,14865.86,14527.55,14665.7
1995-06-22,14684.93,14982.57,14665.2,14951.21
1995-06-23,14939.79,14953.82,14792.93,14926.37
1995-06-27,15319.98,15378.48,15145.36,15145.36
1995-06-28,15155.32,15163.34,14745.21,14759.05
1995-06-29,14708.21,14755.24,14536.75,14618.07
1995-06-30,14677.53,14904.74,14445.4,14507.17
1995-07-04,14519.4,14519.4,14295.9,14485.41
1995-07-05,14498.25,14768.98,14471.87,14755.74
1995-07-06,14758.85,14888.2,14674.52,14830.44
1995-07-07,14871.85,15256.89,14759.85,15256.89
1995-07-11,16284.77,16703.3,16242.66,16242.66
1995-07-12,16216.79,16588.19,15955.38,16588.19
1995-07-13,16603.23,16833.95,16511.98,16605.74
1995-07-14,16631.71,16768.88,16435.38,16505.67
1995-07-18,16573.85,16941.54,16573.85,16842.47
1995-07-19,16890.1,17018.35,16574.35,16574.35
1995-07-20,16518.1,16518.1,16239.75,16422.44
1995-07-21,16365.09,16453.42,16182.19,16453.42
1995-07-25,16611.05,16643.74,16374.41,16591.5
1995-07-26,16572.25,16572.25,16148.4,16148.4
1995-07-27,16165.25,16387.25,16157.93,16387.25
1995-07-28,16367.49,16695.28,16307.63,16625.19
1995-08-01,16651.76,16918.78,16594.2,16677.53
1995-08-02,16644.74,16644.74,16324.88,16358.57
1995-08-03,16319.36,16796.45,16274.34,16720.75
1995-08-04,16799.16,17160.03,16799.16,16893.71
1995-08-08,16804.57,16873.36,16507.07,16615.46
1995-08-09,16645.24,16853.5,16512.18,16838.97
1995-08-10,16833.05,16931.41,16713.73,16789.33
1995-08-11,16770.98,16788.13,16546.07,16728.97
1995-08-15,16819.31,17004.21,16819.31,16916.57
1995-08-16,16915.27,17452.72,16869.15,17452.72
1995-08-17,17521.71,18299.71,17521.71,18158.73
1995-08-18,18116.41,18266.72,18020.25,18149.7
1995-08-22,17999.9,17999.9,17722.55,17871.05
1995-08-23,17858.42,18028.58,17818.11,17877.77
1995-08-24,17873.96,17933.42,17665.8,17731.98
1995-08-25,17700.19,17945.25,17599.92,17921.99
1995-08-29,17741.5,17897.22,17580.87,17847.29
1995-08-30,17892.21,18185.1,17825.33,18135.16
1995-08-31,18170.96,18241.65,17955.68,17983.86
1995-09-01,17971.92,18159.83,17894.01,18117.22
1995-09-05,18115.51,18115.51,17637.62,17748.52
1995-09-06,17730.77,17843.68,17503.36,17794.04
1995-09-07,17806.88,17898.83,17620.38,17620.38
1995-09-08,17656.27,17713.53,17511.68,17621.18
1995-09-12,18271.33,18570.14,18194.73,18486.11
1995-09-13,18526.62,18673.92,18442.19,18472.17
1995-09-14,18470.37,18653.77,18421.04,18614.26
1995-09-15,18680.04,18790.73,18604.23,18758.55
1995-09-19,18780.61,18847.89,18319.16,18319.16
1995-09-20,18274.94,18481.4,18230.32,18474.38
1995-09-21,18561.12,18638.52,18141.98,18198.64
1995-09-22,18142.99,18142.99,17948.66,18034.79
1995-09-26,17733.78,17854.51,17566.43,17566.43
1995-09-27,17595.32,17921.98,17595.32,17921.98
1995-09-28,17928,18262.43,17764.94,18262.43
1995-09-29,18218.71,18295.23,18022.86,18022.86
1995-10-03,17921.38,17950.18,17683.84,17739.84
1995-10-04,17769.83,18159.72,17737.25,18142.99
1995-10-05,18166.7,18346.55,18056.2,18145.08
1995-10-06,18143.38,18267.04,18100.64,18220.41
1995-10-10,18504.38,18504.38,18168.69,18176.27
1995-10-12,18155.54,18155.54,17891.19,17891.19
1995-10-13,17909.13,18051.61,17840.97,17971.4
1995-10-17,17914.91,18140.99,17914.91,18016.44
1995-10-18,18005.68,18071.34,17840.97,17916.6
1995-10-19,17910.62,17917.6,17746.41,17895.97
1995-10-20,17908.43,18049.62,17908.43,17955.36
1995-10-24,18122.46,18173.08,18024.91,18156.24
1995-10-25,18122.46,18261.46,18014.05,18014.25
1995-10-26,18017.04,18048.62,17944.9,17970.81
1995-10-27,17971,17976.09,17681.75,17726.68
1995-10-31,17379.93,17515.64,17364.99,17509.17
1995-11-01,17502.29,17684.04,17357.81,17654.64
1995-11-02,17622.66,17622.66,17408.93,17474.49
1995-11-03,17532.68,18039.86,17532.68,18028.8
1995-11-07,18006.18,18252.39,17970.71,18036.97
1995-11-08,18033.98,18073.54,17936.03,18021.22
1995-11-09,17983.66,17983.66,17851.24,17863.29
1995-11-10,17877.24,18127.84,17821.04,17821.04
1995-11-14,17856.22,17890.59,17692.01,17789.46
1995-11-15,17829.12,17888.7,17766.04,17802.51
1995-11-16,17804.7,17882.82,17655.24,17682.74
1995-11-17,17696.69,17942.11,17685.93,17939.52
1995-11-21,18189.02,18445,18189.02,18383.82
1995-11-22,18376.05,18459.84,18250.9,18384.32
1995-11-23,18372.16,18372.16,18213.33,18239.84
1995-11-28,18230.57,18689.52,18230.57,18543.14
1995-11-29,18559.09,18744.72,18540.35,18688.42
1995-11-30,18675.27,18738.04,18470.11,18533.98
1995-12-01,18578.12,18846.75,18578.12,18744.42
1995-12-05,18889,19062.18,18889,18897.37
1995-12-06,18913.91,18977.58,18822.84,18879.53
1995-12-07,18893.28,19118.07,18888.8,19067.86
1995-12-08,19084,19443.8,19084,19412.32
1995-12-12,19315.27,19377.94,19162.02,19226.78
1995-12-13,19236.25,19390,19233.76,19312.77
1995-12-14,19356.52,19438.72,19275.51,19283.48
1995-12-15,19318.25,19548.23,19267.94,19499.3
1995-12-19,19364.69,19417.6,19298.92,19311.08
1995-12-20,19242.03,19242.03,19077.12,19140.49
1995-12-21,19200.88,19537.66,19200.88,19448.59
1995-12-22,19441.21,19658.43,19432.84,19653.25
1995-12-26,19772.32,19831.31,19724.49,19775.41
1995-12-27,19791.91,19904.72,19690.55,19904.72
1995-12-28,19930.84,20011.76,19924.56,20011.76
1995-12-29,19990.13,20023.52,19867.85,19873.13
1996-01-05,19945.68,20647.9,19945.68,20618
1996-01-09,20617.1,20667.03,20471.4,20563.58
1996-01-10,20564.98,20652.58,20454.16,20652.08
1996-01-11,20591.59,20675.7,20459.34,20612.32
1996-01-12,20547.64,20547.64,20260.41,20377.92
1996-01-17,20304.07,20567.07,20303.47,20567.07
1996-01-18,20655.67,20754.34,20569.76,20570.26
1996-01-19,20537.17,20537.17,20297.89,20370.04
1996-01-23,20380.51,20391.87,20088.5,20196.53
1996-01-24,20208.39,20363.86,20040.66,20080.92
1996-01-25,20070.66,20312.84,19984.85,20312.74
1996-01-26,20358.98,20457.64,20289.02,20414.69
1996-01-30,20657.56,20686.86,20532.49,20589.2
1996-01-31,20602.25,20796.69,20602.25,20722.44
1996-02-01,20786.63,21021.63,20786.63,20812.74
1996-02-02,20806.36,20942.69,20761.21,20935.12
1996-02-06,20882.2,20882.2,20623.88,20653.38
1996-02-07,20605.64,20767.79,20555.61,20751.15
1996-02-08,20742.48,21039.27,20642.12,20943.49
1996-02-09,20956.35,21150.39,20911,21118.3
1996-02-14,20964.32,21056.31,20783.04,20784.23
1996-02-15,20800.08,21041.56,20800.08,20943.59
1996-02-16,20921.47,21010.36,20751.05,20886.19
1996-02-20,20760.02,20760.02,20632.05,20721.25
1996-02-21,20648.99,20668.03,20409.91,20655.67
1996-02-22,20655.27,20655.27,20322.3,20372.23
1996-02-23,20389.68,20436.62,20310.74,20340.94
1996-02-27,20294.3,20480.27,20294.3,20480.27
1996-02-28,20426.65,20426.65,19977.48,20000.4
1996-02-29,20053.22,20211.38,19878.91,19919.97
1996-03-01,19974.19,20129.16,19902.53,20125.37
1996-03-05,20166.23,20221.85,20061.89,20063.88
1996-03-06,20069.76,20303.87,20069.76,20183.87
1996-03-07,20166.83,20300.68,19946.48,20241.18
1996-03-08,20200.52,20200.52,19916.98,19957.15
1996-03-12,20056.41,20056.41,19747.76,19796.29
1996-03-13,19882.4,20008.07,19854.3,19950.27
1996-03-14,19932.03,19932.03,19627.57,19734.7
1996-03-15,19735.3,19923.66,19708.59,19923.66
1996-03-19,20243.37,20352.3,20223.74,20285.13
1996-03-20,20333.37,20614.91,20333.37,20442.6
1996-03-22,20470.7,20745.76,20470.7,20727.53
1996-03-26,20745.91,20946.53,20745.91,20915.44
1996-03-27,20943.43,21290.39,20942.73,21014.77
1996-03-28,21046.72,21329.98,20992.36,21329.98
1996-03-29,21321.84,21432.98,21199.46,21295.82
1996-04-02,21451.07,21757.84,21451.07,21560.39
1996-04-03,21569.43,21640.98,21464.93,21600.08
1996-04-04,21636.15,21754.52,21349.68,21464.73
1996-04-05,21451.77,21568.83,21397.21,21471.16
1996-04-09,21635.65,21635.65,21398.11,21424.24
1996-04-10,21508.34,21818.13,21508.34,21744.17
1996-04-11,21773.51,21870.68,21772.71,21791.7
1996-04-12,21760.45,21782.36,21649.42,21694.43
1996-04-16,21704.88,21922.93,21704.88,21883.04
1996-04-17,21927.45,22077.87,21866.36,21868.17
1996-04-18,21906.25,22007.84,21801.85,21816.22
1996-04-19,21763.57,21843.15,21694.94,21812.5
1996-04-23,21912.68,22123.89,21912.68,22123.89
1996-04-24,22154.24,22216.54,22104.8,22119.88
1996-04-25,22151.33,22330.49,22151.33,22282.05
1996-04-26,22301.55,22345.06,22209.2,22230.1
1996-05-01,22140.68,22162.88,21953.48,22041.3
1996-05-02,22030.75,22087.32,21772.71,21815.01
1996-05-03,21775.02,21783.36,21516.78,21662.38
1996-05-08,21624.3,21624.3,21430.57,21495.28
1996-05-09,21479.5,21728.6,21432.48,21728.6
1996-05-10,21742.16,21744.37,21298.33,21411.88
1996-05-14,21459.2,21504.02,21170.72,21171.82
1996-05-15,21208.2,21311.39,21174.24,21301.05
1996-05-16,21371.38,22060.79,21371.38,22055.97
1996-05-17,22082.19,22251.41,22082.19,22147.21
1996-05-21,21977.39,22311.29,21977.39,21979
1996-05-22,22001.11,22196.04,21892.58,22091.74
1996-05-23,22093.25,22195.74,21839.93,21958
1996-05-24,21934.08,22014.87,21631.83,21724.08
1996-05-28,21839.93,21863.04,21557.48,21699.76
1996-05-29,21753.52,21992.56,21753.52,21944.53
1996-05-30,21953.48,22145.2,21877.21,22021.5
1996-05-31,21991.16,21991.16,21836.21,21886.35
1996-06-04,21970.56,21971.66,21588.52,21588.52
1996-06-05,21641.28,21866.96,21641.28,21858.12
1996-06-06,21886.56,21985.93,21784.36,21881.43
1996-06-07,21912.08,22032.96,21804.46,21804.46
1996-06-11,21730.31,21733.42,21641.28,21719.15
1996-06-12,21677.45,21862.84,21593.65,21817.62
1996-06-13,21883.24,22130.63,21883.24,22104.8
1996-06-14,22103.9,22205.29,22042.4,22082.4
1996-06-18,22339.43,22519.39,22245.38,22245.38
1996-06-19,22306.27,22429.56,22264.27,22332.4
1996-06-20,22273.51,22504.12,22224.78,22367.36
1996-06-21,22361.13,22437.3,22133.34,22437.3
1996-06-25,22566.02,22701.57,22503.92,22603.2
1996-06-26,22598.57,22659.16,22516.88,22597.17
1996-06-27,22589.63,22750.7,22572.85,22666.8
1996-06-28,22651.53,22657.36,22439.41,22501.61
1996-07-02,22568.43,22600.08,22416,22455.49
1996-07-03,22466.74,22485.23,22269.9,22347.97
1996-07-04,22334.1,22389.57,22247.59,22379.02
1996-07-05,22354.2,22354.2,22203.88,22292.91
1996-07-09,22148.11,22148.11,21801.75,21924.94
1996-07-10,21917.4,21976.99,21843.75,21919.82
1996-07-11,21954.88,22041.8,21757.54,21778.94
1996-07-12,21768.49,21900.02,21716.84,21892.58
1996-07-16,21621.99,21753.42,21549.24,21753.42
1996-07-17,21636.76,21636.76,21362.94,21406.35
1996-07-18,21468.45,21567.02,21281.95,21412.88
1996-07-19,21432.48,21573.55,21428.36,21566.42
1996-07-23,21476.19,21476.19,21005.63,21005.63
1996-07-24,20956.79,21164.19,20832.9,21163.69
1996-07-25,21114.15,21114.15,20627.61,20631.03
1996-07-26,20707.8,20978.8,20638.16,20883.84
1996-07-30,21188,21284.87,20963.83,20967.54
1996-07-31,20907.05,20910.87,20789.99,20880.33
1996-08-01,20862.74,20862.74,20653.24,20692.83
1996-08-02,20665.19,21092.34,20524.82,20984.83
1996-08-06,21019.8,21188.1,21019.8,21077.47
1996-08-07,20992.66,20992.66,20741.96,20744.88
1996-08-08,20716.94,20827.97,20452.97,20477.59
1996-08-09,20531.45,20772.11,20531.45,20731.31
1996-08-13,20516.28,20666.9,20448.65,20666.6
1996-08-14,20652.63,20864.95,20643.39,20864.95
1996-08-15,20804.46,20981.11,20728.8,20981.11
1996-08-16,21007.54,21105.71,20913.48,20968.25
1996-08-20,20847.77,21152.73,20847.77,21106.41
1996-08-21,21140.57,21163.18,20971.36,21127.01
1996-08-22,21215.43,21391.08,21215.43,21275.02
1996-08-23,21251.71,21386.45,21239.85,21363.24
1996-08-27,21212.72,21212.72,20879.72,20883.74
1996-08-28,20862.34,21022.41,20827.97,20910.27
1996-08-29,20904.14,21039.79,20660.77,20709.81
1996-08-30,20687.4,20706.99,20503.62,20553.16
1996-09-03,20186.6,20230.1,20082.19,20107.11
1996-09-04,20082.3,20289.99,19920.02,20198.15
1996-09-05,20217.64,20307.07,20066.02,20201.87
1996-09-06,20214.93,20487.24,20214.93,20379.82
1996-09-10,20232.21,20372.99,20159.36,20202.27
1996-09-11,20268.59,20561.09,20268.59,20559.59
1996-09-12,20540.9,20579.98,20425.44,20571.04
1996-09-13,20513.77,20529.94,20375.4,20443.93
1996-09-18,20929.06,21365.86,20929.06,21310.59
1996-09-19,21304.16,21311.8,21094.96,21156.75
1996-09-20,21100.88,21332.6,21023.41,21322.85
1996-09-25,21104.71,21247.75,21040.83,21171.99
1996-09-26,21159.01,21350.67,21150.23,21350.67
1996-09-27,21369.44,21579.56,21369.44,21461.37
1996-10-01,21537.93,21590.44,21494.31,21556.4
1996-10-02,21532.54,21563.69,21430.23,21462.97
1996-10-03,21468.66,21509.68,21413.26,21498.6
1996-10-04,21523.16,21548.21,21297.96,21331.5
1996-10-08,21156.92,21161.01,21031.94,21161.01
1996-10-09,21099.72,21205.53,20968.96,21038.53
1996-10-10,20979.84,20983.23,20813.64,20870.83
1996-10-15,20997.4,21058,20905.37,21029.25
1996-10-16,21094.53,21429.93,21094.53,21429.93
1996-10-17,21458.47,21478.04,21364.24,21397.19
1996-10-18,21403.27,21462.77,21330.11,21423.74
1996-10-22,21606.91,21606.91,21299.56,21302.95
1996-10-23,21245.76,21245.76,21022.76,21123.68
1996-10-24,21045.72,21089.74,20791.48,21082.15
1996-10-25,21050.21,21114.69,20855.56,21003.49
1996-10-29,20739.67,20907.37,20738.17,20885.41
1996-10-30,20919.64,21054.9,20919.64,20958.08
1996-10-31,20979.84,21000.9,20632.96,20681.67
1996-11-01,20676.38,20738.57,20449.99,20466.86
1996-11-06,20655.32,20690.16,20494.01,20592.33
1996-11-07,20644.94,21095.33,20644.94,20991.52
1996-11-08,21063.89,21142.24,20756.84,20771.11
1996-11-12,21153.12,21262.53,21033.24,21065.08
1996-11-13,21098.02,21251.45,21098.02,21206.43
1996-11-14,21201.24,21229.39,20923.24,20979.44
1996-11-15,21020.46,21084.05,20935.92,21031.04
1996-11-19,20932.12,20940.21,20773.31,20796.37
1996-11-20,20791.67,20956.18,20732.78,20956.18
1996-11-21,20997.01,21217.51,20997.01,21189.96
1996-11-22,21168.5,21301.26,21105.11,21143.34
1996-11-26,21276.3,21369.14,21196.95,21293.57
1996-11-27,21358.95,21459.77,21254.44,21418.25
1996-11-28,21397.88,21460.57,21258.73,21345.28
1996-11-29,21289.88,21289.88,21035.54,21035.54
1996-12-03,21034.94,21067.68,20674.69,20674.69
1996-12-04,20681.87,20762.53,20478.74,20630.56
1996-12-05,20577.06,20677.08,20524.96,20659.91
1996-12-06,20671.89,20976.54,20668.5,20943.9
1996-12-10,20396.69,20669.99,20396.69,20603.71
1996-12-11,20675.68,20853.56,20675.68,20822.12
1996-12-12,20755.74,20755.74,20466.66,20568.38
1996-12-13,20475.44,20504.49,20321.32,20501.2
1996-12-17,20409.76,20472.05,20291.08,20422.04
1996-12-18,20370.13,20500.9,20230.88,20413.46
1996-12-19,20415.95,20415.95,20093.03,20093.03
1996-12-20,20069.67,20098.62,19560.39,19570.67
1996-12-25,19698.44,19699.74,19161.71,19161.71
1996-12-26,19211.72,19555.6,19211.72,19549.41
1996-12-27,19542.52,19542.52,18819.92,19291.58
1996-12-31,19391,19391.79,19108.5,19361.35
1997-01-07,19364.24,19500.9,19203.53,19446
1997-01-08,19443.5,19443.5,18895.99,18896.19
1997-01-09,18911.16,18998.3,18555.8,18680.38
1997-01-10,18631.56,18726.49,18071.97,18073.87
1997-01-14,17338.39,18151.93,17019.56,18118.79
1997-01-15,18061.19,18182.27,17545.52,18093.13
1997-01-17,18125.57,18317.63,17970.85,18144.34
1997-01-21,18104.11,18108.6,17237.27,17480.34
1997-01-22,17441.21,17572.47,17282.69,17358.16
1997-01-23,17440.71,18065.98,17440.71,18013.88
1997-01-24,17982.13,18128.57,17878.02,17909.46
1997-01-28,17657.92,17664.6,17280.2,17334.9
1997-01-29,17301.26,17796.57,17195.25,17796.57
1997-01-30,17843.38,18335.3,17664.5,18335.3
1997-01-31,18304.55,18365.64,17781.89,17864.04
1997-02-04,18307.95,18307.95,18077.06,18085.95
1997-02-05,18158.32,18629.27,18158.32,18314.33
1997-02-06,18302.56,18307.35,17901.48,18185.97
1997-02-07,18199.64,18257.04,17875.22,18038.43
1997-02-11,17881.91,18268.32,17843.38,18181.17
1997-02-13,18240.17,18520.76,18240.17,18409.96
1997-02-14,18505.09,18854.76,18505.09,18688.06
1997-02-18,18730.88,18854.46,18653.92,18750.65
1997-02-19,18707.63,18727.59,18470.75,18470.75
1997-02-20,18482.63,18674.19,18329.01,18599.12
1997-02-21,18686.86,19101.22,18686.86,19051.71
1997-02-25,19065.98,19229.49,18859.85,18896.99
1997-02-26,18854.46,19097.82,18775.9,19070.07
1997-02-27,19127.57,19216.51,18894.89,18990.92
1997-02-28,18936.11,19024.86,18854.96,19021.56
1997-03-04,18517.17,18517.17,18345.58,18429.13
1997-03-05,18500.1,18688.86,18497.11,18564.78
1997-03-06,18618.09,18657.32,18208.23,18273.51
1997-03-07,18341.98,18435.02,17977.14,18041.33
1997-03-11,18195.95,18195.95,17935.62,18113.89
1997-03-12,18129.77,18267.72,18088.94,18267.72
1997-03-13,18281.29,18326.21,18010.28,18183.27
1997-03-14,18144.14,18144.14,17900.48,17900.48
1997-03-18,17962.47,18084.05,17863.85,18053.5
1997-03-19,18072.87,18445.2,18072.87,18445.2
1997-03-20,18490.42,18554.6,18378.62,18493.71
1997-03-25,18682.57,18750.25,18043.82,18043.82
1997-03-26,18116.99,18548.61,18116.99,18439.61
1997-03-27,18460.85,18528.25,18189.12,18472.45
1997-03-28,18520.15,18594.26,18002.6,18210.42
1997-04-01,18158.12,18204.82,17793.18,18003.4
1997-04-02,17934.79,17934.79,17529.05,17869.59
1997-04-03,17874.99,18047.9,17707.07,18037.3
1997-04-04,18021.5,18182.42,17973.3,18129.31
1997-04-08,17901.89,17990.8,17663.77,17715.67
1997-04-09,17745.17,18035.1,17626.26,18021.7
1997-04-10,18006.5,18006.5,17703.37,17703.37
1997-04-11,17756.28,17933.59,17479.05,17485.75
1997-04-15,17761.48,17826.88,17547.35,17692.47
1997-04-16,17712.07,18000.6,17712.07,17933.59
1997-04-17,17985.2,18093.91,17959.2,18031.2
1997-04-18,18016.3,18100.31,17970.1,18093.41
1997-04-22,18399.54,18560.66,18399.54,18551.66
1997-04-23,18527.75,18731.67,18489.85,18544.45
1997-04-24,18617.76,18842.38,18617.76,18735.47
1997-04-25,18737.07,18982.7,18664.87,18698.07
1997-04-29,18617.36,18684.07,18545.05,18670.37
1997-05-01,18764.08,19194.82,18764.08,19151.12
1997-05-02,19232.32,19588.36,19222.42,19275.33
1997-05-07,19616.76,20222.52,19616.76,20180.92
1997-05-08,20146.61,20237.32,19952.1,20048.9
1997-05-09,19973.5,20107.21,19925.39,20061.81
1997-05-13,19730.57,20148.21,19560.06,20143.51
1997-05-14,20206.72,20452.35,20119.61,20129.11
1997-05-15,20131.61,20209.72,20030.1,20209.72
1997-05-16,20162.22,20162.22,19854.99,20056.31
1997-05-20,20290.23,20561.66,20205.62,20489.75
1997-05-21,20511.05,20612.26,20245.22,20332.83
1997-05-22,20322.43,20322.43,19763.88,19841.98
1997-05-23,19849.48,19938.89,19687.37,19877.39
1997-05-27,20037,20154.52,19989.1,20043.5
1997-05-28,20067.51,20149.01,19848.38,19889.89
1997-05-29,19928.49,20351.64,19928.49,20351.34
1997-05-30,20366.84,20366.84,20125.11,20312.23
1997-06-03,20083.51,20451.85,20040.7,20451.85
1997-06-04,20444.24,20671.97,20432.14,20563.16
1997-06-05,20592.46,20707.77,20512.25,20611.56
1997-06-06,20596.46,20605.96,20423.04,20488.15
1997-06-10,20481.45,20526.55,20223.82,20223.82
1997-06-11,20227.92,20582.16,20227.92,20532.55
1997-06-12,20527.35,20633.86,20282.43,20289.93
1997-06-13,20340.43,20696.87,20340.43,20564.46
1997-06-17,20594.96,20778.08,20549.35,20681.07
1997-06-18,20691.67,20720.67,20558.76,20593.66
1997-06-19,20597.66,20620.36,20428.74,20497.85
1997-06-20,20491.35,20591.46,20400.14,20507.85
1997-06-24,20428.54,20461.55,20380.04,20436.14
1997-06-25,20383.34,20383.34,20215.12,20341.93
1997-06-26,20419.24,20736.17,20419.24,20679.27
1997-06-27,20714.67,20910.79,20624.66,20624.76
1997-07-01,20585.86,20683.57,20493.05,20604.96
1997-07-02,20561.56,20561.56,20142.51,20175.52
1997-07-03,20203.52,20247.42,19975.5,20196.42
1997-07-04,20238.72,20252.13,20079.91,20121.41
1997-07-08,19931.89,19931.89,19678.27,19705.17
1997-07-09,19731.97,19926.79,19731.97,19853.89
1997-07-10,19920.69,19963.6,19495.85,19697.17
1997-07-11,19709.77,19820.58,19608.76,19754.78
1997-07-15,19909.09,20228.72,19909.09,20228.72
1997-07-16,20236.82,20242.62,20037.4,20069.41
1997-07-17,20139.31,20435.64,20139.31,20358.74
1997-07-18,20412.24,20584.96,20308.73,20519.25
1997-07-23,20246.82,20280.33,20055.61,20157.02
1997-07-24,20244.12,20324.03,19999.8,20130.51
1997-07-25,20164.32,20290.23,20164.32,20286.23
1997-07-29,20420.24,20600.66,20420.24,20575.26
1997-07-30,20627.86,20698.67,20402.74,20402.74
1997-07-31,20413.84,20418.84,20170.82,20212.82
1997-08-01,20240.62,20332.53,20041.2,20331.43
1997-08-05,19838.78,19930.49,19456.95,19668.07
1997-08-06,19645.36,19767.58,19362.44,19514.45
1997-08-07,19537.35,19703.57,19233.12,19702.07
1997-08-08,19719.07,19772.18,19366.14,19475.85
1997-08-12,19462.35,19462.35,18824.18,18824.18
1997-08-13,18946.19,19257.23,18917.49,19099.11
1997-08-14,19041.1,19154.02,18801.68,19008.6
1997-08-15,19056.31,19268.93,18988.9,19222.62
1997-08-19,19213.12,19213.12,18835.48,19041.1
1997-08-20,19122.31,19246.02,18803.18,18961
1997-08-21,18952.7,19252.23,18905.69,19252.23
1997-08-22,19320.33,19394.14,19124.51,19157.12
1997-08-26,18683.47,18740.57,18550.36,18656.17
1997-08-27,18665.57,18866.79,18538.45,18814.98
1997-08-28,18755.38,18755.38,18432.34,18441.94
1997-08-29,18472.55,18586.26,18385.74,18451.45
1997-09-02,18215.22,18270.93,17884.79,17974.3
1997-09-03,18026.6,18244.82,17967.8,18232.52
1997-09-04,18348.63,18749.27,18348.63,18735.17
1997-09-05,18706.07,18713.47,18572.66,18615.06
1997-09-09,18661.37,18775.08,18633.86,18633.86
1997-09-10,18637.16,18732.87,18513.55,18695.97
1997-09-11,18649.06,18723.57,18574.66,18704.77
1997-09-12,18625.56,18625.56,18188.72,18282.23
1997-09-17,18005.3,18037.1,17872.69,17974.5
1997-09-18,18032.1,18176.12,17563.66,17683.27
1997-09-19,17682.37,17981.5,17660.87,17930.09
1997-09-23,18077.31,18303.73,17960.4,18201.32
1997-09-25,18251.25,18420.08,18139.16,18420.08
1997-09-26,18370.23,18439.76,18183.72,18341.96
1997-09-30,17992.21,17992.21,17680.92,17987.21
1997-10-01,18022.58,18053.55,17850.05,17887.71
1997-10-02,17820.38,17936.86,17522.28,17842.16
1997-10-03,17875.52,17875.52,17415.18,17455.04
1997-10-07,17645.75,17854.45,17635.86,17824.78
1997-10-08,17843.16,17889.71,17478.72,17511.19
1997-10-09,17531.07,17718.38,17531.07,17619.18
1997-10-10,17623.88,17627.57,17330.67,17376.92
1997-10-14,17318.38,17318.38,17151.75,17204.7
1997-10-15,17220.08,17418.88,16967.73,17306.39
1997-10-16,17341.56,17426.97,17186.31,17331.37
1997-10-17,17335.26,17763.74,17184.32,17707.49
1997-10-21,17391.41,17454.85,17230.77,17294.51
1997-10-22,17368.73,17554.55,17209.59,17210.09
1997-10-23,17267.13,17694.31,17267.13,17687.61
1997-10-24,17646.55,17646.55,17151.55,17151.55
1997-10-28,17262.24,17262.24,16905.69,17038.36
1997-10-29,17018.78,17018.78,16218.38,16312.69
1997-10-30,16385.81,16920.08,16385.81,16857.04
1997-10-31,16828.37,16828.37,16302,16364.94
1997-11-05,16494.01,16640.96,16400.8,16500.1
1997-11-06,16519.48,16525.17,16289.81,16448.05
1997-11-07,16466.13,16633.67,16422.28,16533.87
1997-11-11,15722.48,15912.49,15564.54,15697.2
1997-11-12,15719.58,15867.23,15647.65,15867.23
1997-11-13,15819.58,15864.04,15359.44,15434.17
1997-11-14,15354.65,15603.3,15083.22,15427.27
1997-11-18,15153.85,16283.32,15153.85,16283.32
1997-11-19,16241.56,17006.09,16089.81,16726.57
1997-11-20,16600.2,16600.2,15745.65,15842.46
1997-11-21,15875.12,16544.56,15831.47,16308.49
1997-11-26,16607.89,16607.89,15774.33,15867.53
1997-11-27,15926.47,16378.62,15926.47,16045.55
1997-11-28,16117.08,16630.47,16117.08,16603.2
1997-12-02,16593.51,17117.78,16486.31,17007.59
1997-12-03,17009.59,17074.13,16847.65,16910.29
1997-12-04,16860.74,16860.74,16582.62,16585.51
1997-12-05,16566.63,16588.91,16248.75,16306.79
1997-12-09,16438.76,16515.68,16110.29,16131.57
1997-12-10,16184.72,16686.51,16184.72,16686.51
1997-12-11,16676.12,16676.12,16408.89,16478.12
1997-12-12,16396.7,16396.7,16025.27,16050.15
1997-12-16,15865.63,15909.39,15642.86,15909.39
1997-12-17,15954.45,16130.37,15802.6,15985.21
1997-12-18,16013.69,16816.68,15795.2,16541.06
1997-12-19,16455.64,16455.64,16100.8,16161.64
1997-12-23,15280.22,15280.22,14569.43,14799.4
1997-12-25,14791.51,15013.19,14681.82,14924.98
1997-12-26,14940.06,15729.57,14940.06,15300.1
1997-12-30,14830.07,14852.95,14488.21,14775.22
1997-12-31,14838.46,15259.34,14838.46,15258.74
1998-01-06,15268.93,15307.19,14956.84,14956.84
1998-01-07,15007.89,15066.73,14714.09,14896.4
1998-01-08,14898.2,15038.16,14847.65,15028.17
1998-01-09,15061.44,15608.39,15018.68,15019.18
1998-01-13,14877.32,14909.29,14628.67,14664.44
1998-01-14,14757.84,14900.9,14546.25,14755.94
1998-01-15,14866.23,15148.95,14866.23,15121.98
1998-01-20,16155.34,16461.44,16155.34,16262.04
1998-01-21,16220.18,16430.27,16077.22,16366.53
1998-01-22,16458.94,16752.35,16458.94,16684.42
1998-01-23,16624.48,16712.29,16397.3,16405.69
1998-01-27,16835.16,17352.95,16835.16,17073.33
1998-01-28,17100.6,17158.34,16907.69,16981.62
1998-01-29,17061.14,17258.94,16973.83,16973.83
1998-01-30,17045.25,17106.69,16926.17,17014.59
1998-02-03,16685.01,16908.69,16640.76,16776.82
1998-02-04,16903.5,17144.06,16903.5,17022.98
1998-02-05,17050.45,17073.73,16795.5,16882.62
1998-02-06,16803.1,17051.15,16770.93,17003.3
1998-02-10,17102,17223.78,17053.05,17205
1998-02-11,17214.59,17256.24,17161.74,17205.09
1998-02-13,17247.45,17252.45,17069.23,17174.93
1998-02-17,16750.35,16775.72,16589.41,16775.52
1998-02-18,16737.86,16790.91,16587.71,16790.71
1998-02-19,16787.31,16853.85,16592.51,16613.89
1998-02-20,16581.92,16866.33,16547.55,16616.48
1998-02-24,16716.58,16716.58,16609.49,16609.49
1998-02-25,16633.87,16633.87,16167.33,16198
1998-02-26,16156.04,16360.64,15932.47,16360.64
1998-02-27,16369.13,16548.85,16277.62,16501.7
1998-03-03,16901,17276.12,16901,17264.34
1998-03-04,17237.16,17325.67,17062.74,17168.33
1998-03-05,17123.98,17212.69,17025.57,17095.6
1998-03-06,17010.59,17010.59,16844.96,16848.55
1998-03-10,17205.49,17352.35,16972.53,16972.53
1998-03-11,17000.2,17062.74,16901.1,16982.82
1998-03-12,16948.95,16948.95,16745.55,16756.14
1998-03-13,16749.85,16749.85,16575.22,16575.22
1998-03-17,17062.54,17062.54,16792.01,16861.14
1998-03-18,16892.91,17061.84,16844.16,16997.2
1998-03-19,17011.89,17022.28,16500.1,16619.68
1998-03-20,16612.29,16768.53,16559.94,16679.02
1998-03-24,16883.52,17045.55,16764.44,16868.83
1998-03-25,16768.53,16768.53,16550.75,16606.39
1998-03-26,16659.04,16938.66,16574.53,16658.34
1998-03-27,16668.53,17111.59,16668.53,16980.62
1998-03-31,16840.36,17009.89,16238.56,16263.04
1998-04-01,16294.61,16584.62,16178.22,16527.17
1998-04-02,16433.37,16440.76,16147.75,16241.66
1998-04-03,16215.28,16215.28,15634.47,15702.9
1998-04-07,15568.43,15768.03,15488.31,15705.99
1998-04-08,15667.43,15978.72,15602.3,15978.72
1998-04-09,15987.81,16475.02,15962.14,16376.62
1998-04-10,16433.07,16623.78,16271.23,16536.66
1998-04-14,16374.13,16400.9,16277.07,16317.58
1998-04-15,16309.14,16414.09,16188.36,16277.32
1998-04-16,16322.13,16404,16292.11,16299.3
1998-04-17,16371.53,16416.73,15875.07,15883.77
1998-04-21,15705.59,15729.77,15598.95,15697.1
1998-04-22,15784.27,15927.22,15582.62,15825.67
1998-04-23,15832.37,15832.37,15601.25,15761.54
1998-04-24,15752.95,15906.49,15650.85,15761.69
1998-04-28,15968.73,15968.73,15645.3,15649.95
1998-04-29,15526.47,15625.37,15334.47,15395.43
1998-05-01,15493.42,15647.65,15483.18,15641.26
1998-05-07,15536.96,15536.96,15129.07,15243.84
1998-05-08,15187.79,15244.1,15020.05,15143.03
1998-05-12,15213.34,15433.87,15213.34,15381.9
1998-05-13,15441.71,15446.2,15306.92,15322.48
1998-05-14,15281.77,15343.81,15162.89,15343.81
1998-05-15,15322.83,15448.45,15294.51,15307.69
1998-05-19,15277.17,15405,15069.68,15384.47
1998-05-20,15397.95,15582.87,15309.19,15551.65
1998-05-21,15578.87,15788.01,15578.87,15652.95
1998-05-22,15695.25,15972.88,15695.25,15845.25
1998-05-26,15784.42,15812.54,15733.12,15783.12
1998-05-27,15792.36,15942.16,15788.91,15884.82
1998-05-28,15824.53,15824.53,15549.9,15664.29
1998-05-29,15639.01,15891.71,15639.01,15796.55
1998-06-02,15670.73,15702.05,15321.03,15321.03
1998-06-03,15404.15,15554.45,15353.2,15554.45
1998-06-04,15525.62,15525.62,15256.09,15347
1998-06-05,15314.24,15522.78,15292.91,15426.47
1998-06-09,15283.52,15357.89,15254,15294.71
1998-06-10,15320.33,15530.17,15316.43,15530.17
1998-06-11,15520.38,15520.38,15298.8,15339.26
1998-06-12,15285.01,15285.01,15002.55,15014.04
1998-06-16,14964.34,14964.34,14789.31,14825.17
1998-06-17,14743.21,14917.58,14614.74,14720.38
1998-06-18,14790.81,14899.85,14673.28,14715.38
1998-06-19,14825.17,15398.2,14825.17,15361.54
1998-06-23,15285.01,15413.79,15246.25,15309.09
1998-06-24,15320.48,15320.48,15054.6,15054.6
1998-06-25,15129.02,15210.49,15000.15,15123.18
1998-06-26,15161.04,15205.04,15075.37,15132.22
1998-06-30,15254.8,15424.53,15230.77,15365.73
1998-07-01,15471.43,15830.47,15462.24,15830.27
1998-07-02,15852.1,16362.89,15739.76,16362.89
1998-07-03,16433.47,16743.36,16432.62,16471.58
1998-07-07,16433.67,16488.51,16350.45,16350.45
1998-07-08,16354.35,16531.22,16354.35,16416.28
1998-07-09,16528.12,16635.86,16497.3,16530.97
1998-07-10,16492.51,16492.51,16370.08,16446.95
1998-07-14,15993.16,16360.39,15804.35,16360.39
1998-07-15,16379.92,16489.41,16331.37,16488.91
1998-07-16,16599.55,16614.14,16435.46,16614.14
1998-07-17,16605.24,16756.89,16498.25,16731.92
1998-07-22,16619.78,16698.15,16407.74,16556.69
1998-07-23,16460.69,16460.69,16286.56,16293.06
1998-07-24,16268.48,16320.53,16158.44,16188.01
1998-07-28,16281.97,16281.97,15944.26,15944.36
1998-07-29,16018.88,16180.27,15958.19,16114.54
1998-07-30,16074.18,16282.32,16047.25,16158.09
1998-07-31,16190.71,16311.54,16190.71,16201.6
1998-08-04,16303.6,16303.6,16104.55,16165.08
1998-08-05,16061.44,16180.92,16004.25,16023.58
1998-08-06,16015.13,16019.33,15817.03,15992.16
1998-08-07,16048.15,16075.72,15834.77,15876.22
1998-08-11,15800.35,15800.35,15595.7,15626.42
1998-08-12,15571.23,15630.07,15310.59,15406.99
1998-08-13,15287.31,15534.07,15269.83,15378.97
1998-08-14,15412.99,15476.32,15239.71,15382.02
1998-08-18,15130.77,15137.66,14655.69,14794.66
1998-08-19,14896.7,15102.9,14845.75,15063.79
1998-08-20,15164.24,15416.48,15161.84,15406.34
1998-08-21,15445.75,15445.75,15236.26,15391.41
1998-08-25,15145.25,15145.25,14859.34,14988.36
1998-08-26,15070.23,15226.97,15070.23,15072.93
1998-08-27,15113.04,15113.04,14866.03,14866.03
1998-08-28,14794.41,14794.41,14378.67,14413.79
1998-09-01,13955.79,14224.18,13845.15,14107.89
1998-09-02,13979.82,14369.83,13664.74,14369.63
1998-09-03,14361.04,14589.41,14287.16,14376.62
1998-09-04,14362.54,14368.28,14207.84,14261.24
1998-09-08,13984.47,14790.06,13912.69,14790.06
1998-09-09,14766.93,15294.26,14766.93,14913.49
1998-09-10,14968.18,15099.85,14629.62,14755.54
1998-09-11,14805.29,14902,14530.92,14666.03
1998-09-15,13979.32,14329.92,13844.31,14227.37
1998-09-17,14229.32,14375.57,14176.02,14197.7
1998-09-18,14213.49,14279.77,13784.07,13859.14
1998-09-22,13875.77,13875.77,13580.72,13597.3
1998-09-23,13640.56,13871.48,13521.13,13789.81
1998-09-25,13896.79,14297.5,13896.79,14205.78
1998-09-29,13760.74,14121.47,13687.03,13909.37
1998-09-30,13937.82,13952.35,13553.02,13821.43
1998-10-01,13878.68,13966.77,13406.39,13406.39
1998-10-02,13377.24,13558.45,13018.75,13197.12
1998-10-06,13185.98,13185.98,12910.27,12948.12
1998-10-07,12936.38,13216.28,12927.78,13021.64
1998-10-08,13095.9,13825.61,13095.9,13825.61
1998-10-09,13749.01,13749.01,12987.91,13026.06
1998-10-13,12977.82,13572.87,12977.82,13555.01
1998-10-14,13538.8,13591.82,13241.2,13242.79
1998-10-15,13264.62,13454.04,13057.05,13070.73
1998-10-16,13113.36,13184.64,12892.96,12995.37
1998-10-20,13263.18,13786.36,13263.18,13567.2
1998-10-21,13569.14,13808.84,13483.24,13808.05
1998-10-22,13921.36,14366.89,13921.36,14216.33
1998-10-23,14287.75,14742.44,14245.77,14295.56
1998-10-27,14054.86,14054.86,13806.36,13843.46
1998-10-28,13855.05,14054.86,13762.44,13820.68
1998-10-29,13804.32,13920.81,13516.07,13516.07
1998-10-30,13566.8,13727.02,13432.1,13668.72
1998-11-03,13648.28,13952.75,13648.28,13952.75
1998-11-05,14095.65,14527.81,14095.65,14527.81
1998-11-06,14624.45,14625.15,14180.71,14341.37
1998-11-10,14172.8,14362.66,14063.27,14194.54
1998-11-11,14154,14270.05,14099.23,14108.09
1998-11-12,14137.63,14428.02,14065.51,14428.02
1998-11-13,14364.85,14418.08,14075.06,14075.06
1998-11-17,14339.43,14450.56,14205.13,14428.27
1998-11-18,14475.88,14480.5,14276.81,14413
1998-11-19,14396.09,14701.45,14383.36,14599.23
1998-11-20,14557.1,14642.96,14354.41,14354.46
1998-11-25,14904.2,15164.64,14904.2,15164.64
1998-11-26,15108.04,15124.6,14942.1,15073.47
1998-11-27,15101.62,15219.81,15043.72,15207.77
1998-12-01,15107.09,15139.87,14883.11,14883.7
1998-12-02,14821.53,14931.16,14763.88,14835.41
1998-12-03,14863.71,15011.09,14781.78,14986.62
1998-12-04,14875.6,14875.6,14589.63,14697.08
1998-12-08,14703.64,14748.91,14650.42,14723.49
1998-12-09,14775.02,14916.09,14775.02,14808.2
1998-12-10,14751.79,14931.9,14700.66,14931.9
1998-12-11,14890.92,15007.01,14807.4,14807.8
1998-12-15,14349.18,14349.18,14103.86,14111.62
1998-12-16,14084.96,14192.6,13965.28,14011.19
1998-12-17,14092.32,14157.53,14016.81,14096.3
1998-12-18,14064.22,14169.32,13917.33,14126.99
1998-12-22,14158.82,14158.82,14038.7,14152.95
1998-12-23,14183.74,14185.54,13722.1,13779.45
1998-12-25,13810.58,13815.21,13657.03,13706.73
1998-12-29,13876.54,13894.55,13703.29,13709.06
1998-12-30,13780.44,13846.9,13664.79,13846.9
1998-12-31,13832.32,13913.55,13812.87,13842.17
1999-01-05,13779.05,13779.05,13415.89,13415.89
1999-01-06,13437.03,13437.03,13122.61,13232.74
1999-01-07,13281.69,13475.63,13216.18,13468.46
1999-01-08,13576,13854.16,13516.41,13536.56
1999-01-12,13354.41,13452.89,13224.63,13368.48
1999-01-13,13313.47,13535.66,13212.3,13360.97
1999-01-14,13353.81,13444.34,13313.77,13403.6
1999-01-15,13369.08,13738.86,13369.08,13738.86
1999-01-19,13762.34,13964.19,13754.58,13805.06
1999-01-20,13840.58,13883.01,13756.96,13770.44
1999-01-21,13794.92,14028.05,13738.96,14028.05
1999-01-22,14048.85,14331.23,14009.45,14245.42
1999-01-26,14141.56,14251.09,14076.35,14208.81
1999-01-27,14251.29,14501.44,14251.29,14382.01
1999-01-28,14416.24,14526.21,14370.52,14450.06
1999-01-29,14472.05,14522.33,14331.77,14342.32
1999-02-02,14544.12,14641.41,14356.3,14465.18
1999-02-03,14459.81,14459.81,14285.96,14349.83
1999-02-04,14250.55,14250.55,14089.09,14161.31
1999-02-05,14176.13,14255.67,13925.14,14086.85
1999-02-09,13886.64,14024.92,13770.89,13992.49
1999-02-10,14008.56,14015.57,13885.79,13902.66
1999-02-11,13852.62,13971.15,13795.61,13952.4
1999-02-16,14008.36,14101.22,14003.23,14054.72
1999-02-17,14095.25,14358.68,14095.25,14232.64
1999-02-18,14277.81,14407.33,14146.64,14158.67
1999-02-19,14155.89,14168.57,14041.93,14146.79
1999-02-23,14149.67,14314.32,14096.7,14256.67
1999-02-24,14284.27,14500.65,14284.27,14500.65
1999-02-25,14483.59,14534.82,14326.15,14355.45
1999-02-26,14386.09,14470.45,14363.81,14470.45
1999-03-02,14362.86,14468.86,14221.6,14221.75
1999-03-03,14260.55,14306.01,13921.06,13921.06
1999-03-04,13956.18,14170.46,13927.73,14170.36
1999-03-05,14202.2,14224.73,14121.02,14183.45
1999-03-09,14925.59,15116.1,14779.05,14779.05
1999-03-10,14842.17,15096.7,14842.17,15096.7
1999-03-11,15134.05,15484.63,15134.05,15480
1999-03-12,15485.43,15840.23,15417.03,15502.14
1999-03-16,15526.51,15790.24,15404.1,15779.6
1999-03-17,15749.55,16082.07,15591.62,16072.82
1999-03-18,16088.09,16269.2,15977.87,16268.11
1999-03-19,16238.91,16303.12,15717.92,15717.92
1999-03-24,16401.96,16437.23,15988.41,16019.1
1999-03-25,15947.57,15947.57,15515.47,15515.47
1999-03-26,15591.41,16061.02,15591.41,15986.04
1999-03-30,16031.32,16185.8,16002.28,16008.84
1999-03-31,16091.92,16184.54,15805.69,15859.12
1999-04-01,15865.77,16027.27,15651.35,15836.59
1999-04-02,15868.05,16449.97,15813.41,16327.56
1999-04-06,16320.07,16634.79,16231.13,16334.78
1999-04-07,16360.98,16484.27,16084.71,16479.71
1999-04-08,16429.86,16563.2,16341.25,16554.5
1999-04-09,16552.5,16866.66,16483.52,16846.69
1999-04-13,16797.08,16797.08,16507.4,16507.4
1999-04-14,16617.05,16855.67,16617.05,16715.16
1999-04-15,16698.18,16799.17,16436.19,16764.68
1999-04-16,16758.59,16844.97,16589.36,16727.08
1999-04-20,16858.28,16858.28,16583.64,16674.21
1999-04-21,16587.17,16749.05,16526.53,16697.11
1999-04-22,16724.43,16736.06,16454.34,16495.02
1999-04-23,16563.72,16665.88,16484.08,16665.88
1999-04-27,16919.76,17143.49,16915.15,16918.51
1999-04-28,16992.13,17069.72,16934.52,16957.27
1999-04-29,17013.87,17149.91,16881.6,16942.24
1999-05-07,16762.78,17300.61,16762.78,17300.61
1999-05-11,16983.29,17078.98,16931.63,16977.01
1999-05-12,17003.44,17003.44,16736.9,16743.18
1999-05-13,16782.56,17104.49,16782.56,16947.36
1999-05-14,16952.85,16958.02,16792.98,16851.25
1999-05-18,16750.91,16750.91,16420.97,16421.02
1999-05-19,16440.38,16582.19,16291.12,16378.62
1999-05-20,16354.6,16354.6,16111.98,16128.18
1999-05-21,16150.42,16297.31,15946.66,16199.99
1999-05-25,16261.15,16409.76,16157.22,16390.49
1999-05-26,16305.5,16305.5,16175.98,16214.23
1999-05-27,16172.72,16334.87,16070.88,16230.52
1999-05-28,16287.02,16330.77,16012.19,16177.19
1999-06-01,15979.2,16111.65,15901.8,16111.65
1999-06-02,16090.15,16408.5,16026.95,16408.5
1999-06-03,16404.12,16458.34,16304.99,16417.99
1999-06-04,16418.92,16418.92,16127.9,16227.5
1999-06-08,16318.44,16576.51,16318.44,16475.89
1999-06-09,16497.95,16571.12,16469.84,16562.92
1999-06-10,16499.16,16713.26,16450.76,16622.5
1999-06-11,16627.8,17130.36,16627.8,17102.62
1999-06-15,17193.61,17384.9,17168.57,17188.82
1999-06-16,17216.28,17339.57,16990.55,17282
1999-06-17,17284.98,17346.23,17144.19,17210.18
1999-06-18,17268.45,17550.13,17268.45,17470.45
1999-06-22,17485.9,17747.04,17485.9,17738.85
1999-06-23,17780.74,17828.21,17662.94,17777.62
1999-06-24,17742.53,17843.53,17580.05,17586.75
1999-06-25,17590.01,17700.46,17528.9,17628.32
1999-06-29,17501.12,17688.03,17501.12,17610.58
1999-06-30,17675.84,17825.79,17649.31,17782.79
1999-07-01,17832.59,17958.34,17529.74,17529.74
1999-07-02,17607.6,17972.03,17607.6,17860.75
1999-07-06,18001.16,18243.14,18001.16,18135.06
1999-07-07,18131.76,18159.55,17960.72,18050.73
1999-07-08,18075.21,18158.38,17949.73,17958.9
1999-07-09,17999.3,18045.56,17887.18,17967.65
1999-07-13,17921.58,18274.18,17843.39,18274.18
1999-07-14,18231.83,18343.25,18172.25,18181.09
1999-07-15,18188.36,18455.6,18165.92,18357.86
1999-07-16,18402.63,18459.51,18269.52,18431.86
1999-07-20,18288.37,18532.58,18288.37,18532.58
1999-07-22,18458.58,18458.58,18182.91,18257.52
1999-07-23,18221.07,18221.07,17665.04,17730.34
1999-07-27,17568.32,17663.22,17491.34,17491.34
1999-07-28,17484.36,17613.24,17367.08,17462.72
1999-07-29,17508.66,17729.68,17508.66,17579.91
1999-07-30,17633.34,17957.37,17633.34,17869.92
1999-08-03,17827.24,17909.89,17726.05,17825.7
1999-08-04,17824.68,17969.93,17597.74,17969.93
1999-08-05,17913.62,17913.62,17631.81,17685.38
1999-08-06,17638.93,17638.93,17210.04,17358.19
1999-08-10,17105.93,17313.97,17095.5,17190.45
1999-08-11,17188.87,17203.39,17040.72,17202.09
1999-08-12,17185.7,17361.82,17097.41,17211.16
1999-08-13,17280.79,17476.68,17280.79,17422.97
1999-08-17,17499.12,17937.21,17499.12,17826.03
1999-08-18,17842.97,17916.08,17766.69,17860.09
1999-08-19,17873.31,18082.47,17827.89,17892.26
1999-08-20,17843.11,17923.3,17665.97,17879.74
1999-08-24,18133.2,18384.86,18133.2,18233.55
1999-08-25,18266.22,18397.93,18095.41,18095.41
1999-08-26,18099.23,18164.99,17795.08,17855.16
1999-08-27,17863.91,17995.49,17666.29,17666.29
1999-08-31,17642.05,17925.07,17642.05,17918.97
1999-09-01,17886.2,17886.2,17425.49,17436.56
1999-09-02,17479.57,17819.6,17479.57,17802.48
1999-09-03,17795.4,17800.8,17630.32,17631.25
1999-09-07,17664.06,17839.71,17664.06,17756.51
1999-09-08,17777.92,17858.13,17651.94,17707.5
1999-09-09,17710.02,17710.02,17509.73,17641.38
1999-09-10,17707.09,17859.71,17677.28,17677.56
1999-09-14,17735.6,17988.59,17735.6,17909.29
1999-09-15,17880.99,17880.99,17610.31,17777.22
1999-09-17,17703.97,17703.97,17058.13,17291.59
1999-09-21,17418.23,17662.82,17418.23,17575.26
1999-09-22,17585.78,17932.79,17558.74,17932.79
1999-09-23,17842.87,17842.87,17248.92,17325.76
1999-09-28,16888.02,17039.42,16820.93,16821.06
1999-09-29,16892.46,17388.7,16892.46,17325.7
1999-09-30,17313.32,17313.32,17071.02,17282.28
1999-10-01,17307.22,17771.21,17307.22,17605.46
1999-10-05,17747.56,17888.86,17675.28,17763.71
1999-10-06,17819,17985.47,17775.95,17784.15
1999-10-07,17822.64,17926.13,17734.3,17896.42
1999-10-08,17985.96,18228.39,17985.96,18136.55
1999-10-13,18098.2,18221.69,18084.49,18090.81
1999-10-14,18030.4,18030.91,17754.49,17754.49
1999-10-15,17765.75,17941.51,17702.24,17780.26
1999-10-19,17568.92,17568.92,17194.03,17275.33
1999-10-20,17325.04,17377.28,17178.47,17254.17
1999-10-21,17297.66,17560.25,17297.66,17534.71
1999-10-22,17543.83,17605.41,17325.77,17448.27
1999-10-26,17494.93,17787.73,17494.93,17648.79
1999-10-27,17656.43,17751.83,17578.73,17671.79
1999-10-28,17655.78,17655.78,17360.83,17382.36
1999-10-29,17403.27,17525.88,17403.27,17413.71
1999-11-02,17982.39,18119.94,17952.96,17996.92
1999-11-03,17976.91,18058.42,17857.11,17991.96
1999-11-05,18067.36,18377.73,18067.36,18348.13
1999-11-09,18381.24,18481.52,18179.78,18240.98
1999-11-10,18259.41,18498.05,18259.41,18292.16
1999-11-11,18258.37,18622.78,18214.79,18567.87
1999-11-12,18551.86,18659.55,18310.26,18327.28
1999-11-16,18295.5,18519.52,18198.09,18198.09
1999-11-17,18214.89,18289.41,18090.92,18155.14
1999-11-18,18218.72,18509.7,18071.25,18274.82
1999-11-19,18299.95,18686.87,18292.3,18532.81
1999-11-23,18607.05,18848.73,18607.05,18822.12
1999-11-25,18796.02,19036.08,18664.02,18896.21
1999-11-26,18914.64,19020.9,18649.31,18721.78
1999-11-30,18883.41,18909.89,18722.89,18850.27
1999-12-01,18853.44,18864.86,18477.72,18558.23
1999-12-02,18563.26,18718.92,18465.82,18495.95
1999-12-03,18535.88,18684.2,18339.85,18514.41
1999-12-07,18380.7,18664.49,18380.7,18507.2
1999-12-08,18512.98,18657.44,18466.4,18593.96
1999-12-09,18556.63,18604.91,18383.89,18401.2
1999-12-10,18405.76,18405.76,18081.78,18260.72
1999-12-14,18284.98,18284.98,18150.71,18205.08
1999-12-15,18204.52,18210.18,18039.61,18165.55
1999-12-16,18145.35,18302.83,18030.72,18138.36
1999-12-17,18126.54,18187.5,18006.32,18111.31
1999-12-21,18137.94,18272.25,18060.35,18175.49
1999-12-22,18166.28,18168.1,18024.64,18080.38
1999-12-23,18164.34,18461.93,18164.34,18461.93
1999-12-28,18596.49,18666.62,18472.6,18546.9
1999-12-29,18545.41,18816.7,18480.79,18783.52
1999-12-30,18777.85,18886.04,18729.08,18810.58
1999-12-31,18793.55,18960.33,18722.51,18934.34
2000-01-05,18937.45,19187.61,18937.45,19002.86
2000-01-06,19003.51,19003.51,18221.82,18542.55
2000-01-07,18574.01,18582.74,18168.27,18168.27
2000-01-12,18246.1,18887.56,18246.1,18850.92
2000-01-13,18780.17,18811.87,18626.92,18677.42
2000-01-14,18667.18,18845.03,18667.18,18833.29
2000-01-18,19025.62,19442.58,19025.62,19437.23
2000-01-19,19412.47,19412.47,19145.17,19196.57
2000-01-20,19181.87,19181.87,18897.75,18897.75
2000-01-21,18930.26,19167.03,18921.11,19008.01
2000-01-25,18878.46,19124.57,18877.13,19056.71
2000-01-26,19004.39,19131.19,18815.37,18895.53
2000-01-27,18982.84,19145.9,18982.84,19111.19
2000-01-28,19125.62,19238.08,18971.68,19209.72
2000-02-01,19375.11,19539.7,19224.47,19539.7
2000-02-02,19536.68,19553.68,19266.96,19423.38
2000-02-03,19522.33,19860.26,19522.33,19578.91
2000-02-04,19648.35,19878.83,19648.35,19786.42
2000-02-08,19832.76,19948.6,19780.56,19945.43
2000-02-09,19955.3,19983.44,19834.81,19868.88
2000-02-10,19930.41,20046.14,19925.64,20007.77
2000-02-11,19915.53,19915.56,19710.02,19710.02
2000-02-15,19698.57,19748.42,19556.46,19556.46
2000-02-16,19587.82,19689.16,19331.05,19367.83
2000-02-17,19418.56,19612.6,19300.14,19599.18
2000-02-18,19646.37,19803.69,19518.08,19791.4
2000-02-22,19736.15,19763.51,19543.75,19543.75
2000-02-23,19553.62,19712.37,19353.4,19390.58
2000-02-24,19439.17,19527.79,19373.04,19519.55
2000-02-25,19616.26,19698.95,19558.04,19571.44
2000-02-29,19783.44,19904.86,19713.86,19720.1
2000-03-01,19761.52,19978.75,19747.02,19959.52
2000-03-02,20030.08,20165.51,20007.64,20081.67
2000-03-03,20097.59,20202.96,19903.29,20065.11
2000-03-07,20041.48,20160.03,19742.58,19796.35
2000-03-08,19802.54,19944.24,19704.23,19944.24
2000-03-09,19856.37,19856.37,19692.04,19766.8
2000-03-10,19751.72,19885.54,19614.82,19662.33
2000-03-14,19731.5,19760.35,19060.08,19189.93
2000-03-15,19139.57,19335.22,18956.25,19141.84
2000-03-16,19120.06,19120.06,18765.88,19078.6
2000-03-17,19095.63,19313.18,18892.26,19253.23
2000-03-22,19598.53,19602.36,19455.11,19602.36
2000-03-23,19612.23,19734.43,19602.88,19733.59
2000-03-24,19749.51,19762.3,19568.77,19704.6
2000-03-28,19976.14,20295.69,19880.11,20281.03
2000-03-29,20273.68,20388.18,20014.08,20374.34
2000-03-30,20406.56,20809.18,20406.56,20706.65
2000-03-31,20706.45,20809.79,20439.44,20441.5
2000-04-04,20327.79,20726.99,20271.92,20726.99
2000-04-05,20747.82,20747.82,20536.33,20594.93
2000-04-06,20546.6,20654.63,20311.79,20462.77
2000-04-07,20476.23,20556.97,20171.62,20223.61
2000-04-11,20368.81,20640.11,20368.81,20619.06
2000-04-12,20544.4,20656.87,20516.94,20522.52
2000-04-13,20475.96,20833.21,20436.74,20833.21
2000-04-14,20736.4,20736.4,20385.16,20526.42
2000-04-18,20341.5,20341.5,18603.87,19008.64
2000-04-19,19089,19330.4,18547.38,18969.52
2000-04-20,18998.06,19192.63,18794.48,19086.62
2000-04-21,19041.53,19382.44,18959.32,18959.32
2000-04-25,18247.48,18987.34,18247.48,18480.15
2000-04-26,18433.3,18630.3,18176.83,18272.33
2000-04-27,18326.9,18439.18,17948.36,18134.31
2000-04-28,18122.7,18245.44,18012.41,18019.17
2000-05-02,17979.25,18403.08,17979.25,18403.08
2000-05-03,18497.52,18586.16,18428.92,18439.36
2000-05-09,18465.71,18475.45,18189.8,18199.96
2000-05-10,18152.37,18152.37,17804.04,17844.54
2000-05-11,17799.21,17803.44,17393.59,17701.47
2000-05-12,17605.65,17605.65,16779.42,16882.46
2000-05-16,17396.45,17396.45,17192.71,17313.69
2000-05-17,17342.84,17558.51,17283.52,17551.25
2000-05-18,17588.81,17691.39,17348.88,17404.03
2000-05-19,17365.09,17365.09,16971.82,17031.63
2000-05-23,16802.66,16802.66,16174.4,16386.01
2000-05-24,16345.26,16493.7,16169.93,16318.73
2000-05-25,16237.88,16261.33,15876.34,16044.44
2000-05-26,16090.36,16374.06,16090.36,16247.82
2000-05-30,16028.76,16245.44,16028.76,16245.44
2000-05-31,16275.96,16485.54,16210.04,16228.9
2000-06-01,16274.14,16538.67,16224.06,16332.45
2000-06-02,16320.08,16694.3,16320.08,16694.3
2000-06-06,16842.04,17261.87,16842.04,17201.79
2000-06-07,17163.39,17207.15,17064.92,17170.08
2000-06-08,17134.14,17206.98,17019.25,17144.96
2000-06-09,17177.45,17250.83,16979.3,17004.34
2000-06-13,16876.68,17018.64,16791.87,16980.61
2000-06-14,16950.93,16950.93,16768.86,16914.95
2000-06-15,16920.21,16920.21,16477.98,16654.42
2000-06-16,16635.24,16635.24,16334.96,16338.7
2000-06-20,16382.11,16627.54,16359.96,16591.35
2000-06-21,16645.99,16907.55,16645.99,16907.55
2000-06-22,16922.25,17212.38,16854.21,17210.08
2000-06-23,17228.85,17364.26,17092.44,17106.01
2000-06-27,16927.27,16975.07,16761.59,16925.4
2000-06-28,16969.48,17285.47,16969.48,17279.06
2000-06-29,17289.31,17421.07,17230.04,17370.17
2000-06-30,17448.35,17511.32,17383.01,17475.9
2000-07-04,17451.65,17636.67,17451.65,17614.66
2000-07-05,17655.57,17661.11,17434.07,17470.15
2000-07-06,17473.76,17576.28,17364.7,17435.95
2000-07-07,17402.71,17402.71,17154.58,17282.37
2000-07-11,17421.56,17594.66,17421.56,17572.68
2000-07-12,17567.5,17573.69,17436.58,17504.36
2000-07-13,17519.04,17541.98,17210.18,17342.13
2000-07-14,17348.34,17348.34,17009.65,17036.9
2000-07-18,17188.98,17476.86,17150.17,17286.83
2000-07-19,17261.08,17349.59,16834.02,16945.07
2000-07-20,16905.34,17015.47,16703.01,16983.57
2000-07-25,16767.2,16767.2,16370.5,16547.12
2000-07-26,16506.15,16573.59,16341.52,16573.59
2000-07-27,16553.57,16563.71,16400.22,16502.61
2000-07-28,16457.7,16457.7,16027.34,16182.01
2000-08-01,15821.31,15854.66,15394.71,15727.49
2000-08-02,15784.6,16099.67,15773.72,16099.67
2000-08-03,16118.8,16211.55,16054.66,16206.19
2000-08-04,16185.72,16185.72,15725.98,15814.44
2000-08-08,15666.81,16039.4,15666.81,16002.71
2000-08-09,16044.81,16073.2,15755.22,15820.11
2000-08-10,15873.42,16034.6,15778.86,16034.6
2000-08-11,16050.87,16053.61,15946.6,15975.65
2000-08-15,16109.95,16227.35,16055.07,16153.91
2000-08-16,16181.5,16309.5,16131.48,16298.29
2000-08-17,16300.49,16409.13,16249.94,16356.03
2000-08-18,16356.14,16356.14,16079.74,16161.03
2000-08-22,16249.94,16257.34,15945.92,16040.18
2000-08-23,16075.52,16454.74,15985.2,16454.74
2000-08-24,16446.47,16544.8,16351.42,16436.65
2000-08-25,16433.36,16778.02,16433.36,16670.82
2000-08-29,16895.55,17209.16,16840.51,17181.12
2000-08-30,17165.91,17210.8,17004.01,17141.75
2000-08-31,17131.36,17131.36,16895.36,16901.67
2000-09-01,16918.03,17056.54,16769.49,16861.26
2000-09-05,16764.33,16883.31,16661.48,16688.21
2000-09-06,16677.79,16712.33,16401.28,16452.27
2000-09-07,16433.85,16531.81,16364.95,16399.87
2000-09-08,16394.39,16397.1,16243.18,16300.46
2000-09-12,16467.69,16477.53,16089,16130.9
2000-09-13,16111.97,16133.19,15885.32,16040.23
2000-09-14,16080.57,16306.4,16080.57,16190.52
2000-09-15,16208.33,16311.04,16144.11,16213.28
2000-09-19,16174.92,16174.92,15965.71,16061.16
2000-09-20,16013.33,16124.19,15774.72,16124.19
2000-09-21,16146.04,16523.27,16146.04,16458.31
2000-09-22,16422.49,16460.49,16290.79,16311.05
2000-09-26,15850.56,16144.19,15850.56,15992.9
2000-09-27,15992.86,16038.07,15905.37,15928.62
2000-09-28,15907.19,15907.19,15621.88,15639.95
2000-09-29,15642.84,15888.35,15625.87,15626.96
2000-10-03,15735.71,15902.51,15514.04,15902.51
2000-10-04,15905.25,15956.45,15779.54,15912.09
2000-10-05,15906.18,16153.67,15808.66,16149.08
2000-10-06,16157.2,16192.78,16052.12,16099.26
2000-10-11,15958.12,15958.12,15792.36,15827.72
2000-10-12,15795.15,15795.15,15424.71,15513.57
2000-10-13,15491.8,15580.32,15392.74,15550.64
2000-10-17,15366.81,15688.17,15366.81,15512.32
2000-10-18,15526.99,15545.06,15340.22,15340.22
2000-10-19,15324.35,15324.35,14832.97,14872.48
2000-10-20,14901.11,15027.13,14707.88,14811.08
2000-10-24,15197.93,15224.81,15035.24,15097.96
2000-10-25,15100.08,15229.46,15066.6,15148.19
2000-10-26,15108.46,15108.46,14840.47,14840.47
2000-10-27,14787.38,14858.43,14577.2,14858.43
2000-10-31,14607.02,14715.66,14425.22,14464.56
2000-11-01,14475.98,14566.05,14333.16,14539.6
2000-11-02,14557.45,14888.03,14557.45,14872.39
2000-11-03,14857.36,14961.69,14767.96,14837.78
2000-11-07,14904.29,15371.44,14887.36,15371.44
2000-11-08,15356.94,15422.15,15259.78,15340.33
2000-11-09,15256.16,15602.39,15219.11,15399.64
2000-11-10,15270.16,15270.16,14997.91,15060.05
2000-11-14,14824.71,14824.71,14461.16,14664.64
2000-11-15,14680.54,14685.02,14549.73,14660.04
2000-11-16,14812.39,14958.33,14769.26,14799.14
2000-11-17,14852.24,14857.48,14551.66,14587.03
2000-11-21,14510.39,14577.73,14450.63,14531.65
2000-11-22,14413.13,14414.59,14211.03,14408.46
2000-11-23,14420.04,14464,14172.64,14301.31
2000-11-28,14422.25,14746.88,14412.43,14720.39
2000-11-29,14664.88,14788.41,14573.27,14658.87
2000-11-30,14606.36,14606.36,14438.56,14507.64
2000-12-01,14449.74,14683.5,14385.16,14648.51
2000-12-05,14922.67,15067.19,14899.09,14954.73
2000-12-06,15068.97,15068.97,14695.05,14695.05
2000-12-07,14842.95,15109.64,14842.95,14889.37
2000-12-08,14825.62,14834.42,14720.36,14720.36
2000-12-12,14775.93,15051.34,14775.93,15015.7
2000-12-13,15097.29,15270.89,15071.7,15114.64
2000-12-14,15086.25,15273.4,14989.85,15168.68
2000-12-15,15097,15117.69,14883.35,14927.19
2000-12-19,14462.35,14566.21,14384.6,14483.9
2000-12-20,14461.64,14461.64,14132.37,14132.37
2000-12-21,14052.62,14082.64,13801.98,13914.43
2000-12-22,13768.03,13780.71,13182.51,13423.21
2000-12-26,13597.57,13931.61,13597.57,13931.61
2000-12-27,13878.52,14019.73,13794.43,14007.85
2000-12-28,13935.26,13981.49,13797.74,13981.49
2000-12-29,13966.95,13990.27,13866.18,13946.96
2001-01-05,13898.09,13990.57,13667.68,13691.49
2001-01-10,13732.85,13732.85,13460.82,13610.51
2001-01-11,13593.16,13593.16,13349.15,13432.65
2001-01-12,13433.09,13436.61,13123.81,13201.07
2001-01-16,13450.28,13573.55,13441.52,13506.23
2001-01-17,13561.73,13598.2,13442.09,13584.45
2001-01-18,13593.83,13688.9,13476.55,13667.63
2001-01-19,13734.79,13931.91,13723.21,13873.92
2001-01-23,14010.07,14039.4,13841.03,14032.42
2001-01-24,13966.64,14060.23,13913.1,13984.66
2001-01-25,14020.61,14034.11,13857.83,13893.58
2001-01-26,13879.83,13879.83,13730.17,13803.38
2001-01-30,13724.26,13908.4,13721.86,13845.28
2001-01-31,13885.27,13910.71,13713.55,13826.65
2001-02-01,13855.74,13855.74,13726.51,13843.55
2001-02-02,13740.92,13779.55,13667.93,13779.55
2001-02-06,13588.64,13588.64,13367.91,13385.52
2001-02-07,13316.25,13379.44,13240.37,13269.85
2001-02-08,13273.93,13373.78,13268.61,13366.01
2001-02-09,13336.34,13336.34,12966.83,13138.23
2001-02-14,13431.72,13461.11,13247.95,13274.7
2001-02-15,13179.27,13405.52,13119.34,13284.06
2001-02-16,13273.91,13416.55,13273.67,13327.39
2001-02-20,13060.2,13137.1,12950.74,13119.59
2001-02-21,13092.36,13248.36,13073.24,13248.36
2001-02-22,13181.5,13185.23,13084.55,13100.08
2001-02-23,13041.72,13125.34,12861.33,13073.36
2001-02-27,13255.29,13315.86,13170.99,13201.14
2001-02-28,13232.86,13262.22,13041.33,13059.86
2001-03-01,12987.5,13040.31,12784.17,12883.54
2001-03-02,12811.52,12844.35,12528.5,12681.66
2001-03-06,12285.46,12389.09,12133.9,12322.16
2001-03-07,12402.89,12687.74,12351.14,12687.74
2001-03-08,12748.56,12824.19,12539.75,12723.89
2001-03-09,12694.22,12756.97,12584.1,12650.56
2001-03-13,12509.67,12509.67,12171.37,12171.37
2001-03-14,12044.78,12044.78,11710.33,11819.7
2001-03-15,11912.61,12004.38,11793.27,11843.59
2001-03-16,11685.64,12152.83,11433.88,12152.83
2001-03-20,12183.98,12544.68,12143.67,12190.97
2001-03-22,12184.32,13103.94,12100.97,13103.94
2001-03-23,12982.53,13237.33,12853.97,12853.97
2001-03-27,13309.72,13862.31,13296.98,13862.31
2001-03-28,13766.9,13829.47,13536.53,13638.33
2001-03-29,13726.48,13867.58,13567.71,13765.51
2001-03-30,13620.07,13620.07,13072.36,13072.36
2001-04-03,13057.65,13089.47,12781.34,12937.86
2001-04-04,12970.67,13357.96,12970.67,13124.47
2001-04-05,13043.18,13242.78,12874.76,13242.78
2001-04-06,13344.2,13555.46,13323.16,13381.38
2001-04-10,13304.36,13304.36,12841.76,12841.76
2001-04-11,12847.89,12893.85,12579.56,12620.27
2001-04-12,12784.64,13208.65,12724.47,13174.93
2001-04-13,13205.06,13452.6,13126.21,13352.44
2001-04-17,13338.92,13451.02,13217.64,13254.89
2001-04-18,13179.33,13203.61,13019.6,13067.09
2001-04-19,13170.09,13705.86,13170.09,13641.79
2001-04-20,13789.47,14099.49,13789.47,13868.28
2001-04-24,13837.19,14051.97,13639.11,13715.6
2001-04-25,13628.1,13762.95,13403.27,13743.18
2001-04-26,13799.29,13920.67,13769.58,13827.5
2001-04-27,13968.93,14084.55,13957.63,13973.03
2001-05-02,14096.32,14425.46,14096.32,14425.46
2001-05-03,14441.39,14444.84,14296.54,14421.64
2001-05-08,14384.14,14556.11,14184.85,14529.41
2001-05-09,14420.17,14420.17,14227.37,14289.05
2001-05-10,14235.3,14235.3,13957.81,14084.85
2001-05-11,14035.5,14197.09,14015.7,14017.79
2001-05-15,14041.79,14041.79,13828.7,13873.02
2001-05-16,13829.3,14103.06,13806.05,14054.03
2001-05-17,14050.63,14050.63,13694.27,13694.27
2001-05-18,13845.49,13975.12,13725.25,13910.67
2001-05-22,13938.78,14214.21,13938.78,14176.83
2001-05-23,14271.7,14345.42,14091.19,14091.19
2001-05-24,14012.19,14205.09,13990.32,14067.7
2001-05-25,13914.32,13941.44,13801.46,13895.79
2001-05-29,13732.1,13820.42,13701.83,13737.77
2001-05-30,13697.61,13836.4,13697.61,13773.89
2001-05-31,13680.77,13680.77,13468.73,13493.35
2001-06-01,13394.75,13419.94,13216.57,13262.14
2001-06-05,13294.21,13312.35,13213.65,13312.35
2001-06-06,13232.52,13256.4,12984.07,13182
2001-06-07,13289.59,13313.14,13127.62,13174.84
2001-06-08,13122.58,13300.5,13050.17,13277.51
2001-06-12,13413.1,13447.39,13224.99,13226.48
2001-06-13,13111.64,13164.19,12840.1,12840.1
2001-06-14,12883.51,12970.12,12803.42,12823.45
2001-06-15,12826.18,12935.07,12804.03,12846.66
2001-06-19,12766.38,12787.23,12656.58,12697.79
2001-06-20,12734.13,12912.92,12511.66,12574.26
2001-06-21,12575.35,12762.09,12512.13,12674.64
2001-06-22,12776.76,13005.46,12727.55,12962.43
2001-06-26,13052.96,13073.49,12823.45,12896.47
2001-06-27,12856.15,13026.8,12837.8,12978.82
2001-06-28,12936.52,12987.85,12828.98,12828.98
2001-06-29,12853.65,12876.56,12567.26,12679.88
2001-07-03,12929.66,12929.66,12629.51,12751.18
2001-07-04,12855.5,12922.15,12747.05,12817.41
2001-07-05,12801.46,12801.46,12584.99,12629.02
2001-07-06,12563.44,12676.83,12515.51,12607.3
2001-07-10,12191.31,12239.68,12029.2,12239.68
2001-07-11,12247.94,12382.29,12143.94,12300.41
2001-07-12,12178.25,12178.25,12005.11,12005.11
2001-07-13,12133.05,12407.95,12133.05,12407.95
2001-07-17,12408.39,12408.39,12263.45,12343.37
2001-07-18,12215.47,12224.71,12102.94,12128.57
2001-07-19,12121.41,12135.31,11847.73,11892.58
2001-07-20,11898.11,11980.25,11863.12,11908.39
2001-07-24,11902.23,11902.23,11531.68,11609.63
2001-07-25,11608.86,11883.25,11562.38,11883.25
2001-07-26,11823.1,12054.3,11760.97,11891.61
2001-07-27,11914.34,11962.73,11822.77,11858.56
2001-07-31,11846,11868.14,11539.16,11579.27
2001-08-01,11656.65,11877.84,11656.65,11860.77
2001-08-02,11920.64,11972.25,11817.76,11959.33
2001-08-03,12072.11,12407.37,12060.5,12399.2
2001-08-07,12170.11,12327.23,12095.11,12243.9
2001-08-08,12154.72,12388.61,12079.55,12319.46
2001-08-09,12265.24,12293.39,12129.37,12163.67
2001-08-10,12036.99,12043.05,11754.56,11754.56
2001-08-14,11697.12,11697.12,11417.7,11477.56
2001-08-15,11587.04,11936.75,11587.04,11917.95
2001-08-16,11812,11823.92,11648.86,11755.4
2001-08-17,11645.3,11645.3,11450.77,11515.02
2001-08-21,11347.24,11358.09,11239.45,11257.94
2001-08-22,11317.13,11370.61,11159.27,11280.38
2001-08-23,11220.25,11504.06,11202.67,11396.43
2001-08-24,11414.99,11414.99,11104.18,11126.92
2001-08-28,11273.96,11366.18,11273.96,11275.01
2001-08-29,11255.68,11267.95,11049.86,11189.4
2001-08-30,11087.15,11142.31,10973.27,10979.76
2001-08-31,10918.54,10969.06,10807.75,10938.45
2001-09-04,10729.6,10758.9,10409.68,10409.68
2001-09-05,10413.71,10772.59,10325.83,10772.59
2001-09-06,10679.53,10679.53,10452.98,10598.79
2001-09-07,10575.26,10812.89,10509.68,10650.33
2001-09-11,10395.1,10457.09,10195.69,10195.69
2001-09-12,10244.55,10344.58,10207.03,10292.95
2001-09-13,10140.42,10140.42,9600.84,9610.1
2001-09-14,9663.93,9682.63,9476.87,9613.09
2001-09-18,9881.06,9881.06,9447.76,9504.41
2001-09-19,9623.98,9945.8,9623.98,9679.88
2001-09-20,9682.52,10061.1,9681.79,9939.6
2001-09-21,9837.17,9842.16,9688.12,9785.16
2001-09-26,9637.6,9867.86,9593.07,9693.97
2001-09-27,9687.51,9697.12,9551.73,9641.7
2001-09-28,9601.07,9727.3,9585.81,9696.53
2001-10-02,9766.75,9972.28,9604.09,9972.28
2001-10-03,9937.81,10136.56,9871.94,10136.56
2001-10-04,10194.73,10221.82,9924.23,9924.23
2001-10-05,10038.61,10215.89,10038.61,10205.48
2001-10-10,10143.39,10143.39,10011.77,10011.77
2001-10-11,9995.43,10030.22,9934,9964.88
2001-10-12,10074.51,10347.01,10052.08,10347.01
2001-10-16,10545.25,10545.25,10447.99,10452.54
2001-10-17,10433.9,10694.06,10412.25,10637.82
2001-10-18,10672,10790.03,10563.52,10755.45
2001-10-19,10654.53,10668.69,10474.85,10474.85
2001-10-23,10529.23,10581.54,10516.59,10565.41
2001-10-24,10685.35,10861.56,10649.59,10861.56
2001-10-25,10811.68,10960.91,10771.63,10802.15
2001-10-26,10847.1,11052.01,10838.6,10880.1
2001-10-30,10779.19,10798.08,10612.31,10612.31
2001-10-31,10522.82,10538.79,10416.44,10512.82
2001-11-01,10443.65,10478.51,10366.34,10366.34
2001-11-02,10430.59,10498.39,10318.17,10347.28
2001-11-06,10427.35,10447.54,10345.28,10447.54
2001-11-07,10518.02,10633.72,10494.89,10633.72
2001-11-08,10607.35,10632.49,10284.98,10284.98
2001-11-09,10345.49,10431.79,10269.97,10431.79
2001-11-13,10225.59,10260.7,10081.56,10081.56
2001-11-14,10035.65,10057.74,9955.09,10030.56
2001-11-15,10120.16,10231.16,10076.59,10086.76
2001-11-16,10159.38,10489.89,10142.42,10489.89
2001-11-20,10643.33,10849.19,10618.69,10727.94
2001-11-21,10779.58,10779.58,10555.44,10575.62
2001-11-22,10530.29,10789.18,10490.6,10661.08
2001-11-23,10617.44,10702.34,10529.21,10696.82
2001-11-27,10797.12,11067.92,10797.12,11064.3
2001-11-28,11012.85,11186.75,10948.89,10948.89
2001-11-29,10862.24,10900.31,10624.81,10624.81
2001-11-30,10607.45,10668.73,10512.66,10655.96
2001-12-04,10694.65,10695.04,10370.62,10370.62
2001-12-05,10414.94,10478.47,10326.52,10452.65
2001-12-06,10549.39,10724.64,10523.22,10713.81
2001-12-07,10830.86,11052.51,10813.79,10857.28
2001-12-11,10736.12,10738.39,10571.01,10571.01
2001-12-12,10523.86,10606.92,10467.61,10473.91
2001-12-13,10490.07,10821.13,10490.07,10801.52
2001-12-14,10721.61,10731.81,10433.45,10433.45
2001-12-18,10482.4,10484.38,10302.97,10323.35
2001-12-19,10422.16,10582.07,10330.58,10432.17
2001-12-20,10393.04,10500.44,10347.18,10471.93
2001-12-21,10485.8,10501.98,10346.4,10434.52
2001-12-26,10359.22,10359.22,10178.87,10254.81
2001-12-27,10273.05,10300.63,10170.9,10192.57
2001-12-28,10213.32,10457.61,10176.31,10457.61
2002-01-08,10803.45,10979.92,10803.45,10942.36
2002-01-09,10841.97,10843.26,10662.25,10695.6
2002-01-10,10661.25,10747.6,10638.43,10663.98
2002-01-11,10652.17,10710.48,10494.35,10538.43
2002-01-16,10359.44,10359.44,10208.05,10208.05
2002-01-17,10172.16,10269.03,10096.34,10177.58
2002-01-18,10184.95,10257.45,10074.45,10128.18
2002-01-22,10252.43,10393.56,10169.8,10280.25
2002-01-23,10225.52,10280.3,10050.98,10050.98
2002-01-24,10063.92,10154.82,10040.91,10040.91
2002-01-25,10089.25,10240.39,10012.8,10074.05
2002-01-29,10190.28,10303.74,10156.19,10220.85
2002-01-30,10191.75,10191.75,10026.03,10026.03
2002-01-31,9921.73,9938.33,9843.12,9919.48
2002-02-01,9962.35,10012.15,9896.84,9997.8
2002-02-05,9808.82,9808.82,9623.99,9631.93
2002-02-06,9577.17,9683.93,9473.46,9475.6
2002-02-07,9494.62,9602.52,9420.85,9420.85
2002-02-08,9481.09,9634.79,9458.7,9583.27
2002-02-13,9816.96,9949.73,9816.96,9877.99
2002-02-14,9901.89,10039.25,9865.75,9968.35
2002-02-15,10014.18,10235.38,10014.18,10081.09
2002-02-19,10021.55,10119.21,9980.89,10093.25
2002-02-20,10113.69,10129.34,9847.16,9847.16
2002-02-21,9783.16,9901.24,9773.95,9834.13
2002-02-22,9913.85,10295.42,9895.45,10295.42
2002-02-26,10394.73,10446.28,10289.83,10296.47
2002-02-27,10405.46,10458.87,10183.52,10202.63
2002-02-28,10268.87,10573.09,10268.87,10573.09
2002-03-01,10634.93,10798.67,10587.83,10587.83
2002-03-05,10942.5,11450.22,10941.36,11450.22
2002-03-06,11529.21,11602.75,11348.45,11348.45
2002-03-07,11375.87,11648.38,11358.53,11358.53
2002-03-08,11473.63,11690.36,11472.88,11648.34
2002-03-12,11941.92,12034.04,11772.86,11919.3
2002-03-13,11863.71,11912.29,11607.33,11607.33
2002-03-14,11548.24,11774.18,11415.31,11415.31
2002-03-15,11471.83,11568.82,11347.25,11568.82
2002-03-19,11745.81,11789.46,11477.68,11498.38
2002-03-20,11597.86,11792.82,11597.86,11792.82
2002-03-21,11833.97,11833.97,11503.79,11526.78
2002-03-26,11339.06,11378.78,11166.92,11261.09
2002-03-27,11214.25,11524.23,11165,11207.92
2002-03-28,11251.7,11421.01,11190.39,11323.68
2002-03-29,11313.56,11348.22,11240.99,11333.11
2002-04-02,11106.07,11148.5,11007.63,11028.7
2002-04-03,11142.83,11217.24,11049.85,11204.49
2002-04-04,11103.72,11476.94,11042.25,11400.71
2002-04-05,11430.25,11537.13,11336.2,11379.2
2002-04-09,11321.28,11430.03,11265.18,11352.89
2002-04-10,11337.49,11363.2,11113.08,11114.49
2002-04-11,11089.13,11293.17,11052.7,11218.58
2002-04-12,11291.38,11320.67,11147.27,11147.27
2002-04-16,11013.67,11138.7,10941.81,11137.3
2002-04-17,11160.91,11346.66,11141.27,11346.66
2002-04-18,11422.75,11544.83,11403.79,11543.71
2002-04-19,11499.78,11635.98,11485.09,11575.73
2002-04-23,11555.08,11765.05,11555.08,11721.64
2002-04-24,11633.18,11812.99,11576.71,11736.83
2002-04-25,11749.32,11808.25,11663.71,11672.88
2002-04-26,11691.73,11708.01,11583.07,11648.72
2002-05-01,11532.57,11548.78,11440.66,11492.54
2002-05-02,11540.09,11591.49,11528.29,11552.79
2002-05-03,11609.69,11609.69,11518.57,11551.01
2002-05-08,11500.13,11508.58,11250.86,11316.04
2002-05-09,11356.54,11581.41,11356.54,11520.75
2002-05-10,11633.8,11727.52,11620.52,11633.3
2002-05-14,11473.93,11473.93,11309.48,11336.95
2002-05-15,11451.6,11507.66,11336.81,11356.19
2002-05-16,11486.06,11693.91,11486.06,11642.97
2002-05-17,11671.42,11747.35,11579.12,11738.69
2002-05-21,11887.8,11942.91,11836.22,11856.54
2002-05-22,11803.74,11824.73,11765.21,11801.16
2002-05-23,11767.57,11963.23,11767,11961.98
2002-05-24,12001.28,12019.86,11936.87,11979.85
2002-05-28,11975.33,12081.43,11952.68,11976.35
2002-05-29,11941.97,11950.28,11889.56,11936.08
2002-05-30,11837.27,11887.73,11796.59,11853
2002-05-31,11804.46,11812.59,11680.58,11770.03
2002-06-04,11804.04,11905.16,11796.45,11901.39
2002-06-05,11854.51,11874.3,11624.39,11653.07
2002-06-06,11703.82,11769.4,11654.12,11663.87
2002-06-07,11700.13,11743.89,11540.32,11574.94
2002-06-11,11470.92,11522.04,11370.21,11370.21
2002-06-12,11390.41,11514.53,11390.41,11449.44
2002-06-13,11392.32,11405.29,11261.93,11327.06
2002-06-14,11366.06,11396.28,11132.59,11144.84
2002-06-18,10858.05,10888.04,10577.89,10664.11
2002-06-19,10799.43,10884.26,10747.68,10839.93
2002-06-20,10757.03,10771.6,10448.7,10476.18
2002-06-21,10467.22,10629.44,10325.55,10612.98
2002-06-25,10255.99,10490.87,10169.07,10471.32
2002-06-26,10463.97,10580.49,10404.22,10496.67
2002-06-27,10376.29,10376.29,10060.72,10074.56
2002-06-28,10182.12,10335.97,10176.18,10261.6
2002-07-02,10655,10677.1,10541.22,10595.44
2002-07-03,10516.66,10622.32,10371.26,10622.32
2002-07-04,10521.64,10862.69,10495.67,10812.3
2002-07-05,10752.34,10791.22,10625.92,10632.81
2002-07-09,10969.21,11050.69,10760.1,10769.2
2002-07-10,10836.19,10960.25,10770.99,10960.25
2002-07-11,10865.93,10975.72,10752.66,10752.66
2002-07-12,10647.59,10647.59,10457.07,10485.74
2002-07-16,10548.21,10548.21,10373.29,10375.15
2002-07-17,10313.21,10503.04,10250.42,10250.42
2002-07-18,10256.39,10328.01,10113.61,10296.02
2002-07-19,10366.95,10513.99,10340.31,10498.26
2002-07-23,10076.3,10295.71,9982.24,10189.01
2002-07-24,10102.46,10268.05,10003.81,10215.63
2002-07-25,10134.88,10142.9,9901.09,9947.72
2002-07-26,10079.98,10166.68,9911.13,9929.91
2002-07-30,9654.13,9852.8,9636.69,9666.67
2002-07-31,9801.09,10013.99,9791.45,10003.72
2002-08-01,9964.75,9965.02,9831.59,9877.94
2002-08-02,9912.59,9912.59,9738.23,9793.51
2002-08-06,9637.31,9775.93,9636.92,9704.93
2002-08-07,9622.52,9623.16,9439.41,9501.02
2002-08-08,9637.24,9875.33,9636.54,9834.4
2002-08-09,9844.7,9941.01,9740.43,9799.57
2002-08-13,9931.82,9931.82,9747.82,9747.82
2002-08-14,9671.33,9795.95,9644.14,9688.61
2002-08-15,9642.03,9681.84,9618.87,9638.41
2002-08-16,9740.2,9851.68,9740.2,9795.57
2002-08-20,9773.38,9773.38,9499.51,9599.1
2002-08-21,9696.43,9743.1,9585.67,9620.69
2002-08-22,9540.71,9706.69,9523.86,9642.61
2002-08-23,9650.54,9851.89,9551.14,9814.02
2002-08-27,9811.84,10162.3,9797.04,10067.74
2002-08-28,10001.44,10067.25,9899.24,9907.3
2002-08-29,9921.08,9953.4,9745.31,9766.73
2002-08-30,9681.41,9697.55,9558.68,9620.14
2002-09-03,9564.9,9565.08,9487.89,9521.63
2002-09-04,9449.2,9472.56,9217.04,9217.04
2002-09-05,9122.7,9159.06,8995.2,9075.09
2002-09-06,9147.66,9290.4,9075.7,9222.12
2002-09-10,9221.5,9353.44,9221.5,9306.26
2002-09-11,9354.89,9455.85,9274.46,9309.31
2002-09-12,9384.18,9432.44,9353.18,9400.08
2002-09-13,9359.13,9440.54,9251.46,9415.23
2002-09-18,9349.38,9577.42,9349.38,9543.94
2002-09-19,9431.88,9521.58,9257.86,9472.06
2002-09-20,9606.78,9884.6,9606.78,9669.62
2002-09-25,9396.42,9396.42,9188.29,9321.64
2002-09-26,9212.63,9349.24,9106.45,9165.41
2002-09-27,9264.97,9386.96,9264.97,9320.92
2002-10-01,9421.25,9470.71,9315.25,9383.29
2002-10-02,9289.53,9289.53,9143.28,9162.26
2002-10-03,9252.29,9293.86,9049.33,9049.33
2002-10-04,9057.98,9087.96,8927.57,8936.43
2002-10-08,8920.74,8920.74,8650.36,8688
2002-10-09,8712.22,8798.94,8674.48,8708.9
2002-10-10,8649.06,8651.66,8498.46,8539.34
2002-10-11,8468.03,8487.59,8197.22,8439.62
2002-10-16,8641.66,8871.44,8641.66,8836.73
2002-10-17,8934.07,8974.79,8826.42,8884.87
2002-10-18,8894.13,9038.43,8894.13,8959.88
2002-10-22,9108.51,9116.52,8948.33,8978.41
2002-10-23,8969.51,8969.51,8689.39,8689.39
2002-10-24,8623.87,8758.67,8499.49,8714.52
2002-10-25,8724.7,8735.62,8549.48,8614.3
2002-10-29,8680.06,8757.51,8557.93,8757.51
2002-10-30,8715.74,8785.44,8678.25,8708.76
2002-10-31,8631.41,8842.78,8615.3,8756.59
2002-11-01,8830.71,8830.71,8576.7,8640.48
2002-11-06,8790.66,8995.51,8790.57,8937.56
2002-11-07,8955.83,9100.68,8914.09,8953.29
2002-11-08,8911.67,8955.7,8854.44,8920.44
2002-11-12,8619.74,8619.74,8430.5,8460.37
2002-11-13,8402.56,8526.88,8380.46,8464.77
2002-11-14,8505.93,8505.93,8389.36,8438.52
2002-11-15,8428.59,8501.36,8303.39,8303.39
2002-11-19,8477.66,8479.78,8292.35,8346.01
2002-11-20,8329.63,8413.59,8246.53,8365.26
2002-11-21,8383.56,8533.01,8355.41,8459.62
2002-11-22,8537.97,8683.3,8530.93,8668.06
2002-11-26,8818.4,8956.48,8751.62,8944.44
2002-11-27,8943.57,8983.24,8749.88,8823.99
2002-11-28,8761.17,8927.04,8761.17,8875.88
2002-11-29,8968.49,9185.68,8967.64,9176.78
2002-12-03,9208.61,9251.82,9112.46,9174.47
2002-12-04,9244.17,9320.11,9183.58,9205.11
2002-12-05,9126.63,9126.63,8960.62,9006.73
2002-12-06,8968.63,9035.42,8907.35,8917.57
2002-12-10,8836.68,8942.21,8798.56,8828.05
2002-12-11,8756.1,8869.26,8753.5,8804.52
2002-12-12,8855.87,8876.03,8725.32,8727.66
2002-12-13,8742.63,8754.81,8682.98,8708.69
2002-12-17,8499.09,8570.43,8416.2,8450.94
2002-12-18,8525.15,8583.68,8487.2,8510.73
2002-12-19,8468.43,8489.53,8310.42,8344.01
2002-12-20,8312.3,8411.76,8256.52,8387.57
2002-12-25,8434.26,8556.58,8389.49,8512.37
2002-12-26,8502.11,8527.73,8455.63,8501.14
2002-12-27,8575.58,8706.48,8572.72,8700.1
2002-12-31,8617.65,8617.65,8543.7,8578.95
2003-01-07,8669.89,8761.78,8669.89,8713.33
2003-01-08,8810.74,8829.06,8654.52,8656.5
2003-01-09,8614.41,8614.41,8491.49,8517.8
2003-01-10,8440.32,8498.03,8400.59,8497.93
2003-01-15,8512.82,8569.8,8451.7,8553.06
2003-01-16,8564.17,8612.13,8475.04,8611.75
2003-01-17,8572.66,8619.84,8536.11,8609.17
2003-01-21,8639.04,8657.79,8495,8558.82
2003-01-22,8562.11,8755.35,8528.81,8708.58
2003-01-23,8680.57,8708.54,8568.66,8611.04
2003-01-24,8648.6,8794.97,8562.19,8790.92
2003-01-28,8656.5,8690.13,8588.63,8609.47
2003-01-29,8531.53,8582.93,8511.14,8525.39
2003-01-30,8529.67,8529.67,8304.05,8331.08
2003-01-31,8364.9,8407.15,8312.41,8316.81
2003-02-04,8285.55,8511.87,8253.76,8500.79
2003-02-05,8555.73,8579.41,8484.9,8484.9
2003-02-06,8425.19,8574.42,8423.93,8549.85
2003-02-07,8562.28,8595.23,8451.2,8484.19
2003-02-11,8427.3,8502.36,8427.3,8484.93
2003-02-13,8514.78,8676.53,8514.78,8664.17
2003-02-14,8644.85,8672.99,8550.48,8599.66
2003-02-18,8765.69,8821.31,8731.96,8771.89
2003-02-19,8775.38,8794.4,8674.38,8692.97
2003-02-20,8756.61,8772.95,8667.17,8678.44
2003-02-21,8626.44,8650.92,8575.66,8650.92
2003-02-25,8503.98,8606.58,8489.03,8564.95
2003-02-26,8475.55,8481.23,8324.7,8360.49
2003-02-27,8327.46,8429.17,8327.46,8356.81
2003-02-28,8344.08,8377.61,8266.97,8359.38
2003-03-04,8397.15,8490.4,8357.42,8490.4
2003-03-05,8474.84,8499.77,8414.51,8480.22
2003-03-06,8401.72,8493.61,8370.59,8472.62
2003-03-07,8461.71,8509.43,8369.15,8369.15
2003-03-11,8097.27,8112.87,7975.36,8042.26
2003-03-12,7970.86,8062.12,7862.43,7862.43
2003-03-13,7908.23,7998.01,7888.31,7943.04
2003-03-14,7968.78,8003.18,7868.56,7868.56
2003-03-18,8010.39,8018.32,7870.78,7871.64
2003-03-19,7975.25,8081.17,7954.46,7954.46
2003-03-20,7956.44,8051.04,7824.82,8051.04
2003-03-21,8127.77,8287.09,8121.91,8195.05
2003-03-25,8300.32,8451.05,8299.64,8435.07
2003-03-26,8351.54,8377.17,8231.95,8238.76
2003-03-27,8257.34,8375.79,8257.34,8351.92
2003-03-28,8351.94,8381.93,8323.74,8368.67
2003-04-01,8240.1,8240.1,7950.96,7972.71
2003-04-02,7907.13,8019.47,7866.67,7986.72
2003-04-03,8052.95,8069.85,7917.54,8069.85
2003-04-04,8160.66,8178.24,7999.12,8017.75
2003-04-08,8123.94,8249.98,8077.46,8249.98
2003-04-09,8200.25,8200.25,8071.39,8131.41
2003-04-10,8091.26,8159.5,8024.81,8057.61
2003-04-11,8028.8,8031,7941.05,7980.12
2003-04-15,7830.94,7885.52,7693.46,7752.1
2003-04-16,7805.17,7906.19,7805.17,7838.83
2003-04-17,7898.41,7934.69,7856.94,7879.49
2003-04-18,7828.67,7851.09,7807.96,7821.9
2003-04-22,7889.42,7996.54,7852.95,7969.08
2003-04-23,7946.95,7946.95,7747.86,7790.46
2003-04-24,7829.01,7895.6,7756.75,7793.38
2003-04-25,7844.14,7937.86,7806.13,7854.57
2003-04-29,7679.11,7685.36,7603.76,7607.88
2003-05-01,7694.93,7831.42,7694.93,7831.42
2003-05-02,7804.03,7896.16,7745.69,7863.29
2003-05-07,7995.49,8133.34,7995.49,8083.56
2003-05-08,8126.86,8156,8061.81,8109.77
2003-05-09,8072.67,8072.67,8019.33,8031.55
2003-05-13,8193.73,8236.83,8152.38,8221.12
2003-05-14,8253.67,8339.07,8190.26,8190.26
2003-05-15,8210.3,8271.47,8187.94,8244.91
2003-05-16,8217.66,8217.66,8080.53,8123.4
2003-05-20,8091.39,8098.74,7974.17,8039.13
2003-05-21,7986.81,8100.84,7962.37,8059.48
2003-05-22,8060.9,8120.91,7983.08,8018.51
2003-05-23,8008.01,8072.76,7998.27,8051.66
2003-05-27,8192.12,8262.81,8192.12,8227.32
2003-05-28,8195.85,8205.58,8106.9,8120.24
2003-05-29,8216.48,8311.84,8216.48,8234.18
2003-05-30,8275.05,8383.93,8264.39,8375.36
2003-06-03,8490.22,8602.22,8488.89,8547.17
2003-06-04,8547.65,8605.54,8492.24,8564.49
2003-06-05,8617.73,8671.56,8557.86,8557.86
2003-06-06,8651.97,8685.55,8606.95,8657.23
2003-06-10,8790.03,8882.51,8747.67,8822.73
2003-06-11,8752.64,8807.26,8716.62,8789.09
2003-06-12,8834.46,9007.29,8834.46,8890.3
2003-06-13,8979.86,9002.29,8893.31,8918.6
2003-06-17,8923.79,8924.46,8809.47,8839.83
2003-06-18,8944.35,9062.38,8944.35,9033
2003-06-19,9089.7,9188.95,9081.31,9092.97
2003-06-20,9118.18,9140.76,9001.95,9110.51
2003-06-24,9112.56,9172.53,9074.37,9137.14
2003-06-25,9060.43,9074.66,8895.82,8919.26
2003-06-26,8899.81,8977.69,8899.81,8932.26
2003-06-27,8931.42,8941.46,8846.75,8923.41
2003-07-01,9119.59,9140.71,9076.62,9083.11
2003-07-02,9097.61,9285.53,9078.74,9278.49
2003-07-03,9353.77,9592.24,9353.77,9592.24
2003-07-04,9702.69,9896.64,9503.14,9624.8
2003-07-08,9589.19,9839.9,9589.19,9795.16
2003-07-09,9899.87,10027.6,9856.04,9898.72
2003-07-10,9894.79,9990.95,9813.29,9990.95
2003-07-11,9959.42,10070.11,9926.04,9955.62
2003-07-15,9713.96,9798.44,9660.54,9755.63
2003-07-16,9839.21,9909.65,9741.39,9751
2003-07-17,9806.57,9823.59,9639.31,9735.97
2003-07-18,9659.3,9659.3,9495.99,9498.86
2003-07-23,9501.59,9541.05,9406.49,9485.97
2003-07-24,9574.55,9631.26,9565.68,9615.34
2003-07-25,9635.06,9718.38,9606.1,9671
2003-07-29,9750.2,9846.19,9737.15,9839.91
2003-07-30,9895.71,9932.18,9822.72,9834.31
2003-07-31,9811.6,9821.28,9632.66,9632.66
2003-08-01,9616.33,9646.21,9507.39,9563.21
2003-08-05,9538.94,9538.94,9452.79,9452.79
2003-08-06,9456.82,9459.16,9304.71,9382.58
2003-08-07,9296.65,9375.43,9287.39,9323.91
2003-08-08,9324.58,9334.56,9224.05,9265.56
2003-08-12,9349.05,9498.15,9332.47,9487.8
2003-08-13,9547.58,9620.21,9517.14,9564.81
2003-08-14,9637.93,9762.16,9637.93,9752.75
2003-08-15,9730.63,9924.69,9678.99,9913.47
2003-08-19,9933.55,10048.92,9933.55,10032.97
2003-08-20,10143.31,10241.94,10131.21,10174.1
2003-08-21,10201.21,10334.29,10164.42,10292.06
2003-08-22,10245.96,10377.39,10202.72,10362.69
2003-08-26,10264.61,10331.27,10205.25,10276.64
2003-08-27,10208.56,10356.76,10171.17,10332.57
2003-08-28,10349.64,10415.53,10272.96,10308.99
2003-08-29,10326.58,10356.42,10189.8,10225.22
2003-09-02,10399.53,10670.18,10381.98,10670.18
2003-09-03,10668.58,10748.76,10616.61,10690.08
2003-09-04,10782.1,10813.59,10601.48,10715.69
2003-09-05,10751.53,10783.68,10646.95,10646.95
2003-09-09,10584.36,10725.54,10562.78,10683.76
2003-09-10,10766.47,10927.62,10765.04,10922.04
2003-09-11,10872.43,10938.3,10839.21,10856.32
2003-09-12,10742.49,10749.01,10540.28,10546.33
2003-09-17,10786.33,10887.03,10758.33,10887.03
2003-09-18,11008.63,11099.06,10964.99,10990.11
2003-09-19,10936.53,11067.62,10869.69,11033.32
2003-09-23,10858.09,10858.09,10412.2,10475.1
2003-09-25,10526.89,10672.54,10367.17,10502.29
2003-09-26,10350.03,10371.69,10225.48,10310.04
2003-09-30,10303.26,10309.17,10148.36,10229.57
2003-10-01,10294.75,10420.76,10219.05,10219.05
2003-10-02,10232.57,10361.24,10173.54,10361.24
2003-10-03,10476.58,10620.62,10465.89,10593.53
2003-10-07,10813.56,10905.19,10719.91,10740.14
2003-10-08,10761.71,10820.33,10697.83,10820.33
2003-10-09,10757.62,10797.8,10511.42,10542.2
2003-10-10,10550.41,10598.96,10485.6,10531.44
2003-10-15,10873.3,11031.73,10863.06,10966.43
2003-10-16,10997.61,10997.61,10856.42,10899.95
2003-10-17,10917.47,11025.15,10831.76,11025.15
2003-10-21,10988.48,11210.94,10875.27,11161.71
2003-10-22,11234.31,11238.63,10996.54,11031.52
2003-10-23,11060.55,11060.85,10883.77,10889.62
2003-10-24,10754.01,10754.01,10304.29,10335.16
2003-10-28,10360.86,10483.34,10349.76,10454.12
2003-10-29,10490.29,10592.05,10456.85,10561.01
2003-10-30,10653.54,10791.75,10653.54,10739.22
2003-10-31,10702.94,10761.62,10638.89,10695.56
2003-11-05,10693.66,10869.35,10693.66,10847.97
2003-11-06,10816.23,10837.54,10668.39,10837.54
2003-11-07,10825.14,10825.14,10537.13,10552.3
2003-11-11,10592.35,10617.98,10481.07,10504.54
2003-11-12,10407.8,10407.8,10112.1,10207.04
2003-11-13,10252.57,10328.91,10155.64,10226.22
2003-11-14,10345.21,10431.41,10277.54,10337.67
2003-11-18,10077.88,10077.88,9756.5,9786.83
2003-11-19,9790.92,9906.88,9678.78,9897.05
2003-11-20,9804.09,9804.7,9614.6,9614.6
2003-11-21,9722.07,9883.89,9653.76,9865.7
2003-11-26,9976.13,10064.45,9959.51,9960.2
2003-11-27,9965.54,10161.79,9965.54,10144.83
2003-11-28,10155.28,10173.6,10075.23,10163.38
2003-12-02,10006.13,10439,9911.92,10403.27
2003-12-03,10452.64,10552.35,10373.95,10410.15
2003-12-04,10412.24,10485.47,10326.39,10326.39
2003-12-05,10341.71,10449.54,10339.89,10429.99
2003-12-09,10281.25,10293.74,10013.59,10045.34
2003-12-10,10107.26,10158.65,10004.71,10124.28
2003-12-11,10053.17,10053.17,9859,9910.56
2003-12-12,9972.58,10088.11,9951.34,10075.14
2003-12-16,10308.34,10490.77,10308.34,10490.77
2003-12-17,10352.04,10352.04,10222.88,10271.6
2003-12-18,10276.19,10280.08,10058.34,10092.64
2003-12-19,10096.8,10173.68,10073.26,10104
2003-12-23,10248.81,10386.44,10248.62,10372.51
2003-12-25,10397.86,10400.25,10326.17,10371.27
2003-12-26,10347.75,10367.68,10311.6,10365.35
2003-12-30,10454.69,10574.94,10454.69,10500.62
2003-12-31,10617.62,10681.28,10609.58,10676.64
2004-01-06,10787.83,10862.35,10785.87,10825.17
2004-01-07,10918.48,10945.3,10790.6,10813.99
2004-01-08,10835.9,10852.06,10710.3,10757.82
2004-01-09,10760.98,10888.61,10727.8,10837.65
2004-01-14,10965.61,10965.61,10790.41,10849.68
2004-01-15,10797.7,10883.24,10730.45,10863
2004-01-16,10855.2,10881.77,10665.15,10665.15
2004-01-20,10937.46,11044.31,10916.99,11036.33
2004-01-21,11055.01,11193.64,10979.25,11103.1
2004-01-22,11056.14,11163.62,11002.39,11002.39
2004-01-23,11060.31,11115.13,10997.45,11000.7
2004-01-27,11004.44,11013.37,10872.79,10972.6
2004-01-28,11049.12,11075.3,10916.51,10928.03
2004-01-29,10844.58,10901.45,10799.54,10852.47
2004-01-30,10755.37,10786.21,10666.55,10779.44
2004-02-03,10784.93,10861.97,10765.38,10776.73
2004-02-04,10787.32,10800.78,10507.93,10641.92
2004-02-05,10614.73,10627.26,10418.77,10447.25
2004-02-06,10377.9,10478.41,10374.9,10464.6
2004-02-10,10533.4,10595.94,10359.17,10402.61
2004-02-11,10418.18,10460.4,10299.43,10365.4
2004-02-13,10450.37,10557.01,10449.7,10459.26
2004-02-17,10566.02,10617.7,10534.41,10548.72
2004-02-18,10556.18,10721.31,10529.26,10701.13
2004-02-19,10759.48,10798.15,10676.81,10676.81
2004-02-20,10745.4,10813.06,10723.43,10753.8
2004-02-24,10745.05,10893.43,10736.44,10868.96
2004-02-25,10821.97,10856.56,10629.72,10644.13
2004-02-26,10626.64,10727.47,10617.86,10658.73
2004-02-27,10734.33,10815.29,10690.95,10815.29
2004-03-02,11112.68,11329,11096.68,11271.12
2004-03-03,11344.83,11386.48,11282.49,11361.51
2004-03-04,11365.72,11430.01,11320,11351.92
2004-03-05,11341.98,11480.84,11336.97,11401.79
2004-03-09,11578.02,11643.37,11502.86,11502.86
2004-03-10,11460.6,11532.04,11439.04,11532.04
2004-03-11,11490.26,11492.57,11353.9,11433.24
2004-03-12,11310.15,11354.96,11237.04,11297.04
2004-03-16,11284.35,11348.4,11278.05,11317.9
2004-03-17,11253.43,11311.07,11236.35,11242.29
2004-03-18,11297.46,11478.35,11297.46,11436.86
2004-03-19,11571.36,11647.71,11452.39,11484.28
2004-03-23,11332.24,11351.71,11284.84,11318.51
2004-03-24,11200.83,11327.62,11071.66,11281.09
2004-03-25,11295.97,11384.69,11234.7,11364.99
2004-03-26,11431.61,11530.91,11425.58,11530.91
2004-03-30,11775.46,11843.34,11672.92,11718.24
2004-03-31,11824.83,11869,11677.2,11693.68
2004-04-01,11716.55,11783.83,11592.83,11715.39
2004-04-02,11756.16,11813.7,11648.48,11683.42
2004-04-06,11949.31,12003.92,11934.58,11958.32
2004-04-07,12042.99,12095.64,11937.52,12079.7
2004-04-08,12017.35,12097.7,12001,12019.62
2004-04-09,12013.16,12119.31,11961.56,12092.59
2004-04-13,11926.48,12085.07,11926.48,12042.7
2004-04-14,12140.12,12170.96,12096.96,12127.82
2004-04-15,12064.49,12134.27,12034.46,12098.18
2004-04-16,12118.03,12189.98,11770.4,11800.4
2004-04-20,11854.64,11861.17,11623.65,11764.21
2004-04-21,11821.46,12037.95,11768.08,11952.26
2004-04-22,11943.9,12001.27,11881.42,11944.3
2004-04-23,12026.09,12074.14,11952.78,11980.1
2004-04-27,12135.31,12195.66,12095.7,12163.89
2004-04-28,12115.05,12115.05,12025.21,12044.88
2004-04-29,12077.21,12085.39,11969.33,12004.29
2004-05-07,11777.44,11785.26,11554.02,11571.34
2004-05-11,11384.03,11392.79,10838.93,10884.7
2004-05-12,10850.48,10970.47,10790.13,10907.18
2004-05-13,11017.65,11157.34,10984.79,11153.58
2004-05-14,11081.75,11081.75,10825.1,10825.1
2004-05-18,10790.79,10790.79,10489.84,10505.05
2004-05-19,10533.17,10711.09,10524.5,10711.09
2004-05-20,10777.38,10993.08,10716.23,10967.74
2004-05-21,10949.07,11045.66,10760.69,10862.04
2004-05-25,11094.71,11170.27,11043.22,11101.64
2004-05-26,11071.51,11071.51,10927.44,10962.93
2004-05-27,11095.37,11213.79,11093.83,11152.09
2004-05-28,11163.82,11219.46,11119.15,11166.03
2004-06-01,11288.79,11297.15,11100.85,11236.37
2004-06-02,11204.69,11338.47,11170.09,11296.76
2004-06-03,11283.21,11283.21,11184.73,11242.34
2004-06-04,11275.95,11358.51,10963.56,11027.05
2004-06-08,11212.64,11485.63,11212.64,11439.92
2004-06-09,11533.93,11542.59,11452.99,11521.93
2004-06-10,11514.72,11521.06,11419.13,11449.74
2004-06-11,11378.45,11624.71,11367.4,11575.97
2004-06-15,11495.8,11622.8,11475.31,11491.66
2004-06-16,11457.11,11482.92,11349.43,11387.7
2004-06-17,11492.43,11673.48,11492.43,11641.72
2004-06-18,11630.21,11649.33,11510.18,11607.9
2004-06-22,11474.39,11729.13,11474.39,11600.16
2004-06-23,11546.93,11581.27,11472.08,11581.27
2004-06-24,11642.23,11678.84,11547.13,11580.56
2004-06-25,11652.54,11744.15,11649.29,11744.15
2004-06-29,11801.88,11884.06,11774.67,11884.06
2004-06-30,11816.89,11885.5,11788.15,11860.81
2004-07-01,11869.86,11887.95,11808.13,11858.87
2004-07-02,11933.33,11988.12,11889.7,11896.01
2004-07-06,11622.85,11648.85,11511.49,11541.71
2004-07-07,11536.45,11606.6,11475.27,11475.27
2004-07-08,11359.71,11429.24,11251.35,11384.86
2004-07-09,11372.63,11411.31,11279.55,11322.23
2004-07-13,11532.64,11598.9,11474.08,11582.28
2004-07-14,11544.02,11608.62,11501.22,11608.62
2004-07-15,11663.4,11664,11356.65,11356.65
2004-07-16,11413.33,11440.02,11315.97,11409.14
2004-07-21,11318.14,11318.14,11191.76,11258.37
2004-07-22,11335.24,11433.86,11326.68,11433.86
2004-07-23,11310.57,11310.57,11227.95,11285.04
2004-07-27,11099.87,11159.55,11065.72,11159.55
2004-07-28,11126.27,11180.8,11028.35,11031.54
2004-07-29,11133.48,11236.03,11132.92,11204.37
2004-07-30,11187.31,11189.28,11018.79,11116.84
2004-08-03,11274.45,11279.71,11161.84,11222.24
2004-08-04,11230.29,11258.88,11102.5,11140.57
2004-08-05,11077.52,11084.98,10888.78,11010.02
2004-08-06,11060.18,11104.69,10981.32,11060.89
2004-08-10,10827.6,10916.46,10737.42,10908.7
2004-08-11,10849.7,10972.07,10849.7,10953.55
2004-08-12,11049.8,11076.38,10997.07,11049.46
2004-08-13,11005.13,11091.64,11005.13,11028.07
2004-08-17,10728.98,10730.53,10545.89,10687.81
2004-08-18,10772.24,10802.64,10705.74,10725.97
2004-08-19,10724.82,10774.26,10659.21,10774.26
2004-08-20,10861.92,10908.74,10830.65,10903.53
2004-08-24,10961.91,11007.64,10947.75,10960.97
2004-08-25,10978.62,11016.12,10897.11,10985.33
2004-08-26,10959.52,11143.75,10934.45,11130.02
2004-08-27,11196.29,11225.95,11101.63,11129.33
2004-08-31,11181.3,11226.3,11128.71,11184.53
2004-09-01,11119.15,11154.28,11042.29,11081.79
2004-09-02,11104.85,11169.43,11102.41,11127.35
2004-09-03,11179.32,11190.51,11097.81,11152.75
2004-09-07,11086.69,11270.36,11057.32,11244.37
2004-09-08,11275.28,11312.06,11226.78,11298.94
2004-09-09,11345.12,11357.85,11270.53,11279.19
2004-09-10,11276.49,11330.33,11145.79,11170.96
2004-09-14,11139.97,11257.85,11131.03,11253.11
2004-09-15,11312.72,11352.42,11274.43,11295.58
2004-09-16,11278.66,11285.8,11158.58,11158.58
2004-09-17,11092.7,11177.66,11089.82,11139.36
2004-09-22,11148.21,11151.11,11059.95,11080.87
2004-09-23,11111.3,11135.46,10963.82,11019.41
2004-09-28,10863.35,10888.04,10782.56,10859.32
2004-09-29,10805.66,10821.84,10737.78,10815.57
2004-09-30,10873.88,10873.89,10770.23,10786.1
2004-10-01,10870.21,10928.19,10823.57,10823.57
2004-10-05,11111.45,11282.65,11105,11279.63
2004-10-06,11257.2,11304.72,11242.12,11281.83
2004-10-07,11221.54,11408.1,11218.38,11385.38
2004-10-08,11399.42,11410.4,11337.19,11354.59
2004-10-13,11295.05,11320.79,11182.5,11201.81
2004-10-14,11235.46,11306.87,11195.99,11195.99
2004-10-15,11150.59,11150.59,11033.31,11034.29
2004-10-19,11022.11,11022.11,10914.47,10965.62
2004-10-20,11028.38,11106.82,11024.38,11064.86
2004-10-21,10992.5,10992.5,10853.89,10882.18
2004-10-22,10882.05,10901.34,10753.07,10789.23
2004-10-26,10718.93,10718.93,10575.23,10659.15
2004-10-27,10652.37,10683.94,10626.6,10672.46
2004-10-28,10740.65,10777.43,10657.15,10691.95
2004-10-29,10809.1,10895.09,10798.13,10853.12
2004-11-02,10731.02,10735.19,10690.95,10734.71
2004-11-03,10775,10895.7,10775,10887.81
2004-11-05,10990.7,11005.2,10946.27,10946.27
2004-11-09,11095.5,11096.45,10974.33,10983.83
2004-11-10,10967.17,11040.44,10945.1,10964.87
2004-11-11,10972.63,11030.22,10965.91,10994.96
2004-11-12,11021.88,11048.29,10845.07,10846.92
2004-11-16,11079.17,11231.14,11073.77,11227.57
2004-11-17,11234.72,11268.81,11143.56,11161.75
2004-11-18,11132.05,11192.33,11127.2,11131.29
2004-11-19,11182.09,11235.32,11062.73,11082.42
2004-11-23,10956.41,10956.41,10769.52,10849.39
2004-11-25,10832.02,10915.2,10828.11,10872.33
2004-11-26,10853.1,10900.34,10818.24,10900.34
2004-11-30,10844.36,11013.3,10844.31,10977.89
2004-12-01,10909.25,10923.56,10841.27,10899.25
2004-12-02,10790.45,10800.33,10721.59,10784.25
2004-12-03,10922.57,10995.38,10912.87,10973.07
2004-12-07,11021.16,11026.86,10959.49,10981.96
2004-12-08,10971.21,11001.68,10863.81,10873.63
2004-12-09,10808.44,10948.97,10808.44,10941.37
2004-12-10,10930.87,10930.87,10742.73,10776.63
2004-12-14,10825.06,10854.76,10785.59,10789.25
2004-12-15,10842.8,10941.7,10821.36,10915.58
2004-12-16,10952.71,10999.92,10921.65,10956.46
2004-12-17,10909.29,10980.21,10871.69,10924.37
2004-12-21,11073.55,11129.13,11036.8,11103.42
2004-12-22,11125.22,11186.71,11125.22,11125.92
2004-12-23,11205.92,11240.18,11193.67,11209.44
2004-12-28,11374.52,11383.1,11325.46,11362.35
2004-12-29,11314.4,11424.13,11314.4,11424.13
2004-12-30,11481.32,11500.95,11381.56,11381.56
2004-12-31,11462.31,11489.28,11454.94,11488.76
2005-01-05,11458.27,11547.02,11431.57,11517.75
2005-01-06,11458.92,11461.1,11416.97,11437.52
2005-01-07,11372.35,11492.26,11372.21,11492.26
2005-01-12,11495.46,11580.69,11495.46,11539.99
2005-01-13,11537.6,11548.89,11449.49,11453.39
2005-01-14,11398.94,11424.68,11355.05,11358.22
2005-01-18,11475.2,11535.86,11453.86,11487.1
2005-01-19,11504.16,11509.4,11401.32,11423.26
2005-01-20,11467.74,11486.93,11396.43,11405.34
2005-01-21,11335.12,11335.12,11259.27,11284.77
2005-01-25,11213.03,11303.21,11212.63,11289.49
2005-01-26,11261.62,11276.91,11214.6,11276.91
2005-01-27,11346.81,11379.57,11329.42,11376.57
2005-01-28,11390.09,11390.09,11316.3,11341.31
2005-02-01,11296.99,11467.5,11266.09,11387.59
2005-02-02,11422.02,11422.02,11330.06,11384.4
2005-02-03,11432.34,11447.28,11399.62,11407.14
2005-02-04,11430.9,11444.18,11344.41,11389.35
2005-02-08,11393.04,11531.25,11381.78,11499.86
2005-02-09,11504.12,11519.03,11464.34,11490.43
2005-02-10,11519.9,11538.13,11457.96,11473.35
2005-02-11,11434.89,11553.73,11414.99,11553.56
2005-02-15,11644.4,11677.57,11626.42,11632.2
2005-02-16,11648.68,11676.26,11635.57,11646.49
2005-02-17,11629.69,11684.91,11585.46,11601.68
2005-02-18,11583.84,11638.18,11574.06,11582.72
2005-02-22,11682.19,11690.49,11651.02,11651.02
2005-02-23,11636.47,11651.51,11592.04,11597.71
2005-02-24,11510.76,11510.76,11452.42,11500.18
2005-02-25,11513.84,11557.86,11507.2,11531.15
2005-03-01,11742.01,11754.9,11704.32,11740.6
2005-03-02,11734.14,11780.53,11719.77,11780.53
2005-03-03,11804.84,11831.69,11780.61,11813.71
2005-03-04,11790.91,11856.46,11790.91,11856.46
2005-03-08,11935.8,11975.46,11917.77,11925.36
2005-03-09,11936.84,11936.84,11878.89,11886.91
2005-03-10,11882.25,11966.69,11882.25,11966.69
2005-03-11,11892.38,11959.18,11863.54,11864.91
2005-03-15,11947.29,11955.29,11850.25,11850.25
2005-03-16,11899.2,11912.81,11785.16,11821.09
2005-03-17,11822.18,11873.18,11793.03,11873.18
2005-03-18,11785.95,11808.04,11754.98,11775.5
2005-03-23,11867.34,11889.13,11830.96,11841.97
2005-03-24,11823.97,11823.97,11681.16,11739.12
2005-03-25,11741.17,11819.37,11706.27,11745.97
2005-03-29,11709.79,11816.72,11709.79,11792.3
2005-03-30,11809.66,11809.66,11563.12,11599.82
2005-03-31,11548.93,11608.45,11506.85,11565.88
2005-04-01,11623.1,11668.95,11590.72,11668.95
2005-04-05,11666.31,11701.19,11652.66,11667.54
2005-04-06,11695.97,11786.65,11695.97,11774.31
2005-04-07,11783.74,11841.25,11760.71,11827.16
2005-04-08,11848.49,11848.49,11757.87,11810.99
2005-04-12,11847.92,11847.92,11744.86,11745.64
2005-04-13,11739.05,11764.01,11657.66,11670.3
2005-04-14,11688.22,11718.78,11602.94,11637.52
2005-04-15,11578.78,11580.55,11474.82,11563.17
2005-04-19,11223.65,11223.65,10920.66,10938.44
2005-04-20,11019.76,11082.84,10966.46,11065.86
2005-04-21,11173.84,11199.38,11052.38,11088.58
2005-04-22,10950.73,11001.31,10770.58,10984.39
2005-04-26,11064.95,11114.45,11020.59,11073.77
2005-04-27,11085.75,11085.75,11019.94,11035.83
2005-04-28,10968.77,11022.44,10968.58,11005.42
2005-04-29,10979.05,11008.9,10892.71,11008.9
2005-05-03,10954.21,11035.95,10913.97,11002.11
2005-05-10,11199.1,11199.1,11119.48,11171.32
2005-05-11,11193.22,11211.36,11125,11159.46
2005-05-12,11091.26,11120.7,11038.26,11120.7
2005-05-13,11118.13,11135.5,11069.69,11077.94
2005-05-17,11045.29,11048.85,10935.53,10947.22
2005-05-18,11046.3,11066.76,10788.59,10825.39
2005-05-19,10848.63,10891.69,10821.41,10835.41
2005-05-20,10973.28,11102.43,10953.08,11077.16
2005-05-24,11073.01,11163.54,11056.86,11158.65
2005-05-25,11184.64,11199.23,11101.93,11133.65
2005-05-26,11127.31,11127.9,10988.37,11014.43
2005-05-27,11024.36,11047.37,10978.85,11027.94
2005-05-31,11201.32,11302.52,11197.79,11266.33
2005-06-01,11273.81,11297.33,11221.46,11276.59
2005-06-02,11220.94,11329.67,11220.55,11329.67
2005-06-03,11341.89,11374.69,11280.05,11280.05
2005-06-07,11232.65,11270.62,11184.6,11270.62
2005-06-08,11233.08,11258.28,11179.13,11217.45
2005-06-09,11235.27,11322.43,11229.86,11281.03
2005-06-10,11289.03,11294.43,11148.36,11160.88
2005-06-14,11308.65,11371.82,11299.78,11311.51
2005-06-15,11348.53,11363.48,11326.51,11335.92
2005-06-16,11365.62,11429.93,11355.85,11415.88
2005-06-17,11419.94,11462.52,11386.01,11416.38
2005-06-21,11539.18,11539.18,11455.23,11483.35
2005-06-22,11474.23,11511.23,11464.25,11488.74
2005-06-23,11487.06,11560.6,11445.43,11547.28
2005-06-24,11539.42,11576.75,11530.78,11576.75
2005-06-28,11445.64,11445.64,11378.99,11414.28
2005-06-29,11421.48,11519.48,11413.84,11513.83
2005-06-30,11567.82,11594.57,11547.13,11577.44
2005-07-01,11573.78,11589.63,11542.45,11584.01
2005-07-05,11664.22,11664.22,11629.16,11651.55
2005-07-06,11645.23,11658.26,11606.76,11616.7
2005-07-07,11648.04,11676.2,11603.53,11603.53
2005-07-08,11586.12,11602.81,11567.51,11590.14
2005-07-12,11676.97,11713.12,11668.77,11674.79
2005-07-13,11737.32,11738.3,11672.94,11692.14
2005-07-14,11705.83,11707.96,11659.65,11659.84
2005-07-15,11715.46,11784.51,11715.46,11764.26
2005-07-20,11761.61,11770.56,11731.99,11764.84
2005-07-21,11780.73,11816.99,11761.21,11789.35
2005-07-22,11808.53,11867.23,11786.73,11786.73
2005-07-26,11721.7,11782.21,11718.66,11762.65
2005-07-27,11762.69,11772.68,11719.02,11737.96
2005-07-28,11770.57,11848.66,11770.57,11835.08
2005-07-29,11881.86,11889.86,11853.62,11858.31
2005-08-02,11907.42,11972.84,11906.04,11946.92
2005-08-03,11954.23,11982.2,11920.88,11940.2
2005-08-04,11987.98,12009.56,11950.31,11981.8
2005-08-05,11945.14,11945.14,11823.2,11883.31
2005-08-09,11670.71,11794.84,11614.71,11778.98
2005-08-10,11797.33,11958.07,11797.33,11900.32
2005-08-11,11996.29,12138.71,11991.69,12098.08
2005-08-12,12178.08,12284.76,12167.48,12263.32
2005-08-16,12254.53,12308.61,12236.61,12256.55
2005-08-17,12324.76,12336.85,12277.41,12315.67
2005-08-18,12286.83,12369.74,12270.85,12273.12
2005-08-19,12322.8,12369.53,12292.82,12307.37
2005-08-23,12330.7,12478.82,12330.7,12452.51
2005-08-24,12511.81,12612.16,12472.93,12472.93
2005-08-25,12421.53,12515.66,12416.51,12502.26
2005-08-26,12443.21,12466.84,12401.34,12405.16
2005-08-30,12386.76,12386.76,12274.81,12309.83
2005-08-31,12411.41,12457.04,12396.1,12453.14
2005-09-01,12428.6,12443.94,12393.68,12413.6
2005-09-02,12501.43,12573.01,12501.43,12506.97
2005-09-06,12616.3,12655.15,12580.37,12634.88
2005-09-07,12686.68,12730.21,12581.28,12599.43
2005-09-08,12682.85,12682.85,12574.9,12607.59
2005-09-09,12601.02,12601.02,12498.4,12533.89
2005-09-13,12841.02,12926.57,12813.97,12896.43
2005-09-14,12896.22,12940.68,12847.19,12901.95
2005-09-15,12847.62,12871.54,12830.88,12834.25
2005-09-16,12817.78,12986.78,12806.71,12986.78
2005-09-21,12991.63,13159.39,12991.63,13148.57
2005-09-22,13181.71,13235.42,13108.65,13196.57
2005-09-23,13120.89,13170.36,13090.28,13159.36
2005-09-27,13229.27,13392.63,13229.27,13392.63
2005-09-28,13370.09,13373,13282.3,13310.04
2005-09-29,13307.53,13487.85,13306.52,13435.91
2005-09-30,13515.73,13617.24,13440.9,13617.24
2005-10-04,13566.2,13584.61,13454.67,13525.28
2005-10-05,13597.38,13738.84,13593.01,13738.84
2005-10-06,13761.81,13783.6,13655.94,13689.89
2005-10-07,13554.56,13554.56,13285.83,13359.51
2005-10-12,13280.33,13556.71,13241.84,13556.71
2005-10-13,13565.87,13704.09,13463.74,13463.74
2005-10-14,13388.02,13475.86,13266.98,13449.24
2005-10-18,13486.18,13510.63,13341.64,13400.29
2005-10-19,13376.19,13441.78,13321.97,13352.24
2005-10-20,13297.65,13304.98,13073.46,13129.49
2005-10-21,13221.91,13264.4,13175.93,13190.46
2005-10-25,13232.41,13244.24,13083.04,13106.18
2005-10-26,13227.92,13336.64,13219.05,13280.62
2005-10-27,13291.46,13406.19,13285.6,13395.02
2005-10-28,13440.72,13501.24,13387.66,13417.08
2005-11-01,13459.99,13606.5,13456.07,13606.5
2005-11-02,13718.21,13867.86,13706.33,13867.86
2005-11-03,13865.1,13927.51,13807.81,13894.78
2005-11-08,14084.11,14097.59,13982.75,14061.6
2005-11-09,14067.78,14071.74,13982.85,14036.73
2005-11-10,13989.31,14136.16,13951.4,14072.2
2005-11-11,14058.29,14121.71,13981.99,14080.88
2005-11-15,14218.72,14218.72,14105.45,14116.04
2005-11-16,14069.87,14142.27,14043.45,14091.77
2005-11-17,14035.74,14170.87,14015.62,14170.87
2005-11-18,14192.78,14448.75,14169.47,14411.79
2005-11-22,14719.28,14808.21,14590.56,14680.43
2005-11-23,14726.04,14763.26,14650.06,14708.32
2005-11-25,14816.71,14866.99,14721.6,14742.58
2005-11-29,14847.58,14986.94,14821.75,14986.94
2005-11-30,14900.64,14995.08,14868.03,14927.7
2005-12-01,14981.34,15013.24,14872.15,14872.15
2005-12-02,14914.75,15130.5,14880.18,15130.5
2005-12-06,15413.52,15563.39,15379.64,15551.31
2005-12-07,15518.67,15572.72,15423.38,15423.38
2005-12-08,15520.34,15558.32,15467.75,15484.66
2005-12-09,15470.65,15523.15,15183.36,15183.36
2005-12-13,15549.65,15764.99,15548.46,15738.7
2005-12-14,15754.31,15782.3,15666.09,15778.86
2005-12-15,15817.93,15885.52,15447.15,15464.58
2005-12-16,15376.27,15469.35,15254.44,15254.44
2005-12-20,15252.15,15391.48,15196,15391.48
2005-12-21,15388.71,15647.69,15365.39,15641.26
2005-12-22,15713.07,16010.17,15711.91,15957.57
2005-12-23,15975.99,15991.3,15759.73,15941.37
2005-12-27,16027.66,16108.94,16026.18,16107.67
2005-12-28,16033.94,16079.18,15962.73,15969.4
2005-12-29,15920.67,16194.61,15911.23,16194.61
2005-12-30,16247.54,16445.56,16246.67,16344.2
2006-01-05,16294.65,16361.54,16250.76,16361.54
2006-01-06,16441.27,16474.52,16368.51,16425.37
2006-01-11,16487.05,16487.05,16124.35,16124.35
2006-01-12,16164.92,16363.59,16005.24,16363.59
2006-01-13,16426.69,16472.99,16310.45,16445.19
2006-01-17,16360.04,16387.63,16221.59,16268.03
2006-01-18,16152.07,16324.17,15805.95,15805.95
2006-01-19,15725.64,15725.64,15059.52,15341.18
2006-01-20,15396.6,15740.82,15396.6,15696.28
2006-01-24,15497.61,15564.9,15312.71,15360.65
2006-01-25,15470.91,15685.14,15470.39,15648.89
2006-01-26,15725.76,15849.52,15651,15651
2006-01-27,15783.7,15891.02,15764.89,15891.02
2006-01-31,16615.91,16754.6,16538.72,16551.23
2006-02-01,16603.9,16718.79,16561.31,16649.82
2006-02-02,16594.9,16671.91,16480.09,16480.09
2006-02-03,16632.6,16736.18,16611.53,16710.55
2006-02-07,16736.23,16777.37,16578.19,16747.76
2006-02-08,16768.16,16769.37,16681.04,16720.99
2006-02-09,16609.96,16682.91,16272.68,16272.68
2006-02-10,16444.74,16540.49,16351.43,16439.67
2006-02-14,16191.93,16191.93,15877.66,15877.66
2006-02-15,15845.19,16184.87,15691.86,16184.87
2006-02-16,16302.94,16312.74,15932.83,15932.83
2006-02-17,15901.38,16109.2,15842,16043.67
2006-02-21,15620.58,15661.85,15389.58,15437.93
2006-02-22,15602.83,15894.94,15573.71,15894.94
2006-02-23,15882.64,15923,15679.91,15781.78
2006-02-24,15908.87,16096.1,15892.51,16096.1
2006-02-28,16156.15,16290.15,16123.29,16192.95
2006-03-01,16218.62,16229.68,15953.32,16205.43
2006-03-02,16026.82,16053.3,15910.65,15964.46
2006-03-03,16068.76,16106.26,15879.71,15909.76
2006-03-07,15668.63,15901.16,15609.8,15901.16
2006-03-08,15864.57,15864.57,15678.12,15726.02
2006-03-09,15657.79,15720.65,15553.14,15627.49
2006-03-10,15645.3,16049.61,15645.3,16036.91
2006-03-14,16264.59,16379.47,16242.16,16361.51
2006-03-15,16401.11,16410.29,16238.36,16238.36
2006-03-16,16342.52,16367.76,16291.77,16319.04
2006-03-17,16354.71,16356.49,16032.55,16096.21
2006-03-21,16299.35,16667.13,16299.35,16624.8
2006-03-23,16578.5,16583.25,16477.26,16495.48
2006-03-24,16605.48,16661.14,16464.47,16489.37
2006-03-28,16599.92,16711.16,16599.92,16650.1
2006-03-29,16550.47,16690.24,16463.95,16690.24
2006-03-30,16670.38,16976.29,16613.72,16938.41
2006-03-31,17011.13,17125.64,16974.47,17045.34
2006-04-04,17127.61,17387.08,17105.5,17333.31
2006-04-05,17295.58,17410.3,17266.39,17292.91
2006-04-06,17340.14,17464.54,17187.35,17243.98
2006-04-07,17365.57,17489.33,17347.01,17489.33
2006-04-11,17455.03,17489.61,17385.25,17456.58
2006-04-12,17460.68,17489.16,17295.42,17418.13
2006-04-13,17297.18,17325.21,17162,17162.55
2006-04-14,17232.28,17303.27,17068.96,17199.15
2006-04-18,17233.73,17233.73,17000.36,17000.36
2006-04-19,16971.76,17268.05,16945.3,17232.86
2006-04-20,17405.92,17459.24,17350.12,17350.12
2006-04-21,17391.94,17412.59,17283.97,17317.53
2006-04-25,17245.62,17245.62,16892.15,16914.4
2006-04-26,16929.36,17000.2,16787.44,16970.29
2006-04-27,16993.23,17107.93,16944.54,17055.93
2006-04-28,17118.92,17176.06,17094.72,17114.54
2006-05-02,16929.83,16965.33,16868.69,16925.71
2006-05-03,16920.13,17188.54,16900.33,17153.77
2006-05-09,17334.19,17375.25,17248.59,17291.67
2006-05-10,17253.81,17294.5,17178.95,17190.91
2006-05-11,17161.47,17253.11,16883.39,16951.93
2006-05-12,16887.37,17087,16840.85,16862.14
2006-05-16,16395.88,16486.91,16317.2,16486.91
2006-05-17,16508.89,16596.48,16116.73,16158.42
2006-05-18,16259.02,16319.3,16033.66,16307.67
2006-05-19,16089.25,16139.14,15914.39,16087.18
2006-05-23,16254.56,16268.51,15837.26,15857.87
2006-05-24,15722.05,15776.2,15582.86,15599.2
2006-05-25,15676.64,15907.2,15508.51,15907.2
2006-05-26,15809.33,15849.23,15644.62,15693.75
2006-05-30,16111.54,16111.54,15885.07,15915.68
2006-05-31,15920.79,15937.91,15814.83,15859.45
2006-06-01,15660.87,15660.87,15442.53,15467.33
2006-06-02,15603.25,15655,15417.51,15503.74
2006-06-06,15719.31,15784.95,15622.75,15668.31
2006-06-07,15500.92,15507.78,15340.93,15384.86
2006-06-08,15285.05,15433.29,15095.15,15096.01
2006-06-09,14990.04,14990.04,14496.96,14633.03
2006-06-13,14685.46,14845.04,14580.87,14833.01
2006-06-14,14650.59,14658.23,14218.6,14218.6
2006-06-15,14084.52,14458.82,14045.53,14309.56
2006-06-16,14453.33,14593.85,14417.7,14470.76
2006-06-20,14815.86,14918.6,14772.14,14860.35
2006-06-21,14811.11,14845.71,14621.87,14648.41
2006-06-22,14712.86,14713.43,14482.96,14644.26
2006-06-23,14812.17,15138.47,14812.17,15135.69
2006-06-27,15080.23,15216.78,14987.77,15152.4
2006-06-28,15165.63,15207.38,15095.11,15171.81
2006-06-29,14998.01,14998.01,14824.8,14886.11
2006-06-30,14981.7,15137.58,14975.78,15121.15
2006-07-04,15573.35,15617.22,15513.29,15571.62
2006-07-05,15677.04,15710.39,15617.81,15638.5
2006-07-06,15504.17,15584.62,15479.93,15523.94
2006-07-07,15455.18,15460.83,15278.18,15321.4
2006-07-11,15149.91,15555.43,15079.74,15552.81
2006-07-12,15485.26,15498.2,15333.59,15473.82
2006-07-13,15405.42,15463.72,15169.15,15249.32
2006-07-14,15127.74,15370.35,15053.61,15097.95
2006-07-19,14714.18,14747.2,14437.24,14437.24
2006-07-20,14503.83,14625.64,14456.43,14500.26
2006-07-21,14713.56,14962.13,14705.43,14946.84
2006-07-25,14700.58,14851.91,14560.67,14794.5
2006-07-26,14970.6,15078.36,14948.36,15005.24
2006-07-27,15065.57,15108.14,14882.67,14884.07
2006-07-28,14883.5,15220.33,14839.49,15179.78
2006-08-01,15462.39,15536.32,15433.2,15456.81
2006-08-02,15387.52,15522.03,15365.71,15440.91
2006-08-03,15341.53,15466.07,15287.81,15464.29
2006-08-04,15527.27,15580.91,15441.67,15470.37
2006-08-08,15494.47,15516.24,15154.06,15154.06
2006-08-09,15234.39,15476.94,15189.1,15464.66
2006-08-10,15417.02,15659.41,15240.3,15656.59
2006-08-11,15585.09,15690.86,15536.15,15630.91
2006-08-15,15550.96,15873.21,15549.67,15857.11
2006-08-16,15831.69,15913.34,15807.72,15816.19
2006-08-17,15970.6,16085.07,15962.98,16071.36
2006-08-18,16142.56,16204.6,16008.44,16020.84
2006-08-22,16104.5,16145.5,15936.61,15969.04
2006-08-23,15994.99,16244.84,15994.99,16181.17
2006-08-24,16161.82,16226.59,16118.12,16163.03
2006-08-25,16088.54,16089.13,15910.62,15960.62
2006-08-29,15953.08,16005.09,15745.01,15762.59
2006-08-30,15881.92,15946.42,15811.73,15890.56
2006-08-31,15929.9,15962.93,15769.16,15872.02
2006-09-01,15884.61,16207.41,15882.26,16140.76
2006-09-05,16280.18,16414.94,16280.18,16358.07
2006-09-06,16357.29,16403.9,16280.68,16385.96
2006-09-07,16350.27,16400.71,16245.16,16284.09
2006-09-08,16141.94,16141.94,15944.03,16012.41
2006-09-12,16053.13,16053.13,15772.07,15794.38
2006-09-13,15843.8,15882.38,15675.37,15719.34
2006-09-14,15889.5,15965.31,15730.67,15750.05
2006-09-15,15831.72,15994.79,15801.88,15942.39
2006-09-20,15948.47,16096.18,15867.05,15874.28
2006-09-21,15757.97,15763.67,15622.28,15718.67
2006-09-22,15820.11,15859.21,15674.84,15834.23
2006-09-26,15550.56,15691.06,15513.87,15633.81
2006-09-27,15594.48,15666.95,15517.9,15557.45
2006-09-28,15692.98,15947.87,15681.44,15947.87
2006-09-29,15970.39,16032.98,15911.22,16024.85
2006-10-03,16169,16329.24,16157.98,16254.29
2006-10-04,16198.55,16260.47,16148.89,16242.09
2006-10-05,16288.92,16363.12,16028.32,16082.55
2006-10-06,16291.79,16481.31,16286.64,16449.33
2006-10-11,16325.48,16620.15,16325.48,16477.25
2006-10-12,16497.27,16595.91,16399.74,16400.57
2006-10-13,16386.37,16495.54,16343.49,16368.81
2006-10-17,16663.22,16732.44,16648.43,16692.76
2006-10-18,16704.86,16704.86,16561.26,16611.59
2006-10-19,16519.91,16666.2,16466.74,16653
2006-10-20,16673.26,16688.96,16506.22,16551.36
2006-10-24,16641.32,16797.71,16598.53,16788.82
2006-10-25,16853.73,16901.53,16759.98,16780.47
2006-10-26,16837.8,16849.05,16697.01,16699.3
2006-10-27,16794.41,16863.24,16772.31,16811.6
2006-10-31,16544.5,16549.71,16329.89,16351.85
2006-11-01,16389.45,16477.06,16314.29,16399.39
2006-11-02,16338.72,16444.51,16246.24,16375.26
2006-11-03,16281.95,16350.02,16209.14,16350.02
2006-11-07,16278.78,16398.51,16204.13,16364.76
2006-11-08,16509.79,16512.51,16378.72,16393.41
2006-11-09,16404.05,16423.83,16199.43,16215.74
2006-11-10,16218.86,16286.26,16094.49,16198.57
2006-11-14,16016.42,16067.46,15913.86,16022.49
2006-11-15,16178.81,16318.05,16176.02,16289.55
2006-11-16,16348.74,16373.48,16243.47,16243.47
2006-11-17,16292.48,16367.1,16143.7,16163.87
2006-11-21,16004.34,16036.18,15725.94,15725.94
2006-11-22,15766.43,15817.73,15696.22,15734.14
2006-11-23,15680.53,15914.23,15675.48,15914.23
2006-11-28,15615.56,15912.11,15615.56,15885.38
2006-11-29,15711.72,15855.26,15653.69,15855.26
2006-11-30,15948.69,16126.35,15945.07,16076.2
2006-12-01,16183.3,16274.33,16152.85,16274.33
2006-12-05,16263.98,16362.04,16185.92,16303.59
2006-12-06,16370.56,16400.14,16239.28,16265.76
2006-12-07,16309.8,16401.31,16254.45,16371.28
2006-12-08,16461.91,16550.73,16416.3,16473.36
2006-12-12,16487.3,16608.97,16470.4,16527.99
2006-12-13,16621.69,16682.65,16583.78,16637.78
2006-12-14,16609.25,16692.93,16589.73,16692.93
2006-12-15,16714.34,16829.2,16714.34,16829.2
2006-12-19,16962.65,16993.88,16930.55,16962.11
2006-12-20,16883.86,16954.83,16754.21,16776.88
2006-12-21,16829.58,17050.73,16829.58,17011.04
2006-12-22,17040.93,17109.17,17010.04,17047.83
2006-12-26,17104.8,17122.48,17056.69,17092.89
2006-12-27,17070.32,17185.71,17056.59,17169.19
2006-12-28,17207.12,17260.57,17207.12,17223.15
2006-12-29,17290.11,17301.69,17163.75,17224.81
2007-01-05,17322.5,17379.46,17315.76,17353.67
2007-01-10,17018.89,17261.03,16983.97,17237.77
2007-01-11,17192.42,17199.42,16847.57,16942.4
2007-01-12,16958.57,17057.45,16758.46,16838.17
2007-01-16,17160.25,17273.58,17144.44,17209.92
2007-01-17,17190.9,17287.96,17175.85,17202.46
2007-01-18,17153.25,17335.03,17002.67,17261.35
2007-01-19,17248.14,17408.62,17220.42,17370.93
2007-01-23,17429.9,17484.59,17401.32,17424.18
2007-01-24,17350.31,17442,17321.29,17408.57
2007-01-25,17505.31,17553.03,17498.36,17507.4
2007-01-26,17604.6,17617.64,17427.54,17458.3
2007-01-30,17393.19,17489.59,17319.37,17470.46
2007-01-31,17510,17558.53,17452.63,17490.19
2007-02-01,17493.83,17497.86,17275.84,17383.42
2007-02-02,17377.03,17543.96,17361.01,17519.5
2007-02-06,17531.41,17531.41,17294.98,17344.8
2007-02-07,17384.5,17433.27,17345.1,17406.86
2007-02-08,17367.91,17374.82,17199.66,17292.32
2007-02-09,17368.35,17400.35,17212.78,17292.48
2007-02-14,17481.77,17628.03,17440.43,17621.45
2007-02-15,17662.29,17789.92,17648.81,17752.64
2007-02-16,17891.24,17911.58,17815.17,17897.23
2007-02-20,17835.13,17974,17810.05,17940.09
2007-02-21,17919.33,17953.03,17828.95,17939.12
2007-02-22,17896.6,17968.26,17850.09,17913.21
2007-02-23,18033.23,18132.84,18024.48,18108.79
2007-02-27,18219.75,18300.39,18145.42,18215.35
2007-02-28,18239.3,18272.68,18073.22,18119.92
2007-03-01,17843.61,17843.61,17382.79,17604.12
2007-03-02,17542.23,17557.42,17261.6,17453.51
2007-03-06,16992.44,16992.44,16532.91,16642.25
2007-03-07,16654.85,16882.92,16649.1,16844.5
2007-03-08,16982.3,16988.01,16731.77,16764.62
2007-03-09,16729.79,17090.31,16685.95,17090.31
2007-03-13,17312.14,17325.45,17206.94,17292.39
2007-03-14,17268.71,17299.48,17153.2,17178.84
2007-03-15,16936.19,16936.19,16628.85,16676.89
2007-03-16,16803.99,16942.31,16760.68,16860.39
2007-03-20,16713.99,17026.46,16713.99,17009.55
2007-03-21,17155.35,17267.74,17146.53,17163.2
2007-03-23,17383.62,17489.19,17379.4,17419.2
2007-03-27,17517.92,17558.04,17425,17521.96
2007-03-28,17357.26,17516.89,17315.91,17365.05
2007-03-29,17328.12,17442.62,17141.65,17254.73
2007-03-30,17119.95,17350.88,17036.22,17263.94
2007-04-03,17346.25,17425.74,16999.05,17028.41
2007-04-04,17154.78,17279.73,17095.92,17244.05
2007-04-05,17400.68,17576.51,17394.14,17544.09
2007-04-06,17507.46,17531.3,17430.38,17491.42
2007-04-10,17606.03,17747.82,17606.03,17743.76
2007-04-11,17631.02,17706.92,17613.15,17664.69
2007-04-12,17699.39,17723.39,17618.19,17670.07
2007-04-13,17601.65,17601.65,17455.18,17540.42
2007-04-17,17507.18,17696.87,17507.18,17628.3
2007-04-18,17750.67,17782.08,17452.12,17527.45
2007-04-19,17557.4,17706.85,17538.34,17667.33
2007-04-20,17530,17530,17219.73,17371.97
2007-04-24,17589.61,17656.55,17413.64,17455.37
2007-04-25,17363.84,17500.34,17305.78,17451.77
2007-04-26,17379.52,17379.52,17221.55,17236.16
2007-04-27,17359.84,17496.11,17321.05,17429.17
2007-05-02,17396.3,17396.3,17203.03,17274.98
2007-05-03,17310.75,17441.1,17227.09,17394.92
2007-05-08,17564.17,17715.99,17558.24,17669.83
2007-05-09,17651.47,17711.67,17587.92,17656.84
2007-05-10,17616.58,17753.33,17616.58,17748.12
2007-05-11,17793.49,17827.48,17712.89,17736.96
2007-05-15,17682.74,17786.65,17673.86,17677.94
2007-05-16,17577.14,17609.55,17491.59,17512.98
2007-05-17,17487,17539.95,17430.7,17529
2007-05-18,17586.33,17656.07,17482.44,17498.6
2007-05-22,17455.55,17599.35,17411.51,17556.87
2007-05-23,17578.31,17730.84,17545.26,17680.05
2007-05-24,17763.15,17802.71,17699.12,17705.12
2007-05-25,17680.45,17760.57,17606.56,17696.97
2007-05-29,17544.98,17630.37,17544.67,17587.59
2007-05-30,17524.82,17700.52,17521.64,17672.56
2007-05-31,17664.37,17727.17,17484.3,17588.26
2007-06-01,17715.77,17875.75,17701.57,17875.75
2007-06-05,18067.9,18071.8,17973.42,17973.42
2007-06-06,18019.79,18071.72,17950.45,18053.81
2007-06-07,18001.2,18073.05,17991.19,18040.93
2007-06-08,17879.01,18053.38,17866.52,18053.38
2007-06-12,17899.02,17932.1,17801.63,17834.48
2007-06-13,17845.22,17862.99,17735.56,17760.91
2007-06-14,17631.87,17781.41,17591.93,17732.77
2007-06-15,17834.78,17875.02,17815.3,17842.29
2007-06-19,18127.41,18194.26,18112.93,18149.52
2007-06-20,18131.59,18163.61,18103.56,18163.61
2007-06-21,18173.07,18297,18141.95,18211.68
2007-06-22,18117.3,18287.73,18107.81,18240.3
2007-06-26,18107.68,18203.56,18079.85,18087.48
2007-06-27,18098.33,18101.89,18008.6,18066.11
2007-06-28,17981.77,17983.35,17848.05,17849.28
2007-06-29,17915.63,17960.22,17893.37,17932.27
2007-07-03,18139.04,18175.3,18062.49,18146.3
2007-07-04,18206.49,18230.89,18146.74,18149.9
2007-07-05,18158.77,18207.97,18143.58,18168.72
2007-07-06,18191.89,18295.27,18191.89,18221.48
2007-07-10,18226.07,18282.15,18213.59,18261.98
2007-07-11,18244.69,18259.81,18204.04,18252.67
2007-07-12,18116.66,18116.66,18028.87,18049.51
2007-07-13,18105.89,18130.44,17919.17,17984.14
2007-07-18,18269.36,18269.36,18167.82,18217.27
2007-07-19,18136.06,18136.06,17964.28,18015.58
2007-07-20,18095.95,18131.12,18037.33,18116.57
2007-07-24,17995.71,18009.47,17892.75,17963.64
2007-07-25,17998.76,18018.94,17906.11,18002.03
2007-07-26,17810.97,17881.31,17733.96,17858.42
2007-07-27,17807.23,17861.47,17678.98,17702.09
2007-07-31,17138.53,17289.3,17042.66,17289.3
2007-08-01,17318.01,17318.01,17195.29,17248.89
2007-08-02,17169.2,17169.2,16845.54,16870.98
2007-08-03,16956.33,16999.16,16652.8,16984.11
2007-08-07,16781.14,16951.98,16675.39,16914.46
2007-08-08,17009.63,17049.45,16863.46,16921.77
2007-08-09,16930.39,17085.1,16911.68,17029.28
2007-08-10,17170.36,17274.33,17148.95,17170.6
2007-08-14,16791.8,16948.4,16725.55,16800.05
2007-08-15,16824.63,16855.05,16747.94,16844.61
2007-08-16,16659.07,16667.36,16433.3,16475.61
2007-08-17,16296.4,16296.4,15859.46,16148.49
2007-08-21,15477.26,15940.61,15477.26,15732.48
2007-08-22,15773.86,16101.64,15754.51,15901.34
2007-08-23,15866.6,15957.96,15787.96,15900.64
2007-08-24,16093.82,16333.36,16093.82,16316.32
2007-08-28,16429.01,16504.72,16263.95,16301.39
2007-08-29,16214.09,16343.28,16192.84,16287.49
2007-08-30,16068.1,16068.1,15830.28,16012.83
2007-08-31,16182.09,16269.66,16091.28,16153.82
2007-09-04,16511.07,16575.97,16452.74,16524.93
2007-09-05,16445.73,16511.64,16392.21,16420.47
2007-09-06,16506.11,16553.22,16154.9,16158.45
2007-09-07,16003.88,16257,15840.05,16257
2007-09-11,15906.52,15906.52,15651.83,15764.97
2007-09-12,15787.86,15940.38,15610.65,15877.67
2007-09-13,15978.78,16032.26,15731.32,15797.6
2007-09-14,15886.76,15931.09,15802.36,15821.19
2007-09-19,16037.49,16037.49,15780.9,15801.8
2007-09-20,16038.12,16386.17,16038.12,16381.54
2007-09-21,16474.66,16491.45,16344.28,16413.79
2007-09-26,16317.19,16434.8,16240.26,16401.73
2007-09-27,16388.51,16457.72,16388.51,16435.74
2007-09-28,16551.94,16868.94,16551.94,16832.22
2007-10-02,16773.1,16899.84,16685.8,16845.96
2007-10-03,17027.92,17072.67,16986.38,17046.78
2007-10-04,17066.14,17205.42,17017.77,17199.89
2007-10-05,17085.32,17160.47,17043.76,17092.49
2007-10-10,17166.17,17237.4,17133.52,17159.9
2007-10-11,17231.14,17254.52,17146.39,17177.89
2007-10-12,17188.81,17488.97,17154.75,17458.98
2007-10-16,17399.67,17430.09,17292.13,17358.15
2007-10-17,17267.07,17283.05,17104.2,17137.92
2007-10-18,17114.2,17114.2,16795.74,16955.31
2007-10-19,16974.69,17147.73,16974.69,17106.09
2007-10-23,16563.57,16563.57,16264.7,16438.47
2007-10-24,16486.71,16554.91,16416.92,16450.58
2007-10-25,16518,16578.59,16330.33,16358.39
2007-10-26,16368.02,16438.57,16199.02,16284.17
2007-10-30,16613.3,16774.18,16613.3,16698.08
2007-10-31,16655.31,16682.87,16492.56,16651.01
2007-11-01,16620.59,16738.98,16552.54,16737.63
2007-11-02,16812.9,16887.04,16795.55,16870.4
2007-11-06,16458.14,16458.14,16211.79,16268.92
2007-11-07,16152.58,16353.93,16144.4,16249.63
2007-11-08,16325.18,16326.58,16081.03,16096.68
2007-11-09,15889.03,15891.23,15626.06,15771.57
2007-11-13,15377.37,15386.8,14998.51,15197.09
2007-11-14,15148.16,15235.56,14988.77,15126.63
2007-11-15,15311.38,15504.99,15287.26,15499.56
2007-11-16,15536.35,15587.31,15396.3,15396.3
2007-11-20,15177.17,15302.76,15040.1,15042.56
2007-11-21,14868.98,15222.24,14751.27,15211.52
2007-11-22,15113.83,15154.31,14770.22,14837.66
2007-11-23,14726.62,15000.18,14669.85,14888.77
2007-11-27,14921.57,15295.21,14912.83,15135.21
2007-11-28,14953.93,15312.55,14801.87,15222.85
2007-11-29,15271.14,15280.91,15089.35,15153.78
2007-11-30,15339.61,15555.04,15339.61,15513.74
2007-12-04,15747.47,15799.69,15577.69,15628.97
2007-12-05,15613.89,15683.18,15446.47,15480.19
2007-12-06,15418.95,15621.54,15365.39,15608.88
2007-12-07,15782.4,15898.26,15740.94,15874.08
2007-12-11,16007.33,16017.14,15826.25,15924.39
2007-12-12,16003.09,16075.61,15972.45,16044.72
2007-12-13,15828.65,15963.43,15700.15,15932.26
2007-12-14,15818.48,15833.1,15532.53,15536.52
2007-12-18,15433.3,15508.5,15219.07,15249.79
2007-12-19,15099.2,15301.69,15004.41,15207.86
2007-12-20,15165.09,15267.75,15030.51,15030.51
2007-12-21,15151.37,15161.66,15017.97,15031.6
2007-12-26,15441.33,15583.39,15441.33,15552.59
2007-12-27,15613.96,15653.54,15559.47,15653.54
2007-12-28,15616.41,15628.31,15535.51,15564.69
2008-01-08,14549.38,14667.85,14438.61,14500.55
2008-01-09,14429.3,14547.8,14365.86,14528.67
2008-01-10,14364.71,14602.65,14271.57,14599.16
2008-01-11,14546.32,14584.73,14388.11,14388.11
2008-01-16,14134.91,14224,13915.15,13972.63
2008-01-17,13796.73,13841.93,13500.59,13504.51
2008-01-18,13596.38,13803.08,13472.45,13783.45
2008-01-22,13701.43,13704.65,13320.51,13325.94
2008-01-23,13125.23,13125.23,12572.68,12573.05
2008-01-24,12756.31,13063.78,12619.78,12829.06
2008-01-25,12952.5,13134.77,12952.5,13092.78
2008-01-29,13482.84,13501.86,13087.91,13087.91
2008-01-30,13246.69,13506.81,13224.66,13478.86
2008-01-31,13500.52,13514.13,13271.13,13345.03
2008-02-01,13227.48,13622.68,13154.77,13592.47
2008-02-05,13642.6,13889.24,13642.6,13859.7
2008-02-06,13806.17,13821.92,13665.64,13745.5
2008-02-07,13548.53,13552.19,13099.24,13099.24
2008-02-08,13077.25,13244.19,12972.55,13207.15
2008-02-13,12998.87,13138.28,12923.42,13021.96
2008-02-14,13162.95,13240.26,13036.62,13068.3
2008-02-15,13254.59,13626.45,13251.86,13626.45
2008-02-19,13627.31,13822.45,13627.31,13635.4
2008-02-20,13761.76,13853.21,13691.88,13757.91
2008-02-21,13729.75,13729.75,13310.37,13310.37
2008-02-22,13462.72,13783.97,13439.59,13688.28
2008-02-26,13612.31,13969.18,13612.31,13914.57
2008-02-27,14036.89,14053.85,13803.46,13824.72
2008-02-28,14007.32,14105.47,13956.44,14031.3
2008-02-29,13877.88,13962.3,13794.71,13925.51
2008-03-04,13412.87,13413.63,12992.18,12992.18
2008-03-05,13080.29,13110.39,12883.07,12992.28
2008-03-06,12973.03,13044.01,12919.81,12972.06
2008-03-07,13068.89,13365.22,13050.55,13215.42
2008-03-11,12716.84,12777.07,12527.07,12532.13
2008-03-12,12392.31,12674.89,12352.79,12658.28
2008-03-13,12841.88,13071.22,12799.42,12861.13
2008-03-14,12741.26,12772.37,12351.72,12433.44
2008-03-18,12089.03,12132.69,11691,11787.51
2008-03-19,11828.99,11995.06,11793.6,11964.16
2008-03-20,12142.33,12374.75,12142.33,12260.44
2008-03-25,12473.06,12582.46,12438.2,12480.09
2008-03-26,12639.74,12791.24,12572.77,12745.22
2008-03-27,12648.97,12711.78,12591.01,12706.63
2008-03-28,12618.42,12621.56,12475.88,12604.58
2008-04-01,12709.28,12709.28,12430.63,12525.54
2008-04-02,12539.8,12779.14,12521.84,12656.42
2008-04-03,12836.41,13189.36,12836.41,13189.36
2008-04-04,13190.16,13389.9,13137.1,13389.9
2008-04-08,13240.56,13485.9,13228.86,13450.23
2008-04-09,13373.96,13402.91,13225.76,13250.43
2008-04-10,13295.16,13348.38,12998.54,13111.89
2008-04-11,13029.81,13062.46,12898.49,12945.3
2008-04-15,13132.67,13132.67,12858.63,12917.51
2008-04-16,12952.65,13052.82,12875.92,12990.58
2008-04-17,13130.66,13222.43,13112.07,13146.13
2008-04-18,13315.83,13495.94,13313.06,13398.3
2008-04-22,13639.85,13739.44,13639.77,13696.55
2008-04-23,13587.51,13608.17,13519.12,13547.82
2008-04-24,13455.56,13717.05,13449.04,13579.16
2008-04-25,13613.83,13654.78,13497.16,13540.87
2008-04-29,13907.97,14003.28,13745.61,13894.37
2008-05-01,13802.94,13976.1,13766.24,13849.99
2008-05-02,13802.59,13884.63,13727.07,13766.86
2008-05-08,14147.57,14208.67,14022.79,14102.48
2008-05-09,14008.19,14036.31,13930.28,13943.26
2008-05-13,13565.91,13793.41,13540.68,13743.36
2008-05-14,13814.39,13976.92,13734.5,13953.73
2008-05-15,13961.96,14121.94,13877.4,14118.55
2008-05-16,14167.02,14352.84,14167.02,14251.74
2008-05-20,14294.52,14343.19,14219.08,14269.61
2008-05-21,14220.12,14286.67,14121.92,14160.09
2008-05-22,14002.52,14041.24,13847.18,13926.3
2008-05-23,13772.65,13984.81,13658.02,13978.46
2008-05-27,13875.98,13883.51,13670.92,13690.19
2008-05-28,13750.82,13931.23,13750.82,13893.31
2008-05-29,13937.14,13979.39,13665.57,13709.44
2008-05-30,13832.65,14147.89,13832.65,14124.47
2008-06-03,14342.96,14461.03,14189.97,14440.14
2008-06-04,14275.61,14289.47,14127.75,14209.17
2008-06-05,14270.07,14435.57,14250.11,14435.57
2008-06-06,14392.59,14392.59,14262.02,14341.12
2008-06-10,14275.34,14278.84,14117.79,14181.38
2008-06-11,14281.36,14308.89,13983.56,14021.17
2008-06-12,14137.54,14194.48,13993.57,14183.48
2008-06-13,14010.32,14010.32,13826.07,13888.6
2008-06-17,14118.23,14369.09,14103.5,14354.37
2008-06-18,14387,14387,14299.67,14348.37
2008-06-19,14301.36,14469.99,14301.36,14452.82
2008-06-20,14324.71,14324.71,14069.16,14130.17
2008-06-24,13769.44,13920.75,13667.84,13857.47
2008-06-25,13766.28,13877.49,13738.39,13849.56
2008-06-26,13820.78,13833.23,13635.68,13829.92
2008-06-27,13845.41,13950.56,13798.05,13822.32
2008-07-01,13584.51,13598.48,13454.28,13481.38
2008-07-02,13514.86,13576.41,13448.35,13463.2
2008-07-03,13489.87,13489.87,13247.05,13286.37
2008-07-04,13161.78,13326.95,13118.89,13265.4
2008-07-08,13212.8,13409.3,13169.55,13360.04
2008-07-09,13286.5,13294.97,12984.54,13033.1
2008-07-10,13169.89,13284.65,13038.77,13052.13
2008-07-11,12934.31,13139.85,12930.32,13067.21
2008-07-15,13022.29,13185.9,12969.93,13010.16
2008-07-16,12902.13,12902.13,12715.81,12754.56
2008-07-17,12725.12,12815.4,12671.34,12760.8
2008-07-18,12889.8,12929.74,12852.93,12887.95
2008-07-23,12944.56,13184.96,12921.02,13184.96
2008-07-24,13259.65,13388.63,13238.55,13312.93
2008-07-25,13411.28,13603.31,13393.57,13603.31
2008-07-29,13407.36,13468.94,13327.12,13353.78
2008-07-30,13220.33,13220.33,13018.22,13159.45
2008-07-31,13267.37,13372.28,13264.08,13367.79
2008-08-01,13410.4,13467.67,13256.38,13376.81
2008-08-05,13083.28,13113.94,12910.17,12933.18
2008-08-06,12957.01,13049.58,12893.34,12914.66
2008-08-07,13059.43,13295.51,13048.97,13254.89
2008-08-08,13257.99,13257.99,13034.15,13124.99
2008-08-12,13259.46,13468.81,13259.46,13430.91
2008-08-13,13397.99,13420.1,13276.15,13303.6
2008-08-14,13205.64,13205.64,12953.34,13023.05
2008-08-15,12942.61,13090.68,12926.98,12956.8
2008-08-19,12971.49,13270.37,12934.22,13165.45
2008-08-20,13016.5,13016.5,12782.1,12865.05
2008-08-21,12753.98,12923.66,12753.98,12851.69
2008-08-22,12885.34,12885.34,12723.83,12752.21
2008-08-26,12797.54,12949.33,12797.54,12878.66
2008-08-27,12711.03,12801.21,12656.09,12778.71
2008-08-28,12734.39,12783.63,12681.98,12752.96
2008-08-29,12827.72,12847.46,12718.53,12768.25
2008-09-02,12936.81,12940.55,12834.18,12834.18
2008-09-03,12779.89,12920.52,12491.07,12609.47
2008-09-04,12703.36,12767.5,12647.29,12689.59
2008-09-05,12627.64,12660.57,12514.26,12557.66
2008-09-09,12359.93,12671.76,12352.35,12624.46
2008-09-10,12529.96,12529.96,12335.74,12400.65
2008-09-11,12249.14,12404.67,12159.97,12346.63
2008-09-12,12237.52,12259.02,12081.51,12102.5
2008-09-17,12028.45,12028.45,11551.4,11609.72
2008-09-18,11737.62,11880.03,11708.7,11749.79
2008-09-19,11576.94,11577.88,11301.46,11489.3
2008-09-23,12037.89,12263.95,12037.89,12090.59
2008-09-25,12031.98,12115.03,11904.6,12115.03
2008-09-26,11925.71,12025.41,11835.28,12006.53
2008-09-30,11883.25,12062.67,11721.05,11743.61
2008-10-01,11565.7,11565.7,11160.83,11259.86
2008-10-02,11396.61,11456.64,11314.28,11368.26
2008-10-03,11423.13,11452.39,11143.79,11154.76
2008-10-07,10817.27,10839.5,10374.38,10473.09
2008-10-08,10328.54,10363.14,9916.21,10155.9
2008-10-09,10011.64,10011.64,9159.81,9203.32
2008-10-10,9168.16,9443.45,9100.93,9157.49
2008-10-15,8407.94,9455.62,8407.94,9447.57
2008-10-16,9390.5,9601.3,9269.49,9547.47
2008-10-17,9400.85,9400.85,8458.45,8458.45
2008-10-21,8775.24,9038.45,8687.7,9005.59
2008-10-22,9139.26,9358.51,9135.41,9306.25
2008-10-23,9198.14,9198.14,8674.69,8674.69
2008-10-24,8547.79,8547.79,8016.61,8460.98
2008-10-28,7568.36,7878.97,7141.27,7162.9
2008-10-29,7143.34,7626.42,6994.9,7621.92
2008-10-30,7741.52,8211.9,7741.52,8211.9
2008-10-31,8269.71,9030.85,8269.71,9029.76
2008-11-05,8702.77,9142.29,8699.77,9114.6
2008-11-06,9224.05,9521.24,9216.3,9521.24
2008-11-07,9373.65,9380.3,8806.71,8899.14
2008-11-11,8711.99,9106.29,8711.99,9081.43
2008-11-12,8965.29,9056.31,8704.56,8809.3
2008-11-13,8694.91,8782.48,8574.2,8695.51
2008-11-14,8564.47,8564.47,8148.3,8238.64
2008-11-18,8366.88,8767.98,8218.82,8522.58
2008-11-19,8415.6,8440.41,8302.24,8328.41
2008-11-20,8309.35,8370.09,8115.71,8273.22
2008-11-21,8149.77,8149.79,7703.04,7703.04
2008-11-26,8026.06,8356.83,8025.69,8323.93
2008-11-27,8229.72,8317.83,8149.56,8213.22
2008-11-28,8311.24,8458.68,8300.49,8373.39
2008-12-02,8464.36,8464.36,8307.28,8397.22
2008-12-03,8266.32,8266.32,7863.69,7863.69
2008-12-04,7965.31,8056.38,7889.82,8004.1
2008-12-05,8030.2,8107.69,7849.84,7924.24
2008-12-09,7970.69,8358.27,7959.01,8329.05
2008-12-10,8362.37,8499.6,8314.85,8395.87
2008-12-11,8376,8704.92,8376,8660.24
2008-12-12,8642.26,8720.55,8519.11,8720.55
2008-12-16,8349.85,8700.17,8349.85,8664.66
2008-12-17,8608.4,8634.26,8471.24,8568.02
2008-12-18,8658.22,8741.24,8425.66,8612.52
2008-12-19,8565.16,8728.36,8534.84,8667.23
2008-12-23,8602.5,8751.18,8593.76,8723.78
2008-12-25,8630.25,8631.83,8476.69,8517.1
2008-12-26,8531.51,8599.5,8531.16,8599.5
2008-12-30,8726.31,8763.67,8638.6,8747.17
2008-12-31,8716.28,8859.56,8702.95,8859.56
2009-01-06,8991.21,9127.38,8987.36,9043.12
2009-01-07,9130.01,9171.03,9029.94,9080.84
2009-01-08,9133.8,9325.35,9106.05,9239.24
2009-01-09,9143.21,9148.83,8876.42,8876.42
2009-01-14,8732.63,8732.93,8405.5,8413.91
2009-01-15,8425.75,8516.07,8359.16,8438.45
2009-01-16,8309.38,8309.38,7997.73,8023.31
2009-01-20,8318.26,8351.68,8221.84,8256.85
2009-01-21,8187.14,8190.42,7962.46,8065.79
2009-01-22,7949.96,8009.22,7829.3,7901.64
2009-01-23,7988.3,8051.74,7809.89,8051.74
2009-01-27,7714.26,7807.16,7671.04,7682.14
2009-01-28,7782.9,8115.15,7782.07,8061.07
2009-01-29,8052.25,8171.63,7936.59,8106.29
2009-01-30,8201.16,8305.38,8138.99,8251.24
2009-02-03,7908.51,7955.75,7795.27,7873.98
2009-02-04,7862.95,8084.41,7800.8,7825.51
2009-02-05,7897.24,8084.97,7863.65,8038.94
2009-02-06,7985.53,8093.96,7901.04,7949.65
2009-02-10,8178.07,8257.71,7969.03,7969.03
2009-02-11,8066.94,8124.79,7917.27,7945.94
2009-02-13,7842.53,7862.52,7685.68,7705.36
2009-02-17,7732.68,7804.24,7694.73,7750.17
2009-02-18,7690.13,7710.43,7615.94,7645.51
2009-02-19,7539.96,7565.79,7479.18,7534.44
2009-02-20,7604.22,7642.69,7537.56,7557.65
2009-02-24,7314.3,7417.18,7209.43,7376.16
2009-02-25,7266.68,7270.9,7155.16,7268.56
2009-02-26,7368.44,7471.03,7330.44,7461.22
2009-02-27,7470.6,7599.81,7433.06,7457.93
2009-03-03,7454.28,7454.28,7234.96,7280.15
2009-03-04,7177.79,7288.14,7088.47,7229.72
2009-03-05,7146.71,7320.65,7104.63,7290.96
2009-03-06,7336.02,7532.87,7336.02,7433.49
2009-03-10,7191.13,7241.02,7028.49,7086.03
2009-03-11,7059.77,7100.77,7021.28,7054.98
2009-03-12,7518,7518,6971,7178
2009-03-19,7178,8061,7178,7948
2009-03-23,7948,8313,7866,8313
2009-03-24,8313,8523,8303,8423
2009-03-25,8423,8568,8403,8443
2009-03-26,8443,8791,8443,8773
2009-03-27,8773,8840,8675,8720
2009-04-06,8720,8990,8720,8910
2009-04-07,8910,8910,8710,8720
2009-04-08,8720,8783,8548,8630
2009-04-09,8630,8930,8623,8890
2009-04-10,8890,9080,8845,8920
2009-04-13,8920,9020,8815,8835
2009-04-14,8835,8983,8735,8870
2009-04-15,8870,8870,8665,8805
2009-04-16,8805,9025,8690,8750
2009-04-17,8750,8957,8750,8952
2009-04-20,8952,8952,8807,8837
2009-04-21,8837,8837,8597,8717
2009-04-22,8717,8797,8672,8707
2009-04-23,8707,8862,8632,8857
2009-04-24,8857,8857,8677,8772
2009-04-27,8772,8832,8637,8697
2009-04-28,8697,8797,8462,8487
2009-04-30,8487,8972,8487,8962
2009-05-01,8962,9082,8812,9082
2009-05-07,9082,9432,9075,9427
2009-05-08,9427,9472,9337,9467
2009-05-11,9467,9492,9327,9357
2009-05-12,9357,9382,9292,9357
2009-05-13,9357,9372,9282,9297
2009-05-14,9297,9297,9037,9052
2009-05-15,9052,9257,9052,9182
2009-05-18,9182,9182,8975,9152
2009-05-19,9152,9397,9125,9392
2009-05-20,9392,9392,9297,9352
2009-05-21,9352,9352,9172,9242
2009-05-22,9242,9257,9097,9217
2009-05-26,9217,9367,9217,9217
2009-05-27,9217,9482,9217,9452
2009-05-28,9452,9482,9337,9437
2009-05-29,9437,9517,9417,9517
2009-06-01,9517,9732,9477,9717
2009-06-02,9717,9792,9657,9707
2009-06-03,9707,9762,9677,9682
2009-06-04,9682,9732,9637,9722
2009-06-05,9722,9802,9707,9802
2009-06-08,9802,9902,9747,9752
2009-06-09,9752,9842,9742,9772
2009-06-10,9772,10067,9772,10057
2009-06-11,10057,10057,9957,10017
2009-06-12,10017,10167,10017,10107
2009-06-15,10107,10117,9962,9962
2009-06-16,9962,9970,9747,9797
2009-06-17,9797,9837,9717,9747
2009-06-18,9747,9747,9647,9722
2009-06-19,9722,9812,9692,9807
2009-06-22,9807,9888,9728,9733
2009-06-23,9733,9766,9508,9563
2009-06-24,9563,9613,9533,9608
2009-06-25,9608,9878,9608,9748
2009-06-26,9748,9938,9748,9898
2009-06-29,9898,9943,9753,9853
2009-06-30,9853,10003,9853,9923
2009-07-01,9923,10083,9863,9968
2009-07-02,9968,9983,9823,9843
2009-07-03,9843,9843,9683,9783
2009-07-06,9783,9783,9598,9598
2009-07-07,9598,9723,9598,9668
2009-07-08,9668,9668,9393,9398
2009-07-09,9398,9398,9263,9343
2009-07-10,9343,9363,9113,9128
2009-07-13,9128,9338,9013,9078
2009-07-14,9078,9283,9078,9273
2009-07-15,9273,9363,9243,9358
2009-07-16,9358,9488,9303,9393
2009-07-17,9393,9413,9353,9403
2009-07-21,9403,9668,9403,9663
2009-07-22,9663,9743,9598,9658
2009-07-23,9658,9853,9658,9798
2009-07-24,9798,10045,9798,10035
2009-07-27,10035,10175,9993,10105
2009-07-28,10105,10120,10040,10080
2009-07-29,10080,10155,10020,10114
2009-07-30,10114,10289,10059,10279
2009-07-31,10279,10379,10249,10334
2009-08-03,10334,10439,10314,10434
2009-08-04,10434,10474,10319,10319
2009-08-05,10319,10404,10234,10289
2009-08-06,10289,10439,10264,10434
2009-08-07,10434,10434,10244,10374
2009-08-10,10374,10584,10374,10519
2009-08-11,10519,10624,10504,10589
2009-08-12,10589,10589,10336,10421
2009-08-13,10421,10576,10421,10576
2009-08-14,10576,10626,10531,10581
2009-08-17,10581,10581,10151,10171
2009-08-18,10171,10331,10171,10291
2009-08-19,10291,10316,10106,10114
2009-08-20,10114,10401,10114,10347
2009-08-21,10347,10362,10132,10342
2009-08-24,10342,10587,10342,10562
2009-08-25,10562,10567,10482,10562
2009-08-26,10562,10672,10522,10587
2009-08-27,10587,10587,10392,10518
2009-08-28,10518,10578,10463,10578
2009-08-31,10578,10755,10405,10425
2009-09-01,10425,10570,10390,10415
2009-09-02,10415,10428,10200,10250
2009-09-03,10250,10280,10170,10215
2009-09-04,10215,10250,10130,10210
2009-09-07,10210,10350,10210,10325
2009-09-08,10325,10425,10290,10400
2009-09-09,10400,10400,10230,10340
2009-09-10,10340,10514,10340,10501
2009-09-11,10501,10510,10386,10415
2009-09-14,10415,10415,10175,10210
2009-09-15,10210,10305,10195,10215
2009-09-16,10215,10415,10215,10285
2009-09-17,10285,10439,10285,10424
2009-09-18,10424,10424,10299,10423
2009-09-24,10423,10564,10394,10489
2009-09-25,10489,10489,10220,10275
2009-09-28,10275,10275,9972,10037
2009-09-29,10037,10150,10037,10072
2009-09-30,10072,10137,10062,10107
2009-10-01,10107,10107,9947,9947
2009-10-02,9947,9949,9662,9672
2009-10-05,9672,9757,9652,9697
2009-10-06,9697,9762,9617,9762
2009-10-07,9762,9807,9722,9732
2009-10-08,9732,9907,9732,9897
2009-10-09,9897,10012,9842,9967
2009-10-13,9967,10107,9967,10052
2009-10-14,10052,10132,10007,10132
2009-10-15,10132,10267,10125,10247
2009-10-16,10247,10292,10212,10247
2009-10-19,10247,10302,10117,10302
2009-10-20,10302,10352,10267,10272
2009-10-21,10272,10342,10247,10262
2009-10-22,10262,10267,10147,10227
2009-10-23,10227,10357,10227,10282
2009-10-26,10282,10387,10242,10372
2009-10-27,10372,10372,10192,10222
2009-10-28,10222,10222,9957,9972
2009-10-29,9972,10005,9837,9872
2009-10-30,9872,10035,9872,9947
2009-11-02,9947,9947,9697,9812
2009-11-04,9812,9862,9747,9862
2009-11-05,9862,9862,9647,9717
2009-11-06,9717,9837,9717,9752
2009-11-09,9752,9842,9717,9842
2009-11-10,9842,9967,9837,9877
2009-11-11,9877,9953,9838,9938
2009-11-12,9938,9938,9740,9775
2009-11-13,9775,9810,9710,9735
2009-11-16,9735,9820,9720,9815
2009-11-17,9815,9850,9705,9720
2009-11-18,9720,9790,9625,9675
2009-11-19,9675,9690,9470,9480
2009-11-20,9480,9505,9420,9440
2009-11-24,9440,9510,9320,9395
2009-11-25,9395,9475,9365,9405
2009-11-26,9405,9450,9310,9335
2009-11-27,9335,9335,8995,9140
2009-11-30,9140,9340,9123,9260
2009-12-01,9260,9555,9210,9510
2009-12-02,9510,9675,9500,9660
2009-12-03,9660,9978,9660,9960
2009-12-04,9960,10020,9895,9983
2009-12-07,9983,10198,9983,10113
2009-12-08,10113,10143,10058,10088
2009-12-09,10088,10088,9898,9943
2009-12-10,9943,10028,9818,9821
2009-12-11,9821,10103,9821,10098
2009-12-14,10098,10111,9993,10068
2009-12-15,10068,10098,10013,10063
2009-12-16,10063,10235,10063,10230
2009-12-17,10230,10255,10075,10095
2009-12-18,10095,10195,10010,10185
2009-12-21,10185,10205,10155,10190
2009-12-22,10190,10395,10190,10395
2009-12-24,10395,10555,10395,10505
2009-12-28,10505,10665,10505,10635
2009-12-29,10635,10720,10595,10695
2009-12-30,10695,10725,10505,10535
2010-01-04,10535,10695,10535,10685
2010-01-05,10685,10795,10660,10710
2010-01-06,10710,10770,10660,10735
2010-01-07,10735,10770,10635,10660
2010-01-08,10660,10835,10660,10825
2010-01-12,10825,10905,10755,10850
2010-01-13,10850,10855,10675,10695
2010-01-14,10695,10925,10695,10925
2010-01-15,10925,10975,10870,10940
2010-01-18,10940,10940,10770,10845
2010-01-19,10845,10860,10715,10720
2010-01-20,10720,10850,10655,10690
2010-01-21,10690,10885,10645,10765
2010-01-22,10765,10778,10515,10575
2010-01-25,10575,10575,10405,10570
2010-01-26,10570,10570,10265,10270
2010-01-27,10270,10370,10204,10239
2010-01-28,10239,10454,10239,10385
2010-01-29,10385,10385,10156,10226
2010-02-01,10226,10236,10126,10236
2010-02-02,10236,10390,10236,10385
2010-02-03,10385,10435,10345,10410
2010-02-04,10410,10430,10253,10263
2010-02-05,10263,10286,9908,9913
2010-02-08,9913,10053,9913,9943
2010-02-09,9943,10003,9863,9998
2010-02-10,9998,10063,9953,10063
2010-02-12,10063,10118,10008,10033
2010-02-15,10033,10113,9993,10023
2010-02-16,10023,10082,10007,10082
2010-02-17,10082,10332,10075,10317
2010-02-18,10317,10332,10277,10322
2010-02-19,10322,10347,10117,10212
2010-02-22,10212,10442,10195,10337
2010-02-23,10337,10365,10272,10305
2010-02-24,10305,10305,10117,10172
2010-02-25,10172,10262,10077,10102
2010-02-26,10102,10167,10077,10127
2010-03-01,10127,10227,10112,10197
2010-03-02,10197,10237,10142,10232
2010-03-03,10232,10271,10176,10246
2010-03-04,10246,10256,10106,10171
2010-03-05,10171,10385,10171,10375
2010-03-08,10375,10589,10375,10569
2010-03-09,10569,10589,10504,10509
2010-03-10,10509,10583,10509,10568
2010-03-11,10568,10668,10568,10668
2010-03-12,10668,10757,10668,10730
2010-03-15,10730,10800,10705,10705
2010-03-16,10705,10770,10705,10770
2010-03-17,10770,10855,10750,10840
2010-03-18,10840,10840,10705,10740
2010-03-19,10740,10815,10740,10800
2010-03-23,10800,10805,10715,10770
2010-03-24,10770,10875,10755,10755
2010-03-25,10755,10860,10755,10860
2010-03-26,10860,11010,10860,11000
2010-03-29,11000,11060,10894,11055
2010-03-30,11055,11137,10997,11102
2010-03-31,11102,11137,11072,11117
2010-04-01,11117,11260,11112,11232
2010-04-02,11232,11306,11226,11306
2010-04-05,11306,11366,11296,11301
2010-04-06,11301,11346,11210,11290
2010-04-07,11290,11340,11232,11257
2010-04-08,11257,11257,11089,11104
2010-04-09,11104,11246,11104,11231
2010-04-12,11231,11346,11231,11246
2010-04-13,11246,11246,11076,11141
2010-04-14,11141,11261,11141,11226
2010-04-15,11226,11306,11196,11226
2010-04-16,11226,11226,11075,11125
2010-04-19,11125,11125,10832,10842
2010-04-20,10842,10997,10842,10972
2010-04-21,10972,11087,10950,11017
2010-04-22,11017,11030,10842,10847
2010-04-23,10847,10957,10847,10927
2010-04-26,10927,11172,10927,11157
2010-04-27,11157,11207,11102,11127
2010-04-28,11127,11140,10837,10902
2010-04-29,10902,10942,10902,10915
2010-04-30,10915,11097,10915,11080
2010-05-06,11080,11080,10615,10675
2010-05-07,10675,10675,10200,10453
2010-05-10,10453,10708,10368,10698
2010-05-11,10698,10698,10352,10357
2010-05-12,10357,10492,10332,10422
2010-05-13,10422,10657,10420,10542
2010-05-14,10542,10570,10337,10372
2010-05-17,10372,10385,10152,10297
2010-05-18,10297,10332,10197,10297
2010-05-19,10297,10297,10012,10017
2010-05-20,10017,10157,9987,10022
2010-05-21,10022,10022,9622,9637
2010-05-24,9637,9797,9575,9660
2010-05-25,9660,9685,9279,9539
2010-05-26,9539,9624,9351,9411
2010-05-27,9411,9818,9384,9773
2010-05-28,9773,9868,9618,9650
2010-05-31,9650,9830,9350,9728
2010-06-01,9728,9790,9018,9610
2010-06-02,9610,9818,9555,9800
2010-06-03,9800,9983,9768,9908
2010-06-04,9908,9957,9547,9582
2010-06-07,9582,9860,9300,9395
2010-06-08,9395,9578,9301,9491
2010-06-09,9491,9611,9371,9479
2010-06-10,9479,9705,9434,9690
2010-06-11,9690,9802,9622,9797
2010-06-14,9797,9915,9578,9798
2010-06-15,9798,10045,9798,10030
2010-06-16,10030,10110,9980,10078
2010-06-17,10078,10095,9935,10015
2010-06-18,10015,10025,9955,10018
2010-06-21,10018,10260,9995,10153
2010-06-22,10153,10178,9895,9930
2010-06-23,9930,9965,9773,9873
2010-06-24,9873,10000,9685,9750
2010-06-25,9750,9785,9650,9745
2010-06-28,9745,9765,9635,9665
2010-06-29,9665,9753,9275,9330
2010-06-30,9330,9405,9115,9115
2010-07-01,9115,9285,9017,9165
2010-07-02,9165,9292,9120,9212
2010-07-05,9212,9280,9072,9195
2010-07-06,9195,9500,9085,9313
2010-07-07,9313,9533,9213,9525
2010-07-08,9525,9630,9480,9605
2010-07-09,9605,9633,9510,9630
2010-07-12,9630,9630,9510,9578
2010-07-13,9578,9660,9493,9620
2010-07-14,9620,9803,9620,9768
2010-07-15,9768,9770,9518,9615
2010-07-16,9615,9633,9180,9195
2010-07-19,9195,9305,9175,9260
2010-07-20,9260,9400,9155,9375
2010-07-21,9375,9390,9185,9200
2010-07-22,9200,9420,9165,9325
2010-07-23,9325,9535,9325,9515
2010-07-26,9515,9545,9415,9525
2010-07-27,9525,9625,9470,9620
2010-07-28,9620,9750,9613,9668
2010-07-29,9668,9728,9553,9623
2010-07-30,9623,9648,9403,9503
2010-08-02,9503,9723,9503,9718
2010-08-03,9718,9736,9578,9643
2010-08-04,9643,9643,9463,9628
2010-08-05,9628,9673,9536,9588
2010-08-06,9588,9670,9448,9580
2010-08-09,9580,9635,9440,9440
2010-08-10,9440,9658,9440,9485
2010-08-11,9485,9485,9110,9128
2010-08-12,9128,9250,9050,9153
2010-08-13,9153,9280,9148,9195
2010-08-16,9195,9205,9075,9135
2010-08-17,9135,9305,9068,9210
2010-08-18,9210,9275,9140,9210
2010-08-19,9210,9365,9145,9208
2010-08-20,9208,9265,9065,9145
2010-08-23,9145,9165,9030,9035
2010-08-24,9035,9065,8795,8845
2010-08-25,8845,8937,8730,8907
2010-08-26,8907,8922,8807,8832
2010-08-27,8832,9077,8804,9059
2010-08-30,9059,9274,8977,8977
2010-08-31,8977,8994,8752,8819
2010-09-01,8819,9107,8789,9099
2010-09-02,9099,9102,8947,9089
2010-09-03,9089,9254,9037,9174
2010-09-06,9174,9294,9159,9252
2010-09-07,9252,9297,9074,9087
2010-09-08,9087,9158,8984,9118
2010-09-09,9118,9185,9065,9140
2010-09-10,9140,9287,9127,9282
2010-09-13,9282,9387,9280,9342
2010-09-14,9342,9342,9212,9292
2010-09-15,9292,9667,9192,9652
2010-09-16,9652,9652,9472,9585
2010-09-17,9585,9662,9532,9577
2010-09-20,9577,9742,9547,9715
2010-09-21,9715,9715,9542,9577
2010-09-22,9577,9622,9452,9475
2010-09-23,9475,9517,9367,9412
2010-09-24,9412,9597,9405,9542
2010-09-27,9542,9602,9525,9547
2010-09-28,9547,9585,9404,9464
2010-09-29,9464,9589,9464,9512
2010-09-30,9512,9556,9341,9386
2010-10-01,9386,9461,9346,9396
2010-10-04,9396,9496,9236,9301
2010-10-05,9301,9630,9301,9585
2010-10-06,9585,9705,9560,9658
2010-10-07,9658,9712,9562,9645
2010-10-08,9645,9665,9472,9602
2010-10-11,9602,9625,9577,9610
2010-10-12,9610,9640,9357,9432
2010-10-13,9432,9547,9382,9482
2010-10-14,9482,9597,9297,9550
2010-10-15,9550,9550,9457,9492
2010-10-18,9492,9560,9455,9515
2010-10-19,9515,9570,9410,9463
2010-10-20,9463,9485,9303,9458
2010-10-21,9458,9470,9315,9380
2010-10-22,9380,9445,9380,9435
2010-10-25,9435,9448,9360,9370
2010-10-26,9370,9448,9330,9418
2010-10-27,9418,9445,9305,9390
2010-10-28,9390,9403,9308,9331
2010-10-29,9331,9331,9136,9153
2010-11-01,9153,9261,9063,9118
2010-11-02,9118,9216,9116,9206
2010-11-03,9206,9285,9168,9285
2010-11-04,9285,9486,9285,9466
2010-11-05,9466,9687,9465,9687
2010-11-08,9687,9730,9662,9700
2010-11-09,9700,9784,9643,9724
2010-11-10,9724,9887,9724,9854
2010-11-11,9854,9877,9779,9834
2010-11-12,9834,9844,9634,9724
2010-11-15,9724,9887,9724,9859
2010-11-16,9859,9902,9654,9684
2010-11-17,9684,9840,9684,9810
2010-11-18,9810,10145,9790,10098
2010-11-19,10098,10108,9995,10095
2010-11-22,10095,10155,9970,10088
2010-11-23,10088,10088,9785,9855
2010-11-24,9855,10135,9855,10095
2010-11-25,10095,10113,10035,10059
2010-11-26,10059,10130,9985,10005
2010-11-29,10005,10150,9967,10072
2010-11-30,10072,10097,9845,9930
2010-12-01,9930,10193,9908,10160
2010-12-02,10160,10297,10137,10297
2010-12-03,10297,10297,10092,10164
2010-12-06,10164,10197,10042,10042
2010-12-07,10042,10234,10042,10192
2010-12-08,10192,10269,10174,10269
2010-12-09,10269,10287,10204,10242
2010-12-10,10242,10322,10182,10213
2010-12-13,10213,10328,10193,10278
2010-12-14,10278,10363,10278,10333
2010-12-15,10333,10338,10271,10328
2010-12-16,10328,10368,10268,10333
2010-12-17,10333,10333,10263,10296
2010-12-20,10296,10296,10173,10261
2010-12-21,10261,10393,10256,10376
2010-12-22,10376,10391,10291,10333
2010-12-23,10333,10363,10248,10263
2010-12-27,10263,10381,10168,10313
2010-12-28,10313,10336,10223,10263
2010-12-29,10263,10363,10263,10285
2010-12-30,10285,10300,10135,10178
2010-12-31,10178,10178,10090,10165
2011-01-03,10165,10335,10164,10315
2011-01-04,10315,10408,10295,10380
2011-01-05,10380,10508,10315,10480
2011-01-06,10480,10535,10445,10475
2011-01-07,10475,10540,10400,10455
2011-01-10,10455,10473,10350,10428
2011-01-11,10428,10565,10428,10543
2011-01-12,10543,10620,10488,10575
2011-01-13,10575,10610,10535,10553
2011-01-14,10553,10585,10453,10565
2011-01-17,10565,10565,10465,10495
2011-01-18,10495,10568,10440,10560
2011-01-19,10560,10568,10405,10433
2011-01-20,10433,10495,10380,10470
2011-01-21,10470,10470,10250,10290
2011-01-24,10290,10390,10263,10385
2011-01-25,10385,10478,10333,10416
2011-01-26,10416,10458,10386,10428
2011-01-27,10428,10513,10411,10493
2011-01-28,10493,10493,10201,10206
2011-01-31,10206,10281,10174,10241
2011-02-01,10241,10366,10236,10316
2011-02-02,10316,10491,10316,10454
2011-02-03,10454,10511,10404,10486
2011-02-04,10486,10621,10486,10619
2011-02-07,10619,10666,10559,10636
2011-02-08,10636,10676,10601,10671
2011-02-09,10671,10686,10549,10616
2011-02-10,10616,10671,10531,10654
2011-02-11,10654,10725,10575,10700
2011-02-14,10700,10765,10668,10740
2011-02-15,10740,10780,10710,10755
2011-02-16,10755,10900,10750,10865
2011-02-17,10865,10888,10805,10855
2011-02-18,10855,10870,10805,10840
2011-02-21,10840,10870,10728,10744
2011-02-22,10744,10753,10500,10530
2011-02-23,10530,10658,10435,10545
2011-02-24,10545,10545,10325,10365
2011-02-25,10365,10525,10365,10485
2011-02-28,10485,10667,10110,10666
2011-03-01,10666,10777,10330,10602
2011-03-02,10602,10620,10477,10512
2011-03-03,10512,10728,10512,10713
2011-03-04,10713,10760,10545,10635
2011-03-07,10635,10635,10410,10440
2011-03-08,10440,10613,10440,10555
2011-03-09,10555,10650,10503,10550
2011-03-10,10550,10550,10323,10333
2011-03-11,10333,10378,9930,10030
2011-03-14,10030,10030,9185,9425
2011-03-15,9425,9425,8335,9064
2011-03-16,9064,9200,8385,8588
2011-03-17,8588,9080,8429,8955
2011-03-18,8955,9386,8875,9356
2011-03-21,9356,9605,9356,9563
2011-03-22,9563,9645,9443,9630
2011-03-23,9630,9630,9375,9483
2011-03-24,9483,9627,9373,9607
2011-03-25,9607,9610,9460,9473
2011-03-28,9473,9560,9380,9382
2011-03-29,9382,9496,9335,9486
2011-03-30,9486,9803,9458,9768
2011-03-31,9768,9788,9663,9713
2011-04-01,9713,9831,9688,9816
2011-04-04,9816,9816,9696,9719
2011-04-05,9719,9729,9564,9639
2011-04-06,9639,9701,9546,9636
2011-04-07,9636,9693,9405,9505
2011-04-08,9505,9804,9465,9702
2011-04-11,9702,9785,9605,9625
2011-04-12,9625,9625,9473,9498
2011-04-13,9498,9660,9475,9570
2011-04-14,9570,9673,9540,9613
2011-04-15,9613,9640,9532,9552
2011-04-18,9552,9595,9347,9475
2011-04-19,9475,9505,9383,9498
2011-04-20,9498,9690,9495,9660
2011-04-21,9660,9710,9625,9630
2011-04-25,9630,9735,9625,9650
2011-04-26,9650,9675,9530,9610
2011-04-27,9610,9750,9610,9715
2011-04-28,9715,9935,9703,9913
2011-04-29,9913,9940,9875,9908
2011-05-02,9908,10033,9908,9963
2011-05-03,9963,9970,9855,9928
2011-05-04,9928,9935,9790,9835
2011-05-05,9835,9875,9665,9745
2011-05-06,9745,9913,9745,9803
2011-05-09,9803,9845,9760,9775
2011-05-10,9775,9905,9743,9885
2011-05-11,9885,9928,9708,9778
2011-05-12,9778,9831,9648,9761
2011-05-13,9761,9780,9543,9590
2011-05-16,9590,9620,9510,9518
2011-05-17,9518,9610,9495,9600
2011-05-18,9600,9718,9568,9710
2011-05-19,9710,9728,9590,9618
2011-05-20,9618,9660,9515,9535
2011-05-23,9535,9535,9370,9400
2011-05-24,9400,9528,9385,9468
2011-05-25,9468,9500,9403,9493
2011-05-26,9490,9565,9460,9525
2011-05-27,9525,9583,9475,9513
2011-05-30,9493,9528,9440,9515
2011-05-31,9515,9721,9459,9706
2011-06-01,9706,9712,9392,9547
2011-06-02,9547,9588,9508,9561
2011-06-03,9561,9596,9428,9463
2011-06-06,9463,9483,9319,9354
2011-06-07,9354,9484,9349,9404
2011-06-08,9404,9459,9374,9382
2011-06-09,9382,9550,9369,9525
2011-06-10,9525,9615,9395,9420
2011-06-13,9420,9468,9378,9416
2011-06-14,9416,9622,9406,9602
2011-06-15,9602,9607,9440,9462
2011-06-16,9462,9487,9337,9397
2011-06-17,9397,9435,9293,9370
2011-06-20,9370,9435,9330,9428
2011-06-21,9428,9550,9378,9530
2011-06-22,9530,9650,9495,9563
2011-06-23,9563,9650,9495,9585
2011-06-24,9585,9715,9565,9615
2011-06-27,9615,9665,9565,9648
2011-06-28,9648,9753,9618,9750
2011-06-29,9750,9850,9725,9838
2011-06-30,9838,9910,9773,9875
2011-07-01,9875,9995,9825,9975
2011-07-04,9975,9985,9935,9957
2011-07-05,9957,10012,9945,10000
2011-07-06,10000,10082,9965,10047
2011-07-07,10047,10202,10025,10184
2011-07-08,10184,10195,9996,10043
2011-07-11,10043,10106,9858,9903
2011-07-12,9903,9961,9773,9806
2011-07-13,9806,10013,9806,9923
2011-07-14,9923,9993,9865,9905
2011-07-15,9905,10005,9893,9965
2011-07-18,9965,10015,9795,9858
2011-07-19,9858,9995,9858,9985
2011-07-20,9985,10045,9980,10038
2011-07-21,10038,10110,9960,10095
2011-07-22,10095,10160,10070,10143
2011-07-25,10143,10145,10033,10065
2011-07-26,10065,10135,10040,10050
2011-07-27,10050,10063,9895,9905
2011-07-28,9905,9958,9840,9840
2011-07-29,9840,9910,9743,9818
2011-08-01,9818,10030,9725,9805
2011-08-02,9805,9858,9650,9650
2011-08-03,9650,9678,9505,9645
2011-08-04,9645,9760,9270,9275
2011-08-05,9275,9430,9095,9285
2011-08-08,9285,9285,8680,8715
2011-08-09,8715,9140,8635,9103
2011-08-10,9103,9175,8720,8793
2011-08-11,8793,9140,8725,9063
2011-08-12,9063,9125,8850,9030
2011-08-15,9030,9140,9015,9140
2011-08-16,9140,9140,8970,9043
2011-08-17,9043,9095,8983,9028
2011-08-18,9028,9033,8655,8750
2011-08-19,8750,8780,8580,8580
2011-08-22,8580,8760,8570,8650
2011-08-23,8650,8830,8615,8820
2011-08-24,8820,8820,8600,8753
2011-08-25,8753,8850,8675,8735
2011-08-26,8735,8795,8615,8765
2011-08-29,8765,8940,8738,8915
2011-08-30,8915,8985,8855,8890
2011-08-31,8890,9070,8870,9015
2011-09-01,9015,9085,8968,8983
2011-09-02,8983,8995,8785,8808
2011-09-05,8808,8845,8665,8680
2011-09-06,8680,8735,8585,8725
2011-09-07,8725,8875,8703,8870
2011-09-08,8870,8885,8743,8785
2011-09-09,8785,8785,8475,8525
2011-09-12,8525,8558,8410,8555
2011-09-13,8555,8650,8500,8640
2011-09-14,8640,8710,8480,8620
2011-09-15,8620,8785,8600,8780
2011-09-16,8780,8880,8760,8858
2011-09-19,8858,8858,8660,8738
2011-09-20,8738,8780,8665,8680
2011-09-21,8680,8755,8560,8565
2011-09-22,8565,8618,8315,8425
2011-09-23,8425,8528,8310,8485
2011-09-26,8485,8543,8310,8510
2011-09-27,8510,8760,8468,8673
2011-09-28,8673,8730,8585,8600
2011-09-29,8600,8785,8550,8715
2011-09-30,8715,8753,8560,8568
2011-10-03,8568,8590,8352,8357
2011-10-04,8357,8532,8312,8507
2011-10-05,8507,8532,8340,8505
2011-10-06,8505,8600,8470,8580
2011-10-07,8580,8655,8545,8565
2011-10-10,8565,8785,8565,8775
2011-10-11,8775,8795,8700,8733
2011-10-12,8733,8895,8680,8808
2011-10-13,8808,8843,8735,8780
2011-10-14,8780,8863,8725,8863
2011-10-17,8863,8940,8755,8785
2011-10-18,8785,8875,8675,8843
2011-10-19,8843,8850,8710,8750
2011-10-20,8750,8750,8633,8685
2011-10-21,8685,8745,8650,8738
2011-10-24,8738,8835,8718,8830
2011-10-25,8830,8855,8660,8685
2011-10-26,8685,8785,8640,8773
2011-10-27,8773,9078,8720,9040
2011-10-28,9040,9085,8985,9045
2011-10-31,9045,9150,8833,8865
2011-11-01,8865,8933,8663,8755
2011-11-02,8755,8755,8595,8693
2011-11-03,8693,8800,8540,8778
2011-11-04,8778,8805,8695,8730
2011-11-07,8730,8800,8670,8773
2011-11-08,8773,8773,8630,8750
2011-11-09,8750,8753,8525,8595
2011-11-10,8595,8595,8453,8520
2011-11-11,8520,8600,8450,8585
2011-11-14,8585,8645,8525,8555
2011-11-15,8555,8585,8482,8527
2011-11-16,8527,8555,8377,8380
2011-11-17,8380,8480,8342,8377
2011-11-18,8377,8442,8350,8397
2011-11-21,8397,8397,8212,8212
2011-11-22,8212,8342,8212,8252
2011-11-23,8252,8267,8122,8140
2011-11-24,8140,8205,8107,8142
2011-11-25,8142,8190,8087,8117
2011-11-28,8117,8407,8117,8382
2011-11-29,8382,8492,8345,8432
2011-11-30,8432,8652,8355,8637
2011-12-01,8637,8657,8552,8582
2011-12-02,8582,8742,8582,8642
2011-12-05,8642,8717,8635,8655
2011-12-06,8655,8660,8535,8587
2011-12-07,8587,8720,8587,8697
2011-12-08,8697,8697,8495,8522
2011-12-09,8522,8647,8497,8637
2011-12-12,8637,8670,8492,8552
2011-12-13,8552,8615,8462,8502
2011-12-14,8502,8525,8412,8422
2011-12-15,8422,8437,8367,8407
2011-12-16,8407,8447,8352,8377
2011-12-19,8377,8377,8267,8280
2011-12-20,8280,8490,8280,8462
2011-12-21,8462,8500,8387,8462
2011-12-22,8462,8497,8377,8492
2011-12-23,8492,8547,8482,8547
2011-12-27,8547,8550,8432,8445
2011-12-28,8445,8462,8348,8373
2011-12-29,8373,8440,8328,8428
2011-12-30,8428,8463,8400,8425
2012-01-03,8425,8580,8425,8550
2012-01-04,8550,8565,8485,8510
2012-01-05,8510,8510,8435,8483
2012-01-06,8483,8483,8330,8338
2012-01-09,8338,8390,8303,8343
2012-01-10,8343,8470,8343,8440
2012-01-11,8440,8448,8400,8443
2012-01-12,8443,8443,8355,8405
2012-01-13,8405,8505,8405,8455
2012-01-16,8455,8455,8340,8405
2012-01-17,8405,8500,8403,8473
2012-01-18,8473,8615,8433,8585
2012-01-19,8585,8730,8585,8713
2012-01-20,8713,8783,8713,8770
2012-01-23,8770,8805,8738,8790
2012-01-24,8790,8810,8750,8805
2012-01-25,8805,8900,8805,8863
2012-01-26,8863,8910,8825,8850
2012-01-27,8850,8880,8790,8820
2012-01-30,8820,8825,8735,8755
2012-01-31,8755,8830,8755,8798
2012-02-01,8798,8890,8763,8840
2012-02-02,8840,8895,8840,8855
2012-02-03,8855,8940,8815,8905
2012-02-06,8905,8940,8865,8905
2012-02-07,8905,8955,8878,8935
2012-02-08,8935,9000,8935,8990
2012-02-09,8990,9035,8930,9023
2012-02-10,9023,9023,8885,8928
2012-02-13,8928,9015,8928,9003
2012-02-14,9003,9095,8955,9090
2012-02-15,9090,9303,9090,9230
2012-02-16,9230,9370,9200,9363
2012-02-17,9363,9490,9363,9475
2012-02-20,9475,9555,9420,9465
2012-02-21,9465,9505,9428,9465
2012-02-22,9465,9600,9430,9565
2012-02-23,9565,9608,9500,9585
2012-02-24,9585,9735,9563,9710
2012-02-27,9710,9728,9470,9580
2012-02-28,9580,9815,9520,9780
2012-02-29,9780,9863,9695,9745
2012-03-01,9745,9860,9630,9785
2012-03-02,9785,9805,9725,9795
2012-03-05,9795,9795,9618,9713
2012-03-06,9713,9728,9480,9525
2012-03-07,9525,9670,9498,9650
2012-03-08,9650,9895,9650,9885
2012-03-09,9885,10045,9848,10020
2012-03-12,10020,10035,9865,9920
2012-03-13,9920,10095,9873,10070
2012-03-14,10070,10130,10043,10088
2012-03-15,10088,10145,10060,10088
2012-03-16,10088,10180,10078,10093
2012-03-19,10093,10163,10060,10135
2012-03-20,10135,10163,10035,10108
2012-03-21,10108,10128,10035,10053
2012-03-22,10053,10128,9968,9998
2012-03-23,9998,10023,9900,9990
2012-03-26,9990,10105,9990,10100
2012-03-27,10100,10248,10100,10180
2012-03-28,10180,10268,10050,10090
2012-03-29,10090,10136,9998,10078
2012-03-30,10078,10155,10023,10145
2012-04-02,10145,10185,10020,10080
2012-04-03,10080,10080,9988,10048
2012-04-04,10048,10060,9665,9730
2012-04-05,9730,9798,9615,9698
2012-04-06,9698,9730,9640,9650
2012-04-09,9650,9650,9503,9540
2012-04-10,9540,9648,9335,9340
2012-04-11,9340,9528,9340,9485
2012-04-12,9485,9598,9438,9593
2012-04-13,9593,9678,9520,9520
2012-04-16,9520,9529,9418,9459
2012-04-17,9459,9604,9429,9569
2012-04-18,9569,9679,9569,9584
2012-04-19,9584,9653,9495,9548
2012-04-20,9548,9605,9518,9575
2012-04-23,9575,9633,9385,9435
2012-04-24,9435,9560,9410,9558
2012-04-25,9558,9595,9520,9585
2012-04-26,9585,9623,9493,9590
2012-04-27,9590,9690,9440,9510
2012-04-30,9510,9555,9390,9440
2012-05-01,9440,9453,9275,9365
2012-05-02,9365,9405,9280,9305
2012-05-03,9305,9340,9218,9233
2012-05-04,9233,9255,9120,9133
2012-05-07,9133,9220,9053,9195
2012-05-08,9195,9200,9020,9095
2012-05-09,9095,9095,8923,8980
2012-05-10,8980,9075,8960,9050
2012-05-11,9050,9050,8915,8950
2012-05-14,8950,9020,8855,8860
2012-05-15,8860,8950,8820,8833
2012-05-16,8833,8873,8705,8748
2012-05-17,8748,8865,8662,8672
2012-05-18,8672,8712,8532,8552
2012-05-21,8552,8707,8532,8692
2012-05-22,8692,8782,8682,8732
2012-05-23,8732,8751,8467,8587
2012-05-24,8587,8607,8487,8575
2012-05-25,8575,8617,8542,8552
2012-05-28,8552,8600,8550,8550
2012-05-29,8550,8645,8493,8638
2012-05-30,8638,8638,8465,8483
2012-05-31,8483,8560,8430,8488
2012-06-01,8488,8488,8255,8333
2012-06-04,8333,8350,8190,8325
2012-06-05,8325,8460,8295,8433
2012-06-06,8433,8668,8405,8660
2012-06-07,8660,8695,8575,8615
2012-06-08,8615,8648,8373,8490
2012-06-11,8490,8665,8448,8458
2012-06-12,8458,8580,8438,8575
2012-06-13,8575,8615,8505,8548
2012-06-14,8548,8618,8505,8590
2012-06-15,8590,8625,8530,8605
2012-06-18,8605,8765,8605,8688
2012-06-19,8688,8735,8628,8700
2012-06-20,8700,8825,8695,8795
2012-06-21,8795,8890,8733,8753
2012-06-22,8753,8835,8708,8833
2012-06-25,8833,8833,8620,8650
2012-06-26,8650,8710,8610,8695
2012-06-27,8695,8805,8648,8780
2012-06-28,8780,8880,8775,8840
2012-06-29,8840,9115,8790,9108
2012-07-02,9108,9110,8980,9030
2012-07-03,9030,9140,9005,9140
2012-07-04,9140,9140,9060,9078
2012-07-05,9078,9123,9025,9063
2012-07-06,9063,9068,8923,8985
2012-07-09,8985,8985,8850,8915
2012-07-10,8915,8965,8810,8835
2012-07-11,8835,8881,8796,8866
2012-07-12,8866,8870,8644,8694
2012-07-13,8694,8815,8670,8798
2012-07-16,8798,8825,8735,8745
2012-07-17,8745,8798,8705,8760
2012-07-18,8760,8790,8700,8760
2012-07-19,8760,8820,8755,8790
2012-07-20,8790,8795,8585,8603
2012-07-23,8603,8609,8405,8455
2012-07-24,8455,8503,8356,8381
2012-07-25,8381,8436,8316,8401
2012-07-26,8401,8551,8349,8526
2012-07-27,8526,8726,8501,8684
2012-07-30,8684,8684,8579,8609
2012-07-31,8609,8729,8571,8586
2012-08-01,8586,8671,8569,8661
2012-08-02,8661,8694,8497,8562
2012-08-03,8562,8697,8507,8677
2012-08-06,8677,8785,8667,8740
2012-08-07,8740,8939,8715,8884
2012-08-08,8884,8964,8822,8879
2012-08-09,8879,8999,8849,8952
2012-08-10,8952,8959,8834,8917
2012-08-13,8917,8934,8859,8889
2012-08-14,8889,8994,8874,8942
2012-08-15,8942,8954,8859,8926
2012-08-16,8926,9135,8926,9110
2012-08-17,9110,9225,9088,9215
2012-08-20,9215,9225,9140,9185
2012-08-21,9185,9240,9135,9155
2012-08-22,9155,9165,9030,9073
2012-08-23,9073,9193,9055,9073
2012-08-24,9073,9110,9005,9105
2012-08-27,9105,9148,9073,9096
2012-08-28,9096,9133,8986,9043
2012-08-29,9043,9090,9032,9052
2012-08-30,9052,9062,8897,8910
2012-08-31,8910,8927,8810,8880
2012-09-03,8880,8887,8752,8795
2012-09-04,8795,8808,8715,8793
2012-09-05,8793,8793,8630,8688
2012-09-06,8688,8855,8645,8840
2012-09-07,8840,8930,8800,8853
2012-09-10,8853,8875,8805,8810
2012-09-11,8810,8840,8765,8805
2012-09-12,8805,8990,8790,8940
2012-09-13,8940,9105,8920,9050
2012-09-14,9050,9264,9050,9239
2012-09-17,9239,9259,9174,9199
2012-09-18,9199,9219,9084,9169
2012-09-19,9169,9279,9132,9179
2012-09-20,9179,9207,9034,9089
2012-09-21,9089,9149,9074,9087
2012-09-24,9087,9091,9003,9048
2012-09-25,9048,9111,9006,9018
2012-09-26,9018,9018,8825,8865
2012-09-27,8865,8972,8845,8949
2012-09-28,8949,8989,8804,8804
2012-10-01,8804,8859,8749,8797
2012-10-02,8797,8837,8742,8779
2012-10-03,8779,8802,8719,8769
2012-10-04,8769,8874,8729,8834
2012-10-05,8834,8929,8789,8879
2012-10-08,8879,8894,8764,8794
2012-10-09,8794,8832,8654,8674
2012-10-10,8674,8674,8534,8544
2012-10-11,8544,8619,8504,8564
2012-10-12,8564,8584,8509,8529
2012-10-15,8529,8644,8479,8624
2012-10-16,8624,8784,8624,8774
2012-10-17,8774,8869,8749,8854
2012-10-18,8854,8987,8847,8959
2012-10-19,8959,9012,8844,8849
2012-10-22,8849,9059,8839,9049
2012-10-23,9049,9074,8864,8902
2012-10-24,8902,9042,8889,8952
2012-10-25,8952,9114,8939,9059
2012-10-26,9059,9079,8885,8953
2012-10-29,8953,8978,8865,8903
2012-10-30,8903,8993,8800,8875
2012-10-31,8875,8975,8875,8905
2012-11-01,8905,9045,8855,9040
2012-11-02,9040,9085,8993,8993
2012-11-05,8993,9028,8955,9015
2012-11-06,9015,9060,8955,9045
2012-11-07,9045,9045,8808,8848
2012-11-08,8848,8885,8728,8740
2012-11-09,8740,8780,8645,8738
2012-11-12,8738,8738,8663,8698
2012-11-13,8698,8720,8610,8650
2012-11-14,8650,8770,8645,8665
2012-11-15,8665,8880,8665,8865
2012-11-16,8865,9080,8865,9080
2012-11-19,9080,9210,9080,9205
2012-11-20,9205,9210,9080,9208
2012-11-21,9208,9330,9153,9320
2012-11-22,9320,9440,9295,9413
2012-11-23,9413,9445,9328,9435
2012-11-26,9435,9480,9335,9383
2012-11-27,9383,9445,9340,9360
2012-11-28,9360,9400,9210,9338
2012-11-29,9338,9460,9338,9450
2012-11-30,9450,9525,9373,9485
2012-12-03,9485,9520,9420,9440
2012-12-04,9440,9450,9380,9395
2012-12-05,9395,9530,9370,9500
2012-12-06,9500,9558,9498,9530
2012-12-07,9530,9565,9460,9533
2012-12-10,9533,9575,9460,9520
2012-12-11,9520,9610,9485,9608
2012-12-12,9608,9730,9568,9673
2012-12-13,9673,9785,9670,9755
2012-12-14,9755,9768,9670,9750
2012-12-17,9750,9900,9750,9868
2012-12-18,9868,10055,9855,10038
2012-12-19,10038,10188,10010,10130
2012-12-20,10130,10163,10011,10163
2012-12-21,10163,10167,9914,10087
2012-12-24,10087,10129,10064,10124
2012-12-27,10124,10418,10124,10390
2012-12-28,10390,10428,10330,10343
2012-12-31,10343,10425,10305,10393
2013-01-02,10393,10845,10393,10840
2013-01-03,10840,10840,10692,10742
2013-01-04,10742,10787,10630,10740
2013-01-07,10740,10740,10533,10613
2013-01-08,10613,10613,10366,10421
2013-01-09,10421,10633,10393,10623
2013-01-10,10623,10776,10618,10776
2013-01-11,10776,10913,10743,10908
2013-01-14,10908,11003,10908,10968
2013-01-15,10968,10968,10763,10866
2013-01-16,10866,10866,10468,10636
2013-01-17,10636,10893,10423,10868
2013-01-18,10868,10988,10806,10968
2013-01-21,10968,10968,10713,10801
2013-01-22,10801,10855,10540,10643
2013-01-23,10643,10650,10425,10515
2013-01-24,10515,10825,10430,10810
2013-01-25,10810,11060,10800,10963
2013-01-28,10963,10975,10715,10770
2013-01-29,10770,10933,10738,10895
2013-01-30,10895,11180,10895,11075
2013-01-31,11075,11140,10995,11130
2013-02-01,11130,11310,11105,11275
2013-02-04,11275,11320,11095,11120
2013-02-05,11120,11270,11010,11265
2013-02-06,11265,11490,11265,11398
2013-02-07,11398,11440,11210,11320
2013-02-08,11320,11320,11035,11140
2013-02-11,11140,11410,11140,11398
2013-02-12,11398,11458,11310,11383
2013-02-13,11383,11383,11195,11320
2013-02-14,11320,11363,11200,11215
2013-02-15,11215,11335,11058,11303
2013-02-18,11303,11450,11303,11398
2013-02-19,11398,11435,11320,11420
2013-02-20,11420,11550,11405,11405
2013-02-21,11405,11425,11180,11268
2013-02-22,11268,11500,11160,11485
2013-02-25,11485,11678,11098,11181
2013-02-26,11181,11513,11181,11368
2013-02-27,11368,11448,11213,11438
2013-02-28,11438,11636,11411,11518
2013-03-01,11518,11728,11468,11703
2013-03-04,11703,11756,11613,11743
2013-03-05,11743,11841,11663,11823
2013-03-06,11823,12091,11798,12073
2013-03-07,12073,12164,11937,12122
2013-03-08,12122,12451,12074,12416
2013-03-11,12416,12416,12281,12401
2013-03-12,12401,12441,12196,12209
2013-03-13,12209,12351,12206,12314
2013-03-14,12314,12471,12241,12421
2013-03-15,12421,12546,12391,12446
2013-03-18,12446,12446,12208,12403
2013-03-19,12403,12500,12335,12438
2013-03-20,12438,12680,12380,12635
2013-03-21,12635,12670,12465,12495
2013-03-22,12495,12530,12335,12480
2013-03-25,12480,12595,12320,12450
2013-03-26,12450,12550,12410,12525
2013-03-27,12525,12550,12340,12460
2013-03-28,12460,12470,12268,12395
2013-04-01,12395,12415,11993,12030
2013-04-02,12030,12180,11785,12158
2013-04-03,12158,12365,12130,12173
2013-04-04,12173,13040,12070,13018
2013-04-05,13018,13233,12775,13093
2013-04-08,13093,13425,13080,13415
2013-04-09,13415,13423,13125,13280
2013-04-10,13280,13508,13175,13508
2013-04-11,13508,13523,13368,13478
2013-04-12,13478,13518,13323,13373
2013-04-15,13373,13388,12988,12990
2013-04-16,12990,13390,12935,13308
2013-04-17,13308,13430,13108,13250
2013-04-18,13250,13358,13178,13258
2013-04-19,13258,13593,13183,13582
2013-04-22,13582,13638,13485,13580
2013-04-23,13580,13763,13463,13735
2013-04-24,13735,13933,13683,13905
2013-04-25,13905,14033,13823,13968
2013-04-26,13968,13983,13743,13773
2013-04-29,13773,13878,13708,13835
2013-04-30,13835,13900,13773,13835
2013-05-01,13835,13855,13735,13763
2013-05-02,13763,13888,13635,13848
2013-05-03,13848,14203,13848,14143
2013-05-06,14143,14218,14133,14183
2013-05-07,14183,14243,14050,14218
2013-05-08,14218,14420,14178,14358
2013-05-09,14358,14573,14163,14520
2013-05-10,14520,14783,14465,14753
2013-05-13,14753,14878,14713,14858
2013-05-14,14858,15083,14753,15053
2013-05-15,15053,15223,14998,15173
2013-05-16,15173,15193,14873,14923
2013-05-17,14923,15378,14898,15338
2013-05-20,15338,15378,15230,15300
2013-05-21,15300,15513,15258,15468
2013-05-22,15468,15978,15433,15633
2013-05-23,15633,15918,14390,14748
2013-05-24,14748,14973,13975,14293
2013-05-27,14293,14403,13680,13945
2013-05-28,13945,14658,13898,14398
2013-05-29,14398,14535,13828,13973
2013-05-30,13973,14075,13523,13775
2013-05-31,13775,13900,13398,13435
2013-06-03,13435,13585,12903,13163
2013-06-04,13163,13698,13038,13558
2013-06-05,13558,13733,12848,12895
2013-06-06,12895,13230,12283,12698
2013-06-07,12698,13285,12505,13213
2013-06-10,13213,13703,13178,13550
2013-06-11,13550,13595,12873,12970
2013-06-12,12970,13375,12798,12970
2013-06-13,12970,12975,12373,12925
2013-06-14,12925,13065,12428,12468
2013-06-17,12468,13178,12468,12943
2013-06-18,12943,13288,12893,13223
2013-06-19,13223,13463,13058,13163
2013-06-20,13163,13280,12743,12785
2013-06-21,12785,13443,12675,13318
2013-06-24,13318,13458,12778,13013
2013-06-25,13013,13213,12730,13160
2013-06-26,13160,13223,12753,13000
2013-06-27,13000,13423,12853,13370
2013-06-28,13370,13763,13318,13683
2013-07-01,13683,14018,13548,13903
2013-07-02,13903,14293,13878,14155
2013-07-03,14155,14243,13755,14020
2013-07-04,14020,14168,13905,14138
2013-07-05,14138,14428,14133,14398
2013-07-08,14398,14488,14045,14280
2013-07-09,14280,14468,14153,14380
2013-07-10,14380,14530,14208,14275
2013-07-11,14275,14523,14225,14483
2013-07-12,14483,14565,14390,14493
2013-07-15,14493,14728,14418,14685
2013-07-16,14685,14688,14410,14488
2013-07-17,14488,14668,14430,14620
2013-07-18,14620,14963,14608,14935
2013-07-19,14935,14938,14388,14798
2013-07-22,14798,14845,14493,14650
2013-07-23,14650,14828,14513,14678
2013-07-24,14678,14788,14593,14705
2013-07-25,14705,14733,14255,14328
2013-07-26,14328,14410,13808,13905
2013-07-29,13905,13913,13548,13603
2013-07-30,13485,13875,13485,13675
2013-07-31,13675,13793,13463,13593
2013-08-01,13593,14208,13543,14135
2013-08-02,14135,14488,14108,14275
2013-08-05,14275,14330,14163,14208
2013-08-06,14208,14370,13978,14155
2013-08-07,14155,14155,13658,13670
2013-08-08,13670,13995,13343,13613
2013-08-09,13613,13713,13448,13503
2013-08-12,13503,13613,13365,13558
2013-08-13,13558,13968,13558,13943
2013-08-14,13943,14033,13718,13850
2013-08-15,13850,13958,13453,13485
2013-08-16,13485,13708,13485,13590
2013-08-19,13590,13778,13528,13553
2013-08-20,13553,13708,13298,13378
2013-08-21,13378,13483,13220,13295
2013-08-22,13295,13623,13203,13560
2013-08-23,13560,13768,13560,13720
2013-08-26,13720,13760,13513,13520
2013-08-27,13520,13643,13173,13198
2013-08-28,13198,13430,13160,13363
2013-08-29,13363,13613,13348,13508
2013-08-30,13508,13610,13235,13303
2013-09-02,13303,13733,13303,13719
2013-09-03,13719,14003,13705,13873
2013-09-04,13873,14133,13818,14085
2013-09-05,14085,14158,13930,14080
2013-09-06,14080,14080,13675,13830
2013-09-09,13830,14353,13830,14303
2013-09-10,14303,14578,14273,14563
2013-09-11,14563,14563,14348,14445
2013-09-12,14445,14448,14168,14298
2013-09-13,14298,14405,14188,14403
2013-09-16,14403,14568,14403,14490
2013-09-17,14490,14505,14275,14413
2013-09-18,14413,14773,14380,14758
2013-09-19,14758,14903,14558,14853
2013-09-20,14853,14858,14643,14675
2013-09-23,14675,14763,14553,14625
2013-09-24,14625,14803,14573,14718
2013-09-25,14718,14738,14540,14588
2013-09-26,14588,14828,14378,14808
2013-09-27,14808,14818,14558,14600
2013-09-30,14600,14600,14313,14505
2013-10-01,14505,14633,14328,14440
2013-10-02,14440,14553,13993,14148
2013-10-03,14148,14198,13953,14045
2013-10-04,14045,14173,13913,14168
2013-10-07,14168,14168,13723,13735
2013-10-08,13735,13915,13708,13730
2013-10-09,13730,14113,13730,14055
2013-10-10,14055,14388,14043,14343
2013-10-11,14343,14523,14283,14520
2013-10-14,14520,14533,14268,14513
2013-10-15,14513,14543,14298,14365
2013-10-16,14365,14643,14318,14618
2013-10-17,14618,14655,14418,14588
2013-10-18,14588,14633,14473,14583
2013-10-21,14583,14713,14583,14683
2013-10-22,14683,14803,14618,14733
2013-10-23,14733,14760,14215,14278
2013-10-24,14278,14468,14238,14373
2013-10-25,14373,14428,14073,14188
2013-10-28,14188,14383,14175,14288
2013-10-29,14288,14463,14200,14458
2013-10-30,14458,14563,14408,14540
2013-10-31,14540,14540,14298,14413
2013-11-01,14413,14413,14098,14283
2013-11-04,14283,14310,14213,14298
2013-11-05,14298,14298,14098,14148
2013-11-06,14148,14393,14103,14373
2013-11-07,14373,14378,13863,13978
2013-11-08,13978,14258,13978,14225
2013-11-11,14225,14334,14184,14294
2013-11-12,14294,14579,14264,14579
2013-11-13,14579,14699,14474,14694
2013-11-14,14694,15077,14672,15042
2013-11-15,15042,15357,14982,15294
2013-11-18,15294,15294,15052,15152
2013-11-19,15152,15247,15007,15189
2013-11-20,15189,15229,15047,15137
2013-11-21,15137,15557,15137,15519
2013-11-22,15519,15582,15297,15509
2013-11-25,15509,15617,15457,15497
2013-11-26,15497,15577,15372,15387
2013-11-27,15387,15632,15387,15619
2013-11-28,15619,15707,15602,15692
2013-11-29,15692,15727,15487,15672
2013-12-02,15672,15827,15562,15729
2013-12-03,15729,15779,15417,15524
2013-12-04,15524,15559,15182,15382
2013-12-05,15382,15412,15037,15064
2013-12-06,15064,15573,15064,15528
2013-12-09,15528,15688,15528,15660
2013-12-10,15660,15660,15425,15510
2013-12-11,15510,15540,15280,15302
2013-12-12,15302,15522,15215,15490
2013-12-13,15490,15525,15230,15442
2013-12-16,15442,15442,15136,15328
2013-12-17,15328,15328,15196,15246
2013-12-18,15246,15881,15246,15878
2013-12-19,15878,15883,15733,15760
2013-12-20,15760,15895,15733,15888
2013-12-23,15888,16048,15833,16020
2013-12-24,16020,16023,15838,15868
2013-12-25,15868,15868,15868,15868
2013-12-26,15868,16223,15868,16203
2013-12-27,16203,16278,16028,16250
2013-12-30,16250,16298,16150,16243
2013-12-31,16243,16278,16198,16263
2014-01-01,16263,16263,16263,16263
2014-01-02,16263,16263,15933,15960
2014-01-03,15960,16043,15823,16028
2014-01-06,16028,16105,15683,15760
2014-01-07,15760,15933,15720,15875
2014-01-08,15875,16100,15875,15975
2014-01-09,15975,15978,15793,15900
2014-01-10,15900,15965,15698,15818
2014-01-13,15818,15818,15414,15474
2014-01-14,15474,15723,15315,15680
2014-01-15,15680,15843,15625,15830
2014-01-16,15830,15933,15588,15638
2014-01-17,15638,15830,15607,15727
2014-01-20,15727,15727,15560,15682
2014-01-21,15682,15887,15682,15802
2014-01-22,15802,15870,15610,15860
2014-01-23,15860,15945,15245,15365
2014-01-24,15365,15474,14924,14936
2014-01-27,14936,15094,14774,14969
2014-01-28,14969,15139,14934,15124
2014-01-29,15124,15364,14841,14956
2014-01-30,14956,15204,14829,15109
2014-01-31,15109,15144,14574,14589
2014-02-03,14589,14834,14119,14124
2014-02-04,14124,14334,13904,14269
2014-02-05,14269,14276,13978,14148
2014-02-06,14148,14468,14103,14433
2014-02-07,14433,14693,14288,14658
2014-02-10,14658,14733,14558,14628
2014-02-11,14628,14933,14573,14873
2014-02-12,14873,14873,14678,14775
2014-02-13,14775,14775,14308,14608
2014-02-14,14608,14668,14223,14430
2014-02-17,14430,14518,14178,14485
2014-02-18,14485,14888,14423,14768
2014-02-19,14768,14798,14623,14638
2014-02-20,14638,14713,14360,14540
2014-02-21,14540,14893,14540,14773
2014-02-24,14773,15040,14645,14950
2014-02-25,14950,15090,14840,14917
2014-02-26,14917,15080,14870,14905
2014-02-27,14905,15015,14690,14915
2014-02-28,14915,15010,14730,14915
2014-03-03,14915,14915,14430,14505
2014-03-04,14505,14978,14505,14973
2014-03-05,14973,14990,14875,14890
2014-03-06,14890,15330,14865,15295
2014-03-07,15295,15421,15141,15299
2014-03-10,15299,15299,15074,15216
2014-03-11,15216,15261,14979,15014
2014-03-12,15014,15031,14669,14799
2014-03-13,14799,14909,14329,14409
2014-03-14,14409,14481,14099,14204
2014-03-17,14204,14508,14156,14475
2014-03-18,14475,14528,14258,14423
2014-03-19,14423,14655,14288,14568
2014-03-20,14568,14568,14183,14349
2014-03-21,14349,14469,14264,14271
2014-03-24,14271,14519,14264,14369
2014-03-25,14369,14511,14289,14429
2014-03-26,14429,14566,14354,14361
2014-03-27,14361,14665,14304,14538
2014-03-28,14538,14833,14513,14773
2014-03-31,14773,14873,14710,14788
2014-04-01,14788,14883,14723,14878
2014-04-02,14878,15075,14868,15065
2014-04-03,15065,15168,14978,15063
2014-04-04,15063,15158,14793,14853
2014-04-07,14853,14888,14673,14693
2014-04-08,14693,14750,14270,14333
2014-04-09,14333,14525,14265,14490
2014-04-10,14490,14505,13955,14005
2014-04-11,14005,14065,13830,13872
2014-04-14,13872,14135,13817,14092
2014-04-15,14092,14102,13880,14090
2014-04-16,14090,14447,14090,14440
2014-04-17,14440,14510,14340,14478
2014-04-18,14478,14478,14478,14478
2014-04-21,14478,14643,14478,14538
2014-04-22,14538,14598,14333,14468
2014-04-23,14468,14548,14418,14478
2014-04-24,14478,14560,14258,14395
2014-04-25,14395,14548,14243,14303
2014-04-28,14303,14397,14212,14374
2014-04-29,14374,14470,14370,14435
2014-04-30,14435,14435,14195,14270
2014-05-01,14270,14480,14270,14435
2014-05-02,14435,14550,14330,14360
2014-05-05,14360,14385,14240,14318
2014-05-06,14318,14333,14163,14223
2014-05-07,14223,14271,14016,14196
2014-05-08,14196,14241,14046,14078
2014-05-09,14078,14261,14055,14163
2014-05-12,14163,14311,14116,14311
2014-05-13,14311,14461,14311,14451
2014-05-14,14451,14451,14216,14236
2014-05-15,14236,14348,14008,14091
2014-05-16,14091,14159,13999,14156
2014-05-19,14156,14179,13889,14109
2014-05-20,14109,14129,13944,13969
2014-05-21,13969,14214,13914,14169
2014-05-22,14169,14419,14134,14369
2014-05-23,14369,14584,14364,14544
2014-05-26,14544,14609,14514,14604
2014-05-27,14604,14736,14539,14659
2014-05-28,14659,14708,14548,14638
2014-05-29,14638,14738,14558,14718
2014-05-30,14718,14732,14575,14705
2014-06-02,14705,15080,14705,15045
2014-06-03,15045,15090,14955,15050
2014-06-04,15050,15165,14975,15155
2014-06-05,15155,15160,15005,15150
2014-06-06,15150,15190,15030,15190
2014-06-09,15190,15200,15080,15152
2014-06-10,15152,15175,14900,15010
2014-06-11,15010,15065,14890,14932
2014-06-12,14932,15033,14788,14838
2014-06-13,14838,15133,14798,15043
2014-06-16,15043,15043,14843,14928
2014-06-17,14928,15053,14928,15008
2014-06-18,15008,15208,14993,15158
2014-06-19,15158,15393,15128,15373
2014-06-20,15373,15473,15293,15433
2014-06-23,15433,15436,15263,15318
2014-06-24,15318,15468,15238,15338
2014-06-25,15338,15373,15213,15338
2014-06-26,15338,15348,15218,15308
2014-06-27,15308,15308,15025,15138
2014-06-30,15138,15193,15043,15163
2014-07-01,15163,15433,15140,15408
2014-07-02,15408,15443,15343,15403
2014-07-03,15403,15448,15318,15443
2014-07-04,15443,15528,15418,15453
2014-07-07,15453,15473,15288,15308
2014-07-08,15308,15393,15198,15253
2014-07-09,15253,15365,15180,15345
2014-07-10,15345,15360,15000,15105
2014-07-11,15105,15210,15065,15165
2014-07-14,15165,15375,15165,15335
2014-07-15,15335,15430,15305,15385
2014-07-16,15385,15455,15340,15430
2014-07-17,15430,15450,15185,15237
2014-07-18,15237,15340,15090,15317
2014-07-21,15317,15355,15175,15260
2014-07-22,15260,15391,15235,15356
2014-07-23,15356,15371,15306,15341
2014-07-24,15341,15378,15226,15331
2014-07-25,15331,15531,15316,15418
2014-07-28,15418,15586,15401,15556
2014-07-29,15556,15691,15541,15596
2014-07-30,15596,15781,15586,15756
2014-07-31,15756,15758,15456,15486
2014-08-01,15486,15596,15386,15406
2014-08-04,15406,15521,15376,15491
2014-08-05,15491,15511,15151,15216
2014-08-06,15216,15267,15000,15065
2014-08-07,15065,15225,14950,14995
2014-08-08,14995,15050,14650,14995
2014-08-11,14995,15180,14960,15130
2014-08-12,15130,15220,15060,15100
2014-08-13,15100,15315,15095,15295
2014-08-14,15295,15340,15235,15335
2014-08-15,15335,15382,15205,15312
2014-08-18,15312,15430,15300,15425
2014-08-19,15425,15500,15412,15495
2014-08-20,15495,15570,15395,15555
2014-08-21,15555,15645,15515,15645
2014-08-22,15645,15645,15445,15550
2014-08-25,15550,15640,15550,15590
2014-08-26,15590,15615,15460,15542
2014-08-27,15542,15590,15450,15480
2014-08-28,15480,15490,15345,15415
2014-08-29,15415,15465,15355,15440
2014-09-01,15440,15485,15440,15480
2014-09-02,15480,15845,15480,15765
2014-09-03,15765,15830,15690,15705
2014-09-04,15705,15765,15610,15705
2014-09-05,15705,15810,15560,15680
2014-09-08,15680,15805,15650,15805
2014-09-09,15805,15817,15632,15660
2014-09-10,15660,15928,15638,15928
2014-09-11,15928,15933,15813,15908
2014-09-12,15908,15988,15858,15898
2014-09-15,15898,15913,15798,15908
2014-09-16,15908,15988,15833,15973
2014-09-17,15973,16063,15853,16048
2014-09-18,16048,16223,15990,16213
2014-09-19,16213,16358,16168,16275
2014-09-22,16275,16275,16138,16163
2014-09-23,16163,16208,16048,16098
2014-09-24,16098,16343,16050,16320
2014-09-25,16320,16423,16158,16183
2014-09-26,16183,16408,16091,16353
2014-09-29,16353,16365,16148,16253
2014-09-30,16253,16253,16058,16173
2014-10-01,16173,16230,15818,15853
2014-10-02,15853,15923,15358,15575
2014-10-03,15575,15953,15553,15895
2014-10-06,15895,15958,15733,15765
2014-10-07,15765,15903,15483,15498
2014-10-08,15498,15713,15438,15673
2014-10-09,15673,15723,15248,15280
2014-10-10,15280,15383,15033,15040
2014-10-13,15040,15148,14793,14823
2014-10-14,14823,15098,14783,14913
2014-10-15,14913,15078,14463,14643
2014-10-16,14643,14798,14353,14668
2014-10-17,14668,14868,14498,14863
2014-10-20,14863,15148,14863,15105
2014-10-21,15105,15163,14749,15074
2014-10-22,15074,15269,14994,15099
2014-10-23,15099,15454,15054,15364
2014-10-24,15364,15434,15229,15431
2014-10-27,15431,15441,15249,15311
2014-10-28,15311,15429,15254,15424
2014-10-29,15424,15669,15385,15659
2014-10-30,15659,15894,15559,15774
2014-10-31,15774,17034,15774,17024
2014-11-03,17024,17444,16939,17346
2014-11-04,17346,17346,16689,16939
2014-11-05,16939,17128,16783,17073
2014-11-06,17073,17093,16723,16940
2014-11-07,16940,16953,16665,16763
2014-11-10,16763,16949,16689,16912
2014-11-11,16912,17324,16854,17217
2014-11-12,17217,17442,17027,17237
2014-11-13,17237,17488,17101,17403
2014-11-14,17403,17511,17296,17473
2014-11-17,17473,17473,16871,17181
2014-11-18,17181,17441,17181,17421
2014-11-19,17421,17476,17281,17433
2014-11-20,17433,17433,17114,17239
2014-11-21,17239,17529,17094,17389
2014-11-24,17389,17575,17303,17480
2014-11-25,17480,17500,17318,17393
2014-11-26,17393,17431,17296,17326
2014-11-27,17326,17348,17171,17271
2014-11-28,17271,17506,17271,17451
2014-12-01,17451,17643,17396,17526
2014-12-02,17526,17811,17456,17761
2014-12-03,17761,17898,17681,17896
2014-12-04,17896,17901,17706,17841
2014-12-05,17841,18093,17746,18033
2014-12-08,18033,18033,17673,17725
2014-12-09,17725,17893,17303,17615
2014-12-10,17615,17630,17043,17163
2014-12-11,17163,17558,17033,17295
2014-12-12,17295,17523,17113,17118
2014-12-15,17118,17238,16578,16663
2014-12-16,16663,16888,16433,16555
2014-12-17,16555,17243,16555,17178
2014-12-18,17178,17583,17158,17548
2014-12-19,17548,17768,17473,17688
2014-12-22,17688,17773,17558,17763
2014-12-23,17763,17908,17703,17843
2014-12-24,17843,17873,17763,17823
2014-12-25,17823,17823,17823,17823
2014-12-26,17823,17953,17823,17920
2014-12-29,17920,17925,17515,17733
2014-12-30,17733,17733,17188,17333
2014-12-31,17333,17408,17238,17368
2015-01-01,17368,17368,17368,17368
2015-01-02,17368,17578,17293,17365
2015-01-05,17365,17547,17012,17072
2015-01-06,17072,17087,16527,16707
2015-01-07,16707,17159,16707,17004
2015-01-08,17004,17428,17000,17363
2015-01-09,17363,17363,16897,16899
2015-01-12,16899,17078,16743,16880
2015-01-13,16880,17223,16773,16920
2015-01-14,16920,17036,16531,16783
2015-01-15,16783,17191,16738,16808
2015-01-16,16808,17088,16546,17081
2015-01-19,17081,17141,16916,17076
2015-01-20,17076,17482,17072,17384
2015-01-21,17384,17384,17076,17336
2015-01-22,17336,17599,17144,17569
2015-01-23,17569,17592,17337,17407
2015-01-26,17407,17702,17284,17667
2015-01-27,17667,17770,17480,17635
2015-01-28,17635,17870,17515,17515
2015-01-29,17515,17845,17515,17832
2015-01-30,17832,17832,17455,17480
2015-02-02,17480,17676,17456,17623
2015-02-03,17623,17648,17266,17571
2015-02-04,17571,17741,17528,17558
2015-02-05,17558,17736,17448,17716
2015-02-06,17716,17916,17601,17806
2015-02-09,17806,17806,17523,17568
2015-02-10,17568,17867,17542,17827
2015-02-11,17827,18017,17794,18012
2015-02-12,18012,18012,17702,17922
2015-02-13,17922,18092,17859,18054
2015-02-16,18054,18067,17962,17972
2015-02-17,17972,18168,17888,18098
2015-02-18,18098,18328,18073,18243
2015-02-19,18243,18378,18208,18356
2015-02-20,18356,18536,18258,18518
2015-02-23,18518,18518,18401,18481
2015-02-24,18481,18696,18431,18656
2015-02-25,18656,18676,18546,18621
2015-02-26,18621,18911,18586,18866
2015-02-27,18866,18866,18708,18856
2015-03-02,18856,18936,18766,18921
2015-03-03,18921,18921,18641,18716
2015-03-04,18716,18728,18563,18688
2015-03-05,18688,18913,18643,18850
2015-03-06,18850,19078,18810,18848
2015-03-09,18848,18888,18688,18843
2015-03-10,18843,18905,18488,18528
2015-03-11,18528,18823,18520,18773
2015-03-12,18773,19215,18753,19185
2015-03-13,19185,19345,19113,19278
2015-03-16,19278,19468,19213,19403
2015-03-17,19403,19553,19358,19458
2015-03-18,19458,19623,19393,19483
2015-03-19,19483,19563,19323,19483
2015-03-20,19483,19703,19423,19673
2015-03-23,19673,19798,19643,19738
2015-03-24,19738,19833,19663,19718
2015-03-25,19718,19788,19553,19570
2015-03-26,19570,19628,19138,19413
2015-03-27,19413,19608,19090,19360
2015-03-30,19360,19633,19238,19588
2015-03-31,19588,19623,19188,19220
2015-04-01,19220,19273,18938,19183
2015-04-02,19183,19443,19123,19338
2015-04-03,19338,19548,19308,19325
2015-04-06,19325,19608,19240,19575
2015-04-07,19575,19848,19503,19770
2015-04-08,19770,19903,19703,19863
2015-04-09,19863,20078,19828,20073
2015-04-10,20073,20073,19848,20023
2015-04-13,20023,20023,19823,19848
2015-04-14,19848,19953,19768,19888
2015-04-15,19888,19930,19823,19853
2015-04-16,19853,19903,19745,19818
2015-04-17,19818,19828,19458,19555
2015-04-20,19555,19728,19488,19688
2015-04-21,19688,20068,19678,19993
2015-04-22,19993,20243,19968,20238
2015-04-23,20238,20263,20093,20155
2015-04-24,20155,20155,20008,20058
2015-04-27,20058,20153,19908,20050
2015-04-28,20050,20143,19918,19975
2015-04-29,19975,19993,19638,19800
2015-04-30,19800,19843,19328,19413
2015-05-01,19413,19748,19400,19713
2015-05-04,19713,19793,19595,19780
2015-05-05,19780,19788,19308,19348
2015-05-06,19348,19445,19163,19328
2015-05-07,19328,19455,19033,19365
2015-05-08,19365,19698,19298,19648
2015-05-11,19648,19688,19573,19595
2015-05-12,19595,19668,19448,19523
2015-05-13,19523,19843,19493,19618
2015-05-14,19618,19718,19468,19678
2015-05-15,19678,19858,19603,19783
2015-05-18,19783,20008,19738,20000
2015-05-19,20000,20193,19943,20143
2015-05-20,20143,20293,20110,20273
2015-05-21,20273,20323,20138,20243
2015-05-22,20243,20378,20123,20358
2015-05-25,20358,20465,20318,20415
2015-05-26,20415,20563,20318,20408
2015-05-27,20408,20658,20358,20623
2015-05-28,20623,20653,20438,20570
2015-05-29,20570,20633,20358,20443
2015-06-01,20443,20623,20398,20558
2015-06-02,20558,20603,20383,20408
2015-06-03,20408,20593,20373,20568
2015-06-04,20568,20568,20338,20428
2015-06-05,20428,20598,20343,20558
2015-06-08,20558,20558,20263,20268
2015-06-09,20268,20323,19913,20063
2015-06-10,20063,20253,19998,20143
2015-06-11,20143,20533,20115,20415
2015-06-12,20415,20443,20238,20318
2015-06-15,20318,20383,20193,20338
2015-06-16,20338,20368,20123,20295
2015-06-17,20295,20328,20133,20183
2015-06-18,20183,20228,19893,20138
2015-06-19,20138,20235,20073,20123
2015-06-22,20123,20606,20123,20521
2015-06-23,20521,20906,20521,20906
2015-06-24,20906,20961,20708,20746
2015-06-25,20746,20871,20706,20711
2015-06-26,20711,20884,20651,20846
2015-06-29,20846,20846,20054,20059
2015-06-30,20059,20384,20059,20219
2015-07-01,20219,20619,20217,20565
2015-07-02,20565,20600,20455,20490
2015-07-03,20490,20570,20430,20460
2015-07-06,20460,20460,20015,20278
2015-07-07,20278,20458,20084,20439
2015-07-08,20439,20439,19214,19294
2015-07-09,19294,19906,19114,19664
2015-07-10,19664,20139,19664,20084
2015-07-13,20084,20395,19916,20382
2015-07-14,20382,20525,20320,20505
2015-07-15,20505,20625,20390,20545
2015-07-16,20545,20705,20520,20685
2015-07-17,20685,20731,20610,20716
2015-07-20,20716,20811,20676,20791
2015-07-21,20791,20848,20591,20711
2015-07-22,20711,20711,20511,20631
2015-07-23,20631,20687,20496,20556
2015-07-24,20556,20616,20326,20361
2015-07-27,20361,20476,20036,20151
2015-07-28,20151,20425,20051,20350
2015-07-29,20350,20525,20200,20450
2015-07-30,20450,20585,20435,20560
2015-07-31,20560,20605,20460,20600
2015-08-03,20600,20600,20385,20502
2015-08-04,20502,20555,20410,20515
2015-08-05,20515,20820,20462,20755
2015-08-06,20755,20800,20565,20640
2015-08-07,20640,20742,20565,20652
2015-08-10,20652,20907,20592,20897
2015-08-11,20897,20932,20537,20617
2015-08-12,20617,20687,20049,20374
2015-08-13,20374,20664,20289,20584
2015-08-14,20584,20616,20469,20581
2015-08-17,20581,20677,20529,20670
2015-08-18,20670,20670,20441,20466
2015-08-19,20466,20521,20081,20101
2015-08-20,20101,20246,19586,19601
2015-08-21,19601,19696,18906,18971
2015-08-24,18971,19096,17158,17798
2015-08-25,17798,18851,17653,17771
2015-08-26,17771,18788,17666,18708
2015-08-27,18708,19068,18473,19013
2015-08-28,19013,19198,18933,19158
2015-08-31,19158,19158,18738,18788
2015-09-01,18788,18815,17738,17803
2015-09-02,17803,18468,17800,18298
2015-09-03,18298,18478,18163,18216
2015-09-04,18216,18306,17498,17628
2015-09-07,17628,18011,17463,17831
2015-09-08,17831,18353,17366,18001
2015-09-09,18001,18741,17973,18201
2015-09-10,18201,18401,17948,18198
2015-09-11,18198,18341,18008,18201
2015-09-14,18201,18391,17860,17972
2015-09-15,17972,18313,17798,18229
2015-09-16,18229,18479,18071,18459
2015-09-17,18459,18644,18229,18241
2015-09-18,18241,18336,17760,17840
2015-09-21,17840,18110,17745,18057
2015-09-22,18057,18097,17500,17677
2015-09-23,17677,17822,17432,17662
2015-09-24,17662,17795,17150,17495
2015-09-25,17495,18108,17453,17760
2015-09-28,17760,17822,17270,17345
2015-09-29,17345,17390,16890,17175
2015-09-30,17175,17535,17160,17477
2015-10-01,17477,17847,17385,17620
2015-10-02,17620,17862,17237,17862
2015-10-05,17862,18420,17855,18345
2015-10-06,18345,18360,18045,18165
2015-10-07,18165,18450,17985,18330
2015-10-08,18330,18395,18013,18283
2015-10-09,18283,18440,18173,18308
2015-10-12,18308,18410,18198,18347
2015-10-13,18347,18355,18078,18095
2015-10-14,18095,18123,17653,17703
2015-10-15,17703,18248,17703,18203
2015-10-16,18203,18395,18203,18353
2015-10-19,18353,18353,18073,18263
2015-10-20,18263,18271,18143,18193
2015-10-21,18193,18605,18156,18427
2015-10-22,18427,18875,18365,18855
2015-10-23,18855,19182,18752,19124
2015-10-26,19124,19124,18877,18967
2015-10-27,18967,19004,18757,18839
2015-10-28,18839,19164,18812,19162
2015-10-29,19162,19162,18805,18958
2015-10-30,18958,19203,18705,18848
2015-11-02,18848,19013,18633,18980
2015-11-03,18980,19110,18913,19025
2015-11-04,19025,19183,18870,19045
2015-11-05,19045,19333,18988,19208
2015-11-06,19208,19492,19158,19454
2015-11-09,19454,19682,19327,19424
2015-11-10,19424,19767,19424,19667
2015-11-11,19667,19785,19599,19685
2015-11-12,19685,19725,19430,19442
2015-11-13,19442,19627,19380,19404
2015-11-16,19404,19702,19234,19677
2015-11-17,19677,19887,19624,19812
2015-11-18,19812,19967,19653,19937
2015-11-19,19937,19965,19758,19842
2015-11-20,19842,19951,19713,19926
2015-11-23,19926,20026,19778,19856
2015-11-24,19856,19976,19757,19892
2015-11-25,19892,19937,19787,19922
2015-11-26,19922,20007,19922,19983
2015-11-27,19983,19997,19787,19857
2015-11-30,19857,19882,19708,19779
2015-12-01,19779,20027,19779,19982
2015-12-02,19982,19997,19782,19857
2015-12-03,19857,19967,19419,19527
2015-12-04,19527,19742,19384,19709
2015-12-07,19709,19823,19618,19738
2015-12-08,19738,19770,19233,19380
2015-12-09,19380,19465,18863,18945
2015-12-10,18945,19153,18945,19058
2015-12-11,19058,19275,18603,18698
2015-12-14,18698,18981,18536,18786
2015-12-15,18786,18966,18531,18876
2015-12-16,18876,19402,18871,19347
2015-12-17,19347,19537,19247,19254
2015-12-18,19254,19900,18762,18779
2015-12-21,18779,18976,18641,18871
2015-12-22,18871,18945,18698,18928
2015-12-23,18928,19120,18855,19095
2015-12-24,19095,19095,18730,18820
2015-12-25,18820,18820,18820,18820
2015-12-28,18820,18940,18760,18865
2015-12-29,18865,19145,18770,19102
2015-12-30,19102,19102,18870,18907
2015-12-31,18907,18920,18716,18831
2016-01-01,18831,18831,18831,18831
2016-01-04,18831,18947,18086,18271
2016-01-05,18271,18544,18139,18398
2016-01-06,18398,18461,17891,18033
2016-01-07,18033,18171,17476,17577
2016-01-08,17577,17977,17237,17279
2016-01-11,17279,17558,17132,17388
2016-01-12,17388,17548,17098,17398
2016-01-13,17398,17743,17168,17218
2016-01-14,17218,17583,16928,17498
2016-01-15,17498,17605,16568,16793
2016-01-18,16793,17028,16643,16848
2016-01-19,16848,17283,16758,17027
2016-01-20,17027,17027,15938,16348
2016-01-21,16348,16788,15798,16460
2016-01-22,16460,17275,16458,17230
2016-01-25,17230,17230,16797.5,16837.5
2016-01-26,16837.5,17102.5,16542.5,17062.5
2016-01-27,17062.5,17402.5,16962.5,17067.5
2016-01-28,17067.5,17276.5,16932.5,17081.5
2016-01-29,17081.5,17878,16745,17863
2016-02-01,17863,17897.5,17602.5,17745
2016-02-02,17745,17867.5,17360,17467.5
2016-02-03,17467.5,17467.5,16617.5,17010
2016-02-04,17010,17202.5,16697.5,16812.5
2016-02-05,16812.5,16885,16477.5,16557.5
2016-02-08,16557.5,17087.5,16207.5,16455
2016-02-09,16455,16455,15832.5,16125
2016-02-10,16125,16175,15420,15557.5
2016-02-11,15557.5,15617.5,15022.5,15220
2016-02-12,15220,15497.5,14770,15432.5
2016-02-15,15432.5,16152.5,15432.5,15912.5
2016-02-16,15912.5,16335,15735,15932.5
2016-02-17,15932.5,16207.5,15612.5,16052.5
2016-02-18,16052.5,16335,15917.5,15960
2016-02-19,15960,16032.5,15737.5,15822.5
2016-02-22,15822.5,16277.5,15795,16150
2016-02-23,16150,16327.5,15826,15826
2016-02-24,15826,16073.5,15523,15938
2016-02-25,15938,16245.5,15920.5,16225.5
2016-02-26,16225.5,16525.5,16185.5,16303
2016-02-29,16303,16450.5,15890.5,15985.5
2016-03-01,15985.5,16588.5,15848,16513.5
2016-03-02,16513.5,16823.5,16468.5,16696
2016-03-03,16696,16983.5,16686,16838.5
2016-03-04,16838.5,17168.5,16838.5,17023.5
2016-03-07,17023.5,17033.5,16757.5,16870
2016-03-08,16870,16905.5,16565.5,16672.5
2016-03-09,16672.5,16821.5,16490,16789
2016-03-10,16789,17169,16461.5,16664
2016-03-11,16664,17201.5,16531.5,17174
2016-03-14,17174,17306.5,17141.5,17246.5
2016-03-15,17246.5,17289,16871.5,16956.5
2016-03-16,16956.5,17096.5,16875.5,16950.5
2016-03-17,16950.5,17235.5,16555.5,16815.5
2016-03-18,16815.5,16920.5,16560.5,16759
2016-03-21,16759,16886.5,16626.5,16871.5
2016-03-22,16871.5,17097.5,16776.5,17047.5
2016-03-23,17047.5,17127.5,16870.5,16913
2016-03-24,16913,17035.5,16710.5,16893
2016-03-25,16893,16893,16893,16893
2016-03-28,16893,17160.5,16893,17070.5
2016-03-29,17070.5,17123.5,16920,17014.5
2016-03-30,17014.5,17089.5,16849.5,16971
2016-03-31,16971,17026.5,16708.5,16763.5
2016-04-01,16763.5,16793.5,16082.5,16147.5
2016-04-04,16147.5,16222.5,16010,16087.5
2016-04-05,16087.5,16087.5,15532.5,15607.5
2016-04-06,15607.5,15811.5,15551.5,15741.5
2016-04-07,15741.5,15856.5,15322.5,15437.5
2016-04-08,15437.5,16022.5,15407.5,15770
2016-04-11,15770,15892.5,15512.5,15697.5
2016-04-12,15697.5,16127.5,15657.5,16055
2016-04-13,16055,16657.5,16055,16597.5
2016-04-14,16597.5,16912.5,16597.5,16792.5
2016-04-15,16792.5,16925.5,16593,16605.5
2016-04-18,16605.5,16678.5,16243.5,16638.5
2016-04-19,16638.5,17145.5,16638.5,17023
2016-04-20,17023,17320.5,16850.5,17240.5
2016-04-21,17240.5,17411.5,17171.5,17228.5
2016-04-22,17228.5,17769.5,17141,17744.5
2016-04-25,17744.5,17744.5,17324.5,17444.5
2016-04-26,17444.5,17509.5,17194.5,17484.5
2016-04-27,17484.5,17504.5,17227,17494.5
2016-04-28,17494.5,17574.5,16117,16269.5
2016-04-29,16269.5,16348,15836.5,15869
2016-05-02,15869,16179,15869,16123
2016-05-03,16123,16130.5,15820.5,15927.5
2016-05-04,15927.5,16082.5,15814.5,15887
2016-05-05,15887,16122,15887,16042
2016-05-06,16042,16259.5,15834.5,16064.5
2016-05-09,16064.5,16417,16064.5,16272
2016-05-10,16272,16794.5,16189.5,16774.5
2016-05-11,16774.5,16809.5,16409.5,16419.5
2016-05-12,16419.5,16784,16354.5,16626.5
2016-05-13,16626.5,16808.5,16301.5,16385
2016-05-16,16385,16671.5,16297.5,16606.5
2016-05-17,16606.5,16781.5,16501.5,16548.5
2016-05-18,16548.5,16791,16503.5,16715.5
2016-05-19,16715.5,16840.5,16474.5,16589.5
2016-05-20,16589.5,16806.5,16539.5,16716.5
2016-05-23,16716.5,16721.5,16409,16509
2016-05-24,16509,16796.5,16461.5,16759
2016-05-25,16759,16986.5,16721.5,16926.5
2016-05-26,16926.5,16961.5,16726.5,16869
2016-05-27,16869,16924,16756.5,16911.5
2016-05-30,16911.5,17091.5,16896.5,17056.5
2016-05-31,17056.5,17246.5,16976.5,17069.5
2016-06-01,17069.5,17144.5,16736.5,16846.5
2016-06-02,16846.5,16856.5,16436.5,16599
2016-06-03,16599,16701.5,16251.5,16321.5
2016-06-06,16321.5,16676.5,16296.5,16651.5
2016-06-07,16651.5,16834,16521.5,16701.5
2016-06-08,16701.5,16844,16566.5,16806.5
2016-06-09,16806.5,16806.5,16491.5,16621.5
2016-06-10,16621.5,16677.5,16216.5,16326.5
2016-06-13,16326.5,16326.5,15909.5,15939.5
2016-06-14,15939.5,16064.5,15669.5,15809.5
2016-06-15,15809.5,16010.5,15725.5,15900.5
2016-06-16,15900.5,15928,15260.5,15603
2016-06-17,15603,15765.5,15443.5,15573.5
2016-06-20,15573.5,16082.5,15573.5,15842.5
2016-06-21,15842.5,16278.5,15752.5,16141
2016-06-22,16141,16168.5,15963.5,15971
2016-06-23,15971,16542.5,15971,16527.5
2016-06-24,16527.5,16527.5,14822.5,15160
2016-06-27,15160,15397.5,15010,15152.5
2016-06-28,15152.5,15567.5,14965,15560
2016-06-29,15560,15749.5,15365,15744.5
2016-06-30,15744.5,15794.5,15459.5,15748.5
2016-07-01,15748.5,15748.5,15533.5,15563.5
2016-07-04,15563.5,15801,15496,15693.5
2016-07-05,15693.5,15693.5,15365,15447.5
2016-07-06,15447.5,15447.5,15102.5,15377.5
2016-07-07,15377.5,15407.5,15217.5,15290
2016-07-08,15290,15389.5,15087.5,15344.5
2016-07-11,15344.5,16148.5,15344.5,16081
2016-07-12,16081,16578.5,16013.5,16536
2016-07-13,16536,16536,16198.5,16348.5
2016-07-14,16348.5,16633.5,16213.5,16548.5
2016-07-15,16548.5,16613.5,16398.5,16493.5
2016-07-18,16493.5,16656,16488.5,16616
2016-07-19,16616,16723.5,16498.5,16613.5
2016-07-20,16613.5,16872,16533.5,16864.5
2016-07-21,16864.5,16929.5,16464.5,16564.5
2016-07-22,16564.5,16694.5,16544.5,16604.5
2016-07-25,16604.5,16759.5,16528.5,16571
2016-07-26,16571,16576,16243.5,16399.5
2016-07-27,16399.5,16837,16399.5,16594.5
2016-07-28,16594.5,16619.5,16379.5,16582
2016-07-29,16582,16742,16024.5,16322
2016-08-01,16322,16657,16309.5,16444.5
2016-08-02,16444.5,16519.5,15987.5,16100
2016-08-03,16100,16257.5,15947.5,16068.5
2016-08-04,16068.5,16251,15893.5,16223.5
2016-08-05,16223.5,16479.5,16179.5,16412
2016-08-08,16412,16719.5,16412,16629.5
2016-08-09,16629.5,16754.5,16599.5,16676
2016-08-10,16676,16813.5,16633.5,16688.5
2016-08-11,16688.5,16914.5,16598.5,16867
2016-08-12,16867,16934.5,16773.5,16811
2016-08-15,16811,16928.5,16811,16873.5
2016-08-16,16873.5,16883.5,16513.5,16563.5
2016-08-17,16563.5,16751,16547.5,16665
2016-08-18,16665,16727.5,16470,16542.5
2016-08-19,16542.5,16602.5,16407.5,16477.5
2016-08-22,16477.5,16626.5,16477.5,16544
2016-08-23,16544,16646.5,16441.5,16546.5
2016-08-24,16546.5,16636.5,16506.5,16546.5
2016-08-25,16546.5,16651.5,16476.5,16501.5
2016-08-26,16501.5,16588.5,16331.5,16586
2016-08-29,16586,16773.5,16573.5,16703.5
2016-08-30,16703.5,16873.5,16678.5,16846
2016-08-31,16846,16913.5,16798.5,16908.5
2016-09-01,16908.5,17063.5,16841,16948.5
2016-09-02,16948.5,17158.5,16843.5,17123.5
2016-09-05,17123.5,17153.5,16998.5,17018.5
2016-09-06,17018.5,17099,16896.5,16941.5
2016-09-07,16941.5,17016.5,16881.5,16964
2016-09-08,16964,16997.5,16822.5,16990
2016-09-09,16990,17022.5,16762.5,16765
2016-09-12,16765,16785,16507.5,16772.5
2016-09-13,16772.5,16835,16507.5,16642.5
2016-09-14,16642.5,16702.5,16425.5,16470.5
2016-09-15,16470.5,16510.5,16333,16495.5
2016-09-16,16495.5,16503,16330.5,16350.5
2016-09-19,16350.5,16450.5,16315.5,16355.5
2016-09-20,16355.5,16565.5,16355.5,16445.5
2016-09-21,16445.5,16837.5,16338,16597.5
2016-09-22,16597.5,16917.5,16547.5,16857.5
2016-09-23,16857.5,16875.5,16640.5,16675.5
2016-09-26,16675.5,16688,16345.5,16378
2016-09-27,16378,16664.5,16253,16562
2016-09-28,16562,16562,16358,16528
2016-09-29,16528,16735.5,16438,16515.5
2016-09-30,16515.5,16585.5,16310.5,16550.5
2016-10-03,16550.5,16630.5,16515.5,16609
2016-10-04,16609,16851.5,16604,16736.5
2016-10-05,16736.5,16969,16701.5,16941.5
2016-10-06,16941.5,16956.5,16824,16936.5
2016-10-07,16936.5,16936.5,16726.5,16776.5
2016-10-10,16776.5,16986.5,16751.5,16946.5
2016-10-11,16946.5,17061.5,16811.5,16876.5
2016-10-12,16876.5,16986.5,16829,16964
2016-10-13,16964,16974,16641.4,16771.4
2016-10-14,16771.4,16961.4,16716.4,16873.9
2016-10-17,16873.9,16936.4,16806.4,16841.4
2016-10-18,16841.4,17001.4,16823.9,16933.9
2016-10-19,16933.9,17003.9,16916.4,16981
2016-10-20,16981,17283.5,16953.5,17273.5
2016-10-21,17273.5,17293.5,17118.5,17238.5
2016-10-24,17238.5,17358.5,17158.5,17333.5
2016-10-25,17333.5,17423.5,17298.5,17343.5
2016-10-26,17343.5,17378.5,17253.5,17353.5
2016-10-27,17353.5,17486.5,17271,17444
2016-10-28,17444,17486.5,17336.5,17399
2016-10-31,17399,17451.5,17321.5,17391.5
2016-11-01,17391.5,17481.5,17146.5,17241.5
2016-11-02,17241.5,17279,16946.5,17014
2016-11-03,17014,17121.5,16911.5,16966.5
2016-11-04,16966.5,17001.5,16804,16851.5
2016-11-07,16851.5,17311.5,16851.5,17309
2016-11-08,17309,17376.5,17106.5,17314
2016-11-09,17314,17433,16105.5,17210.5
2016-11-10,17210.5,17561,17108,17496
2016-11-11,17496,17613.5,17263.5,17418.5
2016-11-14,17418.5,17733.5,17418.5,17698.5
2016-11-15,17698.5,17899.5,17607,17899.5
2016-11-16,17899.5,17944.5,17774.5,17779.5
2016-11-17,17779.5,18107,17767,18099.5
2016-11-18,18099.5,18099.5,17914.5,18019.5
2016-11-21,18019.5,18159.5,17994.5,18019.5
2016-11-22,18019.5,18241.5,18019.5,18209
2016-11-23,18209,18441.5,18146.5,18426.5
2016-11-24,18426.5,18461.5,18311.5,18421.5
2016-11-25,18421.5,18481.5,18263.5,18373.5
2016-11-28,18373.5,18373.5,18208.5,18273.5
2016-11-29,18273.5,18443.5,18243.5,18348.5
2016-11-30,18348.5,18656.5,18281.5,18611.5
2016-12-01,18611.5,18741.5,18386.5,18436.5
2016-12-02,18436.5,18466.5,18246.5,18361.5
2016-12-05,18361.5,18556.5,18224,18394
2016-12-06,18394,18483.5,18308.5,18448.5
2016-12-07,18448.5,18661.5,18406,18621.5
2016-12-08,18621.5,18908,18600.5,18843
2016-12-09,18843,19220.5,18795.5,19210.5
2016-12-12,19210.5,19271.5,19054,19101.5
2016-12-13,19101.5,19346.5,19056.5,19316.5
2016-12-14,19316.5,19456.5,19161.5,19379
2016-12-15,19379,19541.5,19164,19474
2016-12-16,19474,19474,19272.5,19337.5
2016-12-19,19337.5,19452.5,19302.5,19420.5
2016-12-20,19420.5,19652.5,19365,19582
2016-12-21,19582,19599.5,19375.5,19445.5
2016-12-22,19445.5,19445.5,19315.5,19415.5
2016-12-23,19415.5,19478,19385.5,19430.5
2016-12-27,19430.5,19480.5,19358,19425.5
2016-12-28,19425.5,19478.5,19308.5,19336
2016-12-29,19336,19336,18938.5,19036
2016-12-30,19036,19180.5,18983.5,19055.5
2017-01-03,19055.5,19430.5,19055.5,19328
2017-01-04,19328,19670.5,19280.5,19630.5
2017-01-05,19630.5,19630.5,19375,19432.5
2017-01-06,19432.5,19625,19335,19592.5
2017-01-09,19592.5,19697.5,19407.5,19432.5
2017-01-10,19432.5,19477.5,19242.5,19327.5
2017-01-11,19327.5,19512.5,19125,19352.5
2017-01-12,19352.5,19352.5,18952.5,19177.5
2017-01-13,19177.5,19377.5,19147.5,19300
2017-01-16,19300,19300,19037.5,19052.5
2017-01-17,19052.5,19057.5,18667.5,18727.5
2017-01-18,18727.5,19027.5,18637.5,19017.5
2017-01-19,19017.5,19182.5,18972.5,19057.5
2017-01-20,19057.5,19277.5,19027.5,19147.5
2017-01-23,19147.5,19147.5,18792.5,18897.5
2017-01-24,18897.5,19077.5,18772.5,19042.5
2017-01-25,19042.5,19285.5,18978,19218
2017-01-26,19218,19565.5,19218,19510.5
2017-01-27,19510.5,19555.5,19400.5,19470.5
2017-01-30,19470.5,19470.5,19060.5,19175.5
2017-01-31,19175.5,19185.5,18815.5,18988
2017-02-01,18988,19285.5,18910.5,19165.5
2017-02-02,19165.5,19165.5,18858,19050.5
2017-02-03,19050.5,19111,18815.5,19060.5
2017-02-06,19060.5,19088,18795.5,18850.5
2017-02-07,18850.5,18972,18795.5,18948
2017-02-08,18948,19045.5,18860.5,18930.5
2017-02-09,18930.5,19212.5,18872.5,19167.5
2017-02-10,19167.5,19462.5,19167.5,19345
2017-02-13,19345,19535,19345,19515
2017-02-14,19515,19515,19227.5,19477.5
2017-02-15,19477.5,19495,19342.5,19420
2017-02-16,19420,19422.5,19167.5,19270
2017-02-17,19270,19270.5,19025.5,19138
2017-02-20,19138,19276,19105.5,19271
2017-02-21,19271,19480,19256,19452.5
2017-02-22,19452.5,19452.5,19277.5,19337.5
2017-02-23,19337.5,19377,19227,19287.5
2017-02-24,19287.5,19388,19073,19148
2017-02-27,19148,19213.5,18986,19191
2017-02-28,19191,19258.5,19013.5,19176
2017-03-01,19176,19613.5,19153.5,19553.5
2017-03-02,19553.5,19668.5,19528.5,19546
2017-03-03,19546,19580,19383.5,19448.5
2017-03-06,19448.5,19448.5,19296.5,19361.5
2017-03-07,19361.5,19386,19303.5,19331
2017-03-08,19331,19407.5,19189.5,19315
2017-03-09,19315,19415,19252.5,19410
2017-03-10,19410,19654,19410,19574
2017-03-13,19574,19666.5,19519,19664
2017-03-14,19664,19704,19514,19554
2017-03-15,19554,19591,19461,19487
2017-03-16,19487,19642,19421,19462
2017-03-17,19462,19539,19391,19427
2017-03-20,19427,19521,19346,19401
2017-03-21,19401,19477,19082,19116
2017-03-22,19116,19167,18897,19041
2017-03-23,19041,19122,18942,19047
2017-03-24,19047,19293,19047,19222
2017-03-27,19222,19222,18867,19116
2017-03-28,19116,19341,19066,19317
2017-03-29,19317,19317,19093,19153
2017-03-30,19153,19208,19013,19173
2017-03-31,19173,19201,18878,18948
2017-04-03,18948,19063,18898,18983
2017-04-04,18983,18983,18693,18903
2017-04-05,18903,19024,18763,18778
2017-04-06,18778,18783,18523,18718
2017-04-07,18718,18844,18500,18778
2017-04-10,18778,18847,18687,18747
2017-04-11,18747,18758,18542,18637
2017-04-12,18637,18637,18452,18462
2017-04-13,18462,18462,18297,18342
2017-04-17,18342,18469.5,18193,18467
2017-04-18,18467,18532,18257,18317
2017-04-19,18317,18498,18287,18377
2017-04-20,18377,18613,18363,18569
2017-04-21,18569,18658,18533,18603
2017-04-24,18603,18998,18603,18854
2017-04-25,18854,19229,18843,19188
2017-04-26,19188,19319,19143,19169
2017-04-27,19169,19296,19169,19225
2017-04-28,19225,19258,19149,19195
2017-05-01,19195,19362,19156,19341
2017-05-02,19341,19505,19326,19452
2017-05-03,19452,19620,19396,19585
2017-05-04,19585,19661,19496,19571
2017-05-05,19571,19709,19449,19698
2017-05-08,19698,19928,19698,19903
2017-05-09,19903,20019,19841,19964
2017-05-10,19964,19964,19861,19935
2017-05-11,19935,19994,19785,19864
2017-05-12,19864,19938,19783,19804
2017-05-15,19804,19948,19749,19943
2017-05-16,19943,19991,19802,19847
2017-05-17,19847,19847,19438,19458
2017-05-18,19458,19647,19277,19596
2017-05-19,19596,19741,19492,19680
2017-05-22,19680,19716,19611,19681
2017-05-23,19681,19768,19579,19763
2017-05-24,19763,19786.5,19681,19718
2017-05-25,19718,19847,19710,19807
2017-05-26,19807,19807,19587,19697
2017-05-29,19697,19730,19615,19677
2017-05-30,19677,19708,19564,19618
2017-05-31,19618,19709,19581,19661
2017-06-01,19661,19919,19659,19916
2017-06-02,19916,20230,19916,20159
2017-06-05,20159,20215,20089,20145
2017-06-06,20145,20150,19884,19929
2017-06-07,19929,20012,19896,19982
2017-06-08,19982,20069,19899,20029
2017-06-09,20029,20109,19855,19943
2017-06-12,19943,19954,19788.5,19847.5
2017-06-13,19847.5,19968.5,19843.5,19949.5
2017-06-14,19949.5,20005.5,19756.5,19870.5
2017-06-15,19870.5,19970,19744,19902.5
2017-06-16,19902.5,20007.5,19881.5,19948.5
2017-06-19,19948.5,20161.5,19944,20151.5
2017-06-20,20151.5,20319,20151.5,20191.5
2017-06-21,20191.5,20204,20063.5,20129.5
2017-06-22,20129.5,20184.5,20063.5,20125.5
2017-06-23,20125.5,20154,20071.5,20112.5
2017-06-26,20112.5,20223.5,20084,20207.5
2017-06-27,20207.5,20236.5,20120.5,20164.5
2017-06-28,20164.5,20211.5,20049.5,20202.5
2017-06-29,20202.5,20273.5,19858.5,19974.5
2017-06-30,19974.5,20098,19933.5,20073
2017-07-03,20073,20186.5,20023,20181.5
2017-07-04,20181.5,20191.5,19951.5,20058
2017-07-05,20058,20128.5,19873.5,20071.5
2017-07-06,20071.5,20072.5,19867.5,19890.5
2017-07-07,19890.5,20050.5,19835.5,20024.5
2017-07-10,20024.5,20121.5,20021.5,20054
2017-07-11,20054,20181.5,20041.5,20115.5
2017-07-12,20115.5,20157.5,20040.5,20137.5
2017-07-13,20137.5,20167.5,20047.5,20110.5
2017-07-14,20110.5,20145.5,20025.5,20046.5
2017-07-17,20046.5,20119.5,19979.5,20027.5
2017-07-18,20027.5,20073.5,19903.5,19978.5
2017-07-19,19978.5,20024.5,19943.5,20024.5
2017-07-20,20024.5,20149.5,20018.5,20098.5
2017-07-21,20098.5,20123.5,19962.5,19988.5
2017-07-24,19988.5,19989.5,19868.5,19954.5
2017-07-25,19954.5,20095.5,19930.5,20070.5
2017-07-26,20070.5,20110.5,20005.5,20015.5
2017-07-27,20015.5,20170.5,19961.5,20033.5
2017-07-28,20033.5,20038.5,19923.5,19963.5
2017-07-31,19963.5,19994.5,19903.5,19938.5
2017-08-01,19938.5,20045.5,19924.5,20014.5
2017-08-02,20014.5,20105.5,20014.5,20070.5
2017-08-03,20070.5,20070.5,19965.5,19970.5
2017-08-04,19970.5,20065.5,19935.5,20038.5
2017-08-07,20038.5,20100.5,20035.5,20061.5
2017-08-08,20061.5,20071.5,19940.5,19946.5
2017-08-09,19946.5,19946.5,19653.5,19766.5
2017-08-10,19766.5,19825.5,19365.5,19369.5
2017-08-11,19369.5,19503.5,19307.5,19387.5
2017-08-14,19387.5,19616.5,19387.5,19601.5
2017-08-15,19601.5,19834.5,19601.5,19729.5
2017-08-16,19729.5,19808.5,19691.5,19724.5
2017-08-17,19724.5,19732.5,19483.5,19490.5
2017-08-18,19490.5,19555.5,19324.5,19445.5
2017-08-21,19445.5,19540,19268.5,19334.5
2017-08-22,19334.5,19492.5,19334.5,19492.5
2017-08-23,19492.5,19559.5,19355.5,19362.5
2017-08-24,19362.5,19424.5,19316.5,19423.5
2017-08-25,19423.5,19544.5,19380.5,19456.5
2017-08-28,19456.5,19529,19405.5,19474.5
2017-08-29,19474.5,19496.5,19143.5,19471.5
2017-08-30,19471.5,19578.5,19429.5,19565.5
2017-08-31,19565.5,19730.5,19555.5,19675.5
2017-09-01,19675.5,19740.5,19614.5,19690.5
2017-09-04,19690.5,19690.5,19420.5,19513.5
2017-09-05,19513.5,19580.5,19263.5,19350.5
2017-09-06,19350.5,19481.5,19255.5,19461.5
2017-09-07,19461.5,19481.5,19353.5,19407.5
2017-09-08,19407.5,19418.5,19229.5,19291.5
2017-09-11,19291.5,19695.5,19291.5,19690.5
2017-09-12,19690.5,19858.5,19648.5,19852.5
2017-09-13,19852.5,19898.5,19791.5,19871.5
2017-09-14,19871.5,19901.5,19780.5,19857.5
2017-09-15,19857.5,20025.5,19765.5,19966.5
2017-09-18,19966.5,20130.5,19966.5,20094.5
2017-09-19,20094.5,20308.5,20094.5,20270.5
2017-09-20,20270.5,20411.5,20247.5,20406.5
2017-09-21,20406.5,20496.5,20308.5,20390.5
2017-09-22,20390.5,20415.5,20249.5,20325.5
2017-09-25,20325.5,20444,20228.5,20309.5
2017-09-26,20309.5,20390.5,20275.5,20365.5
2017-09-27,20365.5,20418.5,20202.5,20382.5
2017-09-28,20382.5,20402.5,20288.5,20323.5
2017-09-29,20323.5,20364.5,20271.5,20348.5
2017-10-02,20348.5,20474.5,20348.5,20469.5
2017-10-03,20469.5,20674.5,20433.5,20674.5
2017-10-04,20674.5,20684.5,20582.5,20658.5
2017-10-05,20658.5,20694.5,20593.5,20694.5
2017-10-06,20694.5,20754.5,20632.5,20657.5
2017-10-09,20657.5,20734.5,20634,20674.5
2017-10-10,20674.5,20834.5,20653.5,20813.5
2017-10-11,20813.5,20964.5,20778.5,20939.5
2017-10-12,20939.5,21030.5,20913.5,20979.5
2017-10-13,20979.5,21260.5,20923.5,21235.5
2017-10-16,21235.5,21350.5,21194,21335.5
2017-10-17,21335.5,21390.5,21223.5,21360.5
2017-10-18,21360.5,21445.5,21308.5,21445.5
2017-10-19,21445.5,21511.5,21205.5,21331.5
2017-10-20,21331.5,21555.5,21306.5,21555.5
2017-10-23,21555.5,21835.5,21555.5,21643.5
2017-10-24,21643.5,21928.5,21627.5,21898.5
2017-10-25,21898.5,21923.5,21587.5,21708.5
2017-10-26,21708.5,21853.5,21692.5,21848.5
2017-10-27,21848.5,22124.5,21815.5,22049.5
2017-10-30,22049.5,22084,21846.5,21893.5
2017-10-31,21893.5,22212.5,21841.5,22202.5
2017-11-01,22202.5,22593.5,22157.5,22522.5
2017-11-02,22522.5,22566.5,22359.5,22557.5
2017-11-03,22557.5,22637.5,22496.5,22615
2017-11-06,22615,22652.5,22422.5,22561.5
2017-11-07,22561.5,22998.5,22515.5,22852.5
2017-11-08,22852.5,22957.5,22738.5,22921.5
2017-11-09,22921.5,23422.5,22314.5,22640
2017-11-10,22640,22720.5,22326.5,22464
2017-11-13,22464,22609,22105.5,22354
2017-11-14,22354,22534.5,22251.5,22295.5
2017-11-15,22295.5,22307.5,21825.5,22095.5
2017-11-16,22095.5,22616.5,21974.5,22566.5
2017-11-17,22566.5,22765.5,22272.5,22328.5
2017-11-20,22328.5,22504.5,22162.5,22452.5
2017-11-21,22452.5,22665.5,22399.5,22655.5
2017-11-22,22655.5,22681.5,22335.5,22387.5
2017-11-23,22387.5,22480.5,22307.5,22405.5
2017-11-24,22405.5,22651.5,22370.5,22640.5
2017-11-27,22640.5,22664.5,22411.5,22463.5
2017-11-28,22463.5,22644.5,22361.5,22625.5
2017-11-29,22625.5,22798.5,22507.5,22653.5
2017-11-30,22653.5,22965.5,22509.5,22860.5
2017-12-01,22860.5,22994.5,22367.5,22648.5
2017-12-04,22648.5,22863.5,22479.5,22479.5
2017-12-05,22479.5,22684.5,22445.5,22461.5
2017-12-06,22461.5,22529.5,22047.5,22241.5
2017-12-07,22241.5,22654.5,22241.5,22614.5
2017-12-08,22614.5,22899.5,22557.5,22880.5
2017-12-11,22880.5,22946.5,22790.5,22946.5
2017-12-12,22946.5,22996.5,22815.5,22880.5
2017-12-13,22880.5,22880.5,22672.5,22682.5
2017-12-14,22682.5,22778.5,22538.5,22587.5
2017-12-15,22587.5,22749.5,22471.5,22712.5
2017-12-18,22712.5,23001.5,22712.5,22991.5
2017-12-19,22991.5,22991.5,22786.5,22796.5
2017-12-20,22796.5,22927.5,22796.5,22852.5
2017-12-21,22852.5,22937.5,22716.5,22816.5
2017-12-22,22816.5,22907.5,22802.5,22865.5
2017-12-26,22865.5,22913.5,22865.5,22898.5
2017-12-27,22898.5,22952.5,22867.5,22909.5
2017-12-28,22909.5,22944.5,22717.5,22782.5
2017-12-29,22782.5,22873.5,22649.5,22708
2018-01-02,22708,22839.5,22618.5,22829.5
2018-01-03,22829.5,23221.5,22816.5,23166.5
2018-01-04,23166.5,23673.5,23136.5,23638.5
2018-01-05,23638.5,23832.5,23513.5,23802.5
2018-01-08,23802.5,23966.5,23802.5,23951.5
2018-01-09,23951.5,23976.5,23761.5,23841.5
2018-01-10,23841.5,23851.5,23551.5,23621.5
2018-01-11,23621.5,23791.5,23591.5,23781.5
2018-01-12,23781.5,23831.5,23571.5,23826.5
2018-01-15,23826.5,23839,23671.5,23696.5
2018-01-16,23696.5,23991.5,23641.5,23736.5
2018-01-17,23736.5,24127.5,23721.5,24072.5
2018-01-18,24072.5,24102.5,23690.5,23823.5
2018-01-19,23823.5,23896.5,23719.5,23841.5
2018-01-22,23841.5,23957.5,23671.5,23952.5
2018-01-23,23952.5,24186.5,23907.5,24014.5
2018-01-24,24014.5,24059.5,23600.5,23750.5
2018-01-25,23750.5,23821.5,23449.5,23614.5
2018-01-26,23614.5,23789.5,23544.5,23730.5
2018-01-29,23730.5,23778.5,23478.5,23545.5
2018-01-30,23545.5,23568.5,23097.5,23193.5
2018-01-31,23193.5,23368.5,23073.5,23267.5
2018-02-01,23267.5,23487.5,23217.5,23285.5
2018-02-02,23285.5,23347.5,22939,22969
2018-02-05,22969,22969,21370,21390
2018-02-06,21390,22282.5,21057.5,22272.5
2018-02-07,22272.5,22342.5,21458.5,21837.5
2018-02-08,21837.5,21998.5,21082.5,21177.5
2018-02-09,21177.5,21567.5,20537.5,21289
2018-02-12,21289,21713.5,21279.5,21642.5
2018-02-13,21642.5,21692.5,20912.5,21215.5
2018-02-14,21215.5,21517.5,20923.5,21507.5
2018-02-15,21507.5,21614.5,21293.5,21487.5
2018-02-16,21487.5,21921.5,21487.5,21896.5
2018-02-19,21896.5,22153.5,21841.5,21962.5
2018-02-20,21962.5,22053.5,21800.5,21862.5
2018-02-21,21862.5,22177.5,21806.5,21881.5
2018-02-22,21881.5,21881.5,21606.5,21712.5
2018-02-23,21712.5,22042.5,21712.5,22033.5
2018-02-26,22033.5,22416.5,22033.5,22416.5
2018-02-27,22416.5,22505.5,22165.5,22175.5
2018-02-28,22175.5,22369.5,21876.5,21907.5
2018-03-01,21907.5,21922.5,21019.5,21104.5
2018-03-02,21104.5,21265.5,20679.5,21121.5
2018-03-05,21121.5,21461.5,20841.5,21411.5
2018-03-06,21411.5,21806.5,21384.5,21626.5
2018-03-07,21626.5,21626.5,21185.5,21436.5
2018-03-08,21436.5,21648.5,21289.5,21648.5
2018-03-09,21648.5,21889.5,21348.5,21873.5
2018-03-12,21873.5,21988.5,21682.5,21741.5
2018-03-13,21741.5,22101.5,21701.5,21767.5
2018-03-14,21767.5,21912.5,21598.5,21733.5
2018-03-15,21733.5,21878.5,21543.5,21833.5
2018-03-16,21833.5,21858.5,21513.5,21598.5
2018-03-19,21598.5,21653.5,21054.5,21269.5
2018-03-20,21269.5,21478.5,21174.5,21448.5
2018-03-21,21448.5,21528.5,21284.5,21299.5
2018-03-22,21299.5,21577.5,21026.5,21038.5
2018-03-23,21038.5,21038.5,20318.5,20354.5
2018-03-26,20354.5,20888.5,20334.5,20863.5
2018-03-27,20863.5,21344.5,20767.5,20859
2018-03-28,20859,21325.5,20666.5,21234.5
2018-03-29,21234.5,21630.5,20983.5,21475.5
2018-04-02,21475.5,21594.5,20924.5,21046.5
2018-04-03,21046.5,21528.5,21039.5,21492.5
2018-04-04,21492.5,21566.5,21031.5,21561.5
2018-04-05,21561.5,21916.5,21456.5,21881.5
2018-04-06,21881.5,21881.5,21311.5,21426.5
2018-04-09,21426.5,21800.5,21426.5,21593.5
2018-04-10,21593.5,21960.5,21533.5,21840.5
2018-04-11,21840.5,21860.5,21566.5,21646.5
2018-04-12,21646.5,21846.5,21591.5,21811.5
2018-04-13,21811.5,21921.5,21696.5,21771.5
2018-04-16,21771.5,21916.5,21761.5,21816.5
2018-04-17,21816.5,21946.5,21771.5,21886.5
2018-04-18,21886.5,22190.5,21886.5,22160.5
2018-04-19,22160.5,22350.5,22050.5,22136.5
2018-04-20,22136.5,22260.5,22045.5,22073.5
2018-04-23,22073.5,22206.5,22021.5,22186.5
2018-04-24,22186.5,22345.5,21960.5,22070.5
2018-04-25,22070.5,22285.5,22070.5,22285.5
2018-04-26,22285.5,22440.5,22260.5,22430.5
2018-04-27,22430.5,22556.5,22357.5,22450.5
2018-04-30,22450.5,22635.5,22418.5,22433.5
2018-05-01,22433.5,22555.5,22419.5,22540.5
2018-05-02,22540.5,22585.5,22420.5,22420.5
2018-05-03,22420.5,22420.5,22089.5,22340.5
2018-05-04,22340.5,22505.5,22160.5,22465.5
2018-05-07,22465.5,22539.5,22344.5,22464.5
2018-05-08,22464.5,22559.5,22409.5,22494.5
2018-05-09,22494.5,22494.5,22359.5,22485.5
2018-05-10,22485.5,22545.5,22420.5,22510.5
2018-05-11,22510.5,22773.5,22505.5,22698.5
2018-05-14,22698.5,22889.5,22698.5,22878.5
2018-05-15,22878.5,22903.5,22713.5,22743.5
2018-05-16,22743.5,22809.5,22688.5,22804.5
2018-05-17,22804.5,22948.5,22794.5,22893.5
2018-05-18,22893.5,22946.5,22814.5,22833.5
2018-05-21,22833.5,23043.5,22833.5,23019.5
2018-05-22,23019.5,23019.5,22909.5,22929.5
2018-05-23,22929.5,22944.5,22474.5,22619.5
2018-05-24,22619.5,22634.5,22070.5,22310.5
2018-05-25,22310.5,22511.5,22255.5,22345.5
2018-05-28,22345.5,22540.5,22345.5,22414.5
2018-05-29,22414.5,22449.5,21915.5,22035.5
2018-05-30,22035.5,22266.5,21920.5,22256.5
2018-05-31,22256.5,22265.5,22011.5,22101.5
2018-06-01,22101.5,22373.5,22081.5,22360.5
2018-06-04,22360.5,22565.5,22305.5,22554.5
2018-06-05,22554.5,22594.5,22440.5,22510.5
2018-06-06,22510.5,22749.5,22500.5,22749.5
2018-06-07,22749.5,22871.5,22630.5,22711.5
2018-06-08,22711.5,22871.5,22515.5,22681.5
2018-06-11,22681.5,22989.5,22635.5,22964.5
2018-06-12,22964.5,23010.5,22782.5,22844.5
2018-06-13,22844.5,22978.5,22828.5,22828.5
2018-06-14,22828.5,22911.5,22703.5,22881.5
2018-06-15,22881.5,22906.5,22679.5,22809.5
2018-06-18,22809.5,22834.5,22585.5,22706.5
2018-06-19,22706.5,22721.5,22115.5,22261.5
2018-06-20,22261.5,22581.5,22169.5,22527.5
2018-06-21,22527.5,22772.5,22419.5,22444.5
2018-06-22,22444.5,22644.5,22419.5,22559.5
2018-06-25,22559.5,22579.5,22047.5,22207.5
2018-06-26,22207.5,22420.5,22116.5,22354.5
2018-06-27,22354.5,22425.5,22117.5,22150.5
2018-06-28,22150.5,22332.5,22049.5,22302.5
2018-06-29,22302.5,22354.5,22154.5,22242.5
2018-07-02,22242.5,22306.5,21691.5,21856.5
2018-07-03,21856.5,21916.5,21556.5,21713.5
2018-07-04,21713.5,21768.5,21588.5,21692.5
2018-07-05,21692.5,21733.5,21452.5,21698.5
2018-07-06,21698.5,21872.5,21628.5,21807.5
2018-07-09,21807.5,22197.5,21807.5,22197.5
2018-07-10,22197.5,22307.5,22167.5,22246.5
2018-07-11,22246.5,22246.5,21745.5,22012.5
2018-07-12,22012.5,22341.5,21982.5,22332.5
2018-07-13,22332.5,22678.5,22332.5,22573.5
2018-07-16,22573.5,22723.5,22539.5,22559.5
2018-07-17,22559.5,22860.5,22494.5,22854.5
2018-07-18,22854.5,22939.5,22768.5,22870.5
2018-07-19,22870.5,22910.5,22676.5,22716.5
2018-07-20,22716.5,22866.5,22497.5,22537.5
2018-07-23,22537.5,22547.5,22332.5,22477.5
2018-07-24,22477.5,22618.5,22407.5,22567.5
2018-07-25,22567.5,22662.5,22507.5,22622.5
2018-07-26,22622.5,22672.5,22527.5,22632.5
2018-07-27,22632.5,22746.5,22570.5,22630.5
2018-07-30,22630.5,22630.5,22467.5,22484.5
2018-07-31,22484.5,22704.5,22345,22669
2018-08-01,22669,22821.5,22564.5,22643.5
2018-08-02,22643.5,22748.5,22383.5,22588.5
2018-08-03,22588.5,22628.5,22443.5,22573.5
2018-08-06,22573.5,22618.5,22453.5,22553.5
2018-08-07,22553.5,22693.5,22528.5,22663
2018-08-08,22663,22792.5,22552.5,22555
2018-08-09,22555,22633.5,22499.5,22573.5
2018-08-10,22573.5,22613.5,22078.5,22193.5
2018-08-13,22193.5,22193.5,21838.5,22052.5
2018-08-14,22052.5,22381.5,22027.5,22326.5
2018-08-15,22326.5,22361.5,21853.5,22008.5
2018-08-16,22008.5,22352.5,21872.5,22292.5
2018-08-17,22292.5,22337.5,22087.5,22267.5
2018-08-20,22267.5,22277.5,22142.5,22182.5
2018-08-21,22182.5,22372.5,22047.5,22311.5
2018-08-22,22311.5,22457.5,22147.5,22377.5
2018-08-23,22377.5,22527.5,22367.5,22497.5
2018-08-24,22497.5,22641.5,22452.5,22621.5
2018-08-27,22621.5,22898.5,22621.5,22892.5
2018-08-28,22892.5,22991.5,22773.5,22808.5
2018-08-29,22808.5,22979.5,22794.5,22968.5
2018-08-30,22968.5,23083.5,22660.5,22735.5
2018-08-31,22735.5,22890.5,22675.5,22820.5
2018-09-03,22820.5,22850.5,22689.5,22757.5
2018-09-04,22757.5,22799.5,22593.5,22703.5
2018-09-05,22703.5,22703.5,22478.5,22528.5
2018-09-06,22528.5,22558.5,22358.5,22398.5
2018-09-07,22398.5,22437.5,22168.5,22337.5
2018-09-10,22337.5,22492.5,22238.5,22447.5
2018-09-11,22447.5,22711.5,22447.5,22708.5
2018-09-12,22708.5,22723.5,22523.5,22638.5
2018-09-13,22638.5,23001.5,22623.5,22966.5
2018-09-14,22966.5,23249.5,22941.5,23216.5
2018-09-17,23216.5,23358.5,23126.5,23171.5
2018-09-18,23171.5,23888.5,23026.5,23833.5
2018-09-19,23833.5,23844.5,23660.5,23740.5
2018-09-20,23740.5,23856.5,23576.5,23835.5
2018-09-21,23835.5,23973.5,23772.5,23880.5
2018-09-24,23880.5,23880.5,23740.5,23850.5
2018-09-25,23850.5,24025.5,23805.5,23964.5
2018-09-26,23964.5,24025.5,23825.5,23874.5
2018-09-27,23874.5,24125.5,23770.5,24024.5
2018-09-28,24024.5,24288.5,24000.5,24153.5
2018-10-01,24153.5,24474.5,24135.5,24414.5
2018-10-02,24414.5,24442.5,24088.5,24232.5
2018-10-03,24232.5,24359.5,24041.5,24282.5
2018-10-04,24282.5,24292.5,23621.5,23753.5
2018-10-05,23753.5,23939.5,23556.5,23658.5
2018-10-08,23658.5,23808.5,23366.5,23626.5
2018-10-09,23626.5,23626.5,23326.5,23528.5
2018-10-10,23528.5,23593.5,22801.5,22803.5
2018-10-11,22803.5,22904.5,22242.5,22474.5
2018-10-12,22474.5,22752.5,22217.5,22548.5
2018-10-15,22548.5,22553.5,22032.5,22267.5
2018-10-16,22267.5,22868.5,22203.5,22865.5
2018-10-17,22865.5,22950.5,22634.5,22865.5
2018-10-18,22865.5,22902.5,22150.5,22310.5
2018-10-19,22310.5,22680.5,22206.5,22442.5
2018-10-22,22442.5,22702.5,22258.5,22469.5
2018-10-23,22469.5,22479.5,21631.5,22174.5
2018-10-24,22174.5,22207.5,21344.5,21410.5
2018-10-25,21410.5,21787.5,21198.5,21552.5
2018-10-26,21552.5,21552.5,20796.5,21248.5
2018-10-29,21248.5,21501.5,20800.5,21018.5
2018-10-30,21018.5,21633.5,20986.5,21623.5
2018-10-31,21623.5,21938.5,21563.5,21770.5
2018-11-01,21770.5,21863.5,21508.5,21758.5
2018-11-02,21758.5,22312.5,21651.5,22001.5
2018-11-05,22001.5,22084.5,21859.5,21998.5
2018-11-06,21998.5,22257.5,21989.5,22242.5
2018-11-07,22242.5,22559.5,21984.5,22559.5
2018-11-08,22559.5,22574.5,22354.5,22458.5
2018-11-09,22458.5,22477.5,21999.5,22119.5
2018-11-12,22119.5,22313.5,21722.5,21777.5
2018-11-13,21777.5,21964.5,21464.5,21765.5
2018-11-14,21765.5,21980.5,21544.5,21656.5
2018-11-15,21656.5,21939.5,21529.5,21939.5
2018-11-16,21939.5,21939.5,21484.5,21738.5
2018-11-19,21738.5,21913.5,21519.5,21584.5
2018-11-20,21584.5,21684.5,21169.5,21221.5
2018-11-21,21221.5,21741.5,21214.5,21634.5
2018-11-22,21634.5,21737.5,21464.5,21561.5
2018-11-23,21561.5,21681.5,21439.5,21476.5
2018-11-26,21476.5,22077.5,21476.5,22032.5
2018-11-27,22032.5,22189.5,21804.5,22075
2018-11-28,22075,22407.5,22029.5,22382.5
2018-11-29,22382.5,22422.5,22179.5,22277.5
2018-11-30,22277.5,22411.5,22219.5,22406.5
2018-12-03,22406.5,22706.5,22406.5,22621.5
2018-12-04,22621.5,22621.5,21574.5,21599.5
2018-12-05,21599.5,21973.5,21599.5,21892.5
2018-12-06,21892.5,21892.5,21069.5,21576.5
2018-12-07,21576.5,21725.5,21244.5,21336.5
2018-12-10,21336.5,21385.5,20934.5,21320.5
2018-12-11,21320.5,21525.5,21059.5,21344.5
2018-12-12,21344.5,21808.5,21313.5,21620.5
2018-12-13,21620.5,21903.5,21620.5,21683.5
2018-12-14,21683.5,21738.5,21234.5,21288.5
2018-12-17,21288.5,21554.5,20964.5,21141.5
2018-12-18,21141.5,21321.5,21004.5,21025.5
2018-12-19,21025.5,21180.5,20564.5,20686.5
2018-12-20,20686.5,20831.5,20074.5,20397.5
2018-12-21,20397.5,20397.5,19774.5,19849.5
2018-12-24,19849.5,19958.5,19319.5,19342.5
2018-12-26,19342.5,20089.5,19044.5,20035.5
2018-12-27,20035.5,20200.5,19514.5,20039.5
2018-12-28,20039.5,20067.5,19724.5,19939.5
2018-12-31,19939.5,20054.5,19749.5,19848.5
2019-01-02,19848.5,19931.5,19284.5,19823.5
2019-01-03,19823.5,19823.5,19294.5,19384.5
2019-01-04,19384.5,20197.5,19219.5,20099.5
2019-01-07,20099.5,20308.5,19964.5,20178.5
2019-01-08,20178.5,20410.5,20089.5,20308.5
2019-01-09,20308.5,20483.5,20169.5,20259.5
2019-01-10,20259.5,20381.5,20029.5,20346.5
2019-01-11,20346.5,20382.5,20184.5,20286.5
2019-01-14,20286.5,20286.5,19979.5,20109.5
2019-01-15,20109.5,20574.5,20109.5,20505.5
2019-01-16,20505.5,20592.5,20317.5,20492.5
2019-01-17,20492.5,20622.5,20199.5,20512.5
2019-01-18,20512.5,20948.5,20449.5,20933.5
2019-01-21,20933.5,20933.5,20664.5,20746.5
2019-01-22,20746.5,20801.5,20334.5,20434.5
2019-01-23,20434.5,20721.5,20414.5,20547.5
2019-01-24,20547.5,20642.5,20429.5,20580.5
2019-01-25,20580.5,20899.5,20580.5,20811.5
2019-01-28,20811.5,20811.5,20469.5,20590.5
2019-01-29,20590.5,20753.5,20404.5,20637.5
2019-01-30,20637.5,20849.5,20514.5,20805.5
2019-01-31,20805.5,20880.5,20634.5,20832.5
2019-02-01,20832.5,20924.5,20724.5,20820.5
2019-02-04,20820.5,20919.5,20804.5,20899.5
2019-02-05,20899.5,20972.5,20818.5,20942.5
2019-02-06,20942.5,20957.5,20824.5,20884.5
2019-02-07,20884.5,20909.5,20464.5,20562.5
2019-02-08,20562.5,20562.5,20184.5,20324.5
2019-02-11,20324.5,20492.5,20224.5,20469.5
2019-02-12,20469.5,20969.5,20424.5,20934.5
2019-02-13,20934.5,21210.5,20934.5,21118.5
2019-02-14,21118.5,21252.5,20954.5,21009.5
2019-02-15,21009.5,21234.5,20829.5,21233.5
2019-02-18,21233.5,21317.5,21184.5,21251.5
2019-02-19,21251.5,21407.5,21204.5,21327.5
2019-02-20,21327.5,21488.5,21299.5,21414.5
2019-02-21,21414.5,21548.5,21304.5,21367.5
2019-02-22,21367.5,21498.5,21337.5,21432.5
2019-02-25,21432.5,21629.5,21432.5,21573.5
2019-02-26,21573.5,21598.5,21364.5,21517.5
2019-02-27,21517.5,21592.5,21444.5,21552.5
2019-02-28,21552.5,21552.5,21274.5,21480.5
2019-03-01,21480.5,21752.5,21469.5,21747.5
2019-03-04,21747.5,21857.5,21589.5,21676.5
2019-03-05,21676.5,21825.5,21649.5,21685.5
2019-03-06,21685.5,21685.5,21529.5,21530.5
2019-03-07,21530.5,21530.5,21194.5,21261.5
2019-03-08,21261.5,21306.5,20829.5,21076.5
2019-03-11,21076.5,21307.5,20914.5,21307.5
2019-03-12,21307.5,21546.5,21307.5,21396.5
2019-03-13,21396.5,21507.5,21149.5,21459.5
2019-03-14,21459.5,21513.5,21259.5,21340.5
2019-03-15,21340.5,21533.5,21319.5,21507.5
2019-03-18,21507.5,21630.5,21479.5,21579.5
2019-03-19,21579.5,21670.5,21419.5,21564.5
2019-03-20,21564.5,21644.5,21434.5,21444.5
2019-03-21,21444.5,21600.5,21313.5,21595.5
2019-03-22,21595.5,21660.5,21104.5,21163.5
2019-03-25,21163.5,21230.5,20859.5,21121.5
2019-03-26,21121.5,21519.5,21119.5,21449.5
2019-03-27,21449.5,21449.5,21054.5,21173.1
2019-03-28,21173.1,21232.14,20968.21,21219.63
2019-03-29,21219.63,21288.97,21148.1,21264.46
2019-04-01,21264.46,21678.88,21264.46,21631.54
2019-04-02,21631.54,21744.94,21464.26,21509.44
2019-04-03,21509.44,21832.81,21479.29,21773.78
2019-04-04,21773.78,21786.62,21664.25,21776.61
2019-04-05,21776.61,21855.5,21728.76,21854.83
2019-04-08,21854.83,21966.51,21715.55,21798.05
2019-04-09,21798.05,21814.31,21588.94,21623.85
2019-04-10,21623.85,21736.79,21545.48,21661.26
2019-04-11,21661.26,21741.47,21619.5,21716.8
2019-04-12,21716.8,22078.5,21690.58,22059.89
2019-04-15,22059.89,22232.5,22044.5,22143.88
2019-04-16,22143.88,22319.5,22125.22,22239.34
2019-04-17,22239.34,22345.5,22183.5,22251.11
2019-04-18,22251.11,22297.66,22048.72,22264.45
2019-04-19,22264.45,22264.45,22154.1,22176.57
2019-04-22,22176.57,22284.03,22086.8,22269.02
2019-04-23,22269.02,22355.89,22114.86,22350.89
2019-04-24,22350.89,22372.48,22123.57,22169.04
2019-04-25,22169.04,22356.44,22145.42,22185.05
2019-04-26,22185.05,22337.5,22063.5,22332.4
2019-04-29,22332.4,22451.5,22331.5,22402.5
2019-04-30,22402.5,22419.42,22261.5,22409.42
2019-05-01,22409.42,22476.5,22165.52,22178.02
2019-05-02,22178.02,22366.5,22170.44,22296.66
2019-05-03,22296.66,22485.5,22211.5,22473.81
2019-05-06,22473.81,22473.81,21916.5,22206.5
2019-05-07,22206.5,22206.5,21504.5,21646.5
2019-05-08,21646.5,21659.5,21414.97,21504.99
2019-05-09,21504.99,21547.37,21063.81,21311.95
2019-05-10,21311.95,21582.5,21066.39,21486.83
2019-05-13,21486.83,21486.83,20764.5,20797.06
2019-05-14,20797.06,21181.5,20749.5,21146.04
2019-05-15,21146.04,21194.17,20879.5,21186.67
2019-05-16,21186.67,21340.56,20944.68,21251.04
2019-05-17,21251.04,21391.46,21139.54,21223.05
2019-05-20,21223.05,21434.5,21049.5,21159.71
2019-05-21,21159.71,21383.66,21151.17,21366.15
2019-05-22,21366.15,21403.76,21186.03,21215.94
2019-05-23,21215.94,21215.94,20811.5,20871.49
2019-05-24,20871.49,21190.5,20822.5,21124.46
2019-05-27,21124.46,21259.11,21104.82,21208.5
2019-05-28,21208.5,21294.2,20984.95,20999.95
2019-05-29,20999.95,21062.25,20724.5,20888.77
2019-05-30,20888.77,20988.5,20802.31,20950.38
2019-05-31,20950.38,20959.5,20379.5,20424.53
2019-06-03,20424.53,20530.5,20294.5,20474.49
2019-06-04,20474.49,20732.5,20284.5,20727.71
2019-06-05,20727.71,20871.5,20639.5,20786.77
2019-06-06,20786.77,20914.5,20688.5,20841.88
2019-06-07,20841.88,21057.5,20814.5,21033.88
2019-06-10,21033.88,21244.5,21033.88,21121.37
2019-06-11,21121.37,21328.5,21069.5,21176.24
2019-06-12,21176.24,21259.39,21022.16,21044.67
2019-06-13,21044.67,21130.5,20929.5,21060.52
2019-06-14,21060.52,21115.5,20974.5,21041.79
2019-06-17,21041.79,21187.83,21039.5,21137.78
2019-06-18,21137.78,21261.77,20901.34,21256.77
2019-06-19,21256.77,21373.99,21253.9,21341.45
2019-06-20,21341.45,21631.72,21341.45,21498.29
2019-06-21,21498.29,21517.01,21212.5,21236.06
2019-06-24,21236.06,21332.4,21181.86,21227.24
2019-06-25,21227.24,21312.11,21077.49,21104.99
2019-06-26,21104.99,21257.5,21029.88,21114.78
2019-06-27,21114.78,21333.85,21099.5,21239.6
2019-06-28,21239.6,21338.44,21188.67,21338.44
2019-07-01,21338.44,21847.55,21338.44,21710.71
2019-07-02,21710.71,21789.08,21629.5,21717.33
2019-07-03,21717.33,21728.5,21562.4,21728.5
2019-07-04,21728.5,21753.5,21670.4,21693.5
2019-07-05,21693.5,21737.5,21589.5,21679.08
2019-07-08,21679.08,21717.5,21495.99,21608.41
2019-07-09,21608.41,21687.5,21479.5,21531.82
2019-07-10,21531.82,21644.5,21489.5,21552.97
2019-07-11,21552.97,21659.5,21534.5,21629.48
2019-07-12,21629.48,21713.5,21584.5,21601.96
2019-07-15,21601.96,21707.5,21534.5,21609.6
2019-07-16,21609.6,21652.5,21464.5,21488.77
2019-07-17,21488.77,21492.5,21309.81,21312.31
2019-07-18,21312.31,21346.29,20990.98,21189.48
2019-07-19,21189.48,21476.5,21116.37,21294.43
2019-07-22,21294.43,21446.5,21294.43,21426.08
2019-07-23,21426.08,21724.5,21399.5,21699.48
2019-07-24,21699.48,21774.5,21627.13,21756.48
2019-07-25,21756.48,21824.5,21613.84,21618.84
2019-07-26,21618.84,21705,21586.59,21673.46
2019-07-29,21673.46,21673.46,21514.5,21652.94
2019-07-30,21652.94,21793.5,21477.53,21524.76
2019-07-31,21524.76,21591.32,21267.7,21352.73
2019-08-01,21352.73,21592.5,21034.77,21034.77
2019-08-02,21034.77,21173.5,20779.5,20902.51
2019-08-05,20902.51,20939.5,20191.01,20206.02
2019-08-06,20206.02,20669.5,19986.72,20648.5
2019-08-07,20648.5,20666.5,20234.5,20622.5
2019-08-08,20622.5,20806.5,20449.5,20791.5
2019-08-09,20791.5,20791.5,20374.5,20501.5
2019-08-12,20501.5,20596.5,20229.5,20281.5
2019-08-13,20281.5,20772.5,20224.5,20741.5
2019-08-14,20741.5,20781.5,20109.5,20137.5
2019-08-15,20137.5,20512.5,20094.5,20332.5
2019-08-16,20332.5,20605.5,20289.5,20584.5
2019-08-19,20584.5,20689.5,20489.5,20649.5
2019-08-20,20649.5,20674.5,20474.5,20494.5
2019-08-21,20494.5,20734.5,20469.5,20697.5
2019-08-22,20697.5,20754.5,20539.5,20609.5
2019-08-23,20609.5,20734.5,20139.5,20199.5
2019-08-26,20199.5,20610.5,19984.5,20550.5
2019-08-27,20550.5,20574.5,20379.5,20425.5
2019-08-28,20425.5,20530.5,20324.5,20529.5
2019-08-29,20529.5,20719.5,20349.5,20699.5
2019-08-30,20699.5,20784.5,20614.5,20654.5
2019-09-02,20654.5,20659.5,20509.5,20549.5
2019-09-03,20549.5,20669.5,20509.5,20589.5
2019-09-04,20589.5,20809.5,20544.5,20809.5
2019-09-05,20809.5,21259.5,20774.5,21149.5
2019-09-06,21149.5,21237.5,21124.5,21214.5
2019-09-09,21214.5,21371.5,21174.5,21343.5
2019-09-10,21343.5,21452.5,21284.5,21447.5
2019-09-11,21447.5,21657.5,21434.5,21657.5
2019-09-12,21657.5,21872.5,21657.5,21837.5
2019-09-13,21837.5,22093.5,21814.5,22044.5
2019-09-16,22044.5,22044.5,21789.5,21918.5
2019-09-17,21918.5,22033.5,21869.5,22023.5
2019-09-18,22023.5,22086.5,21919.5,22083.5
2019-09-19,22083.5,22258.5,21994.5,22123.5
2019-09-20,22123.5,22198.5,21949.5,21968.5
2019-09-23,21968.5,22117.5,21844.5,21946.5
2019-09-24,21946.5,22156.5,21814.5,21870.5
2019-09-25,21870.5,22060.5,21814.5,22045.5
2019-09-26,22045.5,22170.5,21974.5,22126.5
2019-09-27,22126.5,22126.5,21669.5,21706.5
2019-09-30,21706.5,21863.5,21649.5,21863.5
2019-10-01,21863.5,22021.5,21649.5,21674.5
2019-10-02,21674.5,21780.5,21274.5,21339.5
2019-10-03,21339.5,21455.5,21039.5,21357.5
2019-10-04,21357.5,21542.5,21259.5,21532.5
2019-10-07,21532.5,21601.5,21319.5,21481.5
2019-10-08,21481.5,21626.5,21319.5,21336.5
2019-10-09,21336.5,21608.5,21314.5,21571.5
2019-10-10,21571.5,21736.5,21299.5,21676.5
2019-10-11,21676.5,22240.5,21664.5,22035.5
2019-10-14,22035.5,22108.5,21874.5,21987.5
2019-10-15,21987.5,22559.5,21987.5,22525.5
2019-10-16,22525.5,22610.5,22419.5,22515.5
2019-10-17,22515.5,22686.5,22414.5,22518.5
2019-10-18,22518.5,22646.5,22399.5,22484.5
2019-10-21,22484.5,22690.5,22439.5,22685.5
2019-10-22,22685.5,22799.5,22614.5,22681.5
2019-10-23,22681.5,22795.5,22474.5,22795.5
2019-10-24,22795.5,22864.5,22724.5,22811.5
2019-10-25,22811.5,22846.5,22704.5,22821.5
2019-10-28,22821.5,22973.5,22814.5,22958.5
2019-10-29,22958.5,22988.5,22884.5,22918.5
2019-10-30,22918.5,22938.5,22744.5,22923.5
2019-10-31,22923.5,22978.5,22644.5,22712.5
2019-11-01,22712.5,22982.5,22679.5,22937.5
2019-11-04,22937.5,23173.5,22937.5,23128.5
2019-11-05,23128.5,23374.5,23128.5,23329.5
2019-11-06,23329.5,23368.5,23239.5,23303.5
2019-11-07,23303.5,23642.5,23244.5,23532.5
2019-11-08,23532.5,23592.5,23294.5,23467.5
2019-11-11,23467.5,23467.5,23214.5,23367.5
2019-11-12,23367.5,23572.5,23299.5,23462.5
2019-11-13,23462.5,23462.5,23154.5,23327.5
2019-11-14,23327.5,23357.5,22999.5,23147.5
2019-11-15,23147.5,23392.5,23109.5,23362.5
2019-11-18,23362.5,23487.5,23259.5,23392.5
2019-11-19,23392.5,23426.5,23199.5,23236.5
2019-11-20,23236.5,23291.5,23004.5,23126.5
2019-11-21,23126.5,23151.5,22714.5,23071.5
2019-11-22,23071.5,23201.5,23019.5,23156.5
2019-11-25,23156.5,23426.5,23156.5,23419.5
2019-11-26,23419.5,23611.5,23304.5,23436.5
2019-11-27,23436.5,23586.5,23409.5,23581.5
2019-11-28,23581.5,23581.5,23364.5,23471.5
2019-11-29,23471.5,23486.5,23269.5,23326.5
2019-12-02,23326.5,23585.5,23059.5,23205.5
2019-12-03,23205.5,23380.5,22889.5,23125.5
2019-12-04,23125.5,23370.5,22959.5,23335.5
2019-12-05,23335.5,23435.5,23239.5,23320.5
2019-12-06,23320.5,23550.5,23309.5,23520.5
2019-12-09,23520.5,23535.5,23344.5,23360.5
2019-12-10,23360.5,23474.5,23254.5,23439.5
2019-12-11,23439.5,23459.5,23314.5,23435.5
2019-12-12,23435.5,23784.5,23359.5,23764.5
2019-12-13,23764.5,24098.5,23764.5,23963.5
2019-12-16,23963.5,24168.5,23939.5,24133.5
2019-12-17,24133.5,24133.5,23984.5,24058.5
2019-12-18,24058.5,24058.5,23859.5,23933.5
2019-12-19,23933.5,23937.5,23789.5,23847.5
2019-12-20,23847.5,23900.5,23734.5,23867.5
2019-12-23,23867.5,23907.5,23784.5,23862.5
2019-12-24,23862.5,23862.5,23784.5,23822.5
2019-12-26,23822.5,23989.5,23822.5,23987.5
2019-12-27,23987.5,23987.5,23759.5,23788.5
2019-12-30,23793.5,23793.5,23404.5,23423.5
2019-12-31,23423.5,23448.5,23304.5,23428.5
2020-01-02,23428.5,23788.5,23428.5,23713.5
2020-01-03,23713.5,23713.5,23159.5,23313.5
2020-01-06,23308.5,23363.5,23044.5,23338.5
2020-01-07,23338.5,23568.5,23279.5,23368.5
2020-01-08,23368.5,23602.5,22929.5,23537.5
2020-01-09,23537.5,23797.5,23534.5,23772.5
2020-01-10,23772.5,23897.5,23654.5,23697.5
2020-01-13,23697.5,23961.5,23697.5,23957.5
2020-01-14,23957.5,24047.5,23854.5,24002.5
2020-01-15,24002.5,24002.5,23864.5,23952.5
2020-01-16,23952.5,24082.5,23894.5,24072.5
2020-01-17,24072.5,24117.5,24004.5,24052.5
2020-01-20,24052.5,24101.5,24024.5,24056.5
2020-01-21,24056.5,24056.5,23764.5,23768.5
2020-01-22,23768.5,24038.5,23768.5,23853.5
2020-01-23,23853.5,23902.5,23619.5,23812.5
2020-01-24,23812.5,23907.5,23559.5,23647.5
2020-01-27,23647.5,23647.5,23044.5,23047.5
2020-01-28,23047.5,23367.5,23004.5,23347.5
2020-01-29,23347.5,23407.5,23199.5,23247.5
2020-01-30,23247.5,23301.5,22829.5,23211.5
2020-01-31,23211.5,23411.5,22624.5,22726.5
2020-02-03,22726.5,23026.5,22726.5,22876.5
2020-02-04,22876.5,23410.5,22834.5,23380.5
2020-02-05,23380.5,23710.5,23219.5,23695.5
2020-02-06,23695.5,23990.5,23639.5,23960.5
2020-02-07,23960.5,23965.5,23669.5,23680.5
2020-02-10,23680.5,23810.5,23564.5,23695.5
2020-02-11,23695.5,24025.5,23684.5,23895.5
2020-02-12,23895.5,23985.5,23719.5,23955.5
2020-02-13,23955.5,23955.5,23569.5,23725.5
2020-02-14,23725.5,23775.5,23479.5,23545.5
2020-02-17,23545.5,23570.5,23329.5,23510.5
2020-02-18,23510.5,23510.5,23094.5,23205.5
2020-02-19,23205.5,23675.5,23205.5,23590.5
2020-02-20,23590.5,23799.5,23329.5,23534.5
2020-02-21,23534.5,23579.5,23099.5,23204.5
2020-02-24,23204.5,23204.5,22079.5,22184.5
2020-02-25,22184.5,22739.5,21899.5,22079.5
2020-02-26,22079.5,22510.5,21999.5,22214.5
2020-02-27,22214.5,22263.5,21204.5,21214.5
2020-02-28,21214.5,21449.5,20454.5,21084.5
2020-03-02,21009.5,21594.5,20699.5,21439.5
2020-03-03,21439.5,21749.5,20674.5,20860.5
2020-03-04,20860.5,21430.5,20860.5,21385.5
2020-03-05,21385.5,21409.5,20734.5,20790.5
2020-03-06,20790.5,21059.5,20204.5,20420.5
2020-03-09,20420.5,20420.5,18499.5,18870.5
2020-03-10,18870.5,20190.5,18870.5,19975.5
2020-03-11,19975.5,19975.5,18924.5,19164.5
2020-03-12,19164.5,19300.5,16834.5,17044.5
2020-03-13,17044.5,18422.5,16664.5,18119.5
2020-03-16,18119.5,18119.5,16243.42,16643.17
2020-03-17,16643.17,17743.2,16584.05,17499.8
2020-03-18,17499.8,17509.5,16382.87,16914.73
2020-03-19,16914.73,17988.22,16447.75,17642.39
2020-03-20,17642.39,18400,17350,17555
2020-03-23,17555,18389.27,16386.39,17962.21
2020-03-24,17962.21,19429.5,17911,19394.5
2020-03-25,19394.5,19660,18740,19314.5
2020-03-26,19314.5,19359.33,18504.5,19325
2020-03-27,19325,19412.67,18679.5,18710
2020-03-30,18710,19181,18549.5,19174.5
2020-03-31,19174.5,19490,18586.71,18699.5
2020-04-01,18699.5,18809.46,17619,17649.33
2020-04-02,17649.33,18169,17559.5,18117.67
2020-04-03,18117.67,18166,17594.5,17699.5
2020-04-06,17699.5,18965.71,17674.5,18913
2020-04-07,18913,19860.44,18511.91,18965.5
2020-04-08,18965.5,19428.78,18692.67,19132.67
2020-04-09,19132.67,19599.46,19119.5,19439.75
2020-04-13,19439.75,19439.75,18911.77,19061.95
2020-04-14,19061.95,19664.57,19044.5,19463.5
2020-04-15,19463.5,19566.19,19104.57,19240
2020-04-16,19240,19305.41,18926.77,19143.5
2020-04-17,19143.5,19840,19143.5,19528.73
2020-04-20,19528.73,19690,19216.42,19230.29
2020-04-21,19230.29,19438.5,18886.59,18953.35
2020-04-22,18953.35,19245,18745.44,19178.78
2020-04-23,19178.78,19561.22,19102.25,19264
2020-04-24,19264,19367,19047.67,19330.67
2020-04-27,19330.67,19730.44,19267,19689.18
2020-04-28,19689.18,20036.26,19512.25,19861.36
2020-04-29,19861.36,20398.62,19797.43,20289.33
2020-04-30,20289.33,20289.33,19696.53,19868.96
2020-05-01,19868.96,19868.96,19314.75,19377.11
2020-05-04,19377.11,19377.11,18927.15,19267.25
2020-05-05,19267.25,19611.71,19240.64,19411.63
2020-05-06,19411.63,19617.67,19224.5,19229.33
2020-05-07,19229.33,19707.3,19177.67,19646.45
2020-05-08,19646.45,20085.44,19646.45,20082.5
2020-05-11,20082.5,20481.08,20082.5,20371.36
2020-05-12,20371.36,20376.63,20006.37,20011.56
2020-05-13,20011.56,20280.19,19902.88,20028.5
2020-05-14,20028.5,20089.75,19467.04,19928.64
2020-05-15,19928.64,20041.33,19681.53,19879.85
2020-05-18,19879.85,20540.55,19851.31,20504.33
2020-05-19,20504.33,20546.36,20221.31,20245.75
2020-05-20,20245.75,20666.32,20245.75,20578.11
2020-05-21,20578.11,20590.62,20301.45,20313
2020-05-22,20313,20462.76,20081.29,20399.13
2020-05-25,20399.13,20832.67,20399.13,20789.5
2020-05-26,20789.5,21206.74,20773.14,21122.19
2020-05-27,21122.19,21567.52,20984.2,21486.83
2020-05-28,21486.83,21946.91,21420.62,21755.38
2020-05-29,21755.38,21801.15,21501.91,21795.71
2020-06-01,21795.71,22081.14,21624.5,22069.56
2020-06-02,22069.56,22546.12,21953.27,22492.03
2020-06-03,22492.03,22796.71,22306.42,22756.45
2020-06-04,22756.45,22834.33,22337.07,22566.63
2020-06-05,22566.63,23146.39,22401.28,22974.61
2020-06-08,22974.61,23116.71,22803.9,23053.5
2020-06-09,23053.5,23062.54,22543.5,22727.67
2020-06-10,22727.67,23015.77,22581.56,22700.09
2020-06-11,22700.09,22829.13,21508.26,21595
2020-06-12,21595,22405,21595,22130
2020-06-15,22130,22199.13,21319.5,21920.55
2020-06-16,21920.55,22592.96,21920.55,22362.25
2020-06-17,22362.25,22763.24,22234.89,22506.63
2020-06-18,22506.63,22561,22134.53,22421.63
2020-06-19,22421.63,22770.32,22388.55,22394.07
2020-06-22,22394.07,22672.43,22299.93,22667.43
2020-06-23,22667.43,22873.02,22288.02,22615.52
2020-06-24,22615.52,22710.68,22143.18,22335.68
2020-06-25,22335.68,22589.17,22114.17,22551.67
2020-06-26,22551.67,22629.31,22291.81,22346.81
2020-06-29,22346.81,22467.12,22027.12,22429.62
2020-06-30,22429.62,22514.62,22211.59,22349.09
2020-07-01,22349.09,22434.31,22011.81,22244.31
2020-07-02,22244.31,22486.68,22101.68,22371.68
2020-07-03,22371.68,22409.75,22172.25,22248.25
2020-07-06,22248.25,22802.07,22248.25,22697.07
2020-07-07,22697.07,22759.81,22452.31,22467.31
2020-07-08,22467.31,22687.15,22368.45,22543.45
2020-07-09,22543.45,22713.6,22309.45,22431.95
2020-07-10,22431.95,22652.07,22269.56,22647.07
2020-07-13,22647.07,22892.83,22545.33,22580.33
2020-07-14,22580.33,22772.63,22522.68,22745.55
2020-07-15,22745.55,23057.84,22745.55,22935.89
2020-07-16,22935.89,22975.51,22690.13,22778.1
2020-07-17,22778.1,22878.02,22647.45,22715.21
2020-07-20,22715.21,22848.05,22592.96,22828.05
2020-07-21,22828.05,22967.96,22737.82,22757.82
2020-07-22,22757.82,22872.57,22665.26,22792.83
2020-07-23,22792.83,22925.31,22503.15,22570.65
2020-07-24,22570.65,22657.78,22287.76,22372.76
2020-07-27,22372.76,22752.74,22353.63,22700.12
2020-07-28,22700.12,22850.12,22517.64,22547.34
2020-07-29,22547.34,22579.77,22372.23,22560.1
2020-07-30,22560.1,22562.42,21976.12,22258.83
2020-07-31,22258.83,22349.02,21711.46,21950.95
2020-08-03,21950.95,22425.9,21898.44,22413.4
2020-08-04,22413.4,22666.2,22388.58,22523.35
2020-08-05,22523.35,22648.25,22365.86,22490.8
2020-08-06,22490.8,22598.16,22280.66,22435.8
2020-08-07,22435.8,22460.8,22213.18,22455.8
2020-08-10,22455.8,22545.48,22350.48,22520.48
2020-08-11,22520.48,22971.01,22477.96,22705.97
2020-08-12,22705.97,23266.55,22675.97,23211.55
2020-08-13,23211.55,23323.18,23148.99,23213.02
2020-08-14,23213.02,23363.11,23068.14,23158.21
2020-08-17,23158.21,23262.25,23068.76,23167.97
2020-08-18,23167.97,23177.32,22946.01,23081.91
2020-08-19,23081.91,23214.79,22967.93,23128.74
2020-08-20,23128.74,23128.74,22852.25,22988.49
2020-08-21,22988.49,23148.72,22719.16,22910.14
2020-08-24,22910.14,23187.58,22857.16,23184.25
2020-08-25,23184.25,23440.91,23159.35,23313.75
2020-08-26,23313.75,23353.39,23164.79,23299.27
2020-08-27,23299.27,23359.09,23148.54,23227.92
2020-08-28,23227.92,23389.09,22560.82,22936.86
2020-08-31,22936.86,23374.56,22936.86,23104.03
2020-09-01,23104.03,23212.81,23006.07,23194.15
2020-09-02,23194.15,23507.23,23160.96,23501.11
2020-09-03,23501.11,23630.98,22969.84,23087.73
2020-09-04,23087.73,23316.35,22826.54,23171.87
2020-09-07,23171.87,23216.62,23030.61,23184.6
2020-09-08,23184.6,23307.12,22916.38,23025.78
2020-09-09,23025.78,23235.69,22875.91,23182.03
2020-09-10,23182.03,23326.15,23103.8,23139.23
2020-09-11,23139.23,23469.7,23139.23,23396.46
2020-09-14,23396.46,23654.54,23396.46,23504.78
2020-09-15,23504.78,23565.07,23398.65,23529.62
2020-09-16,23529.62,23565.31,23437.51,23500.79
2020-09-17,23500.79,23520.15,23261.12,23402.65
2020-09-18,23402.65,23453.07,23227.21,23292.88
2020-09-21,23292.88,23428.75,22656.79,23000.56
2020-09-22,23000.56,23122.24,22762.5,23081.12
2020-09-23,23081.12,23443.08,23074.3,23267.01
2020-09-24,23267.01,23289.95,23054.49,23211.42
2020-09-25,23211.42,23356.86,23031.81,23351.12
2020-09-28,23351.12,23572.19,23340.48,23571.47
2020-09-29,23571.47,23647.24,23378.02,23493.48
2020-09-30,23493.48,23558.23,23165.2,23308.14
2020-10-01,23308.14,23404.23,23254.22,23374.91
2020-10-02,23374.91,23383.66,22981.86,23213.67
2020-10-05,23213.67,23454.4,23213.67,23443.17
2020-10-06,23443.17,23469.59,23253.72,23312.68
2020-10-07,23312.68,23538.44,23265.77,23533.27
2020-10-08,23533.27,23727.98,23497.3,23656.64
2020-10-09,23656.64,23762.6,23575.9,23597.21
2020-10-12,23597.21,23668.73,23516.46,23638.68
2020-10-13,23638.68,23672.02,23498.24,23538.3
2020-10-14,23538.3,23668.61,23528.37,23570.49
2020-10-15,23570.49,23595.43,23378.36,23519.25
2020-10-16,23519.25,23576.37,23392.53,23533.2
2020-10-19,23533.2,23739.01,23508.41,23520.07
2020-10-20,23520.07,23678.15,23520.07,23607.73
2020-10-21,23607.73,23698.66,23533.41,23569.22
2020-10-22,23569.22,23614.4,23423.83,23597.47
2020-10-23,23597.47,23599.64,23467.7,23564.4
2020-10-26,23564.4,23570.85,23366.09,23418.47
2020-10-27,23418.47,23531.53,23241.53,23415.53
2020-10-28,23415.53,23450.39,23070.39,23080.4
2020-10-29,23080.4,23401.72,23080.4,23300.72
2020-10-30,23300.72,23310.51,22881.51,23171.51
2020-11-02,23171.51,23455.64,23096.64,23420.65
2020-11-03,23420.65,23926.45,23420.65,23826.45
2020-11-04,23826.45,24076.39,23501.39,23965.4
2020-11-05,23965.4,24381.4,23866.4,24275.4
2020-11-06,24275.4,24466.9,24085.9,24335.9
2020-11-09,24335.9,25904.58,24335.9,25474.58
2020-11-10,25474.58,25474.58,24835.6,25289.6
2020-11-11,25289.6,25715.73,25156.73,25598.23
2020-11-12,25598.23,25600.3,25230.3,25356.3
2020-11-13,25356.3,25680.25,25220.25,25630.25
2020-11-16,25630.25,26220.05,25630.25,26182.55
2020-11-17,26182.55,26182.55,25865,25987.5
2020-11-18,25987.5,25987.5,25624.94,25629.94
2020-11-19,25629.94,25659.59,25409.59,25580.59
2020-11-20,25580.59,25764.63,25429.63,25679.63
2020-11-23,25679.63,26059.55,25679.63,25977.05
2020-11-24,25977.05,26514.51,25959.51,26482.01
2020-11-25,26482.01,26714.46,26184.46,26316.96
2020-11-26,26316.96,26589.53,26250.53,26470.53
2020-11-27,26470.53,26810.32,26410.32,26790.32
2020-11-30,26790.32,26869.21,26304.21,26424.21
2020-12-01,26424.21,26969.15,26424.21,26880.15
2020-12-02,26880.15,26894.07,26685.07,26836.57
2020-12-03,26836.57,26920.02,26690.02,26761.53
2020-12-04,26761.53,26869.95,26644.95,26844.95
2020-12-07,26844.95,26883.74,26318.74,26421.25
2020-12-08,26421.25,26569.66,26314.66,26528.66
2020-12-09,26528.66,26908.58,26508.58,26648.58
2020-12-10,26648.58,26871.27,26647.27,26726.27
2020-12-11,26726.27,26845.56,26456.56,26630.56
2020-12-14,26630.56,26886.06,26630.56,26705.06
2020-12-15,26705.06,26860.02,26620.02,26825.02
2020-12-16,26825.02,26890,26735,26831
2020-12-17,26831,26884.76,26694.76,26818.76
2020-12-18,26818.76,26904.92,26720.92,26850.92
2020-12-21,26850.92,26913.93,26240.96,26566.4
2020-12-22,26566.4,26668.36,26388.7,26609.03
2020-12-23,26609.03,26775.91,26437.65,26708.46
2020-12-24,26708.46,26770.81,26616.38,26680.13
2020-12-28,26680.13,27006.96,26678.81,26974.23
2020-12-29,26974.23,27724.09,26944.26,27544.18
2020-12-30,27544.18,27639.01,27363.4,27465
2020-12-31,27465,27569.41,27464.27,27503.56
2021-01-04,27503.56,27642.06,27056.16,27141
2021-01-05,27141,27290.52,26978.66,27175.71
2021-01-06,27175.71,27496.24,26967.92,27383.99
2021-01-07,27383.99,27683.38,27383.99,27646.9
2021-01-08,27646.9,28366.35,27646.9,28363.22
2021-01-11,28363.22,28363.22,27976.34,28109.73
2021-01-12,28109.73,28306.88,27980.68,28203.85
2021-01-13,28203.85,28537.62,28150.89,28500.17
2021-01-14,28500.17,29004.19,28425.52,28878.11
2021-01-15,28878.11,28906.79,28177.86,28319.53
2021-01-18,28319.53,28374.38,28125.06,28355.06
2021-01-19,28355.06,28810.91,28355.06,28760.07
2021-01-20,28760.07,28841.02,28413.79,28688.36
2021-01-21,28688.36,28866.05,28535.09,28662.93
2021-01-22,28662.93,28713.07,28422.23,28643.77
2021-01-25,28643.77,28872.43,28492.87,28851.13
2021-01-26,28851.13,28851.13,28530.15,28761.55
2021-01-27,28761.55,28767.11,28105.69,28130.77
2021-01-28,28130.77,28547.56,27838.15,28405.86
2021-01-29,28405.86,28405.86,27589.03,27727.03
2021-02-01,27727.03,28324.23,27624.19,28297.71
2021-02-02,28297.71,28529.9,28087.29,28479.64
2021-02-03,28479.64,28736.16,28415.23,28623.19
2021-02-04,28623.19,28679.8,28306.19,28672.63
2021-02-05,28672.63,28909.91,28548.09,28802.1
2021-02-08,28802.1,29544.57,28802.1,29493.31
2021-02-09,29493.31,29599.42,29355.74,29437.69
2021-02-10,29437.69,29575.58,29186.28,29308.58
2021-02-11,29308.58,29500.33,29247.62,29479.79
2021-02-12,29479.79,29684.37,29319.27,29652.87
2021-02-15,29652.87,30296.96,29652.87,30246.4
2021-02-16,30246.4,30728,30192.79,30430.01
2021-02-17,30430.01,30449.86,30159.56,30367.93
2021-02-18,30367.93,30580,29904.49,30143.66
2021-02-19,30143.66,30329.66,29760.24,30188.03
2021-02-22,30188.03,30469.06,29984.93,30020.74
2021-02-23,30020.74,30154.24,29662.33,30013.7
2021-02-24,30013.7,30130.9,29627.55,30085.39
2021-02-25,30085.39,30230.24,29502.2,29620.41
2021-02-26,29620.41,29636.45,28980.22,29241.51
2021-03-01,29241.51,29928.96,29241.51,29894.76
2021-03-02,29894.76,30006.49,29311.94,29515.4
2021-03-03,29515.4,29761.04,29266.7,29279.41
2021-03-04,29279.41,29292.09,28707.82,28953.82
2021-03-05,28953.82,29190.53,28301.33,29181.28
2021-03-08,29181.28,29332.62,28561.04,28847.84
2021-03-09,28847.84,29284.54,28604.65,29196.39
2021-03-10,29196.39,29239.08,28959.08,29092.83
2021-03-11,29092.83,29416.45,29038.39,29314.39
2021-03-12,29314.39,29800.32,29238.11,29730.57
2021-03-15,29730.57,29921.42,29620.57,29846.46
2021-03-16,29846.46,30065.91,29775.02,29908.15
2021-03-17,29908.15,30057.93,29823.2,30039.49
2021-03-18,30039.49,30524.22,29930.3,29970.25
2021-03-19,29970.25,30081.41,29121.95,29532.07
2021-03-22,29532.07,29532.07,28928.51,29314.98
2021-03-23,29314.98,29521.38,28821.09,28877.9
2021-03-24,28877.9,28885.83,28309.54,28478.19
2021-03-25,28478.19,29106.25,28434.73,29094.98
2021-03-26,29094.98,29662.91,28978.95,29653.49
2021-03-29,29653.49,29653.49,29209.38,29553.88
2021-03-30,29553.88,29559,29304.53,29389.28
2021-03-31,29389.28,29457.7,29157.69,29384.47
2021-04-01,29384.47,29740.55,29332.47,29736.43
2021-04-02,29736.43,30117.83,29677.36,30032.36
2021-04-05,30032.36,30243.18,30021.18,30227.95
2021-04-06,30227.95,30297.79,29633.97,29691.13
2021-04-07,29691.13,29886.61,29539.63,29719.56
2021-04-08,29719.56,29766.38,29533.46,29742.47
2021-04-09,29742.47,30093.11,29742.47,29935.05
2021-04-12,29935.05,30008.72,29554.99,29636.28
2021-04-13,29636.28,29919.51,29579.08,29849.7
2021-04-14,29849.7,29854.03,29582.03,29646.31
2021-04-15,29646.31,29810.9,29545.1,29776.6
2021-04-16,29776.6,29850.06,29632.06,29798.06
2021-04-19,29798.06,29829.01,29208.93,29374.88
2021-04-20,29374.88,29424.31,28540.12,28645.7
2021-04-21,28645.7,28914.28,28427.09,28901.09
2021-04-22,28901.09,29227.62,28812.16,28932.58
2021-04-23,28932.58,29328.31,28777.31,29226.31
2021-04-26,29226.31,29293.91,28907.1,29243.39
2021-04-27,29243.39,29291.44,28848.76,29053.16
2021-04-28,29053.16,29154.12,28886.94,28946.44
2021-04-29,28946.44,29205.78,28872.11,29067.48
2021-04-30,29067.48,29067.48,28776.79,28858.3
2021-05-03,28858.3,29143.5,28846.35,29084.19
2021-05-04,29084.19,29156.78,28593.76,28715.82
2021-05-05,28715.82,29187.59,28691.3,29081.5
2021-05-06,29081.5,29452.75,28976.24,29369.02
2021-05-07,29369.02,29470.23,29246.38,29422.65
2021-05-10,29422.65,29705.18,29241.63,29266.16
2021-05-11,29266.16,29317.72,28268.03,28611.29
2021-05-12,28611.29,28848.9,27663.03,27714.94
2021-05-13,27714.94,27817.06,27138.53,27707.04
2021-05-14,27707.04,28329.93,27707.04,28310.12
2021-05-17,28310.12,28352.64,27626.05,27800.05
2021-05-18,27800.05,28492.84,27775.98,28110.49
2021-05-19,28110.49,28223.39,27600.67,27967.63
2021-05-20,27967.63,28325.66,27785.87,28240.87
2021-05-21,28240.87,28480.36,28185.85,28400
2021-05-24,28400,28594.36,28205.69,28496.57
2021-05-25,28496.57,28625.23,28353.36,28395.57
2021-05-26,28395.57,28719.57,28387.52,28608.66
2021-05-27,28608.66,28877.3,28358.06,28875.13
2021-05-28,28875.13,29194.76,28875.13,29022.12
2021-05-31,29022.12,29155.15,28794.67,28908.98
2021-06-01,28908.98,29089.19,28598.72,28749.44
2021-06-02,28749.44,29016.3,28558.61,28879.18
2021-06-03,28879.18,29153.58,28835.38,28982.4
2021-06-04,28982.4,29156.7,28758.41,29121.52
2021-06-07,29121.52,29272.72,28942.72,29128.45
2021-06-08,29128.45,29205.59,28944.98,28988.17
2021-06-09,28988.17,29003.92,28757.95,28825.88
2021-06-10,28825.88,29177.05,28819.93,29039.18
2021-06-11,29039.18,29116.58,28860.13,29089.28
2021-06-14,29089.28,29336.68,29051.74,29327.05
2021-06-15,29327.05,29516.9,29276.43,29375.51
2021-06-16,29375.51,29461.69,29190.39,29397.94
2021-06-17,29397.94,29397.94,28889.28,29205.92
2021-06-18,29205.92,29271.74,28550.52,28569.57
2021-06-21,28569.57,28773.15,27788.49,28750.76
2021-06-22,28750.76,28930.12,28563.36,28860.52
2021-06-23,28860.52,29031.57,28730.51,28786.14
2021-06-24,28786.14,29059.05,28773.72,29049.72
2021-06-25,29049.72,29188.46,29011.39,29073.17
2021-06-28,29073.17,29144.52,28925.74,28979.6
2021-06-29,28979.6,28979.6,28730.47,28886.92
2021-06-30,28886.92,29037.55,28558.44,28819
2021-07-01,28819,28893.36,28593.57,28780.58
2021-07-02,28780.58,28867.38,28701.21,28788.7
2021-07-05,28788.7,28788.98,28519.55,28647.98
2021-07-06,28647.98,28769.68,28279.87,28395.8
2021-07-07,28395.8,28503.18,28143.48,28363.48
2021-07-08,28363.48,28387.82,27521.06,27767.68
2021-07-09,27767.68,28585.46,27422.26,28562.26
2021-07-12,28562.26,28720.44,28405.86,28699.94
2021-07-13,28699.94,28871.18,28510.27,28518.4
2021-07-14,28518.4,28707.63,28478.59,28567.6
2021-07-15,28567.6,28584.8,28013.19,28051.55
2021-07-16,28051.55,28214.36,27718.47,27748.47
2021-07-19,27748.47,27800.75,27085.91,27304.97
2021-07-20,27304.97,27828.38,27293.25,27774.67
2021-07-21,27774.67,28007.92,27446.13,27957.78
2021-07-22,27957.78,28089.46,27891.89,28021.39
2021-07-23,28021.39,28264.01,28021.39,28218.22
2021-07-26,28218.22,28265.04,27674.34,27985.7
2021-07-27,27985.7,28050.51,27394.86,27533.43
2021-07-28,27533.43,27916.76,27473.9,27777.9
2021-07-29,27777.9,27958.67,27652.07,27768.24
2021-07-30,27768.24,27768.24,27281.55,27504.8
2021-08-02,27504.8,27851.1,27456.59,27581.59
2021-08-03,27581.59,27736.45,27434.45,27624.45
2021-08-04,27624.45,27658.62,27462.74,27530.82
2021-08-05,27530.82,27875.43,27501.76,27865.76
2021-08-06,27865.76,27978.14,27719.18,27904.72
2021-08-09,27904.72,27946.54,27701.53,27925.53
2021-08-10,27925.53,28140.34,27812.02,28006.02
2021-08-11,28006.02,28263.93,27956.4,28247.29
2021-08-12,28247.29,28287.57,27933.95,28107.85
2021-08-13,28107.85,28136.82,27851.07,27861.66
2021-08-16,27861.66,27888.36,27411.1,27675.1
2021-08-17,27675.1,27757.32,27248.71,27446.42
2021-08-18,27446.42,27687.1,27348.62,27387.64
2021-08-19,27387.64,27512.53,26971.33,27276.91
2021-08-20,27276.91,27322.68,26867.61,27249.91
2021-08-23,27249.91,27645.69,27203.64,27621.94
2021-08-24,27621.94,27854.56,27621.94,27786.06
2021-08-25,27786.06,27898.12,27658.86,27777.46
2021-08-26,27777.46,27824.68,27613.03,27674.16
2021-08-27,27674.16,27880.57,27472.55,27871.07
2021-08-30,27871.07,27924.21,27648.31,27709.96
2021-08-31,27709.96,28198.73,27593.39,28103.13
2021-09-01,28103.13,28655.55,28072.66,28554.44
2021-09-02,28554.44,28730.48,28413.38,28647.88
2021-09-03,28647.88,29635.6,28592.66,29583.38
2021-09-06,29583.38,30200.38,29468.23,30092.73
2021-09-07,30092.73,30093.19,29615.58,29923.19
2021-09-08,29923.19,30255.36,29810.69,29957.13
2021-09-09,29957.13,30303.74,29894.07,30137.57
2021-09-10,30137.57,30569.7,30062.45,30169.74
2021-09-13,30169.74,30782.23,30156.06,30660.06
2021-09-14,30660.06,30839.49,30331.12,30384.83
2021-09-15,30384.83,30666.38,30357.61,30660.37
2021-09-16,30660.37,30684.02,30240.35,30510.19
2021-09-17,30510.19,30629.71,30280.84,30283.84
2021-09-20,30283.84,30413.39,29487.18,29733.72
2021-09-21,29733.72,30253.81,29714.84,29963.51
2021-09-22,29963.51,30142.89,29655.5,30032
2021-09-23,30032,30361.99,30004.82,30344.32
2021-09-24,30344.32,30398.29,30106.46,30281.13
2021-09-27,30281.13,30459.94,30190.81,30276.66
2021-09-28,30276.66,30293.85,29693.85,29768.35
2021-09-29,29768.35,29884.53,29387.32,29780.32
2021-09-30,29780.32,29831.15,29302.97,29345.15
2021-10-01,29345.15,29447.3,28724.32,29081.41
2021-10-04,29081.41,29234.02,27666.3,27909.97
2021-10-05,27909.97,28318.46,27487.39,28213.26
2021-10-06,28213.26,28272.6,27016.35,27706.85
2021-10-07,27706.85,28177.06,27601.23,28087.23
2021-10-08,28087.23,28347.59,28006.7,28061.7
2021-10-11,28061.7,28803.04,27915.01,28490.34
2021-10-12,28490.34,28520.42,27985.14,28138.3
2021-10-13,28138.3,28397.4,28010.05,28220.01
2021-10-14,28220.01,28833.78,28207.16,28832.42
2021-10-15,28832.42,29273.91,28747.46,29199.92
2021-10-18,29199.92,29303.19,28877.97,29087.97
2021-10-19,29087.97,29423.37,29021.34,29366.61
2021-10-20,29366.61,29507.56,29220.97,29277.41
2021-10-21,29277.41,29308.42,28440.28,28553.42
2021-10-22,28553.42,29009.45,28438.16,28718.16
2021-10-25,28718.16,28902.59,28383.26,28823.26
2021-10-26,28823.26,29267.32,28798.45,28973.45
2021-10-27,28973.45,29154.78,28645.68,28712.49
2021-10-28,28712.49,28938.53,28678.19,28900.19
2021-10-29,28900.19,29065.1,28481.18,29052.01
2021-11-01,29052.01,29676.14,29052.01,29567.6
2021-11-02,29567.6,29609.05,29420.64,29522.76
2021-11-03,29522.76,29792.22,29426.62,29790.95
2021-11-04,29790.95,29965.87,29603.39,29733.41
2021-11-05,29733.41,29841.24,29511.51,29687.93
2021-11-08,29687.93,29849.92,29451.68,29687.58
2021-11-09,29687.58,29819.44,29195.72,29283.44
2021-11-10,29283.44,29390.15,29005.76,29056.88
2021-11-11,29056.88,29480.76,28982.17,29427.49
2021-11-12,29427.49,29764.8,29378.38,29746.39
2021-11-15,29746.39,29860.12,29649.56,29727.64
2021-11-16,29727.64,29974.9,29688.19,29837.69
2021-11-17,29837.69,29928.99,29489.33,29569.99
2021-11-18,29569.99,29725.84,29385.48,29607.28
2021-11-19,29607.28,29790.04,29480.12,29640.82
2021-11-22,29640.82,29919.41,29540,29710.25
2021-11-23,29710.25,29789.92,29510.09,29714.71
2021-11-24,29714.71,29749.74,29207.11,29460.33
2021-11-25,29460.33,29582.07,29432.36,29493.25
2021-11-26,29493.25,29493.25,28023.19,28023.19
2021-11-29,28023.19,28785.49,28023.19,28407.49
2021-11-30,28407.49,28715.7,27373.42,27703.42
2021-12-01,27703.42,28234.7,27403.15,27453.15
2021-12-02,27453.15,28057.73,27453.15,28035.9
2021-12-03,28035.9,28179.34,27574.88,27753.59
2021-12-06,27753.59,28153.07,27678.15,28095.37
2021-12-07,28095.37,28856.12,27954.87,28852.12
2021-12-08,28852.12,28936.33,28603.08,28908.08
2021-12-09,28908.08,29043.01,28680.99,28713.85
2021-12-10,28713.85,28784.36,28478.11,28717.49
2021-12-13,28717.49,28874.33,28525.17,28596.45
2021-12-14,28596.45,28751.82,28251.82,28398.56
2021-12-15,28398.56,28999.94,28333.47,28963.47
2021-12-16,28963.47,29261.5,28793.9,28868.56
2021-12-17,28868.56,28965.19,28453.53,28563.53
2021-12-20,28563.53,28563.53,27853.41,28293.41
2021-12-21,28293.41,28769.1,28273.3,28743.3
2021-12-22,28743.3,28789.93,28504.59,28752.73
2021-12-23,28752.73,28989.05,28683.11,28916.28
2021-12-27,28916.28,29101.33,28702.9,29069.9
2021-12-28,29069.9,29174.85,28922.85,29057.85
2021-12-29,29057.85,29144.66,28758.76,28877.16
2021-12-30,28877.16,29004.8,28615.29,28906.3
2021-12-31,28906.3,29042.44,28765.17,29042.44
2022-01-03,29042.44,29207.34,28866.81,29007.99
2022-01-04,29007.99,29421.63,28974.95,29339.95
2022-01-05,29339.95,29436.05,29019.95,29049.95
2022-01-06,29049.95,29152.85,28516.61,28760.84
2022-01-07,28760.84,28847.16,28213.97,28446.49
2022-01-10,28446.49,28607.6,27908.26,28218
2022-01-11,28218,28509.53,28109.36,28461.52
2022-01-12,28461.52,28836.29,28453.98,28667.23
2022-01-13,28667.23,28710.21,28281.81,28299.79
2022-01-14,28299.79,28363.02,27899.29,28335.52
2022-01-17,28335.52,28474.01,28291.51,28416.51
2022-01-18,28416.51,28762.62,27973.24,28036.52
2022-01-19,28036.52,28065.98,27321.48,27566.48
2022-01-20,27566.48,27978.25,27225.92,27366.53
2022-01-21,27366.53,27718.01,27141.56,27200.23
2022-01-24,27200.23,27635.31,26718.5,27405.64
2022-01-25,27405.64,27488.66,26873.33,26986.16
2022-01-26,26986.16,27433.73,26814.51,26946.6
2022-01-27,26946.6,27211.11,26051.61,26636.61
2022-01-28,26636.61,26805.32,26254.03,26711.65
2022-01-31,26711.65,27354.86,26540.08,27348.51
2022-02-01,27348.51,27420.85,26996.99,27210.09
2022-02-02,27210.09,27587.55,27195.12,27398.37
2022-02-03,27398.37,27412.13,26962.58,27166.51
2022-02-04,27166.51,27465.8,27077.72,27259.17
2022-02-07,27259.17,27373.49,27090.12,27250.12
2022-02-08,27250.12,27473.17,27212.34,27423.17
2022-02-09,27423.17,27890.17,27400.17,27888.34
2022-02-10,27888.34,27912.73,27355.17,27389.68
2022-02-11,27389.68,27466.08,26862.78,27025.15
2022-02-14,27025.15,27186.32,26852.15,27040.32
2022-02-15,27040.32,27472.55,26715.37,27420.94
2022-02-16,27420.94,27562.58,27277.06,27450.4
2022-02-17,27450.4,27531.59,26882.23,26916.92
2022-02-18,26916.92,27227.04,26792.25,26880.45
2022-02-21,26880.45,27032.99,26550.53,26605.53
2022-02-22,26605.53,26927.24,26247.21,26698.99
2022-02-23,26698.99,26903.75,26293.17,26315.64
2022-02-24,26315.64,26350.68,25555.68,26210.18
2022-02-25,26210.18,27005.18,26115.68,26970.68
2022-02-28,26970.68,26970.68,26252.67,26714.22
2022-03-01,26714.22,27015.7,26330.23,26417.69
2022-03-02,26417.69,26701.04,26190.84,26627.72
2022-03-03,26627.72,26727.77,26280.22,26397.76
2022-03-04,26397.76,26435.35,25715.2,25827.79
2022-03-07,25827.79,25827.79,24917.88,24917.88
2022-03-08,24917.88,25299.92,24497.91,24701.59
2022-03-09,24701.59,25445.15,24667.94,25372.94
2022-03-10,25372.94,25820.79,25252.57,25399.79
2022-03-11,25399.79,25801.55,25005.65,25180.65
2022-03-14,25180.65,25681.47,25180.65,25341.72
2022-03-15,25341.72,25761.62,25122.33,25725.73
2022-03-16,25725.73,26426.58,25501.24,26391.24
2022-03-17,26391.24,26818.34,26320.66,26733.17
2022-03-18,26733.17,27396.54,26620.79,27390.79
2022-03-21,27390.79,27419.97,27193.95,27354.26
2022-03-22,27354.26,27771.58,27159.39,27716.39
2022-03-23,27716.39,28145.95,27635.12,27694.62
2022-03-24,27694.62,28413.27,27610.02,28392.03
2022-03-25,28392.03,28392.03,27989.97,28313.4
2022-03-28,28313.4,28325.98,27850.01,28248.89
2022-03-29,28248.89,28686.44,28079.37,28554.37
2022-03-30,28554.37,28554.37,27713.38,27828.98
2022-03-31,27828.98,28133.67,27560.96,27598.33
2022-04-01,27598.33,27905.56,27428.38,27785.39
2022-04-04,27785.39,28064.97,27608.42,27983.42
2022-04-05,27983.42,28014.14,27475.11,27582.89
2022-04-06,27582.89,27599.8,27025.1,27110.39
2022-04-07,27110.39,27251.28,26821.56,27068.06
2022-04-08,27068.06,27220.55,26793.55,27037.43
2022-04-11,27037.43,27073.04,26733.54,26752.33
2022-04-12,26752.33,26775.53,26277.8,26345.53
2022-04-13,26345.53,27015.12,26333.57,26948.57
2022-04-14,26948.57,27340.83,26887.49,26950.82
2022-04-18,26950.82,27055.45,26588.95,26948.45
2022-04-19,26948.45,27300.27,26798.44,27253.43
2022-04-20,27253.43,27419.26,27083.93,27240.93
2022-04-21,27240.93,27781.12,27153.42,27160.92
2022-04-22,27160.92,27251.09,26718.9,26723.9
2022-04-25,26723.9,26868.44,26426.27,26844.29
2022-04-26,26844.29,26907.88,25988.73,26023.73
2022-04-27,26023.73,26606.33,26023.73,26485.75
2022-04-28,26485.75,27410.95,26348.71,27245.71
2022-04-29,27245.71,27495.98,26723.7,26793.7
2022-05-02,26793.7,26972,26574.5,26924.83
2022-05-03,26924.83,27135.89,26783.65,27078.15
2022-05-04,27078.15,27504.53,26805.41,27440.64
2022-05-05,27440.64,27491.34,26606.34,26758.62
2022-05-06,26758.62,27141.55,26558.6,26861.61
2022-05-09,26861.61,26861.61,25945.36,26038.29
2022-05-10,26038.29,26350.2,25783.52,26083.86
2022-05-11,26083.86,26400.74,25830.58,25917.17
2022-05-12,25917.17,26039.35,25549.58,25714.63
2022-05-13,25714.63,26695.53,25714.63,26673.33
2022-05-16,26673.33,26883.74,26439.5,26487.91
2022-05-17,26487.91,26882.06,26451.39,26849.77
2022-05-18,26849.77,27070.66,26238.39,26285.39
2022-05-19,26285.39,26564.93,26085.23,26387.37
2022-05-20,26387.37,26950.57,26368.35,26748.45
2022-05-23,26748.45,27154.76,26748.45,27115.32
2022-05-24,27115.32,27115.32,26520.13,26697.8
2022-05-25,26697.8,26885.98,26500.05,26765.26
2022-05-26,26765.26,27032.74,26600.1,26942.73
2022-05-27,26942.73,27170.48,26734.59,27158.55
2022-05-30,27158.55,27419.69,27059.96,27338.16
2022-05-31,27338.16,27475.66,27137.33,27227.67
2022-06-01,27227.67,27616.64,27183.15,27467.65
2022-06-02,27467.65,27779.74,27259.53,27740.99
2022-06-03,27740.99,27810.96,27524.77,27571.16
2022-06-06,27571.16,28115.27,27516.36,28043.44
2022-06-07,28043.44,28216.82,27858.08,28148.08
2022-06-08,28148.08,28280.9,28078.06,28147.56
2022-06-09,28147.56,28461.59,28017.05,28097.21
2022-06-10,28097.21,28165.89,27366.45,27484.16
2022-06-13,27484.16,27484.16,26435.31,26531.36
2022-06-14,26531.36,26794.4,26368.84,26531.14
2022-06-15,26531.14,26740.31,26245.46,26637.6
2022-06-16,26637.6,27006.55,25659.9,25785.64
2022-06-17,25785.64,26195.76,25712.09,26091.1
2022-06-20,26091.1,26278.36,25568.36,26102.36
2022-06-21,26102.36,26592.95,26043.45,26590.46
2022-06-22,26590.46,26591.8,26050.17,26283.89
2022-06-23,26283.89,26460.97,26078.48,26238.58
2022-06-24,26238.58,26975.75,26183.57,26937.58
2022-06-27,26937.58,27051.84,26716.46,26795.51
2022-06-28,26795.51,27321.15,26763.18,26863.82
2022-06-29,26863.82,26912.86,26664.35,26770.68
2022-06-30,26770.68,26786.8,26182.39,26425.01
2022-07-01,26425.01,26559.81,25822.86,26358.48
2022-07-04,26358.48,26400.36,25975.36,26300.36
2022-07-05,26300.36,26575.94,25952.21,26279.86
2022-07-06,26279.86,26382.23,26025.17,26307.86
2022-07-07,26307.86,26731.62,26154.87,26677.71
2022-07-08,26677.71,26906.95,26444.61,26847.11
2022-07-11,26847.11,27090.73,26625.31,26644.56
2022-07-12,26644.56,26735.51,26290.84,26459.75
2022-07-13,26459.75,26591.63,26254.51,26519.85
2022-07-14,26519.85,26806.22,26334.61,26746.61
2022-07-15,26746.61,27034.1,26591.57,27025.86
2022-07-18,27025.86,27265.22,26928.32,26993.55
2022-07-19,26993.55,27440.77,26806.54,27427.3
2022-07-20,27427.3,27783.75,27390.51,27594.48
2022-07-21,27594.48,27928.02,27556.5,27898.51
2022-07-22,27898.51,27995.98,27608.64,27729.31
2022-07-25,27729.31,27872.66,27666.42,27768.42
2022-07-26,27768.42,27768.42,27448.12,27508.46
2022-07-27,27508.46,28088.53,27476.37,28040.87
2022-07-28,28040.87,28051.17,27632.43,27975.81
2022-07-29,27975.81,28031.74,27742.37,28006.74
2022-08-01,28006.74,28091.25,27759.59,27931.6
2022-08-02,27931.6,27941.63,27542.13,27769.07
2022-08-03,27769.07,28045.2,27639.62,28029.62
2022-08-04,28029.62,28096.71,27841.89,27894.83
2022-08-05,27894.83,28246.68,27843.19,28136.52
2022-08-08,28136.52,28346.7,28039.49,28184.49
2022-08-09,28184.49,28215.68,27810.45,27887.23
2022-08-10,27887.23,28151.2,27739.44,28131.44
2022-08-11,28131.44,28256.54,28056.21,28158.89
2022-08-12,28158.89,28786.59,28124.39,28779.56
2022-08-15,28779.56,28921.62,28646.66,28901.36
2022-08-16,28901.36,29026.45,28763.36,28979.35
2022-08-17,28979.35,29246.03,28916.6,29033.85
2022-08-18,29033.85,29152.93,28854.33,29108.84
2022-08-19,29108.84,29151.61,28687.34,28753.52
2022-08-22,28753.52,28847.2,28442.7,28498.7
2022-08-23,28498.7,28594.68,28359.68,28477.18
2022-08-24,28477.18,28543.73,28262.73,28472.73
2022-08-25,28472.73,28704.75,28361.25,28675.24
2022-08-26,28675.24,28804.78,28160.28,28168.78
2022-08-29,28168.78,28169.76,27777.76,28047.26
2022-08-30,28047.26,28338.75,27847.76,27927.74
2022-08-31,27927.74,28117.74,27807.72,27852.74
2022-09-01,27852.74,27875.22,27542.72,27787.71
2022-09-02,27787.71,27900.22,27455.2,27547.72
2022-09-05,27547.72,27712.64,27403.11,27690.14
2022-09-06,27690.14,27810.12,27512.6,27555.11
2022-09-07,27555.11,27737.58,27255.06,27720.07
2022-09-08,27720.07,28167.75,27720.07,28150.25
2022-09-09,28150.25,28467.82,28118.3,28460.3
2022-09-12,28460.3,28697.77,28453.26,28615.25
2022-09-13,28615.25,28720.26,27865.24,27895.25
2022-09-14,27895.25,28072.84,27781,28012.82
2022-09-15,28012.82,28042.7,27672.68,27677.7
2022-09-16,27677.7,27677.7,27440.35,27577.85
2022-09-19,27577.85,27772.43,27362.41,27754.92
2022-09-20,27754.92,27922.4,27337.39,27472.41
2022-09-21,27472.41,27678.66,27083.64,27103.65
2022-09-22,27103.65,27406.13,26923.61,27051.11
2022-09-23,27051.11,27091.23,26483.71,26648.72
2022-09-26,26648.72,26746.77,26424.25,26561.76
2022-09-27,26561.76,26684.16,26274.14,26441.64
2022-09-28,26441.64,26774.42,25916.9,26696.9
2022-09-29,26696.9,26696.9,26034.87,26172.39
2022-09-30,26172.39,26274.7,25802.19,25882.21
2022-10-03,25882.21,26714.86,25610.34,26607.35
2022-10-04,26607.35,27197.25,26524.73,27192.23
2022-10-05,27192.23,27192.46,26842.45,27074.94
2022-10-06,27074.94,27402.38,26994.87,27012.39
2022-10-07,27012.39,27194.5,26649.48,26726.98
2022-10-10,26726.98,26749.09,26481.57,26661.58
2022-10-11,26661.58,26724.04,26276.54,26376.56
2022-10-12,26376.56,26488.91,26286.39,26361.41
2022-10-13,26361.41,26818.93,25846.42,26801.42
2022-10-14,26801.42,27164.04,26569.04,26569.04
2022-10-17,26569.04,27106.59,26539.57,27104.08
2022-10-18,27104.08,27299.1,26896.58,27161.59
2022-10-19,27161.59,27359.19,26891.67,27059.18
2022-10-20,27059.18,27092.18,26662.18,26817.18
2022-10-21,26817.18,27131.58,26742.49,27129.09
2022-10-24,27129.09,27363.87,26848.87,27151.36
2022-10-25,27151.36,27558.68,27078.67,27516.17
2022-10-26,27516.17,27633.85,27374.33,27443.83
2022-10-27,27443.83,27483.86,26934.37,27049.35
2022-10-28,27049.35,27528.88,26973.88,27521.36
2022-10-31,27521.36,27588.88,27399.39,27561.38
2022-11-01,27561.38,27776.36,27508.84,27568.85
2022-11-02,27568.85,27741.42,27283.9,27316.42
2022-11-03,27316.42,27403.89,27168.88,27284.37
2022-11-04,27284.37,27528.84,27018.83,27506.34
2022-11-07,27506.34,27718.64,27351.13,27636.14
2022-11-08,27636.14,28003.68,27624.16,27844.17
2022-11-09,27844.17,27943.66,27513.64,27546.15
2022-11-10,27546.15,27983.69,27354.16,27981.17
2022-11-11,27981.17,28326.15,27968.65,28091.15
2022-11-14,28091.15,28221.11,27938.61,27996.1
2022-11-15,27996.1,28213.58,27884.07,27981.06
2022-11-16,27981.06,28108.55,27729.02,27943.55
2022-11-17,27943.55,28026.05,27776.03,27966.03
2022-11-18,27966.03,28048.51,27855.99,27950.99
2022-11-21,27950.99,28088.36,27838.35,28045.86
2022-11-22,28045.86,28348.34,28010.83,28343.33
2022-11-23,28343.33,28418.32,28290.8,28345.8
2022-11-24,28345.8,28498.26,28328.24,28363.76
2022-11-25,28363.76,28405.77,28248.27,28345.77
2022-11-28,28345.77,28345.77,28038.11,28105.6
2022-11-29,28105.6,28118.07,27893.05,27975.57
2022-11-30,27975.57,28425.51,27803,28425.51
2022-12-01,28425.51,28490.47,27927.95,27995.46
2022-12-02,27995.46,28052.92,27493.41,27657.92
2022-12-05,27657.92,27865.25,27613.22,27685.23
2022-12-06,27685.23,27937.68,27542.67,27660.18
2022-12-07,27660.18,27772.62,27547.6,27573.12
2022-12-08,27573.12,27787.35,27437.33,27744.84
2022-12-09,27744.84,28017.28,27667.78,27794.78
2022-12-12,27794.78,28087.07,27722.06,28054.56
2022-12-13,28054.56,28337.09,27917.07,28044.57
2022-12-14,28044.57,28227.12,27897.6,28034.6
2022-12-15,28034.6,28184.7,27647.19,27689.69
2022-12-16,27689.69,27714.56,27207.05,27329.55
2022-12-19,27329.55,27396.84,27154.35,27244.35
2022-12-20,27244.35,27351.76,26152.26,26414.27
2022-12-21,26414.27,26638.83,26281.81,26558.82
2022-12-22,26558.82,26653.33,25983.32,26163.32
2022-12-23,26163.32,26373.48,26111.45,26310.98
2022-12-27,26310.98,26640.77,26235.76,26311.28
2022-12-28,26311.28,26385.6,26110.58,26145.59
2022-12-29,26145.59,26372.86,25932.85,26292.86
2022-12-30,26292.86,26314.89,25667.37,25829.89
2023-01-03,25829.89,25989.89,25614.88,25852.38
2023-01-04,25852.38,25957.12,25642.12,25884.62
2023-01-05,25884.62,25971.97,25716.95,25751.96
2023-01-06,25751.96,26231.65,25726.65,26189.15
2023-01-09,26189.15,26481.43,26181.41,26241.43
2023-01-10,26241.43,26333.89,26111.39,26298.9
2023-01-11,26298.9,26566.07,26286.55,26548.57
2023-01-12,26548.57,26561.06,25976.06,26238.55
2023-01-13,26238.55,26397.57,25710.06,25837.56
2023-01-16,25837.56,25952.6,25745.59,25907.59
2023-01-17,25907.59,26445.28,25875.79,26325.29
2023-01-18,26325.29,26986.11,26263.13,26518.14
2023-01-19,26518.14,26625.8,26286.28,26408.31
2023-01-20,26408.31,26965.87,26331.35,26943.35
2023-01-23,26943.35,27258.17,26810.68,27203.18
2023-01-24,27203.18,27410.7,27125.68,27246.17
2023-01-25,27246.17,27503.26,27170.76,27448.26
2023-01-26,27448.26,27570.64,27310.63,27521.14
2023-01-27,27521.14,27530.68,27335.67,27493.16
2023-01-30,27493.16,27621.33,27361.31,27461.3
2023-01-31,27461.3,27538.84,27233.82,27516.33
2023-02-01,27516.33,27563.83,27174.31,27509.33
2023-02-02,27509.33,27631.41,27356.4,27511.42
2023-02-03,27511.42,27768.85,27441.33,27651.33
2023-02-06,27651.33,27873.89,27563.88,27701.37
2023-02-07,27701.37,27823.87,27386.35,27663.87
2023-02-08,27663.87,27678.83,27393.82,27453.83
2023-02-09,27453.83,27718.91,27429.41,27548.89
2023-02-10,27548.89,27813.86,27419.34,27611.35
2023-02-13,27611.35,27746.27,27268.75,27721.27
2023-02-14,27721.27,27793.85,27538.84,27748.84
2023-02-15,27748.84,27763.8,27446.29,27656.29
2023-02-16,27656.29,27746.29,27503.77,27511.29
2023-02-17,27511.29,27608.76,27393.74,27513.74
2023-02-20,27513.74,27538.62,27421.1,27464.1
2023-02-21,27464.1,27536.09,27268.58,27288.58
2023-02-22,27288.58,27299.14,26958.64,27078.64
2023-02-23,27078.64,27258.62,27018.6,27221.1
2023-02-24,27221.1,27463.59,27144.09,27363.6
2023-02-27,27363.6,27557.61,27292.59,27532.59
2023-02-28,27532.59,27582.59,27372.58,27377.59
2023-03-01,27377.59,27557.59,27300.07,27517.57
2023-03-02,27517.57,27737.58,27395.06,27712.56
2023-03-03,27712.56,28227.57,27637.55,28192.57
2023-03-06,28192.57,28317.54,28157.53,28235.05
2023-03-07,28235.05,28452.54,28167.52,28185.04
2023-03-08,28185.04,28637.53,28148.02,28618.02
2023-03-09,28618.02,28807.16,28267.14,28347.14
2023-03-10,28347.14,28522.43,27814.44,27821.93
2023-03-13,27821.93,28039.68,27329.68,27562.17
2023-03-14,27562.17,27620.18,27188.16,27515.17
2023-03-15,27515.17,27570.54,26530.53,26820.53
2023-03-16,26820.53,27387.71,26698.21,27367.73
2023-03-17,27367.73,27492.89,26975.4,27045.39
2023-03-20,27045.39,27447.11,26722.09,27184.6
2023-03-21,27184.6,27477.21,27142.19,27447.2
2023-03-22,27447.2,27694.7,27277.19,27324.68
2023-03-23,27324.68,27689.66,27232.65,27417.14
2023-03-24,27417.14,27547.37,27167.35,27449.85
2023-03-27,27449.85,27677.32,27417.82,27664.81
2023-03-28,27664.81,27687.32,27462.3,27567.31
2023-03-29,27567.31,28142.28,27542.76,28127.27
2023-03-30,28127.27,28127.27,27686.41,28008.92
2023-03-31,28008.92,28288.24,27973.72,28285.73
2023-04-03,28285.73,28335.79,28103.27,28273.27
2023-04-04,28273.27,28393.29,28065.8,28165.79
2023-04-05,28165.79,28205.81,27630.79,27745.79
2023-04-06,27745.79,27768.29,27488.27,27670.78
2023-04-07,27670.78,27710.53,27508.01,27703.02
2023-04-10,27703.02,27930.49,27645.47,27920.48
2023-04-11,27920.48,28140.49,27888.46,28085.47
2023-04-12,28085.47,28282.97,27947.96,27957.96
2023-04-13,27957.96,28472.96,27902.94,28417.95
2023-04-14,28417.95,28620.4,28357.9,28567.88
2023-04-17,28567.88,28637.91,28442.89,28620.41
2023-04-18,28620.41,28787.91,28548.4,28690.41
2023-04-19,28690.41,28705.38,28427.87,28572.87
2023-04-20,28572.87,28722.88,28467.86,28635.38
2023-04-21,28635.38,28802.89,28507.87,28682.87
2023-04-24,28682.87,28762.86,28575.34,28710.36
2023-04-25,28710.36,28822.82,28382.82,28460.34
2023-04-26,28460.34,28575.31,28272.8,28337.8
2023-04-27,28337.8,28777.86,28265.34,28752.84
2023-04-28,28752.84,29113.12,28508.61,29075.61
2023-05-01,29075.61,29373.28,29030.77,29285.78
2023-05-02,29285.78,29310.87,28675.86,28800.86
2023-05-03,28800.86,28958.51,28648.52,28686.01
2023-05-04,28686.01,28795.98,28553.47,28623.46
2023-05-05,28623.46,29163.44,28618.92,29103.44
2023-05-08,29103.44,29158.3,28943.29,29050.81
2023-05-09,29050.81,29285.8,29018.82,29223.3
2023-05-10,29223.3,29258.31,28903.29,29068.29
2023-05-11,29068.29,29203.38,28965.86,29130.87
2023-05-12,29130.87,29593.37,29108.36,29573.35
2023-05-15,29573.35,29913.14,29480.64,29870.62
2023-05-16,29870.62,30003.21,29785.69,29893.19
2023-05-17,29893.19,30555.63,29873.12,30525.62
2023-05-18,30525.62,30945.64,30393.12,30910.62
2023-05-19,30910.62,30998.09,30685.6,30868.11
2023-05-22,30868.11,31313.03,30705.51,31223.01
2023-05-23,31223.01,31377.99,30580.5,30713
2023-05-24,30713,30892.96,30432.94,30630.46
2023-05-25,30630.46,31143.04,30538.53,31095.54
2023-05-26,31095.54,31585.52,30913.53,31543.03
2023-05-29,31543.03,31667.99,31165.48,31278.47
2023-05-30,31278.47,31452.96,31070.46,31132.97
2023-05-31,31132.97,31150.44,30642.92,30775.42
2023-06-01,30775.42,31437.89,30768.38,31400.37
2023-06-02,31400.37,32012.87,31272.86,31947.85
2023-06-05,31947.85,32567.72,31808.2,32132.7
2023-06-06,32132.7,32702.67,31927.67,32625.17
2023-06-07,32625.17,32712.59,31762.6,31848.11
2023-06-08,31848.11,32164.9,31527.4,31990.41
2023-06-09,31990.41,32649.77,31980.26,32464.75
2023-06-12,32464.75,32834.71,32355.19,32804.7
2023-06-13,32804.7,33674.7,32729.68,33535.18
2023-06-14,33535.18,33904.97,33294.96,33724.97
2023-06-15,33724.97,33885.48,33240.49,33580.5
2023-06-16,33580.5,34082.95,33267.93,33840.43
2023-06-19,33840.43,33932.81,33300.29,33422.8
2023-06-20,33422.8,33550.32,33140.3,33200.8
2023-06-21,33200.8,33855.29,33177.79,33645.27
2023-06-22,33645.27,33707.86,33220.34,33570.35
2023-06-23,33570.35,33632.76,32465.24,32732.76
2023-06-26,32732.76,32975.31,32450.81,32657.82
2023-06-27,32657.82,32950.14,32355.63,32885.13
2023-06-28,32885.13,33430.14,32697.62,33345.12
2023-06-29,33345.12,33592.3,33154.8,33229.8
2023-06-30,33229.8,33579.9,32975.39,33492.4
2023-07-03,33492.4,33892.26,33487.25,33672.24
2023-07-04,33672.24,33682.27,33229.75,33270.25
2023-07-05,33270.25,33439.64,33039.63,33162.14
2023-07-06,33162.14,33162.14,32294.43,32456.93
2023-07-07,32456.93,32781.79,32271.78,32481.77
2023-07-10,32481.77,32621.62,32109.62,32386.63
2023-07-11,32386.63,32528.86,32103.87,32368.87
2023-07-12,32368.87,32456.36,31818.85,32086.36
2023-07-13,32086.36,32868.8,31993.79,32811.28
2023-07-14,32811.28,32934.21,32267.2,32396.7
2023-07-17,32396.7,32516.62,32164.12,32419.14
2023-07-18,32419.14,32866.6,32387.11,32796.59
2023-07-19,32796.59,33116.6,32711.59,32929.11
2023-07-20,32929.11,32941.6,32296.58,32369.09
2023-07-21,32369.09,32816.53,32116.52,32739.02
2023-07-24,32739.02,32881.49,32546.48,32799
2023-07-25,32799,32819.01,32551.98,32689
2023-07-26,32689,32773.97,32451.48,32581.47
2023-07-27,32581.47,33276.58,32477.08,32629.08
2023-07-28,32629.08,33194.62,32047.11,33152.13
2023-07-31,33152.13,33431.82,33034.32,33339.31
2023-08-01,33339.31,33516.89,33189.39,33246.89
2023-08-02,33246.89,33246.89,32289.87,32309.39
2023-08-03,32309.39,32476.66,31709.16,31954.14
2023-08-04,31954.14,32331.69,31906.68,31984.18
2023-08-07,31984.18,32479.07,31836.56,32459.06
2023-08-08,32459.06,32561.57,32126.55,32329.56
2023-08-09,32329.56,32436.44,32083.93,32216.45
2023-08-10,32216.45,32851.55,32044.53,32554.04
2023-08-11,32554.04,32741.48,32463.97,32511.48
2023-08-14,32511.48,32636.3,32051.28,32328.8
2023-08-15,32328.8,32426.21,31913.71,31938.71
2023-08-16,31938.71,32013.72,31656.2,31683.71
2023-08-17,31683.71,31808.64,31318.62,31351.14
2023-08-18,31351.14,31653.56,31258.55,31493.57
2023-08-21,31493.57,31868.42,31415.92,31848.41
2023-08-22,31848.41,32040.85,31703.34,31765.84
2023-08-23,31765.84,32223.3,31713.3,32215.81
2023-08-24,32215.81,32308.26,31688.24,31718.26
2023-08-25,31718.26,31910.71,31565.7,31875.71
2023-08-28,31875.71,32338.03,31873.51,32333.03
2023-08-29,32333.03,32467.96,32162.97,32452.97
2023-08-30,32452.97,32560.46,32192.95,32407.97
2023-08-31,32407.97,32692.89,32347.89,32500.37
2023-09-01,32500.37,32842.86,32457.5,32765.36
2023-09-04,32765.36,33087.72,32707.71,32908.19
2023-09-05,32908.19,33167.67,32777.66,33060.18
2023-09-06,33060.18,33297.62,33007.61,33132.61
2023-09-07,33132.61,33406.58,32856.57,32981.58
2023-09-08,32981.58,33046.52,32551.52,32811.53
2023-09-11,32811.53,32811.53,32446.49,32721.5
2023-09-12,32721.5,32955.41,32540.41,32835.39
2023-09-13,32835.39,32985.63,32675.61,32918.13
2023-09-14,32918.13,33470.13,32887.62,33465.12
2023-09-15,33465.12,33710.25,33292.75,33327.76
2023-09-18,33327.76,33405.11,33200.09,33322.59
2023-09-19,33322.59,33445.06,33185.05,33317.56
2023-09-20,33317.56,33354.8,33022.28,33024.8
2023-09-21,33024.8,33027.98,32273.46,32280.47
2023-09-22,32280.47,32677.7,32202.69,32535.19
2023-09-25,32535.19,32782.73,32427.72,32750.21
2023-09-26,32750.21,32750.21,32087.98,32163
2023-09-27,32163,32512.95,31995.46,32330.45
2023-09-28,32330.45,32330.45,31691.08,32031.08
2023-09-29,32031.08,32150.84,31740.82,31863.33
2023-10-02,31863.33,32430.41,31505.41,31635.4
2023-10-03,31635.4,31690.34,30682.83,30747.83
2023-10-04,30747.83,30850.2,30290.19,30717.68
2023-10-05,30717.68,31219.85,30579.83,31052.34
2023-10-06,31052.34,31414.75,30887.23,31372.25
2023-10-09,31372.25,31372.25,30954.51,31292
2023-10-10,31292,31999.5,31269.98,31819.48
2023-10-11,31819.48,32114.52,31789.51,32054.52
2023-10-12,32054.52,32684.59,32015.09,32297.07
2023-10-13,32297.07,32547.05,31869.55,31914.56
2023-10-16,31914.56,32076.82,31579.31,32009.32
2023-10-17,32009.32,32279.27,31836.75,32139.75
2023-10-18,32139.75,32153.99,31608.97,31678.98
2023-10-19,31678.98,31756.4,31263.9,31286.42
2023-10-20,31286.42,31446.18,31018.67,31031.16
2023-10-23,31031.16,31213.52,30743.5,31078.52
2023-10-24,31078.52,31313.39,30563.38,31270.88
2023-10-25,31270.88,31478.41,30950.89,30963.41
2023-10-26,30963.41,30963.41,30470.86,30553.86
2023-10-27,30553.86,31105.81,30535.8,30653.3
2023-10-30,30653.3,30868.21,30398.19,30600.68
2023-10-31,30600.68,31408.2,30558.18,31380.68
2023-11-01,31380.68,31923.14,31303.12,31920.62
2023-11-02,31920.62,32363.13,31828.12,32340.61
2023-11-03,32340.61,32833.16,32238.14,32745.64
2023-11-06,32745.64,32797.99,32480.48,32622.99
2023-11-07,32622.99,32643.01,32213,32505.52
2023-11-08,32505.52,32572.96,32052.98,32327.98
2023-11-09,32327.98,32882.98,32207.98,32522.98
2023-11-10,32522.98,32932.95,32255.43,32855.44
2023-11-13,32855.44,33002.97,32507.95,32783.46
2023-11-14,32783.46,33250.41,32675.4,33240.39
2023-11-15,33240.39,33605.37,33205.36,33382.86
2023-11-16,33382.86,33625.42,33212.92,33427.92
2023-11-17,33427.92,33612.98,33262.97,33515.47
2023-11-20,33515.47,33862.87,33192.85,33415.35
2023-11-21,33415.35,33475.31,33137.79,33177.81
2023-11-22,33177.81,33772.8,33103.29,33760.3
2023-11-23,33760.3,33760.3,33630.22,33728.23
2023-11-24,33728.23,33827.72,33592.72,33742.7
2023-11-27,33742.7,33817.67,33397.65,33517.65
2023-11-28,33517.65,33572.67,33225.16,33307.65
2023-11-29,33307.65,33522.66,33187.65,33315.17
2023-11-30,33315.17,33582.67,33157.65,33522.66
2023-12-01,33522.66,33572.65,33252.63,33472.65
2023-12-04,33472.65,33472.65,32900.06,33057.57
2023-12-05,33057.57,33080.05,32685.04,32915.05
2023-12-06,32915.05,33460.03,32877.52,33128.04
2023-12-07,33128.04,33249.48,32236.97,32496.99
2023-12-08,32496.99,32698.97,32286.45,32656.45
2023-12-11,32656.45,33194,32614.49,33176.5
2023-12-12,33176.5,33274.37,32839.87,33071.85
2023-12-13,33071.85,33162.07,32764.55,32984.57
2023-12-14,32984.57,33224.54,32559.52,32735.04
2023-12-15,32735.04,33182.19,32735.04,32777.19
2023-12-18,32777.19,32939.39,32614.39,32861.87
2023-12-19,32861.87,33749.35,32719.33,33504.35
2023-12-20,33504.35,33889.32,33119.31,33266.81
2023-12-21,33266.81,33404.78,33140.27,33367.26
2023-12-22,33367.26,33480.01,33162.49,33352.5
2023-12-26,33352.5,33622.66,33280.17,33577.67
2023-12-27,33577.67,33817.59,33492.59,33572.59
2023-12-28,33572.59,33603.14,33325.62,33475.64
2023-12-29,33475.64,33683.35,33235.83,33343.33
2024-01-02,33343.33,33476.1,33008.59,33121.09
2024-01-03,33121.09,33401.08,33091.06,33116.06
2024-01-04,33116.06,33556.06,32728.55,33403.54
2024-01-05,33403.54,33666.08,33296.08,33456.09
2024-01-08,33456.09,33971.04,33298.53,33898.52
2024-01-09,33898.52,34026.02,33636,33933.51
2024-01-10,33933.51,34993.55,33886.05,34986.06
2024-01-11,34986.06,35848.51,34881.02,35301.51
2024-01-12,35301.51,35778.66,35236.64,35588.65
2024-01-15,35588.65,36253.54,35553.55,36226.54
2024-01-16,36226.54,36226.54,35611.03,35958.53
2024-01-17,35958.53,36295.97,35353.46,35565.96
2024-01-18,35565.96,36130.97,35401.47,36113.45
2024-01-19,36113.45,36390.79,35830.77,36330.79
2024-01-22,36330.79,36775.8,36326.28,36743.29
2024-01-23,36743.29,37030.76,36083.26,36550.77
2024-01-24,36550.77,36610.8,36135.79,36158.3
2024-01-25,36158.3,36345.61,35928.11,36070.62
2024-01-26,36070.62,36130.69,35715.67,35918.19
2024-01-29,35918.19,36223.11,35820.6,36195.6
2024-01-30,36195.6,36305.61,35770.59,35780.61
2024-01-31,35780.61,36423.66,35698.64,35998.65
2024-02-01,35998.65,36333.68,35761.16,36306.18
2024-02-02,36306.18,36473.67,36058.66,36433.67
2024-02-05,36433.67,36544.16,36156.14,36391.15
2024-02-06,36391.15,36401.02,35851,36008.51
2024-02-07,36008.51,36423.57,35868.55,36414.05
2024-02-08,36414.05,37168.59,36333.57,37141.09
2024-02-09,37141.09,37306.04,36901.03,37143.53
2024-02-12,37143.53,37618.51,37088.49,37485.99
2024-02-13,37485.99,38418.48,37423.99,37728.98
2024-02-14,37728.98,38145.95,37608.45,38123.47
2024-02-15,38123.47,38673.45,37945.94,38638.44
2024-02-16,38638.44,38883.41,38243.91,38268.41
2024-02-19,38268.41,38625.92,38268.41,38573.92
2024-02-20,38573.92,38758.39,38125.89,38315.87
2024-02-21,38315.87,38825.85,38108.35,38793.37
2024-02-22,38793.37,39503.36,38660.86,39438.87
2024-02-23,39438.87,39643.34,39285.84,39445.86
2024-02-26,39445.86,39535.82,39193.31,39323.31
2024-02-27,39323.31,39435.81,39120.8,39348.3
2024-02-28,39348.3,39348.82,38976.3,39008.8
2024-02-29,39008.8,39342.57,38888.06,39315.05
2024-03-01,39315.05,40287.56,39278.05,40192.55
2024-03-04,40192.55,40355.04,40007.52,40067.54
2024-03-05,40067.54,40227.52,39672.51,39867.51
2024-03-06,39867.51,40567.51,39758,40387.52
2024-03-07,40387.52,40588.93,39261.43,39861.43
2024-03-08,39861.43,40116.27,39081.28,39188.78
2024-03-11,39188.78,39188.78,38416.59,38536.59
2024-03-12,38536.59,39233.88,38394.38,39198.87
2024-03-13,39198.87,39309.3,38569.79,38669.3
2024-03-14,38669.3,38999.55,38407.05,38667.05
2024-03-15,38667.05,39072.2,38560.19,38999.7
2024-03-18,38999.7,39899.16,38991.65,39734.66
2024-03-19,39734.66,40193.76,39498.74,40136.25
2024-03-20,40136.25,40697.11,40136.25,40672.11
2024-03-21,40672.11,41217.16,40527.65,41094.66
2024-03-22,41094.66,41174.61,40744.62,40827.11
2024-03-25,40827.11,40933.25,40283.24,40473.26
2024-03-26,40473.26,40783.54,40378.53,40551.02
2024-03-27,40551.02,41063.61,40529.12,40793.62
2024-03-28,40793.62,40793.62,40112.8,40417.79
2024-04-01,40417.79,40788.65,39721.65,39988.67
2024-04-02,39988.67,40213.94,39473.92,39711.94
2024-04-03,39711.94,40106.51,39272.01,40046.5
2024-04-04,40046.5,40314.17,39101.67,39121.67
2024-04-05,39121.67,39424.26,38807.24,39351.75
2024-04-08,39351.75,39679.58,39249.58,39504.6
2024-04-09,39504.6,39842.13,39322.11,39727.12
2024-04-10,39727.12,39767.17,39054.65,39149.67
2024-04-11,39149.67,39727.2,39042.68,39704.68
2024-04-12,39704.68,39987.31,38817.31,38889.82
2024-04-15,38889.82,39532.4,38652.4,38724.88
2024-04-16,38724.88,38782.54,38322.53,38512.52
2024-04-17,38512.52,38685.12,37652.63,37752.63
2024-04-18,37752.63,38265.11,37685.1,37777.61
2024-04-19,37777.61,37810.19,36732.71,37135.21
2024-04-22,37135.21,37872.99,37087.97,37752.98
2024-04-23,37752.98,37983.09,37443.09,37980.59
2024-04-24,37980.59,38485.6,37933.59,38098.09
2024-04-25,38098.09,38098.09,37153.18,37875.68
2024-04-26,37875.68,38423.12,37588.11,38398.11
2024-04-29,38398.11,38771.12,38196.12,38351.1
2024-04-30,38351.1,38646.2,38103.68,38126.18
2024-05-01,38126.18,38513.71,37764.2,37848.72
2024-05-02,37848.72,38378.91,37756.42,37976.42
2024-05-03,37976.42,38399.03,37824.01,38359.03
2024-05-06,38359.03,38919.28,38359.03,38909.28
2024-05-07,38909.28,38961.85,38559.87,38726.86
2024-05-08,38726.86,38781.86,38169.36,38391.87
2024-05-09,38391.87,38474.5,37994.48,38449.5
2024-05-10,38449.5,38774.67,38122.16,38219.67
2024-05-13,38219.67,38297.4,37974.88,38182.38
2024-05-14,38182.38,38619.97,38094.95,38607.45
2024-05-15,38607.45,38845.06,38277.56,38722.55
2024-05-16,38722.55,38982.63,38525.14,38532.63
2024-05-17,38532.63,38860.19,38532.63,38702.68
2024-05-20,38702.68,39485.44,38695.44,39227.93
2024-05-21,39227.93,39368,38763.01,38885.49
2024-05-22,38885.49,38970.59,38468.09,38773.1
2024-05-23,38773.1,39195.72,38435.7,38553.22
2024-05-24,38553.22,38885.74,38370.73,38785.75
2024-05-27,38785.75,38988.52,38666.51,38956.5
2024-05-28,38956.5,38998.58,38758.57,38956.08
2024-05-29,38956.08,39166.16,38163.64,38171.15
2024-05-30,38171.15,38338.76,37611.24,38093.75
2024-05-31,38093.75,38721.37,37966.37,38721.37
2024-06-03,38721.37,39039.1,38421.59,38694.1
2024-06-04,38694.1,38886.68,38284.16,38434.16
2024-06-05,38434.16,38979.27,38334.26,38951.75
2024-06-06,38951.75,39071.86,38536.84,38656.85
2024-06-07,38656.85,38906.93,38539.42,38621.93
2024-06-10,38621.93,39234.68,38559.67,39207.18
2024-06-11,39207.18,39334.76,38797.24,38927.25
2024-06-12,38927.25,39282.34,38794.82,39192.32
2024-06-13,39192.32,39396.73,38489.21,38696.71
2024-06-14,38696.71,39124.63,38379.63,38559.64
2024-06-17,38559.64,38673.39,38028.39,38528.4
2024-06-18,38528.4,38716.36,38406.84,38673.86
2024-06-19,38673.86,38879.06,38394.05,38469.06
2024-06-20,38469.06,38816.55,38331.55,38681.55
2024-06-21,38681.55,38865.45,38442.94,38585.44
2024-06-24,38585.44,39060.25,38470.23,38815.24
2024-06-25,38815.24,39434.62,38780.12,39404.61
2024-06-26,39404.61,39884.82,39307.32,39534.8
2024-06-27,39534.8,39731.14,39256.14,39641.12
2024-06-28,39641.12,40019.06,39541.56,39851.56
2024-07-01,39851.56,40029.74,39499.73,39564.75
2024-07-02,39564.75,40332.11,39514.61,40304.62
2024-07-03,40304.62,40787.32,40227.3,40727.3
2024-07-04,40727.3,41032.56,40665.04,40980.05
2024-07-05,40980.05,41190.41,40815.42,41060.41
2024-07-08,41060.41,41170.52,40843.03,41005.51
2024-07-09,41005.51,41837.83,40973.33,41600.33
2024-07-10,41600.33,42550.16,41490.18,42527.67
2024-07-11,42527.67,42555.25,41547.75,41692.75
2024-07-12,41692.75,41870.4,41073.41,41252.91
2024-07-15,41252.91,41463.65,41078.65,41236.13
2024-07-16,41236.13,41621.24,41168.74,41583.74
2024-07-17,41583.74,41661.53,40209.02,40321.52
2024-07-18,40321.52,40483.93,39928.93,40098.92
2024-07-19,40098.92,40286.81,39634.32,39691.8
2024-07-22,39691.8,40039.75,39522.24,39949.75
2024-07-23,39949.75,40027.38,39492.36,39504.87
2024-07-24,39504.87,39699.8,38159.8,38232.3
2024-07-25,38232.3,38381.78,37404.26,37789.28
2024-07-26,37789.28,38344.24,37674.73,38294.23
2024-07-29,38294.23,38789.48,38241.97,38379.48
2024-07-30,38379.48,38797.39,37952.87,38102.38
2024-07-31,38102.38,39335.2,38023.18,38765.2
2024-08-01,38765.2,38926.15,36479.14,36801.15
2024-08-02,36801.15,36801.15,34434.54,34929.54
2024-08-05,34929.54,34929.54,30740.91,33505.42
2024-08-06,33505.42,35032.22,32967.21,33561.71
2024-08-07,33561.71,35956.18,33371.68,34463.68
2024-08-08,34463.68,35878.78,33831.77,35796.76
2024-08-09,35796.76,36031.54,34542.04,35337.03
2024-08-12,35337.03,35939.66,35262.65,35632.15
2024-08-13,35632.15,36534.9,35502.9,36482.4
2024-08-14,36482.4,36734.86,35892.84,36337.34
2024-08-15,36337.34,37777.54,36278.04,37777.54
2024-08-16,37777.54,38180.23,37348.23,37723.23
2024-08-19,37723.23,38160.68,37203.16,37885.67
2024-08-20,37885.67,38331.01,37530.99,37678.5
2024-08-21,37678.5,38298.65,37529.14,38093.65
2024-08-22,38093.65,38701.39,37923.88,38188.88
2024-08-23,38188.88,38714.1,38079.59,38369.1
2024-08-26,38369.1,38400.28,37845.28,37969.79
2024-08-27,37969.79,38575.04,37890.54,38302.55
2024-08-28,38302.55,38627.76,37940.75,38185.26
2024-08-29,38185.26,38843.78,37889.26,38406.26
2024-08-30,38406.26,39074.16,38334.66,39064.17
2024-09-02,39064.17,39194.87,38490.37,38870.35
2024-09-03,38870.35,38990.09,37465.09,37655.1
2024-09-04,37655.1,37775.84,36540.83,36565.33
2024-09-05,36565.33,37135.65,36221.14,36998.16
2024-09-06,36998.16,37063.4,35135.9,35170.92
2024-09-09,35170.92,36519.1,35132.09,36341.61
2024-09-10,36341.61,36549.34,35606.82,36119.33
2024-09-11,36119.33,36627.05,35252.55,36549.56
2024-09-12,36549.56,37263.71,36549.56,37113.7
2024-09-13,37113.7,37253,36480.49,36650.5
2024-09-16,36650.5,36914.06,36396.54,36837.04
2024-09-17,36837.04,36959.29,36002.29,36874.3
2024-09-18,36874.3,36904.89,36312.88,36844.87
2024-09-19,36844.87,38102.6,36803.08,37905.09
2024-09-20,37905.09,38561.47,37806.96,38428.98
2024-09-23,38428.98,38812.16,38272.64,38474.66
2024-09-24,38474.66,38651.67,37856.65,38054.15
2024-09-25,38054.15,38487.76,37965.76,38470.77
2024-09-26,38470.77,39775.37,38455.88,39717.87
2024-09-27,39717.87,40059.8,37412.82,37489.8
2024-09-30,37489.8,38591.21,37489.8,38338.7
2024-10-01,38338.7,38919.64,37750.12,38142.13
2024-10-02,38142.13,38899.63,37825.13,38844.65
2024-10-03,38844.65,39177.9,38485.4,38762.91
2024-10-04,38762.91,39790.55,38615.54,39713.03
2024-10-07,39713.03,40001.06,38901.54,39083.55
2024-10-08,39083.55,39631.02,38836.5,39513.52
2024-10-09,39513.52,39816.12,39241.6,39803.61
2024-10-10,39803.61,39851.57,38999.05,39526.56
2024-10-11,39526.56,40056.9,39491.88,39874.38
2024-10-14,39874.38,40252.55,39665.04,40237.55
2024-10-15,40237.55,40387.78,38945.28,39060.3
2024-10-16,39060.3,39597.94,38982.93,39547.93
2024-10-17,39547.93,39558.48,38863.97,39333.47
2024-10-18,39333.47,39393.69,39008.67,39258.68
2024-10-21,39258.68,39349.39,38819.4,39224.39
2024-10-22,39224.39,39224.39,38275.18,38399.67
2024-10-23,38399.67,38622.52,37727.5,37952.5
2024-10-24,37952.5,38427.79,37810.31,38177.81
2024-10-25,38177.81,38462.86,37810.84,38172.84
2024-10-28,38172.84,38848.75,37306.77,38708.76
2024-10-29,38708.76,39363.74,38501.73,39278.72
2024-10-30,39278.72,39796.48,39096.96,39366.48
2024-10-31,39366.48,39366.48,38186.58,38417.06
2024-11-01,38417.06,38851.91,38016.89,38639.4
2024-11-04,38639.4,38730.42,38323.44,38505.42
2024-11-05,38505.42,39165.69,38230.67,39030.68
2024-11-06,39030.68,40213.47,38738.96,40128.46
2024-11-07,40128.46,40138.95,39068.95,39738.44
2024-11-08,39738.44,39966.31,38981.32,39101.32
2024-11-11,39101.32,39847.13,39101.32,39655.12
2024-11-12,39655.12,39907.37,39017.38,39237.38
2024-11-13,39237.38,39417.64,38512.64,38975.63
2024-11-14,38975.63,39125.51,38530.49,38922.99
2024-11-15,38922.99,39143.31,37795.81,38053.3
2024-11-18,38053.3,38593.97,37936.48,38388.99
2024-11-19,38388.99,38599.29,37727.27,38264.28
2024-11-20,38264.28,38562.02,37874.51,38377.52
2024-11-21,38377.52,38402.26,37732.26,38239.76
2024-11-22,38239.76,38662.53,38063.02,38615.04
2024-11-25,38615.04,39090.73,38613.73,38883.23
2024-11-26,38883.23,38915.9,38038.91,38343.41
2024-11-27,38343.41,38451.16,37653.67,37821.17
2024-11-28,37821.17,38496.43,37794.42,38234.44
2024-11-29,38234.44,38466.65,37999.16,38299.16
2024-12-02,38299.16,38714.89,37960.37,38629.87
2024-12-03,38629.87,39435.11,38600.59,39272.61
2024-12-04,39272.61,39782.81,39045.29,39712.81
2024-12-05,39712.81,39745.55,39265.53,39333.03
2024-12-06,39333.03,39475.78,38945.79,39298.29
2024-12-09,39298.29,39531.54,38981.53,39216.52
2024-12-10,39216.52,39501.78,39137.27,39341.76
2024-12-11,39341.76,40159.52,39132.51,39962.52
2024-12-12,39962.52,40184.99,39632.49,39695.01
2024-12-13,39695.01,39867.49,39342.99,39612.51
2024-12-16,39612.51,39837.51,39482.99,39752.49
2024-12-17,39752.49,39905.01,39332.51,39392.49
2024-12-18,39392.49,39570.01,38358.01,38654.99
2024-12-19,38654.99,39482.51,38322.99,39114.99
2024-12-20,39114.99,39312.41,38482.4,38939.92
2024-12-23,38939.92,39471.54,38939.92,39446.54
2024-12-24,39446.54,39483.94,39136.94,39381.93
2024-12-26,39381.93,39878.95,39381.93,39778.94
2024-12-27,39778.94,40541.58,39669.56,40201.56
2024-12-30,40201.56,40448.38,39365.86,39501.37
2024-12-31,39501.37,39618.91,39271.41,39488.89
2025-01-02,39488.89,39779.4,39271.88,39514.39
2025-01-03,39514.39,39724.65,39317.64,39634.65
2025-01-06,39634.65,40095.39,39317.88,39817.89
2025-01-07,39817.89,40405.47,39718.46,39917.95
2025-01-08,39917.95,40207.64,39803.13,39977.65
2025-01-09,39977.65,40015.35,39480.33,39623.35
2025-01-10,39623.35,39659.39,38713.91,38846.4
2025-01-13,38846.4,38915.7,38213.71,38790.7
2025-01-14,38790.7,39146.78,38396.77,38794.29
2025-01-15,38794.29,38911.39,38304.38,38776.38
2025-01-16,38776.38,39015.14,38335.12,38397.62
2025-01-17,38397.62,38991.69,38136.68,38864.17
2025-01-20,38864.17,39179.9,38742.91,39002.92
2025-01-21,39002.92,39404.48,38691.96,39396.96
2025-01-22,39396.96,40006.49,39371.97,39831.47
2025-01-23,39831.47,40090.92,39731.41,39918.41
2025-01-24,39918.41,40670.02,39860.51,40527.51
2025-01-27,40527.51,40527.51,38736.01,39156.03
2025-01-28,39156.03,39491.72,38942.2,39434.21
2025-01-29,39434.21,39669.99,39164.99,39424.97
2025-01-30,39424.97,39750.69,39256.2,39598.18
2025-01-31,39598.18,39866.09,39321.59,39341.09
2025-02-03,39341.09,39341.09,38413.11,39227.61
2025-02-04,39227.61,39351.19,38614.18,39051.19
2025-02-05,39051.19,39156.51,38604.01,38984.03
2025-02-06,38984.03,39236.98,38866.97,38979.97
2025-02-07,38979.97,39047.38,38372.36,38447.37
2025-02-10,38447.37,39011.57,38277.06,38959.07
2025-02-11,38959.07,39124.56,38797.06,39079.56
2025-02-12,39079.56,39265.07,38792.57,39217.58
2025-02-13,39217.58,39635.53,39153.53,39505.52
2025-02-14,39505.52,39620.84,39028.34,39153.34
2025-02-17,39153.34,39270,39019.98,39170.49
2025-02-18,39170.49,39532.99,39140.99,39362.97
2025-02-19,39362.97,39362.97,38785.96,39003.47
2025-02-20,39003.47,39003.47,38411.51,38562.02
2025-02-21,38562.02,38894.69,38077.17,38187.17
2025-02-24,38187.17,38403.68,37898.68,38063.66
2025-02-25,38063.66,38499.19,37701.68,38081.67
2025-02-26,38081.67,38502.29,37755.28,38190.28
2025-02-27,38190.28,38400.03,37562.51,37717.53
2025-02-28,37717.53,37795.5,36845.98,37552.98
2025-03-03,37552.98,38259.65,37099.64,37354.66
2025-03-04,37354.66,37557.57,36265.06,37222.57
2025-03-05,37222.57,37833.11,37090.6,37640.59
2025-03-06,37640.59,37886.07,36841.09,37043.57
2025-03-07,37043.57,37321.56,36461.55,37179.06
2025-03-10,37179.06,37268.07,36165.56,36410.57
2025-03-11,36410.57,36931.04,35966.54,36526.06
2025-03-12,36526.06,37219.04,36526.06,36999.03
2025-03-13,36999.03,37342.49,36549.99,36755.01
2025-03-14,36755.01,37637.51,36552.99,37554.99
2025-03-17,37554.99,38057.51,37407.49,37937.49
2025-03-18,37937.49,38045.01,37674.99,37807.5
2025-03-19,37807.5,38157.51,37585,37897.51
2025-03-20,37897.51,37992.51,37452.5,37744.99
2025-03-21,37744.99,38025.01,37404.99,37632.51
2025-03-24,37632.51,38070.01,37632.51,38040.01
2025-03-25,38040.01,38200.01,37769.99,38147.51
2025-03-26,38147.51,38294.99,37729.99,37777.49
2025-03-27,37777.49,37927.5,37584.99,37767.49
2025-03-28,37767.49,37767.49,36322.88,36342.9
2025-03-31,36342.9,36342.9,35516.14,36061.15
2025-04-01,36061.15,36123.51,35181.01,35788.5
2025-04-02,35788.5,36541.71,34872.22,34926.72
2025-04-03,34926.72,34934.91,33482.89,33689.89
2025-04-04,33689.89,34415.04,32047.53,32317.52
2025-04-07,32317.52,33798.06,30518.06,32595.08
2025-04-08,32595.08,34003.12,31881.1,32215.62
2025-04-09,32215.62,35229.33,31214.33,35136.84
2025-04-10,35136.84,35326.09,32573.58,33536.1
2025-04-11,33536.1,33871.37,32743.89,33831.39
2025-04-14,33831.39,34591.23,33831.39,34391.23
2025-04-15,34391.23,34711.33,34261.82,34561.34
2025-04-16,34561.34,34561.34,33668.96,33881.47
2025-04-17,33881.47,34817.21,33852.21,34584.7
2025-04-21,34584.7,34705.82,33928.3,34180.81
2025-04-22,34180.81,35033.98,34044.47,34881.47
2025-04-23,34881.47,35581.96,34784.47,35499.48
2025-04-24,35499.48,35731.91,34864.41,35646.9
2025-04-25,35646.9,36134.7,35502.18,36089.69
2025-04-28,36089.69,36173.13,35760.63,35943.14
2025-04-29,35943.14,36276.09,35876.58,36083.58
2025-04-30,36083.58,36361.57,35657.05,36309.05
2025-05-01,36309.05,37117.06,36109.55,36799.56
2025-05-02,36799.56,37284.97,36692.95,37252.45
2025-05-05,37252.45,37388.7,36961.19,37181.19
2025-05-06,37181.19,37244.18,36671.67,36754.19
2025-05-07,36754.19,37212.17,36632.17,36997.18
2025-05-08,36997.18,37722.66,36747.65,37520.16
2025-05-09,37520.16,37728.09,37325.58,37513.1
2025-05-12,37513.1,38831.79,37494.3,38776.8
2025-05-13,38776.8,38802.23,38064.72,38344.72
2025-05-14,38344.72,38420.02,37625,37687.51
2025-05-15,37687.51,37905.53,37615.52,37823.03
2025-05-16,37823.03,38023.67,37513.66,37971.16
2025-05-19,37971.16,37971.16,37265.14,37602.65
2025-05-20,37602.65,37955.73,37415.71,37625.71
2025-05-21,37625.71,37686.22,36833.7,36866.21
2025-05-22,36866.21,37226.77,36719.26,37141.75
2025-05-23,37141.75,37397.34,36477.35,36844.85
2025-05-26,36844.85,37678.75,36844.85,37599.25
2025-05-27,37599.25,38394.16,37431.65,38339.16
2025-05-28,38339.16,38342.1,37669.6,37934.61
2025-05-29,37934.61,38482.59,37720.09,37920.11
2025-05-30,37920.11,38125.47,37400.45,37672.97
2025-06-02,37672.97,37854.55,37282.04,37794.55
2025-06-03,37794.55,37794.55,37365.1,37725.11
2025-06-04,37725.11,37880.6,37483.09,37550.59
2025-06-05,37550.59,37736.05,37306.04,37456.06
2025-06-06,37456.06,38154.06,37394.55,38019.07
2025-06-09,38019.07,38330.54,37893.04,38223.04
2025-06-10,38223.04,38493.52,38121,38378.52
2025-06-11,38378.52,38722,38281.49,38381.5
2025-06-12,38381.5,38397.51,37957.51,38190.01
2025-06-13,38190.01,38190.01,37479.99,37959.99
2025-06-16,37959.99,38630.01,37812.99,38589.99
2025-06-17,38589.99,38645.01,38217.5,38267.51
2025-06-18,38267.51,38974.99,38143,38687.51
2025-06-19,38687.51,38860.01,38387.49,38414.99
2025-06-20,38414.99,38690.01,38252.49,38387.5
2025-06-23,38387.5,38652.5,37957.99,38649.99
2025-06-24,38649.99,39017.49,38583.01,38787.5
2025-06-25,38787.5,39175,38722.5,39000
2025-06-26,39000,39937.69,39000,39927.68
2025-06-27,39927.68,40723.13,39888.13,40603.12
2025-06-30,40603.12,40949.15,40299.13,40321.63
2025-07-01,40321.63,40439.41,39649.4,39649.41
2025-07-02,39649.41,40025.37,39507.88,39810.36
2025-07-03,39810.36,40198.74,39726.22,40191.23
2025-07-04,40191.23,40191.23,39671.85,39796.85
2025-07-07,39796.85,39986.34,39418.82,39431.33
2025-07-08,39431.33,40112.07,39412.06,40009.57
2025-07-09,40009.57,40052.54,39635.04,39972.53
2025-07-10,39972.53,40015.44,39592.92,39777.94
2025-07-11,39777.94,40001.12,39313.6,39506.12
2025-07-14,39506.12,39642.68,39240.18,39537.68
2025-07-15,39537.68,39863.25,39413.25,39640.75
2025-07-16,39640.75,39953.62,39173.62,39598.62
2025-07-17,39598.62,40154.17,39396.66,40104.17
2025-07-18,40104.17,40179.5,39674.5,39754.51
2025-07-21,39754.51,40021.11,39708.6,39856.1
2025-07-22,39856.1,40314.12,39486.63,39656.62
2025-07-23,39656.62,41797.23,39640.21,41762.23
2025-07-24,41762.23,42126.52,41579,41709.01
2025-07-25,41709.01,41788.72,41323.71,41416.22
2025-07-28,41416.22,41726.43,40718.41,40868.43
2025-07-29,40868.43,41006.9,40609.38,40714.38
2025-07-30,40714.38,40827.68,40520.18,40772.7
2025-07-31,40772.7,41320.78,40608.26,40825.77
2025-08-01,40825.77,41041.18,39773.67,39993.67
2025-08-04,39993.67,40680.58,39788.07,40663.07
2025-08-05,40663.07,40711.37,40373.86,40548.87
2025-08-06,40548.87,40939.28,40454.76,40836.78
2025-08-07,40836.78,41379.69,40620.17,41214.69
2025-08-08,41214.69,42420.13,41175.12,42345.14
2025-08-11,42345.14,42523.93,42216.42,42306.43
2025-08-12,42306.43,43399.47,42219.46,43329.47
2025-08-13,43329.47,43509.67,43047.15,43129.66
2025-08-14,43129.66,43225.02,42552.5,42830.01
2025-08-15,42830.01,43523.32,42758.3,43443.3
2025-08-18,43443.3,43964.73,43409.75,43817.25
2025-08-19,43817.25,43912.71,43342.7,43400.2
2025-08-20,43400.2,43498.32,42588.34,42873.32
2025-08-21,42873.32,42954.1,42539.1,42681.6
2025-08-22,42681.6,43137.23,42347.23,43027.21
2025-08-25,43027.21,43226.39,42541.39,42546.4
2025-08-26,42546.4,42724.42,42146.9,42559.4
2025-08-27,42559.4,42642.57,42287.55,42510.07
2025-08-28,42510.07,43049.97,42274.98,42917.49
2025-08-29,42917.49,42934.65,42029.63,42087.13
2025-09-01,42087.13,42463.85,41786.33,42343.85
2025-09-02,42343.85,42486.96,41709.46,42176.98
2025-09-03,42176.98,42300.02,41870.01,42127.52
2025-09-04,42127.52,42918.11,42023.6,42910.59
2025-09-05,42910.59,43236.09,42581.09,42896.09
2025-09-08,42896.09,44030.23,42896.09,43962.74
2025-09-09,43962.74,44190.79,43070.77,43595.78
2025-09-10,43595.78,44011.36,43451.35,43863.85
2025-09-11,43863.85,44789.49,43840,44747.01
2025-09-12,44747.01,44904.51,44529.51,44671.99
2025-09-15,44671.99,44947,44604.51,44894.5
2025-09-16,44894.5,45052.01,44604.49,44759.51
2025-09-17,44759.51,45037,44576.99,44879.5
2025-09-18,44879.5,45967.01,44832,45859.5
2025-09-19,45859.5,45937,44514.99,45301.99
2025-09-22,45301.99,45804.49,45259.51,45764.5
2025-09-23,45764.5,45942.01,45539.49,45616.99
2025-09-24,45616.99,45902.01,45267,45719.5
2025-09-25,45719.5,45887.01,45314.5,45676.99
2025-09-26,45676.99,45832.01,45239.49,45521.99
2025-09-29,45521.99,45521.99,44957.51,45155.02
2025-09-30,45155.02,45213.6,44651.11,44901.1
2025-10-01,44901.1,44981.28,44398.77,44871.28
2025-10-02,44871.28,45263.03,44758.02,45078.02
2025-10-03,45078.02,46243.47,44963.46,46093.48
2025-10-06,46093.48,48754.77,46093.48,48619.75
2025-10-07,48619.75,48712.68,47865.18,48095.16
2025-10-08,48095.16,48278.47,47788.47,48218.45
2025-10-09,48218.45,48983.81,48124.31,48583.81
2025-10-10,48583.81,48744.24,45806.74,45874.25
2025-10-13,45874.25,47129.9,45874.25,47062.4
2025-10-14,47062.4,47990.55,46550.54,47038.04
2025-10-15,47038.04,48350.51,46981.01,48100.5
2025-10-16,48100.5,48605.17,47835.15,48085.15
2025-10-17,48085.15,48389.73,47097.23,48337.24
2025-10-20,48337.24,49846.71,48337.24,49706.71
2025-10-21,49706.71,50062.9,49187.92,49422.9
2025-10-22,49422.9,49755.11,48495.1,48872.6
2025-10-23,48872.6,49138.12,48503.11,49050.61
2025-10-24,49050.61,49716.7,48999.7,49604.2
2025-10-27,49604.2,50728.25,49604.2,50575.73
2025-10-28,50575.73,50858.11,50205.59,50728.1
2025-10-29,50728.1,51603.61,50688.59,51096.1
2025-10-30,51096.1,51918.72,50901.72,51618.7
2025-10-31,51618.7,52701.15,51534.14,52311.16
2025-11-03,52311.16,52672.68,52187.66,52520.18
2025-11-04,52520.18,52723.33,51158.34,51218.32
2025-11-05,51218.32,51419.77,49219.76,51257.27
2025-11-06,51257.27,51343.44,50075.94,50350.94
2025-11-07,50350.94,50546.58,49561.56,50481.57
2025-11-10,50481.57,51368.92,50481.57,51353.92
2025-11-11,51353.92,51584.32,50644.33,51239.33
2025-11-12,51239.33,51560.03,50608.01,51420.02
2025-11-13,51420.02,51453.57,50053.08,50128.08
2025-11-14,50128.08,50791.18,49731.16,50473.67
2025-11-17,50473.67,50528.49,49513.51,49843.49
2025-11-18,49843.49,49996.66,48397.15,48686.67
2025-11-19,48686.67,49880.3,48310.32,49875.31
2025-11-20,49875.31,50643.48,48376,48403.48
2025-11-21,48403.48,49091.31,48058.79,48788.8
2025-11-24,48788.8,49653.54,48668.54,49546.02
2025-11-25,49546.02,49746.67,48284.15,49171.65
2025-11-26,49171.65,50214.8,49002.78,50144.78
2025-11-27,50144.78,50357.74,49968.25,50060.24
2025-11-28,50060.24,50280.79,50028.78,50248.3
2025-12-01,50248.3,50417.76,49070.25,49475.27
2025-12-02,49475.27,49746.04,49203.53,49551.04
2025-12-03,49551.04,50169.18,49291.69,49869.19
2025-12-04,49869.19,51059.76,49812.26,50624.76
2025-12-05,50624.76,50847.82,50227.8,50647.8
2025-12-08,50647.8,50749.84,50177.34,50377.34
2025-12-09,50377.34,51028.02,50376,50770.52
2025-12-10,50770.52,51111.16,50331.16,50948.66
2025-12-11,50948.66,50962.5,49917.49,50895.01
2025-12-12,50895.01,51127.51,49690,50064.99
2025-12-15,50064.99,50374.99,49885.01,50067.5
2025-12-16,50067.5,50112.51,49370,49570.01
2025-12-17,49570.01,49775.01,48924.99,49145.01
2025-12-18,49145.01,49592.49,48677.99,49262.49
2025-12-19,49262.49,50477.51,49262.49,50400.01
2025-12-22,50400.01,50660,50182.49,50387.51
2025-12-23,50387.51,50755,50320,50513.01
2025-12-24,50513.01,50722.51,50218.01,50473.01
2025-12-26,50473.01,50839.99,50470.01,50815
2025-12-29,50815,50873.74,50246.25,50391.25
2025-12-30,50391.25,50741.26,50249.25,50613.76
2025-12-31,50613.76,50793.75,50311.25,50793.74
2026-01-02,50793.74,51363.43,50750.92,51135.93
2026-01-05,51135.93,52335.93,50826.41,52260.93
2026-01-06,52260.93,52743.49,52003.5,52183.5
2026-01-07,52183.5,52525.77,51943.28,51990.77
2026-01-08,51990.77,52010.05,51145.03,51630.04
2026-01-09,51630.04,53920.45,51425.44,53627.96
2026-01-12,53627.96,54255.05,53618.04,54160.04
2026-01-13,54160.04,54273.58,53566.06,54016.08
2026-01-14,54016.08,54630.24,53740.23,54117.72
2026-01-15,54117.72,54590.35,53832.85,54142.83
2026-01-16,54142.83,54249.15,53661.65,53869.15
2026-01-19,53869.15,53869.15,53208.08,53588.08
2026-01-20,53588.08,53639.03,52079.03,52224.05
2026-01-21,52224.05,53578.22,51926.2,53320.72
2026-01-22,53320.72,54216.62,53297.11,54111.61
2026-01-23,54111.61,54144.38,52871.88,52929.38
2026-01-26,52929.38,53240.16,52245.67,52590.66
2026-01-27,52590.66,53467.03,52567.52,52882.52
2026-01-28,52882.52,53947.7,52882.52,53840.19
2026-01-29,53840.19,54198.75,52468.73,53373.75
2026-01-30,53373.75,53872.39,52982.9,53472.4
2026-02-02,53472.4,54348.22,52615.71,53915.72
2026-02-03,53915.72,54897.17,53564.66,54209.67
2026-02-04,54209.67,55179.08,53947.09,54732.07
2026-02-05,54732.07,54820.54,53738.03,53825.54
2026-02-06,53825.54,56589.57,53010.05,56540.06
2026-02-09,56540.06,58602.56,56122.55,57317.57
2026-02-10,57317.57,58507.48,57002.47,58017.49
2026-02-11,58017.49,58545.33,57772.81,58175.32
2026-02-12,58175.32,58239.5,56569.49,57003.99
2026-02-13,57003.99,57732.63,56700.63,57487.64
2026-02-16,57487.64,57773.93,56731.43,56754.43
2026-02-17,56754.43,57222.63,56172.62,57050.13
2026-02-18,57050.13,57776.35,56791.85,57568.85
2026-02-19,57568.85,57752.24,56789.75,57067.23
2026-02-20,57067.23,57310.75,56680.73,57133.25
2026-02-23,57133.25,57196.91,56487.42,56822.4
2026-02-24,56822.4,58113.08,56673.56,57923.07
2026-02-25,57923.07,60089.05,57769.55,60006.54
2026-02-26,60006.54,60006.54,58270.15,58637.65
2026-02-27,58637.65,59421.1,58166.1,58658.58
2026-03-02,58658.58,58658.58,57057.11,57505.11
2026-03-03,57505.11,57875.94,53596.44,55223.43
2026-03-04,55223.43,56482.41,53637.89,56272.41
2026-03-05,56272.41,56633.83,53939.33,54286.35
2026-03-06,54286.35,55782.27,53725.27,53997.28
2026-03-09,53997.28,54915.56,51178.55,54590.56
2026-03-10,54590.56,55779.35,53534.84,54829.35
2026-03-11,54829.35,55737.85,54280.83,54615.35
2026-03-12,54615.35,54752.5,53467.51,53687.51
2026-03-13,53687.51,54252.51,52672.5,53160
2026-03-16,53160,54567.49,52787.99,54362.99
2026-03-17,54362.99,54590,53432.99,54402.49
2026-03-18,54402.49,55276.58,53292.07,53421.58
2026-03-19,53421.58,53882.8,51834.79,53187.29
2026-03-20,53187.29,53617.3,51024.8,51117.29
2026-03-23,51117.29,54117.79,50532.79,53164.81
2026-03-24,53164.81,53524.79,51542.8,53242.29
2026-03-25,53242.29,54322.29,53242.29,53752.3
2026-03-26,53752.3,54112.3,52262.79,52584.8
2026-03-27,52584.8,53632.81,51392.79,51447.79
2026-03-30,51447.79,52130.22,50305.22,50917.2
2026-03-31,50917.2,53054.72,50455.2,52847.21
2026-04-01,52847.21,54582.22,52630.2,54115.22
2026-04-02,54115.22,54319.7,52077.21,53049.71
2026-04-03,53049.71,53405.2,52840.21,53167.21
2026-04-06,53167.21,54072.21,52580.2,53867.21
2026-04-07,53867.21,54005.21,52729.71,53924.71
2026-04-08,53924.71,57259.71,53924.71,56884.7