time,open,high,low,close
1988-02-26,7.19299984,7.19299984,7.19299984,7.19299984
1988-03-02,7.1079998,7.1079998,7.1079998,7.1079998
1988-03-03,7.09000015,7.09000015,7.09000015,7.09000015
1988-03-04,7.09000015,7.09000015,7.09000015,7.09000015
1988-03-08,7.21000004,7.21000004,7.21000004,7.21000004
1988-03-09,7.21000004,7.21000004,7.21000004,7.21000004
1988-03-10,7.21000004,7.21000004,7.21000004,7.21000004
1988-03-11,7.24399996,7.24399996,7.24399996,7.24399996
1988-03-15,7.19199991,7.19199991,7.19199991,7.19199991
1988-03-16,7.17399979,7.17399979,7.17399979,7.17399979
1988-03-17,7.22700024,7.22700024,7.22700024,7.22700024
1988-03-18,7.16599989,7.16599989,7.16599989,7.16599989
1988-03-22,7.31500006,7.31500006,7.31500006,7.31500006
1988-03-23,7.3499999,7.3499999,7.3499999,7.3499999
1988-03-24,7.40299988,7.40299988,7.40299988,7.40299988
1988-03-25,7.47700024,7.47700024,7.47700024,7.47700024
1988-03-29,7.46000004,7.46000004,7.46000004,7.46000004
1988-03-30,7.42600012,7.42600012,7.42600012,7.42600012
1988-03-31,7.40899992,7.40899992,7.40899992,7.40899992
1988-04-01,7.40899992,7.40899992,7.40899992,7.40899992
1988-04-05,7.58099985,7.58099985,7.58099985,7.58099985
1988-04-06,7.58099985,7.58099985,7.58099985,7.58099985
1988-04-07,7.52899981,7.52899981,7.52899981,7.52899981
1988-04-08,7.52899981,7.52899981,7.52899981,7.52899981
1988-04-12,7.51200008,7.51200008,7.51200008,7.51200008
1988-04-13,7.47700024,7.47700024,7.47700024,7.47700024
1988-04-14,7.44199991,7.44199991,7.44199991,7.44199991
1988-04-15,7.52899981,7.52899981,7.52899981,7.52899981
1988-04-19,7.5999999,7.5999999,7.5999999,7.5999999
1988-04-20,7.58199978,7.58199978,7.58199978,7.58199978
1988-04-21,7.63500023,7.63500023,7.63500023,7.63500023
1988-04-22,7.61800003,7.61800003,7.61800003,7.61800003
1988-04-26,7.63600016,7.63600016,7.63600016,7.63600016
1988-04-27,7.61800003,7.61800003,7.61800003,7.61800003
1988-04-28,7.63399982,7.63399982,7.63399982,7.63399982
1988-04-29,7.71099997,7.71099997,7.71099997,7.71099997
1988-05-03,7.79799986,7.79799986,7.79799986,7.79799986
1988-05-04,7.76300001,7.76300001,7.76300001,7.76300001
1988-05-05,7.76300001,7.76300001,7.76300001,7.76300001
1988-05-06,7.79799986,7.79799986,7.79799986,7.79799986
1988-05-10,7.95499992,7.95499992,7.95499992,7.95499992
1988-05-11,7.98999977,7.98999977,7.98999977,7.98999977
1988-05-12,7.95499992,7.95499992,7.95499992,7.95499992
1988-05-13,7.9380002,7.9380002,7.9380002,7.9380002
1988-05-17,7.921,7.921,7.921,7.921
1988-05-18,8.01000023,8.01000023,8.01000023,8.01000023
1988-05-19,8.04599953,8.04599953,8.04599953,8.04599953
1988-05-20,8.02799988,8.02799988,8.02799988,8.02799988
1988-05-24,8.11900043,8.11900043,8.11900043,8.11900043
1988-05-25,8.11900043,8.11900043,8.11900043,8.11900043
1988-05-26,8.15999985,8.15999985,8.15999985,8.15999985
1988-05-27,8.22900009,8.22900009,8.22900009,8.22900009
1988-06-01,8.22900009,8.22900009,8.22900009,8.22900009
1988-06-02,8.09000015,8.09000015,8.09000015,8.09000015
1988-06-03,8.1420002,8.1420002,8.1420002,8.1420002
1988-06-07,8.0539999,8.0539999,8.0539999,8.0539999
1988-06-08,8.0539999,8.0539999,8.0539999,8.0539999
1988-06-09,7.94899988,7.94899988,7.94899988,7.94899988
1988-06-10,7.96600008,7.96600008,7.96600008,7.96600008
1988-06-14,7.96400023,7.96400023,7.96400023,7.96400023
1988-06-15,7.78900003,7.78900003,7.78900003,7.78900003
1988-06-16,7.82299995,7.82299995,7.82299995,7.82299995
1988-06-17,7.94500017,7.94500017,7.94500017,7.94500017
1988-06-21,8.11999989,8.11999989,8.11999989,8.11999989
1988-06-22,8.13799953,8.13799953,8.13799953,8.13799953
1988-06-24,8.05200005,8.05200005,8.05200005,8.05200005
1988-06-28,8.12100029,8.12100029,8.12100029,8.12100029
1988-06-29,8.05200005,8.05200005,8.05200005,8.05200005
1988-06-30,8.03499985,8.03499985,8.03499985,8.03499985
1988-07-01,8.0170002,8.0170002,8.0170002,8.0170002
1988-07-06,8.03299999,8.03299999,8.03299999,8.03299999
1988-07-07,8.08500004,8.08500004,8.08500004,8.08500004
1988-07-08,8.11999989,8.11999989,8.11999989,8.11999989
1988-07-12,8.24300003,8.24300003,8.24300003,8.24300003
1988-07-13,8.27799988,8.27799988,8.27799988,8.27799988
1988-07-14,8.27799988,8.27799988,8.27799988,8.27799988
1988-07-15,8.31400013,8.31400013,8.31400013,8.31400013
1988-07-19,8.35000038,8.35000038,8.35000038,8.35000038
1988-07-20,8.29699993,8.29699993,8.29699993,8.29699993
1988-07-21,8.29699993,8.29699993,8.29699993,8.29699993
1988-07-22,8.38599968,8.38599968,8.38599968,8.38599968
1988-07-26,8.33399963,8.33399963,8.33399963,8.33399963
1988-07-27,8.35200024,8.35200024,8.35200024,8.35200024
1988-07-28,8.44499969,8.44499969,8.44499969,8.44499969
1988-07-29,8.46199989,8.46199989,8.46199989,8.46199989
1988-08-02,8.375,8.375,8.375,8.375
1988-08-03,8.34000015,8.34000015,8.34000015,8.34000015
1988-08-04,8.34000015,8.34000015,8.34000015,8.34000015
1988-08-05,8.32199955,8.32199955,8.32199955,8.32199955
1988-08-09,8.49600029,8.49600029,8.49600029,8.49600029
1988-08-10,8.60099983,8.60099983,8.60099983,8.60099983
1988-08-11,8.65400028,8.65400028,8.65400028,8.65400028
1988-08-12,8.68999958,8.68999958,8.68999958,8.68999958
1988-08-16,8.68999958,8.68999958,8.68999958,8.68999958
1988-08-17,8.70800018,8.70800018,8.70800018,8.70800018
1988-08-18,8.72599983,8.72599983,8.72599983,8.72599983
1988-08-19,8.72700024,8.72700024,8.72700024,8.72700024
1988-08-23,8.76299953,8.76299953,8.76299953,8.76299953
1988-08-24,8.71000004,8.71000004,8.71000004,8.71000004
1988-08-25,8.72900009,8.72900009,8.72900009,8.72900009
1988-08-26,8.79899979,8.79899979,8.79899979,8.79899979
1988-08-30,8.74699974,8.74699974,8.74699974,8.74699974
1988-08-31,8.74699974,8.74699974,8.74699974,8.74699974
1988-09-01,8.72900009,8.72900009,8.72900009,8.72900009
1988-09-02,8.67700005,8.67700005,8.67700005,8.67700005
1988-09-07,8.4659996,8.4659996,8.4659996,8.4659996
1988-09-08,8.4659996,8.4659996,8.4659996,8.4659996
1988-09-09,8.44799995,8.44799995,8.44799995,8.44799995
1988-09-13,8.4460001,8.4460001,8.4460001,8.4460001
1988-09-14,8.40999985,8.40999985,8.40999985,8.40999985
1988-09-15,8.35700035,8.35700035,8.35700035,8.35700035
1988-09-16,8.39099979,8.39099979,8.39099979,8.39099979
1988-09-20,8.44200039,8.44200039,8.44200039,8.44200039
1988-09-21,8.44200039,8.44200039,8.44200039,8.44200039
1988-09-22,8.40600014,8.40600014,8.40600014,8.40600014
1988-09-23,8.42300034,8.42300034,8.42300034,8.42300034
1988-09-27,8.51099968,8.51099968,8.51099968,8.51099968
1988-09-28,8.53999996,8.53999996,8.53999996,8.53999996
1988-09-29,8.58699989,8.58699989,8.58699989,8.58699989
1988-09-30,8.53499985,8.53499985,8.53499985,8.53499985
1988-10-04,8.4119997,8.4119997,8.4119997,8.4119997
1988-10-05,8.4289999,8.4289999,8.4289999,8.4289999
1988-10-06,8.4289999,8.4289999,8.4289999,8.4289999
1988-10-07,8.4460001,8.4460001,8.4460001,8.4460001
1988-10-12,8.3039999,8.3039999,8.3039999,8.3039999
1988-10-13,8.3039999,8.3039999,8.3039999,8.3039999
1988-10-14,8.3380003,8.3380003,8.3380003,8.3380003
1988-10-18,8.31900024,8.31900024,8.31900024,8.31900024
1988-10-19,8.31000042,8.31000042,8.31000042,8.31000042
1988-10-20,8.37100029,8.37100029,8.37100029,8.37100029
1988-10-21,8.35299969,8.35299969,8.35299969,8.35299969
1988-10-25,8.39599991,8.39599991,8.39599991,8.39599991
1988-10-26,8.39599991,8.39599991,8.39599991,8.39599991
1988-10-27,8.34500027,8.34500027,8.34500027,8.34500027
1988-10-28,8.2670002,8.2670002,8.2670002,8.2670002
1988-11-01,8.22399998,8.22399998,8.22399998,8.22399998
1988-11-02,8.24100018,8.24100018,8.24100018,8.24100018
1988-11-03,8.2840004,8.2840004,8.2840004,8.2840004
1988-11-04,8.2489996,8.2489996,8.2489996,8.2489996
1988-11-08,8.49300003,8.49300003,8.49300003,8.49300003
1988-11-09,8.51099968,8.51099968,8.51099968,8.51099968
1988-11-10,8.56400013,8.56400013,8.56400013,8.56400013
1988-11-11,8.58199978,8.58199978,8.58199978,8.58199978
1988-11-15,8.63500023,8.63500023,8.63500023,8.63500023
1988-11-16,8.67099953,8.67099953,8.67099953,8.67099953
1988-11-17,8.74300003,8.74300003,8.74300003,8.74300003
1988-11-18,8.76099968,8.76099968,8.76099968,8.76099968
1988-11-22,8.79899979,8.79899979,8.79899979,8.79899979
1988-11-23,8.875,8.875,8.875,8.875
1988-11-24,8.875,8.875,8.875,8.875
1988-11-29,8.99699974,8.99699974,8.99699974,8.99699974
1988-11-30,8.94499969,8.94499969,8.94499969,8.94499969
1988-12-01,8.84000015,8.84000015,8.84000015,8.84000015
1988-12-02,8.85700035,8.85700035,8.85700035,8.85700035
1988-12-06,9.05799961,9.05799961,9.05799961,9.05799961
1988-12-07,8.90799999,8.90799999,8.90799999,8.90799999
1988-12-08,8.93400002,8.93400002,8.93400002,8.93400002
1988-12-09,8.99600029,8.99600029,8.99600029,8.99600029
1988-12-13,9.04899979,9.04899979,9.04899979,9.04899979
1988-12-14,9.16399956,9.16399956,9.16399956,9.16399956
1988-12-15,9.17300034,9.17300034,9.17300034,9.17300034
1988-12-16,9.19099998,9.19099998,9.19099998,9.19099998
1988-12-20,9.17399979,9.17399979,9.17399979,9.17399979
1988-12-21,9.10200024,9.10200024,9.10200024,9.10200024
1988-12-22,9.08399963,9.08399963,9.08399963,9.08399963
1988-12-23,9.02999973,9.02999973,9.02999973,9.02999973
1988-12-28,9.13899994,9.13899994,9.13899994,9.13899994
1988-12-29,9.22000027,9.22000027,9.22000027,9.22000027
1988-12-30,9.1789999,9.1789999,9.1789999,9.1789999
1989-01-04,9.23099995,9.23099995,9.23099995,9.23099995
1989-01-05,9.23999977,9.23999977,9.23999977,9.23999977
1989-01-06,9.33699989,9.33699989,9.33699989,9.33699989
1989-01-10,9.28299999,9.28299999,9.28299999,9.28299999
1989-01-11,9.25599957,9.25599957,9.25599957,9.25599957
1989-01-12,9.27400017,9.27400017,9.27400017,9.27400017
1989-01-13,9.22900009,9.22900009,9.22900009,9.22900009
1989-01-18,9.17500019,9.17500019,9.17500019,9.17500019
1989-01-19,9.10299969,9.10299969,9.10299969,9.10299969
1989-01-20,9.10299969,9.10299969,9.10299969,9.10299969
1989-01-24,9.10200024,9.10200024,9.10200024,9.10200024
1989-01-25,9.04800034,9.04800034,9.04800034,9.04800034
1989-01-26,9.14000034,9.14000034,9.14000034,9.14000034
1989-01-27,9.14000034,9.14000034,9.14000034,9.14000034
1989-01-31,9.12199974,9.12199974,9.12199974,9.12199974
1989-02-01,9.11299992,9.11299992,9.11299992,9.11299992
1989-02-02,9.11299992,9.11299992,9.11299992,9.11299992
1989-02-03,9.11299992,9.11299992,9.11299992,9.11299992
1989-02-07,9.23600006,9.23600006,9.23600006,9.23600006
1989-02-08,9.20899963,9.20899963,9.20899963,9.20899963
1989-02-09,9.24499989,9.24499989,9.24499989,9.24499989
1989-02-10,9.27999973,9.27999973,9.27999973,9.27999973
1989-02-14,9.39700031,9.39700031,9.39700031,9.39700031
1989-02-15,9.42399979,9.42399979,9.42399979,9.42399979
1989-02-16,9.40600014,9.40600014,9.40600014,9.40600014
1989-02-17,9.37100029,9.37100029,9.37100029,9.37100029
1989-02-22,9.39900017,9.39900017,9.39900017,9.39900017
1989-02-23,9.49800014,9.49800014,9.49800014,9.49800014
1989-02-24,9.58600044,9.58600044,9.58600044,9.58600044
1989-02-28,9.62100029,9.62100029,9.62100029,9.62100029
1989-03-01,9.51500034,9.51500034,9.51500034,9.51500034
1989-03-02,9.53299999,9.53299999,9.53299999,9.53299999
1989-03-03,9.53199959,9.53199959,9.53199959,9.53199959
1989-03-07,9.45199966,9.45199966,9.45199966,9.45199966
1989-03-08,9.47000027,9.47000027,9.47000027,9.47000027
1989-03-09,9.47900009,9.47900009,9.47900009,9.47900009
1989-03-10,9.49600029,9.49600029,9.49600029,9.49600029
1989-03-14,9.65600014,9.65600014,9.65600014,9.65600014
1989-03-15,9.65699959,9.65699959,9.65699959,9.65699959
1989-03-16,9.65699959,9.65699959,9.65699959,9.65699959
1989-03-17,9.65699959,9.65699959,9.65699959,9.65699959
1989-03-21,9.91100025,9.91100025,9.91100025,9.91100025
1989-03-22,9.89299965,9.89299965,9.89299965,9.89299965
1989-03-23,9.79300022,9.79300022,9.79300022,9.79300022
1989-03-24,9.8210001,9.8210001,9.8210001,9.8210001
1989-03-28,9.84000015,9.84000015,9.84000015,9.84000015
1989-03-29,9.8380003,9.8380003,9.8380003,9.8380003
1989-03-30,9.78499985,9.78499985,9.78499985,9.78499985
1989-03-31,9.80300045,9.80300045,9.80300045,9.80300045
1989-04-04,9.55500031,9.55500031,9.55500031,9.55500031
1989-04-05,9.43099976,9.43099976,9.43099976,9.43099976
1989-04-06,9.4659996,9.4659996,9.4659996,9.4659996
1989-04-07,9.53499985,9.53499985,9.53499985,9.53499985
1989-04-11,9.57699966,9.57699966,9.57699966,9.57699966
1989-04-12,9.55000019,9.55000019,9.55000019,9.55000019
1989-04-13,9.57600021,9.57600021,9.57600021,9.57600021
1989-04-14,9.65600014,9.65600014,9.65600014,9.65600014
1989-04-18,9.47599983,9.47599983,9.47599983,9.47599983
1989-04-19,9.26099968,9.26099968,9.26099968,9.26099968
1989-04-20,9.29599953,9.29599953,9.29599953,9.29599953
1989-04-21,9.45600033,9.45600033,9.45600033,9.45600033
1989-04-25,9.44400024,9.44400024,9.44400024,9.44400024
1989-04-26,9.37100029,9.37100029,9.37100029,9.37100029
1989-04-27,9.32900047,9.32900047,9.32900047,9.32900047
1989-04-28,9.2329998,9.2329998,9.2329998,9.2329998
1989-05-02,9.3380003,9.3380003,9.3380003,9.3380003
1989-05-03,9.23200035,9.23200035,9.23200035,9.23200035
1989-05-04,9.21399975,9.21399975,9.21399975,9.21399975
1989-05-05,9.21399975,9.21399975,9.21399975,9.21399975
1989-05-09,9.08899975,9.08899975,9.08899975,9.08899975
1989-05-10,9.22099972,9.22099972,9.22099972,9.22099972
1989-05-11,9.25599957,9.25599957,9.25599957,9.25599957
1989-05-12,9.13199997,9.13199997,9.13199997,9.13199997
1989-05-16,8.92599964,8.92599964,8.92599964,8.92599964
1989-05-17,8.95199966,8.95199966,8.95199966,8.95199966
1989-05-18,8.95199966,8.95199966,8.95199966,8.95199966
1989-05-19,8.98700047,8.98700047,8.98700047,8.98700047
1989-05-23,8.85000038,8.85000038,8.85000038,8.85000038
1989-05-24,8.8409996,8.8409996,8.8409996,8.8409996
1989-05-25,8.86699963,8.86699963,8.86699963,8.86699963
1989-05-26,9.01799965,9.01799965,9.01799965,9.01799965
1989-05-31,8.91699982,8.91699982,8.91699982,8.91699982
1989-06-01,8.81099987,8.81099987,8.81099987,8.81099987
1989-06-02,8.81900024,8.81900024,8.81900024,8.81900024
1989-06-06,8.4090004,8.4090004,8.4090004,8.4090004
1989-06-07,8.42500019,8.42500019,8.42500019,8.42500019
1989-06-08,8.34599972,8.34599972,8.34599972,8.34599972
1989-06-09,8.32800007,8.32800007,8.32800007,8.32800007
1989-06-13,8.28100014,8.28100014,8.28100014,8.28100014
1989-06-14,8.4119997,8.4119997,8.4119997,8.4119997
1989-06-15,8.35000038,8.35000038,8.35000038,8.35000038
1989-06-16,8.47200012,8.47200012,8.47200012,8.47200012
1989-06-20,8.53199959,8.53199959,8.53199959,8.53199959
1989-06-21,8.48700047,8.48700047,8.48700047,8.48700047
1989-06-22,8.56599998,8.56599998,8.56599998,8.56599998
1989-06-23,8.56599998,8.56599998,8.56599998,8.56599998
1989-06-27,8.36800003,8.36800003,8.36800003,8.36800003
1989-06-28,8.2329998,8.2329998,8.2329998,8.2329998
1989-06-29,8.27600002,8.27600002,8.27600002,8.27600002
1989-06-30,8.13799953,8.13799953,8.13799953,8.13799953
1989-07-04,8.00599957,8.00599957,8.00599957,8.00599957
1989-07-06,7.98000002,7.98000002,7.98000002,7.98000002
1989-07-07,7.91900015,7.91900015,7.91900015,7.91900015
1989-07-11,7.8210001,7.8210001,7.8210001,7.8210001
1989-07-12,7.80299997,7.80299997,7.80299997,7.80299997
1989-07-13,7.74100018,7.74100018,7.74100018,7.74100018
1989-07-14,7.7750001,7.7750001,7.7750001,7.7750001
1989-07-18,7.83300018,7.83300018,7.83300018,7.83300018
1989-07-19,7.95499992,7.95499992,7.95499992,7.95499992
1989-07-20,7.88399982,7.88399982,7.88399982,7.88399982
1989-07-21,7.8039999,7.8039999,7.8039999,7.8039999
1989-07-25,7.92500019,7.92500019,7.92500019,7.92500019
1989-07-26,7.82700014,7.82700014,7.82700014,7.82700014
1989-07-27,7.75,7.75,7.75,7.75
1989-07-28,7.6500001,7.6500001,7.6500001,7.6500001
1989-08-01,7.53599977,7.53599977,7.53599977,7.53599977
1989-08-02,7.4749999,7.4749999,7.4749999,7.4749999
1989-08-03,7.52600002,7.52600002,7.52600002,7.52600002
1989-08-08,8.00899982,8.00899982,8.00899982,8.00899982
1989-08-09,7.97399998,7.97399998,7.97399998,7.97399998
1989-08-10,7.9920001,7.9920001,7.9920001,7.9920001
1989-08-11,7.9920001,7.9920001,7.9920001,7.9920001
1989-08-15,8.29300022,8.29300022,8.29300022,8.29300022
1989-08-16,8.29300022,8.29300022,8.29300022,8.29300022
1989-08-17,8.16899967,8.16899967,8.16899967,8.16899967
1989-08-18,8.24100018,8.24100018,8.24100018,8.24100018
1989-08-22,8.31400013,8.31400013,8.31400013,8.31400013
1989-08-23,8.40600014,8.40600014,8.40600014,8.40600014
1989-08-24,8.37100029,8.37100029,8.37100029,8.37100029
1989-08-25,8.31900024,8.31900024,8.31900024,8.31900024
1989-08-29,8.42300034,8.42300034,8.42300034,8.42300034
1989-08-30,8.43200016,8.43200016,8.43200016,8.43200016
1989-08-31,8.40600014,8.40600014,8.40600014,8.40600014
1989-09-01,8.40600014,8.40600014,8.40600014,8.40600014
1989-09-06,8.37100029,8.37100029,8.37100029,8.37100029
1989-09-07,8.36999989,8.36999989,8.36999989,8.36999989
1989-09-08,8.31799984,8.31799984,8.31799984,8.31799984
1989-09-12,8.19499969,8.19499969,8.19499969,8.19499969
1989-09-13,8.17700005,8.17700005,8.17700005,8.17700005
1989-09-14,8.19400024,8.19400024,8.19400024,8.19400024
1989-09-15,8.0880003,8.0880003,8.0880003,8.0880003
1989-09-19,8.12199974,8.12199974,8.12199974,8.12199974
1989-09-20,8.13899994,8.13899994,8.13899994,8.13899994
1989-09-21,8.26299953,8.26299953,8.26299953,8.26299953
1989-09-22,8.31599998,8.31599998,8.31599998,8.31599998
1989-09-26,8.44099998,8.44099998,8.44099998,8.44099998
1989-09-27,8.44099998,8.44099998,8.44099998,8.44099998
1989-09-28,8.44099998,8.44099998,8.44099998,8.44099998
1989-09-29,8.40999985,8.40999985,8.40999985,8.40999985
1989-10-03,8.46199989,8.46199989,8.46199989,8.46199989
1989-10-04,8.40999985,8.40999985,8.40999985,8.40999985
1989-10-05,8.375,8.375,8.375,8.375
1989-10-06,8.32199955,8.32199955,8.32199955,8.32199955
1989-10-12,8.07600021,8.07600021,8.07600021,8.07600021
1989-10-13,7.98799992,7.98799992,7.98799992,7.98799992
1989-10-17,7.84499979,7.84499979,7.84499979,7.84499979
1989-10-18,7.84399986,7.84399986,7.84399986,7.84399986
1989-10-19,7.82600021,7.82600021,7.82600021,7.82600021
1989-10-20,7.87699986,7.87699986,7.87699986,7.87699986
1989-10-24,7.87400007,7.87400007,7.87400007,7.87400007
1989-10-25,7.66499996,7.66499996,7.66499996,7.66499996
1989-10-26,7.74499989,7.74499989,7.74499989,7.74499989
1989-10-27,7.78000021,7.78000021,7.78000021,7.78000021
1989-10-31,7.84800005,7.84800005,7.84800005,7.84800005
1989-11-01,7.86600018,7.86600018,7.86600018,7.86600018
1989-11-02,7.84899998,7.84899998,7.84899998,7.84899998
1989-11-03,7.81400013,7.81400013,7.81400013,7.81400013
1989-11-07,8.04100037,8.04100037,8.04100037,8.04100037
1989-11-08,7.86600018,7.86600018,7.86600018,7.86600018
1989-11-09,7.76200008,7.76200008,7.76200008,7.76200008
1989-11-10,7.79699993,7.79699993,7.79699993,7.79699993
1989-11-14,7.80600023,7.80600023,7.80600023,7.80600023
1989-11-15,7.74499989,7.74499989,7.74499989,7.74499989
1989-11-16,7.69199991,7.69199991,7.69199991,7.69199991
1989-11-17,7.70900011,7.70900011,7.70900011,7.70900011
1989-11-21,7.76200008,7.76200008,7.76200008,7.76200008
1989-11-22,7.77099991,7.77099991,7.77099991,7.77099991
1989-11-23,7.65600014,7.65600014,7.65600014,7.65600014
1989-11-28,7.78000021,7.78000021,7.78000021,7.78000021
1989-12-05,7.71400023,7.71400023,7.71400023,7.71400023
1989-12-06,7.71400023,7.71400023,7.71400023,7.71400023
1989-12-07,7.80100012,7.80100012,7.80100012,7.80100012
1989-12-08,7.85300016,7.85300016,7.85300016,7.85300016
1989-12-12,7.80000019,7.80000019,7.80000019,7.80000019
1989-12-13,7.80000019,7.80000019,7.80000019,7.80000019
1989-12-14,7.80000019,7.80000019,7.80000019,7.80000019
1989-12-15,7.74700022,7.74700022,7.74700022,7.74700022
1989-12-19,7.74599981,7.74599981,7.74599981,7.74599981
1989-12-20,7.67700005,7.67700005,7.67700005,7.67700005
1989-12-21,7.65100002,7.65100002,7.65100002,7.65100002
1989-12-22,7.67700005,7.67700005,7.67700005,7.67700005
1989-12-27,7.8670001,7.8670001,7.8670001,7.8670001
1989-12-28,7.91900015,7.91900015,7.91900015,7.91900015
1990-01-09,7.91099977,7.91099977,7.91099977,7.91099977
1990-01-10,7.91099977,7.91099977,7.91099977,7.91099977
1990-01-11,7.89400005,7.89400005,7.89400005,7.89400005
1990-01-12,7.9380002,7.9380002,7.9380002,7.9380002
1990-01-17,8.10700035,8.10700035,8.10700035,8.10700035
1990-01-18,8.07199955,8.07199955,8.07199955,8.07199955
1990-01-19,8.25,8.25,8.25,8.25
1990-01-23,8.15400028,8.15400028,8.15400028,8.15400028
1990-01-24,8.23499966,8.23499966,8.23499966,8.23499966
1990-01-25,8.22000027,8.22000027,8.22000027,8.22000027
1990-01-26,8.25500011,8.25500011,8.25500011,8.25500011
1990-01-30,8.31499958,8.31499958,8.31499958,8.31499958
1990-01-31,8.29800034,8.29800034,8.29800034,8.29800034
1990-02-01,8.27200031,8.27200031,8.27200031,8.27200031
1990-02-02,8.28899956,8.28899956,8.28899956,8.28899956
1990-02-06,8.3760004,8.3760004,8.3760004,8.3760004
1990-02-08,8.39400005,8.39400005,8.39400005,8.39400005
1990-02-09,8.39400005,8.39400005,8.39400005,8.39400005
1990-02-13,8.30599976,8.30599976,8.30599976,8.30599976
1990-02-14,8.21000004,8.21000004,8.21000004,8.21000004
1990-02-15,8.27999973,8.27999973,8.27999973,8.27999973
1990-02-16,8.34200001,8.34200001,8.34200001,8.34200001
1990-02-21,8.52099991,8.52099991,8.52099991,8.52099991
1990-02-22,8.50899982,8.50899982,8.50899982,8.50899982
1990-02-23,8.44799995,8.44799995,8.44799995,8.44799995
1990-02-27,8.37899971,8.37899971,8.37899971,8.37899971
1990-02-28,8.34399986,8.34399986,8.34399986,8.34399986
1990-03-01,8.43000031,8.43000031,8.43000031,8.43000031
1990-03-06,8.57699966,8.57699966,8.57699966,8.57699966
1990-03-07,8.57699966,8.57699966,8.57699966,8.57699966
1990-03-08,8.55099964,8.55099964,8.55099964,8.55099964
1990-03-09,8.60299969,8.60299969,8.60299969,8.60299969
1990-03-13,8.70800018,8.70800018,8.70800018,8.70800018
1990-03-14,8.70899963,8.70899963,8.70899963,8.70899963
1990-03-15,8.76200008,8.76200008,8.76200008,8.76200008
1990-03-16,8.68200016,8.68200016,8.68200016,8.68200016
1990-03-21,8.66399956,8.66399956,8.66399956,8.66399956
1990-03-22,8.70899963,8.70899963,8.70899963,8.70899963
1990-03-23,8.60200024,8.60200024,8.60200024,8.60200024
1990-03-27,8.61900043,8.61900043,8.61900043,8.61900043
1990-04-06,8.56099987,8.56099987,8.56099987,8.56099987
1990-04-10,8.54199982,8.54199982,8.54199982,8.54199982
1990-04-11,8.56000042,8.56000042,8.56000042,8.56000042
1990-04-12,8.56799984,8.56799984,8.56799984,8.56799984
1990-04-13,8.55099964,8.55099964,8.55099964,8.55099964
1990-04-17,8.63899994,8.63899994,8.63899994,8.63899994
1990-04-18,8.68299961,8.68299961,8.68299961,8.68299961
1990-04-19,8.68299961,8.68299961,8.68299961,8.68299961
1990-04-20,8.79899979,8.79899979,8.79899979,8.79899979
1990-04-24,8.86299992,8.86299992,8.86299992,8.86299992
1990-04-27,9.03199959,9.03199959,9.03199959,9.03199959
1990-05-02,9.03199959,9.03199959,9.03199959,9.03199959
1990-05-03,9.03199959,9.03199959,9.03199959,9.03199959
1990-05-04,8.95300007,8.95300007,8.95300007,8.95300007
1990-05-08,8.7329998,8.7329998,8.7329998,8.7329998
1990-05-09,8.73200035,8.73200035,8.73200035,8.73200035
1990-05-10,8.70499992,8.70499992,8.70499992,8.70499992
1990-05-11,8.73099995,8.73099995,8.73099995,8.73099995
1990-05-15,8.51799965,8.51799965,8.51799965,8.51799965
1990-05-16,8.54399967,8.54399967,8.54399967,8.54399967
1990-05-17,8.54300022,8.54300022,8.54300022,8.54300022
1990-05-18,8.58699989,8.58699989,8.58699989,8.58699989
1990-05-22,8.60200024,8.60200024,8.60200024,8.60200024
1990-05-23,8.58399963,8.58399963,8.58399963,8.58399963
1990-05-24,8.48499966,8.48499966,8.48499966,8.48499966
1990-05-25,8.52000046,8.52000046,8.52000046,8.52000046
1990-05-30,8.4989996,8.4989996,8.4989996,8.4989996
1990-05-31,8.5,8.5,8.5,8.5
1990-06-01,8.47999954,8.47999954,8.47999954,8.47999954
1990-06-05,8.31499958,8.31499958,8.31499958,8.31499958
1990-06-06,8.33199978,8.33199978,8.33199978,8.33199978
1990-06-07,8.69900036,8.69900036,8.69900036,8.69900036
1990-06-08,8.69400024,8.69400024,8.69400024,8.69400024
1990-06-12,8.3579998,8.3579998,8.3579998,8.3579998
1990-06-13,8.3579998,8.3579998,8.3579998,8.3579998
1990-06-14,8.26099968,8.26099968,8.26099968,8.26099968
1990-06-15,8.23499966,8.23499966,8.23499966,8.23499966
1990-06-19,8.36600018,8.36600018,8.36600018,8.36600018
1990-06-20,8.375,8.375,8.375,8.375
1990-06-21,8.41100025,8.41100025,8.41100025,8.41100025
1990-06-22,8.41899967,8.41899967,8.41899967,8.41899967
1990-06-26,8.44400024,8.44400024,8.44400024,8.44400024
1990-06-28,8.3579998,8.3579998,8.3579998,8.3579998
1990-06-29,8.3579998,8.3579998,8.3579998,8.3579998
1990-07-03,8.23700047,8.23700047,8.23700047,8.23700047
1990-07-04,8.19200039,8.19200039,8.19200039,8.19200039
1990-07-06,8.22700024,8.22700024,8.22700024,8.22700024
1990-07-10,8.39099979,8.39099979,8.39099979,8.39099979
1990-07-11,8.40799999,8.40799999,8.40799999,8.40799999
1990-07-12,8.39900017,8.39900017,8.39900017,8.39900017
1990-07-13,8.39900017,8.39900017,8.39900017,8.39900017
1990-07-24,8.08600044,8.08600044,8.08600044,8.08600044
1990-07-25,8.12100029,8.12100029,8.12100029,8.12100029
1990-08-07,7.88600016,7.88600016,7.88600016,7.88600016
1990-08-08,7.97200012,7.97200012,7.97200012,7.97200012
1990-08-09,7.99800014,7.99800014,7.99800014,7.99800014
1990-08-10,7.97200012,7.97200012,7.97200012,7.97200012
1990-08-15,7.94399977,7.94399977,7.94399977,7.94399977
1990-08-16,7.94399977,7.94399977,7.94399977,7.94399977
1990-08-17,8.11100006,8.11100006,8.11100006,8.11100006
1990-08-21,8.16399956,8.16399956,8.16399956,8.16399956
1990-08-22,8.18200016,8.18200016,8.18200016,8.18200016
1990-08-23,8.26200008,8.26200008,8.26200008,8.26200008
1990-08-24,8.26200008,8.26200008,8.26200008,8.26200008
1990-08-28,8.19099998,8.19099998,8.19099998,8.19099998
1990-10-05,7.85599995,7.85599995,7.85599995,7.85599995
1990-10-10,7.91400003,7.91400003,7.91400003,7.91400003
1990-10-11,8.0010004,8.0010004,8.0010004,8.0010004
1990-10-12,7.9920001,7.9920001,7.9920001,7.9920001
1990-10-16,7.91099977,7.91099977,7.91099977,7.91099977
1990-10-17,7.90199995,7.90199995,7.90199995,7.90199995
1990-10-18,7.91900015,7.91900015,7.91900015,7.91900015
1990-10-19,7.91900015,7.91900015,7.91900015,7.91900015
1990-10-23,7.91699982,7.91699982,7.91699982,7.91699982
1990-10-24,7.91599989,7.91599989,7.91599989,7.91599989
1990-10-25,7.82700014,7.82700014,7.82700014,7.82700014
1990-10-26,7.79099989,7.79099989,7.79099989,7.79099989
1990-10-30,7.80700016,7.80700016,7.80700016,7.80700016
1990-11-02,7.66400003,7.66400003,7.66400003,7.66400003
1990-11-06,7.63600016,7.63600016,7.63600016,7.63600016
1990-11-08,7.66200018,7.66200018,7.66200018,7.66200018
1990-11-09,7.67000008,7.67000008,7.67000008,7.67000008
1990-11-14,7.59000015,7.59000015,7.59000015,7.59000015
1990-11-15,7.58099985,7.58099985,7.58099985,7.58099985
1990-11-16,7.60699987,7.60699987,7.60699987,7.60699987
1990-11-20,7.63199997,7.63199997,7.63199997,7.63199997
1990-11-21,7.62300014,7.62300014,7.62300014,7.62300014
1990-11-27,7.55000019,7.55000019,7.55000019,7.55000019
1990-12-05,7.46899986,7.46899986,7.46899986,7.46899986
1990-12-06,7.46899986,7.46899986,7.46899986,7.46899986
1990-12-07,7.49499989,7.49499989,7.49499989,7.49499989
1990-12-11,7.27799988,7.27799988,7.27799988,7.27799988
1990-12-12,7.24300003,7.24300003,7.24300003,7.24300003
1990-12-13,7.21700001,7.21700001,7.21700001,7.21700001
1990-12-14,7.28599977,7.28599977,7.28599977,7.28599977
1990-12-18,7.30200005,7.30200005,7.30200005,7.30200005
1990-12-19,7.14499998,7.14499998,7.14499998,7.14499998
1990-12-20,7.21400023,7.21400023,7.21400023,7.21400023
1990-12-21,7.25699997,7.25699997,7.25699997,7.25699997
1990-12-25,7.34399986,7.34399986,7.34399986,7.34399986
1991-01-01,7.15600014,7.15600014,7.15600014,7.15600014
1991-01-03,7.08699989,7.08699989,7.08699989,7.08699989
1991-01-04,7.08699989,7.08699989,7.08699989,7.08699989
1991-01-08,7.20499992,7.20499992,7.20499992,7.20499992
1991-01-09,7.14499998,7.14499998,7.14499998,7.14499998
1991-01-10,7.16200018,7.16200018,7.16200018,7.16200018
1991-01-11,7.11800003,7.11800003,7.11800003,7.11800003
1991-01-14,7.13399982,7.13399982,7.13399982,7.13399982
1991-01-16,7.15100002,7.15100002,7.15100002,7.15100002
1991-01-17,7.19500017,7.19500017,7.19500017,7.19500017
1991-01-18,7.16800022,7.16800022,7.16800022,7.16800022
1991-01-25,7.04300022,7.04300022,7.04300022,7.04300022
1991-01-29,7.11899996,7.11899996,7.11899996,7.11899996
1991-01-30,7.08699989,7.08699989,7.08699989,7.08699989
1991-01-31,7.07700014,7.07700014,7.07700014,7.07700014
1991-02-01,7.05900002,7.05900002,7.05900002,7.05900002
1991-02-05,6.81099987,6.81099987,6.81099987,6.81099987
1991-02-06,6.81099987,6.81099987,6.81099987,6.81099987
1991-02-07,6.80200005,6.80200005,6.80200005,6.80200005
1991-02-08,6.80999994,6.80999994,6.80999994,6.80999994
1991-02-12,6.77400017,6.77400017,6.77400017,6.77400017
1991-02-13,6.76499987,6.76499987,6.76499987,6.76499987
1991-02-14,6.76399994,6.76399994,6.76399994,6.76399994
1991-02-15,6.76399994,6.76399994,6.76399994,6.76399994
1991-02-20,6.875,6.875,6.875,6.875
1991-02-21,6.86999989,6.86999989,6.86999989,6.86999989
1991-02-22,6.9369998,6.9369998,6.9369998,6.9369998
1991-02-26,6.97100019,6.97100019,6.97100019,6.97100019
1991-02-27,7.00500011,7.00500011,7.00500011,7.00500011
1991-02-28,7.00500011,7.00500011,7.00500011,7.00500011
1991-03-01,7.07399988,7.07399988,7.07399988,7.07399988
1991-03-05,7.16099977,7.16099977,7.16099977,7.16099977
1991-03-06,7.11000013,7.11000013,7.11000013,7.11000013
1991-03-07,7.16200018,7.16200018,7.16200018,7.16200018
1991-03-08,7.11000013,7.11000013,7.11000013,7.11000013
1991-03-12,7.03299999,7.03299999,7.03299999,7.03299999
1991-03-13,7.07700014,7.07700014,7.07700014,7.07700014
1991-03-14,6.96400023,6.96400023,6.96400023,6.96400023
1991-03-15,6.95599985,6.95599985,6.95599985,6.95599985
1991-03-20,7.21099997,7.21099997,7.21099997,7.21099997
1991-03-21,7.15799999,7.15799999,7.15799999,7.15799999
1991-03-22,7.12300014,7.12300014,7.12300014,7.12300014
1991-03-26,7.13399982,7.13399982,7.13399982,7.13399982
1991-03-27,7.1500001,7.1500001,7.1500001,7.1500001
1991-03-28,7.07399988,7.07399988,7.07399988,7.07399988
1991-03-29,7.02299976,7.02299976,7.02299976,7.02299976
1991-04-02,7.00600004,7.00600004,7.00600004,7.00600004
1991-04-03,6.97100019,6.97100019,6.97100019,6.97100019
1991-04-04,6.98799992,6.98799992,6.98799992,6.98799992
1991-04-05,6.95300007,6.95300007,6.95300007,6.95300007
1991-04-09,6.9000001,6.9000001,6.9000001,6.9000001
1991-04-10,6.93400002,6.93400002,6.93400002,6.93400002
1991-04-11,6.98500013,6.98500013,6.98500013,6.98500013
1991-04-12,6.89900017,6.89900017,6.89900017,6.89900017
1991-04-16,6.87099981,6.87099981,6.87099981,6.87099981
1991-04-17,6.87900019,6.87900019,6.87900019,6.87900019
1991-04-18,6.87900019,6.87900019,6.87900019,6.87900019
1991-04-19,6.97399998,6.97399998,6.97399998,6.97399998
1991-04-23,7.05100012,7.05100012,7.05100012,7.05100012
1991-04-24,7.0250001,7.0250001,7.0250001,7.0250001
1991-04-25,7,7,7,7
1991-04-26,6.91499996,6.91499996,6.91499996,6.91499996
1991-04-30,6.88100004,6.88100004,6.88100004,6.88100004
1991-05-01,6.796,6.796,6.796,6.796
1991-05-02,6.8119998,6.8119998,6.8119998,6.8119998
1991-05-03,6.76100016,6.76100016,6.76100016,6.76100016
1991-05-07,6.80999994,6.80999994,6.80999994,6.80999994
1991-05-08,6.82700014,6.82700014,6.82700014,6.82700014
1991-05-09,6.82200003,6.82200003,6.82200003,6.82200003
1991-05-10,6.82600021,6.82600021,6.82600021,6.82600021
1991-05-14,6.829,6.829,6.829,6.829
1991-05-15,6.82399988,6.82399988,6.82399988,6.82399988
1991-05-16,6.82399988,6.82399988,6.82399988,6.82399988
1991-05-17,6.83199978,6.83199978,6.83199978,6.83199978
1991-05-21,6.82200003,6.82200003,6.82200003,6.82200003
1991-05-22,6.81799984,6.81799984,6.81799984,6.81799984
1991-05-23,6.77400017,6.77400017,6.77400017,6.77400017
1991-05-24,6.75,6.75,6.75,6.75
1991-05-28,6.68200016,6.68200016,6.68200016,6.68200016
1991-05-29,6.64799976,6.64799976,6.64799976,6.64799976
1991-05-30,6.61000013,6.61000013,6.61000013,6.61000013
1991-05-31,6.61399984,6.61399984,6.61399984,6.61399984
1991-06-04,6.74900007,6.74900007,6.74900007,6.74900007
1991-06-05,6.7750001,6.7750001,6.7750001,6.7750001
1991-06-06,6.81699991,6.81699991,6.81699991,6.81699991
1991-06-07,6.86899996,6.86899996,6.86899996,6.86899996
1991-06-11,6.97200012,6.97200012,6.97200012,6.97200012
1991-06-12,6.98999977,6.98999977,6.98999977,6.98999977
1991-06-13,7.05499983,7.05499983,7.05499983,7.05499983
1991-06-14,7.04199982,7.04199982,7.04199982,7.04199982
1991-06-18,7.0079999,7.0079999,7.0079999,7.0079999
1991-06-19,6.97399998,6.97399998,6.97399998,6.97399998
1991-06-20,6.88600016,6.88600016,6.88600016,6.88600016
1991-06-21,6.83400011,6.83400011,6.83400011,6.83400011
1991-06-25,6.90399981,6.90399981,6.90399981,6.90399981
1991-06-26,7.05999994,7.05999994,7.05999994,7.05999994
1991-06-27,7.0170002,7.0170002,7.0170002,7.0170002
1991-06-28,6.9749999,6.9749999,6.9749999,6.9749999
1991-07-02,6.95300007,6.95300007,6.95300007,6.95300007
1991-07-03,6.9829998,6.9829998,6.9829998,6.9829998
1991-07-04,6.96500015,6.96500015,6.96500015,6.96500015
1991-07-05,6.97300005,6.97300005,6.97300005,6.97300005
1991-07-09,6.96400023,6.96400023,6.96400023,6.96400023
1991-07-10,6.97300005,6.97300005,6.97300005,6.97300005
1991-07-11,6.92999983,6.92999983,6.92999983,6.92999983
1991-07-12,6.89499998,6.89499998,6.89499998,6.89499998
1991-07-16,6.85900021,6.85900021,6.85900021,6.85900021
1991-07-17,6.87599993,6.87599993,6.87599993,6.87599993
1991-07-18,6.90999985,6.90999985,6.90999985,6.90999985
1991-07-19,6.84899998,6.84899998,6.84899998,6.84899998
1991-07-23,6.86499977,6.86499977,6.86499977,6.86499977
1991-07-24,6.92999983,6.92999983,6.92999983,6.92999983
1991-07-25,6.8920002,6.8920002,6.8920002,6.8920002
1991-07-26,6.8829999,6.8829999,6.8829999,6.8829999
1991-07-30,6.82399988,6.82399988,6.82399988,6.82399988
1991-07-31,6.82399988,6.82399988,6.82399988,6.82399988
1991-08-01,6.78999996,6.78999996,6.78999996,6.78999996
1991-08-02,6.81500006,6.81500006,6.81500006,6.81500006
1991-08-06,6.66900015,6.66900015,6.66900015,6.66900015
1991-08-07,6.56599998,6.56599998,6.56599998,6.56599998
1991-08-08,6.53200006,6.53200006,6.53200006,6.53200006
1991-08-09,6.49700022,6.49700022,6.49700022,6.49700022
1991-08-13,6.46000004,6.46000004,6.46000004,6.46000004
1991-08-14,6.46000004,6.46000004,6.46000004,6.46000004
1991-08-15,6.34800005,6.34800005,6.34800005,6.34800005
1991-08-16,6.27899981,6.27899981,6.27899981,6.27899981
1991-08-20,6.18499994,6.18499994,6.18499994,6.18499994
1991-08-21,6.13700008,6.13700008,6.13700008,6.13700008
1991-08-22,6.23000002,6.23000002,6.23000002,6.23000002
1991-08-23,6.24599981,6.24599981,6.24599981,6.24599981
1991-08-27,6.43400002,6.43400002,6.43400002,6.43400002
1991-08-29,6.30800009,6.30800009,6.30800009,6.30800009
1991-08-30,6.25699997,6.25699997,6.25699997,6.25699997
1991-09-03,6.3579998,6.3579998,6.3579998,6.3579998
1991-09-04,6.32399988,6.32399988,6.32399988,6.32399988
1991-09-05,6.28999996,6.28999996,6.28999996,6.28999996
1991-09-06,6.30700016,6.30700016,6.30700016,6.30700016
1991-09-10,6.204,6.204,6.204,6.204
1991-09-11,6.20300007,6.20300007,6.20300007,6.20300007
1991-09-12,6.21999979,6.21999979,6.21999979,6.21999979
1991-09-13,6.13399982,6.13399982,6.13399982,6.13399982
1991-09-17,6.1500001,6.1500001,6.1500001,6.1500001
1991-09-18,6.16599989,6.16599989,6.16599989,6.16599989
1991-09-19,6.16599989,6.16599989,6.16599989,6.16599989
1991-09-20,6.18300009,6.18300009,6.18300009,6.18300009
1991-09-24,6.14699984,6.14699984,6.14699984,6.14699984
1991-09-26,6.1420002,6.1420002,6.1420002,6.1420002
1991-09-27,6.04099989,6.04099989,6.04099989,6.04099989
1991-10-01,5.97300005,5.97300005,5.97300005,5.97300005
1991-10-02,5.95599985,5.95599985,5.95599985,5.95599985
1991-10-03,5.98999977,5.98999977,5.98999977,5.98999977
1991-10-04,5.95599985,5.95599985,5.95599985,5.95599985
1991-10-08,5.90299988,5.90299988,5.90299988,5.90299988
1991-10-09,5.89499998,5.89499998,5.89499998,5.89499998
1991-10-10,5.92000008,5.92000008,5.92000008,5.92000008
1991-10-11,5.96999979,5.96999979,5.96999979,5.96999979
1991-10-15,5.8829999,5.8829999,5.8829999,5.8829999
1991-10-16,5.82299995,5.82299995,5.82299995,5.82299995
1991-10-17,5.84800005,5.84800005,5.84800005,5.84800005
1991-10-18,5.93400002,5.93400002,5.93400002,5.93400002
1991-10-22,5.96700001,5.96700001,5.96700001,5.96700001
1991-10-23,6.00099993,6.00099993,6.00099993,6.00099993
1991-10-25,5.93300009,5.93300009,5.93300009,5.93300009
1991-10-29,5.89900017,5.89900017,5.89900017,5.89900017
1991-10-30,5.77400017,5.77400017,5.77400017,5.77400017
1991-10-31,5.71500015,5.71500015,5.71500015,5.71500015
1991-11-01,5.68100023,5.68100023,5.68100023,5.68100023
1991-11-05,5.64599991,5.64599991,5.64599991,5.64599991
1991-11-06,5.65299988,5.65299988,5.65299988,5.65299988
1991-11-07,5.61100006,5.61100006,5.61100006,5.61100006
1991-11-08,5.60200024,5.60200024,5.60200024,5.60200024
1991-11-13,5.62400007,5.62400007,5.62400007,5.62400007
1991-11-14,5.64499998,5.64499998,5.64499998,5.64499998
1991-11-15,5.58900023,5.58900023,5.58900023,5.58900023
1991-11-19,5.50099993,5.50099993,5.50099993,5.50099993
1991-11-20,5.4829998,5.4829998,5.4829998,5.4829998
1991-11-21,5.49900007,5.49900007,5.49900007,5.49900007
1991-11-22,5.46400023,5.46400023,5.46400023,5.46400023
1991-11-26,5.51000023,5.51000023,5.51000023,5.51000023
1991-11-27,5.44999981,5.44999981,5.44999981,5.44999981
1991-11-28,5.43300009,5.43300009,5.43300009,5.43300009
1991-12-03,5.33300018,5.33300018,5.33300018,5.33300018
1991-12-04,5.28200006,5.28200006,5.28200006,5.28200006
1991-12-05,5.19799995,5.19799995,5.19799995,5.19799995
1991-12-06,5.23099995,5.23099995,5.23099995,5.23099995
1991-12-10,5.04899979,5.04899979,5.04899979,5.04899979
1991-12-11,5.06099987,5.06099987,5.06099987,5.06099987
1991-12-12,5.02699995,5.02699995,5.02699995,5.02699995
1991-12-13,5.04300022,5.04300022,5.04300022,5.04300022
1991-12-17,5.03999996,5.03999996,5.03999996,5.03999996
1991-12-18,5.00500011,5.00500011,5.00500011,5.00500011
1991-12-19,5.11999989,5.11999989,5.11999989,5.11999989
1991-12-20,5.05000019,5.05000019,5.05000019,5.05000019
1991-12-24,4.80100012,4.80100012,4.80100012,4.80100012
1991-12-25,4.85900021,4.85900021,4.85900021,4.85900021
1991-12-27,4.83400011,4.83400011,4.83400011,4.83400011
1991-12-31,4.76800013,4.76800013,4.76800013,4.76800013
1992-01-01,4.75099993,4.75099993,4.75099993,4.75099993
1992-01-03,4.75,4.75,4.75,4.75
1992-01-07,4.73199987,4.73199987,4.73199987,4.73199987
1992-01-08,4.65700006,4.65700006,4.65700006,4.65700006
1992-01-09,4.62699986,4.62699986,4.62699986,4.62699986
1992-01-10,4.64699984,4.64699984,4.64699984,4.64699984
1992-01-14,4.91400003,4.91400003,4.91400003,4.91400003
1992-01-15,4.93100023,4.93100023,4.93100023,4.93100023
1992-01-16,5.05000019,5.05000019,5.05000019,5.05000019
1992-01-17,5.03299999,5.03299999,5.03299999,5.03299999
1992-01-21,4.96799994,4.96799994,4.96799994,4.96799994
1992-01-22,4.92999983,4.92999983,4.92999983,4.92999983
1992-01-24,5.05800009,5.05800009,5.05800009,5.05800009
1992-01-28,5.15799999,5.15799999,5.15799999,5.15799999
1992-01-29,5.01599979,5.01599979,5.01599979,5.01599979
1992-01-30,5.01599979,5.01599979,5.01599979,5.01599979
1992-01-31,5.17500019,5.17500019,5.17500019,5.17500019
1992-02-04,5.13399982,5.13399982,5.13399982,5.13399982
1992-02-05,5.09600019,5.09600019,5.09600019,5.09600019
1992-02-06,5.04199982,5.04199982,5.04199982,5.04199982
1992-02-07,5.04199982,5.04199982,5.04199982,5.04199982
1992-02-11,4.91200018,4.91200018,4.91200018,4.91200018
1992-02-12,4.9920001,4.9920001,4.9920001,4.9920001
1992-02-13,5.05100012,5.05100012,5.05100012,5.05100012
1992-02-14,5.1960001,5.1960001,5.1960001,5.1960001
1992-02-18,5.2579999,5.2579999,5.2579999,5.2579999
1992-02-19,5.22800016,5.22800016,5.22800016,5.22800016
1992-02-20,5.2329998,5.2329998,5.2329998,5.2329998
1992-02-21,5.2329998,5.2329998,5.2329998,5.2329998
1992-02-25,5.42500019,5.42500019,5.42500019,5.42500019
1992-02-26,5.4000001,5.4000001,5.4000001,5.4000001
1992-02-27,5.36299992,5.36299992,5.36299992,5.36299992
1992-02-28,5.33300018,5.33300018,5.33300018,5.33300018
1992-03-03,5.3920002,5.3920002,5.3920002,5.3920002
1992-03-04,5.44199991,5.44199991,5.44199991,5.44199991
1992-03-05,5.45900011,5.45900011,5.45900011,5.45900011
1992-03-06,5.61100006,5.61100006,5.61100006,5.61100006
1992-03-10,5.51399994,5.51399994,5.51399994,5.51399994
1992-03-11,5.56099987,5.56099987,5.56099987,5.56099987
1992-03-12,5.56099987,5.56099987,5.56099987,5.56099987
1992-03-13,5.70599985,5.70599985,5.70599985,5.70599985
1992-03-17,5.83699989,5.83699989,5.83699989,5.83699989
1992-03-18,5.78599977,5.78599977,5.78599977,5.78599977
1992-03-19,5.80299997,5.80299997,5.80299997,5.80299997
1992-03-20,5.75199986,5.75199986,5.75199986,5.75199986
1992-03-24,5.82299995,5.82299995,5.82299995,5.82299995
1992-03-26,5.7329998,5.7329998,5.7329998,5.7329998
1992-03-27,5.71600008,5.71600008,5.71600008,5.71600008
1992-03-31,5.60400009,5.60400009,5.60400009,5.60400009
1992-04-01,5.59100008,5.59100008,5.59100008,5.59100008
1992-04-02,5.51100016,5.51100016,5.51100016,5.51100016
1992-04-03,5.48999977,5.48999977,5.48999977,5.48999977
1992-04-07,5.34499979,5.34499979,5.34499979,5.34499979
1992-04-08,5.27799988,5.27799988,5.27799988,5.27799988
1992-04-09,5.29400015,5.29400015,5.29400015,5.29400015
1992-04-10,5.07499981,5.07499981,5.07499981,5.07499981
1992-04-14,5.08799982,5.08799982,5.08799982,5.08799982
1992-04-16,5.1869998,5.1869998,5.1869998,5.1869998
1992-04-17,5.30499983,5.30499983,5.30499983,5.30499983
1992-04-21,5.38800001,5.38800001,5.38800001,5.38800001
1992-04-22,5.35699987,5.35699987,5.35699987,5.35699987
1992-04-23,5.42999983,5.42999983,5.42999983,5.42999983
1992-04-24,5.4000001,5.4000001,5.4000001,5.4000001
1992-04-28,5.40799999,5.40799999,5.40799999,5.40799999
1992-04-29,5.375,5.375,5.375,5.375
1992-04-30,5.3920002,5.3920002,5.3920002,5.3920002
1992-05-01,5.30800009,5.30800009,5.30800009,5.30800009
1992-05-05,5.29099989,5.29099989,5.29099989,5.29099989
1992-05-06,5.25699997,5.25699997,5.25699997,5.25699997
1992-05-07,5.22700024,5.22700024,5.22700024,5.22700024
1992-05-08,5.23500013,5.23500013,5.23500013,5.23500013
1992-05-12,5.20499992,5.20499992,5.20499992,5.20499992
1992-05-13,5.171,5.171,5.171,5.171
1992-05-14,5.10300016,5.10300016,5.10300016,5.10300016
1992-05-15,5.10200024,5.10200024,5.10200024,5.10200024
1992-05-19,5.06599998,5.06599998,5.06599998,5.06599998
1992-05-20,4.94700003,4.94700003,4.94700003,4.94700003
1992-05-21,5.13000011,5.13000011,5.13000011,5.13000011
1992-05-22,5.31699991,5.31699991,5.31699991,5.31699991
1992-05-26,5.25400019,5.25400019,5.25400019,5.25400019
1992-05-27,5.33799982,5.33799982,5.33799982,5.33799982
1992-05-28,5.25899982,5.25899982,5.25899982,5.25899982
1992-05-29,5.20800018,5.20800018,5.20800018,5.20800018
1992-06-02,5.25899982,5.25899982,5.25899982,5.25899982
1992-06-03,5.20900011,5.20900011,5.20900011,5.20900011
1992-06-04,5.19199991,5.19199991,5.19199991,5.19199991
1992-06-05,5.15799999,5.15799999,5.15799999,5.15799999
1992-06-09,5.06099987,5.06099987,5.06099987,5.06099987
1992-06-10,4.95599985,4.95599985,4.95599985,4.95599985
1992-06-11,5.08599997,5.08599997,5.08599997,5.08599997
1992-06-12,5.07299995,5.07299995,5.07299995,5.07299995
1992-06-16,4.86999989,4.86999989,4.86999989,4.86999989
1992-06-17,4.96700001,4.96700001,4.96700001,4.96700001
1992-06-18,4.9369998,4.9369998,4.9369998,4.9369998
1992-06-19,4.88500023,4.88500023,4.88500023,4.88500023
1992-06-23,4.96899986,4.96899986,4.96899986,4.96899986
1992-06-25,4.96700001,4.96700001,4.96700001,4.96700001
1992-06-26,4.89599991,4.89599991,4.89599991,4.89599991
1992-06-30,4.81400013,4.81400013,4.81400013,4.81400013
1992-07-01,4.81699991,4.81699991,4.81699991,4.81699991
1992-07-02,4.81699991,4.81699991,4.81699991,4.81699991
1992-07-07,4.44199991,4.44199991,4.44199991,4.44199991
1992-07-08,4.3499999,4.3499999,4.3499999,4.3499999
1992-07-09,4.36499977,4.36499977,4.36499977,4.36499977
1992-07-10,4.34800005,4.34800005,4.34800005,4.34800005
1992-07-14,4.36899996,4.36899996,4.36899996,4.36899996
1992-07-15,4.28100014,4.28100014,4.28100014,4.28100014
1992-07-16,4.20100021,4.20100021,4.20100021,4.20100021
1992-07-17,4.2249999,4.2249999,4.2249999,4.2249999
1992-07-21,4.25400019,4.25400019,4.25400019,4.25400019
1992-07-22,4.27799988,4.27799988,4.27799988,4.27799988
1992-07-23,4.22599983,4.22599983,4.22599983,4.22599983
1992-07-24,4.16599989,4.16599989,4.16599989,4.16599989
1992-07-28,4.23400021,4.23400021,4.23400021,4.23400021
1992-07-31,4.31599998,4.31599998,4.31599998,4.31599998
1992-08-04,4.39099979,4.39099979,4.39099979,4.39099979
1992-08-05,4.29899979,4.29899979,4.29899979,4.29899979
1992-08-06,4.2750001,4.2750001,4.2750001,4.2750001
1992-08-07,4.28299999,4.28299999,4.28299999,4.28299999
1992-08-11,4.09899998,4.09899998,4.09899998,4.09899998
1992-08-12,4.11199999,4.11199999,4.11199999,4.11199999
1992-08-13,4.14900017,4.14900017,4.14900017,4.14900017
1992-08-14,4.14900017,4.14900017,4.14900017,4.14900017
1992-08-18,4.07200003,4.07200003,4.07200003,4.07200003
1992-08-19,4.01300001,4.01300001,4.01300001,4.01300001
1992-08-20,4.01300001,4.01300001,4.01300001,4.01300001
1992-08-21,4.01300001,4.01300001,4.01300001,4.01300001
1992-08-25,4.21500015,4.21500015,4.21500015,4.21500015
1992-08-26,4.30000019,4.30000019,4.30000019,4.30000019
1992-08-27,4.26599979,4.26599979,4.26599979,4.26599979
1992-08-28,4.1880002,4.1880002,4.1880002,4.1880002
1992-09-01,4.13100004,4.13100004,4.13100004,4.13100004
1992-09-02,4.11000013,4.11000013,4.11000013,4.11000013
1992-09-03,4.08500004,4.08500004,4.08500004,4.08500004
1992-09-04,4.08500004,4.08500004,4.08500004,4.08500004
1992-09-08,3.83500004,3.83500004,3.83500004,3.83500004
1992-09-09,3.7980001,3.7980001,3.7980001,3.7980001
1992-09-10,3.83400011,3.83400011,3.83400011,3.83400011
1992-09-11,3.81699991,3.81699991,3.81699991,3.81699991
1992-09-15,3.77699995,3.77699995,3.77699995,3.77699995
1992-09-16,3.85599995,3.85599995,3.85599995,3.85599995
1992-09-17,3.79699993,3.79699993,3.79699993,3.79699993
1992-09-18,3.8210001,3.8210001,3.8210001,3.8210001
1992-09-22,3.87700009,3.87700009,3.87700009,3.87700009
1992-09-23,4,4,4,4
1992-09-24,3.98399997,3.98399997,3.98399997,3.98399997
1992-09-25,3.90199995,3.90199995,3.90199995,3.90199995
1992-09-29,3.77099991,3.77099991,3.77099991,3.77099991
1992-09-30,3.78699994,3.78699994,3.78699994,3.78699994
1992-10-01,3.80299997,3.80299997,3.80299997,3.80299997
1992-10-02,3.68799996,3.68799996,3.68799996,3.68799996
1992-10-06,3.67000008,3.67000008,3.67000008,3.67000008
1992-10-07,3.75200009,3.75200009,3.75200009,3.75200009
1992-10-08,3.8670001,3.8670001,3.8670001,3.8670001
1992-10-09,3.81299996,3.81299996,3.81299996,3.81299996
1992-10-13,3.93199992,3.93199992,3.93199992,3.93199992
1992-10-14,3.98300004,3.98300004,3.98300004,3.98300004
1992-10-15,3.99900007,3.99900007,3.99900007,3.99900007
1992-10-16,3.98200011,3.98200011,3.98200011,3.98200011
1992-10-20,4.10900021,4.10900021,4.10900021,4.10900021
1992-10-21,4.21000004,4.21000004,4.21000004,4.21000004
1992-10-22,4.19399977,4.19399977,4.19399977,4.19399977
1992-10-23,4.20200014,4.20200014,4.20200014,4.20200014
1992-10-27,4.32299995,4.32299995,4.32299995,4.32299995
1992-10-29,4.33300018,4.33300018,4.33300018,4.33300018
1992-10-30,4.33300018,4.33300018,4.33300018,4.33300018
1992-11-03,4.46600008,4.46600008,4.46600008,4.46600008
1992-11-04,4.43200016,4.43200016,4.43200016,4.43200016
1992-11-05,4.43300009,4.43300009,4.43300009,4.43300009
1992-11-06,4.36999989,4.36999989,4.36999989,4.36999989
1992-11-10,4.55100012,4.55100012,4.55100012,4.55100012
1992-11-11,4.48000002,4.48000002,4.48000002,4.48000002
1992-11-12,4.44700003,4.44700003,4.44700003,4.44700003
1992-11-13,4.41699982,4.41699982,4.41699982,4.41699982
1992-11-17,4.66400003,4.66400003,4.66400003,4.66400003
1992-11-18,4.60500002,4.60500002,4.60500002,4.60500002
1992-11-19,4.52899981,4.52899981,4.52899981,4.52899981
1992-11-20,4.49499989,4.49499989,4.49499989,4.49499989
1992-11-25,4.6420002,4.6420002,4.6420002,4.6420002
1992-11-26,4.71999979,4.71999979,4.71999979,4.71999979
1992-11-27,4.70800018,4.70800018,4.70800018,4.70800018
1992-12-01,4.79099989,4.79099989,4.79099989,4.79099989
1992-12-02,4.77400017,4.77400017,4.77400017,4.77400017
1992-12-03,4.78299999,4.78299999,4.78299999,4.78299999
1992-12-04,4.76599979,4.76599979,4.76599979,4.76599979
1992-12-08,4.62400007,4.62400007,4.62400007,4.62400007
1992-12-09,4.55700016,4.55700016,4.55700016,4.55700016
1992-12-10,4.59100008,4.59100008,4.59100008,4.59100008
1992-12-11,4.6329999,4.6329999,4.6329999,4.6329999
1992-12-15,4.79300022,4.79300022,4.79300022,4.79300022
1992-12-16,4.7249999,4.7249999,4.7249999,4.7249999
1992-12-17,4.62400007,4.62400007,4.62400007,4.62400007
1992-12-18,4.62799978,4.62799978,4.62799978,4.62799978
1992-12-22,4.60599995,4.60599995,4.60599995,4.60599995
1992-12-24,4.6420002,4.6420002,4.6420002,4.6420002
1992-12-25,4.60400009,4.60400009,4.60400009,4.60400009
1992-12-29,4.6420002,4.6420002,4.6420002,4.6420002
1992-12-30,4.59200001,4.59200001,4.59200001,4.59200001
1992-12-31,4.46000004,4.46000004,4.46000004,4.46000004
1993-01-01,4.40899992,4.40899992,4.40899992,4.40899992
1993-01-05,4.45800018,4.45800018,4.45800018,4.45800018
1993-01-06,4.4749999,4.4749999,4.4749999,4.4749999
1993-01-07,4.5079999,4.5079999,4.5079999,4.5079999
1993-01-08,4.62900019,4.62900019,4.62900019,4.62900019
1993-01-12,4.43599987,4.43599987,4.43599987,4.43599987
1993-01-13,4.45599985,4.45599985,4.45599985,4.45599985
1993-01-14,4.42199993,4.42199993,4.42199993,4.42199993
1993-01-15,4.33400011,4.33400011,4.33400011,4.33400011
1993-01-19,4.29400015,4.29400015,4.29400015,4.29400015
1993-01-20,4.34899998,4.34899998,4.34899998,4.34899998
1993-01-21,4.35200024,4.35200024,4.35200024,4.35200024
1993-01-22,4.30100012,4.30100012,4.30100012,4.30100012
1993-01-26,4.19700003,4.19700003,4.19700003,4.19700003
1993-01-27,4.28200006,4.28200006,4.28200006,4.28200006
1993-01-28,4.2670002,4.2670002,4.2670002,4.2670002
1993-01-29,4.15899992,4.15899992,4.15899992,4.15899992
1993-02-02,4.17600012,4.17600012,4.17600012,4.17600012
1993-02-03,4.24599981,4.24599981,4.24599981,4.24599981
1993-02-04,4.23699999,4.23699999,4.23699999,4.23699999
1993-02-05,4.171,4.171,4.171,4.171
1993-02-09,4.1329999,4.1329999,4.1329999,4.1329999
1993-02-10,4.19500017,4.19500017,4.19500017,4.19500017
1993-02-11,4.24900007,4.24900007,4.24900007,4.24900007
1993-02-12,4.16599989,4.16599989,4.16599989,4.16599989
1993-02-17,4.09800005,4.09800005,4.09800005,4.09800005
1993-02-18,4.01800013,4.01800013,4.01800013,4.01800013
1993-02-19,3.91300011,3.91300011,3.91300011,3.91300011
1993-02-23,3.93600011,3.93600011,3.93600011,3.93600011
1993-02-24,3.85100007,3.85100007,3.85100007,3.85100007
1993-02-25,3.95700002,3.95700002,3.95700002,3.95700002
1993-02-26,3.95700002,3.95700002,3.95700002,3.95700002
1993-03-02,3.8670001,3.8670001,3.8670001,3.8670001
1993-03-03,3.85800004,3.85800004,3.85800004,3.85800004
1993-03-04,3.79299998,3.79299998,3.79299998,3.79299998
1993-03-05,3.727,3.727,3.727,3.727
1993-03-09,3.94099998,3.94099998,3.94099998,3.94099998
1993-03-10,3.99099994,3.99099994,3.99099994,3.99099994
1993-03-11,3.99099994,3.99099994,3.99099994,3.99099994
1993-03-12,3.99099994,3.99099994,3.99099994,3.99099994
1993-03-16,4.05900002,4.05900002,4.05900002,4.05900002
1993-03-17,3.87400007,3.87400007,3.87400007,3.87400007
1993-03-18,3.94099998,3.94099998,3.94099998,3.94099998
1993-03-19,3.84100008,3.84100008,3.84100008,3.84100008
1993-03-23,3.87400007,3.87400007,3.87400007,3.87400007
1993-03-24,3.85700011,3.85700011,3.85700011,3.85700011
1993-03-25,3.89899993,3.89899993,3.89899993,3.89899993
1993-03-26,3.91599989,3.91599989,3.91599989,3.91599989
1993-03-30,3.95700002,3.95700002,3.95700002,3.95700002
1993-03-31,3.90799999,3.90799999,3.90799999,3.90799999
1993-04-01,3.95300007,3.95300007,3.95300007,3.95300007
1993-04-02,3.94099998,3.94099998,3.94099998,3.94099998
1993-04-06,3.94099998,3.94099998,3.94099998,3.94099998
1993-04-07,3.92000008,3.92000008,3.92000008,3.92000008
1993-04-08,3.92400002,3.92400002,3.92400002,3.92400002
1993-04-09,3.8210001,3.8210001,3.8210001,3.8210001
1993-04-13,3.79900002,3.79900002,3.79900002,3.79900002
1993-04-14,3.78299999,3.78299999,3.78299999,3.78299999
1993-04-15,3.74900007,3.74900007,3.74900007,3.74900007
1993-04-16,3.76600003,3.76600003,3.76600003,3.76600003
1993-04-20,3.75600004,3.75600004,3.75600004,3.75600004
1993-04-21,3.75600004,3.75600004,3.75600004,3.75600004
1993-04-22,3.72199988,3.72199988,3.72199988,3.72199988
1993-04-23,3.70499992,3.70499992,3.70499992,3.70499992
1993-04-27,3.67000008,3.67000008,3.67000008,3.67000008
1993-04-28,3.83100009,3.83100009,3.83100009,3.83100009
1993-04-29,3.8499999,3.8499999,3.8499999,3.8499999
1993-04-30,3.77699995,3.77699995,3.77699995,3.77699995
1993-05-04,3.7349999,3.7349999,3.7349999,3.7349999
1993-05-05,3.7349999,3.7349999,3.7349999,3.7349999
1993-05-06,3.79200006,3.79200006,3.79200006,3.79200006
1993-05-07,3.77999997,3.77999997,3.77999997,3.77999997
1993-05-11,3.7750001,3.7750001,3.7750001,3.7750001
1993-05-12,3.7750001,3.7750001,3.7750001,3.7750001
1993-05-13,3.80800009,3.80800009,3.80800009,3.80800009
1993-05-14,3.8829999,3.8829999,3.8829999,3.8829999
1993-05-18,4.0170002,4.0170002,4.0170002,4.0170002
1993-05-19,4.02600002,4.02600002,4.02600002,4.02600002
1993-05-20,3.98399997,3.98399997,3.98399997,3.98399997
1993-05-21,4.01300001,4.01300001,4.01300001,4.01300001
1993-05-25,4.17999983,4.17999983,4.17999983,4.17999983
1993-05-26,4.16300011,4.16300011,4.16300011,4.16300011
1993-05-27,4.16599989,4.16599989,4.16599989,4.16599989
1993-05-28,4.23600006,4.23600006,4.23600006,4.23600006
1993-06-02,4.14099979,4.14099979,4.14099979,4.14099979
1993-06-03,4.15799999,4.15799999,4.15799999,4.15799999
1993-06-04,4.125,4.125,4.125,4.125
1993-06-08,4.28299999,4.28299999,4.28299999,4.28299999
1993-06-09,4.2249999,4.2249999,4.2249999,4.2249999
1993-06-10,4.2750001,4.2750001,4.2750001,4.2750001
1993-06-11,4.2750001,4.2750001,4.2750001,4.2750001
1993-06-15,4.11999989,4.11999989,4.11999989,4.11999989
1993-06-16,4.07399988,4.07399988,4.07399988,4.07399988
1993-06-17,4.07000017,4.07000017,4.07000017,4.07000017
1993-06-18,4.07399988,4.07399988,4.07399988,4.07399988
1993-06-22,4.13199997,4.13199997,4.13199997,4.13199997
1993-06-23,4.11100006,4.11100006,4.11100006,4.11100006
1993-06-24,4.19500017,4.19500017,4.19500017,4.19500017
1993-06-25,4.14099979,4.14099979,4.14099979,4.14099979
1993-06-29,4.05100012,4.05100012,4.05100012,4.05100012
1993-06-30,4.01000023,4.01000023,4.01000023,4.01000023
1993-07-01,4.01000023,4.01000023,4.01000023,4.01000023
1993-07-02,3.977,3.977,3.977,3.977
1993-07-07,3.89299989,3.89299989,3.89299989,3.89299989
1993-07-08,3.9920001,3.9920001,3.9920001,3.9920001
1993-07-09,3.95799994,3.95799994,3.95799994,3.95799994
1993-07-13,3.96600008,3.96600008,3.96600008,3.96600008
1993-07-14,4.01100016,4.01100016,4.01100016,4.01100016
1993-07-15,3.95700002,3.95700002,3.95700002,3.95700002
1993-07-16,3.97300005,3.97300005,3.97300005,3.97300005
1993-07-20,3.98900008,3.98900008,3.98900008,3.98900008
1993-07-21,4.05600023,4.05600023,4.05600023,4.05600023
1993-07-22,4.10699987,4.10699987,4.10699987,4.10699987
1993-07-23,4.19199991,4.19199991,4.19199991,4.19199991
1993-07-27,4.19199991,4.19199991,4.19199991,4.19199991
1993-07-28,4.19199991,4.19199991,4.19199991,4.19199991
1993-07-29,4.21700001,4.21700001,4.21700001,4.21700001
1993-07-30,4.11399984,4.11399984,4.11399984,4.11399984
1993-08-03,4.18400002,4.18400002,4.18400002,4.18400002
1993-08-04,4.15100002,4.15100002,4.15100002,4.15100002
1993-08-05,4.15500021,4.15500021,4.15500021,4.15500021
1993-08-06,4.10500002,4.10500002,4.10500002,4.10500002
1993-08-10,4.0619998,4.0619998,4.0619998,4.0619998
1993-08-11,4.08300018,4.08300018,4.08300018,4.08300018
1993-08-12,4.07000017,4.07000017,4.07000017,4.07000017
1993-08-13,4.03200006,4.03200006,4.03200006,4.03200006
1993-08-17,3.96399999,3.96399999,3.96399999,3.96399999
1993-08-18,3.98900008,3.98900008,3.98900008,3.98900008
1993-08-19,3.95499992,3.95499992,3.95499992,3.95499992
1993-08-20,3.91199994,3.91199994,3.91199994,3.91199994
1993-08-24,3.93600011,3.93600011,3.93600011,3.93600011
1993-08-25,3.85899997,3.85899997,3.85899997,3.85899997
1993-08-26,3.85899997,3.85899997,3.85899997,3.85899997
1993-08-27,3.82599998,3.82599998,3.82599998,3.82599998
1993-08-31,3.84200001,3.84200001,3.84200001,3.84200001
1993-09-01,3.87100005,3.87100005,3.87100005,3.87100005
1993-09-02,3.85800004,3.85800004,3.85800004,3.85800004
1993-09-03,3.80900002,3.80900002,3.80900002,3.80900002
1993-09-08,3.69300008,3.69300008,3.69300008,3.69300008
1993-09-09,3.75900006,3.75900006,3.75900006,3.75900006
1993-09-10,3.84100008,3.84100008,3.84100008,3.84100008
1993-09-14,3.80800009,3.80800009,3.80800009,3.80800009
1993-09-15,3.87400007,3.87400007,3.87400007,3.87400007
1993-09-16,3.84899998,3.84899998,3.84899998,3.84899998
1993-09-17,3.86599994,3.86599994,3.86599994,3.86599994
1993-09-21,3.90300012,3.90300012,3.90300012,3.90300012
1993-09-22,3.85700011,3.85700011,3.85700011,3.85700011
1993-09-23,3.90799999,3.90799999,3.90799999,3.90799999
1993-09-24,3.91599989,3.91599989,3.91599989,3.91599989
1993-09-28,3.79299998,3.79299998,3.79299998,3.79299998
1993-09-29,3.79299998,3.79299998,3.79299998,3.79299998
1993-09-30,3.84200001,3.84200001,3.84200001,3.84200001
1993-10-01,3.875,3.875,3.875,3.875
1993-10-05,3.82500005,3.82500005,3.82500005,3.82500005
1993-10-06,3.8499999,3.8499999,3.8499999,3.8499999
1993-10-07,3.82500005,3.82500005,3.82500005,3.82500005
1993-10-08,3.82500005,3.82500005,3.82500005,3.82500005
1993-10-12,3.65799999,3.65799999,3.65799999,3.65799999
1993-10-13,3.80800009,3.80800009,3.80800009,3.80800009
1993-10-14,3.81599998,3.81599998,3.81599998,3.81599998
1993-10-15,3.79099989,3.79099989,3.79099989,3.79099989
1993-10-19,3.83599997,3.83599997,3.83599997,3.83599997
1993-10-20,3.82399988,3.82399988,3.82399988,3.82399988
1993-10-21,3.82299995,3.82299995,3.82299995,3.82299995
1993-10-22,3.85700011,3.85700011,3.85700011,3.85700011
1993-10-26,3.90799999,3.90799999,3.90799999,3.90799999
1993-10-27,3.89100003,3.89100003,3.89100003,3.89100003
1993-10-28,3.99799991,3.99799991,3.99799991,3.99799991
1993-10-29,3.95700002,3.95700002,3.95700002,3.95700002
1993-11-02,4.10599995,4.10599995,4.10599995,4.10599995
1993-11-03,4.13899994,4.13899994,4.13899994,4.13899994
1993-11-04,4.13899994,4.13899994,4.13899994,4.13899994
1993-11-05,4.15600014,4.15600014,4.15600014,4.15600014
1993-11-09,4.10699987,4.10699987,4.10699987,4.10699987
1993-11-10,4.09100008,4.09100008,4.09100008,4.09100008
1993-11-11,4.1500001,4.1500001,4.1500001,4.1500001
1993-11-12,4.15100002,4.15100002,4.15100002,4.15100002
1993-11-16,4.0710001,4.0710001,4.0710001,4.0710001
1993-11-17,4.05100012,4.05100012,4.05100012,4.05100012
1993-11-18,4.07200003,4.07200003,4.07200003,4.07200003
1993-11-19,4.12699986,4.12699986,4.12699986,4.12699986
1993-11-23,4.23000002,4.23000002,4.23000002,4.23000002
1993-11-24,4.21700001,4.21700001,4.21700001,4.21700001
1993-11-25,4.20100021,4.20100021,4.20100021,4.20100021
1993-11-30,4.16800022,4.16800022,4.16800022,4.16800022
1993-12-01,4.22100019,4.22100019,4.22100019,4.22100019
1993-12-02,4.17999983,4.17999983,4.17999983,4.17999983
1993-12-03,4.20900011,4.20900011,4.20900011,4.20900011
1993-12-07,4.15799999,4.15799999,4.15799999,4.15799999
1993-12-08,4.171,4.171,4.171,4.171
1993-12-09,4.14099979,4.14099979,4.14099979,4.14099979
1993-12-10,4.16599989,4.16599989,4.16599989,4.16599989
1993-12-14,4.21600008,4.21600008,4.21600008,4.21600008
1993-12-15,4.23199987,4.23199987,4.23199987,4.23199987
1993-12-16,4.19399977,4.19399977,4.19399977,4.19399977
1993-12-17,4.19899988,4.19899988,4.19899988,4.19899988
1993-12-21,4.19799995,4.19799995,4.19799995,4.19799995
1993-12-22,4.19799995,4.19799995,4.19799995,4.19799995
1993-12-23,4.18400002,4.18400002,4.18400002,4.18400002
1993-12-24,4.1880002,4.1880002,4.1880002,4.1880002
1993-12-28,4.19999981,4.19999981,4.19999981,4.19999981
1993-12-29,4.17999983,4.17999983,4.17999983,4.17999983
1993-12-30,4.19999981,4.19999981,4.19999981,4.19999981
1993-12-31,4.2420001,4.2420001,4.2420001,4.2420001
1994-01-04,4.31599998,4.31599998,4.31599998,4.31599998
1994-01-05,4.26599979,4.26599979,4.26599979,4.26599979
1994-01-06,4.28299999,4.28299999,4.28299999,4.28299999
1994-01-07,4.21600008,4.21600008,4.21600008,4.21600008
1994-01-11,4.06599998,4.06599998,4.06599998,4.06599998
1994-01-12,4.04899979,4.04899979,4.04899979,4.04899979
1994-01-13,4.01499987,4.01499987,4.01499987,4.01499987
1994-01-14,4.10699987,4.10699987,4.10699987,4.10699987
1994-01-18,4.13500023,4.13500023,4.13500023,4.13500023
1994-01-19,4.09700012,4.09700012,4.09700012,4.09700012
1994-01-20,4.08900023,4.08900023,4.08900023,4.08900023
1994-01-21,4.0250001,4.0250001,4.0250001,4.0250001
1994-01-25,4.0619998,4.0619998,4.0619998,4.0619998
1994-01-26,4.07800007,4.07800007,4.07800007,4.07800007
1994-01-27,4.13199997,4.13199997,4.13199997,4.13199997
1994-01-28,4.11499977,4.11499977,4.11499977,4.11499977
1994-02-01,4.12300014,4.12300014,4.12300014,4.12300014
1994-02-02,4.19799995,4.19799995,4.19799995,4.19799995
1994-02-03,4.18100023,4.18100023,4.18100023,4.18100023
1994-02-04,4.28100014,4.28100014,4.28100014,4.28100014
1994-02-08,4.4000001,4.4000001,4.4000001,4.4000001
1994-02-09,4.41699982,4.41699982,4.41699982,4.41699982
1994-02-10,4.40100002,4.40100002,4.40100002,4.40100002
1994-02-11,4.44700003,4.44700003,4.44700003,4.44700003
1994-02-15,4.40299988,4.40299988,4.40299988,4.40299988
1994-02-16,4.40299988,4.40299988,4.40299988,4.40299988
1994-02-17,4.41200018,4.41200018,4.41200018,4.41200018
1994-02-18,4.48099995,4.48099995,4.48099995,4.48099995
1994-02-22,4.54400015,4.54400015,4.54400015,4.54400015
1994-02-23,4.52699995,4.52699995,4.52699995,4.52699995
1994-02-24,4.44199991,4.44199991,4.44199991,4.44199991
1994-02-25,4.72399998,4.72399998,4.72399998,4.72399998
1994-03-01,4.67500019,4.67500019,4.67500019,4.67500019
1994-03-02,4.82399988,4.82399988,4.82399988,4.82399988
1994-03-03,4.77400017,4.77400017,4.77400017,4.77400017
1994-03-04,4.80800009,4.80800009,4.80800009,4.80800009
1994-03-08,4.87599993,4.87599993,4.87599993,4.87599993
1994-03-09,4.92700005,4.92700005,4.92700005,4.92700005
1994-03-10,4.90999985,4.90999985,4.90999985,4.90999985
1994-03-11,4.96099997,4.96099997,4.96099997,4.96099997
1994-03-15,4.96299982,4.96299982,4.96299982,4.96299982
1994-03-16,4.9460001,4.9460001,4.9460001,4.9460001
1994-03-17,4.89499998,4.89499998,4.89499998,4.89499998
1994-03-18,4.92999983,4.92999983,4.92999983,4.92999983
1994-03-22,5.06899977,5.06899977,5.06899977,5.06899977
1994-03-23,4.94899988,4.94899988,4.94899988,4.94899988
1994-03-24,5.05900002,5.05900002,5.05900002,5.05900002
1994-03-25,5.08099985,5.08099985,5.08099985,5.08099985
1994-03-29,5.125,5.125,5.125,5.125
1994-03-30,5.19199991,5.19199991,5.19199991,5.19199991
1994-03-31,5.17500019,5.17500019,5.17500019,5.17500019
1994-04-01,5.19199991,5.19199991,5.19199991,5.19199991
1994-04-05,5.579,5.579,5.579,5.579
1994-04-06,5.42700005,5.42700005,5.42700005,5.42700005
1994-04-07,5.39400005,5.39400005,5.39400005,5.39400005
1994-04-08,5.36000013,5.36000013,5.36000013,5.36000013
1994-04-12,5.41200018,5.41200018,5.41200018,5.41200018
1994-04-13,5.39599991,5.39599991,5.39599991,5.39599991
1994-04-14,5.41300011,5.41300011,5.41300011,5.41300011
1994-04-15,5.44700003,5.44700003,5.44700003,5.44700003
1994-04-19,5.67299986,5.67299986,5.67299986,5.67299986
1994-04-20,5.67299986,5.67299986,5.67299986,5.67299986
1994-04-21,5.65700006,5.65700006,5.65700006,5.65700006
1994-04-22,5.5539999,5.5539999,5.5539999,5.5539999
1994-04-26,5.59000015,5.59000015,5.59000015,5.59000015
1994-04-27,5.53900003,5.53900003,5.53900003,5.53900003
1994-04-28,6.02799988,6.02799988,6.02799988,6.02799988
1994-04-29,5.80800009,5.80800009,5.80800009,5.80800009
1994-05-03,5.78599977,5.78599977,5.78599977,5.78599977
1994-05-04,5.87099981,5.87099981,5.87099981,5.87099981
1994-05-05,5.83699989,5.83699989,5.83699989,5.83699989
1994-05-06,5.88899994,5.88899994,5.88899994,5.88899994
1994-05-10,6.25199986,6.25199986,6.25199986,6.25199986
1994-05-11,6.13199997,6.13199997,6.13199997,6.13199997
1994-05-12,6.20100021,6.20100021,6.20100021,6.20100021
1994-05-13,6.09800005,6.09800005,6.09800005,6.09800005
1994-05-17,5.99700022,5.99700022,5.99700022,5.99700022
1994-05-18,5.89400005,5.89400005,5.89400005,5.89400005
1994-05-19,5.78999996,5.78999996,5.78999996,5.78999996
1994-05-20,5.704,5.704,5.704,5.704
1994-05-24,5.91400003,5.91400003,5.91400003,5.91400003
1994-05-25,5.89699984,5.89699984,5.89699984,5.89699984
1994-05-26,5.94000006,5.94000006,5.94000006,5.94000006
1994-05-27,5.94000006,5.94000006,5.94000006,5.94000006
1994-06-01,5.99300003,5.99300003,5.99300003,5.99300003
1994-06-02,5.97599983,5.97599983,5.97599983,5.97599983
1994-06-03,5.90799999,5.90799999,5.90799999,5.90799999
1994-06-07,5.77299976,5.77299976,5.77299976,5.77299976
1994-06-08,5.77199984,5.77199984,5.77199984,5.77199984
1994-06-09,5.77199984,5.77199984,5.77199984,5.77199984
1994-06-10,5.77199984,5.77199984,5.77199984,5.77199984
1994-06-14,5.87300014,5.87300014,5.87300014,5.87300014
1994-06-15,5.78800011,5.78800011,5.78800011,5.78800011
1994-06-16,5.85599995,5.85599995,5.85599995,5.85599995
1994-06-17,5.76999998,5.76999998,5.76999998,5.76999998
1994-06-21,5.88999987,5.88999987,5.88999987,5.88999987
1994-06-22,5.97599983,5.97599983,5.97599983,5.97599983
1994-06-23,5.95499992,5.95499992,5.95499992,5.95499992
1994-06-24,5.93300009,5.93300009,5.93300009,5.93300009
1994-06-28,6.06599998,6.06599998,6.06599998,6.06599998
1994-06-29,6.13199997,6.13199997,6.13199997,6.13199997
1994-06-30,6.10099983,6.10099983,6.10099983,6.10099983
1994-07-01,6.18499994,6.18499994,6.18499994,6.18499994
1994-07-06,6.11800003,6.11800003,6.11800003,6.11800003
1994-07-07,6.08400011,6.08400011,6.08400011,6.08400011
1994-07-08,6.10099983,6.10099983,6.10099983,6.10099983
1994-07-12,6.27299976,6.27299976,6.27299976,6.27299976
1994-07-13,6.22100019,6.22100019,6.22100019,6.22100019
1994-07-14,6.1869998,6.1869998,6.1869998,6.1869998
1994-07-15,6.03200006,6.03200006,6.03200006,6.03200006
1994-07-19,5.98000002,5.98000002,5.98000002,5.98000002
1994-07-20,5.91099977,5.91099977,5.91099977,5.91099977
1994-07-21,6.01499987,6.01499987,6.01499987,6.01499987
1994-07-22,6.08400011,6.08400011,6.08400011,6.08400011
1994-07-26,6.10099983,6.10099983,6.10099983,6.10099983
1994-07-27,6.10200024,6.10200024,6.10200024,6.10200024
1994-07-28,6.25699997,6.25699997,6.25699997,6.25699997
1994-07-29,6.23500013,6.23500013,6.23500013,6.23500013
1994-08-02,6.00699997,6.00699997,6.00699997,6.00699997
1994-08-03,5.98999977,5.98999977,5.98999977,5.98999977
1994-08-04,5.93900013,5.93900013,5.93900013,5.93900013
1994-08-05,5.97200012,5.97200012,5.97200012,5.97200012
1994-08-09,6.22599983,6.22599983,6.22599983,6.22599983
1994-08-10,6.22599983,6.22599983,6.22599983,6.22599983
1994-08-11,6.19199991,6.19199991,6.19199991,6.19199991
1994-08-12,6.24300003,6.24300003,6.24300003,6.24300003
1994-08-16,6.24300003,6.24300003,6.24300003,6.24300003
1994-08-17,6.15700006,6.15700006,6.15700006,6.15700006
1994-08-18,6.15700006,6.15700006,6.15700006,6.15700006
1994-08-19,6.20900011,6.20900011,6.20900011,6.20900011
1994-08-23,6.24399996,6.24399996,6.24399996,6.24399996
1994-08-24,6.19199991,6.19199991,6.19199991,6.19199991
1994-08-25,6.16099977,6.16099977,6.16099977,6.16099977
1994-08-26,6.22700024,6.22700024,6.22700024,6.22700024
1994-08-30,6.19899988,6.19899988,6.19899988,6.19899988
1994-08-31,6.16599989,6.16599989,6.16599989,6.16599989
1994-09-01,6.14900017,6.14900017,6.14900017,6.14900017
1994-09-02,6.13199997,6.13199997,6.13199997,6.13199997
1994-09-07,6.19799995,6.19799995,6.19799995,6.19799995
1994-09-08,6.21500015,6.21500015,6.21500015,6.21500015
1994-09-09,6.19799995,6.19799995,6.19799995,6.19799995
1994-09-13,6.35099983,6.35099983,6.35099983,6.35099983
1994-09-14,6.31699991,6.31699991,6.31699991,6.31699991
1994-09-15,6.30000019,6.30000019,6.30000019,6.30000019
1994-09-16,6.24800014,6.24800014,6.24800014,6.24800014
1994-09-20,6.38600016,6.38600016,6.38600016,6.38600016
1994-09-21,6.40399981,6.40399981,6.40399981,6.40399981
1994-09-22,6.5079999,6.5079999,6.5079999,6.5079999
1994-09-23,6.47399998,6.47399998,6.47399998,6.47399998
1994-09-27,6.4920001,6.4920001,6.4920001,6.4920001
1994-09-28,6.4920001,6.4920001,6.4920001,6.4920001
1994-09-29,6.52199984,6.52199984,6.52199984,6.52199984
1994-09-30,6.58500004,6.58500004,6.58500004,6.58500004
1994-10-04,6.67000008,6.67000008,6.67000008,6.67000008
1994-10-05,6.67000008,6.67000008,6.67000008,6.67000008
1994-10-06,6.72100019,6.72100019,6.72100019,6.72100019
1994-10-07,6.72200012,6.72200012,6.72200012,6.72200012
1994-10-12,6.61899996,6.61899996,6.61899996,6.61899996
1994-10-13,6.67000008,6.67000008,6.67000008,6.67000008
1994-10-14,6.61899996,6.61899996,6.61899996,6.61899996
1994-10-18,6.56699991,6.56699991,6.56699991,6.56699991
1994-10-19,6.60099983,6.60099983,6.60099983,6.60099983
1994-10-20,6.63600016,6.63600016,6.63600016,6.63600016
1994-10-21,6.75899982,6.75899982,6.75899982,6.75899982
1994-10-25,6.8119998,6.8119998,6.8119998,6.8119998
1994-10-26,6.8130002,6.8130002,6.8130002,6.8130002
1994-10-27,6.91900015,6.91900015,6.91900015,6.91900015
1994-10-28,6.8920002,6.8920002,6.8920002,6.8920002
1994-11-01,6.84100008,6.84100008,6.84100008,6.84100008
1994-11-02,6.92600012,6.92600012,6.92600012,6.92600012
1994-11-03,6.96000004,6.96000004,6.96000004,6.96000004
1994-11-04,6.97700024,6.97700024,6.97700024,6.97700024
1994-11-08,7.0630002,7.0630002,7.0630002,7.0630002
1994-11-09,7.01100016,7.01100016,7.01100016,7.01100016
1994-11-10,7.02799988,7.02799988,7.02799988,7.02799988
1994-11-11,7.0630002,7.0630002,7.0630002,7.0630002
1994-11-15,7.02899981,7.02899981,7.02899981,7.02899981
1994-11-16,7.09800005,7.09800005,7.09800005,7.09800005
1994-11-17,7.13399982,7.13399982,7.13399982,7.13399982
1994-11-18,7.16900015,7.16900015,7.16900015,7.16900015
1994-11-22,7.22300005,7.22300005,7.22300005,7.22300005
1994-11-23,7.18200016,7.18200016,7.18200016,7.18200016
1994-11-24,7.15999985,7.15999985,7.15999985,7.15999985
1994-11-29,7.38399982,7.38399982,7.38399982,7.38399982
1994-11-30,7.40399981,7.40399981,7.40399981,7.40399981
1994-12-01,7.40399981,7.40399981,7.40399981,7.40399981
1994-12-02,7.45499992,7.45499992,7.45499992,7.45499992
1994-12-06,7.57700014,7.57700014,7.57700014,7.57700014
1994-12-07,7.45599985,7.45599985,7.45599985,7.45599985
1994-12-08,7.43900013,7.43900013,7.43900013,7.43900013
1994-12-09,7.5079999,7.5079999,7.5079999,7.5079999
1994-12-13,7.66599989,7.66599989,7.66599989,7.66599989
1994-12-14,7.68400002,7.68400002,7.68400002,7.68400002
1994-12-15,7.579,7.579,7.579,7.579
1994-12-16,7.52699995,7.52699995,7.52699995,7.52699995
1994-12-20,7.57999992,7.57999992,7.57999992,7.57999992
1994-12-21,7.54500008,7.54500008,7.54500008,7.54500008
1994-12-22,7.5630002,7.5630002,7.5630002,7.5630002
1994-12-23,7.71999979,7.71999979,7.71999979,7.71999979
1994-12-28,7.6880002,7.6880002,7.6880002,7.6880002
1994-12-29,7.70499992,7.70499992,7.70499992,7.70499992
1994-12-30,7.67199993,7.67199993,7.67199993,7.67199993
1995-01-04,7.72300005,7.72300005,7.72300005,7.72300005
1995-01-05,7.61999989,7.61999989,7.61999989,7.61999989
1995-01-06,7.65399981,7.65399981,7.65399981,7.65399981
1995-01-10,7.65399981,7.65399981,7.65399981,7.65399981
1995-01-11,7.63700008,7.63700008,7.63700008,7.63700008
1995-01-12,7.56699991,7.56699991,7.56699991,7.56699991
1995-01-13,7.55000019,7.55000019,7.55000019,7.55000019
1995-01-17,7.35699987,7.35699987,7.35699987,7.35699987
1995-01-18,7.42700005,7.42700005,7.42700005,7.42700005
1995-01-19,7.44399977,7.44399977,7.44399977,7.44399977
1995-01-20,7.46099997,7.46099997,7.46099997,7.46099997
1995-01-24,7.47800016,7.47800016,7.47800016,7.47800016
1995-01-25,7.51300001,7.51300001,7.51300001,7.51300001
1995-01-26,7.47700024,7.47700024,7.47700024,7.47700024
1995-01-27,7.38800001,7.38800001,7.38800001,7.38800001
1995-01-31,7.22700024,7.22700024,7.22700024,7.22700024
1995-02-01,7.24300003,7.24300003,7.24300003,7.24300003
1995-02-02,7.36299992,7.36299992,7.36299992,7.36299992
1995-02-03,7.36199999,7.36199999,7.36199999,7.36199999
1995-02-07,7.20599985,7.20599985,7.20599985,7.20599985
1995-02-08,7.1880002,7.1880002,7.1880002,7.1880002
1995-02-09,7.13600016,7.13600016,7.13600016,7.13600016
1995-02-10,7.23899984,7.23899984,7.23899984,7.23899984
1995-02-14,7.28900003,7.28900003,7.28900003,7.28900003
1995-02-15,7.16699982,7.16699982,7.16699982,7.16699982
1995-02-16,7.09700012,7.09700012,7.09700012,7.09700012
1995-02-17,7.02699995,7.02699995,7.02699995,7.02699995
1995-02-22,7.07499981,7.07499981,7.07499981,7.07499981
1995-02-23,6.9000001,6.9000001,6.9000001,6.9000001
1995-02-24,6.91800022,6.91800022,6.91800022,6.91800022
1995-02-28,6.75600004,6.75600004,6.75600004,6.75600004
1995-03-01,6.77299976,6.77299976,6.77299976,6.77299976
1995-03-02,6.78999996,6.78999996,6.78999996,6.78999996
1995-03-03,6.85699987,6.85699987,6.85699987,6.85699987
1995-03-07,6.97700024,6.97700024,6.97700024,6.97700024
1995-03-08,6.97700024,6.97700024,6.97700024,6.97700024
1995-03-09,6.89099979,6.89099979,6.89099979,6.89099979
1995-03-10,6.82200003,6.82200003,6.82200003,6.82200003
1995-03-14,6.75199986,6.75199986,6.75199986,6.75199986
1995-03-15,6.69999981,6.69999981,6.69999981,6.69999981
1995-03-16,6.69899988,6.69899988,6.69899988,6.69899988
1995-03-17,6.68200016,6.68200016,6.68200016,6.68200016
1995-03-21,6.67999983,6.67999983,6.67999983,6.67999983
1995-03-22,6.73199987,6.73199987,6.73199987,6.73199987
1995-03-23,6.71400023,6.71400023,6.71400023,6.71400023
1995-03-24,6.71400023,6.71400023,6.71400023,6.71400023
1995-03-28,6.60699987,6.60699987,6.60699987,6.60699987
1995-03-29,6.71099997,6.71099997,6.71099997,6.71099997
1995-03-30,6.71000004,6.71000004,6.71000004,6.71000004
1995-03-31,6.74399996,6.74399996,6.74399996,6.74399996
1995-04-04,6.70800018,6.70800018,6.70800018,6.70800018
1995-04-05,6.69399977,6.69399977,6.69399977,6.69399977
1995-04-06,6.66599989,6.66599989,6.66599989,6.66599989
1995-04-07,6.63800001,6.63800001,6.63800001,6.63800001
1995-04-11,6.65100002,6.65100002,6.65100002,6.65100002
1995-04-12,6.63700008,6.63700008,6.63700008,6.63700008
1995-04-13,6.58900023,6.58900023,6.58900023,6.58900023
1995-04-14,6.50099993,6.50099993,6.50099993,6.50099993
1995-04-18,6.46700001,6.46700001,6.46700001,6.46700001
1995-04-19,6.43200016,6.43200016,6.43200016,6.43200016
1995-04-20,6.46600008,6.46600008,6.46600008,6.46600008
1995-04-21,6.41400003,6.41400003,6.41400003,6.41400003
1995-04-25,6.44700003,6.44700003,6.44700003,6.44700003
1995-04-26,6.46400023,6.46400023,6.46400023,6.46400023
1995-04-27,6.51599979,6.51599979,6.51599979,6.51599979
1995-04-28,6.56699991,6.56699991,6.56699991,6.56699991
1995-05-02,6.58199978,6.58199978,6.58199978,6.58199978
1995-05-03,6.51300001,6.51300001,6.51300001,6.51300001
1995-05-04,6.41699982,6.41699982,6.41699982,6.41699982
1995-05-05,6.38899994,6.38899994,6.38899994,6.38899994
1995-05-09,6.19099998,6.19099998,6.19099998,6.19099998
1995-05-10,6.08900023,6.08900023,6.08900023,6.08900023
1995-05-11,6.13899994,6.13899994,6.13899994,6.13899994
1995-05-12,6.19000006,6.19000006,6.19000006,6.19000006
1995-05-16,6.13600016,6.13600016,6.13600016,6.13600016
1995-05-17,6.08400011,6.08400011,6.08400011,6.08400011
1995-05-18,6.11800003,6.11800003,6.11800003,6.11800003
1995-05-19,6.15199995,6.15199995,6.15199995,6.15199995
1995-05-23,6.21899986,6.21899986,6.21899986,6.21899986
1995-05-24,6.11499977,6.11499977,6.11499977,6.11499977
1995-05-25,5.99100018,5.99100018,5.99100018,5.99100018
1995-05-26,5.97399998,5.97399998,5.97399998,5.97399998
1995-05-31,5.85599995,5.85599995,5.85599995,5.85599995
1995-06-01,5.85599995,5.85599995,5.85599995,5.85599995
1995-06-02,5.73799992,5.73799992,5.73799992,5.73799992
1995-06-06,5.53399992,5.53399992,5.53399992,5.53399992
1995-06-07,5.60099983,5.60099983,5.60099983,5.60099983
1995-06-08,5.78499985,5.78499985,5.78499985,5.78499985
1995-06-09,5.86899996,5.86899996,5.86899996,5.86899996
1995-06-13,5.95200014,5.95200014,5.95200014,5.95200014
1995-06-14,5.62900019,5.62900019,5.62900019,5.62900019
1995-06-15,5.6789999,5.6789999,5.6789999,5.6789999
1995-06-16,5.73000002,5.73000002,5.73000002,5.73000002
1995-06-20,5.69299984,5.69299984,5.69299984,5.69299984
1995-06-21,5.72599983,5.72599983,5.72599983,5.72599983
1995-06-22,5.67399979,5.67399979,5.67399979,5.67399979
1995-06-23,5.60500002,5.60500002,5.60500002,5.60500002
1995-06-27,5.70499992,5.70499992,5.70499992,5.70499992
1995-06-28,5.73899984,5.73899984,5.73899984,5.73899984
1995-06-29,5.65799999,5.65799999,5.65799999,5.65799999
1995-06-30,5.86000013,5.86000013,5.86000013,5.86000013
1995-07-04,5.79300022,5.79300022,5.79300022,5.79300022
1995-07-06,5.77600002,5.77600002,5.77600002,5.77600002
1995-07-07,5.52299976,5.52299976,5.52299976,5.52299976
1995-07-11,5.55600023,5.55600023,5.55600023,5.55600023
1995-07-12,5.62400007,5.62400007,5.62400007,5.62400007
1995-07-13,5.59000015,5.59000015,5.59000015,5.59000015
1995-07-14,5.60599995,5.60599995,5.60599995,5.60599995
1995-07-18,5.76000023,5.76000023,5.76000023,5.76000023
1995-07-19,5.8119998,5.8119998,5.8119998,5.8119998
1995-07-20,5.89900017,5.89900017,5.89900017,5.89900017
1995-07-21,5.89900017,5.89900017,5.89900017,5.89900017
1995-07-25,5.95200014,5.95200014,5.95200014,5.95200014
1995-07-26,5.93499994,5.93499994,5.93499994,5.93499994
1995-07-27,5.9749999,5.9749999,5.9749999,5.9749999
1995-07-28,5.89099979,5.89099979,5.89099979,5.89099979
1995-08-01,5.875,5.875,5.875,5.875
1995-08-02,5.90799999,5.90799999,5.90799999,5.90799999
1995-08-03,5.8579998,5.8579998,5.8579998,5.8579998
1995-08-04,5.94199991,5.94199991,5.94199991,5.94199991
1995-08-08,5.89099979,5.89099979,5.89099979,5.89099979
1995-08-09,5.89099979,5.89099979,5.89099979,5.89099979
1995-08-10,5.92500019,5.92500019,5.92500019,5.92500019
1995-08-11,5.95900011,5.95900011,5.95900011,5.95900011
1995-08-15,6.04500008,6.04500008,6.04500008,6.04500008
1995-08-16,6.0619998,6.0619998,6.0619998,6.0619998
1995-08-17,6.0619998,6.0619998,6.0619998,6.0619998
1995-08-18,6.11399984,6.11399984,6.11399984,6.11399984
1995-08-22,6.0630002,6.0630002,6.0630002,6.0630002
1995-08-23,6.07999992,6.07999992,6.07999992,6.07999992
1995-08-24,6.1329999,6.1329999,6.1329999,6.1329999
1995-08-25,5.99900007,5.99900007,5.99900007,5.99900007
1995-08-29,5.84899998,5.84899998,5.84899998,5.84899998
1995-08-30,5.91599989,5.91599989,5.91599989,5.91599989
1995-08-31,5.88199997,5.88199997,5.88199997,5.88199997
1995-09-01,5.86499977,5.86499977,5.86499977,5.86499977
1995-09-06,5.78000021,5.78000021,5.78000021,5.78000021
1995-09-07,5.76200008,5.76200008,5.76200008,5.76200008
1995-09-08,5.829,5.829,5.829,5.829
1995-09-12,5.82800007,5.82800007,5.82800007,5.82800007
1995-09-13,5.76000023,5.76000023,5.76000023,5.76000023
1995-09-14,5.80999994,5.80999994,5.80999994,5.80999994
1995-09-15,5.70800018,5.70800018,5.70800018,5.70800018
1995-09-19,5.77400017,5.77400017,5.77400017,5.77400017
1995-09-20,5.73999977,5.73999977,5.73999977,5.73999977
1995-09-21,5.73899984,5.73899984,5.73899984,5.73899984
1995-09-22,5.80800009,5.80800009,5.80800009,5.80800009
1995-09-26,5.875,5.875,5.875,5.875
1995-09-27,5.90999985,5.90999985,5.90999985,5.90999985
1995-09-28,5.88399982,5.88399982,5.88399982,5.88399982
1995-09-29,5.91800022,5.91800022,5.91800022,5.91800022
1995-10-03,5.81699991,5.81699991,5.81699991,5.81699991
1995-10-04,5.78299999,5.78299999,5.78299999,5.78299999
1995-10-05,5.74900007,5.74900007,5.74900007,5.74900007
1995-10-06,5.71600008,5.71600008,5.71600008,5.71600008
1995-10-10,5.74900007,5.74900007,5.74900007,5.74900007
1995-10-11,5.76599979,5.76599979,5.76599979,5.76599979
1995-10-12,5.73199987,5.73199987,5.73199987,5.73199987
1995-10-13,5.69700003,5.69700003,5.69700003,5.69700003
1995-10-17,5.64499998,5.64499998,5.64499998,5.64499998
1995-10-18,5.62799978,5.62799978,5.62799978,5.62799978
1995-10-19,5.6789999,5.6789999,5.6789999,5.6789999
1995-10-20,5.66200018,5.66200018,5.66200018,5.66200018
1995-10-24,5.76499987,5.76499987,5.76499987,5.76499987
1995-10-25,5.67799997,5.67799997,5.67799997,5.67799997
1995-10-26,5.62400007,5.62400007,5.62400007,5.62400007
1995-10-27,5.64099979,5.64099979,5.64099979,5.64099979
1995-10-31,5.6079998,5.6079998,5.6079998,5.6079998
1995-11-01,5.625,5.625,5.625,5.625
1995-11-02,5.52400017,5.52400017,5.52400017,5.52400017
1995-11-03,5.45699978,5.45699978,5.45699978,5.45699978
1995-11-07,5.50600004,5.50600004,5.50600004,5.50600004
1995-11-08,5.55700016,5.55700016,5.55700016,5.55700016
1995-11-09,5.48899984,5.48899984,5.48899984,5.48899984
1995-11-10,5.50500011,5.50500011,5.50500011,5.50500011
1995-11-14,5.48699999,5.48699999,5.48699999,5.48699999
1995-11-15,5.45300007,5.45300007,5.45300007,5.45300007
1995-11-16,5.52099991,5.52099991,5.52099991,5.52099991
1995-11-17,5.46899986,5.46899986,5.46899986,5.46899986
1995-11-21,5.46799994,5.46799994,5.46799994,5.46799994
1995-11-22,5.48500013,5.48500013,5.48500013,5.48500013
1995-11-23,5.51900005,5.51900005,5.51900005,5.51900005
1995-11-28,5.46600008,5.46600008,5.46600008,5.46600008
1995-11-29,5.46600008,5.46600008,5.46600008,5.46600008
1995-11-30,5.40799999,5.40799999,5.40799999,5.40799999
1995-12-01,5.3579998,5.3579998,5.3579998,5.3579998
1995-12-05,5.29099989,5.29099989,5.29099989,5.29099989
1995-12-06,5.32399988,5.32399988,5.32399988,5.32399988
1995-12-07,5.34100008,5.34100008,5.34100008,5.34100008
1995-12-08,5.39099979,5.39099979,5.39099979,5.39099979
1995-12-12,5.37400007,5.37400007,5.37400007,5.37400007
1995-12-13,5.39099979,5.39099979,5.39099979,5.39099979
1995-12-14,5.40799999,5.40799999,5.40799999,5.40799999
1995-12-15,5.40799999,5.40799999,5.40799999,5.40799999
1995-12-19,5.44199991,5.44199991,5.44199991,5.44199991
1995-12-20,5.30499983,5.30499983,5.30499983,5.30499983
1995-12-21,5.35599995,5.35599995,5.35599995,5.35599995
1995-12-22,5.31500006,5.31500006,5.31500006,5.31500006
1995-12-27,5.26599979,5.26599979,5.26599979,5.26599979
1995-12-28,5.25,5.25,5.25,5.25
1995-12-29,5.19999981,5.19999981,5.19999981,5.19999981
1996-01-03,5.18300009,5.18300009,5.18300009,5.18300009
1996-01-04,5.16599989,5.16599989,5.16599989,5.16599989
1996-01-05,5.19899988,5.19899988,5.19899988,5.19899988
1996-01-09,5.19899988,5.19899988,5.19899988,5.19899988
1996-01-10,5.21500015,5.21500015,5.21500015,5.21500015
1996-01-11,5.24900007,5.24900007,5.24900007,5.24900007
1996-01-12,5.19799995,5.19799995,5.19799995,5.19799995
1996-01-17,5.06099987,5.06099987,5.06099987,5.06099987
1996-01-18,5.04400015,5.04400015,5.04400015,5.04400015
1996-01-19,5.01000023,5.01000023,5.01000023,5.01000023
1996-01-23,5.09399986,5.09399986,5.09399986,5.09399986
1996-01-24,5.11100006,5.11100006,5.11100006,5.11100006
1996-01-25,5.06500006,5.06500006,5.06500006,5.06500006
1996-01-26,5.11499977,5.11499977,5.11499977,5.11499977
1996-01-30,5.08300018,5.08300018,5.08300018,5.08300018
1996-01-31,5,5,5,5
1996-02-01,4.93300009,4.93300009,4.93300009,4.93300009
1996-02-02,4.91699982,4.91699982,4.91699982,4.91699982
1996-02-06,4.94899988,4.94899988,4.94899988,4.94899988
1996-02-07,4.91599989,4.91599989,4.91599989,4.91599989
1996-02-08,4.91499996,4.91499996,4.91499996,4.91499996
1996-02-09,4.89799976,4.89799976,4.89799976,4.89799976
1996-02-13,4.82999992,4.82999992,4.82999992,4.82999992
1996-02-14,4.796,4.796,4.796,4.796
1996-02-15,4.82999992,4.82999992,4.82999992,4.82999992
1996-02-16,4.88000011,4.88000011,4.88000011,4.88000011
1996-02-21,5.204,5.204,5.204,5.204
1996-02-22,5.1869998,5.1869998,5.1869998,5.1869998
1996-02-23,5.08400011,5.08400011,5.08400011,5.08400011
1996-02-27,5.17000008,5.17000008,5.17000008,5.17000008
1996-02-28,5.27400017,5.27400017,5.27400017,5.27400017
1996-02-29,5.375,5.375,5.375,5.375
1996-03-01,5.42600012,5.42600012,5.42600012,5.42600012
1996-03-05,5.19199991,5.19199991,5.19199991,5.19199991
1996-03-06,5.27600002,5.27600002,5.27600002,5.27600002
1996-03-07,5.36000013,5.36000013,5.36000013,5.36000013
1996-03-08,5.39400005,5.39400005,5.39400005,5.39400005
1996-03-12,5.70200014,5.70200014,5.70200014,5.70200014
1996-03-13,5.75500011,5.75500011,5.75500011,5.75500011
1996-03-14,5.75500011,5.75500011,5.75500011,5.75500011
1996-03-15,5.73899984,5.73899984,5.73899984,5.73899984
1996-03-19,5.86299992,5.86299992,5.86299992,5.86299992
1996-03-20,5.86399984,5.86399984,5.86399984,5.86399984
1996-03-21,5.72599983,5.72599983,5.72599983,5.72599983
1996-03-22,5.70900011,5.70900011,5.70900011,5.70900011
1996-03-26,5.67700005,5.67700005,5.67700005,5.67700005
1996-03-27,5.69500017,5.69500017,5.69500017,5.69500017
1996-03-28,5.83599997,5.83599997,5.83599997,5.83599997
1996-03-29,5.87200022,5.87200022,5.87200022,5.87200022
1996-04-02,5.73500013,5.73500013,5.73500013,5.73500013
1996-04-03,5.71799994,5.71799994,5.71799994,5.71799994
1996-04-04,5.77199984,5.77199984,5.77199984,5.77199984
1996-04-05,5.84600019,5.84600019,5.84600019,5.84600019
1996-04-09,6.09700012,6.09700012,6.09700012,6.09700012
1996-04-10,6.02099991,6.02099991,6.02099991,6.02099991
1996-04-11,6.12400007,6.12400007,6.12400007,6.12400007
1996-04-12,6.10599995,6.10599995,6.10599995,6.10599995
1996-04-16,5.9000001,5.9000001,5.9000001,5.9000001
1996-04-17,5.93400002,5.93400002,5.93400002,5.93400002
1996-04-18,5.98500013,5.98500013,5.98500013,5.98500013
1996-04-19,5.98500013,5.98500013,5.98500013,5.98500013
1996-04-23,5.91499996,5.91499996,5.91499996,5.91499996
1996-04-24,5.93100023,5.93100023,5.93100023,5.93100023
1996-04-25,5.9749999,5.9749999,5.9749999,5.9749999
1996-04-26,5.94099998,5.94099998,5.94099998,5.94099998
1996-04-30,5.99300003,5.99300003,5.99300003,5.99300003
1996-05-01,6.05999994,6.05999994,6.05999994,6.05999994
1996-05-02,6.01000023,6.01000023,6.01000023,6.01000023
1996-05-03,6.1960001,6.1960001,6.1960001,6.1960001
1996-05-07,6.14599991,6.14599991,6.14599991,6.14599991
1996-05-08,6.17999983,6.17999983,6.17999983,6.17999983
1996-05-09,6.11199999,6.11199999,6.11199999,6.11199999
1996-05-10,6.16400003,6.16400003,6.16400003,6.16400003
1996-05-14,6.04500008,6.04500008,6.04500008,6.04500008
1996-05-15,5.97599983,5.97599983,5.97599983,5.97599983
1996-05-16,5.99300003,5.99300003,5.99300003,5.99300003
1996-05-17,6.079,6.079,6.079,6.079
1996-05-21,6.02799988,6.02799988,6.02799988,6.02799988
1996-05-22,6.02799988,6.02799988,6.02799988,6.02799988
1996-05-23,5.99399996,5.99399996,5.99399996,5.99399996
1996-05-24,6.02799988,6.02799988,6.02799988,6.02799988
1996-05-29,6.02899981,6.02899981,6.02899981,6.02899981
1996-05-30,6.15199995,6.15199995,6.15199995,6.15199995
1996-05-31,6.18499994,6.18499994,6.18499994,6.18499994
1996-06-04,6.27099991,6.27099991,6.27099991,6.27099991
1996-06-05,6.25400019,6.25400019,6.25400019,6.25400019
1996-06-06,6.21999979,6.21999979,6.21999979,6.21999979
1996-06-07,6.15199995,6.15199995,6.15199995,6.15199995
1996-06-11,6.40999985,6.40999985,6.40999985,6.40999985
1996-06-12,6.37599993,6.37599993,6.37599993,6.37599993
1996-06-13,6.41099977,6.41099977,6.41099977,6.41099977
1996-06-14,6.32499981,6.32499981,6.32499981,6.32499981
1996-06-18,6.23899984,6.23899984,6.23899984,6.23899984
1996-06-19,6.29199982,6.29199982,6.29199982,6.29199982
1996-06-20,6.32700014,6.32700014,6.32700014,6.32700014
1996-06-21,6.32700014,6.32700014,6.32700014,6.32700014
1996-06-25,6.31099987,6.31099987,6.31099987,6.31099987
1996-06-26,6.29400015,6.29400015,6.29400015,6.29400015
1996-06-27,6.30000019,6.30000019,6.30000019,6.30000019
1996-06-28,6.2329998,6.2329998,6.2329998,6.2329998
1996-07-02,6.16499996,6.16499996,6.16499996,6.16499996
1996-07-03,6.21600008,6.21600008,6.21600008,6.21600008
1996-07-04,6.18100023,6.18100023,6.18100023,6.18100023
1996-07-09,6.4369998,6.4369998,6.4369998,6.4369998
1996-07-10,6.38600016,6.38600016,6.38600016,6.38600016
1996-07-11,6.30000019,6.30000019,6.30000019,6.30000019
1996-07-12,6.26599979,6.26599979,6.26599979,6.26599979
1996-07-16,6.30000019,6.30000019,6.30000019,6.30000019
1996-07-17,6.21299982,6.21299982,6.21299982,6.21299982
1996-07-18,6.23000002,6.23000002,6.23000002,6.23000002
1996-07-19,6.14400005,6.14400005,6.14400005,6.14400005
1996-07-23,6.24700022,6.24700022,6.24700022,6.24700022
1996-07-24,6.23000002,6.23000002,6.23000002,6.23000002
1996-07-25,6.28299999,6.28299999,6.28299999,6.28299999
1996-07-26,6.26599979,6.26599979,6.26599979,6.26599979
1996-07-30,6.35099983,6.35099983,6.35099983,6.35099983
1996-07-31,6.30100012,6.30100012,6.30100012,6.30100012
1996-08-01,6.21600008,6.21600008,6.21600008,6.21600008
1996-08-02,6.08099985,6.08099985,6.08099985,6.08099985
1996-08-06,5.94399977,5.94399977,5.94399977,5.94399977
1996-08-07,5.96099997,5.96099997,5.96099997,5.96099997
1996-08-08,5.96000004,5.96000004,5.96000004,5.96000004
1996-08-09,5.97700024,5.97700024,5.97700024,5.97700024
1996-08-13,5.90700006,5.90700006,5.90700006,5.90700006
1996-08-14,5.97399998,5.97399998,5.97399998,5.97399998
1996-08-15,5.95699978,5.95699978,5.95699978,5.95699978
1996-08-16,5.99100018,5.99100018,5.99100018,5.99100018
1996-08-20,5.954,5.954,5.954,5.954
1996-08-21,5.954,5.954,5.954,5.954
1996-08-22,5.98799992,5.98799992,5.98799992,5.98799992
1996-08-23,5.98699999,5.98699999,5.98699999,5.98699999
1996-08-27,6.17700005,6.17700005,6.17700005,6.17700005
1996-08-28,6.15899992,6.15899992,6.15899992,6.15899992
1996-08-29,6.17500019,6.17500019,6.17500019,6.17500019
1996-08-30,6.24300003,6.24300003,6.24300003,6.24300003
1996-09-04,6.31099987,6.31099987,6.31099987,6.31099987
1996-09-05,6.36199999,6.36199999,6.36199999,6.36199999
1996-09-06,6.39699984,6.39699984,6.39699984,6.39699984
1996-09-10,6.29500008,6.29500008,6.29500008,6.29500008
1996-09-11,6.329,6.329,6.329,6.329
1996-09-12,6.329,6.329,6.329,6.329
1996-09-13,6.27799988,6.27799988,6.27799988,6.27799988
1996-09-17,6.12300014,6.12300014,6.12300014,6.12300014
1996-09-18,6.26100016,6.26100016,6.26100016,6.26100016
1996-09-19,6.24399996,6.24399996,6.24399996,6.24399996
1996-09-20,6.26100016,6.26100016,6.26100016,6.26100016
1996-09-24,6.24399996,6.24399996,6.24399996,6.24399996
1996-09-25,6.13899994,6.13899994,6.13899994,6.13899994
1996-09-26,6.08699989,6.08699989,6.08699989,6.08699989
1996-09-27,6.05000019,6.05000019,6.05000019,6.05000019
1996-10-01,6.10099983,6.10099983,6.10099983,6.10099983
1996-10-02,6.03299999,6.03299999,6.03299999,6.03299999
1996-10-03,5.9829998,5.9829998,5.9829998,5.9829998
1996-10-04,5.99900007,5.99900007,5.99900007,5.99900007
1996-10-08,5.89699984,5.89699984,5.89699984,5.89699984
1996-10-09,5.93100023,5.93100023,5.93100023,5.93100023
1996-10-10,5.94799995,5.94799995,5.94799995,5.94799995
1996-10-11,5.99900007,5.99900007,5.99900007,5.99900007
1996-10-16,5.9289999,5.9289999,5.9289999,5.9289999
1996-10-17,5.91200018,5.91200018,5.91200018,5.91200018
1996-10-18,5.86000013,5.86000013,5.86000013,5.86000013
1996-10-22,5.89400005,5.89400005,5.89400005,5.89400005
1996-10-23,5.94500017,5.94500017,5.94500017,5.94500017
1996-10-24,5.92399979,5.92399979,5.92399979,5.92399979
1996-10-25,5.94099998,5.94099998,5.94099998,5.94099998
1996-10-29,5.92500019,5.92500019,5.92500019,5.92500019
1996-10-30,5.7579999,5.7579999,5.7579999,5.7579999
1996-10-31,5.80800009,5.80800009,5.80800009,5.80800009
1996-11-01,5.75699997,5.75699997,5.75699997,5.75699997
1996-11-05,5.77299976,5.77299976,5.77299976,5.77299976
1996-11-06,5.72200012,5.72200012,5.72200012,5.72200012
1996-11-07,5.75600004,5.75600004,5.75600004,5.75600004
1996-11-08,5.72200012,5.72200012,5.72200012,5.72200012
1996-11-13,5.71999979,5.71999979,5.71999979,5.71999979
1996-11-14,5.70300007,5.70300007,5.70300007,5.70300007
1996-11-15,5.65100002,5.65100002,5.65100002,5.65100002
1996-11-19,5.68400002,5.68400002,5.68400002,5.68400002
1996-11-20,5.66599989,5.66599989,5.66599989,5.66599989
1996-11-21,5.65700006,5.65700006,5.65700006,5.65700006
1996-11-22,5.67399979,5.67399979,5.67399979,5.67399979
1996-11-26,5.67500019,5.67500019,5.67500019,5.67500019
1996-11-27,5.65799999,5.65799999,5.65799999,5.65799999
1996-11-28,5.65799999,5.65799999,5.65799999,5.65799999
1996-12-03,5.6079998,5.6079998,5.6079998,5.6079998
1996-12-04,5.6079998,5.6079998,5.6079998,5.6079998
1996-12-05,5.64099979,5.64099979,5.64099979,5.64099979
1996-12-06,5.72599983,5.72599983,5.72599983,5.72599983
1996-12-10,5.69199991,5.69199991,5.69199991,5.69199991
1996-12-11,5.70900011,5.70900011,5.70900011,5.70900011
1996-12-12,5.82800007,5.82800007,5.82800007,5.82800007
1996-12-13,5.79400015,5.79400015,5.79400015,5.79400015
1996-12-17,5.8119998,5.8119998,5.8119998,5.8119998
1996-12-18,5.86399984,5.86399984,5.86399984,5.86399984
1996-12-19,5.91599989,5.91599989,5.91599989,5.91599989
1996-12-20,5.81699991,5.81699991,5.81699991,5.81699991
1996-12-24,5.85099983,5.85099983,5.85099983,5.85099983
1996-12-25,5.85099983,5.85099983,5.85099983,5.85099983
1996-12-27,5.83300018,5.83300018,5.83300018,5.83300018
1996-12-31,5.80000019,5.80000019,5.80000019,5.80000019
1997-01-01,5.88500023,5.88500023,5.88500023,5.88500023
1997-01-03,5.95200014,5.95200014,5.95200014,5.95200014
1997-01-07,5.96999979,5.96999979,5.96999979,5.96999979
1997-01-08,5.96999979,5.96999979,5.96999979,5.96999979
1997-01-09,6.00400019,6.00400019,6.00400019,6.00400019
1997-01-10,5.93599987,5.93599987,5.93599987,5.93599987
1997-01-14,6.05700016,6.05700016,6.05700016,6.05700016
1997-01-15,5.97100019,5.97100019,5.97100019,5.97100019
1997-01-16,5.954,5.954,5.954,5.954
1997-01-17,5.98899984,5.98899984,5.98899984,5.98899984
1997-01-22,5.95499992,5.95499992,5.95499992,5.95499992
1997-01-23,5.98999977,5.98999977,5.98999977,5.98999977
1997-01-24,6.04300022,6.04300022,6.04300022,6.04300022
1997-01-28,6.09399986,6.09399986,6.09399986,6.09399986
1997-01-29,6.06099987,6.06099987,6.06099987,6.06099987
1997-01-30,6.04300022,6.04300022,6.04300022,6.04300022
1997-01-31,6.01000023,6.01000023,6.01000023,6.01000023
1997-02-04,5.875,5.875,5.875,5.875
1997-02-05,5.87400007,5.87400007,5.87400007,5.87400007
1997-02-06,5.89099979,5.89099979,5.89099979,5.89099979
1997-02-07,5.90799999,5.90799999,5.90799999,5.90799999
1997-02-11,5.85699987,5.85699987,5.85699987,5.85699987
1997-02-12,5.85699987,5.85699987,5.85699987,5.85699987
1997-02-13,5.87300014,5.87300014,5.87300014,5.87300014
1997-02-14,5.80499983,5.80499983,5.80499983,5.80499983
1997-02-19,5.78700018,5.78700018,5.78700018,5.78700018
1997-02-20,5.8039999,5.8039999,5.8039999,5.8039999
1997-02-21,5.85500002,5.85500002,5.85500002,5.85500002
1997-02-25,5.85500002,5.85500002,5.85500002,5.85500002
1997-02-26,5.87200022,5.87200022,5.87200022,5.87200022
1997-02-27,6.04300022,6.04300022,6.04300022,6.04300022
1997-02-28,6.07700014,6.07700014,6.07700014,6.07700014
1997-03-04,6.09399986,6.09399986,6.09399986,6.09399986
1997-03-05,6.12900019,6.12900019,6.12900019,6.12900019
1997-03-06,6.09499979,6.09499979,6.09499979,6.09499979
1997-03-07,6.14599991,6.14599991,6.14599991,6.14599991
1997-03-11,6.09600019,6.09600019,6.09600019,6.09600019
1997-03-12,6.11299992,6.11299992,6.11299992,6.11299992
1997-03-13,6.11299992,6.11299992,6.11299992,6.11299992
1997-03-14,6.16499996,6.16499996,6.16499996,6.16499996
1997-03-18,6.20100021,6.20100021,6.20100021,6.20100021
1997-03-19,6.20100021,6.20100021,6.20100021,6.20100021
1997-03-20,6.21899986,6.21899986,6.21899986,6.21899986
1997-03-21,6.25400019,6.25400019,6.25400019,6.25400019
1997-03-25,6.25500011,6.25500011,6.25500011,6.25500011
1997-03-26,6.30800009,6.30800009,6.30800009,6.30800009
1997-03-27,6.3499999,6.3499999,6.3499999,6.3499999
1997-03-28,6.45300007,6.45300007,6.45300007,6.45300007
1997-04-01,6.41900015,6.41900015,6.41900015,6.41900015
1997-04-02,6.40199995,6.40199995,6.40199995,6.40199995
1997-04-03,6.40199995,6.40199995,6.40199995,6.40199995
1997-04-04,6.38500023,6.38500023,6.38500023,6.38500023
1997-04-08,6.38500023,6.38500023,6.38500023,6.38500023
1997-04-09,6.42000008,6.42000008,6.42000008,6.42000008
1997-04-10,6.42000008,6.42000008,6.42000008,6.42000008
1997-04-11,6.4369998,6.4369998,6.4369998,6.4369998
1997-04-15,6.52400017,6.52400017,6.52400017,6.52400017
1997-04-16,6.4380002,6.4380002,6.4380002,6.4380002
1997-04-17,6.45499992,6.45499992,6.45499992,6.45499992
1997-04-18,6.421,6.421,6.421,6.421
1997-04-22,6.4380002,6.4380002,6.4380002,6.4380002
1997-04-23,6.40399981,6.40399981,6.40399981,6.40399981
1997-04-24,6.4749999,6.4749999,6.4749999,6.4749999
1997-04-25,6.54400015,6.54400015,6.54400015,6.54400015
1997-04-29,6.49300003,6.49300003,6.49300003,6.49300003
1997-04-30,6.32399988,6.32399988,6.32399988,6.32399988
1997-05-01,6.27400017,6.27400017,6.27400017,6.27400017
1997-05-02,6.25600004,6.25600004,6.25600004,6.25600004
1997-05-06,6.25500011,6.25500011,6.25500011,6.25500011
1997-05-07,6.28900003,6.28900003,6.28900003,6.28900003
1997-05-08,6.34000015,6.34000015,6.34000015,6.34000015
1997-05-09,6.32299995,6.32299995,6.32299995,6.32299995
1997-05-13,6.21899986,6.21899986,6.21899986,6.21899986
1997-05-14,6.28700018,6.28700018,6.28700018,6.28700018
1997-05-15,6.23500013,6.23500013,6.23500013,6.23500013
1997-05-16,6.21799994,6.21799994,6.21799994,6.21799994
1997-05-20,6.26900005,6.26900005,6.26900005,6.26900005
1997-05-21,6.19899988,6.19899988,6.19899988,6.19899988
1997-05-22,6.21600008,6.21600008,6.21600008,6.21600008
1997-05-23,6.2329998,6.2329998,6.2329998,6.2329998
1997-05-28,6.28399992,6.28399992,6.28399992,6.28399992
1997-05-29,6.30100012,6.30100012,6.30100012,6.30100012
1997-05-30,6.30100012,6.30100012,6.30100012,6.30100012
1997-06-03,6.21600008,6.21600008,6.21600008,6.21600008
1997-06-04,6.18200016,6.18200016,6.18200016,6.18200016
1997-06-05,6.19899988,6.19899988,6.19899988,6.19899988
1997-06-06,6.19899988,6.19899988,6.19899988,6.19899988
1997-06-10,6.14699984,6.14699984,6.14699984,6.14699984
1997-06-11,6.16400003,6.16400003,6.16400003,6.16400003
1997-06-12,6.17999983,6.17999983,6.17999983,6.17999983
1997-06-13,6.07800007,6.07800007,6.07800007,6.07800007
1997-06-17,6.0079999,6.0079999,6.0079999,6.0079999
1997-06-18,6.04199982,6.04199982,6.04199982,6.04199982
1997-06-19,6.00699997,6.00699997,6.00699997,6.00699997
1997-06-20,6.00600004,6.00600004,6.00600004,6.00600004
1997-06-24,6.03900003,6.03900003,6.03900003,6.03900003
1997-06-25,6.02199984,6.02199984,6.02199984,6.02199984
1997-06-27,6.05000019,6.05000019,6.05000019,6.05000019
1997-07-01,6.08400011,6.08400011,6.08400011,6.08400011
1997-07-02,6.03299999,6.03299999,6.03299999,6.03299999
1997-07-03,6.01599979,6.01599979,6.01599979,6.01599979
1997-07-04,5.93100023,5.93100023,5.93100023,5.93100023
1997-07-08,5.89699984,5.89699984,5.89699984,5.89699984
1997-07-09,5.91400003,5.91400003,5.91400003,5.91400003
1997-07-10,5.89699984,5.89699984,5.89699984,5.89699984
1997-07-11,5.89599991,5.89599991,5.89599991,5.89599991
1997-07-15,5.92999983,5.92999983,5.92999983,5.92999983
1997-07-16,5.91200018,5.91200018,5.91200018,5.91200018
1997-07-17,5.86100006,5.86100006,5.86100006,5.86100006
1997-07-18,5.86000013,5.86000013,5.86000013,5.86000013
1997-07-22,5.92799997,5.92799997,5.92799997,5.92799997
1997-07-23,5.82399988,5.82399988,5.82399988,5.82399988
1997-07-24,5.875,5.875,5.875,5.875
1997-07-25,5.8579998,5.8579998,5.8579998,5.8579998
1997-07-29,5.84100008,5.84100008,5.84100008,5.84100008
1997-07-30,5.79099989,5.79099989,5.79099989,5.79099989
1997-07-31,5.7579999,5.7579999,5.7579999,5.7579999
1997-08-01,5.74100018,5.74100018,5.74100018,5.74100018
1997-08-05,5.90799999,5.90799999,5.90799999,5.90799999
1997-08-06,5.92500019,5.92500019,5.92500019,5.92500019
1997-08-07,5.90799999,5.90799999,5.90799999,5.90799999
1997-08-08,5.92500019,5.92500019,5.92500019,5.92500019
1997-08-12,5.97599983,5.97599983,5.97599983,5.97599983
1997-08-13,6.01000023,6.01000023,6.01000023,6.01000023
1997-08-14,5.94199991,5.94199991,5.94199991,5.94199991
1997-08-15,5.87300014,5.87300014,5.87300014,5.87300014
1997-08-19,5.8210001,5.8210001,5.8210001,5.8210001
1997-08-20,5.83799982,5.83799982,5.83799982,5.83799982
1997-08-21,5.87300014,5.87300014,5.87300014,5.87300014
1997-08-22,5.92399979,5.92399979,5.92399979,5.92399979
1997-08-26,5.99399996,5.99399996,5.99399996,5.99399996
1997-08-27,5.97599983,5.97599983,5.97599983,5.97599983
1997-08-28,5.99300003,5.99300003,5.99300003,5.99300003
1997-08-29,5.92600012,5.92600012,5.92600012,5.92600012
1997-09-03,5.92600012,5.92600012,5.92600012,5.92600012
1997-09-04,5.95900011,5.95900011,5.95900011,5.95900011
1997-09-05,5.97599983,5.97599983,5.97599983,5.97599983
1997-09-09,5.95900011,5.95900011,5.95900011,5.95900011
1997-09-10,5.95900011,5.95900011,5.95900011,5.95900011
1997-09-11,5.99399996,5.99399996,5.99399996,5.99399996
1997-09-12,6.01100016,6.01100016,6.01100016,6.01100016
1997-09-16,5.90799999,5.90799999,5.90799999,5.90799999
1997-09-17,5.80499983,5.80499983,5.80499983,5.80499983
1997-09-18,5.78800011,5.78800011,5.78800011,5.78800011
1997-09-19,5.82200003,5.82200003,5.82200003,5.82200003
1997-09-23,5.78599977,5.78599977,5.78599977,5.78599977
1997-09-24,5.69999981,5.69999981,5.69999981,5.69999981
1997-09-25,5.7670002,5.7670002,5.7670002,5.7670002
1997-09-26,5.83400011,5.83400011,5.83400011,5.83400011
1997-09-30,5.78399992,5.78399992,5.78399992,5.78399992
1997-10-01,5.78299999,5.78299999,5.78299999,5.78299999
1997-10-02,5.75,5.75,5.75,5.75
1997-10-03,5.7329998,5.7329998,5.7329998,5.7329998
1997-10-07,5.66499996,5.66499996,5.66499996,5.66499996
1997-10-08,5.64799976,5.64799976,5.64799976,5.64799976
1997-10-09,5.78299999,5.78299999,5.78299999,5.78299999
1997-10-10,5.78299999,5.78299999,5.78299999,5.78299999
1997-10-14,5.85099983,5.85099983,5.85099983,5.85099983
1997-10-15,5.80000019,5.80000019,5.80000019,5.80000019
1997-10-16,5.83400011,5.83400011,5.83400011,5.83400011
1997-10-17,5.83400011,5.83400011,5.83400011,5.83400011
1997-10-21,5.88600016,5.88600016,5.88600016,5.88600016
1997-10-22,5.88600016,5.88600016,5.88600016,5.88600016
1997-10-23,5.90299988,5.90299988,5.90299988,5.90299988
1997-10-24,5.78200006,5.78200006,5.78200006,5.78200006
1997-10-28,5.53900003,5.53900003,5.53900003,5.53900003
1997-10-29,5.6079998,5.6079998,5.6079998,5.6079998
1997-10-30,5.625,5.625,5.625,5.625
1997-10-31,5.59200001,5.59200001,5.59200001,5.59200001
1997-11-04,5.69199991,5.69199991,5.69199991,5.69199991
1997-11-05,5.70900011,5.70900011,5.70900011,5.70900011
1997-11-06,5.69199991,5.69199991,5.69199991,5.69199991
1997-11-07,5.69199991,5.69199991,5.69199991,5.69199991
1997-11-11,5.72599983,5.72599983,5.72599983,5.72599983
1997-11-13,5.67500019,5.67500019,5.67500019,5.67500019
1997-11-14,5.67500019,5.67500019,5.67500019,5.67500019
1997-11-18,5.69199991,5.69199991,5.69199991,5.69199991
1997-11-19,5.70900011,5.70900011,5.70900011,5.70900011
1997-11-20,5.69199991,5.69199991,5.69199991,5.69199991
1997-11-21,5.72599983,5.72599983,5.72599983,5.72599983
1997-11-25,5.70900011,5.70900011,5.70900011,5.70900011
1997-11-26,5.70900011,5.70900011,5.70900011,5.70900011
1997-11-27,5.72599983,5.72599983,5.72599983,5.72599983
1997-12-02,5.77600002,5.77600002,5.77600002,5.77600002
1997-12-03,5.76000023,5.76000023,5.76000023,5.76000023
1997-12-04,5.72599983,5.72599983,5.72599983,5.72599983
1997-12-05,5.70900011,5.70900011,5.70900011,5.70900011
1997-12-09,5.82800007,5.82800007,5.82800007,5.82800007
1997-12-10,5.79400015,5.79400015,5.79400015,5.79400015
1997-12-11,5.72599983,5.72599983,5.72599983,5.72599983
1997-12-12,5.65799999,5.65799999,5.65799999,5.65799999
1997-12-16,5.65799999,5.65799999,5.65799999,5.65799999
1997-12-17,5.67500019,5.67500019,5.67500019,5.67500019
1997-12-18,5.70900011,5.70900011,5.70900011,5.70900011
1997-12-19,5.65799999,5.65799999,5.65799999,5.65799999
1997-12-23,5.67500019,5.67500019,5.67500019,5.67500019
1997-12-24,5.65799999,5.65799999,5.65799999,5.65799999
1997-12-25,5.69199991,5.69199991,5.69199991,5.69199991
1997-12-30,5.69199991,5.69199991,5.69199991,5.69199991
1997-12-31,5.70900011,5.70900011,5.70900011,5.70900011
1998-01-01,5.65799999,5.65799999,5.65799999,5.65799999
1998-01-06,5.45599985,5.45599985,5.45599985,5.45599985
1998-01-07,5.38800001,5.38800001,5.38800001,5.38800001
1998-01-08,5.40500021,5.40500021,5.40500021,5.40500021
1998-01-09,5.30299997,5.30299997,5.30299997,5.30299997
1998-01-13,5.18300009,5.18300009,5.18300009,5.18300009
1998-01-14,5.25,5.25,5.25,5.25
1998-01-15,5.28299999,5.28299999,5.28299999,5.28299999
1998-01-16,5.26599979,5.26599979,5.26599979,5.26599979
1998-01-21,5.3829999,5.3829999,5.3829999,5.3829999
1998-01-22,5.33099985,5.33099985,5.33099985,5.33099985
1998-01-23,5.3130002,5.3130002,5.3130002,5.3130002
1998-01-27,5.38000011,5.38000011,5.38000011,5.38000011
1998-01-28,5.46600008,5.46600008,5.46600008,5.46600008
1998-01-29,5.45900011,5.45900011,5.45900011,5.45900011
1998-01-30,5.34200001,5.34200001,5.34200001,5.34200001
1998-02-03,5.3579998,5.3579998,5.3579998,5.3579998
1998-02-04,5.32499981,5.32499981,5.32499981,5.32499981
1998-02-05,5.32499981,5.32499981,5.32499981,5.32499981
1998-02-06,5.375,5.375,5.375,5.375
1998-02-10,5.39099979,5.39099979,5.39099979,5.39099979
1998-02-11,5.40799999,5.40799999,5.40799999,5.40799999
1998-02-12,5.39099979,5.39099979,5.39099979,5.39099979
1998-02-13,5.35699987,5.35699987,5.35699987,5.35699987
1998-02-18,5.33900023,5.33900023,5.33900023,5.33900023
1998-02-19,5.35599995,5.35599995,5.35599995,5.35599995
1998-02-20,5.38999987,5.38999987,5.38999987,5.38999987
1998-02-24,5.44199991,5.44199991,5.44199991,5.44199991
1998-02-25,5.5630002,5.5630002,5.5630002,5.5630002
1998-02-26,5.53399992,5.53399992,5.53399992,5.53399992
1998-02-27,5.58400011,5.58400011,5.58400011,5.58400011
1998-03-03,5.58400011,5.58400011,5.58400011,5.58400011
1998-03-04,5.63500023,5.63500023,5.63500023,5.63500023
1998-03-05,5.58400011,5.58400011,5.58400011,5.58400011
1998-03-06,5.6170001,5.6170001,5.6170001,5.6170001
1998-03-10,5.55000019,5.55000019,5.55000019,5.55000019
1998-03-11,5.53299999,5.53299999,5.53299999,5.53299999
1998-03-12,5.53299999,5.53299999,5.53299999,5.53299999
1998-03-13,5.46500015,5.46500015,5.46500015,5.46500015
1998-03-17,5.46400023,5.46400023,5.46400023,5.46400023
1998-03-18,5.49800014,5.49800014,5.49800014,5.49800014
1998-03-19,5.49800014,5.49800014,5.49800014,5.49800014
1998-03-20,5.51499987,5.51499987,5.51499987,5.51499987
1998-03-24,5.53200006,5.53200006,5.53200006,5.53200006
1998-03-25,5.53200006,5.53200006,5.53200006,5.53200006
1998-03-26,5.58400011,5.58400011,5.58400011,5.58400011
1998-03-27,5.63399982,5.63399982,5.63399982,5.63399982
1998-03-31,5.63399982,5.63399982,5.63399982,5.63399982
1998-04-01,5.56699991,5.56699991,5.56699991,5.56699991
1998-04-02,5.53299999,5.53299999,5.53299999,5.53299999
1998-04-03,5.51599979,5.51599979,5.51599979,5.51599979
1998-04-07,5.44899988,5.44899988,5.44899988,5.44899988
1998-04-08,5.44899988,5.44899988,5.44899988,5.44899988
1998-04-09,5.46500015,5.46500015,5.46500015,5.46500015
1998-04-10,5.49900007,5.49900007,5.49900007,5.49900007
1998-04-14,5.56699991,5.56699991,5.56699991,5.56699991
1998-04-15,5.55000019,5.55000019,5.55000019,5.55000019
1998-04-16,5.53299999,5.53299999,5.53299999,5.53299999
1998-04-17,5.51499987,5.51499987,5.51499987,5.51499987
1998-04-21,5.56699991,5.56699991,5.56699991,5.56699991
1998-04-22,5.60099983,5.60099983,5.60099983,5.60099983
1998-04-23,5.60099983,5.60099983,5.60099983,5.60099983
1998-04-24,5.61899996,5.61899996,5.61899996,5.61899996
1998-04-28,5.6880002,5.6880002,5.6880002,5.6880002
1998-04-29,5.70599985,5.70599985,5.70599985,5.70599985
1998-04-30,5.70900011,5.70900011,5.70900011,5.70900011
1998-05-01,5.70900011,5.70900011,5.70900011,5.70900011
1998-05-05,5.57399988,5.57399988,5.57399988,5.57399988
1998-05-06,5.62400007,5.62400007,5.62400007,5.62400007
1998-05-07,5.53999996,5.53999996,5.53999996,5.53999996
1998-05-08,5.55700016,5.55700016,5.55700016,5.55700016
1998-05-12,5.65799999,5.65799999,5.65799999,5.65799999
1998-05-13,5.60699987,5.60699987,5.60699987,5.60699987
1998-05-14,5.58900023,5.58900023,5.58900023,5.58900023
1998-05-15,5.62300014,5.62300014,5.62300014,5.62300014
1998-05-19,5.58900023,5.58900023,5.58900023,5.58900023
1998-05-20,5.58900023,5.58900023,5.58900023,5.58900023
1998-05-21,5.5710001,5.5710001,5.5710001,5.5710001
1998-05-22,5.62300014,5.62300014,5.62300014,5.62300014
1998-05-27,5.58799982,5.58799982,5.58799982,5.58799982
1998-05-28,5.46700001,5.46700001,5.46700001,5.46700001
1998-05-29,5.55000019,5.55000019,5.55000019,5.55000019
1998-06-02,5.5170002,5.5170002,5.5170002,5.5170002
1998-06-03,5.53299999,5.53299999,5.53299999,5.53299999
1998-06-04,5.53299999,5.53299999,5.53299999,5.53299999
1998-06-05,5.56699991,5.56699991,5.56699991,5.56699991
1998-06-09,5.58400011,5.58400011,5.58400011,5.58400011
1998-06-10,5.61800003,5.61800003,5.61800003,5.61800003
1998-06-11,5.53299999,5.53299999,5.53299999,5.53299999
1998-06-12,5.44799995,5.44799995,5.44799995,5.44799995
1998-06-16,5.39599991,5.39599991,5.39599991,5.39599991
1998-06-17,5.51599979,5.51599979,5.51599979,5.51599979
1998-06-18,5.53299999,5.53299999,5.53299999,5.53299999
1998-06-19,5.55000019,5.55000019,5.55000019,5.55000019
1998-06-23,5.51499987,5.51499987,5.51499987,5.51499987
1998-06-24,5.40799999,5.40799999,5.40799999,5.40799999
1998-06-25,5.50899982,5.50899982,5.50899982,5.50899982
1998-06-26,5.50899982,5.50899982,5.50899982,5.50899982
1998-06-30,5.50899982,5.50899982,5.50899982,5.50899982
1998-07-01,5.4749999,5.4749999,5.4749999,5.4749999
1998-07-02,5.45900011,5.45900011,5.45900011,5.45900011
1998-07-03,5.44199991,5.44199991,5.44199991,5.44199991
1998-07-07,5.42500019,5.42500019,5.42500019,5.42500019
1998-07-08,5.44199991,5.44199991,5.44199991,5.44199991
1998-07-09,5.44199991,5.44199991,5.44199991,5.44199991
1998-07-10,5.42500019,5.42500019,5.42500019,5.42500019
1998-07-14,5.45900011,5.45900011,5.45900011,5.45900011
1998-07-15,5.45900011,5.45900011,5.45900011,5.45900011
1998-07-16,5.44199991,5.44199991,5.44199991,5.44199991
1998-07-17,5.45900011,5.45900011,5.45900011,5.45900011
1998-07-21,5.45900011,5.45900011,5.45900011,5.45900011
1998-07-22,5.45900011,5.45900011,5.45900011,5.45900011
1998-07-23,5.47599983,5.47599983,5.47599983,5.47599983
1998-07-24,5.45900011,5.45900011,5.45900011,5.45900011
1998-07-28,5.47599983,5.47599983,5.47599983,5.47599983
1998-07-29,5.47599983,5.47599983,5.47599983,5.47599983
1998-07-30,5.51100016,5.51100016,5.51100016,5.51100016
1998-07-31,5.4920001,5.4920001,5.4920001,5.4920001
1998-08-04,5.45900011,5.45900011,5.45900011,5.45900011
1998-08-05,5.39099979,5.39099979,5.39099979,5.39099979
1998-08-06,5.40799999,5.40799999,5.40799999,5.40799999
1998-08-07,5.39099979,5.39099979,5.39099979,5.39099979
1998-08-11,5.34000015,5.34000015,5.34000015,5.34000015
1998-08-12,5.30600023,5.30600023,5.30600023,5.30600023
1998-08-13,5.30600023,5.30600023,5.30600023,5.30600023
1998-08-14,5.37400007,5.37400007,5.37400007,5.37400007
1998-08-18,5.32200003,5.32200003,5.32200003,5.32200003
1998-08-19,5.33900023,5.33900023,5.33900023,5.33900023
1998-08-20,5.33900023,5.33900023,5.33900023,5.33900023
1998-08-21,5.32200003,5.32200003,5.32200003,5.32200003
1998-08-25,5.20100021,5.20100021,5.20100021,5.20100021
1998-08-26,5.16599989,5.16599989,5.16599989,5.16599989
1998-08-27,4.89300013,4.89300013,4.89300013,4.89300013
1998-08-28,4.92600012,4.92600012,4.92600012,4.92600012
1998-09-01,4.87599993,4.87599993,4.87599993,4.87599993
1998-09-02,4.875,4.875,4.875,4.875
1998-09-03,4.94099998,4.94099998,4.94099998,4.94099998
1998-09-04,4.90799999,4.90799999,4.90799999,4.90799999
1998-09-09,4.92299986,4.92299986,4.92299986,4.92299986
1998-09-10,4.75500011,4.75500011,4.75500011,4.75500011
1998-09-11,4.62099981,4.62099981,4.62099981,4.62099981
1998-09-15,4.70200014,4.70200014,4.70200014,4.70200014
1998-09-16,4.73500013,4.73500013,4.73500013,4.73500013
1998-09-17,4.75099993,4.75099993,4.75099993,4.75099993
1998-09-18,4.66599989,4.66599989,4.66599989,4.66599989
1998-09-22,4.62900019,4.62900019,4.62900019,4.62900019
1998-09-23,4.64599991,4.64599991,4.64599991,4.64599991
1998-09-24,4.57700014,4.57700014,4.57700014,4.57700014
1998-09-25,4.44999981,4.44999981,4.44999981,4.44999981
1998-09-29,4.43400002,4.43400002,4.43400002,4.43400002
1998-09-30,4.44999981,4.44999981,4.44999981,4.44999981
1998-10-01,4.30200005,4.30200005,4.30200005,4.30200005
1998-10-02,4.15399981,4.15399981,4.15399981,4.15399981
1998-10-06,4.03599977,4.03599977,4.03599977,4.03599977
1998-10-07,4.06799984,4.06799984,4.06799984,4.06799984
1998-10-08,4.13399982,4.13399982,4.13399982,4.13399982
1998-10-09,4.1329999,4.1329999,4.1329999,4.1329999
1998-10-14,4.13100004,4.13100004,4.13100004,4.13100004
1998-10-15,4.09700012,4.09700012,4.09700012,4.09700012
1998-10-16,3.84599996,3.84599996,3.84599996,3.84599996
1998-10-20,3.90899992,3.90899992,3.90899992,3.90899992
1998-10-21,3.9920001,3.9920001,3.9920001,3.9920001
1998-10-22,4.07600021,4.07600021,4.07600021,4.07600021
1998-10-23,4.14300013,4.14300013,4.14300013,4.14300013
1998-10-27,4.20800018,4.20800018,4.20800018,4.20800018
1998-10-28,4.10599995,4.10599995,4.10599995,4.10599995
1998-10-29,4.10500002,4.10500002,4.10500002,4.10500002
1998-10-30,4,4,4,4
1998-11-03,4.28100014,4.28100014,4.28100014,4.28100014
1998-11-04,4.24800014,4.24800014,4.24800014,4.24800014
1998-11-05,4.44799995,4.44799995,4.44799995,4.44799995
1998-11-06,4.51599979,4.51599979,4.51599979,4.51599979
1998-11-10,4.56899977,4.56899977,4.56899977,4.56899977
1998-11-11,4.51999998,4.51999998,4.51999998,4.51999998
1998-11-12,4.5539999,4.5539999,4.5539999,4.5539999
1998-11-13,4.46999979,4.46999979,4.46999979,4.46999979
1998-11-17,4.57399988,4.57399988,4.57399988,4.57399988
1998-11-18,4.57499981,4.57499981,4.57499981,4.57499981
1998-11-19,4.60900021,4.60900021,4.60900021,4.60900021
1998-11-20,4.66200018,4.66200018,4.66200018,4.66200018
1998-11-24,4.66499996,4.66499996,4.66499996,4.66499996
1998-11-25,4.68300009,4.68300009,4.68300009,4.68300009
1998-11-26,4.65799999,4.65799999,4.65799999,4.65799999
1998-12-01,4.50899982,4.50899982,4.50899982,4.50899982
1998-12-02,4.45900011,4.45900011,4.45900011,4.45900011
1998-12-03,4.36000013,4.36000013,4.36000013,4.36000013
1998-12-04,4.30999994,4.30999994,4.30999994,4.30999994
1998-12-08,4.52400017,4.52400017,4.52400017,4.52400017
1998-12-09,4.42399979,4.42399979,4.42399979,4.42399979
1998-12-10,4.44000006,4.44000006,4.44000006,4.44000006
1998-12-11,4.38999987,4.38999987,4.38999987,4.38999987
1998-12-15,4.42199993,4.42199993,4.42199993,4.42199993
1998-12-16,4.45499992,4.45499992,4.45499992,4.45499992
1998-12-17,4.35400009,4.35400009,4.35400009,4.35400009
1998-12-18,4.421,4.421,4.421,4.421
1998-12-22,4.52099991,4.52099991,4.52099991,4.52099991
1998-12-23,4.58900023,4.58900023,4.58900023,4.58900023
1998-12-24,4.69199991,4.69199991,4.69199991,4.69199991
1998-12-25,4.76100016,4.76100016,4.76100016,4.76100016
1998-12-29,4.69199991,4.69199991,4.69199991,4.69199991
1998-12-30,4.6420002,4.6420002,4.6420002,4.6420002
1998-12-31,4.54199982,4.54199982,4.54199982,4.54199982
1999-01-01,4.54199982,4.54199982,4.54199982,4.54199982
1999-01-05,4.57499981,4.57499981,4.57499981,4.57499981
1999-01-06,4.64099979,4.64099979,4.64099979,4.64099979
1999-01-07,4.59100008,4.59100008,4.59100008,4.59100008
1999-01-08,4.64099979,4.64099979,4.64099979,4.64099979
1999-01-12,4.7420001,4.7420001,4.7420001,4.7420001
1999-01-13,4.65799999,4.65799999,4.65799999,4.65799999
1999-01-14,4.60699987,4.60699987,4.60699987,4.60699987
1999-01-15,4.45599985,4.45599985,4.45599985,4.45599985
1999-01-20,4.62400007,4.62400007,4.62400007,4.62400007
1999-01-21,4.64099979,4.64099979,4.64099979,4.64099979
1999-01-22,4.60599995,4.60599995,4.60599995,4.60599995
1999-01-26,4.60599995,4.60599995,4.60599995,4.60599995
1999-01-27,4.62300014,4.62300014,4.62300014,4.62300014
1999-01-28,4.46700001,4.46700001,4.46700001,4.46700001
1999-01-29,4.56599998,4.56599998,4.56599998,4.56599998
1999-02-02,4.64900017,4.64900017,4.64900017,4.64900017
1999-02-03,4.69899988,4.69899988,4.69899988,4.69899988
1999-02-04,4.71600008,4.71600008,4.71600008,4.71600008
1999-02-05,4.7670002,4.7670002,4.7670002,4.7670002
1999-02-09,4.78499985,4.78499985,4.78499985,4.78499985
1999-02-10,4.75099993,4.75099993,4.75099993,4.75099993
1999-02-11,4.78499985,4.78499985,4.78499985,4.78499985
1999-02-12,4.81899977,4.81899977,4.81899977,4.81899977
1999-02-17,4.90600014,4.90600014,4.90600014,4.90600014
1999-02-18,4.87300014,4.87300014,4.87300014,4.87300014
1999-02-19,4.92399979,4.92399979,4.92399979,4.92399979
1999-02-23,4.90899992,4.90899992,4.90899992,4.90899992
1999-02-24,4.99599981,4.99599981,4.99599981,4.99599981
1999-02-25,5.08300018,5.08300018,5.08300018,5.08300018
1999-02-26,5.21700001,5.21700001,5.21700001,5.21700001
1999-03-02,5.19999981,5.19999981,5.19999981,5.19999981
1999-03-03,5.13399982,5.13399982,5.13399982,5.13399982
1999-03-04,5.18400002,5.18400002,5.18400002,5.18400002
1999-03-05,5.20100021,5.20100021,5.20100021,5.20100021
1999-03-09,5.0999999,5.0999999,5.0999999,5.0999999
1999-03-10,5.01599979,5.01599979,5.01599979,5.01599979
1999-03-11,5.03299999,5.03299999,5.03299999,5.03299999
1999-03-12,5.03299999,5.03299999,5.03299999,5.03299999
1999-03-16,4.98199987,4.98199987,4.98199987,4.98199987
1999-03-17,4.96500015,4.96500015,4.96500015,4.96500015
1999-03-18,4.98199987,4.98199987,4.98199987,4.98199987
1999-03-19,4.98199987,4.98199987,4.98199987,4.98199987
1999-03-23,5.06699991,5.06699991,5.06699991,5.06699991
1999-03-24,4.99800014,4.99800014,4.99800014,4.99800014
1999-03-25,4.99800014,4.99800014,4.99800014,4.99800014
1999-03-26,5.0250001,5.0250001,5.0250001,5.0250001
1999-03-30,5.0079999,5.0079999,5.0079999,5.0079999
1999-03-31,4.9749999,4.9749999,4.9749999,4.9749999
1999-04-01,4.99100018,4.99100018,4.99100018,4.99100018
1999-04-02,5.0079999,5.0079999,5.0079999,5.0079999
1999-04-06,4.94099998,4.94099998,4.94099998,4.94099998
1999-04-07,4.90799999,4.90799999,4.90799999,4.90799999
1999-04-08,4.90799999,4.90799999,4.90799999,4.90799999
1999-04-09,4.85699987,4.85699987,4.85699987,4.85699987
1999-04-13,4.90799999,4.90799999,4.90799999,4.90799999
1999-04-14,4.92500019,4.92500019,4.92500019,4.92500019
1999-04-15,4.95800018,4.95800018,4.95800018,4.95800018
1999-04-16,4.95900011,4.95900011,4.95900011,4.95900011
1999-04-20,4.94199991,4.94199991,4.94199991,4.94199991
1999-04-21,4.94199991,4.94199991,4.94199991,4.94199991
1999-04-22,4.97599983,4.97599983,4.97599983,4.97599983
1999-04-23,5.02699995,5.02699995,5.02699995,5.02699995
1999-04-27,5.01100016,5.01100016,5.01100016,5.01100016
1999-04-28,4.99399996,4.99399996,4.99399996,4.99399996
1999-04-29,5.046,5.046,5.046,5.046
1999-04-30,4.96700001,4.96700001,4.96700001,4.96700001
1999-05-04,5.06599998,5.06599998,5.06599998,5.06599998
1999-05-05,5.0999999,5.0999999,5.0999999,5.0999999
1999-05-06,5.0999999,5.0999999,5.0999999,5.0999999
1999-05-07,5.16699982,5.16699982,5.16699982,5.16699982
1999-05-11,5.15100002,5.15100002,5.15100002,5.15100002
1999-05-12,5.16800022,5.16800022,5.16800022,5.16800022
1999-05-13,5.18499994,5.18499994,5.18499994,5.18499994
1999-05-14,5.1170001,5.1170001,5.1170001,5.1170001
1999-05-18,5.28900003,5.28900003,5.28900003,5.28900003
1999-05-19,5.34000015,5.34000015,5.34000015,5.34000015
1999-05-20,5.34100008,5.34100008,5.34100008,5.34100008
1999-05-21,5.34100008,5.34100008,5.34100008,5.34100008
1999-05-25,5.23899984,5.23899984,5.23899984,5.23899984
1999-05-26,5.25600004,5.25600004,5.25600004,5.25600004
1999-05-27,5.36100006,5.36100006,5.36100006,5.36100006
1999-05-28,5.41699982,5.41699982,5.41699982,5.41699982
1999-06-02,5.53499985,5.53499985,5.53499985,5.53499985
1999-06-03,5.51800013,5.51800013,5.51800013,5.51800013
1999-06-04,5.53599977,5.53599977,5.53599977,5.53599977
1999-06-08,5.53700018,5.53700018,5.53700018,5.53700018
1999-06-09,5.5710001,5.5710001,5.5710001,5.5710001
1999-06-10,5.62200022,5.62200022,5.62200022,5.62200022
1999-06-11,5.63999987,5.63999987,5.63999987,5.63999987
1999-06-15,5.64099979,5.64099979,5.64099979,5.64099979
1999-06-16,5.65899992,5.65899992,5.65899992,5.65899992
1999-06-17,5.59100008,5.59100008,5.59100008,5.59100008
1999-06-18,5.48799992,5.48799992,5.48799992,5.48799992
1999-06-22,5.59299994,5.59299994,5.59299994,5.59299994
1999-06-23,5.62799978,5.62799978,5.62799978,5.62799978
1999-06-24,5.71500015,5.71500015,5.71500015,5.71500015
1999-06-25,5.7329998,5.7329998,5.7329998,5.7329998
1999-06-29,5.66599989,5.66599989,5.66599989,5.66599989
1999-06-30,5.69999981,5.69999981,5.69999981,5.69999981
1999-07-01,5.51599979,5.51599979,5.51599979,5.51599979
1999-07-02,5.58199978,5.58199978,5.58199978,5.58199978
1999-07-07,5.61399984,5.61399984,5.61399984,5.61399984
1999-07-08,5.61399984,5.61399984,5.61399984,5.61399984
1999-07-09,5.5630002,5.5630002,5.5630002,5.5630002
1999-07-13,5.51100016,5.51100016,5.51100016,5.51100016
1999-07-14,5.51000023,5.51000023,5.51000023,5.51000023
1999-07-15,5.54400015,5.54400015,5.54400015,5.54400015
1999-07-16,5.52600002,5.52600002,5.52600002,5.52600002
1999-07-20,5.45599985,5.45599985,5.45599985,5.45599985
1999-07-21,5.40500021,5.40500021,5.40500021,5.40500021
1999-07-22,5.421,5.421,5.421,5.421
1999-07-23,5.50600004,5.50600004,5.50600004,5.50600004
1999-07-27,5.57399988,5.57399988,5.57399988,5.57399988
1999-07-28,5.55600023,5.55600023,5.55600023,5.55600023
1999-07-29,5.55600023,5.55600023,5.55600023,5.55600023
1999-07-30,5.5999999,5.5999999,5.5999999,5.5999999
1999-08-03,5.65100002,5.65100002,5.65100002,5.65100002
1999-08-04,5.66800022,5.66800022,5.66800022,5.66800022
1999-08-05,5.63399982,5.63399982,5.63399982,5.63399982
1999-08-06,5.53299999,5.53299999,5.53299999,5.53299999
1999-08-10,5.77099991,5.77099991,5.77099991,5.77099991
1999-08-11,5.78800011,5.78800011,5.78800011,5.78800011
1999-08-12,5.73699999,5.73699999,5.73699999,5.73699999
1999-08-13,5.77099991,5.77099991,5.77099991,5.77099991
1999-08-17,5.72100019,5.72100019,5.72100019,5.72100019
1999-08-18,5.67000008,5.67000008,5.67000008,5.67000008
1999-08-19,5.63500023,5.63500023,5.63500023,5.63500023
1999-08-20,5.63500023,5.63500023,5.63500023,5.63500023
1999-08-24,5.65299988,5.65299988,5.65299988,5.65299988
1999-08-25,5.60099983,5.60099983,5.60099983,5.60099983
1999-08-26,5.51499987,5.51499987,5.51499987,5.51499987
1999-08-27,5.58400011,5.58400011,5.58400011,5.58400011
1999-08-31,5.73600006,5.73600006,5.73600006,5.73600006
1999-09-01,5.73600006,5.73600006,5.73600006,5.73600006
1999-09-02,5.71899986,5.71899986,5.71899986,5.71899986
1999-09-03,5.73500013,5.73500013,5.73500013,5.73500013
1999-09-08,5.68499994,5.68499994,5.68499994,5.68499994
1999-09-09,5.65199995,5.65199995,5.65199995,5.65199995
1999-09-10,5.68599987,5.68599987,5.68599987,5.68599987
1999-09-14,5.66900015,5.66900015,5.66900015,5.66900015
1999-09-15,5.68599987,5.68599987,5.68599987,5.68599987
1999-09-16,5.63500023,5.63500023,5.63500023,5.63500023
1999-09-17,5.61800003,5.61800003,5.61800003,5.61800003
1999-09-21,5.65299988,5.65299988,5.65299988,5.65299988
1999-09-22,5.65299988,5.65299988,5.65299988,5.65299988
1999-09-23,5.63600016,5.63600016,5.63600016,5.63600016
1999-09-24,5.54899979,5.54899979,5.54899979,5.54899979
1999-09-28,5.58400011,5.58400011,5.58400011,5.58400011
1999-09-29,5.63600016,5.63600016,5.63600016,5.63600016
1999-09-30,5.68900013,5.68900013,5.68900013,5.68900013
1999-10-01,5.59100008,5.59100008,5.59100008,5.59100008
1999-10-05,5.67500019,5.67500019,5.67500019,5.67500019
1999-10-06,5.77600002,5.77600002,5.77600002,5.77600002
1999-10-07,5.80999994,5.80999994,5.80999994,5.80999994
1999-10-08,5.81099987,5.81099987,5.81099987,5.81099987
1999-10-12,5.79400015,5.79400015,5.79400015,5.79400015
1999-10-13,5.79400015,5.79400015,5.79400015,5.79400015
1999-10-14,5.84600019,5.84600019,5.84600019,5.84600019
1999-10-15,5.89699984,5.89699984,5.89699984,5.89699984
1999-10-19,5.86399984,5.86399984,5.86399984,5.86399984
1999-10-20,5.89900017,5.89900017,5.89900017,5.89900017
1999-10-21,5.91599989,5.91599989,5.91599989,5.91599989
1999-10-22,5.91699982,5.91699982,5.91699982,5.91699982
1999-10-26,5.95300007,5.95300007,5.95300007,5.95300007
1999-10-27,5.98799992,5.98799992,5.98799992,5.98799992
1999-10-28,5.93599987,5.93599987,5.93599987,5.93599987
1999-10-29,5.875,5.875,5.875,5.875
1999-11-02,5.80900002,5.80900002,5.80900002,5.80900002
1999-11-03,5.78599977,5.78599977,5.78599977,5.78599977
1999-11-04,5.76399994,5.76399994,5.76399994,5.76399994
1999-11-05,5.71899986,5.71899986,5.71899986,5.71899986
1999-11-09,5.72200012,5.72200012,5.72200012,5.72200012
1999-11-10,5.75500011,5.75500011,5.75500011,5.75500011
1999-11-11,5.80600023,5.80600023,5.80600023,5.80600023
1999-11-12,5.80499983,5.80499983,5.80499983,5.80499983
1999-11-16,5.77099991,5.77099991,5.77099991,5.77099991
1999-11-17,5.85599995,5.85599995,5.85599995,5.85599995
1999-11-18,5.87300014,5.87300014,5.87300014,5.87300014
1999-11-19,5.88999987,5.88999987,5.88999987,5.88999987
1999-11-23,5.94199991,5.94199991,5.94199991,5.94199991
1999-11-24,5.94199991,5.94199991,5.94199991,5.94199991
1999-11-25,5.95800018,5.95800018,5.95800018,5.95800018
1999-11-30,6.05999994,6.05999994,6.05999994,6.05999994
1999-12-01,6.02600002,6.02600002,6.02600002,6.02600002
1999-12-02,6.04300022,6.04300022,6.04300022,6.04300022
1999-12-03,6.05999994,6.05999994,6.05999994,6.05999994
1999-12-07,5.95900011,5.95900011,5.95900011,5.95900011
1999-12-08,5.92500019,5.92500019,5.92500019,5.92500019
1999-12-09,5.95900011,5.95900011,5.95900011,5.95900011
1999-12-10,5.94199991,5.94199991,5.94199991,5.94199991
1999-12-14,5.95900011,5.95900011,5.95900011,5.95900011
1999-12-15,6.0619998,6.0619998,6.0619998,6.0619998
1999-12-16,6.079,6.079,6.079,6.079
1999-12-17,6.14799976,6.14799976,6.14799976,6.14799976
1999-12-21,6.20200014,6.20200014,6.20200014,6.20200014
1999-12-22,6.21899986,6.21899986,6.21899986,6.21899986
1999-12-23,6.21999979,6.21999979,6.21999979,6.21999979
1999-12-24,6.2579999,6.2579999,6.2579999,6.2579999
1999-12-28,6.20900011,6.20900011,6.20900011,6.20900011
1999-12-29,6.20900011,6.20900011,6.20900011,6.20900011
1999-12-30,6.19199991,6.19199991,6.19199991,6.19199991
1999-12-31,6.15899992,6.15899992,6.15899992,6.15899992
2000-01-04,6.39599991,6.39599991,6.39599991,6.39599991
2000-01-05,6.29400015,6.29400015,6.29400015,6.29400015
2000-01-06,6.36199999,6.36199999,6.36199999,6.36199999
2000-01-07,6.31099987,6.31099987,6.31099987,6.31099987
2000-01-11,6.36299992,6.36299992,6.36299992,6.36299992
2000-01-12,6.43200016,6.43200016,6.43200016,6.43200016
2000-01-13,6.48400021,6.48400021,6.48400021,6.48400021
2000-01-14,6.39799976,6.39799976,6.39799976,6.39799976
2000-01-19,6.46899986,6.46899986,6.46899986,6.46899986
2000-01-20,6.45200014,6.45200014,6.45200014,6.45200014
2000-01-21,6.50500011,6.50500011,6.50500011,6.50500011
2000-01-25,6.41900015,6.41900015,6.41900015,6.41900015
2000-01-26,6.43599987,6.43599987,6.43599987,6.43599987
2000-01-27,6.454,6.454,6.454,6.454
2000-01-28,6.52699995,6.52699995,6.52699995,6.52699995
2000-02-01,6.61199999,6.61199999,6.61199999,6.61199999
2000-02-02,6.57800007,6.57800007,6.57800007,6.57800007
2000-02-03,6.59600019,6.59600019,6.59600019,6.59600019
2000-02-04,6.52699995,6.52699995,6.52699995,6.52699995
2000-02-08,6.68200016,6.68200016,6.68200016,6.68200016
2000-02-09,6.66499996,6.66499996,6.66499996,6.66499996
2000-02-10,6.66499996,6.66499996,6.66499996,6.66499996
2000-02-11,6.66599989,6.66599989,6.66599989,6.66599989
2000-02-15,6.63199997,6.63199997,6.63199997,6.63199997
2000-02-16,6.63199997,6.63199997,6.63199997,6.63199997
2000-02-17,6.59800005,6.59800005,6.59800005,6.59800005
2000-02-18,6.66699982,6.66699982,6.66699982,6.66699982
2000-02-23,6.56400013,6.56400013,6.56400013,6.56400013
2000-02-24,6.63399982,6.63399982,6.63399982,6.63399982
2000-02-25,6.5170002,6.5170002,6.5170002,6.5170002
2000-02-29,6.5170002,6.5170002,6.5170002,6.5170002
2000-03-01,6.53399992,6.53399992,6.53399992,6.53399992
2000-03-02,6.5,6.5,6.5,6.5
2000-03-03,6.53399992,6.53399992,6.53399992,6.53399992
2000-03-07,6.53299999,6.53299999,6.53299999,6.53299999
2000-03-08,6.46500015,6.46500015,6.46500015,6.46500015
2000-03-09,6.48199987,6.48199987,6.48199987,6.48199987
2000-03-10,6.46400023,6.46400023,6.46400023,6.46400023
2000-03-14,6.51499987,6.51499987,6.51499987,6.51499987
2000-03-15,6.48099995,6.48099995,6.48099995,6.48099995
2000-03-16,6.48000002,6.48000002,6.48000002,6.48000002
2000-03-17,6.46299982,6.46299982,6.46299982,6.46299982
2000-03-21,6.51399994,6.51399994,6.51399994,6.51399994
2000-03-22,6.49700022,6.49700022,6.49700022,6.49700022
2000-03-23,6.47900009,6.47900009,6.47900009,6.47900009
2000-03-24,6.51399994,6.51399994,6.51399994,6.51399994
2000-03-28,6.61899996,6.61899996,6.61899996,6.61899996
2000-03-29,6.58400011,6.58400011,6.58400011,6.58400011
2000-03-30,6.56599998,6.56599998,6.56599998,6.56599998
2000-03-31,6.4829998,6.4829998,6.4829998,6.4829998
2000-04-04,6.41400003,6.41400003,6.41400003,6.41400003
2000-04-05,6.29500008,6.29500008,6.29500008,6.29500008
2000-04-06,6.29500008,6.29500008,6.29500008,6.29500008
2000-04-07,6.38000011,6.38000011,6.38000011,6.38000011
2000-04-11,6.29300022,6.29300022,6.29300022,6.29300022
2000-04-12,6.36999989,6.36999989,6.36999989,6.36999989
2000-04-13,6.37799978,6.37799978,6.37799978,6.37799978
2000-04-14,6.34800005,6.34800005,6.34800005,6.34800005
2000-04-18,6.36800003,6.36800003,6.36800003,6.36800003
2000-04-19,6.33699989,6.33699989,6.33699989,6.33699989
2000-04-20,6.35400009,6.35400009,6.35400009,6.35400009
2000-04-21,6.38800001,6.38800001,6.38800001,6.38800001
2000-04-25,6.38800001,6.38800001,6.38800001,6.38800001
2000-04-26,6.4829998,6.4829998,6.4829998,6.4829998
2000-04-27,6.50500011,6.50500011,6.50500011,6.50500011
2000-04-28,6.6170001,6.6170001,6.6170001,6.6170001
2000-05-02,6.75699997,6.75699997,6.75699997,6.75699997
2000-05-03,6.72399998,6.72399998,6.72399998,6.72399998
2000-05-04,6.7750001,6.7750001,6.7750001,6.7750001
2000-05-05,6.78399992,6.78399992,6.78399992,6.78399992
2000-05-09,6.87200022,6.87200022,6.87200022,6.87200022
2000-05-10,6.85099983,6.85099983,6.85099983,6.85099983
2000-05-11,6.8039999,6.8039999,6.8039999,6.8039999
2000-05-12,6.83500004,6.83500004,6.83500004,6.83500004
2000-05-16,6.8499999,6.8499999,6.8499999,6.8499999
2000-05-17,6.90700006,6.90700006,6.90700006,6.90700006
2000-05-18,6.9289999,6.9289999,6.9289999,6.9289999
2000-05-19,6.921,6.921,6.921,6.921
2000-05-23,6.84399986,6.84399986,6.84399986,6.84399986
2000-05-24,6.79199982,6.79199982,6.79199982,6.79199982
2000-05-25,6.84100008,6.84100008,6.84100008,6.84100008
2000-05-26,6.74800014,6.74800014,6.74800014,6.74800014
2000-05-31,6.74399996,6.74399996,6.74399996,6.74399996
2000-06-01,6.68400002,6.68400002,6.68400002,6.68400002
2000-06-02,6.59499979,6.59499979,6.59499979,6.59499979
2000-06-06,6.5,6.5,6.5,6.5
2000-06-07,6.49599981,6.49599981,6.49599981,6.49599981
2000-06-08,6.55100012,6.55100012,6.55100012,6.55100012
2000-06-09,6.57200003,6.57200003,6.57200003,6.57200003
2000-06-13,6.53299999,6.53299999,6.53299999,6.53299999
2000-06-14,6.51100016,6.51100016,6.51100016,6.51100016
2000-06-15,6.44199991,6.44199991,6.44199991,6.44199991
2000-06-16,6.45900011,6.45900011,6.45900011,6.45900011
2000-06-20,6.39699984,6.39699984,6.39699984,6.39699984
2000-06-21,6.45300007,6.45300007,6.45300007,6.45300007
2000-06-22,6.49599981,6.49599981,6.49599981,6.49599981
2000-06-23,6.49100018,6.49100018,6.49100018,6.49100018
2000-06-27,6.49900007,6.49900007,6.49900007,6.49900007
2000-06-28,6.49800014,6.49800014,6.49800014,6.49800014
2000-06-29,6.46299982,6.46299982,6.46299982,6.46299982
2000-06-30,6.36199999,6.36199999,6.36199999,6.36199999
2000-07-04,6.31899977,6.31899977,6.31899977,6.31899977
2000-07-06,6.29300022,6.29300022,6.29300022,6.29300022
2000-07-07,6.36499977,6.36499977,6.36499977,6.36499977
2000-07-11,6.30100012,6.30100012,6.30100012,6.30100012
2000-07-12,6.33900023,6.33900023,6.33900023,6.33900023
2000-07-13,6.32600021,6.32600021,6.32600021,6.32600021
2000-07-14,6.29199982,6.29199982,6.29199982,6.29199982
2000-07-18,6.46799994,6.46799994,6.46799994,6.46799994
2000-07-19,6.46299982,6.46299982,6.46299982,6.46299982
2000-07-20,6.45900011,6.45900011,6.45900011,6.45900011
2000-07-21,6.329,6.329,6.329,6.329
2000-07-25,6.37599993,6.37599993,6.37599993,6.37599993
2000-07-26,6.33699989,6.33699989,6.33699989,6.33699989
2000-07-27,6.33699989,6.33699989,6.33699989,6.33699989
2000-07-28,6.2670002,6.2670002,6.2670002,6.2670002
2000-08-01,6.31699991,6.31699991,6.31699991,6.31699991
2000-08-02,6.24100018,6.24100018,6.24100018,6.24100018
2000-08-03,6.2329998,6.2329998,6.2329998,6.2329998
2000-08-04,6.24499989,6.24499989,6.24499989,6.24499989
2000-08-08,6.21099997,6.21099997,6.21099997,6.21099997
2000-08-09,6.15899992,6.15899992,6.15899992,6.15899992
2000-08-10,6.17199993,6.17199993,6.17199993,6.17199993
2000-08-11,6.19299984,6.19299984,6.19299984,6.19299984
2000-08-15,6.26499987,6.26499987,6.26499987,6.26499987
2000-08-16,6.26900005,6.26900005,6.26900005,6.26900005
2000-08-17,6.32499981,6.32499981,6.32499981,6.32499981
2000-08-18,6.32499981,6.32499981,6.32499981,6.32499981
2000-08-22,6.27299976,6.27299976,6.27299976,6.27299976
2000-08-23,6.28999996,6.28999996,6.28999996,6.28999996
2000-08-24,6.21199989,6.21199989,6.21199989,6.21199989
2000-08-25,6.21799994,6.21799994,6.21799994,6.21799994
2000-08-29,6.22599983,6.22599983,6.22599983,6.22599983
2000-08-30,6.25199986,6.25199986,6.25199986,6.25199986
2000-08-31,6.26399994,6.26399994,6.26399994,6.26399994
2000-09-01,6.19199991,6.19199991,6.19199991,6.19199991
2000-09-06,6.11199999,6.11199999,6.11199999,6.11199999
2000-09-07,6.10699987,6.10699987,6.10699987,6.10699987
2000-09-08,6.15799999,6.15799999,6.15799999,6.15799999
2000-09-12,6.12799978,6.12799978,6.12799978,6.12799978
2000-09-13,6.11899996,6.11899996,6.11899996,6.11899996
2000-09-14,6.10599995,6.10599995,6.10599995,6.10599995
2000-09-15,6.12699986,6.12699986,6.12699986,6.12699986
2000-09-19,6.04899979,6.04899979,6.04899979,6.04899979
2000-09-20,6.08799982,6.08799982,6.08799982,6.08799982
2000-09-21,6.12200022,6.12200022,6.12200022,6.12200022
2000-09-22,6.0619998,6.0619998,6.0619998,6.0619998
2000-09-26,6.12599993,6.12599993,6.12599993,6.12599993
2000-09-27,6.08699989,6.08699989,6.08699989,6.08699989
2000-09-28,6.07800007,6.07800007,6.07800007,6.07800007
2000-09-29,6.0079999,6.0079999,6.0079999,6.0079999
2000-10-03,5.9829998,5.9829998,5.9829998,5.9829998
2000-10-04,6.01599979,6.01599979,6.01599979,6.01599979
2000-10-05,6.02099991,6.02099991,6.02099991,6.02099991
2000-10-06,6.00299978,6.00299978,6.00299978,6.00299978
2000-10-10,5.99900007,5.99900007,5.99900007,5.99900007
2000-10-11,5.93900013,5.93900013,5.93900013,5.93900013
2000-10-12,5.94700003,5.94700003,5.94700003,5.94700003
2000-10-13,5.82399988,5.82399988,5.82399988,5.82399988
2000-10-17,5.89499998,5.89499998,5.89499998,5.89499998
2000-10-18,5.83500004,5.83500004,5.83500004,5.83500004
2000-10-19,5.86899996,5.86899996,5.86899996,5.86899996
2000-10-20,5.86800003,5.86800003,5.86800003,5.86800003
2000-10-24,5.84600019,5.84600019,5.84600019,5.84600019
2000-10-25,5.87099981,5.87099981,5.87099981,5.87099981
2000-10-26,5.91900015,5.91900015,5.91900015,5.91900015
2000-10-27,5.92600012,5.92600012,5.92600012,5.92600012
2000-10-31,5.98999977,5.98999977,5.98999977,5.98999977
2000-11-01,5.94799995,5.94799995,5.94799995,5.94799995
2000-11-02,5.87200022,5.87200022,5.87200022,5.87200022
2000-11-03,5.86299992,5.86299992,5.86299992,5.86299992
2000-11-07,5.96999979,5.96999979,5.96999979,5.96999979
2000-11-08,5.97800016,5.97800016,5.97800016,5.97800016
2000-11-09,5.96600008,5.96600008,5.96600008,5.96600008
2000-11-10,5.96600008,5.96600008,5.96600008,5.96600008
2000-11-14,5.88100004,5.88100004,5.88100004,5.88100004
2000-11-15,5.90199995,5.90199995,5.90199995,5.90199995
2000-11-16,5.90199995,5.90199995,5.90199995,5.90199995
2000-11-17,5.85500002,5.85500002,5.85500002,5.85500002
2000-11-21,5.86399984,5.86399984,5.86399984,5.86399984
2000-11-22,5.86899996,5.86899996,5.86899996,5.86899996
2000-11-23,5.85099983,5.85099983,5.85099983,5.85099983
2000-11-28,5.89099979,5.89099979,5.89099979,5.89099979
2000-11-29,5.79500008,5.79500008,5.79500008,5.79500008
2000-11-30,5.71600008,5.71600008,5.71600008,5.71600008
2000-12-01,5.65799999,5.65799999,5.65799999,5.65799999
2000-12-05,5.61600018,5.61600018,5.61600018,5.61600018
2000-12-06,5.48500013,5.48500013,5.48500013,5.48500013
2000-12-07,5.42999983,5.42999983,5.42999983,5.42999983
2000-12-08,5.43900013,5.43900013,5.43900013,5.43900013
2000-12-12,5.55600023,5.55600023,5.55600023,5.55600023
2000-12-13,5.52199984,5.52199984,5.52199984,5.52199984
2000-12-14,5.46199989,5.46199989,5.46199989,5.46199989
2000-12-15,5.41900015,5.41900015,5.41900015,5.41900015
2000-12-19,5.32399988,5.32399988,5.32399988,5.32399988
2000-12-20,5.375,5.375,5.375,5.375
2000-12-21,5.22100019,5.22100019,5.22100019,5.22100019
2000-12-22,5.17700005,5.17700005,5.17700005,5.17700005
2000-12-27,5.15700006,5.15700006,5.15700006,5.15700006
2000-12-28,5.19000006,5.19000006,5.19000006,5.19000006
2000-12-29,5.18300009,5.18300009,5.18300009,5.18300009
2001-01-02,5.12900019,5.12900019,5.12900019,5.12900019
2001-01-03,4.875,4.875,4.875,4.875
2001-01-04,4.93300009,4.93300009,4.93300009,4.93300009
2001-01-05,4.80800009,4.80800009,4.80800009,4.80800009
2001-01-08,4.59299994,4.59299994,4.59299994,4.59299994
2001-01-09,4.60099983,4.60099983,4.60099983,4.60099983
2001-01-10,4.66300011,4.66300011,4.66300011,4.66300011
2001-01-11,4.7750001,4.7750001,4.7750001,4.7750001
2001-01-12,4.76200008,4.76200008,4.76200008,4.76200008
2001-01-15,4.92000008,4.92000008,4.92000008,4.92000008
2001-01-16,4.92000008,4.92000008,4.92000008,4.92000008
2001-01-17,4.88600016,4.88600016,4.88600016,4.88600016
2001-01-18,4.83500004,4.83500004,4.83500004,4.83500004
2001-01-19,4.7329998,4.7329998,4.7329998,4.7329998
2001-01-22,4.74300003,4.74300003,4.74300003,4.74300003
2001-01-23,4.74700022,4.74700022,4.74700022,4.74700022
2001-01-24,4.84000015,4.84000015,4.84000015,4.84000015
2001-01-25,4.85699987,4.85699987,4.85699987,4.85699987
2001-01-26,4.7670002,4.7670002,4.7670002,4.7670002
2001-01-29,4.77899981,4.77899981,4.77899981,4.77899981
2001-01-30,4.77099991,4.77099991,4.77099991,4.77099991
2001-01-31,4.69999981,4.69999981,4.69999981,4.69999981
2001-02-01,4.57999992,4.57999992,4.57999992,4.57999992
2001-02-02,4.55900002,4.55900002,4.55900002,4.55900002
2001-02-05,4.67500019,4.67500019,4.67500019,4.67500019
2001-02-06,4.6869998,4.6869998,4.6869998,4.6869998
2001-02-07,4.70800018,4.70800018,4.70800018,4.70800018
2001-02-08,4.74100018,4.74100018,4.74100018,4.74100018
2001-02-09,4.72399998,4.72399998,4.72399998,4.72399998
2001-02-12,4.64799976,4.64799976,4.64799976,4.64799976
2001-02-13,4.73199987,4.73199987,4.73199987,4.73199987
2001-02-14,4.73199987,4.73199987,4.73199987,4.73199987
2001-02-15,4.87599993,4.87599993,4.87599993,4.87599993
2001-02-16,4.87599993,4.87599993,4.87599993,4.87599993
2001-02-19,4.70599985,4.70599985,4.70599985,4.70599985
2001-02-20,4.73099995,4.73099995,4.73099995,4.73099995
2001-02-21,4.72300005,4.72300005,4.72300005,4.72300005
2001-02-22,4.59200001,4.59200001,4.59200001,4.59200001
2001-02-23,4.60400009,4.60400009,4.60400009,4.60400009
2001-02-26,4.546,4.546,4.546,4.546
2001-02-27,4.46799994,4.46799994,4.46799994,4.46799994
2001-02-28,4.43499994,4.43499994,4.43499994,4.43499994
2001-03-01,4.39799976,4.39799976,4.39799976,4.39799976
2001-03-02,4.41400003,4.41400003,4.41400003,4.41400003
2001-03-05,4.4749999,4.4749999,4.4749999,4.4749999
2001-03-06,4.5079999,4.5079999,4.5079999,4.5079999
2001-03-07,4.46999979,4.46999979,4.46999979,4.46999979
2001-03-08,4.42799997,4.42799997,4.42799997,4.42799997
2001-03-09,4.42799997,4.42799997,4.42799997,4.42799997
2001-03-12,4.49800014,4.49800014,4.49800014,4.49800014
2001-03-13,4.40600014,4.40600014,4.40600014,4.40600014
2001-03-14,4.45200014,4.45200014,4.45200014,4.45200014
2001-03-15,4.30100012,4.30100012,4.30100012,4.30100012
2001-03-16,4.23699999,4.23699999,4.23699999,4.23699999
2001-03-19,4.25199986,4.25199986,4.25199986,4.25199986
2001-03-20,4.33199978,4.33199978,4.33199978,4.33199978
2001-03-21,4.20900011,4.20900011,4.20900011,4.20900011
2001-03-22,4.20900011,4.20900011,4.20900011,4.20900011
2001-03-23,4.17799997,4.17799997,4.17799997,4.17799997
2001-03-26,4.24800014,4.24800014,4.24800014,4.24800014
2001-03-27,4.3119998,4.3119998,4.3119998,4.3119998
2001-03-28,4.42600012,4.42600012,4.42600012,4.42600012
2001-03-29,4.34499979,4.34499979,4.34499979,4.34499979
2001-03-30,4.3039999,4.3039999,4.3039999,4.3039999
2001-04-02,4.20900011,4.20900011,4.20900011,4.20900011
2001-04-03,4.2329998,4.2329998,4.2329998,4.2329998
2001-04-04,4.15100002,4.15100002,4.15100002,4.15100002
2001-04-05,4.1170001,4.1170001,4.1170001,4.1170001
2001-04-06,4.19999981,4.19999981,4.19999981,4.19999981
2001-04-09,4.09899998,4.09899998,4.09899998,4.09899998
2001-04-10,4.11600018,4.11600018,4.11600018,4.11600018
2001-04-11,4.2329998,4.2329998,4.2329998,4.2329998
2001-04-12,4.30000019,4.30000019,4.30000019,4.30000019
2001-04-13,4.38000011,4.38000011,4.38000011,4.38000011
2001-04-16,4.38000011,4.38000011,4.38000011,4.38000011
2001-04-17,4.46799994,4.46799994,4.46799994,4.46799994
2001-04-18,4.40100002,4.40100002,4.40100002,4.40100002
2001-04-19,4.54500008,4.54500008,4.54500008,4.54500008
2001-04-20,4.22300005,4.22300005,4.22300005,4.22300005
2001-04-23,4.24900007,4.24900007,4.24900007,4.24900007
2001-04-24,4.14300013,4.14300013,4.14300013,4.14300013
2001-04-25,4.14699984,4.14699984,4.14699984,4.14699984
2001-04-26,4.11100006,4.11100006,4.11100006,4.11100006
2001-04-27,4.14400005,4.14400005,4.14400005,4.14400005
2001-04-30,4.26800013,4.26800013,4.26800013,4.26800013
2001-05-01,4.30100012,4.30100012,4.30100012,4.30100012
2001-05-02,4.23099995,4.23099995,4.23099995,4.23099995
2001-05-03,4.26900005,4.26900005,4.26900005,4.26900005
2001-05-04,4.23099995,4.23099995,4.23099995,4.23099995
2001-05-07,4.14900017,4.14900017,4.14900017,4.14900017
2001-05-08,4.09899998,4.09899998,4.09899998,4.09899998
2001-05-09,4.09899998,4.09899998,4.09899998,4.09899998
2001-05-10,4.07000017,4.07000017,4.07000017,4.07000017
2001-05-11,4.1789999,4.1789999,4.1789999,4.1789999
2001-05-15,4.30200005,4.30200005,4.30200005,4.30200005
2001-05-16,4.26800013,4.26800013,4.26800013,4.26800013
2001-05-17,4.24300003,4.24300003,4.24300003,4.24300003
2001-05-18,4.33699989,4.33699989,4.33699989,4.33699989
2001-05-21,4.38100004,4.38100004,4.38100004,4.38100004
2001-05-22,4.35099983,4.35099983,4.35099983,4.35099983
2001-05-23,4.32999992,4.32999992,4.32999992,4.32999992
2001-05-24,4.25400019,4.25400019,4.25400019,4.25400019
2001-05-25,4.32200003,4.32200003,4.32200003,4.32200003
2001-05-28,4.28499985,4.28499985,4.28499985,4.28499985
2001-05-29,4.28499985,4.28499985,4.28499985,4.28499985
2001-05-30,4.31599998,4.31599998,4.31599998,4.31599998
2001-05-31,4.31599998,4.31599998,4.31599998,4.31599998
2001-06-01,4.21700001,4.21700001,4.21700001,4.21700001
2001-06-04,4.22100019,4.22100019,4.22100019,4.22100019
2001-06-05,4.19199991,4.19199991,4.19199991,4.19199991
2001-06-06,4.1170001,4.1170001,4.1170001,4.1170001
2001-06-07,4.12900019,4.12900019,4.12900019,4.12900019
2001-06-08,4.1329999,4.1329999,4.1329999,4.1329999
2001-06-11,4.18200016,4.18200016,4.18200016,4.18200016
2001-06-12,4.09100008,4.09100008,4.09100008,4.09100008
2001-06-13,4.08599997,4.08599997,4.08599997,4.08599997
2001-06-14,4.03599977,4.03599977,4.03599977,4.03599977
2001-06-15,3.99799991,3.99799991,3.99799991,3.99799991
2001-06-18,3.9920001,3.9920001,3.9920001,3.9920001
2001-06-19,3.95900011,3.95900011,3.95900011,3.95900011
2001-06-20,3.97099996,3.97099996,3.97099996,3.97099996
2001-06-21,3.97000003,3.97000003,3.97000003,3.97000003
2001-06-22,3.96199989,3.96199989,3.96199989,3.96199989
2001-06-25,3.92600012,3.92600012,3.92600012,3.92600012
2001-06-26,3.93400002,3.93400002,3.93400002,3.93400002
2001-06-27,4.01399994,4.01399994,4.01399994,4.01399994
2001-06-28,4.11999989,4.11999989,4.11999989,4.11999989
2001-06-29,4.23799992,4.23799992,4.23799992,4.23799992
2001-07-02,4.2579999,4.2579999,4.2579999,4.2579999
2001-07-03,4.18300009,4.18300009,4.18300009,4.18300009
2001-07-04,4.24700022,4.24700022,4.24700022,4.24700022
2001-07-05,4.24800014,4.24800014,4.24800014,4.24800014
2001-07-06,4.19799995,4.19799995,4.19799995,4.19799995
2001-07-09,4.13199997,4.13199997,4.13199997,4.13199997
2001-07-10,4.11999989,4.11999989,4.11999989,4.11999989
2001-07-11,4.03299999,4.03299999,4.03299999,4.03299999
2001-07-12,4.1170001,4.1170001,4.1170001,4.1170001
2001-07-13,4.04099989,4.04099989,4.04099989,4.04099989
2001-07-16,4.07499981,4.07499981,4.07499981,4.07499981
2001-07-17,4.03399992,4.03399992,4.03399992,4.03399992
2001-07-18,4.06699991,4.06699991,4.06699991,4.06699991
2001-07-19,3.94099998,3.94099998,3.94099998,3.94099998
2001-07-20,3.954,3.954,3.954,3.954
2001-07-23,3.96700001,3.96700001,3.96700001,3.96700001
2001-07-24,3.95000005,3.95000005,3.95000005,3.95000005
2001-07-25,3.95000005,3.95000005,3.95000005,3.95000005
2001-07-26,3.99799991,3.99799991,3.99799991,3.99799991
2001-07-27,3.90799999,3.90799999,3.90799999,3.90799999
2001-07-30,3.8829999,3.8829999,3.8829999,3.8829999
2001-07-31,3.85400009,3.85400009,3.85400009,3.85400009
2001-08-01,3.80100012,3.80100012,3.80100012,3.80100012
2001-08-02,3.8210001,3.8210001,3.8210001,3.8210001
2001-08-03,3.89100003,3.89100003,3.89100003,3.89100003
2001-08-07,3.875,3.875,3.875,3.875
2001-08-08,3.88700008,3.88700008,3.88700008,3.88700008
2001-08-09,3.7420001,3.7420001,3.7420001,3.7420001
2001-08-10,3.7420001,3.7420001,3.7420001,3.7420001
2001-08-13,3.69099998,3.69099998,3.69099998,3.69099998
2001-08-14,3.6789999,3.6789999,3.6789999,3.6789999
2001-08-15,3.72799993,3.72799993,3.72799993,3.72799993
2001-08-16,3.79099989,3.79099989,3.79099989,3.79099989
2001-08-17,3.73200011,3.73200011,3.73200011,3.73200011
2001-08-20,3.6559999,3.6559999,3.6559999,3.6559999
2001-08-21,3.73099995,3.73099995,3.73099995,3.73099995
2001-08-22,3.75600004,3.75600004,3.75600004,3.75600004
2001-08-23,3.73099995,3.73099995,3.73099995,3.73099995
2001-08-24,3.71300006,3.71300006,3.71300006,3.71300006
2001-08-27,3.7420001,3.7420001,3.7420001,3.7420001
2001-08-28,3.74600005,3.74600005,3.74600005,3.74600005
2001-08-29,3.67000008,3.67000008,3.67000008,3.67000008
2001-08-30,3.61299992,3.61299992,3.61299992,3.61299992
2001-08-31,2.5999999,2.5999999,2.5999999,2.5999999
2001-09-05,3.773,3.773,3.773,3.773
2001-09-06,3.7809999,3.7809999,3.7809999,3.7809999
2001-09-07,3.65799999,3.65799999,3.65799999,3.65799999
2001-09-10,3.51300001,3.51300001,3.51300001,3.51300001
2001-09-11,3.51699996,3.51699996,3.51699996,3.51699996
2001-09-14,3.02900004,3.02900004,3.02900004,3.02900004
2001-09-17,2.87700009,2.87700009,2.87700009,2.87700009
2001-09-18,2.94400001,2.94400001,2.94400001,2.94400001
2001-09-19,2.95499992,2.95499992,2.95499992,2.95499992
2001-09-20,2.81800008,2.81800008,2.81800008,2.81800008
2001-09-21,2.88700008,2.88700008,2.88700008,2.88700008
2001-09-24,2.87400007,2.87400007,2.87400007,2.87400007
2001-09-25,2.92400002,2.92400002,2.92400002,2.92400002
2001-09-26,2.88599992,2.88599992,2.88599992,2.88599992
2001-09-27,2.81800008,2.81800008,2.81800008,2.81800008
2001-09-28,2.77800012,2.77800012,2.77800012,2.77800012
2001-10-01,2.85100007,2.85100007,2.85100007,2.85100007
2001-10-02,2.81500006,2.81500006,2.81500006,2.81500006
2001-10-03,2.76200008,2.76200008,2.76200008,2.76200008
2001-10-04,2.7579999,2.7579999,2.7579999,2.7579999
2001-10-05,2.73799992,2.73799992,2.73799992,2.73799992
2001-10-08,2.70499992,2.70499992,2.70499992,2.70499992
2001-10-09,2.70499992,2.70499992,2.70499992,2.70499992
2001-10-10,2.73699999,2.73699999,2.73699999,2.73699999
2001-10-11,2.76600003,2.76600003,2.76600003,2.76600003
2001-10-12,2.85700011,2.85700011,2.85700011,2.85700011
2001-10-15,2.80800009,2.80800009,2.80800009,2.80800009
2001-10-16,2.77399993,2.77399993,2.77399993,2.77399993
2001-10-17,2.76200008,2.76200008,2.76200008,2.76200008
2001-10-18,2.76600003,2.76600003,2.76600003,2.76600003
2001-10-19,2.74900007,2.74900007,2.74900007,2.74900007
2001-10-22,2.74499989,2.74499989,2.74499989,2.74499989
2001-10-23,2.78299999,2.78299999,2.78299999,2.78299999
2001-10-24,2.76999998,2.76999998,2.76999998,2.76999998
2001-10-25,2.76600003,2.76600003,2.76600003,2.76600003
2001-10-26,2.64899993,2.64899993,2.64899993,2.64899993
2001-10-29,2.6329999,2.6329999,2.6329999,2.6329999
2001-10-30,2.56100011,2.56100011,2.56100011,2.56100011
2001-10-31,2.4519999,2.4519999,2.4519999,2.4519999
2001-11-01,2.375,2.375,2.375,2.375
2001-11-02,2.49099994,2.49099994,2.49099994,2.49099994
2001-11-06,2.45799994,2.45799994,2.45799994,2.45799994
2001-11-07,2.3599999,2.3599999,2.3599999,2.3599999
2001-11-08,2.31500006,2.31500006,2.31500006,2.31500006
2001-11-09,2.3039999,2.3039999,2.3039999,2.3039999
2001-11-12,2.44899988,2.44899988,2.44899988,2.44899988
2001-11-13,2.44700003,2.44700003,2.44700003,2.44700003
2001-11-14,2.51099992,2.51099992,2.51099992,2.51099992
2001-11-15,2.70000005,2.70000005,2.70000005,2.70000005
2001-11-16,2.98200011,2.98200011,2.98200011,2.98200011
2001-11-19,3.08299994,3.08299994,3.08299994,3.08299994
2001-11-20,2.96600008,2.96600008,2.96600008,2.96600008
2001-11-21,2.95000005,2.95000005,2.95000005,2.95000005
2001-11-22,3.07500005,3.07500005,3.07500005,3.07500005
2001-11-23,3.07800007,3.07800007,3.07800007,3.07800007
2001-11-26,3.16199994,3.16199994,3.16199994,3.16199994
2001-11-27,3.18799996,3.18799996,3.18799996,3.18799996
2001-11-28,3.08200002,3.08200002,3.08200002,3.08200002
2001-11-29,3.102,3.102,3.102,3.102
2001-11-30,2.86999989,2.86999989,2.86999989,2.86999989
2001-12-03,2.83699989,2.83699989,2.83699989,2.83699989
2001-12-04,2.80500007,2.80500007,2.80500007,2.80500007
2001-12-05,2.8210001,2.8210001,2.8210001,2.8210001
2001-12-06,3.06500006,3.06500006,3.06500006,3.06500006
2001-12-07,3.18000007,3.18000007,3.18000007,3.18000007
2001-12-10,3.21399999,3.21399999,3.21399999,3.21399999
2001-12-11,3.05900002,3.05900002,3.05900002,3.05900002
2001-12-12,3.01200008,3.01200008,3.01200008,3.01200008
2001-12-13,2.98300004,2.98300004,2.98300004,2.98300004
2001-12-14,3.06599998,3.06599998,3.06599998,3.06599998
2001-12-17,3.10700011,3.10700011,3.10700011,3.10700011
2001-12-18,3.14100003,3.14100003,3.14100003,3.14100003
2001-12-19,3.09899998,3.09899998,3.09899998,3.09899998
2001-12-20,3.06599998,3.06599998,3.06599998,3.06599998
2001-12-21,3.06399989,3.06399989,3.06399989,3.06399989
2001-12-25,3.15100002,3.15100002,3.15100002,3.15100002
2001-12-26,3.15100002,3.15100002,3.15100002,3.15100002
2001-12-27,3.28600001,3.28600001,3.28600001,3.28600001
2001-12-28,3.30699992,3.30699992,3.30699992,3.30699992
2001-12-31,3.14599991,3.14599991,3.14599991,3.14599991
2002-01-01,3.11999989,3.11999989,3.11999989,3.11999989
2002-01-02,3.11999989,3.11999989,3.11999989,3.11999989
2002-01-03,3.19499993,3.19499993,3.19499993,3.19499993
2002-01-04,3.16799998,3.16799998,3.16799998,3.16799998
2002-01-07,3.17000008,3.17000008,3.17000008,3.17000008
2002-01-08,3.05299997,3.05299997,3.05299997,3.05299997
2002-01-09,3.06900001,3.06900001,3.06900001,3.06900001
2002-01-10,2.97900009,2.97900009,2.97900009,2.97900009
2002-01-11,2.93700004,2.93700004,2.93700004,2.93700004
2002-01-15,2.78299999,2.78299999,2.78299999,2.78299999
2002-01-16,2.78699994,2.78699994,2.78699994,2.78699994
2002-01-17,2.81900001,2.81900001,2.81900001,2.81900001
2002-01-18,2.85400009,2.85400009,2.85400009,2.85400009
2002-01-22,2.89700007,2.89700007,2.89700007,2.89700007
2002-01-23,2.94000006,2.94000006,2.94000006,2.94000006
2002-01-24,3.0150001,3.0150001,3.0150001,3.0150001
2002-01-25,3.15400004,3.15400004,3.15400004,3.15400004
2002-01-28,3.17499995,3.17499995,3.17499995,3.17499995
2002-01-29,3.1789999,3.1789999,3.1789999,3.1789999
2002-01-30,3.07299995,3.07299995,3.07299995,3.07299995
2002-01-31,3.09699988,3.09699988,3.09699988,3.09699988
2002-02-01,3.19499993,3.19499993,3.19499993,3.19499993
2002-02-05,2.98300004,2.98300004,2.98300004,2.98300004
2002-02-06,2.98099995,2.98099995,2.98099995,2.98099995
2002-02-07,2.95499992,2.95499992,2.95499992,2.95499992
2002-02-08,2.9749999,2.9749999,2.9749999,2.9749999
2002-02-11,2.91700006,2.91700006,2.91700006,2.91700006
2002-02-12,2.90899992,2.90899992,2.90899992,2.90899992
2002-02-13,3.04299998,3.04299998,3.04299998,3.04299998
2002-02-14,3.08200002,3.08200002,3.08200002,3.08200002
2002-02-15,3.02600002,3.02600002,3.02600002,3.02600002
2002-02-19,3.04999995,3.04999995,3.04999995,3.04999995
2002-02-20,2.93700004,2.93700004,2.93700004,2.93700004
2002-02-21,2.96000004,2.96000004,2.96000004,2.96000004
2002-02-22,2.93000007,2.93000007,2.93000007,2.93000007
2002-02-25,2.93199992,2.93199992,2.93199992,2.93199992
2002-02-26,2.97600007,2.97600007,2.97600007,2.97600007
2002-02-27,3.04099989,3.04099989,3.04099989,3.04099989
2002-02-28,2.93499994,2.93499994,2.93499994,2.93499994
2002-03-01,3.04900002,3.04900002,3.04900002,3.04900002
2002-03-04,3.18000007,3.18000007,3.18000007,3.18000007
2002-03-05,3.22900009,3.22900009,3.22900009,3.22900009
2002-03-06,3.22900009,3.22900009,3.22900009,3.22900009
2002-03-07,3.22900009,3.22900009,3.22900009,3.22900009
2002-03-08,3.42199993,3.42199993,3.42199993,3.42199993
2002-03-11,3.56299996,3.56299996,3.56299996,3.56299996
2002-03-12,3.55900002,3.55900002,3.55900002,3.55900002
2002-03-13,3.54299998,3.54299998,3.54299998,3.54299998
2002-03-14,3.4519999,3.4519999,3.4519999,3.4519999
2002-03-15,3.59699988,3.59699988,3.59699988,3.59699988
2002-03-18,3.58100009,3.58100009,3.58100009,3.58100009
2002-03-19,3.61100006,3.61100006,3.61100006,3.61100006
2002-03-20,3.546,3.546,3.546,3.546
2002-03-21,3.68199992,3.68199992,3.68199992,3.68199992
2002-03-22,3.65100002,3.65100002,3.65100002,3.65100002
2002-03-25,3.74399996,3.74399996,3.74399996,3.74399996
2002-03-26,3.71499991,3.71499991,3.71499991,3.71499991
2002-03-27,3.65100002,3.65100002,3.65100002,3.65100002
2002-03-28,3.58400011,3.58400011,3.58400011,3.58400011
2002-03-29,3.72199988,3.72199988,3.72199988,3.72199988
2002-04-01,3.72199988,3.72199988,3.72199988,3.72199988
2002-04-02,3.72300005,3.72300005,3.72300005,3.72300005
2002-04-03,3.61899996,3.61899996,3.61899996,3.61899996
2002-04-04,3.52999997,3.52999997,3.52999997,3.52999997
2002-04-05,3.54500008,3.54500008,3.54500008,3.54500008
2002-04-08,3.47399998,3.47399998,3.47399998,3.47399998
2002-04-09,3.51900005,3.51900005,3.51900005,3.51900005
2002-04-10,3.45099998,3.45099998,3.45099998,3.45099998
2002-04-11,3.48399997,3.48399997,3.48399997,3.48399997
2002-04-12,3.42799997,3.42799997,3.42799997,3.42799997
2002-04-16,3.375,3.375,3.375,3.375
2002-04-17,3.38499999,3.38499999,3.38499999,3.38499999
2002-04-18,3.40700006,3.40700006,3.40700006,3.40700006
2002-04-19,3.37400007,3.37400007,3.37400007,3.37400007
2002-04-23,3.31599998,3.31599998,3.31599998,3.31599998
2002-04-24,3.34200001,3.34200001,3.34200001,3.34200001
2002-04-25,3.23799992,3.23799992,3.23799992,3.23799992
2002-04-26,3.30999994,3.30999994,3.30999994,3.30999994
2002-04-29,3.27699995,3.27699995,3.27699995,3.27699995
2002-04-30,3.26099992,3.26099992,3.26099992,3.26099992
2002-05-01,3.26099992,3.26099992,3.26099992,3.26099992
2002-05-02,3.21199989,3.21199989,3.21199989,3.21199989
2002-05-03,3.22199988,3.22199988,3.22199988,3.22199988
2002-05-06,3.1559999,3.1559999,3.1559999,3.1559999
2002-05-07,3.15300012,3.15300012,3.15300012,3.15300012
2002-05-08,3.10400009,3.10400009,3.10400009,3.10400009
2002-05-09,3.32500005,3.32500005,3.32500005,3.32500005
2002-05-10,3.23699999,3.23699999,3.23699999,3.23699999
2002-05-13,3.20099998,3.20099998,3.20099998,3.20099998
2002-05-14,3.25900006,3.25900006,3.25900006,3.25900006
2002-05-15,3.38700008,3.38700008,3.38700008,3.38700008
2002-05-16,3.32200003,3.32200003,3.32200003,3.32200003
2002-05-17,3.26600003,3.26600003,3.26600003,3.26600003
2002-05-20,3.35700011,3.35700011,3.35700011,3.35700011
2002-05-21,3.30100012,3.30100012,3.30100012,3.30100012
2002-05-22,3.22799993,3.22799993,3.22799993,3.22799993
2002-05-23,3.19000006,3.19000006,3.19000006,3.19000006
2002-05-24,3.23300004,3.23300004,3.23300004,3.23300004
2002-05-27,3.23300004,3.23300004,3.23300004,3.23300004
2002-05-28,3.23900008,3.23900008,3.23900008,3.23900008
2002-05-29,3.23900008,3.23900008,3.23900008,3.23900008
2002-05-30,3.25999999,3.25999999,3.25999999,3.25999999
2002-05-31,3.15899992,3.15899992,3.15899992,3.15899992
2002-06-03,3.20300007,3.20300007,3.20300007,3.20300007
2002-06-04,3.1400001,3.1400001,3.1400001,3.1400001
2002-06-05,3.14599991,3.14599991,3.14599991,3.14599991
2002-06-06,3.1500001,3.1500001,3.1500001,3.1500001
2002-06-07,3.07200003,3.07200003,3.07200003,3.07200003
2002-06-10,3.13899994,3.13899994,3.13899994,3.13899994
2002-06-11,3.11599994,3.11599994,3.11599994,3.11599994
2002-06-12,3.06200004,3.06200004,3.06200004,3.06200004
2002-06-13,3.09299994,3.09299994,3.09299994,3.09299994
2002-06-14,2.98900008,2.98900008,2.98900008,2.98900008
2002-06-17,2.88899994,2.88899994,2.88899994,2.88899994
2002-06-18,2.92400002,2.92400002,2.92400002,2.92400002
2002-06-19,2.93400002,2.93400002,2.93400002,2.93400002
2002-06-20,2.78200006,2.78200006,2.78200006,2.78200006
2002-06-21,2.875,2.875,2.875,2.875
2002-06-24,2.89199996,2.89199996,2.89199996,2.89199996
2002-06-25,2.9059999,2.9059999,2.9059999,2.9059999
2002-06-26,2.84100008,2.84100008,2.84100008,2.84100008
2002-06-27,2.76699996,2.76699996,2.76699996,2.76699996
2002-06-28,2.81699991,2.81699991,2.81699991,2.81699991
2002-07-01,2.8210001,2.8210001,2.8210001,2.8210001
2002-07-02,2.83400011,2.83400011,2.83400011,2.83400011
2002-07-03,2.77099991,2.77099991,2.77099991,2.77099991
2002-07-04,2.773,2.773,2.773,2.773
2002-07-05,2.77699995,2.77699995,2.77699995,2.77699995
2002-07-08,2.89100003,2.89100003,2.89100003,2.89100003
2002-07-09,2.79699993,2.79699993,2.79699993,2.79699993
2002-07-10,2.69499993,2.69499993,2.69499993,2.69499993
2002-07-11,2.58999991,2.58999991,2.58999991,2.58999991
2002-07-12,2.61400008,2.61400008,2.61400008,2.61400008
2002-07-15,2.52900004,2.52900004,2.52900004,2.52900004
2002-07-16,2.54500008,2.54500008,2.54500008,2.54500008
2002-07-17,2.61500001,2.61500001,2.61500001,2.61500001
2002-07-18,2.6099999,2.6099999,2.6099999,2.6099999
2002-07-19,2.50300002,2.50300002,2.50300002,2.50300002
2002-07-22,2.41799998,2.41799998,2.41799998,2.41799998
2002-07-23,2.34800005,2.34800005,2.34800005,2.34800005
2002-07-24,2.28500009,2.28500009,2.28500009,2.28500009
2002-07-25,2.34299994,2.34299994,2.34299994,2.34299994
2002-07-26,2.31399989,2.31399989,2.31399989,2.31399989
2002-07-29,2.22600007,2.22600007,2.22600007,2.22600007
2002-07-30,2.39499998,2.39499998,2.39499998,2.39499998
2002-07-31,2.44300008,2.44300008,2.44300008,2.44300008
2002-08-01,2.2420001,2.2420001,2.2420001,2.2420001
2002-08-02,2.12100005,2.12100005,2.12100005,2.12100005
2002-08-05,2.00600004,2.00600004,2.00600004,2.00600004
2002-08-06,1.92700005,1.92700005,1.92700005,1.92700005
2002-08-07,2.04200006,2.04200006,2.04200006,2.04200006
2002-08-08,1.98300004,1.98300004,1.98300004,1.98300004
2002-08-09,2.08200002,2.08200002,2.08200002,2.08200002
2002-08-12,2.11899996,2.11899996,2.11899996,2.11899996
2002-08-13,2.07200003,2.07200003,2.07200003,2.07200003
2002-08-14,2.00500011,2.00500011,2.00500011,2.00500011
2002-08-15,2.16400003,2.16400003,2.16400003,2.16400003
2002-08-16,2.19400001,2.19400001,2.19400001,2.19400001
2002-08-19,2.33200002,2.33200002,2.33200002,2.33200002
2002-08-20,2.21300006,2.21300006,2.21300006,2.21300006
2002-08-21,2.07200003,2.07200003,2.07200003,2.07200003
2002-08-22,2.10100007,2.10100007,2.10100007,2.10100007
2002-08-23,2.2249999,2.2249999,2.2249999,2.2249999
2002-08-27,2.21600008,2.21600008,2.21600008,2.21600008
2002-08-28,2.227,2.227,2.227,2.227
2002-08-29,2.2349999,2.2349999,2.2349999,2.2349999
2002-08-30,2.14400005,2.14400005,2.14400005,2.14400005
2002-09-02,2.13800001,2.13800001,2.13800001,2.13800001
2002-09-03,1.92499995,1.92499995,1.92499995,1.92499995
2002-09-04,2.01999998,2.01999998,2.01999998,2.01999998
2002-09-05,2.03600001,2.03600001,2.03600001,2.03600001
2002-09-06,1.94700003,1.94700003,1.94700003,1.94700003
2002-09-09,2.05200005,2.05200005,2.05200005,2.05200005
2002-09-10,2.12899995,2.12899995,2.12899995,2.12899995
2002-09-11,2.1170001,2.1170001,2.1170001,2.1170001
2002-09-12,2.16799998,2.16799998,2.16799998,2.16799998
2002-09-13,2.09599996,2.09599996,2.09599996,2.09599996
2002-09-16,2.05100012,2.05100012,2.05100012,2.05100012
2002-09-17,2.19099998,2.19099998,2.19099998,2.19099998
2002-09-18,2,2,2,2
2002-09-19,2.07500005,2.07500005,2.07500005,2.07500005
2002-09-20,1.94400001,1.94400001,1.94400001,1.94400001
2002-09-23,1.92700005,1.92700005,1.92700005,1.92700005
2002-09-24,1.95899999,1.95899999,1.95899999,1.95899999
2002-09-25,1.86800003,1.86800003,1.86800003,1.86800003
2002-09-26,1.95000005,1.95000005,1.95000005,1.95000005
2002-09-27,1.98699999,1.98699999,1.98699999,1.98699999
2002-09-30,1.80299997,1.80299997,1.80299997,1.80299997
2002-10-01,1.69099998,1.69099998,1.69099998,1.69099998
2002-10-02,1.82700002,1.82700002,1.82700002,1.82700002
2002-10-03,1.71899998,1.71899998,1.71899998,1.71899998
2002-10-04,1.79499996,1.79499996,1.79499996,1.79499996
2002-10-07,1.78600001,1.78600001,1.78600001,1.78600001
2002-10-08,1.74600005,1.74600005,1.74600005,1.74600005
2002-10-09,1.78600001,1.78600001,1.78600001,1.78600001
2002-10-10,1.66900003,1.66900003,1.66900003,1.66900003
2002-10-11,1.72300005,1.72300005,1.72300005,1.72300005
2002-10-15,1.80999994,1.80999994,1.80999994,1.80999994
2002-10-16,1.97500002,1.97500002,1.97500002,1.97500002
2002-10-17,2.02200007,2.02200007,2.02200007,2.02200007
2002-10-18,2.148,2.148,2.148,2.148
2002-10-22,2.21399999,2.21399999,2.21399999,2.21399999
2002-10-23,2.23099995,2.23099995,2.23099995,2.23099995
2002-10-24,2.148,2.148,2.148,2.148
2002-10-25,2.06500006,2.06500006,2.06500006,2.06500006
2002-10-28,1.98500001,1.98500001,1.98500001,1.98500001
2002-10-29,1.91700006,1.91700006,1.91700006,1.91700006
2002-10-30,1.75999999,1.75999999,1.75999999,1.75999999
2002-10-31,1.75800002,1.75800002,1.75800002,1.75800002
2002-11-01,1.75600004,1.75600004,1.75600004,1.75600004
2002-11-04,1.74800003,1.74800003,1.74800003,1.74800003
2002-11-05,1.78699994,1.78699994,1.78699994,1.78699994
2002-11-06,1.81900001,1.81900001,1.81900001,1.81900001
2002-11-07,1.82799995,1.82799995,1.82799995,1.82799995
2002-11-08,1.86600006,1.86600006,1.86600006,1.86600006
2002-11-11,1.84899998,1.84899998,1.84899998,1.84899998
2002-11-12,1.84899998,1.84899998,1.84899998,1.84899998
2002-11-13,1.78299999,1.78299999,1.78299999,1.78299999
2002-11-14,1.73000002,1.73000002,1.73000002,1.73000002
2002-11-15,1.88800001,1.88800001,1.88800001,1.88800001
2002-11-18,1.86300004,1.86300004,1.86300004,1.86300004
2002-11-19,1.89300001,1.89300001,1.89300001,1.89300001
2002-11-20,1.87800002,1.87800002,1.87800002,1.87800002
2002-11-21,1.87,1.87,1.87,1.87
2002-11-22,2.03399992,2.03399992,2.03399992,2.03399992
2002-11-25,2.06200004,2.06200004,2.06200004,2.06200004
2002-11-26,2.05200005,2.05200005,2.05200005,2.05200005
2002-11-27,1.97500002,1.97500002,1.97500002,1.97500002
2002-11-28,2.06599998,2.06599998,2.06599998,2.06599998
2002-11-29,2.12599993,2.12599993,2.12599993,2.12599993
2002-12-03,2.06800008,2.06800008,2.06800008,2.06800008
2002-12-04,2.03399992,2.03399992,2.03399992,2.03399992
2002-12-05,1.98800004,1.98800004,1.98800004,1.98800004
2002-12-06,1.98000002,1.98000002,1.98000002,1.98000002
2002-12-09,1.88100004,1.88100004,1.88100004,1.88100004
2002-12-10,1.85399997,1.85399997,1.85399997,1.85399997
2002-12-11,1.87800002,1.87800002,1.87800002,1.87800002
2002-12-12,1.87,1.87,1.87,1.87
2002-12-13,1.83700001,1.83700001,1.83700001,1.83700001
2002-12-16,1.85300004,1.85300004,1.85300004,1.85300004
2002-12-17,1.91400003,1.91400003,1.91400003,1.91400003
2002-12-18,1.86899996,1.86899996,1.86899996,1.86899996
2002-12-19,1.80299997,1.80299997,1.80299997,1.80299997
2002-12-20,1.704,1.704,1.704,1.704
2002-12-23,1.73599994,1.73599994,1.73599994,1.73599994
2002-12-24,1.75600004,1.75600004,1.75600004,1.75600004
2002-12-25,1.72599995,1.72599995,1.72599995,1.72599995
2002-12-26,1.72599995,1.72599995,1.72599995,1.72599995
2002-12-27,1.69400001,1.69400001,1.69400001,1.69400001
2002-12-30,1.62199998,1.62199998,1.62199998,1.62199998
2002-12-31,1.59500003,1.59500003,1.59500003,1.59500003
2003-01-01,1.59000003,1.59000003,1.59000003,1.59000003
2003-01-02,1.59000003,1.59000003,1.59000003,1.59000003
2003-01-03,1.778,1.778,1.778,1.778
2003-01-06,1.75800002,1.75800002,1.75800002,1.75800002
2003-01-07,1.81900001,1.81900001,1.81900001,1.81900001
2003-01-08,1.75,1.75,1.75,1.75
2003-01-09,1.73399997,1.73399997,1.73399997,1.73399997
2003-01-10,1.88,1.88,1.88,1.88
2003-01-13,1.79900002,1.79900002,1.79900002,1.79900002
2003-01-14,1.86399996,1.86399996,1.86399996,1.86399996
2003-01-15,1.75,1.75,1.75,1.75
2003-01-16,1.72099996,1.72099996,1.72099996,1.72099996
2003-01-17,1.73399997,1.73399997,1.73399997,1.73399997
2003-01-20,1.68400002,1.68400002,1.68400002,1.68400002
2003-01-21,1.68400002,1.68400002,1.68400002,1.68400002
2003-01-22,1.64300001,1.64300001,1.64300001,1.64300001
2003-01-23,1.65100002,1.65100002,1.65100002,1.65100002
2003-01-24,1.65100002,1.65100002,1.65100002,1.65100002
2003-01-27,1.66700006,1.66700006,1.66700006,1.66700006
2003-01-28,1.66700006,1.66700006,1.66700006,1.66700006
2003-01-29,1.64999998,1.64999998,1.64999998,1.64999998
2003-01-30,1.71200001,1.71200001,1.71200001,1.71200001
2003-01-31,1.745,1.745,1.745,1.745
2003-02-03,1.69700003,1.69700003,1.69700003,1.69700003
2003-02-04,1.72099996,1.72099996,1.72099996,1.72099996
2003-02-05,1.68900001,1.68900001,1.68900001,1.68900001
2003-02-06,1.722,1.722,1.722,1.722
2003-02-07,1.69700003,1.69700003,1.69700003,1.69700003
2003-02-10,1.625,1.625,1.625,1.625
2003-02-11,1.66100001,1.66100001,1.66100001,1.66100001
2003-02-12,1.63699996,1.63699996,1.63699996,1.63699996
2003-02-13,1.63300002,1.63300002,1.63300002,1.63300002
2003-02-14,1.55999994,1.55999994,1.55999994,1.55999994
2003-02-17,1.60899997,1.60899997,1.60899997,1.60899997
2003-02-18,1.65699995,1.65699995,1.65699995,1.65699995
2003-02-19,1.64499998,1.64499998,1.64499998,1.64499998
2003-02-20,1.59200001,1.59200001,1.59200001,1.59200001
2003-02-21,1.59200001,1.59200001,1.59200001,1.59200001
2003-02-24,1.60000002,1.60000002,1.60000002,1.60000002
2003-02-25,1.59200001,1.59200001,1.59200001,1.59200001
2003-02-26,1.625,1.625,1.625,1.625
2003-02-27,1.56400001,1.56400001,1.56400001,1.56400001
2003-02-28,1.58000004,1.58000004,1.58000004,1.58000004
2003-03-03,1.53199995,1.53199995,1.53199995,1.53199995
2003-03-04,1.54799998,1.54799998,1.54799998,1.54799998
2003-03-05,1.47000003,1.47000003,1.47000003,1.47000003
2003-03-06,1.46000004,1.46000004,1.46000004,1.46000004
2003-03-07,1.46800005,1.46800005,1.46800005,1.46800005
2003-03-10,1.39499998,1.39499998,1.39499998,1.39499998
2003-03-11,1.329,1.329,1.329,1.329
2003-03-12,1.37300003,1.37300003,1.37300003,1.37300003
2003-03-13,1.43099999,1.43099999,1.43099999,1.43099999
2003-03-14,1.60099995,1.60099995,1.60099995,1.60099995
2003-03-17,1.54900002,1.54900002,1.54900002,1.54900002
2003-03-18,1.63900006,1.63900006,1.63900006,1.63900006
2003-03-19,1.778,1.778,1.778,1.778
2003-03-20,1.73000002,1.73000002,1.73000002,1.73000002
2003-03-21,1.67200005,1.67200005,1.67200005,1.67200005
2003-03-24,1.79700005,1.79700005,1.79700005,1.79700005
2003-03-25,1.66900003,1.66900003,1.66900003,1.66900003
2003-03-26,1.64900005,1.64900005,1.64900005,1.64900005
2003-03-27,1.76100004,1.76100004,1.76100004,1.76100004
2003-03-28,1.625,1.625,1.625,1.625
2003-03-31,1.56099999,1.56099999,1.56099999,1.56099999
2003-04-01,1.50100005,1.50100005,1.50100005,1.50100005
2003-04-02,1.49699998,1.49699998,1.49699998,1.49699998
2003-04-03,1.60899997,1.60899997,1.60899997,1.60899997
2003-04-04,1.54499996,1.54499996,1.54499996,1.54499996
2003-04-07,1.56099999,1.56099999,1.56099999,1.56099999
2003-04-08,1.59899998,1.59899998,1.59899998,1.59899998
2003-04-09,1.56900001,1.56900001,1.56900001,1.56900001
2003-04-10,1.528,1.528,1.528,1.528
2003-04-11,1.60699999,1.60699999,1.60699999,1.60699999
2003-04-14,1.64100003,1.64100003,1.64100003,1.64100003
2003-04-15,1.72300005,1.72300005,1.72300005,1.72300005
2003-04-16,1.70000005,1.70000005,1.70000005,1.70000005
2003-04-17,1.67400002,1.67400002,1.67400002,1.67400002
2003-04-18,1.68200004,1.68200004,1.68200004,1.68200004
2003-04-21,1.68200004,1.68200004,1.68200004,1.68200004
2003-04-22,1.71500003,1.71500003,1.71500003,1.71500003
2003-04-23,1.66999996,1.66999996,1.66999996,1.66999996
2003-04-24,1.68900001,1.68900001,1.68900001,1.68900001
2003-04-25,1.61699998,1.61699998,1.61699998,1.61699998
2003-04-28,1.59300005,1.59300005,1.59300005,1.59300005
2003-04-29,1.57700002,1.57700002,1.57700002,1.57700002
2003-04-30,1.60899997,1.60899997,1.60899997,1.60899997
2003-05-01,1.48599994,1.48599994,1.48599994,1.48599994
2003-05-02,1.49699998,1.49699998,1.49699998,1.49699998
2003-05-05,1.56900001,1.56900001,1.56900001,1.56900001
2003-05-06,1.54100001,1.54100001,1.54100001,1.54100001
2003-05-07,1.43599999,1.43599999,1.43599999,1.43599999
2003-05-08,1.41600001,1.41600001,1.41600001,1.41600001
2003-05-09,1.46399999,1.46399999,1.46399999,1.46399999
2003-05-12,1.44700003,1.44700003,1.44700003,1.44700003
2003-05-13,1.44700003,1.44700003,1.44700003,1.44700003
2003-05-14,1.46300006,1.46300006,1.46300006,1.46300006
2003-05-15,1.398,1.398,1.398,1.398
2003-05-16,1.44599998,1.44599998,1.44599998,1.44599998
2003-05-19,1.33099997,1.33099997,1.33099997,1.33099997
2003-05-20,1.36399996,1.36399996,1.36399996,1.36399996
2003-05-21,1.28199995,1.28199995,1.28199995,1.28199995
2003-05-22,1.39999998,1.39999998,1.39999998,1.39999998
2003-05-23,1.32000005,1.32000005,1.32000005,1.32000005
2003-05-26,1.35300004,1.35300004,1.35300004,1.35300004
2003-05-27,1.35300004,1.35300004,1.35300004,1.35300004
2003-05-28,1.324,1.324,1.324,1.324
2003-05-29,1.31099999,1.31099999,1.31099999,1.31099999
2003-05-30,1.28600001,1.28600001,1.28600001,1.28600001
2003-06-02,1.34899998,1.34899998,1.34899998,1.34899998
2003-06-03,1.32000005,1.32000005,1.32000005,1.32000005
2003-06-04,1.21800005,1.21800005,1.21800005,1.21800005
2003-06-05,1.20799994,1.20799994,1.20799994,1.20799994
2003-06-06,1.23399997,1.23399997,1.23399997,1.23399997
2003-06-09,1.24600005,1.24600005,1.24600005,1.24600005
2003-06-10,1.18400002,1.18400002,1.18400002,1.18400002
2003-06-11,1.12100005,1.12100005,1.12100005,1.12100005
2003-06-12,1.18499994,1.18499994,1.18499994,1.18499994
2003-06-13,1.10500002,1.10500002,1.10500002,1.10500002
2003-06-16,1.12,1.12,1.12,1.12
2003-06-17,1.16900003,1.16900003,1.16900003,1.16900003
2003-06-18,1.23399997,1.23399997,1.23399997,1.23399997
2003-06-19,1.25,1.25,1.25,1.25
2003-06-20,1.16799998,1.16799998,1.16799998,1.16799998
2003-06-23,1.18400002,1.18400002,1.18400002,1.18400002
2003-06-24,1.20099998,1.20099998,1.20099998,1.20099998
2003-06-25,1.13499999,1.13499999,1.13499999,1.13499999
2003-06-26,1.32700002,1.32700002,1.32700002,1.32700002
2003-06-27,1.38699996,1.38699996,1.38699996,1.38699996
2003-06-30,1.36300004,1.36300004,1.36300004,1.36300004
2003-07-01,1.34399998,1.34399998,1.34399998,1.34399998
2003-07-02,1.33200002,1.33200002,1.33200002,1.33200002
2003-07-03,1.30599999,1.30599999,1.30599999,1.30599999
2003-07-04,1.30299997,1.30299997,1.30299997,1.30299997
2003-07-07,1.301,1.301,1.301,1.301
2003-07-08,1.36000001,1.36000001,1.36000001,1.36000001
2003-07-09,1.38199997,1.38199997,1.38199997,1.38199997
2003-07-10,1.35000002,1.35000002,1.35000002,1.35000002
2003-07-11,1.31799996,1.31799996,1.31799996,1.31799996
2003-07-14,1.31099999,1.31099999,1.31099999,1.31099999
2003-07-15,1.34200001,1.34200001,1.34200001,1.34200001
2003-07-16,1.48300004,1.48300004,1.48300004,1.48300004
2003-07-17,1.43799996,1.43799996,1.43799996,1.43799996
2003-07-18,1.45099998,1.45099998,1.45099998,1.45099998
2003-07-21,1.49600005,1.49600005,1.49600005,1.49600005
2003-07-22,1.62,1.62,1.62,1.62
2003-07-23,1.52699995,1.52699995,1.52699995,1.52699995
2003-07-24,1.49600005,1.49600005,1.49600005,1.49600005
2003-07-25,1.54799998,1.54799998,1.54799998,1.54799998
2003-07-28,1.53199995,1.53199995,1.53199995,1.53199995
2003-07-29,1.59599996,1.59599996,1.59599996,1.59599996
2003-07-30,1.70799994,1.70799994,1.70799994,1.70799994
2003-07-31,1.62800002,1.62800002,1.62800002,1.62800002
2003-08-01,1.75600004,1.75600004,1.75600004,1.75600004
2003-08-04,1.77900004,1.77900004,1.77900004,1.77900004
2003-08-05,1.69299996,1.69299996,1.69299996,1.69299996
2003-08-06,1.796,1.796,1.796,1.796
2003-08-07,1.76999998,1.76999998,1.76999998,1.76999998
2003-08-08,1.73000002,1.73000002,1.73000002,1.73000002
2003-08-11,1.71700001,1.71700001,1.71700001,1.71700001
2003-08-12,1.75999999,1.75999999,1.75999999,1.75999999
2003-08-13,1.74600005,1.74600005,1.74600005,1.74600005
2003-08-14,1.81299996,1.81299996,1.81299996,1.81299996
2003-08-15,1.76100004,1.76100004,1.76100004,1.76100004
2003-08-18,1.79900002,1.79900002,1.79900002,1.79900002
2003-08-19,1.82799995,1.82799995,1.82799995,1.82799995
2003-08-20,1.74600005,1.74600005,1.74600005,1.74600005
2003-08-21,1.85099995,1.85099995,1.85099995,1.85099995
2003-08-22,1.91199994,1.91199994,1.91199994,1.91199994
2003-08-25,1.926,1.926,1.926,1.926
2003-08-26,1.97000003,1.97000003,1.97000003,1.97000003
2003-08-27,1.89999998,1.89999998,1.89999998,1.89999998
2003-08-28,1.97599995,1.97599995,1.97599995,1.97599995
2003-08-29,1.93599999,1.93599999,1.93599999,1.93599999
2003-09-01,1.97800004,1.97800004,1.97800004,1.97800004
2003-09-02,2.01600003,2.01600003,2.01600003,2.01600003
2003-09-03,2.0480001,2.0480001,2.0480001,2.0480001
2003-09-04,2.01200008,2.01200008,2.01200008,2.01200008
2003-09-05,1.903,1.903,1.903,1.903
2003-09-08,1.71599996,1.71599996,1.71599996,1.71599996
2003-09-09,1.77400005,1.77400005,1.77400005,1.77400005
2003-09-10,1.69200003,1.69200003,1.69200003,1.69200003
2003-09-11,1.65999997,1.65999997,1.65999997,1.65999997
2003-09-12,1.70000005,1.70000005,1.70000005,1.70000005
2003-09-15,1.62800002,1.62800002,1.62800002,1.62800002
2003-09-16,1.60899997,1.60899997,1.60899997,1.60899997
2003-09-17,1.60800004,1.60800004,1.60800004,1.60800004
2003-09-18,1.62399995,1.62399995,1.62399995,1.62399995
2003-09-19,1.62699997,1.62699997,1.62699997,1.62699997
2003-09-22,1.671,1.671,1.671,1.671
2003-09-23,1.699,1.699,1.699,1.699
2003-09-24,1.65400004,1.65400004,1.65400004,1.65400004
2003-09-25,1.61300004,1.61300004,1.61300004,1.61300004
2003-09-26,1.65699995,1.65699995,1.65699995,1.65699995
2003-09-29,1.56099999,1.56099999,1.56099999,1.56099999
2003-09-30,1.60899997,1.60899997,1.60899997,1.60899997
2003-10-01,1.46399999,1.46399999,1.46399999,1.46399999
2003-10-02,1.45000005,1.45000005,1.45000005,1.45000005
2003-10-03,1.47300005,1.47300005,1.47300005,1.47300005
2003-10-06,1.65699995,1.65699995,1.65699995,1.65699995
2003-10-07,1.625,1.625,1.625,1.625
2003-10-08,1.64699996,1.64699996,1.64699996,1.64699996
2003-10-09,1.64100003,1.64100003,1.64100003,1.64100003
2003-10-10,1.65699995,1.65699995,1.65699995,1.65699995
2003-10-13,1.63300002,1.63300002,1.63300002,1.63300002
2003-10-14,1.70599997,1.70599997,1.70599997,1.70599997
2003-10-15,1.70599997,1.70599997,1.70599997,1.70599997
2003-10-16,1.76300001,1.76300001,1.76300001,1.76300001
2003-10-17,1.94000006,1.94000006,1.94000006,1.94000006
2003-10-20,1.87699997,1.87699997,1.87699997,1.87699997
2003-10-21,1.88800001,1.88800001,1.88800001,1.88800001
2003-10-22,1.85099995,1.85099995,1.85099995,1.85099995
2003-10-23,1.773,1.773,1.773,1.773
2003-10-24,1.78999996,1.78999996,1.78999996,1.78999996
2003-10-27,1.73399997,1.73399997,1.73399997,1.73399997
2003-10-28,1.824,1.824,1.824,1.824
2003-10-29,1.67499995,1.67499995,1.67499995,1.67499995
2003-10-30,1.87699997,1.87699997,1.87699997,1.87699997
2003-10-31,1.86500001,1.86500001,1.86500001,1.86500001
2003-11-03,1.898,1.898,1.898,1.898
2003-11-04,1.93099999,1.93099999,1.93099999,1.93099999
2003-11-05,1.87100005,1.87100005,1.87100005,1.87100005
2003-11-06,1.98000002,1.98000002,1.98000002,1.98000002
2003-11-07,1.98099995,1.98099995,1.98099995,1.98099995
2003-11-10,2.02099991,2.02099991,2.02099991,2.02099991
2003-11-11,2.0309999,2.0309999,2.0309999,2.0309999
2003-11-12,2.0309999,2.0309999,2.0309999,2.0309999
2003-11-13,2.03900003,2.03900003,2.03900003,2.03900003
2003-11-14,1.89199996,1.89199996,1.89199996,1.89199996
2003-11-17,1.82099998,1.82099998,1.82099998,1.82099998
2003-11-18,1.80499995,1.80499995,1.80499995,1.80499995
2003-11-19,1.778,1.778,1.778,1.778
2003-11-20,1.87100005,1.87100005,1.87100005,1.87100005
2003-11-21,1.79299998,1.79299998,1.79299998,1.79299998
2003-11-24,1.81700003,1.81700003,1.81700003,1.81700003
2003-11-25,1.89199996,1.89199996,1.89199996,1.89199996
2003-11-26,1.85699999,1.85699999,1.85699999,1.85699999
2003-11-27,1.97399998,1.97399998,1.97399998,1.97399998
2003-11-28,1.97399998,1.97399998,1.97399998,1.97399998
2003-12-01,2.06999993,2.06999993,2.06999993,2.06999993
2003-12-02,2.10599995,2.10599995,2.10599995,2.10599995
2003-12-03,2.0999999,2.0999999,2.0999999,2.0999999
2003-12-04,2.09299994,2.09299994,2.09299994,2.09299994
2003-12-05,2.05200005,2.05200005,2.05200005,2.05200005
2003-12-08,1.85899997,1.85899997,1.85899997,1.85899997
2003-12-09,1.90699995,1.90699995,1.90699995,1.90699995
2003-12-10,1.972,1.972,1.972,1.972
2003-12-11,1.93200004,1.93200004,1.93200004,1.93200004
2003-12-12,1.80999994,1.80999994,1.80999994,1.80999994
2003-12-15,1.89100003,1.89100003,1.89100003,1.89100003
2003-12-16,1.84200001,1.84200001,1.84200001,1.84200001
2003-12-17,1.79700005,1.79700005,1.79700005,1.79700005
2003-12-18,1.80900002,1.80900002,1.80900002,1.80900002
2003-12-19,1.80900002,1.80900002,1.80900002,1.80900002
2003-12-22,1.74699998,1.74699998,1.74699998,1.74699998
2003-12-23,1.81299996,1.81299996,1.81299996,1.81299996
2003-12-24,1.96399999,1.96399999,1.96399999,1.96399999
2003-12-25,1.85899997,1.85899997,1.85899997,1.85899997
2003-12-26,1.85899997,1.85899997,1.85899997,1.85899997
2003-12-29,1.81099999,1.81099999,1.81099999,1.81099999
2003-12-30,1.85899997,1.85899997,1.85899997,1.85899997
2003-12-31,1.83700001,1.83700001,1.83700001,1.83700001
2004-01-01,1.83700001,1.83700001,1.83700001,1.83700001
2004-01-02,1.83700001,1.83700001,1.83700001,1.83700001
2004-01-06,1.64199996,1.64199996,1.64199996,1.64199996
2004-01-07,1.64199996,1.64199996,1.64199996,1.64199996
2004-01-08,1.67299998,1.67299998,1.67299998,1.67299998
2004-01-09,1.63199997,1.63199997,1.63199997,1.63199997
2004-01-13,1.60599995,1.60599995,1.60599995,1.60599995
2004-01-14,1.64699996,1.64699996,1.64699996,1.64699996
2004-01-15,1.48199999,1.48199999,1.48199999,1.48199999
2004-01-16,1.45700002,1.45700002,1.45700002,1.45700002
2004-01-21,1.61099994,1.61099994,1.61099994,1.61099994
2004-01-22,1.58500004,1.58500004,1.58500004,1.58500004
2004-01-23,1.65699995,1.65699995,1.65699995,1.65699995
2004-01-27,1.648,1.648,1.648,1.648
2004-01-28,1.66400003,1.66400003,1.66400003,1.66400003
2004-01-29,1.67499995,1.67499995,1.67499995,1.67499995
2004-01-30,1.66100001,1.66100001,1.66100001,1.66100001
2004-02-03,1.80900002,1.80900002,1.80900002,1.80900002
2004-02-04,1.755,1.755,1.755,1.755
2004-02-05,1.76600003,1.76600003,1.76600003,1.76600003
2004-02-06,1.83500004,1.83500004,1.83500004,1.83500004
2004-02-10,1.74100006,1.74100006,1.74100006,1.74100006
2004-02-11,1.80999994,1.80999994,1.80999994,1.80999994
2004-02-12,1.71099997,1.71099997,1.71099997,1.71099997
2004-02-13,1.70799994,1.70799994,1.70799994,1.70799994
2004-02-18,1.67299998,1.67299998,1.67299998,1.67299998
2004-02-19,1.70299995,1.70299995,1.70299995,1.70299995
2004-02-20,1.65799999,1.65799999,1.65799999,1.65799999
2004-02-24,1.65600002,1.65600002,1.65600002,1.65600002
2004-02-25,1.62300003,1.62300003,1.62300003,1.62300003
2004-02-26,1.61099994,1.61099994,1.61099994,1.61099994
2004-02-27,1.56700003,1.56700003,1.56700003,1.56700003
2004-03-02,1.63900006,1.63900006,1.63900006,1.63900006
2004-03-03,1.62100005,1.62100005,1.62100005,1.62100005
2004-03-04,1.71700001,1.71700001,1.71700001,1.71700001
2004-03-05,1.70299995,1.70299995,1.70299995,1.70299995
2004-03-09,1.50399995,1.50399995,1.50399995,1.50399995
2004-03-10,1.48800004,1.48800004,1.48800004,1.48800004
2004-03-11,1.50800002,1.50800002,1.50800002,1.50800002
2004-03-12,1.46700001,1.46700001,1.46700001,1.46700001
2004-03-16,1.53100002,1.53100002,1.53100002,1.53100002
2004-03-17,1.48199999,1.48199999,1.48199999,1.48199999
2004-03-18,1.50300002,1.50300002,1.50300002,1.50300002
2004-03-19,1.50199997,1.50199997,1.50199997,1.50199997
2004-03-23,1.48500001,1.48500001,1.48500001,1.48500001
2004-03-24,1.47300005,1.47300005,1.47300005,1.47300005
2004-03-25,1.40199995,1.40199995,1.40199995,1.40199995
2004-03-26,1.49800003,1.49800003,1.49800003,1.49800003
2004-03-30,1.57000005,1.57000005,1.57000005,1.57000005
2004-03-31,1.58800006,1.58800006,1.58800006,1.58800006
2004-04-01,1.57200003,1.57200003,1.57200003,1.57200003
2004-04-02,1.56799996,1.56799996,1.56799996,1.56799996
2004-04-06,1.85399997,1.85399997,1.85399997,1.85399997
2004-04-07,1.83000004,1.83000004,1.83000004,1.83000004
2004-04-08,1.81900001,1.81900001,1.81900001,1.81900001
2004-04-09,1.80700004,1.80700004,1.80700004,1.80700004
2004-04-13,1.88199997,1.88199997,1.88199997,1.88199997
2004-04-14,1.99800003,1.99800003,1.99800003,1.99800003
2004-04-15,2.0769999,2.0769999,2.0769999,2.0769999
2004-04-16,2.04399991,2.04399991,2.04399991,2.04399991
2004-04-20,1.96800005,1.96800005,1.96800005,1.96800005
2004-04-21,2.16400003,2.16400003,2.16400003,2.16400003
2004-04-22,2.10599995,2.10599995,2.10599995,2.10599995
2004-04-23,2.11999989,2.11999989,2.11999989,2.11999989
2004-04-27,2.25200009,2.25200009,2.25200009,2.25200009
2004-04-28,2.14199996,2.14199996,2.14199996,2.14199996
2004-04-29,2.25600004,2.25600004,2.25600004,2.25600004
2004-04-30,2.28200006,2.28200006,2.28200006,2.28200006
2004-05-04,2.31100011,2.31100011,2.31100011,2.31100011
2004-05-05,2.23799992,2.23799992,2.23799992,2.23799992
2004-05-06,2.34299994,2.34299994,2.34299994,2.34299994
2004-05-07,2.38000011,2.38000011,2.38000011,2.38000011
2004-05-11,2.57299995,2.57299995,2.57299995,2.57299995
2004-05-12,2.56900001,2.56900001,2.56900001,2.56900001
2004-05-13,2.55299997,2.55299997,2.55299997,2.55299997
2004-05-14,2.52900004,2.52900004,2.52900004,2.52900004
2004-05-18,2.50600004,2.50600004,2.50600004,2.50600004
2004-05-19,2.52900004,2.52900004,2.52900004,2.52900004
2004-05-20,2.52900004,2.52900004,2.52900004,2.52900004
2004-05-21,2.49799991,2.49799991,2.49799991,2.49799991
2004-05-25,2.53299999,2.53299999,2.53299999,2.53299999
2004-05-26,2.54200006,2.54200006,2.54200006,2.54200006
2004-05-27,2.45000005,2.45000005,2.45000005,2.45000005
2004-05-28,2.46700001,2.46700001,2.46700001,2.46700001
2004-06-02,2.59299994,2.59299994,2.59299994,2.59299994
2004-06-03,2.64599991,2.64599991,2.64599991,2.64599991
2004-06-04,2.55900002,2.55900002,2.55900002,2.55900002
2004-06-08,2.65899992,2.65899992,2.65899992,2.65899992
2004-06-09,2.64700007,2.64700007,2.64700007,2.64700007
2004-06-10,2.6960001,2.6960001,2.6960001,2.6960001
2004-06-11,2.80299997,2.80299997,2.80299997,2.80299997
2004-06-15,2.93400002,2.93400002,2.93400002,2.93400002
2004-06-16,2.74699998,2.74699998,2.74699998,2.74699998
2004-06-17,2.79699993,2.79699993,2.79699993,2.79699993
2004-06-18,2.773,2.773,2.773,2.773
2004-06-22,2.74900007,2.74900007,2.74900007,2.74900007
2004-06-23,2.74499989,2.74499989,2.74499989,2.74499989
2004-06-24,2.72300005,2.72300005,2.72300005,2.72300005
2004-06-25,2.71000004,2.71000004,2.71000004,2.71000004
2004-06-29,2.72099996,2.72099996,2.72099996,2.72099996
2004-06-30,2.82299995,2.82299995,2.82299995,2.82299995
2004-07-01,2.6789999,2.6789999,2.6789999,2.6789999
2004-07-02,2.80100012,2.80100012,2.80100012,2.80100012
2004-07-07,2.60500002,2.60500002,2.60500002,2.60500002
2004-07-08,2.602,2.602,2.602,2.602
2004-07-09,2.602,2.602,2.602,2.602
2004-07-13,2.62199998,2.62199998,2.62199998,2.62199998
2004-07-14,2.52399993,2.52399993,2.52399993,2.52399993
2004-07-15,2.53600001,2.53600001,2.53600001,2.53600001
2004-07-16,2.58699989,2.58699989,2.58699989,2.58699989
2004-07-20,2.52200007,2.52200007,2.52200007,2.52200007
2004-07-21,2.6329999,2.6329999,2.6329999,2.6329999
2004-07-22,2.66199994,2.66199994,2.66199994,2.66199994
2004-07-23,2.65799999,2.65799999,2.65799999,2.65799999
2004-07-27,2.71600008,2.71600008,2.71600008,2.71600008
2004-07-28,2.796,2.796,2.796,2.796
2004-07-29,2.73200011,2.73200011,2.73200011,2.73200011
2004-07-30,2.7579999,2.7579999,2.7579999,2.7579999
2004-08-03,2.64899993,2.64899993,2.64899993,2.64899993
2004-08-04,2.64899993,2.64899993,2.64899993,2.64899993
2004-08-05,2.64400005,2.64400005,2.64400005,2.64400005
2004-08-06,2.60700011,2.60700011,2.60700011,2.60700011
2004-08-10,2.46399999,2.46399999,2.46399999,2.46399999
2004-08-11,2.53299999,2.53299999,2.53299999,2.53299999
2004-08-12,2.50399995,2.50399995,2.50399995,2.50399995
2004-08-13,2.50200009,2.50200009,2.50200009,2.50200009
2004-08-17,2.47799993,2.47799993,2.47799993,2.47799993
2004-08-18,2.40300012,2.40300012,2.40300012,2.40300012
2004-08-19,2.42799997,2.42799997,2.42799997,2.42799997
2004-08-20,2.3900001,2.3900001,2.3900001,2.3900001
2004-08-24,2.40100002,2.40100002,2.40100002,2.40100002
2004-08-25,2.40100002,2.40100002,2.40100002,2.40100002
2004-08-26,2.42400002,2.42400002,2.42400002,2.42400002
2004-08-27,2.50099993,2.50099993,2.50099993,2.50099993
2004-08-31,2.4519999,2.4519999,2.4519999,2.4519999
2004-09-01,2.5150001,2.5150001,2.5150001,2.5150001
2004-09-02,2.45000005,2.45000005,2.45000005,2.45000005
2004-09-03,2.375,2.375,2.375,2.375
2004-09-08,2.5710001,2.5710001,2.5710001,2.5710001
2004-09-09,2.32500005,2.32500005,2.32500005,2.32500005
2004-09-10,2.51200008,2.51200008,2.51200008,2.51200008
2004-09-14,2.4690001,2.4690001,2.4690001,2.4690001
2004-09-15,2.59500003,2.59500003,2.59500003,2.59500003
2004-09-16,2.57500005,2.57500005,2.57500005,2.57500005
2004-09-17,2.55200005,2.55200005,2.55200005,2.55200005
2004-09-21,2.42799997,2.42799997,2.42799997,2.42799997
2004-09-22,2.42400002,2.42400002,2.42400002,2.42400002
2004-09-23,2.45799994,2.45799994,2.45799994,2.45799994
2004-09-24,2.42400002,2.42400002,2.42400002,2.42400002
2004-09-28,2.5250001,2.5250001,2.5250001,2.5250001
2004-09-29,2.49600005,2.49600005,2.49600005,2.49600005
2004-09-30,2.5,2.5,2.5,2.5
2004-10-01,2.59299994,2.59299994,2.59299994,2.59299994
2004-10-05,2.61800003,2.61800003,2.61800003,2.61800003
2004-10-06,2.63000011,2.63000011,2.63000011,2.63000011
2004-10-07,2.63400006,2.63400006,2.63400006,2.63400006
2004-10-08,2.6789999,2.6789999,2.6789999,2.6789999
2004-10-12,2.57800007,2.57800007,2.57800007,2.57800007
2004-10-13,2.57399988,2.57399988,2.57399988,2.57399988
2004-10-14,2.48699999,2.48699999,2.48699999,2.48699999
2004-10-15,2.45900011,2.45900011,2.45900011,2.45900011
2004-10-19,2.50399995,2.50399995,2.50399995,2.50399995
2004-10-20,2.51600003,2.51600003,2.51600003,2.51600003
2004-10-21,2.5,2.5,2.5,2.5
2004-10-22,2.48699999,2.48699999,2.48699999,2.48699999
2004-10-26,2.47399998,2.47399998,2.47399998,2.47399998
2004-10-27,2.49499989,2.49499989,2.49499989,2.49499989
2004-10-28,2.5079999,2.5079999,2.5079999,2.5079999
2004-10-29,2.5769999,2.5769999,2.5769999,2.5769999
2004-11-02,2.55599999,2.55599999,2.55599999,2.55599999
2004-11-03,2.56900001,2.56900001,2.56900001,2.56900001
2004-11-04,2.56100011,2.56100011,2.56100011,2.56100011
2004-11-05,2.56500006,2.56500006,2.56500006,2.56500006
2004-11-09,2.77399993,2.77399993,2.77399993,2.77399993
2004-11-10,2.78699994,2.78699994,2.78699994,2.78699994
2004-11-11,2.80800009,2.80800009,2.80800009,2.80800009
2004-11-12,2.86199999,2.86199999,2.86199999,2.86199999
2004-11-16,2.81800008,2.81800008,2.81800008,2.81800008
2004-11-17,2.86400008,2.86400008,2.86400008,2.86400008
2004-11-18,2.81900001,2.81900001,2.81900001,2.81900001
2004-11-19,2.80699992,2.80699992,2.80699992,2.80699992
2004-11-23,2.91700006,2.91700006,2.91700006,2.91700006
2004-11-24,2.90899992,2.90899992,2.90899992,2.90899992
2004-11-25,2.96799994,2.96799994,2.96799994,2.96799994
2004-11-30,3.01699996,3.01699996,3.01699996,3.01699996
2004-12-01,3.00099993,3.00099993,3.00099993,3.00099993
2004-12-02,2.97199988,2.97199988,2.97199988,2.97199988
2004-12-03,2.99300003,2.99300003,2.99300003,2.99300003
2004-12-07,2.90700006,2.90700006,2.90700006,2.90700006
2004-12-08,2.91199994,2.91199994,2.91199994,2.91199994
2004-12-09,2.89100003,2.89100003,2.89100003,2.89100003
2004-12-10,2.87899995,2.87899995,2.87899995,2.87899995
2004-12-14,2.92799997,2.92799997,2.92799997,2.92799997
2004-12-15,2.95700002,2.95700002,2.95700002,2.95700002
2004-12-16,2.93700004,2.93700004,2.93700004,2.93700004
2004-12-17,2.93300009,2.93300009,2.93300009,2.93300009
2004-12-21,2.99499989,2.99499989,2.99499989,2.99499989
2004-12-22,3.02099991,3.02099991,3.02099991,3.02099991
2004-12-23,3.00399995,3.00399995,3.00399995,3.00399995
2004-12-24,2.99600005,2.99600005,2.99600005,2.99600005
2004-12-28,2.99600005,2.99600005,2.99600005,2.99600005
2004-12-29,3.03900003,3.03900003,3.03900003,3.03900003
2004-12-30,3.06399989,3.06399989,3.06399989,3.06399989
2004-12-31,3.08500004,3.08500004,3.08500004,3.08500004
2005-01-04,3.102,3.102,3.102,3.102
2005-01-05,3.204,3.204,3.204,3.204
2005-01-06,3.21300006,3.21300006,3.21300006,3.21300006
2005-01-07,3.16400003,3.16400003,3.16400003,3.16400003
2005-01-11,3.22199988,3.22199988,3.22199988,3.22199988
2005-01-12,3.2190001,3.2190001,3.2190001,3.2190001
2005-01-13,3.2190001,3.2190001,3.2190001,3.2190001
2005-01-14,3.17799997,3.17799997,3.17799997,3.17799997
2005-01-19,3.23699999,3.23699999,3.23699999,3.23699999
2005-01-20,3.22099996,3.22099996,3.22099996,3.22099996
2005-01-21,3.19199991,3.19199991,3.19199991,3.19199991
2005-01-25,3.19700003,3.19700003,3.19700003,3.19700003
2005-01-26,3.22199988,3.22199988,3.22199988,3.22199988
2005-01-27,3.2650001,3.2650001,3.2650001,3.2650001
2005-01-28,3.3039999,3.3039999,3.3039999,3.3039999
2005-02-01,3.27999997,3.27999997,3.27999997,3.27999997
2005-02-02,3.28800011,3.28800011,3.28800011,3.28800011
2005-02-03,3.32500005,3.32500005,3.32500005,3.32500005
2005-02-04,3.34599996,3.34599996,3.34599996,3.34599996
2005-02-08,3.30599999,3.30599999,3.30599999,3.30599999
2005-02-09,3.31800008,3.31800008,3.31800008,3.31800008
2005-02-10,3.24399996,3.24399996,3.24399996,3.24399996
2005-02-11,3.2980001,3.2980001,3.2980001,3.2980001
2005-02-15,3.35700011,3.35700011,3.35700011,3.35700011
2005-02-16,3.35299993,3.35299993,3.35299993,3.35299993
2005-02-17,3.42000008,3.42000008,3.42000008,3.42000008
2005-02-18,3.375,3.375,3.375,3.375
2005-02-23,3.44000006,3.44000006,3.44000006,3.44000006
2005-02-24,3.45300007,3.45300007,3.45300007,3.45300007
2005-02-25,3.48699999,3.48699999,3.48699999,3.48699999
2005-03-01,3.60400009,3.60400009,3.60400009,3.60400009
2005-03-02,3.58400011,3.58400011,3.58400011,3.58400011
2005-03-03,3.56699991,3.56699991,3.56699991,3.56699991
2005-03-04,3.57599998,3.57599998,3.57599998,3.57599998
2005-03-08,3.59800005,3.59800005,3.59800005,3.59800005
2005-03-09,3.62299991,3.62299991,3.62299991,3.62299991
2005-03-10,3.66899991,3.66899991,3.66899991,3.66899991
2005-03-11,3.68099999,3.68099999,3.68099999,3.68099999
2005-03-15,3.73300004,3.73300004,3.73300004,3.73300004
2005-03-16,3.75,3.75,3.75,3.75
2005-03-17,3.71700001,3.71700001,3.71700001,3.71700001
2005-03-18,3.68000007,3.68000007,3.68000007,3.68000007
2005-03-22,3.7190001,3.7190001,3.7190001,3.7190001
2005-03-23,3.82999992,3.82999992,3.82999992,3.82999992
2005-03-24,3.81800008,3.81800008,3.81800008,3.81800008
2005-03-25,3.84599996,3.84599996,3.84599996,3.84599996
2005-03-29,3.87599993,3.87599993,3.87599993,3.87599993
2005-03-30,3.84299994,3.84299994,3.84299994,3.84299994
2005-03-31,3.83500004,3.83500004,3.83500004,3.83500004
2005-04-01,3.78299999,3.78299999,3.78299999,3.78299999
2005-04-05,3.72900009,3.72900009,3.72900009,3.72900009
2005-04-06,3.73300004,3.73300004,3.73300004,3.73300004
2005-04-07,3.69199991,3.69199991,3.69199991,3.69199991
2005-04-08,3.73300004,3.73300004,3.73300004,3.73300004
2005-04-12,3.73300004,3.73300004,3.73300004,3.73300004
2005-04-13,3.69099998,3.69099998,3.69099998,3.69099998
2005-04-14,3.65799999,3.65799999,3.65799999,3.65799999
2005-04-15,3.56200004,3.56200004,3.56200004,3.56200004
2005-04-19,3.54399991,3.54399991,3.54399991,3.54399991
2005-04-20,3.50999999,3.50999999,3.50999999,3.50999999
2005-04-21,3.49300003,3.49300003,3.49300003,3.49300003
2005-04-22,3.62700009,3.62700009,3.62700009,3.62700009
2005-04-26,3.63899994,3.63899994,3.63899994,3.63899994
2005-04-27,3.6559999,3.6559999,3.6559999,3.6559999
2005-04-28,3.62599993,3.62599993,3.62599993,3.62599993
2005-04-29,3.56800008,3.56800008,3.56800008,3.56800008
2005-05-03,3.6329999,3.6329999,3.6329999,3.6329999
2005-05-04,3.64499998,3.64499998,3.64499998,3.64499998
2005-05-05,3.62100005,3.62100005,3.62100005,3.62100005
2005-05-06,3.55900002,3.55900002,3.55900002,3.55900002
2005-05-10,3.76099992,3.76099992,3.76099992,3.76099992
2005-05-11,3.67000008,3.67000008,3.67000008,3.67000008
2005-05-12,3.68300009,3.68300009,3.68300009,3.68300009
2005-05-13,3.65799999,3.65799999,3.65799999,3.65799999
2005-05-17,3.60299993,3.60299993,3.60299993,3.60299993
2005-05-18,3.59899998,3.59899998,3.59899998,3.59899998
2005-05-19,3.59100008,3.59100008,3.59100008,3.59100008
2005-05-20,3.64499998,3.64499998,3.64499998,3.64499998
2005-05-24,3.63700008,3.63700008,3.63700008,3.63700008
2005-05-25,3.60299993,3.60299993,3.60299993,3.60299993
2005-05-26,3.61500001,3.61500001,3.61500001,3.61500001
2005-05-27,3.63499999,3.63499999,3.63499999,3.63499999
2005-06-01,3.58200002,3.58200002,3.58200002,3.58200002
2005-06-02,3.48399997,3.48399997,3.48399997,3.48399997
2005-06-03,3.53699994,3.53699994,3.53699994,3.53699994
2005-06-07,3.58200002,3.58200002,3.58200002,3.58200002
2005-06-08,3.56599998,3.56599998,3.56599998,3.56599998
2005-06-09,3.60700011,3.60700011,3.60700011,3.60700011
2005-06-10,3.62800002,3.62800002,3.62800002,3.62800002
2005-06-14,3.69099998,3.69099998,3.69099998,3.69099998
2005-06-15,3.69099998,3.69099998,3.69099998,3.69099998
2005-06-16,3.71700001,3.71700001,3.71700001,3.71700001
2005-06-17,3.6789999,3.6789999,3.6789999,3.6789999
2005-06-21,3.72199988,3.72199988,3.72199988,3.72199988
2005-06-22,3.69300008,3.69300008,3.69300008,3.69300008
2005-06-23,3.62100005,3.62100005,3.62100005,3.62100005
2005-06-24,3.6170001,3.6170001,3.6170001,3.6170001
2005-06-28,3.58800006,3.58800006,3.58800006,3.58800006
2005-06-29,3.6559999,3.6559999,3.6559999,3.6559999
2005-06-30,3.66100001,3.66100001,3.66100001,3.66100001
2005-07-01,3.64499998,3.64499998,3.64499998,3.64499998
2005-07-06,3.78999996,3.78999996,3.78999996,3.78999996
2005-07-07,3.773,3.773,3.773,3.773
2005-07-08,3.72799993,3.72799993,3.72799993,3.72799993
2005-07-12,3.79900002,3.79900002,3.79900002,3.79900002
2005-07-13,3.829,3.829,3.829,3.829
2005-07-14,3.83699989,3.83699989,3.83699989,3.83699989
2005-07-15,3.84599996,3.84599996,3.84599996,3.84599996
2005-07-19,3.89299989,3.89299989,3.89299989,3.89299989
2005-07-20,3.8599999,3.8599999,3.8599999,3.8599999
2005-07-21,3.87700009,3.87700009,3.87700009,3.87700009
2005-07-22,3.94499993,3.94499993,3.94499993,3.94499993
2005-07-26,3.9460001,3.9460001,3.9460001,3.9460001
2005-07-27,3.93799996,3.93799996,3.93799996,3.93799996
2005-07-28,3.99000001,3.99000001,3.99000001,3.99000001
2005-07-29,3.95700002,3.95700002,3.95700002,3.95700002
2005-08-02,4.03999996,4.03999996,4.03999996,4.03999996
2005-08-03,4.05200005,4.05200005,4.05200005,4.05200005
2005-08-04,4.02299976,4.02299976,4.02299976,4.02299976
2005-08-05,4.04400015,4.04400015,4.04400015,4.04400015
2005-08-09,4.16200018,4.16200018,4.16200018,4.16200018
2005-08-10,4.11199999,4.11199999,4.11199999,4.11199999
2005-08-11,4.11999989,4.11999989,4.11999989,4.11999989
2005-08-12,4.079,4.079,4.079,4.079
2005-08-16,4.0710001,4.0710001,4.0710001,4.0710001
2005-08-17,4.0079999,4.0079999,4.0079999,4.0079999
2005-08-18,4.05100012,4.05100012,4.05100012,4.05100012
2005-08-19,4,4,4,4
2005-08-23,4.01800013,4.01800013,4.01800013,4.01800013
2005-08-24,3.98799992,3.98799992,3.98799992,3.98799992
2005-08-25,3.98000002,3.98000002,3.98000002,3.98000002
2005-08-26,4.0079999,4.0079999,4.0079999,4.0079999
2005-08-30,4.05700016,4.05700016,4.05700016,4.05700016
2005-08-31,3.94700003,3.94700003,3.94700003,3.94700003
2005-09-01,3.81999993,3.81999993,3.81999993,3.81999993
2005-09-02,3.7249999,3.7249999,3.7249999,3.7249999
2005-09-07,3.81399989,3.81399989,3.81399989,3.81399989
2005-09-08,3.85500002,3.85500002,3.85500002,3.85500002
2005-09-09,3.875,3.875,3.875,3.875
2005-09-13,3.92000008,3.92000008,3.92000008,3.92000008
2005-09-14,3.86599994,3.86599994,3.86599994,3.86599994
2005-09-15,3.88599992,3.88599992,3.88599992,3.88599992
2005-09-16,3.89899993,3.89899993,3.89899993,3.89899993
2005-09-20,3.9230001,3.9230001,3.9230001,3.9230001
2005-09-21,3.98600006,3.98600006,3.98600006,3.98600006
2005-09-22,3.91899991,3.91899991,3.91899991,3.91899991
2005-09-23,3.9519999,3.9519999,3.9519999,3.9519999
2005-09-27,4.0630002,4.0630002,4.0630002,4.0630002
2005-09-28,4.07999992,4.07999992,4.07999992,4.07999992
2005-09-29,4.08400011,4.08400011,4.08400011,4.08400011
2005-09-30,4.13600016,4.13600016,4.13600016,4.13600016
2005-10-04,4.21500015,4.21500015,4.21500015,4.21500015
2005-10-05,4.21899986,4.21899986,4.21899986,4.21899986
2005-10-06,4.19000006,4.19000006,4.19000006,4.19000006
2005-10-07,4.20699978,4.20699978,4.20699978,4.20699978
2005-10-11,4.1789999,4.1789999,4.1789999,4.1789999
2005-10-12,4.22100019,4.22100019,4.22100019,4.22100019
2005-10-13,4.23799992,4.23799992,4.23799992,4.23799992
2005-10-14,4.23400021,4.23400021,4.23400021,4.23400021
2005-10-18,4.28200006,4.28200006,4.28200006,4.28200006
2005-10-19,4.25199986,4.25199986,4.25199986,4.25199986
2005-10-20,4.24800014,4.24800014,4.24800014,4.24800014
2005-10-21,4.23600006,4.23600006,4.23600006,4.23600006
2005-10-25,4.2579999,4.2579999,4.2579999,4.2579999
2005-10-26,4.34800005,4.34800005,4.34800005,4.34800005
2005-10-27,4.37900019,4.37900019,4.37900019,4.37900019
2005-10-28,4.35300016,4.35300016,4.35300016,4.35300016
2005-11-01,4.38600016,4.38600016,4.38600016,4.38600016
2005-11-02,4.41499996,4.41499996,4.41499996,4.41499996
2005-11-03,4.43200016,4.43200016,4.43200016,4.43200016
2005-11-04,4.46999979,4.46999979,4.46999979,4.46999979
2005-11-08,4.454,4.454,4.454,4.454
2005-11-09,4.41599989,4.41599989,4.41599989,4.41599989
2005-11-10,4.4920001,4.4920001,4.4920001,4.4920001
2005-11-11,4.44199991,4.44199991,4.44199991,4.44199991
2005-11-15,4.49800014,4.49800014,4.49800014,4.49800014
2005-11-16,4.46799994,4.46799994,4.46799994,4.46799994
2005-11-17,4.40500021,4.40500021,4.40500021,4.40500021
2005-11-18,4.38000011,4.38000011,4.38000011,4.38000011
2005-11-22,4.38000011,4.38000011,4.38000011,4.38000011
2005-11-23,4.31699991,4.31699991,4.31699991,4.31699991
2005-11-24,4.35500002,4.35500002,4.35500002,4.35500002
2005-11-29,4.32399988,4.32399988,4.32399988,4.32399988
2005-11-30,4.39799976,4.39799976,4.39799976,4.39799976
2005-12-01,4.41499996,4.41499996,4.41499996,4.41499996
2005-12-02,4.44000006,4.44000006,4.44000006,4.44000006
2005-12-06,4.46999979,4.46999979,4.46999979,4.46999979
2005-12-07,4.40399981,4.40399981,4.40399981,4.40399981
2005-12-08,4.41200018,4.41200018,4.41200018,4.41200018
2005-12-09,4.36999989,4.36999989,4.36999989,4.36999989
2005-12-13,4.4380002,4.4380002,4.4380002,4.4380002
2005-12-14,4.41300011,4.41300011,4.41300011,4.41300011
2005-12-15,4.375,4.375,4.375,4.375
2005-12-16,4.36299992,4.36299992,4.36299992,4.36299992
2005-12-20,4.38000011,4.38000011,4.38000011,4.38000011
2005-12-21,4.40999985,4.40999985,4.40999985,4.40999985
2005-12-22,4.44399977,4.44399977,4.44399977,4.44399977
2005-12-23,4.38899994,4.38899994,4.38899994,4.38899994
2005-12-28,4.35500002,4.35500002,4.35500002,4.35500002
2005-12-29,4.37699986,4.37699986,4.37699986,4.37699986
2005-12-30,4.37699986,4.37699986,4.37699986,4.37699986
2006-01-04,4.33300018,4.33300018,4.33300018,4.33300018
2006-01-05,4.3039999,4.3039999,4.3039999,4.3039999
2006-01-06,4.32499981,4.32499981,4.32499981,4.32499981
2006-01-10,4.35300016,4.35300016,4.35300016,4.35300016
2006-01-11,4.39900017,4.39900017,4.39900017,4.39900017
2006-01-12,4.4289999,4.4289999,4.4289999,4.4289999
2006-01-13,4.3829999,4.3829999,4.3829999,4.3829999
2006-01-18,4.33199978,4.33199978,4.33199978,4.33199978
2006-01-19,4.33599997,4.33599997,4.33599997,4.33599997
2006-01-20,4.37799978,4.37799978,4.37799978,4.37799978
2006-01-24,4.36499977,4.36499977,4.36499977,4.36499977
2006-01-25,4.39099979,4.39099979,4.39099979,4.39099979
2006-01-26,4.46299982,4.46299982,4.46299982,4.46299982
2006-01-27,4.49100018,4.49100018,4.49100018,4.49100018
2006-01-31,4.51100016,4.51100016,4.51100016,4.51100016
2006-02-01,4.52799988,4.52799988,4.52799988,4.52799988
2006-02-02,4.58599997,4.58599997,4.58599997,4.58599997
2006-02-03,4.59499979,4.59499979,4.59499979,4.59499979
2006-02-07,4.62099981,4.62099981,4.62099981,4.62099981
2006-02-08,4.6079998,4.6079998,4.6079998,4.6079998
2006-02-09,4.63800001,4.63800001,4.63800001,4.63800001
2006-02-10,4.65899992,4.65899992,4.65899992,4.65899992
2006-02-14,4.67799997,4.67799997,4.67799997,4.67799997
2006-02-15,4.69099998,4.69099998,4.69099998,4.69099998
2006-02-16,4.69899988,4.69899988,4.69899988,4.69899988
2006-02-17,4.6960001,4.6960001,4.6960001,4.6960001
2006-02-22,4.70599985,4.70599985,4.70599985,4.70599985
2006-02-23,4.67199993,4.67199993,4.67199993,4.67199993
2006-02-24,4.72399998,4.72399998,4.72399998,4.72399998
2006-02-28,4.73699999,4.73699999,4.73699999,4.73699999
2006-03-01,4.69099998,4.69099998,4.69099998,4.69099998
2006-03-02,4.704,4.704,4.704,4.704
2006-03-03,4.71999979,4.71999979,4.71999979,4.71999979
2006-03-07,4.77099991,4.77099991,4.77099991,4.77099991
2006-03-08,4.7579999,4.7579999,4.7579999,4.7579999
2006-03-09,4.7249999,4.7249999,4.7249999,4.7249999
2006-03-10,4.72100019,4.72100019,4.72100019,4.72100019
2006-03-14,4.7249999,4.7249999,4.7249999,4.7249999
2006-03-15,4.64900017,4.64900017,4.64900017,4.64900017
2006-03-16,4.68300009,4.68300009,4.68300009,4.68300009
2006-03-17,4.62400007,4.62400007,4.62400007,4.62400007
2006-03-21,4.65799999,4.65799999,4.65799999,4.65799999
2006-03-22,4.74300003,4.74300003,4.74300003,4.74300003
2006-03-23,4.74700022,4.74700022,4.74700022,4.74700022
2006-03-24,4.77299976,4.77299976,4.77299976,4.77299976
2006-03-28,4.74300003,4.74300003,4.74300003,4.74300003
2006-03-29,4.80700016,4.80700016,4.80700016,4.80700016
2006-03-30,4.80700016,4.80700016,4.80700016,4.80700016
2006-03-31,4.84499979,4.84499979,4.84499979,4.84499979
2006-04-04,4.85400009,4.85400009,4.85400009,4.85400009
2006-04-05,4.829,4.829,4.829,4.829
2006-04-06,4.8119998,4.8119998,4.8119998,4.8119998
2006-04-07,4.84200001,4.84200001,4.84200001,4.84200001
2006-04-11,4.88899994,4.88899994,4.88899994,4.88899994
2006-04-12,4.86800003,4.86800003,4.86800003,4.86800003
2006-04-13,4.91499996,4.91499996,4.91499996,4.91499996
2006-04-14,4.95900011,4.95900011,4.95900011,4.95900011
2006-04-18,4.90399981,4.90399981,4.90399981,4.90399981
2006-04-19,4.84000015,4.84000015,4.84000015,4.84000015
2006-04-20,4.86199999,4.86199999,4.86199999,4.86199999
2006-04-21,4.89599991,4.89599991,4.89599991,4.89599991
2006-04-25,4.88500023,4.88500023,4.88500023,4.88500023
2006-04-26,4.94500017,4.94500017,4.94500017,4.94500017
2006-04-27,4.98899984,4.98899984,4.98899984,4.98899984
2006-04-28,4.90799999,4.90799999,4.90799999,4.90799999
2006-05-02,4.954,4.954,4.954,4.954
2006-05-03,4.921,4.921,4.921,4.921
2006-05-04,4.94099998,4.94099998,4.94099998,4.94099998
2006-05-05,4.97900009,4.97900009,4.97900009,4.97900009
2006-05-09,4.96700001,4.96700001,4.96700001,4.96700001
2006-05-10,4.97100019,4.97100019,4.97100019,4.97100019
2006-05-11,4.99599981,4.99599981,4.99599981,4.99599981
2006-05-12,4.99599981,4.99599981,4.99599981,4.99599981
2006-05-16,4.98000002,4.98000002,4.98000002,4.98000002
2006-05-17,4.94999981,4.94999981,4.94999981,4.94999981
2006-05-18,4.95900011,4.95900011,4.95900011,4.95900011
2006-05-19,4.9289999,4.9289999,4.9289999,4.9289999
2006-05-23,4.94999981,4.94999981,4.94999981,4.94999981
2006-05-24,4.9289999,4.9289999,4.9289999,4.9289999
2006-05-25,4.94199991,4.94199991,4.94199991,4.94199991
2006-05-26,4.96199989,4.96199989,4.96199989,4.96199989
2006-05-31,4.9749999,4.9749999,4.9749999,4.9749999
2006-06-01,5.04099989,5.04099989,5.04099989,5.04099989
2006-06-02,5.02899981,5.02899981,5.02899981,5.02899981
2006-06-06,4.9829998,4.9829998,4.9829998,4.9829998
2006-06-07,4.99599981,4.99599981,4.99599981,4.99599981
2006-06-08,5.00899982,5.00899982,5.00899982,5.00899982
2006-06-09,5.00899982,5.00899982,5.00899982,5.00899982
2006-06-13,5.02199984,5.02199984,5.02199984,5.02199984
2006-06-14,5.01300001,5.01300001,5.01300001,5.01300001
2006-06-15,5.11999989,5.11999989,5.11999989,5.11999989
2006-06-16,5.14099979,5.14099979,5.14099979,5.14099979
2006-06-20,5.18100023,5.18100023,5.18100023,5.18100023
2006-06-21,5.20300007,5.20300007,5.20300007,5.20300007
2006-06-22,5.20300007,5.20300007,5.20300007,5.20300007
2006-06-23,5.2420001,5.2420001,5.2420001,5.2420001
2006-06-27,5.25699997,5.25699997,5.25699997,5.25699997
2006-06-28,5.24499989,5.24499989,5.24499989,5.24499989
2006-06-29,5.28299999,5.28299999,5.28299999,5.28299999
2006-06-30,5.1960001,5.1960001,5.1960001,5.1960001
2006-07-04,5.1789999,5.1789999,5.1789999,5.1789999
2006-07-06,5.2420001,5.2420001,5.2420001,5.2420001
2006-07-07,5.21700001,5.21700001,5.21700001,5.21700001
2006-07-11,5.1789999,5.1789999,5.1789999,5.1789999
2006-07-12,5.16200018,5.16200018,5.16200018,5.16200018
2006-07-13,5.18300009,5.18300009,5.18300009,5.18300009
2006-07-14,5.11999989,5.11999989,5.11999989,5.11999989
2006-07-18,5.11899996,5.11899996,5.11899996,5.11899996
2006-07-19,5.19199991,5.19199991,5.19199991,5.19199991
2006-07-20,5.11000013,5.11000013,5.11000013,5.11000013
2006-07-21,5.06799984,5.06799984,5.06799984,5.06799984
2006-07-25,5.09299994,5.09299994,5.09299994,5.09299994
2006-07-26,5.12300014,5.12300014,5.12300014,5.12300014
2006-07-27,5.07499981,5.07499981,5.07499981,5.07499981
2006-07-28,5.0539999,5.0539999,5.0539999,5.0539999
2006-08-01,4.96700001,4.96700001,4.96700001,4.96700001
2006-08-02,4.96199989,4.96199989,4.96199989,4.96199989
2006-08-03,4.954,4.954,4.954,4.954
2006-08-04,4.99100018,4.99100018,4.99100018,4.99100018
2006-08-08,4.95699978,4.95699978,4.95699978,4.95699978
2006-08-09,4.90299988,4.90299988,4.90299988,4.90299988
2006-08-10,4.92299986,4.92299986,4.92299986,4.92299986
2006-08-11,4.93599987,4.93599987,4.93599987,4.93599987
2006-08-15,5.01599979,5.01599979,5.01599979,5.01599979
2006-08-16,4.95200014,4.95200014,4.95200014,4.95200014
2006-08-17,4.88399982,4.88399982,4.88399982,4.88399982
2006-08-18,4.90500021,4.90500021,4.90500021,4.90500021
2006-08-22,4.86600018,4.86600018,4.86600018,4.86600018
2006-08-23,4.87400007,4.87400007,4.87400007,4.87400007
2006-08-24,4.87400007,4.87400007,4.87400007,4.87400007
2006-08-25,4.88700008,4.88700008,4.88700008,4.88700008
2006-08-29,4.88100004,4.88100004,4.88100004,4.88100004
2006-08-30,4.86600018,4.86600018,4.86600018,4.86600018
2006-08-31,4.8210001,4.8210001,4.8210001,4.8210001
2006-09-01,4.78800011,4.78800011,4.78800011,4.78800011
2006-09-06,4.80299997,4.80299997,4.80299997,4.80299997
2006-09-07,4.81599998,4.81599998,4.81599998,4.81599998
2006-09-08,4.82399988,4.82399988,4.82399988,4.82399988
2006-09-12,4.84000015,4.84000015,4.84000015,4.84000015
2006-09-13,4.82299995,4.82299995,4.82299995,4.82299995
2006-09-14,4.80200005,4.80200005,4.80200005,4.80200005
2006-09-15,4.84000015,4.84000015,4.84000015,4.84000015
2006-09-19,4.88199997,4.88199997,4.88199997,4.88199997
2006-09-20,4.80499983,4.80499983,4.80499983,4.80499983
2006-09-21,4.82200003,4.82200003,4.82200003,4.82200003
2006-09-22,4.70300007,4.70300007,4.70300007,4.70300007
2006-09-26,4.64599991,4.64599991,4.64599991,4.64599991
2006-09-27,4.70100021,4.70100021,4.70100021,4.70100021
2006-09-28,4.64499998,4.64499998,4.64499998,4.64499998
2006-09-29,4.66599989,4.66599989,4.66599989,4.66599989
2006-10-03,4.65399981,4.65399981,4.65399981,4.65399981
2006-10-04,4.66599989,4.66599989,4.66599989,4.66599989
2006-10-05,4.59600019,4.59600019,4.59600019,4.59600019
2006-10-06,4.65799999,4.65799999,4.65799999,4.65799999
2006-10-11,4.82999992,4.82999992,4.82999992,4.82999992
2006-10-12,4.85599995,4.85599995,4.85599995,4.85599995
2006-10-13,4.83900023,4.83900023,4.83900023,4.83900023
2006-10-17,4.85300016,4.85300016,4.85300016,4.85300016
2006-10-18,4.84399986,4.84399986,4.84399986,4.84399986
2006-10-19,4.84899998,4.84899998,4.84899998,4.84899998
2006-10-20,4.86999989,4.86999989,4.86999989,4.86999989
2006-10-24,4.91900015,4.91900015,4.91900015,4.91900015
2006-10-25,4.90799999,4.90799999,4.90799999,4.90799999
2006-10-26,4.85400009,4.85400009,4.85400009,4.85400009
2006-10-27,4.80900002,4.80900002,4.80900002,4.80900002
2006-10-31,4.76300001,4.76300001,4.76300001,4.76300001
2006-11-01,4.70100021,4.70100021,4.70100021,4.70100021
2006-11-02,4.65100002,4.65100002,4.65100002,4.65100002
2006-11-03,4.6789999,4.6789999,4.6789999,4.6789999
2006-11-07,4.81599998,4.81599998,4.81599998,4.81599998
2006-11-08,4.77799988,4.77799988,4.77799988,4.77799988
2006-11-09,4.76100016,4.76100016,4.76100016,4.76100016
2006-11-10,4.75199986,4.75199986,4.75199986,4.75199986
2006-11-14,4.77699995,4.77699995,4.77699995,4.77699995
2006-11-15,4.74300003,4.74300003,4.74300003,4.74300003
2006-11-16,4.81899977,4.81899977,4.81899977,4.81899977
2006-11-17,4.86100006,4.86100006,4.86100006,4.86100006
2006-11-21,4.78000021,4.78000021,4.78000021,4.78000021
2006-11-22,4.7670002,4.7670002,4.7670002,4.7670002
2006-11-23,4.76200008,4.76200008,4.76200008,4.76200008
2006-11-28,4.72700024,4.72700024,4.72700024,4.72700024
2006-11-29,4.6880002,4.6880002,4.6880002,4.6880002
2006-11-30,4.69099998,4.69099998,4.69099998,4.69099998
2006-12-01,4.62099981,4.62099981,4.62099981,4.62099981
2006-12-05,4.5170002,4.5170002,4.5170002,4.5170002
2006-12-06,4.52099991,4.52099991,4.52099991,4.52099991
2006-12-07,4.59100008,4.59100008,4.59100008,4.59100008
2006-12-08,4.58300018,4.58300018,4.58300018,4.58300018
2006-12-12,4.67000008,4.67000008,4.67000008,4.67000008
2006-12-13,4.61999989,4.61999989,4.61999989,4.61999989
2006-12-14,4.71299982,4.71299982,4.71299982,4.71299982
2006-12-15,4.7420001,4.7420001,4.7420001,4.7420001
2006-12-19,4.72100019,4.72100019,4.72100019,4.72100019
2006-12-20,4.71700001,4.71700001,4.71700001,4.71700001
2006-12-21,4.72100019,4.72100019,4.72100019,4.72100019
2006-12-22,4.65700006,4.65700006,4.65700006,4.65700006
2006-12-27,4.71799994,4.71799994,4.71799994,4.71799994
2006-12-28,4.78700018,4.78700018,4.78700018,4.78700018
2006-12-29,4.8039999,4.8039999,4.8039999,4.8039999
2007-01-03,4.8039999,4.8039999,4.8039999,4.8039999
2007-01-04,4.76599979,4.76599979,4.76599979,4.76599979
2007-01-05,4.704,4.704,4.704,4.704
2007-01-09,4.78700018,4.78700018,4.78700018,4.78700018
2007-01-10,4.80000019,4.80000019,4.80000019,4.80000019
2007-01-11,4.81599998,4.81599998,4.81599998,4.81599998
2007-01-12,4.8670001,4.8670001,4.8670001,4.8670001
2007-01-17,4.8670001,4.8670001,4.8670001,4.8670001
2007-01-18,4.90999985,4.90999985,4.90999985,4.90999985
2007-01-19,4.88899994,4.88899994,4.88899994,4.88899994
2007-01-23,4.91499996,4.91499996,4.91499996,4.91499996
2007-01-24,4.954,4.954,4.954,4.954
2007-01-25,4.9369998,4.9369998,4.9369998,4.9369998
2007-01-26,4.97900009,4.97900009,4.97900009,4.97900009
2007-01-30,4.99100018,4.99100018,4.99100018,4.99100018
2007-01-31,4.9749999,4.9749999,4.9749999,4.9749999
2007-02-01,4.92500019,4.92500019,4.92500019,4.92500019
2007-02-02,4.96600008,4.96600008,4.96600008,4.96600008
2007-02-06,4.92500019,4.92500019,4.92500019,4.92500019
2007-02-07,4.90399981,4.90399981,4.90399981,4.90399981
2007-02-08,4.87400007,4.87400007,4.87400007,4.87400007
2007-02-09,4.8829999,4.8829999,4.8829999,4.8829999
2007-02-13,4.9369998,4.9369998,4.9369998,4.9369998
2007-02-14,4.94999981,4.94999981,4.94999981,4.94999981
2007-02-15,4.87799978,4.87799978,4.87799978,4.87799978
2007-02-16,4.84399986,4.84399986,4.84399986,4.84399986
2007-02-21,4.82200003,4.82200003,4.82200003,4.82200003
2007-02-22,4.84299994,4.84299994,4.84299994,4.84299994
2007-02-23,4.86999989,4.86999989,4.86999989,4.86999989
2007-02-27,4.76200008,4.76200008,4.76200008,4.76200008
2007-02-28,4.58900023,4.58900023,4.58900023,4.58900023
2007-03-01,4.65899992,4.65899992,4.65899992,4.65899992
2007-03-02,4.6170001,4.6170001,4.6170001,4.6170001
2007-03-06,4.51200008,4.51200008,4.51200008,4.51200008
2007-03-07,4.58300018,4.58300018,4.58300018,4.58300018
2007-03-08,4.53200006,4.53200006,4.53200006,4.53200006
2007-03-09,4.57000017,4.57000017,4.57000017,4.57000017
2007-03-13,4.63999987,4.63999987,4.63999987,4.63999987
2007-03-14,4.51300001,4.51300001,4.51300001,4.51300001
2007-03-15,4.57200003,4.57200003,4.57200003,4.57200003
2007-03-16,4.58799982,4.58799982,4.58799982,4.58799982
2007-03-20,4.63000011,4.63000011,4.63000011,4.63000011
2007-03-21,4.61199999,4.61199999,4.61199999,4.61199999
2007-03-22,4.53599977,4.53599977,4.53599977,4.53599977
2007-03-23,4.59100008,4.59100008,4.59100008,4.59100008
2007-03-27,4.59000015,4.59000015,4.59000015,4.59000015
2007-03-28,4.57200003,4.57200003,4.57200003,4.57200003
2007-03-29,4.58099985,4.58099985,4.58099985,4.58099985
2007-03-30,4.59100008,4.59100008,4.59100008,4.59100008
2007-04-03,4.58699989,4.58699989,4.58699989,4.58699989
2007-04-04,4.62400007,4.62400007,4.62400007,4.62400007
2007-04-05,4.60400009,4.60400009,4.60400009,4.60400009
2007-04-06,4.62900019,4.62900019,4.62900019,4.62900019
2007-04-10,4.74300003,4.74300003,4.74300003,4.74300003
2007-04-11,4.70100021,4.70100021,4.70100021,4.70100021
2007-04-12,4.72200012,4.72200012,4.72200012,4.72200012
2007-04-13,4.73500013,4.73500013,4.73500013,4.73500013
2007-04-17,4.74900007,4.74900007,4.74900007,4.74900007
2007-04-18,4.68100023,4.68100023,4.68100023,4.68100023
2007-04-19,4.64300013,4.64300013,4.64300013,4.64300013
2007-04-20,4.64699984,4.64699984,4.64699984,4.64699984
2007-04-24,4.63100004,4.63100004,4.63100004,4.63100004
2007-04-25,4.60500002,4.60500002,4.60500002,4.60500002
2007-04-26,4.64400005,4.64400005,4.64400005,4.64400005
2007-04-27,4.67399979,4.67399979,4.67399979,4.67399979
2007-05-01,4.59499979,4.59499979,4.59499979,4.59499979
2007-05-02,4.63700008,4.63700008,4.63700008,4.63700008
2007-05-03,4.65299988,4.65299988,4.65299988,4.65299988
2007-05-04,4.71199989,4.71199989,4.71199989,4.71199989
2007-05-08,4.6789999,4.6789999,4.6789999,4.6789999
2007-05-09,4.6789999,4.6789999,4.6789999,4.6789999
2007-05-10,4.73400021,4.73400021,4.73400021,4.73400021
2007-05-11,4.6880002,4.6880002,4.6880002,4.6880002
2007-05-15,4.73999977,4.73999977,4.73999977,4.73999977
2007-05-16,4.74399996,4.74399996,4.74399996,4.74399996
2007-05-17,4.73999977,4.73999977,4.73999977,4.73999977
2007-05-18,4.78700018,4.78700018,4.78700018,4.78700018
2007-05-22,4.80999994,4.80999994,4.80999994,4.80999994
2007-05-23,4.84000015,4.84000015,4.84000015,4.84000015
2007-05-24,4.83599997,4.83599997,4.83599997,4.83599997
2007-05-25,4.84499979,4.84499979,4.84499979,4.84499979
2007-05-30,4.89900017,4.89900017,4.89900017,4.89900017
2007-05-31,4.88700008,4.88700008,4.88700008,4.88700008
2007-06-01,4.921,4.921,4.921,4.921
2007-06-05,4.96600008,4.96600008,4.96600008,4.96600008
2007-06-06,5.0079999,5.0079999,5.0079999,5.0079999
2007-06-07,4.954,4.954,4.954,4.954
2007-06-08,5.03399992,5.03399992,5.03399992,5.03399992
2007-06-12,5.02600002,5.02600002,5.02600002,5.02600002
2007-06-13,5.10699987,5.10699987,5.10699987,5.10699987
2007-06-14,5.08599997,5.08599997,5.08599997,5.08599997
2007-06-15,5.09800005,5.09800005,5.09800005,5.09800005
2007-06-19,5.00500011,5.00500011,5.00500011,5.00500011
2007-06-20,4.94199991,4.94199991,4.94199991,4.94199991
2007-06-21,4.97599983,4.97599983,4.97599983,4.97599983
2007-06-22,4.98000002,4.98000002,4.98000002,4.98000002
2007-06-26,4.88199997,4.88199997,4.88199997,4.88199997
2007-06-27,4.87699986,4.87699986,4.87699986,4.87699986
2007-06-28,4.90399981,4.90399981,4.90399981,4.90399981
2007-06-29,4.94999981,4.94999981,4.94999981,4.94999981
2007-07-03,4.8499999,4.8499999,4.8499999,4.8499999
2007-07-04,4.88700008,4.88700008,4.88700008,4.88700008
2007-07-06,4.9749999,4.9749999,4.9749999,4.9749999
2007-07-10,4.9460001,4.9460001,4.9460001,4.9460001
2007-07-11,4.84899998,4.84899998,4.84899998,4.84899998
2007-07-12,4.90399981,4.90399981,4.90399981,4.90399981
2007-07-13,4.9460001,4.9460001,4.9460001,4.9460001
2007-07-17,4.86899996,4.86899996,4.86899996,4.86899996
2007-07-18,4.88600016,4.88600016,4.88600016,4.88600016
2007-07-19,4.86499977,4.86499977,4.86499977,4.86499977
2007-07-20,4.84800005,4.84800005,4.84800005,4.84800005
2007-07-24,4.79199982,4.79199982,4.79199982,4.79199982
2007-07-25,4.73999977,4.73999977,4.73999977,4.73999977
2007-07-26,4.73999977,4.73999977,4.73999977,4.73999977
2007-07-27,4.58400011,4.58400011,4.58400011,4.58400011
2007-07-31,4.59200001,4.59200001,4.59200001,4.59200001
2007-08-01,4.51300001,4.51300001,4.51300001,4.51300001
2007-08-02,4.6079998,4.6079998,4.6079998,4.6079998
2007-08-03,4.58699989,4.58699989,4.58699989,4.58699989
2007-08-07,4.51200008,4.51200008,4.51200008,4.51200008
2007-08-08,4.57399988,4.57399988,4.57399988,4.57399988
2007-08-09,4.67000008,4.67000008,4.67000008,4.67000008
2007-08-10,4.45300007,4.45300007,4.45300007,4.45300007
2007-08-14,4.42700005,4.42700005,4.42700005,4.42700005
2007-08-15,4.35900021,4.35900021,4.35900021,4.35900021
2007-08-16,4.30000019,4.30000019,4.30000019,4.30000019
2007-08-17,4.24499989,4.24499989,4.24499989,4.24499989
2007-08-21,4.09100008,4.09100008,4.09100008,4.09100008
2007-08-22,4.03599977,4.03599977,4.03599977,4.03599977
2007-08-23,4.19099998,4.19099998,4.19099998,4.19099998
2007-08-24,4.2750001,4.2750001,4.2750001,4.2750001
2007-08-28,4.22200012,4.22200012,4.22200012,4.22200012
2007-08-29,4.07299995,4.07299995,4.07299995,4.07299995
2007-08-30,4.17799997,4.17799997,4.17799997,4.17799997
2007-08-31,4.10300016,4.10300016,4.10300016,4.10300016
2007-09-05,4.13199997,4.13199997,4.13199997,4.13199997
2007-09-06,4.01599979,4.01599979,4.01599979,4.01599979
2007-09-07,4.09499979,4.09499979,4.09499979,4.09499979
2007-09-11,3.8499999,3.8499999,3.8499999,3.8499999
2007-09-12,3.94899988,3.94899988,3.94899988,3.94899988
2007-09-13,3.95799994,3.95799994,3.95799994,3.95799994
2007-09-14,4.02899981,4.02899981,4.02899981,4.02899981
2007-09-18,4.07499981,4.07499981,4.07499981,4.07499981
2007-09-19,3.97399998,3.97399998,3.97399998,3.97399998
2007-09-20,4.01200008,4.01200008,4.01200008,4.01200008
2007-09-21,4.11299992,4.11299992,4.11299992,4.11299992
2007-09-25,4.05000019,4.05000019,4.05000019,4.05000019
2007-09-26,3.99900007,3.99900007,3.99900007,3.99900007
2007-09-27,3.99000001,3.99000001,3.99000001,3.99000001
2007-09-28,3.94700003,3.94700003,3.94700003,3.94700003
2007-10-02,4.01200008,4.01200008,4.01200008,4.01200008
2007-10-03,3.9749999,3.9749999,3.9749999,3.9749999
2007-10-04,4.02899981,4.02899981,4.02899981,4.02899981
2007-10-05,3.98300004,3.98300004,3.98300004,3.98300004
2007-10-10,4.14099979,4.14099979,4.14099979,4.14099979
2007-10-11,4.15799999,4.15799999,4.15799999,4.15799999
2007-10-12,4.12900019,4.12900019,4.12900019,4.12900019
2007-10-16,4.22599983,4.22599983,4.22599983,4.22599983
2007-10-17,4.13800001,4.13800001,4.13800001,4.13800001
2007-10-18,3.98600006,3.98600006,3.98600006,3.98600006
2007-10-19,3.91899991,3.91899991,3.91899991,3.91899991
2007-10-23,3.86800003,3.86800003,3.86800003,3.86800003
2007-10-24,3.81299996,3.81299996,3.81299996,3.81299996
2007-10-25,3.74499989,3.74499989,3.74499989,3.74499989
2007-10-26,3.77999997,3.77999997,3.77999997,3.77999997
2007-10-30,3.80500007,3.80500007,3.80500007,3.80500007
2007-10-31,3.80900002,3.80900002,3.80900002,3.80900002
2007-11-01,3.954,3.954,3.954,3.954
2007-11-02,3.75999999,3.75999999,3.75999999,3.75999999
2007-11-06,3.68199992,3.68199992,3.68199992,3.68199992
2007-11-07,3.71600008,3.71600008,3.71600008,3.71600008
2007-11-08,3.546,3.546,3.546,3.546
2007-11-09,3.48399997,3.48399997,3.48399997,3.48399997
2007-11-14,3.54999995,3.54999995,3.54999995,3.54999995
2007-11-15,3.50399995,3.50399995,3.50399995,3.50399995
2007-11-16,3.31699991,3.31699991,3.31699991,3.31699991
2007-11-20,3.16499996,3.16499996,3.16499996,3.16499996
2007-11-21,3.18899989,3.18899989,3.18899989,3.18899989
2007-11-22,3.01799989,3.01799989,3.01799989,3.01799989
2007-11-27,2.9059999,2.9059999,2.9059999,2.9059999
2007-11-28,3.08899999,3.08899999,3.08899999,3.08899999
2007-11-29,3.19300008,3.19300008,3.19300008,3.19300008
2007-11-30,3.03200006,3.03200006,3.03200006,3.03200006
2007-12-04,2.86899996,2.86899996,2.86899996,2.86899996
2007-12-05,2.89700007,2.89700007,2.89700007,2.89700007
2007-12-06,2.92499995,2.92499995,2.92499995,2.92499995
2007-12-07,3.03500009,3.03500009,3.03500009,3.03500009
2007-12-11,3.17799997,3.17799997,3.17799997,3.17799997
2007-12-12,2.91899991,2.91899991,2.91899991,2.91899991
2007-12-13,3.13700008,3.13700008,3.13700008,3.13700008
2007-12-14,3.25300002,3.25300002,3.25300002,3.25300002
2007-12-18,3.18300009,3.18300009,3.18300009,3.18300009
2007-12-19,3.19099998,3.19099998,3.19099998,3.19099998
2007-12-20,3.11599994,3.11599994,3.11599994,3.11599994
2007-12-21,3.10299993,3.10299993,3.10299993,3.10299993
2007-12-25,3.25099993,3.25099993,3.25099993,3.25099993
2007-12-27,3.31399989,3.31399989,3.31399989,3.31399989
2007-12-28,3.21700001,3.21700001,3.21700001,3.21700001
2008-01-01,3.05900002,3.05900002,3.05900002,3.05900002
2008-01-03,2.88400006,2.88400006,2.88400006,2.88400006
2008-01-04,2.81500006,2.81500006,2.81500006,2.81500006
2008-01-08,2.75500011,2.75500011,2.75500011,2.75500011
2008-01-09,2.68199992,2.68199992,2.68199992,2.68199992
2008-01-10,2.72099996,2.72099996,2.72099996,2.72099996
2008-01-11,2.70000005,2.70000005,2.70000005,2.70000005
2008-01-15,2.55800009,2.55800009,2.55800009,2.55800009
2008-01-16,2.49600005,2.49600005,2.49600005,2.49600005
2008-01-17,2.5150001,2.5150001,2.5150001,2.5150001
2008-01-18,2.41199994,2.41199994,2.41199994,2.41199994
2008-01-23,1.977,1.977,1.977,1.977
2008-01-24,2.14700007,2.14700007,2.14700007,2.14700007
2008-01-25,2.31800008,2.31800008,2.31800008,2.31800008
2008-01-29,2.20499992,2.20499992,2.20499992,2.20499992
2008-01-30,2.29399991,2.29399991,2.29399991,2.29399991
2008-01-31,2.16100001,2.16100001,2.16100001,2.16100001
2008-02-01,2.10899997,2.10899997,2.10899997,2.10899997
2008-02-05,2.06399989,2.06399989,2.06399989,2.06399989
2008-02-06,1.91900003,1.91900003,1.91900003,1.91900003
2008-02-07,1.92700005,1.92700005,1.92700005,1.92700005
2008-02-08,2.07599998,2.07599998,2.07599998,2.07599998
2008-02-12,1.91299999,1.91299999,1.91299999,1.91299999
2008-02-13,1.91700006,1.91700006,1.91700006,1.91700006
2008-02-14,1.921,1.921,1.921,1.921
2008-02-15,1.89999998,1.89999998,1.89999998,1.89999998
2008-02-20,2.079,2.079,2.079,2.079
2008-02-21,2.13700008,2.13700008,2.13700008,2.13700008
2008-02-22,1.98000002,1.98000002,1.98000002,1.98000002
2008-02-26,2.125,2.125,2.125,2.125
2008-02-27,2.00399995,2.00399995,2.00399995,2.00399995
2008-02-28,2.0079999,2.0079999,2.0079999,2.0079999
2008-02-29,1.81599998,1.81599998,1.81599998,1.81599998
2008-03-04,1.64300001,1.64300001,1.64300001,1.64300001
2008-03-05,1.671,1.671,1.671,1.671
2008-03-06,1.63399994,1.63399994,1.63399994,1.63399994
2008-03-07,1.52999997,1.52999997,1.52999997,1.52999997
2008-03-11,1.495,1.495,1.495,1.495
2008-03-12,1.74800003,1.74800003,1.74800003,1.74800003
2008-03-13,1.59399998,1.59399998,1.59399998,1.59399998
2008-03-14,1.61800003,1.61800003,1.61800003,1.61800003
2008-03-18,1.34500003,1.34500003,1.34500003,1.34500003
2008-03-19,1.63600004,1.63600004,1.63600004,1.63600004
2008-03-20,1.472,1.472,1.472,1.472
2008-03-21,1.61699998,1.61699998,1.61699998,1.61699998
2008-03-25,1.82200003,1.82200003,1.82200003,1.82200003
2008-03-26,1.77600002,1.77600002,1.77600002,1.77600002
2008-03-27,1.63199997,1.63199997,1.63199997,1.63199997
2008-03-28,1.69799995,1.69799995,1.69799995,1.69799995
2008-04-01,1.65400004,1.65400004,1.65400004,1.65400004
2008-04-02,1.80200005,1.80200005,1.80200005,1.80200005
2008-04-03,1.903,1.903,1.903,1.903
2008-04-04,1.91499996,1.91499996,1.91499996,1.91499996
2008-04-08,1.93200004,1.93200004,1.93200004,1.93200004
2008-04-09,1.88800001,1.88800001,1.88800001,1.88800001
2008-04-10,1.76999998,1.76999998,1.76999998,1.76999998
2008-04-11,1.847,1.847,1.847,1.847
2008-04-15,1.76199996,1.76199996,1.76199996,1.76199996
2008-04-16,1.87699997,1.87699997,1.87699997,1.87699997
2008-04-17,1.99199998,1.99199998,1.99199998,1.99199998
2008-04-18,2.10700011,2.10700011,2.10700011,2.10700011
2008-04-22,2.171,2.171,2.171,2.171
2008-04-23,2.20900011,2.20900011,2.20900011,2.20900011
2008-04-24,2.2019999,2.2019999,2.2019999,2.2019999
2008-04-25,2.40700006,2.40700006,2.40700006,2.40700006
2008-04-29,2.35400009,2.35400009,2.35400009,2.35400009
2008-04-30,2.36199999,2.36199999,2.36199999,2.36199999
2008-05-01,2.26999998,2.26999998,2.26999998,2.26999998
2008-05-02,2.37899995,2.37899995,2.37899995,2.37899995
2008-05-06,2.42499995,2.42499995,2.42499995,2.42499995
2008-05-07,2.40100002,2.40100002,2.40100002,2.40100002
2008-05-08,2.31599998,2.31599998,2.31599998,2.31599998
2008-05-09,2.23099995,2.23099995,2.23099995,2.23099995
2008-05-13,2.3210001,2.3210001,2.3210001,2.3210001
2008-05-14,2.47399998,2.47399998,2.47399998,2.47399998
2008-05-15,2.53200006,2.53200006,2.53200006,2.53200006
2008-05-16,2.43300009,2.43300009,2.43300009,2.43300009
2008-05-20,2.40199995,2.40199995,2.40199995,2.40199995
2008-05-21,2.31100011,2.31100011,2.31100011,2.31100011
2008-05-22,2.4059999,2.4059999,2.4059999,2.4059999
2008-05-23,2.53999996,2.53999996,2.53999996,2.53999996
2008-05-28,2.51399994,2.51399994,2.51399994,2.51399994
2008-05-29,2.60700011,2.60700011,2.60700011,2.60700011
2008-05-30,2.69000006,2.69000006,2.69000006,2.69000006
2008-06-03,2.5079999,2.5079999,2.5079999,2.5079999
2008-06-04,2.4059999,2.4059999,2.4059999,2.4059999
2008-06-05,2.45499992,2.45499992,2.45499992,2.45499992
2008-06-06,2.51099992,2.51099992,2.51099992,2.51099992
2008-06-10,2.71499991,2.71499991,2.71499991,2.71499991
2008-06-11,2.9289999,2.9289999,2.9289999,2.9289999
2008-06-12,2.81399989,2.81399989,2.81399989,2.81399989
2008-06-13,3.04999995,3.04999995,3.04999995,3.04999995
2008-06-17,3.03900003,3.03900003,3.03900003,3.03900003
2008-06-18,2.898,2.898,2.898,2.898
2008-06-19,2.85299993,2.85299993,2.85299993,2.85299993
2008-06-20,2.94499993,2.94499993,2.94499993,2.94499993
2008-06-24,2.95099998,2.95099998,2.95099998,2.95099998
2008-06-25,2.85899997,2.85899997,2.85899997,2.85899997
2008-06-26,2.81800008,2.81800008,2.81800008,2.81800008
2008-06-27,2.66899991,2.66899991,2.66899991,2.66899991
2008-07-01,2.63199997,2.63199997,2.63199997,2.63199997
2008-07-02,2.66000009,2.66000009,2.66000009,2.66000009
2008-07-03,2.579,2.579,2.579,2.579
2008-07-04,2.53699994,2.53699994,2.53699994,2.53699994
2008-07-08,2.44700003,2.44700003,2.44700003,2.44700003
2008-07-09,2.48300004,2.48300004,2.48300004,2.48300004
2008-07-10,2.38899994,2.38899994,2.38899994,2.38899994
2008-07-11,2.40899992,2.40899992,2.40899992,2.40899992
2008-07-15,2.46399999,2.46399999,2.46399999,2.46399999
2008-07-16,2.37299991,2.37299991,2.37299991,2.37299991
2008-07-17,2.43400002,2.43400002,2.43400002,2.43400002
2008-07-18,2.48699999,2.48699999,2.48699999,2.48699999
2008-07-22,2.59599996,2.59599996,2.59599996,2.59599996
2008-07-23,2.72000003,2.72000003,2.72000003,2.72000003
2008-07-24,2.74099994,2.74099994,2.74099994,2.74099994
2008-07-25,2.60899997,2.60899997,2.60899997,2.60899997
2008-07-29,2.58500004,2.58500004,2.58500004,2.58500004
2008-07-30,2.62899995,2.62899995,2.62899995,2.62899995
2008-07-31,2.64100003,2.64100003,2.64100003,2.64100003
2008-08-01,2.52399993,2.52399993,2.52399993,2.52399993
2008-08-05,2.53900003,2.53900003,2.53900003,2.53900003
2008-08-06,2.55900002,2.55900002,2.55900002,2.55900002
2008-08-07,2.58699989,2.58699989,2.58699989,2.58699989
2008-08-08,2.43199992,2.43199992,2.43199992,2.43199992
2008-08-12,2.54900002,2.54900002,2.54900002,2.54900002
2008-08-13,2.43400002,2.43400002,2.43400002,2.43400002
2008-08-14,2.48300004,2.48300004,2.48300004,2.48300004
2008-08-15,2.43799996,2.43799996,2.43799996,2.43799996
2008-08-19,2.34100008,2.34100008,2.34100008,2.34100008
2008-08-20,2.29999995,2.29999995,2.29999995,2.29999995
2008-08-21,2.25399995,2.25399995,2.25399995,2.25399995
2008-08-22,2.31500006,2.31500006,2.31500006,2.31500006
2008-08-26,2.33299994,2.33299994,2.33299994,2.33299994
2008-08-27,2.33699989,2.33699989,2.33699989,2.33699989
2008-08-28,2.28200006,2.28200006,2.28200006,2.28200006
2008-08-29,2.37100005,2.37100005,2.37100005,2.37100005
2008-09-03,2.26600003,2.26600003,2.26600003,2.26600003
2008-09-04,2.26600003,2.26600003,2.26600003,2.26600003
2008-09-05,2.18499994,2.18499994,2.18499994,2.18499994
2008-09-09,2.31399989,2.31399989,2.31399989,2.31399989
2008-09-10,2.17499995,2.17499995,2.17499995,2.17499995
2008-09-11,2.21199989,2.21199989,2.21199989,2.21199989
2008-09-12,2.23600006,2.23600006,2.23600006,2.23600006
2008-09-16,1.71399999,1.71399999,1.71399999,1.71399999
2008-09-17,1.80999994,1.80999994,1.80999994,1.80999994
2008-09-18,1.64699996,1.64699996,1.64699996,1.64699996
2008-09-19,1.70299995,1.70299995,1.70299995,1.70299995
2008-09-23,2.15100002,2.15100002,2.15100002,2.15100002
2008-09-24,2.06800008,2.06800008,2.06800008,2.06800008
2008-09-25,1.96899998,1.96899998,1.96899998,1.96899998
2008-09-26,2.16000009,2.16000009,2.16000009,2.16000009
2008-09-30,1.62899995,1.62899995,1.62899995,1.62899995
2008-10-01,1.96800005,1.96800005,1.96800005,1.96800005
2008-10-02,1.824,1.824,1.824,1.824
2008-10-03,1.62,1.62,1.62,1.62
2008-10-07,1.43799996,1.43799996,1.43799996,1.43799996
2008-10-08,1.46899998,1.46899998,1.46899998,1.46899998
2008-10-09,1.56400001,1.56400001,1.56400001,1.56400001
2008-10-10,1.528,1.528,1.528,1.528
2008-10-15,1.829,1.829,1.829,1.829
2008-10-16,1.55999994,1.55999994,1.55999994,1.55999994
2008-10-17,1.63699996,1.63699996,1.63699996,1.63699996
2008-10-21,1.71200001,1.71200001,1.71200001,1.71200001
2008-10-22,1.62600005,1.62600005,1.62600005,1.62600005
2008-10-23,1.50699997,1.50699997,1.50699997,1.50699997
2008-10-24,1.60000002,1.60000002,1.60000002,1.60000002
2008-10-28,1.53199995,1.53199995,1.53199995,1.53199995
2008-10-29,1.58899999,1.58899999,1.58899999,1.58899999
2008-10-30,1.54799998,1.54799998,1.54799998,1.54799998
2008-10-31,1.56799996,1.56799996,1.56799996,1.56799996
2008-11-04,1.44400001,1.44400001,1.44400001,1.44400001
2008-11-05,1.38,1.38,1.38,1.38
2008-11-06,1.34000003,1.34000003,1.34000003,1.34000003
2008-11-07,1.28400004,1.28400004,1.28400004,1.28400004
2008-11-11,1.27400005,1.27400005,1.27400005,1.27400005
2008-11-13,1.17299998,1.17299998,1.17299998,1.17299998
2008-11-14,1.23699999,1.23699999,1.23699999,1.23699999
2008-11-18,1.199,1.199,1.199,1.199
2008-11-19,1.13800001,1.13800001,1.13800001,1.13800001
2008-11-20,1.07200003,1.07200003,1.07200003,1.07200003
2008-11-21,0.96700001,0.96700001,0.96700001,0.96700001
2008-11-25,1.25100005,1.25100005,1.25100005,1.25100005
2008-11-26,1.19400001,1.19400001,1.19400001,1.19400001
2008-11-27,1.11099994,1.11099994,1.11099994,1.11099994
2008-12-02,0.917,0.917,0.917,0.917
2008-12-03,0.89700001,0.89700001,0.89700001,0.89700001
2008-12-04,0.89200002,0.89200002,0.89200002,0.89200002
2008-12-05,0.82099998,0.82099998,0.82099998,0.82099998
2008-12-09,0.94199997,0.94199997,0.94199997,0.94199997
2008-12-10,0.85399997,0.85399997,0.85399997,0.85399997
2008-12-11,0.861,0.861,0.861,0.861
2008-12-12,0.801,0.801,0.801,0.801
2008-12-16,0.74199998,0.74199998,0.74199998,0.74199998
2008-12-17,0.65700001,0.65700001,0.65700001,0.65700001
2008-12-18,0.75300002,0.75300002,0.75300002,0.75300002
2008-12-19,0.68800002,0.68800002,0.68800002,0.68800002
2008-12-23,0.67900002,0.67900002,0.67900002,0.67900002
2008-12-24,0.903,0.903,0.903,0.903
2008-12-25,0.91399997,0.91399997,0.91399997,0.91399997
2008-12-30,0.78399998,0.78399998,0.78399998,0.78399998
2008-12-31,0.72500002,0.72500002,0.72500002,0.72500002
2009-01-01,0.76800001,0.76800001,0.76800001,0.76800001
2009-01-06,0.77600002,0.77600002,0.77600002,0.77600002
2009-01-07,0.77899998,0.77899998,0.77899998,0.77899998
2009-01-08,0.81900001,0.81900001,0.81900001,0.81900001
2009-01-09,0.84299999,0.84299999,0.84299999,0.84299999
2009-01-13,0.75400001,0.75400001,0.75400001,0.75400001
2009-01-14,0.75800002,0.75800002,0.75800002,0.75800002
2009-01-15,0.71399999,0.71399999,0.71399999,0.71399999
2009-01-16,0.72600001,0.72600001,0.72600001,0.72600001
2009-01-21,0.70899999,0.70899999,0.70899999,0.70899999
2009-01-22,0.78899997,0.78899997,0.78899997,0.78899997
2009-01-23,0.741,0.741,0.741,0.741
2009-01-27,0.84200001,0.84200001,0.84200001,0.84200001
2009-01-28,0.84299999,0.84299999,0.84299999,0.84299999
2009-01-29,0.91100001,0.91100001,0.91100001,0.91100001
2009-01-30,0.97000003,0.97000003,0.97000003,0.97000003
2009-02-03,0.903,0.903,0.903,0.903
2009-02-04,0.96600002,0.96600002,0.96600002,0.96600002
2009-02-05,0.98299998,0.98299998,0.98299998,0.98299998
2009-02-06,0.97500002,0.97500002,0.97500002,0.97500002
2009-02-10,1.01499999,1.01499999,1.01499999,1.01499999
2009-02-11,0.89899999,0.89899999,0.89899999,0.89899999
2009-02-12,0.91500002,0.91500002,0.91500002,0.91500002
2009-02-13,0.91900003,0.91900003,0.91900003,0.91900003
2009-02-18,0.86699998,0.86699998,0.86699998,0.86699998
2009-02-19,0.96399999,0.96399999,0.96399999,0.96399999
2009-02-20,0.98500001,0.98500001,0.98500001,0.98500001
2009-02-24,0.94,0.94,0.94,0.94
2009-02-25,1.00300002,1.00300002,1.00300002,1.00300002
2009-02-26,1.09300005,1.09300005,1.09300005,1.09300005
2009-02-27,1.09300005,1.09300005,1.09300005,1.09300005
2009-03-03,0.87900001,0.87900001,0.87900001,0.87900001
2009-03-04,0.89099997,0.89099997,0.89099997,0.89099997
2009-03-05,0.94300002,0.94300002,0.94300002,0.94300002
2009-03-06,0.89099997,0.89099997,0.89099997,0.89099997
2009-03-10,0.963,0.963,0.963,0.963
2009-03-11,1.03999996,1.03999996,1.03999996,1.03999996
2009-03-12,1.02400005,1.02400005,1.02400005,1.02400005
2009-03-13,1.01199996,1.01199996,1.01199996,1.01199996
2009-03-17,1.01300001,1.01300001,1.01300001,1.01300001
2009-03-18,1.03299999,1.03299999,1.03299999,1.03299999
2009-03-19,0.82999998,0.82999998,0.82999998,0.82999998
2009-03-20,0.86699998,0.86699998,0.86699998,0.86699998
2009-03-24,0.89899999,0.89899999,0.89899999,0.89899999
2009-03-25,0.93199998,0.93199998,0.93199998,0.93199998
2009-03-26,0.958,0.958,0.958,0.958
2009-03-27,0.91900003,0.91900003,0.91900003,0.91900003
2009-03-31,0.85500002,0.85500002,0.85500002,0.85500002
2009-04-01,0.80400002,0.80400002,0.80400002,0.80400002
2009-04-02,0.81199998,0.81199998,0.81199998,0.81199998
2009-04-03,0.89099997,0.89099997,0.89099997,0.89099997
2009-04-07,0.95499998,0.95499998,0.95499998,0.95499998
2009-04-08,0.91900003,0.91900003,0.91900003,0.91900003
2009-04-09,0.935,0.935,0.935,0.935
2009-04-10,0.96399999,0.96399999,0.96399999,0.96399999
2009-04-14,0.87900001,0.87900001,0.87900001,0.87900001
2009-04-15,0.85900003,0.85900003,0.85900003,0.85900003
2009-04-16,0.85900003,0.85900003,0.85900003,0.85900003
2009-04-17,0.90700001,0.90700001,0.90700001,0.90700001
2009-04-21,0.92000002,0.92000002,0.92000002,0.92000002
2009-04-22,0.94,0.94,0.94,0.94
2009-04-23,0.96899998,0.96899998,0.96899998,0.96899998
2009-04-24,0.93599999,0.93599999,0.93599999,0.93599999
2009-04-28,0.88300002,0.88300002,0.88300002,0.88300002
2009-04-29,0.94999999,0.94999999,0.94999999,0.94999999
2009-04-30,0.954,0.954,0.954,0.954
2009-05-01,0.91100001,0.91100001,0.91100001,0.91100001
2009-05-05,0.93900001,0.93900001,0.93900001,0.93900001
2009-05-06,0.96700001,0.96700001,0.96700001,0.96700001
2009-05-07,0.963,0.963,0.963,0.963
2009-05-08,1.00300002,1.00300002,1.00300002,1.00300002
2009-05-12,0.89899999,0.89899999,0.89899999,0.89899999
2009-05-13,0.89099997,0.89099997,0.89099997,0.89099997
2009-05-14,0.87099999,0.87099999,0.87099999,0.87099999
2009-05-15,0.85100001,0.85100001,0.85100001,0.85100001
2009-05-19,0.91500002,0.91500002,0.91500002,0.91500002
2009-05-20,0.89099997,0.89099997,0.89099997,0.89099997
2009-05-21,0.838,0.838,0.838,0.838
2009-05-22,0.87099999,0.87099999,0.87099999,0.87099999
2009-05-27,0.91600001,0.91600001,0.91600001,0.91600001
2009-05-28,0.986,0.986,0.986,0.986
2009-05-29,0.96200001,0.96200001,0.96200001,0.96200001
2009-06-02,0.954,0.954,0.954,0.954
2009-06-03,0.94999999,0.94999999,0.94999999,0.94999999
2009-06-04,0.91100001,0.91100001,0.91100001,0.91100001
2009-06-05,0.963,0.963,0.963,0.963
2009-06-09,1.42200005,1.42200005,1.42200005,1.42200005
2009-06-10,1.30999994,1.30999994,1.30999994,1.30999994
2009-06-11,1.35899997,1.35899997,1.35899997,1.35899997
2009-06-12,1.32299995,1.32299995,1.32299995,1.32299995
2009-06-16,1.22800004,1.22800004,1.22800004,1.22800004
2009-06-17,1.18299997,1.18299997,1.18299997,1.18299997
2009-06-18,1.16299999,1.16299999,1.16299999,1.16299999
2009-06-19,1.25,1.25,1.25,1.25
2009-06-23,1.13300002,1.13300002,1.13300002,1.13300002
2009-06-24,1.09599996,1.09599996,1.09599996,1.09599996
2009-06-25,1.21599996,1.21599996,1.21599996,1.21599996
2009-06-26,1.125,1.125,1.125,1.125
2009-06-30,1.10099995,1.10099995,1.10099995,1.10099995
2009-07-01,1.11699998,1.11699998,1.11699998,1.11699998
2009-07-02,1.04999995,1.04999995,1.04999995,1.04999995
2009-07-03,0.98500001,0.98500001,0.98500001,0.98500001
2009-07-07,0.949,0.949,0.949,0.949
2009-07-08,0.96899998,0.96899998,0.96899998,0.96899998
2009-07-09,0.917,0.917,0.917,0.917
2009-07-10,0.93300003,0.93300003,0.93300003,0.93300003
2009-07-14,0.89999998,0.89999998,0.89999998,0.89999998
2009-07-15,0.94300002,0.94300002,0.94300002,0.94300002
2009-07-16,1.02400005,1.02400005,1.02400005,1.02400005
2009-07-17,0.97899997,0.97899997,0.97899997,0.97899997
2009-07-21,0.97399998,0.97399998,0.97399998,0.97399998
2009-07-22,0.921,0.921,0.921,0.921
2009-07-23,0.94099998,0.94099998,0.94099998,0.94099998
2009-07-24,1.01900005,1.01900005,1.01900005,1.01900005
2009-07-28,1.03799999,1.03799999,1.03799999,1.03799999
2009-07-29,1.08000004,1.08000004,1.08000004,1.08000004
2009-07-30,1.16600001,1.16600001,1.16600001,1.16600001
2009-07-31,1.17400002,1.17400002,1.17400002,1.17400002
2009-08-04,1.18299997,1.18299997,1.18299997,1.18299997
2009-08-05,1.204,1.204,1.204,1.204
2009-08-06,1.22000003,1.22000003,1.22000003,1.22000003
2009-08-07,1.204,1.204,1.204,1.204
2009-08-11,1.24199998,1.24199998,1.24199998,1.24199998
2009-08-12,1.17700005,1.17700005,1.17700005,1.17700005
2009-08-13,1.153,1.153,1.153,1.153
2009-08-14,1.09300005,1.09300005,1.09300005,1.09300005
2009-08-18,1.01199996,1.01199996,1.01199996,1.01199996
2009-08-19,1.028,1.028,1.028,1.028
2009-08-20,0.99199998,0.99199998,0.99199998,0.99199998
2009-08-21,0.99199998,0.99199998,0.99199998,0.99199998
2009-08-25,1.01999998,1.01999998,1.01999998,1.01999998
2009-08-26,1.01199996,1.01199996,1.01199996,1.01199996
2009-08-27,1.05499995,1.05499995,1.05499995,1.05499995
2009-08-28,1.04799998,1.04799998,1.04799998,1.04799998
2009-09-01,0.96799999,0.96799999,0.96799999,0.96799999
2009-09-02,0.91299999,0.91299999,0.91299999,0.91299999
2009-09-03,0.90100002,0.90100002,0.90100002,0.90100002
2009-09-04,0.917,0.917,0.917,0.917
2009-09-09,0.94400001,0.94400001,0.94400001,0.94400001
2009-09-10,0.92799997,0.92799997,0.92799997,0.92799997
2009-09-11,0.88800001,0.88800001,0.88800001,0.88800001
2009-09-15,0.92699999,0.92699999,0.92699999,0.92699999
2009-09-16,0.93900001,0.93900001,0.93900001,0.93900001
2009-09-17,0.99199998,0.99199998,0.99199998,0.99199998
2009-09-18,0.93900001,0.93900001,0.93900001,0.93900001
2009-09-22,0.98400003,0.98400003,0.98400003,0.98400003
2009-09-23,0.95499998,0.95499998,0.95499998,0.95499998
2009-09-24,0.95599997,0.95599997,0.95599997,0.95599997
2009-09-25,0.93699998,0.93699998,0.93699998,0.93699998
2009-09-29,0.97600001,0.97600001,0.97600001,0.97600001
2009-09-30,1,1,1,1
2009-10-01,0.94800001,0.94800001,0.94800001,0.94800001
2009-10-02,0.87300003,0.87300003,0.87300003,0.87300003
2009-10-06,0.87699997,0.87699997,0.87699997,0.87699997
2009-10-07,0.90399998,0.90399998,0.90399998,0.90399998
2009-10-08,0.86000001,0.86000001,0.86000001,0.86000001
2009-10-09,0.884,0.884,0.884,0.884
2009-10-14,0.89899999,0.89899999,0.89899999,0.89899999
2009-10-15,0.92299998,0.92299998,0.92299998,0.92299998
2009-10-16,0.95099998,0.95099998,0.95099998,0.95099998
2009-10-20,0.96700001,0.96700001,0.96700001,0.96700001
2009-10-21,0.91900003,0.91900003,0.91900003,0.91900003
2009-10-22,0.95899999,0.95899999,0.95899999,0.95899999
2009-10-23,0.94700003,0.94700003,0.94700003,0.94700003
2009-10-27,1.02900004,1.02900004,1.02900004,1.02900004
2009-10-28,0.93400002,0.93400002,0.93400002,0.93400002
2009-10-29,0.94099998,0.94099998,0.94099998,0.94099998
2009-10-30,0.98000002,0.98000002,0.98000002,0.98000002
2009-11-03,0.92500001,0.92500001,0.92500001,0.92500001
2009-11-04,0.917,0.917,0.917,0.917
2009-11-05,0.89999998,0.89999998,0.89999998,0.89999998
2009-11-06,0.88099998,0.88099998,0.88099998,0.88099998
2009-11-10,0.852,0.852,0.852,0.852
2009-11-11,0.83499998,0.83499998,0.83499998,0.83499998
2009-11-13,0.81099999,0.81099999,0.81099999,0.81099999
2009-11-17,0.77399999,0.77399999,0.77399999,0.77399999
2009-11-18,0.76099998,0.76099998,0.76099998,0.76099998
2009-11-19,0.74900001,0.74900001,0.74900001,0.74900001
2009-11-20,0.704,0.704,0.704,0.704
2009-11-24,0.73100001,0.73100001,0.73100001,0.73100001
2009-11-25,0.73000002,0.73000002,0.73000002,0.73000002
2009-11-26,0.74199998,0.74199998,0.74199998,0.74199998
2009-12-01,0.667,0.667,0.667,0.667
2009-12-02,0.67500001,0.67500001,0.67500001,0.67500001
2009-12-03,0.722,0.722,0.722,0.722
2009-12-04,0.72600001,0.72600001,0.72600001,0.72600001
2009-12-08,0.76599997,0.76599997,0.76599997,0.76599997
2009-12-09,0.72600001,0.72600001,0.72600001,0.72600001
2009-12-10,0.74599999,0.74599999,0.74599999,0.74599999
2009-12-11,0.76999998,0.76999998,0.76999998,0.76999998
2009-12-15,0.85500002,0.85500002,0.85500002,0.85500002
2009-12-16,0.85900003,0.85900003,0.85900003,0.85900003
2009-12-17,0.83499998,0.83499998,0.83499998,0.83499998
2009-12-18,0.75800002,0.75800002,0.75800002,0.75800002
2009-12-22,0.86400002,0.86400002,0.86400002,0.86400002
2009-12-23,0.91299999,0.91299999,0.91299999,0.91299999
2009-12-24,0.926,0.926,0.926,0.926
2009-12-25,0.96799999,0.96799999,0.96799999,0.96799999
2009-12-29,1.051,1.051,1.051,1.051
2009-12-30,1.09500003,1.09500003,1.09500003,1.09500003
2009-12-31,1.08299994,1.08299994,1.08299994,1.08299994
2010-01-01,1.14300001,1.14300001,1.14300001,1.14300001
2010-01-05,1.07599998,1.07599998,1.07599998,1.07599998
2010-01-06,1.01600003,1.01600003,1.01600003,1.01600003
2010-01-07,1,1,1,1
2010-01-08,1.028,1.028,1.028,1.028
2010-01-12,0.94,0.94,0.94,0.94
2010-01-13,0.90700001,0.90700001,0.90700001,0.90700001
2010-01-14,0.96399999,0.96399999,0.96399999,0.96399999
2010-01-15,0.92299998,0.92299998,0.92299998,0.92299998
2010-01-20,0.88599998,0.88599998,0.88599998,0.88599998
2010-01-21,0.88200003,0.88200003,0.88200003,0.88200003
2010-01-22,0.833,0.833,0.833,0.833
2010-01-26,0.81599998,0.81599998,0.81599998,0.81599998
2010-01-27,0.81099999,0.81099999,0.81099999,0.81099999
2010-01-28,0.91500002,0.91500002,0.91500002,0.91500002
2010-01-29,0.86299998,0.86299998,0.86299998,0.86299998
2010-02-02,0.85500002,0.85500002,0.85500002,0.85500002
2010-02-03,0.85500002,0.85500002,0.85500002,0.85500002
2010-02-04,0.88300002,0.88300002,0.88300002,0.88300002
2010-02-05,0.80699998,0.80699998,0.80699998,0.80699998
2010-02-09,0.76300001,0.76300001,0.76300001,0.76300001
2010-02-10,0.82700002,0.82700002,0.82700002,0.82700002
2010-02-11,0.87900001,0.87900001,0.87900001,0.87900001
2010-02-12,0.87099999,0.87099999,0.87099999,0.87099999
2010-02-17,0.80599999,0.80599999,0.80599999,0.80599999
2010-02-18,0.85500002,0.85500002,0.85500002,0.85500002
2010-02-19,0.92799997,0.92799997,0.92799997,0.92799997
2010-02-23,0.88700002,0.88700002,0.88700002,0.88700002
2010-02-24,0.838,0.838,0.838,0.838
2010-02-25,0.86699998,0.86699998,0.86699998,0.86699998
2010-02-26,0.82800001,0.82800001,0.82800001,0.82800001
2010-03-02,0.80400002,0.80400002,0.80400002,0.80400002
2010-03-03,0.792,0.792,0.792,0.792
2010-03-04,0.81199998,0.81199998,0.81199998,0.81199998
2010-03-05,0.85900003,0.85900003,0.85900003,0.85900003
2010-03-09,0.89499998,0.89499998,0.89499998,0.89499998
2010-03-10,0.87099999,0.87099999,0.87099999,0.87099999
2010-03-11,0.90700001,0.90700001,0.90700001,0.90700001
2010-03-12,0.95099998,0.95099998,0.95099998,0.95099998
2010-03-16,0.94400001,0.94400001,0.94400001,0.94400001
2010-03-17,0.91100001,0.91100001,0.91100001,0.91100001
2010-03-18,0.91900003,0.91900003,0.91900003,0.91900003
2010-03-19,0.95599997,0.95599997,0.95599997,0.95599997
2010-03-23,0.97299999,0.97299999,0.97299999,0.97299999
2010-03-24,0.98100001,0.98100001,0.98100001,0.98100001
2010-03-25,1.09899998,1.09899998,1.09899998,1.09899998
2010-03-26,1.08700001,1.08700001,1.08700001,1.08700001
2010-03-30,1.03999996,1.03999996,1.03999996,1.03999996
2010-03-31,1.06299996,1.06299996,1.06299996,1.06299996
2010-04-01,1.01999998,1.01999998,1.01999998,1.01999998
2010-04-02,1.05999994,1.05999994,1.05999994,1.05999994
2010-04-06,1.176,1.176,1.176,1.176
2010-04-07,1.13999999,1.13999999,1.13999999,1.13999999
2010-04-08,1.05599999,1.05599999,1.05599999,1.05599999
2010-04-09,1.06799996,1.06799996,1.06799996,1.06799996
2010-04-13,1.03600001,1.03600001,1.03600001,1.03600001
2010-04-14,1.05200005,1.05200005,1.05200005,1.05200005
2010-04-15,1.05599999,1.05599999,1.05599999,1.05599999
2010-04-16,1.01600003,1.01600003,1.01600003,1.01600003
2010-04-20,0.98799998,0.98799998,0.98799998,0.98799998
2010-04-21,1.01199996,1.01199996,1.01199996,1.01199996
2010-04-22,1,1,1,1
2010-04-23,1.03299999,1.03299999,1.03299999,1.03299999
2010-04-27,1.05700004,1.05700004,1.05700004,1.05700004
2010-04-28,0.963,0.963,0.963,0.963
2010-04-29,1.03199995,1.03199995,1.03199995,1.03199995
2010-04-30,1.00399995,1.00399995,1.00399995,1.00399995
2010-05-04,1,1,1,1
2010-05-05,0.95200002,0.95200002,0.95200002,0.95200002
2010-05-06,0.87300003,0.87300003,0.87300003,0.87300003
2010-05-07,0.79299998,0.79299998,0.79299998,0.79299998
2010-05-11,0.86799997,0.86799997,0.86799997,0.86799997
2010-05-12,0.83999997,0.83999997,0.83999997,0.83999997
2010-05-13,0.86699998,0.86699998,0.86699998,0.86699998
2010-05-14,0.83499998,0.83499998,0.83499998,0.83499998
2010-05-18,0.80599999,0.80599999,0.80599999,0.80599999
2010-05-19,0.73299998,0.73299998,0.73299998,0.73299998
2010-05-20,0.77700001,0.77700001,0.77700001,0.77700001
2010-05-21,0.71600002,0.71600002,0.71600002,0.71600002
2010-05-25,0.73500001,0.73500001,0.73500001,0.73500001
2010-05-26,0.759,0.759,0.759,0.759
2010-05-27,0.81699997,0.81699997,0.81699997,0.81699997
2010-05-28,0.88099998,0.88099998,0.88099998,0.88099998
2010-06-02,0.76999998,0.76999998,0.76999998,0.76999998
2010-06-03,0.81699997,0.81699997,0.81699997,0.81699997
2010-06-04,0.82099998,0.82099998,0.82099998,0.82099998
2010-06-08,0.71799999,0.71799999,0.71799999,0.71799999
2010-06-09,0.74599999,0.74599999,0.74599999,0.74599999
2010-06-10,0.72600001,0.72600001,0.72600001,0.72600001
2010-06-11,0.79400003,0.79400003,0.79400003,0.79400003
2010-06-15,0.73799998,0.73799998,0.73799998,0.73799998
2010-06-16,0.75800002,0.75800002,0.75800002,0.75800002
2010-06-17,0.73400003,0.73400003,0.73400003,0.73400003
2010-06-18,0.70599997,0.70599997,0.70599997,0.70599997
2010-06-22,0.71700001,0.71700001,0.71700001,0.71700001
2010-06-23,0.685,0.685,0.685,0.685
2010-06-24,0.68000001,0.68000001,0.68000001,0.68000001
2010-06-25,0.68000001,0.68000001,0.68000001,0.68000001
2010-06-29,0.62900001,0.62900001,0.62900001,0.62900001
2010-06-30,0.60100001,0.60100001,0.60100001,0.60100001
2010-07-01,0.60500002,0.60500002,0.60500002,0.60500002
2010-07-02,0.63700002,0.63700002,0.63700002,0.63700002
2010-07-07,0.62099999,0.62099999,0.62099999,0.62099999
2010-07-08,0.62900001,0.62900001,0.62900001,0.62900001
2010-07-09,0.62099999,0.62099999,0.62099999,0.62099999
2010-07-13,0.653,0.653,0.653,0.653
2010-07-14,0.66900003,0.66900003,0.66900003,0.66900003
2010-07-15,0.60900003,0.60900003,0.60900003,0.60900003
2010-07-16,0.60900003,0.60900003,0.60900003,0.60900003
2010-07-20,0.59299999,0.59299999,0.59299999,0.59299999
2010-07-21,0.58499998,0.58499998,0.58499998,0.58499998
2010-07-22,0.56,0.56,0.56,0.56
2010-07-23,0.56400001,0.56400001,0.56400001,0.56400001
2010-07-27,0.59600002,0.59600002,0.59600002,0.59600002
2010-07-28,0.64099997,0.64099997,0.64099997,0.64099997
2010-07-29,0.61299998,0.61299998,0.61299998,0.61299998
2010-07-30,0.58600003,0.58600003,0.58600003,0.58600003
2010-08-03,0.56599998,0.56599998,0.56599998,0.56599998
2010-08-04,0.53799999,0.53799999,0.53799999,0.53799999
2010-08-05,0.56999999,0.56999999,0.56999999,0.56999999
2010-08-06,0.53399998,0.53399998,0.53399998,0.53399998
2010-08-10,0.537,0.537,0.537,0.537
2010-08-11,0.52499998,0.52499998,0.52499998,0.52499998
2010-08-12,0.51700002,0.51700002,0.51700002,0.51700002
2010-08-13,0.54900002,0.54900002,0.54900002,0.54900002
2010-08-17,0.49599999,0.49599999,0.49599999,0.49599999
2010-08-18,0.5,0.5,0.5,0.5
2010-08-19,0.49599999,0.49599999,0.49599999,0.49599999
2010-08-20,0.48800001,0.48800001,0.48800001,0.48800001
2010-08-24,0.48300001,0.48300001,0.48300001,0.48300001
2010-08-25,0.47,0.47,0.47,0.47
2010-08-26,0.52399999,0.52399999,0.52399999,0.52399999
2010-08-27,0.52100003,0.52100003,0.52100003,0.52100003
2010-08-31,0.50099999,0.50099999,0.50099999,0.50099999
2010-09-01,0.477,0.477,0.477,0.477
2010-09-02,0.505,0.505,0.505,0.505
2010-09-03,0.49700001,0.49700001,0.49700001,0.49700001
2010-09-08,0.49000001,0.49000001,0.49000001,0.49000001
2010-09-09,0.52200001,0.52200001,0.52200001,0.52200001
2010-09-10,0.56300002,0.56300002,0.56300002,0.56300002
2010-09-14,0.53500003,0.53500003,0.53500003,0.53500003
2010-09-15,0.49900001,0.49900001,0.49900001,0.49900001
2010-09-16,0.484,0.484,0.484,0.484
2010-09-17,0.47999999,0.47999999,0.47999999,0.47999999
2010-09-21,0.46399999,0.46399999,0.46399999,0.46399999
2010-09-22,0.42399999,0.42399999,0.42399999,0.42399999
2010-09-23,0.43200001,0.43200001,0.43200001,0.43200001
2010-09-24,0.41999999,0.41999999,0.41999999,0.41999999
2010-09-28,0.428,0.428,0.428,0.428
2010-09-29,0.43399999,0.43399999,0.43399999,0.43399999
2010-09-30,0.43799999,0.43799999,0.43799999,0.43799999
2010-10-01,0.426,0.426,0.426,0.426
2010-10-05,0.41100001,0.41100001,0.41100001,0.41100001
2010-10-06,0.40700001,0.40700001,0.40700001,0.40700001
2010-10-07,0.38299999,0.38299999,0.38299999,0.38299999
2010-10-08,0.35499999,0.35499999,0.35499999,0.35499999
2010-10-13,0.37099999,0.37099999,0.37099999,0.37099999
2010-10-14,0.36700001,0.36700001,0.36700001,0.36700001
2010-10-15,0.38299999,0.38299999,0.38299999,0.38299999
2010-10-19,0.36700001,0.36700001,0.36700001,0.36700001
2010-10-20,0.36300001,0.36300001,0.36300001,0.36300001
2010-10-21,0.35100001,0.35100001,0.35100001,0.35100001
2010-10-22,0.35499999,0.35499999,0.35499999,0.35499999
2010-10-26,0.36300001,0.36300001,0.36300001,0.36300001
2010-10-27,0.39500001,0.39500001,0.39500001,0.39500001
2010-10-28,0.41800001,0.41800001,0.41800001,0.41800001
2010-10-29,0.36700001,0.36700001,0.36700001,0.36700001
2010-11-02,0.347,0.347,0.347,0.347
2010-11-03,0.35100001,0.35100001,0.35100001,0.35100001
2010-11-04,0.34,0.34,0.34,0.34
2010-11-05,0.33199999,0.33199999,0.33199999,0.33199999
2010-11-09,0.403,0.403,0.403,0.403
2010-11-10,0.44299999,0.44299999,0.44299999,0.44299999
2010-11-11,0.43099999,0.43099999,0.43099999,0.43099999
2010-11-16,0.54000002,0.54000002,0.54000002,0.54000002
2010-11-17,0.50400001,0.50400001,0.50400001,0.50400001
2010-11-18,0.48800001,0.48800001,0.48800001,0.48800001
2010-11-19,0.5,0.5,0.5,0.5
2010-11-23,0.46799999,0.46799999,0.46799999,0.46799999
2010-11-24,0.45699999,0.45699999,0.45699999,0.45699999
2010-11-25,0.53899997,0.53899997,0.53899997,0.53899997
2010-11-30,0.51200002,0.51200002,0.51200002,0.51200002
2010-12-01,0.461,0.461,0.461,0.461
2010-12-02,0.53899997,0.53899997,0.53899997,0.53899997
2010-12-03,0.54299998,0.54299998,0.54299998,0.54299998
2010-12-07,0.42899999,0.42899999,0.42899999,0.42899999
2010-12-08,0.53200001,0.53200001,0.53200001,0.53200001
2010-12-09,0.62699997,0.62699997,0.62699997,0.62699997
2010-12-10,0.62800002,0.62800002,0.62800002,0.62800002
2010-12-14,0.59200001,0.59200001,0.59200001,0.59200001
2010-12-15,0.64899999,0.64899999,0.64899999,0.64899999
2010-12-16,0.67699999,0.67699999,0.67699999,0.67699999
2010-12-17,0.64899999,0.64899999,0.64899999,0.64899999
2010-12-21,0.60500002,0.60500002,0.60500002,0.60500002
2010-12-22,0.61400002,0.61400002,0.61400002,0.61400002
2010-12-23,0.634,0.634,0.634,0.634
2010-12-24,0.65499997,0.65499997,0.65499997,0.65499997
2010-12-28,0.64700001,0.64700001,0.64700001,0.64700001
2010-12-29,0.75099999,0.75099999,0.75099999,0.75099999
2010-12-30,0.64099997,0.64099997,0.64099997,0.64099997
2010-12-31,0.64499998,0.64499998,0.64499998,0.64499998
2011-01-04,0.60100001,0.60100001,0.60100001,0.60100001
2011-01-05,0.62099999,0.62099999,0.62099999,0.62099999
2011-01-06,0.708,0.708,0.708,0.708
2011-01-07,0.67699999,0.67699999,0.67699999,0.67699999
2011-01-11,0.57300001,0.57300001,0.57300001,0.57300001
2011-01-12,0.58899999,0.58899999,0.58899999,0.58899999
2011-01-13,0.60500002,0.60500002,0.60500002,0.60500002
2011-01-14,0.58499998,0.58499998,0.58499998,0.58499998
2011-01-19,0.58899999,0.58899999,0.58899999,0.58899999
2011-01-20,0.56800002,0.56800002,0.56800002,0.56800002
2011-01-21,0.63300002,0.63300002,0.63300002,0.63300002
2011-01-25,0.62099999,0.62099999,0.62099999,0.62099999
2011-01-26,0.57999998,0.57999998,0.57999998,0.57999998
2011-01-27,0.62900001,0.62900001,0.62900001,0.62900001
2011-01-28,0.58600003,0.58600003,0.58600003,0.58600003
2011-02-01,0.56999999,0.56999999,0.56999999,0.56999999
2011-02-02,0.60500002,0.60500002,0.60500002,0.60500002
2011-02-03,0.66399997,0.66399997,0.66399997,0.66399997
2011-02-04,0.71200001,0.71200001,0.71200001,0.71200001
2011-02-08,0.76499999,0.76499999,0.76499999,0.76499999
2011-02-09,0.85299999,0.85299999,0.85299999,0.85299999
2011-02-10,0.80500001,0.80500001,0.80500001,0.80500001
2011-02-11,0.83700001,0.83700001,0.83700001,0.83700001
2011-02-15,0.847,0.847,0.847,0.847
2011-02-16,0.82300001,0.82300001,0.82300001,0.82300001
2011-02-17,0.83499998,0.83499998,0.83499998,0.83499998
2011-02-18,0.76599997,0.76599997,0.76599997,0.76599997
2011-02-23,0.69800001,0.69800001,0.69800001,0.69800001
2011-02-24,0.75099999,0.75099999,0.75099999,0.75099999
2011-02-25,0.73900002,0.73900002,0.73900002,0.73900002
2011-03-01,0.68800002,0.68800002,0.68800002,0.68800002
2011-03-02,0.65700001,0.65700001,0.65700001,0.65700001
2011-03-03,0.69599998,0.69599998,0.69599998,0.69599998
2011-03-04,0.764,0.764,0.764,0.764
2011-03-08,0.70499998,0.70499998,0.70499998,0.70499998
2011-03-09,0.72500002,0.72500002,0.72500002,0.72500002
2011-03-10,0.69700003,0.69700003,0.69700003,0.69700003
2011-03-11,0.63300002,0.63300002,0.63300002,0.63300002
2011-03-15,0.60100001,0.60100001,0.60100001,0.60100001
2011-03-16,0.60900003,0.60900003,0.60900003,0.60900003
2011-03-17,0.56099999,0.56099999,0.56099999,0.56099999
2011-03-18,0.58899999,0.58899999,0.58899999,0.58899999
2011-03-22,0.63700002,0.63700002,0.63700002,0.63700002
2011-03-23,0.653,0.653,0.653,0.653
2011-03-24,0.65399998,0.65399998,0.65399998,0.65399998
2011-03-25,0.69400001,0.69400001,0.69400001,0.69400001
2011-03-29,0.75599998,0.75599998,0.75599998,0.75599998
2011-03-30,0.82499999,0.82499999,0.82499999,0.82499999
2011-03-31,0.79699999,0.79699999,0.79699999,0.79699999
2011-04-01,0.833,0.833,0.833,0.833
2011-04-05,0.76599997,0.76599997,0.76599997,0.76599997
2011-04-06,0.82200003,0.82200003,0.82200003,0.82200003
2011-04-07,0.84200001,0.84200001,0.84200001,0.84200001
2011-04-08,0.78600001,0.78600001,0.78600001,0.78600001
2011-04-12,0.82999998,0.82999998,0.82999998,0.82999998
2011-04-13,0.74599999,0.74599999,0.74599999,0.74599999
2011-04-14,0.73000002,0.73000002,0.73000002,0.73000002
2011-04-15,0.76599997,0.76599997,0.76599997,0.76599997
2011-04-19,0.66500002,0.66500002,0.66500002,0.66500002
2011-04-20,0.653,0.653,0.653,0.653
2011-04-21,0.66900003,0.66900003,0.66900003,0.66900003
2011-04-22,0.66000003,0.66000003,0.66000003,0.66000003
2011-04-26,0.63999999,0.63999999,0.63999999,0.63999999
2011-04-27,0.60699999,0.60699999,0.60699999,0.60699999
2011-04-28,0.64899999,0.64899999,0.64899999,0.64899999
2011-04-29,0.625,0.625,0.625,0.625
2011-05-03,0.60500002,0.60500002,0.60500002,0.60500002
2011-05-04,0.60500002,0.60500002,0.60500002,0.60500002
2011-05-05,0.58899999,0.58899999,0.58899999,0.58899999
2011-05-06,0.57700002,0.57700002,0.57700002,0.57700002
2011-05-10,0.54900002,0.54900002,0.54900002,0.54900002
2011-05-11,0.58899999,0.58899999,0.58899999,0.58899999
2011-05-12,0.54900002,0.54900002,0.54900002,0.54900002
2011-05-13,0.55699998,0.55699998,0.55699998,0.55699998
2011-05-17,0.52399999,0.52399999,0.52399999,0.52399999
2011-05-18,0.51999998,0.51999998,0.51999998,0.51999998
2011-05-19,0.56,0.56,0.56,0.56
2011-05-20,0.528,0.528,0.528,0.528
2011-05-24,0.52700001,0.52700001,0.52700001,0.52700001
2011-05-25,0.50700003,0.50700003,0.50700003,0.50700003
2011-05-26,0.53500003,0.53500003,0.53500003,0.53500003
2011-05-27,0.48800001,0.48800001,0.48800001,0.48800001
2011-06-01,0.46799999,0.46799999,0.46799999,0.46799999
2011-06-02,0.43700001,0.43700001,0.43700001,0.43700001
2011-06-03,0.461,0.461,0.461,0.461
2011-06-07,0.42500001,0.42500001,0.42500001,0.42500001
2011-06-08,0.405,0.405,0.405,0.405
2011-06-09,0.38499999,0.38499999,0.38499999,0.38499999
2011-06-10,0.41999999,0.41999999,0.41999999,0.41999999
2011-06-14,0.396,0.396,0.396,0.396
2011-06-15,0.44400001,0.44400001,0.44400001,0.44400001
2011-06-16,0.38,0.38,0.38,0.38
2011-06-17,0.384,0.384,0.384,0.384
2011-06-21,0.375,0.375,0.375,0.375
2011-06-22,0.37,0.37,0.37,0.37
2011-06-23,0.37400001,0.37400001,0.37400001,0.37400001
2011-06-24,0.34999999,0.34999999,0.34999999,0.34999999
2011-06-28,0.398,0.398,0.398,0.398
2011-06-29,0.48100001,0.48100001,0.48100001,0.48100001
2011-06-30,0.465,0.465,0.465,0.465
2011-07-01,0.465,0.465,0.465,0.465
2011-07-06,0.43399999,0.43399999,0.43399999,0.43399999
2011-07-07,0.426,0.426,0.426,0.426
2011-07-08,0.47,0.47,0.47,0.47
2011-07-12,0.359,0.359,0.359,0.359
2011-07-13,0.359,0.359,0.359,0.359
2011-07-14,0.35499999,0.35499999,0.35499999,0.35499999
2011-07-15,0.37099999,0.37099999,0.37099999,0.37099999
2011-07-19,0.36700001,0.36700001,0.36700001,0.36700001
2011-07-20,0.37099999,0.37099999,0.37099999,0.37099999
2011-07-21,0.375,0.375,0.375,0.375
2011-07-22,0.39899999,0.39899999,0.39899999,0.39899999
2011-07-26,0.41600001,0.41600001,0.41600001,0.41600001
2011-07-27,0.39500001,0.39500001,0.39500001,0.39500001
2011-07-28,0.44600001,0.44600001,0.44600001,0.44600001
2011-07-29,0.42199999,0.42199999,0.42199999,0.42199999
2011-08-02,0.375,0.375,0.375,0.375
2011-08-03,0.31999999,0.31999999,0.31999999,0.31999999
2011-08-04,0.33199999,0.33199999,0.33199999,0.33199999
2011-08-05,0.26100001,0.26100001,0.26100001,0.26100001
2011-08-09,0.264,0.264,0.264,0.264
2011-08-10,0.208,0.208,0.208,0.208
2011-08-11,0.18000001,0.18000001,0.18000001,0.18000001
2011-08-12,0.184,0.184,0.184,0.184
2011-08-16,0.19499999,0.19499999,0.19499999,0.19499999
2011-08-17,0.18700001,0.18700001,0.18700001,0.18700001
2011-08-18,0.19400001,0.19400001,0.19400001,0.19400001
2011-08-19,0.19400001,0.19400001,0.19400001,0.19400001
2011-08-23,0.205,0.205,0.205,0.205
2011-08-24,0.221,0.221,0.221,0.221
2011-08-25,0.23100001,0.23100001,0.23100001,0.23100001
2011-08-26,0.211,0.211,0.211,0.211
2011-08-30,0.207,0.207,0.207,0.207
2011-08-31,0.19599999,0.19599999,0.19599999,0.19599999
2011-09-01,0.20299999,0.20299999,0.20299999,0.20299999
2011-09-02,0.184,0.184,0.184,0.184
2011-09-07,0.2,0.2,0.2,0.2
2011-09-08,0.204,0.204,0.204,0.204
2011-09-09,0.192,0.192,0.192,0.192
2011-09-13,0.20900001,0.20900001,0.20900001,0.20900001
2011-09-14,0.205,0.205,0.205,0.205
2011-09-15,0.189,0.189,0.189,0.189
2011-09-16,0.193,0.193,0.193,0.193
2011-09-20,0.15700001,0.15700001,0.15700001,0.15700001
2011-09-21,0.161,0.161,0.161,0.161
2011-09-22,0.198,0.198,0.198,0.198
2011-09-23,0.20200001,0.20200001,0.20200001,0.20200001
2011-09-27,0.23100001,0.23100001,0.23100001,0.23100001
2011-09-28,0.23899999,0.23899999,0.23899999,0.23899999
2011-09-29,0.25,0.25,0.25,0.25
2011-09-30,0.26199999,0.26199999,0.26199999,0.26199999
2011-10-04,0.235,0.235,0.235,0.235
2011-10-05,0.255,0.255,0.255,0.255
2011-10-06,0.259,0.259,0.259,0.259
2011-10-07,0.26800001,0.26800001,0.26800001,0.26800001
2011-10-12,0.30399999,0.30399999,0.30399999,0.30399999
2011-10-13,0.289,0.289,0.289,0.289
2011-10-14,0.28099999,0.28099999,0.28099999,0.28099999
2011-10-18,0.27000001,0.27000001,0.27000001,0.27000001
2011-10-19,0.27000001,0.27000001,0.27000001,0.27000001
2011-10-20,0.27000001,0.27000001,0.27000001,0.27000001
2011-10-21,0.266,0.266,0.266,0.266
2011-10-25,0.28299999,0.28299999,0.28299999,0.28299999
2011-10-26,0.25099999,0.25099999,0.25099999,0.25099999
2011-10-27,0.289,0.289,0.289,0.289
2011-10-28,0.31299999,0.31299999,0.31299999,0.31299999
2011-11-01,0.25,0.25,0.25,0.25
2011-11-02,0.242,0.242,0.242,0.242
2011-11-03,0.23,0.23,0.23,0.23
2011-11-04,0.242,0.242,0.242,0.242
2011-11-08,0.234,0.234,0.234,0.234
2011-11-09,0.242,0.242,0.242,0.242
2011-11-10,0.23,0.23,0.23,0.23
2011-11-11,0.234,0.234,0.234,0.234
2011-11-15,0.234,0.234,0.234,0.234
2011-11-16,0.242,0.242,0.242,0.242
2011-11-17,0.25,0.25,0.25,0.25
2011-11-18,0.266,0.266,0.266,0.266
2011-11-22,0.266,0.266,0.266,0.266
2011-11-23,0.26199999,0.26199999,0.26199999,0.26199999
2011-11-24,0.266,0.266,0.266,0.266
2011-11-29,0.25799999,0.25799999,0.25799999,0.25799999
2011-11-30,0.25799999,0.25799999,0.25799999,0.25799999
2011-12-01,0.25799999,0.25799999,0.25799999,0.25799999
2011-12-02,0.25799999,0.25799999,0.25799999,0.25799999
2011-12-06,0.26199999,0.26199999,0.26199999,0.26199999
2011-12-07,0.25799999,0.25799999,0.25799999,0.25799999
2011-12-08,0.23800001,0.23800001,0.23800001,0.23800001
2011-12-09,0.222,0.222,0.222,0.222
2011-12-13,0.226,0.226,0.226,0.226
2011-12-14,0.234,0.234,0.234,0.234
2011-12-15,0.242,0.242,0.242,0.242
2011-12-16,0.242,0.242,0.242,0.242
2011-12-20,0.23800001,0.23800001,0.23800001,0.23800001
2011-12-21,0.259,0.259,0.259,0.259
2011-12-22,0.27500001,0.27500001,0.27500001,0.27500001
2011-12-23,0.278,0.278,0.278,0.278
2011-12-28,0.294,0.294,0.294,0.294
2011-12-29,0.271,0.271,0.271,0.271
2011-12-30,0.271,0.271,0.271,0.271
2012-01-04,0.259,0.259,0.259,0.259
2012-01-05,0.26300001,0.26300001,0.26300001,0.26300001
2012-01-06,0.26300001,0.26300001,0.26300001,0.26300001
2012-01-10,0.248,0.248,0.248,0.248
2012-01-11,0.244,0.244,0.244,0.244
2012-01-12,0.233,0.233,0.233,0.233
2012-01-13,0.233,0.233,0.233,0.233
2012-01-18,0.221,0.221,0.221,0.221
2012-01-19,0.23,0.23,0.23,0.23
2012-01-20,0.23800001,0.23800001,0.23800001,0.23800001
2012-01-24,0.243,0.243,0.243,0.243
2012-01-25,0.23899999,0.23899999,0.23899999,0.23899999
2012-01-26,0.227,0.227,0.227,0.227
2012-01-27,0.215,0.215,0.215,0.215
2012-01-31,0.215,0.215,0.215,0.215
2012-02-01,0.219,0.219,0.219,0.219
2012-02-02,0.226,0.226,0.226,0.226
2012-02-03,0.226,0.226,0.226,0.226
2012-02-07,0.234,0.234,0.234,0.234
2012-02-08,0.25,0.25,0.25,0.25
2012-02-09,0.25799999,0.25799999,0.25799999,0.25799999
2012-02-10,0.266,0.266,0.266,0.266
2012-02-14,0.28999999,0.28999999,0.28999999,0.28999999
2012-02-15,0.28999999,0.28999999,0.28999999,0.28999999
2012-02-16,0.27000001,0.27000001,0.27000001,0.27000001
2012-02-17,0.294,0.294,0.294,0.294
2012-02-22,0.303,0.303,0.303,0.303
2012-02-23,0.29699999,0.29699999,0.29699999,0.29699999
2012-02-24,0.30500001,0.30500001,0.30500001,0.30500001
2012-02-28,0.289,0.289,0.289,0.289
2012-02-29,0.29300001,0.29300001,0.29300001,0.29300001
2012-03-01,0.29699999,0.29699999,0.29699999,0.29699999
2012-03-02,0.29300001,0.29300001,0.29300001,0.29300001
2012-03-06,0.29699999,0.29699999,0.29699999,0.29699999
2012-03-07,0.28200001,0.28200001,0.28200001,0.28200001
2012-03-08,0.301,0.301,0.301,0.301
2012-03-09,0.31,0.31,0.31,0.31
2012-03-13,0.32600001,0.32600001,0.32600001,0.32600001
2012-03-14,0.34599999,0.34599999,0.34599999,0.34599999
2012-03-15,0.39399999,0.39399999,0.39399999,0.39399999
2012-03-16,0.37,0.37,0.37,0.37
2012-03-20,0.38299999,0.38299999,0.38299999,0.38299999
2012-03-21,0.40000001,0.40000001,0.40000001,0.40000001
2012-03-22,0.36700001,0.36700001,0.36700001,0.36700001
2012-03-23,0.368,0.368,0.368,0.368
2012-03-27,0.34799999,0.34799999,0.34799999,0.34799999
2012-03-28,0.32300001,0.32300001,0.32300001,0.32300001
2012-03-29,0.34400001,0.34400001,0.34400001,0.34400001
2012-03-30,0.34,0.34,0.34,0.34
2012-04-03,0.32499999,0.32499999,0.32499999,0.32499999
2012-04-04,0.368,0.368,0.368,0.368
2012-04-05,0.345,0.345,0.345,0.345
2012-04-06,0.34099999,0.34099999,0.34099999,0.34099999
2012-04-09,0.3215,0.3215,0.3215,0.3215
2012-04-10,0.31799999,0.31799999,0.31799999,0.31799999
2012-04-11,0.28999999,0.28999999,0.28999999,0.28999999
2012-04-12,0.29800001,0.29800001,0.29800001,0.29800001
2012-04-13,0.28999999,0.28999999,0.28999999,0.28999999
2012-04-17,0.27399999,0.27399999,0.27399999,0.27399999
2012-04-18,0.27399999,0.27399999,0.27399999,0.27399999
2012-04-19,0.27000001,0.27000001,0.27000001,0.27000001
2012-04-20,0.27000001,0.27000001,0.27000001,0.27000001
2012-04-24,0.26199999,0.26199999,0.26199999,0.26199999
2012-04-25,0.27000001,0.27000001,0.27000001,0.27000001
2012-04-26,0.27000001,0.27000001,0.27000001,0.27000001
2012-04-27,0.26199999,0.26199999,0.26199999,0.26199999
2012-05-01,0.26199999,0.26199999,0.26199999,0.26199999
2012-05-02,0.27000001,0.27000001,0.27000001,0.27000001
2012-05-03,0.266,0.266,0.266,0.266
2012-05-04,0.26199999,0.26199999,0.26199999,0.26199999
2012-05-07,0.2579,0.2579,0.2579,0.2579
2012-05-08,0.25799999,0.25799999,0.25799999,0.25799999
2012-05-09,0.25799999,0.25799999,0.25799999,0.25799999
2012-05-10,0.26199999,0.26199999,0.26199999,0.26199999
2012-05-11,0.26199999,0.26199999,0.26199999,0.26199999
2012-05-15,0.266,0.266,0.266,0.266
2012-05-16,0.278,0.278,0.278,0.278
2012-05-17,0.28600001,0.28600001,0.28600001,0.28600001
2012-05-18,0.29800001,0.29800001,0.29800001,0.29800001
2012-05-22,0.28999999,0.28999999,0.28999999,0.28999999
2012-05-23,0.294,0.294,0.294,0.294
2012-05-24,0.29300001,0.29300001,0.29300001,0.29300001
2012-05-25,0.301,0.301,0.301,0.301
2012-05-29,0.2931,0.2931,0.2931,0.2931
2012-05-30,0.289,0.289,0.289,0.289
2012-05-31,0.27000001,0.27000001,0.27000001,0.27000001
2012-06-01,0.266,0.266,0.266,0.266
2012-06-05,0.25400001,0.25400001,0.25400001,0.25400001
2012-06-06,0.25400001,0.25400001,0.25400001,0.25400001
2012-06-07,0.266,0.266,0.266,0.266
2012-06-08,0.27000001,0.27000001,0.27000001,0.27000001
2012-06-12,0.27000001,0.27000001,0.27000001,0.27000001
2012-06-13,0.294,0.294,0.294,0.294
2012-06-14,0.294,0.294,0.294,0.294
2012-06-15,0.29800001,0.29800001,0.29800001,0.29800001
2012-06-19,0.28600001,0.28600001,0.28600001,0.28600001
2012-06-20,0.28999999,0.28999999,0.28999999,0.28999999
2012-06-21,0.315,0.315,0.315,0.315
2012-06-22,0.303,0.303,0.303,0.303
2012-06-26,0.29899999,0.29899999,0.29899999,0.29899999
2012-06-27,0.31099999,0.31099999,0.31099999,0.31099999
2012-06-28,0.30899999,0.30899999,0.30899999,0.30899999
2012-06-29,0.30899999,0.30899999,0.30899999,0.30899999
2012-07-02,0.30500001,0.30500001,0.30500001,0.30500001
2012-07-03,0.29699999,0.29699999,0.29699999,0.29699999
2012-07-04,0.30500001,0.30500001,0.30500001,0.30500001
2012-07-05,0.3053,0.3053,0.3053,0.3053
2012-07-06,0.289,0.289,0.289,0.289
2012-07-09,0.27379999,0.27379999,0.27379999,0.27379999
2012-07-10,0.266,0.266,0.266,0.266
2012-07-11,0.27000001,0.27000001,0.27000001,0.27000001
2012-07-12,0.266,0.266,0.266,0.266
2012-07-13,0.25799999,0.25799999,0.25799999,0.25799999
2012-07-17,0.23,0.23,0.23,0.23
2012-07-18,0.242,0.242,0.242,0.242
2012-07-19,0.226,0.226,0.226,0.226
2012-07-20,0.21799999,0.21799999,0.21799999,0.21799999
2012-07-24,0.214,0.214,0.214,0.214
2012-07-25,0.21799999,0.21799999,0.21799999,0.21799999
2012-07-26,0.219,0.219,0.219,0.219
2012-07-27,0.23100001,0.23100001,0.23100001,0.23100001
2012-07-31,0.227,0.227,0.227,0.227
2012-08-01,0.215,0.215,0.215,0.215
2012-08-02,0.235,0.235,0.235,0.235
2012-08-03,0.227,0.227,0.227,0.227
2012-08-06,0.2396,0.2396,0.2396,0.2396
2012-08-07,0.23999999,0.23999999,0.23999999,0.23999999
2012-08-08,0.26800001,0.26800001,0.26800001,0.26800001
2012-08-09,0.27599999,0.27599999,0.27599999,0.27599999
2012-08-10,0.27599999,0.27599999,0.27599999,0.27599999
2012-08-14,0.26899999,0.26899999,0.26899999,0.26899999
2012-08-15,0.27700001,0.27700001,0.27700001,0.27700001
2012-08-16,0.289,0.289,0.289,0.289
2012-08-17,0.294,0.294,0.294,0.294
2012-08-21,0.28600001,0.28600001,0.28600001,0.28600001
2012-08-22,0.29100001,0.29100001,0.29100001,0.29100001
2012-08-23,0.26199999,0.26199999,0.26199999,0.26199999
2012-08-24,0.26300001,0.26300001,0.26300001,0.26300001
2012-08-28,0.26800001,0.26800001,0.26800001,0.26800001
2012-08-29,0.26800001,0.26800001,0.26800001,0.26800001
2012-08-30,0.273,0.273,0.273,0.273
2012-08-31,0.25799999,0.25799999,0.25799999,0.25799999
2012-09-05,0.234,0.234,0.234,0.234
2012-09-06,0.23800001,0.23800001,0.23800001,0.23800001
2012-09-07,0.26199999,0.26199999,0.26199999,0.26199999
2012-09-11,0.25,0.25,0.25,0.25
2012-09-12,0.25,0.25,0.25,0.25
2012-09-13,0.24600001,0.24600001,0.24600001,0.24600001
2012-09-14,0.23800001,0.23800001,0.23800001,0.23800001
2012-09-18,0.25400001,0.25400001,0.25400001,0.25400001
2012-09-19,0.25799999,0.25799999,0.25799999,0.25799999
2012-09-20,0.26199999,0.26199999,0.26199999,0.26199999
2012-09-21,0.26199999,0.26199999,0.26199999,0.26199999
2012-09-24,0.2622,0.2622,0.2622,0.2622
2012-09-25,0.266,0.266,0.266,0.266
2012-09-26,0.266,0.266,0.266,0.266
2012-09-27,0.26199999,0.26199999,0.26199999,0.26199999
2012-09-28,0.25400001,0.25400001,0.25400001,0.25400001
2012-10-02,0.23800001,0.23800001,0.23800001,0.23800001
2012-10-03,0.23800001,0.23800001,0.23800001,0.23800001
2012-10-04,0.234,0.234,0.234,0.234
2012-10-05,0.24600001,0.24600001,0.24600001,0.24600001
2012-10-10,0.26199999,0.26199999,0.26199999,0.26199999
2012-10-11,0.266,0.266,0.266,0.266
2012-10-12,0.266,0.266,0.266,0.266
2012-10-16,0.26199999,0.26199999,0.26199999,0.26199999
2012-10-17,0.27000001,0.27000001,0.27000001,0.27000001
2012-10-18,0.29800001,0.29800001,0.29800001,0.29800001
2012-10-19,0.30199999,0.30199999,0.30199999,0.30199999
2012-10-23,0.31099999,0.31099999,0.31099999,0.31099999
2012-10-24,0.28999999,0.28999999,0.28999999,0.28999999
2012-10-25,0.29300001,0.29300001,0.29300001,0.29300001
2012-10-26,0.31299999,0.31299999,0.31299999,0.31299999
2012-10-30,0.29300001,0.301,0.289,0.29300001
2012-10-31,0.2931,0.2931,0.2931,0.2931
2012-11-01,0.301,0.30899999,0.285,0.285
2012-11-02,0.285,0.29300001,0.285,0.285
2012-11-06,0.285,0.285,0.278,0.278
2012-11-07,0.28200001,0.30500001,0.278,0.30500001
2012-11-08,0.30500001,0.30500001,0.26199999,0.27399999
2012-11-09,0.27399999,0.278,0.25799999,0.26199999
2012-11-14,0.26199999,0.26199999,0.25400001,0.25400001
2012-11-15,0.25400001,0.25799999,0.25,0.25
2012-11-16,0.25,0.25400001,0.242,0.24600001
2012-11-20,0.242,0.25,0.242,0.24600001
2012-11-21,0.24600001,0.26199999,0.24600001,0.25799999
2012-11-22,0.25799999,0.27399999,0.25799999,0.27399999
2012-11-23,0.27430001,0.27430001,0.27430001,0.27430001
2012-11-27,0.27399999,0.27399999,0.266,0.27000001
2012-11-28,0.27000001,0.27500001,0.26199999,0.266
2012-11-29,0.27000001,0.27000001,0.26199999,0.266
2012-11-30,0.266,0.266,0.25799999,0.25799999
2012-12-04,0.25400001,0.26199999,0.25,0.25400001
2012-12-05,0.25400001,0.25400001,0.24600001,0.24600001
2012-12-06,0.25,0.25,0.23800001,0.242
2012-12-07,0.242,0.242,0.234,0.242
2012-12-11,0.242,0.242,0.23800001,0.23800001
2012-12-12,0.23800001,0.24600001,0.23800001,0.242
2012-12-13,0.242,0.24600001,0.23800001,0.24600001
2012-12-14,0.25,0.25400001,0.23800001,0.25
2012-12-18,0.234,0.25400001,0.234,0.25400001
2012-12-19,0.25799999,0.28200001,0.25799999,0.28200001
2012-12-20,0.28200001,0.28600001,0.27000001,0.278
2012-12-21,0.278,0.28200001,0.266,0.27399999
2012-12-24,0.27000001,0.27000001,0.27000001,0.27000001
2012-12-25,0.27000001,0.27399999,0.25799999,0.27000001
2012-12-26,0.27000001,0.27000001,0.27000001,0.27000001
2012-12-27,0.27399999,0.28200001,0.266,0.27000001
2012-12-28,0.27000001,0.278,0.26199999,0.26199999
2012-12-31,0.25040001,0.25040001,0.25040001,0.25040001
2013-01-01,0.25,0.255,0.243,0.25099999
2013-01-02,0.2507,0.2507,0.2507,0.2507
2013-01-03,0.25099999,0.271,0.25099999,0.259
2013-01-04,0.259,0.27500001,0.255,0.271
2013-01-08,0.271,0.27200001,0.26800001,0.26800001
2013-01-09,0.26800001,0.26800001,0.25600001,0.25600001
2013-01-10,0.25999999,0.25999999,0.244,0.244
2013-01-11,0.248,0.252,0.23999999,0.252
2013-01-14,0.2489,0.2489,0.2489,0.2489
2013-01-15,0.249,0.25299999,0.245,0.249
2013-01-16,0.25299999,0.25299999,0.245,0.249
2013-01-17,0.25299999,0.25299999,0.245,0.249
2013-01-18,0.249,0.266,0.245,0.266
2013-01-23,0.26199999,0.26199999,0.242,0.24600001
2013-01-24,0.24600001,0.25099999,0.23800001,0.23800001
2013-01-25,0.23800001,0.24699999,0.234,0.243
2013-01-29,0.28,0.292,0.27599999,0.28
2013-01-30,0.28099999,0.29300001,0.27700001,0.28099999
2013-01-31,0.28099999,0.285,0.27000001,0.27000001
2013-02-01,0.27000001,0.27000001,0.26199999,0.266
2013-02-05,0.266,0.27399999,0.25,0.25400001
2013-02-06,0.25400001,0.266,0.25400001,0.26199999
2013-02-07,0.25799999,0.26199999,0.25,0.25
2013-02-08,0.25,0.26199999,0.242,0.25
2013-02-12,0.25,0.26199999,0.25,0.25799999
2013-02-13,0.25799999,0.27000001,0.25799999,0.27000001
2013-02-14,0.27000001,0.28200001,0.266,0.278
2013-02-15,0.278,0.28200001,0.266,0.266
2013-02-18,0.2701,0.2701,0.2701,0.2701
2013-02-20,0.27399999,0.278,0.27000001,0.27399999
2013-02-21,0.27399999,0.278,0.26199999,0.26199999
2013-02-22,0.26199999,0.26199999,0.24600001,0.25400001
2013-02-26,0.25400001,0.25799999,0.242,0.242
2013-02-27,0.25,0.25,0.242,0.24600001
2013-02-28,0.24600001,0.24600001,0.242,0.24600001
2013-03-01,0.24600001,0.24600001,0.23800001,0.23800001
2013-03-05,0.23800001,0.23800001,0.234,0.23800001
2013-03-06,0.23800001,0.24600001,0.23800001,0.242
2013-03-07,0.242,0.25,0.23800001,0.25
2013-03-08,0.25,0.25799999,0.24600001,0.25400001
2013-03-12,0.25799999,0.25799999,0.25400001,0.25799999
2013-03-13,0.25799999,0.26199999,0.25400001,0.25799999
2013-03-14,0.26199999,0.266,0.25799999,0.26199999
2013-03-15,0.26199999,0.27399999,0.26199999,0.266
2013-03-18,0.25400001,0.25400001,0.25400001,0.25400001
2013-03-19,0.242,0.25400001,0.242,0.24600001
2013-03-20,0.24600001,0.25,0.234,0.242
2013-03-21,0.242,0.25,0.242,0.25
2013-03-22,0.25,0.25,0.24600001,0.25
2013-03-26,0.25400001,0.26199999,0.24600001,0.24600001
2013-03-27,0.25,0.25400001,0.24600001,0.25
2013-03-28,0.25799999,0.26199999,0.24600001,0.24600001
2013-03-29,0.24600001,0.25,0.242,0.25
2013-04-02,0.25,0.25400001,0.242,0.242
2013-04-03,0.242,0.25,0.242,0.242
2013-04-04,0.242,0.24600001,0.23,0.23
2013-04-05,0.23,0.234,0.222,0.23
2013-04-09,0.23,0.234,0.23,0.23
2013-04-10,0.234,0.23800001,0.23,0.234
2013-04-11,0.234,0.234,0.23,0.234
2013-04-12,0.234,0.234,0.23,0.234
2013-04-16,0.23,0.234,0.222,0.222
2013-04-17,0.222,0.23,0.222,0.23
2013-04-18,0.23,0.23,0.226,0.23
2013-04-19,0.23,0.234,0.226,0.23
2013-04-23,0.234,0.23800001,0.226,0.226
2013-04-24,0.226,0.23,0.222,0.23
2013-04-25,0.23100001,0.235,0.227,0.23100001
2013-04-26,0.23100001,0.235,0.227,0.23100001
2013-04-30,0.215,0.215,0.211,0.211
2013-05-01,0.211,0.211,0.207,0.211
2013-05-02,0.211,0.215,0.20299999,0.20299999
2013-05-03,0.204,0.208,0.2,0.2
2013-05-07,0.22,0.22400001,0.21600001,0.21600001
2013-05-08,0.21600001,0.22400001,0.21600001,0.22400001
2013-05-09,0.228,0.228,0.22400001,0.22400001
2013-05-10,0.22400001,0.22400001,0.22,0.22400001
2013-05-14,0.245,0.245,0.241,0.241
2013-05-15,0.237,0.25299999,0.237,0.249
2013-05-16,0.25299999,0.25299999,0.237,0.241
2013-05-17,0.241,0.241,0.229,0.233
2013-05-21,0.24600001,0.25,0.23800001,0.242
2013-05-22,0.242,0.24600001,0.23800001,0.23800001
2013-05-23,0.23800001,0.25,0.23,0.25
2013-05-24,0.25,0.259,0.242,0.25099999
2013-05-29,0.25099999,0.296,0.25099999,0.292
2013-05-30,0.30899999,0.31299999,0.29300001,0.29699999
2013-05-31,0.29699999,0.30500001,0.289,0.29699999
2013-06-04,0.301,0.30500001,0.285,0.29300001
2013-06-05,0.29699999,0.301,0.29300001,0.301
2013-06-06,0.301,0.301,0.28600001,0.289
2013-06-07,0.289,0.294,0.28200001,0.28999999
2013-06-11,0.31,0.322,0.30599999,0.31400001
2013-06-12,0.31799999,0.34200001,0.31,0.32600001
2013-06-13,0.32600001,0.33000001,0.31799999,0.32600001
2013-06-14,0.33000001,0.33000001,0.28600001,0.28600001
2013-06-17,0.27410001,0.27410001,0.27410001,0.27410001
2013-06-18,0.28600001,0.28600001,0.25799999,0.27000001
2013-06-19,0.266,0.278,0.26199999,0.266
2013-06-20,0.266,0.315,0.25400001,0.31
2013-06-21,0.31900001,0.347,0.31,0.331
2013-06-24,0.37169999,0.37169999,0.37169999,0.37169999
2013-06-25,0.37599999,0.433,0.37200001,0.396
2013-06-26,0.384,0.41299999,0.368,0.40900001
2013-06-27,0.442,0.442,0.37900001,0.38299999
2013-06-28,0.38299999,0.38699999,0.35499999,0.359
2013-07-02,0.359,0.37099999,0.347,0.35499999
2013-07-03,0.35499999,0.359,0.34299999,0.35100001
2013-07-04,0.35100001,0.36700001,0.336,0.36300001
2013-07-05,0.36320001,0.36320001,0.36320001,0.36320001
2013-07-09,0.39899999,0.40700001,0.36300001,0.36300001
2013-07-10,0.36700001,0.375,0.359,0.37099999
2013-07-11,0.375,0.375,0.35499999,0.37099999
2013-07-12,0.33500001,0.347,0.32699999,0.331
2013-07-16,0.347,0.359,0.32699999,0.331
2013-07-17,0.331,0.33500001,0.32300001,0.32699999
2013-07-18,0.32699999,0.32699999,0.29499999,0.303
2013-07-19,0.303,0.315,0.294,0.31099999
2013-07-23,0.29800001,0.30599999,0.28999999,0.30599999
2013-07-24,0.30199999,0.31799999,0.30199999,0.31400001
2013-07-25,0.32800001,0.36000001,0.32800001,0.352
2013-07-26,0.34799999,0.352,0.324,0.32499999
2013-07-30,0.31299999,0.32100001,0.30899999,0.317
2013-07-31,0.32100001,0.32100001,0.31299999,0.31299999
2013-08-01,0.317,0.34,0.30899999,0.31299999
2013-08-02,0.31299999,0.333,0.30899999,0.329
2013-08-06,0.301,0.31299999,0.29699999,0.30500001
2013-08-07,0.30500001,0.31299999,0.301,0.30899999
2013-08-08,0.30899999,0.31,0.301,0.30500001
2013-08-09,0.30599999,0.31,0.301,0.30599999
2013-08-12,0.30579999,0.3098,0.30579999,0.3098
2013-08-13,0.31,0.31,0.30199999,0.31
2013-08-14,0.31400001,0.338,0.31,0.33399999
2013-08-15,0.33399999,0.33399999,0.32600001,0.33000001
2013-08-16,0.32600001,0.36199999,0.32600001,0.34599999
2013-08-19,0.3466,0.3466,0.3466,0.3466
2013-08-20,0.347,0.359,0.347,0.35499999
2013-08-21,0.35100001,0.35499999,0.33899999,0.34299999
2013-08-22,0.347,0.37099999,0.34299999,0.36700001
2013-08-23,0.375,0.396,0.37099999,0.39199999
2013-08-26,0.3802,0.3802,0.3802,0.3802
2013-08-27,0.38,0.389,0.368,0.368
2013-08-28,0.37200001,0.377,0.35600001,0.35600001
2013-08-29,0.38299999,0.403,0.37900001,0.39899999
2013-08-30,0.39899999,0.41,0.39500001,0.39899999
2013-09-02,0.40259999,0.40259999,0.40259999,0.40259999
2013-09-03,0.43020001,0.43020001,0.42629999,0.42629999
2013-09-04,0.43000001,0.43399999,0.41,0.41800001
2013-09-05,0.41800001,0.47400001,0.414,0.47
2013-09-06,0.47400001,0.52600002,0.47,0.51800001
2013-09-09,0.4585,0.46250001,0.4585,0.46250001
2013-09-10,0.463,0.46700001,0.435,0.447
2013-09-11,0.45100001,0.47499999,0.447,0.47099999
2013-09-12,0.47499999,0.47499999,0.447,0.447
2013-09-13,0.447,0.45100001,0.43099999,0.44299999
2013-09-16,0.43520001,0.43520001,0.43520001,0.43520001
2013-09-17,0.435,0.435,0.375,0.39500001
2013-09-18,0.39500001,0.39500001,0.37099999,0.375
2013-09-19,0.375,0.39500001,0.32300001,0.32699999
2013-09-20,0.32699999,0.34299999,0.31099999,0.33899999
2013-09-23,0.33450001,0.33450001,0.33450001,0.33450001
2013-09-24,0.33500001,0.35100001,0.33000001,0.33399999
2013-09-25,0.33399999,0.338,0.32600001,0.33000001
2013-09-26,0.352,0.35600001,0.34,0.34
2013-09-27,0.34400001,0.352,0.34,0.34
2013-09-30,0.33629999,0.33629999,0.3206,0.32449999
2013-10-01,0.32100001,0.34,0.32100001,0.32100001
2013-10-02,0.32100001,0.336,0.32100001,0.333
2013-10-03,0.336,0.33700001,0.30899999,0.32100001
2013-10-04,0.317,0.329,0.31299999,0.31299999
2013-10-07,0.3292,0.3292,0.3292,0.3292
2013-10-08,0.32499999,0.345,0.32499999,0.345
2013-10-09,0.345,0.39300001,0.34099999,0.38499999
2013-10-10,0.36899999,0.377,0.361,0.361
2013-10-11,0.361,0.36899999,0.34200001,0.34599999
2013-10-15,0.36210001,0.36210001,0.36210001,0.36210001
2013-10-16,0.35800001,0.35800001,0.34599999,0.354
2013-10-17,0.354,0.366,0.33000001,0.33399999
2013-10-18,0.32600001,0.32600001,0.31,0.31400001
2013-10-21,0.3186,0.3186,0.3186,0.3186
2013-10-22,0.31900001,0.31900001,0.31099999,0.315
2013-10-23,0.315,0.31900001,0.294,0.294
2013-10-24,0.29899999,0.315,0.28999999,0.31099999
2013-10-25,0.31099999,0.315,0.30700001,0.30700001
2013-10-28,0.303,0.3071,0.303,0.3071
2013-10-29,0.31099999,0.31099999,0.303,0.30700001
2013-10-30,0.317,0.324,0.317,0.317
2013-10-31,0.31299999,0.317,0.30500001,0.31299999
2013-11-01,0.317,0.317,0.30500001,0.30899999
2013-11-04,0.31310001,0.31310001,0.31310001,0.31310001
2013-11-05,0.30500001,0.30899999,0.30500001,0.30500001
2013-11-06,0.301,0.31299999,0.301,0.301
2013-11-07,0.29699999,0.301,0.28999999,0.29300001
2013-11-08,0.29800001,0.29800001,0.27000001,0.28600001
2013-11-12,0.31380001,0.31779999,0.31380001,0.31380001
2013-11-13,0.31799999,0.33000001,0.31400001,0.33000001
2013-11-14,0.32600001,0.32600001,0.29800001,0.30599999
2013-11-15,0.29800001,0.30599999,0.28999999,0.294
2013-11-18,0.2942,0.2942,0.2942,0.2942
2013-11-19,0.28999999,0.294,0.28200001,0.28200001
2013-11-20,0.28600001,0.294,0.28200001,0.294
2013-11-21,0.294,0.294,0.26199999,0.278
2013-11-22,0.278,0.28200001,0.266,0.27399999
2013-11-25,0.2825,0.28650001,0.2825,0.28650001
2013-11-26,0.28200001,0.287,0.28200001,0.28200001
2013-11-27,0.303,0.303,0.29300001,0.29300001
2013-11-28,0.289,0.29300001,0.285,0.289
2013-11-29,0.28929999,0.28929999,0.28929999,0.28929999
2013-12-02,0.2854,0.28929999,0.2854,0.28929999
2013-12-03,0.289,0.29699999,0.285,0.289
2013-12-04,0.289,0.289,0.28200001,0.289
2013-12-05,0.29300001,0.30899999,0.289,0.29300001
2013-12-06,0.29300001,0.30500001,0.29300001,0.30500001
2013-12-09,0.30559999,0.30559999,0.30559999,0.30559999
2013-12-10,0.30199999,0.30599999,0.294,0.30199999
2013-12-11,0.30599999,0.30599999,0.29800001,0.30199999
2013-12-12,0.30599999,0.31,0.30199999,0.31
2013-12-13,0.31400001,0.34200001,0.31,0.32600001
2013-12-16,0.33019999,0.3382,0.33019999,0.3382
2013-12-17,0.33399999,0.33399999,0.32600001,0.33399999
2013-12-18,0.33000001,0.33500001,0.31799999,0.322
2013-12-19,0.34,0.36399999,0.32100001,0.336
2013-12-20,0.34,0.37599999,0.336,0.368
2013-12-23,0.3795,0.3795,0.37560001,0.37560001
2013-12-24,0.391,0.391,0.38,0.38699999
2013-12-25,0.38699999,0.403,0.38299999,0.39899999
2013-12-26,0.39919999,0.40700001,0.39919999,0.40700001
2013-12-27,0.40700001,0.41499999,0.39500001,0.41100001
2013-12-30,0.3953,0.3953,0.39129999,0.39129999
2013-12-31,0.39500001,0.39500001,0.38,0.38299999
2014-01-01,0.38699999,0.39199999,0.38,0.384
2014-01-02,0.3838,0.3838,0.3838,0.3838
2014-01-03,0.396,0.396,0.38,0.384
2014-01-06,0.40439999,0.40439999,0.40439999,0.40439999
2014-01-07,0.40000001,0.40099999,0.39300001,0.39700001
2014-01-08,0.39700001,0.39700001,0.389,0.39300001
2014-01-09,0.39300001,0.433,0.39300001,0.42899999
2014-01-10,0.421,0.43700001,0.421,0.433
2014-01-13,0.3739,0.3739,0.3739,0.3739
2014-01-14,0.37400001,0.37799999,0.35800001,0.36199999
2014-01-15,0.366,0.38600001,0.36199999,0.382
2014-01-16,0.38600001,0.398,0.37799999,0.39500001
2014-01-17,0.391,0.39500001,0.37900001,0.38699999
2014-01-21,0.37529999,0.37529999,0.37529999,0.37529999
2014-01-22,0.37900001,0.38800001,0.375,0.38
2014-01-23,0.384,0.40400001,0.384,0.40400001
2014-01-24,0.40400001,0.40400001,0.35100001,0.36399999
2014-01-27,0.3396,0.3396,0.3396,0.3396
2014-01-28,0.34400001,0.36000001,0.34,0.34400001
2014-01-29,0.35600001,0.36000001,0.34400001,0.34400001
2014-01-30,0.391,0.391,0.34400001,0.35499999
2014-01-31,0.35499999,0.36700001,0.347,0.347
2014-02-03,0.33559999,0.33559999,0.33559999,0.33559999
2014-02-04,0.34,0.34,0.296,0.30000001
2014-02-05,0.30399999,0.31600001,0.30000001,0.31600001
2014-02-06,0.31600001,0.31999999,0.296,0.31600001
2014-02-07,0.308,0.32699999,0.308,0.324
2014-02-10,0.30739999,0.30739999,0.30739999,0.30739999
2014-02-11,0.30700001,0.315,0.303,0.31099999
2014-02-12,0.31900001,0.33500001,0.315,0.33500001
2014-02-13,0.33500001,0.347,0.331,0.34299999
2014-02-14,0.33899999,0.34299999,0.31099999,0.315
2014-02-18,0.31470001,0.31869999,0.31470001,0.31869999
2014-02-19,0.31900001,0.31900001,0.29899999,0.30199999
2014-02-20,0.30599999,0.322,0.294,0.31900001
2014-02-21,0.31900001,0.331,0.30599999,0.32300001
2014-02-24,0.31819999,0.31819999,0.31819999,0.31819999
2014-02-25,0.322,0.33000001,0.31400001,0.322
2014-02-26,0.32600001,0.32600001,0.31400001,0.31799999
2014-02-27,0.34,0.34799999,0.32800001,0.32800001
2014-02-28,0.324,0.32800001,0.317,0.32499999
2014-03-03,0.32480001,0.32480001,0.30509999,0.30509999
2014-03-04,0.30899999,0.32100001,0.301,0.30500001
2014-03-05,0.30500001,0.33700001,0.30500001,0.333
2014-03-06,0.333,0.345,0.329,0.33700001
2014-03-07,0.33700001,0.35299999,0.333,0.345
2014-03-10,0.37329999,0.37329999,0.37329999,0.37329999
2014-03-11,0.373,0.382,0.36500001,0.36899999
2014-03-12,0.373,0.382,0.37,0.37400001
2014-03-13,0.37400001,0.37400001,0.35800001,0.37
2014-03-14,0.37400001,0.38999999,0.33399999,0.34200001
2014-03-17,0.34240001,0.34240001,0.34240001,0.34240001
2014-03-18,0.34599999,0.36700001,0.34599999,0.36300001
2014-03-19,0.359,0.36300001,0.347,0.35100001
2014-03-20,0.35100001,0.44800001,0.34299999,0.42300001
2014-03-21,0.43200001,0.44400001,0.41499999,0.42399999
2014-03-24,0.42860001,0.44080001,0.42860001,0.44080001
2014-03-25,0.44499999,0.465,0.43700001,0.43700001
2014-03-26,0.44100001,0.44100001,0.421,0.42899999
2014-03-27,0.465,0.477,0.43799999,0.44600001
2014-03-28,0.44600001,0.465,0.442,0.44999999
2014-03-31,0.4535,0.46540001,0.4535,0.4614
2014-04-01,0.465,0.465,0.42199999,0.42199999
2014-04-02,0.43399999,0.442,0.426,0.43399999
2014-04-03,0.43799999,0.46200001,0.43799999,0.458
2014-04-04,0.454,0.458,0.44600001,0.458
2014-04-07,0.41460001,0.41460001,0.41460001,0.41460001
2014-04-08,0.41100001,0.419,0.39500001,0.39899999
2014-04-09,0.403,0.41100001,0.39899999,0.39899999
2014-04-10,0.403,0.41499999,0.36300001,0.36300001
2014-04-11,0.36300001,0.375,0.347,0.35499999
2014-04-14,0.359,0.359,0.35100001,0.35100001
2014-04-15,0.35499999,0.375,0.35100001,0.37099999
2014-04-16,0.37099999,0.38699999,0.36300001,0.37099999
2014-04-17,0.37099999,0.38299999,0.36700001,0.37099999
2014-04-18,0.375,0.39899999,0.36700001,0.39899999
2014-04-21,0.39930001,0.4073,0.39930001,0.4073
2014-04-22,0.403,0.41100001,0.391,0.39500001
2014-04-23,0.391,0.412,0.391,0.403
2014-04-24,0.442,0.44600001,0.43399999,0.44600001
2014-04-25,0.44999999,0.458,0.43799999,0.442
2014-04-28,0.43779999,0.43779999,0.43779999,0.43779999
2014-04-29,0.43799999,0.442,0.426,0.43799999
2014-04-30,0.442,0.44999999,0.43799999,0.43799999
2014-05-01,0.43799999,0.44600001,0.414,0.414
2014-05-02,0.41,0.42199999,0.40700001,0.41
2014-05-05,0.4224,0.4224,0.4224,0.4224
2014-05-06,0.42300001,0.42300001,0.41100001,0.42199999
2014-05-07,0.419,0.43099999,0.419,0.42699999
2014-05-08,0.42699999,0.43099999,0.39899999,0.403
2014-05-09,0.40700001,0.41100001,0.38699999,0.38699999
2014-05-12,0.38690001,0.38690001,0.38690001,0.38690001
2014-05-13,0.391,0.403,0.391,0.39899999
2014-05-14,0.403,0.40700001,0.38299999,0.38299999
2014-05-15,0.37900001,0.38299999,0.35499999,0.37099999
2014-05-16,0.36700001,0.38699999,0.35100001,0.35499999
2014-05-19,0.36289999,0.3669,0.36289999,0.3669
2014-05-20,0.36700001,0.36700001,0.33899999,0.347
2014-05-21,0.35100001,0.35100001,0.32600001,0.33899999
2014-05-22,0.33899999,0.347,0.33500001,0.34299999
2014-05-23,0.35100001,0.35499999,0.34299999,0.347
2014-05-26,0.34650001,0.34650001,0.34650001,0.34650001
2014-05-27,0.35049999,0.35049999,0.35049999,0.35049999
2014-05-28,0.347,0.359,0.34200001,0.34999999
2014-05-29,0.38699999,0.38699999,0.36700001,0.37099999
2014-05-30,0.36700001,0.37900001,0.359,0.37900001
2014-06-02,0.37889999,0.37889999,0.37889999,0.37889999
2014-06-03,0.38299999,0.403,0.37900001,0.391
2014-06-04,0.38699999,0.40700001,0.38699999,0.403
2014-06-05,0.403,0.403,0.38699999,0.39899999
2014-06-06,0.39500001,0.403,0.37900001,0.38299999
2014-06-09,0.4068,0.4068,0.4068,0.4068
2014-06-10,0.41100001,0.42699999,0.41100001,0.42699999
2014-06-11,0.42699999,0.44299999,0.42300001,0.44299999
2014-06-12,0.447,0.447,0.42699999,0.435
2014-06-13,0.435,0.447,0.40700001,0.43900001
2014-06-16,0.46740001,0.46740001,0.46340001,0.46740001
2014-06-17,0.463,0.47499999,0.45500001,0.46799999
2014-06-18,0.47499999,0.48800001,0.46799999,0.484
2014-06-19,0.484,0.49200001,0.44,0.45199999
2014-06-20,0.44,0.46399999,0.43099999,0.45199999
2014-06-23,0.45609999,0.46020001,0.45609999,0.45609999
2014-06-24,0.46000001,0.46799999,0.456,0.46799999
2014-06-25,0.46799999,0.477,0.46000001,0.46000001
2014-06-26,0.49599999,0.5,0.472,0.484
2014-06-27,0.48800001,0.49599999,0.465,0.46900001
2014-06-30,0.4646,0.4646,0.45680001,0.45680001
2014-07-01,0.461,0.46799999,0.45699999,0.45699999
2014-07-02,0.465,0.472,0.461,0.46900001
2014-07-03,0.465,0.49200001,0.465,0.48800001
2014-07-04,0.48800001,0.53200001,0.484,0.51200002
2014-07-07,0.51190001,0.52780002,0.51190001,0.52780002
2014-07-08,0.53200001,0.53200001,0.51599997,0.51599997
2014-07-09,0.51999998,0.51999998,0.5,0.50800002
2014-07-10,0.50800002,0.53600001,0.47999999,0.47999999
2014-07-11,0.48800001,0.48800001,0.44400001,0.456
2014-07-14,0.4479,0.4479,0.4479,0.4479
2014-07-15,0.45199999,0.46799999,0.45199999,0.46399999
2014-07-16,0.46799999,0.47999999,0.44800001,0.47999999
2014-07-17,0.47600001,0.49200001,0.47600001,0.48800001
2014-07-18,0.484,0.48800001,0.44800001,0.44800001
2014-07-21,0.48379999,0.48379999,0.48379999,0.48379999
2014-07-22,0.48800001,0.5,0.484,0.49200001
2014-07-23,0.49599999,0.5,0.47600001,0.47600001
2014-07-24,0.47999999,0.47999999,0.46799999,0.47099999
2014-07-25,0.47600001,0.5,0.472,0.49200001
2014-07-28,0.49180001,0.49590001,0.49180001,0.49180001
2014-07-29,0.49599999,0.50800002,0.49200001,0.50400001
2014-07-30,0.54699999,0.551,0.54299998,0.54299998
2014-07-31,0.54299998,0.58999997,0.54299998,0.55900002
2014-08-01,0.55500001,0.57099998,0.53100002,0.53100002
2014-08-04,0.48019999,0.48019999,0.4763,0.4763
2014-08-05,0.47999999,0.484,0.46799999,0.46799999
2014-08-06,0.46799999,0.484,0.46000001,0.46799999
2014-08-07,0.46399999,0.472,0.44800001,0.46000001
2014-08-08,0.456,0.46799999,0.43200001,0.43200001
2014-08-11,0.4481,0.45210001,0.4481,0.45210001
2014-08-12,0.44800001,0.456,0.44,0.44400001
2014-08-13,0.44800001,0.44800001,0.43200001,0.43599999
2014-08-14,0.43599999,0.44400001,0.41600001,0.41600001
2014-08-15,0.41999999,0.41999999,0.40000001,0.41600001
2014-08-18,0.41949999,0.41949999,0.41949999,0.41949999
2014-08-19,0.42399999,0.42699999,0.41499999,0.419
2014-08-20,0.42300001,0.43099999,0.41100001,0.43099999
2014-08-21,0.43099999,0.484,0.43099999,0.47600001
2014-08-22,0.47600001,0.47999999,0.456,0.472
2014-08-25,0.4919,0.5,0.4919,0.5
2014-08-26,0.5,0.50800002,0.48800001,0.50400001
2014-08-27,0.50800002,0.50800002,0.49599999,0.49599999
2014-08-28,0.51999998,0.52399999,0.51200002,0.51599997
2014-08-29,0.51599997,0.51599997,0.5,0.50400001
2014-09-01,0.4921,0.4921,0.4921,0.4921
2014-09-02,0.4921,0.49610001,0.4921,0.4921
2014-09-03,0.49599999,0.528,0.49599999,0.528
2014-09-04,0.52399999,0.54699999,0.51999998,0.51999998
2014-09-05,0.51599997,0.54400003,0.5,0.53600001
2014-09-08,0.5079,0.5079,0.5079,0.5079
2014-09-09,0.50400001,0.53600001,0.5,0.53200001
2014-09-10,0.54400003,0.56800002,0.54400003,0.56
2014-09-11,0.56400001,0.57599998,0.56,0.57200003
2014-09-12,0.56800002,0.56800002,0.54400003,0.56400001
2014-09-15,0.5643,0.5643,0.5643,0.5643
2014-09-16,0.56,0.56800002,0.54400003,0.54400003
2014-09-17,0.54799998,0.54799998,0.528,0.54000002
2014-09-18,0.53600001,0.58099997,0.51200002,0.56900001
2014-09-19,0.57700002,0.597,0.565,0.565
2014-09-22,0.56889999,0.56889999,0.56489998,0.56489998
2014-09-23,0.56099999,0.565,0.54500002,0.55299997
2014-09-24,0.55699998,0.55699998,0.537,0.54100001
2014-09-25,0.57499999,0.59100002,0.57499999,0.59100002
2014-09-26,0.58700001,0.58999997,0.55500001,0.55500001
2014-09-29,0.57870001,0.58660001,0.57870001,0.58660001
2014-09-30,0.58700001,0.58999997,0.56300002,0.57499999
2014-10-01,0.579,0.59500003,0.56699997,0.57499999
2014-10-02,0.579,0.579,0.51200002,0.51999998
2014-10-03,0.51999998,0.53899997,0.50800002,0.53500003
2014-10-06,0.56739998,0.56739998,0.56739998,0.56739998
2014-10-07,0.56300002,0.56699997,0.528,0.53600001
2014-10-08,0.54400003,0.54799998,0.49599999,0.50800002
2014-10-09,0.51200002,0.51999998,0.44400001,0.45199999
2014-10-10,0.456,0.46000001,0.42399999,0.44800001
2014-10-14,0.39590001,0.39989999,0.39590001,0.39989999
2014-10-15,0.396,0.412,0.36399999,0.37599999
2014-10-16,0.37200001,0.384,0.244,0.308
2014-10-17,0.308,0.35499999,0.26699999,0.33899999
2014-10-20,0.37490001,0.37889999,0.37490001,0.37889999
2014-10-21,0.37900001,0.37900001,0.347,0.354
2014-10-22,0.354,0.37,0.33399999,0.366
2014-10-23,0.37,0.38699999,0.354,0.36199999
2014-10-24,0.36199999,0.403,0.354,0.39500001
2014-10-27,0.39809999,0.39809999,0.39809999,0.39809999
2014-10-28,0.40200001,0.40200001,0.373,0.382
2014-10-29,0.38600001,0.398,0.38100001,0.398
2014-10-30,0.426,0.49700001,0.426,0.48899999
2014-10-31,0.49700001,0.50099999,0.46900001,0.477
2014-11-03,0.49739999,0.49739999,0.49739999,0.49739999
2014-11-04,0.49700001,0.52899998,0.48899999,0.51700002
2014-11-05,0.51700002,0.52100003,0.505,0.51700002
2014-11-06,0.51700002,0.53799999,0.51700002,0.52600002
2014-11-07,0.52600002,0.55400002,0.52200001,0.55000001
2014-11-10,0.50650001,0.50650001,0.50650001,0.50650001
2014-11-11,0.50199997,0.54299998,0.486,0.53899997
2014-11-12,0.55089998,0.55089998,0.55089998,0.55089998
2014-11-13,0.551,0.551,0.523,0.54299998
2014-11-14,0.53899997,0.54699999,0.51499999,0.51899999
2014-11-17,0.51590002,0.51590002,0.51179999,0.51179999
2014-11-18,0.50800002,0.51999998,0.49599999,0.51200002
2014-11-19,0.50800002,0.51200002,0.5,0.50400001
2014-11-20,0.51200002,0.54100001,0.50800002,0.52499998
2014-11-21,0.52499998,0.52499998,0.49599999,0.509
2014-11-24,0.50510001,0.50510001,0.50510001,0.50510001
2014-11-25,0.51300001,0.52100003,0.49700001,0.49700001
2014-11-26,0.53100002,0.54299998,0.51999998,0.52399999
2014-11-27,0.51999998,0.528,0.50800002,0.51999998
2014-11-28,0.51969999,0.52759999,0.50389999,0.50389999
2014-12-01,0.47639999,0.4842,0.47639999,0.48030001
2014-12-02,0.484,0.50400001,0.45699999,0.50400001
2014-12-03,0.49599999,0.54299998,0.49599999,0.53899997
2014-12-04,0.54299998,0.56300002,0.53899997,0.55900002
2014-12-05,0.55900002,0.55900002,0.54000002,0.54299998
2014-12-08,0.6433,0.65930003,0.6433,0.65530002
2014-12-09,0.65100002,0.67500001,0.62699997,0.63099998
2014-12-10,0.63599998,0.63999999,0.58399999,0.616
2014-12-11,0.616,0.62800002,0.56800002,0.57200003
2014-12-12,0.56800002,0.62,0.56,0.60799998
2014-12-15,0.54409999,0.54409999,0.53609997,0.54009998
2014-12-16,0.54400003,0.59200001,0.54400003,0.57999998
2014-12-17,0.57999998,0.58499998,0.47999999,0.55599999
2014-12-18,0.54799998,0.62900001,0.51599997,0.61699998
2014-12-19,0.62900001,0.64600003,0.59299999,0.63300002
2014-12-22,0.64609998,0.64609998,0.64609998,0.64609998
2014-12-23,0.64600003,0.66299999,0.634,0.66299999
2014-12-24,0.71200001,0.74699998,0.704,0.74299997
2014-12-25,0.73900002,0.74699998,0.72399998,0.74299997
2014-12-26,0.74720001,0.74720001,0.73930001,0.73930001
2014-12-29,0.74330002,0.74330002,0.74330002,0.74330002
2014-12-30,0.73900002,0.74299997,0.704,0.71200001
2014-12-31,0.708,0.71200001,0.676,0.68800002
2015-01-01,0.68400002,0.68800002,0.66799998,0.67199999
2015-01-02,0.6724,0.6724,0.6724,0.6724
2015-01-05,0.66070002,0.66460001,0.66070002,0.66460001
2015-01-06,0.66500002,0.69700003,0.66100001,0.66500002
2015-01-07,0.65700001,0.65700001,0.58099997,0.62900001
2015-01-08,0.62900001,0.65700001,0.60500002,0.61699998
2015-01-09,0.62099999,0.64099997,0.60100001,0.60900003
2015-01-12,0.565,0.565,0.565,0.565
2015-01-13,0.56900001,0.57300001,0.54900002,0.54900002
2015-01-14,0.54900002,0.565,0.52499998,0.54100001
2015-01-15,0.54100001,0.54500002,0.45199999,0.50099999
2015-01-16,0.505,0.537,0.40400001,0.41999999
2015-01-20,0.46740001,0.46740001,0.46340001,0.46340001
2015-01-21,0.46700001,0.50800002,0.463,0.49900001
2015-01-22,0.5,0.51599997,0.47499999,0.51099998
2015-01-23,0.51099998,0.53200001,0.479,0.523
2015-01-26,0.4824,0.4824,0.47819999,0.4824
2015-01-27,0.47799999,0.52700001,0.47799999,0.51499999
2015-01-28,0.51899999,0.523,0.48199999,0.51499999
2015-01-29,0.51099998,0.523,0.465,0.465
2015-01-30,0.5,0.53500003,0.49200001,0.51999998
2015-02-02,0.45269999,0.46059999,0.45269999,0.46059999
2015-02-03,0.465,0.484,0.45300001,0.46799999
2015-02-04,0.465,0.51599997,0.45699999,0.51599997
2015-02-05,0.51200002,0.54000002,0.47999999,0.484
2015-02-06,0.47600001,0.53200001,0.47600001,0.52399999
2015-02-09,0.64749998,0.64749998,0.63950002,0.63950002
2015-02-10,0.64300001,0.66000003,0.60399997,0.65200001
2015-02-11,0.648,0.67199999,0.64399999,0.65600002
2015-02-12,0.64399999,0.676,0.63999999,0.67199999
2015-02-13,0.66000003,0.68000001,0.62800002,0.63200003
2015-02-17,0.6451,0.6451,0.62489998,0.62900001
2015-02-18,0.625,0.69,0.62099999,0.66600001
2015-02-19,0.66600001,0.69,0.58899999,0.60500002
2015-02-20,0.597,0.62900001,0.58099997,0.62099999
2015-02-23,0.64230001,0.64630002,0.64230001,0.64630002
2015-02-24,0.64200002,0.65499997,0.60600001,0.60600001
2015-02-25,0.61400002,0.64300001,0.55299997,0.55299997
2015-02-26,0.60299999,0.62199998,0.58700001,0.60699999
2015-02-27,0.61000001,0.65799999,0.59500003,0.65399998
2015-03-02,0.62239999,0.64209998,0.62239999,0.63419998
2015-03-03,0.634,0.66600001,0.62699997,0.662
2015-03-04,0.662,0.68199998,0.65399998,0.68199998
2015-03-05,0.67799997,0.69,0.65499997,0.65899998
2015-03-06,0.65899998,0.671,0.639,0.64300001
2015-03-09,0.73540002,0.73540002,0.73540002,0.73540002
2015-03-10,0.73500001,0.73500001,0.69599998,0.69599998
2015-03-11,0.708,0.708,0.67199999,0.68000001
2015-03-12,0.68400002,0.71200001,0.676,0.68400002
2015-03-13,0.68000001,0.69199997,0.63999999,0.66399997
2015-03-16,0.66100001,0.66100001,0.65700001,0.65700001
2015-03-17,0.65700001,0.66500002,0.63700002,0.653
2015-03-18,0.653,0.67400002,0.63700002,0.67400002
2015-03-19,0.67400002,0.68199998,0.53200001,0.55599999
2015-03-20,0.55299997,0.625,0.53200001,0.61299998
2015-03-23,0.5812,0.58530003,0.5812,0.5812
2015-03-24,0.58499998,0.59399998,0.565,0.57700002
2015-03-25,0.57300001,0.58999997,0.56099999,0.56099999
2015-03-26,0.58700001,0.60600001,0.56300002,0.60600001
2015-03-27,0.602,0.63,0.58999997,0.61799997
2015-03-30,0.5905,0.5905,0.5905,0.5905
2015-03-31,0.58999997,0.59799999,0.57099998,0.583
2015-04-01,0.579,0.579,0.551,0.55900002
2015-04-02,0.56300002,0.579,0.53100002,0.53899997
2015-04-03,0.53899997,0.55199999,0.51999998,0.54400003
2015-04-06,0.48809999,0.48809999,0.48410001,0.48410001
2015-04-07,0.53600001,0.54400003,0.472,0.5
2015-04-08,0.49599999,0.53200001,0.49599999,0.51999998
2015-04-09,0.52399999,0.55199999,0.51599997,0.53600001
2015-04-10,0.53600001,0.56,0.528,0.55199999
2015-04-13,0.56010002,0.56410003,0.56010002,0.56410003
2015-04-14,0.56400001,0.57599998,0.53200001,0.53600001
2015-04-15,0.53600001,0.54799998,0.5,0.51599997
2015-04-16,0.51599997,0.51599997,0.49599999,0.5
2015-04-17,0.50800002,0.51599997,0.47999999,0.48800001
2015-04-20,0.51209998,0.51609999,0.51209998,0.51609999
2015-04-21,0.51599997,0.53200001,0.50400001,0.52399999
2015-04-22,0.52399999,0.54500002,0.51999998,0.51999998
2015-04-23,0.51999998,0.55699998,0.51999998,0.55299997
2015-04-24,0.54900002,0.55299997,0.52399999,0.53200001
2015-04-27,0.50809997,0.50809997,0.50809997,0.50809997
2015-04-28,0.51200002,0.53299999,0.50800002,0.52399999
2015-04-29,0.53899997,0.56699997,0.53899997,0.56300002
2015-04-30,0.55500001,0.602,0.54699999,0.56300002
2015-05-01,0.56300002,0.61400002,0.55900002,0.57499999
2015-05-04,0.59890002,0.59890002,0.59890002,0.59890002
2015-05-05,0.61500001,0.61500001,0.58700001,0.60299999
2015-05-06,0.60699999,0.63499999,0.583,0.62699997
2015-05-07,0.62699997,0.64700001,0.61500001,0.639
2015-05-08,0.63499999,0.66299999,0.61900002,0.63499999
2015-05-11,0.57980001,0.57980001,0.57590002,0.57590002
2015-05-12,0.57200003,0.62,0.56800002,0.62
2015-05-13,0.61199999,0.648,0.59200001,0.59600002
2015-05-14,0.60399997,0.60399997,0.56,0.57999998
2015-05-15,0.57599998,0.58399999,0.54400003,0.54400003
2015-05-18,0.54030001,0.54030001,0.5363,0.5363
2015-05-19,0.53200001,0.58099997,0.53200001,0.57700002
2015-05-20,0.57700002,0.61699998,0.55699998,0.61699998
2015-05-21,0.61299998,0.61299998,0.58099997,0.59299999
2015-05-22,0.58899999,0.597,0.57300001,0.57700002
2015-05-26,0.61830002,0.62239999,0.61830002,0.62239999
2015-05-27,0.61799997,0.64700001,0.61400002,0.61400002
2015-05-28,0.64899999,0.66799998,0.64499998,0.648
2015-05-29,0.65600002,0.65600002,0.625,0.62900001
2015-06-01,0.6092,0.61320001,0.6092,0.61320001
2015-06-02,0.61299998,0.65700001,0.60100001,0.64899999
2015-06-03,0.64899999,0.66900003,0.64499998,0.65700001
2015-06-04,0.65700001,0.68400002,0.653,0.67199999
2015-06-05,0.66900003,0.68800002,0.653,0.66500002
2015-06-08,0.7166,0.73259997,0.7166,0.72860003
2015-06-09,0.72899997,0.72899997,0.685,0.685
2015-06-10,0.68900001,0.72100002,0.68099999,0.72100002
2015-06-11,0.72500002,0.73699999,0.72100002,0.72899997
2015-06-12,0.72899997,0.75300002,0.71700001,0.71700001
2015-06-15,0.7256,0.7256,0.70950001,0.71350002
2015-06-16,0.70999998,0.71799999,0.68099999,0.70599997
2015-06-17,0.70599997,0.70999998,0.68599999,0.69400001
2015-06-18,0.69300002,0.76599997,0.64899999,0.65700001
2015-06-19,0.64899999,0.66500002,0.62900001,0.63700002
2015-06-22,0.63709998,0.63709998,0.63709998,0.63709998
2015-06-23,0.63700002,0.662,0.63300002,0.662
2015-06-24,0.66600001,0.68599999,0.662,0.68199998
2015-06-25,0.69599998,0.71200001,0.68000001,0.68400002
2015-06-26,0.68400002,0.71200001,0.68000001,0.68800002
2015-06-29,0.71569997,0.71569997,0.6171,0.625
2015-06-30,0.625,0.67199999,0.61699998,0.63700002
2015-07-01,0.63700002,0.66399997,0.62099999,0.64499998
2015-07-02,0.653,0.69599998,0.63700002,0.69199997
2015-07-03,0.68800002,0.71600002,0.625,0.63300002
2015-07-06,0.56150001,0.56550002,0.56150001,0.56550002
2015-07-07,0.56999999,0.62099999,0.56599998,0.59299999
2015-07-08,0.60500002,0.60500002,0.54900002,0.58899999
2015-07-09,0.58899999,0.58899999,0.54100001,0.54900002
2015-07-10,0.54900002,0.58899999,0.54500002,0.58499998
2015-07-13,0.64499998,0.64499998,0.63700002,0.63700002
2015-07-14,0.63700002,0.685,0.63300002,0.67699999
2015-07-15,0.67699999,0.68099999,0.63300002,0.64099997
2015-07-16,0.64099997,0.67699999,0.62099999,0.63300002
2015-07-17,0.64899999,0.67699999,0.64099997,0.66100001
2015-07-20,0.66949999,0.66949999,0.66949999,0.66949999
2015-07-21,0.68599999,0.70999998,0.68199998,0.70999998
2015-07-22,0.70200002,0.71399999,0.67799997,0.68199998
2015-07-23,0.68199998,0.71499997,0.68199998,0.70999998
2015-07-24,0.71899998,0.727,0.69400001,0.69800001
2015-07-27,0.68220001,0.68220001,0.68220001,0.68220001
2015-07-28,0.67799997,0.68199998,0.64499998,0.65399998
2015-07-29,0.662,0.68199998,0.65799999,0.67000002
2015-07-30,0.68800002,0.72399998,0.68800002,0.708
2015-07-31,0.71600002,0.75099999,0.71600002,0.72799999
2015-08-03,0.67640001,0.67640001,0.67640001,0.67640001
2015-08-04,0.676,0.69199997,0.653,0.66500002
2015-08-05,0.67299998,0.736,0.66900003,0.736
2015-08-06,0.74400002,0.75999999,0.71200001,0.73199999
2015-08-07,0.73199999,0.73199999,0.69700003,0.70899999
2015-08-10,0.7209,0.72890002,0.7209,0.72890002
2015-08-11,0.72899997,0.741,0.72100002,0.72899997
2015-08-12,0.72500002,0.72899997,0.66100001,0.67699999
2015-08-13,0.68099999,0.68099999,0.62099999,0.66900003
2015-08-14,0.66100001,0.713,0.64899999,0.70899999
2015-08-17,0.722,0.722,0.722,0.722
2015-08-18,0.72600001,0.73000002,0.69800001,0.70999998
2015-08-19,0.70999998,0.73000002,0.69400001,0.722
2015-08-20,0.71799999,0.73799998,0.653,0.66100001
2015-08-21,0.66100001,0.68199998,0.653,0.65700001
2015-08-24,0.60869998,0.60869998,0.60869998,0.60869998
2015-08-25,0.61299998,0.61299998,0.54400003,0.57999998
2015-08-26,0.58399999,0.64499998,0.57999998,0.60900003
2015-08-27,0.64499998,0.69599998,0.62900001,0.68000001
2015-08-28,0.68000001,0.71499997,0.66399997,0.69999999
2015-08-31,0.74330002,0.74330002,0.73540002,0.73930001
2015-09-01,0.74299997,0.74299997,0.708,0.74000001
2015-09-02,0.73500001,0.73500001,0.704,0.71200001
2015-09-03,0.71200001,0.72799999,0.69999999,0.71200001
2015-09-04,0.708,0.71600002,0.68400002,0.69599998
2015-09-08,0.71270001,0.7166,0.71270001,0.7166
2015-09-09,0.72100002,0.741,0.70099998,0.73699999
2015-09-10,0.741,0.76499999,0.73699999,0.741
2015-09-11,0.73299998,0.74900001,0.72899997,0.73699999
2015-09-14,0.7094,0.72140002,0.7094,0.72140002
2015-09-15,0.72100002,0.73400003,0.70499998,0.73000002
2015-09-16,0.72600001,0.815,0.722,0.81
2015-09-17,0.80199999,0.81900001,0.778,0.81099999
2015-09-18,0.815,0.815,0.68199998,0.68599999
2015-09-21,0.67769998,0.67769998,0.67769998,0.67769998
2015-09-22,0.69800001,0.71799999,0.69800001,0.70999998
2015-09-23,0.71899998,0.71899998,0.67000002,0.67799997
2015-09-24,0.70700002,0.71100003,0.69499999,0.70300001
2015-09-25,0.71100003,0.71499997,0.63300002,0.68800002
2015-09-28,0.69959998,0.70359999,0.69959998,0.70359999
2015-09-29,0.69999999,0.71499997,0.67199999,0.67199999
2015-09-30,0.676,0.68400002,0.64099997,0.653
2015-10-01,0.653,0.676,0.62900001,0.62900001
2015-10-02,0.64099997,0.65700001,0.63300002,0.64899999
2015-10-05,0.58139998,0.58539999,0.58139998,0.58139998
2015-10-06,0.57700002,0.61699998,0.57300001,0.60900003
2015-10-07,0.60100001,0.61299998,0.59299999,0.60900003
2015-10-08,0.60500002,0.64099997,0.60100001,0.62900001
2015-10-09,0.625,0.65700001,0.60500002,0.63700002
2015-10-13,0.64099997,0.64099997,0.63300002,0.63700002
2015-10-14,0.63300002,0.63700002,0.61699998,0.61699998
2015-10-15,0.61699998,0.625,0.55299997,0.55299997
2015-10-16,0.56099999,0.60500002,0.55699998,0.60100001
2015-10-19,0.61290002,0.61290002,0.60879999,0.60879999
2015-10-20,0.60500002,0.62099999,0.59299999,0.597
2015-10-21,0.59299999,0.63700002,0.58899999,0.63300002
2015-10-22,0.62900001,0.64099997,0.61299998,0.625
2015-10-23,0.62900001,0.64099997,0.59200001,0.60500002
2015-10-26,0.64539999,0.64539999,0.64539999,0.64539999
2015-10-27,0.64099997,0.64999998,0.625,0.63700002
2015-10-28,0.64099997,0.64099997,0.61299998,0.62099999
2015-10-29,0.62900001,0.72299999,0.625,0.70700002
2015-10-30,0.71499997,0.736,0.699,0.72799999
2015-11-02,0.7281,0.73640001,0.7281,0.73640001
2015-11-03,0.73199999,0.75700003,0.72799999,0.75700003
2015-11-04,0.75700003,0.778,0.75300002,0.76999998
2015-11-05,0.76999998,0.81999999,0.76599997,0.81599998
2015-11-06,0.84500003,0.861,0.82599998,0.82999998
2015-11-09,0.88990003,0.89389998,0.88990003,0.88990003
2015-11-10,0.89399999,0.91000003,0.88200003,0.88999999
2015-11-11,0.88599998,0.89099997,0.85799998,0.87400001
2015-11-12,0.87440002,0.88249999,0.87440002,0.87840003
2015-11-13,0.87800002,0.88700002,0.86299998,0.875
2015-11-16,0.85089999,0.85089999,0.82660002,0.82660002
2015-11-17,0.82300001,0.86299998,0.82300001,0.85500002
2015-11-18,0.85900003,0.88800001,0.847,0.85900003
2015-11-19,0.86299998,0.90799999,0.85900003,0.88
2015-11-20,0.884,0.89600003,0.87199998,0.89200002
2015-11-23,0.92129999,0.92129999,0.92129999,0.92129999
2015-11-24,0.926,0.94599998,0.917,0.926
2015-11-25,0.94999999,0.94999999,0.91100001,0.93000001
2015-11-26,0.93400002,0.94599998,0.93000001,0.93400002
2015-11-27,0.9382,0.9382,0.93430001,0.93430001
2015-11-30,0.92640001,0.9303,0.92640001,0.92640001
2015-12-01,0.92199999,0.954,0.92199999,0.93400002
2015-12-02,0.94199997,0.94999999,0.89499998,0.91100001
2015-12-03,0.92299998,0.954,0.91900003,0.93900001
2015-12-04,0.94199997,0.99400002,0.935,0.95899999
2015-12-07,0.94679999,0.95480001,0.94679999,0.95480001
2015-12-08,0.95099998,0.96700001,0.92299998,0.935
2015-12-09,0.935,0.94700003,0.92299998,0.935
2015-12-10,0.93900001,0.95499998,0.91500002,0.92299998
2015-12-11,0.92699999,0.95499998,0.92699999,0.94700003
2015-12-14,0.8951,0.89910001,0.8951,0.89910001
2015-12-15,0.903,0.95999998,0.89099997,0.94800001
2015-12-16,0.95599997,0.98799998,0.94,0.96799999
2015-12-17,0.97600001,1.02100003,0.96399999,1.00899994
2015-12-18,1.005,1.01699996,0.98799998,0.98799998
2015-12-21,0.9522,0.96450001,0.9522,0.96450001
2015-12-22,0.96499997,0.97299999,0.94800001,0.95200002
2015-12-23,0.95200002,0.977,0.94400001,0.977
2015-12-24,0.977,0.99299997,0.97299999,0.98900002
2015-12-25,0.99800003,1.01100004,0.99299997,1.00600004
2015-12-28,1.01880002,1.01880002,1.01470006,1.01880002
2015-12-29,1.01900005,1.03999996,1.01100004,1.01100004
2015-12-30,1.05900002,1.10300004,1.04299998,1.09500003
2015-12-31,1.09099996,1.10300004,1.07099998,1.07500005
2016-01-01,1.08000004,1.08000004,1.04400003,1.05200005
2016-01-04,1.06760001,1.07159996,1.06760001,1.07159996
2016-01-05,1.06799996,1.07200003,1.00800002,1.03600001
2016-01-06,1.03999996,1.05599999,1.01600003,1.01999998
2016-01-07,1.02400005,1.02400005,0.97600001,0.98000002
2016-01-08,0.99199998,0.99599999,0.93599999,0.95200002
2016-01-11,0.93580002,0.93580002,0.93580002,0.93580002
2016-01-12,0.93599999,0.96399999,0.92000002,0.93599999
2016-01-13,0.93599999,0.96799999,0.90799999,0.92799997
2016-01-14,0.93599999,0.95599997,0.89899999,0.91500002
2016-01-15,0.90700001,0.93099999,0.88300002,0.89899999
2016-01-19,0.85399997,0.85399997,0.85000002,0.85000002
2016-01-20,0.85399997,0.88999999,0.85000002,0.87
2016-01-21,0.87,0.87,0.79699999,0.829
2016-01-22,0.83700001,0.85000002,0.80500001,0.83700001
2016-01-25,0.8732,0.89359999,0.8732,0.8854
2016-01-26,0.88499999,0.88499999,0.861,0.861
2016-01-27,0.861,0.86900002,0.82800001,0.84399998
2016-01-28,0.84899998,0.89600003,0.833,0.83700001
2016-01-29,0.833,0.85299999,0.81300002,0.82499999
2016-02-01,0.77770001,0.7895,0.77770001,0.7816
2016-02-02,0.78500003,0.81300002,0.76599997,0.801
2016-02-03,0.801,0.801,0.722,0.74199998
2016-02-04,0.74199998,0.76599997,0.67900002,0.72600001
2016-02-05,0.72600001,0.73799998,0.70200002,0.70599997
2016-02-08,0.73000002,0.73400003,0.73000002,0.73400003
2016-02-09,0.73400003,0.74599999,0.65799999,0.67400002
2016-02-10,0.65799999,0.69800001,0.63800001,0.69400001
2016-02-11,0.70200002,0.75,0.68599999,0.69400001
2016-02-12,0.68599999,0.69400001,0.58200002,0.65799999
2016-02-15,0.7137,0.7137,0.7137,0.7137
2016-02-16,0.7137,0.73379999,0.7137,0.72579998
2016-02-17,0.72600001,0.73799998,0.69700003,0.722
2016-02-18,0.72600001,0.76200002,0.69700003,0.74599999
2016-02-19,0.74599999,0.75400001,0.69700003,0.69700003
2016-02-22,0.74589998,0.74589998,0.74589998,0.74589998
2016-02-23,0.74599999,0.787,0.74599999,0.75400001
2016-02-24,0.75800002,0.78299999,0.73400003,0.73400003
2016-02-25,0.75,0.76200002,0.69099998,0.76200002
2016-02-26,0.76200002,0.76599997,0.71499997,0.73000002
2016-02-29,0.79729998,0.80129999,0.79339999,0.80129999
2016-03-01,0.801,0.82099998,0.778,0.78500003
2016-03-02,0.78200001,0.84899998,0.76599997,0.84899998
2016-03-03,0.83700001,0.90499997,0.82499999,0.84500003
2016-03-04,0.84500003,0.86900002,0.83700001,0.84500003
2016-03-07,0.87760001,0.87760001,0.87360001,0.87760001
2016-03-08,0.87800002,0.91000003,0.87400001,0.91000003
2016-03-09,0.91399997,0.91399997,0.85799998,0.87
2016-03-10,0.87400001,0.90600002,0.87,0.89399999
2016-03-11,0.88999999,0.93800002,0.87800002,0.93000001
2016-03-14,0.95950001,0.96350002,0.95950001,0.96350002
2016-03-15,0.96399999,0.96799999,0.94800001,0.95999998
2016-03-16,0.95999998,0.972,0.93599999,0.96799999
2016-03-17,0.972,1.00100005,0.85900003,0.86299998
2016-03-18,0.85500002,0.88300002,0.815,0.86699998
2016-03-21,0.83929998,0.83929998,0.83929998,0.83929998
2016-03-22,0.83899999,0.87599999,0.83099997,0.87599999
2016-03-23,0.87599999,0.89300001,0.83999997,0.89300001
2016-03-24,0.89700001,0.90100002,0.852,0.85600001
2016-03-25,0.86000001,0.87699997,0.852,0.87300003
2016-03-28,0.88950002,0.88950002,0.8854,0.88950002
2016-03-29,0.88499999,0.88999999,0.861,0.86900002
2016-03-30,0.87900001,0.88300002,0.78799999,0.78799999
2016-03-31,0.792,0.80000001,0.75700003,0.76099998
2016-04-01,0.75300002,0.764,0.72500002,0.72500002
2016-04-04,0.73629999,0.73629999,0.73229998,0.73629999
2016-04-05,0.736,0.764,0.73199999,0.736
2016-04-06,0.74000001,0.74000001,0.71600002,0.72000003
2016-04-07,0.73199999,0.76300001,0.72399998,0.74000001
2016-04-08,0.74000001,0.74400002,0.68800002,0.69599998
2016-04-11,0.69889998,0.70300001,0.69889998,0.70300001
2016-04-12,0.70700002,0.71899998,0.69099998,0.699
2016-04-13,0.70300001,0.74299997,0.699,0.73900002
2016-04-14,0.74299997,0.76599997,0.73000002,0.75
2016-04-15,0.75800002,0.77399999,0.75,0.76999998
2016-04-18,0.73760003,0.73760003,0.71740001,0.71740001
2016-04-19,0.72100002,0.75300002,0.71700001,0.74599999
2016-04-20,0.75800002,0.77399999,0.745,0.76099998
2016-04-21,0.75700003,0.81,0.745,0.79799998
2016-04-22,0.79799998,0.81800002,0.79400003,0.80599999
2016-04-25,0.82999998,0.82999998,0.82999998,0.82999998
2016-04-26,0.82599998,0.83399999,0.80500001,0.83399999
2016-04-27,0.83700001,0.87300003,0.83700001,0.86500001
2016-04-28,0.861,0.88099998,0.81699997,0.82099998
2016-04-29,0.81300002,0.829,0.78200001,0.78899997
2016-05-02,0.7816,0.78560001,0.77770001,0.7816
2016-05-03,0.778,0.80199999,0.76999998,0.79299998
2016-05-04,0.78200001,0.78200001,0.74199998,0.75400001
2016-05-05,0.76200002,0.76999998,0.73799998,0.74199998
2016-05-06,0.75,0.76200002,0.71799999,0.71799999
2016-05-09,0.74599999,0.74599999,0.73799998,0.73799998
2016-05-10,0.74199998,0.74199998,0.70999998,0.70999998
2016-05-11,0.71799999,0.73799998,0.71799999,0.722
2016-05-12,0.72600001,0.73799998,0.71399999,0.73400003
2016-05-13,0.73400003,0.76599997,0.72600001,0.75800002
2016-05-16,0.75,0.75,0.74589998,0.75
2016-05-17,0.75400001,0.79000002,0.75,0.78600001
2016-05-18,0.79000002,0.83499998,0.78200001,0.83099997
2016-05-19,0.83899999,0.912,0.83099997,0.89999998
2016-05-20,0.89999998,0.92000002,0.86799997,0.884
2016-05-23,0.88440001,0.88440001,0.8804,0.8804
2016-05-24,0.87599999,0.91299999,0.87599999,0.90100002
2016-05-25,0.90499997,0.93000001,0.89700001,0.91299999
2016-05-26,0.91799998,0.93800002,0.91399997,0.926
2016-05-27,0.92199999,0.92199999,0.86699998,0.875
2016-05-31,0.96990001,0.96990001,0.9303,0.93430001
2016-06-01,0.93800002,0.93800002,0.875,0.88300002
2016-06-02,0.87900001,0.90700001,0.86299998,0.903
2016-06-03,0.903,0.91100001,0.87900001,0.88300002
2016-06-06,0.77950001,0.78350002,0.77950001,0.78350002
2016-06-07,0.78799999,0.82700002,0.77899998,0.79900002
2016-06-08,0.79100001,0.80699998,0.77499998,0.78299999
2016-06-09,0.787,0.79500002,0.77499998,0.77899998
2016-06-10,0.77899998,0.78299999,0.759,0.77100003
2016-06-13,0.73449999,0.73449999,0.72250003,0.72250003
2016-06-14,0.72299999,0.73400003,0.70999998,0.71799999
2016-06-15,0.722,0.73400003,0.68199998,0.72600001
2016-06-16,0.73000002,0.74599999,0.66600001,0.67000002
2016-06-17,0.662,0.69300002,0.653,0.68900001
2016-06-20,0.69669998,0.73320001,0.69669998,0.73320001
2016-06-21,0.72899997,0.74900001,0.713,0.741
2016-06-22,0.74299997,0.77100003,0.73100001,0.76700002
2016-06-23,0.76300001,0.76700002,0.74299997,0.74699998
2016-06-24,0.759,0.787,0.75099999,0.78299999
2016-06-27,0.63679999,0.63679999,0.58569998,0.59740001
2016-06-28,0.597,0.60500002,0.55000001,0.597
2016-06-29,0.59399998,0.63300002,0.58600003,0.61299998
2016-06-30,0.61299998,0.64099997,0.60900003,0.64099997
2016-07-01,0.63300002,0.64899999,0.58200002,0.58600003
2016-07-05,0.59729999,0.59729999,0.58929998,0.58929998
2016-07-06,0.58899999,0.59299999,0.55000001,0.55400002
2016-07-07,0.55800003,0.58899999,0.53799999,0.58099997
2016-07-08,0.58099997,0.61699998,0.57300001,0.59299999
2016-07-11,0.61699998,0.61699998,0.61699998,0.61699998
2016-07-12,0.62099999,0.66100001,0.61699998,0.65700001
2016-07-13,0.653,0.69700003,0.64899999,0.68900001
2016-07-14,0.69300002,0.69300002,0.66100001,0.66500002
2016-07-15,0.66100001,0.70099998,0.66100001,0.67699999
2016-07-18,0.68150002,0.68150002,0.68150002,0.68150002
2016-07-19,0.69,0.70200002,0.67799997,0.69
2016-07-20,0.68599999,0.70200002,0.66100001,0.69400001
2016-07-21,0.69800001,0.722,0.69,0.71399999
2016-07-22,0.71399999,0.73100001,0.68199998,0.68199998
2016-07-25,0.71060002,0.71469998,0.71060002,0.71469998
2016-07-26,0.71100003,0.74299997,0.71100003,0.73900002
2016-07-27,0.76200002,0.778,0.74599999,0.75800002
2016-07-28,0.76200002,0.778,0.722,0.722
2016-07-29,0.72600001,0.73799998,0.71100003,0.71499997
2016-08-01,0.66320002,0.66320002,0.65930003,0.66320002
2016-08-02,0.66299999,0.69099998,0.66299999,0.68699998
2016-08-03,0.68300003,0.70599997,0.671,0.68300003
2016-08-04,0.68699998,0.69099998,0.667,0.671
2016-08-05,0.67500001,0.68300003,0.64300001,0.64700001
2016-08-08,0.74199998,0.74199998,0.73400003,0.73400003
2016-08-09,0.73799998,0.74599999,0.71399999,0.72600001
2016-08-10,0.73000002,0.73799998,0.70999998,0.71399999
2016-08-11,0.70200002,0.71399999,0.68599999,0.69
2016-08-12,0.69400001,0.75400001,0.68599999,0.74599999
2016-08-15,0.70569998,0.70569998,0.70169997,0.70569998
2016-08-16,0.70599997,0.73000002,0.69,0.73000002
2016-08-17,0.72600001,0.75800002,0.68599999,0.75
2016-08-18,0.74599999,0.77399999,0.70999998,0.73000002
2016-08-19,0.71799999,0.73400003,0.70599997,0.70999998
2016-08-22,0.76620001,0.77029997,0.76620001,0.77029997
2016-08-23,0.76999998,0.78299999,0.73799998,0.74199998
2016-08-24,0.75,0.76200002,0.73799998,0.74599999
2016-08-25,0.76599997,0.76999998,0.75,0.76599997
2016-08-26,0.76599997,0.79299998,0.75800002,0.79299998
2016-08-29,0.85259998,0.85659999,0.84869999,0.84869999
2016-08-30,0.84500003,0.85299999,0.80500001,0.80900002
2016-08-31,0.82099998,0.829,0.79699999,0.80500001
2016-09-01,0.80500001,0.81699997,0.78200001,0.80900002
2016-09-02,0.80900002,0.82099998,0.78200001,0.78600001
2016-09-06,0.79369998,0.8017,0.79369998,0.8017
2016-09-07,0.80599999,0.80599999,0.73000002,0.73000002
2016-09-08,0.73799998,0.74199998,0.722,0.73799998
2016-09-09,0.74199998,0.78200001,0.73799998,0.77399999
2016-09-12,0.78210002,0.78210002,0.78210002,0.78210002
2016-09-13,0.778,0.80599999,0.76999998,0.77399999
2016-09-14,0.76200002,0.81400001,0.75,0.80199999
2016-09-15,0.79400003,0.80199999,0.75400001,0.76200002
2016-09-16,0.76200002,0.76999998,0.722,0.73400003
2016-09-19,0.77020001,0.77020001,0.77020001,0.77020001
2016-09-20,0.76599997,0.78200001,0.75800002,0.778
2016-09-21,0.78200001,0.78299999,0.76999998,0.778
2016-09-22,0.778,0.84799999,0.76599997,0.778
2016-09-23,0.77899998,0.787,0.76200002,0.77399999
2016-09-26,0.75809997,0.75809997,0.75400001,0.75400001
2016-09-27,0.75800002,0.75800002,0.72899997,0.73799998
2016-09-28,0.75400001,0.76999998,0.73000002,0.74599999
2016-09-29,0.75400001,0.76200002,0.73400003,0.75800002
2016-09-30,0.76599997,0.778,0.73400003,0.73799998
2016-10-03,0.7658,0.77380002,0.7658,0.77380002
2016-10-04,0.778,0.80199999,0.77399999,0.79799998
2016-10-05,0.80199999,0.83399999,0.79400003,0.82599998
2016-10-06,0.82599998,0.85699999,0.81400001,0.838
2016-10-07,0.84200001,0.85799998,0.83399999,0.85399997
2016-10-11,0.87029999,0.87029999,0.87029999,0.87029999
2016-10-12,0.87400001,0.87400001,0.85799998,0.87
2016-10-13,0.87400001,0.89099997,0.86299998,0.86299998
2016-10-14,0.86299998,0.86299998,0.83399999,0.83899999
2016-10-17,0.8348,0.8348,0.8348,0.8348
2016-10-18,0.83899999,0.847,0.815,0.81900001
2016-10-19,0.81900001,0.83099997,0.79900002,0.80299997
2016-10-20,0.80699998,0.82300001,0.79500002,0.80299997
2016-10-21,0.80699998,0.82700002,0.80299997,0.82300001
2016-10-24,0.83149999,0.83149999,0.83149999,0.83149999
2016-10-25,0.82700002,0.84799999,0.81900001,0.84399998
2016-10-26,0.84399998,0.86000001,0.84399998,0.85600001
2016-10-27,0.86000001,0.87599999,0.86000001,0.87199998
2016-10-28,0.87199998,0.89600003,0.86799997,0.88800001
2016-10-31,0.85259998,0.85259998,0.85259998,0.85259998
2016-11-01,0.85699999,0.861,0.84500003,0.84500003
2016-11-02,0.84899998,0.87300003,0.82499999,0.83700001
2016-11-03,0.833,0.83700001,0.80500001,0.82499999
2016-11-04,0.81699997,0.829,0.778,0.80900002
2016-11-07,0.84170002,0.84560001,0.8337,0.84170002
2016-11-08,0.838,0.84200001,0.81,0.81800002
2016-11-09,0.82200003,0.87400001,0.81800002,0.85799998
2016-11-10,0.866,0.91399997,0.71399999,0.90600002
2016-11-11,0.89399999,0.92699999,0.85399997,0.91900003
2016-11-14,1.01209998,1.01209998,0.9515,0.96359998
2016-11-15,0.96799999,1.01600003,0.95599997,1.00399995
2016-11-16,1.00399995,1.02900004,0.972,1.00100005
2016-11-17,1.005,1.02999997,0.98400003,1.005
2016-11-18,1.00100005,1.04999995,0.98900002,1.04200006
2016-11-21,1.06789994,1.08010006,1.06789994,1.07599998
2016-11-22,1.07200003,1.09300005,1.04799998,1.07200003
2016-11-23,1.09099996,1.10699999,1.07500005,1.09500003
2016-11-24,1.09099996,1.15100002,1.08700001,1.13100004
2016-11-25,1.17840004,1.18239999,1.14660001,1.14660001
2016-11-28,1.12679994,1.12679994,1.11880004,1.12279999
2016-11-29,1.12300003,1.13100004,1.10300004,1.10300004
2016-11-30,1.10699999,1.12699997,1.09099996,1.09099996
2016-12-01,1.09500003,1.13499999,1.09500003,1.11899996
2016-12-02,1.13100004,1.16700006,1.11899996,1.15100002
2016-12-05,1.08770001,1.10360003,1.08770001,1.09570003
2016-12-06,1.09200001,1.14400005,1.08000004,1.12399995
2016-12-07,1.12800002,1.12800002,1.11600006,1.11600006
2016-12-08,1.12399995,1.12800002,1.09599996,1.09599996
2016-12-09,1.10399997,1.13199997,1.09599996,1.11199999
2016-12-12,1.13689995,1.14900005,1.13689995,1.14489996
2016-12-13,1.14900005,1.16100001,1.13300002,1.14499998
2016-12-14,1.14100003,1.17400002,1.13300002,1.16600001
2016-12-15,1.16100001,1.27999997,1.15400004,1.26699996
2016-12-16,1.28400004,1.30400002,1.255,1.27600002
2016-12-19,1.25240004,1.25240004,1.25240004,1.25240004
2016-12-20,1.24800003,1.25199997,1.22000003,1.22800004
2016-12-21,1.22399998,1.25300002,1.22000003,1.22000003
2016-12-22,1.22399998,1.22899997,1.19200003,1.19599998
2016-12-23,1.19599998,1.21300006,1.19200003,1.19599998
2016-12-27,1.20570004,1.20570004,1.20570004,1.20570004
2016-12-28,1.21399999,1.23899996,1.21000004,1.23099995
2016-12-29,1.278,1.28999996,1.25800002,1.25800002
2016-12-30,1.25800002,1.26199996,1.21800005,1.21800005
2017-01-03,1.19819999,1.19819999,1.19819999,1.19819999
2017-01-04,1.18599999,1.25,1.18599999,1.21800005
2017-01-05,1.22599995,1.24199998,1.21800005,1.21800005
2017-01-06,1.21399999,1.22599995,1.16600001,1.16999996
2017-01-09,1.21379995,1.21379995,1.21379995,1.21379995
2017-01-10,1.21399999,1.24199998,1.18599999,1.18599999
2017-01-11,1.19000006,1.20599997,1.18200004,1.19400001
2017-01-12,1.19000006,1.20599997,1.15699995,1.19000006
2017-01-13,1.18099999,1.18099999,1.14499998,1.17700005
2017-01-17,1.19710004,1.19710004,1.18499994,1.18499994
2017-01-18,1.18499994,1.18900001,1.13600004,1.15199995
2017-01-19,1.15600002,1.22500002,1.15600002,1.22099996
2017-01-20,1.22099996,1.25,1.21300006,1.22500002
2017-01-23,1.18439996,1.18439996,1.1803,1.18439996
2017-01-24,1.18400002,1.19700003,1.14300001,1.14699996
2017-01-25,1.15600002,1.20099998,1.15100002,1.19599998
2017-01-26,1.22000003,1.25600004,1.21200001,1.24000001
2017-01-27,1.23599994,1.25199997,1.22000003,1.22800004
2017-01-30,1.22019994,1.22019994,1.21619999,1.22019994
2017-01-31,1.21599996,1.22399998,1.20000005,1.21599996
2017-02-01,1.21599996,1.21599996,1.18900001,1.21200001
2017-02-02,1.21599996,1.26400006,1.20899999,1.22000003
2017-02-03,1.21700001,1.21700001,1.19299996,1.20899999
2017-02-06,1.20089996,1.20490003,1.20089996,1.20089996
2017-02-07,1.20099998,1.20099998,1.153,1.15699995
2017-02-08,1.15699995,1.17299998,1.14100003,1.16900003
2017-02-09,1.17299998,1.17700005,1.14100003,1.14499998
2017-02-10,1.14900005,1.18499994,1.14499998,1.18099999
2017-02-13,1.19360006,1.20969999,1.19360006,1.20570004
2017-02-14,1.20599997,1.21399999,1.20200002,1.20599997
2017-02-15,1.20599997,1.25,1.20200002,1.23800004
2017-02-16,1.23800004,1.26699996,1.23000002,1.25100005
2017-02-17,1.25100005,1.255,1.20599997,1.20599997
2017-02-21,1.20249999,1.20650005,1.20249999,1.20249999
2017-02-22,1.20700002,1.22300005,1.20200002,1.21099997
2017-02-23,1.23199999,1.25199997,1.20799994,1.22000003
2017-02-24,1.21599996,1.22399998,1.18400002,1.18499994
2017-02-27,1.14880002,1.15269995,1.14880002,1.15269995
2017-02-28,1.153,1.20799994,1.14900005,1.20000005
2017-03-01,1.20000005,1.27999997,1.18799996,1.26400006
2017-03-02,1.28799999,1.30799997,1.27199996,1.28799999
2017-03-03,1.29999995,1.34000003,1.28400004,1.31200004
2017-03-06,1.30509996,1.30910003,1.301,1.301
2017-03-07,1.301,1.31700003,1.28900003,1.30499995
2017-03-08,1.301,1.33399999,1.301,1.33000004
2017-03-09,1.33399999,1.37800002,1.33000004,1.35800004
2017-03-10,1.36199999,1.37899995,1.35000002,1.37899995
2017-03-13,1.35539997,1.3635,1.35539997,1.3635
2017-03-14,1.36699998,1.38,1.34399998,1.37600005
2017-03-15,1.38,1.38499999,1.36800003,1.38
2017-03-16,1.38,1.40100002,1.30299997,1.30299997
2017-03-17,1.29900002,1.34000003,1.29900002,1.33599997
2017-03-20,1.32079995,1.32079995,1.32079995,1.32079995
2017-03-21,1.32099998,1.32099998,1.29200006,1.29200006
2017-03-22,1.296,1.30900002,1.25999999,1.26400006
2017-03-23,1.26400006,1.27199996,1.24000001,1.25199997
2017-03-24,1.25199997,1.26800001,1.24000001,1.25600004
2017-03-27,1.26069999,1.26069999,1.23189998,1.24010003
2017-03-28,1.24000001,1.25699997,1.22800004,1.25699997
2017-03-29,1.27400005,1.30599999,1.25800002,1.30599999
2017-03-30,1.30599999,1.30599999,1.26999998,1.27400005
2017-03-31,1.28199995,1.28999996,1.26600003,1.28600001
2017-04-03,1.26189995,1.26189995,1.2579,1.2579
2017-04-04,1.26199996,1.28199995,1.22599995,1.22599995
2017-04-05,1.23000002,1.25800002,1.23000002,1.25800002
2017-04-06,1.25399995,1.26999998,1.22599995,1.23800004
2017-04-07,1.23000002,1.25800002,1.23000002,1.24199998
2017-04-10,1.2902,1.2902,1.28620005,1.2902
2017-04-11,1.28999996,1.29799998,1.26600003,1.278
2017-04-12,1.26600003,1.26999998,1.22599995,1.23800004
2017-04-13,1.24199998,1.25399995,1.20200002,1.20200002
2017-04-14,1.21399999,1.22500002,1.19700003,1.20500004
2017-04-17,1.18099999,1.18099999,1.17289996,1.17690003
2017-04-18,1.18099999,1.20899999,1.17700005,1.20099998
2017-04-19,1.20899999,1.20899999,1.15999997,1.16499996
2017-04-20,1.17299998,1.19299996,1.16799998,1.18099999
2017-04-21,1.18099999,1.20899999,1.176,1.19299996
2017-04-25,1.25800002,1.26199996,1.22500002,1.22899997
2017-04-26,1.23300004,1.27900004,1.22899997,1.27499998
2017-04-27,1.29100001,1.301,1.27400005,1.27400005
2017-04-28,1.28199995,1.28199995,1.25399995,1.26199996
2017-05-01,1.26590002,1.26989996,1.26590002,1.26590002
2017-05-02,1.26999998,1.29799998,1.26600003,1.278
2017-05-03,1.27400005,1.29400003,1.25800002,1.26199996
2017-05-04,1.26999998,1.30200005,1.26600003,1.29799998
2017-05-05,1.30999994,1.33000004,1.30200005,1.30999994
2017-05-08,1.31420004,1.33019996,1.31420004,1.32620001
2017-05-09,1.33000004,1.34200001,1.30999994,1.33399999
2017-05-10,1.33399999,1.35899997,1.32599998,1.347
2017-05-11,1.34200001,1.35899997,1.33099997,1.35899997
2017-05-12,1.35899997,1.36699998,1.33899999,1.33899999
2017-05-15,1.29449999,1.29449999,1.29040003,1.29449999
2017-05-16,1.29400003,1.30700004,1.28999996,1.30299997
2017-05-17,1.30299997,1.31500006,1.29100001,1.30299997
2017-05-18,1.278,1.28600001,1.24199998,1.24600005
2017-05-19,1.26199996,1.28299999,1.22500002,1.26999998
2017-05-22,1.28260005,1.28670001,1.28260005,1.28670001
2017-05-23,1.29100001,1.29499996,1.27900004,1.28299999
2017-05-24,1.27900004,1.31099999,1.27499998,1.30700004
2017-05-25,1.31400001,1.33299994,1.28199995,1.28199995
2017-05-26,1.29400003,1.29799998,1.28199995,1.29799998
2017-05-30,1.29760003,1.30159998,1.29760003,1.30159998
2017-05-31,1.29799998,1.30200005,1.28600001,1.28600001
2017-06-01,1.28999996,1.30200005,1.278,1.28600001
2017-06-02,1.29400003,1.31400001,1.28600001,1.29799998
2017-06-05,1.28989995,1.29390001,1.28989995,1.29390001
2017-06-06,1.29400003,1.30999994,1.28999996,1.30599999
2017-06-07,1.30200005,1.30599999,1.278,1.29799998
2017-06-08,1.29799998,1.32200003,1.29799998,1.30999994
2017-06-09,1.32200003,1.33800006,1.30999994,1.32200003
2017-06-12,1.33879995,1.34280002,1.33879995,1.34280002
2017-06-13,1.33899999,1.35899997,1.33899999,1.35899997
2017-06-14,1.35899997,1.36699998,1.35099995,1.36699998
2017-06-15,1.36300004,1.36300004,1.28999996,1.33500004
2017-06-16,1.33899999,1.36800003,1.33899999,1.35500002
2017-06-19,1.31920004,1.31920004,1.31920004,1.31920004
2017-06-20,1.32299995,1.36399996,1.31500006,1.36399996
2017-06-21,1.36800003,1.37300003,1.34800005,1.34800005
2017-06-22,1.35599995,1.36500001,1.34399998,1.352
2017-06-23,1.35599995,1.35599995,1.33599997,1.34399998
2017-06-26,1.34459996,1.34870005,1.34459996,1.34870005
2017-06-27,1.34899998,1.35699999,1.33599997,1.33599997
2017-06-28,1.36099994,1.38100004,1.35300004,1.37300003
2017-06-29,1.37300003,1.38499999,1.34899998,1.35300004
2017-06-30,1.35699999,1.38499999,1.35300004,1.37300003
2017-07-03,1.38559997,1.39359999,1.38559997,1.39359999
2017-07-04,1.398,1.426,1.38199997,1.41400003
2017-07-05,1.41410005,1.41410005,1.41009998,1.41009998
2017-07-06,1.41400003,1.426,1.40199995,1.40999997
2017-07-07,1.40600002,1.43499994,1.398,1.403
2017-07-10,1.40709996,1.40709996,1.40310001,1.40310001
2017-07-11,1.40699995,1.40699995,1.38300002,1.38699996
2017-07-12,1.38699996,1.39900005,1.375,1.375
2017-07-13,1.375,1.375,1.33099997,1.347
2017-07-14,1.35099995,1.37100005,1.34300005,1.36699998
2017-07-17,1.35969996,1.35969996,1.35969996,1.35969996
2017-07-18,1.36000001,1.36800003,1.34399998,1.36000001
2017-07-19,1.36000001,1.36399996,1.34800005,1.352
2017-07-20,1.35599995,1.36399996,1.34800005,1.36000001
2017-07-21,1.36000001,1.36399996,1.34399998,1.352
2017-07-25,1.34399998,1.36899996,1.34000003,1.36500001
2017-07-26,1.36500001,1.398,1.36099994,1.38999999
2017-07-27,1.403,1.403,1.35099995,1.36300004
2017-07-28,1.35500002,1.37100005,1.35500002,1.37100005
2017-07-31,1.34720004,1.34720004,1.34720004,1.34720004
2017-08-01,1.35099995,1.35899997,1.34300005,1.35500002
2017-08-02,1.35899997,1.36300004,1.34300005,1.347
2017-08-03,1.35099995,1.36300004,1.347,1.36300004
2017-08-04,1.35899997,1.36300004,1.33500004,1.34300005
2017-08-07,1.3549,1.35889995,1.3549,1.35889995
2017-08-08,1.36300004,1.36699998,1.35500002,1.35500002
2017-08-09,1.35500002,1.36699998,1.35500002,1.35500002
2017-08-10,1.347,1.35099995,1.32299995,1.34300005
2017-08-11,1.33899999,1.34300005,1.32700002,1.33099997
2017-08-14,1.29400003,1.30209994,1.29400003,1.30209994
2017-08-15,1.29799998,1.32599998,1.29799998,1.32599998
2017-08-16,1.33000004,1.35500002,1.32599998,1.35099995
2017-08-17,1.35500002,1.35899997,1.32599998,1.33000004
2017-08-18,1.33800006,1.34200001,1.30200005,1.30200005
2017-08-21,1.32169998,1.32169998,1.32169998,1.32169998
2017-08-22,1.31799996,1.32200003,1.301,1.30499995
2017-08-23,1.31400001,1.32599998,1.30900002,1.32599998
2017-08-24,1.32599998,1.33000004,1.30900002,1.30900002
2017-08-25,1.31700003,1.33399999,1.31299996,1.33399999
2017-08-28,1.33770001,1.34179997,1.33770001,1.34179997
2017-08-29,1.33800006,1.34200001,1.329,1.329
2017-08-30,1.32500005,1.329,1.30200005,1.32099998
2017-08-31,1.329,1.34500003,1.32500005,1.329
2017-09-01,1.33700001,1.33700001,1.32200003,1.329
2017-09-04,1.34599996,1.34599996,1.34599996,1.34599996
2017-09-06,1.32599998,1.33000004,1.28999996,1.29400003
2017-09-07,1.28999996,1.31400001,1.28600001,1.30599999
2017-09-08,1.29799998,1.30200005,1.26199996,1.26600003
2017-09-11,1.26600003,1.28620005,1.26600003,1.28620005
2017-09-12,1.28999996,1.32299995,1.28199995,1.32299995
2017-09-13,1.31400001,1.34300005,1.31400001,1.33899999
2017-09-14,1.33099997,1.35500002,1.33099997,1.35099995
2017-09-15,1.35099995,1.38800001,1.347,1.36800003
2017-09-18,1.38429999,1.38429999,1.38429999,1.38429999
2017-09-19,1.38900006,1.40499997,1.38900006,1.39699996
2017-09-20,1.39300001,1.40499997,1.38499999,1.40499997
2017-09-21,1.39300001,1.45099998,1.38499999,1.44200003
2017-09-22,1.44200003,1.44700003,1.42999995,1.44299996
2017-09-25,1.44340003,1.44749999,1.44340003,1.44749999
2017-09-26,1.44299996,1.44700003,1.41900003,1.42700005
2017-09-27,1.42700005,1.45599997,1.42299998,1.44000006
2017-09-28,1.45500004,1.48300004,1.45099998,1.47899997
2017-09-29,1.47500002,1.49899995,1.45500004,1.45500004
2017-10-02,1.49070001,1.49070001,1.49070001,1.49070001
2017-10-03,1.495,1.50699997,1.48300004,1.48699999
2017-10-04,1.49100006,1.495,1.47099996,1.47500002
2017-10-05,1.47899997,1.48699999,1.45899999,1.47500002
2017-10-06,1.47899997,1.49899995,1.47500002,1.49100006
2017-10-10,1.51209998,1.51610005,1.50810003,1.51209998
2017-10-11,1.51600003,1.51600003,1.5,1.51199996
2017-10-12,1.51999998,1.52499998,1.50800002,1.52499998
2017-10-13,1.52100003,1.52499998,1.50899994,1.51699996
2017-10-16,1.50909996,1.50909996,1.50909996,1.50909996
2017-10-17,1.505,1.546,1.505,1.54200006
2017-10-18,1.54200006,1.55900002,1.53400004,1.54999995
2017-10-19,1.55499995,1.57099998,1.551,1.56700003
2017-10-20,1.56700003,1.56700003,1.53499997,1.53900003
2017-10-23,1.57630002,1.58449996,1.57630002,1.58449996
2017-10-24,1.58000004,1.58899999,1.55999994,1.56799996
2017-10-25,1.56400001,1.58899999,1.56400001,1.58899999
2017-10-26,1.59899998,1.62300003,1.59099996,1.59899998
2017-10-27,1.59899998,1.62300003,1.58700001,1.61899996
2017-10-30,1.59549999,1.59549999,1.59150004,1.59150004
2017-10-31,1.59200001,1.60000002,1.57599998,1.57599998
2017-11-01,1.57599998,1.60399997,1.57200003,1.60000002
2017-11-02,1.60399997,1.62800002,1.60000002,1.61600006
2017-11-03,1.61199999,1.62,1.60000002,1.61199999
2017-11-06,1.61650002,1.62450004,1.61650002,1.62450004
2017-11-07,1.625,1.62899995,1.60899997,1.62100005
2017-11-08,1.625,1.63300002,1.62100005,1.63300002
2017-11-09,1.63300002,1.64900005,1.62899995,1.64900005
2017-11-10,1.653,1.65799999,1.63300002,1.63699996
2017-11-13,1.65820003,1.66229999,1.65820003,1.66229999
2017-11-14,1.65799999,1.68700004,1.64999998,1.68700004
2017-11-15,1.68299997,1.699,1.68299997,1.69099998
2017-11-16,1.69099998,1.70000005,1.66299999,1.68799996
2017-11-17,1.69099998,1.71599996,1.68799996,1.71200001
2017-11-20,1.71730006,1.72140002,1.71730006,1.72140002
2017-11-21,1.72500002,1.755,1.71300006,1.755
2017-11-22,1.755,1.77999997,1.75,1.77199996
2017-11-23,1.76699996,1.77199996,1.727,1.727
2017-11-24,1.73080003,1.75569999,1.73080003,1.73500001
2017-11-27,1.75670004,1.75670004,1.75259995,1.75259995
2017-11-28,1.75699997,1.76499999,1.74000001,1.745
2017-11-29,1.74600005,1.76199996,1.73800004,1.75
2017-11-30,1.75,1.778,1.75,1.76600003
2017-12-01,1.76199996,1.79799998,1.76199996,1.78999996
2017-12-04,1.80219996,1.81019998,1.80219996,1.81019998
2017-12-05,1.80599999,1.81400001,1.78999996,1.80999994
2017-12-06,1.81400001,1.83899999,1.80999994,1.82200003
2017-12-07,1.81799996,1.82700002,1.79400003,1.80999994
2017-12-08,1.80999994,1.81900001,1.79799998,1.80200005
2017-12-11,1.80260003,1.80260003,1.80260003,1.80260003
2017-12-12,1.79799998,1.82700002,1.78199995,1.82299995
2017-12-13,1.82299995,1.847,1.81900001,1.83099997
2017-12-14,1.83099997,1.852,1.778,1.778
2017-12-15,1.78600001,1.82700002,1.78199995,1.81500006
2017-12-18,1.83990002,1.84809995,1.83990002,1.84809995
2017-12-19,1.852,1.85699999,1.82799995,1.83200002
2017-12-20,1.84000003,1.86099994,1.83200002,1.85300004
2017-12-21,1.84800005,1.87300003,1.84800005,1.85699999
2017-12-22,1.85699999,1.88199997,1.84899998,1.87699997
2017-12-26,1.90310001,1.90310001,1.89890003,1.89890003
2017-12-27,1.903,1.91600001,1.89900005,1.903
2017-12-28,1.92700005,1.92700005,1.89499998,1.89499998
2017-12-29,1.903,1.91100001,1.89499998,1.91100001
2018-01-02,1.88699996,1.88699996,1.88699996,1.88699996
2018-01-03,1.90699995,1.92700005,1.89100003,1.92299998
2018-01-04,1.92299998,1.93900001,1.91499996,1.93099999
2018-01-05,1.94700003,1.97599995,1.94700003,1.95599997
2018-01-08,1.96389997,1.96389997,1.96389997,1.96389997
2018-01-09,1.972,1.972,1.95200002,1.96000004
2018-01-10,1.96000004,1.97599995,1.94799995,1.972
2018-01-11,1.972,1.98500001,1.96399999,1.97599995
2018-01-12,1.972,1.98899996,1.96800005,1.98099995
2018-01-16,2.00990009,2.01399994,2.00990009,2.01399994
2018-01-17,2.00999999,2.02600002,1.99399996,2.01799989
2018-01-18,2.01399994,2.05100012,2.01399994,2.04699993
2018-01-19,2.04699993,2.05999994,2.04299998,2.04299998
2018-01-22,2.07719994,2.07719994,2.07299995,2.07299995
2018-01-23,2.0769999,2.08200002,2.06100011,2.06900001
2018-01-24,2.06500006,2.06500006,2.03999996,2.03999996
2018-01-25,2.05599999,2.08400011,2.05599999,2.07999992
2018-01-26,2.07999992,2.10400009,2.06800008,2.09200001
2018-01-29,2.1243,2.1243,2.12030005,2.12030005
2018-01-30,2.11599994,2.16100001,2.11599994,2.11999989
2018-01-31,2.12800002,2.13599992,2.10800004,2.12800002
2018-02-01,2.11999989,2.16499996,2.10400009,2.14899993
2018-02-02,2.15700006,2.1730001,2.14100003,2.16100001
2018-02-05,2.14529991,2.1494,2.14529991,2.1494
2018-02-06,2.14899993,2.15400004,2.02399993,2.03999996
2018-02-07,2.03600001,2.11299992,1.94700003,2.10899997
2018-02-08,2.11299992,2.1500001,2.07299995,2.12599993
2018-02-09,2.11299992,2.1500001,2.10500002,2.1099999
2018-02-12,2.07319999,2.07319999,2.07319999,2.07319999
2018-02-13,2.04900002,2.13899994,2.04900002,2.0769999
2018-02-14,2.08599997,2.11400008,2.06500006,2.1099999
2018-02-15,2.11400008,2.17600012,2.0940001,2.17199993
2018-02-16,2.18000007,2.21300006,2.17199993,2.18799996
2018-02-19,2.19359994,2.19359994,2.19359994,2.19359994
2018-02-20,2.2184999,2.2184999,2.21429992,2.21429992
2018-02-21,2.22300005,2.24799991,2.21799994,2.22300005
2018-02-22,2.26600003,2.28200006,2.25,2.26999998
2018-02-23,2.26999998,2.27399993,2.25,2.25399995
2018-02-26,2.25,2.25,2.24600005,2.24600005
2018-02-27,2.25,2.25,2.21399999,2.23000002
2018-02-28,2.22199988,2.27800012,2.21799994,2.26600003
2018-03-01,2.26200008,2.28600001,2.25399995,2.2579999
2018-03-02,2.25399995,2.26999998,2.2019999,2.21799994
2018-03-05,2.2256,2.22970009,2.2256,2.22970009
2018-03-06,2.23399997,2.25399995,2.20499992,2.2420001
2018-03-07,2.23799992,2.2579999,2.22600007,2.25399995
2018-03-08,2.23000002,2.26200008,2.22600007,2.25399995
2018-03-09,2.25,2.26600003,2.2420001,2.25
2018-03-12,2.26200008,2.2743001,2.26200008,2.27020001
2018-03-13,2.27200007,2.27800012,2.26200008,2.26200008
2018-03-14,2.26999998,2.27399993,2.2420001,2.2579999
2018-03-15,2.26200008,2.29099989,2.24600005,2.26200008
2018-03-16,2.26999998,2.29099989,2.25,2.28699994
2018-03-19,2.29500008,2.3032999,2.29500008,2.3032999
2018-03-20,2.30699992,2.31999993,2.28699994,2.31200004
2018-03-21,2.31200004,2.34899998,2.30699992,2.34899998
2018-03-22,2.33699989,2.36599994,2.29900002,2.30800009
2018-03-23,2.31200004,2.31999993,2.2579999,2.28299999
2018-03-26,2.2579,2.26620007,2.2579,2.26620007
2018-03-27,2.26200008,2.29500008,2.26200008,2.2750001
2018-03-28,2.31500006,2.31900001,2.26200008,2.26999998
2018-03-29,2.27800012,2.30200005,2.24600005,2.28600001
2018-03-30,2.28600001,2.29399991,2.26600003,2.26999998
2018-04-02,2.27010012,2.27819991,2.27010012,2.27819991
2018-04-03,2.27800012,2.28999996,2.23399997,2.25
2018-04-04,2.2579999,2.28999996,2.2579999,2.28200006
2018-04-05,2.27399993,2.30299997,2.25399995,2.30299997
2018-04-06,2.30699992,2.31100011,2.29900002,2.30699992
2018-04-09,2.27020001,2.28239989,2.27020001,2.27830005
2018-04-10,2.28200006,2.29900002,2.26999998,2.28200006
2018-04-11,2.28600001,2.32299995,2.28200006,2.30699992
2018-04-12,2.30299997,2.31900001,2.28299999,2.30699992
2018-04-13,2.30699992,2.35599995,2.30299997,2.35599995
2018-04-16,2.36069989,2.37719989,2.36069989,2.37310004
2018-04-17,2.36899996,2.39400005,2.36899996,2.38100004
2018-04-18,2.38599992,2.40199995,2.37700009,2.39400005
2018-04-19,2.398,2.43600011,2.398,2.43099999
2018-04-20,2.42700005,2.44000006,2.4230001,2.43199992
2018-04-23,2.46149993,2.4698,2.46149993,2.46560001
2018-04-24,2.47000003,2.48300004,2.45799994,2.47799993
2018-04-25,2.47799993,2.5,2.46199989,2.4749999
2018-04-26,2.48399997,2.5079999,2.48399997,2.4920001
2018-04-27,2.48399997,2.49600005,2.47199988,2.48799992
2018-04-30,2.48370004,2.48370004,2.48370004,2.48370004
2018-05-01,2.48799992,2.49600005,2.48399997,2.4920001
2018-05-02,2.4920001,2.51600003,2.4920001,2.5079999
2018-05-03,2.5079999,2.52099991,2.48799992,2.4920001
2018-05-04,2.48399997,2.48799992,2.46799994,2.48000002
2018-05-07,2.50500011,2.50909996,2.50090003,2.50090003
2018-05-08,2.49699998,2.50500011,2.49300003,2.50099993
2018-05-09,2.50500011,2.51799989,2.49699998,2.51399994
2018-05-10,2.51799989,2.53399992,2.51799989,2.53399992
2018-05-11,2.53399992,2.54299998,2.50099993,2.53399992
2018-05-14,2.53900003,2.54310012,2.53900003,2.54310012
2018-05-15,2.54299998,2.55200005,2.5309999,2.55200005
2018-05-16,2.54699993,2.58899999,2.54699993,2.5769999
2018-05-17,2.57200003,2.59299994,2.57200003,2.59299994
2018-05-18,2.58500004,2.59800005,2.56900001,2.57299995
2018-05-21,2.54879999,2.56539989,2.54879999,2.56539989
2018-05-22,2.56999993,2.57800007,2.55699992,2.56999993
2018-05-23,2.56599998,2.58200002,2.56599998,2.56999993
2018-05-24,2.59299994,2.59699988,2.52800012,2.53200006
2018-05-25,2.52399993,2.52800012,2.48799992,2.51200008
2018-05-29,2.47979999,2.47979999,2.45569992,2.45970011
2018-05-30,2.46399999,2.46399999,2.31100011,2.33500004
2018-05-31,2.29900002,2.42400002,2.29900002,2.41599989
2018-06-01,2.40700006,2.44700003,2.40300012,2.43600011
2018-06-04,2.4756,2.47959995,2.4756,2.47959995
2018-06-05,2.48399997,2.51999998,2.48000002,2.51999998
2018-06-06,2.51200008,2.51600003,2.47600007,2.49600005
2018-06-07,2.5,2.52399993,2.49600005,2.51999998
2018-06-08,2.52399993,2.53200006,2.45099998,2.4920001
2018-06-11,2.50390005,2.5079,2.50390005,2.5079
2018-06-12,2.51200008,2.53299999,2.5079999,2.52399993
2018-06-13,2.51999998,2.54900002,2.51600003,2.54500008
2018-06-14,2.54500008,2.602,2.53699994,2.57399988
2018-06-15,2.57800007,2.58200002,2.54900002,2.56999993
2018-06-18,2.54920006,2.54920006,2.54920006,2.54920006
2018-06-19,2.54500008,2.55699992,2.53699994,2.55299997
2018-06-20,2.52900004,2.54900002,2.49600005,2.54900002
2018-06-21,2.55299997,2.56999993,2.53299999,2.56599998
2018-06-22,2.56999993,2.57399988,2.53699994,2.54099989
2018-06-25,2.54119992,2.54949999,2.54119992,2.54949999
2018-06-26,2.54500008,2.54999995,2.5250001,2.53699994
2018-06-27,2.53299999,2.54999995,2.5250001,2.53299999
2018-06-28,2.54399991,2.54399991,2.50399995,2.5079999
2018-06-29,2.5,2.52399993,2.49600005,2.51600003
2018-07-02,2.52830005,2.5323,2.52830005,2.5323
2018-07-03,2.52399993,2.55699992,2.5079999,2.55299997
2018-07-04,2.55699992,2.56100011,2.52800012,2.53200006
2018-07-05,2.54049993,2.54049993,2.54049993,2.54049993
2018-07-06,2.53600001,2.56500006,2.53600001,2.55699992
2018-07-09,2.54469991,2.54469991,2.54060006,2.54060006
2018-07-10,2.54500008,2.56900001,2.54500008,2.56100011
2018-07-11,2.56500006,2.5940001,2.56100011,2.58599997
2018-07-12,2.56500006,2.5940001,2.54900002,2.57399988
2018-07-13,2.58599997,2.602,2.58200002,2.58999991
2018-07-16,2.58200002,2.58200002,2.58200002,2.58200002
2018-07-17,2.58999991,2.61100006,2.58599997,2.59899998
2018-07-18,2.59899998,2.61899996,2.59500003,2.61500001
2018-07-19,2.62400007,2.62400007,2.60700011,2.61500001
2018-07-20,2.61999989,2.63199997,2.58200002,2.59100008
2018-07-23,2.59940004,2.59940004,2.59940004,2.59940004
2018-07-24,2.59500003,2.63700008,2.58699989,2.6329999
2018-07-25,2.62899995,2.64599991,2.62100005,2.63700008
2018-07-26,2.64499998,2.67799997,2.64499998,2.6730001
2018-07-27,2.66899991,2.69000006,2.66100001,2.69000006
2018-07-30,2.67750001,2.67750001,2.67750001,2.67750001
2018-07-31,2.6730001,2.68600011,2.66499996,2.66499996
2018-08-01,2.66899991,2.67799997,2.64899993,2.67400002
2018-08-02,2.66899991,2.68600011,2.66899991,2.68199992
2018-08-03,2.67799997,2.68199992,2.66100001,2.66499996
2018-08-06,2.65330005,2.65330005,2.65330005,2.65330005
2018-08-07,2.65700006,2.65700006,2.64100003,2.64899993
2018-08-08,2.65700006,2.67799997,2.65300012,2.67400002
2018-08-09,2.67799997,2.67799997,2.66199994,2.67400002
2018-08-10,2.67000008,2.67400002,2.64899993,2.64899993
2018-08-13,2.60829997,2.60829997,2.60010004,2.60010004
2018-08-14,2.60400009,2.625,2.58800006,2.61199999
2018-08-15,2.62100005,2.64100003,2.62100005,2.64100003
2018-08-16,2.63700008,2.63700008,2.59200001,2.61199999
2018-08-17,2.61199999,2.6329999,2.60800004,2.61999989
2018-08-20,2.61209989,2.61630011,2.61209989,2.61630011
2018-08-21,2.61199999,2.61599994,2.58699989,2.58699989
2018-08-22,2.59100008,2.61199999,2.58699989,2.60800004
2018-08-23,2.59100008,2.60800004,2.58699989,2.59500003
2018-08-24,2.59899998,2.61999989,2.59500003,2.61999989
2018-08-27,2.62859988,2.62859988,2.6243999,2.6243999
2018-08-28,2.62899995,2.6500001,2.62400007,2.64499998
2018-08-29,2.66100001,2.6730001,2.64899993,2.66899991
2018-08-30,2.66499996,2.68199992,2.65700006,2.68199992
2018-08-31,2.6730001,2.67799997,2.64899993,2.65300012
2018-09-04,2.63709998,2.63709998,2.6329999,2.6329999
2018-09-05,2.62899995,2.66100001,2.62899995,2.65300012
2018-09-06,2.65700006,2.66499996,2.64499998,2.65300012
2018-09-07,2.65300012,2.65700006,2.6329999,2.64100003
2018-09-10,2.7025001,2.7025001,2.7025001,2.7025001
2018-09-11,2.70700002,2.71499991,2.69799995,2.71499991
2018-09-12,2.7190001,2.75200009,2.71499991,2.74799991
2018-09-13,2.74799991,2.75200009,2.73600006,2.75200009
2018-09-14,2.75600004,2.773,2.73600006,2.76099992
2018-09-17,2.73979998,2.78600001,2.73569989,2.78600001
2018-09-18,2.79900002,2.79900002,2.77399993,2.78200006
2018-09-19,2.76999998,2.81100011,2.76999998,2.80699992
2018-09-20,2.80299997,2.81599998,2.79500008,2.79500008
2018-09-21,2.79099989,2.81999993,2.79099989,2.80800009
2018-09-24,2.80410004,2.80410004,2.80410004,2.80410004
2018-09-25,2.84200001,2.84200001,2.79999995,2.8210001
2018-09-26,2.83100009,2.84699988,2.83100009,2.84299994
2018-09-27,2.83500004,2.84299994,2.81900001,2.81900001
2018-09-28,2.82299995,2.83899999,2.80699992,2.83100009
2018-10-01,2.82690001,2.83100009,2.82690001,2.83100009
2018-10-02,2.8269999,2.83899999,2.81900001,2.82299995
2018-10-03,2.82299995,2.8269999,2.79900002,2.81500006
2018-10-04,2.81100011,2.87599993,2.80699992,2.87599993
2018-10-05,2.88000011,2.90499997,2.87199998,2.87199998
2018-10-09,2.88089991,2.88089991,2.87269998,2.87269998
2018-10-10,2.87700009,2.89299989,2.87299991,2.88899994
2018-10-11,2.88899994,2.9059999,2.8440001,2.852
2018-10-12,2.83599997,2.87299991,2.82800007,2.84800005
2018-10-15,2.85700011,2.86109996,2.85700011,2.86109996
2018-10-16,2.86100006,2.86100006,2.84100008,2.85700011
2018-10-17,2.85700011,2.87400007,2.85700011,2.86999989
2018-10-18,2.87400007,2.89899993,2.86199999,2.89499998
2018-10-19,2.89100003,2.91199994,2.86199999,2.87400007
2018-10-22,2.90799999,2.90799999,2.90799999,2.90799999
2018-10-23,2.90400004,2.91700006,2.9000001,2.91199994
2018-10-24,2.90799999,2.90799999,2.85400009,2.8829999
2018-10-25,2.89499998,2.89499998,2.82599998,2.84299994
2018-10-26,2.83500004,2.87100005,2.82999992,2.85500002
2018-10-29,2.81430006,2.81430006,2.81430006,2.81430006
2018-10-30,2.81800008,2.83899999,2.7980001,2.82200003
2018-10-31,2.82200003,2.85899997,2.82200003,2.85100007
2018-11-01,2.86299992,2.88700008,2.85899997,2.87100005
2018-11-02,2.875,2.87899995,2.84599996,2.84599996
2018-11-05,2.90339994,2.90339994,2.90339994,2.90339994
2018-11-06,2.90799999,2.91599989,2.89100003,2.91199994
2018-11-07,2.92000008,2.93600011,2.89899993,2.93600011
2018-11-08,2.92799997,2.9690001,2.91199994,2.96499991
2018-11-09,2.95700002,2.977,2.94400001,2.97300005
2018-11-13,2.89529991,2.89529991,2.89529991,2.89529991
2018-11-14,2.89100003,2.91199994,2.88700008,2.89499998
2018-11-15,2.89899993,2.90799999,2.83699989,2.86599994
2018-11-16,2.87100005,2.87899995,2.829,2.85800004
2018-11-19,2.79570007,2.79570007,2.79570007,2.79570007
2018-11-20,2.79999995,2.829,2.7750001,2.79099989
2018-11-21,2.796,2.80800009,2.77900004,2.80800009
2018-11-22,2.81200004,2.829,2.80299997,2.81599998
2018-11-23,2.81599998,2.81599998,2.81599998,2.81599998
2018-11-26,2.81150007,2.81150007,2.81150007,2.81150007
2018-11-27,2.81200004,2.84500003,2.81200004,2.83699989
2018-11-28,2.83100009,2.84299994,2.81900001,2.83500004
2018-11-29,2.83500004,2.84299994,2.796,2.81299996
2018-11-30,2.80299997,2.81500006,2.77200007,2.80900002
2018-12-03,2.83319998,2.83319998,2.83319998,2.83319998
2018-12-04,2.83100009,2.84500003,2.81299996,2.8210001
2018-12-05,2.82500005,2.83899999,2.78900003,2.79900002
2018-12-06,2.80290008,2.80690002,2.80290008,2.80690002
2018-12-07,2.80699992,2.81299996,2.69300008,2.76200008
2018-12-10,2.69449997,2.69650006,2.69449997,2.69650006
2018-12-11,2.69899988,2.7349999,2.68400002,2.73300004
2018-12-12,2.7249999,2.77999997,2.7190001,2.76600003
2018-12-13,2.76999998,2.78900003,2.75999999,2.77399993
2018-12-14,2.77399993,2.77399993,2.75399995,2.76200008
2018-12-17,2.73720002,2.73930001,2.73720002,2.73930001
2018-12-18,2.73900008,2.74300003,2.68499994,2.6960001
2018-12-19,2.69799995,2.69799995,2.64599991,2.6500001
2018-12-20,2.64199996,2.69400001,2.62100005,2.64599991
2018-12-21,2.6559999,2.67700005,2.64599991,2.671
2018-12-24,2.63479996,2.63479996,2.63479996,2.63479996
2018-12-25,2.64499998,2.64499998,2.54699993,2.56100011
2018-12-26,2.58270001,2.58270001,2.57859993,2.57859993
2018-12-27,2.57500005,2.62700009,2.53999996,2.62100005
2018-12-28,2.61899996,2.61899996,2.54399991,2.56699991
2019-01-02,2.49589992,2.52220011,2.47160006,2.47160006
2019-01-03,2.4777,2.5079999,2.37649989,2.38059998
2019-01-04,2.37859988,2.4999001,2.37859988,2.49580002
2019-01-07,2.50390005,2.54460001,2.47340012,2.54460001
2019-01-08,2.54060006,2.58960009,2.53449988,2.58960009
2019-01-09,2.58759999,2.59789991,2.54879999,2.55500007
2019-01-10,2.55500007,2.5775001,2.52020001,2.5775001
2019-01-11,2.5775001,2.5775001,2.53049994,2.54690003
2019-01-14,2.54279995,2.5553,2.50999999,2.5388
2019-01-15,2.5388,2.55119991,2.51200008,2.5388
2019-01-16,2.53469992,2.56360006,2.53259993,2.54290009
2019-01-17,2.54500008,2.57610011,2.5223999,2.56570005
2019-01-18,2.56990004,2.61809993,2.56159997,2.61809993
2019-01-22,2.6013999,2.6013999,2.57229996,2.58899999
2019-01-23,2.58899999,2.6078999,2.57450008,2.58710003
2019-01-24,2.58909988,2.58920002,2.55170012,2.56629992
2019-01-25,2.56629992,2.60840011,2.56419992,2.60840011
2019-01-28,2.60630012,2.6170001,2.58119988,2.59179997
2019-01-29,2.59179997,2.62910008,2.56850004,2.57459998
2019-01-30,2.57259989,2.58870006,2.50600004,2.51009989
2019-01-31,2.51009989,2.51609993,2.45359993,2.45970011
2019-02-01,2.46370006,2.52419996,2.45939994,2.5079999
2019-02-04,2.51410007,2.54049993,2.5079999,2.53839993
2019-02-05,2.53839993,2.5466001,2.51609993,2.52629995
2019-02-06,2.52830005,2.53040004,2.50189996,2.52830005
2019-02-07,2.52830005,2.52830005,2.47950006,2.48149991
2019-02-08,2.4835,2.48559999,2.45070004,2.4691
2019-02-11,2.46709991,2.49769998,2.46709991,2.48749995
2019-02-12,2.48749995,2.51200008,2.48539996,2.5079
2019-02-13,2.50379992,2.54080009,2.50379992,2.53460002
2019-02-14,2.53670001,2.54080009,2.48530006,2.49970007
2019-02-15,2.49559999,2.52029991,2.4934001,2.51819992
2019-02-19,2.51609993,2.5223999,2.48930001,2.49130011
2019-02-20,2.4934001,2.50370002,2.48300004,2.50370002
2019-02-21,2.49959993,2.53279996,2.49749994,2.53069997
2019-02-22,2.53069997,2.53069997,2.48070002,2.49740005
2019-02-25,2.50370002,2.51620007,2.49950004,2.5078001
2019-02-26,2.50990009,2.50990009,2.47979999,2.48390007
2019-02-27,2.48390007,2.51410007,2.47580004,2.5
2019-02-28,2.5,2.5323,2.47779989,2.51609993
2019-03-01,2.51819992,2.56069994,2.51410007,2.55669999
2019-03-04,2.56680012,2.56879997,2.53640008,2.54250002
2019-03-05,2.54250002,2.56690001,2.54250002,2.54859996
2019-03-06,2.5466001,2.5466001,2.50999999,2.51819992
2019-03-07,2.51609993,2.51819992,2.46930003,2.47539997
2019-03-08,2.47539997,2.47950006,2.45070004,2.46499991
2019-03-11,2.46499991,2.48340011,2.46099997,2.47720003
2019-03-12,2.47930002,2.50589991,2.44849992,2.45469999
2019-03-13,2.4526,2.46889997,2.44840002,2.46889997
2019-03-14,2.46690011,2.4749999,2.45040011,2.46479988
2019-03-15,2.46269989,2.47090006,2.43160009,2.43980002
2019-03-18,2.4460001,2.4604001,2.43359995,2.45420003
2019-03-19,2.45420003,2.47480011,2.44379997,2.47270012
2019-03-20,2.47480011,2.47480011,2.38579988,2.40030003
2019-03-21,2.39820004,2.4124999,2.37940001,2.41039991
2019-03-22,2.41039991,2.41039991,2.30410004,2.31870008
2019-03-25,2.32489991,2.33710003,2.2270999,2.24569988
2019-03-26,2.2499001,2.29940009,2.2499001,2.26819992
2019-03-27,2.27029991,2.27029991,2.16799998,2.204
2019-03-28,2.21000004,2.2420001,2.18199992,2.24000001
2019-03-29,2.23189998,2.28620005,2.23189998,2.26399994
2019-04-01,2.28419995,2.33870006,2.28419995,2.33459997
2019-04-02,2.33669996,2.33669996,2.29629993,2.30439997
2019-04-03,2.30240011,2.34089994,2.30040002,2.34089994
2019-04-04,2.34089994,2.34100008,2.3125999,2.33899999
2019-04-05,2.34100008,2.36369991,2.33520007,2.3434
2019-04-08,2.34540009,2.36380005,2.32509995,2.36380005
2019-04-09,2.35969996,2.36190009,2.33130002,2.35170007
2019-04-10,2.34969997,2.34969997,2.31299996,2.32319999
2019-04-11,2.32119989,2.35809994,2.32119989,2.35599995
2019-04-12,2.35809994,2.39750004,2.35229993,2.39549994
2019-04-15,2.38930011,2.4059999,2.38930011,2.39359999
2019-04-16,2.39359999,2.41650009,2.38739991,2.4144001
2019-04-17,2.41030002,2.42499995,2.39599991,2.40229988
2019-04-18,2.40429997,2.40429997,2.37610006,2.38019991
2019-04-22,2.37610006,2.3907001,2.37400007,2.38870001
2019-04-23,2.38660002,2.39510012,2.35969996,2.36590004
2019-04-24,2.36389995,2.36389995,2.3118,2.3197999
2019-04-25,2.3197999,2.33389997,2.30990005,2.33389997
2019-04-26,2.33189988,2.33189988,2.27810001,2.28410006
2019-04-29,2.28620005,2.30629992,2.28419995,2.29419994
2019-04-30,2.29419994,2.31040001,2.26600003,2.26810002
2019-05-01,2.26600003,2.31450009,2.20970011,2.30640006
2019-05-02,2.30839992,2.34680009,2.30839992,2.34680009
2019-05-03,2.34680009,2.36339998,2.31879997,2.33500004
2019-05-06,2.33500004,2.34730005,2.2802999,2.29450011
2019-05-07,2.30870008,2.31080008,2.27629995,2.28839993
2019-05-08,2.28239989,2.30480003,2.25390005,2.29859996
2019-05-09,2.30069995,2.30069995,2.2335,2.26200008
2019-05-10,2.26609993,2.28239989,2.23140001,2.27020001
2019-05-13,2.2355001,2.23749995,2.17409992,2.19050002
2019-05-14,2.19050002,2.20880008,2.17619991,2.19849992
2019-05-15,2.20059991,2.20869994,2.14120007,2.16160011
2019-05-16,2.16359997,2.20869994,2.15140009,2.19429994
2019-05-17,2.19429994,2.2105,2.1652,2.20230007
2019-05-20,2.20639992,2.22900009,2.19799995,2.22280002
2019-05-21,2.22280002,2.26200008,2.21869993,2.2579
2019-05-22,2.2579,2.2579,2.22059989,2.22480011
2019-05-23,2.22679996,2.22679996,2.12739992,2.15019989
2019-05-24,2.15019989,2.17459989,2.14599991,2.16829991
2019-05-28,2.1724999,2.17860007,2.1243999,2.12859988
2019-05-29,2.12859988,2.24749994,2.06089997,2.11100006
2019-05-30,2.10890007,2.12700009,2.06290007,2.06290007
2019-05-31,2.06690001,2.06690001,1.9181,1.92610002
2019-06-03,1.9181,1.92009997,1.82770002,1.83570004
2019-06-04,1.83969998,1.92560005,1.82969999,1.88740003
2019-06-05,1.87940001,1.88940001,1.77869999,1.85899997
2019-06-06,1.85290003,1.89479995,1.81840003,1.88069999
2019-06-07,1.87870002,1.88880002,1.78480005,1.85339999
2019-06-10,1.90390003,1.90760005,1.87119997,1.90559995
2019-06-11,1.90760005,1.93980002,1.89320004,1.93169999
2019-06-12,1.92970002,1.92970002,1.87249994,1.88059998
2019-06-13,1.88269997,1.88680005,1.82149994,1.83969998
2019-06-14,1.83360004,1.87310004,1.79779994,1.84259999
2019-06-17,1.85080004,1.88300002,1.85080004,1.87479997
2019-06-18,1.8707,1.87479997,1.80700004,1.86829996
2019-06-19,1.86430001,1.90279996,1.7392,1.74329996
2019-06-20,1.74119997,1.79589999,1.69780004,1.78369999
2019-06-21,1.77540004,1.81099999,1.75349998,1.77190006
2019-06-24,1.77190006,1.7802,1.72210002,1.73440003
2019-06-25,1.73440003,1.76059997,1.70710003,1.73389995
2019-06-26,1.73590004,1.77900004,1.71889997,1.77100003
2019-06-27,1.77499998,1.80700004,1.74090004,1.74689996
2019-06-28,1.74689996,1.76090002,1.73689997,1.75689995
2019-07-01,1.801,1.80299997,1.75510001,1.78919995
2019-07-02,1.79120004,1.79120004,1.75320005,1.76530004
2019-07-03,1.76329994,1.76559997,1.72940004,1.76359999
2019-07-05,1.75759995,1.88559997,1.74749994,1.86740005
2019-07-08,1.87750006,1.89199996,1.83729994,1.89199996
2019-07-09,1.88800001,1.9188,1.8721,1.91069996
2019-07-10,1.9188,1.93139994,1.82159996,1.82969999
2019-07-11,1.82770002,1.86860001,1.7974,1.86660004
2019-07-12,1.86860001,1.87170005,1.83899999,1.84920001
2019-07-15,1.84510005,1.85769999,1.83099997,1.83309996
2019-07-16,1.83510005,1.87440002,1.82490003,1.85179996
2019-07-17,1.85389996,1.86029994,1.81309998,1.81519997
2019-07-18,1.81110001,1.84010005,1.75390005,1.75999999
2019-07-19,1.75590003,1.82650006,1.75590003,1.82239997
2019-07-22,1.83270001,1.84130001,1.80400002,1.81439996
2019-07-23,1.81649995,1.84360003,1.81649995,1.83940005
2019-07-24,1.83739996,1.83790004,1.80190003,1.81990004
2019-07-25,1.81990004,1.86800003,1.80190003,1.86800003
2019-07-26,1.86800003,1.88390005,1.85189998,1.85590005
2019-07-29,1.85389996,1.86189997,1.83990002,1.86189997
2019-07-30,1.85590005,1.86189997,1.83790004,1.84790003
2019-07-31,1.84790003,1.9102,1.80999994,1.87409997
2019-08-01,1.86810005,1.90219998,1.71800005,1.73599994
2019-08-02,1.75,1.75,1.69570005,1.71379995
2019-08-05,1.71580005,1.71780002,1.57529998,1.57529998
2019-08-06,1.57930005,1.62520003,1.52919996,1.58710003
2019-08-07,1.59710002,1.60899997,1.52260005,1.60899997
2019-08-08,1.60290003,1.64499998,1.58860004,1.62080002
2019-08-09,1.61679995,1.65059996,1.59200001,1.65059996
2019-08-12,1.64859998,1.64859998,1.57149994,1.58570004
2019-08-13,1.5776,1.67470002,1.5632,1.67060006
2019-08-14,1.66859996,1.67060006,1.56690001,1.57910001
2019-08-15,1.5812,1.58500004,1.46930003,1.47950006
2019-08-16,1.50179994,1.52919996,1.4734,1.48039997
2019-08-19,1.49059999,1.55139995,1.48650002,1.54929996
2019-08-20,1.55340004,1.55340004,1.49389994,1.51429999
2019-08-21,1.51030004,1.57739997,1.51030004,1.57739997
2019-08-22,1.57539999,1.61409998,1.54639995,1.61409998
2019-08-23,1.61210001,1.64240003,1.51059997,1.53530002
2019-08-26,1.45720005,1.55560005,1.45270002,1.54120004
2019-08-27,1.54320002,1.55120003,1.51610005,1.5244
2019-08-28,1.5244,1.528,1.49600005,1.50399995
2019-08-29,1.5,1.53989995,1.48399997,1.52400005
2019-08-30,1.52600002,1.54789996,1.50399995,1.50800002
2019-09-03,1.51390004,1.52600002,1.44000006,1.454
2019-09-04,1.454,1.47189999,1.42990005,1.4339
2019-09-05,1.43589997,1.56620002,1.43589997,1.53009999
2019-09-06,1.53410006,1.57050002,1.51199996,1.54429996
2019-09-09,1.53820002,1.5948,1.53419995,1.5948
2019-09-10,1.5948,1.68620002,1.58280003,1.68009996
2019-09-11,1.6882,1.6882,1.65600002,1.67620003
2019-09-12,1.67620003,1.72739995,1.62969995,1.72130001
2019-09-13,1.72529995,1.80610001,1.71519995,1.80400002
2019-09-16,1.80400002,1.80400002,1.7471,1.76339996
2019-09-17,1.75730002,1.76549995,1.72070003,1.72889996
2019-09-18,1.73099995,1.77240002,1.67379999,1.76619995
2019-09-19,1.76409996,1.77240002,1.72539997,1.74389994
2019-09-20,1.74389994,1.75320005,1.68509996,1.68920004
2019-09-23,1.68719995,1.72049999,1.6358,1.68529999
2019-09-24,1.68330002,1.68560004,1.60699999,1.62979996
2019-09-25,1.62769997,1.6875,1.6056,1.68350005
2019-09-26,1.68149996,1.68149996,1.63549995,1.65750003
2019-09-27,1.6595,1.68350005,1.62360001,1.63349998
2019-09-30,1.62759995,1.65769994,1.61969995,1.62370002
2019-10-01,1.6257,1.67589998,1.53789997,1.54789996
2019-10-02,1.54190004,1.55999994,1.47000003,1.48199999
2019-10-03,1.48199999,1.48399997,1.37810004,1.39209998
2019-10-04,1.39209998,1.43169999,1.3836,1.40359998
2019-10-07,1.38759995,1.4698,1.38160002,1.46580005
2019-10-08,1.46780002,1.49189997,1.41939998,1.42349994
2019-10-09,1.42750001,1.47570002,1.41139996,1.4677
2019-10-10,1.46969998,1.54639995,1.42739999,1.54639995
2019-10-11,1.54639995,1.63409996,1.51820004,1.59949994
2019-10-15,1.59539998,1.62820005,1.53849995,1.6221
2019-10-16,1.62409997,1.62409997,1.56920004,1.5855
2019-10-17,1.58959997,1.63880002,1.56920004,1.60399997
2019-10-18,1.59790003,1.61259997,1.55719995,1.57570004
2019-10-21,1.5675,1.62510002,1.5654,1.62310004
2019-10-22,1.62510002,1.62940001,1.59029996,1.59850001
2019-10-23,1.6006,1.6006,1.55180001,1.58570004
2019-10-24,1.58770001,1.59560001,1.55780005,1.57959998
2019-10-25,1.58169997,1.63950002,1.57169998,1.62160003
2019-10-28,1.62759995,1.66550004,1.62360001,1.64549994
2019-10-29,1.64750004,1.66149998,1.62759995,1.64549994
2019-10-30,1.6415,1.66550004,1.59959996,1.59959996
2019-10-31,1.60160005,1.62769997,1.51800001,1.52989995
2019-11-01,1.52590001,1.58000004,1.51800001,1.55400002
2019-11-04,1.55400002,1.59819996,1.55400002,1.5862
2019-11-05,1.58819997,1.64460003,1.58819997,1.62849998
2019-11-06,1.62249994,1.62650001,1.59249997,1.61259997
2019-11-07,1.6085,1.70560002,1.60049999,1.67330003
2019-11-08,1.67939997,1.6925,1.64789999,1.67830002
2019-11-12,1.67420006,1.69280005,1.65009999,1.66429996
2019-11-13,1.66229999,1.66859996,1.62580001,1.6401
2019-11-14,1.64619994,1.64619994,1.5812,1.59549999
2019-11-15,1.59140003,1.62039995,1.59140003,1.6142
2019-11-18,1.60599995,1.62870002,1.58570004,1.60210001
2019-11-19,1.60010004,1.6207,1.58780003,1.59809995
2019-11-20,1.60020006,1.60020006,1.5654,1.57980001
2019-11-21,1.58179998,1.60870004,1.54900002,1.60660005
2019-11-22,1.60870004,1.63390005,1.5905,1.62979996
2019-11-25,1.63390005,1.64649999,1.61129999,1.61759996
2019-11-26,1.61129999,1.61129999,1.57790005,1.58589995
2019-11-27,1.58990002,1.62989998,1.58589995,1.6279
2019-11-28,1.62590003,1.62590003,1.62590003,1.62590003
2019-11-29,1.6279,1.63390005,1.60189998,1.61179996
2019-12-02,1.61989999,1.64610004,1.602,1.60399997
2019-12-03,1.60399997,1.62020004,1.51800001,1.54200006
2019-12-04,1.54200006,1.5862,1.52600002,1.57809997
2019-12-05,1.57809997,1.60039997,1.57009995,1.59640002
2019-12-06,1.59230006,1.64119995,1.5826,1.61689997
2019-12-09,1.625,1.62720001,1.60689998,1.6171
2019-12-10,1.61909997,1.65569997,1.60099995,1.65369999
2019-12-11,1.65369999,1.65369999,1.61129999,1.61740005
2019-12-12,1.61539996,1.67439997,1.59519994,1.66219997
2019-12-13,1.66429996,1.69679999,1.59959996,1.60780001
2019-12-16,1.61800003,1.64470005,1.61389995,1.63039994
2019-12-17,1.62839997,1.63259995,1.62039995,1.62650001
2019-12-18,1.62450004,1.64709997,1.61849999,1.63279998
2019-12-19,1.63479996,1.65149999,1.61039996,1.63090003
2019-12-20,1.63090003,1.64590001,1.62479997,1.63150001
2019-12-23,1.64999998,1.65849996,1.62960005,1.65639997
2019-12-24,1.65020001,1.6688,1.625,1.62899995
2019-12-26,1.63300002,1.64690006,1.625,1.63689995
2019-12-27,1.63499999,1.63499999,1.58519995,1.58519995
2019-12-30,1.58519995,1.60899997,1.57120001,1.57120001
2019-12-31,1.57120001,1.58700001,1.56309998,1.57099998
2020-01-02,1.57099998,1.58899999,1.54700005,1.57099998
2020-01-03,1.57099998,1.57099998,1.51460004,1.53059995
2020-01-06,1.51660001,1.55859995,1.51460004,1.54659998
2020-01-07,1.54449999,1.55449998,1.53240001,1.54439998
2020-01-08,1.53840005,1.58459997,1.46010005,1.58459997
2020-01-09,1.58459997,1.6027,1.57249999,1.58249998
2020-01-10,1.58050001,1.59039998,1.56200004,1.57219994
2020-01-13,1.57009995,1.58829999,1.57009995,1.58829999
2020-01-14,1.58829999,1.59640002,1.56789994,1.57200003
2020-01-15,1.57000005,1.57809997,1.55569994,1.55569994
2020-01-16,1.55970001,1.57799995,1.55560005,1.56780005
2020-01-17,1.56570005,1.57560003,1.55110002,1.56130004
2020-01-21,1.56130004,1.56130004,1.52839994,1.53250003
2020-01-22,1.53250003,1.5467,1.52209997,1.53030002
2020-01-23,1.52830005,1.52830005,1.48710001,1.5158
2020-01-24,1.51380002,1.5359,1.47819996,1.49670005
2020-01-27,1.45140004,1.46350002,1.43050003,1.44500005
2020-01-28,1.44710004,1.46850002,1.40480006,1.46650004
2020-01-29,1.46850002,1.46850002,1.41279995,1.41670001
2020-01-30,1.41279995,1.42270005,1.3671,1.41670001
2020-01-31,1.41470003,1.41869998,1.31719995,1.31719995
2020-02-03,1.32910001,1.37899995,1.32309997,1.35699999
2020-02-04,1.35699999,1.42299998,1.35099995,1.41299999
2020-02-05,1.41499996,1.45510006,1.38699996,1.44509995
2020-02-06,1.44309998,1.46930003,1.43120003,1.44719994
2020-02-07,1.44920003,1.44920003,1.39909995,1.4052
2020-02-10,1.38699996,1.41530001,1.37090003,1.39709997
2020-02-11,1.38499999,1.425,1.381,1.425
2020-02-12,1.425,1.45,1.4153,1.446
2020-02-13,1.446,1.448,1.395,1.448
2020-02-14,1.448,1.448,1.414,1.43
2020-02-17,1.4238,1.4319,1.4238,1.4319
2020-02-18,1.4319,1.4319,1.393,1.416
2020-02-19,1.414,1.436,1.4075,1.426
2020-02-20,1.426,1.436,1.379,1.393
2020-02-21,1.391,1.397,1.322,1.358
2020-02-24,1.3502,1.3502,1.243,1.254
2020-02-25,1.254,1.297,1.182,1.229
2020-02-26,1.227,1.2681,1.137,1.171
2020-02-27,1.165,1.1727,1.038,1.066
2020-02-28,1.072,1.1012,0.854,0.923
2020-03-02,0.828,0.917,0.713,0.907
2020-03-03,0.895,0.905,0.628,0.705
2020-03-04,0.705,0.7287,0.614,0.7
2020-03-05,0.697,0.697,0.554,0.601
2020-03-06,0.601,0.601,0.4,0.514
2020-03-09,0.324,0.428,0.253,0.387
2020-03-10,0.389,0.55,0.389,0.546
2020-03-11,0.55,0.55,0.42,0.529
2020-03-12,0.527,0.545,0.364,0.481
2020-03-13,0.495,0.544,0.431,0.5
2020-03-16,0.292,0.394,0.272,0.368
2020-03-17,0.37,0.519,0.353,0.497
2020-03-18,0.515,0.56,0.418,0.542
2020-03-19,0.54,0.549,0.343,0.461
2020-03-20,0.459,0.459,0.293,0.321
2020-03-23,0.302,0.336,0.234,0.322
2020-03-24,0.324,0.408,0.295,0.376
2020-03-25,0.386,0.389,0.312,0.334
2020-03-26,0.334,0.34,0.265,0.304
2020-03-27,0.301,0.301,0.236,0.25
2020-03-30,0.24,0.275,0.22,0.23
2020-03-31,0.234,0.259,0.206,0.255
2020-04-01,0.253,0.253,0.212,0.212
2020-04-02,0.212,0.243,0.202,0.226
2020-04-03,0.229,0.245,0.205,0.239
2020-04-06,0.241,0.27,0.241,0.268
2020-04-07,0.268,0.304,0.264,0.266
2020-04-08,0.268,0.286,0.24,0.258
2020-04-09,0.254,0.259,0.21,0.233
2020-04-10,0.2235,0.2235,0.2235,0.2235
2020-04-13,0.225,0.253,0.223,0.249
2020-04-14,0.251,0.259,0.219,0.225
2020-04-15,0.225,0.225,0.191,0.201
2020-04-16,0.201,0.215,0.187,0.215
2020-04-17,0.211,0.238,0.192,0.208
2020-04-20,0.208,0.212,0.194,0.206
2020-04-21,0.204,0.211,0.185,0.205
2020-04-22,0.205,0.221,0.197,0.215
2020-04-23,0.215,0.227,0.209,0.223
2020-04-24,0.221,0.233,0.21,0.227
2020-04-27,0.224,0.243,0.216,0.226
2020-04-28,0.224,0.226,0.199,0.215
2020-04-29,0.215,0.217,0.194,0.205
2020-04-30,0.203,0.205,0.178,0.198
2020-05-01,0.198,0.206,0.184,0.196
2020-05-04,0.2038,0.206,0.18,0.186
2020-05-05,0.186,0.198,0.1802,0.19
2020-05-06,0.19,0.2,0.176,0.18
2020-05-07,0.18,0.186,0.129,0.141
2020-05-08,0.141,0.163,0.105,0.163
2020-05-11,0.163,0.183,0.141,0.177
2020-05-12,0.177,0.187,0.161,0.161
2020-05-13,0.163,0.169,0.147,0.163
2020-05-14,0.163,0.167,0.145,0.151
2020-05-15,0.149,0.157,0.137,0.149
2020-05-18,0.145,0.185,0.139,0.181
2020-05-19,0.175,0.183,0.165,0.167
2020-05-20,0.167,0.177,0.157,0.165
2020-05-21,0.167,0.173,0.159,0.169
2020-05-22,0.171,0.172,0.159,0.17
2020-05-25,0.1656,0.1656,0.1656,0.1656
2020-05-26,0.17,0.19,0.168,0.176
2020-05-27,0.174,0.188,0.16,0.186
2020-05-28,0.186,0.188,0.17,0.174
2020-05-29,0.168,0.17,0.156,0.164
2020-06-01,0.162,0.172,0.154,0.16
2020-06-02,0.16,0.172,0.156,0.166
2020-06-03,0.164,0.202,0.162,0.192
2020-06-04,0.194,0.204,0.186,0.198
2020-06-05,0.2,0.238,0.188,0.212
2020-06-08,0.212,0.232,0.204,0.226
2020-06-09,0.23,0.23,0.204,0.206
2020-06-10,0.206,0.21,0.171,0.171
2020-06-11,0.173,0.207,0.169,0.201
2020-06-12,0.201,0.209,0.183,0.195
2020-06-15,0.189,0.197,0.177,0.193
2020-06-16,0.195,0.205,0.187,0.203
2020-06-17,0.197,0.205,0.193,0.199
2020-06-18,0.201,0.201,0.189,0.197
2020-06-19,0.197,0.2,0.182,0.19
2020-06-22,0.19,0.196,0.184,0.194
2020-06-23,0.192,0.198,0.188,0.19
2020-06-24,0.192,0.195,0.186,0.19
2020-06-25,0.192,0.192,0.178,0.188
2020-06-26,0.186,0.188,0.164,0.168
2020-06-29,0.166,0.17,0.152,0.152
2020-06-30,0.15,0.156,0.145,0.154
2020-07-01,0.154,0.168,0.151,0.166
2020-07-02,0.166,0.172,0.1487,0.1487
2020-07-03,0.1566,0.1566,0.1487,0.1487
2020-07-06,0.157,0.165,0.155,0.159
2020-07-07,0.161,0.165,0.155,0.161
2020-07-08,0.163,0.167,0.155,0.163
2020-07-09,0.163,0.165,0.149,0.153
2020-07-10,0.153,0.157,0.137,0.157
2020-07-13,0.151,0.165,0.147,0.155
2020-07-14,0.157,0.161,0.147,0.161
2020-07-15,0.159,0.163,0.151,0.159
2020-07-16,0.157,0.161,0.145,0.149
2020-07-17,0.149,0.151,0.139,0.147
2020-07-20,0.147,0.151,0.141,0.149
2020-07-21,0.149,0.153,0.139,0.143
2020-07-22,0.141,0.153,0.137,0.153
2020-07-23,0.153,0.18,0.145,0.153
2020-07-24,0.155,0.158,0.145,0.149
2020-07-27,0.149,0.158,0.141,0.153
2020-07-28,0.153,0.154,0.141,0.143
2020-07-29,0.143,0.147,0.127,0.133
2020-07-30,0.131,0.133,0.117,0.121
2020-07-31,0.119,0.121,0.107,0.109
2020-08-03,0.109,0.115,0.107,0.113
2020-08-04,0.111,0.115,0.107,0.111
2020-08-05,0.111,0.121,0.109,0.119
2020-08-06,0.1171,0.119,0.109,0.117
2020-08-07,0.119,0.131,0.113,0.131
2020-08-10,0.125,0.133,0.119,0.131
2020-08-11,0.133,0.161,0.131,0.151
2020-08-12,0.153,0.163,0.147,0.163
2020-08-13,0.161,0.167,0.155,0.165
2020-08-14,0.167,0.167,0.145,0.149
2020-08-17,0.147,0.153,0.143,0.153
2020-08-18,0.151,0.155,0.143,0.145
2020-08-19,0.141,0.147,0.139,0.143
2020-08-20,0.141,0.145,0.133,0.143
2020-08-21,0.143,0.149,0.137,0.147
2020-08-24,0.145,0.157,0.143,0.155
2020-08-25,0.155,0.17,0.1493,0.153
2020-08-26,0.153,0.16,0.152,0.154
2020-08-27,0.152,0.162,0.139,0.158
2020-08-28,0.158,0.164,0.129,0.129
2020-08-31,0.131,0.137,0.129,0.135
2020-09-01,0.135,0.141,0.131,0.135
2020-09-02,0.135,0.141,0.131,0.135
2020-09-03,0.135,0.141,0.123,0.129
2020-09-04,0.127,0.153,0.127,0.149
2020-09-07,0.1487,0.1487,0.1408,0.1408
2020-09-08,0.141,0.145,0.135,0.145
2020-09-09,0.147,0.149,0.139,0.149
2020-09-10,0.147,0.151,0.139,0.141
2020-09-11,0.143,0.143,0.129,0.131
2020-09-14,0.133,0.139,0.129,0.139
2020-09-15,0.139,0.143,0.137,0.143
2020-09-16,0.143,0.143,0.133,0.139
2020-09-17,0.141,0.141,0.127,0.139
2020-09-18,0.137,0.143,0.131,0.143
2020-09-21,0.1411,0.149,0.133,0.141
2020-09-22,0.139,0.141,0.133,0.137
2020-09-23,0.1328,0.143,0.1328,0.141
2020-09-24,0.143,0.143,0.135,0.135
2020-09-25,0.137,0.137,0.125,0.131
2020-09-28,0.133,0.135,0.127,0.127
2020-09-29,0.127,0.131,0.125,0.125
2020-09-30,0.127,0.131,0.121,0.131
2020-10-01,0.131,0.139,0.127,0.129
2020-10-02,0.129,0.137,0.123,0.133
2020-10-05,0.135,0.151,0.129,0.151
2020-10-06,0.149,0.151,0.141,0.149
2020-10-07,0.147,0.159,0.147,0.155
2020-10-08,0.155,0.155,0.147,0.153
2020-10-09,0.153,0.157,0.147,0.157
2020-10-13,0.156879,0.156879,0.141,0.141
2020-10-14,0.139,0.145,0.139,0.143
2020-10-15,0.143,0.143,0.135,0.141
2020-10-16,0.141,0.147,0.135,0.145
2020-10-19,0.151,0.153,0.145,0.147
2020-10-20,0.147,0.151,0.145,0.145
2020-10-21,0.145,0.153,0.145,0.151
2020-10-22,0.151,0.157,0.147,0.157
2020-10-23,0.155,0.157,0.149,0.155
2020-10-26,0.155,0.155,0.147,0.153
2020-10-27,0.153,0.153,0.147,0.147
2020-10-28,0.149,0.152,0.145,0.15
2020-10-29,0.148,0.154,0.143,0.15
2020-10-30,0.152,0.156,0.147,0.156
2020-11-02,0.154,0.158,0.153,0.158
2020-11-03,0.162,0.174,0.16,0.172
2020-11-04,0.176,0.176,0.143,0.149
2020-11-05,0.147,0.157,0.143,0.151
2020-11-06,0.147,0.159,0.147,0.155
2020-11-09,0.155,0.189,0.149,0.177
2020-11-10,0.175,0.185,0.171,0.185
2020-11-11,0.185,0.185,0.185,0.185
2020-11-12,0.183,0.185,0.173,0.179
2020-11-13,0.179,0.183,0.175,0.183
2020-11-16,0.183,0.183,0.173,0.179
2020-11-17,0.179,0.181,0.173,0.173
2020-11-18,0.175,0.179,0.171,0.177
2020-11-19,0.173,0.175,0.165,0.165
2020-11-20,0.167,0.167,0.159,0.161
2020-11-23,0.165,0.165,0.159,0.163
2020-11-24,0.166,0.168,0.16,0.164
2020-11-25,0.164,0.166,0.156,0.162
2020-11-26,0.162,0.164143,0.156311,0.156311
2020-11-27,0.156311,0.156311,0.154,0.154
2020-11-30,0.154,0.158,0.147,0.15
2020-12-01,0.15,0.174,0.147,0.168
2020-12-02,0.17,0.17,0.16,0.162
2020-12-03,0.16,0.164,0.151,0.153
2020-12-04,0.153,0.161,0.151,0.153
2020-12-07,0.151,0.153,0.143,0.145
2020-12-08,0.145,0.153,0.141,0.153
2020-12-09,0.151,0.159,0.151,0.151
2020-12-10,0.151,0.151,0.139,0.141
2020-12-11,0.141,0.141,0.117,0.121
2020-12-14,0.125,0.129,0.115,0.117
2020-12-15,0.119,0.123,0.117,0.117
2020-12-16,0.117,0.129,0.117,0.119
2020-12-17,0.119,0.129,0.115,0.125
2020-12-18,0.123,0.123,0.119,0.123
2020-12-21,0.119,0.125,0.111,0.123
2020-12-22,0.123,0.123,0.117,0.119
2020-12-23,0.119,0.127,0.117,0.123
2020-12-24,0.123,0.123,0.119,0.123
2020-12-25,0.123,0.123,0.123,0.123
2020-12-28,0.123,0.133,0.119,0.125
2020-12-29,0.125,0.131,0.125,0.129
2020-12-30,0.129,0.133,0.125,0.125
2020-12-31,0.125,0.129,0.121,0.123
2021-01-01,0.123,0.123,0.123,0.123
2021-01-04,0.125,0.129,0.115,0.115
2021-01-05,0.117,0.123,0.113,0.123
2021-01-06,0.123,0.151,0.123,0.141
2021-01-07,0.141,0.145,0.139,0.141
2021-01-08,0.141,0.143,0.133,0.137
2021-01-11,0.137,0.149,0.129,0.149
2021-01-12,0.147,0.153,0.145,0.149
2021-01-13,0.145,0.153,0.143,0.147
2021-01-14,0.145,0.153,0.141,0.145
2021-01-15,0.143,0.147,0.135,0.135
2021-01-18,0.133035,0.133035,0.133035,0.133035
2021-01-19,0.133035,0.143,0.131,0.133
2021-01-20,0.131,0.137,0.129,0.129
2021-01-21,0.129,0.133,0.125,0.125
2021-01-22,0.125,0.127,0.121,0.125
2021-01-25,0.123,0.127,0.119,0.119
2021-01-26,0.121,0.125,0.121,0.123
2021-01-27,0.123,0.123,0.115,0.121
2021-01-28,0.123,0.123,0.119,0.119
2021-01-29,0.121,0.123,0.111,0.113
2021-02-01,0.113,0.113,0.107,0.113
2021-02-02,0.109,0.117,0.109,0.115
2021-02-03,0.113,0.121,0.113,0.119
2021-02-04,0.119,0.121,0.113,0.115
2021-02-05,0.113,0.115,0.105,0.105
2021-02-08,0.107,0.115,0.105,0.115
2021-02-09,0.115,0.119,0.111,0.119
2021-02-10,0.117,0.119,0.109,0.109
2021-02-11,0.111,0.115,0.107,0.111
2021-02-12,0.113,0.113,0.107,0.111
2021-02-15,0.109,0.133001,0.109,0.116999
2021-02-16,0.116999,0.123,0.113,0.123
2021-02-17,0.123,0.125,0.107,0.107
2021-02-18,0.107,0.113,0.105,0.109
2021-02-19,0.107,0.111,0.107,0.109
2021-02-22,0.111,0.115,0.107,0.113
2021-02-23,0.113,0.119,0.109,0.113
2021-02-24,0.115,0.131,0.111,0.125
2021-02-25,0.127,0.192,0.125,0.178
2021-02-26,0.178,0.182,0.125,0.133
2021-03-01,0.121,0.141,0.119,0.121
2021-03-02,0.121,0.131,0.117,0.123
2021-03-03,0.123,0.147,0.119,0.145
2021-03-04,0.143,0.149,0.135,0.147
2021-03-05,0.149,0.153,0.133,0.141
2021-03-10,0.163,0.171,0.153,0.157
2021-03-11,0.157,0.159,0.139,0.145
2021-03-12,0.145,0.163,0.141,0.149
2021-03-15,0.147,0.161,0.143,0.153
2021-03-16,0.155,0.1591,0.145,0.153
2021-03-17,0.153,0.1611,0.127,0.141
2021-03-18,0.139,0.1712,0.127,0.1551
2021-03-19,0.1571,0.1712,0.1371,0.1553
2021-03-22,0.1593,0.1593,0.1371,0.1533
2021-03-23,0.1513,0.1593,0.1412,0.1493
2021-03-24,0.1524,0.1544,0.1387,0.1426
2021-03-25,0.1485,0.1524,0.1328,0.1407
2021-03-26,0.1426,0.1446,0.127,0.1446
2021-03-29,0.1339,0.1485,0.1205,0.1446
2021-03-30,0.1426,0.1602,0.1295,0.1446
2021-03-31,0.1406,0.1662,0.1384,0.1518
2021-04-01,0.1518,0.1701,0.1385,0.1585
2021-04-05,0.1585,0.202,0.1585,0.1625
2021-04-06,0.1566,0.1744,0.1566,0.1645
2021-04-07,0.1566,0.1685,0.1448,0.1567
2021-04-08,0.1626,0.1626,0.1448,0.1488
2021-04-09,0.1508,0.1648,0.1428,0.1529
2021-04-12,0.1489,0.1728,0.1489,0.1728
2021-04-13,0.1708,0.1769,0.1509,0.1609
2021-04-14,0.1609,0.1749,0.155,0.167
2021-04-15,0.155,0.171,0.151,0.163
2021-04-16,0.161,0.171,0.155,0.1632
2021-04-19,0.1552,0.1673,0.1512,0.1612
2021-04-20,0.1632,0.1673,0.1472,0.1492
2021-04-21,0.1492,0.1573,0.1431,0.1532
2021-04-22,0.1512,0.1593,0.1432,0.1513
2021-04-23,0.1472,0.1656,0.1432,0.1636
2021-04-26,0.1555,0.1717,0.1555,0.1677
2021-04-27,0.1759,0.1837,0.1681,0.1837
2021-04-28,0.1739,0.1857,0.1602,0.17
2021-04-29,0.1622,0.1779,0.1602,0.1661
2021-04-30,0.1641,0.1739,0.1564,0.1643
2021-05-03,0.1344,0.1703,0.1344,0.1439
2021-05-04,0.1415,0.1703,0.125,0.1585
2021-05-05,0.1345,0.1684,0.125,0.1345
2021-05-06,0.1297,0.1625,0.1203,0.1546
2021-05-07,0.1369,0.1665,0.1107,0.1468
2021-05-10,0.1468,0.1568,0.1389,0.1548
2021-05-11,0.1548,0.1648,0.1468,0.1608
2021-05-12,0.1588,0.1748,0.1529,0.1708
2021-05-13,0.1549,0.1748,0.1529,0.1549
2021-05-14,0.1549,0.1649,0.147,0.147
2021-05-17,0.1511,0.1571,0.143,0.1551
2021-05-18,0.1471,0.1631,0.1471,0.1491
2021-05-19,0.1551,0.1612,0.1411,0.1612
2021-05-20,0.1592,0.1632,0.1451,0.1451
2021-05-21,0.1512,0.1594,0.1431,0.1553
2021-05-24,0.153,0.157,0.151,0.153
2021-05-25,0.151,0.155,0.143,0.143
2021-05-26,0.141,0.145,0.139,0.145
2021-05-27,0.148,0.152,0.145,0.145
2021-05-28,0.145,0.152,0.139,0.143
2021-05-31,0.140674,0.148513,0.140674,0.148513
2021-06-01,0.148513,0.151,0.145,0.147
2021-06-02,0.147,0.151,0.143,0.147
2021-06-03,0.149,0.16,0.147,0.16
2021-06-04,0.16,0.165,0.145,0.149
2021-06-07,0.153,0.157,0.151,0.157
2021-06-08,0.157,0.159,0.151,0.155
2021-06-09,0.155,0.159,0.147,0.157
2021-06-10,0.157,0.165,0.145,0.147
2021-06-11,0.147,0.153,0.145,0.149
2021-06-14,0.153,0.163,0.151,0.161
2021-06-15,0.163,0.167,0.157,0.163
2021-06-16,0.163,0.211,0.159,0.209
2021-06-17,0.207,0.217,0.199,0.213
2021-06-18,0.213,0.282,0.208,0.256
2021-06-21,0.266,0.279,0.248,0.258
2021-06-22,0.256,0.259,0.228,0.232
2021-06-23,0.23,0.27,0.23,0.264
2021-06-24,0.264,0.274,0.254,0.27
2021-06-25,0.27,0.274,0.258,0.268
2021-06-28,0.264,0.266,0.254,0.256
2021-06-29,0.256,0.262,0.252,0.252
2021-06-30,0.252,0.254,0.245,0.251
2021-07-01,0.253,0.257,0.251,0.257
2021-07-02,0.257,0.267,0.236,0.238
2021-07-05,0.235596,0.235596,0.219778,0.227686
2021-07-06,0.227686,0.242,0.216,0.222
2021-07-07,0.222,0.228,0.216,0.216
2021-07-08,0.218,0.22,0.19,0.196
2021-07-09,0.196,0.217,0.196,0.217
2021-07-12,0.213,0.237,0.207,0.229
2021-07-13,0.229,0.267,0.227,0.255
2021-07-14,0.255,0.259,0.225,0.227
2021-07-15,0.227,0.233,0.217,0.227
2021-07-16,0.229,0.246,0.221,0.226
2021-07-19,0.22,0.224,0.189,0.218
2021-07-20,0.218,0.22,0.189,0.202
2021-07-21,0.204,0.21,0.198,0.21
2021-07-22,0.21,0.228,0.2,0.202
2021-07-23,0.202,0.22,0.194,0.2
2021-07-26,0.2,0.204,0.192,0.198
2021-07-27,0.198,0.215,0.198,0.207
2021-07-28,0.207,0.225,0.199,0.203
2021-07-29,0.205,0.217,0.199,0.207
2021-07-30,0.203,0.206,0.188,0.188
2021-08-02,0.184,0.186,0.172,0.176
2021-08-03,0.176,0.182,0.168,0.172
2021-08-04,0.172,0.194,0.16,0.184
2021-08-05,0.182,0.208,0.182,0.202
2021-08-06,0.202,0.226,0.202,0.212
2021-08-09,0.212,0.224,0.2,0.222
2021-08-10,0.222,0.24,0.218,0.24
2021-08-11,0.242,0.246,0.215,0.221
2021-08-12,0.223,0.229,0.219,0.227
2021-08-13,0.227,0.229,0.209,0.209
2021-08-16,0.209,0.213,0.197,0.211
2021-08-17,0.213,0.217,0.199,0.217
2021-08-18,0.215,0.234,0.211,0.217
2021-08-19,0.217,0.224,0.203,0.222
2021-08-20,0.222,0.228,0.214,0.228
2021-08-23,0.228,0.236,0.224,0.228
2021-08-24,0.228,0.237,0.224,0.224
2021-08-25,0.224,0.25,0.224,0.241
2021-08-26,0.241,0.248,0.233,0.243
2021-08-27,0.243,0.246,0.215,0.217
2021-08-30,0.217,0.219,0.203,0.203
2021-08-31,0.203,0.211,0.198,0.211
2021-09-01,0.211,0.217,0.204,0.211
2021-09-02,0.211,0.213,0.206,0.208
2021-09-03,0.21,0.212,0.196,0.21
2021-09-06,0.204087,0.212004,0.204087,0.204087
2021-09-07,0.204087,0.222,0.204,0.222
2021-09-08,0.224,0.224,0.214,0.218
2021-09-09,0.22,0.222,0.212,0.214
2021-09-10,0.214,0.223,0.214,0.215
2021-09-13,0.217,0.223,0.211,0.215
2021-09-14,0.213,0.221,0.203,0.209
2021-09-15,0.209,0.215,0.207,0.213
2021-09-16,0.213,0.223,0.211,0.221
2021-09-17,0.223,0.232,0.22,0.226
2021-09-20,0.226,0.234,0.214,0.218
2021-09-21,0.218,0.222,0.21,0.218
2021-09-22,0.218,0.244,0.216,0.238
2021-09-23,0.238,0.263,0.238,0.263
2021-09-24,0.261,0.276,0.253,0.274
2021-09-27,0.27,0.29,0.268,0.28
2021-09-28,0.28,0.321,0.28,0.305
2021-09-29,0.305,0.309,0.291,0.291
2021-09-30,0.291,0.301,0.277,0.279
2021-10-01,0.277,0.284,0.264,0.266
2021-10-04,0.262,0.284,0.26,0.282
2021-10-05,0.282,0.29,0.278,0.288
2021-10-06,0.286,0.301,0.286,0.298
2021-10-07,0.298,0.309,0.298,0.307
2021-10-08,0.307,0.324,0.296,0.322
2021-10-11,0.321772,0.353712,0.321772,0.353712
2021-10-12,0.353712,0.36,0.336,0.342
2021-10-13,0.34,0.394,0.34,0.36
2021-10-14,0.358,0.368,0.342,0.362
2021-10-15,0.362,0.403,0.359,0.397
2021-10-18,0.415,0.448,0.405,0.427
2021-10-19,0.421,0.421,0.389,0.397
2021-10-20,0.395,0.414,0.373,0.387
2021-10-21,0.387,0.457,0.387,0.457
2021-10-22,0.455,0.492,0.441,0.455
2021-10-25,0.46,0.464,0.425,0.437
2021-10-26,0.435,0.46,0.435,0.446
2021-10-27,0.444,0.526,0.444,0.505
2021-10-28,0.503,0.564,0.469,0.491
2021-10-29,0.501,0.554,0.469,0.503
2021-11-01,0.521,0.527,0.497,0.501
2021-11-02,0.501,0.513,0.444,0.454
2021-11-03,0.456,0.513,0.444,0.472
2021-11-04,0.476,0.478,0.393,0.428
2021-11-05,0.426,0.456,0.389,0.405
2021-11-08,0.407,0.453,0.407,0.445
2021-11-09,0.445,0.447,0.407,0.423
2021-11-10,0.423,0.523,0.423,0.517
2021-11-11,0.517,0.550953,0.502889,0.542938
2021-11-12,0.542938,0.546,0.503,0.515
2021-11-15,0.518,0.542,0.502,0.52
2021-11-16,0.52,0.542,0.506,0.52
2021-11-17,0.522,0.532,0.496,0.502
2021-11-18,0.502,0.512,0.492,0.504
2021-11-19,0.504,0.517,0.446,0.511
2021-11-22,0.525,0.594,0.519,0.59
2021-11-23,0.59,0.646,0.59,0.618
2021-11-24,0.618,0.654,0.589,0.642
2021-11-25,0.644,0.657536,0.641755,0.649645
2021-11-26,0.649645,0.649645,0.488,0.508
2021-11-29,0.543,0.559,0.486,0.488
2021-11-30,0.496,0.573,0.441,0.571
2021-12-01,0.569,0.62,0.547,0.555
2021-12-02,0.555,0.63,0.551,0.619
2021-12-03,0.617,0.655,0.585,0.593
2021-12-06,0.615,0.637,0.603,0.633
2021-12-07,0.635,0.695,0.627,0.693
2021-12-08,0.691,0.713,0.667,0.683
2021-12-09,0.681,0.698,0.67,0.692
2021-12-10,0.692,0.731,0.636,0.656
2021-12-13,0.671,0.677,0.632,0.636
2021-12-14,0.638,0.667,0.632,0.657
2021-12-15,0.657,0.72,0.649,0.667
2021-12-16,0.667,0.686,0.615,0.619
2021-12-17,0.617,0.658,0.603,0.64
2021-12-20,0.624,0.638,0.587,0.636
2021-12-21,0.636,0.679,0.624,0.669
2021-12-22,0.669,0.683,0.659,0.667
2021-12-23,0.667,0.694,0.664,0.692
2021-12-24,0.692,0.692,0.68814,0.68814
2021-12-27,0.693,0.721,0.69,0.703
2021-12-28,0.703,0.756,0.703,0.754
2021-12-29,0.754,0.764,0.736,0.752
2021-12-30,0.752,0.752,0.726,0.728
2021-12-31,0.728,0.744,0.72,0.736
2022-01-03,0.766,0.802,0.758,0.772
2022-01-04,0.774,0.8,0.754,0.764
2022-01-05,0.764,0.834,0.756,0.832
2022-01-06,0.832,0.886,0.82,0.87
2022-01-07,0.87,0.908,0.86,0.864
2022-01-10,0.872,0.908,0.864,0.896
2022-01-11,0.898,0.945,0.884,0.889
2022-01-12,0.889,0.917,0.883,0.907
2022-01-13,0.927,0.929,0.889,0.897
2022-01-14,0.895,0.973,0.895,0.969
2022-01-17,0.968847,1.017646,0.968847,1.009509
2022-01-18,1.009509,1.059,1.002,1.047
2022-01-19,1.051,1.076,1.002,1.059
2022-01-20,1.057,1.07,1.023,1.029
2022-01-21,1.035,1.036,0.989,1.006
2022-01-24,1.037,1.039,0.948,0.975
2022-01-25,0.973,1.039,0.971,1.021
2022-01-26,1.019,1.164,1.011,1.156
2022-01-27,1.156,1.208,1.15,1.188
2022-01-28,1.19,1.228,1.158,1.164
2022-01-31,1.205,1.217,1.159,1.183
2022-02-01,1.177,1.211,1.139,1.169
2022-02-02,1.169,1.177,1.14,1.156
2022-02-03,1.158,1.214,1.132,1.2
2022-02-04,1.2,1.328,1.198,1.314
2022-02-07,1.321,1.331,1.288,1.294
2022-02-08,1.294,1.348,1.29,1.343
2022-02-09,1.345,1.362,1.316,1.358
2022-02-10,1.365,1.64,1.339,1.581
2022-02-11,1.587,1.631,1.467,1.5
2022-02-14,1.521,1.617,1.503,1.578
2022-02-15,1.581,1.61,1.555,1.575
2022-02-16,1.579,1.597,1.498,1.527
2022-02-17,1.523,1.527,1.466,1.481
2022-02-18,1.449,1.507,1.441,1.472
2022-02-21,1.473705,1.473705,1.44067,1.44067
2022-02-22,1.44067,1.566,1.429,1.555
2022-02-23,1.555,1.644,1.555,1.596
2022-02-24,1.578,1.588,1.462,1.586
2022-02-25,1.584,1.626,1.554,1.572
2022-02-28,1.5,1.512,1.416,1.436
2022-03-01,1.436,1.48,1.263,1.323
2022-03-02,1.376,1.534,1.277,1.518
2022-03-03,1.52,1.56,1.466,1.532
2022-03-04,1.532,1.544,1.412,1.482
2022-03-07,1.442,1.564,1.424,1.556
2022-03-08,1.556,1.641,1.552,1.603
2022-03-09,1.605,1.68,1.593,1.664
2022-03-10,1.672,1.733,1.65,1.7
2022-03-11,1.698,1.762,1.673,1.752
2022-03-14,1.802,1.867,1.781,1.865
2022-03-15,1.865,1.894,1.79,1.855
2022-03-16,1.855,2,1.833,1.942
2022-03-17,1.946,1.963,1.891,1.92
2022-03-18,1.926,1.969,1.893,1.942
2022-03-21,1.96,2.136,1.96,2.119
2022-03-22,2.119,2.2,2.117,2.168
2022-03-23,2.172,2.198,2.096,2.1
2022-03-24,2.1,2.17,2.098,2.141
2022-03-25,2.145,2.331,2.135,2.276
2022-03-28,2.283,2.414,2.275,2.332
2022-03-29,2.33,2.453,2.33,2.371
2022-03-30,2.369,2.377,2.294,2.312
2022-03-31,2.31,2.339,2.268,2.339
2022-04-01,2.339,2.469,2.335,2.462
2022-04-04,2.481,2.495,2.408,2.424
2022-04-05,2.424,2.532,2.402,2.518
2022-04-06,2.52,2.602,2.451,2.476
2022-04-07,2.473,2.484,2.411,2.464
2022-04-08,2.468,2.546,2.454,2.522
2022-04-11,2.555,2.592,2.483,2.508
2022-04-12,2.506,2.557,2.368,2.409
2022-04-13,2.412,2.445,2.274,2.354
2022-04-14,2.356,2.477,2.301,2.456
2022-04-15,2.456,2.456,2.456,2.456
2022-04-18,2.491,2.514,2.438,2.452
2022-04-19,2.452,2.612,2.432,2.596
2022-04-20,2.598,2.629,2.546,2.582
2022-04-21,2.582,2.73,2.575,2.688
2022-04-22,2.693,2.787,2.671,2.673
2022-04-25,2.655,2.674,2.525,2.63
2022-04-26,2.634,2.67,2.481,2.481
2022-04-27,2.479,2.609,2.475,2.593
2022-04-28,2.597,2.68,2.552,2.623
2022-04-29,2.621,2.755,2.613,2.721
2022-05-02,2.731,2.752,2.69,2.733
2022-05-03,2.733,2.786,2.701,2.784
2022-05-04,2.784,2.844,2.612,2.646
2022-05-05,2.646,2.74,2.636,2.712
2022-05-06,2.728,2.76,2.645,2.741
2022-05-09,2.745,2.756,2.575,2.596
2022-05-10,2.598,2.643,2.553,2.61
2022-05-11,2.616,2.857,2.574,2.647
2022-05-12,2.637,2.67,2.516,2.565
2022-05-13,2.567,2.634,2.567,2.582
2022-05-16,2.599,2.617,2.543,2.576
2022-05-17,2.574,2.715,2.574,2.711
2022-05-18,2.69,2.732,2.651,2.671
2022-05-19,2.674,2.686,2.582,2.611
2022-05-20,2.622,2.651,2.556,2.585
2022-05-23,2.616,2.643,2.591,2.625
2022-05-24,2.625,2.631,2.464,2.485
2022-05-25,2.481,2.538,2.468,2.498
2022-05-26,2.498,2.522,2.438,2.482
2022-05-27,2.482,2.5,2.452,2.484
2022-05-30,2.5,2.596813,2.5,2.572588
2022-05-31,2.572588,2.589,2.524,2.563
2022-06-01,2.561,2.676,2.561,2.648
2022-06-02,2.648,2.668,2.626,2.634
2022-06-03,2.638,2.689,2.63,2.659
2022-06-06,2.667,2.736,2.655,2.732
2022-06-07,2.734,2.759,2.696,2.733
2022-06-08,2.733,2.782,2.733,2.774
2022-06-09,2.776,2.842,2.77,2.815
2022-06-10,2.815,3.071,2.813,3.067
2022-06-13,3.137,3.417,3.124,3.36
2022-06-14,3.365,3.454,3.23,3.437
2022-06-15,3.405,3.441,3.195,3.197
2022-06-16,3.201,3.398,3.085,3.1
2022-06-17,3.097,3.214,3.084,3.185
2022-06-20,3.168012,3.243883,3.168012,3.235446
2022-06-21,3.235446,3.255,3.175,3.201
2022-06-22,3.194,3.216,3.037,3.062
2022-06-23,3.066,3.099,2.876,3.023
2022-06-24,3.023,3.091,2.951,3.07
2022-06-27,3.07,3.155,3.055,3.125
2022-06-28,3.128,3.154,3.081,3.114
2022-06-29,3.112,3.136,3.041,3.043
2022-06-30,3.041,3.055,2.921,2.957
2022-07-01,2.959,2.981,2.729,2.839
2022-07-04,2.845078,2.90203,2.845078,2.88575
2022-07-05,2.88575,2.965,2.776,2.824
2022-07-06,2.824,3.006,2.763,3.006
2022-07-07,3.01,3.061,2.957,3.018
2022-07-08,3.016,3.146,2.991,3.111
2022-07-11,3.123,3.13,3.014,3.078
2022-07-12,3.082,3.082,2.981,3.053
2022-07-13,3.059,3.215,3.031,3.159
2022-07-14,3.161,3.269,3.109,3.138
2022-07-15,3.138,3.187,3.058,3.128
2022-07-18,3.124,3.222,3.112,3.181
2022-07-19,3.185,3.246,3.139,3.244
2022-07-20,3.246,3.257,3.164,3.229
2022-07-21,3.227,3.276,3.081,3.089
2022-07-22,3.091,3.144,2.905,2.974
2022-07-25,3.01,3.041,2.98,3.018
2022-07-26,3.022,3.065,2.978,3.057
2022-07-27,3.057,3.108,2.964,2.99
2022-07-28,2.988,3.022,2.818,2.866
2022-07-29,2.868,2.959,2.826,2.888
2022-08-01,2.913,2.935,2.876,2.876
2022-08-02,2.874,3.085,2.819,3.053
2022-08-03,3.053,3.198,3.012,3.069
2022-08-04,3.069,3.12,3.012,3.047
2022-08-05,3.059,3.329,3.035,3.327
2022-08-08,3.263,3.265,3.191,3.212
2022-08-09,3.209,3.288,3.187,3.274
2022-08-10,3.274,3.33,3.08,3.216
2022-08-11,3.214,3.243,3.132,3.223
2022-08-12,3.223,3.267,3.172,3.253
2022-08-15,3.259,3.276,3.178,3.186
2022-08-16,3.193,3.274,3.17,3.268
2022-08-17,3.268,3.375,3.26,3.287
2022-08-18,3.293,3.327,3.202,3.206
2022-08-19,3.206,3.293,3.204,3.238
2022-08-22,3.272,3.348,3.247,3.316
2022-08-23,3.314,3.35,3.232,3.304
2022-08-24,3.302,3.407,3.283,3.393
2022-08-25,3.393,3.403,3.348,3.37
2022-08-26,3.38,3.45,3.344,3.403
2022-08-29,3.454,3.487,3.399,3.429
2022-08-30,3.429,3.497,3.395,3.448
2022-08-31,3.45,3.503,3.425,3.495
2022-09-01,3.495,3.551,3.469,3.508
2022-09-02,3.512,3.521,3.389,3.393
2022-09-05,3.397602,3.463471,3.397602,3.463471
2022-09-06,3.463471,3.513,3.425,3.507
2022-09-07,3.509,3.522,3.431,3.437
2022-09-08,3.435,3.514,3.404,3.508
2022-09-09,3.506,3.575,3.459,3.565
2022-09-12,3.561,3.586,3.517,3.574
2022-09-13,3.574,3.794,3.505,3.752
2022-09-14,3.758,3.834,3.736,3.792
2022-09-15,3.788,3.877,3.78,3.867
2022-09-16,3.867,3.924,3.846,3.873
2022-09-19,3.862,3.97,3.862,3.94
2022-09-20,3.942,3.992,3.932,3.969
2022-09-21,3.969,4.121,3.914,4.055
2022-09-22,4.053,4.161,4.048,4.127
2022-09-23,4.124,4.268,4.113,4.212
2022-09-26,4.258,4.36,4.211,4.356
2022-09-27,4.349,4.36,4.203,4.287
2022-09-28,4.291,4.314,4.08,4.135
2022-09-29,4.139,4.238,4.131,4.199
2022-09-30,4.194,4.287,4.136,4.283
2022-10-03,4.221,4.227,4.033,4.118
2022-10-04,4.115,4.118,3.998,4.097
2022-10-05,4.084,4.202,4.076,4.146
2022-10-06,4.14,4.262,4.131,4.262
2022-10-07,4.266,4.348,4.256,4.314
2022-10-10,4.307825,4.341292,4.307825,4.324555
2022-10-11,4.324555,4.354,4.266,4.308
2022-10-12,4.312,4.333,4.262,4.293
2022-10-13,4.291,4.535,4.262,4.466
2022-10-14,4.464,4.517,4.399,4.498
2022-10-17,4.488,4.492,4.403,4.447
2022-10-18,4.45,4.471,4.403,4.435
2022-10-19,4.433,4.565,4.431,4.561
2022-10-20,4.565,4.623,4.552,4.612
2022-10-21,4.612,4.639,4.451,4.479
2022-10-24,4.475,4.528,4.408,4.509
2022-10-25,4.509,4.509,4.398,4.483
2022-10-26,4.481,4.481,4.383,4.408
2022-10-27,4.41,4.462,4.27,4.28
2022-10-28,4.28,4.433,4.266,4.424
2022-10-31,4.451,4.52,4.443,4.487
2022-11-01,4.491,4.559,4.404,4.549
2022-11-02,4.549,4.634,4.439,4.622
2022-11-03,4.626,4.743,4.611,4.718
2022-11-04,4.718,4.881,4.644,4.663
2022-11-07,4.68,4.73,4.673,4.726
2022-11-08,4.724,4.741,4.651,4.653
2022-11-09,4.657,4.695,4.565,4.584
2022-11-10,4.582,4.631,4.292,4.338
2022-11-11,4.334,4.382494,4.315349,4.348908
2022-11-14,4.412,4.439,4.372,4.393
2022-11-15,4.397,4.408,4.323,4.345
2022-11-16,4.342,4.401,4.321,4.359
2022-11-17,4.357,4.486,4.349,4.458
2022-11-18,4.473,4.539,4.444,4.539
2022-11-21,4.52229977,4.567,4.495,4.563
2022-11-22,4.559,4.563,4.49,4.519
2022-11-23,4.519,4.568,4.469,4.488
2022-11-24,4.492,4.492,4.425755,4.425755
2022-11-25,4.425755,4.521,4.424,4.467
2022-11-28,4.459,4.486,4.424,4.444
2022-11-29,4.442,4.49,4.409,4.479
2022-11-30,4.477,4.55,4.314,4.314
2022-12-01,4.314,4.368,4.23,4.232
2022-12-02,4.232,4.408,4.181,4.276
2022-12-05,4.311,4.416,4.292,4.389
2022-12-06,4.392,4.41,4.341,4.371
2022-12-07,4.368,4.381,4.237,4.26
2022-12-08,4.264,4.326,4.26,4.312
2022-12-09,4.32,4.355,4.252,4.353
2022-12-12,4.359,4.409,4.319,4.382
2022-12-13,4.382,4.444,4.141,4.225
2022-12-14,4.222,4.316,4.161,4.214
2022-12-15,4.212,4.278,4.196,4.24
2022-12-16,4.243,4.3,4.157,4.185
2022-12-19,4.207,4.268,4.169,4.262
2022-12-20,4.26,4.312,4.245,4.259
2022-12-21,4.259,4.28,4.198,4.215
2022-12-22,4.219,4.282,4.191,4.274
2022-12-23,4.278,4.332,4.259,4.327
2022-12-27,4.329,4.443,4.329,4.381
2022-12-28,4.372,4.383,4.328,4.355
2022-12-29,4.353,4.384,4.339,4.367
2022-12-30,4.363,4.447,4.363,4.428
2023-01-02,4.407129,4.407129,4.407129,4.407129
2023-01-03,4.407129,4.461,4.343,4.374
2023-01-04,4.372,4.393,4.32,4.355
2023-01-05,4.358,4.495,4.355,4.46
2023-01-06,4.464,4.519,4.245,4.256
2023-01-09,4.279,4.293,4.185,4.212
2023-01-10,4.212,4.283,4.199,4.251
2023-01-11,4.256,4.266,4.207,4.22
2023-01-12,4.22,4.329,4.111,4.149
2023-01-13,4.157,4.243,4.11,4.238
2023-01-16,4.24056,4.248978,4.24056,4.248978
2023-01-17,4.248978,4.264,4.179,4.209
2023-01-18,4.213,4.215,4.074,4.087
2023-01-19,4.087,4.143,4.04,4.129
2023-01-20,4.131,4.202,4.126,4.174
2023-01-23,4.168,4.24,4.159,4.229
2023-01-24,4.232,4.255,4.195,4.212
2023-01-25,4.215,4.215,4.113,4.129
2023-01-26,4.133,4.222,4.125,4.183
2023-01-27,4.189,4.23,4.181,4.203
2023-01-30,4.22,4.271,4.197,4.238
2023-01-31,4.242,4.251,4.178,4.203
2023-02-01,4.205,4.263,4.086,4.113
2023-02-02,4.115,4.121,4.036,4.106
2023-02-03,4.108,4.316,4.069,4.291
2023-02-06,4.355,4.493,4.335,4.477
2023-02-07,4.474,4.481,4.387,4.469
2023-02-08,4.466,4.482,4.415,4.425
2023-02-09,4.425,4.514,4.409,4.486
2023-02-10,4.486,4.534,4.475,4.519
2023-02-13,4.517,4.56,4.505,4.522
2023-02-14,4.522,4.641,4.425,4.618
2023-02-15,4.622,4.701,4.591,4.633
2023-02-16,4.635,4.687,4.58,4.642
2023-02-17,4.642,4.718,4.615,4.623
2023-02-20,4.616946,4.659726,4.616946,4.651167
2023-02-21,4.651167,4.738,4.645,4.727
2023-02-22,4.729,4.729,4.656,4.697
2023-02-23,4.697,4.749,4.679,4.702
2023-02-24,4.704,4.841,4.679,4.82
2023-02-27,4.803,4.857,4.772,4.784
2023-02-28,4.787,4.835,4.782,4.82
2023-03-01,4.82,4.904,4.818,4.881
2023-03-02,4.878,4.944,4.875,4.891
2023-03-03,4.889,4.915,4.838,4.859
2023-03-06,4.859,4.901,4.825,4.888
2023-03-07,4.892,5.021,4.853,5.013
2023-03-08,5.013,5.085,4.973,5.076
2023-03-09,5.076,5.081,4.868,4.874
2023-03-10,4.874,4.874,4.578,4.593
2023-03-13,4.475,4.534,3.941,3.983
2023-03-14,3.979,4.397,3.83,4.259
2023-03-15,4.259,4.413,3.72,3.894
2023-03-16,3.898,4.214,3.822,4.163
2023-03-17,4.166,4.252,3.804,3.848
2023-03-20,3.964,4.027,3.637,3.983
2023-03-21,3.98,4.187,3.925,4.171
2023-03-22,4.175,4.259,3.918,3.941
2023-03-23,3.937,4.009,3.758,3.837
2023-03-24,3.841,3.857,3.555,3.775
2023-03-27,3.805,4.031,3.776,3.999
2023-03-28,3.999,4.089,3.895,4.089
2023-03-29,4.089,4.138,4.004,4.103
2023-03-30,4.105,4.161,4.035,4.124
2023-03-31,4.128,4.172,4.023,4.029
2023-04-03,4.096,4.139,3.966,3.972
2023-04-04,3.968,4.034,3.819,3.831
2023-04-05,3.836,3.897,3.646,3.79
2023-04-06,3.784,3.837,3.674,3.833
2023-04-07,3.841,3.993,3.823,3.993
2023-04-10,3.949,4.024,3.926,4.016
2023-04-11,4.014,4.081,3.964,4.025
2023-04-12,4.029,4.075,3.876,3.964
2023-04-13,3.96,3.996,3.893,3.972
2023-04-14,3.975,4.137,3.945,4.103
2023-04-17,4.125,4.207,4.099,4.198
2023-04-18,4.201,4.231,4.154,4.201
2023-04-19,4.199,4.286,4.199,4.25
2023-04-20,4.254,4.257,4.142,4.147
2023-04-21,4.151,4.203,4.094,4.188
2023-04-24,4.18,4.184,4.092,4.092
2023-04-25,4.103,4.107,3.903,3.957
2023-04-26,3.948,3.998,3.869,3.951
2023-04-27,3.951,4.109,3.926,4.074
2023-04-28,4.082,4.105,4.006,4.008
2023-05-01,4.05,4.163,4.04,4.145
2023-05-02,4.155,4.159,3.928,3.965
2023-05-03,3.97,4.017,3.807,3.807
2023-05-04,3.823,3.943,3.657,3.796
2023-05-05,3.792,3.945,3.788,3.92
2023-05-08,3.939,4.016,3.918,4.003
2023-05-09,4.001,4.068,3.966,4.026
2023-05-10,4.026,4.089,3.874,3.914
2023-05-11,3.92,3.939,3.81,3.901
2023-05-12,3.901,4.008,3.874,3.994
2023-05-15,3.996,4.031,3.964,4.015
2023-05-16,4.015,4.12,3.962,4.086
2023-05-17,4.09,4.177,4.057,4.16
2023-05-18,4.181,4.281,4.131,4.258
2023-05-19,4.26,4.349,4.198,4.27
2023-05-22,4.251,4.345,4.222,4.324
2023-05-23,4.322,4.406,4.314,4.327
2023-05-24,4.339,4.39,4.248,4.38
2023-05-25,4.382,4.537,4.367,4.537
2023-05-26,4.537,4.637,4.483,4.568
2023-05-29,4.572298,4.613801,4.572298,4.613801
2023-05-30,4.613801,4.613801,4.446,4.454
2023-05-31,4.452,4.463,4.365,4.407
2023-06-01,4.411,4.463,4.316,4.345
2023-06-02,4.345,4.528,4.333,4.505
2023-06-05,4.526,4.574,4.426,4.472
2023-06-06,4.472,4.543,4.437,4.481
2023-06-07,4.479,4.605,4.479,4.558
2023-06-08,4.558,4.592,4.475,4.519
2023-06-09,4.519,4.615,4.514,4.6
2023-06-12,4.609,4.63,4.56,4.581
2023-06-13,4.583,4.706,4.493,4.67
2023-06-14,4.67,4.803,4.605,4.69
2023-06-15,4.692,4.788,4.627,4.65
2023-06-16,4.652,4.78,4.648,4.718
2023-06-19,4.716209,4.767511,4.716209,4.758956
2023-06-20,4.758956,4.76,4.661,4.691
2023-06-21,4.695,4.752,4.683,4.722
2023-06-22,4.719,4.808,4.692,4.793
2023-06-23,4.795,4.808,4.696,4.748
2023-06-26,4.729,4.759,4.699,4.746
2023-06-27,4.744,4.772,4.654,4.758
2023-06-28,4.762,4.778,4.704,4.712
2023-06-29,4.716,4.893,4.71,4.866
2023-06-30,4.866,4.933,4.835,4.9
2023-07-03,4.913,4.961,4.848,4.938
2023-07-04,4.938,4.942095,4.908564,4.908564
2023-07-05,4.908564,4.957,4.882,4.949
2023-07-06,4.951,5.118,4.941,4.987
2023-07-07,4.985,5.03,4.752,4.95
2023-07-10,4.944,4.957,4.853,4.862
2023-07-11,4.866,4.902,4.826,4.879
2023-07-12,4.877,4.887,4.717,4.75
2023-07-13,4.757,4.757,4.607,4.641
2023-07-14,4.637,4.776,4.622,4.772
2023-07-17,4.753,4.785,4.708,4.745
2023-07-18,4.747,4.77,4.66,4.77
2023-07-19,4.764,4.783,4.696,4.768
2023-07-20,4.779,4.884,4.76,4.843
2023-07-21,4.845,4.872,4.818,4.85
2023-07-24,4.861,4.926,4.822,4.921
2023-07-25,4.921,4.926,4.839,4.879
2023-07-26,4.881,4.926,4.825,4.856
2023-07-27,4.858,4.953,4.814,4.933
2023-07-28,4.937,4.947,4.843,4.881
2023-07-31,4.893,4.914,4.843,4.879
2023-08-01,4.883,4.916,4.854,4.906
2023-08-02,4.908,4.939,4.85,4.883
2023-08-03,4.881,4.923,4.866,4.885
2023-08-04,4.883,4.953,4.764,4.77
2023-08-07,4.787,4.852,4.756,4.768
2023-08-08,4.77,4.785,4.718,4.756
2023-08-09,4.758,4.816,4.737,4.81
2023-08-10,4.81,4.852,4.73,4.844
2023-08-11,4.848,4.912,4.804,4.899
2023-08-14,4.916,4.975,4.886,4.973
2023-08-15,4.973,5.024,4.908,4.959
2023-08-16,4.963,4.989,4.899,4.969
2023-08-17,4.972,5.002,4.927,4.933
2023-08-18,4.929,4.951,4.9,4.949
2023-08-21,4.941,5.007,4.938,5.007
2023-08-22,5.005,5.052,4.984,5.05
2023-08-23,5.048,5.051,4.937,4.975
2023-08-24,4.971,5.027,4.963,5.025
2023-08-25,5.025,5.095,5.011,5.08
2023-08-28,5.093,5.106,5.039,5.054
2023-08-29,5.052,5.052,4.871,4.898
2023-08-30,4.898,4.932,4.836,4.886
2023-08-31,4.89,4.915,4.85,4.867
2023-09-01,4.867,4.891,4.76,4.881
2023-09-05,4.90560007,4.97020006,4.89499998,4.9618001
2023-09-06,4.95970011,5.035,4.934,5.022
2023-09-07,5.025,5.035,4.941,4.953
2023-09-08,4.955,4.995,4.919,4.995
2023-09-11,5.001,5.007,4.978,4.993
2023-09-12,4.993,5.026,4.984,5.024
2023-09-13,5.024,5.079,4.961,4.971
2023-09-14,4.973,5.035,4.952,5.016
2023-09-15,5.016,5.054,4.999,5.037
2023-09-18,5.035,5.079,5.035,5.058
2023-09-19,5.056,5.114,5.047,5.094
2023-09-20,5.092,5.178,5.05,5.178
2023-09-21,5.178,5.202,5.122,5.148
2023-09-22,5.148,5.148,5.08,5.114
2023-09-25,5.108,5.138,5.099,5.129
2023-09-26,5.129,5.157,5.114,5.125
2023-09-27,5.123,5.158,5.046,5.141
2023-09-28,5.141,5.16,5.056,5.06
2023-09-29,5.062,5.079,5.014,5.046
2023-10-02,5.092,5.123,5.079,5.106
2023-10-03,5.108,5.156,5.081,5.156
2023-10-04,5.154,5.18,5.043,5.054
2023-10-05,5.056,5.067,5.014,5.023
2023-10-06,5.025,5.151,5.024,5.085
2023-10-09,5.083376,5.083376,4.923481,4.931881
2023-10-10,4.931881,5.02,4.931881,4.974
2023-10-11,4.972,5.024,4.95,4.986
2023-10-12,4.991,5.086,4.978,5.073
2023-10-13,5.073,5.073,5.014,5.058
2023-10-16,5.075,5.103,5.05,5.101
2023-10-17,5.101,5.242,5.096,5.212
2023-10-18,5.216,5.244,5.171,5.225
2023-10-19,5.225,5.259,5.154,5.163
2023-10-20,5.159,5.17,5.062,5.077
2023-10-23,5.092,5.135,5.043,5.05
2023-10-24,5.054,5.133,5.047,5.116
2023-10-25,5.112,5.129,5.054,5.123
2023-10-26,5.127,5.148,5.023,5.044
2023-10-27,5.042,5.062,5.002,5.004
2023-10-30,5.033,5.071,5.021,5.054
2023-10-31,5.058,5.092,5.012,5.092
2023-11-01,5.092,5.094,4.933,4.948
2023-11-02,4.95,5,4.916,4.991
2023-11-03,4.996,5.00570011,4.809,4.841
2023-11-06,4.859,4.943,4.851,4.939
2023-11-07,4.941,4.957,4.888,4.92
2023-11-08,4.924,4.955,4.911,4.936
2023-11-09,4.936,5.041,4.921,5.022
2023-11-10,5.026,5.071,4.978,5.067
2023-11-13,5.064,5.081,5.024,5.037
2023-11-14,5.041,5.05,4.811,4.838
2023-11-15,4.838,4.937,4.825,4.914
2023-11-16,4.916,4.916,4.818,4.84
2023-11-17,4.842,4.917,4.798,4.89
2023-11-20,4.898,4.926,4.881,4.915
2023-11-21,4.915,4.919,4.864,4.877
2023-11-22,4.877,4.94,4.844,4.904
2023-11-23,4.906,4.906,4.897,4.903873
2023-11-24,4.903873,4.961,4.903873,4.955
2023-11-27,4.968,4.985,4.884,4.89
2023-11-28,4.89,4.89,4.732,4.738
2023-11-29,4.738,4.743,4.615,4.648
2023-11-30,4.648,4.73,4.618,4.684
2023-12-01,4.684,4.712,4.54,4.543
2023-12-04,4.588,4.668,4.583,4.635
2023-12-05,4.639,4.643,4.562,4.579
2023-12-06,4.579,4.624,4.576,4.595
2023-12-07,4.597,4.638,4.565,4.597
2023-12-08,4.597,4.74,4.592,4.723
2023-12-11,4.731,4.773,4.71,4.71
2023-12-12,4.714,4.75,4.638,4.733
2023-12-13,4.737,4.737,4.424,4.433
2023-12-14,4.431,4.433,4.282,4.39
2023-12-15,4.392,4.485,4.359,4.449
2023-12-18,4.448,4.465,4.408,4.448
2023-12-19,4.451,4.467,4.414,4.444
2023-12-20,4.444,4.444,4.333,4.335
2023-12-21,4.338,4.387,4.301,4.352
2023-12-22,4.349,4.376,4.315,4.327
2023-12-26,4.337,4.38,4.327,4.36
2023-12-27,4.36,4.36,4.231,4.244
2023-12-28,4.246,4.293,4.24,4.281
2023-12-29,4.279,4.314,4.244,4.25
2024-01-02,4.249872,4.353,4.249872,4.322
2024-01-03,4.324,4.382,4.314,4.333
2024-01-04,4.333,4.399,4.299,4.387
2024-01-05,4.387,4.494,4.316,4.383
2024-01-08,4.39319992,4.406,4.304,4.377
2024-01-09,4.381,4.394,4.354,4.366
2024-01-10,4.366,4.379,4.329,4.362
2024-01-11,4.364,4.394,4.245,4.247
2024-01-12,4.249,4.285,4.121,4.148
2024-01-16,4.148274,4.262,4.148274,4.226
2024-01-17,4.224,4.376,4.205,4.367
2024-01-18,4.363,4.382,4.312,4.355
2024-01-19,4.357,4.421,4.346,4.389
2024-01-22,4.397,4.417,4.366,4.393
2024-01-23,4.393,4.419,4.37,4.372
2024-01-24,4.376,4.388,4.287,4.384
2024-01-25,4.384,4.415,4.299,4.299
2024-01-26,4.297,4.37,4.281,4.355
2024-01-29,4.343,4.353,4.304,4.322
2024-01-30,4.32,4.388,4.295,4.339
2024-01-31,4.339,4.341,4.186,4.211
2024-02-01,4.211,4.26,4.134,4.209
2024-02-02,4.207,4.405,4.196,4.37
2024-02-05,4.424,4.483,4.41,4.474
2024-02-06,4.476,4.48,4.383,4.406
2024-02-07,4.408,4.433,4.364,4.431
2024-02-08,4.435,4.462,4.412,4.458
2024-02-09,4.462,4.499,4.425,4.486
2024-02-12,4.491,4.491,4.453,4.48
2024-02-13,4.486,4.673,4.449,4.66
2024-02-14,4.66,4.67,4.555,4.582
2024-02-15,4.582,4.587,4.502,4.576
2024-02-16,4.576,4.721,4.576,4.646
2024-02-20,4.647957,4.661,4.574,4.616
2024-02-21,4.614,4.675,4.583,4.67
2024-02-22,4.668,4.727,4.647,4.714
2024-02-23,4.718,4.759,4.672,4.694
2024-02-26,4.686,4.744,4.662,4.725
2024-02-27,4.731,4.731,4.668,4.697
2024-02-28,4.695,4.699,4.642,4.642
2024-02-29,4.642,4.704,4.608,4.621
2024-03-01,4.621,4.648,4.519,4.535
2024-03-04,4.55,4.614,4.546,4.606
2024-03-05,4.612,4.612,4.527,4.56
2024-03-06,4.564,4.57,4.51,4.556
2024-03-07,4.562,4.572,4.503,4.506
2024-03-08,4.503,4.563,4.413,4.478
2024-03-11,4.486,4.544,4.475,4.538
2024-03-12,4.54,4.616,4.515,4.588
2024-03-13,4.588,4.639,4.584,4.639
2024-03-14,4.639,4.7,4.622,4.7
2024-03-15,4.702,4.738,4.681,4.73
2024-03-18,4.73,4.751,4.709,4.734
2024-03-19,4.734,4.74,4.687,4.687
2024-03-20,4.689,4.787,4.6,4.604
2024-03-21,4.607,4.647,4.558,4.638
2024-03-22,4.638,4.643,4.587,4.591
2024-03-25,4.587,4.643,4.585,4.628
2024-03-26,4.625,4.63,4.572,4.595
2024-03-27,4.593,4.603,4.558,4.574
2024-03-28,4.574,4.637,4.568,4.628
2024-04-01,4.606,4.724,4.595,4.707
2024-04-02,4.707,4.733,4.687,4.691
2024-04-03,4.693,4.737,4.67,4.674
2024-04-04,4.679,4.7,4.635,4.65
2024-04-05,4.652,4.755,4.639,4.753
2024-04-08,4.761,4.795,4.757,4.793
2024-04-09,4.793,4.802,4.728,4.743
2024-04-10,4.745,4.986,4.72,4.977
2024-04-11,4.977,5.012,4.919,4.963
2024-04-12,4.967,4.967,4.86,4.901
2024-04-15,4.893,4.999,4.886,4.925
2024-04-16,4.925,5.011,4.915,4.989
2024-04-17,4.989,5.001,4.917,4.936
2024-04-18,4.939,4.995,4.911,4.988
2024-04-19,4.99,4.993,4.878,4.988
2024-04-22,5.004,5.01,4.952,4.976
2024-04-23,4.973,5,4.914,4.937
2024-04-24,4.933,4.952,4.91,4.929
2024-04-25,4.929,5.025,4.896,5
2024-04-26,5.002,5.01,4.968,5
2024-04-29,4.991,4.998,4.968,4.979
2024-04-30,4.979,5.046,4.966,5.037
2024-05-01,5.037,5.044,4.925,4.964
2024-05-02,4.962,4.975,4.875,4.875
2024-05-03,4.877,4.893,4.716,4.82
2024-05-06,4.805,4.837,4.782,4.833
2024-05-07,4.831,4.837,4.803,4.832
2024-05-08,4.83,4.845,4.822,4.841
2024-05-09,4.841,4.857,4.805,4.82
2024-05-10,4.82,4.872,4.811,4.87
2024-05-13,4.861,4.868,4.827,4.865
2024-05-14,4.868,4.897,4.817,4.817
2024-05-15,4.817,4.825,4.711,4.728
2024-05-16,4.724,4.8,4.704,4.797
2024-05-17,4.797,4.831,4.774,4.827
2024-05-20,4.822,4.852,4.812,4.852
2024-05-21,4.852,4.854,4.818,4.831
2024-05-22,4.833,4.882,4.828,4.873
2024-05-23,4.871,4.959,4.858,4.94
2024-05-24,4.942,4.959,4.918,4.946
2024-05-28,4.950416,4.981,4.903,4.979
2024-05-29,4.979,5.002,4.948,4.975
2024-05-30,4.975,4.985,4.923,4.929
2024-05-31,4.929,4.954,4.866,4.879
2024-06-03,4.879,4.887,4.812,4.812
2024-06-04,4.808,4.831,4.75,4.772
2024-06-05,4.77,4.795,4.722,4.722
2024-06-06,4.722,4.753,4.716,4.726
2024-06-07,4.73,4.891,4.726,4.889
2024-06-10,4.891,4.897,4.87,4.883
2024-06-11,4.885,4.885,4.826,4.84
2024-06-12,4.836,4.847,4.67,4.756
2024-06-13,4.752,4.771,4.667,4.701
2024-06-14,4.699,4.726,4.658,4.707
2024-06-17,4.717,4.77,4.704,4.77
2024-06-18,4.77,4.78,4.695,4.718
2024-06-20,4.712004,4.756,4.71,4.744
2024-06-21,4.741,4.747,4.696,4.736
2024-06-24,4.732,4.749,4.719,4.73
2024-06-25,4.728,4.755,4.717,4.747
2024-06-26,4.747,4.753,4.706,4.749
2024-06-27,4.751,4.764,4.699,4.712
2024-06-28,4.714,4.758,4.664,4.756
2024-07-01,4.749,4.795,4.729,4.76
2024-07-02,4.76,4.764,4.712,4.745
2024-07-03,4.743,4.777,4.67,4.708
2024-07-05,4.691263,4.756,4.599,4.608
2024-07-08,4.622,4.639,4.612,4.631
2024-07-09,4.633,4.654,4.62,4.631
2024-07-10,4.626,4.639,4.603,4.622
2024-07-11,4.622,4.641,4.49,4.519
2024-07-12,4.517,4.54,4.451,4.456
2024-07-15,4.474,4.476,4.42,4.46
2024-07-16,4.46,4.474,4.411,4.419
2024-07-17,4.415,4.478,4.415,4.442
2024-07-18,4.44,4.476,4.433,4.476
2024-07-19,4.471,4.517,4.456,4.517
2024-07-22,4.511,4.543,4.498,4.521
2024-07-23,4.521,4.523,4.483,4.493
2024-07-24,4.493,4.496,4.377,4.435
2024-07-25,4.433,4.451,4.34,4.435
2024-07-26,4.435,4.46,4.375,4.389
2024-07-29,4.379,4.404,4.361,4.404
2024-07-30,4.402,4.41,4.348,4.361
2024-07-31,4.363,4.398,4.257,4.26
2024-08-01,4.26,4.298,4.142,4.15
2024-08-02,4.154,4.156,3.845,3.886
2024-08-05,3.785,3.949,3.656,3.924
2024-08-06,3.928,4.027,3.902,3.981
2024-08-07,3.979,4.043,3.966,3.966
2024-08-08,3.962,4.084,3.916,4.042
2024-08-09,4.042,4.063,4.003,4.059
2024-08-12,4.055,4.094,4.005,4.019
2024-08-13,4.019,4.031,3.936,3.936
2024-08-14,3.934,4.081,3.918,3.962
2024-08-15,3.96,4.118,3.947,4.097
2024-08-16,4.097,4.108,4.027,4.054
2024-08-19,4.085,4.087,4.035,4.072
2024-08-20,4.068,4.074,3.988,3.988
2024-08-21,3.986,4.01,3.895,3.933
2024-08-22,3.937,4.025,3.921,4.01
2024-08-23,4.008,4.021,3.905,3.92
2024-08-26,3.885,3.94,3.877,3.938
2024-08-27,3.94,3.963,3.899,3.905
2024-08-28,3.903,3.905,3.848,3.871
2024-08-29,3.869,3.906,3.852,3.898
2024-08-30,3.895,3.935,3.891,3.921
2024-09-03,3.922718,3.941,3.853,3.865
2024-09-04,3.865,3.871,3.756,3.758
2024-09-05,3.766,3.793,3.713,3.746
2024-09-06,3.744,3.841,3.595,3.65
2024-09-09,3.667,3.71,3.656,3.671
2024-09-10,3.671,3.698,3.592,3.6
2024-09-11,3.6,3.693,3.552,3.646
2024-09-12,3.644,3.702,3.614,3.643
2024-09-13,3.641,3.648,3.562,3.584
2024-09-16,3.588,3.588,3.528,3.555
2024-09-17,3.553,3.617,3.542,3.607
2024-09-18,3.609,3.722,3.54,3.621
2024-09-19,3.623,3.659,3.573,3.586
2024-09-20,3.588,3.648,3.562,3.597
2024-09-23,3.603,3.624,3.563,3.591
2024-09-24,3.593,3.618,3.534,3.542
2024-09-25,3.54,3.563,3.508,3.559
2024-09-26,3.563,3.633,3.533,3.633
2024-09-27,3.633,3.641,3.559,3.563
2024-09-30,3.574,3.672,3.559,3.643
2024-10-01,3.643,3.647,3.572,3.608
2024-10-02,3.606,3.658,3.6,3.645
2024-10-03,3.645,3.716,3.637,3.707
2024-10-04,3.709,3.934,3.689,3.926
2024-10-07,3.958,4.026,3.933,3.999
2024-10-08,3.999,3.999,3.942,3.96
2024-10-09,3.96,4.028,3.942,4.026
2024-10-10,4.022,4.091,3.953,3.959
2024-10-11,3.959,3.989,3.932,3.96
2024-10-15,3.984843,3.984843,3.926,3.95
2024-10-16,3.948,3.957,3.921,3.942
2024-10-17,3.942,4.014,3.94,3.978
2024-10-18,3.976,3.986,3.944,3.95
2024-10-21,3.962,4.036,3.951,4.036
2024-10-22,4.034,4.06,4.013,4.037
2024-10-23,4.035,4.089,4.032,4.082
2024-10-24,4.08,4.085,4.034,4.083
2024-10-25,4.085,4.113,4.036,4.107
2024-10-28,4.144,4.161,4.097,4.144
2024-10-29,4.142,4.178,4.098,4.102
2024-10-30,4.098,4.187,4.074,4.187
2024-10-31,4.185,4.218,4.148,4.174
2024-11-01,4.174,4.245,4.067,4.212
2024-11-04,4.16,4.199,4.129,4.166
2024-11-05,4.166,4.241,4.16,4.183
2024-11-06,4.181,4.31,4.181,4.268
2024-11-07,4.266,4.281,4.193,4.204
2024-11-08,4.204,4.269,4.168,4.256
2024-11-12,4.291657,4.367,4.275,4.346
2024-11-13,4.349,4.376,4.246,4.29
2024-11-14,4.288,4.37,4.244,4.353
2024-11-15,4.351,4.379,4.269,4.307
2024-11-18,4.308,4.337,4.278,4.282
2024-11-19,4.28,4.287,4.21,4.282
2024-11-20,4.28,4.321,4.268,4.319
2024-11-21,4.31,4.357,4.285,4.351
2024-11-22,4.343,4.382,4.32,4.382
2024-11-25,4.341,4.365,4.266,4.273
2024-11-26,4.269,4.297,4.24,4.248
2024-11-27,4.252,4.256,4.194,4.231
2024-11-29,4.229,4.229,4.149,4.163
2024-12-02,4.188,4.235,4.169,4.186
2024-12-03,4.182,4.194,4.146,4.182
2024-12-04,4.186,4.21,4.115,4.13
2024-12-05,4.14,4.177,4.134,4.146
2024-12-06,4.15,4.227,4.079,4.098
2024-12-09,4.102,4.133,4.097,4.127
2024-12-10,4.124,4.17,4.114,4.145
2024-12-11,4.149,4.195,4.101,4.157
2024-12-12,4.151,4.201,4.132,4.199
2024-12-13,4.19,4.249,4.182,4.245
2024-12-16,4.238,4.257,4.222,4.253
2024-12-17,4.247,4.3,4.236,4.247
2024-12-18,4.238,4.365,4.211,4.359
2024-12-19,4.348,4.355,4.285,4.319
2024-12-20,4.317,4.319,4.251,4.319
2024-12-23,4.315,4.351,4.312,4.34
2024-12-24,4.334,4.359,4.33,4.33
2024-12-26,4.345,4.367,4.324,4.332
2024-12-27,4.334,4.343,4.306,4.33
2024-12-30,4.328,4.33,4.242,4.244
2024-12-31,4.266,4.266,4.217,4.242
2025-01-02,4.256,4.268,4.206,4.244
2025-01-03,4.233,4.287,4.229,4.283
2025-01-06,4.297,4.302,4.247,4.27
2025-01-07,4.279,4.32,4.258,4.289
2025-01-08,4.291,4.314,4.262,4.287
2025-01-09,4.281,4.287,4.254,4.266
2025-01-10,4.26,4.398,4.258,4.383
2025-01-13,4.415,4.424,4.381,4.392
2025-01-14,4.375,4.405,4.356,4.369
2025-01-15,4.371,4.371,4.257,4.266
2025-01-16,4.274,4.316,4.228,4.232
2025-01-17,4.24,4.291,4.223,4.283
2025-01-21,4.223,4.295,4.219,4.274
2025-01-22,4.289,4.304,4.261,4.302
2025-01-23,4.298,4.308,4.28,4.289
2025-01-24,4.28,4.285,4.242,4.263
2025-01-27,4.266,4.266,4.169,4.199
2025-01-28,4.218,4.23,4.195,4.197
2025-01-29,4.195,4.263,4.185,4.22
2025-01-30,4.226,4.226,4.191,4.213
2025-01-31,4.216,4.238,4.191,4.207
2025-02-03,4.268,4.28,4.207,4.251
2025-02-04,4.268,4.274,4.21,4.216
2025-02-05,4.228,4.228,4.164,4.189
2025-02-06,4.197,4.222,4.185,4.214
2025-02-07,4.216,4.296,4.185,4.291
2025-02-10,4.283,4.296,4.252,4.279
2025-02-11,4.281,4.3,4.275,4.29
2025-02-12,4.296,4.386,4.283,4.357
2025-02-13,4.353,4.364,4.3,4.309
2025-02-14,4.312,4.312,4.24,4.261
2025-02-18,4.263,4.31,4.259,4.306
2025-02-19,4.308,4.312,4.27,4.272
2025-02-20,4.272,4.274,4.251,4.27
2025-02-21,4.27,4.275,4.187,4.198
2025-02-24,4.224,4.226,4.164,4.173
2025-02-25,4.164,4.166,4.076,4.1
2025-02-26,4.09,4.133,4.065,4.074
2025-02-27,4.086,4.119,4.051,4.053
2025-02-28,4.047,4.071,3.985,3.987
2025-03-03,4.02,4.04,3.941,3.958
2025-03-04,3.929,3.993,3.844,3.984
2025-03-05,3.97,4.011,3.897,4.007
2025-03-06,4.021,4.044,3.918,3.963
2025-03-07,3.964,4.023,3.896,4
2025-03-10,3.964,3.989,3.883,3.889
2025-03-11,3.866,3.954,3.829,3.949
2025-03-12,3.937,4.005,3.916,3.989
2025-03-13,3.993,4.016,3.932,3.957
2025-03-14,3.958,4.025,3.958,4.021
2025-03-17,4.006,4.063,4.004,4.046
2025-03-18,4.05,4.063,4.025,4.044
2025-03-19,4.046,4.105,3.97,3.977
2025-03-20,3.976,3.993,3.919,3.966
2025-03-21,3.963,3.973,3.912,3.954
2025-03-24,3.975,4.043,3.973,4.041
2025-03-25,4.039,4.058,3.996,4.017
2025-03-26,4.01,4.025,3.994,4.019
2025-03-27,4.006,4.037,3.982,3.996
2025-03-28,3.996,4,3.904,3.912
2025-03-31,3.854,3.924,3.838,3.887
2025-04-01,3.889,3.893,3.844,3.875
2025-04-02,3.9,3.961,3.836,3.842
2025-04-03,3.795,3.823,3.686,3.696
2025-04-04,3.683,3.703,3.467,3.644
2025-04-07,3.467,3.86,3.446,3.788
2025-04-08,3.763,3.862,3.674,3.73
2025-04-09,3.725,4.037,3.659,3.914
2025-04-10,3.897,3.904,3.785,3.862
2025-04-11,3.843,3.975,3.797,3.975
2025-04-14,3.931,3.95,3.826,3.853
2025-04-15,3.855,3.883,3.811,3.851
2025-04-16,3.816,3.832,3.77,3.776
2025-04-17,3.79,3.819,3.76,3.8
2025-04-21,3.779,3.794,3.718,3.769
2025-04-22,3.766,3.827,3.76,3.821
2025-04-23,3.828,3.881,3.762,3.869
2025-04-24,3.854,3.854,3.787,3.793
2025-04-25,3.813,3.824,3.742,3.756
2025-04-28,3.762,3.783,3.678,3.689
2025-04-29,3.697,3.715,3.65,3.656
2025-04-30,3.654,3.676,3.591,3.613
2025-05-01,3.617,3.723,3.558,3.697
2025-05-02,3.692,3.845,3.686,3.822
2025-05-05,3.81,3.857,3.791,3.841
2025-05-06,3.836,3.853,3.781,3.785
2025-05-07,3.808,3.828,3.76,3.783
2025-05-08,3.785,3.907,3.779,3.88
2025-05-09,3.876,3.899,3.835,3.889
2025-05-12,3.931,4.021,3.91,4.012
2025-05-13,3.998,4.027,3.96,4.002
2025-05-14,4.009,4.063,3.986,4.059
2025-05-15,4.055,4.062,3.954,3.954
2025-05-16,3.961,4.01,3.921,3.993
2025-05-19,3.977,4.038,3.966,3.972
2025-05-20,3.981,3.998,3.956,3.97
2025-05-21,3.988,4.024,3.975,4.022
2025-05-22,4.013,4.018,3.975,3.99
2025-05-23,3.993,4,3.906,3.993
2025-05-27,3.989,4,3.962,3.977
2025-05-28,3.961,4.004,3.951,3.992
2025-05-29,4.033,4.05,3.934,3.939
2025-05-30,3.947,3.951,3.893,3.9
2025-06-02,3.904,3.947,3.895,3.939
2025-06-03,3.937,3.972,3.916,3.957
2025-06-04,3.947,3.97,3.858,3.869
2025-06-05,3.875,3.935,3.835,3.92
2025-06-06,3.918,4.045,3.908,4.037
2025-06-09,4.026,4.035,3.993,4.005
2025-06-10,4.01,4.024,3.983,4.024
2025-06-11,4.014,4.05,3.939,3.951
2025-06-12,3.941,3.952,3.876,3.912
2025-06-13,3.874,3.979,3.866,3.95
2025-06-16,3.964,3.994,3.941,3.973
2025-06-17,3.948,3.977,3.914,3.946
2025-06-18,3.952,3.96,3.895,3.939
2025-06-20,3.929,3.967,3.893,3.906
2025-06-23,3.92,3.933,3.81,3.863
2025-06-24,3.861,3.867,3.806,3.821
2025-06-25,3.791,3.818,3.768,3.781
2025-06-26,3.764,3.773,3.709,3.719
2025-06-27,3.736,3.764,3.721,3.746
2025-06-30,3.738,3.75,3.713,3.727
2025-07-01,3.723,3.787,3.697,3.772
2025-07-02,3.772,3.803,3.748,3.791
2025-07-03,3.77,3.915,3.754,3.886
2025-07-07,3.855,3.905,3.853,3.897
2025-07-08,3.893,3.92,3.886,3.897
2025-07-09,3.899,3.909,3.847,3.849
2025-07-10,3.851,3.889,3.839,3.872
2025-07-11,3.875,3.914,3.862,3.893
2025-07-14,3.883,3.91,3.877,3.904
2025-07-15,3.9,3.963,3.887,3.954
2025-07-16,3.951,3.959,3.86,3.894
2025-07-17,3.898,3.944,3.886,3.907
2025-07-18,3.892,3.903,3.859,3.869
2025-07-21,3.878,3.888,3.84,3.861
2025-07-22,3.859,3.874,3.823,3.833
2025-07-23,3.844,3.891,3.838,3.884
2025-07-24,3.882,3.933,3.882,3.916
2025-07-25,3.915,3.934,3.91,3.921
2025-07-28,3.936,3.94,3.908,3.93
2025-07-29,3.914,3.928,3.867,3.869
2025-07-30,3.871,3.947,3.863,3.943
2025-07-31,3.949,3.963,3.916,3.961
2025-08-01,3.955,3.999,3.667,3.68
2025-08-04,3.679,3.731,3.665,3.679
2025-08-05,3.671,3.73,3.671,3.726
2025-08-06,3.724,3.745,3.697,3.714
2025-08-07,3.716,3.744,3.703,3.724
2025-08-08,3.733,3.767,3.727,3.762
2025-08-11,3.756,3.773,3.746,3.766
2025-08-12,3.772,3.806,3.71,3.733
2025-08-13,3.741,3.745,3.668,3.679
2025-08-14,3.676,3.747,3.655,3.735
2025-08-15,3.728,3.761,3.711,3.755
2025-08-18,3.755,3.778,3.738,3.769
2025-08-19,3.763,3.775,3.74,3.754
2025-08-20,3.756,3.765,3.714,3.752
2025-08-21,3.75,3.807,3.746,3.79
2025-08-22,3.783,3.806,3.675,3.698
2025-08-25,3.711,3.738,3.707,3.724
2025-08-26,3.698,3.719,3.675,3.683
2025-08-27,3.656,3.668,3.611,3.615
2025-08-28,3.621,3.65,3.613,3.633
2025-08-29,3.639,3.645,3.606,3.621
2025-09-02,3.637,3.676,3.631,3.641
2025-09-03,3.649,3.662,3.602,3.619
2025-09-04,3.617,3.621,3.586,3.592
2025-09-05,3.583,3.594,3.466,3.509
2025-09-08,3.523,3.53,3.482,3.49
2025-09-09,3.49,3.575,3.486,3.556
2025-09-10,3.56,3.56,3.517,3.544
2025-09-11,3.548,3.585,3.475,3.544
2025-09-12,3.543,3.576,3.539,3.562
2025-09-15,3.572,3.572,3.526,3.537
2025-09-16,3.537,3.578,3.503,3.51
2025-09-17,3.503,3.582,3.468,3.553
2025-09-18,3.545,3.589,3.522,3.572
2025-09-19,3.567,3.59,3.561,3.574
2025-09-22,3.58,3.609,3.565,3.605
2025-09-23,3.601,3.609,3.582,3.588
2025-09-24,3.561,3.614,3.559,3.606
2025-09-25,3.598,3.67,3.598,3.661
2025-09-26,3.659,3.67,3.639,3.643
2025-09-29,3.635,3.647,3.62,3.625
2025-09-30,3.625,3.625,3.59,3.617
2025-10-01,3.615,3.619,3.535,3.535
2025-10-02,3.531,3.574,3.531,3.541
2025-10-03,3.545,3.58,3.541,3.576
2025-10-06,3.58,3.601,3.572,3.592
2025-10-07,3.59,3.605,3.564,3.57
2025-10-08,3.57,3.595,3.56,3.584
2025-10-09,3.578,3.603,3.576,3.599
2025-10-10,3.591,3.593,3.504,3.531
2025-10-14,3.51,3.518,3.466,3.485
2025-10-15,3.481,3.512,3.466,3.497
2025-10-16,3.495,3.516,3.416,3.422
2025-10-17,3.405,3.47,3.376,3.464
2025-10-20,3.466,3.48,3.453,3.459
2025-10-21,3.461,3.47,3.438,3.455
2025-10-22,3.455,3.468,3.438,3.447
2025-10-23,3.446,3.497,3.438,3.493
2025-10-24,3.488,3.51,3.44,3.484
2025-10-27,3.501,3.518,3.49,3.497
2025-10-28,3.49,3.516,3.482,3.49
2025-10-29,3.488,3.612,3.488,3.596
2025-10-30,3.602,3.633,3.58,3.61
2025-10-31,3.604,3.619,3.574,3.58
2025-11-03,3.588,3.613,3.578,3.605
2025-11-04,3.607,3.609,3.568,3.576
2025-11-05,3.574,3.636,3.549,3.634
2025-11-06,3.625,3.628,3.547,3.557
2025-11-07,3.564,3.58,3.531,3.56
2025-11-10,3.591,3.605,3.572,3.595
2025-11-12,3.558,3.578,3.551,3.566
2025-11-13,3.57,3.606,3.564,3.589
2025-11-14,3.597,3.618,3.543,3.608
2025-11-17,3.606,3.619,3.591,3.612
2025-11-18,3.612,3.612,3.545,3.577
2025-11-19,3.575,3.6,3.556,3.594
2025-11-20,3.606,3.64,3.533,3.537
2025-11-21,3.548,3.558,3.484,3.505
2025-11-24,3.516,3.533,3.499,3.501
2025-11-25,3.487,3.51,3.454,3.457
2025-11-26,3.471,3.503,3.461,3.477
2025-11-28,3.491,3.516,3.461,3.497
2025-12-01,3.5,3.541,3.481,3.532
2025-12-02,3.533,3.551,3.51,3.512
2025-12-03,3.508,3.508,3.471,3.486
2025-12-04,3.494,3.537,3.492,3.525
2025-12-05,3.523,3.569,3.517,3.564
2025-12-08,3.558,3.61,3.554,3.579
2025-12-09,3.577,3.619,3.565,3.615
2025-12-10,3.617,3.627,3.532,3.542
2025-12-11,3.526,3.545,3.501,3.538
2025-12-12,3.528,3.551,3.52,3.524
2025-12-15,3.52,3.522,3.489,3.508
2025-12-16,3.5,3.512,3.458,3.489
2025-12-17,3.495,3.512,3.483,3.485
2025-12-18,3.473,3.485,3.435,3.464
2025-12-19,3.469,3.494,3.464,3.485
2025-12-22,3.49,3.513,3.488,3.507
2025-12-23,3.501,3.559,3.491,3.534
2025-12-24,3.53,3.54,3.506,3.51
2025-12-26,3.503,3.514,3.473,3.481
2025-12-29,3.485,3.491,3.457,3.457
2025-12-30,3.452,3.469,3.444,3.452
2025-12-31,3.457,3.479,3.438,3.475
2026-01-02,3.492,3.496,3.463,3.475
2026-01-05,3.482,3.482,3.447,3.453
2026-01-06,3.459,3.488,3.453,3.465
2026-01-07,3.467,3.48,3.447,3.472
2026-01-08,3.478,3.498,3.453,3.486
2026-01-09,3.491,3.542,3.488,3.538
2026-01-12,3.534,3.551,3.518,3.539
2026-01-13,3.535,3.566,3.501,3.53
2026-01-14,3.528,3.535,3.506,3.514
2026-01-15,3.516,3.568,3.512,3.568
2026-01-16,3.563,3.611,3.557,3.594
2026-01-20,3.591,3.612,3.572,3.599
2026-01-21,3.589,3.599,3.57,3.591
2026-01-22,3.587,3.623,3.587,3.612
2026-01-23,3.613,3.619,3.596,3.598
2026-01-26,3.596,3.607,3.582,3.592
2026-01-27,3.593,3.602,3.565,3.575
2026-01-28,3.569,3.598,3.563,3.571
2026-01-29,3.567,3.586,3.545,3.559
2026-01-30,3.561,3.58,3.524,3.524
2026-02-02,3.524,3.578,3.5,3.574
2026-02-03,3.568,3.592,3.561,3.572
2026-02-04,3.57,3.586,3.551,3.555
2026-02-05,3.559,3.564,3.452,3.461
2026-02-06,3.436,3.512,3.427,3.495
2026-02-09,3.504,3.522,3.479,3.487
2026-02-10,3.483,3.487,3.446,3.452
2026-02-11,3.45,3.549,3.446,3.512
2026-02-12,3.514,3.516,3.454,3.458
2026-02-13,3.46,3.481,3.401,3.41
2026-02-17,3.412,3.445,3.385,3.439
2026-02-18,3.439,3.468,3.434,3.466
2026-02-19,3.462,3.487,3.455,3.464
2026-02-20,3.465,3.497,3.449,3.482
2026-02-23,3.476,3.535,3.436,3.44
2026-02-24,3.448,3.472,3.446,3.465
2026-02-25,3.448,3.481,3.448,3.477
2026-02-26,3.467,3.479,3.432,3.434
2026-02-27,3.422,3.426,3.375,3.383
2026-03-02,3.377,3.5,3.365,3.477
2026-03-03,3.473,3.599,3.469,3.514
2026-03-04,3.519,3.554,3.498,3.549
2026-03-05,3.548,3.597,3.548,3.583
2026-03-06,3.579,3.631,3.519,3.556
2026-03-09,3.627,3.635,3.538,3.55
2026-03-10,3.559,3.594,3.532,3.592
2026-03-11,3.584,3.657,3.572,3.653
2026-03-12,3.686,3.766,3.638,3.739
2026-03-13,3.732,3.761,3.688,3.729
2026-03-16,3.705,3.715,3.669,3.673
2026-03-17,3.68,3.695,3.655,3.678
2026-03-18,3.682,3.79,3.655,3.779
2026-03-19,3.782,3.957,3.759,3.795
2026-03-20,3.836,3.941,3.796,3.907
2026-03-23,3.926,4.016,3.792,3.856
2026-03-24,3.848,3.963,3.848,3.904
2026-03-25,3.875,3.906,3.852,3.887
2026-03-26,3.9,4,3.895,3.982
2026-03-27,3.971,4.027,3.9,3.914
2026-03-30,3.889,3.898,3.807,3.836
2026-03-31,3.836,3.84,3.756,3.791
2026-04-01,3.776,3.817,3.735,3.805
2026-04-02,3.805,3.866,3.778,3.805
2026-04-06,3.856,3.875,3.837,3.85
2026-04-07,3.854,3.877,3.792,3.8
2026-04-08,3.734,3.769,3.713,3.765