date,commodity_code,commodity_name,warehouse_stock_tonnes
2008-10-06,CU,Copper,7526
2008-10-07,CU,Copper,7526
2008-10-08,CU,Copper,8126
2008-10-09,CU,Copper,8452
2008-10-10,CU,Copper,8825
2008-10-13,CU,Copper,8825
2008-10-14,CU,Copper,9525
2008-10-15,CU,Copper,11512
2008-10-16,CU,Copper,15902
2008-10-17,CU,Copper,16903
2008-10-20,CU,Copper,15952
2008-10-21,CU,Copper,14119
2008-10-22,CU,Copper,13546
2008-10-23,CU,Copper,13540
2008-10-24,CU,Copper,13416
2008-10-27,CU,Copper,12592
2008-10-28,CU,Copper,12567
2008-10-29,CU,Copper,12392
2008-10-30,CU,Copper,11917
2008-10-31,CU,Copper,11496
2008-11-03,CU,Copper,11219
2008-11-04,CU,Copper,11095
2008-11-05,CU,Copper,10821
2008-11-06,CU,Copper,10721
2008-11-07,CU,Copper,10372
2008-11-10,CU,Copper,10272
2008-11-11,CU,Copper,10272
2008-11-12,CU,Copper,10524
2008-11-13,CU,Copper,10374
2008-11-14,CU,Copper,10200
2008-11-17,CU,Copper,13365
2008-11-18,CU,Copper,14613
2008-11-19,CU,Copper,14413
2008-11-20,CU,Copper,13264
2008-11-21,CU,Copper,11220
2008-11-24,CU,Copper,8949
2008-11-25,CU,Copper,8978
2008-11-26,CU,Copper,8828
2008-11-27,CU,Copper,8628
2008-11-28,CU,Copper,8354
2008-12-01,CU,Copper,8178
2008-12-02,CU,Copper,8028
2008-12-03,CU,Copper,7877
2008-12-04,CU,Copper,7627
2008-12-05,CU,Copper,7551
2008-12-08,CU,Copper,7526
2008-12-09,CU,Copper,7426
2008-12-10,CU,Copper,7578
2008-12-11,CU,Copper,7730
2008-12-12,CU,Copper,7730
2008-12-15,CU,Copper,9255
2008-12-16,CU,Copper,13083
2008-12-17,CU,Copper,13257
2008-12-18,CU,Copper,10830
2008-12-19,CU,Copper,9602
2008-12-22,CU,Copper,9478
2008-12-23,CU,Copper,9354
2008-12-24,CU,Copper,9154
2008-12-25,CU,Copper,8980
2008-12-26,CU,Copper,8804
2008-12-29,CU,Copper,8527
2008-12-30,CU,Copper,8329
2008-12-31,CU,Copper,8279
2009-01-05,CU,Copper,8254
2009-01-06,CU,Copper,8128
2009-01-07,CU,Copper,8127
2009-01-08,CU,Copper,8027
2009-01-09,CU,Copper,7953
2009-01-12,CU,Copper,7703
2009-01-13,CU,Copper,7653
2009-01-14,CU,Copper,7403
2009-01-15,CU,Copper,7956
2009-01-16,CU,Copper,12306
2009-01-19,CU,Copper,12306
2009-01-20,CU,Copper,10206
2009-01-21,CU,Copper,9078
2009-01-22,CU,Copper,8526
2009-01-23,CU,Copper,8526
2009-02-02,CU,Copper,7654
2009-02-03,CU,Copper,7654
2009-02-04,CU,Copper,7478
2009-02-05,CU,Copper,8577
2009-02-06,CU,Copper,8577
2009-02-09,CU,Copper,8577
2009-02-10,CU,Copper,8377
2009-02-11,CU,Copper,9329
2009-02-12,CU,Copper,9430
2009-02-13,CU,Copper,9430
2009-02-16,CU,Copper,13072
2009-02-17,CU,Copper,17673
2009-02-18,CU,Copper,17877
2009-02-19,CU,Copper,14950
2009-02-20,CU,Copper,12698
2009-02-23,CU,Copper,11650
2009-02-24,CU,Copper,11174
2009-02-25,CU,Copper,10950
2009-02-26,CU,Copper,10925
2009-02-27,CU,Copper,10925
2009-03-02,CU,Copper,10901
2009-03-03,CU,Copper,11002
2009-03-04,CU,Copper,11002
2009-03-05,CU,Copper,11002
2009-03-06,CU,Copper,11002
2009-03-09,CU,Copper,11002
2009-03-10,CU,Copper,11002
2009-03-11,CU,Copper,10977
2009-03-12,CU,Copper,11677
2009-03-13,CU,Copper,11677
2009-03-16,CU,Copper,13154
2009-03-17,CU,Copper,14655
2009-03-18,CU,Copper,14605
2009-03-19,CU,Copper,12102
2009-03-20,CU,Copper,10650
2009-03-23,CU,Copper,8802
2009-03-24,CU,Copper,8226
2009-03-25,CU,Copper,8076
2009-03-26,CU,Copper,8076
2009-03-27,CU,Copper,8076
2009-03-30,CU,Copper,8076
2009-03-31,CU,Copper,8076
2009-04-01,CU,Copper,7328
2009-04-02,CU,Copper,7303
2009-04-03,CU,Copper,6829
2009-04-07,CU,Copper,6904
2009-04-08,CU,Copper,6904
2009-04-09,CU,Copper,6829
2009-04-10,CU,Copper,6679
2009-04-13,CU,Copper,5954
2009-04-14,CU,Copper,6357
2009-04-15,CU,Copper,6305
2009-04-16,CU,Copper,11953
2009-04-17,CU,Copper,11953
2009-04-20,CU,Copper,8532
2009-04-21,CU,Copper,7982
2009-04-22,CU,Copper,7458
2009-04-23,CU,Copper,7332
2009-04-24,CU,Copper,6607
2009-04-27,CU,Copper,6481
2009-04-28,CU,Copper,6356
2009-04-29,CU,Copper,6356
2009-04-30,CU,Copper,6356
2009-05-04,CU,Copper,6356
2009-05-05,CU,Copper,6356
2009-05-06,CU,Copper,6356
2009-05-07,CU,Copper,6356
2009-05-08,CU,Copper,6356
2009-05-11,CU,Copper,6456
2009-05-12,CU,Copper,6556
2009-05-13,CU,Copper,6581
2009-05-14,CU,Copper,8329
2009-05-15,CU,Copper,10925
2009-05-18,CU,Copper,20319
2009-05-19,CU,Copper,20294
2009-05-20,CU,Copper,15972
2009-05-21,CU,Copper,13402
2009-05-22,CU,Copper,10478
2009-05-25,CU,Copper,9081
2009-05-26,CU,Copper,9081
2009-05-27,CU,Copper,9081
2009-06-01,CU,Copper,8931
2009-06-02,CU,Copper,8252
2009-06-03,CU,Copper,8202
2009-06-04,CU,Copper,8202
2009-06-05,CU,Copper,8328
2009-06-08,CU,Copper,8478
2009-06-09,CU,Copper,8729
2009-06-10,CU,Copper,9856
2009-06-11,CU,Copper,11761
2009-06-12,CU,Copper,11836
2009-06-15,CU,Copper,20250
2009-06-16,CU,Copper,27372
2009-06-17,CU,Copper,22990
2009-06-18,CU,Copper,18709
2009-06-19,CU,Copper,15753
2009-06-22,CU,Copper,13621
2009-06-23,CU,Copper,12642
2009-06-24,CU,Copper,11638
2009-06-25,CU,Copper,11436
2009-06-26,CU,Copper,11133
2009-06-29,CU,Copper,11058
2009-06-30,CU,Copper,11008
2009-07-01,CU,Copper,11058
2009-07-02,CU,Copper,10759
2009-07-03,CU,Copper,10734
2009-07-06,CU,Copper,10459
2009-07-07,CU,Copper,10310
2009-07-08,CU,Copper,10618
2009-07-09,CU,Copper,10313
2009-07-10,CU,Copper,10013
2009-07-13,CU,Copper,9785
2009-07-14,CU,Copper,9735
2009-07-15,CU,Copper,11342
2009-07-16,CU,Copper,15924
2009-07-17,CU,Copper,15222
2009-07-20,CU,Copper,12667
2009-07-21,CU,Copper,10989
2009-07-22,CU,Copper,10612
2009-07-23,CU,Copper,10586
2009-07-24,CU,Copper,12743
2009-07-27,CU,Copper,12743
2009-07-28,CU,Copper,12718
2009-07-29,CU,Copper,12718
2009-07-30,CU,Copper,12718
2009-07-31,CU,Copper,13218
2009-08-03,CU,Copper,13293
2009-08-04,CU,Copper,13243
2009-08-05,CU,Copper,13743
2009-08-06,CU,Copper,14418
2009-08-07,CU,Copper,14369
2009-08-10,CU,Copper,14295
2009-08-11,CU,Copper,15021
2009-08-12,CU,Copper,15146
2009-08-13,CU,Copper,15798
2009-08-14,CU,Copper,17051
2009-08-17,CU,Copper,19930
2009-08-18,CU,Copper,26664
2009-08-19,CU,Copper,26267
2009-08-20,CU,Copper,23991
2009-08-21,CU,Copper,22813
2009-08-24,CU,Copper,20007
2009-08-25,CU,Copper,20007
2009-08-26,CU,Copper,19533
2009-08-27,CU,Copper,19458
2009-08-28,CU,Copper,19332
2009-08-31,CU,Copper,19656
2009-09-01,CU,Copper,19656
2009-09-02,CU,Copper,19480
2009-09-03,CU,Copper,19281
2009-09-04,CU,Copper,18826
2009-09-07,CU,Copper,18248
2009-09-08,CU,Copper,18223
2009-09-09,CU,Copper,17921
2009-09-10,CU,Copper,18719
2009-09-11,CU,Copper,19499
2009-09-14,CU,Copper,21248
2009-09-15,CU,Copper,25317
2009-09-16,CU,Copper,27587
2009-09-17,CU,Copper,27387
2009-09-18,CU,Copper,25485
2009-09-21,CU,Copper,24208
2009-09-22,CU,Copper,22534
2009-09-23,CU,Copper,22384
2009-09-24,CU,Copper,22158
2009-09-25,CU,Copper,21659
2009-09-28,CU,Copper,18956
2009-09-29,CU,Copper,17461
2009-09-30,CU,Copper,16379
2009-10-09,CU,Copper,16126
2009-10-12,CU,Copper,16704
2009-10-13,CU,Copper,17557
2009-10-14,CU,Copper,20086
2009-10-15,CU,Copper,22117
2009-10-16,CU,Copper,28621
2009-10-19,CU,Copper,28471
2009-10-20,CU,Copper,22873
2009-10-21,CU,Copper,22116
2009-10-23,CU,Copper,21513
2009-10-26,CU,Copper,20755
2009-10-27,CU,Copper,21756
2009-10-28,CU,Copper,22006
2009-10-29,CU,Copper,26220
2009-10-30,CU,Copper,27019
2009-11-02,CU,Copper,26992
2009-11-03,CU,Copper,27240
2009-11-04,CU,Copper,27015
2009-11-05,CU,Copper,27369
2009-11-06,CU,Copper,28121
2009-11-09,CU,Copper,29295
2009-11-10,CU,Copper,30144
2009-11-11,CU,Copper,31248
2009-11-12,CU,Copper,32471
2009-11-13,CU,Copper,32885
2009-11-16,CU,Copper,30984
2009-11-17,CU,Copper,39152
2009-11-18,CU,Copper,38925
2009-11-19,CU,Copper,36874
2009-11-20,CU,Copper,32833
2009-11-23,CU,Copper,32862
2009-11-24,CU,Copper,33236
2009-11-25,CU,Copper,33461
2009-11-26,CU,Copper,34463
2009-11-27,CU,Copper,34588
2009-11-30,CU,Copper,34159
2009-12-01,CU,Copper,34260
2009-12-02,CU,Copper,34909
2009-12-03,CU,Copper,34281
2009-12-04,CU,Copper,33552
2009-12-07,CU,Copper,34674
2009-12-08,CU,Copper,34397
2009-12-09,CU,Copper,34497
2009-12-10,CU,Copper,34670
2009-12-11,CU,Copper,34520
2009-12-14,CU,Copper,33265
2009-12-15,CU,Copper,38514
2009-12-16,CU,Copper,45055
2009-12-17,CU,Copper,44653
2009-12-18,CU,Copper,42501
2009-12-21,CU,Copper,37601
2009-12-22,CU,Copper,36802
2009-12-23,CU,Copper,33430
2009-12-24,CU,Copper,31243
2009-12-25,CU,Copper,30609
2009-12-28,CU,Copper,30284
2009-12-29,CU,Copper,30084
2009-12-30,CU,Copper,30096
2009-12-31,CU,Copper,31166
2010-01-04,CU,Copper,32390
2010-01-05,CU,Copper,33015
2010-01-06,CU,Copper,33989
2010-01-07,CU,Copper,33840
2010-01-08,CU,Copper,33715
2010-01-11,CU,Copper,34240
2010-01-12,CU,Copper,34165
2010-01-13,CU,Copper,35340
2010-01-14,CU,Copper,34314
2010-01-15,CU,Copper,33669
2010-01-18,CU,Copper,36689
2010-01-19,CU,Copper,36140
2010-01-20,CU,Copper,33639
2010-01-21,CU,Copper,32213
2010-01-22,CU,Copper,31436
2010-01-25,CU,Copper,29933
2010-01-26,CU,Copper,29783
2010-01-27,CU,Copper,30583
2010-01-28,CU,Copper,31557
2010-01-29,CU,Copper,31156
2010-02-01,CU,Copper,30156
2010-02-02,CU,Copper,30606
2010-02-03,CU,Copper,30055
2010-02-04,CU,Copper,29780
2010-02-05,CU,Copper,30530
2010-02-08,CU,Copper,29657
2010-02-09,CU,Copper,29857
2010-02-10,CU,Copper,30680
2010-02-11,CU,Copper,30055
2010-02-12,CU,Copper,29978
2010-02-22,CU,Copper,29253
2010-02-23,CU,Copper,28879
2010-02-24,CU,Copper,29503
2010-02-25,CU,Copper,29678
2010-02-26,CU,Copper,31780
2010-03-01,CU,Copper,32604
2010-03-02,CU,Copper,34834
2010-03-03,CU,Copper,35710
2010-03-04,CU,Copper,35835
2010-03-05,CU,Copper,36411
2010-03-08,CU,Copper,40282
2010-03-09,CU,Copper,42170
2010-03-10,CU,Copper,44445
2010-03-11,CU,Copper,46091
2010-03-12,CU,Copper,50417
2010-03-15,CU,Copper,55836
2010-03-16,CU,Copper,55665
2010-03-17,CU,Copper,53988
2010-03-18,CU,Copper,52589
2010-03-19,CU,Copper,50962
2010-03-22,CU,Copper,48840
2010-03-23,CU,Copper,48814
2010-03-24,CU,Copper,48014
2010-03-25,CU,Copper,48763
2010-03-26,CU,Copper,47908
2010-03-29,CU,Copper,47884
2010-03-30,CU,Copper,48409
2010-03-31,CU,Copper,50452
2010-04-01,CU,Copper,51328
2010-04-02,CU,Copper,52128
2010-04-06,CU,Copper,57162
2010-04-07,CU,Copper,57661
2010-04-08,CU,Copper,58783
2010-04-09,CU,Copper,59158
2010-04-12,CU,Copper,62150
2010-04-13,CU,Copper,64768
2010-04-14,CU,Copper,73175
2010-04-15,CU,Copper,80098
2010-04-16,CU,Copper,84922
2010-04-19,CU,Copper,84623
2010-04-20,CU,Copper,82100
2010-04-21,CU,Copper,80652
2010-04-22,CU,Copper,79751
2010-04-23,CU,Copper,79674
2010-04-26,CU,Copper,83390
2010-04-27,CU,Copper,83612
2010-04-28,CU,Copper,84163
2010-04-29,CU,Copper,84714
2010-04-30,CU,Copper,84063
2010-05-04,CU,Copper,84237
2010-05-05,CU,Copper,82835
2010-05-06,CU,Copper,79232
2010-05-07,CU,Copper,77753
2010-05-10,CU,Copper,76981
2010-05-11,CU,Copper,74910
2010-05-12,CU,Copper,73461
2010-05-13,CU,Copper,71738
2010-05-14,CU,Copper,73136
2010-05-17,CU,Copper,74811
2010-05-18,CU,Copper,74691
2010-05-19,CU,Copper,71717
2010-05-20,CU,Copper,66921
2010-05-21,CU,Copper,58389
2010-05-24,CU,Copper,56593
2010-05-25,CU,Copper,54944
2010-05-26,CU,Copper,53465
2010-05-27,CU,Copper,51666
2010-05-28,CU,Copper,50991
2010-05-31,CU,Copper,51991
2010-06-01,CU,Copper,51491
2010-06-02,CU,Copper,49112
2010-06-03,CU,Copper,48012
2010-06-04,CU,Copper,46587
2010-06-07,CU,Copper,45362
2010-06-08,CU,Copper,44170
2010-06-09,CU,Copper,42601
2010-06-10,CU,Copper,41727
2010-06-11,CU,Copper,40571
2010-06-17,CU,Copper,37374
2010-06-18,CU,Copper,41074
2010-06-21,CU,Copper,40424
2010-06-22,CU,Copper,37597
2010-06-23,CU,Copper,34144
2010-06-24,CU,Copper,33294
2010-06-25,CU,Copper,32045
2010-06-28,CU,Copper,29797
2010-06-29,CU,Copper,28299
2010-06-30,CU,Copper,27795
2010-07-01,CU,Copper,27646
2010-07-02,CU,Copper,27471
2010-07-05,CU,Copper,26971
2010-07-06,CU,Copper,26521
2010-07-07,CU,Copper,26245
2010-07-08,CU,Copper,26245
2010-07-09,CU,Copper,26245
2010-07-12,CU,Copper,26170
2010-07-13,CU,Copper,26021
2010-07-14,CU,Copper,26021
2010-07-15,CU,Copper,33025
2010-07-16,CU,Copper,34350
2010-07-19,CU,Copper,34350
2010-07-20,CU,Copper,30871
2010-07-21,CU,Copper,28071
2010-07-22,CU,Copper,27447
2010-07-23,CU,Copper,26198
2010-07-26,CU,Copper,24018
2010-07-27,CU,Copper,23067
2010-07-28,CU,Copper,22665
2010-07-29,CU,Copper,22166
2010-07-30,CU,Copper,22216
2010-08-02,CU,Copper,21715
2010-08-03,CU,Copper,21365
2010-08-04,CU,Copper,21289
2010-08-05,CU,Copper,21239
2010-08-06,CU,Copper,21113
2010-08-09,CU,Copper,21188
2010-08-10,CU,Copper,21138
2010-08-11,CU,Copper,21339
2010-08-12,CU,Copper,21137
2010-08-13,CU,Copper,20989
2010-08-16,CU,Copper,23016
2010-08-17,CU,Copper,25443
2010-08-18,CU,Copper,25443
2010-08-19,CU,Copper,20617
2010-08-20,CU,Copper,20468
2010-08-23,CU,Copper,19115
2010-08-24,CU,Copper,18139
2010-08-25,CU,Copper,18114
2010-08-26,CU,Copper,17065
2010-08-27,CU,Copper,16864
2010-08-30,CU,Copper,16864
2010-08-31,CU,Copper,17313
2010-09-01,CU,Copper,17589
2010-09-02,CU,Copper,17963
2010-09-03,CU,Copper,19234
2010-09-06,CU,Copper,19234
2010-09-07,CU,Copper,19385
2010-09-08,CU,Copper,21335
2010-09-09,CU,Copper,22237
2010-09-10,CU,Copper,22237
2010-09-13,CU,Copper,22387
2010-09-14,CU,Copper,22936
2010-09-15,CU,Copper,26020
2010-09-16,CU,Copper,29551
2010-09-17,CU,Copper,29551
2010-09-20,CU,Copper,26941
2010-09-21,CU,Copper,23059
2010-09-27,CU,Copper,22834
2010-09-28,CU,Copper,22535
2010-09-29,CU,Copper,22337
2010-09-30,CU,Copper,22762
2010-10-08,CU,Copper,22711
2010-10-11,CU,Copper,22810
2010-10-12,CU,Copper,24859
2010-10-13,CU,Copper,26223
2010-10-14,CU,Copper,32172
2010-10-15,CU,Copper,34802
2010-10-18,CU,Copper,39590
2010-10-19,CU,Copper,39691
2010-10-20,CU,Copper,37506
2010-10-21,CU,Copper,36652
2010-10-22,CU,Copper,36130
2010-10-25,CU,Copper,36354
2010-10-26,CU,Copper,37433
2010-10-27,CU,Copper,38538
2010-10-28,CU,Copper,38738
2010-10-29,CU,Copper,39214
2010-11-01,CU,Copper,40288
2010-11-02,CU,Copper,41512
2010-11-03,CU,Copper,41512
2010-11-04,CU,Copper,42616
2010-11-05,CU,Copper,42791
2010-11-08,CU,Copper,43917
2010-11-09,CU,Copper,44925
2010-11-10,CU,Copper,48404
2010-11-11,CU,Copper,52931
2010-11-12,CU,Copper,53331
2010-11-15,CU,Copper,53005
2010-11-16,CU,Copper,57873
2010-11-17,CU,Copper,57199
2010-11-18,CU,Copper,52564
2010-11-19,CU,Copper,51686
2010-11-22,CU,Copper,51535
2010-11-23,CU,Copper,52512
2010-11-24,CU,Copper,51889
2010-11-25,CU,Copper,51589
2010-11-26,CU,Copper,50888
2010-11-29,CU,Copper,50588
2010-11-30,CU,Copper,50383
2010-12-01,CU,Copper,49908
2010-12-02,CU,Copper,49958
2010-12-03,CU,Copper,50705
2010-12-04,CU,Copper,50855
2010-12-07,CU,Copper,50955
2010-12-09,CU,Copper,54378
2010-12-10,CU,Copper,56231
2010-12-13,CU,Copper,56356
2010-12-14,CU,Copper,59385
2010-12-15,CU,Copper,61508
2010-12-16,CU,Copper,64957
2010-12-17,CU,Copper,64005
2010-12-20,CU,Copper,60631
2010-12-21,CU,Copper,59406
2010-12-22,CU,Copper,59256
2010-12-23,CU,Copper,59256
2010-12-24,CU,Copper,59531
2010-12-27,CU,Copper,59480
2010-12-28,CU,Copper,58383
2010-12-29,CU,Copper,60240
2010-12-30,CU,Copper,59888
2010-12-31,CU,Copper,58576
2011-01-04,CU,Copper,59427
2011-01-05,CU,Copper,60627
2011-01-06,CU,Copper,60878
2011-01-07,CU,Copper,61226
2011-01-10,CU,Copper,60278
2011-01-11,CU,Copper,60081
2011-01-12,CU,Copper,59781
2011-01-13,CU,Copper,59304
2011-01-14,CU,Copper,65307
2011-01-17,CU,Copper,66530
2011-01-18,CU,Copper,68538
2011-01-19,CU,Copper,68388
2011-01-20,CU,Copper,67883
2011-01-21,CU,Copper,67358
2011-01-24,CU,Copper,65354
2011-01-25,CU,Copper,63649
2011-01-26,CU,Copper,62547
2011-01-27,CU,Copper,62397
2011-01-28,CU,Copper,63694
2011-01-31,CU,Copper,65507
2011-02-01,CU,Copper,65507
2011-02-09,CU,Copper,66056
2011-02-10,CU,Copper,66056
2011-02-11,CU,Copper,66056
2011-02-14,CU,Copper,68661
2011-02-15,CU,Copper,75394
2011-02-16,CU,Copper,81287
2011-02-17,CU,Copper,81112
2011-02-18,CU,Copper,80763
2011-02-21,CU,Copper,79529
2011-02-22,CU,Copper,76927
2011-02-23,CU,Copper,79174
2011-02-24,CU,Copper,79450
2011-02-25,CU,Copper,77854
2011-02-28,CU,Copper,78531
2011-03-01,CU,Copper,78556
2011-03-02,CU,Copper,78432
2011-03-03,CU,Copper,78556
2011-03-04,CU,Copper,79424
2011-03-07,CU,Copper,78926
2011-03-08,CU,Copper,80474
2011-03-09,CU,Copper,77896
2011-03-10,CU,Copper,75746
2011-03-11,CU,Copper,71077
2011-03-14,CU,Copper,73099
2011-03-15,CU,Copper,70428
2011-03-16,CU,Copper,72225
2011-03-17,CU,Copper,72073
2011-03-18,CU,Copper,72073
2011-03-21,CU,Copper,70599
2011-03-22,CU,Copper,70599
2011-03-23,CU,Copper,66246
2011-03-24,CU,Copper,66246
2011-03-25,CU,Copper,66246
2011-03-28,CU,Copper,60421
2011-03-29,CU,Copper,55510
2011-03-30,CU,Copper,53702
2011-03-31,CU,Copper,52503
2011-04-01,CU,Copper,48721
2011-04-06,CU,Copper,45842
2011-04-07,CU,Copper,44765
2011-04-08,CU,Copper,43613
2011-04-11,CU,Copper,41462
2011-04-12,CU,Copper,41361
2011-04-13,CU,Copper,41361
2011-04-14,CU,Copper,39962
2011-04-15,CU,Copper,43963
2011-04-18,CU,Copper,43391
2011-04-19,CU,Copper,42018
2011-04-20,CU,Copper,36694
2011-04-21,CU,Copper,34896
2011-04-22,CU,Copper,32843
2011-04-25,CU,Copper,32291
2011-04-26,CU,Copper,31564
2011-04-27,CU,Copper,29439
2011-04-28,CU,Copper,28740
2011-04-29,CU,Copper,27267
2011-05-03,CU,Copper,25693
2011-05-04,CU,Copper,24968
2011-05-05,CU,Copper,23169
2011-05-06,CU,Copper,21246
2011-05-09,CU,Copper,21171
2011-05-10,CU,Copper,20596
2011-05-11,CU,Copper,20396
2011-05-12,CU,Copper,20396
2011-05-13,CU,Copper,30231
2011-05-16,CU,Copper,31645
2011-05-17,CU,Copper,32475
2011-05-18,CU,Copper,32475
2011-05-19,CU,Copper,30553
2011-05-20,CU,Copper,28652
2011-05-23,CU,Copper,26471
2011-05-24,CU,Copper,26346
2011-05-25,CU,Copper,26222
2011-05-26,CU,Copper,25324
2011-05-27,CU,Copper,24399
2011-05-30,CU,Copper,24124
2011-05-31,CU,Copper,23999
2011-06-01,CU,Copper,23999
2011-06-02,CU,Copper,23698
2011-06-03,CU,Copper,23198
2011-06-07,CU,Copper,23198
2011-06-08,CU,Copper,22873
2011-06-09,CU,Copper,22774
2011-06-10,CU,Copper,22774
2011-06-13,CU,Copper,22399
2011-06-14,CU,Copper,22399
2011-06-15,CU,Copper,26904
2011-06-16,CU,Copper,29053
2011-06-17,CU,Copper,29053
2011-06-20,CU,Copper,25154
2011-06-21,CU,Copper,24379
2011-06-22,CU,Copper,23979
2011-06-23,CU,Copper,22881
2011-06-24,CU,Copper,20855
2011-06-27,CU,Copper,20680
2011-06-28,CU,Copper,21027
2011-06-29,CU,Copper,21126
2011-06-30,CU,Copper,21126
2011-07-01,CU,Copper,21576
2011-07-04,CU,Copper,21702
2011-07-05,CU,Copper,21781
2011-07-06,CU,Copper,22006
2011-07-07,CU,Copper,22306
2011-07-08,CU,Copper,22306
2011-07-11,CU,Copper,22607
2011-07-12,CU,Copper,24131
2011-07-13,CU,Copper,25129
2011-07-14,CU,Copper,29649
2011-07-15,CU,Copper,30374
2011-07-18,CU,Copper,32725
2011-07-19,CU,Copper,32725
2011-07-20,CU,Copper,30180
2011-07-21,CU,Copper,31520
2011-07-22,CU,Copper,31519
2011-07-25,CU,Copper,31468
2011-07-26,CU,Copper,31593
2011-07-27,CU,Copper,31367
2011-07-28,CU,Copper,31667
2011-07-29,CU,Copper,31893
2011-08-01,CU,Copper,31893
2011-08-02,CU,Copper,32294
2011-08-03,CU,Copper,33470
2011-08-04,CU,Copper,34298
2011-08-05,CU,Copper,34052
2011-08-08,CU,Copper,33081
2011-08-09,CU,Copper,32231
2011-08-10,CU,Copper,32234
2011-08-11,CU,Copper,33136
2011-08-12,CU,Copper,31971
2011-08-15,CU,Copper,33571
2011-08-16,CU,Copper,34056
2011-08-17,CU,Copper,33981
2011-08-18,CU,Copper,32962
2011-08-19,CU,Copper,29863
2011-08-22,CU,Copper,28066
2011-08-23,CU,Copper,27991
2011-08-24,CU,Copper,27942
2011-08-25,CU,Copper,27844
2011-08-26,CU,Copper,27844
2011-08-29,CU,Copper,27819
2011-08-30,CU,Copper,27819
2011-08-31,CU,Copper,27043
2011-09-01,CU,Copper,27043
2011-09-02,CU,Copper,27592
2011-09-05,CU,Copper,27467
2011-09-06,CU,Copper,27467
2011-09-07,CU,Copper,26462
2011-09-08,CU,Copper,26262
2011-09-09,CU,Copper,26137
2011-09-13,CU,Copper,26737
2011-09-14,CU,Copper,27910
2011-09-15,CU,Copper,31388
2011-09-16,CU,Copper,31312
2011-09-19,CU,Copper,31262
2011-09-20,CU,Copper,30010
2011-09-21,CU,Copper,29073
2011-09-22,CU,Copper,28448
2011-09-23,CU,Copper,27050
2011-09-26,CU,Copper,24933
2011-09-27,CU,Copper,23834
2011-09-28,CU,Copper,23809
2011-09-29,CU,Copper,23189
2011-09-30,CU,Copper,22294
2011-10-10,CU,Copper,22391
2011-10-11,CU,Copper,23876
2011-10-12,CU,Copper,23775
2011-10-13,CU,Copper,23675
2011-10-14,CU,Copper,24371
2011-10-17,CU,Copper,25678
2011-10-18,CU,Copper,28792
2011-10-19,CU,Copper,28292
2011-10-20,CU,Copper,24413
2011-10-21,CU,Copper,19402
2011-10-24,CU,Copper,13892
2011-10-25,CU,Copper,13568
2011-10-26,CU,Copper,13568
2011-10-27,CU,Copper,11717
2011-10-28,CU,Copper,11717
2011-10-31,CU,Copper,11567
2011-11-01,CU,Copper,11468
2011-11-02,CU,Copper,11418
2011-11-03,CU,Copper,11393
2011-11-04,CU,Copper,11393
2011-11-07,CU,Copper,10794
2011-11-08,CU,Copper,10993
2011-11-09,CU,Copper,10693
2011-11-10,CU,Copper,10693
2011-11-11,CU,Copper,10994
2011-11-14,CU,Copper,10994
2011-11-15,CU,Copper,13239
2011-11-16,CU,Copper,16393
2011-11-17,CU,Copper,16393
2011-11-18,CU,Copper,11904
2011-11-21,CU,Copper,8230
2011-11-22,CU,Copper,7828
2011-11-23,CU,Copper,7677
2011-11-24,CU,Copper,7603
2011-11-25,CU,Copper,7603
2011-11-28,CU,Copper,7228
2011-11-29,CU,Copper,7228
2011-11-30,CU,Copper,7228
2011-12-01,CU,Copper,7228
2011-12-02,CU,Copper,7228
2011-12-05,CU,Copper,7228
2011-12-06,CU,Copper,7304
2011-12-07,CU,Copper,7053
2011-12-08,CU,Copper,7003
2011-12-09,CU,Copper,7003
2011-12-12,CU,Copper,7503
2011-12-13,CU,Copper,7952
2011-12-14,CU,Copper,8804
2011-12-15,CU,Copper,13773
2011-12-16,CU,Copper,16078
2011-12-19,CU,Copper,16078
2011-12-20,CU,Copper,10311
2011-12-21,CU,Copper,10136
2011-12-22,CU,Copper,11003
2011-12-23,CU,Copper,11178
2011-12-26,CU,Copper,12248
2011-12-27,CU,Copper,12248
2011-12-28,CU,Copper,12248
2011-12-29,CU,Copper,12248
2011-12-30,CU,Copper,12349
2012-01-04,CU,Copper,17847
2012-01-05,CU,Copper,18672
2012-01-06,CU,Copper,18801
2012-01-09,CU,Copper,18901
2012-01-10,CU,Copper,19905
2012-01-11,CU,Copper,23202
2012-01-12,CU,Copper,32517
2012-01-13,CU,Copper,42180
2012-01-16,CU,Copper,46185
2012-01-17,CU,Copper,48534
2012-01-18,CU,Copper,49836
2012-01-19,CU,Copper,53160
2012-01-20,CU,Copper,54388
2012-01-30,CU,Copper,54489
2012-01-31,CU,Copper,56092
2012-02-01,CU,Copper,57494
2012-02-02,CU,Copper,59518
2012-02-03,CU,Copper,70516
2012-02-06,CU,Copper,71693
2012-02-07,CU,Copper,72191
2012-02-08,CU,Copper,73091
2012-02-09,CU,Copper,78492
2012-02-10,CU,Copper,79816
2012-02-13,CU,Copper,82988
2012-02-14,CU,Copper,88710
2012-02-15,CU,Copper,93450
2012-02-16,CU,Copper,102230
2012-02-17,CU,Copper,100828
2012-02-20,CU,Copper,97974
2012-02-21,CU,Copper,95826
2012-02-22,CU,Copper,95575
2012-02-23,CU,Copper,95625
2012-02-24,CU,Copper,97351
2012-02-27,CU,Copper,97149
2012-02-28,CU,Copper,97598
2012-02-29,CU,Copper,97798
2012-03-01,CU,Copper,98174
2012-03-02,CU,Copper,99700
2012-03-05,CU,Copper,99625
2012-03-06,CU,Copper,99227
2012-03-07,CU,Copper,100176
2012-03-08,CU,Copper,99873
2012-03-09,CU,Copper,100023
2012-03-12,CU,Copper,99477
2012-03-13,CU,Copper,99576
2012-03-14,CU,Copper,101726
2012-03-15,CU,Copper,107271
2012-03-16,CU,Copper,109111
2012-03-19,CU,Copper,108962
2012-03-20,CU,Copper,105487
2012-03-21,CU,Copper,104887
2012-03-22,CU,Copper,104863
2012-03-23,CU,Copper,104487
2012-03-26,CU,Copper,104185
2012-03-27,CU,Copper,103459
2012-03-28,CU,Copper,103809
2012-03-29,CU,Copper,104158
2012-03-30,CU,Copper,103882
2012-04-05,CU,Copper,103930
2012-04-06,CU,Copper,103104
2012-04-09,CU,Copper,102454
2012-04-10,CU,Copper,101755
2012-04-11,CU,Copper,100303
2012-04-12,CU,Copper,96504
2012-04-13,CU,Copper,96647
2012-04-16,CU,Copper,96733
2012-04-17,CU,Copper,106471
2012-04-18,CU,Copper,105072
2012-04-19,CU,Copper,101647
2012-04-20,CU,Copper,98992
2012-04-23,CU,Copper,97835
2012-04-24,CU,Copper,94834
2012-04-25,CU,Copper,92911
2012-04-26,CU,Copper,91557
2012-04-27,CU,Copper,90632
2012-05-02,CU,Copper,89531
2012-05-03,CU,Copper,88383
2012-05-04,CU,Copper,86809
2012-05-07,CU,Copper,84214
2012-05-08,CU,Copper,81991
2012-05-09,CU,Copper,81037
2012-05-10,CU,Copper,78938
2012-05-11,CU,Copper,76964
2012-05-14,CU,Copper,75917
2012-05-15,CU,Copper,72545
2012-05-16,CU,Copper,72516
2012-05-17,CU,Copper,72012
2012-05-18,CU,Copper,66964
2012-05-21,CU,Copper,56387
2012-05-22,CU,Copper,50734
2012-05-23,CU,Copper,49181
2012-05-24,CU,Copper,45509
2012-05-25,CU,Copper,43958
2012-05-28,CU,Copper,42034
2012-05-29,CU,Copper,41884
2012-05-30,CU,Copper,41684
2012-05-31,CU,Copper,41259
2012-06-01,CU,Copper,39534
2012-06-04,CU,Copper,37033
2012-06-05,CU,Copper,33885
2012-06-06,CU,Copper,33585
2012-06-07,CU,Copper,33435
2012-06-08,CU,Copper,33010
2012-06-11,CU,Copper,31710
2012-06-12,CU,Copper,31685
2012-06-13,CU,Copper,31386
2012-06-14,CU,Copper,31038
2012-06-15,CU,Copper,31288
2012-06-18,CU,Copper,35538
2012-06-19,CU,Copper,35538
2012-06-20,CU,Copper,30615
2012-06-21,CU,Copper,29294
2012-06-25,CU,Copper,28694
2012-06-26,CU,Copper,28294
2012-06-27,CU,Copper,28244
2012-06-28,CU,Copper,28347
2012-06-29,CU,Copper,28347
2012-07-02,CU,Copper,28248
2012-07-03,CU,Copper,28248
2012-07-04,CU,Copper,29048
2012-07-05,CU,Copper,28772
2012-07-06,CU,Copper,29022
2012-07-09,CU,Copper,29373
2012-07-10,CU,Copper,30350
2012-07-11,CU,Copper,29676
2012-07-12,CU,Copper,28902
2012-07-13,CU,Copper,29052
2012-07-16,CU,Copper,30324
2012-07-17,CU,Copper,32923
2012-07-18,CU,Copper,32724
2012-07-19,CU,Copper,27652
2012-07-20,CU,Copper,26448
2012-07-23,CU,Copper,27044
2012-07-24,CU,Copper,25815
2012-07-25,CU,Copper,24990
2012-07-26,CU,Copper,24465
2012-07-27,CU,Copper,23616
2012-07-30,CU,Copper,23616
2012-07-31,CU,Copper,23616
2012-08-01,CU,Copper,23616
2012-08-02,CU,Copper,23169
2012-08-03,CU,Copper,23119
2012-08-06,CU,Copper,21897
2012-08-07,CU,Copper,21748
2012-08-08,CU,Copper,21448
2012-08-09,CU,Copper,21423
2012-08-10,CU,Copper,21123
2012-08-13,CU,Copper,21150
2012-08-14,CU,Copper,22373
2012-08-15,CU,Copper,26493
2012-08-16,CU,Copper,41159
2012-08-17,CU,Copper,40710
2012-08-20,CU,Copper,39263
2012-08-21,CU,Copper,38164
2012-08-22,CU,Copper,37666
2012-08-23,CU,Copper,34679
2012-08-24,CU,Copper,34205
2012-08-27,CU,Copper,31006
2012-08-28,CU,Copper,29954
2012-08-29,CU,Copper,28877
2012-08-30,CU,Copper,28751
2012-08-31,CU,Copper,28526
2012-09-03,CU,Copper,28128
2012-09-04,CU,Copper,27976
2012-09-05,CU,Copper,27078
2012-09-06,CU,Copper,27078
2012-09-07,CU,Copper,27154
2012-09-10,CU,Copper,27604
2012-09-11,CU,Copper,29330
2012-09-12,CU,Copper,30655
2012-09-13,CU,Copper,37372
2012-09-14,CU,Copper,42818
2012-09-17,CU,Copper,62263
2012-09-18,CU,Copper,66679
2012-09-19,CU,Copper,66154
2012-09-20,CU,Copper,64334
2012-09-21,CU,Copper,62081
2012-09-24,CU,Copper,56921
2012-09-25,CU,Copper,54275
2012-09-26,CU,Copper,51105
2012-09-27,CU,Copper,53999
2012-09-28,CU,Copper,53899
2012-10-08,CU,Copper,54697
2012-10-09,CU,Copper,55124
2012-10-10,CU,Copper,57000
2012-10-11,CU,Copper,57401
2012-10-12,CU,Copper,60597
2012-10-15,CU,Copper,73683
2012-10-16,CU,Copper,81321
2012-10-17,CU,Copper,78496
2012-10-18,CU,Copper,76093
2012-10-19,CU,Copper,74519
2012-10-22,CU,Copper,72768
2012-10-23,CU,Copper,72393
2012-10-24,CU,Copper,71894
2012-10-25,CU,Copper,71095
2012-10-26,CU,Copper,69400
2012-10-29,CU,Copper,70675
2012-10-30,CU,Copper,71350
2012-10-31,CU,Copper,71526
2012-11-01,CU,Copper,71251
2012-11-02,CU,Copper,71252
2012-11-05,CU,Copper,71500
2012-11-06,CU,Copper,71800
2012-11-07,CU,Copper,72050
2012-11-08,CU,Copper,71851
2012-11-09,CU,Copper,71349
2012-11-12,CU,Copper,71049
2012-11-13,CU,Copper,69249
2012-11-14,CU,Copper,71788
2012-11-15,CU,Copper,70521
2012-11-16,CU,Copper,78508
2012-11-19,CU,Copper,77332
2012-11-20,CU,Copper,74085
2012-11-21,CU,Copper,68792
2012-11-22,CU,Copper,66817
2012-11-23,CU,Copper,63788
2012-11-26,CU,Copper,61640
2012-11-27,CU,Copper,61390
2012-11-28,CU,Copper,60940
2012-11-29,CU,Copper,59964
2012-11-30,CU,Copper,59467
2012-12-03,CU,Copper,59117
2012-12-04,CU,Copper,59167
2012-12-05,CU,Copper,60017
2012-12-06,CU,Copper,57543
2012-12-07,CU,Copper,57293
2012-12-10,CU,Copper,56367
2012-12-11,CU,Copper,56318
2012-12-12,CU,Copper,56568
2012-12-13,CU,Copper,57769
2012-12-14,CU,Copper,54343
2012-12-17,CU,Copper,57530
2012-12-18,CU,Copper,63411
2012-12-19,CU,Copper,63335
2012-12-20,CU,Copper,62109
2012-12-21,CU,Copper,61084
2012-12-24,CU,Copper,60186
2012-12-25,CU,Copper,58961
2012-12-26,CU,Copper,59111
2012-12-27,CU,Copper,61429
2012-12-28,CU,Copper,61479
2012-12-31,CU,Copper,64100
2013-01-04,CU,Copper,64000
2013-01-07,CU,Copper,64499
2013-01-08,CU,Copper,65350
2013-01-09,CU,Copper,65350
2013-01-10,CU,Copper,65578
2013-01-11,CU,Copper,66778
2013-01-14,CU,Copper,69686
2013-01-15,CU,Copper,74520
2013-01-16,CU,Copper,77502
2013-01-17,CU,Copper,76652
2013-01-18,CU,Copper,74605
2013-01-21,CU,Copper,71832
2013-01-22,CU,Copper,70782
2013-01-23,CU,Copper,69630
2013-01-24,CU,Copper,68806
2013-01-25,CU,Copper,67951
2013-01-28,CU,Copper,67726
2013-01-29,CU,Copper,67525
2013-01-30,CU,Copper,67126
2013-01-31,CU,Copper,70075
2013-02-01,CU,Copper,69975
2013-02-04,CU,Copper,70400
2013-02-05,CU,Copper,70226
2013-02-06,CU,Copper,70450
2013-02-07,CU,Copper,73471
2013-02-08,CU,Copper,78978
2013-02-16,CU,Copper,78978
2013-02-17,CU,Copper,78978
2013-02-18,CU,Copper,85333
2013-02-19,CU,Copper,86207
2013-02-20,CU,Copper,85260
2013-02-21,CU,Copper,84038
2013-02-22,CU,Copper,83189
2013-02-25,CU,Copper,83111
2013-02-26,CU,Copper,80912
2013-02-27,CU,Copper,81636
2013-02-28,CU,Copper,81410
2013-03-01,CU,Copper,81310
2013-03-04,CU,Copper,80761
2013-03-05,CU,Copper,80761
2013-03-06,CU,Copper,82333
2013-03-07,CU,Copper,85699
2013-03-08,CU,Copper,86344
2013-03-11,CU,Copper,84323
2013-03-12,CU,Copper,82650
2013-03-13,CU,Copper,84544
2013-03-14,CU,Copper,83770
2013-03-15,CU,Copper,86545
2013-03-18,CU,Copper,85899
2013-03-19,CU,Copper,84426
2013-03-20,CU,Copper,82655
2013-03-21,CU,Copper,79584
2013-03-22,CU,Copper,78687
2013-03-25,CU,Copper,77110
2013-03-26,CU,Copper,75934
2013-03-27,CU,Copper,75161
2013-03-28,CU,Copper,74412
2013-03-29,CU,Copper,74335
2013-04-01,CU,Copper,72988
2013-04-02,CU,Copper,70218
2013-04-03,CU,Copper,68895
2013-04-08,CU,Copper,63006
2013-04-09,CU,Copper,62306
2013-04-10,CU,Copper,61682
2013-04-11,CU,Copper,60705
2013-04-12,CU,Copper,60557
2013-04-15,CU,Copper,64778
2013-04-16,CU,Copper,67976
2013-04-17,CU,Copper,67026
2013-04-18,CU,Copper,66628
2013-04-19,CU,Copper,66252
2013-04-22,CU,Copper,65280
2013-04-23,CU,Copper,64830
2013-04-24,CU,Copper,64234
2013-04-25,CU,Copper,64460
2013-04-26,CU,Copper,64691
2013-05-02,CU,Copper,64067
2013-05-03,CU,Copper,63342
2013-05-06,CU,Copper,62765
2013-05-07,CU,Copper,62440
2013-05-08,CU,Copper,62087
2013-05-09,CU,Copper,61787
2013-05-10,CU,Copper,61535
2013-05-13,CU,Copper,61335
2013-05-14,CU,Copper,60884
2013-05-15,CU,Copper,63032
2013-05-16,CU,Copper,63629
2013-05-17,CU,Copper,63629
2013-05-20,CU,Copper,62153
2013-05-21,CU,Copper,59102
2013-05-22,CU,Copper,57504
2013-05-23,CU,Copper,56807
2013-05-24,CU,Copper,55383
2013-05-27,CU,Copper,54611
2013-05-28,CU,Copper,54011
2013-05-29,CU,Copper,51909
2013-05-30,CU,Copper,52209
2013-05-31,CU,Copper,52632
2013-06-03,CU,Copper,54321
2013-06-04,CU,Copper,54121
2013-06-05,CU,Copper,54021
2013-06-06,CU,Copper,54021
2013-06-07,CU,Copper,53471
2013-06-13,CU,Copper,52393
2013-06-14,CU,Copper,53367
2013-06-17,CU,Copper,55770
2013-06-18,CU,Copper,59750
2013-06-19,CU,Copper,59374
2013-06-20,CU,Copper,57165
2013-06-21,CU,Copper,57040
2013-06-24,CU,Copper,56016
2013-06-25,CU,Copper,54015
2013-06-26,CU,Copper,54115
2013-06-27,CU,Copper,54215
2013-06-28,CU,Copper,53565
2013-07-01,CU,Copper,53565
2013-07-02,CU,Copper,53565
2013-07-03,CU,Copper,53565
2013-07-04,CU,Copper,53565
2013-07-05,CU,Copper,53565
2013-07-08,CU,Copper,53815
2013-07-09,CU,Copper,53915
2013-07-10,CU,Copper,53915
2013-07-11,CU,Copper,53615
2013-07-12,CU,Copper,53715
2013-07-15,CU,Copper,55890
2013-07-16,CU,Copper,62741
2013-07-17,CU,Copper,62240
2013-07-18,CU,Copper,62091
2013-07-19,CU,Copper,59488
2013-07-22,CU,Copper,58263
2013-07-23,CU,Copper,57863
2013-07-24,CU,Copper,56988
2013-07-25,CU,Copper,55267
2013-07-26,CU,Copper,53389
2013-07-29,CU,Copper,52814
2013-07-30,CU,Copper,52240
2013-07-31,CU,Copper,50941
2013-08-01,CU,Copper,50866
2013-08-02,CU,Copper,50216
2013-08-05,CU,Copper,50167
2013-08-06,CU,Copper,49618
2013-08-07,CU,Copper,47994
2013-08-08,CU,Copper,47294
2013-08-09,CU,Copper,47044
2013-08-12,CU,Copper,46844
2013-08-13,CU,Copper,47394
2013-08-14,CU,Copper,47345
2013-08-15,CU,Copper,47647
2013-08-16,CU,Copper,57460
2013-08-19,CU,Copper,57160
2013-08-20,CU,Copper,55586
2013-08-21,CU,Copper,53836
2013-08-22,CU,Copper,50490
2013-08-23,CU,Copper,47991
2013-08-26,CU,Copper,45966
2013-08-27,CU,Copper,43368
2013-08-28,CU,Copper,42444
2013-08-29,CU,Copper,40769
2013-08-30,CU,Copper,39494
2013-09-02,CU,Copper,39494
2013-09-03,CU,Copper,39494
2013-09-04,CU,Copper,39494
2013-09-05,CU,Copper,39494
2013-09-06,CU,Copper,38246
2013-09-09,CU,Copper,36246
2013-09-10,CU,Copper,36246
2013-09-11,CU,Copper,36271
2013-09-12,CU,Copper,36246
2013-09-13,CU,Copper,36246
2013-09-16,CU,Copper,37245
2013-09-17,CU,Copper,44727
2013-09-18,CU,Copper,44528
2013-09-23,CU,Copper,43876
2013-09-24,CU,Copper,41275
2013-09-25,CU,Copper,41175
2013-09-26,CU,Copper,40702
2013-09-27,CU,Copper,40677
2013-09-30,CU,Copper,40478
2013-10-08,CU,Copper,40478
2013-10-09,CU,Copper,40478
2013-10-10,CU,Copper,40977
2013-10-11,CU,Copper,40602
2013-10-14,CU,Copper,40602
2013-10-15,CU,Copper,41308
2013-10-16,CU,Copper,54558
2013-10-17,CU,Copper,52965
2013-10-18,CU,Copper,50688
2013-10-21,CU,Copper,49811
2013-10-22,CU,Copper,47112
2013-10-23,CU,Copper,46686
2013-10-24,CU,Copper,46461
2013-10-25,CU,Copper,46035
2013-10-28,CU,Copper,46035
2013-10-29,CU,Copper,45886
2013-10-30,CU,Copper,46486
2013-10-31,CU,Copper,46486
2013-11-01,CU,Copper,46586
2013-11-04,CU,Copper,46685
2013-11-05,CU,Copper,46685
2013-11-06,CU,Copper,46685
2013-11-07,CU,Copper,46685
2013-11-08,CU,Copper,46707
2013-11-11,CU,Copper,47684
2013-11-12,CU,Copper,47210
2013-11-13,CU,Copper,46607
2013-11-14,CU,Copper,44806
2013-11-15,CU,Copper,43094
2013-11-18,CU,Copper,51364
2013-11-19,CU,Copper,50205
2013-11-20,CU,Copper,48456
2013-11-21,CU,Copper,44799
2013-11-22,CU,Copper,42065
2013-11-25,CU,Copper,40737
2013-11-26,CU,Copper,38834
2013-11-27,CU,Copper,38383
2013-11-28,CU,Copper,38383
2013-11-29,CU,Copper,38383
2013-12-02,CU,Copper,37981
2013-12-03,CU,Copper,36870
2013-12-04,CU,Copper,36546
2013-12-05,CU,Copper,36295
2013-12-06,CU,Copper,35662
2013-12-09,CU,Copper,34615
2013-12-10,CU,Copper,34590
2013-12-11,CU,Copper,33890
2013-12-12,CU,Copper,33390
2013-12-13,CU,Copper,32488
2013-12-16,CU,Copper,32837
2013-12-17,CU,Copper,40479
2013-12-18,CU,Copper,39746
2013-12-19,CU,Copper,36963
2013-12-20,CU,Copper,31613
2013-12-23,CU,Copper,27333
2013-12-24,CU,Copper,25481
2013-12-25,CU,Copper,24032
2013-12-26,CU,Copper,23409
2013-12-27,CU,Copper,23109
2013-12-30,CU,Copper,23109
2013-12-31,CU,Copper,23109
2014-01-02,CU,Copper,23109
2014-01-03,CU,Copper,23109
2014-01-06,CU,Copper,23109
2014-01-07,CU,Copper,23134
2014-01-08,CU,Copper,24017
2014-01-09,CU,Copper,22714
2014-01-10,CU,Copper,22288
2014-01-13,CU,Copper,21463
2014-01-14,CU,Copper,20986
2014-01-15,CU,Copper,22163
2014-01-16,CU,Copper,33362
2014-01-17,CU,Copper,33362
2014-01-20,CU,Copper,33137
2014-01-21,CU,Copper,33137
2014-01-22,CU,Copper,32435
2014-01-23,CU,Copper,32336
2014-01-24,CU,Copper,32286
2014-01-27,CU,Copper,32286
2014-01-28,CU,Copper,32286
2014-01-29,CU,Copper,32286
2014-01-30,CU,Copper,32286
2014-02-07,CU,Copper,32286
2014-02-10,CU,Copper,32286
2014-02-11,CU,Copper,32286
2014-02-12,CU,Copper,34659
2014-02-13,CU,Copper,37952
2014-02-14,CU,Copper,39752
2014-02-17,CU,Copper,46052
2014-02-18,CU,Copper,47725
2014-02-19,CU,Copper,48151
2014-02-20,CU,Copper,47551
2014-02-21,CU,Copper,45727
2014-02-24,CU,Copper,45652
2014-02-25,CU,Copper,45677
2014-02-26,CU,Copper,46825
2014-02-27,CU,Copper,46724
2014-02-28,CU,Copper,46974
2014-03-03,CU,Copper,48258
2014-03-04,CU,Copper,49940
2014-03-05,CU,Copper,50240
2014-03-06,CU,Copper,50240
2014-03-07,CU,Copper,50290
2014-03-10,CU,Copper,50290
2014-03-11,CU,Copper,52782
2014-03-12,CU,Copper,53532
2014-03-13,CU,Copper,54176
2014-03-14,CU,Copper,52124
2014-03-17,CU,Copper,50932
2014-03-18,CU,Copper,50933
2014-03-19,CU,Copper,50758
2014-03-20,CU,Copper,49183
2014-03-21,CU,Copper,46683
2014-03-24,CU,Copper,45872
2014-03-25,CU,Copper,44514
2014-03-26,CU,Copper,42588
2014-03-27,CU,Copper,41160
2014-03-28,CU,Copper,40835
2014-03-31,CU,Copper,42474
2014-04-01,CU,Copper,40943
2014-04-02,CU,Copper,35938
2014-04-03,CU,Copper,31596
2014-04-04,CU,Copper,29499
2014-04-08,CU,Copper,27251
2014-04-09,CU,Copper,23535
2014-04-10,CU,Copper,18787
2014-04-11,CU,Copper,17363
2014-04-14,CU,Copper,16963
2014-04-15,CU,Copper,16233
2014-04-16,CU,Copper,19161
2014-04-17,CU,Copper,19161
2014-04-18,CU,Copper,17412
2014-04-21,CU,Copper,13725
2014-04-22,CU,Copper,9521
2014-04-23,CU,Copper,7523
2014-04-24,CU,Copper,6718
2014-04-25,CU,Copper,6212
2014-04-28,CU,Copper,5862
2014-04-29,CU,Copper,5862
2014-04-30,CU,Copper,5862
2014-05-05,CU,Copper,5862
2014-05-06,CU,Copper,5862
2014-05-07,CU,Copper,5862
2014-05-08,CU,Copper,5862
2014-05-09,CU,Copper,5862
2014-05-12,CU,Copper,5862
2014-05-13,CU,Copper,5862
2014-05-14,CU,Copper,6561
2014-05-15,CU,Copper,7286
2014-05-16,CU,Copper,12361
2014-05-19,CU,Copper,12012
2014-05-20,CU,Copper,11315
2014-05-21,CU,Copper,7628
2014-05-22,CU,Copper,6501
2014-05-23,CU,Copper,5350
2014-05-26,CU,Copper,5350
2014-05-27,CU,Copper,5350
2014-05-28,CU,Copper,5325
2014-05-29,CU,Copper,5325
2014-05-30,CU,Copper,5325
2014-06-03,CU,Copper,5325
2014-06-04,CU,Copper,5325
2014-06-05,CU,Copper,3724
2014-06-06,CU,Copper,3400
2014-06-09,CU,Copper,3400
2014-06-10,CU,Copper,2900
2014-06-11,CU,Copper,2900
2014-06-12,CU,Copper,2900
2014-06-13,CU,Copper,2900
2014-06-16,CU,Copper,4028
2014-06-17,CU,Copper,8749
2014-06-18,CU,Copper,8749
2014-06-19,CU,Copper,8499
2014-06-20,CU,Copper,6049
2014-06-23,CU,Copper,4837
2014-06-24,CU,Copper,3605
2014-06-25,CU,Copper,3255
2014-06-26,CU,Copper,3255
2014-06-27,CU,Copper,3255
2014-06-30,CU,Copper,3027
2014-07-01,CU,Copper,3027
2014-07-02,CU,Copper,3127
2014-07-03,CU,Copper,3177
2014-07-04,CU,Copper,4186
2014-07-07,CU,Copper,5713
2014-07-08,CU,Copper,5813
2014-07-09,CU,Copper,6162
2014-07-10,CU,Copper,6362
2014-07-11,CU,Copper,7435
2014-07-14,CU,Copper,8810
2014-07-15,CU,Copper,17803
2014-07-16,CU,Copper,38022
2014-07-17,CU,Copper,38022
2014-07-18,CU,Copper,36050
2014-07-21,CU,Copper,32844
2014-07-22,CU,Copper,32292
2014-07-23,CU,Copper,3209
2014-07-24,CU,Copper,29885
2014-07-25,CU,Copper,29785
2014-07-28,CU,Copper,29785
2014-07-29,CU,Copper,29760
2014-07-30,CU,Copper,29659
2014-07-31,CU,Copper,29758
2014-08-01,CU,Copper,29483
2014-08-04,CU,Copper,27629
2014-08-05,CU,Copper,28133
2014-08-06,CU,Copper,26859
2014-08-07,CU,Copper,23596
2014-08-08,CU,Copper,22619
2014-08-11,CU,Copper,21433
2014-08-12,CU,Copper,21433
2014-08-13,CU,Copper,20709
2014-08-14,CU,Copper,20408
2014-08-15,CU,Copper,20934
2014-08-18,CU,Copper,27185
2014-08-19,CU,Copper,26685
2014-08-20,CU,Copper,25658
2014-08-21,CU,Copper,24185
2014-08-22,CU,Copper,22263
2014-08-25,CU,Copper,19434
2014-08-26,CU,Copper,18431
2014-08-27,CU,Copper,18406
2014-08-28,CU,Copper,18406
2014-08-29,CU,Copper,16582
2014-09-01,CU,Copper,16081
2014-09-02,CU,Copper,15582
2014-09-03,CU,Copper,13633
2014-09-04,CU,Copper,12858
2014-09-05,CU,Copper,11933
2014-09-09,CU,Copper,11583
2014-09-10,CU,Copper,10934
2014-09-11,CU,Copper,10909
2014-09-12,CU,Copper,11884
2014-09-15,CU,Copper,16838
2014-09-16,CU,Copper,22362
2014-09-17,CU,Copper,22362
2014-09-18,CU,Copper,21141
2014-09-19,CU,Copper,20465
2014-09-22,CU,Copper,17722
2014-09-23,CU,Copper,17596
2014-09-24,CU,Copper,14843
2014-09-25,CU,Copper,14492
2014-09-26,CU,Copper,15294
2014-09-29,CU,Copper,15592
2014-09-30,CU,Copper,14391
2014-10-08,CU,Copper,14992
2014-10-09,CU,Copper,13789
2014-10-10,CU,Copper,13290
2014-10-13,CU,Copper,12814
2014-10-14,CU,Copper,13514
2014-10-15,CU,Copper,18749
2014-10-16,CU,Copper,27547
2014-10-17,CU,Copper,27227
2014-10-20,CU,Copper,27001
2014-10-21,CU,Copper,25604
2014-10-22,CU,Copper,25503
2014-10-23,CU,Copper,23802
2014-10-24,CU,Copper,23400
2014-10-27,CU,Copper,21819
2014-10-28,CU,Copper,21492
2014-10-29,CU,Copper,21492
2014-10-30,CU,Copper,21492
2014-10-31,CU,Copper,20391
2014-11-03,CU,Copper,18732
2014-11-04,CU,Copper,18175
2014-11-05,CU,Copper,17141
2014-11-06,CU,Copper,16389
2014-11-07,CU,Copper,14989
2014-11-10,CU,Copper,14155
2014-11-11,CU,Copper,15155
2014-11-12,CU,Copper,14104
2014-11-13,CU,Copper,14578
2014-11-14,CU,Copper,16726
2014-11-17,CU,Copper,24178
2014-11-18,CU,Copper,30120
2014-11-19,CU,Copper,29270
2014-11-20,CU,Copper,26559
2014-11-21,CU,Copper,26358
2014-11-24,CU,Copper,24161
2014-11-25,CU,Copper,23135
2014-11-26,CU,Copper,21559
2014-11-27,CU,Copper,20772
2014-11-28,CU,Copper,20847
2014-12-01,CU,Copper,20173
2014-12-02,CU,Copper,18975
2014-12-03,CU,Copper,18498
2014-12-04,CU,Copper,17516
2014-12-05,CU,Copper,16185
2014-12-08,CU,Copper,15909
2014-12-09,CU,Copper,16159
2014-12-10,CU,Copper,15984
2014-12-11,CU,Copper,15033
2014-12-12,CU,Copper,15233
2014-12-15,CU,Copper,18063
2014-12-16,CU,Copper,28473
2014-12-17,CU,Copper,28473
2014-12-18,CU,Copper,28473
2014-12-19,CU,Copper,26648
2014-12-22,CU,Copper,26548
2014-12-23,CU,Copper,26548
2014-12-24,CU,Copper,26548
2014-12-25,CU,Copper,26548
2014-12-26,CU,Copper,26646
2014-12-29,CU,Copper,26646
2014-12-30,CU,Copper,27745
2014-12-31,CU,Copper,29775
2015-01-05,CU,Copper,30627
2015-01-06,CU,Copper,30827
2015-01-07,CU,Copper,30827
2015-01-08,CU,Copper,31128
2015-01-09,CU,Copper,32104
2015-01-12,CU,Copper,33731
2015-01-13,CU,Copper,39291
2015-01-14,CU,Copper,48363
2015-01-15,CU,Copper,52836
2015-01-16,CU,Copper,50356
2015-01-19,CU,Copper,50031
2015-01-20,CU,Copper,49754
2015-01-21,CU,Copper,45727
2015-01-22,CU,Copper,42888
2015-01-23,CU,Copper,42086
2015-01-26,CU,Copper,41259
2015-01-27,CU,Copper,41157
2015-01-28,CU,Copper,39649
2015-01-29,CU,Copper,39021
2015-01-30,CU,Copper,37715
2015-02-02,CU,Copper,37616
2015-02-03,CU,Copper,38091
2015-02-04,CU,Copper,38290
2015-02-05,CU,Copper,37790
2015-02-06,CU,Copper,40739
2015-02-09,CU,Copper,41340
2015-02-10,CU,Copper,50024
2015-02-11,CU,Copper,53546
2015-02-12,CU,Copper,53343
2015-02-13,CU,Copper,53068
2015-02-16,CU,Copper,53168
2015-02-17,CU,Copper,53168
2015-02-25,CU,Copper,53168
2015-02-26,CU,Copper,55689
2015-02-27,CU,Copper,55689
2015-03-02,CU,Copper,56862
2015-03-03,CU,Copper,60072
2015-03-04,CU,Copper,61769
2015-03-05,CU,Copper,63398
2015-03-06,CU,Copper,66869
2015-03-09,CU,Copper,67446
2015-03-10,CU,Copper,69094
2015-03-11,CU,Copper,71258
2015-03-12,CU,Copper,74609
2015-03-13,CU,Copper,79396
2015-03-16,CU,Copper,86381
2015-03-17,CU,Copper,87145
2015-03-18,CU,Copper,84842
2015-03-19,CU,Copper,84114
2015-03-20,CU,Copper,83333
2015-03-23,CU,Copper,83561
2015-03-24,CU,Copper,83612
2015-03-25,CU,Copper,84938
2015-03-26,CU,Copper,85765
2015-03-27,CU,Copper,86042
2015-03-30,CU,Copper,86744
2015-03-31,CU,Copper,87874
2015-04-01,CU,Copper,89282
2015-04-02,CU,Copper,88605
2015-04-03,CU,Copper,86878
2015-04-07,CU,Copper,87078
2015-04-08,CU,Copper,86203
2015-04-09,CU,Copper,83790
2015-04-10,CU,Copper,81587
2015-04-13,CU,Copper,82825
2015-04-14,CU,Copper,80795
2015-04-15,CU,Copper,79969
2015-04-16,CU,Copper,79844
2015-04-17,CU,Copper,75890
2015-04-20,CU,Copper,73212
2015-04-21,CU,Copper,70202
2015-04-22,CU,Copper,64878
2015-04-23,CU,Copper,58919
2015-04-24,CU,Copper,53268
2015-04-27,CU,Copper,47901
2015-04-28,CU,Copper,45776
2015-04-29,CU,Copper,43891
2015-04-30,CU,Copper,43391
2015-05-04,CU,Copper,42892
2015-05-05,CU,Copper,42765
2015-05-06,CU,Copper,42765
2015-05-07,CU,Copper,42740
2015-05-08,CU,Copper,42059
2015-05-11,CU,Copper,42806
2015-05-12,CU,Copper,42406
2015-05-13,CU,Copper,42455
2015-05-14,CU,Copper,41604
2015-05-15,CU,Copper,42651
2015-05-18,CU,Copper,48120
2015-05-19,CU,Copper,53551
2015-05-20,CU,Copper,52750
2015-05-21,CU,Copper,49378
2015-05-22,CU,Copper,44948
2015-05-25,CU,Copper,42622
2015-05-26,CU,Copper,41872
2015-05-27,CU,Copper,40437
2015-05-28,CU,Copper,39974
2015-05-29,CU,Copper,37997
2015-06-01,CU,Copper,36508
2015-06-02,CU,Copper,35143
2015-06-03,CU,Copper,33787
2015-06-04,CU,Copper,32978
2015-06-05,CU,Copper,30812
2015-06-08,CU,Copper,29863
2015-06-09,CU,Copper,28980
2015-06-10,CU,Copper,27306
2015-06-11,CU,Copper,23794
2015-06-12,CU,Copper,24393
2015-06-15,CU,Copper,32772
2015-06-16,CU,Copper,33275
2015-06-17,CU,Copper,32926
2015-06-18,CU,Copper,29446
2015-06-19,CU,Copper,26793
2015-06-23,CU,Copper,22693
2015-06-24,CU,Copper,22119
2015-06-25,CU,Copper,18101
2015-06-26,CU,Copper,13930
2015-06-29,CU,Copper,12595
2015-06-30,CU,Copper,11725
2015-07-01,CU,Copper,11002
2015-07-02,CU,Copper,9462
2015-07-03,CU,Copper,11923
2015-07-06,CU,Copper,11621
2015-07-07,CU,Copper,11621
2015-07-08,CU,Copper,11072
2015-07-09,CU,Copper,10722
2015-07-10,CU,Copper,10722
2015-07-13,CU,Copper,10546
2015-07-14,CU,Copper,10846
2015-07-15,CU,Copper,16713
2015-07-16,CU,Copper,26423
2015-07-17,CU,Copper,24737
2015-07-20,CU,Copper,23580
2015-07-21,CU,Copper,21317
2015-07-22,CU,Copper,18737
2015-07-23,CU,Copper,14696
2015-07-24,CU,Copper,11632
2015-07-27,CU,Copper,11099
2015-07-28,CU,Copper,10845
2015-07-29,CU,Copper,10644
2015-07-30,CU,Copper,10442
2015-07-31,CU,Copper,9732
2015-08-03,CU,Copper,9732
2015-08-04,CU,Copper,9932
2015-08-05,CU,Copper,10532
2015-08-06,CU,Copper,10532
2015-08-07,CU,Copper,11032
2015-08-10,CU,Copper,12004
2015-08-11,CU,Copper,17790
2015-08-12,CU,Copper,20400
2015-08-13,CU,Copper,21523
2015-08-14,CU,Copper,26052
2015-08-17,CU,Copper,29976
2015-08-18,CU,Copper,34931
2015-08-19,CU,Copper,34431
2015-08-20,CU,Copper,33553
2015-08-21,CU,Copper,32425
2015-08-24,CU,Copper,33368
2015-08-25,CU,Copper,33142
2015-08-26,CU,Copper,33142
2015-08-27,CU,Copper,33442
2015-08-28,CU,Copper,34841
2015-08-31,CU,Copper,34841
2015-09-01,CU,Copper,34841
2015-09-02,CU,Copper,34841
2015-09-07,CU,Copper,36041
2015-09-08,CU,Copper,35943
2015-09-09,CU,Copper,35896
2015-09-10,CU,Copper,36295
2015-09-11,CU,Copper,36346
2015-09-14,CU,Copper,37948
2015-09-15,CU,Copper,41278
2015-09-16,CU,Copper,42776
2015-09-17,CU,Copper,42676
2015-09-18,CU,Copper,42249
2015-09-21,CU,Copper,41301
2015-09-22,CU,Copper,40493
2015-09-23,CU,Copper,40244
2015-09-24,CU,Copper,40045
2015-09-25,CU,Copper,39744
2015-09-28,CU,Copper,39669
2015-09-29,CU,Copper,37215
2015-09-30,CU,Copper,36915
2015-10-08,CU,Copper,36915
2015-10-09,CU,Copper,36815
2015-10-12,CU,Copper,36117
2015-10-13,CU,Copper,38689
2015-10-14,CU,Copper,42777
2015-10-15,CU,Copper,43953
2015-10-16,CU,Copper,42376
2015-10-19,CU,Copper,41876
2015-10-20,CU,Copper,40278
2015-10-21,CU,Copper,39577
2015-10-22,CU,Copper,38828
2015-10-23,CU,Copper,38225
2015-10-26,CU,Copper,38175
2015-10-27,CU,Copper,39198
2015-10-28,CU,Copper,39220
2015-10-29,CU,Copper,41521
2015-10-30,CU,Copper,43955
2015-11-02,CU,Copper,45180
2015-11-03,CU,Copper,47657
2015-11-04,CU,Copper,49536
2015-11-05,CU,Copper,53667
2015-11-06,CU,Copper,54667
2015-11-09,CU,Copper,54315
2015-11-10,CU,Copper,54187
2015-11-11,CU,Copper,51594
2015-11-12,CU,Copper,50132
2015-11-13,CU,Copper,54060
2015-11-16,CU,Copper,57175
2015-11-17,CU,Copper,61387
2015-11-18,CU,Copper,61261
2015-11-19,CU,Copper,58061
2015-11-20,CU,Copper,53476
2015-11-23,CU,Copper,51479
2015-11-24,CU,Copper,50002
2015-11-25,CU,Copper,49479
2015-11-26,CU,Copper,48653
2015-11-27,CU,Copper,46955
2015-11-30,CU,Copper,45497
2015-12-01,CU,Copper,40718
2015-12-02,CU,Copper,34977
2015-12-03,CU,Copper,33047
2015-12-04,CU,Copper,31897
2015-12-07,CU,Copper,29866
2015-12-08,CU,Copper,29143
2015-12-09,CU,Copper,28569
2015-12-10,CU,Copper,28469
2015-12-11,CU,Copper,27488
2015-12-14,CU,Copper,27890
2015-12-15,CU,Copper,34398
2015-12-16,CU,Copper,40898
2015-12-17,CU,Copper,40549
2015-12-18,CU,Copper,40123
2015-12-21,CU,Copper,38575
2015-12-22,CU,Copper,40048
2015-12-23,CU,Copper,39549
2015-12-24,CU,Copper,39525
2015-12-25,CU,Copper,39575
2015-12-28,CU,Copper,39876
2015-12-29,CU,Copper,40878
2015-12-30,CU,Copper,39129
2015-12-31,CU,Copper,36873
2016-01-04,CU,Copper,30610
2016-01-05,CU,Copper,30610
2016-01-06,CU,Copper,31810
2016-01-07,CU,Copper,32360
2016-01-08,CU,Copper,38068
2016-01-11,CU,Copper,41297
2016-01-12,CU,Copper,46616
2016-01-13,CU,Copper,54095
2016-01-14,CU,Copper,57846
2016-01-15,CU,Copper,74749
2016-01-18,CU,Copper,77597
2016-01-19,CU,Copper,79094
2016-01-20,CU,Copper,78644
2016-01-21,CU,Copper,78345
2016-01-22,CU,Copper,78772
2016-01-25,CU,Copper,79998
2016-01-26,CU,Copper,83469
2016-01-27,CU,Copper,84470
2016-01-28,CU,Copper,84871
2016-01-29,CU,Copper,86970
2016-02-01,CU,Copper,90969
2016-02-02,CU,Copper,92840
2016-02-03,CU,Copper,97042
2016-02-04,CU,Copper,99906
2016-02-05,CU,Copper,104226
2016-02-15,CU,Copper,113630
2016-02-16,CU,Copper,116655
2016-02-17,CU,Copper,116655
2016-02-18,CU,Copper,116855
2016-02-19,CU,Copper,116779
2016-02-22,CU,Copper,118326
2016-02-23,CU,Copper,121177
2016-02-24,CU,Copper,123574
2016-02-25,CU,Copper,130070
2016-02-26,CU,Copper,131665
2016-02-29,CU,Copper,132790
2016-03-01,CU,Copper,135693
2016-03-02,CU,Copper,139790
2016-03-03,CU,Copper,141462
2016-03-04,CU,Copper,145403
2016-03-07,CU,Copper,147578
2016-03-08,CU,Copper,159522
2016-03-09,CU,Copper,163914
2016-03-10,CU,Copper,165213
2016-03-11,CU,Copper,172342
2016-03-14,CU,Copper,173991
2016-03-15,CU,Copper,174864
2016-03-16,CU,Copper,175202
2016-03-17,CU,Copper,177000
2016-03-18,CU,Copper,176178
2016-03-21,CU,Copper,175952
2016-03-22,CU,Copper,175453
2016-03-23,CU,Copper,176250
2016-03-24,CU,Copper,177278
2016-03-25,CU,Copper,177578
2016-03-28,CU,Copper,176879
2016-03-29,CU,Copper,179803
2016-03-30,CU,Copper,179076
2016-03-31,CU,Copper,179851
2016-04-01,CU,Copper,178900
2016-04-05,CU,Copper,179871
2016-04-06,CU,Copper,180222
2016-04-07,CU,Copper,181543
2016-04-08,CU,Copper,177785
2016-04-11,CU,Copper,173359
2016-04-12,CU,Copper,168373
2016-04-13,CU,Copper,163967
2016-04-14,CU,Copper,160832
2016-04-15,CU,Copper,160068
2016-04-18,CU,Copper,158638
2016-04-19,CU,Copper,156955
2016-04-20,CU,Copper,154697
2016-04-21,CU,Copper,152367
2016-04-22,CU,Copper,150895
2016-04-25,CU,Copper,150522
2016-04-26,CU,Copper,150048
2016-04-27,CU,Copper,150322
2016-04-28,CU,Copper,150449
2016-04-29,CU,Copper,149998
2016-05-03,CU,Copper,151634
2016-05-04,CU,Copper,152311
2016-05-05,CU,Copper,153734
2016-05-06,CU,Copper,154422
2016-05-09,CU,Copper,153178
2016-05-10,CU,Copper,151350
2016-05-11,CU,Copper,149494
2016-05-12,CU,Copper,142967
2016-05-13,CU,Copper,138643
2016-05-16,CU,Copper,135835
2016-05-17,CU,Copper,139892
2016-05-18,CU,Copper,136691
2016-05-19,CU,Copper,129547
2016-05-20,CU,Copper,122893
2016-05-23,CU,Copper,117216
2016-05-24,CU,Copper,111194
2016-05-25,CU,Copper,106192
2016-05-26,CU,Copper,102643
2016-05-27,CU,Copper,101142
2016-05-30,CU,Copper,98744
2016-05-31,CU,Copper,97017
2016-06-01,CU,Copper,96043
2016-06-02,CU,Copper,94669
2016-06-03,CU,Copper,86221
2016-06-06,CU,Copper,83797
2016-06-07,CU,Copper,80976
2016-06-08,CU,Copper,74984
2016-06-13,CU,Copper,72661
2016-06-14,CU,Copper,72530
2016-06-15,CU,Copper,77824
2016-06-16,CU,Copper,76026
2016-06-17,CU,Copper,71726
2016-06-20,CU,Copper,69705
2016-06-21,CU,Copper,66898
2016-06-22,CU,Copper,64323
2016-06-23,CU,Copper,62881
2016-06-24,CU,Copper,62653
2016-06-27,CU,Copper,64689
2016-06-28,CU,Copper,63752
2016-06-29,CU,Copper,63602
2016-06-30,CU,Copper,66817
2016-07-01,CU,Copper,66589
2016-07-04,CU,Copper,66589
2016-07-05,CU,Copper,67608
2016-07-06,CU,Copper,68007
2016-07-07,CU,Copper,67882
2016-07-08,CU,Copper,67083
2016-07-11,CU,Copper,65640
2016-07-12,CU,Copper,65315
2016-07-13,CU,Copper,66014
2016-07-14,CU,Copper,66562
2016-07-15,CU,Copper,74907
2016-07-18,CU,Copper,74155
2016-07-19,CU,Copper,73830
2016-07-20,CU,Copper,73785
2016-07-21,CU,Copper,74013
2016-07-22,CU,Copper,71863
2016-07-25,CU,Copper,71136
2016-07-26,CU,Copper,71136
2016-07-27,CU,Copper,70528
2016-07-28,CU,Copper,70020
2016-07-29,CU,Copper,71135
2016-08-01,CU,Copper,71613
2016-08-02,CU,Copper,70935
2016-08-03,CU,Copper,69713
2016-08-04,CU,Copper,67568
2016-08-05,CU,Copper,66244
2016-08-08,CU,Copper,64549
2016-08-09,CU,Copper,63776
2016-08-10,CU,Copper,65731
2016-08-11,CU,Copper,65780
2016-08-12,CU,Copper,69337
2016-08-15,CU,Copper,69199
2016-08-16,CU,Copper,68899
2016-08-17,CU,Copper,67123
2016-08-18,CU,Copper,64919
2016-08-19,CU,Copper,62487
2016-08-22,CU,Copper,58609
2016-08-23,CU,Copper,56447
2016-08-24,CU,Copper,54872
2016-08-25,CU,Copper,52626
2016-08-26,CU,Copper,51239
2016-08-29,CU,Copper,50006
2016-08-30,CU,Copper,48980
2016-08-31,CU,Copper,47592
2016-09-01,CU,Copper,47140
2016-09-02,CU,Copper,44394
2016-09-05,CU,Copper,42697
2016-09-06,CU,Copper,39992
2016-09-07,CU,Copper,37635
2016-09-08,CU,Copper,36786
2016-09-09,CU,Copper,35315
2016-09-12,CU,Copper,36689
2016-09-13,CU,Copper,33968
2016-09-14,CU,Copper,30895
2016-09-19,CU,Copper,35039
2016-09-20,CU,Copper,34614
2016-09-21,CU,Copper,34165
2016-09-22,CU,Copper,32193
2016-09-23,CU,Copper,29866
2016-09-26,CU,Copper,26867
2016-09-27,CU,Copper,24742
2016-09-28,CU,Copper,23193
2016-09-29,CU,Copper,21993
2016-09-30,CU,Copper,24171
2016-10-10,CU,Copper,23345
2016-10-11,CU,Copper,22636
2016-10-12,CU,Copper,23761
2016-10-13,CU,Copper,23462
2016-10-14,CU,Copper,26511
2016-10-17,CU,Copper,28939
2016-10-18,CU,Copper,29814
2016-10-19,CU,Copper,29814
2016-10-20,CU,Copper,29537
2016-10-21,CU,Copper,25177
2016-10-24,CU,Copper,22702
2016-10-25,CU,Copper,21575
2016-10-26,CU,Copper,20772
2016-10-27,CU,Copper,19994
2016-10-28,CU,Copper,19392
2016-10-31,CU,Copper,18150
2016-11-01,CU,Copper,22871
2016-11-02,CU,Copper,22871
2016-11-03,CU,Copper,22620
2016-11-04,CU,Copper,22620
2016-11-07,CU,Copper,21818
2016-11-08,CU,Copper,21818
2016-11-09,CU,Copper,21619
2016-11-10,CU,Copper,21319
2016-11-11,CU,Copper,21319
2016-11-14,CU,Copper,23023
2016-11-15,CU,Copper,27575
2016-11-16,CU,Copper,29472
2016-11-17,CU,Copper,29447
2016-11-18,CU,Copper,29398
2016-11-21,CU,Copper,29398
2016-11-22,CU,Copper,29148
2016-11-23,CU,Copper,28948
2016-11-24,CU,Copper,35350
2016-11-25,CU,Copper,35698
2016-11-28,CU,Copper,35673
2016-11-29,CU,Copper,36172
2016-11-30,CU,Copper,36372
2016-12-01,CU,Copper,37456
2016-12-02,CU,Copper,37580
2016-12-05,CU,Copper,37880
2016-12-06,CU,Copper,38280
2016-12-07,CU,Copper,39481
2016-12-08,CU,Copper,39481
2016-12-09,CU,Copper,39278
2016-12-12,CU,Copper,41586
2016-12-13,CU,Copper,41586
2016-12-14,CU,Copper,44493
2016-12-15,CU,Copper,43360
2016-12-16,CU,Copper,43548
2016-12-19,CU,Copper,43348
2016-12-20,CU,Copper,44551
2016-12-21,CU,Copper,46145
2016-12-22,CU,Copper,45110
2016-12-23,CU,Copper,44558
2016-12-26,CU,Copper,43899
2016-12-27,CU,Copper,45001
2016-12-28,CU,Copper,45401
2016-12-29,CU,Copper,45901
2016-12-30,CU,Copper,46301
2017-01-03,CU,Copper,46601
2017-01-04,CU,Copper,46799
2017-01-05,CU,Copper,47301
2017-01-06,CU,Copper,49092
2017-01-09,CU,Copper,48992
2017-01-10,CU,Copper,49689
2017-01-11,CU,Copper,49489
2017-01-12,CU,Copper,56089
2017-01-13,CU,Copper,56338
2017-01-16,CU,Copper,60338
2017-01-17,CU,Copper,64741
2017-01-18,CU,Copper,64741
2017-01-19,CU,Copper,64640
2017-01-20,CU,Copper,64540
2017-01-23,CU,Copper,64438
2017-01-24,CU,Copper,69500
2017-01-25,CU,Copper,75921
2017-01-26,CU,Copper,77124
2017-02-03,CU,Copper,77124
2017-02-06,CU,Copper,79422
2017-02-07,CU,Copper,81919
2017-02-08,CU,Copper,88511
2017-02-09,CU,Copper,97415
2017-02-10,CU,Copper,99588
2017-02-13,CU,Copper,105634
2017-02-14,CU,Copper,125611
2017-02-15,CU,Copper,132201
2017-02-16,CU,Copper,136074
2017-02-17,CU,Copper,135896
2017-02-20,CU,Copper,135596
2017-02-21,CU,Copper,133320
2017-02-22,CU,Copper,135470
2017-02-23,CU,Copper,135945
2017-02-24,CU,Copper,137695
2017-02-27,CU,Copper,140360
2017-02-28,CU,Copper,143212
2017-03-01,CU,Copper,145964
2017-03-02,CU,Copper,151205
2017-03-06,CU,Copper,160607
2017-03-07,CU,Copper,164712
2017-03-08,CU,Copper,166808
2017-03-09,CU,Copper,165887
2017-03-10,CU,Copper,166556
2017-03-13,CU,Copper,171434
2017-03-14,CU,Copper,175783
2017-03-15,CU,Copper,178090
2017-03-16,CU,Copper,178563
2017-03-17,CU,Copper,177738
2017-03-20,CU,Copper,176639
2017-03-21,CU,Copper,175741
2017-03-22,CU,Copper,173288
2017-03-23,CU,Copper,168065
2017-03-24,CU,Copper,168112
2017-03-27,CU,Copper,164468
2017-03-28,CU,Copper,161108
2017-03-29,CU,Copper,158615
2017-03-30,CU,Copper,157526
2017-03-31,CU,Copper,157899
2017-04-05,CU,Copper,158942
2017-04-06,CU,Copper,154499
2017-04-07,CU,Copper,152344
2017-04-10,CU,Copper,146402
2017-04-11,CU,Copper,143626
2017-04-12,CU,Copper,137646
2017-04-13,CU,Copper,133900
2017-04-14,CU,Copper,128818
2017-04-17,CU,Copper,118035
2017-04-18,CU,Copper,116693
2017-04-19,CU,Copper,114011
2017-04-20,CU,Copper,107586
2017-04-21,CU,Copper,103491
2017-04-24,CU,Copper,100664
2017-04-25,CU,Copper,96534
2017-04-26,CU,Copper,94203
2017-04-27,CU,Copper,93820
2017-04-28,CU,Copper,92719
2017-05-02,CU,Copper,91230
2017-05-03,CU,Copper,88382
2017-05-04,CU,Copper,83360
2017-05-05,CU,Copper,78033
2017-05-08,CU,Copper,75317
2017-05-09,CU,Copper,74211
2017-05-10,CU,Copper,72930
2017-05-11,CU,Copper,72300
2017-05-12,CU,Copper,71695
2017-05-15,CU,Copper,71943
2017-05-16,CU,Copper,72742
2017-05-17,CU,Copper,72294
2017-05-18,CU,Copper,71420
2017-05-19,CU,Copper,69716
2017-05-22,CU,Copper,68911
2017-05-23,CU,Copper,68611
2017-05-24,CU,Copper,67611
2017-05-25,CU,Copper,67338
2017-05-26,CU,Copper,66738
2017-05-31,CU,Copper,61746
2017-06-01,CU,Copper,60823
2017-06-02,CU,Copper,59824
2017-06-05,CU,Copper,59724
2017-06-06,CU,Copper,58200
2017-06-07,CU,Copper,56747
2017-06-08,CU,Copper,56171
2017-06-09,CU,Copper,55099
2017-06-12,CU,Copper,55099
2017-06-13,CU,Copper,58120
2017-06-14,CU,Copper,57998
2017-06-15,CU,Copper,58371
2017-06-16,CU,Copper,58541
2017-06-19,CU,Copper,58091
2017-06-20,CU,Copper,57165
2017-06-21,CU,Copper,56466
2017-06-22,CU,Copper,55970
2017-06-23,CU,Copper,55970
2017-06-26,CU,Copper,56671
2017-06-27,CU,Copper,56571
2017-06-28,CU,Copper,56617
2017-06-29,CU,Copper,56368
2017-06-30,CU,Copper,56267
2017-07-03,CU,Copper,56637
2017-07-04,CU,Copper,56537
2017-07-05,CU,Copper,56385
2017-07-06,CU,Copper,57261
2017-07-07,CU,Copper,57004
2017-07-10,CU,Copper,56879
2017-07-11,CU,Copper,56829
2017-07-12,CU,Copper,56154
2017-07-13,CU,Copper,56028
2017-07-14,CU,Copper,57406
2017-07-17,CU,Copper,59089
2017-07-18,CU,Copper,59270
2017-07-19,CU,Copper,58572
2017-07-20,CU,Copper,58372
2017-07-21,CU,Copper,57849
2017-07-24,CU,Copper,57601
2017-07-25,CU,Copper,57277
2017-07-26,CU,Copper,56852
2017-07-27,CU,Copper,56778
2017-07-28,CU,Copper,56578
2017-07-31,CU,Copper,56503
2017-08-01,CU,Copper,56478
2017-08-02,CU,Copper,58710
2017-08-03,CU,Copper,58734
2017-08-04,CU,Copper,61354
2017-08-07,CU,Copper,63933
2017-08-08,CU,Copper,64433
2017-08-09,CU,Copper,64533
2017-08-10,CU,Copper,64533
2017-08-11,CU,Copper,64533
2017-08-14,CU,Copper,65934
2017-08-15,CU,Copper,71226
2017-08-16,CU,Copper,70898
2017-08-17,CU,Copper,70898
2017-08-18,CU,Copper,70698
2017-08-21,CU,Copper,69540
2017-08-22,CU,Copper,68476
2017-08-23,CU,Copper,67764
2017-08-24,CU,Copper,67562
2017-08-25,CU,Copper,67056
2017-08-28,CU,Copper,65533
2017-08-29,CU,Copper,65533
2017-08-30,CU,Copper,65229
2017-08-31,CU,Copper,64451
2017-09-01,CU,Copper,66358
2017-09-04,CU,Copper,66548
2017-09-05,CU,Copper,66295
2017-09-06,CU,Copper,65386
2017-09-07,CU,Copper,64858
2017-09-08,CU,Copper,64352
2017-09-11,CU,Copper,63494
2017-09-12,CU,Copper,64443
2017-09-13,CU,Copper,71145
2017-09-14,CU,Copper,70483
2017-09-15,CU,Copper,65136
2017-09-18,CU,Copper,64078
2017-09-19,CU,Copper,60560
2017-09-20,CU,Copper,57426
2017-09-21,CU,Copper,50597
2017-09-22,CU,Copper,46741
2017-09-25,CU,Copper,38223
2017-09-26,CU,Copper,33755
2017-09-27,CU,Copper,26917
2017-09-28,CU,Copper,23329
2017-09-29,CU,Copper,21680
2017-10-09,CU,Copper,18252
2017-10-10,CU,Copper,15685
2017-10-11,CU,Copper,14777
2017-10-12,CU,Copper,14877
2017-10-13,CU,Copper,21061
2017-10-16,CU,Copper,37505
2017-10-17,CU,Copper,39007
2017-10-18,CU,Copper,38932
2017-10-19,CU,Copper,38782
2017-10-20,CU,Copper,36103
2017-10-23,CU,Copper,35624
2017-10-24,CU,Copper,34373
2017-10-25,CU,Copper,29915
2017-10-26,CU,Copper,28213
2017-10-27,CU,Copper,27963
2017-10-30,CU,Copper,27462
2017-10-31,CU,Copper,26022
2017-11-01,CU,Copper,25772
2017-11-02,CU,Copper,25297
2017-11-03,CU,Copper,24200
2017-11-06,CU,Copper,23977
2017-11-07,CU,Copper,24120
2017-11-08,CU,Copper,24020
2017-11-09,CU,Copper,23946
2017-11-10,CU,Copper,23222
2017-11-13,CU,Copper,25873
2017-11-14,CU,Copper,30444
2017-11-15,CU,Copper,29524
2017-11-16,CU,Copper,32844
2017-11-17,CU,Copper,32418
2017-11-20,CU,Copper,32094
2017-11-21,CU,Copper,31339
2017-11-22,CU,Copper,31289
2017-11-23,CU,Copper,31140
2017-11-24,CU,Copper,30791
2017-11-27,CU,Copper,31592
2017-11-28,CU,Copper,32469
2017-11-29,CU,Copper,32469
2017-11-30,CU,Copper,32970
2017-12-01,CU,Copper,35241
2017-12-04,CU,Copper,35044
2017-12-05,CU,Copper,34369
2017-12-06,CU,Copper,33547
2017-12-07,CU,Copper,33448
2017-12-08,CU,Copper,33072
2017-12-11,CU,Copper,31548
2017-12-12,CU,Copper,31798
2017-12-13,CU,Copper,29095
2017-12-14,CU,Copper,29569
2017-12-15,CU,Copper,34102
2017-12-18,CU,Copper,32534
2017-12-19,CU,Copper,32915
2017-12-20,CU,Copper,33274
2017-12-21,CU,Copper,32874
2017-12-22,CU,Copper,32674
2017-12-25,CU,Copper,33734
2017-12-26,CU,Copper,35460
2017-12-27,CU,Copper,35860
2017-12-28,CU,Copper,36364
2017-12-29,CU,Copper,42304
2018-01-02,CU,Copper,42504
2018-01-03,CU,Copper,42508
2018-01-04,CU,Copper,42100
2018-01-05,CU,Copper,43025
2018-01-08,CU,Copper,42551
2018-01-09,CU,Copper,41712
2018-01-10,CU,Copper,42158
2018-01-11,CU,Copper,41805
2018-01-12,CU,Copper,46057
2018-01-15,CU,Copper,51421
2018-01-16,CU,Copper,54662
2018-01-17,CU,Copper,54462
2018-01-18,CU,Copper,51932
2018-01-19,CU,Copper,50971
2018-01-22,CU,Copper,50695
2018-01-23,CU,Copper,50395
2018-01-24,CU,Copper,50090
2018-01-25,CU,Copper,49131
2018-01-26,CU,Copper,49131
2018-01-29,CU,Copper,49631
2018-01-30,CU,Copper,49431
2018-01-31,CU,Copper,49831
2018-02-01,CU,Copper,51105
2018-02-02,CU,Copper,52166
2018-02-05,CU,Copper,52718
2018-02-06,CU,Copper,54363
2018-02-07,CU,Copper,57227
2018-02-08,CU,Copper,58274
2018-02-09,CU,Copper,70077
2018-02-12,CU,Copper,77557
2018-02-13,CU,Copper,77757
2018-02-14,CU,Copper,77757
2018-02-22,CU,Copper,77581
2018-02-23,CU,Copper,77981
2018-02-26,CU,Copper,78153
2018-02-27,CU,Copper,78053
2018-02-28,CU,Copper,78655
2018-03-01,CU,Copper,78756
2018-03-02,CU,Copper,80509
2018-03-05,CU,Copper,85332
2018-03-06,CU,Copper,88144
2018-03-07,CU,Copper,88970
2018-03-08,CU,Copper,92724
2018-03-09,CU,Copper,101946
2018-03-12,CU,Copper,106127
2018-03-13,CU,Copper,110235
2018-03-14,CU,Copper,128356
2018-03-15,CU,Copper,136934
2018-03-16,CU,Copper,142135
2018-03-19,CU,Copper,141883
2018-03-20,CU,Copper,140705
2018-03-21,CU,Copper,140353
2018-03-22,CU,Copper,138900
2018-03-23,CU,Copper,136550
2018-03-26,CU,Copper,134272
2018-03-27,CU,Copper,133658
2018-03-28,CU,Copper,135181
2018-03-29,CU,Copper,135331
2018-03-30,CU,Copper,136951
2018-04-02,CU,Copper,138448
2018-04-03,CU,Copper,141272
2018-04-04,CU,Copper,138561
2018-04-09,CU,Copper,144761
2018-04-10,CU,Copper,142658
2018-04-11,CU,Copper,145274
2018-04-12,CU,Copper,146397
2018-04-13,CU,Copper,146669
2018-04-16,CU,Copper,147982
2018-04-17,CU,Copper,150821
2018-04-18,CU,Copper,149001
2018-04-19,CU,Copper,144759
2018-04-20,CU,Copper,140853
2018-04-23,CU,Copper,137520
2018-04-24,CU,Copper,139258
2018-04-25,CU,Copper,139707
2018-04-26,CU,Copper,143325
2018-04-27,CU,Copper,145205
2018-05-02,CU,Copper,145510
2018-05-03,CU,Copper,144831
2018-05-04,CU,Copper,142123
2018-05-07,CU,Copper,143875
2018-05-08,CU,Copper,143423
2018-05-09,CU,Copper,141981
2018-05-10,CU,Copper,141257
2018-05-11,CU,Copper,148831
2018-05-14,CU,Copper,149557
2018-05-15,CU,Copper,149037
2018-05-16,CU,Copper,155756
2018-05-17,CU,Copper,155756
2018-05-18,CU,Copper,155704
2018-05-21,CU,Copper,156178
2018-05-22,CU,Copper,152059
2018-05-23,CU,Copper,149009
2018-05-24,CU,Copper,148907
2018-05-25,CU,Copper,146403
2018-05-28,CU,Copper,145643
2018-05-29,CU,Copper,144633
2018-05-30,CU,Copper,143019
2018-05-31,CU,Copper,140456
2018-06-01,CU,Copper,137396
2018-06-04,CU,Copper,135060
2018-06-05,CU,Copper,133719
2018-06-06,CU,Copper,128879
2018-06-07,CU,Copper,129179
2018-06-08,CU,Copper,133617
2018-06-11,CU,Copper,133562
2018-06-12,CU,Copper,137551
2018-06-13,CU,Copper,141284
2018-06-14,CU,Copper,140981
2018-06-15,CU,Copper,146665
2018-06-19,CU,Copper,151732
2018-06-20,CU,Copper,150012
2018-06-21,CU,Copper,149088
2018-06-22,CU,Copper,145072
2018-06-25,CU,Copper,141650
2018-06-26,CU,Copper,142347
2018-06-27,CU,Copper,140972
2018-06-28,CU,Copper,139871
2018-06-29,CU,Copper,142829
2018-07-02,CU,Copper,141071
2018-07-03,CU,Copper,141352
2018-07-04,CU,Copper,140697
2018-07-05,CU,Copper,139311
2018-07-06,CU,Copper,139304
2018-07-09,CU,Copper,136896
2018-07-10,CU,Copper,135218
2018-07-11,CU,Copper,132868
2018-07-12,CU,Copper,136889
2018-07-13,CU,Copper,134063
2018-07-16,CU,Copper,130625
2018-07-17,CU,Copper,127780
2018-07-18,CU,Copper,122961
2018-07-19,CU,Copper,119354
2018-07-20,CU,Copper,109615
2018-07-23,CU,Copper,104786
2018-07-24,CU,Copper,101448
2018-07-25,CU,Copper,97583
2018-07-26,CU,Copper,94440
2018-07-27,CU,Copper,93707
2018-07-30,CU,Copper,92288
2018-07-31,CU,Copper,92640
2018-08-01,CU,Copper,91993
2018-08-02,CU,Copper,91513
2018-08-03,CU,Copper,88058
2018-08-06,CU,Copper,83357
2018-08-07,CU,Copper,81501
2018-08-08,CU,Copper,79843
2018-08-09,CU,Copper,77180
2018-08-10,CU,Copper,77230
2018-08-13,CU,Copper,75082
2018-08-14,CU,Copper,72493
2018-08-15,CU,Copper,72825
2018-08-16,CU,Copper,72298
2018-08-17,CU,Copper,71070
2018-08-20,CU,Copper,66681
2018-08-21,CU,Copper,63656
2018-08-22,CU,Copper,60160
2018-08-23,CU,Copper,58289
2018-08-24,CU,Copper,57109
2018-08-27,CU,Copper,53037
2018-08-28,CU,Copper,51865
2018-08-29,CU,Copper,46869
2018-08-30,CU,Copper,44296
2018-08-31,CU,Copper,43946
2018-09-03,CU,Copper,43372
2018-09-04,CU,Copper,42473
2018-09-05,CU,Copper,41048
2018-09-06,CU,Copper,39321
2018-09-07,CU,Copper,37027
2018-09-10,CU,Copper,37002
2018-09-11,CU,Copper,37476
2018-09-12,CU,Copper,37251
2018-09-13,CU,Copper,38249
2018-09-14,CU,Copper,38723
2018-09-17,CU,Copper,38822
2018-09-18,CU,Copper,44549
2018-09-19,CU,Copper,44549
2018-09-20,CU,Copper,44225
2018-09-21,CU,Copper,40137
2018-09-25,CU,Copper,39413
2018-09-26,CU,Copper,37763
2018-09-27,CU,Copper,37552
2018-09-28,CU,Copper,36547
2018-10-08,CU,Copper,36220
2018-10-09,CU,Copper,36861
2018-10-10,CU,Copper,36861
2018-10-11,CU,Copper,39031
2018-10-12,CU,Copper,45118
2018-10-15,CU,Copper,55343
2018-10-16,CU,Copper,58230
2018-10-17,CU,Copper,58230
2018-10-18,CU,Copper,58130
2018-10-19,CU,Copper,55809
2018-10-22,CU,Copper,55057
2018-10-23,CU,Copper,54708
2018-10-24,CU,Copper,54181
2018-10-25,CU,Copper,54676
2018-10-26,CU,Copper,54448
2018-10-29,CU,Copper,54842
2018-10-30,CU,Copper,56035
2018-10-31,CU,Copper,56416
2018-11-01,CU,Copper,55861
2018-11-02,CU,Copper,55986
2018-11-05,CU,Copper,55212
2018-11-06,CU,Copper,55519
2018-11-07,CU,Copper,54824
2018-11-08,CU,Copper,55026
2018-11-09,CU,Copper,54401
2018-11-12,CU,Copper,54103
2018-11-13,CU,Copper,51981
2018-11-14,CU,Copper,51059
2018-11-15,CU,Copper,52219
2018-11-16,CU,Copper,52417
2018-11-19,CU,Copper,51585
2018-11-20,CU,Copper,50939
2018-11-21,CU,Copper,48596
2018-11-22,CU,Copper,48222
2018-11-23,CU,Copper,46421
2018-11-26,CU,Copper,45670
2018-11-27,CU,Copper,46454
2018-11-28,CU,Copper,45804
2018-11-29,CU,Copper,49852
2018-11-30,CU,Copper,51488
2018-12-03,CU,Copper,51587
2018-12-04,CU,Copper,51738
2018-12-05,CU,Copper,52966
2018-12-06,CU,Copper,53139
2018-12-07,CU,Copper,51319
2018-12-10,CU,Copper,49842
2018-12-11,CU,Copper,49168
2018-12-12,CU,Copper,48763
2018-12-13,CU,Copper,47915
2018-12-14,CU,Copper,48990
2018-12-17,CU,Copper,49193
2018-12-18,CU,Copper,49469
2018-12-19,CU,Copper,48744
2018-12-20,CU,Copper,48419
2018-12-21,CU,Copper,47667
2018-12-24,CU,Copper,36473
2018-12-25,CU,Copper,36348
2018-12-26,CU,Copper,36198
2018-12-27,CU,Copper,36198
2018-12-28,CU,Copper,36198
2019-01-02,CU,Copper,36148
2019-01-03,CU,Copper,36148
2019-01-04,CU,Copper,35898
2019-01-07,CU,Copper,35120
2019-01-08,CU,Copper,34344
2019-01-09,CU,Copper,33839
2019-01-10,CU,Copper,34091
2019-01-11,CU,Copper,34671
2019-01-14,CU,Copper,37222
2019-01-15,CU,Copper,38224
2019-01-16,CU,Copper,37016
2019-01-17,CU,Copper,36916
2019-01-18,CU,Copper,36264
2019-01-21,CU,Copper,36114
2019-01-22,CU,Copper,36114
2019-01-23,CU,Copper,35112
2019-01-24,CU,Copper,36037
2019-01-25,CU,Copper,36037
2019-01-28,CU,Copper,36614
2019-01-29,CU,Copper,37424
2019-01-30,CU,Copper,38044
2019-01-31,CU,Copper,41450
2019-02-01,CU,Copper,43200
2019-02-11,CU,Copper,47853
2019-02-12,CU,Copper,63731
2019-02-13,CU,Copper,75558
2019-02-14,CU,Copper,86250
2019-02-15,CU,Copper,104850
2019-02-18,CU,Copper,109213
2019-02-19,CU,Copper,110122
2019-02-20,CU,Copper,111759
2019-02-21,CU,Copper,113140
2019-02-22,CU,Copper,115121
2019-02-25,CU,Copper,115201
2019-02-26,CU,Copper,116877
2019-02-27,CU,Copper,119606
2019-02-28,CU,Copper,122587
2019-03-01,CU,Copper,124089
2019-03-04,CU,Copper,124962
2019-03-05,CU,Copper,125688
2019-03-06,CU,Copper,128621
2019-03-07,CU,Copper,127599
2019-03-08,CU,Copper,129754
2019-03-11,CU,Copper,131981
2019-03-12,CU,Copper,135718
2019-03-13,CU,Copper,146028
2019-03-14,CU,Copper,153138
2019-03-15,CU,Copper,168605
2019-03-18,CU,Copper,174817
2019-03-19,CU,Copper,177559
2019-03-20,CU,Copper,179441
2019-03-21,CU,Copper,180853
2019-03-22,CU,Copper,183652
2019-03-25,CU,Copper,185995
2019-03-26,CU,Copper,185996
2019-03-27,CU,Copper,187585
2019-03-28,CU,Copper,188139
2019-03-29,CU,Copper,185915
2019-04-01,CU,Copper,182830
2019-04-02,CU,Copper,178207
2019-04-03,CU,Copper,168303
2019-04-04,CU,Copper,161607
2019-04-08,CU,Copper,161738
2019-04-09,CU,Copper,158665
2019-04-10,CU,Copper,158924
2019-04-11,CU,Copper,151964
2019-04-12,CU,Copper,150476
2019-04-15,CU,Copper,147311
2019-04-16,CU,Copper,146591
2019-04-17,CU,Copper,144375
2019-04-18,CU,Copper,142281
2019-04-19,CU,Copper,142309
2019-04-22,CU,Copper,139471
2019-04-23,CU,Copper,138217
2019-04-24,CU,Copper,132058
2019-04-25,CU,Copper,128607
2019-04-26,CU,Copper,126202
2019-04-29,CU,Copper,122404
2019-04-30,CU,Copper,12
2019-05-06,CU,Copper,119394
2019-05-07,CU,Copper,122163
2019-05-08,CU,Copper,120812
2019-05-09,CU,Copper,117941
2019-05-10,CU,Copper,114523
2019-05-13,CU,Copper,115859
2019-05-14,CU,Copper,113768
2019-05-15,CU,Copper,112143
2019-05-16,CU,Copper,115465
2019-05-17,CU,Copper,110207
2019-05-20,CU,Copper,108527
2019-05-21,CU,Copper,102961
2019-05-22,CU,Copper,94822
2019-05-23,CU,Copper,91312
2019-05-24,CU,Copper,91664
2019-05-27,CU,Copper,86611
2019-05-28,CU,Copper,85358
2019-05-29,CU,Copper,84575
2019-05-30,CU,Copper,84129
2019-05-31,CU,Copper,83904
2019-06-03,CU,Copper,82470
2019-06-04,CU,Copper,80137
2019-06-05,CU,Copper,80234
2019-06-06,CU,Copper,72486
2019-06-10,CU,Copper,69112
2019-06-11,CU,Copper,64883
2019-06-12,CU,Copper,67933
2019-06-13,CU,Copper,66081
2019-06-14,CU,Copper,65604
2019-06-17,CU,Copper,66577
2019-06-18,CU,Copper,67179
2019-06-19,CU,Copper,64489
2019-06-20,CU,Copper,61356
2019-06-21,CU,Copper,62421
2019-06-24,CU,Copper,59498
2019-06-25,CU,Copper,60802
2019-06-26,CU,Copper,60701
2019-06-27,CU,Copper,60550
2019-06-28,CU,Copper,63089
2019-07-01,CU,Copper,63764
2019-07-02,CU,Copper,64688
2019-07-03,CU,Copper,64927
2019-07-04,CU,Copper,64223
2019-07-05,CU,Copper,59296
2019-07-08,CU,Copper,60231
2019-07-09,CU,Copper,61500
2019-07-10,CU,Copper,62805
2019-07-11,CU,Copper,67017
2019-07-12,CU,Copper,66746
2019-07-15,CU,Copper,65923
2019-07-16,CU,Copper,64217
2019-07-17,CU,Copper,65371
2019-07-18,CU,Copper,65145
2019-07-19,CU,Copper,62143
2019-07-22,CU,Copper,64320
2019-07-23,CU,Copper,63296
2019-07-24,CU,Copper,61569
2019-07-25,CU,Copper,62816
2019-07-26,CU,Copper,62441
2019-07-29,CU,Copper,62995
2019-07-30,CU,Copper,62970
2019-07-31,CU,Copper,63520
2019-08-01,CU,Copper,65549
2019-08-02,CU,Copper,65397
2019-08-05,CU,Copper,67472
2019-08-06,CU,Copper,65562
2019-08-07,CU,Copper,69090
2019-08-08,CU,Copper,67697
2019-08-09,CU,Copper,64535
2019-08-12,CU,Copper,71449
2019-08-13,CU,Copper,76206
2019-08-14,CU,Copper,76381
2019-08-15,CU,Copper,78631
2019-08-16,CU,Copper,74273
2019-08-19,CU,Copper,76406
2019-08-20,CU,Copper,75683
2019-08-21,CU,Copper,74347
2019-08-22,CU,Copper,69780
2019-08-23,CU,Copper,71316
2019-08-26,CU,Copper,70267
2019-08-27,CU,Copper,68114
2019-08-28,CU,Copper,68412
2019-08-29,CU,Copper,73633
2019-08-30,CU,Copper,74582
2019-09-02,CU,Copper,75909
2019-09-03,CU,Copper,75313
2019-09-04,CU,Copper,74087
2019-09-05,CU,Copper,68689
2019-09-06,CU,Copper,68814
2019-09-09,CU,Copper,65616
2019-09-10,CU,Copper,68792
2019-09-11,CU,Copper,63654
2019-09-12,CU,Copper,60278
2019-09-16,CU,Copper,63510
2019-09-17,CU,Copper,64065
2019-09-18,CU,Copper,67495
2019-09-19,CU,Copper,66899
2019-09-20,CU,Copper,60360
2019-09-23,CU,Copper,55147
2019-09-24,CU,Copper,50033
2019-09-25,CU,Copper,44777
2019-09-26,CU,Copper,41121
2019-09-27,CU,Copper,39696
2019-09-30,CU,Copper,42798
2019-10-08,CU,Copper,48825
2019-10-09,CU,Copper,52277
2019-10-10,CU,Copper,60547
2019-10-11,CU,Copper,58143
2019-10-14,CU,Copper,61728
2019-10-15,CU,Copper,62927
2019-10-16,CU,Copper,64399
2019-10-17,CU,Copper,62654
2019-10-18,CU,Copper,63247
2019-10-21,CU,Copper,61920
2019-10-22,CU,Copper,61220
2019-10-23,CU,Copper,61219
2019-10-24,CU,Copper,61997
2019-10-25,CU,Copper,61198
2019-10-28,CU,Copper,62158
2019-10-29,CU,Copper,62258
2019-10-30,CU,Copper,62259
2019-10-31,CU,Copper,69714
2019-11-01,CU,Copper,68929
2019-11-04,CU,Copper,69912
2019-11-05,CU,Copper,67705
2019-11-06,CU,Copper,69111
2019-11-07,CU,Copper,67728
2019-11-08,CU,Copper,71146
2019-11-11,CU,Copper,68705
2019-11-12,CU,Copper,65198
2019-11-13,CU,Copper,64561
2019-11-14,CU,Copper,67619
2019-11-15,CU,Copper,68358
2019-11-18,CU,Copper,65217
2019-11-19,CU,Copper,58421
2019-11-20,CU,Copper,60840
2019-11-21,CU,Copper,63368
2019-11-22,CU,Copper,63004
2019-11-25,CU,Copper,59129
2019-11-26,CU,Copper,59174
2019-11-27,CU,Copper,58243
2019-11-28,CU,Copper,58468
2019-11-29,CU,Copper,59594
2019-12-02,CU,Copper,64873
2019-12-03,CU,Copper,64603
2019-12-04,CU,Copper,62233
2019-12-05,CU,Copper,61625
2019-12-06,CU,Copper,61495
2019-12-09,CU,Copper,60792
2019-12-10,CU,Copper,63818
2019-12-11,CU,Copper,64942
2019-12-12,CU,Copper,61425
2019-12-13,CU,Copper,58975
2019-12-16,CU,Copper,60496
2019-12-17,CU,Copper,60962
2019-12-18,CU,Copper,59089
2019-12-19,CU,Copper,59041
2019-12-20,CU,Copper,56861
2019-12-23,CU,Copper,55419
2019-12-24,CU,Copper,54716
2019-12-25,CU,Copper,53381
2019-12-26,CU,Copper,53480
2019-12-27,CU,Copper,55158
2019-12-30,CU,Copper,56954
2019-12-31,CU,Copper,57679
2020-01-02,CU,Copper,62963
2020-01-03,CU,Copper,63213
2020-01-06,CU,Copper,66530
2020-01-07,CU,Copper,65681
2020-01-08,CU,Copper,64283
2020-01-09,CU,Copper,65109
2020-01-10,CU,Copper,65032
2020-01-13,CU,Copper,65782
2020-01-14,CU,Copper,67503
2020-01-15,CU,Copper,71096
2020-01-16,CU,Copper,70724
2020-01-17,CU,Copper,70576
2020-01-20,CU,Copper,70277
2020-01-21,CU,Copper,70552
2020-01-22,CU,Copper,72310
2020-01-23,CU,Copper,72635
2020-02-03,CU,Copper,78210
2020-02-04,CU,Copper,82910
2020-02-05,CU,Copper,86904
2020-02-06,CU,Copper,89272
2020-02-07,CU,Copper,92897
2020-02-10,CU,Copper,98299
2020-02-11,CU,Copper,99674
2020-02-12,CU,Copper,101324
2020-02-13,CU,Copper,137300
2020-02-14,CU,Copper,142988
2020-02-17,CU,Copper,156277
2020-02-18,CU,Copper,159215
2020-02-19,CU,Copper,159217
2020-02-20,CU,Copper,159347
2020-02-21,CU,Copper,165965
2020-02-24,CU,Copper,166984
2020-02-25,CU,Copper,170087
2020-02-26,CU,Copper,170087
2020-02-27,CU,Copper,170087
2020-02-28,CU,Copper,171186
2020-03-02,CU,Copper,171186
2020-03-03,CU,Copper,174182
2020-03-04,CU,Copper,184998
2020-03-05,CU,Copper,192107
2020-03-06,CU,Copper,196498
2020-03-09,CU,Copper,207174
2020-03-10,CU,Copper,207082
2020-03-11,CU,Copper,216513
2020-03-12,CU,Copper,230368
2020-03-13,CU,Copper,239298
2020-03-16,CU,Copper,245306
2020-03-17,CU,Copper,246870
2020-03-18,CU,Copper,246520
2020-03-19,CU,Copper,245943
2020-03-20,CU,Copper,245519
2020-03-23,CU,Copper,242183
2020-03-24,CU,Copper,240656
2020-03-25,CU,Copper,235909
2020-03-26,CU,Copper,232286
2020-03-27,CU,Copper,229729
2020-03-30,CU,Copper,223924
2020-03-31,CU,Copper,223388
2020-04-01,CU,Copper,216414
2020-04-02,CU,Copper,209082
2020-04-03,CU,Copper,203406
2020-04-07,CU,Copper,197220
2020-04-08,CU,Copper,192279
2020-04-09,CU,Copper,187200
2020-04-10,CU,Copper,177422
2020-04-13,CU,Copper,173357
2020-04-14,CU,Copper,171841
2020-04-15,CU,Copper,167010
2020-04-16,CU,Copper,163496
2020-04-17,CU,Copper,161568
2020-04-20,CU,Copper,158009
2020-04-21,CU,Copper,151738
2020-04-22,CU,Copper,143897
2020-04-23,CU,Copper,132128
2020-04-24,CU,Copper,119306
2020-04-27,CU,Copper,105216
2020-04-28,CU,Copper,100759
2020-04-29,CU,Copper,95753
2020-04-30,CU,Copper,86811
2020-05-06,CU,Copper,80860
2020-05-07,CU,Copper,72950
2020-05-08,CU,Copper,69344
2020-05-11,CU,Copper,62943
2020-05-12,CU,Copper,64548
2020-05-13,CU,Copper,65916
2020-05-14,CU,Copper,65570
2020-05-15,CU,Copper,71053
2020-05-18,CU,Copper,69873
2020-05-19,CU,Copper,68589
2020-05-20,CU,Copper,66732
2020-05-21,CU,Copper,64426
2020-05-22,CU,Copper,63325
2020-05-25,CU,Copper,59954
2020-05-26,CU,Copper,58408
2020-05-27,CU,Copper,56898
2020-05-28,CU,Copper,56052
2020-05-29,CU,Copper,54324
2020-06-01,CU,Copper,51324
2020-06-02,CU,Copper,47966
2020-06-03,CU,Copper,44540
2020-06-04,CU,Copper,44059
2020-06-05,CU,Copper,44058
2020-06-08,CU,Copper,41286
2020-06-09,CU,Copper,41534
2020-06-10,CU,Copper,41435
2020-06-11,CU,Copper,42161
2020-06-12,CU,Copper,42621
2020-06-15,CU,Copper,56878
2020-06-16,CU,Copper,57127
2020-06-17,CU,Copper,56553
2020-06-18,CU,Copper,56103
2020-06-19,CU,Copper,48576
2020-06-22,CU,Copper,42271
2020-06-23,CU,Copper,40869
2020-06-24,CU,Copper,38541
2020-06-29,CU,Copper,36417
2020-06-30,CU,Copper,36763
2020-07-01,CU,Copper,36787
2020-07-02,CU,Copper,36163
2020-07-03,CU,Copper,36963
2020-07-06,CU,Copper,38986
2020-07-07,CU,Copper,39962
2020-07-08,CU,Copper,40289
2020-07-09,CU,Copper,41462
2020-07-10,CU,Copper,40867
2020-07-13,CU,Copper,47426
2020-07-14,CU,Copper,52574
2020-07-15,CU,Copper,65024
2020-07-16,CU,Copper,65177
2020-07-17,CU,Copper,64626
2020-07-20,CU,Copper,65262
2020-07-21,CU,Copper,63571
2020-07-22,CU,Copper,62615
2020-07-23,CU,Copper,60240
2020-07-24,CU,Copper,58792
2020-07-27,CU,Copper,58618
2020-07-28,CU,Copper,59792
2020-07-29,CU,Copper,59189
2020-07-30,CU,Copper,60662
2020-07-31,CU,Copper,62136
2020-08-03,CU,Copper,63654
2020-08-04,CU,Copper,65383
2020-08-05,CU,Copper,64758
2020-08-06,CU,Copper,63756
2020-08-07,CU,Copper,65430
2020-08-10,CU,Copper,64184
2020-08-11,CU,Copper,65050
2020-08-12,CU,Copper,65407
2020-08-13,CU,Copper,66265
2020-08-14,CU,Copper,63863
2020-08-17,CU,Copper,58938
2020-08-18,CU,Copper,60439
2020-08-19,CU,Copper,58763
2020-08-20,CU,Copper,58738
2020-08-21,CU,Copper,59133
2020-08-24,CU,Copper,57333
2020-08-25,CU,Copper,56750
2020-08-26,CU,Copper,58021
2020-08-27,CU,Copper,57795
2020-08-28,CU,Copper,57541
2020-08-31,CU,Copper,58117
2020-09-01,CU,Copper,58960
2020-09-02,CU,Copper,58482
2020-09-03,CU,Copper,58981
2020-09-04,CU,Copper,58606
2020-09-07,CU,Copper,60032
2020-09-08,CU,Copper,62229
2020-09-09,CU,Copper,62906
2020-09-10,CU,Copper,63796
2020-09-11,CU,Copper,64921
2020-09-14,CU,Copper,67245
2020-09-15,CU,Copper,72443
2020-09-16,CU,Copper,74471
2020-09-17,CU,Copper,73370
2020-09-18,CU,Copper,74373
2020-09-21,CU,Copper,72520
2020-09-22,CU,Copper,67486
2020-09-23,CU,Copper,63879
2020-09-24,CU,Copper,61522
2020-09-25,CU,Copper,55243
2020-09-28,CU,Copper,53116
2020-09-29,CU,Copper,52860
2020-09-30,CU,Copper,56158
2020-10-09,CU,Copper,55356
2020-10-12,CU,Copper,61308
2020-10-13,CU,Copper,60532
2020-10-14,CU,Copper,59654
2020-10-15,CU,Copper,67599
2020-10-16,CU,Copper,67401
2020-10-19,CU,Copper,67626
2020-10-20,CU,Copper,66752
2020-10-21,CU,Copper,64830
2020-10-22,CU,Copper,64081
2020-10-23,CU,Copper,62605
2020-10-26,CU,Copper,63944
2020-10-27,CU,Copper,64267
2020-10-28,CU,Copper,62393
2020-10-29,CU,Copper,60319
2020-10-30,CU,Copper,58421
2020-11-02,CU,Copper,57172
2020-11-03,CU,Copper,56621
2020-11-04,CU,Copper,56020
2020-11-05,CU,Copper,55646
2020-11-06,CU,Copper,54368
2020-11-09,CU,Copper,53767
2020-11-10,CU,Copper,53318
2020-11-11,CU,Copper,51896
2020-11-12,CU,Copper,50250
2020-11-13,CU,Copper,49232
2020-11-16,CU,Copper,49334
2020-11-17,CU,Copper,49086
2020-11-18,CU,Copper,48885
2020-11-19,CU,Copper,48034
2020-11-20,CU,Copper,46210
2020-11-23,CU,Copper,45735
2020-11-24,CU,Copper,43638
2020-11-25,CU,Copper,42541
2020-11-26,CU,Copper,39847
2020-11-27,CU,Copper,31152
2020-11-30,CU,Copper,30653
2020-12-01,CU,Copper,30830
2020-12-02,CU,Copper,30229
2020-12-03,CU,Copper,29259
2020-12-04,CU,Copper,27716
2020-12-07,CU,Copper,27920
2020-12-08,CU,Copper,28146
2020-12-09,CU,Copper,29349
2020-12-10,CU,Copper,29498
2020-12-11,CU,Copper,29498
2020-12-14,CU,Copper,31190
2020-12-15,CU,Copper,31890
2020-12-16,CU,Copper,32391
2020-12-17,CU,Copper,30519
2020-12-18,CU,Copper,28920
2020-12-21,CU,Copper,27621
2020-12-22,CU,Copper,27622
2020-12-23,CU,Copper,28327
2020-12-24,CU,Copper,29304
2020-12-25,CU,Copper,28855
2020-12-28,CU,Copper,28155
2020-12-29,CU,Copper,31101
2020-12-30,CU,Copper,30880
2020-12-31,CU,Copper,33433
2021-01-04,CU,Copper,33107
2021-01-05,CU,Copper,31954
2021-01-06,CU,Copper,30677
2021-01-07,CU,Copper,29747
2021-01-08,CU,Copper,27643
2021-01-11,CU,Copper,26894
2021-01-12,CU,Copper,26019
2021-01-13,CU,Copper,25893
2021-01-14,CU,Copper,23585
2021-01-15,CU,Copper,25505
2021-01-18,CU,Copper,26642
2021-01-19,CU,Copper,26642
2021-01-20,CU,Copper,26042
2021-01-21,CU,Copper,23915
2021-01-22,CU,Copper,23286
2021-01-25,CU,Copper,20111
2021-01-26,CU,Copper,20760
2021-01-27,CU,Copper,20635
2021-01-28,CU,Copper,20360
2021-01-29,CU,Copper,19810
2021-02-01,CU,Copper,20410
2021-02-02,CU,Copper,19836
2021-02-03,CU,Copper,19187
2021-02-04,CU,Copper,21791
2021-02-05,CU,Copper,30631
2021-02-08,CU,Copper,33616
2021-02-09,CU,Copper,34216
2021-02-10,CU,Copper,35766
2021-02-18,CU,Copper,37839
2021-02-19,CU,Copper,40137
2021-02-22,CU,Copper,48982
2021-02-23,CU,Copper,53975
2021-02-24,CU,Copper,56925
2021-02-25,CU,Copper,60020
2021-02-26,CU,Copper,65745
2021-03-01,CU,Copper,69961
2021-03-02,CU,Copper,76965
2021-03-03,CU,Copper,78356
2021-03-04,CU,Copper,78256
2021-03-05,CU,Copper,81416
2021-03-08,CU,Copper,87668
2021-03-09,CU,Copper,90666
2021-03-10,CU,Copper,91789
2021-03-11,CU,Copper,92564
2021-03-12,CU,Copper,9
2021-03-15,CU,Copper,114073
2021-03-16,CU,Copper,113900
2021-03-17,CU,Copper,113250
2021-03-18,CU,Copper,114844
2021-03-19,CU,Copper,114618
2021-03-22,CU,Copper,114367
2021-03-23,CU,Copper,114919
2021-03-24,CU,Copper,113450
2021-03-25,CU,Copper,112103
2021-03-26,CU,Copper,111356
2021-03-29,CU,Copper,112031
2021-03-30,CU,Copper,112731
2021-03-31,CU,Copper,115657
2021-04-01,CU,Copper,115657
2021-04-02,CU,Copper,115208
2021-04-06,CU,Copper,116866
2021-04-07,CU,Copper,115690
2021-04-08,CU,Copper,115089
2021-04-09,CU,Copper,115088
2021-04-12,CU,Copper,116363
2021-04-13,CU,Copper,118417
2021-04-14,CU,Copper,120944
2021-04-15,CU,Copper,125234
2021-04-16,CU,Copper,125858
2021-04-19,CU,Copper,125255
2021-04-20,CU,Copper,124728
2021-04-21,CU,Copper,124503
2021-04-22,CU,Copper,124678
2021-04-23,CU,Copper,125743
2021-04-26,CU,Copper,126143
2021-04-27,CU,Copper,127741
2021-04-28,CU,Copper,130160
2021-04-29,CU,Copper,130560
2021-04-30,CU,Copper,134931
2021-05-06,CU,Copper,135730
2021-05-07,CU,Copper,136531
2021-05-10,CU,Copper,139611
2021-05-11,CU,Copper,148499
2021-05-12,CU,Copper,154209
2021-05-13,CU,Copper,162730
2021-05-14,CU,Copper,162592
2021-05-17,CU,Copper,170615
2021-05-18,CU,Copper,172594
2021-05-19,CU,Copper,170973
2021-05-20,CU,Copper,168540
2021-05-21,CU,Copper,163359
2021-05-24,CU,Copper,160051
2021-05-25,CU,Copper,157427
2021-05-26,CU,Copper,155966
2021-05-27,CU,Copper,154859
2021-05-28,CU,Copper,151787
2021-05-31,CU,Copper,151025
2021-06-01,CU,Copper,151600
2021-06-02,CU,Copper,149043
2021-06-03,CU,Copper,144642
2021-06-04,CU,Copper,140976
2021-06-07,CU,Copper,138267
2021-06-08,CU,Copper,132892
2021-06-09,CU,Copper,128941
2021-06-10,CU,Copper,126615
2021-06-11,CU,Copper,124481
2021-06-15,CU,Copper,127023
2021-06-16,CU,Copper,1239
2021-06-17,CU,Copper,121032
2021-06-18,CU,Copper,118830
2021-06-21,CU,Copper,112626
2021-06-22,CU,Copper,107576
2021-06-23,CU,Copper,104397
2021-06-24,CU,Copper,103436
2021-06-25,CU,Copper,102355
2021-06-28,CU,Copper,101109
2021-06-29,CU,Copper,100836
2021-06-30,CU,Copper,100312
2021-07-01,CU,Copper,99334
2021-07-02,CU,Copper,96934
2021-07-05,CU,Copper,92096
2021-07-06,CU,Copper,89023
2021-07-07,CU,Copper,85098
2021-07-08,CU,Copper,84590
2021-07-09,CU,Copper,82043
2021-07-12,CU,Copper,76287
2021-07-13,CU,Copper,73166
2021-07-14,CU,Copper,71639
2021-07-15,CU,Copper,70243
2021-07-16,CU,Copper,69279
2021-07-19,CU,Copper,67279
2021-07-20,CU,Copper,62582
2021-07-21,CU,Copper,58659
2021-07-22,CU,Copper,55586
2021-07-23,CU,Copper,51362
2021-07-26,CU,Copper,50164
2021-07-27,CU,Copper,49365
2021-07-28,CU,Copper,48939
2021-07-29,CU,Copper,48090
2021-08-02,CU,Copper,46191
2021-08-03,CU,Copper,46016
2021-08-04,CU,Copper,45439
2021-08-05,CU,Copper,44766
2021-08-06,CU,Copper,43992
2021-08-09,CU,Copper,42716
2021-08-10,CU,Copper,41667
2021-08-11,CU,Copper,40969
2021-08-12,CU,Copper,40670
2021-08-13,CU,Copper,37921
2021-08-16,CU,Copper,36052
2021-08-17,CU,Copper,38501
2021-08-18,CU,Copper,38476
2021-08-19,CU,Copper,38251
2021-08-20,CU,Copper,35902
2021-08-23,CU,Copper,34300
2021-08-24,CU,Copper,33300
2021-08-25,CU,Copper,31900
2021-08-26,CU,Copper,30328
2021-08-27,CU,Copper,30826
2021-08-30,CU,Copper,26878
2021-08-31,CU,Copper,24978
2021-09-01,CU,Copper,24852
2021-09-02,CU,Copper,24602
2021-09-03,CU,Copper,24153
2021-09-06,CU,Copper,23128
2021-09-07,CU,Copper,22978
2021-09-08,CU,Copper,22780
2021-09-09,CU,Copper,22380
2021-09-10,CU,Copper,23330
2021-09-13,CU,Copper,22980
2021-09-14,CU,Copper,22530
2021-09-15,CU,Copper,23107
2021-09-16,CU,Copper,22558
2021-09-17,CU,Copper,19883
2021-09-22,CU,Copper,16708
2021-09-23,CU,Copper,14884
2021-09-24,CU,Copper,13583
2021-09-27,CU,Copper,13156
2021-09-28,CU,Copper,11680
2021-09-29,CU,Copper,11656
2021-09-30,CU,Copper,10082
2021-10-08,CU,Copper,10582
2021-10-11,CU,Copper,10034
2021-10-12,CU,Copper,10034
2021-10-13,CU,Copper,10185
2021-10-14,CU,Copper,10084
2021-10-15,CU,Copper,10361
2021-10-18,CU,Copper,11886
2021-10-19,CU,Copper,11957
2021-10-20,CU,Copper,11908
2021-10-21,CU,Copper,11509
2021-10-22,CU,Copper,11458
2021-10-25,CU,Copper,11560
2021-10-26,CU,Copper,11535
2021-10-27,CU,Copper,11833
2021-10-28,CU,Copper,11886
2021-10-29,CU,Copper,11885
2021-11-01,CU,Copper,12359
2021-11-02,CU,Copper,11859
2021-11-03,CU,Copper,10382
2021-11-04,CU,Copper,10032
2021-11-05,CU,Copper,9734
2021-11-08,CU,Copper,9685
2021-11-09,CU,Copper,10285
2021-11-10,CU,Copper,11285
2021-11-11,CU,Copper,12435
2021-11-12,CU,Copper,14059
2021-11-15,CU,Copper,17511
2021-11-16,CU,Copper,19159
2021-11-17,CU,Copper,18384
2021-11-18,CU,Copper,17709
2021-11-19,CU,Copper,16159
2021-11-22,CU,Copper,12363
2021-11-23,CU,Copper,12338
2021-11-24,CU,Copper,12213
2021-11-25,CU,Copper,12112
2021-11-26,CU,Copper,11937
2021-11-29,CU,Copper,11786
2021-11-30,CU,Copper,11786
2021-12-01,CU,Copper,11137
2021-12-02,CU,Copper,10488
2021-12-03,CU,Copper,7389
2021-12-06,CU,Copper,5583
2021-12-07,CU,Copper,5782
2021-12-08,CU,Copper,6331
2021-12-09,CU,Copper,6331
2021-12-10,CU,Copper,6331
2021-12-13,CU,Copper,7754
2021-12-14,CU,Copper,9080
2021-12-15,CU,Copper,9581
2021-12-16,CU,Copper,10006
2021-12-17,CU,Copper,10206
2021-12-20,CU,Copper,10680
2021-12-21,CU,Copper,10330
2021-12-22,CU,Copper,9181
2021-12-23,CU,Copper,6705
2021-12-24,CU,Copper,6656
2021-12-27,CU,Copper,6806
2021-12-28,CU,Copper,7307
2021-12-29,CU,Copper,7582
2021-12-30,CU,Copper,6930
2021-12-31,CU,Copper,6980
2022-01-04,CU,Copper,6955
2022-01-05,CU,Copper,6855
2022-01-06,CU,Copper,6855
2022-01-07,CU,Copper,6855
2022-01-10,CU,Copper,6199
2022-01-11,CU,Copper,5325
2022-01-12,CU,Copper,5074
2022-01-13,CU,Copper,4774
2022-01-14,CU,Copper,3424
2022-01-17,CU,Copper,10624
2022-01-18,CU,Copper,13874
2022-01-19,CU,Copper,13123
2022-01-20,CU,Copper,13123
2022-01-21,CU,Copper,13173
2022-01-24,CU,Copper,13473
2022-01-25,CU,Copper,13623
2022-01-26,CU,Copper,13623
2022-01-27,CU,Copper,14450
2022-01-28,CU,Copper,15124
2022-02-07,CU,Copper,19120
2022-02-08,CU,Copper,22142
2022-02-09,CU,Copper,24464
2022-02-10,CU,Copper,26489
2022-02-11,CU,Copper,34915
2022-02-14,CU,Copper,52618
2022-02-15,CU,Copper,66188
2022-02-16,CU,Copper,71069
2022-02-17,CU,Copper,71069
2022-02-18,CU,Copper,70349
2022-02-21,CU,Copper,69796
2022-02-22,CU,Copper,69175
2022-02-23,CU,Copper,70099
2022-02-24,CU,Copper,70798
2022-02-25,CU,Copper,70922
2022-02-28,CU,Copper,70872
2022-03-01,CU,Copper,72146
2022-03-02,CU,Copper,73201
2022-03-03,CU,Copper,75384
2022-03-04,CU,Copper,73789
2022-03-07,CU,Copper,74992
2022-03-08,CU,Copper,75672
2022-03-09,CU,Copper,74596
2022-03-10,CU,Copper,70602
2022-03-11,CU,Copper,64671
2022-03-14,CU,Copper,65270
2022-03-15,CU,Copper,63227
2022-03-16,CU,Copper,63946
2022-03-17,CU,Copper,63219
2022-03-18,CU,Copper,60862
2022-03-21,CU,Copper,56473
2022-03-22,CU,Copper,55273
2022-03-23,CU,Copper,53550
2022-03-24,CU,Copper,48201
2022-03-25,CU,Copper,46829
2022-03-28,CU,Copper,44231
2022-03-29,CU,Copper,42904
2022-03-30,CU,Copper,42651
2022-03-31,CU,Copper,41651
2022-04-01,CU,Copper,41553
2022-04-06,CU,Copper,39477
2022-04-07,CU,Copper,38828
2022-04-08,CU,Copper,37680
2022-04-11,CU,Copper,36105
2022-04-12,CU,Copper,35107
2022-04-13,CU,Copper,35006
2022-04-14,CU,Copper,35404
2022-04-15,CU,Copper,41196
2022-04-18,CU,Copper,49163
2022-04-19,CU,Copper,48485
2022-04-20,CU,Copper,47433
2022-04-21,CU,Copper,44653
2022-04-22,CU,Copper,41731
2022-04-25,CU,Copper,37339
2022-04-26,CU,Copper,32205
2022-04-27,CU,Copper,27891
2022-04-28,CU,Copper,22599
2022-04-29,CU,Copper,17952
2022-05-05,CU,Copper,17349
2022-05-06,CU,Copper,17724
2022-05-09,CU,Copper,15187
2022-05-10,CU,Copper,15288
2022-05-11,CU,Copper,15839
2022-05-12,CU,Copper,15440
2022-05-13,CU,Copper,18301
2022-05-16,CU,Copper,26495
2022-05-17,CU,Copper,30296
2022-05-18,CU,Copper,29022
2022-05-19,CU,Copper,28378
2022-05-20,CU,Copper,25498
2022-05-23,CU,Copper,21347
2022-05-24,CU,Copper,19643
2022-05-25,CU,Copper,17643
2022-05-26,CU,Copper,14442
2022-05-27,CU,Copper,11584
2022-05-30,CU,Copper,9336
2022-05-31,CU,Copper,8008
2022-06-01,CU,Copper,7632
2022-06-02,CU,Copper,6955
2022-06-06,CU,Copper,6555
2022-06-07,CU,Copper,6481
2022-06-08,CU,Copper,6531
2022-06-09,CU,Copper,7627
2022-06-10,CU,Copper,8883
2022-06-13,CU,Copper,9433
2022-06-14,CU,Copper,9333
2022-06-15,CU,Copper,19545
2022-06-16,CU,Copper,21343
2022-06-17,CU,Copper,20793
2022-06-20,CU,Copper,19292
2022-06-21,CU,Copper,18339
2022-06-22,CU,Copper,17162
2022-06-23,CU,Copper,16285
2022-06-24,CU,Copper,15084
2022-06-27,CU,Copper,15056
2022-06-28,CU,Copper,13956
2022-06-29,CU,Copper,14856
2022-06-30,CU,Copper,15157
2022-07-01,CU,Copper,14957
2022-07-04,CU,Copper,14408
2022-07-05,CU,Copper,14383
2022-07-06,CU,Copper,15333
2022-07-07,CU,Copper,15108
2022-07-08,CU,Copper,15083
2022-07-11,CU,Copper,15083
2022-07-12,CU,Copper,15584
2022-07-13,CU,Copper,16702
2022-07-14,CU,Copper,2
2022-07-15,CU,Copper,26134
2022-07-18,CU,Copper,26088
2022-07-19,CU,Copper,25411
2022-07-20,CU,Copper,23749
2022-07-21,CU,Copper,20479
2022-07-22,CU,Copper,14265
2022-07-25,CU,Copper,10104
2022-07-26,CU,Copper,9103
2022-07-27,CU,Copper,8426
2022-07-28,CU,Copper,8051
2022-07-29,CU,Copper,7648
2022-08-01,CU,Copper,6325
2022-08-02,CU,Copper,5626
2022-08-03,CU,Copper,5151
2022-08-04,CU,Copper,4853
2022-08-05,CU,Copper,4603
2022-08-08,CU,Copper,4553
2022-08-09,CU,Copper,4403
2022-08-10,CU,Copper,4053
2022-08-11,CU,Copper,4973
2022-08-12,CU,Copper,7862
2022-08-15,CU,Copper,9879
2022-08-16,CU,Copper,9372
2022-08-17,CU,Copper,8361
2022-08-18,CU,Copper,6501
2022-08-19,CU,Copper,3959
2022-08-22,CU,Copper,3682
2022-08-23,CU,Copper,3455
2022-08-24,CU,Copper,3179
2022-08-25,CU,Copper,3104
2022-08-26,CU,Copper,4654
2022-08-29,CU,Copper,4579
2022-08-30,CU,Copper,3853
2022-08-31,CU,Copper,3653
2022-09-01,CU,Copper,3629
2022-09-02,CU,Copper,3629
2022-09-05,CU,Copper,3127
2022-09-06,CU,Copper,3127
2022-09-07,CU,Copper,3848
2022-09-08,CU,Copper,3848
2022-09-09,CU,Copper,3448
2022-09-13,CU,Copper,3224
2022-09-14,CU,Copper,3224
2022-09-15,CU,Copper,5121
2022-09-16,CU,Copper,9551
2022-09-19,CU,Copper,9101
2022-09-20,CU,Copper,8549
2022-09-21,CU,Copper,7946
2022-09-22,CU,Copper,6686
2022-09-23,CU,Copper,5256
2022-09-26,CU,Copper,4804
2022-09-27,CU,Copper,4330
2022-09-28,CU,Copper,4004
2022-09-29,CU,Copper,3729
2022-09-30,CU,Copper,3729
2022-10-10,CU,Copper,3729
2022-10-11,CU,Copper,4556
2022-10-12,CU,Copper,9668
2022-10-13,CU,Copper,14093
2022-10-14,CU,Copper,25588
2022-10-17,CU,Copper,72612
2022-10-18,CU,Copper,77514
2022-10-19,CU,Copper,70547
2022-10-20,CU,Copper,65070
2022-10-21,CU,Copper,52287
2022-10-24,CU,Copper,49486
2022-10-25,CU,Copper,41880
2022-10-26,CU,Copper,37855
2022-10-27,CU,Copper,30714
2022-10-28,CU,Copper,28082
2022-10-31,CU,Copper,26624
2022-11-01,CU,Copper,25040
2022-11-02,CU,Copper,20670
2022-11-03,CU,Copper,19124
2022-11-04,CU,Copper,18701
2022-11-07,CU,Copper,19227
2022-11-08,CU,Copper,21410
2022-11-09,CU,Copper,22558
2022-11-10,CU,Copper,25006
2022-11-11,CU,Copper,32247
2022-11-14,CU,Copper,49433
2022-11-15,CU,Copper,61661
2022-11-16,CU,Copper,61976
2022-11-17,CU,Copper,59025
2022-11-18,CU,Copper,49164
2022-11-21,CU,Copper,45840
2022-11-22,CU,Copper,41815
2022-11-23,CU,Copper,39262
2022-11-24,CU,Copper,36054
2022-11-25,CU,Copper,35044
2022-11-28,CU,Copper,33780
2022-11-29,CU,Copper,31784
2022-11-30,CU,Copper,31433
2022-12-01,CU,Copper,30356
2022-12-02,CU,Copper,27385
2022-12-05,CU,Copper,26392
2022-12-06,CU,Copper,26392
2022-12-07,CU,Copper,26367
2022-12-08,CU,Copper,19753
2022-12-09,CU,Copper,20929
2022-12-12,CU,Copper,23775
2022-12-13,CU,Copper,24100
2022-12-14,CU,Copper,26711
2022-12-15,CU,Copper,32279
2022-12-16,CU,Copper,31550
2022-12-19,CU,Copper,30220
2022-12-20,CU,Copper,27943
2022-12-21,CU,Copper,27492
2022-12-22,CU,Copper,26937
2022-12-23,CU,Copper,26182
2022-12-26,CU,Copper,25349
2022-12-27,CU,Copper,25804
2022-12-28,CU,Copper,26183
2022-12-29,CU,Copper,28772
2022-12-30,CU,Copper,29997
2023-01-03,CU,Copper,30372
2023-01-04,CU,Copper,29149
2023-01-05,CU,Copper,27347
2023-01-06,CU,Copper,27298
2023-01-09,CU,Copper,28086
2023-01-10,CU,Copper,28086
2023-01-11,CU,Copper,30556
2023-01-12,CU,Copper,47197
2023-01-13,CU,Copper,53919
2023-01-16,CU,Copper,73396
2023-01-17,CU,Copper,79197
2023-01-18,CU,Copper,81172
2023-01-19,CU,Copper,83199
2023-01-20,CU,Copper,87182
2023-01-30,CU,Copper,101547
2023-01-31,CU,Copper,102652
2023-02-01,CU,Copper,104607
2023-02-02,CU,Copper,108348
2023-02-03,CU,Copper,110386
2023-02-06,CU,Copper,112577
2023-02-07,CU,Copper,112362
2023-02-08,CU,Copper,112437
2023-02-09,CU,Copper,115045
2023-02-10,CU,Copper,114084
2023-02-13,CU,Copper,120313
2023-02-14,CU,Copper,120564
2023-02-15,CU,Copper,132004
2023-02-16,CU,Copper,132530
2023-02-17,CU,Copper,131286
2023-02-20,CU,Copper,131087
2023-02-21,CU,Copper,133809
2023-02-22,CU,Copper,133795
2023-02-23,CU,Copper,139991
2023-02-24,CU,Copper,139843
2023-02-27,CU,Copper,140242
2023-02-28,CU,Copper,140809
2023-03-01,CU,Copper,143014
2023-03-02,CU,Copper,142024
2023-03-03,CU,Copper,140557
2023-03-06,CU,Copper,138696
2023-03-07,CU,Copper,135101
2023-03-08,CU,Copper,134853
2023-03-09,CU,Copper,129122
2023-03-10,CU,Copper,121826
2023-03-13,CU,Copper,117358
2023-03-14,CU,Copper,114990
2023-03-15,CU,Copper,119347
2023-03-16,CU,Copper,115862
2023-03-17,CU,Copper,108129
2023-03-20,CU,Copper,97416
2023-03-21,CU,Copper,92184
2023-03-22,CU,Copper,89714
2023-03-23,CU,Copper,87610
2023-03-24,CU,Copper,81992
2023-03-27,CU,Copper,76932
2023-03-28,CU,Copper,73952
2023-03-29,CU,Copper,72766
2023-03-30,CU,Copper,72058
2023-03-31,CU,Copper,71301
2023-04-03,CU,Copper,70698
2023-04-04,CU,Copper,67450
2023-04-06,CU,Copper,65932
2023-04-07,CU,Copper,63903
2023-04-10,CU,Copper,63147
2023-04-11,CU,Copper,62661
2023-04-12,CU,Copper,66123
2023-04-13,CU,Copper,65772
2023-04-14,CU,Copper,71606
2023-04-17,CU,Copper,81807
2023-04-18,CU,Copper,80956
2023-04-19,CU,Copper,79781
2023-04-20,CU,Copper,75092
2023-04-21,CU,Copper,68000
2023-04-24,CU,Copper,59813
2023-04-25,CU,Copper,58491
2023-04-26,CU,Copper,59676
2023-04-27,CU,Copper,59251
2023-04-28,CU,Copper,62331
2023-05-04,CU,Copper,61162
2023-05-05,CU,Copper,59609
2023-05-08,CU,Copper,53515
2023-05-09,CU,Copper,52814
2023-05-10,CU,Copper,55024
2023-05-11,CU,Copper,55573
2023-05-12,CU,Copper,59273
2023-05-15,CU,Copper,61521
2023-05-16,CU,Copper,61666
2023-05-17,CU,Copper,60486
2023-05-18,CU,Copper,57736
2023-05-19,CU,Copper,51349
2023-05-22,CU,Copper,45958
2023-05-23,CU,Copper,45456
2023-05-24,CU,Copper,45156
2023-05-25,CU,Copper,44855
2023-05-26,CU,Copper,42901
2023-05-29,CU,Copper,42102
2023-05-30,CU,Copper,42028
2023-05-31,CU,Copper,42404
2023-06-01,CU,Copper,42055
2023-06-02,CU,Copper,40494
2023-06-05,CU,Copper,42930
2023-06-06,CU,Copper,42427
2023-06-07,CU,Copper,37588
2023-06-08,CU,Copper,36580
2023-06-09,CU,Copper,30801
2023-06-12,CU,Copper,26277
2023-06-13,CU,Copper,27277
2023-06-14,CU,Copper,26502
2023-06-15,CU,Copper,30753
2023-06-16,CU,Copper,31128
2023-06-19,CU,Copper,30002
2023-06-20,CU,Copper,28203
2023-06-21,CU,Copper,22278
2023-06-26,CU,Copper,20229
2023-06-27,CU,Copper,19904
2023-06-28,CU,Copper,20205
2023-06-29,CU,Copper,20005
2023-06-30,CU,Copper,18605
2023-07-03,CU,Copper,18005
2023-07-04,CU,Copper,17804
2023-07-05,CU,Copper,17305
2023-07-06,CU,Copper,16479
2023-07-07,CU,Copper,16429
2023-07-10,CU,Copper,16154
2023-07-11,CU,Copper,17431
2023-07-12,CU,Copper,18510
2023-07-13,CU,Copper,20894
2023-07-14,CU,Copper,24079
2023-07-17,CU,Copper,36340
2023-07-18,CU,Copper,36011
2023-07-19,CU,Copper,35783
2023-07-20,CU,Copper,34781
2023-07-21,CU,Copper,31643
2023-07-24,CU,Copper,27984
2023-07-25,CU,Copper,25048
2023-07-26,CU,Copper,22041
2023-07-27,CU,Copper,19713
2023-07-28,CU,Copper,16189
2023-07-31,CU,Copper,12740
2023-08-01,CU,Copper,13066
2023-08-02,CU,Copper,12263
2023-08-03,CU,Copper,11161
2023-08-04,CU,Copper,10711
2023-08-07,CU,Copper,11159
2023-08-08,CU,Copper,12563
2023-08-09,CU,Copper,14264
2023-08-10,CU,Copper,14189
2023-08-11,CU,Copper,14414
2023-08-14,CU,Copper,19614
2023-08-15,CU,Copper,19812
2023-08-16,CU,Copper,20488
2023-08-17,CU,Copper,20413
2023-08-18,CU,Copper,15936
2023-08-21,CU,Copper,14085
2023-08-22,CU,Copper,12186
2023-08-23,CU,Copper,11861
2023-08-24,CU,Copper,10361
2023-08-25,CU,Copper,9760
2023-08-28,CU,Copper,8261
2023-08-29,CU,Copper,7612
2023-08-30,CU,Copper,7512
2023-08-31,CU,Copper,7285
2023-09-01,CU,Copper,7285
2023-09-04,CU,Copper,7285
2023-09-05,CU,Copper,9275
2023-09-06,CU,Copper,9275
2023-09-07,CU,Copper,7785
2023-09-08,CU,Copper,6957
2023-09-11,CU,Copper,5448
2023-09-12,CU,Copper,4823
2023-09-13,CU,Copper,6899
2023-09-14,CU,Copper,8347
2023-09-15,CU,Copper,13601
2023-09-18,CU,Copper,17021
2023-09-19,CU,Copper,15696
2023-09-20,CU,Copper,15372
2023-09-21,CU,Copper,14693
2023-09-22,CU,Copper,13891
2023-09-25,CU,Copper,11036
2023-09-26,CU,Copper,8731
2023-09-27,CU,Copper,4264
2023-09-28,CU,Copper,2408
2023-10-09,CU,Copper,4725
2023-10-10,CU,Copper,5525
2023-10-11,CU,Copper,5098
2023-10-12,CU,Copper,4348
2023-10-13,CU,Copper,12800
2023-10-16,CU,Copper,18755
2023-10-17,CU,Copper,18456
2023-10-18,CU,Copper,15839
2023-10-19,CU,Copper,13681
2023-10-20,CU,Copper,11419
2023-10-23,CU,Copper,10270
2023-10-24,CU,Copper,8490
2023-10-25,CU,Copper,5574
2023-10-26,CU,Copper,3679
2023-10-27,CU,Copper,2818
2023-10-30,CU,Copper,1731
2023-10-31,CU,Copper,1731
2023-11-01,CU,Copper,1053
2023-11-02,CU,Copper,1053
2023-11-03,CU,Copper,753
2023-11-06,CU,Copper,753
2023-11-07,CU,Copper,753
2023-11-08,CU,Copper,1132
2023-11-09,CU,Copper,1132
2023-11-10,CU,Copper,1132
2023-11-13,CU,Copper,1056
2023-11-14,CU,Copper,1056
2023-11-15,CU,Copper,2333
2023-11-16,CU,Copper,3810
2023-11-17,CU,Copper,5235
2023-11-20,CU,Copper,4959
2023-11-21,CU,Copper,3582
2023-11-22,CU,Copper,3256
2023-11-23,CU,Copper,3453
2023-11-24,CU,Copper,3453
2023-11-27,CU,Copper,3453
2023-11-28,CU,Copper,2756
2023-11-29,CU,Copper,2455
2023-11-30,CU,Copper,1530
2023-12-01,CU,Copper,2672
2023-12-04,CU,Copper,3170
2023-12-05,CU,Copper,3170
2023-12-06,CU,Copper,2773
2023-12-07,CU,Copper,2573
2023-12-08,CU,Copper,2573
2023-12-11,CU,Copper,2399
2023-12-12,CU,Copper,2749
2023-12-13,CU,Copper,3593
2023-12-14,CU,Copper,5042
2023-12-15,CU,Copper,12078
2023-12-18,CU,Copper,12855
2023-12-19,CU,Copper,12185
2023-12-20,CU,Copper,11312
2023-12-21,CU,Copper,8837
2023-12-22,CU,Copper,6357
2023-12-25,CU,Copper,2478
2023-12-26,CU,Copper,2478
2023-12-27,CU,Copper,3922
2023-12-28,CU,Copper,5750
2023-12-29,CU,Copper,5977
2024-01-02,CU,Copper,4307
2024-01-03,CU,Copper,4058
2024-01-04,CU,Copper,3459
2024-01-05,CU,Copper,3058
2024-01-08,CU,Copper,1380
2024-01-09,CU,Copper,2380
2024-01-10,CU,Copper,2482
2024-01-11,CU,Copper,2482
2024-01-12,CU,Copper,4273
2024-01-15,CU,Copper,10097
2024-01-16,CU,Copper,14086
2024-01-17,CU,Copper,14836
2024-01-18,CU,Copper,14559
2024-01-19,CU,Copper,13557
2024-01-22,CU,Copper,12055
2024-01-23,CU,Copper,11853
2024-01-24,CU,Copper,11953
2024-01-25,CU,Copper,11756
2024-01-26,CU,Copper,12253
2024-01-29,CU,Copper,13249
2024-01-30,CU,Copper,16502
2024-01-31,CU,Copper,18229
2024-02-01,CU,Copper,18532
2024-02-02,CU,Copper,20956
2024-02-05,CU,Copper,27907
2024-02-06,CU,Copper,34682
2024-02-07,CU,Copper,38219
2024-02-08,CU,Copper,49525
2024-02-19,CU,Copper,98733
2024-02-20,CU,Copper,119519
2024-02-21,CU,Copper,118751
2024-02-22,CU,Copper,117710
2024-02-23,CU,Copper,122909
2024-02-26,CU,Copper,124082
2024-02-27,CU,Copper,124392
2024-02-28,CU,Copper,130565
2024-02-29,CU,Copper,131864
2024-03-01,CU,Copper,132362
2024-03-04,CU,Copper,132588
2024-03-05,CU,Copper,137061
2024-03-06,CU,Copper,143620
2024-03-07,CU,Copper,148638
2024-03-08,CU,Copper,157470
2024-03-11,CU,Copper,166020
2024-03-12,CU,Copper,173071
2024-03-13,CU,Copper,178224
2024-03-14,CU,Copper,186201
2024-03-15,CU,Copper,201687
2024-03-18,CU,Copper,205917
2024-03-19,CU,Copper,205818
2024-03-20,CU,Copper,205542
2024-03-21,CU,Copper,206990
2024-03-22,CU,Copper,207465
2024-03-25,CU,Copper,209416
2024-03-26,CU,Copper,215466
2024-03-27,CU,Copper,217461
2024-03-28,CU,Copper,219453
2024-03-29,CU,Copper,221227
2024-04-01,CU,Copper,223168
2024-04-02,CU,Copper,224667
2024-04-03,CU,Copper,227392
2024-04-08,CU,Copper,227064
2024-04-09,CU,Copper,233544
2024-04-10,CU,Copper,227431
2024-04-11,CU,Copper,225397
2024-04-12,CU,Copper,229525
2024-04-15,CU,Copper,230017
2024-04-16,CU,Copper,234303
2024-04-17,CU,Copper,232472
2024-04-18,CU,Copper,234266
2024-04-19,CU,Copper,232914
2024-04-22,CU,Copper,235125
2024-04-23,CU,Copper,220990
2024-04-24,CU,Copper,220711
2024-04-25,CU,Copper,213989
2024-04-26,CU,Copper,215217
2024-04-29,CU,Copper,212223
2024-04-30,CU,Copper,201356
2024-05-06,CU,Copper,205244
2024-05-07,CU,Copper,214472
2024-05-08,CU,Copper,216714
2024-05-09,CU,Copper,215459
2024-05-10,CU,Copper,223629
2024-05-13,CU,Copper,225768
2024-05-14,CU,Copper,235779
2024-05-15,CU,Copper,241280
2024-05-16,CU,Copper,241280
2024-05-17,CU,Copper,229535
2024-05-20,CU,Copper,229535
2024-05-21,CU,Copper,224275
2024-05-22,CU,Copper,224155
2024-05-23,CU,Copper,225197
2024-05-24,CU,Copper,223535
2024-05-27,CU,Copper,225106
2024-05-28,CU,Copper,226715
2024-05-29,CU,Copper,231515
2024-05-30,CU,Copper,235655
2024-05-31,CU,Copper,235655
2024-06-03,CU,Copper,223629
2024-06-04,CU,Copper,253658
2024-06-05,CU,Copper,259674
2024-06-06,CU,Copper,259140
2024-06-07,CU,Copper,261267
2024-06-11,CU,Copper,260076
2024-06-12,CU,Copper,261198
2024-06-13,CU,Copper,268889
2024-06-14,CU,Copper,266626
2024-06-17,CU,Copper,265094
2024-06-18,CU,Copper,262046
2024-06-19,CU,Copper,258050
2024-06-20,CU,Copper,256122
2024-06-21,CU,Copper,255240
2024-06-24,CU,Copper,255387
2024-06-25,CU,Copper,254965
2024-06-26,CU,Copper,254646
2024-06-27,CU,Copper,253459
2024-06-28,CU,Copper,249623
2024-07-01,CU,Copper,251631
2024-07-02,CU,Copper,255754
2024-07-03,CU,Copper,254559
2024-07-04,CU,Copper,253365
2024-07-05,CU,Copper,250589
2024-07-08,CU,Copper,249290
2024-07-09,CU,Copper,250629
2024-07-10,CU,Copper,248618
2024-07-11,CU,Copper,249794
2024-07-12,CU,Copper,248480
2024-07-15,CU,Copper,249233
2024-07-16,CU,Copper,253950
2024-07-17,CU,Copper,252802
2024-07-18,CU,Copper,247147
2024-07-19,CU,Copper,240821
2024-07-22,CU,Copper,230087
2024-07-23,CU,Copper,224052
2024-07-24,CU,Copper,221016
2024-07-25,CU,Copper,219041
2024-07-26,CU,Copper,213470
2024-07-29,CU,Copper,207283
2024-07-30,CU,Copper,205947
2024-07-31,CU,Copper,206695
2024-08-01,CU,Copper,204097
2024-08-02,CU,Copper,201848
2024-08-05,CU,Copper,197947
2024-08-06,CU,Copper,195719
2024-08-07,CU,Copper,192498
2024-08-08,CU,Copper,191050
2024-08-09,CU,Copper,188842
2024-08-12,CU,Copper,187708
2024-08-13,CU,Copper,183906
2024-08-14,CU,Copper,180996
2024-08-15,CU,Copper,171993
2024-08-16,CU,Copper,166879
2024-08-19,CU,Copper,158731
2024-08-20,CU,Copper,153677
2024-08-21,CU,Copper,151953
2024-08-22,CU,Copper,148590
2024-08-23,CU,Copper,144371
2024-08-26,CU,Copper,143365
2024-08-27,CU,Copper,140614
2024-08-28,CU,Copper,139344
2024-08-29,CU,Copper,137162
2024-08-30,CU,Copper,135040
2024-09-02,CU,Copper,133002
2024-09-03,CU,Copper,127978
2024-09-04,CU,Copper,123102
2024-09-05,CU,Copper,119218
2024-09-06,CU,Copper,113785
2024-09-09,CU,Copper,109601
2024-09-10,CU,Copper,107449
2024-09-11,CU,Copper,102062
2024-09-12,CU,Copper,99740
2024-09-13,CU,Copper,96884
2024-09-18,CU,Copper,91318
2024-09-19,CU,Copper,87566
2024-09-20,CU,Copper,82801
2024-09-23,CU,Copper,74493
2024-09-24,CU,Copper,63944
2024-09-25,CU,Copper,57338
2024-09-26,CU,Copper,53983
2024-09-27,CU,Copper,51631
2024-09-30,CU,Copper,52132
2024-10-08,CU,Copper,54617
2024-10-09,CU,Copper,53070
2024-10-10,CU,Copper,52594
2024-10-11,CU,Copper,52893
2024-10-14,CU,Copper,60941
2024-10-15,CU,Copper,66640
2024-10-16,CU,Copper,68487
2024-10-17,CU,Copper,66540
2024-10-18,CU,Copper,63008
2024-10-21,CU,Copper,60701
2024-10-22,CU,Copper,59330
2024-10-23,CU,Copper,58557
2024-10-24,CU,Copper,58510
2024-10-25,CU,Copper,57543
2024-10-28,CU,Copper,55532
2024-10-29,CU,Copper,53455
2024-10-30,CU,Copper,51672
2024-10-31,CU,Copper,50948
2024-11-01,CU,Copper,51402
2024-11-04,CU,Copper,49573
2024-11-05,CU,Copper,47397
2024-11-06,CU,Copper,45867
2024-11-07,CU,Copper,43042
2024-11-08,CU,Copper,38841
2024-11-11,CU,Copper,37739
2024-11-12,CU,Copper,39363
2024-11-13,CU,Copper,39360
2024-11-14,CU,Copper,38210
2024-11-15,CU,Copper,37456
2024-11-18,CU,Copper,41529
2024-11-19,CU,Copper,36734
2024-11-20,CU,Copper,29377
2024-11-21,CU,Copper,27107
2024-11-22,CU,Copper,24345
2024-11-25,CU,Copper,23645
2024-11-26,CU,Copper,25098
2024-11-27,CU,Copper,24076
2024-11-28,CU,Copper,22476
2024-11-29,CU,Copper,21201
2024-12-02,CU,Copper,19628
2024-12-03,CU,Copper,19733
2024-12-04,CU,Copper,19432
2024-12-05,CU,Copper,19083
2024-12-06,CU,Copper,18808
2024-12-09,CU,Copper,19509
2024-12-10,CU,Copper,18858
2024-12-11,CU,Copper,18704
2024-12-12,CU,Copper,18247
2024-12-13,CU,Copper,19122
2024-12-16,CU,Copper,24642
2024-12-17,CU,Copper,29976
2024-12-18,CU,Copper,27450
2024-12-19,CU,Copper,23825
2024-12-20,CU,Copper,19490
2024-12-23,CU,Copper,16415
2024-12-24,CU,Copper,15515
2024-12-25,CU,Copper,14659
2024-12-26,CU,Copper,13061
2024-12-27,CU,Copper,13011
2024-12-30,CU,Copper,17184
2024-12-31,CU,Copper,17936
2025-01-02,CU,Copper,19206
2025-01-03,CU,Copper,18094
2025-01-06,CU,Copper,15652
2025-01-07,CU,Copper,14750
2025-01-08,CU,Copper,13949
2025-01-09,CU,Copper,13367
2025-01-10,CU,Copper,12540
2025-01-13,CU,Copper,11085
2025-01-14,CU,Copper,9730
2025-01-15,CU,Copper,9484
2025-01-16,CU,Copper,15215
2025-01-17,CU,Copper,15191
2025-01-20,CU,Copper,15449
2025-01-21,CU,Copper,16917
2025-01-22,CU,Copper,17419
2025-01-23,CU,Copper,20367
2025-01-24,CU,Copper,21765
2025-01-27,CU,Copper,25445
2025-02-05,CU,Copper,26459
2025-02-06,CU,Copper,46727
2025-02-07,CU,Copper,53008
2025-02-10,CU,Copper,68204
2025-02-11,CU,Copper,80303
2025-02-12,CU,Copper,83999
2025-02-13,CU,Copper,91932
2025-02-14,CU,Copper,111621
2025-02-17,CU,Copper,154491
2025-02-18,CU,Copper,156298
2025-02-19,CU,Copper,157332
2025-02-20,CU,Copper,152463
2025-02-21,CU,Copper,154085
2025-02-24,CU,Copper,153766
2025-02-25,CU,Copper,152692
2025-02-26,CU,Copper,153277
2025-02-27,CU,Copper,154676
2025-02-28,CU,Copper,157557
2025-03-03,CU,Copper,156931
2025-03-04,CU,Copper,161789
2025-03-05,CU,Copper,160775
2025-03-06,CU,Copper,159141
2025-03-07,CU,Copper,157487
2025-03-10,CU,Copper,156594
2025-03-11,CU,Copper,151703
2025-03-12,CU,Copper,149351
2025-03-13,CU,Copper,158262
2025-03-14,CU,Copper,157649
2025-03-17,CU,Copper,163102
2025-03-18,CU,Copper,162599
2025-03-19,CU,Copper,158
2025-03-20,CU,Copper,154136
2025-03-21,CU,Copper,150060
2025-03-24,CU,Copper,146011
2025-03-25,CU,Copper,143140
2025-03-26,CU,Copper,139568
2025-03-27,CU,Copper,137906
2025-03-28,CU,Copper,135731
2025-03-31,CU,Copper,137460
2025-04-01,CU,Copper,136003
2025-04-02,CU,Copper,130379
2025-04-03,CU,Copper,125960
2025-04-07,CU,Copper,116824
2025-04-08,CU,Copper,108768
2025-04-09,CU,Copper,97393
2025-04-10,CU,Copper,89524
2025-04-11,CU,Copper,86564
2025-04-14,CU,Copper,89369
2025-04-15,CU,Copper,92209
2025-04-16,CU,Copper,101344
2025-04-17,CU,Copper,77124
2025-04-18,CU,Copper,65097
2025-04-21,CU,Copper,52791
2025-04-22,CU,Copper,46693
2025-04-23,CU,Copper,44965
2025-04-24,CU,Copper,42964
2025-04-25,CU,Copper,41588
2025-04-28,CU,Copper,36884
2025-04-29,CU,Copper,34042
2025-04-30,CU,Copper,28166
2025-05-06,CU,Copper,24922
2025-05-07,CU,Copper,21541
2025-05-08,CU,Copper,19540
2025-05-09,CU,Copper,19165
2025-05-12,CU,Copper,20084
2025-05-13,CU,Copper,29157
2025-05-14,CU,Copper,50069
2025-05-15,CU,Copper,60535
2025-05-16,CU,Copper,63247
2025-05-19,CU,Copper,61913
2025-05-20,CU,Copper,45738
2025-05-21,CU,Copper,41218
2025-05-22,CU,Copper,31754
2025-05-23,CU,Copper,33406
2025-05-26,CU,Copper,32833
2025-05-27,CU,Copper,34961
2025-05-28,CU,Copper,34861
2025-05-29,CU,Copper,32165
2025-05-30,CU,Copper,34128
2025-06-03,CU,Copper,31404
2025-06-04,CU,Copper,31933
2025-06-05,CU,Copper,31687
2025-06-06,CU,Copper,32278
2025-06-09,CU,Copper,34242
2025-06-10,CU,Copper,33746
2025-06-11,CU,Copper,33373
2025-06-12,CU,Copper,32785
2025-06-13,CU,Copper,36269
2025-06-16,CU,Copper,47051
2025-06-17,CU,Copper,54541
2025-06-18,CU,Copper,47014
2025-06-19,CU,Copper,44816
2025-06-20,CU,Copper,33882
2025-06-23,CU,Copper,25528
2025-06-24,CU,Copper,22425
2025-06-25,CU,Copper,21470
2025-06-26,CU,Copper,23696
2025-06-27,CU,Copper,25346
2025-06-30,CU,Copper,25851
2025-07-01,CU,Copper,24773
2025-07-02,CU,Copper,25097
2025-07-03,CU,Copper,24103
2025-07-04,CU,Copper,22307
2025-07-07,CU,Copper,21682
2025-07-08,CU,Copper,19109
2025-07-09,CU,Copper,21336
2025-07-10,CU,Copper,21729
2025-07-11,CU,Copper,23307
2025-07-14,CU,Copper,34379
2025-07-15,CU,Copper,50133
2025-07-16,CU,Copper,50242
2025-07-17,CU,Copper,42139
2025-07-18,CU,Copper,38239
2025-07-21,CU,Copper,28177
2025-07-22,CU,Copper,25507
2025-07-23,CU,Copper,15535
2025-07-24,CU,Copper,16183
2025-07-25,CU,Copper,16133
2025-07-28,CU,Copper,17832
2025-07-29,CU,Copper,18083
2025-07-30,CU,Copper,19973
2025-07-31,CU,Copper,19622
2025-08-01,CU,Copper,20349
2025-08-04,CU,Copper,20348
2025-08-05,CU,Copper,18767
2025-08-06,CU,Copper,20346
2025-08-07,CU,Copper,20145
2025-08-08,CU,Copper,21272
2025-08-11,CU,Copper,23275
2025-08-12,CU,Copper,26296
2025-08-13,CU,Copper,22800
2025-08-14,CU,Copper,24434
2025-08-15,CU,Copper,24560
2025-08-18,CU,Copper,25498
2025-08-19,CU,Copper,25498
2025-08-20,CU,Copper,25223
2025-08-21,CU,Copper,25157
2025-08-22,CU,Copper,24148
2025-08-25,CU,Copper,23747
2025-08-26,CU,Copper,22917
2025-08-27,CU,Copper,21287
2025-08-28,CU,Copper,21232
2025-08-29,CU,Copper,21412
2025-09-01,CU,Copper,20200
2025-09-02,CU,Copper,19501
2025-09-03,CU,Copper,19471
2025-09-04,CU,Copper,19829
2025-09-05,CU,Copper,18927
2025-09-08,CU,Copper,18926
2025-09-09,CU,Copper,19081
2025-09-10,CU,Copper,19126
2025-09-11,CU,Copper,20028
2025-09-12,CU,Copper,25560
2025-09-15,CU,Copper,30643
2025-09-16,CU,Copper,33692
2025-09-17,CU,Copper,33291
2025-09-18,CU,Copper,32469
2025-09-19,CU,Copper,31838
2025-09-22,CU,Copper,29893
2025-09-23,CU,Copper,27727
2025-09-24,CU,Copper,27419
2025-09-25,CU,Copper,27662
2025-09-26,CU,Copper,26557
2025-09-29,CU,Copper,25603
2025-09-30,CU,Copper,26823
2025-10-09,CU,Copper,29703
2025-10-10,CU,Copper,29964
2025-10-13,CU,Copper,32890
2025-10-14,CU,Copper,36295
2025-10-15,CU,Copper,44531
2025-10-16,CU,Copper,44406
2025-10-17,CU,Copper,42849
2025-10-20,CU,Copper,41319
2025-10-21,CU,Copper,37678
2025-10-22,CU,Copper,36553
2025-10-23,CU,Copper,36048
2025-10-24,CU,Copper,35071
2025-10-27,CU,Copper,35392
2025-10-28,CU,Copper,35846
2025-10-29,CU,Copper,35745
2025-10-30,CU,Copper,37437
2025-10-31,CU,Copper,39710
2025-11-03,CU,Copper,40066
2025-11-04,CU,Copper,41147
2025-11-05,CU,Copper,42561
2025-11-06,CU,Copper,43893
2025-11-07,CU,Copper,43394
2025-11-10,CU,Copper,43789
2025-11-11,CU,Copper,42964
2025-11-12,CU,Copper,44088
2025-11-13,CU,Copper,43957
2025-11-14,CU,Copper,49830
2025-11-17,CU,Copper,56965
2025-11-18,CU,Copper,60874
2025-11-19,CU,Copper,58352
2025-11-20,CU,Copper,54983
2025-11-21,CU,Copper,49790
2025-11-24,CU,Copper,43816
2025-11-25,CU,Copper,40965
2025-11-26,CU,Copper,39825
2025-11-27,CU,Copper,35873
2025-11-28,CU,Copper,35244
2025-12-01,CU,Copper,31495
2025-12-02,CU,Copper,30568
2025-12-03,CU,Copper,28969
2025-12-04,CU,Copper,32139
2025-12-05,CU,Copper,30936
2025-12-08,CU,Copper,29956
2025-12-09,CU,Copper,29531
2025-12-10,CU,Copper,28931
2025-12-11,CU,Copper,31461
2025-12-12,CU,Copper,32563
2025-12-15,CU,Copper,42226
2025-12-16,CU,Copper,45784
2025-12-17,CU,Copper,44877
2025-12-18,CU,Copper,44650
2025-12-19,CU,Copper,45739
2025-12-22,CU,Copper,48542
2025-12-23,CU,Copper,49543
2025-12-24,CU,Copper,52222
2025-12-25,CU,Copper,59083
2025-12-26,CU,Copper,58647
2025-12-29,CU,Copper,65878
2025-12-30,CU,Copper,71738
2025-12-31,CU,Copper,81775
2026-01-05,CU,Copper,90282
2026-01-06,CU,Copper,93271
2026-01-07,CU,Copper,96474
2026-01-08,CU,Copper,108685
2026-01-09,CU,Copper,111216
2026-01-12,CU,Copper,116622
2026-01-13,CU,Copper,122127
2026-01-14,CU,Copper,149339
2026-01-15,CU,Copper,162717
2026-01-16,CU,Copper,160417
2026-01-19,CU,Copper,152655
2026-01-20,CU,Copper,148193
2026-01-21,CU,Copper,145581
2026-01-22,CU,Copper,143173
2026-01-23,CU,Copper,143173
2026-01-26,CU,Copper,145314
2026-01-27,CU,Copper,144908
2026-01-28,CU,Copper,148038
2026-01-29,CU,Copper,151628
2026-01-30,CU,Copper,156851
2026-02-02,CU,Copper,158527
2026-02-03,CU,Copper,159021
2026-02-04,CU,Copper,159772
2026-02-05,CU,Copper,160679
2026-02-06,CU,Copper,160172
2026-02-09,CU,Copper,157128
2026-02-10,CU,Copper,165939
2026-02-11,CU,Copper,178897
2026-02-12,CU,Copper,187179
2026-02-13,CU,Copper,196680
2026-02-24,CU,Copper,277089
2026-02-25,CU,Copper,287806
2026-02-26,CU,Copper,289219
2026-02-27,CU,Copper,290594
2026-03-02,CU,Copper,295881
2026-03-03,CU,Copper,300505
2026-03-04,CU,Copper,302475
2026-03-05,CU,Copper,303632
2026-03-06,CU,Copper,315488
2026-03-09,CU,Copper,319087
2026-03-10,CU,Copper,319655
2026-03-11,CU,Copper,320416
2026-03-12,CU,Copper,326327
2026-03-13,CU,Copper,315063
