time,open,high,low,close
2003-01-15,33.2,33.2,33.2,33.2
2003-01-22,33.2,33.601,32.798,32.968
2003-01-23,32.968,33.044,32.039,32.39
2003-01-24,32.39,33.44,32.236,33.42
2003-01-27,33.42,33.42,32.32,32.401
2003-01-28,32.401,32.918,32.401,32.767
2003-01-29,32.767,33.996,32.767,33.795
2003-01-30,33.795,34.112,33.51,33.961
2003-01-31,33.961,33.961,33.344,33.604
2003-02-03,33.604,33.604,32.737,32.867
2003-02-04,32.867,33.834,32.867,33.654
2003-02-05,33.654,34.281,33.178,34.009
2003-02-06,34.009,34.526,33.975,34.225
2003-02-07,34.225,35.322,34.225,35.221
2003-02-10,35.221,35.221,34.354,34.554
2003-02-11,34.554,35.7,34.52,35.5
2003-02-12,35.5,35.945,35.145,35.795
2003-02-13,35.795,36.441,35.795,36.44
2003-02-14,36.44,36.935,35.915,36.835
2003-02-18,36.835,37.473,36.747,37.463
2003-02-19,37.463,37.729,36.893,37.544
2003-02-20,37.544,37.544,36.401,36.449
2003-02-21,36.449,37.707,36.449,37.308
2003-02-24,37.308,38.125,37.308,38.094
2003-02-25,38.094,38.664,37.382,37.59
2003-02-26,37.59,39.5,37.59,39.239
2003-02-27,39.239,41.515,38.449,38.6
2003-02-28,38.6,38.959,37.609,37.963
2003-03-03,37.963,37.963,36.431,36.888
2003-03-04,36.888,38.269,36.888,37.945
2003-03-05,37.945,38.311,36.87,37.683
2003-03-06,37.683,38.134,37.523,37.905
2003-03-07,37.905,38.729,37.666,38.677
2003-03-10,38.677,38.677,37.712,37.935
2003-03-11,37.935,37.992,36.887,37.29
2003-03-12,37.29,38.497,36.932,38.371
2003-03-13,38.371,38.371,36.148,36.552
2003-03-14,36.552,36.552,34.174,35.68
2003-03-17,35.68,36.61,34.194,35.141
2003-03-18,35.141,36.403,34.637,34.98
2003-03-19,34.98,35.366,33.844,34.018
2003-03-20,34.018,34.825,31.971,32.451
2003-03-21,32.451,32.451,30.228,30.966
2003-03-24,30.966,32.782,30.966,32.495
2003-03-25,32.495,33.561,31.395,31.564
2003-03-26,31.564,32.618,31.564,32.215
2003-03-27,32.215,34.146,32.215,34.035
2003-03-28,34.035,34.403,33.294,33.609
2003-03-31,33.609,34.22,33.376,34.154
2003-04-01,34.154,34.154,32.381,32.593
2003-04-02,32.593,32.593,30.746,31.198
2003-04-03,31.198,31.787,30.762,31.476
2003-04-04,31.476,31.476,30.218,30.929
2003-04-07,30.929,30.929,29.597,29.894
2003-04-08,29.894,30.203,29.465,29.765
2003-04-09,29.765,30.645,29.39,30.557
2003-04-10,30.557,30.557,28.771,28.939
2003-04-11,28.939,29.591,28.404,29.57
2003-04-14,29.57,29.707,28.766,29.623
2003-04-15,29.623,30.424,29.416,30.217
2003-04-16,30.217,30.468,29.28,29.932
2003-04-17,29.932,30.117,28.919,30.012
2003-04-21,30.012,30.265,29.539,30.052
2003-04-22,30.052,30.052,28.97,29.126
2003-04-23,29.126,29.126,27.375,27.683
2003-04-24,27.683,27.852,26.559,27.675
2003-04-25,27.675,28.026,26.933,27.139
2003-04-28,27.139,27.139,26.174,26.252
2003-04-29,26.252,26.324,25.809,25.978
2003-04-30,25.978,27.26,25.978,26.538
2003-05-01,26.538,27.124,26.538,26.789
2003-05-02,26.789,27.24,26.057,26.382
2003-05-05,26.382,27.119,26.206,27.017
2003-05-06,27.017,27.036,25.959,26.265
2003-05-07,26.265,26.844,26.061,26.737
2003-05-08,26.737,27.821,26.554,27.412
2003-05-09,27.412,28.41,27.412,28.115
2003-05-12,28.115,28.782,27.511,27.714
2003-05-13,27.714,28.836,27.714,28.786
2003-05-14,28.786,29.604,28.196,29.421
2003-05-15,29.421,29.72,28.705,28.927
2003-05-16,28.927,29.369,28.793,29.268
2003-05-19,29.268,29.353,28.339,28.643
2003-05-20,28.643,28.986,28.329,28.733
2003-05-21,28.733,29.957,28.733,29.369
2003-05-22,29.369,29.369,28.663,29.197
2003-05-23,29.197,29.763,29.197,29.489
2003-05-27,29.489,29.82,28.81,29.626
2003-05-28,29.626,29.626,28.778,28.818
2003-05-29,28.818,29.645,28.517,29.322
2003-05-30,29.322,29.885,29.252,29.765
2003-06-02,29.765,31.051,29.765,30.929
2003-06-03,30.929,31,30.527,30.867
2003-06-04,30.867,31.19,30.061,30.232
2003-06-05,30.232,30.975,30.001,30.874
2003-06-06,30.874,31.466,30.795,31.416
2003-06-09,31.416,31.984,31.031,31.561
2003-06-10,31.561,31.891,31.019,31.85
2003-06-11,31.85,32.613,31.73,32.471
2003-06-12,32.471,32.471,31.446,31.596
2003-06-13,31.596,31.596,29.931,30.682
2003-06-16,30.682,31.3,30.478,31.228
2003-06-17,31.228,31.238,30.838,31.106
2003-06-18,31.106,31.106,29.95,30.529
2003-06-19,30.529,30.529,29.793,30.157
2003-06-20,30.157,31.321,30.157,31.162
2003-06-23,31.162,31.162,30.375,30.661
2003-06-24,30.661,30.661,29.98,30.208
2003-06-25,30.208,31.541,30.208,31.414
2003-06-26,31.414,31.414,30.21,30.364
2003-06-27,30.364,30.834,30.142,30.572
2003-06-30,30.572,31.451,30.472,31.346
2003-07-01,31.346,31.655,30.832,31.524
2003-07-02,31.524,31.815,30.985,31.21
2003-07-03,31.21,32.05,31.145,31.495
2003-07-07,31.495,31.495,30.633,30.762
2003-07-08,30.762,31.161,30.272,31.077
2003-07-09,31.077,31.65,30.709,31.647
2003-07-10,31.647,32.288,31.498,31.713
2003-07-11,31.713,32.384,31.533,31.918
2003-07-14,31.918,31.918,31.098,31.755
2003-07-15,31.755,32.151,31.339,31.982
2003-07-16,31.982,32.407,31.255,31.522
2003-07-17,31.522,31.895,31.287,31.5
2003-07-18,31.5,31.849,31.208,31.746
2003-07-21,31.746,31.839,30.958,31.393
2003-07-22,31.393,31.393,29.945,30.147
2003-07-23,30.147,30.414,29.754,30.32
2003-07-24,30.32,30.951,29.957,30.941
2003-07-25,30.941,31.006,30.46,30.718
2003-07-28,30.718,30.837,30.079,30.49
2003-07-29,30.49,30.867,30.221,30.651
2003-07-30,30.651,31.3,30.443,31.198
2003-07-31,31.198,31.416,30.824,30.964
2003-08-01,30.964,32.809,30.928,32.779
2003-08-04,32.779,32.779,32.063,32.102
2003-08-05,32.102,32.833,32.011,32.676
2003-08-06,32.676,33.13,31.759,32.068
2003-08-07,32.068,32.745,31.989,32.672
2003-08-08,32.672,33.129,31.968,32.419
2003-08-11,32.419,32.419,32.031,32.099
2003-08-12,32.099,32.533,31.559,32.298
2003-08-13,32.298,32.337,30.851,31.019
2003-08-14,31.019,31.601,30.23,31.601
2003-08-15,31.601,31.629,30.741,31.161
2003-08-18,31.161,31.663,30.64,30.71
2003-08-19,30.71,31.07,30.341,30.661
2003-08-20,30.661,31.241,30.422,31.112
2003-08-21,31.112,32.371,31.012,31.892
2003-08-22,31.892,32.072,31.672,31.793
2003-08-25,31.793,32.275,31.306,31.386
2003-08-26,31.386,32.026,31.326,31.996
2003-08-27,31.996,32.047,31.077,31.168
2003-08-28,31.168,31.628,31.098,31.428
2003-08-29,31.428,32.029,31.398,31.479
2003-09-02,31.479,31.479,29.234,29.604
2003-09-03,29.604,29.854,29.134,29.474
2003-09-04,29.474,29.585,28.496,28.876
2003-09-05,28.876,29.086,28.636,28.936
2003-09-08,28.936,29.378,28.539,28.819
2003-09-09,28.819,29.239,28.749,29.199
2003-09-10,29.199,29.41,28.59,29.39
2003-09-11,29.39,29.511,28.691,28.821
2003-09-12,28.821,29.131,27.842,28.262
2003-09-15,28.262,28.444,27.844,28.115
2003-09-16,28.115,28.245,27.345,27.635
2003-09-17,27.635,27.725,26.796,27.02
2003-09-18,27.02,27.243,26.644,27.193
2003-09-19,27.193,27.275,26.618,26.947
2003-09-22,26.947,27.285,26.686,27.246
2003-09-23,27.246,27.607,26.99,27.079
2003-09-24,27.079,28.498,26.842,28.249
2003-09-25,28.249,28.61,28.119,28.262
2003-09-26,28.262,28.272,27.786,28.086
2003-09-29,28.086,28.544,28.086,28.276
2003-09-30,28.276,29.306,28.257,29.077
2003-10-01,29.077,29.429,28.78,29.34
2003-10-02,29.34,29.921,29.242,29.713
2003-10-03,29.713,30.384,29.406,30.304
2003-10-06,30.304,30.743,30.265,30.336
2003-10-07,30.336,30.528,30.028,30.419
2003-10-08,30.419,30.429,29.403,29.504
2003-10-09,29.504,31.155,29.436,30.916
2003-10-10,30.916,32.557,30.768,31.958
2003-10-13,31.958,32.019,31.569,31.82
2003-10-14,31.82,32.401,31.455,31.536
2003-10-15,31.536,32.006,31.438,31.729
2003-10-16,31.729,31.96,31.264,31.314
2003-10-17,31.314,31.426,29.874,30.571
2003-10-20,30.571,30.579,29.655,30.294
2003-10-21,30.294,30.625,30.048,30.128
2003-10-22,30.128,30.539,29.653,29.753
2003-10-23,29.753,30.504,29.298,30.474
2003-10-24,30.474,30.696,29.77,30.049
2003-10-27,30.049,30.228,29.591,29.772
2003-10-28,29.772,29.901,29.416,29.466
2003-10-29,29.466,29.907,28.722,28.772
2003-10-30,28.772,28.892,28.176,28.626
2003-10-31,28.626,29.078,28.479,29.078
2003-11-03,29.078,29.486,28.69,28.78
2003-11-04,28.78,28.842,28.413,28.793
2003-11-05,28.793,30.323,28.646,30.204
2003-11-06,30.204,30.645,29.908,30.198
2003-11-07,30.198,31.089,30.168,30.8
2003-11-10,30.8,31.25,30.591,30.962
2003-11-11,30.962,31.195,30.645,31.185
2003-11-12,31.185,31.389,30.719,31.329
2003-11-13,31.329,31.942,30.922,31.892
2003-11-14,31.892,32.475,31.784,32.326
2003-11-17,32.326,32.354,31.518,31.698
2003-11-18,31.698,33.311,31.432,33.188
2003-11-19,33.188,33.399,32.381,32.49
2003-11-20,32.49,33.23,32.128,32.149
2003-11-21,32.149,32.781,31.911,32.104
2003-11-24,32.104,32.104,30.068,30.219
2003-11-25,30.219,30.556,29.7,30.244
2003-11-26,30.244,30.849,30.152,30.798
2003-12-01,30.798,30.798,29.979,30.154
2003-12-02,30.154,31.312,30.154,31.058
2003-12-03,31.058,31.478,30.643,31.386
2003-12-04,31.386,31.938,30.698,31.461
2003-12-05,31.461,31.552,30.935,30.983
2003-12-08,30.983,32.679,30.859,32.295
2003-12-09,32.295,32.514,31.81,31.896
2003-12-10,31.896,32.83,31.693,32.122
2003-12-11,32.122,32.281,31.526,32.176
2003-12-12,32.176,33.368,32.084,33.167
2003-12-15,33.167,33.44,31.866,33.18
2003-12-16,33.18,33.361,32.692,32.922
2003-12-17,32.922,33.722,32.893,33.413
2003-12-18,33.413,33.944,32.895,33.784
2003-12-19,33.784,33.915,32.897,32.947
2003-12-22,32.947,32.947,31.654,31.774
2003-12-23,31.774,32.205,31.176,32.065
2003-12-24,32.065,32.955,31.836,32.755
2003-12-29,32.755,32.755,32.064,32.444
2003-12-30,32.444,33.015,32.345,32.755
2003-12-31,32.755,33.166,32.247,32.467
2004-01-05,32.467,33.924,32.244,33.725
2004-01-06,33.725,34.325,33.276,33.576
2004-01-07,33.576,33.857,33.028,33.538
2004-01-08,33.538,34.279,33.379,34.209
2004-01-09,34.209,34.681,34.131,34.331
2004-01-12,34.331,34.986,33.736,34.926
2004-01-13,34.926,35.187,34.168,34.228
2004-01-14,34.228,34.789,33.989,34.54
2004-01-15,34.54,35.211,32.927,33.231
2004-01-16,33.231,34.641,33.168,34.54
2004-01-20,34.54,35.537,34.434,35.302
2004-01-21,35.302,35.502,34.791,35.305
2004-01-22,35.305,35.593,34.237,35.48
2004-01-23,35.48,35.739,35.132,35.434
2004-01-26,35.434,35.434,34.593,34.874
2004-01-27,34.874,35.398,34.303,34.412
2004-01-28,34.412,35.027,33.731,33.849
2004-01-29,33.849,34.175,32.765,33.256
2004-01-30,33.256,33.697,33.042,33.393
2004-02-02,33.393,35.362,32.857,35.189
2004-02-03,35.189,35.498,34.357,34.486
2004-02-04,34.486,34.726,33.211,33.31
2004-02-05,33.31,33.576,32.441,33.525
2004-02-06,33.525,33.678,32.545,32.655
2004-02-09,32.655,33.132,32.439,33.058
2004-02-10,33.058,34.45,32.995,34.217
2004-02-11,34.217,34.555,33.452,34.05
2004-02-12,34.05,34.389,33.791,34.184
2004-02-13,34.184,34.774,34.126,34.682
2004-02-17,34.682,35.304,34.305,35.169
2004-02-18,35.169,35.393,34.683,34.793
2004-02-19,34.793,35.178,34.421,34.872
2004-02-20,34.872,35.117,33.802,34.579
2004-02-23,34.579,35.03,34.355,34.765
2004-02-24,34.765,35.392,34.664,34.885
2004-02-25,34.885,36.216,34.785,36.013
2004-02-26,36.013,36.259,35.448,35.607
2004-02-27,35.607,36.525,35.597,36.464
2004-03-01,36.464,37.243,36.056,37.06
2004-03-02,37.06,37.236,36.648,36.816
2004-03-03,36.816,37.039,35.639,36.029
2004-03-04,36.029,37.075,35.943,36.932
2004-03-05,36.932,37.668,36.921,37.495
2004-03-08,37.495,37.69,36.471,36.541
2004-03-09,36.541,37.098,36.219,36.469
2004-03-10,36.469,36.704,35.777,36.316
2004-03-11,36.316,37.328,36.186,37.237
2004-03-12,37.237,37.332,35.421,36.293
2004-03-15,36.293,37.579,36.096,37.538
2004-03-16,37.538,37.879,37.098,37.387
2004-03-17,37.387,38.623,37.334,38.446
2004-03-18,38.446,38.5,37.731,38.044
2004-03-19,38.044,38.578,37.848,38.472
2004-03-22,38.472,38.472,37.28,37.887
2004-03-23,37.887,38.274,37.259,38.179
2004-03-24,38.179,38.442,37.286,37.453
2004-03-25,37.453,37.552,35.988,36.189
2004-03-26,36.189,36.513,35.308,36.219
2004-03-29,36.219,36.219,35.515,35.915
2004-03-30,35.915,36.941,35.739,36.612
2004-03-31,36.612,37.252,35.297,36.154
2004-04-01,36.154,36.322,34.311,34.845
2004-04-02,34.845,35.058,33.686,34.775
2004-04-05,34.775,34.99,34.264,34.587
2004-04-06,34.587,35.483,34.485,35.463
2004-04-07,35.463,36.906,34.952,36.59
2004-04-08,36.59,37.589,36.505,37.486
2004-04-12,37.486,38.147,37.32,37.942
2004-04-13,37.942,37.981,37.167,37.225
2004-04-14,37.225,37.234,36.391,36.81
2004-04-15,36.81,37.87,36.567,37.87
2004-04-16,37.87,38.063,37.269,37.798
2004-04-19,37.798,38.337,37.44,37.642
2004-04-20,37.642,37.662,37.069,37.069
2004-04-21,37.069,37.33,36.178,36.713
2004-04-22,36.713,37.986,36.562,37.614
2004-04-23,37.614,37.705,36.884,37.22
2004-04-26,37.22,37.868,37.22,37.658
2004-04-27,37.658,38.406,37.609,38.24
2004-04-28,38.24,38.855,37.454,37.914
2004-04-29,37.914,38.17,37.249,38.159
2004-04-30,38.159,38.645,37.848,37.898
2004-05-03,37.898,38.822,37.762,38.728
2004-05-04,38.728,39.655,38.428,39.366
2004-05-05,39.366,40.229,38.958,40.124
2004-05-06,40.124,40.427,39.593,39.849
2004-05-07,39.849,40.473,39.848,40.367
2004-05-10,40.367,40.367,38.596,39.189
2004-05-11,39.189,40.639,38.758,40.588
2004-05-12,40.588,41.265,40.062,40.959
2004-05-13,40.959,41.433,40.531,41.188
2004-05-14,41.188,41.804,40.953,41.651
2004-05-17,41.651,41.965,40.855,41.56
2004-05-18,41.56,41.59,40.313,40.353
2004-05-19,40.353,41.834,40.01,41.744
2004-05-20,41.744,41.832,40.527,40.707
2004-05-21,40.707,41.068,39.702,40.023
2004-05-24,40.023,41.948,39.544,41.877
2004-05-25,41.877,41.895,40.842,41.132
2004-05-26,41.132,41.741,40.588,40.638
2004-05-27,40.638,40.777,39.032,39.192
2004-05-28,39.192,40.031,39.141,39.96
2004-06-01,39.96,42.521,39.96,42.501
2004-06-02,42.501,42.501,39.874,39.914
2004-06-03,39.914,40.914,38.109,39.3
2004-06-04,39.3,39.49,38.356,38.556
2004-06-07,38.556,38.967,37.797,38.897
2004-06-08,38.897,39.185,36.791,36.951
2004-06-09,36.951,37.759,36.489,37.759
2004-06-10,37.759,38.638,37.418,38.437
2004-06-14,38.437,38.437,37.454,37.524
2004-06-15,37.524,38.472,36.871,37.451
2004-06-16,37.451,37.769,36.968,37.4
2004-06-17,37.4,38.887,37.357,38.709
2004-06-18,38.709,38.855,38.16,38.757
2004-06-21,38.757,39,37.393,37.514
2004-06-22,37.514,38.098,37.351,37.95
2004-06-23,37.95,38.272,37.082,37.333
2004-06-24,37.333,37.866,37.218,37.629
2004-06-25,37.629,37.79,36.862,37.319
2004-06-28,37.319,37.319,35.713,36.063
2004-06-29,36.063,36.219,35.345,35.415
2004-06-30,35.415,36.925,35.365,36.777
2004-07-01,36.777,38.925,36.484,38.388
2004-07-02,38.388,38.883,38.087,38.286
2004-07-06,38.286,39.628,38.286,39.4
2004-07-07,39.4,39.712,38.601,39.13
2004-07-08,39.13,40.285,38.639,40.107
2004-07-09,40.107,40.344,39.796,39.846
2004-07-12,39.846,40.672,39.116,39.216
2004-07-13,39.216,39.724,38.913,39.505
2004-07-14,39.505,41.061,39.093,40.852
2004-07-15,40.852,40.966,40.45,40.7
2004-07-16,40.7,41.82,40.375,41.272
2004-07-19,41.272,41.582,40.692,41.273
2004-07-20,41.273,41.665,40.189,40.19
2004-07-21,40.19,41.04,40.143,40.413
2004-07-22,40.413,41.543,40.296,41.284
2004-07-23,41.284,41.725,41.047,41.577
2004-07-26,41.577,41.764,40.959,41.339
2004-07-27,41.339,42.16,41.22,41.761
2004-07-28,41.761,42.972,41.573,42.514
2004-07-29,42.514,42.916,41.967,42.727
2004-07-30,42.727,43.768,42.687,43.718
2004-08-02,43.718,43.88,43.2,43.68
2004-08-03,43.68,44.183,43.384,44.054
2004-08-04,44.054,44.276,42.56,42.63
2004-08-05,42.63,44.491,42.57,44.321
2004-08-06,44.321,44.712,43.695,43.885
2004-08-09,43.885,44.946,43.506,44.926
2004-08-10,44.926,45.009,44.16,44.391
2004-08-11,44.391,44.964,43.265,44.654
2004-08-12,44.654,45.717,44.515,45.388
2004-08-13,45.388,46.631,45.27,46.471
2004-08-16,46.471,46.891,45.883,45.904
2004-08-17,45.904,46.987,45.587,46.779
2004-08-18,46.779,47.354,46.241,46.925
2004-08-19,46.925,48.375,46.862,48.355
2004-08-20,48.355,48.912,47.066,47.218
2004-08-23,47.218,47.702,46.411,46.531
2004-08-24,46.531,46.541,45.185,45.698
2004-08-25,45.698,46.029,43.604,44.017
2004-08-26,44.017,44.555,42.785,43.568
2004-08-27,43.568,43.974,43.122,43.574
2004-08-30,43.574,43.836,41.617,42.682
2004-08-31,42.682,42.701,41.704,42.606
2004-09-01,42.606,44.708,42.514,44.173
2004-09-02,44.173,45.671,44.142,44.429
2004-09-03,44.429,44.74,43.865,44.185
2004-09-07,44.185,44.185,42.94,43.378
2004-09-08,43.378,43.9,42.592,42.941
2004-09-09,42.941,44.937,42.717,44.744
2004-09-10,44.744,45.267,42.663,43.014
2004-09-13,43.014,44.576,43.014,43.891
2004-09-14,43.891,44.962,43.79,44.657
2004-09-15,44.657,45.398,43.491,43.76
2004-09-16,43.76,44.283,42.778,44.18
2004-09-17,44.18,45.739,43.951,45.469
2004-09-20,45.469,46.264,45.127,46.216
2004-09-21,46.216,47.077,45.818,46.648
2004-09-22,46.648,48.577,46.35,47.858
2004-09-23,47.858,48.929,47.431,48.22
2004-09-24,48.22,48.882,47.833,48.832
2004-09-27,48.832,49.859,48.578,49.799
2004-09-28,49.799,50.409,49.481,49.841
2004-09-29,49.841,50.143,48.345,49.474
2004-09-30,49.474,50.046,49.096,49.367
2004-10-01,49.367,50.119,49.099,50.119
2004-10-04,50.119,50.119,49.396,49.777
2004-10-05,49.777,51.279,49.777,50.989
2004-10-06,50.989,52.131,50.711,51.921
2004-10-07,51.921,52.962,51.881,52.434
2004-10-08,52.434,53.365,51.815,53.266
2004-10-11,53.266,53.824,52.923,53.554
2004-10-12,53.554,54.425,52.118,52.208
2004-10-13,52.208,53.929,51.47,53.78
2004-10-14,53.78,54.882,53.332,54.562
2004-10-15,54.562,54.985,54.135,54.885
2004-10-18,54.885,55.364,52.979,53.524
2004-10-19,53.524,53.668,52.753,53.549
2004-10-20,53.549,55.469,53.458,55.302
2004-10-21,55.302,55.807,54.814,55.458
2004-10-22,55.458,56.328,55.416,55.972
2004-10-25,55.972,56.432,54.934,54.978
2004-10-26,54.978,56.108,54.503,55.995
2004-10-27,55.995,56.35,52.65,53.113
2004-10-28,53.113,53.438,51.206,51.368
2004-10-29,51.368,52.499,51.067,52.347
2004-11-01,52.347,53.034,49.798,50.421
2004-11-02,50.421,50.888,49.73,49.73
2004-11-03,49.73,51.566,49.097,51.483
2004-11-04,51.483,51.493,48.867,48.957
2004-11-05,48.957,50.106,48.696,50.055
2004-11-08,50.055,50.055,48.931,49.327
2004-11-09,49.327,49.749,47.422,47.472
2004-11-10,47.472,49.283,47.241,49.069
2004-11-11,49.069,49.179,47.35,47.739
2004-11-12,47.739,48.285,47.329,47.528
2004-11-15,47.528,47.629,45.405,46.926
2004-11-16,46.926,47.542,45.98,46.08
2004-11-17,46.08,47.26,45.404,46.792
2004-11-18,46.792,47.302,45.856,46.126
2004-11-19,46.126,48.903,46.126,48.853
2004-11-22,48.853,49.46,48.164,48.243
2004-11-23,48.243,50.163,48.135,48.656
2004-11-24,48.656,49.517,47.72,49.267
2004-11-29,49.267,49.881,49.05,49.593
2004-11-30,49.593,50.344,48.617,48.996
2004-12-01,48.996,49.026,45.294,45.644
2004-12-02,45.644,45.845,42.449,43.539
2004-12-03,43.539,43.69,42.003,42.502
2004-12-06,42.502,43.559,42.218,43.06
2004-12-07,43.06,43.15,41.334,41.504
2004-12-08,41.504,42.465,40.417,42.146
2004-12-09,42.146,43.167,42.018,42.608
2004-12-10,42.608,43.259,40.222,40.672
2004-12-13,40.672,41.629,40.229,41.08
2004-12-14,41.08,41.932,40.831,41.902
2004-12-15,41.902,44.433,41.784,44.294
2004-12-16,44.294,44.534,43.036,44.389
2004-12-17,44.389,46.344,43.966,46.294
2004-12-20,46.294,46.294,44.829,45.358
2004-12-21,45.358,45.881,45.044,45.396
2004-12-22,45.396,45.691,43.404,43.933
2004-12-23,43.933,44.158,43.512,43.96
2004-12-27,43.96,43.96,40.81,41.019
2004-12-28,41.019,42.131,40.91,41.704
2004-12-29,41.704,43.614,41.222,43.296
2004-12-30,43.296,43.422,42.344,43.273
2005-01-03,43.273,43.273,41.113,42.121
2005-01-04,42.121,44.013,41.718,43.675
2005-01-05,43.675,43.87,42.475,43.324
2005-01-06,43.324,45.625,42.68,45.247
2005-01-07,45.247,45.982,44.636,45.195
2005-01-10,45.195,47.207,44.962,45.153
2005-01-11,45.153,46.068,44.866,45.69
2005-01-12,45.69,46.527,44.929,46.428
2005-01-13,46.428,48.333,46.383,47.805
2005-01-14,47.805,48.592,47.542,48.392
2005-01-18,48.392,49.33,47.646,48.314
2005-01-19,48.314,48.457,47.471,47.551
2005-01-20,47.551,47.663,46.567,47.465
2005-01-21,47.465,48.815,47.138,48.466
2005-01-24,48.466,49.115,47.68,48.788
2005-01-25,48.788,49.63,48.233,49.441
2005-01-26,49.441,49.584,47.788,48.926
2005-01-27,48.926,49.538,48.441,48.541
2005-01-28,48.541,48.742,46.599,47.048
2005-01-31,47.048,48.208,45.921,48.059
2005-02-01,48.059,48.079,46.915,47.075
2005-02-02,47.075,47.467,46.369,46.61
2005-02-03,46.61,46.611,45.674,46.564
2005-02-04,46.564,47.176,46.178,46.378
2005-02-07,46.378,46.408,45.041,45.271
2005-02-08,45.271,45.644,44.724,45.395
2005-02-09,45.395,46.347,44.55,45.499
2005-02-10,45.499,47.251,45.37,46.872
2005-02-11,46.872,47.434,46.705,47.105
2005-02-14,47.105,47.716,46.567,47.417
2005-02-15,47.417,47.77,47.071,47.192
2005-02-16,47.192,48.624,46.925,48.559
2005-02-17,48.559,48.726,47.553,47.782
2005-02-18,47.782,48.754,47.753,48.557
2005-02-22,48.557,51.246,48.557,50.722
2005-02-23,50.722,51.162,50.422,50.877
2005-02-24,50.877,51.623,50.036,51.012
2005-02-25,51.012,51.492,50.545,51.145
2005-02-28,51.145,51.912,50.745,51.443
2005-03-01,51.443,51.507,50.313,51.32
2005-03-02,51.32,52.866,51.122,52.738
2005-03-03,52.738,54.868,52.481,53.162
2005-03-04,53.162,53.692,52.597,53.396
2005-03-07,53.396,53.695,52.647,53.527
2005-03-08,53.527,54.906,53.018,54.34
2005-03-09,54.34,55.44,53.935,54.079
2005-03-10,54.079,54.406,52.699,53.368
2005-03-11,53.368,54.399,52.309,54.211
2005-03-14,54.211,54.911,53.361,54.742
2005-03-15,54.742,55.326,54.126,54.729
2005-03-16,54.729,56.709,54.288,56.64
2005-03-17,56.64,57.561,55.914,55.954
2005-03-18,55.954,56.877,55.954,56.781
2005-03-21,56.781,57.107,56.167,56.923
2005-03-22,56.923,57.094,55.076,55.186
2005-03-23,55.186,55.265,52.948,53.537
2005-03-24,53.537,54.454,53.043,54.355
2005-03-28,54.355,54.355,53.226,53.379
2005-03-29,53.379,54.138,53.087,54.021
2005-03-30,54.021,54.101,52.166,53.789
2005-03-31,53.789,55.76,53.598,54.869
2005-04-01,54.869,57.369,54.831,56.922
2005-04-04,56.922,57.993,56.325,56.526
2005-04-05,56.526,56.938,55.448,55.498
2005-04-06,55.498,56.657,55.013,55.644
2005-04-07,55.644,56.61,53.557,53.848
2005-04-08,53.848,53.905,52.507,53.205
2005-04-11,53.205,53.653,51.954,53.534
2005-04-12,53.534,53.913,51.076,51.176
2005-04-13,51.176,51.387,49.942,50.194
2005-04-14,50.194,51.305,49.656,51.087
2005-04-15,51.087,51.189,49.921,50.422
2005-04-18,50.422,50.967,49.562,50.152
2005-04-19,50.152,52.282,50.088,52.065
2005-04-20,52.065,53.053,51.837,52.179
2005-04-21,52.179,53.101,51.638,52.869
2005-04-22,52.869,54.519,52.838,53.984
2005-04-25,53.984,54.738,52.869,52.979
2005-04-26,52.979,53.248,52.203,53.173
2005-04-27,53.173,53.173,50.258,50.379
2005-04-28,50.379,51.167,48.823,50.904
2005-04-29,50.904,51.29,48.58,48.678
2005-05-02,48.678,50.197,48.229,50.062
2005-05-03,50.062,50.095,48.555,48.718
2005-05-04,48.718,50.221,48.099,49.845
2005-05-05,49.845,50.689,48.837,50.689
2005-05-06,50.689,51.572,49.623,50.364
2005-05-09,50.364,51.899,50.149,51.89
2005-05-10,51.89,52.62,51.187,51.301
2005-05-11,51.301,51.51,49.798,49.869
2005-05-12,49.869,49.922,47.952,48.335
2005-05-13,48.335,48.786,47.445,48.393
2005-05-16,48.393,48.583,47.42,48.527
2005-05-17,48.527,48.997,47.909,48.894
2005-05-18,48.894,49.287,47.19,47.241
2005-05-19,47.241,48.225,47.066,47.288
2005-05-20,47.288,47.824,46.681,47.166
2005-05-23,47.166,48.08,46.667,47.808
2005-05-24,47.808,48.57,47.562,48.41
2005-05-25,48.41,50.233,48.306,49.567
2005-05-26,49.567,50.369,49.341,49.627
2005-05-27,49.627,50.711,49.568,50.516
2005-05-31,50.516,51.098,49.832,51.079
2005-06-01,51.079,53.614,51.002,53.159
2005-06-02,53.159,54.347,52.414,52.555
2005-06-03,52.555,54.114,52.45,54.114
2005-06-06,54.114,54.695,53.093,53.582
2005-06-07,53.582,53.976,52.828,53.054
2005-06-08,53.054,54.277,51.722,51.784
2005-06-09,51.784,53.796,51.569,53.545
2005-06-10,53.545,54.338,52.713,52.911
2005-06-13,52.911,55.351,52.581,55.138
2005-06-14,55.138,55.399,54.442,54.706
2005-06-15,54.706,56.403,54.618,54.87
2005-06-16,54.87,56.61,54.87,56.502
2005-06-17,56.502,58.496,56.464,58.447
2005-06-20,58.447,59.28,57.973,58.956
2005-06-21,58.956,59.234,58.031,58.062
2005-06-22,58.062,58.86,57.182,57.729
2005-06-23,57.729,59.332,57.546,58.99
2005-06-24,58.99,59.348,58.534,59.16
2005-06-27,59.16,60.371,59.16,59.691
2005-06-28,59.691,59.874,57.374,57.714
2005-06-29,57.714,57.836,56.403,56.657
2005-06-30,56.657,57.32,55.438,56.115
2005-07-01,56.115,58.436,55.987,58.436
2005-07-05,58.436,59.726,58.415,59.332
2005-07-06,59.332,61.044,59.254,60.947
2005-07-07,60.947,61.755,56.884,60.345
2005-07-08,60.345,61.588,59.204,59.253
2005-07-11,59.253,59.257,57.78,59.08
2005-07-12,59.08,61.043,58.715,60.44
2005-07-13,60.44,61.108,59.447,59.568
2005-07-14,59.568,59.982,57.105,58.016
2005-07-15,58.016,58.772,57.201,57.978
2005-07-18,57.978,59.035,56.896,57.454
2005-07-19,57.454,58.091,57.063,58.081
2005-07-20,58.081,58.77,56.603,57.171
2005-07-21,57.171,57.229,55.693,56.388
2005-07-22,56.388,57.988,56.359,57.84
2005-07-25,57.84,58.413,56.926,58.266
2005-07-26,58.266,59.158,57.786,58.51
2005-07-27,58.51,59.004,57.916,58.289
2005-07-28,58.289,59.479,58.142,59.343
2005-07-29,59.343,60.393,59.333,59.931
2005-08-01,59.931,61.714,59.931,60.935
2005-08-02,60.935,61.447,60.316,61.359
2005-08-03,61.359,61.964,60.086,60.534
2005-08-04,60.534,61.597,60.099,61.027
2005-08-05,61.027,62.024,61.007,61.925
2005-08-08,61.925,63.598,61.797,63.551
2005-08-09,63.551,63.872,62.632,62.724
2005-08-10,62.724,64.649,62.566,64.543
2005-08-11,64.543,65.67,64.091,65.537
2005-08-12,65.537,66.797,65.294,66.598
2005-08-15,66.598,66.782,65.142,65.993
2005-08-16,65.993,66.663,65.302,66.002
2005-08-17,66.002,66.443,62.956,63.361
2005-08-18,63.361,63.777,62.196,63.566
2005-08-19,63.566,65.386,63.375,65.336
2005-08-22,65.336,66.082,64.854,64.914
2005-08-23,64.914,65.7,64.163,65.607
2005-08-24,65.607,67.51,64.825,67.173
2005-08-25,67.173,67.432,65.935,67.032
2005-08-26,67.032,67.493,65.459,65.757
2005-08-29,65.757,70.367,65.757,67.322
2005-08-30,67.322,70.449,67.142,69.369
2005-08-31,69.369,70.264,67.436,68.761
2005-09-01,68.761,69.245,67.899,69.147
2005-09-02,69.147,69.307,66.973,67.173
2005-09-06,67.173,67.301,65.355,65.414
2005-09-07,65.414,66.264,63.676,64.415
2005-09-08,64.415,64.936,62.893,64.463
2005-09-09,64.463,65.152,63.361,63.91
2005-09-12,63.91,64.262,62.413,63.015
2005-09-13,63.015,63.727,62.53,63.022
2005-09-14,63.022,65.285,62.933,65.255
2005-09-15,65.255,65.567,63.812,64.731
2005-09-16,64.731,64.885,62.898,63.147
2005-09-19,63.147,67.305,63.087,67.067
2005-09-20,67.067,67.36,64.725,66.29
2005-09-21,66.29,67.989,66.278,67.056
2005-09-22,67.056,67.869,65.79,66.279
2005-09-23,66.279,66.439,63.607,63.956
2005-09-26,63.956,65.947,62.686,65.868
2005-09-27,65.868,65.929,64.39,64.86
2005-09-28,64.86,67.191,64.396,66.155
2005-09-29,66.155,66.999,65.325,66.334
2005-09-30,66.334,66.838,65.114,66.063
2005-10-03,66.063,66.457,64.834,65.284
2005-10-04,65.284,65.315,62.857,63.856
2005-10-05,63.856,64.661,62.388,62.568
2005-10-06,62.568,62.568,60.578,61.728
2005-10-07,61.728,62.113,60.987,61.686
2005-10-10,61.686,62.348,60.264,62.193
2005-10-11,62.193,63.869,61.797,63.769
2005-10-12,63.769,64.626,63.326,63.688
2005-10-13,63.688,64.318,62.387,62.798
2005-10-14,62.798,62.899,61.146,62.696
2005-10-17,62.696,64.033,62.609,63.727
2005-10-18,63.727,63.806,62.35,62.43
2005-10-19,62.43,63.128,60.915,61.908
2005-10-20,61.908,61.968,59.619,60.06
2005-10-21,60.06,60.996,59.44,60.946
2005-10-24,60.946,60.946,59.564,60.315
2005-10-25,60.315,62.817,60.239,62.475
2005-10-26,62.475,63.21,60.85,60.969
2005-10-27,60.969,61.747,60.49,61.231
2005-10-28,61.231,61.718,60.781,61.433
2005-10-31,61.433,61.603,59.469,59.999
2005-11-01,59.999,60.493,59.089,60.031
2005-11-02,60.031,60.586,58.929,59.931
2005-11-03,59.931,62.119,59.837,61.888
2005-11-04,61.888,62.329,60.666,60.766
2005-11-07,60.766,60.766,58.735,59.485
2005-11-08,59.485,59.978,59.027,59.767
2005-11-09,59.767,60.521,58.615,58.635
2005-11-10,58.635,58.891,57.506,57.755
2005-11-11,57.755,58.299,57.029,57.547
2005-11-14,57.547,58.274,57.421,57.78
2005-11-15,57.78,58.464,56.961,57.101
2005-11-16,57.101,58.224,56.774,57.88
2005-11-17,57.88,58.495,56.557,56.698
2005-11-18,56.698,56.934,55.828,56.772
2005-11-21,56.772,57.688,56.622,57.09
2005-11-22,57.09,58.615,57.071,58.506
2005-11-23,58.506,58.674,57.497,57.994
2005-11-28,57.994,57.994,56.339,57.017
2005-11-29,57.017,57.397,55.761,55.831
2005-11-30,55.831,57.219,55.384,57.179
2005-12-01,57.179,58.477,56.7,58.23
2005-12-02,58.23,59.239,57.84,58.991
2005-12-05,58.991,60.535,58.991,59.512
2005-12-06,59.512,60.204,59.302,59.788
2005-12-07,59.788,60.446,58.849,58.859
2005-12-08,58.859,60.987,58.83,60.739
2005-12-09,60.739,61.294,58.841,59.21
2005-12-12,59.21,61.348,59.21,61.228
2005-12-13,61.228,61.773,60.628,61.066
2005-12-14,61.066,61.639,60.455,60.475
2005-12-15,60.475,61.107,59.861,60.061
2005-12-16,60.061,60.071,57.914,58.061
2005-12-19,58.061,58.629,56.862,57.39
2005-12-20,57.39,57.826,57.035,57.309
2005-12-21,57.309,57.977,56.719,57.977
2005-12-22,57.977,58.457,56.917,57.463
2005-12-23,57.463,57.713,56.872,57.663
2005-12-27,57.663,57.663,56.636,57.255
2005-12-28,57.255,59.781,57.11,59.409
2005-12-29,59.409,60.205,58.766,59.635
2005-12-30,59.635,60.629,59.118,60.333
2006-01-03,60.333,63.276,60.288,62.348
2006-01-04,62.348,63.159,61.771,63.013
2006-01-05,63.013,63.252,62.142,62.249
2006-01-06,62.249,64.013,62.19,63.766
2006-01-09,63.766,64.257,62.563,63.045
2006-01-10,63.045,63.877,62.728,62.996
2006-01-11,62.996,64.516,62.321,63.903
2006-01-12,63.903,64.792,63.585,63.605
2006-01-13,63.605,64.099,62.907,63.579
2006-01-17,63.579,66.728,63.579,66.718
2006-01-18,66.718,66.827,65.091,65.667
2006-01-19,65.667,66.904,65.176,66.776
2006-01-20,66.776,68.517,66.719,67.922
2006-01-23,67.922,68.611,67.032,67.239
2006-01-24,67.239,67.551,66.246,66.276
2006-01-25,66.276,66.347,64.896,65.045
2006-01-26,65.045,66.401,64.808,66.155
2006-01-27,66.155,67.462,66.121,67.314
2006-01-30,67.314,68.148,66.823,67.901
2006-01-31,67.901,68.227,66.943,67.441
2006-02-01,67.441,68.603,65.751,65.971
2006-02-02,65.971,66.813,64.048,64.518
2006-02-03,64.518,65.111,63.569,65.062
2006-02-06,65.062,66.317,64.482,64.492
2006-02-07,64.492,64.661,62.508,62.728
2006-02-08,62.728,63.25,62.064,62.397
2006-02-09,62.397,63.478,62.121,62.624
2006-02-10,62.624,62.796,61.004,61.803
2006-02-13,61.803,62.021,60.708,60.94
2006-02-14,60.94,61.168,59.22,59.411
2006-02-15,59.411,59.941,57.214,57.507
2006-02-16,57.507,58.862,57.364,58.823
2006-02-17,58.823,59.501,58.572,59.259
2006-02-21,59.259,61.202,59.259,60.771
2006-02-22,60.771,60.864,58.897,59.041
2006-02-23,59.041,59.563,58.153,59.227
2006-02-24,59.227,61.677,59.12,61.289
2006-02-27,61.289,61.423,59.382,59.435
2006-02-28,59.435,60.503,59.028,60.503
2006-03-01,60.503,61.104,60.196,60.721
2006-03-02,60.721,62.465,60.575,62.381
2006-03-03,62.381,62.653,61.563,62.457
2006-03-06,62.457,62.909,60.868,61.301
2006-03-07,61.301,61.843,60.237,60.564
2006-03-08,60.564,60.829,58.472,59.105
2006-03-09,59.105,60.164,58.824,59.905
2006-03-10,59.905,60.07,59.029,59.237
2006-03-13,59.237,61.431,59.051,61.336
2006-03-14,61.336,62.92,60.809,62.519
2006-03-15,62.519,62.805,61.479,61.479
2006-03-16,61.479,63.573,61.325,63.483
2006-03-17,63.483,63.731,62.469,62.664
2006-03-20,62.664,63.02,60.352,60.65
2006-03-21,60.65,61.422,59.947,61.026
2006-03-22,61.026,61.562,60.34,60.835
2006-03-23,60.835,63.063,60.636,62.858
2006-03-24,62.858,63.509,62.187,63.075
2006-03-27,63.075,63.42,62.366,63.145
2006-03-28,63.145,65.122,62.98,64.862
2006-03-29,64.862,65.661,64.544,65.489
2006-03-30,65.489,66.3,65.047,65.91
2006-03-31,65.91,65.99,64.664,65.755
2006-04-03,65.755,67.074,65.362,65.582
2006-04-04,65.582,65.743,64.828,65.599
2006-04-05,65.599,66.684,65.019,66.586
2006-04-06,66.586,67.511,66.575,66.96
2006-04-07,66.96,67.077,66.027,66.725
2006-04-10,66.725,68.469,66.7,68.402
2006-04-11,68.402,68.982,67.555,68.41
2006-04-12,68.41,69.192,67.663,67.703
2006-04-13,67.703,69.149,67.513,69.05
2006-04-17,69.05,70.47,69.05,70.451
2006-04-18,70.451,71.684,70.21,71.317
2006-04-19,71.317,72.904,71.183,72.566
2006-04-20,72.566,73.045,71.276,71.63
2006-04-21,71.63,73.925,71.335,73.779
2006-04-24,73.779,73.927,71.702,71.855
2006-04-25,71.855,72.714,70.561,71.584
2006-04-26,71.584,72.037,70.465,70.595
2006-04-27,70.595,70.88,69.562,69.703
2006-04-28,69.703,71.581,69.439,70.795
2006-05-01,70.795,72.872,70.742,72.786
2006-05-02,72.786,73.982,72.592,73.739
2006-05-03,73.739,74.084,71.254,71.264
2006-05-04,71.264,71.447,68.53,69.706
2006-05-05,69.706,69.949,68.964,69.447
2006-05-08,69.447,69.924,67.654,69.52
2006-05-09,69.52,70.876,69.046,70.019
2006-05-10,70.019,71.838,69.078,71.65
2006-05-11,71.65,73.341,71.452,72.161
2006-05-12,72.161,72.886,71.203,71.634
2006-05-15,71.634,71.691,68.405,68.525
2006-05-16,68.525,70.431,68.223,69.274
2006-05-17,69.274,69.864,67.982,68.2
2006-05-18,68.2,69.628,67.672,69.402
2006-05-19,69.402,69.87,67.888,68.484
2006-05-22,68.484,69.408,67.476,69.34
2006-05-23,69.34,71.45,69.301,70.473
2006-05-24,70.473,70.988,68.764,68.853
2006-05-25,68.853,70.898,68.715,70.819
2006-05-26,70.819,71.275,70.241,70.78
2006-05-30,70.78,72.219,70.662,71.478
2006-05-31,71.478,71.638,69.561,70.897
2006-06-01,70.897,71.423,69.584,69.948
2006-06-02,69.948,72.047,69.829,71.997
2006-06-05,71.997,73.445,71.724,71.935
2006-06-06,71.935,72.535,70.998,72.199
2006-06-07,72.199,72.23,70.18,70.362
2006-06-08,70.362,70.435,68.808,70.128
2006-06-09,70.128,71.522,69.669,71.425
2006-06-12,71.425,72.138,69.836,69.856
2006-06-13,69.856,69.98,68.094,68.214
2006-06-14,68.214,69.253,67.943,69.056
2006-06-15,69.056,70.122,69.056,69.839
2006-06-16,69.839,70.339,68.699,69.803
2006-06-19,69.873,70.11,68.482,69.181
2006-06-20,69.181,70.003,68.591,68.961
2006-06-21,68.961,70.493,68.549,70.006
2006-06-22,70.006,70.947,69.803,70.682
2006-06-23,70.682,71.068,70.02,70.651
2006-06-26,70.601,71.684,70.187,71.625
2006-06-27,71.625,72.29,71.383,71.833
2006-06-28,71.833,72.568,71.402,72.281
2006-06-29,72.281,73.547,72.108,73.467
2006-06-30,73.467,73.963,73.163,73.785
2006-07-03,73.666,74.317,72.019,73.833
2006-07-04,73.833,73.997,73.25,73.74
2006-07-05,73.74,75.208,73.236,75.059
2006-07-06,75.059,75.217,74.168,74.669
2006-07-07,74.669,75.653,73.61,73.75
2006-07-10,73.74,73.855,72.807,73.398
2006-07-11,73.398,74.515,73.252,73.967
2006-07-12,73.967,75.185,73.724,75.015
2006-07-13,75.015,77.382,75.015,77.362
2006-07-14,77.362,78.154,76.622,76.792
2006-07-17,76.742,77.702,75.121,75.442
2006-07-18,75.442,76.528,73.481,73.931
2006-07-19,73.931,74.087,71.752,73.032
2006-07-20,73.032,73.673,72.112,72.439
2006-07-21,72.439,73.512,72.223,72.91
2006-07-24,72.91,73.674,71.993,73.563
2006-07-25,73.563,74.273,72.109,72.292
2006-07-26,72.292,73.382,72.099,72.637
2006-07-27,72.637,73.543,72.339,73.101
2006-07-28,73.101,73.517,71.517,72.11
2006-07-31,72.081,73.421,71.588,73.326
2006-08-01,73.326,74.332,72.908,73.998
2006-08-02,73.998,75.419,73.912,75.007
2006-08-03,75.007,75.027,73.644,74.497
2006-08-04,74.497,74.706,73.209,73.78
2006-08-07,73.662,76.48,73.662,76.241
2006-08-08,76.241,76.678,75.397,75.611
2006-08-09,75.611,76.688,75.355,75.555
2006-08-10,75.555,75.845,73.174,73.388
2006-08-11,73.388,74.212,73.167,73.806
2006-08-14,73.797,73.797,72.179,72.988
2006-08-15,72.988,73.523,72.437,72.551
2006-08-16,72.551,72.828,71.216,71.368
2006-08-17,71.368,71.45,69.744,70.292
2006-08-18,70.292,70.994,69.39,70.849
2006-08-21,70.89,72.313,70.89,72.207
2006-08-22,72.207,72.426,71.564,71.829
2006-08-23,71.829,71.922,70.123,70.72
2006-08-24,70.72,71.929,70.411,71.919
2006-08-25,71.919,72.804,71.448,71.51
2006-08-28,71.57,71.57,69.354,69.678
2006-08-29,69.678,70.146,68.545,68.99
2006-08-30,68.99,69.805,67.937,69.776
2006-08-31,69.776,70.114,68.663,69.612
2006-09-01,69.612,69.987,68.364,68.626
2006-09-04,68.567,69.018,67.231,67.482
2006-09-05,67.482,68.533,67.434,68.126
2006-09-06,68.126,68.369,66.984,67.136
2006-09-07,67.136,67.531,66.319,66.782
2006-09-08,66.782,67.189,65.607,65.86
2006-09-11,65.791,66.201,64.556,65.221
2006-09-12,65.221,66.161,63.339,63.4
2006-09-13,63.4,64.533,63.245,64.039
2006-09-14,64.039,64.443,62.811,63.203
2006-09-15,63.203,63.439,61.89,63.364
2006-09-18,63.404,64.382,62.78,63.767
2006-09-19,63.767,64.537,61.421,61.511
2006-09-20,61.511,61.773,60.061,60.281
2006-09-21,60.281,61.24,60.155,61.201
2006-09-22,61.201,61.726,59.68,59.821
2006-09-25,59.802,61.679,59.063,60.947
2006-09-26,60.947,61.548,60.159,60.688
2006-09-27,60.688,62.661,59.679,62.633
2006-09-28,62.633,63.572,61.975,62.215
2006-09-29,62.215,62.699,61.057,62.532
2006-10-02,62.552,62.959,60.508,60.51
2006-10-03,60.51,60.823,58.189,58.25
2006-10-04,58.25,59.459,57.467,59.402
2006-10-05,59.402,60.686,59.063,59.828
2006-10-06,59.828,60.015,58.587,59.507
2006-10-09,59.567,61.094,59.566,59.671
2006-10-10,59.671,60.506,58.222,58.323
2006-10-11,58.323,58.935,57.214,57.264
2006-10-12,57.264,58.348,57.075,58.169
2006-10-13,58.169,59.329,57.927,58.536
2006-10-16,58.476,60.047,57.973,60.027
2006-10-17,60.027,60.478,58.574,58.856
2006-10-18,58.856,59.46,57.313,57.648
2006-10-19,57.648,59.228,57.521,58.855
2006-10-20,58.855,59.617,57.48,57.728
2006-10-23,57.748,57.948,56.668,57.361
2006-10-24,57.361,58.261,56.997,58.016
2006-10-25,58.016,60.206,57.837,60.206
2006-10-26,60.206,60.397,58.746,58.938
2006-10-27,58.938,59.688,58.545,59.459
2006-10-30,59.518,59.854,57.118,57.3
2006-10-31,57.3,57.747,56.013,57.555
2006-11-01,57.555,58.405,56.798,57.595
2006-11-02,57.595,57.992,56.649,56.868
2006-11-03,56.868,58.424,56.839,58.295
2006-11-06,58.306,59.772,57.721,59.414
2006-11-07,59.414,59.478,58.174,58.369
2006-11-08,58.369,59.616,58.193,59.24
2006-11-09,59.24,60.691,59.24,60.42
2006-11-10,60.42,60.546,58.881,58.986
2006-11-13,58.957,59.479,57.836,58.235
2006-11-14,58.235,58.749,57.793,58.047
2006-11-15,58.047,59.081,57.978,58.485
2006-11-16,58.485,59.466,56.474,56.643
2006-11-17,56.643,57.233,56.025,57.113
2006-11-20,57.171,57.408,56.355,57.36
2006-11-21,57.36,58.761,57.016,58.533
2006-11-22,58.533,58.777,56.831,57.818
2006-11-23,57.818,57.878,57.177,57.698
2006-11-24,57.698,58.714,57.535,58.455
2006-11-27,58.455,59.151,57.98,59.038
2006-11-28,59.038,59.942,58.95,59.74
2006-11-29,59.74,61.329,59.715,61.208
2006-11-30,61.208,62.583,60.998,61.775
2006-12-01,61.775,62.579,61.122,62.442
2006-12-04,62.433,62.817,60.966,61.494
2006-12-05,61.494,62.347,60.659,61.63
2006-12-06,61.63,62.183,61.022,61.51
2006-12-07,61.51,61.992,60.792,61.973
2006-12-08,61.973,62.926,61.253,61.398
2006-12-11,61.339,61.673,60.533,60.767
2006-12-12,60.767,61.534,60.19,60.486
2006-12-13,60.486,61.433,60.318,61.019
2006-12-14,61.019,62.388,60.99,62.19
2006-12-15,62.19,63.198,61.973,62.905
2006-12-18,62.926,63.682,62.235,62.406
2006-12-19,62.406,63.618,61.906,63.063
2006-12-20,63.063,63.777,62.808,63.213
2006-12-21,63.213,63.263,61.949,62.319
2006-12-22,62.319,62.743,61.761,62.022
2006-12-26,61.972,62.896,60.213,60.81
2006-12-27,60.81,61.055,59.975,60.155
2006-12-28,60.155,60.581,59.784,60.166
2006-12-29,60.166,60.911,59.695,60.744
2007-01-02,60.814,61.331,60.196,60.677
2007-01-03,60.677,60.758,57.527,58.086
2007-01-04,58.086,58.39,55.305,55.315
2007-01-05,55.315,56.201,54.733,56.072
2007-01-08,56.132,57.575,54.983,55.951
2007-01-09,55.951,56.07,53.754,55.683
2007-01-10,55.683,55.703,53.347,53.397
2007-01-11,53.397,54.622,51.699,51.779
2007-01-12,51.779,53.016,51.467,52.857
2007-01-15,52.957,53.479,52.403,52.735
2007-01-16,52.735,53.13,50.476,51.196
2007-01-17,51.196,52.313,50.233,52.204
2007-01-18,52.204,52.702,50.208,50.874
2007-01-19,50.874,52.592,50.583,52.533
2007-01-22,52.562,53.801,51.265,51.859
2007-01-23,51.859,54.307,51.608,54.123
2007-01-24,54.123,54.651,52.883,54.595
2007-01-25,54.595,55.09,53.359,53.52
2007-01-26,53.52,54.841,53.453,54.841
2007-01-29,54.763,55.283,53.167,53.239
2007-01-30,53.239,56.409,53.191,56.215
2007-01-31,56.215,57.577,55.158,57.363
2007-02-01,57.363,58.268,56.515,56.859
2007-02-02,56.859,58.681,56.545,58.603
2007-02-05,58.613,59.462,57.989,58.369
2007-02-06,58.369,59.512,58.06,58.669
2007-02-07,58.669,59.426,56.85,57.32
2007-02-08,57.32,59.483,56.922,59.298
2007-02-09,59.298,60.439,58.94,59.399
2007-02-12,59.399,59.474,57.13,57.354
2007-02-13,57.354,59.373,57.01,58.809
2007-02-14,58.809,59.061,57.32,57.844
2007-02-15,57.844,58.341,56.46,57.845
2007-02-16,57.845,59.312,57.483,59.027
2007-02-19,59.086,59.305,58.503,58.745
2007-02-20,58.745,58.929,57.272,58.298
2007-02-21,58.298,60.119,57.573,59.635
2007-02-22,59.635,60.751,59.118,60.298
2007-02-23,60.298,61.315,60.056,60.406
2007-02-26,60.397,61.313,60.261,61.059
2007-02-27,61.059,61.829,59.661,59.826
2007-02-28,59.826,61.661,59.529,61.376
2007-03-01,61.376,62.111,60.435,61.395
2007-03-02,61.395,62.042,60.817,60.957
2007-03-05,60.957,60.995,59.268,59.66
2007-03-06,59.66,60.527,59.373,60.495
2007-03-07,60.495,61.797,60.384,61.55
2007-03-08,61.55,62.061,60.967,61.519
2007-03-09,61.519,61.611,59.665,59.755
2007-03-12,59.815,59.815,58.459,58.763
2007-03-13,58.763,59.784,57.641,58.033
2007-03-14,58.033,58.316,57.189,58.151
2007-03-15,58.151,58.54,57.309,57.44
2007-03-16,57.44,58.569,56.51,57.142
2007-03-19,57.19,58.147,57.025,57.726
2007-03-20,57.726,58.03,57.062,57.59
2007-03-21,57.59,58.033,57.175,58.023
2007-03-22,58.023,60.005,57.915,59.899
2007-03-23,59.899,60.634,59.271,60.258
2007-03-26,60.24,61.476,60.24,61.157
2007-03-27,61.157,66.227,60.516,62.891
2007-03-28,62.891,64.098,61.635,62.38
2007-03-29,62.38,64.774,61.866,64.392
2007-03-30,64.392,65.15,63.917,64.144
2007-04-02,64.155,65.308,63.701,64.357
2007-04-03,64.357,64.61,62.697,63.304
2007-04-04,63.304,63.873,62.373,63.249
2007-04-05,63.249,63.8,62.497,62.88
2007-04-06,62.88,62.881,62.832,62.842
2007-04-09,62.842,63.154,60.577,60.891
2007-04-10,60.891,61.552,60.621,61.149
2007-04-11,61.149,61.894,60.884,61.338
2007-04-12,61.338,63.371,61.23,63.351
2007-04-13,63.351,64.021,62.868,62.938
2007-04-16,62.959,63.883,62.242,63.346
2007-04-17,63.346,64.392,62.823,62.961
2007-04-18,62.961,63.383,62.132,62.877
2007-04-19,62.877,63.476,61.722,61.791
2007-04-20,61.791,62.973,61.333,62.908
2007-04-23,62.928,64.751,62.513,64.53
2007-04-24,64.53,65.119,62.972,63.461
2007-04-25,63.461,64.794,63.39,64.661
2007-04-26,64.661,65.305,63.753,64.259
2007-04-27,64.259,65.595,63.548,65.393
2007-04-30,65.393,65.685,64.608,64.679
2007-05-01,64.679,65.263,63.354,63.595
2007-05-02,63.595,63.82,62.245,62.678
2007-05-03,62.678,63.304,61.978,62.52
2007-05-04,62.52,62.705,60.856,61.057
2007-05-07,60.959,61.451,60.264,61.065
2007-05-08,61.065,62.018,60.657,61.649
2007-05-09,61.649,61.951,60.172,61.014
2007-05-10,61.014,62.012,60.908,61.36
2007-05-11,61.36,62.123,61.228,61.975
2007-05-14,62.005,62.73,61.82,62.163
2007-05-15,62.163,63.012,61.779,62.81
2007-05-16,62.81,63.037,61.657,62.391
2007-05-17,62.391,64.881,62.244,64.634
2007-05-18,64.634,65.461,64.614,64.898
2007-05-21,64.839,66.204,64.405,65.952
2007-05-22,65.952,66.118,64.557,64.757
2007-05-23,64.757,65.322,64.235,64.954
2007-05-24,64.954,65.342,63.053,63.57
2007-05-25,63.57,64.495,63.464,64.37
2007-05-28,64.36,64.548,63.627,63.891
2007-05-29,63.891,64.132,61.926,62.712
2007-05-30,62.712,63.268,62.283,62.789
2007-05-31,62.789,63.699,61.87,63.69
2007-06-01,63.69,64.696,63.251,64.283
2007-06-04,64.333,66.001,64.057,65.6
2007-06-05,65.6,65.741,64.791,65.192
2007-06-06,65.192,65.854,64.797,65.49
2007-06-07,65.49,67.022,65.412,66.324
2007-06-08,66.324,66.451,64.214,64.355
2007-06-11,64.425,65.802,64.234,65.616
2007-06-12,65.616,65.83,64.635,64.948
2007-06-13,64.948,66.267,64.69,65.804
2007-06-14,65.804,67.705,65.748,67.499
2007-06-15,67.499,68.133,67.077,67.998
2007-06-18,68.098,69.085,67.329,68.988
2007-06-19,68.988,69.568,68.502,69.013
2007-06-20,69.013,69.211,67.273,68.349
2007-06-21,68.349,69.502,67.913,68.272
2007-06-22,68.272,69.138,67.812,68.683
2007-06-25,68.723,69.127,67.234,68.741
2007-06-26,68.741,68.874,67.299,67.609
2007-06-27,67.609,69.064,66.779,68.697
2007-06-28,68.697,70.23,68.633,69.267
2007-06-29,69.267,70.783,69.179,70.256
2007-07-02,70.326,71.023,69.335,70.973
2007-07-03,70.973,71.224,70.474,71.076
2007-07-04,71.076,71.287,70.674,71.209
2007-07-05,71.209,72.136,70.61,71.531
2007-07-06,71.531,72.747,71.367,72.462
2007-07-09,72.572,72.848,71.662,71.883
2007-07-10,71.883,72.943,71.461,72.486
2007-07-11,72.486,72.926,71.956,72.339
2007-07-12,72.339,73.687,71.811,72.642
2007-07-13,72.642,73.914,72.16,73.864
2007-07-16,73.874,74.422,73.571,74.165
2007-07-17,74.165,75.304,73.506,74.149
2007-07-18,74.149,75.249,73.866,75.142
2007-07-19,75.142,75.953,74.695,75.903
2007-07-20,75.903,76.196,75.21,75.57
2007-07-23,75.55,75.55,74.269,74.77
2007-07-24,74.77,74.78,72.748,73.219
2007-07-25,73.219,76.159,72.94,76.119
2007-07-26,76.119,77.079,74.457,74.558
2007-07-27,74.558,76.969,74.548,76.829
2007-07-30,76.849,77.195,75.918,76.618
2007-07-31,76.618,78.151,76.471,77.812
2007-08-01,77.812,78.645,75.97,76.65
2007-08-02,76.65,77.324,75.405,76.825
2007-08-03,76.825,77.249,74.934,75.044
2007-08-06,75.094,75.094,71.515,72.035
2007-08-07,72.035,72.54,71.06,72.341
2007-08-08,72.341,73.094,71.774,72.176
2007-08-09,72.176,72.328,70.432,71.523
2007-08-10,71.523,71.618,70.038,71.618
2007-08-13,71.618,73.143,71.075,71.505
2007-08-14,71.505,72.71,71.32,72.71
2007-08-15,72.71,74.194,72.283,73.066
2007-08-16,73.066,73.126,70.081,71.652
2007-08-17,71.652,72.515,70.974,71.757
2007-08-20,71.738,71.8,70.168,71.16
2007-08-21,71.16,71.787,69.127,69.919
2007-08-22,69.919,70.525,68.85,69.58
2007-08-23,69.58,70.297,69.243,70.114
2007-08-24,70.114,71.562,69.729,71.41
2007-08-27,71.34,72.33,70.386,72.289
2007-08-28,72.289,72.438,71.381,71.79
2007-08-29,71.79,73.818,71.586,73.717
2007-08-30,73.717,74.134,72.918,73.719
2007-08-31,73.719,74.605,73.565,74.012
2007-09-03,74.001,74.741,73.785,74.368
2007-09-04,74.368,75.363,73.611,75.291
2007-09-05,75.291,76.045,74.875,75.974
2007-09-06,75.974,77.551,75.446,76.637
2007-09-07,76.637,77.111,75.739,76.809
2007-09-10,76.819,78.556,75.605,77.915
2007-09-11,77.915,78.448,76.998,78.197
2007-09-12,78.197,80.251,78.083,79.67
2007-09-13,79.67,80.264,79.253,79.971
2007-09-14,79.971,80.414,78.803,79.162
2007-09-17,79.152,80.867,78.28,80.837
2007-09-18,80.837,82.399,80.25,82.368
2007-09-19,82.368,82.468,81.033,81.879
2007-09-20,81.879,83.164,81.494,82.937
2007-09-21,82.937,83.559,81.736,82.431
2007-09-24,82.491,82.677,81.445,81.717
2007-09-25,81.717,81.737,79.979,80.413
2007-09-26,80.413,81.816,79.41,81.549
2007-09-27,81.549,84.074,81.487,83.96
2007-09-28,83.96,84.721,82.315,82.676
2007-10-01,82.716,82.853,80.242,81.045
2007-10-02,81.045,81.224,79.62,81.088
2007-10-03,81.088,81.611,80.287,80.424
2007-10-04,80.424,82.45,79.591,82.131
2007-10-05,82.131,82.353,81.163,81.669
2007-10-08,81.608,81.682,78.872,79.733
2007-10-09,79.733,81.602,78.883,80.661
2007-10-10,80.661,81.814,80.181,81.709
2007-10-11,81.709,84.109,81.709,83.37
2007-10-12,83.37,84.393,83.097,84.154
2007-10-15,84.164,86.996,83.804,86.835
2007-10-16,86.835,88.407,86.386,87.647
2007-10-17,87.647,89.098,87.119,87.285
2007-10-18,87.285,89.953,87.245,89.839
2007-10-19,89.839,90.015,87.709,88.171
2007-10-22,88.058,88.362,86.03,87.12
2007-10-23,87.12,88.078,86.066,86.314
2007-10-24,86.314,89.03,85.906,88.936
2007-10-25,88.936,91.754,88.768,91.536
2007-10-26,91.536,93.452,91.422,93.089
2007-10-29,93.068,94.781,92.616,94.725
2007-10-30,94.725,94.753,90.522,90.723
2007-10-31,90.723,96.254,89.881,96.244
2007-11-01,96.244,97.232,92.986,94.376
2007-11-02,94.376,96.933,93.95,96.78
2007-11-05,96.648,96.88,94.467,95.348
2007-11-06,95.348,97.788,95.144,97.595
2007-11-07,97.595,99.313,95.267,96.508
2007-11-08,96.508,98.315,95.567,96.367
2007-11-09,96.367,97.246,95.099,96.72
2007-11-12,96.749,96.749,93.944,94.029
2007-11-13,94.029,95.075,90.463,91.722
2007-11-14,91.722,94.669,91.535,94.253
2007-11-15,94.253,94.591,91.744,93.55
2007-11-16,93.55,95.615,93.06,95.145
2007-11-19,95.033,96.321,94.295,96.097
2007-11-20,96.097,99.775,95.116,99.378
2007-11-21,99.378,100.445,97.402,98.399
2007-11-22,98.399,98.729,97.428,97.583
2007-11-23,97.583,99.509,97.188,99.303
2007-11-26,99.333,100.055,97.411,97.644
2007-11-27,97.644,98.173,95.057,95.497
2007-11-28,95.497,96.047,91.107,92.162
2007-11-29,92.162,95.968,91.172,91.874
2007-11-30,91.874,92.251,89.141,89.501
2007-12-03,89.39,90.587,87.725,90.242
2007-12-04,90.242,90.562,87.892,88.789
2007-12-05,88.789,90.934,87.329,87.839
2007-12-06,87.839,91.227,86.302,91.012
2007-12-07,91.012,91.155,87.514,88.696
2007-12-10,88.786,90.159,87.432,88.713
2007-12-11,88.713,90.871,88.388,89.652
2007-12-12,89.652,95.149,89.561,94.442
2007-12-13,94.442,95.123,92.115,92.741
2007-12-14,92.741,93.616,90.818,91.673
2007-12-17,91.793,92.22,89.899,91.329
2007-12-18,91.329,93.029,89.178,90.358
2007-12-19,90.358,92.368,89.727,91.328
2007-12-20,91.328,92.277,90.597,91.227
2007-12-21,91.227,93.867,90.856,93.537
2007-12-24,93.627,94.254,92.524,94.024
2007-12-26,94.024,96.563,94.013,95.833
2007-12-27,95.833,97.813,95.242,96.862
2007-12-28,96.862,97.942,95.891,96.421
2007-12-31,96.291,96.799,94.749,96.159
2008-01-02,96.159,99.828,96.068,99.288
2008-01-03,99.288,100.107,98.467,99.147
2008-01-04,99.147,99.427,97.116,97.706
2008-01-07,97.776,98.413,94.483,95.353
2008-01-08,95.353,97.552,95.273,96.202
2008-01-09,96.202,97.981,95.431,95.921
2008-01-10,95.921,96.251,93.27,94.25
2008-01-11,94.25,94.66,92.319,92.689
2008-01-14,92.869,94.437,92.417,94.307
2008-01-15,94.307,94.387,90.986,91.616
2008-01-16,91.616,91.906,89.265,91.055
2008-01-17,91.055,92.194,89.574,89.864
2008-01-18,89.864,91.259,89.558,90.35
2008-01-21,90.37,90.763,88.3,88.44
2008-01-22,88.44,90.035,85.803,89.461
2008-01-23,89.461,89.831,87.02,88.343
2008-01-24,88.343,90.118,87.369,89.756
2008-01-25,89.756,91.744,89.725,91.097
2008-01-28,91.107,91.68,89.093,91.357
2008-01-29,91.357,92.598,90.635,92.547
2008-01-30,92.547,93.018,91.533,92.092
2008-01-31,92.092,92.581,89.855,91.677
2008-02-01,91.677,92.39,88.717,89.156
2008-02-04,89.055,91.052,88.289,90.208
2008-02-05,90.208,90.248,87.731,88.44
2008-02-06,88.44,89.134,86.846,87.174
2008-02-07,87.174,88.554,86.414,88.534
2008-02-08,88.534,92.148,88.172,91.857
2008-02-11,91.876,94.852,91.048,93.798
2008-02-12,93.798,94.268,92.177,92.592
2008-02-13,92.592,93.992,92.011,93.359
2008-02-14,93.359,95.678,93.348,95.367
2008-02-15,95.367,96.748,94.734,95.783
2008-02-18,95.762,96.607,95.349,96.104
2008-02-19,96.104,100.077,95.953,99.795
2008-02-20,99.795,101.081,98.206,100.138
2008-02-21,100.138,100.546,97.076,97.706
2008-02-22,97.706,99.575,97.365,99.312
2008-02-25,99.261,99.887,97.929,99.45
2008-02-26,99.45,101.606,98.633,101.445
2008-02-27,101.445,102.253,99.595,99.805
2008-02-28,99.805,103.134,99.071,102.692
2008-02-29,102.692,103.212,101.515,101.883
2008-03-03,101.943,104.085,100.902,102.551
2008-03-04,102.551,103.457,98.99,100.05
2008-03-05,100.05,105.069,99.669,104.748
2008-03-06,104.748,106.085,102.96,105.551
2008-03-07,105.551,106.646,104.014,105.303
2008-03-10,105.413,108.293,104.161,108.242
2008-03-11,108.242,109.798,106.685,108.824
2008-03-12,108.824,110.267,107.157,110.106
2008-03-13,110.106,111.041,108.819,110.368
2008-03-14,110.368,110.973,108.891,110.25
2008-03-17,110.2,111.83,103.255,106.154
2008-03-18,106.154,110.393,105.687,109.162
2008-03-19,109.162,109.363,103.142,103.354
2008-03-20,103.354,104.05,99.935,102.818
2008-03-21,102.818,102.828,102.656,102.747
2008-03-24,102.747,103.584,101.084,101.678
2008-03-25,101.678,102.974,100.223,102.538
2008-03-26,102.538,107.482,102.477,107.207
2008-03-27,107.207,109.322,106.108,108.317
2008-03-28,108.317,108.699,105.737,106.034
2008-03-31,105.973,107.707,101.114,102.471
2008-04-01,102.471,103.396,100.377,101.625
2008-04-02,101.625,105.923,100.628,105.496
2008-04-03,105.496,107.238,103.986,104.931
2008-04-04,104.931,107.1,104.773,107.045
2008-04-07,106.914,110.128,106.518,109.546
2008-04-08,109.546,110.261,108.236,109.322
2008-04-09,109.322,112.785,108.513,111.411
2008-04-10,111.411,112.744,109.267,110.604
2008-04-11,110.604,111.316,109.394,110.722
2008-04-14,110.822,112.343,109.932,112.188
2008-04-15,112.188,114.392,112.146,114.21
2008-04-16,114.21,115.369,112.461,115.339
2008-04-17,115.339,115.786,114.368,115.144
2008-04-18,115.144,117.143,112.911,117.102
2008-04-21,117.152,117.443,115.424,117.257
2008-04-22,117.257,119.393,116.344,118.838
2008-04-23,118.838,118.956,116.841,118.443
2008-04-24,118.443,118.692,114.618,116.231
2008-04-25,116.231,119.921,114.87,119.196
2008-04-28,119.276,120.269,118.485,119.172
2008-04-29,119.172,119.182,115.27,115.698
2008-04-30,115.698,116.992,113.58,114.822
2008-05-01,114.822,115.511,110.56,112.462
2008-05-02,112.462,117.059,112.035,116.748
2008-05-05,116.848,120.585,116.276,120.342
2008-05-06,120.342,122.944,119.541,122.07
2008-05-07,122.07,124.099,120.737,124.028
2008-05-08,124.028,124.795,121.763,124.524
2008-05-09,124.524,126.441,124.262,126.281
2008-05-12,126.17,126.528,123.852,123.952
2008-05-13,123.952,127.093,123.217,126.049
2008-05-14,126.049,126.147,123.863,123.962
2008-05-15,123.962,126.723,120.827,124.557
2008-05-16,124.557,127.888,124.109,126.412
2008-05-19,126.512,127.768,125.39,127.363
2008-05-20,127.363,129.582,126.567,129.319
2008-05-21,129.319,134.39,128.881,134.3
2008-05-22,134.3,135.377,130.343,131.154
2008-05-23,131.154,133.983,130.425,131.966
2008-05-26,131.966,133.705,131.836,133.19
2008-05-27,133.19,133.887,128.403,128.662
2008-05-28,128.662,131.799,126.172,131.017
2008-05-29,131.017,133.334,126.312,126.681
2008-05-30,126.681,128.498,124.864,127.934
2008-06-02,127.903,129.52,125.386,127.756
2008-06-03,127.756,128.14,124.023,124.352
2008-06-04,124.352,125.227,121.983,122.351
2008-06-05,122.351,128.519,121.749,128.289
2008-06-06,128.289,139.261,127.944,137.749
2008-06-09,138.279,138.365,133.107,135.017
2008-06-10,135.017,138.083,130.896,131.635
2008-06-11,131.635,138.391,131.444,136.659
2008-06-12,136.659,137.541,131.628,136.889
2008-06-13,136.889,137.154,133.53,134.548
2008-06-16,134.468,139.934,132.88,133.719
2008-06-17,133.719,135.262,132.032,133.629
2008-06-18,133.629,136.901,131.841,136.32
2008-06-19,136.32,137.844,131.631,131.941
2008-06-20,131.941,137.003,131.266,134.257
2008-06-23,134.227,137.689,133.61,136.844
2008-06-24,136.844,138.308,135.471,136.67
2008-06-25,136.67,137.156,131.548,134.193
2008-06-26,134.193,139.98,133.282,139.243
2008-06-27,139.243,142.588,138.207,140.236
2008-06-30,140.147,143.309,138.823,139.745
2008-07-01,139.745,142.988,139.607,140.997
2008-07-02,140.997,143.996,139.692,143.977
2008-07-03,143.977,145.532,142.91,145.12
2008-07-04,145.12,145.377,143.406,143.879
2008-07-07,143.889,144.272,139.282,141.492
2008-07-08,141.492,142.206,134.924,135.577
2008-07-09,135.577,138.07,135.139,135.482
2008-07-10,135.482,141.938,135.241,141.789
2008-07-11,141.789,147.083,141.251,144.472
2008-07-14,144.232,146.234,142.348,144.97
2008-07-15,144.97,146.608,135.809,138.771
2008-07-16,138.771,139.197,132.007,134.889
2008-07-17,134.889,136.669,128.926,129.407
2008-07-18,129.407,131.974,128.171,128.442
2008-07-21,128.442,131.753,128.144,131.012
2008-07-22,131.012,131.921,125.448,127.54
2008-07-23,127.54,127.795,123.251,123.531
2008-07-24,123.531,125.583,122.68,124.625
2008-07-25,124.625,125.671,121.696,122.589
2008-07-28,122.629,124.488,121.917,124.252
2008-07-29,124.252,125.143,119.75,121.28
2008-07-30,121.28,126.708,120.158,126.195
2008-07-31,126.195,127.241,122.093,123.5
2008-08-01,123.5,127.981,121.506,124.456
2008-08-04,124.705,125.823,119.015,120.556
2008-08-05,120.556,120.767,117.542,118.235
2008-08-06,118.235,120.05,116.694,118.225
2008-08-07,118.225,121.373,117.523,119.47
2008-08-08,119.47,119.696,114.274,114.705
2008-08-11,114.805,116.621,112.462,114.322
2008-08-12,114.322,115.708,112.079,112.754
2008-08-13,112.754,117.25,112.66,116.176
2008-08-14,116.176,117.228,112.416,114.577
2008-08-15,114.577,115.029,111.193,113.617
2008-08-18,113.648,115.275,111.937,113.013
2008-08-19,113.013,116.639,111.601,115.141
2008-08-20,115.141,116.941,112.543,115.862
2008-08-21,115.862,121.98,115.342,121.541
2008-08-22,121.541,121.801,114.126,114.576
2008-08-25,114.726,116.01,113.631,115.311
2008-08-26,115.311,117.841,112.313,116.172
2008-08-27,116.172,119.582,115.593,118.073
2008-08-28,118.073,120.454,114.036,115.586
2008-08-29,115.586,118.716,114.958,115.358
2008-09-01,117.031,117.211,110.564,111.105
2008-09-02,111.105,111.465,105.427,110.257
2008-09-03,110.257,110.267,107.189,109.318
2008-09-04,109.318,110.569,106.491,107.771
2008-09-05,107.771,108.072,105.102,106.583
2008-09-08,106.673,109.866,104.677,106.477
2008-09-09,106.477,106.747,101.72,102.33
2008-09-10,102.33,104.94,101.341,102.731
2008-09-11,102.731,103.931,100.163,101.073
2008-09-12,101.073,102.874,100.015,101.115
2008-09-15,99.078,100.038,93.99,94.06
2008-09-16,94.06,94.31,90.502,92.832
2008-09-17,92.832,97.442,91.353,97.353
2008-09-18,97.353,102.233,95.723,98.134
2008-09-19,98.134,103.706,97.456,103.15
2008-09-22,103.18,110.89,102.397,109.452
2008-09-23,109.452,110.004,104.451,107.299
2008-09-24,107.299,109.911,105.189,105.9
2008-09-25,105.9,109.059,103.592,108.143
2008-09-26,108.143,108.494,104.613,107.255
2008-09-29,107.326,107.326,95.327,95.687
2008-09-30,95.687,102.755,93.635,102.213
2008-10-01,102.213,103.128,96.236,98.99
2008-10-02,98.99,100.642,93.804,94.104
2008-10-03,94.104,96.27,91.529,92.958
2008-10-06,93.299,93.299,87.741,89.333
2008-10-07,89.333,93.202,88.04,89.511
2008-10-08,89.511,91.157,86.209,88.697
2008-10-09,88.697,89.973,84.329,85.019
2008-10-10,85.019,85.269,77.207,80.301
2008-10-13,79.96,82.614,79.545,81.99
2008-10-14,81.99,84.916,78.386,79.066
2008-10-15,79.066,79.245,73.61,73.71
2008-10-16,73.71,74.554,68.619,72.179
2008-10-17,72.179,74.07,69.653,71.705
2008-10-20,71.496,75.838,71.496,75.422
2008-10-21,75.422,75.701,69.95,70.987
2008-10-22,70.987,71.436,65.873,66.77
2008-10-23,66.77,69.091,65.584,69.061
2008-10-24,69.061,69.172,62.36,64.484
2008-10-27,64.305,65.501,61.045,62.146
2008-10-28,62.146,64.942,61.368,64.517
2008-10-29,64.517,68.981,63.407,68.025
2008-10-30,68.025,70.341,63.81,65.346
2008-10-31,65.346,68.366,62.901,67.43
2008-11-03,67.251,68.983,63.446,63.816
2008-11-04,63.816,71.573,62.076,69.9
2008-11-05,69.9,70.27,64.834,64.915
2008-11-06,64.915,65.339,60.015,60.466
2008-11-07,60.466,62.677,59.829,60.985
2008-11-10,61.195,65.445,58.998,62.025
2008-11-11,62.025,62.055,58.229,58.83
2008-11-12,58.83,59.413,55.544,55.794
2008-11-13,55.794,59.589,54.599,59.429
2008-11-14,59.429,59.889,55.631,56.303
2008-11-17,56.393,58.947,54.691,55.052
2008-11-18,55.052,55.958,53.941,54.401
2008-11-19,54.401,55.411,53.038,53.426
2008-11-20,53.426,53.476,48.237,48.445
2008-11-21,48.445,50.827,47.97,50.095
2008-11-24,50.075,55.016,48.546,53.992
2008-11-25,53.992,54.381,50.27,50.4
2008-11-26,50.4,54.708,49.907,54.609
2008-11-27,54.609,54.609,52.374,53.704
2008-11-28,53.704,53.904,50.894,51.521
2008-12-01,51.521,54.401,48.433,48.603
2008-12-02,48.603,50.063,46.648,47.506
2008-12-03,47.506,47.926,46.097,46.807
2008-12-04,46.807,47.106,43.217,43.536
2008-12-05,43.536,44.328,40.373,41.55
2008-12-08,41.61,44.583,41.436,43.887
2008-12-09,43.887,44.461,41.73,42.299
2008-12-10,42.299,46.067,41.796,43.834
2008-12-11,43.834,49.02,43.188,47.255
2008-12-12,47.255,47.415,43.238,46.455
2008-12-15,46.495,49.983,44.043,44.723
2008-12-16,44.723,46.476,42.512,43.662
2008-12-17,43.662,45.471,41.292,41.906
2008-12-18,41.906,42.467,38.69,39.435
2008-12-19,39.435,40.345,38.144,40.089
2008-12-22,40.053,40.734,37.108,37.211
2008-12-23,37.211,38.243,35.563,36.877
2008-12-24,36.877,37.375,33.135,33.513
2008-12-25,33.513,33.617,33.456,33.57
2008-12-26,33.57,36.031,33.57,35.913
2008-12-29,35.914,40.202,35.775,38.091
2008-12-30,38.091,38.533,36.234,37.571
2008-12-31,37.571,43.609,35.349,40.717
2009-01-01,40.717,40.948,40.717,40.862
2009-01-02,40.862,44.94,39.445,44.731
2009-01-05,44.751,47.702,44.077,46.793
2009-01-06,46.793,48.926,46.128,47.049
2009-01-07,47.049,47.692,41.229,41.384
2009-01-08,41.384,42.478,39.495,41.259
2009-01-09,41.259,41.644,38.437,39.444
2009-01-12,39.415,40.033,36.831,37.026
2009-01-13,37.026,38.885,35.514,38.268
2009-01-14,38.268,38.898,35.045,36.84
2009-01-15,36.84,38.163,34.529,36.408
2009-01-16,36.408,37.692,35.652,35.925
2009-01-19,35.876,36.581,34.569,35.074
2009-01-20,35.074,37.821,33.736,35.36
2009-01-21,35.36,38.597,34.862,38.419
2009-01-22,38.419,39.278,35.234,37.753
2009-01-23,37.753,41.19,36.255,40.386
2009-01-26,40.326,43.166,40.139,40.664
2009-01-27,40.664,42.329,36.985,37.486
2009-01-28,37.486,39.123,36.404,37.815
2009-01-29,37.815,38.14,36.187,37.523
2009-01-30,37.523,39.306,37.09,37.781
2009-02-02,37.837,38.659,36.551,37.047
2009-02-03,37.047,37.993,36.549,37.739
2009-02-04,37.739,38.831,36.849,37.313
2009-02-05,37.313,38.429,36.73,38.197
2009-02-06,38.197,39.943,36.093,37.486
2009-02-09,37.498,40.242,37.429,37.761
2009-02-10,37.761,39.826,35.64,36.411
2009-02-11,36.411,36.819,34.159,34.483
2009-02-12,34.483,34.823,32.299,33.017
2009-02-13,33.017,36.988,32.658,36.869
2009-02-16,36.783,38.643,36.783,37.706
2009-02-17,37.706,37.783,34.542,34.551
2009-02-18,34.551,35.465,33.9,34.129
2009-02-19,34.129,36.811,33.915,36.283
2009-02-20,36.283,36.798,34.398,36.469
2009-02-23,36.507,38.371,35.046,35.234
2009-02-24,35.234,37.254,34.878,37.08
2009-02-25,37.08,39.888,36.619,39.449
2009-02-26,39.449,42.314,39.38,41.608
2009-02-27,41.608,42.079,39.844,41.427
2009-03-02,41.354,41.963,37.663,37.925
2009-03-03,37.925,39.882,37.325,39.475
2009-03-04,39.475,43.543,38.958,43.081
2009-03-05,43.081,43.523,40.909,41.658
2009-03-06,41.658,44.339,41.492,43.712
2009-03-09,43.675,47.156,43.421,45.525
2009-03-10,45.525,46.808,43.936,44.153
2009-03-11,44.153,44.66,40.911,41.664
2009-03-12,41.664,46.051,41.412,45.666
2009-03-13,45.666,47.056,44.617,44.809
2009-03-16,44.752,47.019,43.012,46.392
2009-03-17,46.392,49.342,46.025,48.348
2009-03-18,48.348,49.754,46.909,49.471
2009-03-19,49.471,52.114,48.733,50.784
2009-03-20,50.784,51.885,50.19,51.262
2009-03-23,51.184,53.275,50.877,53.053
2009-03-24,53.053,53.314,51.721,52.803
2009-03-25,52.803,53.455,51.164,52.099
2009-03-26,52.099,53.953,52.063,53.33
2009-03-27,53.33,53.599,50.999,51.43
2009-03-30,51.756,51.756,47.586,47.985
2009-03-31,47.985,49.416,47.27,48.325
2009-04-01,48.325,48.455,46.791,48.003
2009-04-02,48.003,52.372,47.904,51.989
2009-04-03,51.989,53.409,50.562,52.054
2009-04-06,52.005,53.186,49.438,50.881
2009-04-07,50.881,51.448,48.115,48.135
2009-04-08,48.135,50.966,47.056,49.789
2009-04-09,49.789,52.137,49.407,51.841
2009-04-10,51.841,51.891,51.821,51.881
2009-04-13,51.881,51.92,48.641,49.812
2009-04-14,49.812,50.934,48.678,49.03
2009-04-15,49.03,50.628,48.752,49.622
2009-04-16,49.622,50.347,48.982,49.707
2009-04-17,49.707,51.081,49.563,50.265
2009-04-20,50.237,50.458,46.469,46.566
2009-04-21,46.566,47.561,45.071,47.154
2009-04-22,47.154,47.429,46.072,47.037
2009-04-23,47.037,48.272,46.758,47.985
2009-04-24,47.985,50.112,47.482,49.923
2009-04-27,49.875,49.875,46.657,48.746
2009-04-28,48.746,48.805,47.23,48.008
2009-04-29,48.008,50.096,47.825,49.431
2009-04-30,49.431,50.647,48.975,49.56
2009-05-01,49.56,52.399,49.24,51.526
2009-05-04,51.399,53.576,51.399,53.451
2009-05-05,53.451,53.809,52.509,53.143
2009-05-06,53.143,55.496,52.61,55.332
2009-05-07,55.332,57.622,54.575,55.095
2009-05-08,55.095,57.892,55.085,57.892
2009-05-11,57.784,57.968,56.131,57.462
2009-05-12,57.462,59.468,57.203,58.82
2009-05-13,58.82,59.358,56.911,57.325
2009-05-14,57.325,58.559,56.106,58.17
2009-05-15,58.17,58.483,55.72,56.095
2009-05-18,56.125,59.153,56.02,58.879
2009-05-19,58.879,60.221,58.194,59.562
2009-05-20,59.562,61.509,59.121,61.007
2009-05-21,61.007,61.135,59.215,60.367
2009-05-22,60.367,61.271,59.809,60.853
2009-05-25,60.853,61.504,60.247,60.581
2009-05-26,60.581,61.881,58.932,61.854
2009-05-27,61.854,63.21,61.582,62.352
2009-05-28,62.352,64.84,62.162,64.258
2009-05-29,64.258,66.036,64.091,65.966
2009-06-01,66.056,68.15,65.7,67.478
2009-06-02,67.478,68.542,66.999,67.711
2009-06-03,67.711,68.456,64.496,65.641
2009-06-04,65.641,69.138,65.465,68.267
2009-06-05,68.267,69.874,67.113,68.014
2009-06-08,67.955,68.593,66.425,68.348
2009-06-09,68.348,70.314,68.087,70.214
2009-06-10,70.214,71.467,70.097,71.126
2009-06-11,71.126,72.931,71.018,72.208
2009-06-12,72.208,72.341,70.532,71.915
2009-06-15,71.985,72.139,69.396,70.279
2009-06-16,70.279,72.601,69.643,70.035
2009-06-17,70.035,71.134,68.866,70.74
2009-06-18,70.74,71.642,70.109,71.185
2009-06-19,71.185,72.302,68.883,69.549
2009-06-22,69.381,69.659,66.219,66.718
2009-06-23,66.718,69.225,65.927,68.372
2009-06-24,68.372,69.418,67.62,68.011
2009-06-25,68.011,70.499,67.684,69.915
2009-06-26,69.915,70.868,68.407,69.017
2009-06-29,69.037,71.55,67.998,71.234
2009-06-30,71.234,73.008,68.561,69.977
2009-07-01,69.977,71.511,68.199,68.988
2009-07-02,68.988,69.417,65.967,66.146
2009-07-03,66.146,66.88,65.124,65.353
2009-07-06,65.353,65.406,63.173,64.056
2009-07-07,64.056,64.692,62.037,62.137
2009-07-08,62.137,62.484,59.827,60.147
2009-07-09,60.147,61.443,59.081,60.301
2009-07-10,60.301,60.721,58.565,59.577
2009-07-13,59.507,60.552,58.207,59.868
2009-07-14,59.868,61.355,59.052,59.692
2009-07-15,59.692,61.912,59.554,61.664
2009-07-16,61.664,62.106,60.215,61.938
2009-07-17,61.938,63.928,60.978,63.471
2009-07-20,63.361,64.943,63.253,64.424
2009-07-21,64.424,65.746,63.618,64.069
2009-07-22,64.069,64.881,62.896,64.474
2009-07-23,64.474,66.612,63.557,65.847
2009-07-24,65.847,67.348,65.606,67.171
2009-07-27,67.26,68.205,66.841,67.364
2009-07-28,67.364,68.11,65.765,65.96
2009-07-29,65.96,66.302,62.059,62.24
2009-07-30,62.24,66.633,62.122,65.982
2009-07-31,65.982,69.091,64.348,68.708
2009-08-03,68.857,71.626,68.516,70.808
2009-08-04,70.808,71.416,69.628,71.228
2009-08-05,71.228,71.595,69.216,71.281
2009-08-06,71.281,71.931,69.715,71.383
2009-08-07,71.383,72.389,69.953,70.075
2009-08-10,70.145,71.229,69.754,70.352
2009-08-11,70.352,70.94,68.415,69.289
2009-08-12,69.289,70.856,68.566,70.128
2009-08-13,70.128,71.963,69.813,70.739
2009-08-14,70.739,71.373,66.93,67.272
2009-08-17,67.282,67.535,65.131,66.617
2009-08-18,66.617,69.864,65.99,69.816
2009-08-19,69.816,72.249,67.831,71.507
2009-08-20,71.507,72.049,70.572,70.943
2009-08-21,70.943,72.757,70.113,72.102
2009-08-24,71.908,73.024,71.804,72.232
2009-08-25,72.232,73.232,69.48,69.751
2009-08-26,69.751,71.008,69.097,69.838
2009-08-27,69.838,71.302,68.333,71.256
2009-08-28,71.256,72.002,70.305,71.305
2009-08-31,71.374,71.985,67.876,68.378
2009-09-01,68.378,70.128,66.827,67.206
2009-09-02,67.206,67.651,65.939,66.917
2009-09-03,66.917,68.299,66.595,67.012
2009-09-04,67.012,67.747,66.113,66.789
2009-09-07,66.789,68.04,66.661,67.155
2009-09-08,67.155,70.955,67.078,70.501
2009-09-09,70.501,71.734,69.882,70.965
2009-09-10,70.965,71.712,70.151,71.419
2009-09-11,71.419,72.223,68.191,68.664
2009-09-14,68.496,69.035,67.537,68.397
2009-09-15,68.397,70.773,68.054,70.004
2009-09-16,70.004,72.195,69.744,72.042
2009-09-17,72.042,72.841,71.346,72.092
2009-09-18,72.092,72.401,71.004,71.583
2009-09-21,71.613,72.289,68.934,69.384
2009-09-22,69.384,71.693,69.354,71.276
2009-09-23,71.276,71.477,67.734,67.963
2009-09-24,67.963,68.466,65.315,65.764
2009-09-25,65.764,66.808,64.775,65.765
2009-09-28,65.745,67.29,65.165,66.964
2009-09-29,66.964,67.085,65.586,66.267
2009-09-30,66.267,70.483,65.996,70.106
2009-10-01,70.106,71.16,68.909,70.028
2009-10-02,70.028,70.467,68.111,69.471
2009-10-05,69.471,70.771,67.877,70.154
2009-10-06,70.154,71.799,69.887,71.064
2009-10-07,71.064,71.596,68.729,69.659
2009-10-08,69.659,72.403,69.028,71.217
2009-10-09,71.217,72.217,70.487,72.157
2009-10-12,72.157,73.738,71.944,73.002
2009-10-13,73.002,74.463,72.735,74.333
2009-10-14,74.333,75.454,74.263,75.275
2009-10-15,75.275,77.903,74.723,77.725
2009-10-16,77.725,78.696,76.765,78.607
2009-10-19,78.618,79.606,78.011,79.538
2009-10-20,79.538,79.96,77.898,78.299
2009-10-21,78.299,81.564,77.233,80.511
2009-10-22,80.511,81.08,79.458,80.823
2009-10-23,80.823,81.374,79.165,79.215
2009-10-26,79.255,81.224,77.631,78.241
2009-10-27,78.241,79.558,77.483,79.2
2009-10-28,79.2,79.5,76.823,76.823
2009-10-29,76.823,80.151,76.725,79.686
2009-10-30,79.686,79.906,76.57,76.7
2009-11-02,76.711,78.413,76.31,77.758
2009-11-03,77.758,79.534,76.321,79.177
2009-11-04,79.177,80.832,78.889,80.008
2009-11-05,80.008,80.307,79.132,79.494
2009-11-06,79.494,80.138,76.522,77.442
2009-11-09,77.462,80.035,77.462,79.039
2009-11-10,79.039,80.367,77.753,78.704
2009-11-11,78.704,79.972,78.446,79.107
2009-11-12,79.107,79.568,76.413,76.644
2009-11-13,76.644,77.57,75.475,76.367
2009-11-16,76.447,79.373,76.284,78.855
2009-11-17,78.855,79.687,78.094,79.379
2009-11-18,79.379,80.298,78.64,79.672
2009-11-19,79.672,79.993,77.221,78.03
2009-11-20,78.03,78.223,76.386,77.365
2009-11-23,77.316,79.567,76.812,77.141
2009-11-24,77.141,77.464,75.278,75.5
2009-11-25,75.5,77.772,75.19,77.454
2009-11-26,77.454,77.623,75.749,75.929
2009-11-27,75.929,76.171,72.111,75.682
2009-11-30,75.682,77.74,74.877,77.113
2009-12-01,77.113,78.788,76.759,77.643
2009-12-02,77.643,78.345,75.988,76.249
2009-12-03,76.249,77.271,75.32,75.573
2009-12-04,75.573,77.685,74.645,75.494
2009-12-07,75.495,75.917,73.532,73.902
2009-12-08,73.902,74.223,72.277,72.966
2009-12-09,72.966,73.72,69.991,70.521
2009-12-10,70.521,71.257,69.682,70.462
2009-12-11,70.462,71.078,69.342,69.504
2009-12-14,69.445,70.132,68.803,69.506
2009-12-15,69.506,71.073,69.231,70.805
2009-12-16,70.805,73.482,70.518,72.794
2009-12-17,72.794,73.283,71.301,72.201
2009-12-18,72.201,74.023,71.972,72.776
2009-12-21,72.835,73.766,71.749,71.879
2009-12-22,71.879,73.5,71.345,73.045
2009-12-23,73.045,75.601,72.869,75.223
2009-12-24,75.223,76.876,74.842,76.386
2009-12-28,76.386,77.926,76.386,77.4
2009-12-29,77.4,78.242,76.897,77.657
2009-12-30,77.657,78.708,77.379,78.319
2009-12-31,78.319,78.957,78.113,78.627
2010-01-01,78.627,78.637,78.568,78.588
2010-01-04,78.588,80.94,78.588,80.851
2010-01-05,80.851,81.197,80.154,80.647
2010-01-06,80.647,82.754,80.101,82.423
2010-01-07,82.423,82.608,81.545,81.962
2010-01-08,81.962,82.81,81.145,82.204
2010-01-11,82.293,83.437,81.539,81.579
2010-01-12,81.579,81.886,79.493,79.653
2010-01-13,79.653,80.295,77.999,79.307
2010-01-14,79.307,80.018,78.599,78.89
2010-01-15,78.89,79.002,77.44,77.694
2010-01-18,77.694,78.772,77.143,78.325
2010-01-19,78.325,79.22,76.815,78.871
2010-01-20,78.871,79.111,76.894,77.353
2010-01-21,77.353,78.126,75.435,75.645
2010-01-22,75.645,76.277,73.838,73.878
2010-01-25,73.878,75.224,73.866,75.045
2010-01-26,75.045,75.195,73.633,74.493
2010-01-27,74.493,74.907,72.474,73.553
2010-01-28,73.553,74.314,72.76,73.699
2010-01-29,73.699,74.652,72.268,72.559
2010-02-01,72.479,74.814,72.344,74.784
2010-02-02,74.784,77.267,74.258,76.847
2010-02-03,76.847,77.899,76.385,76.845
2010-02-04,76.845,77.035,72.299,72.858
2010-02-05,72.858,73.821,69.389,71.687
2010-02-08,71.777,72.293,70.686,71.547
2010-02-09,71.547,74.059,71.228,73.751
2010-02-10,73.751,74.886,72.518,74.617
2010-02-11,74.617,75.612,73.304,75.253
2010-02-12,75.253,75.313,72.591,74.131
2010-02-15,74.131,74.305,73.661,73.911
2010-02-16,73.911,77.377,73.911,77.257
2010-02-17,77.257,77.78,76.493,77.244
2010-02-18,77.244,79.26,76.298,78.441
2010-02-19,78.441,79.835,77.66,79.825
2010-02-22,79.875,80.248,79.248,79.709
2010-02-23,79.709,79.994,77.839,78.708
2010-02-24,78.708,79.897,77.88,79.877
2010-02-25,79.877,80.076,76.703,77.93
2010-02-26,77.93,79.705,77.518,79.209
2010-03-01,79.269,80.31,77.765,78.544
2010-03-02,78.544,80.658,77.973,79.445
2010-03-03,79.445,80.951,79.159,80.655
2010-03-04,80.655,80.823,79.45,80.221
2010-03-05,80.221,81.816,80.213,81.502
2010-03-08,81.542,82.196,80.545,81.575
2010-03-09,81.575,81.717,79.968,81.191
2010-03-10,81.191,82.848,80.634,81.784
2010-03-11,81.784,82.218,81.165,82.178
2010-03-12,82.178,83.007,80.424,81.065
2010-03-15,80.935,81.2,79.028,79.79
2010-03-16,79.79,81.948,79.227,81.852
2010-03-17,81.852,83.014,81.635,82.686
2010-03-18,82.686,82.826,81.619,82.081
2010-03-19,82.081,82.205,79.884,80.683
2010-03-22,80.693,81.594,78.63,81.554
2010-03-23,81.554,81.969,80.622,81.393
2010-03-24,81.393,81.453,79.664,80.085
2010-03-25,80.085,81.268,79.893,80.023
2010-03-26,80.023,81.254,79.341,79.971
2010-03-29,79.951,82.597,79.951,82.32
2010-03-30,82.32,82.562,81.597,82.428
2010-03-31,82.428,83.682,82.051,83.074
2010-04-01,83.074,85.057,83.046,85.039
2010-04-02,85.039,85.209,85.009,85.089
2010-04-05,85.089,86.768,84.928,86.7
2010-04-06,86.7,86.966,86.006,86.649
2010-04-07,86.649,86.881,85.409,85.629
2010-04-08,85.629,85.776,84.277,85.508
2010-04-09,85.508,86.271,84.027,84.887
2010-04-12,84.867,85.634,84.01,84.283
2010-04-13,84.283,84.36,82.45,83.692
2010-04-14,83.692,86.337,83.622,85.919
2010-04-15,85.919,86.222,85.226,85.327
2010-04-16,85.327,85.411,82.714,83.284
2010-04-19,83.225,83.345,80.975,82.313
2010-04-20,82.313,83.454,82.097,82.979
2010-04-21,82.979,83.596,81.908,82.471
2010-04-22,82.471,83.071,80.765,82.772
2010-04-23,82.772,84.226,81.976,84.132
2010-04-26,84.132,84.752,82.89,83.03
2010-04-27,83.03,83.511,80.915,81.015
2010-04-28,81.015,82.673,80.526,82.555
2010-04-29,82.555,84.8,82.263,84.77
2010-04-30,84.77,85.773,84.438,85.47
2010-05-03,85.5,86.524,85.2,85.438
2010-05-04,85.438,85.642,81.56,81.59
2010-05-05,81.59,82.293,78.642,79.081
2010-05-06,79.081,79.892,74.15,76.42
2010-05-07,76.42,77.751,74.096,75
2010-05-10,75,78.164,75,76.966
2010-05-11,76.966,77.379,75.063,75.683
2010-05-12,75.683,76.733,74.495,75.227
2010-05-13,75.227,76.221,73.395,73.603
2010-05-14,73.603,73.915,70.658,71.749
2010-05-17,71.869,72.148,69.177,70.441
2010-05-18,70.441,71.981,68.973,69.374
2010-05-19,69.374,70.014,68.038,69.77
2010-05-20,69.77,70.174,65.965,66.832
2010-05-21,66.832,68.33,66.182,67.667
2010-05-24,67.6,68.303,66.98,67.428
2010-05-25,67.428,67.515,64.738,67.409
2010-05-26,67.409,69.234,66.771,68.375
2010-05-27,68.375,72.447,68.255,72.389
2010-05-28,72.389,73.267,70.797,71.734
2010-05-31,71.734,72.508,71.694,72.341
2010-06-01,72.341,73.29,69.683,70.094
2010-06-02,70.094,72.027,69.808,71.743
2010-06-03,71.743,73.105,70.551,72.822
2010-06-04,72.822,73.64,69.105,69.301
2010-06-07,69.282,71.087,68.102,69.815
2010-06-08,69.815,71.299,69.399,71.28
2010-06-09,71.28,73.69,70.772,72.798
2010-06-10,72.798,75.099,72.497,74.329
2010-06-11,74.329,74.518,72.21,73.232
2010-06-14,73.154,75.177,73.154,74.021
2010-06-15,74.021,76.454,73.893,76.307
2010-06-16,76.307,77.514,75.438,76.921
2010-06-17,76.921,77.257,75.662,76.136
2010-06-18,76.136,77.287,75.617,77.168
2010-06-21,77.208,78.77,76.59,77.048
2010-06-22,77.048,77.788,76.231,76.387
2010-06-23,76.387,76.758,74.146,74.857
2010-06-24,74.857,75.572,74.333,75.487
2010-06-25,75.487,78.19,74.933,78.181
2010-06-28,78.201,78.475,76.854,77.231
2010-06-29,77.231,77.465,74.415,74.895
2010-06-30,74.895,76.044,73.639,74.527
2010-07-01,74.527,74.651,71.356,71.999
2010-07-02,71.999,72.69,70.969,71.618
2010-07-05,71.618,72.132,70.796,71.205
2010-07-06,71.205,73.332,70.562,71.574
2010-07-07,71.574,74.432,70.954,74.392
2010-07-08,74.392,75.541,73.924,75.443
2010-07-09,75.443,76.049,74.573,76.018
2010-07-12,76.029,76.09,74.211,74.649
2010-07-13,74.649,77.089,73.968,76.849
2010-07-14,76.849,77.906,76.137,76.509
2010-07-15,76.509,77.448,75.13,76.687
2010-07-16,76.687,76.959,75.093,75.617
2010-07-19,75.648,77.828,75.581,76.535
2010-07-20,76.535,77.639,75.743,77.6
2010-07-21,77.6,78.313,75.953,76.183
2010-07-22,76.183,79.171,75.917,78.883
2010-07-23,78.883,79.355,78.161,78.782
2010-07-26,78.652,79.114,77.847,78.658
2010-07-27,78.658,79.481,76.59,76.95
2010-07-28,76.95,77.543,75.71,76.679
2010-07-29,76.679,78.701,76.266,78.074
2010-07-30,78.074,78.87,76.653,78.761
2010-08-02,78.811,81.61,78.669,81.262
2010-08-03,81.262,82.488,80.957,82.249
2010-08-04,82.249,82.825,81.475,82.368
2010-08-05,82.368,82.378,81.425,82.017
2010-08-06,82.017,82.54,79.918,80.788
2010-08-09,80.758,81.659,80.612,81.343
2010-08-10,81.343,81.524,79.112,80.153
2010-08-11,80.153,80.354,77.295,77.335
2010-08-12,77.335,77.898,75.454,75.794
2010-08-13,75.794,76.677,74.952,75.533
2010-08-16,75.513,75.912,74.825,75.068
2010-08-17,75.068,76.603,74.978,75.436
2010-08-18,75.436,75.831,73.893,75.359
2010-08-19,75.359,76.171,74.031,74.392
2010-08-20,74.392,74.704,73.163,73.693
2010-08-23,73.643,74.225,72.502,72.812
2010-08-24,72.812,72.822,71.086,71.256
2010-08-25,71.256,72.739,70.534,72.65
2010-08-26,72.65,73.753,72.314,72.848
2010-08-27,72.848,75.369,71.827,75.319
2010-08-30,75.349,75.377,73.829,73.849
2010-08-31,73.849,74.544,71.353,71.494
2010-09-01,71.494,74.303,71.464,73.827
2010-09-02,73.827,74.972,72.944,74.763
2010-09-03,74.763,75.278,73.044,74.183
2010-09-06,74.183,74.357,73.669,73.948
2010-09-07,73.948,74.506,72.509,73.689
2010-09-08,73.689,75.274,73.254,74.806
2010-09-09,74.806,75.851,73.775,73.926
2010-09-10,73.926,76.63,73.896,76.381
2010-09-13,76.292,77.964,76.28,77.088
2010-09-14,77.088,77.924,76.146,76.687
2010-09-15,76.687,76.687,74.605,75.677
2010-09-16,75.677,75.937,74.065,74.436
2010-09-17,74.436,75.493,72.944,73.579
2010-09-20,73.629,75.676,73.514,75.103
2010-09-21,75.103,75.314,73.649,73.788
2010-09-22,73.788,74.985,72.86,73.833
2010-09-23,73.833,74.643,72.631,73.966
2010-09-24,73.966,75.735,73.712,75.582
2010-09-27,75.562,76.321,74.692,75.393
2010-09-28,75.393,76.311,74.728,75.399
2010-09-29,75.399,77.351,74.841,76.989
2010-09-30,76.989,79.419,76.795,79.076
2010-10-01,79.076,81.006,78.95,80.977
2010-10-04,80.997,81.745,80.14,80.963
2010-10-05,80.963,82.396,80.547,81.964
2010-10-06,81.964,83.524,81.729,82.828
2010-10-07,82.828,83.897,80.496,80.939
2010-10-08,80.939,82.649,79.827,82.368
2010-10-11,82.368,83.119,81.471,81.551
2010-10-12,81.551,82.005,80.554,81.41
2010-10-13,81.41,83.163,81.341,82.974
2010-10-14,82.974,83.859,81.97,82.554
2010-10-15,82.554,83.118,80.553,81.187
2010-10-18,81.287,83.233,80.309,82.808
2010-10-19,82.808,83.178,79.238,79.278
2010-10-20,79.278,81.913,79.179,81.896
2010-10-21,81.896,82.036,79.463,80.09
2010-10-22,80.09,81.449,79.792,81.39
2010-10-25,81.291,82.705,80.891,81.817
2010-10-26,81.817,82.329,81.265,81.897
2010-10-27,81.897,82.149,80.004,81.46
2010-10-28,81.46,82.129,80.998,81.46
2010-10-29,81.46,81.632,80.084,80.923
2010-11-01,80.973,83.423,80.884,82.524
2010-11-02,82.524,84.057,82.406,84.037
2010-11-03,84.037,84.958,83.177,84.665
2010-11-04,84.665,86.447,84.527,86.348
2010-11-05,86.348,86.844,85.598,86.708
2010-11-08,87.037,87.172,85.661,86.444
2010-11-09,86.444,87.342,85.208,86.186
2010-11-10,86.186,87.951,85.838,87.782
2010-11-11,87.782,88.382,87.298,87.504
2010-11-12,87.504,87.615,84.31,84.583
2010-11-15,84.523,85.615,84.334,84.385
2010-11-16,84.385,84.601,81.909,82.279
2010-11-17,82.279,82.609,80.118,80.418
2010-11-18,80.418,82.388,80.388,82.301
2010-11-19,82.301,82.796,80.574,81.512
2010-11-22,81.354,82.398,80.224,81.132
2010-11-23,81.132,81.641,79.839,80.581
2010-11-24,80.581,83.809,80.472,83.72
2010-11-25,83.72,84.101,83.021,83.754
2010-11-26,83.754,83.807,82.373,83.462
2010-11-29,83.462,85.463,83.229,85.454
2010-11-30,85.454,85.535,83.21,83.35
2010-12-01,83.35,86.611,83.22,86.494
2010-12-02,86.494,87.804,85.947,87.696
2010-12-03,87.696,89.177,86.831,89.108
2010-12-06,89.128,89.489,88.295,88.652
2010-12-07,88.652,90.508,87.801,88.05
2010-12-08,88.05,88.761,87.106,88.237
2010-12-09,88.237,89.202,87.502,88.354
2010-12-10,88.354,88.803,86.911,87.533
2010-12-13,87.633,89.345,87.289,88.103
2010-12-14,88.103,88.826,87.616,88.17
2010-12-15,88.17,88.982,86.723,88.327
2010-12-16,88.327,88.55,87.543,87.785
2010-12-17,87.785,88.401,86.921,87.862
2010-12-20,87.981,88.841,87.012,88.467
2010-12-21,88.467,89.392,88.353,89.294
2010-12-22,89.294,90.105,89.149,89.922
2010-12-23,89.922,90.954,89.655,90.889
2010-12-24,90.889,90.889,90.73,90.74
2010-12-27,90.74,91.289,89.935,90.18
2010-12-28,90.18,91.11,90.14,90.68
2010-12-29,90.68,90.988,90.267,90.476
2010-12-30,90.476,90.883,88.525,88.948
2010-12-31,88.948,91.575,88.576,90.92
2011-01-03,90.92,92.161,90.781,91.082
2011-01-04,91.082,91.673,87.985,88.786
2011-01-05,88.786,90.479,87.745,89.965
2011-01-06,89.965,90.356,87.522,87.796
2011-01-07,87.796,89.169,86.949,88.099
2011-01-10,88.178,89.722,87.89,89.145
2011-01-11,89.145,91.173,88.708,91.044
2011-01-12,91.044,92.19,90.589,91.677
2011-01-13,91.677,92.195,90.583,90.703
2011-01-14,90.703,91.544,89.948,91.525
2011-01-17,91.525,91.704,90.745,90.944
2011-01-18,90.944,91.933,90.522,91.273
2011-01-19,91.273,92.092,90.55,90.656
2011-01-20,90.656,90.898,88.042,88.533
2011-01-21,88.533,89.368,88.039,88.312
2011-01-24,88.272,88.858,86.53,86.971
2011-01-25,86.971,87.122,85.417,85.508
2011-01-26,85.508,87.1,85.348,86.932
2011-01-27,86.932,86.975,84.655,84.695
2011-01-28,84.695,89.073,84.471,88.8
2011-01-31,88.84,92.243,87.826,91.521
2011-02-01,91.521,91.877,89.778,89.858
2011-02-02,89.858,91.238,89.571,90.441
2011-02-03,90.441,91.529,89.495,90.129
2011-02-04,90.129,91.181,87.981,88.554
2011-02-07,88.653,89.127,86.798,86.849
2011-02-08,86.849,87.745,85.518,87.093
2011-02-09,87.093,87.61,86.03,86.431
2011-02-10,86.431,87.587,85.646,87.373
2011-02-11,87.373,87.463,84.822,85.116
2011-02-14,85.007,86.311,84.38,84.642
2011-02-15,84.642,85.786,83.675,84.198
2011-02-16,84.198,85.794,83.967,84.881
2011-02-17,84.881,86.371,84.493,86.133
2011-02-18,86.133,88.098,85.624,87.117
2011-02-21,87.117,92.748,87.117,92.67
2011-02-22,92.67,95.691,90.915,93.059
2011-02-23,93.059,97.292,92.542,96.364
2011-02-24,96.364,100.718,93.181,94.296
2011-02-25,94.296,96.714,93.782,95.775
2011-02-28,95.825,97.714,94.595,94.906
2011-03-01,94.906,98.613,94.299,98.507
2011-03-02,98.507,100.486,97.206,100.369
2011-03-03,100.369,100.929,98.264,99.831
2011-03-04,99.831,103.309,99.649,103.241
2011-03-07,103.055,105.333,102.615,103.234
2011-03-08,103.234,104.298,101.847,103.247
2011-03-09,103.247,104.53,102.564,103.093
2011-03-10,103.093,103.755,99.405,101.269
2011-03-11,101.269,101.803,98.083,99.312
2011-03-14,99.501,100.963,97.641,100.954
2011-03-15,100.954,101.083,96.003,96.724
2011-03-16,96.724,98.982,95.577,97.745
2011-03-17,97.745,101.473,96.033,101.195
2011-03-18,101.195,103.424,99.955,101.088
2011-03-21,101.434,103.256,101.434,101.857
2011-03-22,101.857,104.237,101.156,103.871
2011-03-23,103.871,105.395,103.438,104.648
2011-03-24,104.648,105.766,103.863,104.472
2011-03-25,104.472,105.074,103.633,104.803
2011-03-28,104.655,104.96,102.837,103.106
2011-03-29,103.106,104.267,101.973,103.774
2011-03-30,103.774,104.446,102.745,103.718
2011-03-31,103.718,106.152,103.431,106.006
2011-04-01,106.006,107.819,105.652,107.769
2011-04-04,107.66,108.213,107.025,107.752
2011-04-05,107.752,108.077,106.975,107.348
2011-04-06,107.348,108.657,107.211,108.129
2011-04-07,108.129,109.981,107.762,109.827
2011-04-08,109.827,112.78,109.662,112.75
2011-04-11,112.621,113.103,108.43,108.47
2011-04-12,108.47,109.945,105.197,105.841
2011-04-13,105.841,107.183,105.071,107.072
2011-04-14,107.072,108.337,105.557,108.294
2011-04-15,108.294,109.918,107.029,109.276
2011-04-18,109.217,109.4,106.472,107.381
2011-04-19,107.381,108.481,105.405,107.739
2011-04-20,107.739,111.046,107.352,110.861
2011-04-21,110.861,111.873,110.408,111.727
2011-04-22,111.727,111.807,111.697,111.757
2011-04-25,111.757,112.957,110.569,111.699
2011-04-26,111.699,112.141,110.62,111.461
2011-04-27,111.461,112.924,110.241,112.736
2011-04-28,112.736,113.508,111.239,112.338
2011-04-29,112.338,113.741,111.809,113.404
2011-05-02,113.295,114.448,110.447,112.569
2011-05-03,112.569,112.852,109.956,110.457
2011-05-04,110.457,110.886,108.16,108.473
2011-05-05,108.473,109.07,97.98,99.338
2011-05-06,99.338,102.114,94.379,97.869
2011-05-09,97.81,103.19,97.208,102.783
2011-05-10,102.783,103.758,99.926,103.131
2011-05-11,103.131,104.413,97.338,98.638
2011-05-12,98.638,100.341,95.104,98.676
2011-05-13,98.676,100.562,96.962,99.293
2011-05-16,99.213,99.573,96.818,96.819
2011-05-17,96.819,97.749,94.964,97.586
2011-05-18,97.586,100.951,97.407,99.713
2011-05-19,99.713,100.852,98.256,98.566
2011-05-20,98.566,100.05,95.993,99.544
2011-05-23,99.544,99.697,96.047,97.126
2011-05-24,97.126,99.766,96.29,99.041
2011-05-25,99.041,101.314,97.89,100.907
2011-05-26,100.907,101.587,99.31,99.931
2011-05-27,99.931,100.946,99.742,100.451
2011-05-30,100.461,100.535,99.342,100.125
2011-05-31,100.125,103.137,99.998,102.373
2011-06-01,102.373,103.066,99.401,99.421
2011-06-02,99.421,100.68,98.243,100.64
2011-06-03,100.64,100.71,97.914,100.342
2011-06-06,100.362,100.496,98.38,98.6
2011-06-07,98.6,99.59,97.58,99.49
2011-06-08,99.49,101.736,97.869,100.68
2011-06-09,100.68,102.296,100.59,101.73
2011-06-10,101.73,102.012,98.474,98.735
2011-06-13,98.795,99.22,96.04,96.901
2011-06-14,96.901,99.46,96.428,99.36
2011-06-15,99.36,99.878,93.964,95.324
2011-06-16,95.324,95.689,94.232,95.095
2011-06-17,95.095,95.346,91.796,92.977
2011-06-20,92.867,93.615,91.258,93.556
2011-06-21,93.556,94.847,92.636,93.425
2011-06-22,93.425,95.457,93.001,94.212
2011-06-23,94.212,94.252,89.469,92.005
2011-06-24,92.005,92.175,89.608,91.056
2011-06-27,91.016,91.103,89.422,90.632
2011-06-28,90.632,93.015,90.256,92.935
2011-06-29,92.935,95.656,92.478,94.91
2011-06-30,94.91,95.645,93.709,94.958
2011-07-01,94.958,95.225,93.287,94.608
2011-07-04,94.588,95.326,94.588,94.862
2011-07-05,94.862,97.347,94.207,96.829
2011-07-06,96.829,97.661,95.775,96.778
2011-07-07,96.778,99.301,96.748,98.664
2011-07-08,98.664,99.069,95.494,96.405
2011-07-11,96.376,96.663,94.061,95.113
2011-07-12,95.113,97.429,93.478,96.59
2011-07-13,96.59,99.146,96.461,97.868
2011-07-14,97.868,98.824,94.477,95.818
2011-07-15,95.818,97.694,95.162,97.326
2011-07-18,97.446,97.664,94.671,96.143
2011-07-19,96.143,98.679,95.951,98.052
2011-07-20,98.052,99.075,96.644,98.041
2011-07-21,98.041,99.872,96.919,98.878
2011-07-22,98.878,99.912,98.156,99.495
2011-07-25,99.535,99.613,98.272,98.833
2011-07-26,98.833,100.376,97.523,98.952
2011-07-27,98.952,99.264,96.935,96.995
2011-07-28,96.995,97.789,96.288,96.994
2011-07-29,96.994,97.175,94.744,95.755
2011-08-01,95.655,98.413,93.244,94.892
2011-08-02,94.892,95.507,92.914,93.084
2011-08-03,93.084,93.589,91.064,91.784
2011-08-04,91.784,92.434,85.901,86.222
2011-08-05,86.222,88.183,82.74,86.958
2011-08-08,87.128,87.128,80.069,80.629
2011-08-09,80.629,82.951,75.617,81.755
2011-08-10,81.755,83.05,79.443,81.802
2011-08-11,81.802,85.885,80.948,85.466
2011-08-12,85.466,87.29,83.941,85.314
2011-08-15,85.224,87.994,84.344,87.695
2011-08-16,87.695,87.881,85.572,87.113
2011-08-17,87.113,88.958,86.605,87.401
2011-08-18,87.401,87.491,81.12,81.601
2011-08-19,81.601,83.629,79.236,82.622
2011-08-22,82.672,84.662,81.046,84.403
2011-08-23,84.403,86.254,83.268,85.736
2011-08-24,85.736,86.458,84.42,84.962
2011-08-25,84.962,86.433,82.888,84.817
2011-08-26,84.817,85.519,82.833,85.331
2011-08-29,85.431,87.511,85.001,87.422
2011-08-30,87.422,89.104,86.357,88.706
2011-08-31,88.706,89.439,87.57,88.751
2011-09-01,88.751,89.804,88.115,88.616
2011-09-02,88.616,88.896,85.333,86.493
2011-09-05,86.563,86.563,83.429,83.529
2011-09-06,83.529,86.532,83.131,86.342
2011-09-07,86.342,90.414,86.083,90.084
2011-09-08,90.084,90.168,88.529,88.65
2011-09-09,88.65,89.441,85.586,86.996
2011-09-12,86.957,88.909,84.959,88.85
2011-09-13,88.85,90.484,87.773,89.835
2011-09-14,89.835,90.215,88.179,88.55
2011-09-15,88.55,90.123,87.982,89.125
2011-09-16,89.125,89.756,86.979,87.91
2011-09-19,87.88,87.9,84.994,86.135
2011-09-20,86.135,87.775,85.344,86.643
2011-09-21,86.643,88.082,84.738,84.908
2011-09-22,84.908,85.088,79.74,80.41
2011-09-23,80.41,81.891,77.626,80.067
2011-09-26,80.037,81.49,77.178,81.44
2011-09-27,81.44,84.84,80.989,83.819
2011-09-28,83.819,84.688,80.553,80.743
2011-09-29,80.743,84.044,79.702,83.192
2011-09-30,83.192,83.292,78.586,78.706
2011-10-03,78.806,79.689,76.296,76.396
2011-10-04,76.396,78.445,74.994,78.024
2011-10-05,78.024,79.953,76.982,79.843
2011-10-06,79.843,82.942,79.12,82.571
2011-10-07,82.571,84.04,81.398,82.748
2011-10-10,82.908,86.121,82.782,85.891
2011-10-11,85.891,86.668,83.998,85.317
2011-10-12,85.317,86.616,84.547,84.954
2011-10-13,84.954,85.413,83.192,84.511
2011-10-14,84.511,87.439,83.79,87.319
2011-10-17,87.299,88.191,85.89,86.289
2011-10-18,86.289,89.22,85.74,88.54
2011-10-19,88.54,89.68,86.021,86.231
2011-10-20,86.231,87.111,84.211,86.421
2011-10-21,86.421,88.881,85.941,87.611
2011-10-24,87.521,91.871,86.992,91.791
2011-10-25,91.791,94.641,91.092,92.492
2011-10-26,92.492,93.912,89.992,90.952
2011-10-27,90.952,94.242,90.732,93.892
2011-10-28,93.892,93.972,92.002,93.542
2011-10-31,93.482,93.793,91.353,92.523
2011-11-01,92.523,92.873,89.164,91.634
2011-11-02,91.634,93.784,90.964,92.494
2011-11-03,92.494,94.604,90.864,94.154
2011-11-04,94.154,94.924,92.865,94.425
2011-11-07,94.415,96.105,93.225,95.815
2011-11-08,95.815,97.076,95.226,96.976
2011-11-09,96.976,97.836,94.536,95.896
2011-11-10,95.896,98.346,95.196,97.726
2011-11-11,97.726,99.396,97.346,99.276
2011-11-14,99.216,99.687,97.187,98.167
2011-11-15,98.167,99.838,97.508,99.298
2011-11-16,99.298,102.888,98.388,101.828
2011-11-17,101.828,103.38,98.349,98.759
2011-11-18,98.759,100.309,96.709,97.639
2011-11-21,97.799,97.868,95.248,97.058
2011-11-22,97.058,98.708,96.558,97.878
2011-11-23,97.878,97.918,95.358,95.817
2011-11-24,95.817,97.317,95.647,97.037
2011-11-25,97.037,97.557,94.997,97.327
2011-11-28,97.327,100.747,97.136,97.786
2011-11-29,97.786,100.156,97.236,99.456
2011-11-30,99.456,101.756,98.926,100.406
2011-12-01,100.406,101.176,98.875,100.076
2011-12-02,100.076,101.565,99.765,101.115
2011-12-05,101.135,102.445,100.244,100.624
2011-12-06,100.624,101.424,100.204,101.194
2011-12-07,101.194,101.944,99.674,100.654
2011-12-08,100.654,101.734,97.713,97.993
2011-12-09,97.993,99.913,97.363,99.803
2011-12-12,99.833,99.833,97.542,97.912
2011-12-13,97.912,101.252,97.642,100.292
2011-12-14,100.292,100.362,94.212,94.892
2011-12-15,94.892,95.991,93.341,93.381
2011-12-16,93.381,94.791,92.521,93.871
2011-12-19,93.781,94.64,92.78,94.24
2011-12-20,94.24,97.64,94.24,97.6
2011-12-21,97.6,99.26,96.81,98.98
2011-12-22,98.98,100.059,98.519,99.489
2011-12-23,99.489,100.239,99.249,99.849
2011-12-27,99.869,101.778,99.378,101.328
2011-12-28,101.328,101.718,99.117,99.467
2011-12-29,99.467,99.927,98.307,99.787
2011-12-30,99.787,100.167,98.617,98.907
2012-01-03,99.067,103.186,99.067,102.996
2012-01-04,102.996,103.745,101.885,103.255
2012-01-05,103.255,103.735,101.305,101.325
2012-01-06,101.325,102.805,100.885,101.895
2012-01-09,101.935,102.154,100.104,101.314
2012-01-10,101.314,103.413,101.254,102.183
2012-01-11,102.183,102.463,100.553,101.063
2012-01-12,101.063,102.983,98.503,99.263
2012-01-13,99.263,100.192,97.702,99.142
2012-01-16,99.072,99.801,98.602,99.691
2012-01-17,99.691,101.011,99.331,100.961
2012-01-18,100.961,102.061,99.841,101.101
2012-01-19,101.101,102.042,99.927,100.537
2012-01-20,100.537,100.719,97.836,98.187
2012-01-23,98.207,100.07,97.231,99.692
2012-01-24,99.692,100.014,98.088,98.949
2012-01-25,98.949,100.242,97.375,99.633
2012-01-26,99.633,101.235,99.079,99.719
2012-01-27,99.719,100.482,98.985,99.565
2012-01-30,99.615,99.916,98.303,98.773
2012-01-31,98.773,101.164,97.74,98.21
2012-02-01,98.21,99.373,97.087,97.237
2012-02-02,97.237,97.878,95.334,96.393
2012-02-03,96.393,97.927,95.907,97.718
2012-02-06,97.668,97.668,96.294,97.025
2012-02-07,97.025,99.048,95.76,98.7
2012-02-08,98.7,100.012,98.025,99.045
2012-02-09,99.045,100.109,98.586,99.7
2012-02-10,99.7,99.821,97.256,98.957
2012-02-13,98.987,100.902,98.987,100.653
2012-02-14,100.653,101.797,100.238,100.949
2012-02-15,100.949,102.502,100.57,101.874
2012-02-16,101.874,102.659,100.808,102.33
2012-02-17,102.33,104.024,102.231,103.954
2012-02-20,104.074,105.506,104.074,104.97
2012-02-21,104.97,106.197,104.33,105.669
2012-02-22,105.669,106.446,105.337,105.809
2012-02-23,105.809,108.472,105.188,108.333
2012-02-24,108.333,109.689,107.692,109.441
2012-02-27,109.361,109.532,107.046,107.576
2012-02-28,107.576,108.571,106.088,106.308
2012-02-29,106.308,107.222,104.639,106.658
2012-03-01,106.658,110.351,106.353,108.604
2012-03-02,108.604,108.835,105.618,106.409
2012-03-05,106.319,107.264,105.345,106.948
2012-03-06,106.948,107.188,104.37,104.781
2012-03-07,104.781,106.418,104.219,106.059
2012-03-08,106.059,107.076,105.717,106.709
2012-03-09,106.709,108.085,106.016,107.298
2012-03-12,107.308,107.469,105.297,106.429
2012-03-13,106.429,107.277,105.597,106.729
2012-03-14,106.729,106.956,105.059,105.58
2012-03-15,105.58,106.126,103.729,105.35
2012-03-16,105.35,107.299,105.086,107.179
2012-03-19,107.109,108.081,106.424,107.775
2012-03-20,107.775,107.775,105.116,105.735
2012-03-21,105.735,107.065,105.489,106.351
2012-03-22,106.351,106.554,103.957,104.987
2012-03-23,104.987,107.707,104.632,106.259
2012-03-26,106.22,106.837,105.709,106.645
2012-03-27,106.645,107.265,106.062,106.335
2012-03-28,106.335,106.488,104.239,105.099
2012-03-29,105.099,105.277,101.729,102.946
2012-03-30,102.946,103.759,102.395,102.576
2012-04-02,102.546,105.151,101.728,104.774
2012-04-03,104.774,104.857,103.275,103.766
2012-04-04,103.766,103.806,100.788,101.72
2012-04-05,101.72,103.122,101.094,102.825
2012-04-06,102.825,102.995,102.785,102.975
2012-04-09,102.975,102.975,100.609,102.09
2012-04-10,102.09,102.771,100.499,100.721
2012-04-11,100.721,102.963,100.664,102.416
2012-04-12,102.416,104.087,102.23,103.542
2012-04-13,103.542,103.755,102.477,102.732
2012-04-16,102.712,103.291,101.722,103.056
2012-04-17,103.056,105.008,102.594,104.224
2012-04-18,104.224,104.463,102.151,102.713
2012-04-19,102.713,103.225,101.705,102.603
2012-04-20,102.603,104.255,102.436,103.652
2012-04-23,103.622,103.622,101.446,102.705
2012-04-24,102.705,103.73,102.42,103.385
2012-04-25,103.385,104.214,102.757,103.747
2012-04-26,103.747,104.574,103.496,103.949
2012-04-27,103.949,104.669,103.407,104.441
2012-04-30,104.481,104.868,103.589,104.58
2012-05-01,104.58,106.147,104.109,105.72
2012-05-02,105.72,105.775,104.643,105.105
2012-05-03,105.105,105.156,102.114,102.305
2012-05-04,102.305,102.478,97.287,98.287
2012-05-07,98.367,98.367,95.149,97.755
2012-05-08,97.755,97.936,95.349,97.258
2012-05-09,97.258,97.268,95.011,96.282
2012-05-10,96.282,97.539,95.929,96.634
2012-05-11,96.634,97.063,95.457,95.508
2012-05-14,95.438,95.722,93.55,93.955
2012-05-15,93.955,95.392,92.938,93.068
2012-05-16,93.068,94.086,91.734,92.69
2012-05-17,92.69,93.817,92.03,92.572
2012-05-18,92.572,92.912,90.884,91.264
2012-05-21,91.284,92.965,90.743,92.676
2012-05-22,92.676,92.93,90.845,91.234
2012-05-23,91.234,91.365,88.943,90.121
2012-05-24,90.121,91.186,89.479,90.512
2012-05-25,90.512,90.996,89.877,90.434
2012-05-28,90.404,91.701,90.404,90.967
2012-05-29,90.967,91.935,89.982,90.632
2012-05-30,90.632,90.653,87.024,87.134
2012-05-31,87.134,88.038,85.628,86.288
2012-06-01,86.288,86.359,82.079,83.068
2012-06-04,83.048,84.199,81.031,83.99
2012-06-05,83.99,84.741,83.138,84.031
2012-06-06,84.031,86.105,83.861,85.369
2012-06-07,85.369,86.875,83.284,83.494
2012-06-08,83.494,84.533,81.862,84.324
2012-06-11,84.204,86.525,81.251,81.352
2012-06-12,81.352,83.627,80.973,83.32
2012-06-13,83.32,83.928,82.069,82.333
2012-06-14,82.333,84.352,82.195,84.302
2012-06-15,84.302,84.735,83.362,83.984
2012-06-18,84.124,85.566,82.014,82.998
2012-06-19,82.998,84.332,82.19,83.928
2012-06-20,83.928,84.314,80.477,80.657
2012-06-21,80.657,80.817,77.692,77.793
2012-06-22,77.793,80.014,77.211,79.757
2012-06-25,79.797,80.35,77.72,78.858
2012-06-26,78.858,79.375,78.061,79.169
2012-06-27,79.169,80.623,78.388,80.248
2012-06-28,80.248,80.555,77.011,78.108
2012-06-29,78.108,85.056,78.01,84.748
2012-07-02,84.589,84.796,81.864,83.413
2012-07-03,83.413,87.8,83.095,87.445
2012-07-04,87.445,87.535,86.274,86.828
2012-07-05,86.828,88.764,86.291,86.475
2012-07-06,86.475,86.926,83.833,83.864
2012-07-09,83.934,86.328,83.841,85.531
2012-07-10,85.531,85.809,83.517,83.907
2012-07-11,83.907,86.365,83.848,86.048
2012-07-12,86.048,86.259,84.1,85.642
2012-07-13,85.642,87.512,85.473,86.984
2012-07-16,86.974,88.423,86.35,88.154
2012-07-17,88.154,89.415,87.365,89.068
2012-07-18,89.068,90.008,88.553,89.941
2012-07-19,89.941,92.857,89.771,92.192
2012-07-20,92.192,92.271,90.546,91.237
2012-07-23,91.327,91.327,87.585,87.775
2012-07-24,87.775,88.772,87.115,87.896
2012-07-25,87.896,89.052,86.539,88.664
2012-07-26,88.664,90.167,87.773,89.204
2012-07-27,89.204,90.161,88.836,89.853
2012-07-30,89.973,90.687,89.078,89.279
2012-07-31,89.279,90.055,87.076,87.865
2012-08-01,87.865,89.241,87.278,88.604
2012-08-02,88.604,89.409,86.706,87.149
2012-08-03,87.149,91.527,87.02,91.141
2012-08-06,91.181,92.152,90.451,91.914
2012-08-07,91.914,94.25,91.609,93.363
2012-08-08,93.363,94.56,92.661,93.285
2012-08-09,93.285,94.063,92.922,93.327
2012-08-10,93.327,93.728,91.577,93.219
2012-08-13,93.259,94.04,91.953,92.655
2012-08-14,92.655,93.833,92.467,93.217
2012-08-15,93.217,94.826,92.605,94.288
2012-08-16,94.288,95.688,93.863,95.249
2012-08-17,95.249,96.229,94.924,96.131
2012-08-20,96.161,96.404,94.905,95.785
2012-08-21,95.785,97.437,95.647,96.525
2012-08-22,96.525,97.145,95.867,97.027
2012-08-23,97.027,97.899,95.375,95.586
2012-08-24,95.586,96.801,95.044,95.739
2012-08-27,95.739,97.382,94.09,95.44
2012-08-28,95.44,96.226,94.825,95.772
2012-08-29,95.772,96.07,94.466,94.938
2012-08-30,94.938,95.316,93.672,94.483
2012-08-31,94.483,96.648,94.235,96.181
2012-09-03,96.291,97.067,95.771,96.768
2012-09-04,96.768,97.146,94.757,95.387
2012-09-05,95.387,95.789,94.059,95.669
2012-09-06,95.669,97.516,94.415,94.435
2012-09-07,94.435,96.562,93.906,96.165
2012-09-10,96.116,96.494,95.203,96.146
2012-09-11,96.146,97.184,95.951,96.768
2012-09-12,96.768,97.944,96.199,96.762
2012-09-13,96.762,98.479,96.413,97.974
2012-09-14,97.974,100.329,97.894,98.897
2012-09-17,98.977,99.474,94.609,96.35
2012-09-18,96.35,97.193,95.082,95.443
2012-09-19,95.443,96.172,91.242,91.782
2012-09-20,91.782,92.768,90.659,92.748
2012-09-21,92.748,93.542,92.297,92.767
2012-09-24,92.668,92.906,90.799,91.789
2012-09-25,91.789,92.941,90.322,90.551
2012-09-26,90.551,91.092,88.713,89.882
2012-09-27,89.882,92.156,89.645,92.136
2012-09-28,92.136,92.48,91.174,91.816
2012-10-01,91.876,93.128,91.059,92.133
2012-10-02,92.133,92.748,91.464,91.544
2012-10-03,91.544,91.637,87.53,87.81
2012-10-04,87.81,91.671,87.731,91.393
2012-10-05,91.393,91.548,88.855,89.765
2012-10-08,89.765,89.765,88.081,89.552
2012-10-09,89.552,92.786,89.167,92.118
2012-10-10,92.118,93.543,90.908,91.219
2012-10-11,91.219,92.834,90.98,92.267
2012-10-12,92.267,92.543,91.066,91.517
2012-10-15,91.547,92.131,89.724,91.645
2012-10-16,91.645,92.26,91.241,91.934
2012-10-17,91.934,92.8,91.501,91.963
2012-10-18,91.963,92.551,90.62,92.062
2012-10-19,92.062,93.074,89.791,90.111
2012-10-22,90.201,90.9,88.215,88.764
2012-10-23,88.764,88.934,85.356,86.176
2012-10-24,86.176,87.137,84.622,85.351
2012-10-25,85.351,86.435,84.922,85.741
2012-10-26,85.741,86.071,84.7,85.893
2012-10-29,85.943,86.156,84.401,84.971
2012-10-30,84.971,85.986,84.843,85.292
2012-10-31,85.292,86.946,85.282,85.802
2012-11-01,85.802,87.188,85.685,86.652
2012-11-02,86.652,87.019,84.448,84.609
2012-11-05,84.579,85.722,84.159,85.603
2012-11-06,85.603,89.046,85.249,88.279
2012-11-07,88.279,88.634,83.898,84.408
2012-11-08,84.408,85.554,84.078,84.869
2012-11-09,84.869,86.636,83.998,85.939
2012-11-12,86.039,86.441,85.174,85.476
2012-11-13,85.476,85.864,84.485,85.238
2012-11-14,85.238,86.577,84.856,86.328
2012-11-15,86.328,86.904,84.764,85.413
2012-11-16,85.413,87.055,85.08,86.778
2012-11-19,86.658,89.486,86.658,88.9
2012-11-20,88.9,88.979,85.878,87.016
2012-11-21,87.016,87.6,86.087,87.375
2012-11-22,87.375,87.485,86.734,86.845
2012-11-23,86.845,88.259,86.439,87.991
2012-11-26,87.991,88.046,87.032,87.553
2012-11-27,87.553,88.016,86.603,87.144
2012-11-28,87.144,87.194,85.146,86.406
2012-11-29,86.406,88.478,86.337,87.523
2012-11-30,87.523,88.784,87.269,88.708
2012-12-03,88.708,90.15,88.491,88.76
2012-12-04,88.76,89.01,87.412,88.231
2012-12-05,88.231,88.889,87.315,87.752
2012-12-06,87.752,88.092,85.549,86.324
2012-12-07,86.324,86.785,85.649,85.884
2012-12-10,85.884,86.6735,85.238,85.574
2012-12-11,85.574,86.269,85.123,85.603
2012-12-12,85.603,87.595,85.573,86.692
2012-12-13,86.692,86.895,85.742,86.042
2012-12-14,86.042,86.848,85.994,86.816
2012-12-17,86.816,87.662,86.451,87.426
2012-12-18,87.426,88.113,87.178,87.848
2012-12-19,87.848,89.817,87.758,89.165
2012-12-20,89.165,90.043,88.777,89.518
2012-12-21,89.518,89.589,87.494,88.434
2012-12-24,88.434,88.434,87.771,88.142
2012-12-26,88.142,90.887,88.142,90.692
2012-12-27,90.692,91.04,89.668,90.739
2012-12-28,90.739,91.107,89.951,90.338
2012-12-31,90.338,91.312,89.674,91.09
2013-01-02,91.09,93.544,91.09,92.675
2013-01-03,92.675,93.001,92.194,92.585
2013-01-04,92.585,92.879,91.257,92.81
2013-01-07,92.81,93.111,92.212,93.05
2013-01-08,93.05,93.573,92.458,92.941
2013-01-09,92.941,93.435,92.483,92.976
2013-01-10,92.976,94.501,92.889,93.71
2013-01-11,93.71,93.92,92.459,93.534
2013-01-14,93.534,94.149,92.844,94.096
2013-01-15,94.096,94.337,93.115,93.326
2013-01-16,93.326,94.257,93.019,94.136
2013-01-17,94.136,95.964,93.728,95.166
2013-01-18,95.166,95.612,94.854,95.31
2013-01-21,95.31,95.479,95.048,95.464
2013-01-22,95.464,96.43,95.02,96.213
2013-01-23,96.213,96.472,94.529,95.104
2013-01-24,95.104,96.251,94.697,95.557
2013-01-25,95.557,96.145,95.033,95.627
2013-01-28,95.627,96.441,95.116,96.167
2013-01-29,96.167,97.465,95.946,96.97
2013-01-30,96.97,97.896,96.97,97.688
2013-01-31,97.688,97.713,96.522,97.101
2013-02-01,97.101,97.838,96.214,97.281
2013-02-04,97.281,97.477,95.648,95.887
2013-02-05,95.887,96.825,95.668,96.451
2013-02-06,96.451,96.762,94.82,96.556
2013-02-07,96.556,96.996,95.342,95.671
2013-02-08,95.671,96.373,95.088,95.594
2013-02-11,95.594,96.942,94.832,96.869
2013-02-12,96.869,97.653,96.551,97.369
2013-02-13,97.369,97.983,96.539,97.095
2013-02-14,97.095,97.629,96.711,97.226
2013-02-15,97.226,97.411,95.161,95.879
2013-02-18,95.879,95.913,95.19,95.469
2013-02-19,95.469,96.629,95.257,96.57
2013-02-20,96.57,96.948,93.727,94.276
2013-02-21,94.276,94.391,92.15,92.484
2013-02-22,92.484,92.995,91.964,92.875
2013-02-25,92.875,94.027,91.664,91.687
2013-02-26,91.687,93.024,91.616,92.265
2013-02-27,92.265,92.989,91.804,92.477
2013-02-28,92.477,92.809,91.221,91.409
2013-03-01,91.409,91.616,89.709,90.595
2013-03-04,90.595,90.617,89.055,89.99
2013-03-05,89.99,90.718,89.763,90.496
2013-03-06,90.496,90.903,89.31,90.166
2013-03-07,90.166,91.477,89.982,91.209
2013-03-08,91.209,91.798,90.613,91.646
2013-03-11,91.646,91.955,90.709,91.778
2013-03-12,91.778,93.246,91.406,92.352
2013-03-13,92.352,93.143,91.65,92.229
2013-03-14,92.229,92.984,91.757,92.935
2013-03-15,92.935,93.591,92.757,93.338
2013-03-18,93.338,93.741,91.6,93.673
2013-03-19,93.673,93.927,91.838,91.919
2013-03-20,91.919,93.076,91.842,92.899
2013-03-21,92.899,92.994,91.341,91.957
2013-03-22,91.957,93.447,91.832,93.378
2013-03-25,93.378,95.202,93.251,94.201
2013-03-26,94.201,96.007,94.184,95.77
2013-03-27,95.77,96.411,95.162,96.229
2013-03-28,96.229,96.935,95.856,96.723
2013-03-29,96.723,96.818,96.698,96.798
2013-04-01,96.798,97.405,95.588,96.584
2013-04-02,96.584,97.107,95.588,96.538
2013-04-03,96.538,96.616,93.883,94.269
2013-04-04,94.269,94.543,91.845,93.054
2013-04-05,93.054,93.255,91.637,92.729
2013-04-08,92.729,93.503,92.223,93.299
2013-04-09,93.299,94.237,92.637,93.729
2013-04-10,93.729,94.593,93.196,94.379
2013-04-11,94.379,94.44,92.876,93.298
2013-04-12,93.298,93.333,90.134,90.655
2013-04-15,90.655,90.715,87.1,87.403
2013-04-16,87.403,88.858,85.983,88.783
2013-04-17,88.783,88.944,85.967,86.327
2013-04-18,86.327,88.344,85.508,88.131
2013-04-19,88.131,88.661,87.432,87.837
2013-04-22,87.837,89.12,87.344,88.941
2013-04-23,88.941,89.098,87.473,89.068
2013-04-24,89.068,91.331,88.88,91.307
2013-04-25,91.307,93.522,90.797,92.971
2013-04-26,92.971,93.242,91.743,92.57
2013-04-29,92.57,94.335,92.116,94.137
2013-04-30,94.137,94.276,92.552,92.676
2013-05-01,92.676,92.911,89.796,90.681
2013-05-02,90.681,93.934,90.349,93.747
2013-05-03,93.747,95.709,93.259,95.159
2013-05-06,95.159,96.854,94.611,95.59
2013-05-07,95.59,96.008,94.692,95.297
2013-05-08,95.297,96.521,95,96.408
2013-05-09,96.408,96.517,95.152,95.876
2013-05-10,95.876,96.038,93.187,95.673
2013-05-13,95.673,95.673,94.299,94.805
2013-05-14,94.805,95.491,93.724,94.049
2013-05-15,94.049,94.308,92.025,94.254
2013-05-16,94.254,95.447,93.143,95.056
2013-05-17,95.056,96.363,94.692,95.804
2013-05-20,95.804,97.001,95.141,96.574
2013-05-21,96.574,96.887,95.397,95.628
2013-05-22,95.628,95.869,93.705,93.79
2013-05-23,93.79,94.155,91.917,94.04
2013-05-24,94.04,94.12,92.746,93.547
2013-05-27,93.547,93.619,92.972,93.398
2013-05-28,93.398,95.661,93.281,94.867
2013-05-29,94.867,94.984,92.624,92.67
2013-05-30,92.67,93.746,91.456,93.355
2013-05-31,93.355,93.606,91.391,91.471
2013-06-03,91.471,93.495,91.124,93.103
2013-06-04,93.103,94.23,92.218,93.679
2013-06-05,93.679,94.307,93.249,93.582
2013-06-06,93.582,95.117,93.51,94.606
2013-06-07,94.606,96.222,93.606,96.054
2013-06-10,96.054,96.126,95.085,95.626
2013-06-11,95.626,95.776,93.952,94.782
2013-06-12,94.782,96.313,94.342,95.687
2013-06-13,95.687,96.816,94.929,96.622
2013-06-14,96.622,98.148,96.321,97.777
2013-06-17,97.777,98.651,97.313,97.867
2013-06-18,97.867,98.574,97.368,98.544
2013-06-19,98.544,98.921,97.505,97.844
2013-06-20,97.844,97.919,94.372,94.702
2013-06-21,94.702,95.573,92.863,93.633
2013-06-24,93.633,95.352,92.445,94.655
2013-06-25,94.655,95.937,94.368,95.002
2013-06-26,95.002,95.479,93.467,95.23
2013-06-27,95.23,97.192,95.141,96.645
2013-06-28,96.645,97.607,96.129,96.254
2013-07-01,96.254,98.094,95.893,97.901
2013-07-02,97.901,99.688,97.599,99.417
2013-07-03,99.417,102.01,99.402,101.043
2013-07-04,101.043,101.321,100.544,100.971
2013-07-05,100.971,103.322,100.749,103.307
2013-07-08,103.307,103.84,102.008,102.82
2013-07-09,102.82,104.21,102.205,104.025
2013-07-10,104.025,105.765,103.67,105.325
2013-07-11,105.325,106.525,103.73,104.12
2013-07-12,104.12,105.75,103.855,105.68
2013-07-15,105.68,106.195,104.275,105.97
2013-07-16,105.97,106.785,105.39,105.51
2013-07-17,105.51,106.415,104.795,106.335
2013-07-18,106.335,108.195,105.93,107.935
2013-07-19,107.935,108.925,106.925,108.21
2013-07-22,108.21,108.595,106.495,106.995
2013-07-23,106.995,107.435,105.465,107.4
2013-07-24,107.4,107.54,104.795,105.305
2013-07-25,105.305,105.865,104.085,105.59
2013-07-26,105.59,105.645,103.905,104.62
2013-07-29,104.62,105.37,103.875,104.583
2013-07-30,104.583,104.639,102.763,103.196
2013-07-31,103.196,105.207,102.876,105.171
2013-08-01,105.171,107.695,104.909,107.503
2013-08-02,107.503,108.496,106.34,106.77
2013-08-05,106.77,107.557,105.558,106.433
2013-08-06,106.433,107.164,104.893,105.721
2013-08-07,105.721,105.832,104.185,104.33
2013-08-08,104.33,105.045,102.365,103.689
2013-08-09,103.689,105.879,103.59,105.878
2013-08-12,105.878,106.246,104.801,106.155
2013-08-13,106.155,107.098,105.658,106.659
2013-08-14,106.659,107.255,105.822,107.165
2013-08-15,107.165,108.017,106.746,107.511
2013-08-16,107.511,108.43,106.872,108.015
2013-08-19,108.015,108.015,106.724,107.212
2013-08-20,107.212,107.382,105.041,105.572
2013-08-21,105.572,105.762,103.894,104.249
2013-08-22,104.249,105.596,103.917,105.546
2013-08-23,105.546,107.306,104.673,106.739
2013-08-26,106.739,107.693,105.887,106.582
2013-08-27,106.582,109.646,106.209,109.286
2013-08-28,109.286,112.561,109.266,109.864
2013-08-29,109.864,110.355,108.026,108.472
2013-08-30,108.472,109.034,107.052,107.952
2013-09-02,107.952,107.952,104.497,107.087
2013-09-03,107.087,109.058,106.786,108.75
2013-09-04,108.75,108.835,106.99,107.584
2013-09-05,107.584,108.741,107.343,108.628
2013-09-06,108.628,110.89,108.323,110.438
2013-09-09,110.438,110.619,108.836,109.062
2013-09-10,109.062,109.077,106.668,107.485
2013-09-11,107.485,108.209,106.747,107.913
2013-09-12,107.913,109.31,107.468,108.998
2013-09-13,108.998,109.068,107.475,108.885
2013-09-16,108.885,108.885,106.509,106.652
2013-09-17,106.652,106.873,105.294,105.627
2013-09-18,105.627,108.593,105.427,108.304
2013-09-19,108.304,109.036,106.419,106.544
2013-09-20,106.544,106.959,105.326,105.681
2013-09-23,105.681,105.873,103.864,104.199
2013-09-24,104.199,104.369,103.012,104.013
2013-09-25,104.013,104.653,102.88,103.036
2013-09-26,103.036,103.951,102.876,103.549
2013-09-27,103.549,104.411,103.003,103.459
2013-09-30,103.459,103.459,101.606,102.785
2013-10-01,102.785,103.112,101.577,102.167
2013-10-02,102.167,104.738,101.945,104.37
2013-10-03,104.37,104.868,103.355,103.458
2013-10-04,103.458,104.65,103.352,104.101
2013-10-07,104.101,104.12,102.246,103.518
2013-10-08,103.518,104.438,103.23,103.939
2013-10-09,103.939,104.09,101.525,101.714
2013-10-10,101.714,103.854,101.49,103.249
2013-10-11,103.249,103.294,101.086,102.298
2013-10-14,102.298,103.113,101.578,102.754
2013-10-15,102.754,102.98,101.517,101.537
2013-10-16,101.537,103.568,101.373,102.831
2013-10-17,102.831,102.944,100.622,101.323
2013-10-18,101.323,102.374,101.146,101.547
2013-10-21,101.547,101.586,99.767,99.87
2013-10-22,99.87,100.64,98.469,98.484
2013-10-23,98.484,98.612,96.484,97.449
2013-10-24,97.449,98.001,96.262,97.488
2013-10-25,97.488,98.355,97.297,98.174
2013-10-28,98.174,99.084,97.637,98.816
2013-10-29,98.816,98.821,98.007,98.088
2013-10-30,98.088,98.098,96.834,96.903
2013-10-31,96.903,97.261,96.263,96.486
2013-11-01,96.486,96.867,94.576,94.831
2013-11-04,94.831,95.254,94.236,94.696
2013-11-05,94.696,95.076,93.272,93.792
2013-11-06,93.792,95.584,93.782,95.028
2013-11-07,95.028,95.489,94.002,94.472
2013-11-08,94.472,95.12,94.095,94.566
2013-11-11,94.566,95.564,94.306,95.211
2013-11-12,95.211,95.408,93.172,93.477
2013-11-13,93.477,94.933,93.307,93.999
2013-11-14,93.999,94.906,93.038,94.507
2013-11-15,94.507,95.019,94.111,94.261
2013-11-18,94.261,94.82,93.272,93.518
2013-11-19,93.518,94.015,93.115,93.771
2013-11-20,93.771,94.368,93.149,93.605
2013-11-21,93.605,95.495,93.361,95.146
2013-11-22,95.146,95.463,93.955,94.725
2013-11-25,94.725,94.725,92.987,94.087
2013-11-26,94.087,94.598,93.351,93.466
2013-11-27,93.466,93.521,91.685,92.315
2013-11-28,92.315,92.32,91.988,92.158
2013-11-29,92.158,93.83,92.04,92.706
2013-12-02,92.706,94.011,92.501,93.827
2013-12-03,93.827,96.68,93.604,96.645
2013-12-04,96.645,97.473,96.247,97.22
2013-12-05,97.22,97.883,96.921,97.262
2013-12-06,97.262,98.009,97.017,97.702
2013-12-09,97.702,97.903,96.989,97.034
2013-12-10,97.034,98.603,97.024,98.397
2013-12-11,98.397,98.632,97.161,97.416
2013-12-12,97.416,98.159,97.318,97.368
2013-12-13,97.368,97.619,96.296,96.497
2013-12-16,96.497,97.743,96.286,97.265
2013-12-17,97.265,97.908,97.034,97.307
2013-12-18,97.307,98.037,97.055,97.672
2013-12-19,97.672,99.259,97.538,98.497
2013-12-20,98.497,99.176,98.327,98.933
2013-12-23,98.933,99.112,98.444,98.514
2013-12-24,98.514,99.114,98.34,99.019
2013-12-26,99.019,99.517,98.876,99.503
2013-12-27,99.503,100.572,99.19,99.954
2013-12-30,99.954,100.269,98.985,99.121
2013-12-31,99.121,99.236,98.012,98.482
2014-01-02,98.482,98.832,95.22,95.366
2014-01-03,95.366,95.611,93.749,94.099
2014-01-06,94.099,94.485,93.109,93.564
2014-01-07,93.564,94.123,93.263,93.84
2014-01-08,93.84,94.087,92.209,92.454
2014-01-09,92.454,92.891,91.227,92.305
2014-01-10,92.305,93.301,91.971,92.8
2014-01-13,92.8,92.862,91.426,91.581
2014-01-14,91.581,92.865,91.511,92.569
2014-01-15,92.569,94.59,92.408,94.296
2014-01-16,94.296,94.566,93.522,93.983
2014-01-17,93.983,94.855,93.845,94.104
2014-01-20,94.104,94.181,93.469,93.817
2014-01-21,93.817,95.279,93.741,95.066
2014-01-22,95.066,96.703,94.942,96.525
2014-01-23,96.525,97.658,96.236,97.2
2014-01-24,97.2,97.622,96.087,96.717
2014-01-27,96.717,97.023,95.062,95.552
2014-01-28,95.552,97.509,95.477,97.071
2014-01-29,97.071,97.586,96.19,97.32
2014-01-30,97.32,98.45,97.21,97.945
2014-01-31,97.945,98.258,96.978,97.342
2014-02-03,97.342,97.826,96.158,96.522
2014-02-04,96.522,97.5685,96.271,97.4965
2014-02-05,97.4965,98.0805,96.7885,97.3005
2014-02-06,97.3005,98.7875,97.2625,98.0885
2014-02-07,98.0885,100.2675,97.3145,100.1135
2014-02-10,100.1135,100.4755,99.1605,99.8875
2014-02-11,99.8875,100.5485,99.6125,100.4505
2014-02-12,100.4505,101.3515,100.1805,100.4045
2014-02-13,100.4045,100.7995,99.4955,100.5915
2014-02-14,100.5915,100.7825,99.7835,100.6555
2014-02-17,100.6555,101.3505,100.5495,101.0845
2014-02-18,101.0845,103.1155,100.7715,103.0705
2014-02-19,103.0705,103.7395,102.4235,103.3235
2014-02-20,103.3235,103.4725,102.7165,103.3055
2014-02-21,103.3055,103.3505,102.1185,102.7675
2014-02-24,102.7675,103.8305,102.3565,103.2025
2014-02-25,103.2025,103.2205,101.3855,102.4095
2014-02-26,102.4095,103.2435,101.9335,102.8925
2014-02-27,102.8925,103.4115,102.0915,102.3985
2014-02-28,102.3985,103.2695,102.1245,102.9745
2014-03-03,102.9745,105.5005,102.9745,105.0855
2014-03-04,105.0855,105.223,103.1155,103.6185
2014-03-05,103.6185,103.7735,101.1585,101.2485
2014-03-06,101.2485,102.3205,100.5305,102.2115
2014-03-07,102.2115,103.1565,101.8545,102.8995
2014-03-10,102.8995,102.9765,101.1035,101.2135
2014-03-11,101.2135,101.7355,99.6295,99.6845
2014-03-12,99.6845,99.8515,97.8905,98.494
2014-03-13,98.494,98.962,98.11,98.643
2014-03-14,98.643,99.63,98.433,99.275
2014-03-17,99.275,99.559,97.6255,98.1135
2014-03-18,98.1135,99.5875,97.8975,99.2455
2014-03-19,99.2455,99.8485,98.9355,99.7315
2014-03-20,99.7315,100.0345,98.6615,99.1575
2014-03-21,99.1575,100.8245,98.8205,100.0735
2014-03-24,100.0735,100.8125,99.5715,99.9245
2014-03-25,99.9245,100.7435,99.2965,99.7115
2014-03-26,99.7115,100.934,99.5925,100.724
2014-03-27,100.724,102.164,100.501,101.856
2014-03-28,101.856,102.69,101.657,102.049
2014-03-31,102.049,102.366,101.285,101.87
2014-04-01,101.87,101.937,99.647,100.031
2014-04-02,100.031,100.189,99.217,99.702
2014-04-03,99.702,100.831,99.415,100.808
2014-04-04,100.808,101.951,100.628,101.435
2014-04-07,101.435,101.587,100.191,101.041
2014-04-08,101.041,102.885,100.952,102.53
2014-04-09,102.53,103.744,102.187,103.305
2014-04-10,103.305,103.75,103.018,103.222
2014-04-11,103.222,104.096,102.884,103.159
2014-04-14,103.159,104.294,103.159,103.626
2014-04-15,103.626,104.043,102.968,103.76
2014-04-16,103.76,104.874,103.196,103.786
2014-04-17,103.786,104.665,103.5,104.433
2014-04-18,104.433,104.448,104.387,104.41
2014-04-21,104.41,104.493,103.621,104.255
2014-04-22,104.255,104.306,102.129,102.446
2014-04-23,102.446,102.68,101.811,102.142
2014-04-24,102.142,102.938,101.985,102.462
2014-04-25,102.462,102.624,101.037,101.188
2014-04-28,101.188,102.011,100.817,101.374
2014-04-29,101.374,102.675,101.174,101.231
2014-04-30,101.231,101.262,99.79,100.09
2014-05-01,100.09,100.301,99.159,99.707
2014-05-02,99.707,100.528,99.593,100.305
2014-05-05,100.305,100.763,99.252,99.708
2014-05-06,99.708,100.725,99.647,100.171
2014-05-07,100.171,101.275,100.082,101.091
2014-05-08,101.091,101.206,100.142,100.556
2014-05-09,100.556,101.416,99.965,100.301
2014-05-12,100.301,101.095,100.132,100.81
2014-05-13,100.81,102.227,100.565,102.192
2014-05-14,102.192,102.7985,102.027,102.2705
2014-05-15,102.2705,102.5335,101.6175,101.9335
2014-05-16,101.9335,102.5465,101.7585,102.4605
2014-05-19,102.4605,103.208,102.2555,102.872
2014-05-20,102.872,103.642,102.392,103.612
2014-05-21,103.612,104.974,103.477,104.548
2014-05-22,104.548,104.882,104.204,104.47
2014-05-23,104.47,105.138,104.29,105.021
2014-05-26,105.021,105.021,104.506,104.77
2014-05-27,104.77,105.057,104.125,104.728
2014-05-28,104.728,104.93,103.163,103.53
2014-05-29,103.53,104.438,103.116,104.065
2014-05-30,104.065,104.085,102.879,103.339
2014-06-02,103.339,103.762,102.499,102.878
2014-06-03,102.878,103.229,102.625,103.229
2014-06-04,103.229,104.048,102.763,102.79
2014-06-05,102.79,103.013,101.945,102.816
2014-06-06,102.816,103.39,102.593,103.027
2014-06-09,103.027,104.652,102.841,104.632
2014-06-10,104.632,105.156,104.035,104.282
2014-06-11,104.282,104.891,104.239,104.613
2014-06-12,104.613,107.088,104.479,106.961
2014-06-13,106.961,107.745,106.522,106.878
2014-06-16,106.878,107.618,106.846,106.966
2014-06-17,106.966,107.47,106.256,106.899
2014-06-18,106.899,107.236,106.128,106.559
2014-06-19,106.559,107.133,105.856,106.864
2014-06-20,106.864,107.652,106.543,107.39
2014-06-23,107.39,108.0375,106.569,106.683
2014-06-24,106.683,107.092,105.898,106.444
2014-06-25,106.444,108.11,106.083,107.407
2014-06-26,107.407,107.445,105.617,106.198
2014-06-27,106.198,106.754,105.897,106.302
2014-06-30,106.302,106.302,105.156,105.933
2014-07-01,105.933,106.562,105.072,105.805
2014-07-02,105.805,105.977,104.546,104.676
2014-07-03,104.676,104.748,104.097,104.43
2014-07-04,104.43,104.533,104.048,104.163
2014-07-07,104.163,104.432,103.522,103.806
2014-07-08,103.806,104.52,103.323,103.723
2014-07-09,103.723,103.894,102.175,102.308
2014-07-10,102.308,103.258,101.812,103.156
2014-07-11,103.156,103.171,100.678,100.899
2014-07-14,100.899,101.436,100.391,101.333
2014-07-15,101.333,101.333,99.319,100.339
2014-07-16,100.339,101.515,100.238,101.498
2014-07-17,101.498,103.53,101.234,103.387
2014-07-18,103.387,103.594,102.2525,102.3675
2014-07-21,102.3675,103.512,102.035,103.399
2014-07-22,103.399,103.964,102.637,102.687
2014-07-23,102.687,103.849,102.314,103.643
2014-07-24,103.643,103.824,102.375,102.479
2014-07-25,102.479,103,101.474,102.44
2014-07-28,102.44,102.5225,101.311,102.067
2014-07-29,102.067,102.2285,100.769,101.434
2014-07-30,101.434,102.046,99.804,99.91
2014-07-31,99.91,100.21,97.991,98.006
2014-08-01,98.006,98.4335,97.425,97.95
2014-08-04,97.95,98.945,97.7165,98.705
2014-08-05,98.705,98.9425,97.265,97.889
2014-08-06,97.889,98.372,96.96,97.112
2014-08-07,97.112,97.9415,96.7845,97.7765
2014-08-08,97.7765,98.6575,97.373,97.745
2014-08-11,97.745,98.737,97.547,98.043
2014-08-12,98.043,98.09,96.9725,97.323
2014-08-13,97.323,97.912,96.857,97.472
2014-08-14,97.472,97.6795,94.823,95.017
2014-08-15,95.017,96.335,94.867,96.032
2014-08-18,96.032,96.032,94.293,94.786
2014-08-19,94.786,95.2265,93.465,93.686
2014-08-20,93.686,94.397,93.557,94.322
2014-08-21,94.322,95.248,93.3245,94.691
2014-08-22,94.691,94.83,93.6935,94.1395
2014-08-25,94.1395,94.6565,93.7495,94.0925
2014-08-26,94.0925,95.0245,94.0255,94.5115
2014-08-27,94.5115,94.8905,94.0105,94.3885
2014-08-28,94.3885,95.3465,94.0845,95.2015
2014-08-29,95.2015,96.6055,95.1065,96.4295
2014-09-01,96.4295,96.4605,96.0575,96.2975
2014-09-02,96.2975,96.4005,93.1685,93.7495
2014-09-03,93.7495,96.3055,93.5545,95.5735
2014-09-04,95.5735,95.8475,94.6075,94.9855
2014-09-05,94.9855,95.4225,93.2835,93.8465
2014-09-08,93.8465,93.9835,92.1405,93.4605
2014-09-09,93.4605,94.2765,92.8465,93.0855
2014-09-10,93.0855,93.3385,91.5165,91.9775
2014-09-11,91.9775,93.7075,90.7095,93.4355
2014-09-12,93.4355,93.9245,92.2085,92.4905
2014-09-15,92.4905,93.1835,90.918,92.9995
2014-09-16,92.9995,95.2105,92.6135,94.8045
2014-09-17,94.8045,95.0985,93.7795,93.9515
2014-09-18,93.9515,94.6405,92.8565,92.9465
2014-09-19,92.9465,93.2435,92.1425,92.693
2014-09-22,92.693,92.823,91.3015,91.6085
2014-09-23,91.6085,92.9455,91.5475,92.6045
2014-09-24,92.6045,94.1335,91.9625,93.7345
2014-09-25,93.7345,94.3605,92.8625,93.2745
2014-09-26,93.2745,94.6485,93.0275,94.1685
2014-09-29,94.1685,95.3375,93.4465,95.1295
2014-09-30,95.1295,95.5795,91.5085,92.0815
2014-10-01,92.0815,93.5965,91.0855,91.3565
2014-10-02,91.3565,92.1265,88.7605,91.9895
2014-10-03,91.9895,92.3605,89.911,90.249
2014-10-06,90.249,91.19,89.222,90.917
2014-10-07,90.917,91.007,88.88,88.928
2014-10-08,88.928,89.044,87.221,88.1
2014-10-09,88.1,88.311,84.433,84.807
2014-10-10,84.807,86.607,83.923,85.83
2014-10-13,85.83,86.109,84.315,85.125
2014-10-14,85.125,85.816,81.5185,82.4975
2014-10-15,82.4975,82.6285,80.1855,81.0695
2014-10-16,81.0695,84.9685,79.9635,83.1575
2014-10-17,83.1575,84.5985,82.5975,83.1255
2014-10-20,83.1255,83.5185,81.5435,82.6955
2014-10-21,82.6955,84.0125,82.3165,83.3515
2014-10-22,83.3515,83.8695,80.926,81.103
2014-10-23,81.103,83.063,80.746,82.667
2014-10-24,82.667,82.672,81.013,81.956
2014-10-27,81.956,81.956,80.025,81.249
2014-10-28,81.249,82.225,80.938,82.113
2014-10-29,82.113,83.428,82.002,82.509
2014-10-30,82.509,82.621,81.236,81.468
2014-10-31,81.468,81.762,80.039,81.124
2014-11-03,81.124,81.397,78.491,78.661
2014-11-04,78.661,78.8,76.28,77.823
2014-11-05,77.823,79.712,76.821,79.267
2014-11-06,79.267,79.372,77.455,78.199
2014-11-07,78.199,79.7095,77.789,78.8935
2014-11-10,78.8935,80.0925,77.3665,77.4385
2014-11-11,77.4385,78.2475,76.6515,77.6965
2014-11-12,77.6965,78.2065,76.8855,77.1915
2014-11-13,77.1915,77.3645,74.2845,74.4725
2014-11-14,74.4725,76.5335,73.4865,76.1935
2014-11-17,76.1935,76.3875,74.9955,75.7415
2014-11-18,75.7415,76.6935,74.4005,74.4865
2014-11-19,74.4865,75.6385,74.1475,74.6025
2014-11-20,74.6025,76.5265,74.4235,76.4835
2014-11-21,76.4835,78.0305,75.8355,76.8905
2014-11-24,76.8905,77.2115,75.6865,75.8915
2014-11-25,75.8915,76.7645,73.8975,74.053
2014-11-26,74.053,74.6305,73.4795,73.6955
2014-11-27,73.6955,73.7355,67.9,69.185
2014-11-28,69.185,69.7685,65.8885,66.2415
2014-12-01,66.2415,69.6675,63.8595,69.3595
2014-12-02,69.3595,69.5045,66.7965,67.7075
2014-12-03,67.7075,68.3315,66.9205,67.4055
2014-12-04,67.4055,68.3405,66.2175,66.8985
2014-12-05,66.8985,67.0045,65.2795,65.7235
2014-12-08,65.7235,65.7235,62.8555,63.1025
2014-12-09,63.1025,64.2655,62.3535,63.5075
2014-12-10,63.5075,63.5275,60.5115,61.1935
2014-12-11,61.1935,61.7365,59.1185,59.2835
2014-12-12,59.2835,59.6165,57.4025,57.5405
2014-12-15,57.5405,58.7875,55.2285,55.4625
2014-12-16,55.4625,57.2305,53.765,55.5855
2014-12-17,55.5855,59.068,54.423,56.034
2014-12-18,56.034,58.836,54.101,55.085
2014-12-19,55.085,58.221,54.2485,57.673
2014-12-22,57.673,58.352,54.977,55.17
2014-12-23,55.17,57.386,54.934,56.486
2014-12-24,56.486,56.988,54.9275,55.7185
2014-12-26,55.7185,56.449,54.383,54.969
2014-12-29,54.969,55.604,52.7895,53.631
2014-12-30,53.631,54.1965,52.5855,53.7345
2014-12-31,53.7345,53.8035,52.41,52.777
2015-01-02,52.777,55.0095,51.9455,52.5485
2015-01-05,52.5485,52.5975,49.609,49.824
2015-01-06,49.824,50.297,47.489,47.961
2015-01-07,47.961,49.2405,46.7775,48.7545
2015-01-08,48.7545,49.5825,47.6805,48.9195
2015-01-09,48.9195,49.5465,47.113,48.145
2015-01-12,48.145,48.145,45.6365,45.67
2015-01-13,45.67,46.699,44.1245,46.155
2015-01-14,46.155,48.695,44.9875,48.241
2015-01-15,48.241,51.0165,45.8865,46.0725
2015-01-16,46.0725,48.666,45.7705,48.253
2015-01-19,48.253,48.586,47.2185,47.3105
2015-01-20,47.3105,47.667,45.808,46.081
2015-01-21,46.081,47.639,46.023,46.846
2015-01-22,46.846,48.5325,45.3655,45.9515
2015-01-23,45.9515,47.2255,44.8085,44.8085
2015-01-26,44.8085,45.9265,43.9115,44.6175
2015-01-27,44.6175,46.1265,44.3845,45.3535
2015-01-28,45.3535,45.3955,43.6955,43.9825
2015-01-29,43.9825,44.5815,43.2175,44.0595
2015-01-30,44.0595,47.9555,43.9565,47.3545
2015-02-02,47.3545,50.1735,46.3285,49.6415
2015-02-03,49.6415,53.8775,49.3535,51.2765
2015-02-04,51.2765,52.2295,47.6545,48.2405
2015-02-05,48.2405,51.7795,47.096,50.3715
2015-02-06,50.3715,52.8665,50.3345,51.8785
2015-02-09,51.8785,53.7425,51.4265,52.3735
2015-02-10,52.3735,52.4245,49.6715,50.7225
2015-02-11,50.7225,50.8905,47.9815,49.304
2015-02-12,49.304,51.4985,49.0725,51.071
2015-02-13,51.071,53.3185,50.9505,52.4995
2015-02-16,52.4995,53.489,51.9855,52.62
2015-02-17,52.62,53.9775,50.7605,53.0815
2015-02-18,53.0815,53.3065,50.1865,50.3665
2015-02-19,50.3665,51.8865,49.0245,51.2475
2015-02-20,51.2475,51.6595,49.9345,50.0025
2015-02-23,50.0025,50.2715,48.0125,48.7625
2015-02-24,48.7625,49.6615,48.0485,48.4285
2015-02-25,48.4285,50.6325,47.8645,50.3885
2015-02-26,50.3885,50.5455,47.2365,48.4025
2015-02-27,48.4025,49.3505,47.9195,48.8495
2015-03-02,48.8495,50.5295,48.2255,49.3485
2015-03-03,49.3485,50.3405,48.9825,50.0915
2015-03-04,50.0915,51.5315,49.1675,51.2235
2015-03-05,51.2235,51.9645,50.2375,50.553
2015-03-06,50.553,50.8875,48.752,49.475
2015-03-09,49.475,50.4495,49.122,49.8205
2015-03-10,49.8205,50.0675,48.1335,48.663
2015-03-11,48.663,48.9345,47.3985,48.475
2015-03-12,48.475,48.9005,47.1625,47.351
2015-03-13,47.351,47.741,45.3535,45.6495
2015-03-16,45.6495,45.6985,43.6585,44.6565
2015-03-17,44.6565,44.7865,43.1375,43.267
2015-03-18,43.267,46.0535,42.7075,45.355
2015-03-19,45.355,45.4835,43.4655,44.2595
2015-03-20,44.2595,46.0705,43.5465,45.1465
2015-03-23,45.1465,46.3935,44.1565,46.142
2015-03-24,46.142,47.3415,45.4935,46.4495
2015-03-25,46.4495,48.2675,45.8615,47.8305
2015-03-26,47.8305,51.2465,47.5775,50.0525
2015-03-27,50.0525,50.1985,47.1495,47.3905
2015-03-30,47.3905,48.1835,46.6835,47.8095
2015-03-31,47.8095,47.8115,46.3945,46.7425
2015-04-01,46.7425,49.5555,46.2015,48.7175
2015-04-02,48.7175,49.3965,47.3025,48.5865
2015-04-03,48.5865,48.6725,48.5155,48.6725
2015-04-06,48.6725,51.5355,48.6725,51.2335
2015-04-07,51.2335,53.4475,50.5245,52.3045
2015-04-08,52.3045,52.5245,49.7885,50.3985
2015-04-09,50.3985,51.5025,49.9745,50.1965
2015-04-10,50.1965,51.3,49.5815,51.1335
2015-04-13,51.1335,52.546,51.076,51.643
2015-04-14,51.643,53.1295,51.467,52.8875
2015-04-15,52.8875,55.668,52.691,55.028
2015-04-16,55.028,56.6005,54.4115,55.759
2015-04-17,55.759,56.1895,54.7745,55.4805
2015-04-20,55.4805,56.6545,54.511,55.949
2015-04-21,55.949,56.155,54.309,54.471
2015-04-22,54.471,55.378,53.954,54.4525
2015-04-23,54.4525,56.6375,54.0575,55.7775
2015-04-24,55.7775,56.2335,54.8515,55.6365
2015-04-27,55.6365,56.374,55.0675,55.1555
2015-04-28,55.1555,56.3825,54.656,55.5835
2015-04-29,55.5835,57.9225,55.1865,57.1725
2015-04-30,57.1725,58.5025,57.0155,58.4715
2015-05-01,58.4715,58.5645,57.0575,57.9175
2015-05-04,57.9175,58.6225,57.3965,57.9575
2015-05-05,57.9575,60.0455,57.6235,59.7095
2015-05-06,59.7095,61.5685,59.5825,59.7155
2015-05-07,59.7155,60.3845,57.6345,58.1565
2015-05-08,58.1565,59.0665,57.3445,58.6045
2015-05-11,58.6045,59.2255,58.182,58.717
2015-05-12,58.717,60.6955,58.587,60.6645
2015-05-13,60.6645,61.2015,59.5265,59.6135
2015-05-14,59.6135,60.3295,58.9505,59.2765
2015-05-15,59.2765,59.4055,57.9555,59.3885
2015-05-18,59.3885,60.3795,58.5845,59.1665
2015-05-19,59.1665,59.1665,56.7375,57.0525
2015-05-20,57.0525,57.8505,56.9245,57.5995
2015-05-21,57.5995,59.7445,57.5345,59.4955
2015-05-22,59.4955,59.6275,58.2355,58.7565
2015-05-25,58.7565,59.208,58.0865,58.7845
2015-05-26,58.7845,58.919,56.7675,57.4175
2015-05-27,57.4175,57.9975,56.4635,56.6755
2015-05-28,56.6755,57.1725,55.6445,57.1135
2015-05-29,57.1135,59.8075,56.8735,59.4345
2015-06-01,59.4345,59.8535,58.5705,59.5045
2015-06-02,59.5045,60.8215,59.3365,60.2885
2015-06-03,60.2885,60.667,58.6555,58.8905
2015-06-04,58.8905,59.2705,57.1985,57.3435
2015-06-05,57.3435,58.6195,56.2465,58.3435
2015-06-08,58.3435,58.5985,57.3665,57.8105
2015-06-09,57.8105,60.1745,57.7415,60.0685
2015-06-10,60.0685,61.3585,59.9685,60.6855
2015-06-11,60.6855,61.1025,59.8195,60.1575
2015-06-12,60.1575,60.2355,59.3855,59.6655
2015-06-15,59.6655,59.6655,58.4705,59.3535
2015-06-16,59.3535,60.0825,59.1665,59.8405
2015-06-17,59.8405,61.0915,58.6565,59.5295
2015-06-18,59.5295,60.6205,58.9965,60.1975
2015-06-19,60.1975,60.2475,58.5995,59.1195
2015-06-22,59.1195,60.0255,58.6875,59.6455
2015-06-23,59.6455,60.8865,58.9765,60.5055
2015-06-24,60.5055,60.9945,59.2555,59.6935
2015-06-25,59.6935,59.9125,58.8965,59.1315
2015-06-26,59.1315,59.4535,58.2605,59.1325
2015-06-29,59.1325,59.1325,57.5995,57.7805
2015-06-30,57.7805,59.2575,57.5205,58.5875
2015-07-01,58.5875,58.6445,56.2985,56.4615
2015-07-02,56.4615,57.5665,56.1505,56.1775
2015-07-03,56.1775,56.4315,55.0725,55.1575
2015-07-06,55.1575,55.1575,52.1465,52.4265
2015-07-07,52.4265,53.1795,50.3325,52.6805
2015-07-08,52.6805,52.6935,50.6865,51.5885
2015-07-09,51.5885,53.3205,51.3175,52.4305
2015-07-10,52.4305,53.6285,51.7585,52.6425
2015-07-13,52.6425,53.0145,51.1175,51.9155
2015-07-14,51.9155,53.2145,50.7655,53.1725
2015-07-15,53.1725,53.3545,51.0445,51.4245
2015-07-16,51.4245,51.989,50.641,50.774
2015-07-17,50.774,51.029,50.0005,50.6205
2015-07-20,50.6205,51.1005,49.7015,49.7735
2015-07-21,49.7735,50.9505,49.6395,50.2215
2015-07-22,50.2215,50.2495,48.6315,48.7965
2015-07-23,48.7965,49.2155,47.8085,48.4555
2015-07-24,48.4555,48.636,47.347,47.696
2015-07-27,47.696,47.849,46.588,46.653
2015-07-28,46.653,48.1165,46.3715,47.4445
2015-07-29,47.4445,49.193,47.078,48.568
2015-07-30,48.568,49.0505,48.044,48.15
2015-07-31,48.15,48.326,46.432,46.526
2015-08-03,46.526,46.692,44.8625,45.1145
2015-08-04,45.1145,46.0055,45.0795,45.7495
2015-08-05,45.7495,46.486,44.636,44.939
2015-08-06,44.939,45.073,44.017,44.644
2015-08-07,44.644,44.9705,43.5375,43.6185
2015-08-10,43.6185,44.8715,43.2265,44.6665
2015-08-11,44.6665,45.206,42.581,43.021
2015-08-12,43.021,43.767,42.697,43.313
2015-08-13,43.313,43.618,41.894,42.213
2015-08-14,42.213,42.7735,41.3795,41.9865
2015-08-17,41.9865,42.5065,41.5685,41.7285
2015-08-18,41.7285,42.688,41.28,42.122
2015-08-19,42.122,42.514,40.179,40.265
2015-08-20,40.265,41.182,39.898,40.333
2015-08-21,40.333,40.792,39.286,39.647
2015-08-24,39.647,39.925,37.26,37.593
2015-08-25,37.593,39.3725,37.589,38.976
2015-08-26,38.976,39.362,38.053,38.45
2015-08-27,38.45,42.348,38.418,42.134
2015-08-28,42.134,45.3725,41.3025,44.7335
2015-08-31,44.7335,48.8295,43.1655,47.5745
2015-09-01,47.5745,48.3885,43.8265,43.8515
2015-09-02,43.8515,46.3395,42.8225,45.5665
2015-09-03,45.5665,47.993,45.2565,46.234
2015-09-04,46.234,46.8225,45.2925,45.3025
2015-09-07,45.3025,45.5975,43.933,43.953
2015-09-08,43.953,46.1055,43.853,45.4425
2015-09-09,45.4425,45.9665,43.795,43.855
2015-09-10,43.855,45.792,43.119,45.404
2015-09-11,45.404,45.625,43.9395,44.5445
2015-09-14,44.5445,44.7825,43.4265,43.8815
2015-09-15,43.8815,44.961,43.703,44.811
2015-09-16,44.811,47.0505,44.552,46.9545
2015-09-17,46.9545,47.3925,46.0575,46.506
2015-09-18,46.506,46.6885,44.0025,44.6555
2015-09-21,44.6555,46.4415,44.4695,46.1495
2015-09-22,46.1495,46.1675,44.8355,45.9915
2015-09-23,45.9915,46.6135,43.9005,44.1075
2015-09-24,44.1075,44.679,43.2315,44.586
2015-09-25,44.586,45.8585,44.368,44.8895
2015-09-28,44.8895,45.0545,43.8935,44.0665
2015-09-29,44.0665,45.2965,43.9365,44.4475
2015-09-30,44.4475,45.4575,44.2935,44.9615
2015-10-01,44.9615,46.7025,44.2795,44.7025
2015-10-02,44.7025,45.4565,43.6445,45.3025
2015-10-05,45.3025,46.6145,44.9115,45.9555
2015-10-06,45.9555,48.7785,45.4575,48.7485
2015-10-07,48.7485,49.4225,47.4445,47.8845
2015-10-08,47.8845,49.7895,47.5215,49.4765
2015-10-09,49.4765,50.6795,48.945,49.283
2015-10-12,49.283,49.954,46.874,47.263
2015-10-13,47.263,48.287,46.314,46.47
2015-10-14,46.47,46.82,45.848,46.126
2015-10-15,46.126,46.9045,45.1915,46.7795
2015-10-16,46.7795,47.3485,46.0485,47.1025
2015-10-19,47.1025,47.3335,45.6965,46.0275
2015-10-20,46.0275,46.3925,45.2085,45.3785
2015-10-21,45.3785,45.5625,44.3725,44.7445
2015-10-22,44.7445,45.6055,44.4205,44.9395
2015-10-23,44.9395,45.2705,43.7505,44.2875
2015-10-26,44.2875,44.5195,43.2485,43.3305
2015-10-27,43.3305,43.518,42.2115,43.0285
2015-10-28,43.0285,45.8285,42.7035,45.7915
2015-10-29,45.7915,46.3865,44.7965,45.3915
2015-10-30,45.3915,46.6695,45.1335,46.0385
2015-11-02,46.0385,46.4195,45.2685,45.7815
2015-11-03,45.7815,48.0545,45.6745,47.3605
2015-11-04,47.3605,47.9905,45.9035,46.2865
2015-11-05,46.2865,46.3795,44.8675,45.1225
2015-11-06,45.1225,45.3975,43.887,44.321
2015-11-09,44.321,44.9225,43.4665,43.9055
2015-11-10,43.9055,44.5875,43.4115,43.5085
2015-11-11,43.5085,43.9555,42.5285,42.84
2015-11-12,42.84,43.1445,41.5355,41.6085
2015-11-13,41.6085,42.2065,40.2955,40.741
2015-11-16,40.741,42.0335,40.063,41.908
2015-11-17,41.908,41.944,40.4995,41.002
2015-11-18,41.002,41.5135,40.1975,40.8955
2015-11-19,40.8955,41.2615,40.1945,40.813
2015-11-20,40.813,41.6945,40.3315,40.4445
2015-11-23,40.4445,41.7755,39.4965,41.0575
2015-11-24,41.0575,42.5055,40.9355,41.7235
2015-11-25,41.7235,42.3295,40.8455,42.3255
2015-11-26,42.3255,42.3995,41.4375,41.6255
2015-11-27,41.6255,41.8865,40.8645,40.9615
2015-11-30,40.9615,41.8705,40.7835,40.9725
2015-12-01,40.9725,41.5345,40.4945,40.9555
2015-12-02,40.9555,41.3155,39.2245,39.5105
2015-12-03,39.5105,41.1545,39.4605,40.6865
2015-12-04,40.6865,41.3975,39.0425,39.5745
2015-12-07,39.5745,39.6405,37.0635,37.2065
2015-12-08,37.2065,38.1585,36.2275,37.4355
2015-12-09,37.4355,38.5835,36.4875,36.8195
2015-12-10,36.8195,37.1685,36.0475,36.2115
2015-12-11,36.2115,36.5045,34.8695,35.0395
2015-12-14,35.0395,36.3115,34.3095,35.906
2015-12-15,35.906,37.4555,35.7245,36.389
2015-12-16,36.389,36.9185,35.0315,35.4455
2015-12-17,35.4455,35.5555,34.522,34.6675
2015-12-18,34.6675,35.4855,34.2875,34.457
2015-12-21,34.457,34.8085,34.0875,34.49
2015-12-22,34.49,35.275,34.422,35.181
2015-12-23,35.181,36.686,35.0425,36.616
2015-12-24,36.616,37.0425,36.1695,36.8765
2015-12-28,36.8765,36.9915,35.6105,35.6305
2015-12-29,35.6305,36.9375,35.6305,36.395
2015-12-30,36.395,36.4155,35.4735,35.8825
2015-12-31,35.8825,36.8705,35.3455,36.6405
2016-01-01,36.6405,36.6405,36.2285,36.2285
2016-01-04,36.2285,37.6385,35.6335,36.1825
2016-01-05,36.1825,36.3955,35.1025,35.5095
2016-01-06,35.5095,35.7095,33.2045,33.4855
2016-01-07,33.4855,33.7125,31.5825,32.7445
2016-01-08,32.7445,33.7995,32.1675,32.4055
2016-01-11,32.4055,32.8325,30.5465,30.7885
2016-01-12,30.7885,31.8825,29.6435,30.2685
2016-01-13,30.2685,31.4345,29.8425,30.3055
2016-01-14,30.3055,31.5265,30.0355,30.9475
2016-01-15,30.9475,30.9515,28.9535,29.4845
2016-01-18,29.4845,29.755,28.269,28.892
2016-01-19,28.892,30.2365,28.3485,28.4285
2016-01-20,28.4285,28.7075,26.6145,27.366
2016-01-21,27.366,29.2435,26.9325,28.843
2016-01-22,28.843,31.3095,28.5695,31.2065
2016-01-25,31.2065,31.7685,28.8175,28.9615
2016-01-26,28.9615,31.5,28.4235,29.6235
2016-01-27,29.6235,31.9475,29.3205,31.2845
2016-01-28,31.2845,33.905,30.9025,32.837
2016-01-29,32.837,33.539,31.8375,32.9035
2016-02-01,32.9035,33.3945,30.6005,30.6465
2016-02-02,30.6465,30.8335,28.9615,29.0825
2016-02-03,29.0825,32.1005,28.8005,32.0935
2016-02-04,32.0935,32.9575,30.9425,31.1065
2016-02-05,31.1065,31.844,30.0895,30.4485
2016-02-08,30.4485,30.9035,29.1335,29.6895
2016-02-09,29.6895,30.1745,27.3595,27.9195
2016-02-10,27.9195,28.8325,26.9095,26.9915
2016-02-11,26.9915,27.1525,25.7545,26.8915
2016-02-12,26.8915,29.3485,26.6585,28.7595
2016-02-15,28.7595,29.9105,28.7175,29.5445
2016-02-16,29.5445,31.2935,28.5175,28.9355
2016-02-17,28.9355,31.312,28.5665,31.291
2016-02-18,31.291,31.869,30.256,30.518
2016-02-19,30.518,30.783,29.271,29.892
2016-02-22,29.892,31.798,29.7205,31.352
2016-02-23,31.352,31.564,29.423,29.584
2016-02-24,29.584,30.597,28.834,30.414
2016-02-25,30.414,31.68,29.391,31.283
2016-02-26,31.283,32.871,30.97,31.174
2016-02-29,31.174,32.4245,30.8175,32.3585
2016-03-01,32.3585,33.2385,31.9005,32.397
2016-03-02,32.397,33.6675,32.1325,33.29
2016-03-03,33.29,33.9015,32.8225,33.3225
2016-03-04,33.3225,34.9735,33.0815,34.9355
2016-03-07,34.9355,36.8995,34.9355,36.7785
2016-03-08,36.7785,37.2455,35.089,35.255
2016-03-09,35.255,37.442,35.1895,37.1695
2016-03-10,37.1695,37.4795,36.2625,37.0485
2016-03-11,37.0485,38.0925,36.9765,37.5915
2016-03-14,37.5915,37.994,36.0415,36.7865
2016-03-15,36.7865,36.7865,35.4175,36.2095
2016-03-16,36.2095,38.1205,36.1065,38.0725
2016-03-17,38.0725,39.9265,37.9945,39.9005
2016-03-18,39.9005,40.8265,38.85,38.9865
2016-03-21,38.9865,39.9245,38.4885,39.7885
2016-03-22,39.7885,40.0725,39.0065,39.4545
2016-03-23,39.4545,39.5455,38.0255,38.129
2016-03-24,38.129,38.1325,36.7845,37.994
2016-03-28,37.994,38.7315,37.5215,37.9495
2016-03-29,37.9495,38.126,36.6615,37.2525
2016-03-30,37.2525,38.5835,36.9445,37.1055
2016-03-31,37.1055,37.8565,36.433,37.006
2016-04-01,37.006,37.3435,35.5915,35.6295
2016-04-04,35.6295,36.3045,34.6075,34.6345
2016-04-05,34.6345,35.7265,34.4275,35.6985
2016-04-06,35.6985,37.1045,35.6215,36.9765
2016-04-07,36.9765,37.4935,35.9705,36.7915
2016-04-08,36.7915,39.1145,36.7315,38.9195
2016-04-11,38.9195,40.1765,38.6905,39.8095
2016-04-12,39.8095,41.7305,39.5745,41.1735
2016-04-13,41.1735,41.9525,40.7645,41.1245
2016-04-14,41.1245,41.7525,40.4335,41.0755
2016-04-15,41.0755,41.3685,39.6685,40.1225
2016-04-18,40.1225,40.1225,37.452,39.9015
2016-04-19,39.9015,41.3085,39.3685,40.899
2016-04-20,40.899,42.6955,39.8145,42.4025
2016-04-21,42.4025,42.96,41.5785,41.9505
2016-04-22,41.9505,42.9725,41.6675,42.293
2016-04-25,42.293,42.7255,41.335,41.7065
2016-04-26,41.7065,43.5605,41.2775,43.3765
2016-04-27,43.3765,44.371,42.5695,44.0705
2016-04-28,44.0705,44.9345,43.7495,44.6975
2016-04-29,44.6975,45.6025,44.1205,44.8875
2016-05-02,44.8875,45.1475,43.5905,43.9395
2016-05-03,43.9395,44.4155,42.4495,43.0145
2016-05-04,43.0145,44.0115,42.4005,43.252
2016-05-05,43.252,45.2305,43.1785,43.6895
2016-05-06,43.6895,44.5755,42.7975,43.8595
2016-05-09,43.8595,45.2865,42.6715,42.6935
2016-05-10,42.6935,44.2575,42.4825,43.9995
2016-05-11,43.9995,45.8545,43.4675,45.5165
2016-05-12,45.5165,46.5585,45.1605,45.9965
2016-05-13,45.9965,46.0685,45.3575,46.0015
2016-05-16,46.0015,47.7435,45.8725,47.7165
2016-05-17,47.7165,48.5795,47.3335,48.4235
2016-05-18,48.4235,48.7945,47.5775,47.6895
2016-05-19,47.6895,48.0435,46.5595,48.0355
2016-05-20,48.0355,48.5625,47.2605,47.7575
2016-05-23,47.7575,47.8405,46.7815,47.4785
2016-05-24,47.4785,48.6425,47.0345,48.4945
2016-05-25,48.4945,49.1495,48.0595,49.1095
2016-05-26,49.1095,49.6115,48.6355,48.8065
2016-05-27,48.8065,49.0285,48.1415,49.0265
2016-05-30,49.0265,49.2025,48.5795,49.1185
2016-05-31,49.1185,49.6265,48.3535,48.3975
2016-06-01,48.3975,48.8115,47.3195,48.5055
2016-06-02,48.5055,49.0405,47.5585,48.6245
2016-06-03,48.6245,48.9935,47.9315,48.4555
2016-06-06,48.4555,49.5525,48.3675,49.3925
2016-06-07,49.3925,50.2055,49.1175,50.1125
2016-06-08,50.1125,51.3125,50.0185,51.2145
2016-06-09,51.2145,51.3655,49.9565,50.1455
2016-06-10,50.1455,50.4525,48.5615,48.6545
2016-06-13,48.6545,49.0915,47.9735,48.3845
2016-06-14,48.3845,48.5345,47.7405,47.7805
2016-06-15,47.7805,48.5775,47.1505,47.3615
2016-06-16,47.3615,47.62,45.8095,45.9105
2016-06-17,45.9105,48.1975,45.7325,48.1535
2016-06-20,48.1535,49.3395,48.0985,49.1565
2016-06-21,49.1565,49.7655,48.2325,49.5535
2016-06-22,49.5535,49.9085,47.8115,48.3975
2016-06-23,48.3975,49.6335,48.3975,49.5875
2016-06-24,49.5875,49.8455,46.1715,47.0235
2016-06-27,47.0235,47.4625,45.3725,46.1405
2016-06-28,46.1405,47.6975,46.0715,47.6365
2016-06-29,47.6365,49.5345,47.5275,49.0715
2016-06-30,49.0715,49.1545,47.7525,47.9405
2016-07-01,47.9405,48.8685,47.4955,48.8565
2016-07-04,48.8565,48.9915,48.3315,48.4135
2016-07-05,48.4135,48.4135,46.0185,46.5475
2016-07-06,46.5475,47.6415,45.6415,47.6145
2016-07-07,47.6145,47.9745,44.6245,44.9455
2016-07-08,44.9455,45.7175,44.5325,44.9185
2016-07-11,44.9185,45.5785,44.2495,44.3665
2016-07-12,44.3665,46.7585,44.3405,46.4615
2016-07-13,46.4615,46.5365,44.4265,44.9685
2016-07-14,44.9685,45.6805,44.8285,45.3755
2016-07-15,45.3755,46.1895,44.9405,46.1045
2016-07-18,46.1045,46.1045,44.7725,45.1635
2016-07-19,45.1635,45.6195,44.563,44.6935
2016-07-20,44.6935,45.3865,43.8485,44.9775
2016-07-21,44.9775,45.3705,43.8465,43.8575
2016-07-22,43.8575,44.2945,43.0975,43.5855
2016-07-25,43.5855,43.7565,42.3885,42.4715
2016-07-26,42.4715,42.7985,41.8135,42.1285
2016-07-27,42.1285,42.6545,41.1565,41.3785
2016-07-28,41.3785,41.7045,40.5425,40.6155
2016-07-29,40.6155,41.1865,40.1015,40.9635
2016-08-01,40.9635,41.4455,39.4235,39.6635
2016-08-02,39.6635,40.5085,38.8775,39.3235
2016-08-03,39.3235,40.8215,38.8495,40.7845
2016-08-04,40.7845,41.7105,40.0795,41.4625
2016-08-05,41.4625,41.7465,40.7165,41.6465
2016-08-08,41.6465,43.0925,41.5205,42.5515
2016-08-09,42.5515,43.2385,42.2105,42.4915
2016-08-10,42.4915,43.1305,41.1765,41.2765
2016-08-11,41.2765,43.6205,40.8785,43.2095
2016-08-12,43.2095,44.5605,43.0895,44.5015
2016-08-15,44.5015,45.7705,44.2285,45.5195
2016-08-16,45.5195,46.5735,45.2015,46.2535
2016-08-17,46.2535,46.8665,45.746,46.8025
2016-08-18,46.8025,48.2615,46.5145,48.2125
2016-08-19,48.2125,48.5885,47.7835,48.2975
2016-08-22,48.2975,48.2975,46.6725,46.7095
2016-08-23,46.7095,47.6565,45.9605,46.9715
2016-08-24,46.9715,47.0925,45.8345,46.1775
2016-08-25,46.1775,46.8565,45.8325,46.7725
2016-08-26,46.7725,47.8635,46.3615,46.7505
2016-08-29,46.7505,46.7525,46.1225,46.4575
2016-08-30,46.4575,46.9945,45.7395,45.8225
2016-08-31,45.8225,45.9405,44.0715,44.3935
2016-09-01,44.3935,44.6475,42.6075,43.1195
2016-09-02,43.1195,44.2835,42.7685,43.8325
2016-09-05,43.8325,46.1855,43.7285,44.8505
2016-09-06,44.8505,45.2875,43.5405,44.5825
2016-09-07,44.5825,45.8735,44.2565,45.8565
2016-09-08,45.8565,47.4645,45.5025,47.0295
2016-09-09,47.0295,47.0805,45.3215,45.4715
2016-09-12,45.4715,46.3295,44.5425,45.8765
2016-09-13,45.8765,45.9485,44.6175,44.7995
2016-09-14,44.7995,45.1875,43.2965,43.5455
2016-09-15,43.5455,44.2235,43.1535,43.6005
2016-09-16,43.6005,43.6395,42.6675,43.0995
2016-09-19,43.0995,44.0495,43.0795,43.1085
2016-09-20,43.1085,43.9665,42.4615,43.8155
2016-09-21,43.8155,45.0325,43.8155,45.0225
2016-09-22,45.0225,45.9105,44.9165,45.5055
2016-09-23,45.5055,45.9565,43.6605,44.0695
2016-09-26,44.0695,45.6865,43.9305,45.1005
2016-09-27,45.1005,45.4495,43.7095,44.4465
2016-09-28,44.4465,46.9545,43.8975,46.6545
2016-09-29,46.6545,47.8405,46.1405,47.2825
2016-09-30,47.2825,47.8445,46.5975,47.5995
2016-10-03,47.5995,48.6265,47.3885,48.2885
2016-10-04,48.2885,48.8885,47.8945,48.8395
2016-10-05,48.8395,49.6145,48.7415,49.3515
2016-10-06,49.3515,50.2955,48.9925,50.2665
2016-10-07,50.2665,50.4255,49.1045,49.2605
2016-10-10,49.2605,51.3485,48.9015,50.9475
2016-10-11,50.9475,51.3065,50.1785,50.6545
2016-10-12,50.6545,50.9705,49.7025,49.8615
2016-10-13,49.8615,50.4255,49.1985,50.3825
2016-10-14,50.3825,50.9905,49.7505,50.1745
2016-10-17,50.1745,50.4955,49.3995,49.9645
2016-10-18,49.9645,50.5995,49.6475,50.5775
2016-10-19,50.5775,51.7315,50.5265,51.2085
2016-10-20,51.2085,51.3395,49.9845,50.1545
2016-10-21,50.1545,50.5695,49.7675,50.5355
2016-10-24,50.5355,50.5695,49.2255,50.0765
2016-10-25,50.0765,50.5265,48.8945,48.9335
2016-10-26,48.9335,49.7275,48.5075,48.8735
2016-10-27,48.8735,49.6935,48.6455,49.2685
2016-10-28,49.2685,49.4605,48.0795,48.3295
2016-10-31,48.3295,48.4315,46.3505,46.4705
2016-11-01,46.4705,47.0665,45.9335,46.1155
2016-11-02,46.1155,46.1975,44.7185,45.2355
2016-11-03,45.2355,45.6535,44.1295,44.4075
2016-11-04,44.4075,44.6315,43.3545,43.8935
2016-11-07,43.8935,44.8185,43.8935,44.7685
2016-11-08,44.7685,45.2075,44.2395,44.6495
2016-11-09,44.6495,45.7775,42.9185,45.1895
2016-11-10,45.1895,45.4735,44.1285,44.1305
2016-11-11,44.1305,44.4815,42.9115,42.9965
2016-11-14,42.9965,43.7075,42.1095,43.6285
2016-11-15,43.6285,45.9955,43.4595,45.6895
2016-11-16,45.6895,46.3245,44.9595,45.2445
2016-11-17,45.2445,46.4535,44.8415,44.8815
2016-11-18,44.8815,45.8235,44.5555,45.6605
2016-11-21,45.6605,47.9105,45.6605,47.7285
2016-11-22,47.7285,48.6035,46.6135,47.3465
2016-11-23,47.3465,47.8675,46.8585,47.4085
2016-11-24,47.4085,47.7175,47.2685,47.4675
2016-11-25,47.4675,47.5065,45.3975,45.4945
2016-11-28,45.4945,47.1975,44.7075,46.4435
2016-11-29,46.4435,46.5425,44.4305,44.8555
2016-11-30,44.8555,49.47,44.8445,48.581
2016-12-01,48.581,51.3745,48.581,50.5035
2016-12-02,50.5035,51.3285,49.7935,51.2675
2016-12-05,51.2675,52.0675,50.6135,50.6765
2016-12-06,50.6765,51.2785,49.9805,50.6185
2016-12-07,50.6185,50.9025,49.4445,49.5555
2016-12-08,49.5555,50.7155,49.3475,50.7135
2016-12-09,50.7135,51.4085,50.6085,51.2475
2016-12-12,51.2475,54.2925,51.2475,52.2125
2016-12-13,52.2125,53.2355,52.1815,52.3185
2016-12-14,52.3185,52.6335,50.5445,50.6445
2016-12-15,50.6445,51.2905,49.8305,50.886
2016-12-16,50.886,51.9335,50.3665,51.8655
2016-12-19,51.8655,52.4345,51.4575,51.995
2016-12-20,51.995,52.6735,51.7465,52.4245
2016-12-21,52.4245,52.7065,51.2895,51.5005
2016-12-22,51.5005,52.1635,51.0805,51.6645
2016-12-23,51.6645,52.2905,51.2915,52.261
2016-12-27,52.261,53.2375,52.1685,53.0225
2016-12-28,53.0225,53.5375,52.7415,52.8165
2016-12-29,52.8165,53.4115,52.6575,53.0625
2016-12-30,53.0625,53.3185,52.6655,53.1495
2017-01-03,53.1495,54.598,51.542,51.8895
2017-01-04,51.8895,52.86,51.594,52.7995
2017-01-05,52.7995,53.57,52.264,53.2405
2017-01-06,53.2405,53.802,52.824,53.2065
2017-01-09,53.2065,53.404,51.388,51.3985
2017-01-10,51.3985,52.004,50.38,50.4315
2017-01-11,50.4315,52.456,50.4315,52.0555
2017-01-12,52.0555,53.2,51.82,52.7615
2017-01-13,52.7615,52.896,52.024,52.2995
2017-01-16,52.2995,52.558,51.962,52.5015
2017-01-17,52.5015,53.398,52.108,52.4355
2017-01-18,52.4355,52.71,50.872,51.3495
2017-01-19,51.3495,51.82,50.974,51.3345
2017-01-20,51.3345,52.828,51.312,52.3645
2017-01-23,52.3645,52.688,51.474,52.0955
2017-01-24,52.0955,52.824,51.95,52.2095
2017-01-25,52.2095,52.766,51.866,52.2795
2017-01-26,52.2795,53.368,52.108,53.0565
2017-01-27,53.0565,53.404,51.942,52.5335
2017-01-30,52.5335,52.882,51.85,52.0315
2017-01-31,52.0315,53.012,51.698,52.2475
2017-02-01,52.2475,53.39,52.114,53.0325
2017-02-02,53.0325,53.822,52.856,53.1725
2017-02-03,53.1725,53.734,52.93,53.3895
2017-02-06,53.3895,53.714,52.5255,52.7005
2017-02-07,52.7005,52.85,51.284,51.3355
2017-02-08,51.3355,52.326,50.878,52.0615
2017-02-09,52.0615,52.896,52.048,52.8275
2017-02-10,52.8275,53.83,52.608,53.5345
2017-02-13,53.5345,53.71,52.554,52.6595
2017-02-14,52.6595,53.524,52.6595,52.8445
2017-02-15,52.8445,53.352,52.566,52.8375
2017-02-16,52.8375,53.446,52.526,53.2355
2017-02-17,53.2355,53.32,52.702,53.1505
2017-02-20,53.1505,53.6925,53.1505,53.4515
2017-02-21,53.4515,54.496,53.396,53.7225
2017-02-22,53.7225,54.088,52.878,53.4015
2017-02-23,53.4015,54.446,53.4015,53.8785
2017-02-24,53.8785,54.03,53.294,53.5445
2017-02-27,53.5445,54.196,53.522,53.6315
2017-02-28,53.6315,53.8265,52.802,53.6005
2017-03-01,53.6005,54.06,53.272,53.2985
2017-03-02,53.2985,53.438,52.216,52.2365
2017-03-03,52.2365,53.064,52.23,52.9075
2017-03-06,52.9075,53.28,52.486,52.9115
2017-03-07,52.9115,53.534,52.468,52.5345
2017-03-08,52.5345,52.666,49.832,49.9735
2017-03-09,49.9735,50.618,48.406,49.4035
2017-03-10,49.4035,49.922,48.132,48.2115
2017-03-13,48.2115,48.538,47.768,48.3255
2017-03-14,48.3255,48.662,46.978,48.3865
2017-03-15,48.3865,48.874,48.062,48.8225
2017-03-16,48.8225,49.45,48.34,48.5945
2017-03-17,48.5945,49.038,48.442,48.6035
2017-03-20,48.6035,48.752,47.872,48.3125
2017-03-21,48.3125,48.886,47.424,47.5635
2017-03-22,47.5635,47.766,46.526,47.5995
2017-03-23,47.5995,47.936,47.058,47.1435
2017-03-24,47.1435,47.684,47.038,47.6145
2017-03-27,47.6145,47.8025,46.636,47.3835
2017-03-28,47.3835,48.3,47.356,47.9975
2017-03-29,47.9975,49.198,47.958,49.1755
2017-03-30,49.1755,50.048,48.86,49.9185
2017-03-31,49.9185,50.4245,49.504,50.3955
2017-04-03,50.3955,50.488,49.784,49.9185
2017-04-04,49.9185,50.972,49.56,50.7645
2017-04-05,50.7645,51.564,50.444,50.5155
2017-04-06,50.5155,51.526,50.476,51.4355
2017-04-07,51.4355,52.648,51.224,52.0175
2017-04-10,52.0175,52.966,52.0175,52.9255
2017-04-11,52.9255,53.254,52.512,53.2155
2017-04-12,53.2155,53.576,52.548,52.6385
2017-04-13,52.6385,53.232,52.6385,52.7585
2017-04-17,52.7585,53.134,52.48,52.6715
2017-04-18,52.6715,52.796,52.044,52.2845
2017-04-19,52.2845,52.558,50.048,50.5355
2017-04-20,50.5355,50.93,50.062,50.2585
2017-04-21,50.2585,50.488,48.782,49.1755
2017-04-24,49.1755,49.826,48.654,48.8115
2017-04-25,48.8115,49.456,48.512,48.9975
2017-04-26,48.9975,49.834,48.592,48.9065
2017-04-27,48.9065,49.076,47.884,48.8755
2017-04-28,48.8755,49.424,48.482,48.8995
2017-05-01,48.8995,49.022,48.302,48.4525
2017-05-02,48.4525,49.01,47.094,47.7805
2017-05-03,47.7805,47.968,47.056,47.3255
2017-05-04,47.3255,47.51,45.07,45.2535
2017-05-05,45.2535,46.456,43.552,46.2815
2017-05-08,46.2815,46.784,45.548,46.2975
2017-05-09,46.2975,46.602,45.362,45.9905
2017-05-10,45.9905,47.616,45.856,47.1995
2017-05-11,47.1995,48.066,47.1995,47.6735
2017-05-12,47.6735,47.936,47.222,47.7065
2017-05-15,47.7065,49.556,47.642,48.7145
2017-05-16,48.7145,49.29,48.096,48.1585
2017-05-17,48.1585,49.424,47.958,48.8775
2017-05-18,48.8775,49.518,47.988,49.2405
2017-05-19,49.2405,50.466,49.2135,50.4305
2017-05-22,50.4305,51.06,50.38,50.6515
2017-05-23,50.6515,51.426,50.22,51.1205
2017-05-24,51.1205,51.524,50.694,50.9445
2017-05-25,50.9445,51.656,48.144,48.3565
2017-05-26,48.3565,49.6285,47.874,49.5485
2017-05-29,49.5485,50.01,49.234,49.7205
2017-05-30,49.7205,49.784,48.778,49.3885
2017-05-31,49.3885,49.45,47.498,48.4085
2017-06-01,48.4085,48.932,47.682,47.8105
2017-06-02,47.8105,47.972,46.532,47.5135
2017-06-05,47.5135,48.228,46.69,47.2205
2017-06-06,47.2205,48.228,46.764,47.7925
2017-06-07,47.7925,48.062,45.498,45.6485
2017-06-08,45.6485,46.034,45.068,45.5475
2017-06-09,45.5475,46.048,45.136,45.7875
2017-06-12,45.7875,46.61,45.568,45.9115
2017-06-13,45.9115,46.484,45.484,45.8685
2017-06-14,45.8685,46.414,44.476,44.6035
2017-06-15,44.6035,44.744,44.178,44.2085
2017-06-16,44.2085,44.91,44.2085,44.6415
2017-06-19,44.6415,45.022,44.022,44.0715
2017-06-20,44.0715,44.442,42.704,43.1215
2017-06-21,43.1215,43.966,41.838,42.2865
2017-06-22,42.2865,43.098,42.05,42.5645
2017-06-23,42.5645,42.996,42.328,42.9255
2017-06-26,42.9255,43.464,42.442,43.2865
2017-06-27,43.2865,44.262,43.142,43.5535
2017-06-28,43.5535,44.72,43.496,44.7065
2017-06-29,44.7065,45.274,44.488,44.6675
2017-06-30,44.6675,46.19,44.6675,46.1625
2017-07-03,46.1625,46.952,45.772,46.9075
2017-07-04,46.9075,47.1785,46.602,46.9275
2017-07-05,46.9275,47.104,44.418,45.5005
2017-07-06,45.5005,46.408,45.072,45.2125
2017-07-07,45.2125,45.306,43.672,44.2545
2017-07-10,44.2545,44.754,43.564,44.4755
2017-07-11,44.4755,45.732,43.762,45.7095
2017-07-12,45.7095,46.402,45.048,45.3705
2017-07-13,45.3705,46.206,44.924,46.0605
2017-07-14,46.0605,46.688,45.744,46.6575
2017-07-17,46.6575,46.874,45.9,45.9925
2017-07-18,45.9925,46.93,45.824,46.2255
2017-07-19,46.2255,47.266,46.128,47.0875
2017-07-20,47.0875,47.54,46.624,46.7245
2017-07-21,46.7245,47.026,45.366,45.4285
2017-07-24,45.4285,46.358,45.23,46.3195
2017-07-25,46.3195,48.498,46.22,48.4255
2017-07-26,48.4255,48.702,47.704,48.571
2017-07-27,48.571,49.077,48.098,48.98
2017-07-28,48.98,49.652,48.71,49.644
2017-07-31,49.644,50.268,49.05,50.059
2017-08-01,50.059,50.291,48.239,48.646
2017-08-02,48.646,49.522,48.432,49.483
2017-08-03,49.483,49.837,48.67,48.813
2017-08-04,48.813,49.524,48.395,49.423
2017-08-07,49.423,49.617,48.444,49.251
2017-08-08,49.251,49.696,48.779,48.901
2017-08-09,48.901,49.635,48.822,49.625
2017-08-10,49.625,50.139,48.273,48.403
2017-08-11,48.403,48.904,47.918,48.696
2017-08-14,48.696,49.099,47.382,47.45
2017-08-15,47.45,47.846,46.986,47.622
2017-08-16,47.622,47.935,46.661,46.758
2017-08-17,46.758,47.154,46.446,46.916
2017-08-18,46.916,48.714,46.75,48.684
2017-08-21,48.684,48.718,47.056,47.398
2017-08-22,47.398,48.047,47.199,47.46
2017-08-23,47.46,48.352,47.383,48.236
2017-08-24,48.236,48.275,46.922,47.448
2017-08-25,47.448,47.765,47.255,47.723
2017-08-28,47.723,48.035,46.035,46.692
2017-08-29,46.692,46.846,45.651,46.231
2017-08-30,46.231,46.604,45.726,45.857
2017-08-31,45.857,47.358,45.486,46.982
2017-09-01,46.982,47.244,46.464,47.227
2017-09-04,47.227,47.568,47.067,47.329
2017-09-05,47.329,48.899,47.261,48.553
2017-09-06,48.553,49.336,48.444,49.078
2017-09-07,49.078,49.25,48.562,49.063
2017-09-08,49.063,49.185,47.213,47.491
2017-09-11,47.491,48.215,46.956,48.036
2017-09-12,48.036,48.391,47.689,48.302
2017-09-13,48.302,49.356,48.084,49.286
2017-09-14,49.286,50.459,49.119,49.661
2017-09-15,49.661,50.105,49.384,49.797
2017-09-18,49.797,50.318,49.183,49.854
2017-09-19,49.854,50.324,49.256,49.78
2017-09-20,49.78,50.635,49.666,50.234
2017-09-21,50.234,50.345,49.619,50.28
2017-09-22,50.28,50.326,49.851,50.209
2017-09-25,50.209,51.869,49.996,51.712
2017-09-26,51.712,52.024,51.038,51.705
2017-09-27,51.705,51.952,51.263,51.664
2017-09-28,51.664,52.487,50.873,51.253
2017-09-29,51.253,51.425,50.917,51.296
2017-10-02,51.296,51.401,49.785,50.283
2017-10-03,50.283,50.453,49.88,49.901
2017-10-04,49.901,50.409,49.521,49.647
2017-10-05,49.647,50.983,49.6,50.526
2017-10-06,50.526,50.586,48.878,49.001
2017-10-09,49.001,49.613,48.95,49.406
2017-10-10,49.406,50.893,49.367,50.787
2017-10-11,50.787,51.264,50.462,50.882
2017-10-12,50.882,50.984,50.028,50.599
2017-10-13,50.599,51.597,50.581,51.273
2017-10-16,51.273,52.294,51.273,51.838
2017-10-17,51.838,52.154,51.133,51.838
2017-10-18,51.838,52.218,51.59,51.93
2017-10-19,51.93,52.061,50.953,51.266
2017-10-20,51.266,51.751,50.563,51.741
2017-10-23,51.741,52.003,51.4,51.571
2017-10-24,51.571,52.337,51.278,52.26
2017-10-25,52.26,52.273,51.628,51.909
2017-10-26,51.909,52.595,51.657,52.576
2017-10-27,52.576,53.934,51.995,53.919
2017-10-30,53.919,54.226,53.527,53.89
2017-10-31,53.89,54.627,53.715,54.418
2017-11-01,54.418,55.001,53.688,54.08
2017-11-02,54.08,54.637,53.786,54.538
2017-11-03,54.538,55.565,54.217,55.535
2017-11-06,55.535,57.441,55.494,57.093
2017-11-07,57.093,57.526,56.687,56.784
2017-11-08,56.784,57.771,56.276,56.705
2017-11-09,56.705,57.392,56.551,56.886
2017-11-10,56.886,57.223,56.428,56.769
2017-11-13,56.769,57.065,56.218,56.649
2017-11-14,56.649,56.68,54.742,54.91
2017-11-15,54.91,55.488,54.851,55.251
2017-11-16,55.251,55.585,54.91,55.218
2017-11-17,55.218,56.579,55.149,56.552
2017-11-20,56.552,56.706,55.533,56.162
2017-11-21,56.162,57.004,56.113,56.879
2017-11-22,56.879,57.938,56.827,57.848
2017-11-23,57.848,58.375,57.555,58.335
2017-11-24,58.335,58.848,58.157,58.769
2017-11-27,58.769,58.802,57.377,57.648
2017-11-28,57.648,57.942,57.263,57.573
2017-11-29,57.573,58.149,56.609,57.233
2017-11-30,57.233,57.826,56.7,57.28
2017-12-01,57.28,58.742,57.151,58.156
2017-12-04,58.156,58.183,57.229,57.327
2017-12-05,57.327,57.804,56.974,57.374
2017-12-06,57.374,57.469,55.776,55.876
2017-12-07,55.876,56.681,55.719,56.542
2017-12-08,56.542,57.695,56.455,57.251
2017-12-11,57.251,58.009,56.847,57.939
2017-12-12,57.939,58.492,56.797,57.397
2017-12-13,57.397,57.771,56.461,56.603
2017-12-14,56.603,57.202,56.043,57.142
2017-12-15,57.142,57.443,56.923,57.303
2017-12-18,57.303,57.738,56.809,57.279
2017-12-19,57.279,57.73,57.14,57.631
2017-12-20,57.631,58.052,57.402,57.992
2017-12-21,57.992,58.323,57.574,58.184
2017-12-22,58.184,58.445,57.815,58.336
2017-12-26,58.336,59.952,58.272,59.762
2017-12-27,59.762,59.873,59.284,59.544
2017-12-28,59.544,59.886,59.396,59.846
2017-12-29,59.846,60.457,59.766,60.068
2018-01-02,60.068,60.694,60.068,60.308
2018-01-03,60.308,61.916,60.246,61.864
2018-01-04,61.864,62.167,61.558,61.891
2018-01-05,61.891,62.009,61.06,61.531
2018-01-08,61.531,61.936,61.306,61.889
2018-01-09,61.889,63.438,61.768,63.428
2018-01-10,63.428,63.649,63.06,63.46
2018-01-11,63.46,64.741,63.411,63.522
2018-01-12,63.522,64.476,63.043,64.386
2018-01-15,64.386,64.884,64.089,64.819
2018-01-16,64.819,64.819,63.406,63.889
2018-01-17,63.889,64.195,63.315,64.085
2018-01-18,64.085,64.335,63.493,63.745
2018-01-19,63.745,63.777,62.841,63.533
2018-01-22,63.533,64.176,63.105,63.968
2018-01-23,63.968,64.925,63.755,64.514
2018-01-24,64.514,66.094,64.392,65.926
2018-01-25,65.926,66.703,65.132,65.281
2018-01-26,65.281,66.391,64.966,66.283
2018-01-29,66.283,66.507,65.015,65.562
2018-01-30,65.562,65.594,63.932,64.024
2018-01-31,64.024,64.981,63.712,64.813
2018-02-01,64.813,66.277,64.67,66.007
2018-02-02,66.007,66.329,64.507,65.105
2018-02-05,65.105,65.433,63.451,63.478
2018-02-06,63.478,64.32,63.15,63.912
2018-02-07,63.912,64.199,61.27,61.78
2018-02-08,61.78,62.106,60.293,60.447
2018-02-09,60.447,60.784,58.093,59.083
2018-02-12,59.083,60.842,59.083,59.381
2018-02-13,59.381,59.748,58.407,58.989
2018-02-14,58.989,60.905,58.215,60.763
2018-02-15,60.763,61.644,59.729,61.436
2018-02-16,61.436,61.998,60.89,61.646
2018-02-19,61.646,62.61,61.619,62.517
2018-02-20,62.517,62.759,61.544,61.676
2018-02-21,61.676,61.971,61.023,61.419
2018-02-22,61.419,63.189,60.858,62.735
2018-02-23,62.735,63.826,62.435,63.683
2018-02-26,63.683,64.325,63.143,64.071
2018-02-27,64.071,64.173,62.718,62.901
2018-02-28,62.901,63.506,61.445,61.612
2018-03-01,61.612,61.911,60.258,61.421
2018-03-02,61.421,61.665,60.207,61.537
2018-03-05,61.537,62.845,61.164,62.674
2018-03-06,62.674,63.332,62.231,62.412
2018-03-07,62.412,62.627,60.635,61.392
2018-03-08,61.392,61.442,60.003,60.35
2018-03-09,60.35,62.215,60.187,62.19
2018-03-12,62.19,62.37,60.696,61.419
2018-03-13,61.419,61.996,60.293,60.919
2018-03-14,60.919,61.35,60.139,60.971
2018-03-15,60.971,61.566,60.839,61.202
2018-03-16,61.202,62.559,61.094,62.263
2018-03-19,62.263,62.355,61.379,62.156
2018-03-20,62.156,63.899,62.059,63.667
2018-03-21,63.667,65.467,63.51,65.41
2018-03-22,65.41,65.66,64.066,64.116
2018-03-23,64.116,65.922,64.041,65.762
2018-03-26,65.762,66.479,65.012,65.425
2018-03-27,65.425,66.353,64.476,64.623
2018-03-28,64.623,65.067,63.668,64.595
2018-03-29,64.595,65.21,64.11,64.858
2018-04-02,64.858,65.369,62.772,62.809
2018-04-03,62.809,63.813,62.809,63.511
2018-04-04,63.511,63.594,62.026,63.526
2018-04-05,63.526,64.085,63.038,63.701
2018-04-06,63.701,63.748,61.782,61.879
2018-04-09,61.879,63.588,61.879,63.261
2018-04-10,63.261,65.837,63.179,65.542
2018-04-11,65.542,67.421,65.131,66.724
2018-04-12,66.724,67.302,65.984,67.124
2018-04-13,67.124,67.735,66.679,67.31
2018-04-16,67.31,67.696,66.125,66.352
2018-04-17,66.352,66.744,65.626,66.686
2018-04-18,66.686,68.924,66.574,68.801
2018-04-19,68.801,69.584,68.033,68.175
2018-04-20,68.175,68.692,67.512,68.124
2018-04-23,68.124,69.05,67.159,68.922
2018-04-24,68.922,69.399,67.568,67.756
2018-04-25,67.756,68.198,67.138,68.03
2018-04-26,68.03,68.797,67.737,68.194
2018-04-27,68.194,68.376,67.671,68.008
2018-04-30,68.008,69.354,67.191,68.594
2018-05-01,68.594,68.913,66.872,67.512
2018-05-02,67.512,68.152,66.942,67.704
2018-05-03,67.704,68.611,67.231,68.509
2018-05-04,68.509,69.978,68.143,69.788
2018-05-07,69.788,70.848,69.53,69.99
2018-05-08,69.99,70.407,67.639,70.075
2018-05-09,70.075,71.377,69.867,71.306
2018-05-10,71.306,71.894,70.576,71.423
2018-05-11,71.423,71.636,70.465,70.532
2018-05-14,70.532,71.262,70.272,71.17
2018-05-15,71.17,71.922,70.431,70.989
2018-05-16,70.989,71.618,70.711,71.573
2018-05-17,71.573,72.311,71.187,71.664
2018-05-18,71.664,71.822,71.043,71.436
2018-05-21,71.436,72.636,71.286,72.629
2018-05-22,72.629,72.867,71.813,72.075
2018-05-23,72.075,72.218,71.149,71.799
2018-05-24,71.799,71.959,70.491,70.628
2018-05-25,70.628,70.761,67.394,67.474
2018-05-28,67.474,67.496,65.777,66.465
2018-05-29,66.465,67.318,65.889,66.851
2018-05-30,66.851,68.639,66.329,68.209
2018-05-31,68.209,68.23,66.551,67.078
2018-06-01,67.078,67.312,65.483,65.74
2018-06-04,65.74,66.016,64.556,64.867
2018-06-05,64.867,65.537,64.207,65.5
2018-06-06,65.5,65.948,64.264,64.986
2018-06-07,64.986,66.049,64.802,65.92
2018-06-08,65.92,66.218,65.141,65.568
2018-06-11,65.568,66.334,64.842,66.057
2018-06-12,66.057,66.685,65.865,66.033
2018-06-13,66.033,66.876,65.516,66.607
2018-06-14,66.607,67.147,66.348,67.015
2018-06-15,67.015,67.078,64.289,64.357
2018-06-18,64.357,65.983,63.592,65.835
2018-06-19,65.835,65.883,64.389,65.039
2018-06-20,65.039,66.509,64.946,65.506
2018-06-21,65.506,66.363,64.491,65.962
2018-06-22,65.962,69.524,65.871,69.369
2018-06-25,69.369,69.562,67.916,68.336
2018-06-26,68.336,71.031,67.862,70.825
2018-06-27,70.825,73.185,70.694,72.403
2018-06-28,72.403,74.151,72.329,73.396
2018-06-29,73.396,74.583,73.057,74.407
2018-07-02,74.407,74.448,72.666,74.15
2018-07-03,74.15,75.365,72.831,74.385
2018-07-04,74.385,75.018,73.598,74.427
2018-07-05,74.427,74.893,72.619,73.247
2018-07-06,73.247,74.082,72.224,74.007
2018-07-09,74.007,74.311,73.051,74.075
2018-07-10,74.075,74.754,73.713,74.302
2018-07-11,74.302,74.322,70.064,70.634
2018-07-12,70.634,71.281,69.281,70.418
2018-07-13,70.418,71.694,69.878,70.591
2018-07-16,70.591,70.901,67.736,68.128
2018-07-17,68.128,68.62,67.364,67.686
2018-07-18,67.686,68.996,67.277,68.915
2018-07-19,68.915,69.764,67.577,68.985
2018-07-20,68.985,69.861,68.629,69.054
2018-07-23,69.054,70.172,68.437,68.658
2018-07-24,68.658,69.877,68.403,69.577
2018-07-25,69.577,70.505,68.999,70.104
2018-07-26,70.104,70.698,69.699,70.309
2018-07-27,70.309,70.518,68.988,69.744
2018-07-30,69.744,71.105,69.463,70.743
2018-07-31,70.743,70.868,68.64,69.01
2018-08-01,69.01,69.125,67.892,68.477
2018-08-02,68.477,69.922,67.48,69.541
2018-08-03,69.541,69.778,68.402,69.189
2018-08-06,69.189,70.369,68.96,69.343
2018-08-07,69.343,70.251,69.241,69.497
2018-08-08,69.497,69.77,66.695,67.145
2018-08-09,67.145,67.768,66.853,67.033
2018-08-10,67.033,68.19,66.47,68.093
2018-08-13,68.093,68.203,65.943,67.635
2018-08-14,67.635,68.578,66.786,66.834
2018-08-15,66.834,67.083,64.676,65.063
2018-08-16,65.063,65.657,64.585,65.597
2018-08-17,65.597,66.507,65.466,65.948
2018-08-20,65.948,66.298,65.517,66.115
2018-08-21,66.115,67.151,65.973,66.73
2018-08-22,66.73,68.795,66.636,68.767
2018-08-23,68.767,68.776,67.954,68.523
2018-08-24,68.523,69.94,68.409,69.161
2018-08-27,69.161,69.517,68.898,69.458
2018-08-28,69.458,69.73,68.737,69.038
2018-08-29,69.038,70.262,68.875,70.208
2018-08-30,70.208,70.986,70.048,70.54
2018-08-31,70.54,70.843,70.115,70.364
2018-09-03,70.364,70.605,69.943,70.492
2018-09-04,70.492,71.782,69.441,69.731
2018-09-05,69.731,69.938,68.904,68.987
2018-09-06,68.987,69.341,67.318,68.196
2018-09-07,68.196,68.389,67.158,68.095
2018-09-10,68.095,68.752,67.561,67.747
2018-09-11,67.747,70.22,67.692,70.062
2018-09-12,70.062,71.458,69.689,70.493
2018-09-13,70.493,70.493,68.515,68.964
2018-09-14,68.964,70.048,68.086,69.134
2018-09-17,69.134,69.792,68.607,68.853
2018-09-18,68.853,70.449,68.598,69.749
2018-09-19,69.749,71.352,69.632,71.281
2018-09-20,71.281,71.621,70.3,70.47
2018-09-21,70.47,72.06,70.243,70.996
2018-09-24,70.996,72.977,70.996,72.491
2018-09-25,72.491,72.989,72.128,72.272
2018-09-26,72.272,72.602,71.695,72.233
2018-09-27,72.233,72.821,71.929,72.418
2018-09-28,72.418,73.935,72.091,73.701
2018-10-01,73.701,75.956,73.128,75.689
2018-10-02,75.689,76.089,75.114,75.242
2018-10-03,75.242,77.069,74.479,76.376
2018-10-04,76.376,76.632,74.043,74.834
2018-10-05,74.834,75.367,74.001,74.451
2018-10-08,74.451,74.707,73.199,74.328
2018-10-09,74.328,75.387,74.121,74.792
2018-10-10,74.792,75.195,72.49,72.675
2018-10-11,72.675,72.857,70.582,71.04
2018-10-12,71.04,72.109,70.677,71.496
2018-10-15,71.496,72.726,70.902,71.708
2018-10-16,71.708,72.327,71.069,72.219
2018-10-17,72.219,72.479,69.56,70.17
2018-10-18,70.17,70.17,68.71,68.867
2018-10-19,68.867,70.069,68.797,69.699
2018-10-22,69.699,69.994,68.619,69.693
2018-10-23,69.693,69.802,65.898,66.207
2018-10-24,66.207,67.857,66.185,66.525
2018-10-25,66.525,67.781,66.14,67.096
2018-10-26,67.096,68.006,66.325,67.732
2018-10-29,67.732,68.064,66.407,66.788
2018-10-30,66.788,67.365,65.442,66.46
2018-10-31,66.46,67.101,64.915,64.975
2018-11-01,64.975,65.482,63.208,63.608
2018-11-02,63.608,64.047,62.723,62.92
2018-11-05,62.92,64.21,62.601,62.735
2018-11-06,62.735,63.385,61.382,61.819
2018-11-07,61.819,63.25,61.267,61.656
2018-11-08,61.656,62.475,60.464,60.821
2018-11-09,60.821,60.833,59.316,59.888
2018-11-12,59.888,61.325,58.714,58.874
2018-11-13,58.874,59.38,54.785,55.277
2018-11-14,55.277,57.374,55.171,56.061
2018-11-15,56.061,57.309,55.642,56.615
2018-11-16,56.615,58.001,55.96,56.868
2018-11-19,56.868,57.428,55.133,57.229
2018-11-20,57.229,57.299,52.644,53.224
2018-11-21,53.224,55.721,53.224,54.463
2018-11-22,54.463,54.695,53.392,53.738
2018-11-23,53.738,53.988,50.046,50.28
2018-11-26,50.28,52.141,50.002,51.481
2018-11-27,51.481,52.275,50.209,52.034
2018-11-28,52.034,52.457,49.974,50.217
2018-11-29,50.217,52.097,49.328,51.187
2018-11-30,51.187,51.697,49.572,50.632
2018-12-03,50.632,53.766,50.632,53.026
2018-12-04,53.026,54.481,52.371,52.536
2018-12-05,52.536,54.367,52.087,52.88
2018-12-06,52.88,53.231,50.026,51.656
2018-12-07,51.656,54.161,50.549,52.074
2018-12-10,52.074,52.755,50.513,50.858
2018-12-11,50.858,52.385,50.665,51.922
2018-12-12,51.922,52.824,50.917,51.169
2018-12-13,51.169,53.232,50.324,52.792
2018-12-14,52.792,52.917,50.85,51.214
2018-12-17,51.214,51.906,49.108,49.229
2018-12-18,49.229,49.66,45.903,46.01
2018-12-19,46.01,48.138,46.01,47.184
2018-12-20,47.184,47.294,45.476,46.005
2018-12-21,46.005,46.564,44.943,45.165
2018-12-24,45.165,46.049,42.206,42.537
2018-12-26,42.537,46.828,42.37,46.45
2018-12-27,46.45,46.53,44.213,45.248
2018-12-28,45.248,46.063,44.278,44.954
2018-12-31,44.954,46.388,44.604,45.703
2019-01-02,45.703,47.648,44.232,46.191
2019-01-03,46.191,47.369,45.246,46.708
2019-01-04,46.708,49.107,46.532,48.193
2019-01-07,48.193,49.685,48.024,48.636
2019-01-08,48.636,49.852,48.217,49.681
2019-01-09,49.681,52.484,49.634,52.083
2019-01-10,52.083,52.691,51.292,52.195
2019-01-11,52.195,53.224,51.099,51.638
2019-01-14,51.638,52.041,50.341,50.734
2019-01-15,50.734,52.246,50.582,51.965
2019-01-16,51.965,52.47,51.223,52.296
2019-01-17,52.296,52.55,50.95,52.171
2019-01-18,52.171,53.851,52.061,53.681
2019-01-21,53.681,54.234,53.292,53.877
2019-01-22,53.877,54.046,51.795,52.75
2019-01-23,52.75,53.395,51.615,52.102
2019-01-24,52.102,53.227,51.842,52.927
2019-01-25,52.927,53.698,52.676,53.309
2019-01-28,53.309,53.424,51.139,51.896
2019-01-29,51.896,53.728,51.65,53.063
2019-01-30,53.063,54.734,52.907,54.048
2019-01-31,54.048,55.181,53.44,53.83
2019-02-01,53.83,55.474,53.204,55.172
2019-02-04,55.172,55.594,53.153,54.701
2019-02-05,54.701,55.065,53.342,53.573
2019-02-06,53.573,54.168,52.739,53.776
2019-02-07,53.776,54.095,51.683,52.485
2019-02-08,52.485,52.888,51.977,52.606
2019-02-11,52.606,52.684,51.157,52.37
2019-02-12,52.37,53.971,52.218,53.257
2019-02-13,53.257,54.53,53.211,53.886
2019-02-14,53.886,54.626,53.04,54.424
2019-02-15,54.424,55.779,54.196,55.757
2019-02-18,55.757,56.313,55.7,56.038
2019-02-19,56.038,56.232,55.283,56.043
2019-02-20,56.043,57.218,55.409,56.881
2019-02-21,56.881,57.221,56.288,56.497
2019-02-22,56.497,57.452,56.368,56.751
2019-02-25,56.751,57.207,54.789,55.13
2019-02-26,55.13,55.796,54.734,55.719
2019-02-27,55.719,57.112,55.447,56.727
2019-02-28,56.727,57.155,56.16,56.992
2019-03-01,56.992,57.609,55.327,55.507
2019-03-04,55.507,56.79,55.507,56.246
2019-03-05,56.246,56.982,55.886,56.059
2019-03-06,56.059,56.209,55.267,55.99
2019-03-07,55.99,56.809,55.905,56.247
2019-03-08,56.247,56.336,54.37,55.872
2019-03-11,55.872,56.873,55.833,56.653
2019-03-12,56.653,57.434,56.627,56.969
2019-03-13,56.969,58.389,56.912,58.248
2019-03-14,58.248,58.659,57.918,58.443
2019-03-15,58.443,58.869,57.673,58.35
2019-03-18,58.35,59.203,58.024,58.959
2019-03-19,58.959,59.533,58.576,58.986
2019-03-20,58.986,59.959,58.26,59.681
2019-03-21,59.681,60.087,59.361,59.574
2019-03-22,59.574,59.765,57.987,58.668
2019-03-25,58.668,59.08,57.914,58.815
2019-03-26,58.815,60.114,58.783,59.756
2019-03-27,59.756,59.969,58.566,59.16
2019-03-28,59.16,59.311,57.971,59.267
2019-03-29,59.267,60.491,59.18,59.969
2019-04-01,59.969,61.589,59.965,61.552
2019-04-02,61.552,62.545,61.396,62.374
2019-04-03,62.374,62.79,61.866,62.314
2019-04-04,62.314,62.592,61.716,61.997
2019-04-05,61.997,63.164,61.643,63.107
2019-04-08,63.107,64.334,62.989,64.302
2019-04-09,64.302,64.646,63.541,64.122
2019-04-10,64.122,64.57,63.925,64.342
2019-04-11,64.342,64.363,63.202,63.616
2019-04-12,63.616,64.539,63.545,63.681
2019-04-15,63.681,63.757,62.953,63.497
2019-04-16,63.497,64.304,62.932,64.264
2019-04-17,64.264,64.553,63.616,63.684
2019-04-18,63.684,64.099,63.409,63.928
2019-04-22,63.928,65.851,63.928,65.552
2019-04-23,65.552,66.466,65.448,66.056
2019-04-24,66.056,66.301,65.533,65.666
2019-04-25,65.666,66.155,64.789,64.992
2019-04-26,64.992,65.057,62.167,62.745
2019-04-29,62.745,63.588,62.369,63.512
2019-04-30,63.512,64.66,63.211,63.371
2019-05-01,63.371,63.846,62.688,63.528
2019-05-02,63.528,63.589,60.865,61.488
2019-05-03,61.488,62.437,61.227,61.789
2019-05-06,61.789,62.88,59.98,62.538
2019-05-07,62.538,62.538,60.606,61.349
2019-05-08,61.349,62.308,61.009,61.942
2019-05-09,61.942,62.152,60.874,61.547
2019-05-10,61.547,62.434,61.378,61.711
2019-05-13,61.711,63.289,60.611,60.814
2019-05-14,60.814,62.084,60.664,61.333
2019-05-15,61.333,62.308,60.818,62.087
2019-05-16,62.087,63.452,62.062,63.106
2019-05-17,63.106,63.616,62.529,62.73
2019-05-20,62.73,63.798,62.444,63.127
2019-05-21,63.127,63.626,62.629,62.817
2019-05-22,62.817,62.845,60.879,61.176
2019-05-23,61.176,61.27,57.198,58.044
2019-05-24,58.044,58.971,57.376,58.882
2019-05-27,58.882,59.147,58.018,59.14
2019-05-28,59.14,59.451,58.513,58.961
2019-05-29,58.961,59.023,56.781,58.958
2019-05-30,58.958,59.589,56.237,56.32
2019-05-31,56.32,56.508,52.978,53.252
2019-06-03,53.252,54.54,52.048,52.779
2019-06-04,52.779,53.703,52.354,52.855
2019-06-05,52.855,53.336,50.542,51.641
2019-06-06,51.641,53.233,51.115,53.037
2019-06-07,53.037,54.256,52.567,53.977
2019-06-10,53.977,54.766,53.011,53.384
2019-06-11,53.384,54.003,52.876,52.998
2019-06-12,52.998,53.006,50.691,51.049
2019-06-13,51.049,53.413,50.893,52.188
2019-06-14,52.188,52.948,51.67,52.471
2019-06-17,52.471,52.719,51.574,51.91
2019-06-18,51.91,54.306,51.485,54.068
2019-06-19,54.068,54.433,53.296,54.174
2019-06-20,54.174,57.148,54.144,56.93
2019-06-21,56.93,57.761,56.444,57.377
2019-06-24,57.377,58.029,56.559,57.572
2019-06-25,57.572,58.648,57.018,58.566
2019-06-26,58.566,59.74,58.472,59.001
2019-06-27,59.001,59.548,58.43,59.111
2019-06-28,59.111,59.624,57.591,58.033
2019-07-01,58.033,60.122,58.033,59.046
2019-07-02,59.046,59.291,55.958,56.175
2019-07-03,56.175,57.336,55.916,57.294
2019-07-04,57.294,57.437,56.349,56.661
2019-07-05,56.661,57.692,56.179,57.61
2019-07-08,57.61,58.357,57.198,57.43
2019-07-09,57.43,58.86,57.208,58.263
2019-07-10,58.263,60.449,58.263,60.19
2019-07-11,60.19,60.847,60.066,60.339
2019-07-12,60.339,60.66,59.852,60.294
2019-07-15,60.294,60.862,59.166,59.276
2019-07-16,59.276,60.02,57.05,57.467
2019-07-17,57.467,58.348,56.231,56.596
2019-07-18,56.596,57.324,54.733,55.639
2019-07-19,55.639,56.358,55.004,55.785
2019-07-22,55.785,56.92,55.723,56.156
2019-07-23,56.156,57.362,55.637,57.028
2019-07-24,57.028,57.528,55.232,55.804
2019-07-25,55.804,56.882,55.716,55.808
2019-07-26,55.808,56.467,55.589,56.091
2019-07-29,56.091,57.009,55.73,56.959
2019-07-30,56.959,58.376,56.882,58.271
2019-07-31,58.271,58.733,57.726,57.836
2019-08-01,57.836,57.917,53.53,54.417
2019-08-02,54.417,55.972,54.087,55.145
2019-08-05,55.145,55.542,54.168,54.894
2019-08-06,54.894,55.36,53.249,53.416
2019-08-07,53.416,53.716,50.479,52.248
2019-08-08,52.248,53.011,51.901,52.904
2019-08-09,52.904,54.863,52.333,54.229
2019-08-12,54.229,55.154,53.521,54.762
2019-08-13,54.762,57.437,54.188,56.68
2019-08-14,56.68,56.818,53.952,54.905
2019-08-15,54.905,55.304,53.745,54.669
2019-08-16,54.669,55.65,54.256,54.889
2019-08-19,54.889,56.345,54.825,56.147
2019-08-20,56.147,56.624,55.193,56.131
2019-08-21,56.131,57.163,55.582,55.9
2019-08-22,55.9,56.492,54.881,55.399
2019-08-23,55.399,55.626,53.27,53.947
2019-08-26,53.947,55.285,52.995,53.814
2019-08-27,53.814,55.737,53.716,55.724
2019-08-28,55.724,56.759,55.369,55.936
2019-08-29,55.936,56.916,55.456,56.628
2019-08-30,56.628,56.745,54.574,55.152
2019-09-02,55.152,55.252,54.359,54.829
2019-09-03,54.829,55.051,52.85,53.948
2019-09-04,53.948,56.6,53.85,56.002
2019-09-05,56.002,57.769,55.769,56.202
2019-09-06,56.202,56.958,54.838,56.661
2019-09-09,56.661,58.176,56.588,58.053
2019-09-10,58.053,58.77,57.204,57.892
2019-09-11,57.892,58.304,55.613,55.946
2019-09-12,55.946,56.353,54.012,55.072
2019-09-13,55.072,55.692,54.442,54.839
2019-09-16,54.839,63.379,54.839,61.857
2019-09-17,61.857,62.589,58.47,58.765
2019-09-18,58.765,59.428,57.721,58.339
2019-09-19,58.339,59.626,58.164,58.783
2019-09-20,58.783,59.382,58.058,58.513
2019-09-23,58.513,59.261,57.501,58.606
2019-09-24,58.606,58.615,56.803,56.951
2019-09-25,56.951,57.128,55.733,56.736
2019-09-26,56.736,56.942,55.519,56.652
2019-09-27,56.652,56.857,54.854,56.242
2019-09-30,56.242,56.502,54.07,54.283
2019-10-01,54.283,54.919,53.135,54.048
2019-10-02,54.048,54.495,52.25,52.542
2019-10-03,52.542,52.99,51.065,52.348
2019-10-04,52.348,53.415,52.112,53.05
2019-10-07,53.05,54.114,52.644,52.839
2019-10-08,52.839,53.321,51.868,52.642
2019-10-09,52.642,53.786,52.365,52.704
2019-10-10,52.704,54.011,51.452,53.931
2019-10-11,53.931,54.968,53.688,54.928
2019-10-14,54.928,54.928,52.806,53.508
2019-10-15,53.508,53.813,52.423,52.949
2019-10-16,52.949,53.759,52.539,53
2019-10-17,53,54.171,52.645,54.097
2019-10-18,54.097,54.612,53.357,53.735
2019-10-21,53.735,54.093,52.785,53.562
2019-10-22,53.562,54.735,53.156,54.281
2019-10-23,54.281,56.006,53.548,55.814
2019-10-24,55.814,56.448,55.346,56.021
2019-10-25,56.021,56.68,55.541,56.583
2019-10-28,56.583,56.867,55.528,55.701
2019-10-29,55.701,55.851,54.551,55.454
2019-10-30,55.454,55.683,54.374,54.854
2019-10-31,54.854,55.535,53.667,54.087
2019-11-01,54.087,56.278,54.018,56.118
2019-11-04,56.118,57.384,55.794,56.528
2019-11-05,56.528,57.457,56.256,57.217
2019-11-06,57.217,57.809,56.08,56.36
2019-11-07,56.36,57.841,56.241,57.052
2019-11-08,57.052,57.445,55.735,57.407
2019-11-11,57.407,57.407,56.227,56.895
2019-11-12,56.895,57.524,56.525,56.775
2019-11-13,56.775,57.507,56.187,57.357
2019-11-14,57.357,57.769,56.62,56.873
2019-11-15,56.873,57.962,56.421,57.872
2019-11-18,57.872,58.078,56.54,56.85
2019-11-19,56.85,57.109,55.085,55.178
2019-11-20,55.178,57.294,54.777,57.013
2019-11-21,57.013,58.586,56.527,58.249
2019-11-22,58.249,58.658,57.43,57.852
2019-11-25,57.852,58.077,57.148,57.85
2019-11-26,57.85,58.499,57.699,58.257
2019-11-27,58.257,58.611,57.453,58.075
2019-11-28,58.075,58.235,57.575,58.223
2019-11-29,58.223,58.223,54.971,55.403
2019-12-02,55.403,56.626,55.403,55.918
2019-12-03,55.918,56.75,55.31,56.243
2019-12-04,56.243,58.611,56.232,58.312
2019-12-05,58.312,59.073,58.054,58.284
2019-12-06,58.284,59.805,57.666,59.114
2019-12-09,59.114,59.214,58.204,58.877
2019-12-10,58.877,59.487,58.497,59.08
2019-12-11,59.08,59.189,58.09,58.818
2019-12-12,58.818,59.692,58.732,59.195
2019-12-13,59.195,60.454,59.195,59.768
2019-12-16,59.768,60.333,59.741,60.187
2019-12-17,60.187,61.006,60.016,60.546
2019-12-18,60.546,61.145,60.285,60.847
2019-12-19,60.847,61.434,60.734,61.104
2019-12-20,61.104,61.233,60.062,60.41
2019-12-23,60.41,60.799,60.139,60.676
2019-12-24,60.676,61.188,60.508,61.178
2019-12-26,61.178,61.856,61.096,61.768
2019-12-27,61.768,61.995,61.265,61.717
2019-12-30,61.717,62.362,61.121,61.691
2019-12-31,61.691,61.91,60.65,61.23
2020-01-02,61.23,61.539,60.667,61.187
2020-01-03,61.187,64.108,61.147,63.054
2020-01-06,63.054,64.745,62.663,62.866
2020-01-07,62.866,63.163,62.132,62.729
2020-01-08,62.729,65.66,59.16,59.977
2020-01-09,59.977,60.32,58.679,59.606
2020-01-10,59.606,59.788,58.858,59.14
2020-01-13,59.14,59.275,57.924,58.086
2020-01-14,58.086,58.723,57.733,58.156
2020-01-15,58.156,58.393,57.404,58.116
2020-01-16,58.116,58.864,57.591,58.604
2020-01-17,58.604,58.984,58.304,58.804
2020-01-20,58.804,59.73,58.555,58.705
2020-01-21,58.705,58.865,57.705,58.245
2020-01-22,58.245,58.365,56.056,56.126
2020-01-23,56.126,56.256,54.767,55.689
2020-01-24,55.689,55.947,53.852,54.164
2020-01-27,54.164,54.164,52.138,52.798
2020-01-28,52.798,54.048,52.668,53.951
2020-01-29,53.951,54.358,52.809,53.086
2020-01-30,53.086,53.189,51.659,52.944
2020-01-31,52.944,53.349,50.969,51.589
2020-02-03,51.589,51.96,49.8,49.898
2020-02-04,49.898,51.55,49.313,49.436
2020-02-05,49.436,51.871,49.436,51.198
2020-02-06,51.198,52.183,50.231,51.091
2020-02-07,51.091,51.468,50.081,50.346
2020-02-10,50.346,50.482,49.422,49.655
2020-02-11,49.655,50.682,49.62,49.915
2020-02-12,49.915,51.723,49.915,51.665
2020-02-13,51.665,51.953,50.603,51.523
2020-02-14,51.523,52.323,51.323,52.208
2020-02-17,52.208,52.389,51.814,52.322
2020-02-18,52.322,52.322,50.905,52.11
2020-02-19,52.11,53.613,51.917,53.464
2020-02-20,53.464,54.401,53.199,53.463
2020-02-21,53.463,53.603,52.324,53.197
2020-02-24,53.197,53.197,50.248,51.145
2020-02-25,51.145,51.816,49.509,49.883
2020-02-26,49.883,50.252,48.131,48.436
2020-02-27,48.436,48.586,45.726,46.196
2020-02-28,46.196,46.864,43.71,45.117
2020-03-02,45.117,47.416,43.486,47.375
2020-03-03,47.375,48.52,46.359,46.988
2020-03-04,46.988,48.29,46.54,47.09
2020-03-05,47.09,47.458,45.548,45.913
2020-03-06,45.913,46.268,40.965,41.522
2020-03-09,41.522,41.522,27.295,30.093
2020-03-10,30.093,34.96,30.093,34.751
2020-03-11,34.751,36.284,32.511,33.091
2020-03-12,33.091,33.588,29.986,30.956
2020-03-13,30.956,33.921,30.297,32.862
2020-03-16,32.862,32.862,28.131,28.529
2020-03-17,28.529,30.217,26.727,26.885
2020-03-18,26.885,27.251,20.275,22.573
2020-03-19,22.573,27.951,21.513,25.398
2020-03-20,25.398,28.155,22.141,23.355
2020-03-23,23.355,23.823,20.586,23.578
2020-03-24,23.578,24.909,22.861,24.121
2020-03-25,24.121,24.972,22.692,24.095
2020-03-26,24.095,24.416,22.169,22.95
2020-03-27,22.95,23.2,20.698,21.637
2020-03-30,21.637,21.637,19.121,20.083
2020-03-31,20.083,21.728,19.858,20.009
2020-04-01,20.009,21.391,19.771,21.017
2020-04-02,21.017,27.162,20.618,24.594
2020-04-03,24.594,28.937,23.361,28.6
2020-04-06,28.6,28.6,25.295,26.144
2020-04-07,26.144,27.094,23.426,24.066
2020-04-08,24.066,26.315,23.634,26.073
2020-04-09,26.073,28.218,22.487,23.123
2020-04-13,23.123,24.487,21.969,22.383
2020-04-14,22.383,22.92,20.952,21.446
2020-04-15,21.446,21.661,19.992,20.444
2020-04-16,20.444,20.955,19.44,20.268
2020-04-17,20.268,20.924,19.3,19.776
2020-04-20,19.776,19.876,16.22,17.112
2020-04-21,17.112,18.169,11.104,12.839
2020-04-22,12.839,14.712,11.208,13.514
2020-04-23,13.514,15.177,13.13,14.177
2020-04-24,14.177,14.958,13.564,13.934
2020-04-27,13.934,14.162,11.885,12.219
2020-04-28,12.219,13.197,11.621,12.089
2020-04-29,12.089,13.783,11.726,13.02
2020-04-30,13.02,15.221,13.02,15.038
2020-05-01,15.038,15.918,14.316,15.369
2020-05-04,15.369,16.718,14.572,16.531
2020-05-05,16.531,19.368,16.446,19.234
2020-05-06,19.234,19.828,17.493,18.258
2020-05-07,18.258,19.919,17.516,17.836
2020-05-08,17.836,18.996,17.773,18.824
2020-05-11,18.824,19.71,18.323,18.752
2020-05-12,18.752,19.975,18.623,19.287
2020-05-13,19.287,20.184,18.926,19.454
2020-05-14,19.454,21.341,19.213,21.113
2020-05-15,21.113,22.691,20.832,22.624
2020-05-18,22.624,25.685,22.624,25.162
2020-05-19,25.162,25.609,24.26,24.999
2020-05-20,24.999,26.631,24.745,26.447
2020-05-21,26.447,27.469,26.328,27.003
2020-05-22,27.003,27.046,24.457,26.732
2020-05-25,26.732,27.911,26.385,27.538
2020-05-26,27.538,28.601,27.458,28.108
2020-05-27,28.108,28.331,26.369,26.714
2020-05-28,26.714,28.554,25.854,28.139
2020-05-29,28.139,30.082,27.147,29.797
2020-06-01,29.797,30.725,29.406,30.632
2020-06-02,30.632,32.098,30.377,31.943
2020-06-03,31.943,33.152,31.22,31.992
2020-06-04,31.992,33.026,31.797,32.772
2020-06-05,32.772,35.081,32.598,34.548
2020-06-08,34.548,36.34,34.283,34.53
2020-06-09,34.53,35.585,33.648,34.965
2020-06-10,34.965,36.579,34.512,35.843
2020-06-11,35.843,35.843,32.678,33.406
2020-06-12,33.406,34.346,31.895,33.975
2020-06-15,33.975,35.396,32.53,35.276
2020-06-16,35.276,37.332,34.642,36.304
2020-06-17,36.304,37.24,35.707,36.386
2020-06-18,36.386,37.545,35.821,37.394
2020-06-19,37.394,38.957,36.965,37.912
2020-06-22,37.912,39.286,37.686,39.137
2020-06-23,39.137,40.145,38.32,38.603
2020-06-24,38.603,39.133,36.036,36.776
2020-06-25,36.776,37.942,35.849,37.792
2020-06-26,37.792,38.083,36.586,37.012
2020-06-29,37.012,38.772,36.454,38.518
2020-06-30,38.518,39.007,37.812,38.708
2020-07-01,38.708,39.528,38.053,38.709
2020-07-02,38.709,39.763,38.481,39.327
2020-07-03,39.327,39.534,38.927,39.391
2020-07-06,39.391,40.267,39.37,39.825
2020-07-07,39.825,40.209,39.167,39.724
2020-07-08,39.724,40.396,39.597,40.192
2020-07-09,40.192,40.318,38.658,38.968
2020-07-10,38.968,40.19,37.974,40.014
2020-07-13,40.014,40.29,39.094,39.185
2020-07-14,39.185,40.193,38.702,40.105
2020-07-15,40.105,40.934,39.762,40.672
2020-07-16,40.672,40.881,40.243,40.447
2020-07-17,40.447,40.604,39.754,40.321
2020-07-20,40.321,40.625,39.583,40.409
2020-07-21,40.409,42.101,40.35,41.139
2020-07-22,41.139,41.634,40.765,41.494
2020-07-23,41.494,41.984,40.475,40.675
2020-07-24,40.675,41.306,40.308,40.982
2020-07-27,40.982,41.499,40.177,41.339
2020-07-28,41.339,41.612,40.557,40.788
2020-07-29,40.788,41.275,40.634,41
2020-07-30,41,41.108,38.471,40.059
2020-07-31,40.059,40.278,39.408,40.176
2020-08-03,40.176,41.013,39.367,40.535
2020-08-04,40.535,41.867,39.929,41.316
2020-08-05,41.316,43.305,41.262,42.006
2020-08-06,42.006,42.46,41.425,41.77
2020-08-07,41.77,42.029,40.895,41.405
2020-08-10,41.405,42.188,41.088,41.85
2020-08-11,41.85,42.809,41.367,41.502
2020-08-12,41.502,42.786,41.419,42.445
2020-08-13,42.445,42.744,41.99,42.252
2020-08-14,42.252,42.483,41.535,42.133
2020-08-17,42.133,42.918,41.761,42.764
2020-08-18,42.764,42.951,42.084,42.432
2020-08-19,42.432,42.9,42.245,42.644
2020-08-20,42.644,42.66,41.35,42.455
2020-08-21,42.455,42.656,41.171,41.972
2020-08-24,41.972,42.617,41.968,42.128
2020-08-25,42.128,43.302,42.083,43.136
2020-08-26,43.136,43.518,42.754,43.168
2020-08-27,43.168,43.245,42.128,42.772
2020-08-28,42.772,43.181,42.458,42.733
2020-08-31,42.733,43.357,42.354,42.614
2020-09-01,42.614,43.238,42.533,42.803
2020-09-02,42.803,43.015,41.048,41.408
2020-09-03,41.408,41.608,40.059,41.108
2020-09-04,41.108,41.71,39.203,39.328
2020-09-07,39.328,39.442,38.429,38.966
2020-09-08,38.966,39.2,36.015,36.725
2020-09-09,36.725,38.337,36.062,37.675
2020-09-10,37.675,38.072,36.84,36.907
2020-09-11,36.907,37.724,36.586,37.282
2020-09-14,37.282,37.605,36.76,37.191
2020-09-15,37.191,38.506,37.001,38.343
2020-09-16,38.343,40.293,38.309,40.113
2020-09-17,40.113,41.179,39.38,40.931
2020-09-18,40.931,41.444,40.267,40.926
2020-09-21,40.926,41.249,38.658,39.599
2020-09-22,39.599,40.047,38.984,39.542
2020-09-23,39.542,40.533,39.055,39.383
2020-09-24,39.383,40.163,38.926,39.985
2020-09-25,39.985,40.43,39.523,39.858
2020-09-28,39.858,40.623,39.605,40.404
2020-09-29,40.404,40.525,38.259,38.943
2020-09-30,38.943,40.207,38.533,39.7
2020-10-01,39.7,40.303,37.477,38.437
2020-10-02,38.437,38.507,36.506,36.84
2020-10-05,36.84,39.594,36.84,39.232
2020-10-06,39.232,40.745,38.994,39.723
2020-10-07,39.723,40.24,39.176,39.935
2020-10-08,39.935,41.239,39.657,41.17
2020-10-09,41.17,41.37,40.299,40.46
2020-10-12,40.46,40.46,38.983,39.437
2020-10-13,39.437,40.469,39.298,40.136
2020-10-14,40.136,41.108,39.776,41.063
2020-10-15,41.063,41.248,39.188,40.86
2020-10-16,40.86,40.965,40.018,40.683
2020-10-19,40.683,41.148,40.475,40.629
2020-10-20,40.629,41.596,40.174,40.937
2020-10-21,40.937,41.299,39.509,39.72
2020-10-22,39.72,40.737,39.444,40.342
2020-10-23,40.342,40.648,39.319,39.467
2020-10-26,39.467,39.488,38.063,38.376
2020-10-27,38.376,39.604,38.292,38.72
2020-10-28,38.72,38.8,36.778,37.175
2020-10-29,37.175,37.559,34.746,35.92
2020-10-30,35.92,36.412,35.037,35.587
2020-11-02,35.587,36.991,33.501,36.934
2020-11-03,36.934,38.163,36.427,37.991
2020-11-04,37.991,39.1,37.113,38.991
2020-11-05,38.991,39.217,38.139,38.39
2020-11-06,38.39,38.45,36.944,37.347
2020-11-09,37.347,41.217,37.068,39.737
2020-11-10,39.737,41.736,39.319,41.699
2020-11-11,41.699,42.966,41.228,41.329
2020-11-12,41.329,42.105,40.794,40.855
2020-11-13,40.855,40.86,40.01,40.068
2020-11-16,40.068,42.053,40.068,41.429
2020-11-17,41.429,41.655,40.536,41.347
2020-11-18,41.347,42.432,41.057,41.563
2020-11-19,41.563,41.912,41.027,41.657
2020-11-20,41.657,42.3,41.379,42.219
2020-11-23,42.219,43.13,42.078,42.637
2020-11-24,42.637,44.976,42.625,44.59
2020-11-25,44.59,46.038,44.521,45.643
2020-11-26,45.643,45.874,44.525,44.784
2020-11-27,44.784,45.504,44.36,45.335
2020-11-30,45.335,45.631,44.254,44.897
2020-12-01,44.897,45.528,43.966,44.239
2020-12-02,44.239,45.758,43.763,44.798
2020-12-03,44.798,45.687,44.515,45.489
2020-12-04,45.489,46.529,45.474,45.958
2020-12-07,45.958,46.428,45.238,45.521
2020-12-08,45.521,45.814,45.036,45.495
2020-12-09,45.495,46.142,44.853,45.593
2020-12-10,45.593,47.639,45.436,46.878
2020-12-11,46.878,47.201,46.273,46.467
2020-12-14,46.467,47.373,45.644,46.966
2020-12-15,46.966,47.682,46.493,47.544
2020-12-16,47.544,47.891,47.131,47.847
2020-12-17,47.847,48.555,47.766,48.344
2020-12-18,48.344,49.201,48.043,49.023
2020-12-21,49.023,49.023,46.062,47.661
2020-12-22,47.661,47.769,46.416,46.605
2020-12-23,46.605,48.308,45.974,47.881
2020-12-24,47.881,48.431,47.387,48.126
2020-12-28,48.126,48.808,47.352,47.545
2020-12-29,47.545,48.197,47.538,47.948
2020-12-30,47.948,48.514,47.466,48.174
2020-12-31,48.174,48.441,47.642,48.295
2021-01-04,48.295,49.712,47.071,47.249
2021-01-05,47.249,50.091,47.147,49.703
2021-01-06,49.703,50.836,49.38,50.418
2021-01-07,50.418,51.179,50.299,50.834
2021-01-08,50.834,52.658,50.726,52.623
2021-01-11,52.623,52.633,51.439,52.111
2021-01-12,52.111,53.376,52.011,53.227
2021-01-13,53.227,53.868,52.532,52.812
2021-01-14,52.812,53.698,52.2,53.676
2021-01-15,53.676,53.791,51.798,52.031
2021-01-18,52.031,52.523,51.734,52.052
2021-01-19,52.052,53.105,52.052,52.946
2021-01-20,52.946,53.751,52.759,52.881
2021-01-21,52.881,53.33,52.67,52.951
2021-01-22,52.951,53.081,51.364,51.919
2021-01-25,51.919,52.877,51.751,52.81
2021-01-26,52.81,53.178,52.232,52.693
2021-01-27,52.693,53.234,51.785,52.575
2021-01-28,52.575,53.508,51.993,52.038
2021-01-29,52.038,53.188,51.879,52.073
2021-02-01,52.073,53.685,51.598,53.486
2021-02-02,53.486,55.206,53.416,54.987
2021-02-03,54.987,56.278,54.757,55.898
2021-02-04,55.898,56.54,55.251,56.425
2021-02-05,56.425,57.242,56.425,57.045
2021-02-08,57.045,58.109,56.973,58.059
2021-02-09,58.059,58.58,57.232,58.364
2021-02-10,58.364,58.873,58.054,58.364
2021-02-11,58.364,58.676,57.807,57.882
2021-02-12,57.882,59.786,57.381,59.676
2021-02-15,59.676,60.924,59.676,60.096
2021-02-16,60.096,60.307,59.319,60.127
2021-02-17,60.127,61.711,59.421,61.706
2021-02-18,61.706,62.249,59.829,60.296
2021-02-19,60.296,60.336,58.615,59.043
2021-02-22,59.043,62.231,58.856,62.209
2021-02-23,62.209,63.014,60.693,61.215
2021-02-24,61.215,63.523,60.983,63.48
2021-02-25,63.48,63.83,62.662,63.49
2021-02-26,63.49,63.587,61.361,61.639
2021-03-01,61.639,62.93,59.979,60.231
2021-03-02,60.231,61.229,59.393,59.485
2021-03-03,59.485,62.008,59.258,61.07
2021-03-04,61.07,64.87,60.542,64.03
2021-03-05,64.03,66.425,63.83,66.272
2021-03-08,66.272,67.986,64.585,64.685
2021-03-09,64.685,65.985,63.654,63.819
2021-03-10,63.819,64.964,63.149,64.698
2021-03-11,64.698,66.213,64.553,65.92
2021-03-12,65.92,66.233,65.42,65.58
2021-03-15,65.58,66.408,64.143,65.29
2021-03-16,65.29,65.43,63.809,64.957
2021-03-17,64.957,65.339,63.599,64.431
2021-03-18,64.431,64.849,58.273,59.56
2021-03-19,59.56,61.762,58.984,61.455
2021-03-22,61.455,62.005,60.326,61.251
2021-03-23,61.251,61.321,57.231,57.376
2021-03-24,57.376,61.308,57.269,60.821
2021-03-25,60.821,60.838,57.41,58.32
2021-03-26,58.32,61.33,58.3,60.717
2021-03-29,60.717,61.742,59.393,61.583
2021-03-30,61.583,62.243,59.924,60.379
2021-03-31,60.379,61.154,58.836,59.418
2021-04-01,59.418,61.726,58.856,61.243
2021-04-05,61.243,61.389,57.613,58.781
2021-04-06,58.781,60.881,58.613,59.186
2021-04-07,59.186,60.029,58.102,59.547
2021-04-08,59.547,59.923,58.813,59.776
2021-04-09,59.776,59.928,59.104,59.317
2021-04-12,59.317,60.757,58.717,59.622
2021-04-13,59.622,60.588,59.622,60.453
2021-04-14,60.453,63.429,60.371,62.739
2021-04-15,62.739,63.542,62.532,63.307
2021-04-16,63.307,63.862,62.814,63.052
2021-04-19,63.052,63.629,62.61,63.47
2021-04-20,63.47,64.32,61.434,62.341
2021-04-21,62.341,62.504,60.806,61.027
2021-04-22,61.027,61.815,60.558,61.598
2021-04-23,61.598,62.369,61.2,61.997
2021-04-26,61.997,62.254,60.617,61.919
2021-04-27,61.919,63.247,61.861,62.972
2021-04-28,62.972,64.475,62.631,63.612
2021-04-29,63.612,65.419,63.602,64.83
2021-04-30,64.83,64.91,63.043,63.431
2021-05-03,63.431,64.638,62.889,64.464
2021-05-04,64.464,66.15,64.26,66.093
2021-05-05,66.093,66.719,64.893,65.273
2021-05-06,65.273,65.943,64.475,64.828
2021-05-07,64.828,65.206,63.877,64.81
2021-05-10,64.81,65.719,63.923,64.849
2021-05-11,64.849,65.455,63.665,65.418
2021-05-12,65.418,66.607,64.946,65.698
2021-05-13,65.698,65.798,63.073,63.763
2021-05-14,63.763,65.582,63.321,65.499
2021-05-17,65.499,66.418,64.828,66.378
2021-05-18,66.378,66.999,64.11,65.233
2021-05-19,65.233,65.32,61.942,63.331
2021-05-20,63.331,63.921,61.655,61.77
2021-05-21,61.77,64.042,61.536,63.828
2021-05-24,63.828,66.114,63.609,66.009
2021-05-25,66.009,66.494,65.385,65.977
2021-05-26,65.977,66.405,65.228,66.115
2021-05-27,66.115,66.896,65.446,66.846
2021-05-28,66.846,67.496,66.157,66.622
2021-05-31,66.622,67.386,66.391,66.894
2021-06-01,66.894,68.856,66.874,67.992
2021-06-02,67.992,68.98,67.76,68.753
2021-06-03,68.753,69.38,68.171,68.918
2021-06-04,68.918,69.741,68.321,69.389
2021-06-07,69.389,69.983,68.923,69.211
2021-06-08,69.211,70.264,68.454,70.009
2021-06-09,70.009,70.614,69.445,69.748
2021-06-10,69.748,70.635,68.676,70.086
2021-06-11,70.086,71.226,69.666,70.811
2021-06-14,70.811,71.778,70.719,71.189
2021-06-15,71.189,72.479,70.799,72.452
2021-06-16,72.452,72.98,71.61,71.638
2021-06-17,71.638,72.301,69.771,71.048
2021-06-18,71.048,72.167,70.152,71.412
2021-06-21,71.412,73.591,71.083,73.394
2021-06-22,73.394,73.773,72.77,73.398
2021-06-23,73.398,74.545,73.116,73.566
2021-06-24,73.566,73.894,72.607,73.608
2021-06-25,73.608,74.452,73.13,74.279
2021-06-28,74.279,74.697,72.863,72.977
2021-06-29,72.977,74.048,72.204,73.684
2021-06-30,73.684,74.363,73.039,73.68
2021-07-01,73.68,76.44,73.601,75.176
2021-07-02,75.176,75.82,74.617,75.318
2021-07-05,75.318,76.552,74.93,76.494
2021-07-06,76.494,77.141,73.098,73.958
2021-07-07,73.958,75.013,71.22,72.264
2021-07-08,72.264,73.385,70.896,73.385
2021-07-09,73.385,74.879,72.852,74.754
2021-07-12,74.754,75.022,73.256,74.263
2021-07-13,74.263,75.59,73.755,75.323
2021-07-14,75.323,75.516,72.301,72.982
2021-07-15,72.982,73.019,71.474,71.528
2021-07-16,71.528,72.341,70.45,71.498
2021-07-19,71.498,71.691,65.815,66.798
2021-07-20,66.798,67.862,65.271,66.667
2021-07-21,66.667,70.768,66.667,70.5
2021-07-22,70.5,72.284,70.111,71.972
2021-07-23,71.972,72.442,71.644,72.44
2021-07-26,72.44,72.657,70.797,72.408
2021-07-27,72.408,72.546,71.29,72.108
2021-07-28,72.108,72.805,71.912,72.596
2021-07-29,72.596,73.876,72.469,73.609
2021-07-30,73.609,74.428,73.13,73.964
2021-08-02,73.964,74.098,70.714,71.639
2021-08-03,71.639,72.1,69.343,70.362
2021-08-04,70.362,70.947,67.99,68.159
2021-08-05,68.159,69.485,67.738,69.233
2021-08-06,69.233,70.304,67.927,67.98
2021-08-09,67.98,67.98,65.237,66.906
2021-08-10,66.906,68.982,66.654,68.59
2021-08-11,68.59,69.523,66.742,69.447
2021-08-12,69.447,69.698,68.525,68.983
2021-08-13,68.983,69.278,67.834,68.094
2021-08-16,68.094,68.307,65.77,67.501
2021-08-17,67.501,67.742,66.361,66.575
2021-08-18,66.575,67.505,64.434,64.527
2021-08-19,64.527,64.843,62.671,63.942
2021-08-20,63.942,64.292,62.069,62.112
2021-08-23,62.112,66.233,62.016,65.775
2021-08-24,65.775,68.03,65.648,67.891
2021-08-25,67.891,68.764,67.152,68.222
2021-08-26,68.222,68.526,67.237,67.995
2021-08-27,67.995,69.261,67.733,68.892
2021-08-30,68.892,69.822,67.863,69.318
2021-08-31,69.318,69.52,68.362,68.69
2021-09-01,68.69,69.411,67.293,68.398
2021-09-02,68.398,70.773,68.021,69.939
2021-09-03,69.939,70.692,69.259,69.264
2021-09-06,69.264,69.608,68.389,69.041
2021-09-07,69.041,69.54,67.755,68.523
2021-09-08,68.523,69.86,68.433,69.504
2021-09-09,69.504,69.992,67.666,67.996
2021-09-10,67.996,70.053,67.784,69.772
2021-09-13,69.772,71.038,69.592,70.735
2021-09-14,70.735,71.274,70.049,70.839
2021-09-15,70.839,73.192,70.716,72.661
2021-09-16,72.661,73.044,71.582,72.63
2021-09-17,72.63,72.759,71.253,72.027
2021-09-20,72.027,72.139,69.916,70.603
2021-09-21,70.603,71.678,69.59,71.042
2021-09-22,71.042,72.49,70.843,72.189
2021-09-23,72.189,73.687,71.803,73.415
2021-09-24,73.415,74.451,72.989,74.162
2021-09-27,74.162,75.913,74.162,75.571
2021-09-28,75.571,76.841,74.407,74.494
2021-09-29,74.494,75.94,73.888,74.901
2021-09-30,74.901,76.222,73.278,75.272
2021-10-01,75.272,76.134,74.364,75.861
2021-10-04,75.861,78.498,75.435,77.722
2021-10-05,77.722,79.591,77.583,79.199
2021-10-06,79.199,79.887,76.934,77.038
2021-10-07,77.038,78.984,75.062,78.953
2021-10-08,78.953,80.209,78.732,79.689
2021-10-11,79.689,82.249,79.689,80.545
2021-10-12,80.545,81.68,79.529,80.617
2021-10-13,80.617,81.093,79.471,80.669
2021-10-14,80.669,81.725,80.423,81.475
2021-10-15,81.475,82.685,81.431,82.672
2021-10-18,82.672,83.892,81.786,82.107
2021-10-19,82.107,83.562,81.641,83.035
2021-10-20,83.035,84.214,81.321,84.134
2021-10-21,84.134,84.508,81.321,83.174
2021-10-22,83.174,84.741,82.286,84.512
2021-10-25,84.512,85.896,83.851,84.171
2021-10-26,84.171,85.328,83.427,84.897
2021-10-27,84.897,84.954,82.435,82.476
2021-10-28,82.476,83.624,81.019,83.47
2021-10-29,83.47,84.129,81.802,83.604
2021-11-01,83.604,85.231,83.094,84.191
2021-11-02,84.191,84.741,83.233,83.287
2021-11-03,83.287,83.369,79.983,80.391
2021-11-04,80.391,83.7,78.519,79.613
2021-11-05,79.613,82.053,79.222,81.448
2021-11-08,81.448,82.875,81.448,82.406
2021-11-09,82.406,84.813,81.971,84.728
2021-11-10,84.728,85.153,80.968,81.453
2021-11-11,81.453,82.487,80.355,81.339
2021-11-12,81.339,81.746,79.916,80.811
2021-11-15,80.811,81.289,79.381,81.017
2021-11-16,81.017,81.871,80.083,80.659
2021-11-17,80.659,80.738,77.7,78.237
2021-11-18,78.237,79.555,77.193,79.057
2021-11-19,79.057,80.081,75.798,76.394
2021-11-22,76.394,77.808,75.773,77.127
2021-11-23,77.127,79.507,75.919,79.145
2021-11-24,79.145,79.85,78.6,78.935
2021-11-25,78.935,79.255,78.359,78.634
2021-11-26,78.634,78.755,67.894,68.698
2021-11-29,68.698,73.391,68.698,70.501
2021-11-30,70.501,71.651,64.819,67.376
2021-12-01,67.376,69.9,65.215,66.029
2021-12-02,66.029,67.844,62.778,67.733
2021-12-03,67.733,69.574,65.94,66.582
2021-12-06,66.582,70.441,66.582,70.308
2021-12-07,70.308,73.325,69.955,72.044
2021-12-08,72.044,73.262,71.169,72.906
2021-12-09,72.906,73.594,70.618,70.842
2021-12-10,70.842,72.554,70.554,72.19
2021-12-13,72.19,73.161,70.859,71.364
2021-12-14,71.364,72.166,69.644,70.396
2021-12-15,70.396,71.768,69.498,71.577
2021-12-16,71.577,73.077,71.123,72.084
2021-12-17,72.084,72.379,70.033,70.407
2021-12-20,70.407,70.407,66.391,69.492
2021-12-21,69.492,71.822,68.825,71.556
2021-12-22,71.556,73.409,71.093,73.288
2021-12-23,73.288,74.223,72.541,74.006
2021-12-27,74.006,76.321,72.793,76.175
2021-12-28,76.175,77.152,75.765,76.25
2021-12-29,76.25,77.587,75.583,76.807
2021-12-30,76.807,77.647,75.985,76.662
2021-12-31,76.662,77.28,75.159,75.655
2022-01-03,75.655,76.624,74.441,76.162
2022-01-04,76.162,77.798,75.857,77.359
2022-01-05,77.359,78.729,76.668,77.344
2022-01-06,77.344,80.393,76.87,79.809
2022-01-07,79.809,80.615,78.658,79.077
2022-01-10,79.077,79.558,77.938,78.541
2022-01-11,78.541,81.681,78.465,81.389
2022-01-12,81.389,83.183,81.255,82.86
2022-01-13,82.86,83.019,81.469,81.754
2022-01-14,81.754,84.486,81.647,84.35
2022-01-17,84.35,84.761,83.581,84.414
2022-01-18,84.414,86.62,84.218,86.535
2022-01-19,86.535,87.422,85.615,85.64
2022-01-20,85.64,87.725,84.791,85.088
2022-01-21,85.088,86.146,83.368,85.402
2022-01-24,85.402,86.64,82.418,84.597
2022-01-25,84.597,86.221,83.49,85.661
2022-01-26,85.661,88.457,85.511,87.674
2022-01-27,87.674,89.044,86.687,87.771
2022-01-28,87.771,89.311,86.901,87.788
2022-01-31,87.788,88.813,86.747,88.56
2022-02-01,88.56,89.269,86.95,88.737
2022-02-02,88.737,90.116,87.472,88.382
2022-02-03,88.382,90.813,87.116,90.542
2022-02-04,90.542,93.53,90.436,92.289
2022-02-07,92.289,93.04,91.036,91.919
2022-02-08,91.919,91.923,88.774,90.034
2022-02-09,90.034,90.832,88.668,90.27
2022-02-10,90.27,91.985,89.26,90.281
2022-02-11,90.281,94.881,89.407,94.101
2022-02-14,94.101,95.981,92.255,94.927
2022-02-15,94.927,95.329,90.802,92.298
2022-02-16,92.298,95.142,90.121,90.756
2022-02-17,90.756,93.462,90.731,91.892
2022-02-18,91.892,92.939,89.268,92.461
2022-02-21,92.461,94.67,90.766,94.542
2022-02-22,94.542,96.663,92.666,93.25
2022-02-23,93.25,95.527,92.234,93.858
2022-02-24,93.858,102.221,92.97,94.565
2022-02-25,94.565,97.22,91.509,93.378
2022-02-28,93.378,100.288,93.378,97.221
2022-03-01,97.221,108.225,96.645,107.714
2022-03-02,107.714,113.951,106.544,112.76
2022-03-03,112.76,117.991,107.737,109.364
2022-03-04,109.364,117.349,108.518,116.345
2022-03-07,116.345,131.306,116.345,121.5
2022-03-08,121.5,130.611,118.208,125.912
2022-03-09,125.912,127.949,104.491,110.488
2022-03-10,110.488,115.768,106.334,106.639
2022-03-11,106.639,111.061,105.278,109.885
2022-03-14,109.885,109.987,100.318,102.528
2022-03-15,102.528,103.103,93.974,95.583
2022-03-16,95.583,99.626,94.438,95.703
2022-03-17,95.703,104.191,95.213,103.544
2022-03-18,103.544,106.162,102.414,104.858
2022-03-21,104.858,112.491,103.839,112.341
2022-03-22,112.341,114.794,108.448,110.08
2022-03-23,110.08,116.796,109.73,115.752
2022-03-24,115.752,118.036,111.903,112.642
2022-03-25,112.642,115.39,109.901,113.888
2022-03-28,113.888,113.888,103.858,104.457
2022-03-29,104.457,108.884,99.414,106.178
2022-03-30,106.178,109.749,105.539,108.393
2022-03-31,108.393,108.766,100.525,102.028
2022-04-01,102.028,102.546,98.606,100.28
2022-04-04,100.28,104.656,98.778,104.386
2022-04-05,104.386,106.312,100.529,101.982
2022-04-06,101.982,104.66,96.314,97.582
2022-04-07,97.582,99.386,94.341,97.681
2022-04-08,97.681,99.272,95.821,98.378
2022-04-11,98.378,98.749,93.308,95.542
2022-04-12,95.542,101.697,95.211,101.331
2022-04-13,101.331,104.782,100.203,104.477
2022-04-14,104.477,107.917,102.407,106.739
2022-04-18,106.739,109.875,106.121,107.658
2022-04-19,107.658,109.026,102.138,102.994
2022-04-20,102.994,104.576,100.473,103.039
2022-04-21,103.039,106.017,102.599,104.623
2022-04-22,104.623,104.802,101.617,102.301
2022-04-25,102.301,102.301,95.754,99.116
2022-04-26,99.116,103.269,97.523,102.221
2022-04-27,102.221,103.463,100.258,102.528
2022-04-28,102.528,106.13,100.577,105.631
2022-04-29,105.631,108.432,104.201,104.611
2022-05-02,104.611,106.282,100.634,105.459
2022-05-03,105.459,106.168,102.45,103.833
2022-05-04,103.833,108.95,103.283,107.87
2022-05-05,107.87,111.697,106.766,108.927
2022-05-06,108.927,111.483,107.555,110.857
2022-05-09,110.857,110.857,102.355,102.589
2022-05-10,102.589,104.373,99.081,99.589
2022-05-11,99.589,106.625,98.394,105.77
2022-05-12,105.77,107.537,102.836,106.801
2022-05-13,106.801,110.788,106.461,110.29
2022-05-16,110.29,114.987,108.213,113.919
2022-05-17,113.919,115.636,111.811,113.621
2022-05-18,113.621,115.473,108.874,109.668
2022-05-19,109.668,112.975,105.914,112.044
2022-05-20,112.044,113.799,110.877,113.03
2022-05-23,113.03,114.493,111.624,113.058
2022-05-24,113.058,113.866,111.004,112.665
2022-05-25,112.665,114.049,111.533,113.034
2022-05-26,113.034,117.151,112.546,116.563
2022-05-27,116.563,117.529,115.064,117.254
2022-05-30,117.254,119.198,117.082,118.962
2022-05-31,118.962,121.955,116.008,117.115
2022-06-01,117.115,119.708,116.393,116.584
2022-06-02,116.584,119.481,112.869,119.269
2022-06-03,119.269,122.123,116.884,121.952
2022-06-06,121.952,122.485,119.014,120.787
2022-06-07,120.787,121.657,118.42,121.049
2022-06-08,121.049,124.415,120.579,123.633
2022-06-09,123.633,123.923,121.929,122.549
2022-06-10,122.549,123.816,119.352,121.522
2022-06-13,121.522,123.012,118.219,121.813
2022-06-14,121.813,124.375,117.273,119.679
2022-06-15,119.679,120.224,115.141,116.338
2022-06-16,116.338,118.428,112.781,117.35
2022-06-17,117.35,119.271,108.856,111.317
2022-06-20,111.317,111.688,109.081,111.106
2022-06-21,111.106,113.405,110.962,111.854
2022-06-22,111.854,111.927,103.534,106.344
2022-06-23,106.344,109.06,104.295,105.946
2022-06-24,105.946,110.519,105.537,109.019
2022-06-27,109.019,112.302,107.335,111.573
2022-06-28,111.573,113.933,111.319,113.553
2022-06-29,113.553,115.693,110.8,111.223
2022-06-30,111.223,112.032,106.573,107.462
2022-07-01,107.462,110.767,105.97,109.856
2022-07-04,109.856,111.999,108.492,111.822
2022-07-05,111.822,112.652,98.451,100.598
2022-07-06,100.598,103.19,96.044,99.06
2022-07-07,99.06,105.424,97.492,103.018
2022-07-08,103.018,106.113,102.393,105.645
2022-07-11,105.645,105.752,101.553,104.09
2022-07-12,104.09,104.09,95.89,96.1
2022-07-13,96.1,98.453,94.089,96.859
2022-07-14,96.859,97.444,90.952,96.853
2022-07-15,96.853,99.388,94.935,97.87
2022-07-18,97.87,102.619,96.042,101.837
2022-07-19,101.837,103.942,99.37,103.356
2022-07-20,103.356,103.582,100.968,102.646
2022-07-21,102.646,102.73,97.232,99.206
2022-07-22,99.206,100.606,96.78,97.638
2022-07-25,97.638,99.263,95.3,98.773
2022-07-26,98.773,101.326,96.999,97.707
2022-07-27,97.707,100.762,96.44,100.283
2022-07-28,100.283,101.998,98.113,99.396
2022-07-29,99.396,103.993,98.438,100.302
2022-08-01,100.302,100.44,94.109,95.752
2022-08-02,95.752,98.08,94.246,95.432
2022-08-03,95.432,98.16,91.878,92.409
2022-08-04,92.409,93.336,88.932,89.133
2022-08-05,89.133,92.09,88.31,89.814
2022-08-08,89.814,91.972,88.31,91.574
2022-08-09,91.574,93.681,90.075,91.527
2022-08-10,91.527,93.378,88.581,92.475
2022-08-11,92.475,95.949,92.147,94.87
2022-08-12,94.87,95.654,91.967,92.636
2022-08-15,92.636,92.718,87.376,88.363
2022-08-16,88.363,91.125,86.176,87.634
2022-08-17,87.634,89.554,86.288,87.671
2022-08-18,87.671,91.788,87.671,90.746
2022-08-19,90.746,92.427,88.666,90.371
2022-08-22,90.371,91.712,86.929,91.254
2022-08-23,91.254,94.883,91.138,94.429
2022-08-24,94.429,96.036,93.439,96.016
2022-08-25,96.016,96.372,92.899,93.616
2022-08-26,93.616,94.624,91.672,93.578
2022-08-29,93.578,97.904,92.846,97.484
2022-08-30,97.484,98.187,91.03,92.815
2022-08-31,92.815,93.214,88.731,89.279
2022-09-01,89.279,90.083,86.395,86.769
2022-09-02,86.769,90.06,86.768,87.592
2022-09-05,87.592,90.733,87.481,89.204
2022-09-06,89.204,89.804,86.504,87.252
2022-09-07,87.252,88.059,81.793,81.913
2022-09-08,81.913,84.504,81.451,82.981
2022-09-09,82.981,87.436,82.981,86.359
2022-09-12,86.359,89.291,85.344,88.213
2022-09-13,88.213,89.462,85.229,87.78
2022-09-14,87.78,90.326,86.328,89.11
2022-09-15,89.11,89.278,84.652,85.207
2022-09-16,85.207,86.688,84.372,85.477
2022-09-19,85.477,86.34,82.181,85.469
2022-09-20,85.469,86.568,83.443,84.736
2022-09-21,84.736,87.106,82.914,83.45
2022-09-22,83.45,86.405,82.824,83.908
2022-09-23,83.908,84.318,78.436,79.75
2022-09-26,79.75,80.637,76.571,76.571
2022-09-27,76.571,79.82,76.571,78.265
2022-09-28,78.265,82.635,76.849,82.197
2022-09-29,82.197,83.244,80.63,81.907
2022-09-30,81.907,82.833,79.418,79.991
2022-10-03,79.991,84.809,79.991,83.561
2022-10-04,83.561,87.205,83.485,86.63
2022-10-05,86.63,88.654,85.647,88.28
2022-10-06,88.28,89.268,87.263,89.137
2022-10-07,89.137,93.511,88.208,93.441
2022-10-10,93.441,93.794,90.704,90.979
2022-10-11,90.979,91.503,88.056,88.726
2022-10-12,88.726,90.198,86.4,87.219
2022-10-13,87.219,89.769,85.672,89.321
2022-10-14,89.321,89.826,85.294,85.672
2022-10-17,85.672,87.169,84.674,85.689
2022-10-18,85.689,86.542,82.117,83.624
2022-10-19,83.624,85.784,82.473,85.509
2022-10-20,85.509,87.894,84.899,85.749
2022-10-21,85.749,86.621,83.862,85.843
2022-10-24,85.843,86.532,83.288,85.539
2022-10-25,85.539,86.661,83.683,85.567
2022-10-26,85.567,89.028,84.777,88.898
2022-10-27,88.898,90.406,87.946,89.177
2022-10-28,89.177,89.35,87.66,88.948
2022-10-31,88.948,89.167,85.799,86.726
2022-11-01,86.726,89.934,86.406,89.076
2022-11-02,89.076,90.832,88.229,89.812
2022-11-03,89.812,90.125,88.052,88.402
2022-11-04,88.402,93.284,88.268,93.011
2022-11-07,93.011,94.117,90.831,92.244
2022-11-08,92.244,92.523,88.858,89.009
2022-11-09,89.009,89.519,85.786,85.94
2022-11-10,85.94,87.606,85,86.48
2022-11-11,86.48,90.365,86.469,89.13
2022-11-14,89.13,90.048,85.333,85.398
2022-11-15,85.398,88.83,84.23,86.963
2022-11-16,86.963,87.654,84.341,85.431
2022-11-17,85.431,85.554,81.842,82.494
2022-11-18,82.494,83.083,78.203,80.893
2022-11-21,80.893,81.067,75.817,80.818
2022-11-22,80.818,82.927,80.403,81.67
2022-11-23,81.67,82.507,77.348,77.942
2022-11-24,77.942,78.707,77.392,78.47
2022-11-25,78.47,80.395,76.697,77.019
2022-11-28,77.019,78.264,74.015,76.964
2022-11-29,76.964,80.015,76.711,79.314
2022-11-30,79.314,81.789,78.809,80.899
2022-12-01,80.899,83.734,80.329,81.805
2022-12-02,81.805,82.586,80.03,80.681
2022-12-05,80.681,83.037,77.069,77.65
2022-12-06,77.65,78.173,73.695,74.726
2022-12-07,74.726,75.639,72.002,72.652
2022-12-08,72.652,75.661,71.351,72.039
2022-12-09,72.039,73.132,70.309,71.777
2022-12-12,71.777,74.153,70.418,73.477
2022-12-13,73.477,76.52,73.367,75.415
2022-12-14,75.415,77.931,75.123,77.59
2022-12-15,77.59,77.988,75.587,76.548
2022-12-16,76.548,76.743,73.564,74.81
2022-12-19,74.81,76.762,74.169,75.98
2022-12-20,75.98,77.073,74.599,76.161
2022-12-21,76.161,78.741,75.938,78.555
2022-12-22,78.555,80.015,77.159,78.356
2022-12-23,78.356,80.451,78.124,79.473
2022-12-27,79.473,81.293,79.265,79.965
2022-12-28,79.965,79.985,77.413,78.974
2022-12-29,78.974,78.974,76.905,78.82
2022-12-30,78.82,80.673,77.825,80.582
2023-01-03,80.582,81.572,76.695,77.306
2023-01-04,77.306,77.485,72.807,73.277
2023-01-05,73.277,74.982,72.519,73.994
2023-01-06,73.994,75.527,73.31,73.739
2023-01-09,73.739,76.78,73.726,74.922
2023-01-10,74.922,75.969,73.89,74.723
2023-01-11,74.723,77.856,74.346,77.745
2023-01-12,77.745,79.192,77.143,78.301
2023-01-13,78.301,80.137,78.01,80.082
2023-01-16,80.082,80.218,78.554,78.884
2023-01-17,78.884,81.25,78.703,81.053
2023-01-18,81.053,82.399,78.987,79.181
2023-01-19,79.181,81.241,78.221,80.594
2023-01-20,80.594,81.668,79.677,81.479
2023-01-23,81.479,82.412,80.839,81.401
2023-01-24,81.401,82.009,79.463,80.052
2023-01-25,80.052,81.025,79.254,80.224
2023-01-26,80.224,81.94,79.733,80.92
2023-01-27,80.92,82.286,78.866,79.231
2023-01-30,79.231,80.318,77.515,77.65
2023-01-31,77.65,79.098,76.411,78.885
2023-02-01,78.885,79.577,75.916,76.556
2023-02-02,76.556,77.102,74.835,75.85
2023-02-03,75.85,77.866,72.991,73.106
2023-02-06,73.106,74.414,72.155,74.354
2023-02-07,74.354,77.492,74.255,77.487
2023-02-08,77.487,78.482,77.01,78.393
2023-02-09,78.393,78.746,76.44,77.566
2023-02-10,77.566,80.241,77.388,79.706
2023-02-13,79.706,80.555,78.385,79.132
2023-02-14,79.132,79.612,77.51,78.823
2023-02-15,78.823,79.158,77.272,78.53
2023-02-16,78.53,79.55,77.987,78.097
2023-02-17,78.097,78.298,75.139,76.417
2023-02-20,76.417,77.566,76.141,77.228
2023-02-21,77.228,77.456,75.742,76.017
2023-02-22,76.017,76.382,73.652,73.727
2023-02-23,73.727,75.833,73.673,75.505
2023-02-24,75.505,76.473,73.957,76.319
2023-02-27,76.319,76.673,74.868,75.613
2023-02-28,75.613,77.698,75.424,76.697
2023-03-01,76.697,77.716,76.016,77.606
2023-03-02,77.606,78.474,77.109,77.762
2023-03-03,77.762,79.785,75.734,79.77
2023-03-06,79.77,80.532,78.232,80.393
2023-03-07,80.393,80.843,76.977,77.107
2023-03-08,77.107,77.643,76.038,76.399
2023-03-09,76.399,77.972,75.361,75.541
2023-03-10,75.541,77.049,74.709,76.596
2023-03-13,76.596,77.407,72.259,74.644
2023-03-14,74.644,74.85,70.746,71.467
2023-03-15,71.467,72.509,65.659,68.189
2023-03-16,68.189,69.338,65.698,68.207
2023-03-17,68.207,69.641,65.259,66.357
2023-03-20,66.357,67.728,64.21,67.654
2023-03-21,67.654,69.589,66.753,69.355
2023-03-22,69.355,71.146,68.739,69.745
2023-03-23,69.745,71.51,69.011,69.306
2023-03-24,69.306,70.221,66.685,69.097
2023-03-27,69.097,72.955,68.999,72.751
2023-03-28,72.751,73.794,72.071,73.465
2023-03-29,73.465,74.238,72.647,72.672
2023-03-30,72.672,74.474,72.494,74.235
2023-03-31,74.235,75.598,73.664,75.574
2023-04-03,75.574,81.398,75.574,80.33
2023-04-04,80.33,81.693,79.511,80.921
2023-04-05,80.921,81.143,79.632,80.248
2023-04-06,80.248,80.871,79.556,80.384
2023-04-10,80.384,81.142,79.548,79.854
2023-04-11,79.854,81.533,79.323,81.414
2023-04-12,81.414,83.478,81.232,83.204
2023-04-13,83.204,83.377,82.065,82.376
2023-04-14,82.376,83.085,81.714,82.637
2023-04-17,82.637,82.685,80.473,80.958
2023-04-18,80.958,81.528,79.938,80.913
2023-04-19,80.913,81.253,78.552,79.027
2023-04-20,79.027,79.062,76.972,77.147
2023-04-21,77.147,78.392,76.737,77.967
2023-04-24,77.967,79.181,76.731,78.691
2023-04-25,78.691,79.071,76.526,77.126
2023-04-26,77.126,77.931,74.06,74.36
2023-04-27,74.36,75.28,74.04,74.825
2023-04-28,74.825,76.93,73.945,76.65
2023-05-01,76.65,76.695,74.539,75.744
2023-05-02,75.744,76.119,71.429,71.544
2023-05-03,71.544,71.779,67.964,68.129
2023-05-04,68.129,69.818,63.668,68.608
2023-05-05,68.608,71.798,68.488,71.338
2023-05-08,71.338,73.688,71.048,72.798
2023-05-09,72.798,73.783,71.348,73.528
2023-05-10,73.528,73.882,71.807,72.782
2023-05-11,72.782,73.497,70.637,71.427
2023-05-12,71.427,71.767,69.942,70.072
2023-05-15,70.072,71.686,69.411,71.306
2023-05-16,71.306,71.786,70.446,70.551
2023-05-17,70.551,73.252,70.046,72.673
2023-05-18,72.673,72.918,71.5,71.979
2023-05-19,71.979,73.509,71.141,71.841
2023-05-22,71.841,72.484,70.635,72.065
2023-05-23,72.065,73.755,71.676,73.72
2023-05-24,73.72,74.686,73.097,74.177
2023-05-25,74.177,74.327,70.974,71.774
2023-05-26,71.774,73.015,71.455,72.855
2023-05-29,72.855,73.523,72.014,72.994
2023-05-30,72.994,73.334,68.997,69.517
2023-05-31,69.517,69.653,67.009,67.559
2023-06-01,67.559,71.039,67.489,70.129
2023-06-02,70.129,72.15,69.98,71.85
2023-06-05,71.85,74.302,71.709,71.904
2023-06-06,71.904,72.305,70.106,71.421
2023-06-07,71.421,73.166,70.997,72.437
2023-06-08,72.437,73.263,69.019,70.919
2023-06-09,70.919,71.76,70.095,70.32
2023-06-12,70.32,70.32,66.791,67.33
2023-06-13,67.33,69.787,67.146,69.274
2023-06-14,69.274,70.469,68.096,68.69
2023-06-15,68.69,70.984,67.984,70.606
2023-06-16,70.606,71.857,70.015,71.483
2023-06-19,71.483,72.11,70.671,71.343
2023-06-20,71.343,72.229,69.626,70.745
2023-06-21,70.745,72.565,70.66,72.201
2023-06-22,72.201,72.508,68.802,69.412
2023-06-23,69.412,69.476,67.229,69.392
2023-06-26,69.392,69.96,68.605,69.416
2023-06-27,69.416,70.032,67.393,67.893
2023-06-28,67.893,69.624,66.947,69.031
2023-06-29,69.031,70.492,68.835,69.685
2023-06-30,69.685,70.942,69.448,70.344
2023-07-03,70.344,71.679,69.613,70.033
2023-07-04,70.033,71.261,69.82,70.942
2023-07-05,70.942,72.09,70.27,71.761
2023-07-06,71.761,72.268,70.151,71.826
2023-07-07,71.826,73.849,71.125,73.619
2023-07-10,73.619,74.098,72.659,73.165
2023-07-11,73.165,74.908,72.933,74.789
2023-07-12,74.789,76.097,74.621,75.808
2023-07-13,75.808,77.298,75.287,77.188
2023-07-14,77.188,77.259,75.083,75.239
2023-07-17,75.239,76.057,73.827,74.123
2023-07-18,74.123,75.973,73.902,75.808
2023-07-19,75.808,76.932,75.095,75.445
2023-07-20,75.445,76.224,74.583,75.773
2023-07-21,75.773,77.353,75.763,76.887
2023-07-24,76.887,79.338,76.497,78.968
2023-07-25,78.968,79.957,78.346,79.391
2023-07-26,79.391,79.825,78.608,78.983
2023-07-27,78.983,80.658,78.923,79.862
2023-07-28,79.862,80.761,79.125,80.72
2023-07-31,80.72,82.045,80.175,81.799
2023-08-01,81.799,82.262,80.647,82.202
2023-08-02,82.202,82.472,79.099,79.779
2023-08-03,79.779,81.898,78.742,81.768
2023-08-04,81.768,83.271,81.556,82.671
2023-08-07,82.671,83.331,81.569,82.514
2023-08-08,82.514,83.102,79.956,82.847
2023-08-09,82.847,84.676,82.706,84.255
2023-08-10,84.255,84.924,82.696,82.941
2023-08-11,82.941,83.784,82.363,83.026
2023-08-14,83.026,83.09,81.762,82.451
2023-08-15,82.451,82.888,80.507,81.117
2023-08-16,81.117,81.499,79.216,79.416
2023-08-17,79.416,81.126,79.112,80.091
2023-08-18,80.091,81.461,79.522,81.248
2023-08-21,81.248,82.204,80.42,80.649
2023-08-22,80.649,80.815,79.897,80.076
2023-08-23,80.076,80.334,78.035,78.966
2023-08-24,78.966,79.676,77.991,79.263
2023-08-25,79.263,80.83,78.542,80.403
2023-08-28,80.403,81.212,79.963,80.328
2023-08-29,80.328,81.734,79.695,81.639
2023-08-30,81.639,82.371,81.205,82.03
2023-08-31,82.03,83.994,81.801,83.897
2023-09-01,83.897,86.36,83.776,86.315
2023-09-04,86.315,86.395,85.538,86.233
2023-09-05,86.233,88.29,85.265,86.973
2023-09-06,86.973,88.312,86.158,87.804
2023-09-07,87.804,87.966,86.597,86.98
2023-09-08,86.98,88.145,86.364,87.42
2023-09-11,87.42,88.298,86.875,87.472
2023-09-12,87.472,89.496,87.358,88.907
2023-09-13,88.907,89.766,88.407,88.981
2023-09-14,88.981,90.9,88.799,90.83
2023-09-15,90.83,91.262,89.325,91.097
2023-09-18,91.097,91.999,90.532,91.617
2023-09-19,91.617,93.054,90.93,91.3
2023-09-20,91.3,91.658,89.554,89.811
2023-09-21,89.811,91.564,88.941,90.119
2023-09-22,90.119,91.881,89.861,90.884
2023-09-25,90.884,91.328,89.518,90.368
2023-09-26,90.368,91.196,88.665,91.016
2023-09-27,91.016,94.637,90.89,94.162
2023-09-28,94.162,95.501,91.833,92.243
2023-09-29,92.243,93.522,90.774,91.178
2023-10-02,91.178,92.242,88.807,88.976
2023-10-03,88.976,90.602,88.103,89.765
2023-10-04,89.765,89.912,84.459,84.743
2023-10-05,84.743,85.202,82.424,82.813
2023-10-06,82.813,83.521,81.769,83.076
2023-10-09,83.076,87.459,83.076,86.557
2023-10-10,86.557,86.856,85.261,86.036
2023-10-11,86.036,86.589,83.426,83.717
2023-10-12,83.717,85.547,83.055,84.041
2023-10-13,84.041,88.309,83.916,88.182
2023-10-16,88.182,88.625,86.644,87.284
2023-10-17,87.284,88.042,85.965,87.991
2023-10-18,87.991,90.187,87.828,88.704
2023-10-19,88.704,91.106,86.995,90.743
2023-10-20,90.743,91.405,89.038,89.831
2023-10-23,89.831,89.831,86.676,87.42
2023-10-24,87.42,87.608,84.191,84.903
2023-10-25,84.903,86.783,83.276,86.522
2023-10-26,86.522,86.809,83.724,84.656
2023-10-27,84.656,87.034,84.209,86.288
2023-10-30,86.288,86.288,82.786,83.538
2023-10-31,83.538,84.305,81.648,82.275
2023-11-01,82.275,84.303,81.161,81.752
2023-11-02,81.752,83.66,81.051,83.32
2023-11-03,83.32,84.413,80.879,81.641
2023-11-06,81.641,82.898,81.345,81.546
2023-11-07,81.546,81.674,77.67,77.685
2023-11-08,77.685,78.095,75.456,76.099
2023-11-09,76.099,77.634,75.724,76.054
2023-11-10,76.054,78.188,75.783,77.814
2023-11-13,77.814,78.968,76.559,78.866
2023-11-14,78.866,80.075,78.112,78.495
2023-11-15,78.495,79.039,76.794,77.004
2023-11-16,77.004,77.124,72.687,73.429
2023-11-17,73.429,76.498,73.227,76.412
2023-11-20,76.412,78.754,75.82,77.894
2023-11-21,77.894,78.201,77.21,78.095
2023-11-22,78.095,78.249,74.058,77.076
2023-11-23,77.076,77.08,75.555,76.646
2023-11-24,76.646,77.335,75.333,75.433
2023-11-27,75.433,76.444,74.279,75.243
2023-11-28,75.243,77.225,74.856,76.768
2023-11-29,76.768,78.293,75.883,77.916
2023-11-30,77.916,79.794,75.251,75.811
2023-12-01,75.811,76.947,74.113,74.563
2023-12-04,74.563,75.185,72.784,73.428
2023-12-05,73.428,74.253,72.166,72.206
2023-12-06,72.206,72.73,69.229,69.367
2023-12-07,69.367,70.594,68.919,69.754
2023-12-08,69.754,71.736,69.618,71.418
2023-12-11,71.418,71.892,70.439,71.481
2023-12-12,71.481,72.033,68.33,68.83
2023-12-13,68.83,69.976,67.819,69.971
2023-12-14,69.971,72.563,69.658,71.801
2023-12-15,71.801,72.382,70.482,71.955
2023-12-18,71.955,74.457,70.838,72.721
2023-12-19,72.721,74.287,71.99,74.033
2023-12-20,74.033,75.224,73.468,73.653
2023-12-21,73.653,74.429,72.304,73.793
2023-12-22,73.793,74.839,73.247,73.363
2023-12-26,73.363,76.05,73.024,75.282
2023-12-27,75.282,75.534,73.654,73.709
2023-12-28,73.709,74.284,71.607,71.922
2023-12-29,71.922,72.519,71.152,71.242
2024-01-02,71.242,73.55,69.975,70.4
2024-01-03,70.4,73.141,69.204,72.916
2024-01-04,72.916,73.912,70.997,72.307
2024-01-05,72.307,74.158,72.137,73.889
2024-01-08,73.889,73.889,70.075,70.86
2024-01-09,70.86,72.871,70.412,72.158
2024-01-10,72.158,73.531,71.029,71.324
2024-01-11,71.324,73.748,71.184,72.874
2024-01-12,72.874,75.223,72.451,72.806
2024-01-15,72.806,72.999,71.355,72.545
2024-01-16,72.545,73.63,71.816,71.957
2024-01-17,71.957,72.808,70.579,72.688
2024-01-18,72.688,74.148,72.059,73.813
2024-01-19,73.813,74.579,72.94,73.385
2024-01-22,73.385,75.413,72.524,74.619
2024-01-23,74.619,75.204,73.375,74.47
2024-01-24,74.47,75.795,73.926,75.311
2024-01-25,75.311,77.456,75.126,77.067
2024-01-26,77.067,78.217,76.028,78.148
2024-01-29,78.148,79.25,76.393,76.958
2024-01-30,76.958,78.108,75.824,77.739
2024-01-31,77.739,78.064,75.501,75.811
2024-02-01,75.811,76.917,73.683,73.878
2024-02-02,73.878,74.489,71.77,72.365
2024-02-05,72.365,73.264,71.384,72.784
2024-02-06,72.784,73.795,72.365,73.445
2024-02-07,73.445,74.186,73.206,74.057
2024-02-08,74.057,76.567,73.547,76.442
2024-02-09,76.442,77.268,75.918,76.589
2024-02-12,76.589,77.078,75.523,76.918
2024-02-13,76.918,78.464,76.864,77.805
2024-02-14,77.805,78.765,76.376,76.541
2024-02-15,76.541,78.412,75.767,77.918
2024-02-16,77.918,78.843,77.018,78.561
2024-02-19,78.561,78.855,77.934,78.517
2024-02-20,78.517,78.838,77.093,77.472
2024-02-21,77.472,78.351,76.59,78.32
2024-02-22,78.32,79.185,77.491,78.612
2024-02-23,78.612,78.65,76.607,76.836
2024-02-26,76.836,78.253,76.07,77.82
2024-02-27,77.82,79.2,77.393,78.738
2024-02-28,78.738,79.829,77.996,78.502
2024-02-29,78.502,79.477,78.132,78.482
2024-03-01,78.482,81.051,78.247,79.991
2024-03-04,79.991,80.583,78.725,78.909
2024-03-05,78.909,79.648,77.675,78.292
2024-03-06,78.292,80.819,78.141,79.244
2024-03-07,79.244,79.657,78.155,79.575
2024-03-08,79.575,80.111,77.674,77.962
2024-03-11,77.962,78.556,76.885,78.224
2024-03-12,78.224,78.802,77.426,78.119
2024-03-13,78.119,79.941,77.649,79.653
2024-03-14,79.653,81.504,79.633,80.954
2024-03-15,80.954,81.352,80.47,81.017
2024-03-18,81.017,82.932,81.001,82.64
2024-03-19,82.64,83.545,82.231,82.934
2024-03-20,82.934,83.07,81.24,81.831
2024-03-21,81.831,82.317,80.696,81.185
2024-03-22,81.185,81.84,80.801,81.173
2024-03-25,81.173,82.817,80.947,82.321
2024-03-26,82.321,82.695,81.556,81.591
2024-03-27,81.591,82.056,80.867,82.036
2024-03-28,82.036,83.52,81.829,83.434
2024-04-01,83.434,84.755,82.881,84.241
2024-04-02,84.241,85.753,84.119,85.698
2024-04-03,85.698,86.446,85.095,85.891
2024-04-04,85.891,87.453,84.877,87.051
2024-04-05,87.051,87.852,86.552,86.947
2024-04-08,86.947,87.293,84.885,86.733
2024-04-09,86.733,87.157,85.284,85.558
2024-04-10,85.558,86.579,84.817,86.485
2024-04-11,86.485,86.857,85.188,85.865
2024-04-12,85.865,87.895,85.635,85.811
2024-04-15,85.811,86.131,84.327,85.972
2024-04-16,85.972,86.446,85.042,85.569
2024-04-17,85.569,85.799,82.784,83.098
2024-04-18,83.098,83.609,81.818,82.656
2024-04-19,82.656,86.394,81.886,82.845
2024-04-22,82.845,82.953,81.378,82.786
2024-04-23,82.786,84.086,81.522,84.033
2024-04-24,84.033,84.341,83.056,83.436
2024-04-25,83.436,84.43,82.593,84.405
2024-04-26,84.405,85.05,83.939,84.276
2024-04-29,84.276,84.426,82.911,83.23
2024-04-30,83.23,83.788,81.428,81.96
2024-05-01,81.96,82.024,79.265,79.559
2024-05-02,79.559,80.326,78.823,79.492
2024-05-03,79.492,80.03,78.344,78.379
2024-05-06,78.379,79.422,78.233,79.002
2024-05-07,79.002,79.476,77.862,78.669
2024-05-08,78.669,79.553,77.182,79.521
2024-05-09,79.521,80.07,79.182,79.83
2024-05-10,79.83,80.222,78.384,78.428
2024-05-13,78.428,79.677,77.975,79.376
2024-05-14,79.376,79.557,77.843,78.572
2024-05-15,78.572,79.047,76.829,78.986
2024-05-16,78.986,79.963,78.318,79.472
2024-05-17,79.472,80.237,79.164,80.095
2024-05-20,80.095,80.642,79.2,79.716
2024-05-21,79.716,79.82,78.16,78.698
2024-05-22,78.698,78.896,77.735,77.75
2024-05-23,77.75,79.142,76.896,77.427
2024-05-24,77.427,78.488,76.603,78.255
2024-05-27,78.255,79.204,78.141,78.961
2024-05-28,78.961,80.691,78.917,80.665
2024-05-29,80.665,81.003,79.368,79.674
2024-05-30,79.674,79.771,77.987,78.21
2024-05-31,78.21,78.957,76.997,77.5
2024-06-03,77.5,77.81,74.254,74.264
2024-06-04,74.264,74.389,72.73,73.145
2024-06-05,73.145,74.564,73.064,74.534
2024-06-06,74.534,76.025,74.282,75.872
2024-06-07,75.872,76.462,75.425,75.61
2024-06-10,75.61,78.453,75.441,78.417
2024-06-11,78.417,78.515,77.389,78.326
2024-06-12,78.326,79.456,78.022,78.406
2024-06-13,78.406,78.999,77.816,78.047
2024-06-14,78.047,79.251,77.879,78.523
2024-06-17,78.523,80.428,78.002,80.398
2024-06-18,80.282,81.261,79.578,81.19
2024-06-19,81.109,81.562,80.712,81.053
2024-06-20,81.021,81.912,80.8,81.633
2024-06-21,81.637,82.171,80.733,80.952
2024-06-24,80.977,82.122,80.585,82.101
2024-06-25,82.11,82.239,80.874,81.094
2024-06-26,81.089,81.961,80.502,81.223
2024-06-27,81.137,82.359,80.828,82.124
2024-06-28,82.173,83.021,81.262,81.795
2024-07-01,81.78,83.901,81.694,83.669
2024-07-02,83.684,84.644,82.976,83.431
2024-07-03,83.315,84.177,82.695,83.86
2024-07-04,83.829,84.425,83.257,84.32
2024-07-05,84.288,84.74,83.284,83.559
2024-07-08,83.037,83.513,82.269,82.434
2024-07-09,82.418,82.64,81.417,81.965
2024-07-10,81.875,82.807,80.958,82.604
2024-07-11,82.539,83.274,81.774,83.063
2024-07-12,83.022,83.878,82.23,82.319
2024-07-15,82.469,82.674,81.555,82.087
2024-07-16,81.991,82.001,80.292,80.868
2024-07-17,80.908,83.051,80.536,83.046
2024-07-18,83.024,83.69,81.982,82.226
2024-07-19,82.234,82.693,79.881,79.922
2024-07-22,80.215,80.348,78.726,79.41
2024-07-23,79.418,79.887,77.501,78.563
2024-07-24,78.515,79.287,78.051,78.568
2024-07-25,78.562,79.524,77.063,79.41
2024-07-26,79.368,79.645,77.181,77.41
2024-07-29,78.371,78.585,76.211,76.791
2024-07-30,76.744,76.813,75.416,76.065
2024-07-31,76.058,79.461,75.979,79.41
2024-08-01,79.368,79.67,76.981,77.663
2024-08-02,77.601,78.029,73.642,74.823
2024-08-05,75.038,75.068,72.243,74.462
2024-08-06,74.551,75.126,72.735,73.543
2024-08-07,73.36,76.347,73.098,75.942
2024-08-08,75.935,76.99,75.08,76.532
2024-08-09,76.414,77.53,76.292,77.468
2024-08-12,77.388,80.331,77.06,79.779
2024-08-13,79.747,80.188,78.342,78.763
2024-08-14,78.771,79.219,77.287,77.629
2024-08-15,77.77,79.004,77.324,78.519
2024-08-16,78.517,78.527,76.057,76.999
2024-08-19,76.884,77.145,74.826,75.186
2024-08-20,75.093,75.715,73.872,74.42
2024-08-21,74.418,75.457,72.714,73.197
2024-08-22,73.231,74.759,72.822,74.202
2024-08-23,74.17,76.3,74.05,76.182
2024-08-26,76.417,78.732,76.171,78.267
2024-08-27,78.311,78.579,76.46,76.808
2024-08-28,76.806,77.002,74.826,75.381
2024-08-29,75.359,77.897,75.02,76.973
2024-08-30,76.824,77.536,74.249,74.54
2024-09-02,74.205,75.188,73.676,74.805
2024-09-03,74.602,75.05,70.788,70.895
2024-09-04,70.999,72.133,69.458,69.88
2024-09-05,69.833,71.439,69.371,69.936
2024-09-06,69.98,70.714,67.716,68.696
2024-09-09,68.55,69.4,67.744,69.252
2024-09-10,69.18,69.516,65.65,66.683
2024-09-11,66.711,68.324,65.976,67.7
2024-09-12,67.663,70.137,67.579,69.509
2024-09-13,69.673,70.61,68.761,69.545
2024-09-16,69.563,70.87,68.84,70.668
2024-09-17,70.661,72.047,69.744,71.26
2024-09-18,71.278,71.623,69.873,70.416
2024-09-19,70.43,72.824,70.43,72.409
2024-09-20,72.458,72.701,71.618,72.492
2024-09-23,72.498,72.965,70.604,71.841
2024-09-24,71.865,73.516,71.555,72.66
2024-09-25,72.618,72.815,70.289,70.875
2024-09-26,70.767,71.025,67.907,68.413
2024-09-27,68.462,69.592,68.012,69.562
2024-09-30,69.399,70.171,68.401,69.115
2024-10-01,69.194,72.765,67.113,71.555
2024-10-02,71.544,73.292,70.645,71.774
2024-10-03,71.722,74.854,71.285,74.463
2024-10-04,74.714,76.313,74.211,75.191
2024-10-07,74.694,78.031,74.26,77.947
2024-10-08,77.985,79.093,73.267,74.468
2024-10-09,74.351,74.986,72.072,73.869
2024-10-10,73.898,76.722,73.842,76.12
2024-10-11,76.194,76.523,75.079,76.007
2024-10-14,75.212,75.324,72.371,72.401
2024-10-15,72.12,72.648,70.243,71.468
2024-10-16,71.35,71.725,70.127,71.105
2024-10-17,71.078,71.534,69.863,71.167
2024-10-18,71.196,71.642,69.097,69.774
2024-10-21,69.747,71.267,69.341,70.641
2024-10-22,70.781,72.961,70.193,72.145
2024-10-23,72.215,72.57,70.954,71.858
2024-10-24,71.816,73.151,70.545,71.126
2024-10-25,71.16,72.7,70.718,72.431
2024-10-28,68.699,69.544,67.561,68.637
2024-10-29,68.641,69.145,67.334,68.09
2024-10-30,68.018,69.762,67.888,69.691
2024-10-31,69.579,71.378,68.871,71.079
2024-11-01,71.038,72.002,69.866,69.876
2024-11-04,71,72.298,70.738,72.175
2024-11-05,72.098,73.123,71.758,72.432
2024-11-06,72.406,73.049,70.15,72.272
2024-11-07,72.18,73.267,71.053,72.559
2024-11-08,72.538,72.636,70.345,70.771
2024-11-11,70.381,70.841,68.178,68.381
2024-11-12,68.355,69.37,67.996,68.197
2024-11-13,68.232,69.062,67.154,68.278
2024-11-14,68.272,69.598,68.128,68.78
2024-11-15,68.729,68.864,67.053,67.222
2024-11-18,67.086,69.685,66.855,69.407
2024-11-19,69.312,70.058,68.785,69.613
2024-11-20,69.588,70.259,68.941,69.327
2024-11-21,69.341,70.671,69.158,70.421
2024-11-22,70.395,71.792,69.571,71.47
2024-11-25,71.393,71.698,68.986,69.326
2024-11-26,69.245,70.548,68.279,69.22
2024-11-27,69.089,69.595,68.399,68.989
2024-11-28,69.004,69.505,68.493,69.11
2024-11-29,69.104,69.894,68.092,68.338
2024-12-02,68.276,69.282,67.883,68.327
2024-12-03,68.281,70.393,68.074,70.111
2024-12-04,70.09,70.677,68.648,68.838
2024-12-05,68.897,69.302,68.12,68.552
2024-12-06,68.571,68.636,67.107,67.289
2024-12-09,67.224,68.99,67.184,68.251
2024-12-10,68.246,69.149,67.81,68.561
2024-12-11,68.556,70.557,68.536,70.411
2024-12-12,70.37,70.758,69.209,70.082
2024-12-13,70.137,71.41,69.98,71.092
2024-12-16,71.153,71.193,70.412,70.674
2024-12-17,70.688,70.956,69.222,70.219
2024-12-18,70.224,71.201,69.791,69.881
2024-12-19,69.91,70.969,69.488,69.598
2024-12-20,69.617,70.231,68.817,69.933
2024-12-23,69.819,70.281,68.931,69.908
2024-12-24,69.822,70.758,69.699,70.501
2024-12-26,70.547,71.057,69.638,69.978
2024-12-27,69.953,71.042,69.736,70.534
2024-12-30,70.53,71.821,70.415,71.407
2024-12-31,71.376,72.27,71.128,72.118
2025-01-02,72.05,73.962,72.03,73.348
2025-01-03,73.342,74.571,72.94,74.273
2025-01-06,74.283,75.187,73.38,73.609
2025-01-07,73.564,74.701,73.292,74.609
2025-01-08,74.744,75.466,73.321,73.469
2025-01-09,73.399,74.464,73.002,74.454
2025-01-10,74.363,77.982,74.172,76.721
2025-01-13,77.386,79.383,77.296,78.875
2025-01-14,78.92,79.18,77.509,78.181
2025-01-15,78.051,80.756,77.329,80.499
2025-01-16,80.32,80.571,78.237,79.231
2025-01-17,79.183,79.849,78.404,78.629
2025-01-20,78.821,78.821,76.963,77.485
2025-01-21,77.404,78.322,76.148,77.008
2025-01-22,76.961,77.536,76.349,76.459
2025-01-23,76.402,77.026,75.142,75.288
2025-01-24,75.286,76.2,75.005,75.556
2025-01-27,75.472,76.027,73.225,73.931
2025-01-28,74.005,75.135,73.747,74.77
2025-01-29,74.738,74.876,73.103,73.785
2025-01-30,73.753,74.59,72.767,73.962
2025-01-31,73.864,74.542,72.634,74.517
2025-02-03,75.468,75.821,72.656,72.883
2025-02-04,72.952,73.926,71.222,73.292
2025-02-05,73.3,73.519,71.483,71.661
2025-02-06,71.553,72.336,70.906,70.997
2025-02-07,70.951,71.869,70.945,71.472
2025-02-10,71.337,72.898,71.211,72.806
2025-02-11,72.815,73.994,72.644,73.505
2025-02-12,73.468,73.537,71.482,71.512
2025-02-13,71.527,71.867,70.585,71.802
2025-02-14,71.756,72.312,70.919,70.949
2025-02-17,70.829,71.794,70.522,71.754
2025-02-18,71.686,72.409,71.277,72.162
2025-02-19,72.116,73.274,72.065,72.476
2025-02-20,72.476,73.491,72.091,72.931
2025-02-21,72.915,73.116,70.503,70.557
2025-02-24,70.417,71.229,70.312,71.209
2025-02-25,71.218,71.548,68.96,69.334
2025-02-26,69.429,69.554,68.627,69.081
2025-02-27,68.99,70.793,68.861,70.359
2025-02-28,70.379,70.529,69.387,70.221
2025-03-03,70.277,70.812,68.096,68.681
2025-03-04,68.575,68.745,66.963,68.248
2025-03-05,68.222,68.278,65.396,66.567
2025-03-06,66.601,67.25,65.756,66.42
2025-03-07,66.414,68.371,66.278,67.2
2025-03-10,67.252,67.726,65.915,66.029
2025-03-11,66.023,67.268,65.406,66.694
2025-03-12,66.678,67.971,66.253,67.789
2025-03-13,67.768,68.028,66.453,66.887
2025-03-14,66.786,67.561,66.704,67.265
2025-03-17,67.667,68.465,67.358,67.617
2025-03-18,67.607,68.848,66.794,66.884
2025-03-19,66.954,67.76,66.427,67.382
2025-03-20,67.361,68.734,66.948,68.698
2025-03-21,68.663,68.974,67.973,68.618
2025-03-24,68.633,69.63,68.254,69.452
2025-03-25,69.466,69.972,68.796,69.477
2025-03-26,69.436,70.493,69.342,70.21
2025-03-27,70.119,70.237,69.394,70.159
2025-03-28,70.119,70.345,69.127,69.276
2025-03-31,69.782,72.067,69.074,71.608
2025-04-01,71.618,72.318,71.243,71.357
2025-04-02,71.352,72.485,70.824,70.926
2025-04-03,70.419,70.599,66.17,66.809
2025-04-04,66.789,67.079,60.615,62.483
2025-04-07,60.455,64.047,59.083,61.083
2025-04-08,61.133,61.877,58.063,58.343
2025-04-09,58.428,63.045,55.232,62.829
2025-04-10,63.159,63.449,58.86,60.37
2025-04-11,60.3,61.96,59.542,61.593
2025-04-14,62.161,62.742,60.676,61.647
2025-04-15,61.626,62.124,60.923,61.525
2025-04-16,61.474,62.842,60.395,62.488
2025-04-17,62.513,64.718,62.508,64.267
2025-04-21,64.047,64.092,62.218,63.155
2025-04-22,63.225,64.814,63.201,63.98
2025-04-23,64.256,65.316,61.944,62.7
2025-04-24,62.72,63.727,62.396,63.193
2025-04-25,63.242,63.806,62.202,63.589
2025-04-28,63.884,64.064,61.829,62.244
2025-04-29,62.359,62.412,60.454,60.474
2025-04-30,60.489,60.738,58.21,58.504
2025-05-01,58.604,59.782,56.672,59.273
2025-05-02,59.242,60.149,58.002,58.666
2025-05-05,56.035,57.919,55.814,57.422
2025-05-06,57.391,60.039,57.239,59.229
2025-05-07,59.389,60.456,58.007,58.155
2025-05-08,58.054,60.468,57.929,60.443
2025-05-09,60.407,61.627,60.073,61.225
2025-05-12,61.529,63.735,61.151,62.105
2025-05-13,62.059,64.011,61.771,63.742
2025-05-14,63.747,63.786,62.857,62.97
2025-05-15,62.95,63.004,60.549,61.781
2025-05-16,61.77,62.717,61.316,62.467
2025-05-19,62.294,63.205,61.485,62.652
2025-05-20,62.576,63.114,61.965,62.727
2025-05-21,62.727,64.666,61.743,61.8
2025-05-22,61.774,62.198,60.683,61.241
2025-05-23,61.215,62.308,60.456,62.178
2025-05-26,62.116,62.543,61.627,61.932
2025-05-27,61.94,62.27,60.626,61.437
2025-05-28,61.472,62.889,61.2,62.227
2025-05-29,62.231,63.427,60.878,61.251
2025-05-30,61.19,62.041,60.128,61.07
2025-06-02,61.868,64.164,61.818,63.295
2025-06-03,63.259,64.157,62.674,63.606
2025-06-04,63.646,64.212,62.434,62.983
2025-06-05,62.947,64.217,62.753,63.489
2025-06-06,63.423,65.024,63.046,65.009
2025-06-09,65.011,65.604,64.378,65.563
2025-06-10,65.552,66.442,64.736,64.88
2025-06-11,64.939,68.519,64.762,68.422
2025-06-12,68.942,69.162,66.853,68.954
2025-06-13,68.86,76.292,68.628,73.08
2025-06-16,73.08,75.896,69.238,71.458
2025-06-17,71.002,75.354,70.976,75.247
2025-06-18,75.001,75.707,72.714,74.517
2025-06-19,74.424,77.154,74.021,75.264
2025-06-20,74.636,75.672,73.651,75.34
2025-06-23,77.96,78.436,67.703,68.364
2025-06-24,68.855,68.86,65.015,66.045
2025-06-25,66.282,67.036,65.529,65.927
2025-06-26,66.042,67.406,65.619,66.174
2025-06-27,66.396,67.034,65.715,66.001
2025-06-30,65.834,66.648,65.349,65.779
2025-07-01,65.772,66.776,65.457,66.314
2025-07-02,66.322,68.344,65.979,68.284
2025-07-03,68.156,68.301,67.245,67.877
2025-07-04,67.744,67.89,66.721,67.138
2025-07-07,66.364,68.894,66.123,68.487
2025-07-08,68.485,69.452,67.881,68.731
2025-07-09,68.643,69.458,68.211,68.798
2025-07-10,68.751,69.117,66.906,67.33
2025-07-11,67.399,69.19,66.934,69.139
2025-07-14,69.186,69.975,67.1,67.145
2025-07-15,67.173,67.411,66.496,66.822
2025-07-16,66.876,67.074,65.628,66.623
2025-07-17,66.631,67.593,66.243,67.539
2025-07-18,67.516,68.768,67.12,67.232
2025-07-21,67.178,67.548,66.3,66.854
2025-07-22,66.862,66.938,65.86,66.498
2025-07-23,66.527,66.811,65.735,66.421
2025-07-24,66.43,67.373,66.304,67.136
2025-07-25,67.104,67.68,65.929,65.989
2025-07-28,66.032,67.989,65.946,67.811
2025-07-29,67.87,70.596,67.348,70.101
2025-07-30,70.11,71.328,69.255,71.115
2025-07-31,71.033,71.217,69.321,70.132
2025-08-01,70.044,70.308,67.767,67.962
2025-08-04,67.362,68.356,66.047,66.817
2025-08-05,66.831,66.957,65.563,65.708
2025-08-06,65.681,67.244,64.128,64.785
2025-08-07,64.879,65.581,64.158,64.267
2025-08-08,64.26,65.007,63.21,63.789
2025-08-11,63.688,64.771,63.362,64.318
2025-08-12,64.352,64.641,63.339,63.36
2025-08-13,63.278,63.628,62.188,62.947
2025-08-14,62.961,64.082,62.746,63.954
2025-08-15,63.907,64.184,62.736,63.175
2025-08-18,62.59,63.828,62.256,63.404
2025-08-19,63.363,63.479,62.423,62.768
2025-08-20,62.732,63.777,62.595,63.621
2025-08-21,63.66,64.43,63.271,64.235
2025-08-22,64.214,64.663,64.04,64.469
2025-08-25,64.487,65.771,64.21,65.414
2025-08-26,65.377,65.428,63.776,63.925
2025-08-27,63.96,64.843,63.58,64.447
2025-08-28,64.431,65.294,63.954,64.908
2025-08-29,64.872,65.134,64.455,64.591
2025-09-01,64.498,65.383,64.176,65.117
2025-09-02,65.033,66.523,64.978,66.109
2025-09-03,66.052,66.205,64.174,64.211
2025-09-04,64.261,64.281,63.179,63.745
2025-09-05,63.729,63.904,61.844,62.358
2025-09-08,62.693,63.67,62.195,62.767
2025-09-09,62.751,63.955,62.692,63.07
2025-09-10,63.029,64.363,63.024,64.021
2025-09-11,63.99,64.069,62.468,62.507
2025-09-12,62.511,64.219,61.935,62.825
2025-09-15,62.773,63.83,62.708,63.438
2025-09-16,63.447,64.901,63.045,64.687
2025-09-17,64.611,64.806,63.812,64.093
2025-09-18,64.062,64.657,63.467,63.767
2025-09-19,63.726,63.795,62.639,62.797
2025-09-22,62.876,63.389,62.007,62.727
2025-09-23,62.702,64.266,62.22,64.022
2025-09-24,64.001,65.418,63.623,65.19
2025-09-25,65.104,65.7,64.421,65.579
2025-09-26,65.583,66.769,65.003,65.52
2025-09-29,65.315,65.717,63.28,63.449
2025-09-30,63.413,63.544,62.305,62.717
2025-10-01,62.732,63.168,61.659,62.051
2025-10-02,62.026,62.778,60.639,60.924
2025-10-03,60.948,61.625,60.79,60.926
2025-10-06,61.637,62.318,61.243,61.921
2025-10-07,61.95,62.289,60.909,62.219
2025-10-08,62.363,63.091,62.257,62.466
2025-10-09,62.42,63.041,61.411,61.686
2025-10-10,61.675,61.829,58.36,58.441
2025-10-13,59.497,60.283,59.319,59.651
2025-10-14,59.7,59.919,57.765,58.682
2025-10-15,58.761,59.505,58.305,58.832
2025-10-16,58.846,59.148,57.29,57.45
2025-10-17,57.54,57.81,56.635,57.708
2025-10-20,57.724,57.9,56.409,57.372
2025-10-21,57.361,58.509,56.777,58.012
2025-10-22,58.007,60.275,57.768,59.741
2025-10-23,60.4,62.649,60.077,62.193
2025-10-24,62.177,63.029,61.656,61.86
2025-10-27,62.251,62.557,61.051,61.909
2025-10-28,61.848,61.858,60.116,60.53
2025-10-29,60.57,61.368,60.045,60.691
2025-10-30,60.706,61.11,59.962,60.641
2025-10-31,60.59,61.701,60.295,61.188
2025-11-03,61.699,61.779,60.779,61.287
2025-11-04,61.241,61.276,60.195,60.664
2025-11-05,60.643,61.319,59.752,59.871
2025-11-06,59.931,60.727,59.042,59.725
2025-11-07,59.875,60.661,59.512,60.016
2025-11-10,60.091,60.636,59.558,60.192
2025-11-11,60.186,61.428,59.804,61.174
2025-11-12,61.168,61.203,58.425,58.598
2025-11-13,58.502,59.325,58.235,58.717
2025-11-14,58.827,60.636,58.827,59.971
2025-11-17,59.54,60.445,59.363,59.827
2025-11-18,59.811,60.981,59.409,60.744
2025-11-19,60.674,60.834,58.801,59.552
2025-11-20,59.481,60.22,58.716,58.896
2025-11-21,58.861,58.866,57.5,58.11
2025-11-24,58.176,59.169,57.537,59.028
2025-11-25,58.978,59.068,57.211,58.212
2025-11-26,58.127,58.829,57.769,58.658
2025-11-27,58.628,59.255,58.387,59.205
2025-11-28,59.114,59.732,58.364,58.545
2025-12-01,59.361,60.056,58.928,59.602
2025-12-02,59.617,59.742,58.362,58.696
2025-12-03,58.731,59.704,58.45,59.168
2025-12-04,59.137,60.095,58.884,59.794
2025-12-05,59.703,60.561,59.492,60.195
2025-12-08,60.245,60.359,58.735,58.9
2025-12-09,58.905,59.222,58.171,58.435
2025-12-10,58.425,59.076,57.696,58.996
2025-12-11,58.956,58.986,57.041,57.936
2025-12-12,57.985,58.22,57.177,57.556
2025-12-15,57.437,57.821,56.413,56.702
2025-12-16,56.672,56.702,54.999,55.234
2025-12-17,55.304,56.974,55.289,56.899
2025-12-18,56.944,57.004,55.888,56.057
2025-12-19,56.037,56.875,55.764,56.694
2025-12-22,56.995,58.275,56.925,58.093
2025-12-23,58.083,58.69,57.879,58.605
2025-12-24,58.549,58.888,58.275,58.51
2025-12-26,58.56,58.998,56.772,57.042
2025-12-29,57.158,58.402,57.083,57.94
2025-12-30,57.949,58.578,57.714,58.07
2025-12-31,58.04,58.653,57.29,57.504
2026-01-02,57.655,58.024,56.69,57.415
2026-01-05,57.03,58.578,56.387,58.402
2026-01-06,58.317,58.934,56.901,57.036
2026-01-07,57.03,57.228,55.824,56.425
2026-01-08,56.415,58.793,56.033,58.438
2026-01-09,58.437,59.83,57.67,58.833
2026-01-12,59.204,59.954,58.496,59.889
2026-01-13,59.824,61.532,59.513,61.15
2026-01-14,61.18,62.386,59.234,61.23
2026-01-15,61.005,61.165,58.906,59.289
2026-01-16,59.304,60.179,58.937,59.341
2026-01-19,59.057,59.688,58.67,59.55
2026-01-20,59.49,60.634,58.842,59.646
2026-01-21,59.731,61.002,59.339,60.79
2026-01-22,60.74,60.929,59.068,59.764
2026-01-23,59.774,61.463,59.629,61.423
2026-01-26,60.894,61.805,60.42,60.941
2026-01-27,60.891,62.71,60.238,62.65
2026-01-28,62.69,63.657,62.162,63.587
2026-01-29,63.522,66.568,63.371,65.596
2026-01-30,65.586,66.193,63.733,65.812
2026-02-02,63.731,64.016,61.477,62.416
2026-02-03,62.295,64.274,61.183,63.958
2026-02-04,63.808,65.592,62.93,64.595
2026-02-05,64.405,64.738,62.715,63.18
2026-02-06,63.175,64.644,62.261,63.551
2026-02-09,62.842,64.931,62.672,64.485
2026-02-10,64.444,64.742,63.696,64.235
2026-02-11,64.23,65.874,64.215,64.947
2026-02-12,64.862,65.141,62.422,62.957
2026-02-13,62.987,63.295,62.179,62.818
2026-02-16,63.05,63.877,62.508,63.742
2026-02-17,63.721,64.149,61.888,62.331
2026-02-18,62.231,65.549,62.231,65.043
2026-02-19,64.952,66.987,64.952,66.812
2026-02-20,66.576,67.156,65.923,66.462
2026-02-23,65.697,67.392,65.567,66.389
2026-02-24,66.409,67.248,65.654,66.185
2026-02-25,66.185,66.695,65.22,65.675
2026-02-26,65.765,66.798,63.684,65.536
2026-02-27,65.42,67.916,64.944,67.399
2026-03-02,73.387,73.498,69.322,71.155
2026-03-03,71.325,78.06,70.494,74.91
2026-03-04,74.92,77.31,73.365,76.147
2026-03-05,76.066,82.228,75.053,78.979
2026-03-06,79.585,92.642,78.308,91.5
2026-03-09,102.777,119.544,81.262,84.849
2026-03-10,85.744,91.537,76.829,86.54
2026-03-11,87.315,88.978,81.851,88.425
2026-03-12,89.16,97.235,88.92,96.582
2026-03-13,97.18,98.849,92.554,98.743
2026-03-16,100.54,101.189,93.177,94.48
2026-03-17,94.824,99.041,94.235,96.613
2026-03-18,96.676,101.131,92.724,100.426
2026-03-19,99.234,101.828,93.346,95.826
2026-03-20,95.85,100.025,93.701,99.373
2026-03-23,101.342,102.873,85.495,89.998
2026-03-24,90.002,94.417,87.328,89.491
2026-03-25,89.854,92.592,87.418,92.337
2026-03-26,92.26,96.437,90.488,94.7
2026-03-27,94.415,102.228,93.04,102.091
2026-03-30,103.158,106.287,100.335,105.903
2026-03-31,105.815,107.779,100.477,102.356
2026-04-01,102.576,104.175,97.306,99.659
2026-04-02,99.526,114.85,98.302,112.844
2026-04-06,114.514,116.174,109.589,113.323
2026-04-07,113.457,118.292,109.976,110.894
2026-04-08,108.766,109.615,91.598,95.207