time,open,high,low,close
1975-01-02,1.7824,1.7824,1.7824,1.7824
1975-01-03,1.7914,1.7914,1.7914,1.7914
1975-01-06,1.7953,1.7953,1.7953,1.7953
1975-01-07,1.7931,1.7931,1.7931,1.7931
1975-01-08,1.7859,1.7859,1.7859,1.7859
1975-01-09,1.7913,1.7913,1.7913,1.7913
1975-01-10,1.7923,1.7923,1.7923,1.7923
1975-01-13,1.7793,1.7793,1.7793,1.7793
1975-01-14,1.7868,1.7868,1.7868,1.7868
1975-01-15,1.7924,1.7924,1.7924,1.7924
1975-01-16,1.7911,1.7911,1.7911,1.7911
1975-01-17,1.7918,1.7918,1.7918,1.7918
1975-01-20,1.7939,1.7939,1.7939,1.7939
1975-01-21,1.7953,1.7953,1.7953,1.7953
1975-01-22,1.8145,1.8145,1.8145,1.8145
1975-01-23,1.8004,1.8004,1.8004,1.8004
1975-01-24,1.8027,1.8027,1.8027,1.8027
1975-01-27,1.8148,1.8148,1.8148,1.8148
1975-01-28,1.7892,1.7892,1.7892,1.7892
1975-01-29,1.7866,1.7866,1.7866,1.7866
1975-01-30,1.79,1.79,1.79,1.79
1975-01-31,1.7983,1.7983,1.7983,1.7983
1975-02-03,1.7936,1.7936,1.7936,1.7936
1975-02-04,1.7894,1.7894,1.7894,1.7894
1975-02-05,1.7898,1.7898,1.7898,1.7898
1975-02-06,1.7885,1.7885,1.7885,1.7885
1975-02-07,1.7955,1.7955,1.7955,1.7955
1975-02-10,1.8045,1.8045,1.8045,1.8045
1975-02-11,1.7902,1.7902,1.7902,1.7902
1975-02-12,1.7948,1.7948,1.7948,1.7948
1975-02-13,1.7957,1.7957,1.7957,1.7957
1975-02-14,1.7947,1.7947,1.7947,1.7947
1975-02-17,1.7965,1.7965,1.7965,1.7965
1975-02-18,1.7962,1.7962,1.7962,1.7962
1975-02-19,1.7986,1.7986,1.7986,1.7986
1975-02-20,1.7985,1.7985,1.7985,1.7985
1975-02-21,1.7971,1.7971,1.7971,1.7971
1975-02-24,1.8099,1.8099,1.8099,1.8099
1975-02-25,1.7967,1.7967,1.7967,1.7967
1975-02-26,1.8024,1.8024,1.8024,1.8024
1975-02-27,1.8044,1.8044,1.8044,1.8044
1975-02-28,1.8013,1.8013,1.8013,1.8013
1975-03-03,1.8032,1.8032,1.8032,1.8032
1975-03-04,1.801,1.801,1.801,1.801
1975-03-05,1.8054,1.8054,1.8054,1.8054
1975-03-06,1.7984,1.7984,1.7984,1.7984
1975-03-07,1.7876,1.7876,1.7876,1.7876
1975-03-10,1.7937,1.7937,1.7937,1.7937
1975-03-11,1.8067,1.8067,1.8067,1.8067
1975-03-12,1.798,1.798,1.798,1.798
1975-03-13,1.804,1.804,1.804,1.804
1975-03-14,1.8023,1.8023,1.8023,1.8023
1975-03-17,1.8019,1.8019,1.8019,1.8019
1975-03-18,1.806,1.806,1.806,1.806
1975-03-19,1.8053,1.8053,1.8053,1.8053
1975-03-20,1.8024,1.8024,1.8024,1.8024
1975-03-21,1.7998,1.7998,1.7998,1.7998
1975-03-24,1.7972,1.7972,1.7972,1.7972
1975-03-25,1.8026,1.8026,1.8026,1.8026
1975-03-26,1.8004,1.8004,1.8004,1.8004
1975-03-27,1.7957,1.7957,1.7957,1.7957
1975-04-01,1.8037,1.8037,1.8037,1.8037
1975-04-02,1.8023,1.8023,1.8023,1.8023
1975-04-03,1.798,1.798,1.798,1.798
1975-04-04,1.7894,1.7894,1.7894,1.7894
1975-04-07,1.7907,1.7907,1.7907,1.7907
1975-04-08,1.7953,1.7953,1.7953,1.7953
1975-04-09,1.7901,1.7901,1.7901,1.7901
1975-04-10,1.7806,1.7806,1.7806,1.7806
1975-04-11,1.7881,1.7881,1.7881,1.7881
1975-04-14,1.7787,1.7787,1.7787,1.7787
1975-04-15,1.7888,1.7888,1.7888,1.7888
1975-04-16,1.7879,1.7879,1.7879,1.7879
1975-04-17,1.7894,1.7894,1.7894,1.7894
1975-04-18,1.7902,1.7902,1.7902,1.7902
1975-04-21,1.7803,1.7803,1.7803,1.7803
1975-04-22,1.7793,1.7793,1.7793,1.7793
1975-04-23,1.7936,1.7936,1.7936,1.7936
1975-04-24,1.7775,1.7775,1.7775,1.7775
1975-04-25,1.7721,1.7721,1.7721,1.7721
1975-04-28,1.7764,1.7764,1.7764,1.7764
1975-04-29,1.7854,1.7854,1.7854,1.7854
1975-04-30,1.7794,1.7794,1.7794,1.7794
1975-05-01,1.7783,1.7783,1.7783,1.7783
1975-05-02,1.7708,1.7708,1.7708,1.7708
1975-05-05,1.7754,1.7754,1.7754,1.7754
1975-05-06,1.7708,1.7708,1.7708,1.7708
1975-05-07,1.7728,1.7728,1.7728,1.7728
1975-05-08,1.7725,1.7725,1.7725,1.7725
1975-05-09,1.7551,1.7551,1.7551,1.7551
1975-05-12,1.7506,1.7506,1.7506,1.7506
1975-05-13,1.7584,1.7584,1.7584,1.7584
1975-05-14,1.7534,1.7534,1.7534,1.7534
1975-05-15,1.7506,1.7506,1.7506,1.7506
1975-05-16,1.751,1.751,1.751,1.751
1975-05-19,1.7554,1.7554,1.7554,1.7554
1975-05-20,1.7538,1.7538,1.7538,1.7538
1975-05-21,1.7626,1.7626,1.7626,1.7626
1975-05-22,1.7679,1.7679,1.7679,1.7679
1975-05-23,1.7624,1.7624,1.7624,1.7624
1975-05-27,1.7627,1.7627,1.7627,1.7627
1975-05-28,1.7753,1.7753,1.7753,1.7753
1975-05-29,1.7682,1.7682,1.7682,1.7682
1975-05-30,1.76,1.76,1.76,1.76
1975-06-02,1.7612,1.7612,1.7612,1.7612
1975-06-03,1.7632,1.7632,1.7632,1.7632
1975-06-04,1.7585,1.7585,1.7585,1.7585
1975-06-05,1.7633,1.7633,1.7633,1.7633
1975-06-06,1.7609,1.7609,1.7609,1.7609
1975-06-09,1.761,1.761,1.761,1.761
1975-06-10,1.7553,1.7553,1.7553,1.7553
1975-06-11,1.741,1.741,1.741,1.741
1975-06-12,1.7436,1.7436,1.7436,1.7436
1975-06-13,1.747,1.747,1.747,1.747
1975-06-16,1.7406,1.7406,1.7406,1.7406
1975-06-17,1.7354,1.7354,1.7354,1.7354
1975-06-18,1.7399,1.7399,1.7399,1.7399
1975-06-19,1.7406,1.7406,1.7406,1.7406
1975-06-20,1.7401,1.7401,1.7401,1.7401
1975-06-23,1.7397,1.7397,1.7397,1.7397
1975-06-24,1.7299,1.7299,1.7299,1.7299
1975-06-25,1.7351,1.7351,1.7351,1.7351
1975-06-26,1.7288,1.7288,1.7288,1.7288
1975-06-27,1.7153,1.7153,1.7153,1.7153
1975-06-30,1.6927,1.6927,1.6927,1.6927
1975-07-01,1.6994,1.6994,1.6994,1.6994
1975-07-02,1.7072,1.7072,1.7072,1.7072
1975-07-03,1.7095,1.7095,1.7095,1.7095
1975-07-04,1.708,1.708,1.708,1.708
1975-07-07,1.7028,1.7028,1.7028,1.7028
1975-07-08,1.7153,1.7153,1.7153,1.7153
1975-07-09,1.7219,1.7219,1.7219,1.7219
1975-07-10,1.7141,1.7141,1.7141,1.7141
1975-07-11,1.7159,1.7159,1.7159,1.7159
1975-07-14,1.7087,1.7087,1.7087,1.7087
1975-07-15,1.7093,1.7093,1.7093,1.7093
1975-07-16,1.7109,1.7109,1.7109,1.7109
1975-07-17,1.7106,1.7106,1.7106,1.7106
1975-07-18,1.7076,1.7076,1.7076,1.7076
1975-07-21,1.7084,1.7084,1.7084,1.7084
1975-07-22,1.7139,1.7139,1.7139,1.7139
1975-07-23,1.7148,1.7148,1.7148,1.7148
1975-07-24,1.7149,1.7149,1.7149,1.7149
1975-07-25,1.7169,1.7169,1.7169,1.7169
1975-07-28,1.7132,1.7132,1.7132,1.7132
1975-07-29,1.7152,1.7152,1.7152,1.7152
1975-07-30,1.7055,1.7055,1.7055,1.7055
1975-07-31,1.7028,1.7028,1.7028,1.7028
1975-08-01,1.702,1.702,1.702,1.702
1975-08-04,1.6988,1.6988,1.6988,1.6988
1975-08-05,1.6995,1.6995,1.6995,1.6995
1975-08-06,1.6907,1.6907,1.6907,1.6907
1975-08-07,1.6708,1.6708,1.6708,1.6708
1975-08-08,1.6851,1.6851,1.6851,1.6851
1975-08-11,1.9823,1.9823,1.9823,1.9823
1975-08-12,1.9848,1.9848,1.9848,1.9848
1975-08-13,1.9886,1.9886,1.9886,1.9886
1975-08-14,1.9858,1.9858,1.9858,1.9858
1975-08-15,1.9862,1.9862,1.9862,1.9862
1975-08-18,1.9858,1.9858,1.9858,1.9858
1975-08-19,1.9937,1.9937,1.9937,1.9937
1975-08-20,1.9907,1.9907,1.9907,1.9907
1975-08-21,1.9845,1.9845,1.9845,1.9845
1975-08-22,1.9813,1.9813,1.9813,1.9813
1975-08-26,1.988,1.988,1.988,1.988
1975-08-27,1.9856,1.9856,1.9856,1.9856
1975-08-28,1.9856,1.9856,1.9856,1.9856
1975-08-29,1.9869,1.9869,1.9869,1.9869
1975-09-01,1.984,1.984,1.984,1.984
1975-09-02,1.9894,1.9894,1.9894,1.9894
1975-09-03,1.9886,1.9886,1.9886,1.9886
1975-09-04,1.9848,1.9848,1.9848,1.9848
1975-09-05,1.9876,1.9876,1.9876,1.9876
1975-09-08,1.9869,1.9869,1.9869,1.9869
1975-09-09,1.9885,1.9885,1.9885,1.9885
1975-09-10,1.9869,1.9869,1.9869,1.9869
1975-09-11,1.9869,1.9869,1.9869,1.9869
1975-09-12,1.9849,1.9849,1.9849,1.9849
1975-09-15,1.9839,1.9839,1.9839,1.9839
1975-09-16,1.9693,1.9693,1.9693,1.9693
1975-09-17,1.9619,1.9619,1.9619,1.9619
1975-09-18,1.9725,1.9725,1.9725,1.9725
1975-09-19,1.9762,1.9762,1.9762,1.9762
1975-09-22,1.9699,1.9699,1.9699,1.9699
1975-09-23,1.9515,1.9515,1.9515,1.9515
1975-09-24,1.9587,1.9587,1.9587,1.9587
1975-09-25,1.9654,1.9654,1.9654,1.9654
1975-09-26,1.9607,1.9607,1.9607,1.9607
1975-09-29,1.9528,1.9528,1.9528,1.9528
1975-09-30,1.9624,1.9624,1.9624,1.9624
1975-10-01,1.957,1.957,1.957,1.957
1975-10-02,1.9551,1.9551,1.9551,1.9551
1975-10-03,1.9531,1.9531,1.9531,1.9531
1975-10-06,1.9606,1.9606,1.9606,1.9606
1975-10-07,1.9579,1.9579,1.9579,1.9579
1975-10-08,1.9587,1.9587,1.9587,1.9587
1975-10-09,1.9625,1.9625,1.9625,1.9625
1975-10-10,1.9694,1.9694,1.9694,1.9694
1975-10-13,1.9715,1.9715,1.9715,1.9715
1975-10-14,1.9505,1.9505,1.9505,1.9505
1975-10-15,1.9655,1.9655,1.9655,1.9655
1975-10-16,1.9617,1.9617,1.9617,1.9617
1975-10-17,1.9617,1.9617,1.9617,1.9617
1975-10-20,1.9658,1.9658,1.9658,1.9658
1975-10-21,1.9647,1.9647,1.9647,1.9647
1975-10-22,1.9757,1.9757,1.9757,1.9757
1975-10-23,1.9637,1.9637,1.9637,1.9637
1975-10-24,1.9698,1.9698,1.9698,1.9698
1975-10-27,1.9684,1.9684,1.9684,1.9684
1975-10-28,1.9658,1.9658,1.9658,1.9658
1975-10-29,1.9675,1.9675,1.9675,1.9675
1975-10-30,1.9732,1.9732,1.9732,1.9732
1975-10-31,1.9735,1.9735,1.9735,1.9735
1975-11-03,1.9657,1.9657,1.9657,1.9657
1975-11-04,1.9621,1.9621,1.9621,1.9621
1975-11-05,1.961,1.961,1.961,1.961
1975-11-06,1.9691,1.9691,1.9691,1.9691
1975-11-07,1.9621,1.9621,1.9621,1.9621
1975-11-10,1.9658,1.9658,1.9658,1.9658
1975-11-11,1.963,1.963,1.963,1.963
1975-11-12,1.9564,1.9564,1.9564,1.9564
1975-11-13,1.9581,1.9581,1.9581,1.9581
1975-11-14,1.9515,1.9515,1.9515,1.9515
1975-11-17,1.9466,1.9466,1.9466,1.9466
1975-11-18,1.9494,1.9494,1.9494,1.9494
1975-11-19,1.9576,1.9576,1.9576,1.9576
1975-11-20,1.9596,1.9596,1.9596,1.9596
1975-11-21,1.952,1.952,1.952,1.952
1975-11-24,1.9533,1.9533,1.9533,1.9533
1975-11-25,1.9539,1.9539,1.9539,1.9539
1975-11-26,1.9483,1.9483,1.9483,1.9483
1975-11-27,1.9463,1.9463,1.9463,1.9463
1975-11-28,1.9416,1.9416,1.9416,1.9416
1975-12-01,1.9434,1.9434,1.9434,1.9434
1975-12-02,1.9461,1.9461,1.9461,1.9461
1975-12-03,1.949,1.949,1.949,1.949
1975-12-04,1.9517,1.9517,1.9517,1.9517
1975-12-05,1.948,1.948,1.948,1.948
1975-12-08,1.9491,1.9491,1.9491,1.9491
1975-12-09,1.9491,1.9491,1.9491,1.9491
1975-12-10,1.9507,1.9507,1.9507,1.9507
1975-12-11,1.9483,1.9483,1.9483,1.9483
1975-12-12,1.9462,1.9462,1.9462,1.9462
1975-12-15,1.9466,1.9466,1.9466,1.9466
1975-12-16,1.949,1.949,1.949,1.949
1975-12-17,1.9517,1.9517,1.9517,1.9517
1975-12-18,1.9485,1.9485,1.9485,1.9485
1975-12-19,1.9444,1.9444,1.9444,1.9444
1975-12-22,1.9477,1.9477,1.9477,1.9477
1975-12-23,1.9491,1.9491,1.9491,1.9491
1975-12-24,1.9498,1.9498,1.9498,1.9498
1975-12-29,1.9472,1.9472,1.9472,1.9472
1975-12-30,1.9489,1.9489,1.9489,1.9489
1975-12-31,1.9481,1.9481,1.9481,1.9481
1976-01-02,1.9489,1.9489,1.9489,1.9489
1976-01-05,1.9558,1.9558,1.9558,1.9558
1976-01-06,1.9519,1.9519,1.9519,1.9519
1976-01-07,1.9541,1.9541,1.9541,1.9541
1976-01-08,1.9531,1.9531,1.9531,1.9531
1976-01-09,1.9509,1.9509,1.9509,1.9509
1976-01-12,1.9539,1.9539,1.9539,1.9539
1976-01-13,1.9461,1.9461,1.9461,1.9461
1976-01-14,1.9504,1.9504,1.9504,1.9504
1976-01-15,1.9485,1.9485,1.9485,1.9485
1976-01-16,1.9496,1.9496,1.9496,1.9496
1976-01-19,1.9538,1.9538,1.9538,1.9538
1976-01-20,1.9502,1.9502,1.9502,1.9502
1976-01-21,1.9427,1.9427,1.9427,1.9427
1976-01-22,1.9434,1.9434,1.9434,1.9434
1976-01-23,1.946,1.946,1.946,1.946
1976-01-26,1.9472,1.9472,1.9472,1.9472
1976-01-27,1.9468,1.9468,1.9468,1.9468
1976-01-28,1.9396,1.9396,1.9396,1.9396
1976-01-29,1.9481,1.9481,1.9481,1.9481
1976-01-30,1.9474,1.9474,1.9474,1.9474
1976-02-02,1.9481,1.9481,1.9481,1.9481
1976-02-03,1.9453,1.9453,1.9453,1.9453
1976-02-04,1.9492,1.9492,1.9492,1.9492
1976-02-05,1.9425,1.9425,1.9425,1.9425
1976-02-06,1.9418,1.9418,1.9418,1.9418
1976-02-09,1.9457,1.9457,1.9457,1.9457
1976-02-10,1.9414,1.9414,1.9414,1.9414
1976-02-11,1.9435,1.9435,1.9435,1.9435
1976-02-12,1.9414,1.9414,1.9414,1.9414
1976-02-13,1.9398,1.9398,1.9398,1.9398
1976-02-16,1.9378,1.9378,1.9378,1.9378
1976-02-17,1.9414,1.9414,1.9414,1.9414
1976-02-18,1.9436,1.9436,1.9436,1.9436
1976-02-19,1.9419,1.9419,1.9419,1.9419
1976-02-20,1.9429,1.9429,1.9429,1.9429
1976-02-23,1.9423,1.9423,1.9423,1.9423
1976-02-24,1.9437,1.9437,1.9437,1.9437
1976-02-25,1.9442,1.9442,1.9442,1.9442
1976-02-26,1.9433,1.9433,1.9433,1.9433
1976-02-27,1.9425,1.9425,1.9425,1.9425
1976-03-01,1.9433,1.9433,1.9433,1.9433
1976-03-02,1.9433,1.9433,1.9433,1.9433
1976-03-03,1.9433,1.9433,1.9433,1.9433
1976-03-04,1.9342,1.9342,1.9342,1.9342
1976-03-05,1.9102,1.9102,1.9102,1.9102
1976-03-08,1.8936,1.8936,1.8936,1.8936
1976-03-09,1.9009,1.9009,1.9009,1.9009
1976-03-10,1.8799,1.8799,1.8799,1.8799
1976-03-11,1.8828,1.8828,1.8828,1.8828
1976-03-12,1.8868,1.8868,1.8868,1.8868
1976-03-15,1.8872,1.8872,1.8872,1.8872
1976-03-16,1.8802,1.8802,1.8802,1.8802
1976-03-17,1.8953,1.8953,1.8953,1.8953
1976-03-18,1.8881,1.8881,1.8881,1.8881
1976-03-19,1.8842,1.8842,1.8842,1.8842
1976-03-22,1.8858,1.8858,1.8858,1.8858
1976-03-23,1.8892,1.8892,1.8892,1.8892
1976-03-24,1.8907,1.8907,1.8907,1.8907
1976-03-25,1.8845,1.8845,1.8845,1.8845
1976-03-26,1.8836,1.8836,1.8836,1.8836
1976-03-29,1.8815,1.8815,1.8815,1.8815
1976-03-30,1.8807,1.8807,1.8807,1.8807
1976-03-31,1.8811,1.8811,1.8811,1.8811
1976-04-01,1.8536,1.8536,1.8536,1.8536
1976-04-02,1.8489,1.8489,1.8489,1.8489
1976-04-05,1.8523,1.8523,1.8523,1.8523
1976-04-06,1.8497,1.8497,1.8497,1.8497
1976-04-07,1.8588,1.8588,1.8588,1.8588
1976-04-08,1.8351,1.8351,1.8351,1.8351
1976-04-09,1.8443,1.8443,1.8443,1.8443
1976-04-12,1.844,1.844,1.844,1.844
1976-04-13,1.8471,1.8471,1.8471,1.8471
1976-04-14,1.8509,1.8509,1.8509,1.8509
1976-04-15,1.8463,1.8463,1.8463,1.8463
1976-04-20,1.8429,1.8429,1.8429,1.8429
1976-04-21,1.8383,1.8383,1.8383,1.8383
1976-04-22,1.8296,1.8296,1.8296,1.8296
1976-04-23,1.8251,1.8251,1.8251,1.8251
1976-04-26,1.8324,1.8324,1.8324,1.8324
1976-04-27,1.8352,1.8352,1.8352,1.8352
1976-04-28,1.8475,1.8475,1.8475,1.8475
1976-04-29,1.8466,1.8466,1.8466,1.8466
1976-04-30,1.8418,1.8418,1.8418,1.8418
1976-05-03,1.8293,1.8293,1.8293,1.8293
1976-05-04,1.8337,1.8337,1.8337,1.8337
1976-05-05,1.8264,1.8264,1.8264,1.8264
1976-05-06,1.8303,1.8303,1.8303,1.8303
1976-05-07,1.8197,1.8197,1.8197,1.8197
1976-05-10,1.8385,1.8385,1.8385,1.8385
1976-05-11,1.8359,1.8359,1.8359,1.8359
1976-05-12,1.8411,1.8411,1.8411,1.8411
1976-05-13,1.8286,1.8286,1.8286,1.8286
1976-05-14,1.8214,1.8214,1.8214,1.8214
1976-05-17,1.8173,1.8173,1.8173,1.8173
1976-05-18,1.8292,1.8292,1.8292,1.8292
1976-05-19,1.8244,1.8244,1.8244,1.8244
1976-05-20,1.8253,1.8253,1.8253,1.8253
1976-05-21,1.7935,1.7935,1.7935,1.7935
1976-05-24,1.8137,1.8137,1.8137,1.8137
1976-05-25,1.8041,1.8041,1.8041,1.8041
1976-05-26,1.7941,1.7941,1.7941,1.7941
1976-05-27,1.8021,1.8021,1.8021,1.8021
1976-05-28,1.7903,1.7903,1.7903,1.7903
1976-06-01,1.7895,1.7895,1.7895,1.7895
1976-06-02,1.7653,1.7653,1.7653,1.7653
1976-06-03,1.764,1.764,1.764,1.764
1976-06-04,1.7795,1.7795,1.7795,1.7795
1976-06-07,1.8188,1.8188,1.8188,1.8188
1976-06-08,1.8005,1.8005,1.8005,1.8005
1976-06-09,1.8056,1.8056,1.8056,1.8056
1976-06-10,1.8005,1.8005,1.8005,1.8005
1976-06-11,1.8009,1.8009,1.8009,1.8009
1976-06-14,1.8046,1.8046,1.8046,1.8046
1976-06-15,1.811,1.811,1.811,1.811
1976-06-16,1.8049,1.8049,1.8049,1.8049
1976-06-17,1.8043,1.8043,1.8043,1.8043
1976-06-18,1.8021,1.8021,1.8021,1.8021
1976-06-21,1.8049,1.8049,1.8049,1.8049
1976-06-22,1.8027,1.8027,1.8027,1.8027
1976-06-23,1.8026,1.8026,1.8026,1.8026
1976-06-24,1.7988,1.7988,1.7988,1.7988
1976-06-25,1.797,1.797,1.797,1.797
1976-06-28,1.8012,1.8012,1.8012,1.8012
1976-06-29,1.8043,1.8043,1.8043,1.8043
1976-06-30,1.8069,1.8069,1.8069,1.8069
1976-07-01,1.8119,1.8119,1.8119,1.8119
1976-07-02,1.8112,1.8112,1.8112,1.8112
1976-07-05,1.8141,1.8141,1.8141,1.8141
1976-07-06,1.8176,1.8176,1.8176,1.8176
1976-07-07,1.8148,1.8148,1.8148,1.8148
1976-07-08,1.8054,1.8054,1.8054,1.8054
1976-07-09,1.7961,1.7961,1.7961,1.7961
1976-07-12,1.8114,1.8114,1.8114,1.8114
1976-07-13,1.8061,1.8061,1.8061,1.8061
1976-07-14,1.7927,1.7927,1.7927,1.7927
1976-07-15,1.8018,1.8018,1.8018,1.8018
1976-07-16,1.7937,1.7937,1.7937,1.7937
1976-07-19,1.7966,1.7966,1.7966,1.7966
1976-07-20,1.8051,1.8051,1.8051,1.8051
1976-07-21,1.8035,1.8035,1.8035,1.8035
1976-07-22,1.804,1.804,1.804,1.804
1976-07-23,1.802,1.802,1.802,1.802
1976-07-26,1.7978,1.7978,1.7978,1.7978
1976-07-27,1.803,1.803,1.803,1.803
1976-07-28,1.81,1.81,1.81,1.81
1976-07-29,1.7841,1.7841,1.7841,1.7841
1976-07-30,1.7895,1.7895,1.7895,1.7895
1976-08-02,1.7967,1.7967,1.7967,1.7967
1976-08-03,1.7945,1.7945,1.7945,1.7945
1976-08-04,1.7998,1.7998,1.7998,1.7998
1976-08-05,1.7909,1.7909,1.7909,1.7909
1976-08-06,1.7907,1.7907,1.7907,1.7907
1976-08-09,1.7973,1.7973,1.7973,1.7973
1976-08-10,1.7946,1.7946,1.7946,1.7946
1976-08-11,1.7968,1.7968,1.7968,1.7968
1976-08-12,1.793,1.793,1.793,1.793
1976-08-13,1.7902,1.7902,1.7902,1.7902
1976-08-16,1.7897,1.7897,1.7897,1.7897
1976-08-17,1.7947,1.7947,1.7947,1.7947
1976-08-18,1.786,1.786,1.786,1.786
1976-08-19,1.7856,1.7856,1.7856,1.7856
1976-08-20,1.7854,1.7854,1.7854,1.7854
1976-08-23,1.7883,1.7883,1.7883,1.7883
1976-08-24,1.7816,1.7816,1.7816,1.7816
1976-08-25,1.7774,1.7774,1.7774,1.7774
1976-08-26,1.7812,1.7812,1.7812,1.7812
1976-08-27,1.7717,1.7717,1.7717,1.7717
1976-08-31,1.7814,1.7814,1.7814,1.7814
1976-09-01,1.7783,1.7783,1.7783,1.7783
1976-09-02,1.7796,1.7796,1.7796,1.7796
1976-09-03,1.7721,1.7721,1.7721,1.7721
1976-09-06,1.7721,1.7721,1.7721,1.7721
1976-09-07,1.7777,1.7777,1.7777,1.7777
1976-09-08,1.7777,1.7777,1.7777,1.7777
1976-09-09,1.7537,1.7537,1.7537,1.7537
1976-09-10,1.7554,1.7554,1.7554,1.7554
1976-09-13,1.7604,1.7604,1.7604,1.7604
1976-09-14,1.7529,1.7529,1.7529,1.7529
1976-09-15,1.7499,1.7499,1.7499,1.7499
1976-09-16,1.7602,1.7602,1.7602,1.7602
1976-09-17,1.7445,1.7445,1.7445,1.7445
1976-09-20,1.736,1.736,1.736,1.736
1976-09-21,1.7393,1.7393,1.7393,1.7393
1976-09-22,1.7443,1.7443,1.7443,1.7443
1976-09-23,1.737,1.737,1.737,1.737
1976-09-24,1.7266,1.7266,1.7266,1.7266
1976-09-27,1.7182,1.7182,1.7182,1.7182
1976-09-28,1.7118,1.7118,1.7118,1.7118
1976-09-29,1.7299,1.7299,1.7299,1.7299
1976-09-30,1.7181,1.7181,1.7181,1.7181
1976-10-01,1.7228,1.7228,1.7228,1.7228
1976-10-04,1.7361,1.7361,1.7361,1.7361
1976-10-05,1.7039,1.7039,1.7039,1.7039
1976-10-06,1.6952,1.6952,1.6952,1.6952
1976-10-07,1.7144,1.7144,1.7144,1.7144
1976-10-08,1.7057,1.7057,1.7057,1.7057
1976-10-11,1.7006,1.7006,1.7006,1.7006
1976-10-12,1.706,1.706,1.706,1.706
1976-10-13,1.7043,1.7043,1.7043,1.7043
1976-10-14,1.6858,1.6858,1.6858,1.6858
1976-10-15,1.7091,1.7091,1.7091,1.7091
1976-10-18,1.7112,1.7112,1.7112,1.7112
1976-10-19,1.7108,1.7108,1.7108,1.7108
1976-10-20,1.7083,1.7083,1.7083,1.7083
1976-10-21,1.7079,1.7079,1.7079,1.7079
1976-10-22,1.7025,1.7025,1.7025,1.7025
1976-10-25,1.6699,1.6699,1.6699,1.6699
1976-10-26,1.6771,1.6771,1.6771,1.6771
1976-10-27,1.6484,1.6484,1.6484,1.6484
1976-10-28,1.657,1.657,1.657,1.657
1976-10-29,1.6695,1.6695,1.6695,1.6695
1976-11-01,1.6769,1.6769,1.6769,1.6769
1976-11-02,1.6833,1.6833,1.6833,1.6833
1976-11-03,1.689,1.689,1.689,1.689
1976-11-04,1.7141,1.7141,1.7141,1.7141
1976-11-05,1.6985,1.6985,1.6985,1.6985
1976-11-08,1.6936,1.6936,1.6936,1.6936
1976-11-09,1.7057,1.7057,1.7057,1.7057
1976-11-10,1.704,1.704,1.704,1.704
1976-11-11,1.6957,1.6957,1.6957,1.6957
1976-11-12,1.6978,1.6978,1.6978,1.6978
1976-11-15,1.711,1.711,1.711,1.711
1976-11-16,1.7098,1.7098,1.7098,1.7098
1976-11-17,1.7207,1.7207,1.7207,1.7207
1976-11-18,1.7184,1.7184,1.7184,1.7184
1976-11-19,1.7297,1.7297,1.7297,1.7297
1976-11-22,1.6959,1.6959,1.6959,1.6959
1976-11-23,1.7192,1.7192,1.7192,1.7192
1976-11-24,1.712,1.712,1.712,1.712
1976-11-25,1.7111,1.7111,1.7111,1.7111
1976-11-26,1.7022,1.7022,1.7022,1.7022
1976-11-29,1.8198,1.8198,1.8198,1.8198
1976-11-30,1.8339,1.8339,1.8339,1.8339
1976-12-01,1.8469,1.8469,1.8469,1.8469
1976-12-02,1.8416,1.8416,1.8416,1.8416
1976-12-03,1.8432,1.8432,1.8432,1.8432
1976-12-06,1.8399,1.8399,1.8399,1.8399
1976-12-07,1.8561,1.8561,1.8561,1.8561
1976-12-08,1.8396,1.8396,1.8396,1.8396
1976-12-09,1.8384,1.8384,1.8384,1.8384
1976-12-10,1.8412,1.8412,1.8412,1.8412
1976-12-13,1.8493,1.8493,1.8493,1.8493
1976-12-14,1.8338,1.8338,1.8338,1.8338
1976-12-15,1.8428,1.8428,1.8428,1.8428
1976-12-16,1.8285,1.8285,1.8285,1.8285
1976-12-17,1.8231,1.8231,1.8231,1.8231
1976-12-20,1.8035,1.8035,1.8035,1.8035
1976-12-21,1.7945,1.7945,1.7945,1.7945
1976-12-22,1.7982,1.7982,1.7982,1.7982
1976-12-23,1.7929,1.7929,1.7929,1.7929
1976-12-24,1.7957,1.7957,1.7957,1.7957
1976-12-29,1.8052,1.8052,1.8052,1.8052
1976-12-30,1.7896,1.7896,1.7896,1.7896
1976-12-31,1.8012,1.8012,1.8012,1.8012
1977-01-04,1.8005,1.8005,1.8005,1.8005
1977-01-05,1.8038,1.8038,1.8038,1.8038
1977-01-06,1.7985,1.7985,1.7985,1.7985
1977-01-07,1.7956,1.7956,1.7956,1.7956
1977-01-10,1.8044,1.8044,1.8044,1.8044
1977-01-11,1.7996,1.7996,1.7996,1.7996
1977-01-12,1.8009,1.8009,1.8009,1.8009
1977-01-13,1.801,1.801,1.801,1.801
1977-01-14,1.8032,1.8032,1.8032,1.8032
1977-01-17,1.8129,1.8129,1.8129,1.8129
1977-01-18,1.8131,1.8131,1.8131,1.8131
1977-01-19,1.8151,1.8151,1.8151,1.8151
1977-01-20,1.811,1.811,1.811,1.811
1977-01-21,1.8042,1.8042,1.8042,1.8042
1977-01-24,1.8141,1.8141,1.8141,1.8141
1977-01-25,1.8139,1.8139,1.8139,1.8139
1977-01-26,1.8138,1.8138,1.8138,1.8138
1977-01-27,1.8131,1.8131,1.8131,1.8131
1977-01-28,1.8043,1.8043,1.8043,1.8043
1977-01-31,1.8034,1.8034,1.8034,1.8034
1977-02-01,1.8098,1.8098,1.8098,1.8098
1977-02-02,1.8039,1.8039,1.8039,1.8039
1977-02-03,1.8094,1.8094,1.8094,1.8094
1977-02-04,1.8051,1.8051,1.8051,1.8051
1977-02-07,1.8098,1.8098,1.8098,1.8098
1977-02-08,1.8038,1.8038,1.8038,1.8038
1977-02-09,1.8016,1.8016,1.8016,1.8016
1977-02-10,1.8002,1.8002,1.8002,1.8002
1977-02-11,1.7972,1.7972,1.7972,1.7972
1977-02-14,1.7926,1.7926,1.7926,1.7926
1977-02-15,1.7898,1.7898,1.7898,1.7898
1977-02-16,1.789,1.789,1.789,1.789
1977-02-17,1.7885,1.7885,1.7885,1.7885
1977-02-18,1.7879,1.7879,1.7879,1.7879
1977-02-21,1.7883,1.7883,1.7883,1.7883
1977-02-22,1.7911,1.7911,1.7911,1.7911
1977-02-23,1.7906,1.7906,1.7906,1.7906
1977-02-24,1.7912,1.7912,1.7912,1.7912
1977-02-25,1.7911,1.7911,1.7911,1.7911
1977-02-28,1.7935,1.7935,1.7935,1.7935
1977-03-01,1.7935,1.7935,1.7935,1.7935
1977-03-02,1.7951,1.7951,1.7951,1.7951
1977-03-03,1.7951,1.7951,1.7951,1.7951
1977-03-04,1.7938,1.7938,1.7938,1.7938
1977-03-07,1.7971,1.7971,1.7971,1.7971
1977-03-08,1.7958,1.7958,1.7958,1.7958
1977-03-09,1.7973,1.7973,1.7973,1.7973
1977-03-10,1.7948,1.7948,1.7948,1.7948
1977-03-11,1.798,1.798,1.798,1.798
1977-03-14,1.7976,1.7976,1.7976,1.7976
1977-03-15,1.8002,1.8002,1.8002,1.8002
1977-03-16,1.7987,1.7987,1.7987,1.7987
1977-03-17,1.798,1.798,1.798,1.798
1977-03-18,1.7961,1.7961,1.7961,1.7961
1977-03-21,1.7954,1.7954,1.7954,1.7954
1977-03-22,1.792,1.792,1.792,1.792
1977-03-23,1.7923,1.7923,1.7923,1.7923
1977-03-24,1.7914,1.7914,1.7914,1.7914
1977-03-25,1.792,1.792,1.792,1.792
1977-03-28,1.7933,1.7933,1.7933,1.7933
1977-03-29,1.791,1.791,1.791,1.791
1977-03-30,1.7924,1.7924,1.7924,1.7924
1977-03-31,1.7918,1.7918,1.7918,1.7918
1977-04-01,1.7911,1.7911,1.7911,1.7911
1977-04-04,1.7906,1.7906,1.7906,1.7906
1977-04-05,1.7888,1.7888,1.7888,1.7888
1977-04-06,1.7872,1.7872,1.7872,1.7872
1977-04-07,1.7866,1.7866,1.7866,1.7866
1977-04-12,1.7863,1.7863,1.7863,1.7863
1977-04-13,1.7848,1.7848,1.7848,1.7848
1977-04-14,1.783,1.783,1.783,1.783
1977-04-15,1.784,1.784,1.784,1.784
1977-04-18,1.7874,1.7874,1.7874,1.7874
1977-04-19,1.7878,1.7878,1.7878,1.7878
1977-04-20,1.7911,1.7911,1.7911,1.7911
1977-04-21,1.7891,1.7891,1.7891,1.7891
1977-04-22,1.791,1.791,1.791,1.791
1977-04-25,1.7907,1.7907,1.7907,1.7907
1977-04-26,1.7908,1.7908,1.7908,1.7908
1977-04-27,1.7916,1.7916,1.7916,1.7916
1977-04-28,1.79,1.79,1.79,1.79
1977-04-29,1.7919,1.7919,1.7919,1.7919
1977-05-02,1.7913,1.7913,1.7913,1.7913
1977-05-03,1.791,1.791,1.791,1.791
1977-05-04,1.7916,1.7916,1.7916,1.7916
1977-05-05,1.7887,1.7887,1.7887,1.7887
1977-05-06,1.7879,1.7879,1.7879,1.7879
1977-05-09,1.7896,1.7896,1.7896,1.7896
1977-05-10,1.7908,1.7908,1.7908,1.7908
1977-05-11,1.7915,1.7915,1.7915,1.7915
1977-05-12,1.7907,1.7907,1.7907,1.7907
1977-05-13,1.7918,1.7918,1.7918,1.7918
1977-05-16,1.7917,1.7917,1.7917,1.7917
1977-05-17,1.7915,1.7915,1.7915,1.7915
1977-05-18,1.791,1.791,1.791,1.791
1977-05-19,1.7904,1.7904,1.7904,1.7904
1977-05-20,1.7893,1.7893,1.7893,1.7893
1977-05-23,1.7889,1.7889,1.7889,1.7889
1977-05-24,1.7882,1.7882,1.7882,1.7882
1977-05-25,1.7902,1.7902,1.7902,1.7902
1977-05-26,1.7879,1.7879,1.7879,1.7879
1977-05-27,1.7884,1.7884,1.7884,1.7884
1977-05-31,1.7904,1.7904,1.7904,1.7904
1977-06-01,1.7901,1.7901,1.7901,1.7901
1977-06-02,1.7891,1.7891,1.7891,1.7891
1977-06-03,1.7885,1.7885,1.7885,1.7885
1977-06-06,1.7885,1.7885,1.7885,1.7885
1977-06-08,1.7882,1.7882,1.7882,1.7882
1977-06-09,1.7872,1.7872,1.7872,1.7872
1977-06-10,1.7858,1.7858,1.7858,1.7858
1977-06-13,1.7854,1.7854,1.7854,1.7854
1977-06-14,1.7843,1.7843,1.7843,1.7843
1977-06-15,1.7857,1.7857,1.7857,1.7857
1977-06-16,1.7854,1.7854,1.7854,1.7854
1977-06-17,1.7856,1.7856,1.7856,1.7856
1977-06-20,1.7866,1.7866,1.7866,1.7866
1977-06-21,1.7854,1.7854,1.7854,1.7854
1977-06-22,1.7858,1.7858,1.7858,1.7858
1977-06-23,1.7848,1.7848,1.7848,1.7848
1977-06-24,1.7839,1.7839,1.7839,1.7839
1977-06-27,1.7843,1.7843,1.7843,1.7843
1977-06-28,1.7843,1.7843,1.7843,1.7843
1977-06-29,1.7843,1.7843,1.7843,1.7843
1977-06-30,1.7798,1.7798,1.7798,1.7798
1977-07-01,1.7785,1.7785,1.7785,1.7785
1977-07-04,1.779,1.779,1.779,1.779
1977-07-05,1.7753,1.7753,1.7753,1.7753
1977-07-06,1.7739,1.7739,1.7739,1.7739
1977-07-07,1.7741,1.7741,1.7741,1.7741
1977-07-08,1.7728,1.7728,1.7728,1.7728
1977-07-11,1.7714,1.7714,1.7714,1.7714
1977-07-12,1.7695,1.7695,1.7695,1.7695
1977-07-13,1.771,1.771,1.771,1.771
1977-07-14,1.7701,1.7701,1.7701,1.7701
1977-07-15,1.7709,1.7709,1.7709,1.7709
1977-07-18,1.7713,1.7713,1.7713,1.7713
1977-07-19,1.7697,1.7697,1.7697,1.7697
1977-07-20,1.7695,1.7695,1.7695,1.7695
1977-07-21,1.7681,1.7681,1.7681,1.7681
1977-07-22,1.7692,1.7692,1.7692,1.7692
1977-07-25,1.7694,1.7694,1.7694,1.7694
1977-07-26,1.7685,1.7685,1.7685,1.7685
1977-07-27,1.7814,1.7814,1.7814,1.7814
1977-07-28,1.7817,1.7817,1.7817,1.7817
1977-07-29,1.7839,1.7839,1.7839,1.7839
1977-08-01,1.7899,1.7899,1.7899,1.7899
1977-08-02,1.7877,1.7877,1.7877,1.7877
1977-08-03,1.7932,1.7932,1.7932,1.7932
1977-08-04,1.8074,1.8074,1.8074,1.8074
1977-08-05,1.7978,1.7978,1.7978,1.7978
1977-08-08,1.7911,1.7911,1.7911,1.7911
1977-08-09,1.7939,1.7939,1.7939,1.7939
1977-08-10,1.7956,1.7956,1.7956,1.7956
1977-08-11,1.7945,1.7945,1.7945,1.7945
1977-08-12,1.7955,1.7955,1.7955,1.7955
1977-08-15,1.7974,1.7974,1.7974,1.7974
1977-08-16,1.7997,1.7997,1.7997,1.7997
1977-08-17,1.8007,1.8007,1.8007,1.8007
1977-08-18,1.799,1.799,1.799,1.799
1977-08-19,1.8007,1.8007,1.8007,1.8007
1977-08-22,1.7982,1.7982,1.7982,1.7982
1977-08-23,1.7993,1.7993,1.7993,1.7993
1977-08-24,1.7974,1.7974,1.7974,1.7974
1977-08-25,1.7979,1.7979,1.7979,1.7979
1977-08-26,1.795,1.795,1.795,1.795
1977-08-30,1.7999,1.7999,1.7999,1.7999
1977-08-31,1.8005,1.8005,1.8005,1.8005
1977-09-01,1.7999,1.7999,1.7999,1.7999
1977-09-02,1.7998,1.7998,1.7998,1.7998
1977-09-05,1.7989,1.7989,1.7989,1.7989
1977-09-06,1.8004,1.8004,1.8004,1.8004
1977-09-07,1.8014,1.8014,1.8014,1.8014
1977-09-08,1.7999,1.7999,1.7999,1.7999
1977-09-09,1.8001,1.8001,1.8001,1.8001
1977-09-12,1.8009,1.8009,1.8009,1.8009
1977-09-13,1.8012,1.8012,1.8012,1.8012
1977-09-14,1.802,1.802,1.802,1.802
1977-09-15,1.8014,1.8014,1.8014,1.8014
1977-09-16,1.7996,1.7996,1.7996,1.7996
1977-09-19,1.8005,1.8005,1.8005,1.8005
1977-09-20,1.8001,1.8001,1.8001,1.8001
1977-09-21,1.7999,1.7999,1.7999,1.7999
1977-09-22,1.8007,1.8007,1.8007,1.8007
1977-09-23,1.8017,1.8017,1.8017,1.8017
1977-09-26,1.8006,1.8006,1.8006,1.8006
1977-09-27,1.8003,1.8003,1.8003,1.8003
1977-09-28,1.8012,1.8012,1.8012,1.8012
1977-09-29,1.8017,1.8017,1.8017,1.8017
1977-09-30,1.8015,1.8015,1.8015,1.8015
1977-10-03,1.7994,1.7994,1.7994,1.7994
1977-10-04,1.8021,1.8021,1.8021,1.8021
1977-10-05,1.8003,1.8003,1.8003,1.8003
1977-10-06,1.8029,1.8029,1.8029,1.8029
1977-10-07,1.7985,1.7985,1.7985,1.7985
1977-10-10,1.7994,1.7994,1.7994,1.7994
1977-10-11,1.7996,1.7996,1.7996,1.7996
1977-10-12,1.8028,1.8028,1.8028,1.8028
1977-10-13,1.8004,1.8004,1.8004,1.8004
1977-10-14,1.8018,1.8018,1.8018,1.8018
1977-10-17,1.8032,1.8032,1.8032,1.8032
1977-10-18,1.8042,1.8042,1.8042,1.8042
1977-10-19,1.8061,1.8061,1.8061,1.8061
1977-10-20,1.8001,1.8001,1.8001,1.8001
1977-10-21,1.8026,1.8026,1.8026,1.8026
1977-10-24,1.8033,1.8033,1.8033,1.8033
1977-10-25,1.8039,1.8039,1.8039,1.8039
1977-10-26,1.8062,1.8062,1.8062,1.8062
1977-10-27,1.8008,1.8008,1.8008,1.8008
1977-10-28,1.8061,1.8061,1.8061,1.8061
1977-10-31,1.8488,1.8488,1.8488,1.8488
1977-11-01,1.848,1.848,1.848,1.848
1977-11-02,1.8455,1.8455,1.8455,1.8455
1977-11-03,1.827,1.827,1.827,1.827
1977-11-04,1.8259,1.8259,1.8259,1.8259
1977-11-07,1.8278,1.8278,1.8278,1.8278
1977-11-08,1.83,1.83,1.83,1.83
1977-11-09,1.8164,1.8164,1.8164,1.8164
1977-11-10,1.8288,1.8288,1.8288,1.8288
1977-11-11,1.8303,1.8303,1.8303,1.8303
1977-11-14,1.8331,1.8331,1.8331,1.8331
1977-11-15,1.8307,1.8307,1.8307,1.8307
1977-11-16,1.8322,1.8322,1.8322,1.8322
1977-11-17,1.834,1.834,1.834,1.834
1977-11-18,1.8348,1.8348,1.8348,1.8348
1977-11-21,1.8293,1.8293,1.8293,1.8293
1977-11-22,1.8249,1.8249,1.8249,1.8249
1977-11-23,1.8218,1.8218,1.8218,1.8218
1977-11-24,1.8211,1.8211,1.8211,1.8211
1977-11-25,1.8201,1.8201,1.8201,1.8201
1977-11-28,1.8235,1.8235,1.8235,1.8235
1977-11-29,1.8228,1.8228,1.8228,1.8228
1977-11-30,1.8265,1.8265,1.8265,1.8265
1977-12-01,1.8255,1.8255,1.8255,1.8255
1977-12-02,1.8252,1.8252,1.8252,1.8252
1977-12-05,1.8327,1.8327,1.8327,1.8327
1977-12-06,1.821,1.821,1.821,1.821
1977-12-07,1.8258,1.8258,1.8258,1.8258
1977-12-08,1.8276,1.8276,1.8276,1.8276
1977-12-09,1.8295,1.8295,1.8295,1.8295
1977-12-12,1.8291,1.8291,1.8291,1.8291
1977-12-13,1.8371,1.8371,1.8371,1.8371
1977-12-14,1.8338,1.8338,1.8338,1.8338
1977-12-15,1.836,1.836,1.836,1.836
1977-12-16,1.8447,1.8447,1.8447,1.8447
1977-12-19,1.8532,1.8532,1.8532,1.8532
1977-12-20,1.8545,1.8545,1.8545,1.8545
1977-12-21,1.8538,1.8538,1.8538,1.8538
1977-12-22,1.8414,1.8414,1.8414,1.8414
1977-12-23,1.8541,1.8541,1.8541,1.8541
1977-12-28,1.857,1.857,1.857,1.857
1977-12-29,1.881,1.881,1.881,1.881
1977-12-30,1.8883,1.8883,1.8883,1.8883
1978-01-03,1.9106,1.9106,1.9106,1.9106
1978-01-04,1.8994,1.8994,1.8994,1.8994
1978-01-05,1.8783,1.8783,1.8783,1.8783
1978-01-06,1.8824,1.8824,1.8824,1.8824
1978-01-09,1.8886,1.8886,1.8886,1.8886
1978-01-10,1.8911,1.8911,1.8911,1.8911
1978-01-11,1.8943,1.8943,1.8943,1.8943
1978-01-12,1.9019,1.9019,1.9019,1.9019
1978-01-13,1.8943,1.8943,1.8943,1.8943
1978-01-16,1.8957,1.8957,1.8957,1.8957
1978-01-17,1.8861,1.8861,1.8861,1.8861
1978-01-18,1.8902,1.8902,1.8902,1.8902
1978-01-19,1.8959,1.8959,1.8959,1.8959
1978-01-20,1.9027,1.9027,1.9027,1.9027
1978-01-23,1.9019,1.9019,1.9019,1.9019
1978-01-24,1.902,1.902,1.902,1.902
1978-01-25,1.9067,1.9067,1.9067,1.9067
1978-01-26,1.9086,1.9086,1.9086,1.9086
1978-01-27,1.9055,1.9055,1.9055,1.9055
1978-01-30,1.9064,1.9064,1.9064,1.9064
1978-01-31,1.9081,1.9081,1.9081,1.9081
1978-02-01,1.9071,1.9071,1.9071,1.9071
1978-02-02,1.9087,1.9087,1.9087,1.9087
1978-02-03,1.9028,1.9028,1.9028,1.9028
1978-02-06,1.9029,1.9029,1.9029,1.9029
1978-02-07,1.9062,1.9062,1.9062,1.9062
1978-02-08,1.9005,1.9005,1.9005,1.9005
1978-02-09,1.8956,1.8956,1.8956,1.8956
1978-02-10,1.8983,1.8983,1.8983,1.8983
1978-02-13,1.9031,1.9031,1.9031,1.9031
1978-02-14,1.9019,1.9019,1.9019,1.9019
1978-02-15,1.8974,1.8974,1.8974,1.8974
1978-02-16,1.8987,1.8987,1.8987,1.8987
1978-02-17,1.8987,1.8987,1.8987,1.8987
1978-02-20,1.9116,1.9116,1.9116,1.9116
1978-02-21,1.8974,1.8974,1.8974,1.8974
1978-02-22,1.8972,1.8972,1.8972,1.8972
1978-02-23,1.9032,1.9032,1.9032,1.9032
1978-02-24,1.9045,1.9045,1.9045,1.9045
1978-02-27,1.8885,1.8885,1.8885,1.8885
1978-02-28,1.8947,1.8947,1.8947,1.8947
1978-03-01,1.8893,1.8893,1.8893,1.8893
1978-03-02,1.8923,1.8923,1.8923,1.8923
1978-03-03,1.8907,1.8907,1.8907,1.8907
1978-03-06,1.892,1.892,1.892,1.892
1978-03-07,1.8925,1.8925,1.8925,1.8925
1978-03-08,1.8868,1.8868,1.8868,1.8868
1978-03-09,1.8799,1.8799,1.8799,1.8799
1978-03-10,1.8756,1.8756,1.8756,1.8756
1978-03-13,1.8755,1.8755,1.8755,1.8755
1978-03-14,1.8764,1.8764,1.8764,1.8764
1978-03-15,1.8623,1.8623,1.8623,1.8623
1978-03-16,1.8746,1.8746,1.8746,1.8746
1978-03-17,1.8629,1.8629,1.8629,1.8629
1978-03-20,1.8652,1.8652,1.8652,1.8652
1978-03-21,1.8593,1.8593,1.8593,1.8593
1978-03-22,1.8603,1.8603,1.8603,1.8603
1978-03-23,1.8377,1.8377,1.8377,1.8377
1978-03-28,1.8427,1.8427,1.8427,1.8427
1978-03-29,1.8362,1.8362,1.8362,1.8362
1978-03-30,1.8291,1.8291,1.8291,1.8291
1978-03-31,1.826,1.826,1.826,1.826
1978-04-03,1.8158,1.8158,1.8158,1.8158
1978-04-04,1.8284,1.8284,1.8284,1.8284
1978-04-05,1.8278,1.8278,1.8278,1.8278
1978-04-06,1.8271,1.8271,1.8271,1.8271
1978-04-07,1.8291,1.8291,1.8291,1.8291
1978-04-10,1.8311,1.8311,1.8311,1.8311
1978-04-11,1.8293,1.8293,1.8293,1.8293
1978-04-12,1.8281,1.8281,1.8281,1.8281
1978-04-13,1.8239,1.8239,1.8239,1.8239
1978-04-14,1.8161,1.8161,1.8161,1.8161
1978-04-17,1.8141,1.8141,1.8141,1.8141
1978-04-18,1.8094,1.8094,1.8094,1.8094
1978-04-19,1.8112,1.8112,1.8112,1.8112
1978-04-20,1.8026,1.8026,1.8026,1.8026
1978-04-21,1.809,1.809,1.809,1.809
1978-04-24,1.8079,1.8079,1.8079,1.8079
1978-04-25,1.8032,1.8032,1.8032,1.8032
1978-04-26,1.7997,1.7997,1.7997,1.7997
1978-04-27,1.8095,1.8095,1.8095,1.8095
1978-04-28,1.7997,1.7997,1.7997,1.7997
1978-05-02,1.8067,1.8067,1.8067,1.8067
1978-05-03,1.8031,1.8031,1.8031,1.8031
1978-05-04,1.8118,1.8118,1.8118,1.8118
1978-05-05,1.8066,1.8066,1.8066,1.8066
1978-05-08,1.802,1.802,1.802,1.802
1978-05-09,1.7997,1.7997,1.7997,1.7997
1978-05-10,1.8098,1.8098,1.8098,1.8098
1978-05-11,1.8187,1.8187,1.8187,1.8187
1978-05-12,1.8072,1.8072,1.8072,1.8072
1978-05-15,1.8083,1.8083,1.8083,1.8083
1978-05-16,1.8007,1.8007,1.8007,1.8007
1978-05-17,1.8017,1.8017,1.8017,1.8017
1978-05-18,1.811,1.811,1.811,1.811
1978-05-19,1.8032,1.8032,1.8032,1.8032
1978-05-22,1.807,1.807,1.807,1.807
1978-05-23,1.801,1.801,1.801,1.801
1978-05-24,1.8056,1.8056,1.8056,1.8056
1978-05-25,1.8059,1.8059,1.8059,1.8059
1978-05-26,1.8035,1.8035,1.8035,1.8035
1978-05-30,1.807,1.807,1.807,1.807
1978-05-31,1.8085,1.8085,1.8085,1.8085
1978-06-01,1.8072,1.8072,1.8072,1.8072
1978-06-02,1.8033,1.8033,1.8033,1.8033
1978-06-05,1.798,1.798,1.798,1.798
1978-06-06,1.7972,1.7972,1.7972,1.7972
1978-06-07,1.7999,1.7999,1.7999,1.7999
1978-06-08,1.7989,1.7989,1.7989,1.7989
1978-06-09,1.803,1.803,1.803,1.803
1978-06-12,1.8091,1.8091,1.8091,1.8091
1978-06-13,1.804,1.804,1.804,1.804
1978-06-14,1.805,1.805,1.805,1.805
1978-06-15,1.8026,1.8026,1.8026,1.8026
1978-06-16,1.8033,1.8033,1.8033,1.8033
1978-06-19,1.7992,1.7992,1.7992,1.7992
1978-06-20,1.801,1.801,1.801,1.801
1978-06-21,1.8089,1.8089,1.8089,1.8089
1978-06-22,1.8001,1.8001,1.8001,1.8001
1978-06-23,1.8039,1.8039,1.8039,1.8039
1978-06-26,1.801,1.801,1.801,1.801
1978-06-27,1.8005,1.8005,1.8005,1.8005
1978-06-28,1.807,1.807,1.807,1.807
1978-06-29,1.8113,1.8113,1.8113,1.8113
1978-06-30,1.8063,1.8063,1.8063,1.8063
1978-07-03,1.8111,1.8111,1.8111,1.8111
1978-07-04,1.8174,1.8174,1.8174,1.8174
1978-07-05,1.8159,1.8159,1.8159,1.8159
1978-07-06,1.8113,1.8113,1.8113,1.8113
1978-07-07,1.8142,1.8142,1.8142,1.8142
1978-07-10,1.8225,1.8225,1.8225,1.8225
1978-07-11,1.8197,1.8197,1.8197,1.8197
1978-07-12,1.8227,1.8227,1.8227,1.8227
1978-07-13,1.8219,1.8219,1.8219,1.8219
1978-07-14,1.821,1.821,1.821,1.821
1978-07-17,1.8214,1.8214,1.8214,1.8214
1978-07-18,1.8203,1.8203,1.8203,1.8203
1978-07-19,1.8266,1.8266,1.8266,1.8266
1978-07-20,1.8346,1.8346,1.8346,1.8346
1978-07-21,1.8362,1.8362,1.8362,1.8362
1978-07-24,1.8451,1.8451,1.8451,1.8451
1978-07-25,1.8408,1.8408,1.8408,1.8408
1978-07-26,1.8186,1.8186,1.8186,1.8186
1978-07-27,1.8234,1.8234,1.8234,1.8234
1978-07-28,1.8387,1.8387,1.8387,1.8387
1978-07-31,1.8355,1.8355,1.8355,1.8355
1978-08-01,1.8288,1.8288,1.8288,1.8288
1978-08-02,1.8323,1.8323,1.8323,1.8323
1978-08-03,1.833,1.833,1.833,1.833
1978-08-04,1.8314,1.8314,1.8314,1.8314
1978-08-07,1.8331,1.8331,1.8331,1.8331
1978-08-08,1.8347,1.8347,1.8347,1.8347
1978-08-09,1.8403,1.8403,1.8403,1.8403
1978-08-10,1.8434,1.8434,1.8434,1.8434
1978-08-11,1.8507,1.8507,1.8507,1.8507
1978-08-14,1.8628,1.8628,1.8628,1.8628
1978-08-15,1.8553,1.8553,1.8553,1.8553
1978-08-16,1.8594,1.8594,1.8594,1.8594
1978-08-17,1.8346,1.8346,1.8346,1.8346
1978-08-18,1.845,1.845,1.845,1.845
1978-08-21,1.8397,1.8397,1.8397,1.8397
1978-08-22,1.8366,1.8366,1.8366,1.8366
1978-08-23,1.8387,1.8387,1.8387,1.8387
1978-08-24,1.8365,1.8365,1.8365,1.8365
1978-08-25,1.837,1.837,1.837,1.837
1978-08-29,1.8484,1.8484,1.8484,1.8484
1978-08-30,1.843,1.843,1.843,1.843
1978-08-31,1.8495,1.8495,1.8495,1.8495
1978-09-01,1.8499,1.8499,1.8499,1.8499
1978-09-04,1.8512,1.8512,1.8512,1.8512
1978-09-05,1.8455,1.8455,1.8455,1.8455
1978-09-06,1.8485,1.8485,1.8485,1.8485
1978-09-07,1.8418,1.8418,1.8418,1.8418
1978-09-08,1.8445,1.8445,1.8445,1.8445
1978-09-11,1.848,1.848,1.848,1.848
1978-09-12,1.8477,1.8477,1.8477,1.8477
1978-09-13,1.8592,1.8592,1.8592,1.8592
1978-09-14,1.8604,1.8604,1.8604,1.8604
1978-09-15,1.8563,1.8563,1.8563,1.8563
1978-09-18,1.856,1.856,1.856,1.856
1978-09-19,1.8598,1.8598,1.8598,1.8598
1978-09-20,1.8673,1.8673,1.8673,1.8673
1978-09-21,1.8667,1.8667,1.8667,1.8667
1978-09-22,1.8671,1.8671,1.8671,1.8671
1978-09-25,1.8607,1.8607,1.8607,1.8607
1978-09-26,1.8561,1.8561,1.8561,1.8561
1978-09-27,1.858,1.858,1.858,1.858
1978-09-28,1.8606,1.8606,1.8606,1.8606
1978-09-29,1.8613,1.8613,1.8613,1.8613
1978-10-02,1.8593,1.8593,1.8593,1.8593
1978-10-03,1.8601,1.8601,1.8601,1.8601
1978-10-04,1.8617,1.8617,1.8617,1.8617
1978-10-05,1.8633,1.8633,1.8633,1.8633
1978-10-06,1.8658,1.8658,1.8658,1.8658
1978-10-09,1.8651,1.8651,1.8651,1.8651
1978-10-10,1.8658,1.8658,1.8658,1.8658
1978-10-11,1.8668,1.8668,1.8668,1.8668
1978-10-12,1.8602,1.8602,1.8602,1.8602
1978-10-13,1.8587,1.8587,1.8587,1.8587
1978-10-16,1.8575,1.8575,1.8575,1.8575
1978-10-17,1.8603,1.8603,1.8603,1.8603
1978-10-18,1.8618,1.8618,1.8618,1.8618
1978-10-19,1.8636,1.8636,1.8636,1.8636
1978-10-20,1.8609,1.8609,1.8609,1.8609
1978-10-23,1.8631,1.8631,1.8631,1.8631
1978-10-24,1.866,1.866,1.866,1.866
1978-10-25,1.8777,1.8777,1.8777,1.8777
1978-10-26,1.8949,1.8949,1.8949,1.8949
1978-10-27,1.8964,1.8964,1.8964,1.8964
1978-10-30,1.9087,1.9087,1.9087,1.9087
1978-10-31,1.8993,1.8993,1.8993,1.8993
1978-11-01,1.8746,1.8746,1.8746,1.8746
1978-11-02,1.8583,1.8583,1.8583,1.8583
1978-11-03,1.8655,1.8655,1.8655,1.8655
1978-11-06,1.8664,1.8664,1.8664,1.8664
1978-11-07,1.8633,1.8633,1.8633,1.8633
1978-11-08,1.8566,1.8566,1.8566,1.8566
1978-11-09,1.8566,1.8566,1.8566,1.8566
1978-11-10,1.8535,1.8535,1.8535,1.8535
1978-11-13,1.8544,1.8544,1.8544,1.8544
1978-11-14,1.8595,1.8595,1.8595,1.8595
1978-11-15,1.8592,1.8592,1.8592,1.8592
1978-11-16,1.855,1.855,1.855,1.855
1978-11-17,1.8524,1.8524,1.8524,1.8524
1978-11-20,1.8509,1.8509,1.8509,1.8509
1978-11-21,1.8602,1.8602,1.8602,1.8602
1978-11-22,1.862,1.862,1.862,1.862
1978-11-23,1.8637,1.8637,1.8637,1.8637
1978-11-24,1.856,1.856,1.856,1.856
1978-11-27,1.8585,1.8585,1.8585,1.8585
1978-11-28,1.8635,1.8635,1.8635,1.8635
1978-11-29,1.8659,1.8659,1.8659,1.8659
1978-11-30,1.8588,1.8588,1.8588,1.8588
1978-12-01,1.8615,1.8615,1.8615,1.8615
1978-12-04,1.8581,1.8581,1.8581,1.8581
1978-12-05,1.8649,1.8649,1.8649,1.8649
1978-12-06,1.866,1.866,1.866,1.866
1978-12-07,1.8629,1.8629,1.8629,1.8629
1978-12-08,1.8693,1.8693,1.8693,1.8693
1978-12-11,1.8807,1.8807,1.8807,1.8807
1978-12-12,1.8791,1.8791,1.8791,1.8791
1978-12-13,1.8718,1.8718,1.8718,1.8718
1978-12-14,1.8765,1.8765,1.8765,1.8765
1978-12-15,1.8812,1.8812,1.8812,1.8812
1978-12-18,1.8939,1.8939,1.8939,1.8939
1978-12-19,1.8919,1.8919,1.8919,1.8919
1978-12-20,1.8934,1.8934,1.8934,1.8934
1978-12-21,1.8907,1.8907,1.8907,1.8907
1978-12-22,1.8956,1.8956,1.8956,1.8956
1978-12-27,1.9108,1.9108,1.9108,1.9108
1978-12-28,1.9003,1.9003,1.9003,1.9003
1978-12-29,1.9182,1.9182,1.9182,1.9182
1979-01-02,1.9341,1.9341,1.9341,1.9341
1979-01-03,1.9014,1.9014,1.9014,1.9014
1979-01-04,1.8964,1.8964,1.8964,1.8964
1979-01-05,1.9022,1.9022,1.9022,1.9022
1979-01-08,1.9063,1.9063,1.9063,1.9063
1979-01-09,1.904,1.904,1.904,1.904
1979-01-10,1.8955,1.8955,1.8955,1.8955
1979-01-11,1.8953,1.8953,1.8953,1.8953
1979-01-12,1.8909,1.8909,1.8909,1.8909
1979-01-15,1.8932,1.8932,1.8932,1.8932
1979-01-16,1.8968,1.8968,1.8968,1.8968
1979-01-17,1.8978,1.8978,1.8978,1.8978
1979-01-18,1.9002,1.9002,1.9002,1.9002
1979-01-19,1.8935,1.8935,1.8935,1.8935
1979-01-22,1.892,1.892,1.892,1.892
1979-01-23,1.8925,1.8925,1.8925,1.8925
1979-01-24,1.8954,1.8954,1.8954,1.8954
1979-01-25,1.8915,1.8915,1.8915,1.8915
1979-01-26,1.8917,1.8917,1.8917,1.8917
1979-01-29,1.8988,1.8988,1.8988,1.8988
1979-01-30,1.8971,1.8971,1.8971,1.8971
1979-01-31,1.8917,1.8917,1.8917,1.8917
1979-02-01,1.8912,1.8912,1.8912,1.8912
1979-02-02,1.8896,1.8896,1.8896,1.8896
1979-02-05,1.8936,1.8936,1.8936,1.8936
1979-02-06,1.8961,1.8961,1.8961,1.8961
1979-02-07,1.9018,1.9018,1.9018,1.9018
1979-02-08,1.8936,1.8936,1.8936,1.8936
1979-02-09,1.8959,1.8959,1.8959,1.8959
1979-02-12,1.8968,1.8968,1.8968,1.8968
1979-02-13,1.8972,1.8972,1.8972,1.8972
1979-02-14,1.9018,1.9018,1.9018,1.9018
1979-02-15,1.9047,1.9047,1.9047,1.9047
1979-02-16,1.9017,1.9017,1.9017,1.9017
1979-02-19,1.9007,1.9007,1.9007,1.9007
1979-02-20,1.9047,1.9047,1.9047,1.9047
1979-02-21,1.9059,1.9059,1.9059,1.9059
1979-02-22,1.9074,1.9074,1.9074,1.9074
1979-02-23,1.9084,1.9084,1.9084,1.9084
1979-02-26,1.9186,1.9186,1.9186,1.9186
1979-02-27,1.9145,1.9145,1.9145,1.9145
1979-02-28,1.9174,1.9174,1.9174,1.9174
1979-03-01,1.9217,1.9217,1.9217,1.9217
1979-03-02,1.92,1.92,1.92,1.92
1979-03-05,1.9201,1.9201,1.9201,1.9201
1979-03-06,1.9209,1.9209,1.9209,1.9209
1979-03-07,1.9301,1.9301,1.9301,1.9301
1979-03-08,1.9342,1.9342,1.9342,1.9342
1979-03-09,1.9275,1.9275,1.9275,1.9275
1979-03-12,1.9375,1.9375,1.9375,1.9375
1979-03-13,1.9385,1.9385,1.9385,1.9385
1979-03-14,1.9367,1.9367,1.9367,1.9367
1979-03-15,1.9324,1.9324,1.9324,1.9324
1979-03-16,1.9334,1.9334,1.9334,1.9334
1979-03-19,1.9253,1.9253,1.9253,1.9253
1979-03-20,1.9301,1.9301,1.9301,1.9301
1979-03-21,1.9271,1.9271,1.9271,1.9271
1979-03-22,1.9339,1.9339,1.9339,1.9339
1979-03-23,1.9321,1.9321,1.9321,1.9321
1979-03-26,1.9451,1.9451,1.9451,1.9451
1979-03-27,1.9467,1.9467,1.9467,1.9467
1979-03-28,1.9436,1.9436,1.9436,1.9436
1979-03-29,1.9489,1.9489,1.9489,1.9489
1979-03-30,1.9588,1.9588,1.9588,1.9588
1979-04-02,1.9644,1.9644,1.9644,1.9644
1979-04-03,1.9596,1.9596,1.9596,1.9596
1979-04-04,1.9664,1.9664,1.9664,1.9664
1979-04-05,1.9698,1.9698,1.9698,1.9698
1979-04-06,1.9843,1.9843,1.9843,1.9843
1979-04-09,1.9853,1.9853,1.9853,1.9853
1979-04-10,1.992,1.992,1.992,1.992
1979-04-11,1.9815,1.9815,1.9815,1.9815
1979-04-12,1.9836,1.9836,1.9836,1.9836
1979-04-17,1.9897,1.9897,1.9897,1.9897
1979-04-18,1.9793,1.9793,1.9793,1.9793
1979-04-19,1.9813,1.9813,1.9813,1.9813
1979-04-20,1.9698,1.9698,1.9698,1.9698
1979-04-23,1.9752,1.9752,1.9752,1.9752
1979-04-24,1.9756,1.9756,1.9756,1.9756
1979-04-25,1.955,1.955,1.955,1.955
1979-04-26,1.9575,1.9575,1.9575,1.9575
1979-04-27,1.9678,1.9678,1.9678,1.9678
1979-04-30,1.9813,1.9813,1.9813,1.9813
1979-05-01,1.976,1.976,1.976,1.976
1979-05-02,1.9849,1.9849,1.9849,1.9849
1979-05-03,1.9903,1.9903,1.9903,1.9903
1979-05-04,1.9849,1.9849,1.9849,1.9849
1979-05-08,1.9726,1.9726,1.9726,1.9726
1979-05-09,1.9661,1.9661,1.9661,1.9661
1979-05-10,1.9639,1.9639,1.9639,1.9639
1979-05-11,1.9574,1.9574,1.9574,1.9574
1979-05-14,1.9546,1.9546,1.9546,1.9546
1979-05-15,1.9687,1.9687,1.9687,1.9687
1979-05-16,1.9679,1.9679,1.9679,1.9679
1979-05-17,1.9694,1.9694,1.9694,1.9694
1979-05-18,1.9693,1.9693,1.9693,1.9693
1979-05-21,1.9638,1.9638,1.9638,1.9638
1979-05-22,1.966,1.966,1.966,1.966
1979-05-23,1.9783,1.9783,1.9783,1.9783
1979-05-24,1.9717,1.9717,1.9717,1.9717
1979-05-25,1.9692,1.9692,1.9692,1.9692
1979-05-29,1.9785,1.9785,1.9785,1.9785
1979-05-30,1.9826,1.9826,1.9826,1.9826
1979-05-31,1.9875,1.9875,1.9875,1.9875
1979-06-01,1.9851,1.9851,1.9851,1.9851
1979-06-04,1.9893,1.9893,1.9893,1.9893
1979-06-05,1.9921,1.9921,1.9921,1.9921
1979-06-06,1.9867,1.9867,1.9867,1.9867
1979-06-07,1.9823,1.9823,1.9823,1.9823
1979-06-08,1.9818,1.9818,1.9818,1.9818
1979-06-11,1.9808,1.9808,1.9808,1.9808
1979-06-12,1.9971,1.9971,1.9971,1.9971
1979-06-13,2.0146,2.0146,2.0146,2.0146
1979-06-14,2.0033,2.0033,2.0033,2.0033
1979-06-15,2.0051,2.0051,2.0051,2.0051
1979-06-18,2.0113,2.0113,2.0113,2.0113
1979-06-19,2.009,2.009,2.009,2.009
1979-06-20,2.0208,2.0208,2.0208,2.0208
1979-06-21,2.1415,2.1415,2.1415,2.1415
1979-06-22,2.1339,2.1339,2.1339,2.1339
1979-06-25,2.1482,2.1482,2.1482,2.1482
1979-06-26,2.1397,2.1397,2.1397,2.1397
1979-06-27,2.14,2.14,2.14,2.14
1979-06-28,2.148,2.148,2.148,2.148
1979-06-29,2.1528,2.1528,2.1528,2.1528
1979-07-02,2.1651,2.1651,2.1651,2.1651
1979-07-03,2.1761,2.1761,2.1761,2.1761
1979-07-04,2.1993,2.1993,2.1993,2.1993
1979-07-05,2.1999,2.1999,2.1999,2.1999
1979-07-06,2.1865,2.1865,2.1865,2.1865
1979-07-09,2.1794,2.1794,2.1794,2.1794
1979-07-10,2.1907,2.1907,2.1907,2.1907
1979-07-11,2.1998,2.1998,2.1998,2.1998
1979-07-12,2.1948,2.1948,2.1948,2.1948
1979-07-13,2.1887,2.1887,2.1887,2.1887
1979-07-16,2.2001,2.2001,2.2001,2.2001
1979-07-17,2.223,2.223,2.223,2.223
1979-07-18,2.2223,2.2223,2.2223,2.2223
1979-07-19,2.244,2.244,2.244,2.244
1979-07-20,2.2255,2.2255,2.2255,2.2255
1979-07-23,2.2452,2.2452,2.2452,2.2452
1979-07-24,2.2558,2.2558,2.2558,2.2558
1979-07-25,2.2551,2.2551,2.2551,2.2551
1979-07-26,2.2612,2.2612,2.2612,2.2612
1979-07-27,2.2504,2.2504,2.2504,2.2504
1979-07-30,2.2568,2.2568,2.2568,2.2568
1979-07-31,2.2261,2.2261,2.2261,2.2261
1979-08-01,2.2278,2.2278,2.2278,2.2278
1979-08-02,2.2232,2.2232,2.2232,2.2232
1979-08-03,2.2243,2.2243,2.2243,2.2243
1979-08-06,2.2026,2.2026,2.2026,2.2026
1979-08-07,2.1788,2.1788,2.1788,2.1788
1979-08-08,2.1858,2.1858,2.1858,2.1858
1979-08-09,2.1991,2.1991,2.1991,2.1991
1979-08-10,2.2082,2.2082,2.2082,2.2082
1979-08-13,2.1984,2.1984,2.1984,2.1984
1979-08-14,2.2081,2.2081,2.2081,2.2081
1979-08-15,2.2023,2.2023,2.2023,2.2023
1979-08-16,2.2005,2.2005,2.2005,2.2005
1979-08-17,2.1902,2.1902,2.1902,2.1902
1979-08-20,2.1999,2.1999,2.1999,2.1999
1979-08-21,2.1884,2.1884,2.1884,2.1884
1979-08-22,2.1952,2.1952,2.1952,2.1952
1979-08-23,2.1998,2.1998,2.1998,2.1998
1979-08-24,2.2114,2.2114,2.2114,2.2114
1979-08-28,2.2254,2.2254,2.2254,2.2254
1979-08-29,2.2323,2.2323,2.2323,2.2323
1979-08-30,2.2259,2.2259,2.2259,2.2259
1979-08-31,2.2289,2.2289,2.2289,2.2289
1979-09-03,2.2233,2.2233,2.2233,2.2233
1979-09-04,2.2199,2.2199,2.2199,2.2199
1979-09-05,2.2225,2.2225,2.2225,2.2225
1979-09-06,2.2238,2.2238,2.2238,2.2238
1979-09-07,2.2243,2.2243,2.2243,2.2243
1979-09-10,2.2244,2.2244,2.2244,2.2244
1979-09-11,2.2197,2.2197,2.2197,2.2197
1979-09-12,2.2052,2.2052,2.2052,2.2052
1979-09-13,2.1997,2.1997,2.1997,2.1997
1979-09-14,2.1781,2.1781,2.1781,2.1781
1979-09-17,2.1588,2.1588,2.1588,2.1588
1979-09-18,2.1666,2.1666,2.1666,2.1666
1979-09-19,2.158,2.158,2.158,2.158
1979-09-20,2.1699,2.1699,2.1699,2.1699
1979-09-21,2.1678,2.1678,2.1678,2.1678
1979-09-24,2.1577,2.1577,2.1577,2.1577
1979-09-25,2.1638,2.1638,2.1638,2.1638
1979-09-26,2.1762,2.1762,2.1762,2.1762
1979-09-27,2.1964,2.1964,2.1964,2.1964
1979-09-28,2.1943,2.1943,2.1943,2.1943
1979-10-01,2.1895,2.1895,2.1895,2.1895
1979-10-02,2.1893,2.1893,2.1893,2.1893
1979-10-03,2.186,2.186,2.186,2.186
1979-10-04,2.1879,2.1879,2.1879,2.1879
1979-10-05,2.1837,2.1837,2.1837,2.1837
1979-10-08,2.1471,2.1471,2.1471,2.1471
1979-10-09,2.1799,2.1799,2.1799,2.1799
1979-10-10,2.1899,2.1899,2.1899,2.1899
1979-10-11,2.1848,2.1848,2.1848,2.1848
1979-10-12,2.191,2.191,2.191,2.191
1979-10-15,2.188,2.188,2.188,2.188
1979-10-16,2.1904,2.1904,2.1904,2.1904
1979-10-17,2.1888,2.1888,2.1888,2.1888
1979-10-18,2.1915,2.1915,2.1915,2.1915
1979-10-19,2.1918,2.1918,2.1918,2.1918
1979-10-22,2.1932,2.1932,2.1932,2.1932
1979-10-23,2.1594,2.1594,2.1594,2.1594
1979-10-24,2.1681,2.1681,2.1681,2.1681
1979-10-25,2.1689,2.1689,2.1689,2.1689
1979-10-26,2.1595,2.1595,2.1595,2.1595
1979-10-29,2.1611,2.1611,2.1611,2.1611
1979-10-30,2.0768,2.0768,2.0768,2.0768
1979-10-31,2.154,2.154,2.154,2.154
1979-11-01,2.1543,2.1543,2.1543,2.1543
1979-11-02,2.1348,2.1348,2.1348,2.1348
1979-11-05,2.1372,2.1372,2.1372,2.1372
1979-11-06,2.1476,2.1476,2.1476,2.1476
1979-11-07,2.1648,2.1648,2.1648,2.1648
1979-11-08,2.1705,2.1705,2.1705,2.1705
1979-11-09,2.1695,2.1695,2.1695,2.1695
1979-11-12,2.184,2.184,2.184,2.184
1979-11-13,2.1855,2.1855,2.1855,2.1855
1979-11-14,2.187,2.187,2.187,2.187
1979-11-15,2.2151,2.2151,2.2151,2.2151
1979-11-16,2.2321,2.2321,2.2321,2.2321
1979-11-19,2.2853,2.2853,2.2853,2.2853
1979-11-20,2.2202,2.2202,2.2202,2.2202
1979-11-21,2.2378,2.2378,2.2378,2.2378
1979-11-22,2.2338,2.2338,2.2338,2.2338
1979-11-23,2.2253,2.2253,2.2253,2.2253
1979-11-26,2.2309,2.2309,2.2309,2.2309
1979-11-27,2.2247,2.2247,2.2247,2.2247
1979-11-28,2.2316,2.2316,2.2316,2.2316
1979-11-29,2.2436,2.2436,2.2436,2.2436
1979-11-30,2.2509,2.2509,2.2509,2.2509
1979-12-03,2.2617,2.2617,2.2617,2.2617
1979-12-04,2.2501,2.2501,2.2501,2.2501
1979-12-05,2.2289,2.2289,2.2289,2.2289
1979-12-06,2.2365,2.2365,2.2365,2.2365
1979-12-07,2.2233,2.2233,2.2233,2.2233
1979-12-10,2.2083,2.2083,2.2083,2.2083
1979-12-11,2.2213,2.2213,2.2213,2.2213
1979-12-12,2.2276,2.2276,2.2276,2.2276
1979-12-13,2.2452,2.2452,2.2452,2.2452
1979-12-14,2.2426,2.2426,2.2426,2.2426
1979-12-17,2.245,2.245,2.245,2.245
1979-12-18,2.2414,2.2414,2.2414,2.2414
1979-12-19,2.2483,2.2483,2.2483,2.2483
1979-12-20,2.2436,2.2436,2.2436,2.2436
1979-12-21,2.2418,2.2418,2.2418,2.2418
1979-12-24,2.2519,2.2519,2.2519,2.2519
1979-12-27,2.2777,2.2777,2.2777,2.2777
1979-12-28,2.2624,2.2624,2.2624,2.2624
1979-12-31,2.2635,2.2635,2.2635,2.2635
1980-01-02,2.267,2.267,2.267,2.267
1980-01-03,2.2711,2.2711,2.2711,2.2711
1980-01-04,2.2688,2.2688,2.2688,2.2688
1980-01-07,2.2838,2.2838,2.2838,2.2838
1980-01-08,2.2797,2.2797,2.2797,2.2797
1980-01-09,2.2886,2.2886,2.2886,2.2886
1980-01-10,2.2837,2.2837,2.2837,2.2837
1980-01-11,2.28,2.28,2.28,2.28
1980-01-14,2.2976,2.2976,2.2976,2.2976
1980-01-15,2.31,2.31,2.31,2.31
1980-01-16,2.3078,2.3078,2.3078,2.3078
1980-01-17,2.3014,2.3014,2.3014,2.3014
1980-01-18,2.3116,2.3116,2.3116,2.3116
1980-01-21,2.3163,2.3163,2.3163,2.3163
1980-01-22,2.3064,2.3064,2.3064,2.3064
1980-01-23,2.3085,2.3085,2.3085,2.3085
1980-01-24,2.3142,2.3142,2.3142,2.3142
1980-01-25,2.3034,2.3034,2.3034,2.3034
1980-01-28,2.3011,2.3011,2.3011,2.3011
1980-01-29,2.2974,2.2974,2.2974,2.2974
1980-01-30,2.307,2.307,2.307,2.307
1980-01-31,2.3052,2.3052,2.3052,2.3052
1980-02-01,2.3192,2.3192,2.3192,2.3192
1980-02-04,2.3192,2.3192,2.3192,2.3192
1980-02-05,2.3237,2.3237,2.3237,2.3237
1980-02-06,2.3389,2.3389,2.3389,2.3389
1980-02-07,2.3288,2.3288,2.3288,2.3288
1980-02-08,2.3314,2.3314,2.3314,2.3314
1980-02-11,2.3372,2.3372,2.3372,2.3372
1980-02-12,2.3322,2.3322,2.3322,2.3322
1980-02-13,2.3473,2.3473,2.3473,2.3473
1980-02-14,2.3516,2.3516,2.3516,2.3516
1980-02-15,2.342,2.342,2.342,2.342
1980-02-18,2.3359,2.3359,2.3359,2.3359
1980-02-19,2.3204,2.3204,2.3204,2.3204
1980-02-20,2.3364,2.3364,2.3364,2.3364
1980-02-21,2.3417,2.3417,2.3417,2.3417
1980-02-22,2.3351,2.3351,2.3351,2.3351
1980-02-25,2.3392,2.3392,2.3392,2.3392
1980-02-26,2.3416,2.3416,2.3416,2.3416
1980-02-27,2.3514,2.3514,2.3514,2.3514
1980-02-28,2.3479,2.3479,2.3479,2.3479
1980-02-29,2.3448,2.3448,2.3448,2.3448
1980-03-03,2.3251,2.3251,2.3251,2.3251
1980-03-04,2.3003,2.3003,2.3003,2.3003
1980-03-05,2.3211,2.3211,2.3211,2.3211
1980-03-06,2.3126,2.3126,2.3126,2.3126
1980-03-07,2.3103,2.3103,2.3103,2.3103
1980-03-10,2.3084,2.3084,2.3084,2.3084
1980-03-11,2.3163,2.3163,2.3163,2.3163
1980-03-12,2.3204,2.3204,2.3204,2.3204
1980-03-13,2.3135,2.3135,2.3135,2.3135
1980-03-14,2.3111,2.3111,2.3111,2.3111
1980-03-17,2.3028,2.3028,2.3028,2.3028
1980-03-18,2.3173,2.3173,2.3173,2.3173
1980-03-19,2.3087,2.3087,2.3087,2.3087
1980-03-20,2.3133,2.3133,2.3133,2.3133
1980-03-21,2.2987,2.2987,2.2987,2.2987
1980-03-24,2.307,2.307,2.307,2.307
1980-03-25,2.3162,2.3162,2.3162,2.3162
1980-03-26,2.3203,2.3203,2.3203,2.3203
1980-03-27,2.3059,2.3059,2.3059,2.3059
1980-03-28,2.3089,2.3089,2.3089,2.3089
1980-03-31,2.3009,2.3009,2.3009,2.3009
1980-04-01,2.2912,2.2912,2.2912,2.2912
1980-04-02,2.3137,2.3137,2.3137,2.3137
1980-04-03,2.2983,2.2983,2.2983,2.2983
1980-04-08,2.3254,2.3254,2.3254,2.3254
1980-04-09,2.3051,2.3051,2.3051,2.3051
1980-04-10,2.3215,2.3215,2.3215,2.3215
1980-04-11,2.3287,2.3287,2.3287,2.3287
1980-04-14,2.3437,2.3437,2.3437,2.3437
1980-04-15,2.3168,2.3168,2.3168,2.3168
1980-04-16,2.334,2.334,2.334,2.334
1980-04-17,2.3476,2.3476,2.3476,2.3476
1980-04-18,2.3421,2.3421,2.3421,2.3421
1980-04-21,2.3396,2.3396,2.3396,2.3396
1980-04-22,2.3528,2.3528,2.3528,2.3528
1980-04-23,2.3607,2.3607,2.3607,2.3607
1980-04-24,2.3627,2.3627,2.3627,2.3627
1980-04-25,2.368,2.368,2.368,2.368
1980-04-28,2.3675,2.3675,2.3675,2.3675
1980-04-29,2.3491,2.3491,2.3491,2.3491
1980-04-30,2.3332,2.3332,2.3332,2.3332
1980-05-01,2.344,2.344,2.344,2.344
1980-05-02,2.3499,2.3499,2.3499,2.3499
1980-05-06,2.3543,2.3543,2.3543,2.3543
1980-05-07,2.3448,2.3448,2.3448,2.3448
1980-05-08,2.3501,2.3501,2.3501,2.3501
1980-05-09,2.3352,2.3352,2.3352,2.3352
1980-05-12,2.3412,2.3412,2.3412,2.3412
1980-05-13,2.3377,2.3377,2.3377,2.3377
1980-05-14,2.3437,2.3437,2.3437,2.3437
1980-05-15,2.3579,2.3579,2.3579,2.3579
1980-05-16,2.3489,2.3489,2.3489,2.3489
1980-05-19,2.3436,2.3436,2.3436,2.3436
1980-05-20,2.3481,2.3481,2.3481,2.3481
1980-05-21,2.374,2.374,2.374,2.374
1980-05-22,2.3681,2.3681,2.3681,2.3681
1980-05-23,2.3826,2.3826,2.3826,2.3826
1980-05-27,2.3859,2.3859,2.3859,2.3859
1980-05-28,2.3873,2.3873,2.3873,2.3873
1980-05-29,2.3796,2.3796,2.3796,2.3796
1980-05-30,2.3856,2.3856,2.3856,2.3856
1980-06-02,2.3689,2.3689,2.3689,2.3689
1980-06-03,2.3435,2.3435,2.3435,2.3435
1980-06-04,2.3642,2.3642,2.3642,2.3642
1980-06-05,2.3636,2.3636,2.3636,2.3636
1980-06-06,2.3654,2.3654,2.3654,2.3654
1980-06-09,2.3725,2.3725,2.3725,2.3725
1980-06-10,2.362,2.362,2.362,2.362
1980-06-11,2.3606,2.3606,2.3606,2.3606
1980-06-12,2.364,2.364,2.364,2.364
1980-06-13,2.3638,2.3638,2.3638,2.3638
1980-06-16,2.3692,2.3692,2.3692,2.3692
1980-06-17,2.3561,2.3561,2.3561,2.3561
1980-06-18,2.3574,2.3574,2.3574,2.3574
1980-06-19,2.3554,2.3554,2.3554,2.3554
1980-06-20,2.37,2.37,2.37,2.37
1980-06-23,2.3663,2.3663,2.3663,2.3663
1980-06-24,2.3668,2.3668,2.3668,2.3668
1980-06-25,2.3682,2.3682,2.3682,2.3682
1980-06-26,2.377,2.377,2.377,2.377
1980-06-27,2.3817,2.3817,2.3817,2.3817
1980-06-30,2.388,2.388,2.388,2.388
1980-07-01,2.3899,2.3899,2.3899,2.3899
1980-07-02,2.3905,2.3905,2.3905,2.3905
1980-07-03,2.3817,2.3817,2.3817,2.3817
1980-07-04,2.3903,2.3903,2.3903,2.3903
1980-07-07,2.3949,2.3949,2.3949,2.3949
1980-07-08,2.4041,2.4041,2.4041,2.4041
1980-07-09,2.4001,2.4001,2.4001,2.4001
1980-07-10,2.3982,2.3982,2.3982,2.3982
1980-07-11,2.4015,2.4015,2.4015,2.4015
1980-07-14,2.3998,2.3998,2.3998,2.3998
1980-07-15,2.4035,2.4035,2.4035,2.4035
1980-07-16,2.4037,2.4037,2.4037,2.4037
1980-07-17,2.4059,2.4059,2.4059,2.4059
1980-07-18,2.4036,2.4036,2.4036,2.4036
1980-07-21,2.4074,2.4074,2.4074,2.4074
1980-07-22,2.4168,2.4168,2.4168,2.4168
1980-07-23,2.4187,2.4187,2.4187,2.4187
1980-07-24,2.4327,2.4327,2.4327,2.4327
1980-07-25,2.4282,2.4282,2.4282,2.4282
1980-07-28,2.4246,2.4246,2.4246,2.4246
1980-07-29,2.4178,2.4178,2.4178,2.4178
1980-07-30,2.4094,2.4094,2.4094,2.4094
1980-07-31,2.4046,2.4046,2.4046,2.4046
1980-08-01,2.399,2.399,2.399,2.399
1980-08-04,2.4003,2.4003,2.4003,2.4003
1980-08-05,2.4124,2.4124,2.4124,2.4124
1980-08-06,2.4257,2.4257,2.4257,2.4257
1980-08-07,2.421,2.421,2.421,2.421
1980-08-08,2.4284,2.4284,2.4284,2.4284
1980-08-11,2.4264,2.4264,2.4264,2.4264
1980-08-12,2.4241,2.4241,2.4241,2.4241
1980-08-13,2.4266,2.4266,2.4266,2.4266
1980-08-14,2.4267,2.4267,2.4267,2.4267
1980-08-15,2.4292,2.4292,2.4292,2.4292
1980-08-18,2.4282,2.4282,2.4282,2.4282
1980-08-19,2.4203,2.4203,2.4203,2.4203
1980-08-20,2.4257,2.4257,2.4257,2.4257
1980-08-21,2.4298,2.4298,2.4298,2.4298
1980-08-22,2.429,2.429,2.429,2.429
1980-08-26,2.431,2.431,2.431,2.431
1980-08-27,2.4426,2.4426,2.4426,2.4426
1980-08-28,2.4373,2.4373,2.4373,2.4373
1980-08-29,2.4406,2.4406,2.4406,2.4406
1980-09-01,2.4574,2.4574,2.4574,2.4574
1980-09-02,2.4628,2.4628,2.4628,2.4628
1980-09-03,2.4512,2.4512,2.4512,2.4512
1980-09-04,2.4531,2.4531,2.4531,2.4531
1980-09-05,2.456,2.456,2.456,2.456
1980-09-08,2.4547,2.4547,2.4547,2.4547
1980-09-09,2.4363,2.4363,2.4363,2.4363
1980-09-10,2.44,2.44,2.44,2.44
1980-09-11,2.4452,2.4452,2.4452,2.4452
1980-09-12,2.4474,2.4474,2.4474,2.4474
1980-09-15,2.4299,2.4299,2.4299,2.4299
1980-09-16,2.429,2.429,2.429,2.429
1980-09-17,2.4256,2.4256,2.4256,2.4256
1980-09-18,2.4256,2.4256,2.4256,2.4256
1980-09-19,2.4287,2.4287,2.4287,2.4287
1980-09-22,2.4453,2.4453,2.4453,2.4453
1980-09-23,2.4522,2.4522,2.4522,2.4522
1980-09-24,2.4532,2.4532,2.4532,2.4532
1980-09-25,2.4463,2.4463,2.4463,2.4463
1980-09-26,2.4439,2.4439,2.4439,2.4439
1980-09-29,2.4395,2.4395,2.4395,2.4395
1980-09-30,2.4358,2.4358,2.4358,2.4358
1980-10-01,2.4317,2.4317,2.4317,2.4317
1980-10-02,2.4284,2.4284,2.4284,2.4284
1980-10-03,2.4333,2.4333,2.4333,2.4333
1980-10-06,2.4332,2.4332,2.4332,2.4332
1980-10-07,2.437,2.437,2.437,2.437
1980-10-08,2.438,2.438,2.438,2.438
1980-10-09,2.4472,2.4472,2.4472,2.4472
1980-10-10,2.4492,2.4492,2.4492,2.4492
1980-10-13,2.4557,2.4557,2.4557,2.4557
1980-10-14,2.4449,2.4449,2.4449,2.4449
1980-10-15,2.4545,2.4545,2.4545,2.4545
1980-10-16,2.4596,2.4596,2.4596,2.4596
1980-10-17,2.4628,2.4628,2.4628,2.4628
1980-10-20,2.4727,2.4727,2.4727,2.4727
1980-10-21,2.4802,2.4802,2.4802,2.4802
1980-10-22,2.4849,2.4849,2.4849,2.4849
1980-10-23,2.4946,2.4946,2.4946,2.4946
1980-10-24,2.4969,2.4969,2.4969,2.4969
1980-10-27,2.489,2.489,2.489,2.489
1980-10-28,2.4928,2.4928,2.4928,2.4928
1980-10-29,2.4992,2.4992,2.4992,2.4992
1980-10-30,2.4941,2.4941,2.4941,2.4941
1980-10-31,2.4987,2.4987,2.4987,2.4987
1980-11-03,2.5017,2.5017,2.5017,2.5017
1980-11-04,2.5124,2.5124,2.5124,2.5124
1980-11-05,2.5097,2.5097,2.5097,2.5097
1980-11-06,2.5064,2.5064,2.5064,2.5064
1980-11-07,2.4892,2.4892,2.4892,2.4892
1980-11-10,2.4777,2.4777,2.4777,2.4777
1980-11-11,2.478,2.478,2.478,2.478
1980-11-12,2.4778,2.4778,2.4778,2.4778
1980-11-13,2.4915,2.4915,2.4915,2.4915
1980-11-14,2.4784,2.4784,2.4784,2.4784
1980-11-17,2.4519,2.4519,2.4519,2.4519
1980-11-18,2.4832,2.4832,2.4832,2.4832
1980-11-19,2.465,2.465,2.465,2.465
1980-11-20,2.4726,2.4726,2.4726,2.4726
1980-11-21,2.4561,2.4561,2.4561,2.4561
1980-11-24,2.4425,2.4425,2.4425,2.4425
1980-11-25,2.4462,2.4462,2.4462,2.4462
1980-11-26,2.4626,2.4626,2.4626,2.4626
1980-11-27,2.4548,2.4548,2.4548,2.4548
1980-11-28,2.4632,2.4632,2.4632,2.4632
1980-12-01,2.4607,2.4607,2.4607,2.4607
1980-12-02,2.4569,2.4569,2.4569,2.4569
1980-12-03,2.4571,2.4571,2.4571,2.4571
1980-12-04,2.4576,2.4576,2.4576,2.4576
1980-12-05,2.4515,2.4515,2.4515,2.4515
1980-12-08,2.4418,2.4418,2.4418,2.4418
1980-12-09,2.4518,2.4518,2.4518,2.4518
1980-12-10,2.4536,2.4536,2.4536,2.4536
1980-12-11,2.4389,2.4389,2.4389,2.4389
1980-12-12,2.4502,2.4502,2.4502,2.4502
1980-12-15,2.4499,2.4499,2.4499,2.4499
1980-12-16,2.4426,2.4426,2.4426,2.4426
1980-12-17,2.4478,2.4478,2.4478,2.4478
1980-12-18,2.4528,2.4528,2.4528,2.4528
1980-12-19,2.4521,2.4521,2.4521,2.4521
1980-12-22,2.4706,2.4706,2.4706,2.4706
1980-12-23,2.4824,2.4824,2.4824,2.4824
1980-12-24,2.4752,2.4752,2.4752,2.4752
1980-12-29,2.4695,2.4695,2.4695,2.4695
1980-12-30,2.4932,2.4932,2.4932,2.4932
1980-12-31,2.487,2.487,2.487,2.487
1981-01-02,2.4753,2.4753,2.4753,2.4753
1981-01-05,2.4979,2.4979,2.4979,2.4979
1981-01-06,2.4994,2.4994,2.4994,2.4994
1981-01-07,2.4921,2.4921,2.4921,2.4921
1981-01-08,2.4853,2.4853,2.4853,2.4853
1981-01-09,2.4876,2.4876,2.4876,2.4876
1981-01-12,2.4939,2.4939,2.4939,2.4939
1981-01-13,2.4869,2.4869,2.4869,2.4869
1981-01-14,2.4955,2.4955,2.4955,2.4955
1981-01-15,2.5008,2.5008,2.5008,2.5008
1981-01-16,2.4992,2.4992,2.4992,2.4992
1981-01-19,2.5088,2.5088,2.5088,2.5088
1981-01-20,2.5107,2.5107,2.5107,2.5107
1981-01-21,2.5148,2.5148,2.5148,2.5148
1981-01-22,2.5021,2.5021,2.5021,2.5021
1981-01-23,2.506,2.506,2.506,2.506
1981-01-26,2.5154,2.5154,2.5154,2.5154
1981-01-27,2.5152,2.5152,2.5152,2.5152
1981-01-28,2.5201,2.5201,2.5201,2.5201
1981-01-29,2.5168,2.5168,2.5168,2.5168
1981-01-30,2.5037,2.5037,2.5037,2.5037
1981-02-02,2.4815,2.4815,2.4815,2.4815
1981-02-03,2.5298,2.5298,2.5298,2.5298
1981-02-04,2.4892,2.4892,2.4892,2.4892
1981-02-05,2.4812,2.4812,2.4812,2.4812
1981-02-06,2.4705,2.4705,2.4705,2.4705
1981-02-09,2.4801,2.4801,2.4801,2.4801
1981-02-10,2.479,2.479,2.479,2.479
1981-02-11,2.4806,2.4806,2.4806,2.4806
1981-02-12,2.4604,2.4604,2.4604,2.4604
1981-02-13,2.4552,2.4552,2.4552,2.4552
1981-02-16,2.4204,2.4204,2.4204,2.4204
1981-02-17,2.4391,2.4391,2.4391,2.4391
1981-02-18,2.4489,2.4489,2.4489,2.4489
1981-02-19,2.446,2.446,2.446,2.446
1981-02-20,2.496,2.496,2.496,2.496
1981-02-23,2.4224,2.4224,2.4224,2.4224
1981-02-24,2.401,2.401,2.401,2.401
1981-02-25,2.4096,2.4096,2.4096,2.4096
1981-02-26,2.4112,2.4112,2.4112,2.4112
1981-02-27,2.3948,2.3948,2.3948,2.3948
1981-03-02,2.3855,2.3855,2.3855,2.3855
1981-03-03,2.4043,2.4043,2.4043,2.4043
1981-03-04,2.3927,2.3927,2.3927,2.3927
1981-03-05,2.4073,2.4073,2.4073,2.4073
1981-03-06,2.4014,2.4014,2.4014,2.4014
1981-03-09,2.4186,2.4186,2.4186,2.4186
1981-03-10,2.405,2.405,2.405,2.405
1981-03-11,2.4123,2.4123,2.4123,2.4123
1981-03-12,2.4111,2.4111,2.4111,2.4111
1981-03-13,2.4141,2.4141,2.4141,2.4141
1981-03-16,2.4269,2.4269,2.4269,2.4269
1981-03-17,2.4372,2.4372,2.4372,2.4372
1981-03-18,2.4528,2.4528,2.4528,2.4528
1981-03-19,2.4564,2.4564,2.4564,2.4564
1981-03-20,2.4546,2.4546,2.4546,2.4546
1981-03-23,2.4364,2.4364,2.4364,2.4364
1981-03-24,2.4473,2.4473,2.4473,2.4473
1981-03-25,2.443,2.443,2.443,2.443
1981-03-26,2.4565,2.4565,2.4565,2.4565
1981-03-27,2.4347,2.4347,2.4347,2.4347
1981-03-30,2.4411,2.4411,2.4411,2.4411
1981-03-31,2.4489,2.4489,2.4489,2.4489
1981-04-01,2.4465,2.4465,2.4465,2.4465
1981-04-02,2.4492,2.4492,2.4492,2.4492
1981-04-03,2.4294,2.4294,2.4294,2.4294
1981-04-06,2.4119,2.4119,2.4119,2.4119
1981-04-07,2.4053,2.4053,2.4053,2.4053
1981-04-08,2.435,2.435,2.435,2.435
1981-04-09,2.4151,2.4151,2.4151,2.4151
1981-04-10,2.4141,2.4141,2.4141,2.4141
1981-04-13,2.398,2.398,2.398,2.398
1981-04-14,2.4109,2.4109,2.4109,2.4109
1981-04-15,2.4079,2.4079,2.4079,2.4079
1981-04-16,2.3975,2.3975,2.3975,2.3975
1981-04-21,2.4037,2.4037,2.4037,2.4037
1981-04-22,2.4195,2.4195,2.4195,2.4195
1981-04-23,2.4221,2.4221,2.4221,2.4221
1981-04-24,2.4079,2.4079,2.4079,2.4079
1981-04-27,2.3994,2.3994,2.3994,2.3994
1981-04-28,2.39,2.39,2.39,2.39
1981-04-29,2.3879,2.3879,2.3879,2.3879
1981-04-30,2.3913,2.3913,2.3913,2.3913
1981-05-01,2.3898,2.3898,2.3898,2.3898
1981-05-05,2.3761,2.3761,2.3761,2.3761
1981-05-06,2.3827,2.3827,2.3827,2.3827
1981-05-07,2.3792,2.3792,2.3792,2.3792
1981-05-08,2.3802,2.3802,2.3802,2.3802
1981-05-11,2.3749,2.3749,2.3749,2.3749
1981-05-12,2.3657,2.3657,2.3657,2.3657
1981-05-13,2.362,2.362,2.362,2.362
1981-05-14,2.3512,2.3512,2.3512,2.3512
1981-05-15,2.37,2.37,2.37,2.37
1981-05-18,2.3823,2.3823,2.3823,2.3823
1981-05-19,2.3733,2.3733,2.3733,2.3733
1981-05-20,2.3685,2.3685,2.3685,2.3685
1981-05-21,2.3607,2.3607,2.3607,2.3607
1981-05-22,2.366,2.366,2.366,2.366
1981-05-26,2.3651,2.3651,2.3651,2.3651
1981-05-27,2.3634,2.3634,2.3634,2.3634
1981-05-28,2.3721,2.3721,2.3721,2.3721
1981-05-29,2.3774,2.3774,2.3774,2.3774
1981-06-01,2.3619,2.3619,2.3619,2.3619
1981-06-02,2.341,2.341,2.341,2.341
1981-06-03,2.3287,2.3287,2.3287,2.3287
1981-06-04,2.2879,2.2879,2.2879,2.2879
1981-06-05,2.2543,2.2543,2.2543,2.2543
1981-06-08,2.2792,2.2792,2.2792,2.2792
1981-06-09,2.2783,2.2783,2.2783,2.2783
1981-06-10,2.2975,2.2975,2.2975,2.2975
1981-06-11,2.2863,2.2863,2.2863,2.2863
1981-06-12,2.2946,2.2946,2.2946,2.2946
1981-06-15,2.3092,2.3092,2.3092,2.3092
1981-06-16,2.306,2.306,2.306,2.306
1981-06-17,2.3196,2.3196,2.3196,2.3196
1981-06-18,2.2971,2.2971,2.2971,2.2971
1981-06-19,2.2945,2.2945,2.2945,2.2945
1981-06-22,2.3076,2.3076,2.3076,2.3076
1981-06-23,2.3205,2.3205,2.3205,2.3205
1981-06-24,2.3069,2.3069,2.3069,2.3069
1981-06-25,2.2794,2.2794,2.2794,2.2794
1981-06-26,2.2819,2.2819,2.2819,2.2819
1981-06-29,2.2798,2.2798,2.2798,2.2798
1981-06-30,2.2805,2.2805,2.2805,2.2805
1981-07-01,2.2491,2.2491,2.2491,2.2491
1981-07-02,2.2393,2.2393,2.2393,2.2393
1981-07-03,2.2461,2.2461,2.2461,2.2461
1981-07-06,2.2411,2.2411,2.2411,2.2411
1981-07-07,2.2522,2.2522,2.2522,2.2522
1981-07-08,2.2502,2.2502,2.2502,2.2502
1981-07-09,2.2364,2.2364,2.2364,2.2364
1981-07-10,2.2524,2.2524,2.2524,2.2524
1981-07-13,2.251,2.251,2.251,2.251
1981-07-14,2.2265,2.2265,2.2265,2.2265
1981-07-15,2.2472,2.2472,2.2472,2.2472
1981-07-16,2.2401,2.2401,2.2401,2.2401
1981-07-17,2.2357,2.2357,2.2357,2.2357
1981-07-20,2.2314,2.2314,2.2314,2.2314
1981-07-21,2.2157,2.2157,2.2157,2.2157
1981-07-22,2.228,2.228,2.228,2.228
1981-07-23,2.2286,2.2286,2.2286,2.2286
1981-07-24,2.2383,2.2383,2.2383,2.2383
1981-07-27,2.239,2.239,2.239,2.239
1981-07-28,2.2377,2.2377,2.2377,2.2377
1981-07-30,2.2403,2.2403,2.2403,2.2403
1981-07-31,2.2332,2.2332,2.2332,2.2332
1981-08-03,2.2066,2.2066,2.2066,2.2066
1981-08-04,2.2152,2.2152,2.2152,2.2152
1981-08-05,2.2089,2.2089,2.2089,2.2089
1981-08-06,2.1983,2.1983,2.1983,2.1983
1981-08-07,2.1911,2.1911,2.1911,2.1911
1981-08-10,2.1653,2.1653,2.1653,2.1653
1981-08-11,2.173,2.173,2.173,2.173
1981-08-12,2.2189,2.2189,2.2189,2.2189
1981-08-13,2.1998,2.1998,2.1998,2.1998
1981-08-14,2.2059,2.2059,2.2059,2.2059
1981-08-17,2.2106,2.2106,2.2106,2.2106
1981-08-18,2.2057,2.2057,2.2057,2.2057
1981-08-19,2.2166,2.2166,2.2166,2.2166
1981-08-20,2.2473,2.2473,2.2473,2.2473
1981-08-21,2.2505,2.2505,2.2505,2.2505
1981-08-24,2.2546,2.2546,2.2546,2.2546
1981-08-25,2.2107,2.2107,2.2107,2.2107
1981-08-26,2.2192,2.2192,2.2192,2.2192
1981-08-27,2.2216,2.2216,2.2216,2.2216
1981-08-28,2.2281,2.2281,2.2281,2.2281
1981-09-01,2.2221,2.2221,2.2221,2.2221
1981-09-02,2.2231,2.2231,2.2231,2.2231
1981-09-03,2.2263,2.2263,2.2263,2.2263
1981-09-04,2.2227,2.2227,2.2227,2.2227
1981-09-07,2.1908,2.1908,2.1908,2.1908
1981-09-08,2.1937,2.1937,2.1937,2.1937
1981-09-09,2.1742,2.1742,2.1742,2.1742
1981-09-10,2.1919,2.1919,2.1919,2.1919
1981-09-11,2.1758,2.1758,2.1758,2.1758
1981-09-14,2.1709,2.1709,2.1709,2.1709
1981-09-15,2.198,2.198,2.198,2.198
1981-09-16,2.2169,2.2169,2.2169,2.2169
1981-09-17,2.2115,2.2115,2.2115,2.2115
1981-09-18,2.194,2.194,2.194,2.194
1981-09-21,2.2106,2.2106,2.2106,2.2106
1981-09-22,2.2107,2.2107,2.2107,2.2107
1981-09-23,2.202,2.202,2.202,2.202
1981-09-24,2.158,2.158,2.158,2.158
1981-09-25,2.1854,2.1854,2.1854,2.1854
1981-09-28,2.179,2.179,2.179,2.179
1981-09-29,2.1921,2.1921,2.1921,2.1921
1981-09-30,2.2079,2.2079,2.2079,2.2079
1981-10-01,2.2267,2.2267,2.2267,2.2267
1981-10-02,2.2207,2.2207,2.2207,2.2207
1981-10-05,2.2322,2.2322,2.2322,2.2322
1981-10-06,2.2339,2.2339,2.2339,2.2339
1981-10-07,2.2366,2.2366,2.2366,2.2366
1981-10-08,2.2677,2.2677,2.2677,2.2677
1981-10-09,2.2747,2.2747,2.2747,2.2747
1981-10-12,2.2534,2.2534,2.2534,2.2534
1981-10-13,2.2419,2.2419,2.2419,2.2419
1981-10-14,2.2393,2.2393,2.2393,2.2393
1981-10-15,2.2482,2.2482,2.2482,2.2482
1981-10-16,2.2201,2.2201,2.2201,2.2201
1981-10-19,2.2345,2.2345,2.2345,2.2345
1981-10-20,2.2293,2.2293,2.2293,2.2293
1981-10-21,2.2198,2.2198,2.2198,2.2198
1981-10-22,2.2159,2.2159,2.2159,2.2159
1981-10-23,2.2247,2.2247,2.2247,2.2247
1981-10-26,2.2214,2.2214,2.2214,2.2214
1981-10-27,2.2258,2.2258,2.2258,2.2258
1981-10-28,2.2331,2.2331,2.2331,2.2331
1981-10-29,2.2427,2.2427,2.2427,2.2427
1981-10-30,2.2479,2.2479,2.2479,2.2479
1981-11-02,2.2592,2.2592,2.2592,2.2592
1981-11-03,2.2616,2.2616,2.2616,2.2616
1981-11-04,2.2688,2.2688,2.2688,2.2688
1981-11-05,2.2678,2.2678,2.2678,2.2678
1981-11-06,2.2698,2.2698,2.2698,2.2698
1981-11-09,2.2783,2.2783,2.2783,2.2783
1981-11-10,2.2701,2.2701,2.2701,2.2701
1981-11-11,2.2823,2.2823,2.2823,2.2823
1981-11-12,2.2821,2.2821,2.2821,2.2821
1981-11-13,2.307,2.307,2.307,2.307
1981-11-16,2.3115,2.3115,2.3115,2.3115
1981-11-17,2.2839,2.2839,2.2839,2.2839
1981-11-18,2.2868,2.2868,2.2868,2.2868
1981-11-19,2.2967,2.2967,2.2967,2.2967
1981-11-20,2.2873,2.2873,2.2873,2.2873
1981-11-23,2.2983,2.2983,2.2983,2.2983
1981-11-24,2.2904,2.2904,2.2904,2.2904
1981-11-25,2.3189,2.3189,2.3189,2.3189
1981-11-26,2.3198,2.3198,2.3198,2.3198
1981-11-27,2.3377,2.3377,2.3377,2.3377
1981-11-30,2.3431,2.3431,2.3431,2.3431
1981-12-01,2.3214,2.3214,2.3214,2.3214
1981-12-02,2.3222,2.3222,2.3222,2.3222
1981-12-03,2.3112,2.3112,2.3112,2.3112
1981-12-04,2.3357,2.3357,2.3357,2.3357
1981-12-07,2.3287,2.3287,2.3287,2.3287
1981-12-08,2.3134,2.3134,2.3134,2.3134
1981-12-09,2.3103,2.3103,2.3103,2.3103
1981-12-10,2.2837,2.2837,2.2837,2.2837
1981-12-11,2.2808,2.2808,2.2808,2.2808
1981-12-14,2.2588,2.2588,2.2588,2.2588
1981-12-15,2.2801,2.2801,2.2801,2.2801
1981-12-16,2.2913,2.2913,2.2913,2.2913
1981-12-17,2.2841,2.2841,2.2841,2.2841
1981-12-18,2.2781,2.2781,2.2781,2.2781
1981-12-21,2.283,2.283,2.283,2.283
1981-12-22,2.2939,2.2939,2.2939,2.2939
1981-12-23,2.2991,2.2991,2.2991,2.2991
1981-12-24,2.2979,2.2979,2.2979,2.2979
1981-12-29,2.3015,2.3015,2.3015,2.3015
1981-12-30,2.312,2.312,2.312,2.312
1981-12-31,2.322,2.322,2.322,2.322
1982-01-04,2.3307,2.3307,2.3307,2.3307
1982-01-05,2.323,2.323,2.323,2.323
1982-01-06,2.3343,2.3343,2.3343,2.3343
1982-01-07,2.3281,2.3281,2.3281,2.3281
1982-01-08,2.3371,2.3371,2.3371,2.3371
1982-01-11,2.3162,2.3162,2.3162,2.3162
1982-01-12,2.3058,2.3058,2.3058,2.3058
1982-01-13,2.3013,2.3013,2.3013,2.3013
1982-01-14,2.2918,2.2918,2.2918,2.2918
1982-01-15,2.2774,2.2774,2.2774,2.2774
1982-01-18,2.3112,2.3112,2.3112,2.3112
1982-01-19,2.3294,2.3294,2.3294,2.3294
1982-01-20,2.3276,2.3276,2.3276,2.3276
1982-01-21,2.3301,2.3301,2.3301,2.3301
1982-01-22,2.315,2.315,2.315,2.315
1982-01-25,2.2994,2.2994,2.2994,2.2994
1982-01-26,2.3083,2.3083,2.3083,2.3083
1982-01-27,2.3316,2.3316,2.3316,2.3316
1982-01-28,2.3373,2.3373,2.3373,2.3373
1982-01-29,2.3398,2.3398,2.3398,2.3398
1982-02-01,2.3338,2.3338,2.3338,2.3338
1982-02-02,2.3347,2.3347,2.3347,2.3347
1982-02-03,2.3324,2.3324,2.3324,2.3324
1982-02-04,2.3255,2.3255,2.3255,2.3255
1982-02-05,2.3302,2.3302,2.3302,2.3302
1982-02-08,2.3302,2.3302,2.3302,2.3302
1982-02-09,2.3248,2.3248,2.3248,2.3248
1982-02-10,2.3292,2.3292,2.3292,2.3292
1982-02-11,2.3316,2.3316,2.3316,2.3316
1982-02-12,2.319,2.319,2.319,2.319
1982-02-15,2.3076,2.3076,2.3076,2.3076
1982-02-16,2.3276,2.3276,2.3276,2.3276
1982-02-17,2.3363,2.3363,2.3363,2.3363
1982-02-18,2.3302,2.3302,2.3302,2.3302
1982-02-19,2.3322,2.3322,2.3322,2.3322
1982-02-22,2.3318,2.3318,2.3318,2.3318
1982-02-23,2.3219,2.3219,2.3219,2.3219
1982-02-24,2.3249,2.3249,2.3249,2.3249
1982-02-25,2.3317,2.3317,2.3317,2.3317
1982-02-26,2.3217,2.3217,2.3217,2.3217
1982-03-01,2.3248,2.3248,2.3248,2.3248
1982-03-02,2.3229,2.3229,2.3229,2.3229
1982-03-03,2.328,2.328,2.328,2.328
1982-03-04,2.3314,2.3314,2.3314,2.3314
1982-03-05,2.3405,2.3405,2.3405,2.3405
1982-03-08,2.3255,2.3255,2.3255,2.3255
1982-03-09,2.3212,2.3212,2.3212,2.3212
1982-03-10,2.3187,2.3187,2.3187,2.3187
1982-03-11,2.3239,2.3239,2.3239,2.3239
1982-03-12,2.3103,2.3103,2.3103,2.3103
1982-03-15,2.3185,2.3185,2.3185,2.3185
1982-03-16,2.3249,2.3249,2.3249,2.3249
1982-03-17,2.3282,2.3282,2.3282,2.3282
1982-03-18,2.3293,2.3293,2.3293,2.3293
1982-03-19,2.3265,2.3265,2.3265,2.3265
1982-03-22,2.3289,2.3289,2.3289,2.3289
1982-03-23,2.3304,2.3304,2.3304,2.3304
1982-03-24,2.3335,2.3335,2.3335,2.3335
1982-03-25,2.3333,2.3333,2.3333,2.3333
1982-03-26,2.3193,2.3193,2.3193,2.3193
1982-03-29,2.322,2.322,2.322,2.322
1982-03-30,2.3214,2.3214,2.3214,2.3214
1982-03-31,2.3311,2.3311,2.3311,2.3311
1982-04-01,2.3273,2.3273,2.3273,2.3273
1982-04-02,2.3302,2.3302,2.3302,2.3302
1982-04-05,2.316,2.316,2.316,2.316
1982-04-06,2.3028,2.3028,2.3028,2.3028
1982-04-07,2.3111,2.3111,2.3111,2.3111
1982-04-08,2.3064,2.3064,2.3064,2.3064
1982-04-13,2.3106,2.3106,2.3106,2.3106
1982-04-14,2.3155,2.3155,2.3155,2.3155
1982-04-15,2.3038,2.3038,2.3038,2.3038
1982-04-16,2.3158,2.3158,2.3158,2.3158
1982-04-19,2.303,2.303,2.303,2.303
1982-04-20,2.2881,2.2881,2.2881,2.2881
1982-04-21,2.3103,2.3103,2.3103,2.3103
1982-04-22,2.314,2.314,2.314,2.314
1982-04-23,2.3093,2.3093,2.3093,2.3093
1982-04-26,2.3153,2.3153,2.3153,2.3153
1982-04-27,2.3112,2.3112,2.3112,2.3112
1982-04-28,2.3181,2.3181,2.3181,2.3181
1982-04-29,2.3316,2.3316,2.3316,2.3316
1982-04-30,2.3277,2.3277,2.3277,2.3277
1982-05-04,2.3448,2.3448,2.3448,2.3448
1982-05-05,2.3392,2.3392,2.3392,2.3392
1982-05-06,2.3503,2.3503,2.3503,2.3503
1982-05-07,2.355,2.355,2.355,2.355
1982-05-10,2.3634,2.3634,2.3634,2.3634
1982-05-11,2.3623,2.3623,2.3623,2.3623
1982-05-12,2.3677,2.3677,2.3677,2.3677
1982-05-13,2.3644,2.3644,2.3644,2.3644
1982-05-14,2.3653,2.3653,2.3653,2.3653
1982-05-17,2.361,2.361,2.361,2.361
1982-05-18,2.3548,2.3548,2.3548,2.3548
1982-05-19,2.3418,2.3418,2.3418,2.3418
1982-05-20,2.3158,2.3158,2.3158,2.3158
1982-05-21,2.3366,2.3366,2.3366,2.3366
1982-05-24,2.3485,2.3485,2.3485,2.3485
1982-05-25,2.3495,2.3495,2.3495,2.3495
1982-05-26,2.3542,2.3542,2.3542,2.3542
1982-05-27,2.3552,2.3552,2.3552,2.3552
1982-05-28,2.3546,2.3546,2.3546,2.3546
1982-06-01,2.3493,2.3493,2.3493,2.3493
1982-06-02,2.3566,2.3566,2.3566,2.3566
1982-06-03,2.3617,2.3617,2.3617,2.3617
1982-06-04,2.3594,2.3594,2.3594,2.3594
1982-06-07,2.3584,2.3584,2.3584,2.3584
1982-06-08,2.3556,2.3556,2.3556,2.3556
1982-06-09,2.3553,2.3553,2.3553,2.3553
1982-06-10,2.342,2.342,2.342,2.342
1982-06-11,2.3478,2.3478,2.3478,2.3478
1982-06-14,2.3486,2.3486,2.3486,2.3486
1982-06-15,2.344,2.344,2.344,2.344
1982-06-16,2.3426,2.3426,2.3426,2.3426
1982-06-17,2.3327,2.3327,2.3327,2.3327
1982-06-18,2.3336,2.3336,2.3336,2.3336
1982-06-21,2.327,2.327,2.327,2.327
1982-06-22,2.3421,2.3421,2.3421,2.3421
1982-06-23,2.3415,2.3415,2.3415,2.3415
1982-06-24,2.3432,2.3432,2.3432,2.3432
1982-06-25,2.3343,2.3343,2.3343,2.3343
1982-06-28,2.331,2.331,2.331,2.331
1982-06-29,2.3391,2.3391,2.3391,2.3391
1982-06-30,2.3475,2.3475,2.3475,2.3475
1982-07-01,2.3404,2.3404,2.3404,2.3404
1982-07-02,2.3375,2.3375,2.3375,2.3375
1982-07-05,2.3355,2.3355,2.3355,2.3355
1982-07-06,2.3342,2.3342,2.3342,2.3342
1982-07-07,2.3245,2.3245,2.3245,2.3245
1982-07-08,2.3243,2.3243,2.3243,2.3243
1982-07-09,2.3381,2.3381,2.3381,2.3381
1982-07-12,2.3416,2.3416,2.3416,2.3416
1982-07-13,2.341,2.341,2.341,2.341
1982-07-14,2.3284,2.3284,2.3284,2.3284
1982-07-15,2.3258,2.3258,2.3258,2.3258
1982-07-16,2.325,2.325,2.325,2.325
1982-07-19,2.3425,2.3425,2.3425,2.3425
1982-07-20,2.3363,2.3363,2.3363,2.3363
1982-07-21,2.35,2.35,2.35,2.35
1982-07-22,2.3495,2.3495,2.3495,2.3495
1982-07-23,2.3697,2.3697,2.3697,2.3697
1982-07-26,2.3673,2.3673,2.3673,2.3673
1982-07-27,2.3608,2.3608,2.3608,2.3608
1982-07-28,2.3579,2.3579,2.3579,2.3579
1982-07-29,2.3611,2.3611,2.3611,2.3611
1982-07-30,2.3842,2.3842,2.3842,2.3842
1982-08-02,2.3642,2.3642,2.3642,2.3642
1982-08-03,2.3739,2.3739,2.3739,2.3739
1982-08-04,2.3661,2.3661,2.3661,2.3661
1982-08-05,2.3465,2.3465,2.3465,2.3465
1982-08-06,2.3442,2.3442,2.3442,2.3442
1982-08-09,2.3272,2.3272,2.3272,2.3272
1982-08-10,2.3482,2.3482,2.3482,2.3482
1982-08-11,2.3361,2.3361,2.3361,2.3361
1982-08-12,2.3379,2.3379,2.3379,2.3379
1982-08-13,2.3444,2.3444,2.3444,2.3444
1982-08-16,2.3494,2.3494,2.3494,2.3494
1982-08-17,2.3229,2.3229,2.3229,2.3229
1982-08-18,2.3729,2.3729,2.3729,2.3729
1982-08-19,2.3551,2.3551,2.3551,2.3551
1982-08-20,2.3683,2.3683,2.3683,2.3683
1982-08-23,2.3675,2.3675,2.3675,2.3675
1982-08-24,2.3734,2.3734,2.3734,2.3734
1982-08-25,2.3914,2.3914,2.3914,2.3914
1982-08-26,2.3896,2.3896,2.3896,2.3896
1982-08-27,2.3722,2.3722,2.3722,2.3722
1982-08-31,2.3612,2.3612,2.3612,2.3612
1982-09-01,2.3628,2.3628,2.3628,2.3628
1982-09-02,2.3676,2.3676,2.3676,2.3676
1982-09-03,2.369,2.369,2.369,2.369
1982-09-06,2.3547,2.3547,2.3547,2.3547
1982-09-07,2.3819,2.3819,2.3819,2.3819
1982-09-08,2.3636,2.3636,2.3636,2.3636
1982-09-09,2.3646,2.3646,2.3646,2.3646
1982-09-10,2.3651,2.3651,2.3651,2.3651
1982-09-13,2.3615,2.3615,2.3615,2.3615
1982-09-14,2.3625,2.3625,2.3625,2.3625
1982-09-15,2.3681,2.3681,2.3681,2.3681
1982-09-16,2.3603,2.3603,2.3603,2.3603
1982-09-17,2.3664,2.3664,2.3664,2.3664
1982-09-20,2.3708,2.3708,2.3708,2.3708
1982-09-21,2.3672,2.3672,2.3672,2.3672
1982-09-22,2.3685,2.3685,2.3685,2.3685
1982-09-23,2.3691,2.3691,2.3691,2.3691
1982-09-24,2.364,2.364,2.364,2.364
1982-09-27,2.3701,2.3701,2.3701,2.3701
1982-09-28,2.3601,2.3601,2.3601,2.3601
1982-09-29,2.3643,2.3643,2.3643,2.3643
1982-09-30,2.3636,2.3636,2.3636,2.3636
1982-10-01,2.3609,2.3609,2.3609,2.3609
1982-10-04,2.3591,2.3591,2.3591,2.3591
1982-10-05,2.3669,2.3669,2.3669,2.3669
1982-10-06,2.3769,2.3769,2.3769,2.3769
1982-10-07,2.3797,2.3797,2.3797,2.3797
1982-10-08,2.3779,2.3779,2.3779,2.3779
1982-10-11,2.3818,2.3818,2.3818,2.3818
1982-10-12,2.3891,2.3891,2.3891,2.3891
1982-10-13,2.3815,2.3815,2.3815,2.3815
1982-10-14,2.3786,2.3786,2.3786,2.3786
1982-10-15,2.3754,2.3754,2.3754,2.3754
1982-10-18,2.3819,2.3819,2.3819,2.3819
1982-10-19,2.3828,2.3828,2.3828,2.3828
1982-10-20,2.3733,2.3733,2.3733,2.3733
1982-10-21,2.3794,2.3794,2.3794,2.3794
1982-10-22,2.3844,2.3844,2.3844,2.3844
1982-10-25,2.3709,2.3709,2.3709,2.3709
1982-10-26,2.3769,2.3769,2.3769,2.3769
1982-10-27,2.3783,2.3783,2.3783,2.3783
1982-10-28,2.3667,2.3667,2.3667,2.3667
1982-10-29,2.3679,2.3679,2.3679,2.3679
1982-11-01,2.3702,2.3702,2.3702,2.3702
1982-11-02,2.376,2.376,2.376,2.376
1982-11-03,2.3704,2.3704,2.3704,2.3704
1982-11-04,2.3643,2.3643,2.3643,2.3643
1982-11-05,2.3529,2.3529,2.3529,2.3529
1982-11-08,2.3433,2.3433,2.3433,2.3433
1982-11-09,2.343,2.343,2.343,2.343
1982-11-10,2.3426,2.3426,2.3426,2.3426
1982-11-11,2.3284,2.3284,2.3284,2.3284
1982-11-12,2.3256,2.3256,2.3256,2.3256
1982-11-15,2.3025,2.3025,2.3025,2.3025
1982-11-16,2.2839,2.2839,2.2839,2.2839
1982-11-17,2.2606,2.2606,2.2606,2.2606
1982-11-18,2.2575,2.2575,2.2575,2.2575
1982-11-19,2.2736,2.2736,2.2736,2.2736
1982-11-22,2.2341,2.2341,2.2341,2.2341
1982-11-23,2.2381,2.2381,2.2381,2.2381
1982-11-24,2.2365,2.2365,2.2365,2.2365
1982-11-25,2.2161,2.2161,2.2161,2.2161
1982-11-26,2.2336,2.2336,2.2336,2.2336
1982-11-29,2.237,2.237,2.237,2.237
1982-11-30,2.2456,2.2456,2.2456,2.2456
1982-12-01,2.2595,2.2595,2.2595,2.2595
1982-12-02,2.2558,2.2558,2.2558,2.2558
1982-12-03,2.2607,2.2607,2.2607,2.2607
1982-12-06,2.2471,2.2471,2.2471,2.2471
1982-12-07,2.2461,2.2461,2.2461,2.2461
1982-12-08,2.2424,2.2424,2.2424,2.2424
1982-12-09,2.229,2.229,2.229,2.229
1982-12-10,2.2364,2.2364,2.2364,2.2364
1982-12-13,2.2269,2.2269,2.2269,2.2269
1982-12-14,2.2432,2.2432,2.2432,2.2432
1982-12-15,2.2334,2.2334,2.2334,2.2334
1982-12-16,2.2312,2.2312,2.2312,2.2312
1982-12-17,2.235,2.235,2.235,2.235
1982-12-20,2.2312,2.2312,2.2312,2.2312
1982-12-21,2.2179,2.2179,2.2179,2.2179
1982-12-22,2.2166,2.2166,2.2166,2.2166
1982-12-23,2.1962,2.1962,2.1962,2.1962
1982-12-24,2.2091,2.2091,2.2091,2.2091
1982-12-29,2.2154,2.2154,2.2154,2.2154
1982-12-30,2.2128,2.2128,2.2128,2.2128
1982-12-31,2.2082,2.2082,2.2082,2.2082
1983-01-04,2.2023,2.2023,2.2023,2.2023
1983-01-05,2.2053,2.2053,2.2053,2.2053
1983-01-06,2.192,2.192,2.192,2.192
1983-01-07,2.1845,2.1845,2.1845,2.1845
1983-01-10,2.1667,2.1667,2.1667,2.1667
1983-01-11,2.1399,2.1399,2.1399,2.1399
1983-01-12,2.1583,2.1583,2.1583,2.1583
1983-01-13,2.1619,2.1619,2.1619,2.1619
1983-01-14,2.1621,2.1621,2.1621,2.1621
1983-01-17,2.1713,2.1713,2.1713,2.1713
1983-01-18,2.1605,2.1605,2.1605,2.1605
1983-01-19,2.165,2.165,2.165,2.165
1983-01-20,2.1626,2.1626,2.1626,2.1626
1983-01-21,2.1676,2.1676,2.1676,2.1676
1983-01-24,2.107,2.107,2.107,2.107
1983-01-25,2.1343,2.1343,2.1343,2.1343
1983-01-26,2.1382,2.1382,2.1382,2.1382
1983-01-27,2.1331,2.1331,2.1331,2.1331
1983-01-28,2.1318,2.1318,2.1318,2.1318
1983-01-31,2.1157,2.1157,2.1157,2.1157
1983-02-01,2.1291,2.1291,2.1291,2.1291
1983-02-02,2.1296,2.1296,2.1296,2.1296
1983-02-03,2.1258,2.1258,2.1258,2.1258
1983-02-04,2.1261,2.1261,2.1261,2.1261
1983-02-07,2.1298,2.1298,2.1298,2.1298
1983-02-08,2.1361,2.1361,2.1361,2.1361
1983-02-09,2.1395,2.1395,2.1395,2.1395
1983-02-10,2.1383,2.1383,2.1383,2.1383
1983-02-11,2.142,2.142,2.142,2.142
1983-02-14,2.1354,2.1354,2.1354,2.1354
1983-02-15,2.1419,2.1419,2.1419,2.1419
1983-02-16,2.1405,2.1405,2.1405,2.1405
1983-02-17,2.1379,2.1379,2.1379,2.1379
1983-02-18,2.1393,2.1393,2.1393,2.1393
1983-02-21,2.1303,2.1303,2.1303,2.1303
1983-02-22,2.1165,2.1165,2.1165,2.1165
1983-02-23,2.1209,2.1209,2.1209,2.1209
1983-02-24,2.1287,2.1287,2.1287,2.1287
1983-02-25,2.1271,2.1271,2.1271,2.1271
1983-02-28,2.1181,2.1181,2.1181,2.1181
1983-03-01,2.1158,2.1158,2.1158,2.1158
1983-03-02,2.1162,2.1162,2.1162,2.1162
1983-03-03,2.1194,2.1194,2.1194,2.1194
1983-03-04,2.1186,2.1186,2.1186,2.1186
1983-03-07,2.1238,2.1238,2.1238,2.1238
1983-03-08,2.3039,2.3039,2.3039,2.3039
1983-03-09,2.3008,2.3008,2.3008,2.3008
1983-03-10,2.3139,2.3139,2.3139,2.3139
1983-03-11,2.2971,2.2971,2.2971,2.2971
1983-03-14,2.2562,2.2562,2.2562,2.2562
1983-03-15,2.2982,2.2982,2.2982,2.2982
1983-03-16,2.2955,2.2955,2.2955,2.2955
1983-03-17,2.2978,2.2978,2.2978,2.2978
1983-03-18,2.2785,2.2785,2.2785,2.2785
1983-03-21,2.2611,2.2611,2.2611,2.2611
1983-03-22,2.2573,2.2573,2.2573,2.2573
1983-03-23,2.2486,2.2486,2.2486,2.2486
1983-03-24,2.2495,2.2495,2.2495,2.2495
1983-03-25,2.2441,2.2441,2.2441,2.2441
1983-03-28,2.2396,2.2396,2.2396,2.2396
1983-03-29,2.2418,2.2418,2.2418,2.2418
1983-03-30,2.2507,2.2507,2.2507,2.2507
1983-03-31,2.2707,2.2707,2.2707,2.2707
1983-04-05,2.293,2.293,2.293,2.293
1983-04-06,2.3145,2.3145,2.3145,2.3145
1983-04-07,2.3022,2.3022,2.3022,2.3022
1983-04-08,2.3008,2.3008,2.3008,2.3008
1983-04-11,2.322,2.322,2.322,2.322
1983-04-12,2.3336,2.3336,2.3336,2.3336
1983-04-13,2.3503,2.3503,2.3503,2.3503
1983-04-14,2.3311,2.3311,2.3311,2.3311
1983-04-15,2.3432,2.3432,2.3432,2.3432
1983-04-18,2.3626,2.3626,2.3626,2.3626
1983-04-19,2.3612,2.3612,2.3612,2.3612
1983-04-20,2.3554,2.3554,2.3554,2.3554
1983-04-21,2.3432,2.3432,2.3432,2.3432
1983-04-22,2.3492,2.3492,2.3492,2.3492
1983-04-25,2.3691,2.3691,2.3691,2.3691
1983-04-26,2.3785,2.3785,2.3785,2.3785
1983-04-27,2.3708,2.3708,2.3708,2.3708
1983-04-28,2.37,2.37,2.37,2.37
1983-04-29,2.3695,2.3695,2.3695,2.3695
1983-05-03,2.3883,2.3883,2.3883,2.3883
1983-05-04,2.3933,2.3933,2.3933,2.3933
1983-05-05,2.3893,2.3893,2.3893,2.3893
1983-05-06,2.3835,2.3835,2.3835,2.3835
1983-05-09,2.3725,2.3725,2.3725,2.3725
1983-05-10,2.3641,2.3641,2.3641,2.3641
1983-05-11,2.3612,2.3612,2.3612,2.3612
1983-05-12,2.3631,2.3631,2.3631,2.3631
1983-05-13,2.358,2.358,2.358,2.358
1983-05-16,2.3492,2.3492,2.3492,2.3492
1983-05-17,2.3437,2.3437,2.3437,2.3437
1983-05-18,2.3535,2.3535,2.3535,2.3535
1983-05-19,2.3542,2.3542,2.3542,2.3542
1983-05-20,2.3535,2.3535,2.3535,2.3535
1983-05-23,2.3535,2.3535,2.3535,2.3535
1983-05-24,2.3706,2.3706,2.3706,2.3706
1983-05-25,2.395,2.395,2.395,2.395
1983-05-26,2.4065,2.4065,2.4065,2.4065
1983-05-27,2.4065,2.4065,2.4065,2.4065
1983-05-31,2.4232,2.4232,2.4232,2.4232
1983-06-01,2.4058,2.4058,2.4058,2.4058
1983-06-02,2.3924,2.3924,2.3924,2.3924
1983-06-03,2.3701,2.3701,2.3701,2.3701
1983-06-06,2.3921,2.3921,2.3921,2.3921
1983-06-07,2.3856,2.3856,2.3856,2.3856
1983-06-08,2.3892,2.3892,2.3892,2.3892
1983-06-09,2.4065,2.4065,2.4065,2.4065
1983-06-10,2.3951,2.3951,2.3951,2.3951
1983-06-13,2.3633,2.3633,2.3633,2.3633
1983-06-14,2.3407,2.3407,2.3407,2.3407
1983-06-15,2.3323,2.3323,2.3323,2.3323
1983-06-16,2.34,2.34,2.34,2.34
1983-06-17,2.3308,2.3308,2.3308,2.3308
1983-06-20,2.3351,2.3351,2.3351,2.3351
1983-06-21,2.3368,2.3368,2.3368,2.3368
1983-06-22,2.3322,2.3322,2.3322,2.3322
1983-06-23,2.3445,2.3445,2.3445,2.3445
1983-06-24,2.3502,2.3502,2.3502,2.3502
1983-06-27,2.3495,2.3495,2.3495,2.3495
1983-06-28,2.3412,2.3412,2.3412,2.3412
1983-06-29,2.3295,2.3295,2.3295,2.3295
1983-06-30,2.3411,2.3411,2.3411,2.3411
1983-07-01,2.3381,2.3381,2.3381,2.3381
1983-07-04,2.3339,2.3339,2.3339,2.3339
1983-07-05,2.3378,2.3378,2.3378,2.3378
1983-07-06,2.3505,2.3505,2.3505,2.3505
1983-07-07,2.3531,2.3531,2.3531,2.3531
1983-07-08,2.3522,2.3522,2.3522,2.3522
1983-07-11,2.3466,2.3466,2.3466,2.3466
1983-07-12,2.3428,2.3428,2.3428,2.3428
1983-07-13,2.3427,2.3427,2.3427,2.3427
1983-07-14,2.3415,2.3415,2.3415,2.3415
1983-07-15,2.3259,2.3259,2.3259,2.3259
1983-07-18,2.3321,2.3321,2.3321,2.3321
1983-07-19,2.3306,2.3306,2.3306,2.3306
1983-07-20,2.337,2.337,2.337,2.337
1983-07-21,2.3322,2.3322,2.3322,2.3322
1983-07-22,2.3235,2.3235,2.3235,2.3235
1983-07-25,2.3241,2.3241,2.3241,2.3241
1983-07-26,2.3339,2.3339,2.3339,2.3339
1983-07-27,2.336,2.336,2.336,2.336
1983-07-28,2.3362,2.3362,2.3362,2.3362
1983-07-29,2.3285,2.3285,2.3285,2.3285
1983-08-01,2.3153,2.3153,2.3153,2.3153
1983-08-02,2.314,2.314,2.314,2.314
1983-08-03,2.3085,2.3085,2.3085,2.3085
1983-08-04,2.2928,2.2928,2.2928,2.2928
1983-08-05,2.2891,2.2891,2.2891,2.2891
1983-08-08,2.2896,2.2896,2.2896,2.2896
1983-08-09,2.2945,2.2945,2.2945,2.2945
1983-08-10,2.29,2.29,2.29,2.29
1983-08-11,2.287,2.287,2.287,2.287
1983-08-12,2.2956,2.2956,2.2956,2.2956
1983-08-15,2.299,2.299,2.299,2.299
1983-08-16,2.304,2.304,2.304,2.304
1983-08-17,2.3248,2.3248,2.3248,2.3248
1983-08-18,2.325,2.325,2.325,2.325
1983-08-19,2.3251,2.3251,2.3251,2.3251
1983-08-22,2.3291,2.3291,2.3291,2.3291
1983-08-23,2.327,2.327,2.327,2.327
1983-08-24,2.3267,2.3267,2.3267,2.3267
1983-08-25,2.3032,2.3032,2.3032,2.3032
1983-08-26,2.2989,2.2989,2.2989,2.2989
1983-08-30,2.3008,2.3008,2.3008,2.3008
1983-08-31,2.3032,2.3032,2.3032,2.3032
1983-09-01,2.3112,2.3112,2.3112,2.3112
1983-09-02,2.3049,2.3049,2.3049,2.3049
1983-09-05,2.3137,2.3137,2.3137,2.3137
1983-09-06,2.308,2.308,2.308,2.308
1983-09-07,2.2904,2.2904,2.2904,2.2904
1983-09-08,2.2979,2.2979,2.2979,2.2979
1983-09-09,2.3007,2.3007,2.3007,2.3007
1983-09-12,2.3012,2.3012,2.3012,2.3012
1983-09-13,2.2905,2.2905,2.2905,2.2905
1983-09-14,2.2892,2.2892,2.2892,2.2892
1983-09-15,2.2924,2.2924,2.2924,2.2924
1983-09-16,2.2946,2.2946,2.2946,2.2946
1983-09-19,2.302,2.302,2.302,2.302
1983-09-20,2.3073,2.3073,2.3073,2.3073
1983-09-21,2.2989,2.2989,2.2989,2.2989
1983-09-22,2.2917,2.2917,2.2917,2.2917
1983-09-23,2.2897,2.2897,2.2897,2.2897
1983-09-26,2.286,2.286,2.286,2.286
1983-09-27,2.2798,2.2798,2.2798,2.2798
1983-09-28,2.2817,2.2817,2.2817,2.2817
1983-09-29,2.2798,2.2798,2.2798,2.2798
1983-09-30,2.272,2.272,2.272,2.272
1983-10-03,2.254,2.254,2.254,2.254
1983-10-04,2.2485,2.2485,2.2485,2.2485
1983-10-05,2.2543,2.2543,2.2543,2.2543
1983-10-06,2.2891,2.2891,2.2891,2.2891
1983-10-07,2.2687,2.2687,2.2687,2.2687
1983-10-10,2.2768,2.2768,2.2768,2.2768
1983-10-11,2.2674,2.2674,2.2674,2.2674
1983-10-12,2.2738,2.2738,2.2738,2.2738
1983-10-13,2.2629,2.2629,2.2629,2.2629
1983-10-14,2.2613,2.2613,2.2613,2.2613
1983-10-17,2.2644,2.2644,2.2644,2.2644
1983-10-18,2.2614,2.2614,2.2614,2.2614
1983-10-19,2.2611,2.2611,2.2611,2.2611
1983-10-20,2.2619,2.2619,2.2619,2.2619
1983-10-21,2.2611,2.2611,2.2611,2.2611
1983-10-24,2.2602,2.2602,2.2602,2.2602
1983-10-25,2.2598,2.2598,2.2598,2.2598
1983-10-26,2.2604,2.2604,2.2604,2.2604
1983-10-27,2.2563,2.2563,2.2563,2.2563
1983-10-28,2.2583,2.2583,2.2583,2.2583
1983-10-31,2.259,2.259,2.259,2.259
1983-11-01,2.2629,2.2629,2.2629,2.2629
1983-11-02,2.2555,2.2555,2.2555,2.2555
1983-11-03,2.2531,2.2531,2.2531,2.2531
1983-11-04,2.2562,2.2562,2.2562,2.2562
1983-11-07,2.2591,2.2591,2.2591,2.2591
1983-11-08,2.2564,2.2564,2.2564,2.2564
1983-11-09,2.2542,2.2542,2.2542,2.2542
1983-11-10,2.2545,2.2545,2.2545,2.2545
1983-11-11,2.2507,2.2507,2.2507,2.2507
1983-11-14,2.2507,2.2507,2.2507,2.2507
1983-11-15,2.2464,2.2464,2.2464,2.2464
1983-11-16,2.2528,2.2528,2.2528,2.2528
1983-11-17,2.2454,2.2454,2.2454,2.2454
1983-11-18,2.2358,2.2358,2.2358,2.2358
1983-11-21,2.2339,2.2339,2.2339,2.2339
1983-11-22,2.2316,2.2316,2.2316,2.2316
1983-11-23,2.2307,2.2307,2.2307,2.2307
1983-11-24,2.2262,2.2262,2.2262,2.2262
1983-11-25,2.2265,2.2265,2.2265,2.2265
1983-11-28,2.2267,2.2267,2.2267,2.2267
1983-11-29,2.2224,2.2224,2.2224,2.2224
1983-11-30,2.2286,2.2286,2.2286,2.2286
1983-12-01,2.2047,2.2047,2.2047,2.2047
1983-12-02,2.2135,2.2135,2.2135,2.2135
1983-12-05,2.2194,2.2194,2.2194,2.2194
1983-12-06,2.2161,2.2161,2.2161,2.2161
1983-12-07,2.2129,2.2129,2.2129,2.2129
1983-12-08,2.2095,2.2095,2.2095,2.2095
1983-12-09,2.2106,2.2106,2.2106,2.2106
1983-12-12,2.2008,2.2008,2.2008,2.2008
1983-12-13,2.1881,2.1881,2.1881,2.1881
1983-12-14,2.1907,2.1907,2.1907,2.1907
1983-12-15,2.1907,2.1907,2.1907,2.1907
1983-12-16,2.1883,2.1883,2.1883,2.1883
1983-12-19,2.2012,2.2012,2.2012,2.2012
1983-12-20,2.1989,2.1989,2.1989,2.1989
1983-12-21,2.2008,2.2008,2.2008,2.2008
1983-12-22,2.1934,2.1934,2.1934,2.1934
1983-12-23,2.2029,2.2029,2.2029,2.2029
1983-12-28,2.2038,2.2038,2.2038,2.2038
1983-12-29,2.2169,2.2169,2.2169,2.2169
1983-12-30,2.2185,2.2185,2.2185,2.2185
1984-01-03,2.1978,2.1978,2.1978,2.1978
1984-01-04,2.1835,2.1835,2.1835,2.1835
1984-01-05,2.176,2.176,2.176,2.176
1984-01-06,2.1672,2.1672,2.1672,2.1672
1984-01-09,2.1582,2.1582,2.1582,2.1582
1984-01-10,2.1692,2.1692,2.1692,2.1692
1984-01-11,2.1612,2.1612,2.1612,2.1612
1984-01-12,2.1622,2.1622,2.1622,2.1622
1984-01-13,2.173,2.173,2.173,2.173
1984-01-16,2.1794,2.1794,2.1794,2.1794
1984-01-17,2.183,2.183,2.183,2.183
1984-01-18,2.1712,2.1712,2.1712,2.1712
1984-01-19,2.1869,2.1869,2.1869,2.1869
1984-01-20,2.1677,2.1677,2.1677,2.1677
1984-01-23,2.1756,2.1756,2.1756,2.1756
1984-01-24,2.1602,2.1602,2.1602,2.1602
1984-01-25,2.1641,2.1641,2.1641,2.1641
1984-01-26,2.1691,2.1691,2.1691,2.1691
1984-01-27,2.1633,2.1633,2.1633,2.1633
1984-01-30,2.1639,2.1639,2.1639,2.1639
1984-01-31,2.1613,2.1613,2.1613,2.1613
1984-02-01,2.1601,2.1601,2.1601,2.1601
1984-02-02,2.1747,2.1747,2.1747,2.1747
1984-02-03,2.1773,2.1773,2.1773,2.1773
1984-02-06,2.1813,2.1813,2.1813,2.1813
1984-02-07,2.1696,2.1696,2.1696,2.1696
1984-02-08,2.1639,2.1639,2.1639,2.1639
1984-02-09,2.1799,2.1799,2.1799,2.1799
1984-02-10,2.1643,2.1643,2.1643,2.1643
1984-02-13,2.1703,2.1703,2.1703,2.1703
1984-02-14,2.1717,2.1717,2.1717,2.1717
1984-02-15,2.1776,2.1776,2.1776,2.1776
1984-02-16,2.1916,2.1916,2.1916,2.1916
1984-02-17,2.1927,2.1927,2.1927,2.1927
1984-02-20,2.1871,2.1871,2.1871,2.1871
1984-02-21,2.193,2.193,2.193,2.193
1984-02-22,2.1998,2.1998,2.1998,2.1998
1984-02-23,2.2088,2.2088,2.2088,2.2088
1984-02-24,2.2113,2.2113,2.2113,2.2113
1984-02-27,2.2138,2.2138,2.2138,2.2138
1984-02-28,2.2364,2.2364,2.2364,2.2364
1984-02-29,2.2388,2.2388,2.2388,2.2388
1984-03-01,2.2266,2.2266,2.2266,2.2266
1984-03-02,2.2291,2.2291,2.2291,2.2291
1984-03-05,2.2393,2.2393,2.2393,2.2393
1984-03-06,2.2004,2.2004,2.2004,2.2004
1984-03-07,2.201,2.201,2.201,2.201
1984-03-08,2.1949,2.1949,2.1949,2.1949
1984-03-09,2.1825,2.1825,2.1825,2.1825
1984-03-12,2.1798,2.1798,2.1798,2.1798
1984-03-13,2.1763,2.1763,2.1763,2.1763
1984-03-14,2.193,2.193,2.193,2.193
1984-03-15,2.1742,2.1742,2.1742,2.1742
1984-03-16,2.1678,2.1678,2.1678,2.1678
1984-03-19,2.1631,2.1631,2.1631,2.1631
1984-03-20,2.1602,2.1602,2.1602,2.1602
1984-03-21,2.1593,2.1593,2.1593,2.1593
1984-03-22,2.1612,2.1612,2.1612,2.1612
1984-03-23,2.1656,2.1656,2.1656,2.1656
1984-03-26,2.1628,2.1628,2.1628,2.1628
1984-03-27,2.1724,2.1724,2.1724,2.1724
1984-03-28,2.1747,2.1747,2.1747,2.1747
1984-03-29,2.1778,2.1778,2.1778,2.1778
1984-03-30,2.1716,2.1716,2.1716,2.1716
1984-04-02,2.1678,2.1678,2.1678,2.1678
1984-04-03,2.1532,2.1532,2.1532,2.1532
1984-04-04,2.1594,2.1594,2.1594,2.1594
1984-04-05,2.1735,2.1735,2.1735,2.1735
1984-04-06,2.166,2.166,2.166,2.166
1984-04-09,2.1789,2.1789,2.1789,2.1789
1984-04-10,2.1745,2.1745,2.1745,2.1745
1984-04-11,2.1699,2.1699,2.1699,2.1699
1984-04-12,2.1756,2.1756,2.1756,2.1756
1984-04-13,2.1645,2.1645,2.1645,2.1645
1984-04-16,2.1623,2.1623,2.1623,2.1623
1984-04-17,2.1595,2.1595,2.1595,2.1595
1984-04-18,2.1532,2.1532,2.1532,2.1532
1984-04-19,2.1731,2.1731,2.1731,2.1731
1984-04-24,2.1518,2.1518,2.1518,2.1518
1984-04-25,2.1532,2.1532,2.1532,2.1532
1984-04-26,2.1446,2.1446,2.1446,2.1446
1984-04-27,2.1477,2.1477,2.1477,2.1477
1984-04-30,2.1349,2.1349,2.1349,2.1349
1984-05-01,2.1326,2.1326,2.1326,2.1326
1984-05-02,2.1339,2.1339,2.1339,2.1339
1984-05-03,2.1356,2.1356,2.1356,2.1356
1984-05-04,2.1537,2.1537,2.1537,2.1537
1984-05-08,2.1281,2.1281,2.1281,2.1281
1984-05-09,2.1286,2.1286,2.1286,2.1286
1984-05-10,2.1383,2.1383,2.1383,2.1383
1984-05-11,2.1399,2.1399,2.1399,2.1399
1984-05-14,2.1437,2.1437,2.1437,2.1437
1984-05-15,2.1414,2.1414,2.1414,2.1414
1984-05-16,2.1458,2.1458,2.1458,2.1458
1984-05-17,2.1591,2.1591,2.1591,2.1591
1984-05-18,2.1506,2.1506,2.1506,2.1506
1984-05-21,2.1561,2.1561,2.1561,2.1561
1984-05-22,2.1494,2.1494,2.1494,2.1494
1984-05-23,2.1369,2.1369,2.1369,2.1369
1984-05-24,2.1273,2.1273,2.1273,2.1273
1984-05-25,2.1393,2.1393,2.1393,2.1393
1984-05-29,2.1408,2.1408,2.1408,2.1408
1984-05-30,2.141,2.141,2.141,2.141
1984-05-31,2.1426,2.1426,2.1426,2.1426
1984-06-01,2.1502,2.1502,2.1502,2.1502
1984-06-04,2.1512,2.1512,2.1512,2.1512
1984-06-05,2.1507,2.1507,2.1507,2.1507
1984-06-06,2.1561,2.1561,2.1561,2.1561
1984-06-07,2.1571,2.1571,2.1571,2.1571
1984-06-08,2.1515,2.1515,2.1515,2.1515
1984-06-11,2.1552,2.1552,2.1552,2.1552
1984-06-12,2.1483,2.1483,2.1483,2.1483
1984-06-13,2.1443,2.1443,2.1443,2.1443
1984-06-14,2.1422,2.1422,2.1422,2.1422
1984-06-15,2.1518,2.1518,2.1518,2.1518
1984-06-18,2.1443,2.1443,2.1443,2.1443
1984-06-19,2.1418,2.1418,2.1418,2.1418
1984-06-20,2.1425,2.1425,2.1425,2.1425
1984-06-21,2.14,2.14,2.14,2.14
1984-06-22,2.1445,2.1445,2.1445,2.1445
1984-06-25,2.1409,2.1409,2.1409,2.1409
1984-06-26,2.1379,2.1379,2.1379,2.1379
1984-06-27,2.131,2.131,2.131,2.131
1984-06-28,2.1293,2.1293,2.1293,2.1293
1984-06-29,2.1393,2.1393,2.1393,2.1393
1984-07-02,2.1346,2.1346,2.1346,2.1346
1984-07-03,2.1257,2.1257,2.1257,2.1257
1984-07-04,2.1257,2.1257,2.1257,2.1257
1984-07-05,2.125,2.125,2.125,2.125
1984-07-06,2.1138,2.1138,2.1138,2.1138
1984-07-09,2.1138,2.1138,2.1138,2.1138
1984-07-10,2.104,2.104,2.104,2.104
1984-07-11,2.1089,2.1089,2.1089,2.1089
1984-07-12,2.1166,2.1166,2.1166,2.1166
1984-07-13,2.1465,2.1465,2.1465,2.1465
1984-07-16,2.153,2.153,2.153,2.153
1984-07-17,2.149,2.149,2.149,2.149
1984-07-18,2.6246,2.6246,2.6246,2.6246
1984-07-19,2.6536,2.6536,2.6536,2.6536
1984-07-20,2.6723,2.6723,2.6723,2.6723
1984-07-23,2.6683,2.6683,2.6683,2.6683
1984-07-24,2.6707,2.6707,2.6707,2.6707
1984-07-25,2.6757,2.6757,2.6757,2.6757
1984-07-26,2.6637,2.6637,2.6637,2.6637
1984-07-27,2.6442,2.6442,2.6442,2.6442
1984-07-30,2.6472,2.6472,2.6472,2.6472
1984-07-31,2.6512,2.6512,2.6512,2.6512
1984-08-01,2.6324,2.6324,2.6324,2.6324
1984-08-02,2.6444,2.6444,2.6444,2.6444
1984-08-03,2.65,2.65,2.65,2.65
1984-08-06,2.6503,2.6503,2.6503,2.6503
1984-08-07,2.6314,2.6314,2.6314,2.6314
1984-08-08,2.6372,2.6372,2.6372,2.6372
1984-08-09,2.6391,2.6391,2.6391,2.6391
1984-08-10,2.6309,2.6309,2.6309,2.6309
1984-08-13,2.6256,2.6256,2.6256,2.6256
1984-08-14,2.6494,2.6494,2.6494,2.6494
1984-08-15,2.6412,2.6412,2.6412,2.6412
1984-08-16,2.6486,2.6486,2.6486,2.6486
1984-08-17,2.6367,2.6367,2.6367,2.6367
1984-08-20,2.6349,2.6349,2.6349,2.6349
1984-08-21,2.6257,2.6257,2.6257,2.6257
1984-08-22,2.6196,2.6196,2.6196,2.6196
1984-08-23,2.618,2.618,2.618,2.618
1984-08-24,2.6139,2.6139,2.6139,2.6139
1984-08-28,2.623,2.623,2.623,2.623
1984-08-29,2.6268,2.6268,2.6268,2.6268
1984-08-30,2.6255,2.6255,2.6255,2.6255
1984-08-31,2.6222,2.6222,2.6222,2.6222
1984-09-03,2.6072,2.6072,2.6072,2.6072
1984-09-04,2.6113,2.6113,2.6113,2.6113
1984-09-05,2.6085,2.6085,2.6085,2.6085
1984-09-06,2.6036,2.6036,2.6036,2.6036
1984-09-07,2.6039,2.6039,2.6039,2.6039
1984-09-10,2.5939,2.5939,2.5939,2.5939
1984-09-11,2.5948,2.5948,2.5948,2.5948
1984-09-12,2.5995,2.5995,2.5995,2.5995
1984-09-13,2.5855,2.5855,2.5855,2.5855
1984-09-14,2.5821,2.5821,2.5821,2.5821
1984-09-17,2.5511,2.5511,2.5511,2.5511
1984-09-18,2.5288,2.5288,2.5288,2.5288
1984-09-19,2.5468,2.5468,2.5468,2.5468
1984-09-20,2.5222,2.5222,2.5222,2.5222
1984-09-21,2.5327,2.5327,2.5327,2.5327
1984-09-24,2.55,2.55,2.55,2.55
1984-09-25,2.5375,2.5375,2.5375,2.5375
1984-09-26,2.5266,2.5266,2.5266,2.5266
1984-09-27,2.5505,2.5505,2.5505,2.5505
1984-09-28,2.5435,2.5435,2.5435,2.5435
1984-10-01,2.5431,2.5431,2.5431,2.5431
1984-10-02,2.5461,2.5461,2.5461,2.5461
1984-10-03,2.554,2.554,2.554,2.554
1984-10-04,2.5461,2.5461,2.5461,2.5461
1984-10-05,2.5296,2.5296,2.5296,2.5296
1984-10-08,2.5337,2.5337,2.5337,2.5337
1984-10-09,2.5295,2.5295,2.5295,2.5295
1984-10-10,2.5245,2.5245,2.5245,2.5245
1984-10-11,2.5236,2.5236,2.5236,2.5236
1984-10-12,2.5304,2.5304,2.5304,2.5304
1984-10-15,2.5012,2.5012,2.5012,2.5012
1984-10-16,2.4947,2.4947,2.4947,2.4947
1984-10-17,2.4928,2.4928,2.4928,2.4928
1984-10-18,2.4666,2.4666,2.4666,2.4666
1984-10-19,2.4683,2.4683,2.4683,2.4683
1984-10-22,2.4787,2.4787,2.4787,2.4787
1984-10-23,2.4861,2.4861,2.4861,2.4861
1984-10-24,2.4963,2.4963,2.4963,2.4963
1984-10-25,2.5061,2.5061,2.5061,2.5061
1984-10-26,2.4973,2.4973,2.4973,2.4973
1984-10-29,2.4899,2.4899,2.4899,2.4899
1984-10-30,2.4864,2.4864,2.4864,2.4864
1984-10-31,2.4927,2.4927,2.4927,2.4927
1984-11-01,2.4956,2.4956,2.4956,2.4956
1984-11-02,2.5262,2.5262,2.5262,2.5262
1984-11-05,2.5489,2.5489,2.5489,2.5489
1984-11-06,2.5505,2.5505,2.5505,2.5505
1984-11-07,2.5602,2.5602,2.5602,2.5602
1984-11-08,2.5563,2.5563,2.5563,2.5563
1984-11-09,2.5483,2.5483,2.5483,2.5483
1984-11-12,2.5524,2.5524,2.5524,2.5524
1984-11-13,2.5649,2.5649,2.5649,2.5649
1984-11-14,2.5468,2.5468,2.5468,2.5468
1984-11-15,2.5455,2.5455,2.5455,2.5455
1984-11-16,2.5387,2.5387,2.5387,2.5387
1984-11-19,2.529,2.529,2.529,2.529
1984-11-20,2.529,2.529,2.529,2.529
1984-11-21,2.4975,2.4975,2.4975,2.4975
1984-11-22,2.5066,2.5066,2.5066,2.5066
1984-11-23,2.4898,2.4898,2.4898,2.4898
1984-11-26,2.4636,2.4636,2.4636,2.4636
1984-11-27,2.4747,2.4747,2.4747,2.4747
1984-11-28,2.4554,2.4554,2.4554,2.4554
1984-11-29,2.4555,2.4555,2.4555,2.4555
1984-11-30,2.4717,2.4717,2.4717,2.4717
1984-12-03,2.4623,2.4623,2.4623,2.4623
1984-12-04,2.4744,2.4744,2.4744,2.4744
1984-12-05,2.4728,2.4728,2.4728,2.4728
1984-12-06,2.4743,2.4743,2.4743,2.4743
1984-12-07,2.4712,2.4712,2.4712,2.4712
1984-12-10,2.4852,2.4852,2.4852,2.4852
1984-12-11,2.477,2.477,2.477,2.477
1984-12-12,2.469,2.469,2.469,2.469
1984-12-13,2.4608,2.4608,2.4608,2.4608
1984-12-14,2.4624,2.4624,2.4624,2.4624
1984-12-17,2.4644,2.4644,2.4644,2.4644
1984-12-18,2.4519,2.4519,2.4519,2.4519
1984-12-19,2.4423,2.4423,2.4423,2.4423
1984-12-20,2.4411,2.4411,2.4411,2.4411
1984-12-21,2.4406,2.4406,2.4406,2.4406
1984-12-24,2.451,2.451,2.451,2.451
1984-12-27,2.4449,2.4449,2.4449,2.4449
1984-12-28,2.4418,2.4418,2.4418,2.4418
1984-12-31,2.4353,2.4353,2.4353,2.4353
1985-01-02,2.4218,2.4218,2.4218,2.4218
1985-01-03,2.4376,2.4376,2.4376,2.4376
1985-01-04,2.4392,2.4392,2.4392,2.4392
1985-01-07,2.4353,2.4353,2.4353,2.4353
1985-01-08,2.4332,2.4332,2.4332,2.4332
1985-01-09,2.4227,2.4227,2.4227,2.4227
1985-01-10,2.3999,2.3999,2.3999,2.3999
1985-01-11,2.3955,2.3955,2.3955,2.3955
1985-01-14,2.3726,2.3726,2.3726,2.3726
1985-01-15,2.3848,2.3848,2.3848,2.3848
1985-01-16,2.3888,2.3888,2.3888,2.3888
1985-01-17,2.384,2.384,2.384,2.384
1985-01-18,2.3854,2.3854,2.3854,2.3854
1985-01-21,2.3937,2.3937,2.3937,2.3937
1985-01-22,2.3953,2.3953,2.3953,2.3953
1985-01-23,2.3774,2.3774,2.3774,2.3774
1985-01-24,2.3796,2.3796,2.3796,2.3796
1985-01-25,2.3763,2.3763,2.3763,2.3763
1985-01-28,2.375,2.375,2.375,2.375
1985-01-29,2.3832,2.3832,2.3832,2.3832
1985-01-30,2.3967,2.3967,2.3967,2.3967
1985-01-31,2.4036,2.4036,2.4036,2.4036
1985-02-01,2.4041,2.4041,2.4041,2.4041
1985-02-04,2.4017,2.4017,2.4017,2.4017
1985-02-05,2.4106,2.4106,2.4106,2.4106
1985-02-06,2.4083,2.4083,2.4083,2.4083
1985-02-07,2.4324,2.4324,2.4324,2.4324
1985-02-08,2.4218,2.4218,2.4218,2.4218
1985-02-11,2.4029,2.4029,2.4029,2.4029
1985-02-12,2.3898,2.3898,2.3898,2.3898
1985-02-13,2.4047,2.4047,2.4047,2.4047
1985-02-14,2.406,2.406,2.406,2.406
1985-02-15,2.4146,2.4146,2.4146,2.4146
1985-02-18,2.3931,2.3931,2.3931,2.3931
1985-02-19,2.4649,2.4649,2.4649,2.4649
1985-02-20,2.4588,2.4588,2.4588,2.4588
1985-02-21,2.4351,2.4351,2.4351,2.4351
1985-02-22,2.4266,2.4266,2.4266,2.4266
1985-02-25,2.3944,2.3944,2.3944,2.3944
1985-02-26,2.3628,2.3628,2.3628,2.3628
1985-02-27,2.4417,2.4417,2.4417,2.4417
1985-02-28,2.4342,2.4342,2.4342,2.4342
1985-03-01,2.4919,2.4919,2.4919,2.4919
1985-03-04,2.471,2.471,2.471,2.471
1985-03-05,2.353,2.353,2.353,2.353
1985-03-06,2.2605,2.2605,2.2605,2.2605
1985-03-07,2.3627,2.3627,2.3627,2.3627
1985-03-08,2.3228,2.3228,2.3228,2.3228
1985-03-11,2.2919,2.2919,2.2919,2.2919
1985-03-12,2.4494,2.4494,2.4494,2.4494
1985-03-13,2.436,2.436,2.436,2.436
1985-03-14,2.4333,2.4333,2.4333,2.4333
1985-03-15,2.4492,2.4492,2.4492,2.4492
1985-03-18,2.4735,2.4735,2.4735,2.4735
1985-03-19,2.5414,2.5414,2.5414,2.5414
1985-03-20,2.5154,2.5154,2.5154,2.5154
1985-03-21,2.5948,2.5948,2.5948,2.5948
1985-03-22,2.5566,2.5566,2.5566,2.5566
1985-03-25,2.5658,2.5658,2.5658,2.5658
1985-03-26,2.5658,2.5658,2.5658,2.5658
1985-03-27,2.6199,2.6199,2.6199,2.6199
1985-03-28,2.6747,2.6747,2.6747,2.6747
1985-03-29,2.6566,2.6566,2.6566,2.6566
1985-04-01,2.6551,2.6551,2.6551,2.6551
1985-04-02,2.6265,2.6265,2.6265,2.6265
1985-04-03,2.6489,2.6489,2.6489,2.6489
1985-04-04,2.6533,2.6533,2.6533,2.6533
1985-04-09,2.6622,2.6622,2.6622,2.6622
1985-04-10,2.7032,2.7032,2.7032,2.7032
1985-04-11,2.7327,2.7327,2.7327,2.7327
1985-04-12,2.7387,2.7387,2.7387,2.7387
1985-04-15,2.8055,2.8055,2.8055,2.8055
1985-04-16,2.7963,2.7963,2.7963,2.7963
1985-04-17,2.809,2.809,2.809,2.809
1985-04-18,2.8109,2.8109,2.8109,2.8109
1985-04-19,2.8278,2.8278,2.8278,2.8278
1985-04-22,2.8251,2.8251,2.8251,2.8251
1985-04-23,2.7852,2.7852,2.7852,2.7852
1985-04-24,2.7069,2.7069,2.7069,2.7069
1985-04-25,2.6645,2.6645,2.6645,2.6645
1985-04-26,2.6766,2.6766,2.6766,2.6766
1985-04-29,2.6979,2.6979,2.6979,2.6979
1985-04-30,2.728,2.728,2.728,2.728
1985-05-01,2.6935,2.6935,2.6935,2.6935
1985-05-02,2.6909,2.6909,2.6909,2.6909
1985-05-03,2.6626,2.6626,2.6626,2.6626
1985-05-07,2.6707,2.6707,2.6707,2.6707
1985-05-08,2.6711,2.6711,2.6711,2.6711
1985-05-09,2.7148,2.7148,2.7148,2.7148
1985-05-10,2.7307,2.7307,2.7307,2.7307
1985-05-13,2.7599,2.7599,2.7599,2.7599
1985-05-14,2.7996,2.7996,2.7996,2.7996
1985-05-15,2.7883,2.7883,2.7883,2.7883
1985-05-16,2.7998,2.7998,2.7998,2.7998
1985-05-17,2.8044,2.8044,2.8044,2.8044
1985-05-20,2.8431,2.8431,2.8431,2.8431
1985-05-21,2.8074,2.8074,2.8074,2.8074
1985-05-22,2.806,2.806,2.806,2.806
1985-05-23,2.7854,2.7854,2.7854,2.7854
1985-05-24,2.793,2.793,2.793,2.793
1985-05-28,2.7818,2.7818,2.7818,2.7818
1985-05-29,2.8079,2.8079,2.8079,2.8079
1985-05-30,2.8344,2.8344,2.8344,2.8344
1985-05-31,2.8544,2.8544,2.8544,2.8544
1985-06-03,2.8627,2.8627,2.8627,2.8627
1985-06-04,2.8541,2.8541,2.8541,2.8541
1985-06-05,2.8111,2.8111,2.8111,2.8111
1985-06-06,2.828,2.828,2.828,2.828
1985-06-07,2.8229,2.8229,2.8229,2.8229
1985-06-10,2.8109,2.8109,2.8109,2.8109
1985-06-11,2.8216,2.8216,2.8216,2.8216
1985-06-12,2.8118,2.8118,2.8118,2.8118
1985-06-13,2.8133,2.8133,2.8133,2.8133
1985-06-14,2.8179,2.8179,2.8179,2.8179
1985-06-17,2.7934,2.7934,2.7934,2.7934
1985-06-18,2.8174,2.8174,2.8174,2.8174
1985-06-19,2.7814,2.7814,2.7814,2.7814
1985-06-20,2.7473,2.7473,2.7473,2.7473
1985-06-21,2.7438,2.7438,2.7438,2.7438
1985-06-24,2.7409,2.7409,2.7409,2.7409
1985-06-25,2.721,2.721,2.721,2.721
1985-06-26,2.7309,2.7309,2.7309,2.7309
1985-06-27,2.7303,2.7303,2.7303,2.7303
1985-06-28,2.7107,2.7107,2.7107,2.7107
1985-07-01,2.6874,2.6874,2.6874,2.6874
1985-07-02,2.701,2.701,2.701,2.701
1985-07-03,2.7495,2.7495,2.7495,2.7495
1985-07-04,2.7589,2.7589,2.7589,2.7589
1985-07-05,2.8066,2.8066,2.8066,2.8066
1985-07-08,2.8173,2.8173,2.8173,2.8173
1985-07-09,2.8696,2.8696,2.8696,2.8696
1985-07-10,2.8853,2.8853,2.8853,2.8853
1985-07-11,2.8453,2.8453,2.8453,2.8453
1985-07-12,2.8718,2.8718,2.8718,2.8718
1985-07-15,2.8271,2.8271,2.8271,2.8271
1985-07-16,2.7814,2.7814,2.7814,2.7814
1985-07-17,2.8452,2.8452,2.8452,2.8452
1985-07-18,2.8044,2.8044,2.8044,2.8044
1985-07-19,2.7671,2.7671,2.7671,2.7671
1985-07-22,2.7535,2.7535,2.7535,2.7535
1985-07-23,2.7485,2.7485,2.7485,2.7485
1985-07-24,2.6779,2.6779,2.6779,2.6779
1985-07-25,2.7249,2.7249,2.7249,2.7249
1985-07-26,2.7151,2.7151,2.7151,2.7151
1985-07-29,2.7415,2.7415,2.7415,2.7415
1985-07-30,2.7033,2.7033,2.7033,2.7033
1985-07-31,2.6905,2.6905,2.6905,2.6905
1985-08-01,2.6271,2.6271,2.6271,2.6271
1985-08-02,2.5989,2.5989,2.5989,2.5989
1985-08-05,2.5804,2.5804,2.5804,2.5804
1985-08-06,2.5483,2.5483,2.5483,2.5483
1985-08-07,2.5565,2.5565,2.5565,2.5565
1985-08-08,2.549,2.549,2.549,2.549
1985-08-09,2.538,2.538,2.538,2.538
1985-08-12,2.5294,2.5294,2.5294,2.5294
1985-08-13,2.5047,2.5047,2.5047,2.5047
1985-08-14,2.5215,2.5215,2.5215,2.5215
1985-08-15,2.5763,2.5763,2.5763,2.5763
1985-08-16,2.6224,2.6224,2.6224,2.6224
1985-08-19,2.6723,2.6723,2.6723,2.6723
1985-08-20,2.5905,2.5905,2.5905,2.5905
1985-08-21,2.5761,2.5761,2.5761,2.5761
1985-08-22,2.6178,2.6178,2.6178,2.6178
1985-08-23,2.6067,2.6067,2.6067,2.6067
1985-08-27,2.6165,2.6165,2.6165,2.6165
1985-08-28,2.6307,2.6307,2.6307,2.6307
1985-08-29,2.5946,2.5946,2.5946,2.5946
1985-08-30,2.5742,2.5742,2.5742,2.5742
1985-09-02,2.5465,2.5465,2.5465,2.5465
1985-09-03,2.5465,2.5465,2.5465,2.5465
1985-09-04,2.5569,2.5569,2.5569,2.5569
1985-09-05,2.5427,2.5427,2.5427,2.5427
1985-09-06,2.4897,2.4897,2.4897,2.4897
1985-09-09,2.46,2.46,2.46,2.46
1985-09-10,2.5313,2.5313,2.5313,2.5313
1985-09-11,2.5242,2.5242,2.5242,2.5242
1985-09-12,2.5038,2.5038,2.5038,2.5038
1985-09-13,2.5509,2.5509,2.5509,2.5509
1985-09-16,2.5429,2.5429,2.5429,2.5429
1985-09-17,2.5545,2.5545,2.5545,2.5545
1985-09-18,2.5441,2.5441,2.5441,2.5441
1985-09-19,2.5404,2.5404,2.5404,2.5404
1985-09-20,2.5657,2.5657,2.5657,2.5657
1985-09-23,2.6333,2.6333,2.6333,2.6333
1985-09-24,2.6343,2.6343,2.6343,2.6343
1985-09-25,2.6519,2.6519,2.6519,2.6519
1985-09-26,2.6701,2.6701,2.6701,2.6701
1985-09-27,2.5948,2.5948,2.5948,2.5948
1985-09-30,2.5699,2.5699,2.5699,2.5699
1985-10-01,2.5229,2.5229,2.5229,2.5229
1985-10-02,2.5625,2.5625,2.5625,2.5625
1985-10-03,2.5224,2.5224,2.5224,2.5224
1985-10-04,2.5354,2.5354,2.5354,2.5354
1985-10-07,2.5106,2.5106,2.5106,2.5106
1985-10-08,2.489,2.489,2.489,2.489
1985-10-09,2.4656,2.4656,2.4656,2.4656
1985-10-10,2.4496,2.4496,2.4496,2.4496
1985-10-11,2.4239,2.4239,2.4239,2.4239
1985-10-14,2.4316,2.4316,2.4316,2.4316
1985-10-15,2.4039,2.4039,2.4039,2.4039
1985-10-16,2.437,2.437,2.437,2.437
1985-10-17,2.4456,2.4456,2.4456,2.4456
1985-10-18,2.4527,2.4527,2.4527,2.4527
1985-10-21,2.4659,2.4659,2.4659,2.4659
1985-10-22,2.5446,2.5446,2.5446,2.5446
1985-10-23,2.5609,2.5609,2.5609,2.5609
1985-10-24,2.5252,2.5252,2.5252,2.5252
1985-10-25,2.5487,2.5487,2.5487,2.5487
1985-10-28,2.5432,2.5432,2.5432,2.5432
1985-10-29,2.5396,2.5396,2.5396,2.5396
1985-10-30,2.5047,2.5047,2.5047,2.5047
1985-10-31,2.5089,2.5089,2.5089,2.5089
1985-11-01,2.4948,2.4948,2.4948,2.4948
1985-11-04,2.4704,2.4704,2.4704,2.4704
1985-11-05,2.5069,2.5069,2.5069,2.5069
1985-11-06,2.4495,2.4495,2.4495,2.4495
1985-11-07,2.4278,2.4278,2.4278,2.4278
1985-11-08,2.4256,2.4256,2.4256,2.4256
1985-11-11,2.4267,2.4267,2.4267,2.4267
1985-11-12,2.4821,2.4821,2.4821,2.4821
1985-11-13,2.5004,2.5004,2.5004,2.5004
1985-11-14,2.4918,2.4918,2.4918,2.4918
1985-11-15,2.5447,2.5447,2.5447,2.5447
1985-11-18,2.5701,2.5701,2.5701,2.5701
1985-11-19,2.574,2.574,2.574,2.574
1985-11-20,2.5484,2.5484,2.5484,2.5484
1985-11-21,2.5039,2.5039,2.5039,2.5039
1985-11-22,2.5367,2.5367,2.5367,2.5367
1985-11-25,2.5474,2.5474,2.5474,2.5474
1985-11-26,2.5549,2.5549,2.5549,2.5549
1985-11-27,2.5502,2.5502,2.5502,2.5502
1985-11-28,2.5624,2.5624,2.5624,2.5624
1985-11-29,2.601,2.601,2.601,2.601
1985-12-02,2.6023,2.6023,2.6023,2.6023
1985-12-03,2.6415,2.6415,2.6415,2.6415
1985-12-04,2.6339,2.6339,2.6339,2.6339
1985-12-05,2.6108,2.6108,2.6108,2.6108
1985-12-06,2.6186,2.6186,2.6186,2.6186
1985-12-09,2.5896,2.5896,2.5896,2.5896
1985-12-10,2.5501,2.5501,2.5501,2.5501
1985-12-11,2.5751,2.5751,2.5751,2.5751
1985-12-12,2.6844,2.6844,2.6844,2.6844
1985-12-13,2.7572,2.7572,2.7572,2.7572
1985-12-16,2.9958,2.9958,2.9958,2.9958
1985-12-17,2.8709,2.8709,2.8709,2.8709
1985-12-18,2.8282,2.8282,2.8282,2.8282
1985-12-19,2.8214,2.8214,2.8214,2.8214
1985-12-20,2.8712,2.8712,2.8712,2.8712
1985-12-23,2.86,2.86,2.86,2.86
1985-12-24,2.8376,2.8376,2.8376,2.8376
1985-12-27,2.8614,2.8614,2.8614,2.8614
1985-12-30,2.8785,2.8785,2.8785,2.8785
1985-12-31,2.8881,2.8881,2.8881,2.8881
1986-01-02,2.8755,2.8755,2.8755,2.8755
1986-01-03,2.8765,2.8765,2.8765,2.8765
1986-01-06,2.7515,2.7515,2.7515,2.7515
1986-01-07,2.7702,2.7702,2.7702,2.7702
1986-01-08,2.9006,2.9006,2.9006,2.9006
1986-01-09,2.8495,2.8495,2.8495,2.8495
1986-01-10,2.8865,2.8865,2.8865,2.8865
1986-01-13,2.8519,2.8519,2.8519,2.8519
1986-01-14,2.8525,2.8525,2.8525,2.8525
1986-01-15,2.819,2.819,2.819,2.819
1986-01-16,2.7609,2.7609,2.7609,2.7609
1986-01-17,2.7673,2.7673,2.7673,2.7673
1986-01-20,2.724,2.724,2.724,2.724
1986-01-21,2.7369,2.7369,2.7369,2.7369
1986-01-22,2.6972,2.6972,2.6972,2.6972
1986-01-23,2.6868,2.6868,2.6868,2.6868
1986-01-24,2.6565,2.6565,2.6565,2.6565
1986-01-27,2.6049,2.6049,2.6049,2.6049
1986-01-28,2.6679,2.6679,2.6679,2.6679
1986-01-29,2.648,2.648,2.648,2.648
1986-01-30,2.615,2.615,2.615,2.615
1986-01-31,2.6304,2.6304,2.6304,2.6304
1986-02-03,2.5998,2.5998,2.5998,2.5998
1986-02-04,2.649,2.649,2.649,2.649
1986-02-05,2.6224,2.6224,2.6224,2.6224
1986-02-06,2.6298,2.6298,2.6298,2.6298
1986-02-07,2.6353,2.6353,2.6353,2.6353
1986-02-10,2.5937,2.5937,2.5937,2.5937
1986-02-11,2.6037,2.6037,2.6037,2.6037
1986-02-12,2.5982,2.5982,2.5982,2.5982
1986-02-13,2.646,2.646,2.646,2.646
1986-02-14,2.6431,2.6431,2.6431,2.6431
1986-02-17,2.6511,2.6511,2.6511,2.6511
1986-02-18,2.6378,2.6378,2.6378,2.6378
1986-02-19,2.7062,2.7062,2.7062,2.7062
1986-02-20,2.7408,2.7408,2.7408,2.7408
1986-02-21,2.7825,2.7825,2.7825,2.7825
1986-02-24,2.7832,2.7832,2.7832,2.7832
1986-02-25,2.8193,2.8193,2.8193,2.8193
1986-02-26,2.8097,2.8097,2.8097,2.8097
1986-02-27,2.86,2.86,2.86,2.86
1986-02-28,2.7734,2.7734,2.7734,2.7734
1986-03-03,2.7563,2.7563,2.7563,2.7563
1986-03-04,2.8133,2.8133,2.8133,2.8133
1986-03-05,2.8184,2.8184,2.8184,2.8184
1986-03-06,2.8079,2.8079,2.8079,2.8079
1986-03-07,2.804,2.804,2.804,2.804
1986-03-10,2.7653,2.7653,2.7653,2.7653
1986-03-11,2.7838,2.7838,2.7838,2.7838
1986-03-12,2.7828,2.7828,2.7828,2.7828
1986-03-13,2.7543,2.7543,2.7543,2.7543
1986-03-14,2.7759,2.7759,2.7759,2.7759
1986-03-17,2.7608,2.7608,2.7608,2.7608
1986-03-18,2.783,2.783,2.783,2.783
1986-03-19,2.7836,2.7836,2.7836,2.7836
1986-03-20,2.7919,2.7919,2.7919,2.7919
1986-03-21,2.806,2.806,2.806,2.806
1986-03-24,2.7889,2.7889,2.7889,2.7889
1986-03-25,2.7294,2.7294,2.7294,2.7294
1986-03-26,2.7621,2.7621,2.7621,2.7621
1986-03-27,2.7652,2.7652,2.7652,2.7652
1986-04-01,2.7125,2.7125,2.7125,2.7125
1986-04-02,2.6594,2.6594,2.6594,2.6594
1986-04-03,2.6555,2.6555,2.6555,2.6555
1986-04-04,2.6247,2.6247,2.6247,2.6247
1986-04-07,2.6308,2.6308,2.6308,2.6308
1986-04-08,2.7045,2.7045,2.7045,2.7045
1986-04-09,2.659,2.659,2.659,2.659
1986-04-10,2.6691,2.6691,2.6691,2.6691
1986-04-11,2.6824,2.6824,2.6824,2.6824
1986-04-14,2.6784,2.6784,2.6784,2.6784
1986-04-15,2.6702,2.6702,2.6702,2.6702
1986-04-16,2.7158,2.7158,2.7158,2.7158
1986-04-17,2.7728,2.7728,2.7728,2.7728
1986-04-18,2.7186,2.7186,2.7186,2.7186
1986-04-21,2.6361,2.6361,2.6361,2.6361
1986-04-22,2.6594,2.6594,2.6594,2.6594
1986-04-23,2.6488,2.6488,2.6488,2.6488
1986-04-24,2.6337,2.6337,2.6337,2.6337
1986-04-25,2.6437,2.6437,2.6437,2.6437
1986-04-28,2.6553,2.6553,2.6553,2.6553
1986-04-29,2.6611,2.6611,2.6611,2.6611
1986-04-30,2.6587,2.6587,2.6587,2.6587
1986-05-01,2.6567,2.6567,2.6567,2.6567
1986-05-02,2.6557,2.6557,2.6557,2.6557
1986-05-06,2.6363,2.6363,2.6363,2.6363
1986-05-07,2.6342,2.6342,2.6342,2.6342
1986-05-08,2.651,2.651,2.651,2.651
1986-05-09,2.6103,2.6103,2.6103,2.6103
1986-05-12,2.6256,2.6256,2.6256,2.6256
1986-05-13,2.757,2.757,2.757,2.757
1986-05-14,2.7268,2.7268,2.7268,2.7268
1986-05-15,2.7483,2.7483,2.7483,2.7483
1986-05-16,2.7675,2.7675,2.7675,2.7675
1986-05-19,2.732,2.732,2.732,2.732
1986-05-20,2.7222,2.7222,2.7222,2.7222
1986-05-21,2.7324,2.7324,2.7324,2.7324
1986-05-22,2.7052,2.7052,2.7052,2.7052
1986-05-23,2.6877,2.6877,2.6877,2.6877
1986-05-27,2.7063,2.7063,2.7063,2.7063
1986-05-28,2.7063,2.7063,2.7063,2.7063
1986-05-29,2.671,2.671,2.671,2.671
1986-05-30,2.6155,2.6155,2.6155,2.6155
1986-06-02,2.6238,2.6238,2.6238,2.6238
1986-06-03,2.6507,2.6507,2.6507,2.6507
1986-06-04,2.6592,2.6592,2.6592,2.6592
1986-06-05,2.6816,2.6816,2.6816,2.6816
1986-06-06,2.6913,2.6913,2.6913,2.6913
1986-06-09,2.6752,2.6752,2.6752,2.6752
1986-06-10,2.6877,2.6877,2.6877,2.6877
1986-06-11,2.7356,2.7356,2.7356,2.7356
1986-06-12,2.7776,2.7776,2.7776,2.7776
1986-06-13,2.7978,2.7978,2.7978,2.7978
1986-06-16,2.8398,2.8398,2.8398,2.8398
1986-06-17,2.8151,2.8151,2.8151,2.8151
1986-06-18,2.7937,2.7937,2.7937,2.7937
1986-06-19,2.8288,2.8288,2.8288,2.8288
1986-06-20,2.8374,2.8374,2.8374,2.8374
1986-06-23,2.8124,2.8124,2.8124,2.8124
1986-06-24,2.8228,2.8228,2.8228,2.8228
1986-06-25,2.8858,2.8858,2.8858,2.8858
1986-06-26,2.8514,2.8514,2.8514,2.8514
1986-06-27,2.8252,2.8252,2.8252,2.8252
1986-06-30,2.7933,2.7933,2.7933,2.7933
1986-07-01,2.8668,2.8668,2.8668,2.8668
1986-07-02,2.8544,2.8544,2.8544,2.8544
1986-07-03,2.9114,2.9114,2.9114,2.9114
1986-07-04,2.9048,2.9048,2.9048,2.9048
1986-07-07,2.8723,2.8723,2.8723,2.8723
1986-07-08,2.9054,2.9054,2.9054,2.9054
1986-07-09,2.8596,2.8596,2.8596,2.8596
1986-07-10,2.8425,2.8425,2.8425,2.8425
1986-07-11,2.8462,2.8462,2.8462,2.8462
1986-07-14,2.7859,2.7859,2.7859,2.7859
1986-07-15,2.8139,2.8139,2.8139,2.8139
1986-07-16,2.8278,2.8278,2.8278,2.8278
1986-07-17,2.8343,2.8343,2.8343,2.8343
1986-07-18,2.7996,2.7996,2.7996,2.7996
1986-07-21,2.7756,2.7756,2.7756,2.7756
1986-07-22,2.7617,2.7617,2.7617,2.7617
1986-07-23,2.7738,2.7738,2.7738,2.7738
1986-07-24,2.8096,2.8096,2.8096,2.8096
1986-07-25,2.8526,2.8526,2.8526,2.8526
1986-07-28,2.7892,2.7892,2.7892,2.7892
1986-07-29,2.8059,2.8059,2.8059,2.8059
1986-07-30,2.8745,2.8745,2.8745,2.8745
1986-07-31,2.8665,2.8665,2.8665,2.8665
1986-08-01,2.8671,2.8671,2.8671,2.8671
1986-08-04,2.8395,2.8395,2.8395,2.8395
1986-08-05,2.8732,2.8732,2.8732,2.8732
1986-08-06,2.8494,2.8494,2.8494,2.8494
1986-08-07,2.8457,2.8457,2.8457,2.8457
1986-08-08,2.9106,2.9106,2.9106,2.9106
1986-08-11,2.9972,2.9972,2.9972,2.9972
1986-08-12,2.995,2.995,2.995,2.995
1986-08-13,2.9625,2.9625,2.9625,2.9625
1986-08-14,2.9719,2.9719,2.9719,2.9719
1986-08-15,3.0188,3.0188,3.0188,3.0188
1986-08-18,2.9944,2.9944,2.9944,2.9944
1986-08-19,2.9774,2.9774,2.9774,2.9774
1986-08-20,3,3,3,3
1986-08-21,3.0867,3.0867,3.0867,3.0867
1986-08-22,3.0636,3.0636,3.0636,3.0636
1986-08-26,3.0288,3.0288,3.0288,3.0288
1986-08-27,3.004,3.004,3.004,3.004
1986-08-28,2.9869,2.9869,2.9869,2.9869
1986-08-29,3.0576,3.0576,3.0576,3.0576
1986-09-01,3.0627,3.0627,3.0627,3.0627
1986-09-02,3.0587,3.0587,3.0587,3.0587
1986-09-03,3.0707,3.0707,3.0707,3.0707
1986-09-04,3.124,3.124,3.124,3.124
1986-09-05,3.13,3.13,3.13,3.13
1986-09-08,3.1101,3.1101,3.1101,3.1101
1986-09-09,3.1307,3.1307,3.1307,3.1307
1986-09-10,3.1583,3.1583,3.1583,3.1583
1986-09-11,3.1043,3.1043,3.1043,3.1043
1986-09-12,3.0644,3.0644,3.0644,3.0644
1986-09-15,3.1049,3.1049,3.1049,3.1049
1986-09-16,3.1007,3.1007,3.1007,3.1007
1986-09-17,3.0999,3.0999,3.0999,3.0999
1986-09-18,3.1023,3.1023,3.1023,3.1023
1986-09-19,3.1172,3.1172,3.1172,3.1172
1986-09-22,3.0733,3.0733,3.0733,3.0733
1986-09-23,3.022,3.022,3.022,3.022
1986-09-24,3.0121,3.0121,3.0121,3.0121
1986-09-25,2.9946,2.9946,2.9946,2.9946
1986-09-26,2.9649,2.9649,2.9649,2.9649
1986-09-29,2.9156,2.9156,2.9156,2.9156
1986-09-30,2.9654,2.9654,2.9654,2.9654
1986-10-01,2.9599,2.9599,2.9599,2.9599
1986-10-02,2.8549,2.8549,2.8549,2.8549
1986-10-03,2.8557,2.8557,2.8557,2.8557
1986-10-06,2.8443,2.8443,2.8443,2.8443
1986-10-07,2.8489,2.8489,2.8489,2.8489
1986-10-08,2.8275,2.8275,2.8275,2.8275
1986-10-09,2.79,2.79,2.79,2.79
1986-10-10,2.8051,2.8051,2.8051,2.8051
1986-10-13,2.8074,2.8074,2.8074,2.8074
1986-10-14,2.8583,2.8583,2.8583,2.8583
1986-10-15,2.8711,2.8711,2.8711,2.8711
1986-10-16,2.8718,2.8718,2.8718,2.8718
1986-10-17,2.8777,2.8777,2.8777,2.8777
1986-10-20,2.8518,2.8518,2.8518,2.8518
1986-10-21,2.8679,2.8679,2.8679,2.8679
1986-10-22,2.833,2.833,2.833,2.833
1986-10-23,2.8099,2.8099,2.8099,2.8099
1986-10-24,2.7776,2.7776,2.7776,2.7776
1986-10-27,2.7783,2.7783,2.7783,2.7783
1986-10-28,2.7907,2.7907,2.7907,2.7907
1986-10-29,2.7953,2.7953,2.7953,2.7953
1986-10-30,2.7747,2.7747,2.7747,2.7747
1986-10-31,2.7781,2.7781,2.7781,2.7781
1986-11-03,2.8002,2.8002,2.8002,2.8002
1986-11-04,2.8107,2.8107,2.8107,2.8107
1986-11-05,2.8188,2.8188,2.8188,2.8188
1986-11-06,2.8264,2.8264,2.8264,2.8264
1986-11-07,2.7931,2.7931,2.7931,2.7931
1986-11-10,2.7799,2.7799,2.7799,2.7799
1986-11-11,2.7824,2.7824,2.7824,2.7824
1986-11-12,2.7564,2.7564,2.7564,2.7564
1986-11-13,2.7545,2.7545,2.7545,2.7545
1986-11-14,2.7686,2.7686,2.7686,2.7686
1986-11-17,2.7819,2.7819,2.7819,2.7819
1986-11-18,2.7662,2.7662,2.7662,2.7662
1986-11-19,2.7514,2.7514,2.7514,2.7514
1986-11-20,2.723,2.723,2.723,2.723
1986-11-21,2.7302,2.7302,2.7302,2.7302
1986-11-24,2.7401,2.7401,2.7401,2.7401
1986-11-25,2.7385,2.7385,2.7385,2.7385
1986-11-26,2.7496,2.7496,2.7496,2.7496
1986-11-27,2.7442,2.7442,2.7442,2.7442
1986-11-28,2.8136,2.8136,2.8136,2.8136
1986-12-01,2.8855,2.8855,2.8855,2.8855
1986-12-02,2.8749,2.8749,2.8749,2.8749
1986-12-03,2.8219,2.8219,2.8219,2.8219
1986-12-04,2.8299,2.8299,2.8299,2.8299
1986-12-05,2.8309,2.8309,2.8309,2.8309
1986-12-08,2.8305,2.8305,2.8305,2.8305
1986-12-09,2.8581,2.8581,2.8581,2.8581
1986-12-10,2.8334,2.8334,2.8334,2.8334
1986-12-11,2.8107,2.8107,2.8107,2.8107
1986-12-12,2.7949,2.7949,2.7949,2.7949
1986-12-15,2.7785,2.7785,2.7785,2.7785
1986-12-16,2.7839,2.7839,2.7839,2.7839
1986-12-17,2.769,2.769,2.769,2.769
1986-12-18,2.7458,2.7458,2.7458,2.7458
1986-12-19,2.7478,2.7478,2.7478,2.7478
1986-12-22,2.7331,2.7331,2.7331,2.7331
1986-12-23,2.7781,2.7781,2.7781,2.7781
1986-12-24,2.7895,2.7895,2.7895,2.7895
1986-12-29,2.8026,2.8026,2.8026,2.8026
1986-12-30,2.8014,2.8014,2.8014,2.8014
1986-12-31,2.7968,2.7968,2.7968,2.7968
1987-01-02,2.8413,2.8413,2.8413,2.8413
1987-01-05,2.7601,2.7601,2.7601,2.7601
1987-01-06,2.7583,2.7583,2.7583,2.7583
1987-01-07,2.7125,2.7125,2.7125,2.7125
1987-01-08,2.7201,2.7201,2.7201,2.7201
1987-01-09,2.7513,2.7513,2.7513,2.7513
1987-01-12,2.7677,2.7677,2.7677,2.7677
1987-01-13,2.8418,2.8418,2.8418,2.8418
1987-01-14,2.8207,2.8207,2.8207,2.8207
1987-01-15,2.8658,2.8658,2.8658,2.8658
1987-01-16,2.8632,2.8632,2.8632,2.8632
1987-01-19,2.8972,2.8972,2.8972,2.8972
1987-01-20,2.8298,2.8298,2.8298,2.8298
1987-01-21,2.8227,2.8227,2.8227,2.8227
1987-01-22,2.8541,2.8541,2.8541,2.8541
1987-01-23,2.8343,2.8343,2.8343,2.8343
1987-01-26,2.8042,2.8042,2.8042,2.8042
1987-01-27,2.8353,2.8353,2.8353,2.8353
1987-01-28,2.8601,2.8601,2.8601,2.8601
1987-01-29,2.8395,2.8395,2.8395,2.8395
1987-01-30,2.7994,2.7994,2.7994,2.7994
1987-02-02,2.8011,2.8011,2.8011,2.8011
1987-02-03,2.8068,2.8068,2.8068,2.8068
1987-02-04,2.7898,2.7898,2.7898,2.7898
1987-02-05,2.7831,2.7831,2.7831,2.7831
1987-02-06,2.7637,2.7637,2.7637,2.7637
1987-02-09,2.7885,2.7885,2.7885,2.7885
1987-02-10,2.803,2.803,2.803,2.803
1987-02-11,2.781,2.781,2.781,2.781
1987-02-12,2.8041,2.8041,2.8041,2.8041
1987-02-13,2.7941,2.7941,2.7941,2.7941
1987-02-16,2.7978,2.7978,2.7978,2.7978
1987-02-17,2.8087,2.8087,2.8087,2.8087
1987-02-18,2.7968,2.7968,2.7968,2.7968
1987-02-19,2.7693,2.7693,2.7693,2.7693
1987-02-20,2.7772,2.7772,2.7772,2.7772
1987-02-23,2.7995,2.7995,2.7995,2.7995
1987-02-24,2.7877,2.7877,2.7877,2.7877
1987-02-25,2.7706,2.7706,2.7706,2.7706
1987-02-26,2.7596,2.7596,2.7596,2.7596
1987-02-27,2.7591,2.7591,2.7591,2.7591
1987-03-02,2.7757,2.7757,2.7757,2.7757
1987-03-03,2.7841,2.7841,2.7841,2.7841
1987-03-04,2.7749,2.7749,2.7749,2.7749
1987-03-05,2.8251,2.8251,2.8251,2.8251
1987-03-06,2.8518,2.8518,2.8518,2.8518
1987-03-09,2.8194,2.8194,2.8194,2.8194
1987-03-10,2.7949,2.7949,2.7949,2.7949
1987-03-11,2.7947,2.7947,2.7947,2.7947
1987-03-12,2.775,2.775,2.775,2.775
1987-03-13,2.8393,2.8393,2.8393,2.8393
1987-03-16,2.8041,2.8041,2.8041,2.8041
1987-03-17,2.8201,2.8201,2.8201,2.8201
1987-03-18,2.8428,2.8428,2.8428,2.8428
1987-03-19,2.8634,2.8634,2.8634,2.8634
1987-03-20,2.8761,2.8761,2.8761,2.8761
1987-03-23,2.8913,2.8913,2.8913,2.8913
1987-03-24,2.8564,2.8564,2.8564,2.8564
1987-03-25,2.833,2.833,2.833,2.833
1987-03-26,2.8443,2.8443,2.8443,2.8443
1987-03-27,2.843,2.843,2.843,2.843
1987-03-30,2.8463,2.8463,2.8463,2.8463
1987-03-31,2.8159,2.8159,2.8159,2.8159
1987-04-01,2.8082,2.8082,2.8082,2.8082
1987-04-02,2.7967,2.7967,2.7967,2.7967
1987-04-03,2.8224,2.8224,2.8224,2.8224
1987-04-06,2.8264,2.8264,2.8264,2.8264
1987-04-07,2.8361,2.8361,2.8361,2.8361
1987-04-08,2.8047,2.8047,2.8047,2.8047
1987-04-09,2.8009,2.8009,2.8009,2.8009
1987-04-10,2.8212,2.8212,2.8212,2.8212
1987-04-13,2.8007,2.8007,2.8007,2.8007
1987-04-14,2.8111,2.8111,2.8111,2.8111
1987-04-15,2.7968,2.7968,2.7968,2.7968
1987-04-16,2.8192,2.8192,2.8192,2.8192
1987-04-21,2.8547,2.8547,2.8547,2.8547
1987-04-22,2.8105,2.8105,2.8105,2.8105
1987-04-23,2.8026,2.8026,2.8026,2.8026
1987-04-24,2.8293,2.8293,2.8293,2.8293
1987-04-27,2.8391,2.8391,2.8391,2.8391
1987-04-28,2.8464,2.8464,2.8464,2.8464
1987-04-29,2.8487,2.8487,2.8487,2.8487
1987-04-30,2.8728,2.8728,2.8728,2.8728
1987-05-01,2.9007,2.9007,2.9007,2.9007
1987-05-05,2.9092,2.9092,2.9092,2.9092
1987-05-06,2.9288,2.9288,2.9288,2.9288
1987-05-07,2.9379,2.9379,2.9379,2.9379
1987-05-08,2.9206,2.9206,2.9206,2.9206
1987-05-11,2.8832,2.8832,2.8832,2.8832
1987-05-12,2.8868,2.8868,2.8868,2.8868
1987-05-13,2.9029,2.9029,2.9029,2.9029
1987-05-14,2.9078,2.9078,2.9078,2.9078
1987-05-15,2.9074,2.9074,2.9074,2.9074
1987-05-18,2.8946,2.8946,2.8946,2.8946
1987-05-19,2.9036,2.9036,2.9036,2.9036
1987-05-20,2.9106,2.9106,2.9106,2.9106
1987-05-21,2.9002,2.9002,2.9002,2.9002
1987-05-22,2.8933,2.8933,2.8933,2.8933
1987-05-26,2.8604,2.8604,2.8604,2.8604
1987-05-27,2.8094,2.8094,2.8094,2.8094
1987-05-28,2.8356,2.8356,2.8356,2.8356
1987-05-29,2.8317,2.8317,2.8317,2.8317
1987-06-01,2.813,2.813,2.813,2.813
1987-06-02,2.8503,2.8503,2.8503,2.8503
1987-06-03,2.8324,2.8324,2.8324,2.8324
1987-06-04,2.8188,2.8188,2.8188,2.8188
1987-06-05,2.8203,2.8203,2.8203,2.8203
1987-06-08,2.8261,2.8261,2.8261,2.8261
1987-06-09,2.8454,2.8454,2.8454,2.8454
1987-06-10,2.8262,2.8262,2.8262,2.8262
1987-06-11,2.8347,2.8347,2.8347,2.8347
1987-06-12,2.7939,2.7939,2.7939,2.7939
1987-06-15,2.7534,2.7534,2.7534,2.7534
1987-06-16,2.7686,2.7686,2.7686,2.7686
1987-06-17,2.7487,2.7487,2.7487,2.7487
1987-06-18,2.7382,2.7382,2.7382,2.7382
1987-06-19,2.721,2.721,2.721,2.721
1987-06-22,2.6923,2.6923,2.6923,2.6923
1987-06-23,2.726,2.726,2.726,2.726
1987-06-24,2.7714,2.7714,2.7714,2.7714
1987-06-25,2.7466,2.7466,2.7466,2.7466
1987-06-26,2.7246,2.7246,2.7246,2.7246
1987-06-29,2.7115,2.7115,2.7115,2.7115
1987-06-30,2.7224,2.7224,2.7224,2.7224
1987-07-01,2.7246,2.7246,2.7246,2.7246
1987-07-02,2.726,2.726,2.726,2.726
1987-07-03,2.7062,2.7062,2.7062,2.7062
1987-07-06,2.7084,2.7084,2.7084,2.7084
1987-07-07,2.7001,2.7001,2.7001,2.7001
1987-07-08,2.721,2.721,2.721,2.721
1987-07-09,2.6863,2.6863,2.6863,2.6863
1987-07-10,2.6869,2.6869,2.6869,2.6869
1987-07-13,2.6789,2.6789,2.6789,2.6789
1987-07-14,2.6943,2.6943,2.6943,2.6943
1987-07-15,2.7069,2.7069,2.7069,2.7069
1987-07-16,2.698,2.698,2.698,2.698
1987-07-17,2.6565,2.6565,2.6565,2.6565
1987-07-20,2.6494,2.6494,2.6494,2.6494
1987-07-21,2.6395,2.6395,2.6395,2.6395
1987-07-22,2.616,2.616,2.616,2.616
1987-07-23,2.636,2.636,2.636,2.636
1987-07-24,2.6794,2.6794,2.6794,2.6794
1987-07-27,2.6706,2.6706,2.6706,2.6706
1987-07-28,2.7356,2.7356,2.7356,2.7356
1987-07-29,2.7616,2.7616,2.7616,2.7616
1987-07-30,2.8204,2.8204,2.8204,2.8204
1987-07-31,2.7966,2.7966,2.7966,2.7966
1987-08-03,2.7555,2.7555,2.7555,2.7555
1987-08-04,2.7578,2.7578,2.7578,2.7578
1987-08-05,2.7497,2.7497,2.7497,2.7497
1987-08-06,2.7534,2.7534,2.7534,2.7534
1987-08-07,2.7342,2.7342,2.7342,2.7342
1987-08-10,2.7385,2.7385,2.7385,2.7385
1987-08-11,2.6942,2.6942,2.6942,2.6942
1987-08-12,2.7227,2.7227,2.7227,2.7227
1987-08-13,2.7513,2.7513,2.7513,2.7513
1987-08-14,2.7241,2.7241,2.7241,2.7241
1987-08-17,2.6961,2.6961,2.6961,2.6961
1987-08-18,2.7104,2.7104,2.7104,2.7104
1987-08-19,2.6962,2.6962,2.6962,2.6962
1987-08-20,2.6886,2.6886,2.6886,2.6886
1987-08-21,2.6951,2.6951,2.6951,2.6951
1987-08-24,2.7007,2.7007,2.7007,2.7007
1987-08-25,2.6754,2.6754,2.6754,2.6754
1987-08-26,2.6928,2.6928,2.6928,2.6928
1987-08-27,2.684,2.684,2.684,2.684
1987-08-28,2.6955,2.6955,2.6955,2.6955
1987-09-01,2.6919,2.6919,2.6919,2.6919
1987-09-02,2.6756,2.6756,2.6756,2.6756
1987-09-03,2.6746,2.6746,2.6746,2.6746
1987-09-04,2.6544,2.6544,2.6544,2.6544
1987-09-07,2.6648,2.6648,2.6648,2.6648
1987-09-08,2.6735,2.6735,2.6735,2.6735
1987-09-09,2.6581,2.6581,2.6581,2.6581
1987-09-10,2.6484,2.6484,2.6484,2.6484
1987-09-11,2.6598,2.6598,2.6598,2.6598
1987-09-14,2.5829,2.5829,2.5829,2.5829
1987-09-15,2.5967,2.5967,2.5967,2.5967
1987-09-16,2.584,2.584,2.584,2.584
1987-09-17,2.5839,2.5839,2.5839,2.5839
1987-09-18,2.5855,2.5855,2.5855,2.5855
1987-09-21,2.5608,2.5608,2.5608,2.5608
1987-09-22,2.5511,2.5511,2.5511,2.5511
1987-09-23,2.5529,2.5529,2.5529,2.5529
1987-09-24,2.5447,2.5447,2.5447,2.5447
1987-09-25,2.5388,2.5388,2.5388,2.5388
1987-09-28,2.53,2.53,2.53,2.53
1987-09-29,2.503,2.503,2.503,2.503
1987-09-30,2.5186,2.5186,2.5186,2.5186
1987-10-01,2.5124,2.5124,2.5124,2.5124
1987-10-02,2.5,2.5,2.5,2.5
1987-10-05,2.5034,2.5034,2.5034,2.5034
1987-10-06,2.4973,2.4973,2.4973,2.4973
1987-10-07,2.4773,2.4773,2.4773,2.4773
1987-10-08,2.467,2.467,2.467,2.467
1987-10-09,2.5019,2.5019,2.5019,2.5019
1987-10-12,2.508,2.508,2.508,2.508
1987-10-13,2.4939,2.4939,2.4939,2.4939
1987-10-14,2.59,2.59,2.59,2.59
1987-10-15,2.5746,2.5746,2.5746,2.5746
1987-10-16,2.5627,2.5627,2.5627,2.5627
1987-10-19,2.5867,2.5867,2.5867,2.5867
1987-10-20,2.5603,2.5603,2.5603,2.5603
1987-10-21,2.5591,2.5591,2.5591,2.5591
1987-10-22,2.5655,2.5655,2.5655,2.5655
1987-10-23,2.5578,2.5578,2.5578,2.5578
1987-10-26,2.6393,2.6393,2.6393,2.6393
1987-10-27,2.7328,2.7328,2.7328,2.7328
1987-10-28,2.9017,2.9017,2.9017,2.9017
1987-10-29,2.9362,2.9362,2.9362,2.9362
1987-10-30,2.9056,2.9056,2.9056,2.9056
1987-11-02,2.8818,2.8818,2.8818,2.8818
1987-11-03,2.8943,2.8943,2.8943,2.8943
1987-11-04,2.8634,2.8634,2.8634,2.8634
1987-11-05,2.8836,2.8836,2.8836,2.8836
1987-11-06,2.8592,2.8592,2.8592,2.8592
1987-11-09,2.8613,2.8613,2.8613,2.8613
1987-11-10,2.8623,2.8623,2.8623,2.8623
1987-11-11,2.8503,2.8503,2.8503,2.8503
1987-11-12,2.8678,2.8678,2.8678,2.8678
1987-11-13,2.8803,2.8803,2.8803,2.8803
1987-11-16,2.8488,2.8488,2.8488,2.8488
1987-11-17,2.8357,2.8357,2.8357,2.8357
1987-11-18,2.8403,2.8403,2.8403,2.8403
1987-11-19,2.8713,2.8713,2.8713,2.8713
1987-11-20,2.8864,2.8864,2.8864,2.8864
1987-11-23,2.9081,2.9081,2.9081,2.9081
1987-11-24,2.8534,2.8534,2.8534,2.8534
1987-11-25,2.86,2.86,2.86,2.86
1987-11-26,2.8576,2.8576,2.8576,2.8576
1987-11-27,2.8626,2.8626,2.8626,2.8626
1987-11-30,2.8293,2.8293,2.8293,2.8293
1987-12-01,2.802,2.802,2.802,2.802
1987-12-02,2.8221,2.8221,2.8221,2.8221
1987-12-03,2.7926,2.7926,2.7926,2.7926
1987-12-04,2.8196,2.8196,2.8196,2.8196
1987-12-07,2.8182,2.8182,2.8182,2.8182
1987-12-08,2.8162,2.8162,2.8162,2.8162
1987-12-09,2.8182,2.8182,2.8182,2.8182
1987-12-10,2.8546,2.8546,2.8546,2.8546
1987-12-11,2.8655,2.8655,2.8655,2.8655
1987-12-14,2.8553,2.8553,2.8553,2.8553
1987-12-15,2.8437,2.8437,2.8437,2.8437
1987-12-16,2.8348,2.8348,2.8348,2.8348
1987-12-17,2.8281,2.8281,2.8281,2.8281
1987-12-18,2.8268,2.8268,2.8268,2.8268
1987-12-21,2.8297,2.8297,2.8297,2.8297
1987-12-22,2.8197,2.8197,2.8197,2.8197
1987-12-23,2.808,2.808,2.808,2.808
1987-12-24,2.8251,2.8251,2.8251,2.8251
1987-12-29,2.8245,2.8245,2.8245,2.8245
1987-12-30,2.8237,2.8237,2.8237,2.8237
1987-12-31,2.8582,2.8582,2.8582,2.8582
1988-01-04,2.8535,2.8535,2.8535,2.8535
1988-01-05,2.8226,2.8226,2.8226,2.8226
1988-01-06,2.8004,2.8004,2.8004,2.8004
1988-01-07,2.8067,2.8067,2.8067,2.8067
1988-01-08,2.7962,2.7962,2.7962,2.7962
1988-01-11,2.7989,2.7989,2.7989,2.7989
1988-01-12,2.7811,2.7811,2.7811,2.7811
1988-01-13,2.7676,2.7676,2.7676,2.7676
1988-01-14,2.7555,2.7555,2.7555,2.7555
1988-01-15,2.7265,2.7265,2.7265,2.7265
1988-01-18,2.7238,2.7238,2.7238,2.7238
1988-01-19,2.682,2.682,2.682,2.682
1988-01-20,2.6952,2.6952,2.6952,2.6952
1988-01-21,2.7043,2.7043,2.7043,2.7043
1988-01-22,2.6785,2.6785,2.6785,2.6785
1988-01-25,2.6519,2.6519,2.6519,2.6519
1988-01-26,2.6443,2.6443,2.6443,2.6443
1988-01-27,2.6544,2.6544,2.6544,2.6544
1988-01-28,2.6575,2.6575,2.6575,2.6575
1988-01-29,2.6839,2.6839,2.6839,2.6839
1988-02-01,2.6463,2.6463,2.6463,2.6463
1988-02-02,2.6464,2.6464,2.6464,2.6464
1988-02-03,2.6451,2.6451,2.6451,2.6451
1988-02-04,2.6415,2.6415,2.6415,2.6415
1988-02-05,2.6383,2.6383,2.6383,2.6383
1988-02-08,2.6483,2.6483,2.6483,2.6483
1988-02-09,2.6623,2.6623,2.6623,2.6623
1988-02-10,2.6652,2.6652,2.6652,2.6652
1988-02-11,2.6554,2.6554,2.6554,2.6554
1988-02-12,2.6471,2.6471,2.6471,2.6471
1988-02-15,2.6532,2.6532,2.6532,2.6532
1988-02-16,2.6145,2.6145,2.6145,2.6145
1988-02-17,2.615,2.615,2.615,2.615
1988-02-18,2.639,2.639,2.639,2.639
1988-02-19,2.6428,2.6428,2.6428,2.6428
1988-02-22,2.6599,2.6599,2.6599,2.6599
1988-02-23,2.6536,2.6536,2.6536,2.6536
1988-02-24,2.6671,2.6671,2.6671,2.6671
1988-02-25,2.6637,2.6637,2.6637,2.6637
1988-02-26,2.6583,2.6583,2.6583,2.6583
1988-02-29,2.6682,2.6682,2.6682,2.6682
1988-03-01,2.6991,2.6991,2.6991,2.6991
1988-03-02,2.6762,2.6762,2.6762,2.6762
1988-03-03,2.6702,2.6702,2.6702,2.6702
1988-03-04,2.6639,2.6639,2.6639,2.6639
1988-03-07,2.7259,2.7259,2.7259,2.7259
1988-03-08,2.7429,2.7429,2.7429,2.7429
1988-03-09,2.7534,2.7534,2.7534,2.7534
1988-03-10,2.7525,2.7525,2.7525,2.7525
1988-03-11,2.7611,2.7611,2.7611,2.7611
1988-03-14,2.7606,2.7606,2.7606,2.7606
1988-03-15,2.7698,2.7698,2.7698,2.7698
1988-03-16,2.7576,2.7576,2.7576,2.7576
1988-03-17,2.7608,2.7608,2.7608,2.7608
1988-03-18,2.7246,2.7246,2.7246,2.7246
1988-03-21,2.758,2.758,2.758,2.758
1988-03-22,2.7561,2.7561,2.7561,2.7561
1988-03-23,2.7666,2.7666,2.7666,2.7666
1988-03-24,2.8028,2.8028,2.8028,2.8028
1988-03-25,2.853,2.853,2.853,2.853
1988-03-28,2.8833,2.8833,2.8833,2.8833
1988-03-29,2.9078,2.9078,2.9078,2.9078
1988-03-30,2.8981,2.8981,2.8981,2.8981
1988-03-31,2.9308,2.9308,2.9308,2.9308
1988-04-05,2.8758,2.8758,2.8758,2.8758
1988-04-06,2.886,2.886,2.886,2.886
1988-04-07,2.8638,2.8638,2.8638,2.8638
1988-04-08,2.8574,2.8574,2.8574,2.8574
1988-04-11,2.8166,2.8166,2.8166,2.8166
1988-04-12,2.8098,2.8098,2.8098,2.8098
1988-04-13,2.7962,2.7962,2.7962,2.7962
1988-04-14,2.8297,2.8297,2.8297,2.8297
1988-04-15,2.8593,2.8593,2.8593,2.8593
1988-04-18,2.8856,2.8856,2.8856,2.8856
1988-04-19,2.873,2.873,2.873,2.873
1988-04-20,2.8542,2.8542,2.8542,2.8542
1988-04-21,2.8429,2.8429,2.8429,2.8429
1988-04-22,2.7964,2.7964,2.7964,2.7964
1988-04-25,2.7928,2.7928,2.7928,2.7928
1988-04-26,2.8161,2.8161,2.8161,2.8161
1988-04-27,2.8004,2.8004,2.8004,2.8004
1988-04-28,2.7879,2.7879,2.7879,2.7879
1988-04-29,2.7935,2.7935,2.7935,2.7935
1988-05-03,2.7448,2.7448,2.7448,2.7448
1988-05-04,2.7044,2.7044,2.7044,2.7044
1988-05-05,2.7283,2.7283,2.7283,2.7283
1988-05-06,2.7264,2.7264,2.7264,2.7264
1988-05-09,2.735,2.735,2.735,2.735
1988-05-10,2.7266,2.7266,2.7266,2.7266
1988-05-11,2.7448,2.7448,2.7448,2.7448
1988-05-12,2.7356,2.7356,2.7356,2.7356
1988-05-13,2.7327,2.7327,2.7327,2.7327
1988-05-16,2.7423,2.7423,2.7423,2.7423
1988-05-17,2.7131,2.7131,2.7131,2.7131
1988-05-18,2.7079,2.7079,2.7079,2.7079
1988-05-19,2.7062,2.7062,2.7062,2.7062
1988-05-20,2.7312,2.7312,2.7312,2.7312
1988-05-23,2.6858,2.6858,2.6858,2.6858
1988-05-24,2.6938,2.6938,2.6938,2.6938
1988-05-25,2.6741,2.6741,2.6741,2.6741
1988-05-26,2.6695,2.6695,2.6695,2.6695
1988-05-27,2.6601,2.6601,2.6601,2.6601
1988-05-31,2.6554,2.6554,2.6554,2.6554
1988-06-01,2.6165,2.6165,2.6165,2.6165
1988-06-02,2.5967,2.5967,2.5967,2.5967
1988-06-03,2.5737,2.5737,2.5737,2.5737
1988-06-06,2.6018,2.6018,2.6018,2.6018
1988-06-07,2.6054,2.6054,2.6054,2.6054
1988-06-08,2.6032,2.6032,2.6032,2.6032
1988-06-09,2.5985,2.5985,2.5985,2.5985
1988-06-10,2.5921,2.5921,2.5921,2.5921
1988-06-13,2.5823,2.5823,2.5823,2.5823
1988-06-14,2.5571,2.5571,2.5571,2.5571
1988-06-15,2.5325,2.5325,2.5325,2.5325
1988-06-16,2.5268,2.5268,2.5268,2.5268
1988-06-17,2.4898,2.4898,2.4898,2.4898
1988-06-20,2.4689,2.4689,2.4689,2.4689
1988-06-21,2.4748,2.4748,2.4748,2.4748
1988-06-22,2.478,2.478,2.478,2.478
1988-06-23,2.4841,2.4841,2.4841,2.4841
1988-06-24,2.459,2.459,2.459,2.459
1988-06-27,2.4656,2.4656,2.4656,2.4656
1988-06-28,2.5116,2.5116,2.5116,2.5116
1988-06-29,2.5709,2.5709,2.5709,2.5709
1988-06-30,2.5342,2.5342,2.5342,2.5342
1988-07-01,2.517,2.517,2.517,2.517
1988-07-04,2.4911,2.4911,2.4911,2.4911
1988-07-05,2.5319,2.5319,2.5319,2.5319
1988-07-06,2.5102,2.5102,2.5102,2.5102
1988-07-07,2.4769,2.4769,2.4769,2.4769
1988-07-08,2.4971,2.4971,2.4971,2.4971
1988-07-11,2.519,2.519,2.519,2.519
1988-07-12,2.5089,2.5089,2.5089,2.5089
1988-07-13,2.5089,2.5089,2.5089,2.5089
1988-07-14,2.5535,2.5535,2.5535,2.5535
1988-07-15,2.6045,2.6045,2.6045,2.6045
1988-07-18,2.5691,2.5691,2.5691,2.5691
1988-07-19,2.5602,2.5602,2.5602,2.5602
1988-07-20,2.5901,2.5901,2.5901,2.5901
1988-07-21,2.5899,2.5899,2.5899,2.5899
1988-07-22,2.6027,2.6027,2.6027,2.6027
1988-07-25,2.5846,2.5846,2.5846,2.5846
1988-07-26,2.5694,2.5694,2.5694,2.5694
1988-07-27,2.5822,2.5822,2.5822,2.5822
1988-07-28,2.5829,2.5829,2.5829,2.5829
1988-07-29,2.5814,2.5814,2.5814,2.5814
1988-08-01,2.5872,2.5872,2.5872,2.5872
1988-08-02,2.5899,2.5899,2.5899,2.5899
1988-08-03,2.5711,2.5711,2.5711,2.5711
1988-08-04,2.5741,2.5741,2.5741,2.5741
1988-08-05,2.5573,2.5573,2.5573,2.5573
1988-08-08,2.5495,2.5495,2.5495,2.5495
1988-08-09,2.5187,2.5187,2.5187,2.5187
1988-08-10,2.5112,2.5112,2.5112,2.5112
1988-08-11,2.5423,2.5423,2.5423,2.5423
1988-08-12,2.5789,2.5789,2.5789,2.5789
1988-08-15,2.6014,2.6014,2.6014,2.6014
1988-08-16,2.6303,2.6303,2.6303,2.6303
1988-08-17,2.6157,2.6157,2.6157,2.6157
1988-08-18,2.6005,2.6005,2.6005,2.6005
1988-08-19,2.6511,2.6511,2.6511,2.6511
1988-08-22,2.632,2.632,2.632,2.632
1988-08-23,2.6429,2.6429,2.6429,2.6429
1988-08-24,2.6381,2.6381,2.6381,2.6381
1988-08-25,2.6529,2.6529,2.6529,2.6529
1988-08-26,2.6986,2.6986,2.6986,2.6986
1988-08-30,2.7937,2.7937,2.7937,2.7937
1988-08-31,2.74,2.74,2.74,2.74
1988-09-01,2.7661,2.7661,2.7661,2.7661
1988-09-02,2.7753,2.7753,2.7753,2.7753
1988-09-05,2.7939,2.7939,2.7939,2.7939
1988-09-06,2.7333,2.7333,2.7333,2.7333
1988-09-07,2.7424,2.7424,2.7424,2.7424
1988-09-08,2.7292,2.7292,2.7292,2.7292
1988-09-09,2.7168,2.7168,2.7168,2.7168
1988-09-12,2.745,2.745,2.745,2.745
1988-09-13,2.7455,2.7455,2.7455,2.7455
1988-09-14,2.7269,2.7269,2.7269,2.7269
1988-09-15,2.7391,2.7391,2.7391,2.7391
1988-09-16,2.7524,2.7524,2.7524,2.7524
1988-09-19,2.7691,2.7691,2.7691,2.7691
1988-09-20,2.7512,2.7512,2.7512,2.7512
1988-09-21,2.7409,2.7409,2.7409,2.7409
1988-09-22,2.7133,2.7133,2.7133,2.7133
1988-09-23,2.7179,2.7179,2.7179,2.7179
1988-09-26,2.7111,2.7111,2.7111,2.7111
1988-09-27,2.713,2.713,2.713,2.713
1988-09-28,2.7228,2.7228,2.7228,2.7228
1988-09-29,2.7305,2.7305,2.7305,2.7305
1988-09-30,2.754,2.754,2.754,2.754
1988-10-03,2.7744,2.7744,2.7744,2.7744
1988-10-04,2.764,2.764,2.764,2.764
1988-10-05,2.7782,2.7782,2.7782,2.7782
1988-10-06,2.7651,2.7651,2.7651,2.7651
1988-10-07,2.7551,2.7551,2.7551,2.7551
1988-10-10,2.7765,2.7765,2.7765,2.7765
1988-10-11,2.7601,2.7601,2.7601,2.7601
1988-10-12,2.775,2.775,2.775,2.775
1988-10-13,2.7732,2.7732,2.7732,2.7732
1988-10-14,2.7983,2.7983,2.7983,2.7983
1988-10-17,2.8042,2.8042,2.8042,2.8042
1988-10-18,2.827,2.827,2.827,2.827
1988-10-19,2.8321,2.8321,2.8321,2.8321
1988-10-20,2.8562,2.8562,2.8562,2.8562
1988-10-21,2.8302,2.8302,2.8302,2.8302
1988-10-24,2.8241,2.8241,2.8241,2.8241
1988-10-25,2.8265,2.8265,2.8265,2.8265
1988-10-26,2.8041,2.8041,2.8041,2.8041
1988-10-27,2.8162,2.8162,2.8162,2.8162
1988-10-28,2.8179,2.8179,2.8179,2.8179
1988-10-31,2.8267,2.8267,2.8267,2.8267
1988-11-01,2.8242,2.8242,2.8242,2.8242
1988-11-02,2.8317,2.8317,2.8317,2.8317
1988-11-03,2.8233,2.8233,2.8233,2.8233
1988-11-04,2.8562,2.8562,2.8562,2.8562
1988-11-07,2.8486,2.8486,2.8486,2.8486
1988-11-08,2.8261,2.8261,2.8261,2.8261
1988-11-09,2.8116,2.8116,2.8116,2.8116
1988-11-10,2.8113,2.8113,2.8113,2.8113
1988-11-11,2.8418,2.8418,2.8418,2.8418
1988-11-14,2.8213,2.8213,2.8213,2.8213
1988-11-15,2.8134,2.8134,2.8134,2.8134
1988-11-16,2.827,2.827,2.827,2.827
1988-11-17,2.8105,2.8105,2.8105,2.8105
1988-11-18,2.8,2.8,2.8,2.8
1988-11-21,2.8173,2.8173,2.8173,2.8173
1988-11-22,2.8174,2.8174,2.8174,2.8174
1988-11-23,2.8181,2.8181,2.8181,2.8181
1988-11-24,2.8204,2.8204,2.8204,2.8204
1988-11-25,2.8093,2.8093,2.8093,2.8093
1988-11-28,2.8085,2.8085,2.8085,2.8085
1988-11-29,2.8236,2.8236,2.8236,2.8236
1988-11-30,2.8214,2.8214,2.8214,2.8214
1988-12-01,2.8676,2.8676,2.8676,2.8676
1988-12-02,2.857,2.857,2.857,2.857
1988-12-05,2.8544,2.8544,2.8544,2.8544
1988-12-06,2.8518,2.8518,2.8518,2.8518
1988-12-07,2.8651,2.8651,2.8651,2.8651
1988-12-08,2.8692,2.8692,2.8692,2.8692
1988-12-09,2.8703,2.8703,2.8703,2.8703
1988-12-12,2.8821,2.8821,2.8821,2.8821
1988-12-13,2.8653,2.8653,2.8653,2.8653
1988-12-14,2.9708,2.9708,2.9708,2.9708
1988-12-15,2.9501,2.9501,2.9501,2.9501
1988-12-16,2.9085,2.9085,2.9085,2.9085
1988-12-19,2.9143,2.9143,2.9143,2.9143
1988-12-20,2.8735,2.8735,2.8735,2.8735
1988-12-21,2.8344,2.8344,2.8344,2.8344
1988-12-22,2.8264,2.8264,2.8264,2.8264
1988-12-23,2.8369,2.8369,2.8369,2.8369
1988-12-28,2.8471,2.8471,2.8471,2.8471
1988-12-29,2.8506,2.8506,2.8506,2.8506
1988-12-30,2.8744,2.8744,2.8744,2.8744
1989-01-03,2.8764,2.8764,2.8764,2.8764
1989-01-04,2.8366,2.8366,2.8366,2.8366
1989-01-05,2.8143,2.8143,2.8143,2.8143
1989-01-06,2.795,2.795,2.795,2.795
1989-01-09,2.7835,2.7835,2.7835,2.7835
1989-01-10,2.8011,2.8011,2.8011,2.8011
1989-01-11,2.8228,2.8228,2.8228,2.8228
1989-01-12,2.8212,2.8212,2.8212,2.8212
1989-01-13,2.8302,2.8302,2.8302,2.8302
1989-01-16,2.796,2.796,2.796,2.796
1989-01-17,2.8277,2.8277,2.8277,2.8277
1989-01-18,2.8194,2.8194,2.8194,2.8194
1989-01-19,2.7955,2.7955,2.7955,2.7955
1989-01-20,2.8048,2.8048,2.8048,2.8048
1989-01-23,2.849,2.849,2.849,2.849
1989-01-24,2.9013,2.9013,2.9013,2.9013
1989-01-25,2.9154,2.9154,2.9154,2.9154
1989-01-26,2.8998,2.8998,2.8998,2.8998
1989-01-27,2.8984,2.8984,2.8984,2.8984
1989-01-30,2.898,2.898,2.898,2.898
1989-01-31,2.9194,2.9194,2.9194,2.9194
1989-02-01,2.8777,2.8777,2.8777,2.8777
1989-02-02,2.8927,2.8927,2.8927,2.8927
1989-02-03,2.8379,2.8379,2.8379,2.8379
1989-02-06,2.8315,2.8315,2.8315,2.8315
1989-02-07,2.8417,2.8417,2.8417,2.8417
1989-02-08,2.8341,2.8341,2.8341,2.8341
1989-02-09,2.8674,2.8674,2.8674,2.8674
1989-02-10,2.8413,2.8413,2.8413,2.8413
1989-02-13,2.8316,2.8316,2.8316,2.8316
1989-02-14,2.8403,2.8403,2.8403,2.8403
1989-02-15,2.8828,2.8828,2.8828,2.8828
1989-02-16,2.8859,2.8859,2.8859,2.8859
1989-02-17,2.8851,2.8851,2.8851,2.8851
1989-02-20,2.8664,2.8664,2.8664,2.8664
1989-02-21,2.8552,2.8552,2.8552,2.8552
1989-02-22,2.8469,2.8469,2.8469,2.8469
1989-02-23,2.8096,2.8096,2.8096,2.8096
1989-02-24,2.8065,2.8065,2.8065,2.8065
1989-02-27,2.793,2.793,2.793,2.793
1989-02-28,2.8009,2.8009,2.8009,2.8009
1989-03-01,2.7847,2.7847,2.7847,2.7847
1989-03-02,2.7864,2.7864,2.7864,2.7864
1989-03-03,2.7903,2.7903,2.7903,2.7903
1989-03-06,2.8094,2.8094,2.8094,2.8094
1989-03-07,2.8088,2.8088,2.8088,2.8088
1989-03-08,2.8096,2.8096,2.8096,2.8096
1989-03-09,2.7977,2.7977,2.7977,2.7977
1989-03-10,2.7826,2.7826,2.7826,2.7826
1989-03-13,2.7914,2.7914,2.7914,2.7914
1989-03-14,2.8094,2.8094,2.8094,2.8094
1989-03-15,2.8167,2.8167,2.8167,2.8167
1989-03-16,2.7962,2.7962,2.7962,2.7962
1989-03-17,2.7875,2.7875,2.7875,2.7875
1989-03-20,2.7844,2.7844,2.7844,2.7844
1989-03-21,2.8044,2.8044,2.8044,2.8044
1989-03-22,2.8025,2.8025,2.8025,2.8025
1989-03-23,2.7847,2.7847,2.7847,2.7847
1989-03-28,2.7461,2.7461,2.7461,2.7461
1989-03-29,2.7408,2.7408,2.7408,2.7408
1989-03-30,2.7439,2.7439,2.7439,2.7439
1989-03-31,2.7447,2.7447,2.7447,2.7447
1989-04-03,2.7421,2.7421,2.7421,2.7421
1989-04-04,2.7752,2.7752,2.7752,2.7752
1989-04-05,2.7866,2.7866,2.7866,2.7866
1989-04-06,2.8114,2.8114,2.8114,2.8114
1989-04-07,2.7851,2.7851,2.7851,2.7851
1989-04-10,2.7966,2.7966,2.7966,2.7966
1989-04-11,2.7928,2.7928,2.7928,2.7928
1989-04-12,2.7785,2.7785,2.7785,2.7785
1989-04-13,2.7903,2.7903,2.7903,2.7903
1989-04-14,2.7841,2.7841,2.7841,2.7841
1989-04-17,2.7976,2.7976,2.7976,2.7976
1989-04-18,2.8066,2.8066,2.8066,2.8066
1989-04-19,2.7998,2.7998,2.7998,2.7998
1989-04-20,2.8014,2.8014,2.8014,2.8014
1989-04-21,2.8002,2.8002,2.8002,2.8002
1989-04-24,2.7844,2.7844,2.7844,2.7844
1989-04-25,2.7804,2.7804,2.7804,2.7804
1989-04-26,2.7507,2.7507,2.7507,2.7507
1989-04-27,2.7517,2.7517,2.7517,2.7517
1989-04-28,2.7438,2.7438,2.7438,2.7438
1989-05-02,2.7311,2.7311,2.7311,2.7311
1989-05-03,2.7191,2.7191,2.7191,2.7191
1989-05-04,2.7164,2.7164,2.7164,2.7164
1989-05-05,2.6736,2.6736,2.6736,2.6736
1989-05-08,2.6747,2.6747,2.6747,2.6747
1989-05-09,2.6731,2.6731,2.6731,2.6731
1989-05-10,2.691,2.691,2.691,2.691
1989-05-11,2.6866,2.6866,2.6866,2.6866
1989-05-12,2.6995,2.6995,2.6995,2.6995
1989-05-15,2.6906,2.6906,2.6906,2.6906
1989-05-16,2.7001,2.7001,2.7001,2.7001
1989-05-17,2.6839,2.6839,2.6839,2.6839
1989-05-18,2.6914,2.6914,2.6914,2.6914
1989-05-19,2.6838,2.6838,2.6838,2.6838
1989-05-22,2.6636,2.6636,2.6636,2.6636
1989-05-23,2.6538,2.6538,2.6538,2.6538
1989-05-24,2.6467,2.6467,2.6467,2.6467
1989-05-25,2.6642,2.6642,2.6642,2.6642
1989-05-26,2.683,2.683,2.683,2.683
1989-05-30,2.6722,2.6722,2.6722,2.6722
1989-05-31,2.6898,2.6898,2.6898,2.6898
1989-06-01,2.6901,2.6901,2.6901,2.6901
1989-06-02,2.7288,2.7288,2.7288,2.7288
1989-06-05,2.711,2.711,2.711,2.711
1989-06-06,2.7172,2.7172,2.7172,2.7172
1989-06-07,2.7624,2.7624,2.7624,2.7624
1989-06-08,2.758,2.758,2.758,2.758
1989-06-09,2.7339,2.7339,2.7339,2.7339
1989-06-12,2.7382,2.7382,2.7382,2.7382
1989-06-13,2.7041,2.7041,2.7041,2.7041
1989-06-14,2.6993,2.6993,2.6993,2.6993
1989-06-15,2.7039,2.7039,2.7039,2.7039
1989-06-16,2.7052,2.7052,2.7052,2.7052
1989-06-19,2.7179,2.7179,2.7179,2.7179
1989-06-20,2.7133,2.7133,2.7133,2.7133
1989-06-21,2.6866,2.6866,2.6866,2.6866
1989-06-22,2.659,2.659,2.659,2.659
1989-06-23,2.6641,2.6641,2.6641,2.6641
1989-06-26,2.6439,2.6439,2.6439,2.6439
1989-06-27,2.698,2.698,2.698,2.698
1989-06-28,2.7105,2.7105,2.7105,2.7105
1989-06-29,2.7101,2.7101,2.7101,2.7101
1989-06-30,2.704,2.704,2.704,2.704
1989-07-03,2.7521,2.7521,2.7521,2.7521
1989-07-04,2.7748,2.7748,2.7748,2.7748
1989-07-05,2.7929,2.7929,2.7929,2.7929
1989-07-06,2.8095,2.8095,2.8095,2.8095
1989-07-07,2.836,2.836,2.836,2.836
1989-07-10,2.8558,2.8558,2.8558,2.8558
1989-07-11,2.8323,2.8323,2.8323,2.8323
1989-07-12,2.8258,2.8258,2.8258,2.8258
1989-07-13,2.8668,2.8668,2.8668,2.8668
1989-07-14,2.8322,2.8322,2.8322,2.8322
1989-07-17,2.827,2.827,2.827,2.827
1989-07-18,2.8429,2.8429,2.8429,2.8429
1989-07-19,2.8666,2.8666,2.8666,2.8666
1989-07-20,2.8212,2.8212,2.8212,2.8212
1989-07-21,2.827,2.827,2.827,2.827
1989-07-24,2.8053,2.8053,2.8053,2.8053
1989-07-25,2.8092,2.8092,2.8092,2.8092
1989-07-26,2.818,2.818,2.818,2.818
1989-07-27,2.8389,2.8389,2.8389,2.8389
1989-07-28,2.8348,2.8348,2.8348,2.8348
1989-07-31,2.8369,2.8369,2.8369,2.8369
1989-08-01,2.8056,2.8056,2.8056,2.8056
1989-08-02,2.774,2.774,2.774,2.774
1989-08-03,2.7382,2.7382,2.7382,2.7382
1989-08-04,2.7111,2.7111,2.7111,2.7111
1989-08-07,2.6825,2.6825,2.6825,2.6825
1989-08-08,2.7126,2.7126,2.7126,2.7126
1989-08-09,2.7018,2.7018,2.7018,2.7018
1989-08-10,2.7272,2.7272,2.7272,2.7272
1989-08-11,2.6802,2.6802,2.6802,2.6802
1989-08-14,2.6951,2.6951,2.6951,2.6951
1989-08-15,2.6951,2.6951,2.6951,2.6951
1989-08-16,2.6953,2.6953,2.6953,2.6953
1989-08-17,2.6664,2.6664,2.6664,2.6664
1989-08-18,2.6497,2.6497,2.6497,2.6497
1989-08-21,2.664,2.664,2.664,2.664
1989-08-22,2.6704,2.6704,2.6704,2.6704
1989-08-23,2.6511,2.6511,2.6511,2.6511
1989-08-24,2.6543,2.6543,2.6543,2.6543
1989-08-25,2.675,2.675,2.675,2.675
1989-08-29,2.6697,2.6697,2.6697,2.6697
1989-08-30,2.6898,2.6898,2.6898,2.6898
1989-08-31,2.649,2.649,2.649,2.649
1989-09-01,2.6264,2.6264,2.6264,2.6264
1989-09-04,2.6155,2.6155,2.6155,2.6155
1989-09-05,2.6121,2.6121,2.6121,2.6121
1989-09-06,2.631,2.631,2.631,2.631
1989-09-07,2.6239,2.6239,2.6239,2.6239
1989-09-08,2.6172,2.6172,2.6172,2.6172
1989-09-11,2.6259,2.6259,2.6259,2.6259
1989-09-12,2.633,2.633,2.633,2.633
1989-09-13,2.6184,2.6184,2.6184,2.6184
1989-09-14,2.6537,2.6537,2.6537,2.6537
1989-09-15,2.6221,2.6221,2.6221,2.6221
1989-09-18,2.6535,2.6535,2.6535,2.6535
1989-09-19,2.652,2.652,2.652,2.652
1989-09-20,2.6734,2.6734,2.6734,2.6734
1989-09-21,2.6746,2.6746,2.6746,2.6746
1989-09-22,2.6574,2.6574,2.6574,2.6574
1989-09-25,2.6982,2.6982,2.6982,2.6982
1989-09-26,2.709,2.709,2.709,2.709
1989-09-27,2.7132,2.7132,2.7132,2.7132
1989-09-28,2.7262,2.7262,2.7262,2.7262
1989-09-29,2.7464,2.7464,2.7464,2.7464
1989-10-02,2.752,2.752,2.752,2.752
1989-10-03,2.7379,2.7379,2.7379,2.7379
1989-10-04,2.773,2.773,2.773,2.773
1989-10-05,2.7826,2.7826,2.7826,2.7826
1989-10-06,2.7564,2.7564,2.7564,2.7564
1989-10-09,2.7113,2.7113,2.7113,2.7113
1989-10-10,2.6744,2.6744,2.6744,2.6744
1989-10-11,2.6433,2.6433,2.6433,2.6433
1989-10-12,2.6724,2.6724,2.6724,2.6724
1989-10-13,2.6778,2.6778,2.6778,2.6778
1989-10-16,2.7056,2.7056,2.7056,2.7056
1989-10-17,2.6948,2.6948,2.6948,2.6948
1989-10-18,2.6979,2.6979,2.6979,2.6979
1989-10-19,2.6946,2.6946,2.6946,2.6946
1989-10-20,2.6919,2.6919,2.6919,2.6919
1989-10-23,2.702,2.702,2.702,2.702
1989-10-24,2.7247,2.7247,2.7247,2.7247
1989-10-25,2.7216,2.7216,2.7216,2.7216
1989-10-26,2.7145,2.7145,2.7145,2.7145
1989-10-27,2.6624,2.6624,2.6624,2.6624
1989-10-30,2.6908,2.6908,2.6908,2.6908
1989-10-31,2.6861,2.6861,2.6861,2.6861
1989-11-01,2.692,2.692,2.692,2.692
1989-11-02,2.6753,2.6753,2.6753,2.6753
1989-11-03,2.6789,2.6789,2.6789,2.6789
1989-11-06,2.6852,2.6852,2.6852,2.6852
1989-11-07,2.6877,2.6877,2.6877,2.6877
1989-11-08,2.6941,2.6941,2.6941,2.6941
1989-11-09,2.7025,2.7025,2.7025,2.7025
1989-11-10,2.6945,2.6945,2.6945,2.6945
1989-11-13,2.6957,2.6957,2.6957,2.6957
1989-11-14,2.6896,2.6896,2.6896,2.6896
1989-11-15,2.6913,2.6913,2.6913,2.6913
1989-11-16,2.6772,2.6772,2.6772,2.6772
1989-11-17,2.6649,2.6649,2.6649,2.6649
1989-11-20,2.6446,2.6446,2.6446,2.6446
1989-11-21,2.6638,2.6638,2.6638,2.6638
1989-11-22,2.6783,2.6783,2.6783,2.6783
1989-11-23,2.6774,2.6774,2.6774,2.6774
1989-11-24,2.6591,2.6591,2.6591,2.6591
1989-11-27,2.6565,2.6565,2.6565,2.6565
1989-11-28,2.6542,2.6542,2.6542,2.6542
1989-11-29,2.6553,2.6553,2.6553,2.6553
1989-11-30,2.6619,2.6619,2.6619,2.6619
1989-12-01,2.6539,2.6539,2.6539,2.6539
1989-12-04,2.6509,2.6509,2.6509,2.6509
1989-12-05,2.6529,2.6529,2.6529,2.6529
1989-12-06,2.6633,2.6633,2.6633,2.6633
1989-12-07,2.6549,2.6549,2.6549,2.6549
1989-12-08,2.66,2.66,2.66,2.66
1989-12-11,2.6751,2.6751,2.6751,2.6751
1989-12-12,2.677,2.677,2.677,2.677
1989-12-13,2.6754,2.6754,2.6754,2.6754
1989-12-14,2.6771,2.6771,2.6771,2.6771
1989-12-15,2.71,2.71,2.71,2.71
1989-12-18,2.7012,2.7012,2.7012,2.7012
1989-12-19,2.6987,2.6987,2.6987,2.6987
1989-12-20,2.684,2.684,2.684,2.684
1989-12-21,2.7055,2.7055,2.7055,2.7055
1989-12-22,2.7198,2.7198,2.7198,2.7198
1989-12-27,2.7188,2.7188,2.7188,2.7188
1989-12-28,2.7029,2.7029,2.7029,2.7029
1989-12-29,2.716,2.716,2.716,2.716
1990-01-02,2.7226,2.7226,2.7226,2.7226
1990-01-03,2.7155,2.7155,2.7155,2.7155
1990-01-04,2.7234,2.7234,2.7234,2.7234
1990-01-05,2.7457,2.7457,2.7457,2.7457
1990-01-08,2.7594,2.7594,2.7594,2.7594
1990-01-09,2.7384,2.7384,2.7384,2.7384
1990-01-10,2.7331,2.7331,2.7331,2.7331
1990-01-11,2.7255,2.7255,2.7255,2.7255
1990-01-12,2.7294,2.7294,2.7294,2.7294
1990-01-15,2.724,2.724,2.724,2.724
1990-01-16,2.7192,2.7192,2.7192,2.7192
1990-01-17,2.7026,2.7026,2.7026,2.7026
1990-01-18,2.6824,2.6824,2.6824,2.6824
1990-01-19,2.6918,2.6918,2.6918,2.6918
1990-01-22,2.6798,2.6798,2.6798,2.6798
1990-01-23,2.7165,2.7165,2.7165,2.7165
1990-01-24,2.8,2.8,2.8,2.8
1990-01-25,2.7822,2.7822,2.7822,2.7822
1990-01-26,2.8011,2.8011,2.8011,2.8011
1990-01-29,2.8227,2.8227,2.8227,2.8227
1990-01-30,2.8219,2.8219,2.8219,2.8219
1990-01-31,2.791,2.791,2.791,2.791
1990-02-01,2.8121,2.8121,2.8121,2.8121
1990-02-02,2.7986,2.7986,2.7986,2.7986
1990-02-05,2.8259,2.8259,2.8259,2.8259
1990-02-06,2.8328,2.8328,2.8328,2.8328
1990-02-07,2.863,2.863,2.863,2.863
1990-02-08,2.8529,2.8529,2.8529,2.8529
1990-02-09,2.8508,2.8508,2.8508,2.8508
1990-02-12,2.862,2.862,2.862,2.862
1990-02-13,2.8501,2.8501,2.8501,2.8501
1990-02-14,2.9152,2.9152,2.9152,2.9152
1990-02-15,2.8961,2.8961,2.8961,2.8961
1990-02-16,2.8769,2.8769,2.8769,2.8769
1990-02-19,2.8948,2.8948,2.8948,2.8948
1990-02-20,2.8895,2.8895,2.8895,2.8895
1990-02-21,2.9115,2.9115,2.9115,2.9115
1990-02-22,2.9083,2.9083,2.9083,2.9083
1990-02-23,2.8931,2.8931,2.8931,2.8931
1990-02-26,2.8834,2.8834,2.8834,2.8834
1990-02-27,2.8751,2.8751,2.8751,2.8751
1990-02-28,2.875,2.875,2.875,2.875
1990-03-01,2.8426,2.8426,2.8426,2.8426
1990-03-02,2.8122,2.8122,2.8122,2.8122
1990-03-05,2.7921,2.7921,2.7921,2.7921
1990-03-06,2.7995,2.7995,2.7995,2.7995
1990-03-07,2.7843,2.7843,2.7843,2.7843
1990-03-08,2.7916,2.7916,2.7916,2.7916
1990-03-09,2.742,2.742,2.742,2.742
1990-03-12,2.7329,2.7329,2.7329,2.7329
1990-03-13,2.7298,2.7298,2.7298,2.7298
1990-03-14,2.7409,2.7409,2.7409,2.7409
1990-03-15,2.7323,2.7323,2.7323,2.7323
1990-03-16,2.7622,2.7622,2.7622,2.7622
1990-03-19,2.7617,2.7617,2.7617,2.7617
1990-03-20,2.7615,2.7615,2.7615,2.7615
1990-03-21,2.7519,2.7519,2.7519,2.7519
1990-03-22,2.7542,2.7542,2.7542,2.7542
1990-03-23,2.7765,2.7765,2.7765,2.7765
1990-03-26,2.7781,2.7781,2.7781,2.7781
1990-03-27,2.7953,2.7953,2.7953,2.7953
1990-03-28,2.8238,2.8238,2.8238,2.8238
1990-03-29,2.8203,2.8203,2.8203,2.8203
1990-03-30,2.842,2.842,2.842,2.842
1990-04-02,2.8202,2.8202,2.8202,2.8202
1990-04-03,2.8319,2.8319,2.8319,2.8319
1990-04-04,2.8368,2.8368,2.8368,2.8368
1990-04-05,2.8402,2.8402,2.8402,2.8402
1990-04-06,2.8351,2.8351,2.8351,2.8351
1990-04-09,2.8349,2.8349,2.8349,2.8349
1990-04-10,2.826,2.826,2.826,2.826
1990-04-11,2.8367,2.8367,2.8367,2.8367
1990-04-12,2.8356,2.8356,2.8356,2.8356
1990-04-17,2.821,2.821,2.821,2.821
1990-04-18,2.8274,2.8274,2.8274,2.8274
1990-04-19,2.8275,2.8275,2.8275,2.8275
1990-04-20,2.8157,2.8157,2.8157,2.8157
1990-04-23,2.808,2.808,2.808,2.808
1990-04-24,2.8097,2.8097,2.8097,2.8097
1990-04-25,2.8142,2.8142,2.8142,2.8142
1990-04-26,2.8407,2.8407,2.8407,2.8407
1990-04-27,2.8504,2.8504,2.8504,2.8504
1990-04-30,2.8445,2.8445,2.8445,2.8445
1990-05-01,2.8825,2.8825,2.8825,2.8825
1990-05-02,2.8758,2.8758,2.8758,2.8758
1990-05-03,2.8671,2.8671,2.8671,2.8671
1990-05-04,2.8977,2.8977,2.8977,2.8977
1990-05-08,2.9036,2.9036,2.9036,2.9036
1990-05-09,2.9353,2.9353,2.9353,2.9353
1990-05-10,2.9164,2.9164,2.9164,2.9164
1990-05-11,2.9482,2.9482,2.9482,2.9482
1990-05-14,2.9445,2.9445,2.9445,2.9445
1990-05-15,2.9336,2.9336,2.9336,2.9336
1990-05-16,2.9324,2.9324,2.9324,2.9324
1990-05-17,2.9468,2.9468,2.9468,2.9468
1990-05-18,2.9516,2.9516,2.9516,2.9516
1990-05-21,2.9512,2.9512,2.9512,2.9512
1990-05-22,2.9498,2.9498,2.9498,2.9498
1990-05-23,2.9545,2.9545,2.9545,2.9545
1990-05-24,2.9495,2.9495,2.9495,2.9495
1990-05-25,2.9482,2.9482,2.9482,2.9482
1990-05-29,2.9493,2.9493,2.9493,2.9493
1990-05-30,2.9489,2.9489,2.9489,2.9489
1990-05-31,2.9083,2.9083,2.9083,2.9083
1990-06-01,2.9285,2.9285,2.9285,2.9285
1990-06-04,2.8982,2.8982,2.8982,2.8982
1990-06-05,2.9103,2.9103,2.9103,2.9103
1990-06-06,2.8995,2.8995,2.8995,2.8995
1990-06-07,2.8967,2.8967,2.8967,2.8967
1990-06-08,2.8957,2.8957,2.8957,2.8957
1990-06-11,2.9131,2.9131,2.9131,2.9131
1990-06-12,2.9422,2.9422,2.9422,2.9422
1990-06-13,2.9426,2.9426,2.9426,2.9426
1990-06-14,2.9349,2.9349,2.9349,2.9349
1990-06-15,2.9285,2.9285,2.9285,2.9285
1990-06-18,2.9361,2.9361,2.9361,2.9361
1990-06-19,2.946,2.946,2.946,2.946
1990-06-20,2.9531,2.9531,2.9531,2.9531
1990-06-21,2.9374,2.9374,2.9374,2.9374
1990-06-22,2.9509,2.9509,2.9509,2.9509
1990-06-25,2.9588,2.9588,2.9588,2.9588
1990-06-26,2.9569,2.9569,2.9569,2.9569
1990-06-27,2.967,2.967,2.967,2.967
1990-06-28,2.961,2.961,2.961,2.961
1990-06-29,2.9645,2.9645,2.9645,2.9645
1990-07-02,2.9793,2.9793,2.9793,2.9793
1990-07-03,2.999,2.999,2.999,2.999
1990-07-04,3.0266,3.0266,3.0266,3.0266
1990-07-05,3.0246,3.0246,3.0246,3.0246
1990-07-06,3.029,3.029,3.029,3.029
1990-07-09,3.0582,3.0582,3.0582,3.0582
1990-07-10,3.0637,3.0637,3.0637,3.0637
1990-07-11,3.0338,3.0338,3.0338,3.0338
1990-07-12,3.042,3.042,3.042,3.042
1990-07-13,3.0495,3.0495,3.0495,3.0495
1990-07-16,3.0609,3.0609,3.0609,3.0609
1990-07-17,3.0576,3.0576,3.0576,3.0576
1990-07-18,3.0781,3.0781,3.0781,3.0781
1990-07-19,3.0638,3.0638,3.0638,3.0638
1990-07-20,3.0496,3.0496,3.0496,3.0496
1990-07-23,3.068,3.068,3.068,3.068
1990-07-24,3.0692,3.0692,3.0692,3.0692
1990-07-25,3.0559,3.0559,3.0559,3.0559
1990-07-26,3.0735,3.0735,3.0735,3.0735
1990-07-27,3.116,3.116,3.116,3.116
1990-07-30,3.1213,3.1213,3.1213,3.1213
1990-07-31,3.1416,3.1416,3.1416,3.1416
1990-08-01,3.1195,3.1195,3.1195,3.1195
1990-08-02,3.126,3.126,3.126,3.126
1990-08-03,3.1279,3.1279,3.1279,3.1279
1990-08-06,3.1343,3.1343,3.1343,3.1343
1990-08-07,3.1207,3.1207,3.1207,3.1207
1990-08-08,3.1019,3.1019,3.1019,3.1019
1990-08-09,3.1123,3.1123,3.1123,3.1123
1990-08-10,3.1084,3.1084,3.1084,3.1084
1990-08-13,3.0994,3.0994,3.0994,3.0994
1990-08-14,3.1114,3.1114,3.1114,3.1114
1990-08-15,3.0853,3.0853,3.0853,3.0853
1990-08-16,3.0747,3.0747,3.0747,3.0747
1990-08-17,3.0945,3.0945,3.0945,3.0945
1990-08-20,3.0967,3.0967,3.0967,3.0967
1990-08-21,3.0908,3.0908,3.0908,3.0908
1990-08-22,3.0804,3.0804,3.0804,3.0804
1990-08-23,3.0953,3.0953,3.0953,3.0953
1990-08-24,3.1009,3.1009,3.1009,3.1009
1990-08-28,3.0865,3.0865,3.0865,3.0865
1990-08-29,3.0909,3.0909,3.0909,3.0909
1990-08-30,3.1396,3.1396,3.1396,3.1396
1990-08-31,3.0728,3.0728,3.0728,3.0728
1990-09-03,3.0411,3.0411,3.0411,3.0411
1990-09-04,3.0417,3.0417,3.0417,3.0417
1990-09-05,3.0372,3.0372,3.0372,3.0372
1990-09-06,3.0435,3.0435,3.0435,3.0435
1990-09-07,3.0334,3.0334,3.0334,3.0334
1990-09-10,3.001,3.001,3.001,3.001
1990-09-11,2.985,2.985,2.985,2.985
1990-09-12,3.0016,3.0016,3.0016,3.0016
1990-09-13,2.988,2.988,2.988,2.988
1990-09-14,3.0202,3.0202,3.0202,3.0202
1990-09-17,3.0594,3.0594,3.0594,3.0594
1990-09-18,3.0699,3.0699,3.0699,3.0699
1990-09-19,3.0289,3.0289,3.0289,3.0289
1990-09-20,3.021,3.021,3.021,3.021
1990-09-21,3.0204,3.0204,3.0204,3.0204
1990-09-24,3.0277,3.0277,3.0277,3.0277
1990-09-25,3.0416,3.0416,3.0416,3.0416
1990-09-26,3.0173,3.0173,3.0173,3.0173
1990-09-27,3.0308,3.0308,3.0308,3.0308
1990-09-28,3.0415,3.0415,3.0415,3.0415
1990-10-01,3.0528,3.0528,3.0528,3.0528
1990-10-02,3.051,3.051,3.051,3.051
1990-10-03,3.0665,3.0665,3.0665,3.0665
1990-10-04,3.096,3.096,3.096,3.096
1990-10-05,3.1129,3.1129,3.1129,3.1129
1990-10-08,3.1989,3.1989,3.1989,3.1989
1990-10-09,3.1818,3.1818,3.1818,3.1818
1990-10-10,3.198,3.198,3.198,3.198
1990-10-11,3.1868,3.1868,3.1868,3.1868
1990-10-12,3.2001,3.2001,3.2001,3.2001
1990-10-15,3.2171,3.2171,3.2171,3.2171
1990-10-16,3.2401,3.2401,3.2401,3.2401
1990-10-17,3.293,3.293,3.293,3.293
1990-10-18,3.257,3.257,3.257,3.257
1990-10-19,3.2405,3.2405,3.2405,3.2405
1990-10-22,3.2142,3.2142,3.2142,3.2142
1990-10-23,3.2184,3.2184,3.2184,3.2184
1990-10-24,3.2228,3.2228,3.2228,3.2228
1990-10-25,3.2159,3.2159,3.2159,3.2159
1990-10-26,3.2043,3.2043,3.2043,3.2043
1990-10-29,3.1868,3.1868,3.1868,3.1868
1990-10-30,3.1643,3.1643,3.1643,3.1643
1990-10-31,3.1644,3.1644,3.1644,3.1644
1990-11-01,3.1843,3.1843,3.1843,3.1843
1990-11-02,3.2153,3.2153,3.2153,3.2153
1990-11-05,3.1948,3.1948,3.1948,3.1948
1990-11-06,3.214,3.214,3.214,3.214
1990-11-07,3.22,3.22,3.22,3.22
1990-11-08,3.2042,3.2042,3.2042,3.2042
1990-11-09,3.2198,3.2198,3.2198,3.2198
1990-11-12,3.2195,3.2195,3.2195,3.2195
1990-11-13,3.2077,3.2077,3.2077,3.2077
1990-11-14,3.218,3.218,3.218,3.218
1990-11-15,3.212,3.212,3.212,3.212
1990-11-16,3.2269,3.2269,3.2269,3.2269
1990-11-19,3.2399,3.2399,3.2399,3.2399
1990-11-20,3.2216,3.2216,3.2216,3.2216
1990-11-21,3.2155,3.2155,3.2155,3.2155
1990-11-22,3.2188,3.2188,3.2188,3.2188
1990-11-23,3.2055,3.2055,3.2055,3.2055
1990-11-26,3.2092,3.2092,3.2092,3.2092
1990-11-27,3.23,3.23,3.23,3.23
1990-11-28,3.2331,3.2331,3.2331,3.2331
1990-11-29,3.2247,3.2247,3.2247,3.2247
1990-11-30,3.1806,3.1806,3.1806,3.1806
1990-12-03,3.1561,3.1561,3.1561,3.1561
1990-12-04,3.163,3.163,3.163,3.163
1990-12-05,3.1629,3.1629,3.1629,3.1629
1990-12-06,3.2232,3.2232,3.2232,3.2232
1990-12-07,3.2324,3.2324,3.2324,3.2324
1990-12-10,3.2277,3.2277,3.2277,3.2277
1990-12-11,3.2331,3.2331,3.2331,3.2331
1990-12-12,3.2324,3.2324,3.2324,3.2324
1990-12-13,3.2634,3.2634,3.2634,3.2634
1990-12-14,3.2423,3.2423,3.2423,3.2423
1990-12-17,3.264,3.264,3.264,3.264
1990-12-18,3.2944,3.2944,3.2944,3.2944
1990-12-19,3.2219,3.2219,3.2219,3.2219
1990-12-20,3.2486,3.2486,3.2486,3.2486
1990-12-21,3.2184,3.2184,3.2184,3.2184
1990-12-24,3.2015,3.2015,3.2015,3.2015
1990-12-27,3.226,3.226,3.226,3.226
1990-12-28,3.2702,3.2702,3.2702,3.2702
1990-12-31,3.2899,3.2899,3.2899,3.2899
1991-01-02,3.2756,3.2756,3.2756,3.2756
1991-01-03,3.2817,3.2817,3.2817,3.2817
1991-01-04,3.2764,3.2764,3.2764,3.2764
1991-01-07,3.2182,3.2182,3.2182,3.2182
1991-01-08,3.2171,3.2171,3.2171,3.2171
1991-01-09,3.256,3.256,3.256,3.256
1991-01-10,3.2286,3.2286,3.2286,3.2286
1991-01-11,3.2112,3.2112,3.2112,3.2112
1991-01-14,3.2142,3.2142,3.2142,3.2142
1991-01-15,3.2079,3.2079,3.2079,3.2079
1991-01-16,3.1874,3.1874,3.1874,3.1874
1991-01-17,3.2324,3.2324,3.2324,3.2324
1991-01-18,3.2554,3.2554,3.2554,3.2554
1991-01-21,3.2865,3.2865,3.2865,3.2865
1991-01-22,3.2643,3.2643,3.2643,3.2643
1991-01-23,3.2693,3.2693,3.2693,3.2693
1991-01-24,3.2951,3.2951,3.2951,3.2951
1991-01-25,3.2844,3.2844,3.2844,3.2844
1991-01-28,3.2904,3.2904,3.2904,3.2904
1991-01-29,3.2864,3.2864,3.2864,3.2864
1991-01-30,3.2552,3.2552,3.2552,3.2552
1991-01-31,3.2721,3.2721,3.2721,3.2721
1991-02-01,3.3,3.3,3.3,3.3
1991-02-04,3.2956,3.2956,3.2956,3.2956
1991-02-05,3.3103,3.3103,3.3103,3.3103
1991-02-06,3.3283,3.3283,3.3283,3.3283
1991-02-07,3.3126,3.3126,3.3126,3.3126
1991-02-08,3.3078,3.3078,3.3078,3.3078
1991-02-11,3.3186,3.3186,3.3186,3.3186
1991-02-12,3.304,3.304,3.304,3.304
1991-02-13,3.2869,3.2869,3.2869,3.2869
1991-02-14,3.2737,3.2737,3.2737,3.2737
1991-02-15,3.2544,3.2544,3.2544,3.2544
1991-02-18,3.2362,3.2362,3.2362,3.2362
1991-02-19,3.2361,3.2361,3.2361,3.2361
1991-02-20,3.2513,3.2513,3.2513,3.2513
1991-02-21,3.2677,3.2677,3.2677,3.2677
1991-02-22,3.2694,3.2694,3.2694,3.2694
1991-02-25,3.2231,3.2231,3.2231,3.2231
1991-02-26,3.1914,3.1914,3.1914,3.1914
1991-02-27,3.2006,3.2006,3.2006,3.2006
1991-02-28,3.1918,3.1918,3.1918,3.1918
1991-03-01,3.1647,3.1647,3.1647,3.1647
1991-03-04,3.1755,3.1755,3.1755,3.1755
1991-03-05,3.1872,3.1872,3.1872,3.1872
1991-03-06,3.1788,3.1788,3.1788,3.1788
1991-03-07,3.1871,3.1871,3.1871,3.1871
1991-03-08,3.1381,3.1381,3.1381,3.1381
1991-03-11,3.1045,3.1045,3.1045,3.1045
1991-03-12,3.1092,3.1092,3.1092,3.1092
1991-03-13,3.1107,3.1107,3.1107,3.1107
1991-03-14,3.1091,3.1091,3.1091,3.1091
1991-03-15,3.0738,3.0738,3.0738,3.0738
1991-03-18,3.0194,3.0194,3.0194,3.0194
1991-03-19,2.9882,2.9882,2.9882,2.9882
1991-03-20,2.9918,2.9918,2.9918,2.9918
1991-03-21,3.0074,3.0074,3.0074,3.0074
1991-03-22,3.0185,3.0185,3.0185,3.0185
1991-03-25,2.9961,2.9961,2.9961,2.9961
1991-03-26,2.9795,2.9795,2.9795,2.9795
1991-03-27,2.9608,2.9608,2.9608,2.9608
1991-03-28,2.9642,2.9642,2.9642,2.9642
1991-04-02,2.9873,2.9873,2.9873,2.9873
1991-04-03,2.9976,2.9976,2.9976,2.9976
1991-04-04,3.0025,3.0025,3.0025,3.0025
1991-04-05,2.9968,2.9968,2.9968,2.9968
1991-04-08,2.9873,2.9873,2.9873,2.9873
1991-04-09,3.0237,3.0237,3.0237,3.0237
1991-04-10,3.0137,3.0137,3.0137,3.0137
1991-04-11,3.0383,3.0383,3.0383,3.0383
1991-04-12,3.0212,3.0212,3.0212,3.0212
1991-04-15,3.0461,3.0461,3.0461,3.0461
1991-04-16,3.0206,3.0206,3.0206,3.0206
1991-04-17,3.0264,3.0264,3.0264,3.0264
1991-04-18,3.0047,3.0047,3.0047,3.0047
1991-04-19,2.932,2.932,2.932,2.932
1991-04-22,2.8993,2.8993,2.8993,2.8993
1991-04-23,2.9065,2.9065,2.9065,2.9065
1991-04-24,2.9129,2.9129,2.9129,2.9129
1991-04-25,2.8906,2.8906,2.8906,2.8906
1991-04-26,2.8821,2.8821,2.8821,2.8821
1991-04-29,2.8596,2.8596,2.8596,2.8596
1991-04-30,2.9275,2.9275,2.9275,2.9275
1991-05-01,2.9541,2.9541,2.9541,2.9541
1991-05-02,2.9301,2.9301,2.9301,2.9301
1991-05-03,2.9053,2.9053,2.9053,2.9053
1991-05-07,2.9306,2.9306,2.9306,2.9306
1991-05-08,2.9242,2.9242,2.9242,2.9242
1991-05-09,2.8886,2.8886,2.8886,2.8886
1991-05-10,2.9073,2.9073,2.9073,2.9073
1991-05-13,2.9345,2.9345,2.9345,2.9345
1991-05-14,2.9536,2.9536,2.9536,2.9536
1991-05-15,2.9707,2.9707,2.9707,2.9707
1991-05-16,2.9652,2.9652,2.9652,2.9652
1991-05-17,2.91,2.91,2.91,2.91
1991-05-20,2.9131,2.9131,2.9131,2.9131
1991-05-21,2.9475,2.9475,2.9475,2.9475
1991-05-22,2.9353,2.9353,2.9353,2.9353
1991-05-23,2.9905,2.9905,2.9905,2.9905
1991-05-24,2.9751,2.9751,2.9751,2.9751
1991-05-28,2.9888,2.9888,2.9888,2.9888
1991-05-29,2.9859,2.9859,2.9859,2.9859
1991-05-30,2.9418,2.9418,2.9418,2.9418
1991-05-31,2.9312,2.9312,2.9312,2.9312
1991-06-03,2.9126,2.9126,2.9126,2.9126
1991-06-04,2.9134,2.9134,2.9134,2.9134
1991-06-05,2.9018,2.9018,2.9018,2.9018
1991-06-06,2.9137,2.9137,2.9137,2.9137
1991-06-07,2.8886,2.8886,2.8886,2.8886
1991-06-10,2.8917,2.8917,2.8917,2.8917
1991-06-11,2.899,2.899,2.899,2.899
1991-06-12,2.8786,2.8786,2.8786,2.8786
1991-06-13,2.8624,2.8624,2.8624,2.8624
1991-06-14,2.8578,2.8578,2.8578,2.8578
1991-06-17,2.8177,2.8177,2.8177,2.8177
1991-06-18,2.8043,2.8043,2.8043,2.8043
1991-06-19,2.8333,2.8333,2.8333,2.8333
1991-06-20,2.842,2.842,2.842,2.842
1991-06-21,2.8338,2.8338,2.8338,2.8338
1991-06-24,2.8591,2.8591,2.8591,2.8591
1991-06-25,2.8323,2.8323,2.8323,2.8323
1991-06-26,2.8478,2.8478,2.8478,2.8478
1991-06-27,2.8318,2.8318,2.8318,2.8318
1991-06-28,2.818,2.818,2.818,2.818
1991-07-01,2.8298,2.8298,2.8298,2.8298
1991-07-02,2.8213,2.8213,2.8213,2.8213
1991-07-03,2.8285,2.8285,2.8285,2.8285
1991-07-04,2.8241,2.8241,2.8241,2.8241
1991-07-05,2.8508,2.8508,2.8508,2.8508
1991-07-08,2.8614,2.8614,2.8614,2.8614
1991-07-09,2.8687,2.8687,2.8687,2.8687
1991-07-10,2.8764,2.8764,2.8764,2.8764
1991-07-11,2.8596,2.8596,2.8596,2.8596
1991-07-12,2.9267,2.9267,2.9267,2.9267
1991-07-15,2.9287,2.9287,2.9287,2.9287
1991-07-16,2.9185,2.9185,2.9185,2.9185
1991-07-17,2.9258,2.9258,2.9258,2.9258
1991-07-18,2.9618,2.9618,2.9618,2.9618
1991-07-19,2.9706,2.9706,2.9706,2.9706
1991-07-22,2.9742,2.9742,2.9742,2.9742
1991-07-23,2.9788,2.9788,2.9788,2.9788
1991-07-24,2.9926,2.9926,2.9926,2.9926
1991-07-25,2.9605,2.9605,2.9605,2.9605
1991-07-26,2.9597,2.9597,2.9597,2.9597
1991-07-29,2.9403,2.9403,2.9403,2.9403
1991-07-30,2.9469,2.9469,2.9469,2.9469
1991-07-31,2.9502,2.9502,2.9502,2.9502
1991-08-01,2.9384,2.9384,2.9384,2.9384
1991-08-02,2.9502,2.9502,2.9502,2.9502
1991-08-05,2.9668,2.9668,2.9668,2.9668
1991-08-06,2.9852,2.9852,2.9852,2.9852
1991-08-07,2.9751,2.9751,2.9751,2.9751
1991-08-08,2.9698,2.9698,2.9698,2.9698
1991-08-09,2.9715,2.9715,2.9715,2.9715
1991-08-12,2.9636,2.9636,2.9636,2.9636
1991-08-13,2.9505,2.9505,2.9505,2.9505
1991-08-14,2.9476,2.9476,2.9476,2.9476
1991-08-15,2.9454,2.9454,2.9454,2.9454
1991-08-16,2.903,2.903,2.903,2.903
1991-08-19,2.8545,2.8545,2.8545,2.8545
1991-08-20,2.853,2.853,2.853,2.853
1991-08-21,2.9072,2.9072,2.9072,2.9072
1991-08-22,2.9401,2.9401,2.9401,2.9401
1991-08-23,2.9171,2.9171,2.9171,2.9171
1991-08-27,2.9311,2.9311,2.9311,2.9311
1991-08-28,2.9411,2.9411,2.9411,2.9411
1991-08-29,2.9357,2.9357,2.9357,2.9357
1991-08-30,2.9178,2.9178,2.9178,2.9178
1991-09-02,2.9326,2.9326,2.9326,2.9326
1991-09-03,2.9591,2.9591,2.9591,2.9591
1991-09-04,2.9495,2.9495,2.9495,2.9495
1991-09-05,2.9208,2.9208,2.9208,2.9208
1991-09-06,2.9128,2.9128,2.9128,2.9128
1991-09-09,2.9657,2.9657,2.9657,2.9657
1991-09-10,2.9681,2.9681,2.9681,2.9681
1991-09-11,2.9634,2.9634,2.9634,2.9634
1991-09-12,2.9702,2.9702,2.9702,2.9702
1991-09-13,2.9609,2.9609,2.9609,2.9609
1991-09-16,2.9629,2.9629,2.9629,2.9629
1991-09-17,2.9651,2.9651,2.9651,2.9651
1991-09-18,2.9554,2.9554,2.9554,2.9554
1991-09-19,2.9611,2.9611,2.9611,2.9611
1991-09-20,2.9557,2.9557,2.9557,2.9557
1991-09-23,2.9846,2.9846,2.9846,2.9846
1991-09-24,2.9781,2.9781,2.9781,2.9781
1991-09-25,3.0225,3.0225,3.0225,3.0225
1991-09-26,3.0755,3.0755,3.0755,3.0755
1991-09-27,3.0485,3.0485,3.0485,3.0485
1991-09-30,3.0889,3.0889,3.0889,3.0889
1991-10-01,3.0777,3.0777,3.0777,3.0777
1991-10-02,3.076,3.076,3.076,3.076
1991-10-03,3.0822,3.0822,3.0822,3.0822
1991-10-04,3.0733,3.0733,3.0733,3.0733
1991-10-07,3.0594,3.0594,3.0594,3.0594
1991-10-08,3.0358,3.0358,3.0358,3.0358
1991-10-09,3.0114,3.0114,3.0114,3.0114
1991-10-10,3.038,3.038,3.038,3.038
1991-10-11,3.0518,3.0518,3.0518,3.0518
1991-10-14,3.0497,3.0497,3.0497,3.0497
1991-10-15,3.0005,3.0005,3.0005,3.0005
1991-10-16,3.0171,3.0171,3.0171,3.0171
1991-10-17,3.0196,3.0196,3.0196,3.0196
1991-10-18,3.0399,3.0399,3.0399,3.0399
1991-10-21,3.0401,3.0401,3.0401,3.0401
1991-10-22,3.0428,3.0428,3.0428,3.0428
1991-10-23,3.089,3.089,3.089,3.089
1991-10-24,3.0746,3.0746,3.0746,3.0746
1991-10-25,3.0749,3.0749,3.0749,3.0749
1991-10-28,3.0726,3.0726,3.0726,3.0726
1991-10-29,3.0976,3.0976,3.0976,3.0976
1991-10-30,3.1197,3.1197,3.1197,3.1197
1991-10-31,3.1225,3.1225,3.1225,3.1225
1991-11-01,3.1151,3.1151,3.1151,3.1151
1991-11-04,3.1516,3.1516,3.1516,3.1516
1991-11-05,3.1395,3.1395,3.1395,3.1395
1991-11-06,3.163,3.163,3.163,3.163
1991-11-07,3.1782,3.1782,3.1782,3.1782
1991-11-08,3.1683,3.1683,3.1683,3.1683
1991-11-11,3.1665,3.1665,3.1665,3.1665
1991-11-12,3.155,3.155,3.155,3.155
1991-11-13,3.1616,3.1616,3.1616,3.1616
1991-11-14,3.1657,3.1657,3.1657,3.1657
1991-11-15,3.1522,3.1522,3.1522,3.1522
1991-11-18,3.1769,3.1769,3.1769,3.1769
1991-11-19,3.1705,3.1705,3.1705,3.1705
1991-11-20,3.1714,3.1714,3.1714,3.1714
1991-11-21,3.1685,3.1685,3.1685,3.1685
1991-11-22,3.1599,3.1599,3.1599,3.1599
1991-11-25,3.1635,3.1635,3.1635,3.1635
1991-11-26,3.1693,3.1693,3.1693,3.1693
1991-11-27,3.1369,3.1369,3.1369,3.1369
1991-11-28,3.1348,3.1348,3.1348,3.1348
1991-11-29,3.1426,3.1426,3.1426,3.1426
1991-12-02,3.1607,3.1607,3.1607,3.1607
1991-12-03,3.1575,3.1575,3.1575,3.1575
1991-12-04,3.1505,3.1505,3.1505,3.1505
1991-12-05,3.1871,3.1871,3.1871,3.1871
1991-12-06,3.2325,3.2325,3.2325,3.2325
1991-12-09,3.2549,3.2549,3.2549,3.2549
1991-12-10,3.2578,3.2578,3.2578,3.2578
1991-12-11,3.2556,3.2556,3.2556,3.2556
1991-12-12,3.2328,3.2328,3.2328,3.2328
1991-12-13,3.2568,3.2568,3.2568,3.2568
1991-12-16,3.2747,3.2747,3.2747,3.2747
1991-12-17,3.2933,3.2933,3.2933,3.2933
1991-12-18,3.3251,3.3251,3.3251,3.3251
1991-12-19,3.3312,3.3312,3.3312,3.3312
1991-12-20,3.4245,3.4245,3.4245,3.4245
1991-12-23,3.4517,3.4517,3.4517,3.4517
1991-12-24,3.4494,3.4494,3.4494,3.4494
1991-12-27,3.453,3.453,3.453,3.453
1991-12-30,3.4607,3.4607,3.4607,3.4607
1991-12-31,3.457,3.457,3.457,3.457
1992-01-02,3.4865,3.4865,3.4865,3.4865
1992-01-03,3.443,3.443,3.443,3.443
1992-01-06,3.4104,3.4104,3.4104,3.4104
1992-01-07,3.4062,3.4062,3.4062,3.4062
1992-01-08,3.4092,3.4092,3.4092,3.4092
1992-01-09,3.3903,3.3903,3.3903,3.3903
1992-01-10,3.333,3.333,3.333,3.333
1992-01-13,3.3033,3.3033,3.3033,3.3033
1992-01-14,3.3247,3.3247,3.3247,3.3247
1992-01-15,3.2553,3.2553,3.2553,3.2553
1992-01-16,3.2564,3.2564,3.2564,3.2564
1992-01-17,3.2977,3.2977,3.2977,3.2977
1992-01-20,3.3171,3.3171,3.3171,3.3171
1992-01-21,3.3364,3.3364,3.3364,3.3364
1992-01-22,3.3497,3.3497,3.3497,3.3497
1992-01-23,3.3272,3.3272,3.3272,3.3272
1992-01-24,3.3386,3.3386,3.3386,3.3386
1992-01-27,3.3159,3.3159,3.3159,3.3159
1992-01-28,3.3213,3.3213,3.3213,3.3213
1992-01-29,3.3426,3.3426,3.3426,3.3426
1992-01-30,3.3043,3.3043,3.3043,3.3043
1992-01-31,3.3182,3.3182,3.3182,3.3182
1992-02-03,3.3259,3.3259,3.3259,3.3259
1992-02-04,3.3259,3.3259,3.3259,3.3259
1992-02-05,3.3497,3.3497,3.3497,3.3497
1992-02-06,3.3558,3.3558,3.3558,3.3558
1992-02-07,3.3823,3.3823,3.3823,3.3823
1992-02-10,3.3758,3.3758,3.3758,3.3758
1992-02-11,3.3404,3.3404,3.3404,3.3404
1992-02-12,3.3111,3.3111,3.3111,3.3111
1992-02-13,3.2754,3.2754,3.2754,3.2754
1992-02-14,3.2659,3.2659,3.2659,3.2659
1992-02-17,3.2766,3.2766,3.2766,3.2766
1992-02-18,3.2336,3.2336,3.2336,3.2336
1992-02-19,3.2441,3.2441,3.2441,3.2441
1992-02-20,3.2129,3.2129,3.2129,3.2129
1992-02-21,3.2221,3.2221,3.2221,3.2221
1992-02-24,3.2327,3.2327,3.2327,3.2327
1992-02-25,3.2527,3.2527,3.2527,3.2527
1992-02-26,3.2255,3.2255,3.2255,3.2255
1992-02-27,3.2171,3.2171,3.2171,3.2171
1992-02-28,3.2162,3.2162,3.2162,3.2162
1992-03-02,3.2,3.2,3.2,3.2
1992-03-03,3.1735,3.1735,3.1735,3.1735
1992-03-04,3.1658,3.1658,3.1658,3.1658
1992-03-05,3.1389,3.1389,3.1389,3.1389
1992-03-06,3.1322,3.1322,3.1322,3.1322
1992-03-09,3.1485,3.1485,3.1485,3.1485
1992-03-10,3.1346,3.1346,3.1346,3.1346
1992-03-11,3.1485,3.1485,3.1485,3.1485
1992-03-12,3.1128,3.1128,3.1128,3.1128
1992-03-13,3.1272,3.1272,3.1272,3.1272
1992-03-16,3.147,3.147,3.147,3.147
1992-03-17,3.1741,3.1741,3.1741,3.1741
1992-03-18,3.1551,3.1551,3.1551,3.1551
1992-03-19,3.1144,3.1144,3.1144,3.1144
1992-03-20,3.0967,3.0967,3.0967,3.0967
1992-03-23,3.1341,3.1341,3.1341,3.1341
1992-03-24,3.1342,3.1342,3.1342,3.1342
1992-03-25,3.146,3.146,3.146,3.146
1992-03-26,3.1359,3.1359,3.1359,3.1359
1992-03-27,3.1658,3.1658,3.1658,3.1658
1992-03-30,3.1579,3.1579,3.1579,3.1579
1992-03-31,3.1759,3.1759,3.1759,3.1759
1992-04-01,3.1642,3.1642,3.1642,3.1642
1992-04-02,3.177,3.177,3.177,3.177
1992-04-03,3.1846,3.1846,3.1846,3.1846
1992-04-06,3.2197,3.2197,3.2197,3.2197
1992-04-07,3.2202,3.2202,3.2202,3.2202
1992-04-08,3.2291,3.2291,3.2291,3.2291
1992-04-09,3.2135,3.2135,3.2135,3.2135
1992-04-10,3.2613,3.2613,3.2613,3.2613
1992-04-13,3.2361,3.2361,3.2361,3.2361
1992-04-14,3.245,3.245,3.245,3.245
1992-04-15,3.2356,3.2356,3.2356,3.2356
1992-04-16,3.2126,3.2126,3.2126,3.2126
1992-04-21,3.2343,3.2343,3.2343,3.2343
1992-04-22,3.2732,3.2732,3.2732,3.2732
1992-04-23,3.3096,3.3096,3.3096,3.3096
1992-04-24,3.3174,3.3174,3.3174,3.3174
1992-04-27,3.3269,3.3269,3.3269,3.3269
1992-04-28,3.3008,3.3008,3.3008,3.3008
1992-04-29,3.2937,3.2937,3.2937,3.2937
1992-04-30,3.2999,3.2999,3.2999,3.2999
1992-05-01,3.3141,3.3141,3.3141,3.3141
1992-05-05,3.312,3.312,3.312,3.312
1992-05-06,3.3336,3.3336,3.3336,3.3336
1992-05-07,3.3461,3.3461,3.3461,3.3461
1992-05-08,3.329,3.329,3.329,3.329
1992-05-11,3.3596,3.3596,3.3596,3.3596
1992-05-12,3.3979,3.3979,3.3979,3.3979
1992-05-13,3.4023,3.4023,3.4023,3.4023
1992-05-14,3.4038,3.4038,3.4038,3.4038
1992-05-15,3.4148,3.4148,3.4148,3.4148
1992-05-18,3.4388,3.4388,3.4388,3.4388
1992-05-19,3.4497,3.4497,3.4497,3.4497
1992-05-20,3.4397,3.4397,3.4397,3.4397
1992-05-21,3.4089,3.4089,3.4089,3.4089
1992-05-22,3.3947,3.3947,3.3947,3.3947
1992-05-26,3.4108,3.4108,3.4108,3.4108
1992-05-27,3.3641,3.3641,3.3641,3.3641
1992-05-28,3.3672,3.3672,3.3672,3.3672
1992-05-29,3.4215,3.4215,3.4215,3.4215
1992-06-01,3.4091,3.4091,3.4091,3.4091
1992-06-02,3.4068,3.4068,3.4068,3.4068
1992-06-03,3.3812,3.3812,3.3812,3.3812
1992-06-04,3.3958,3.3958,3.3958,3.3958
1992-06-05,3.4048,3.4048,3.4048,3.4048
1992-06-08,3.3919,3.3919,3.3919,3.3919
1992-06-09,3.3682,3.3682,3.3682,3.3682
1992-06-10,3.376,3.376,3.376,3.376
1992-06-11,3.3987,3.3987,3.3987,3.3987
1992-06-12,3.4045,3.4045,3.4045,3.4045
1992-06-15,3.4305,3.4305,3.4305,3.4305
1992-06-16,3.4225,3.4225,3.4225,3.4225
1992-06-17,3.4284,3.4284,3.4284,3.4284
1992-06-18,3.4324,3.4324,3.4324,3.4324
1992-06-19,3.4099,3.4099,3.4099,3.4099
1992-06-22,3.4197,3.4197,3.4197,3.4197
1992-06-23,3.4224,3.4224,3.4224,3.4224
1992-06-24,3.4462,3.4462,3.4462,3.4462
1992-06-25,3.4757,3.4757,3.4757,3.4757
1992-06-26,3.4894,3.4894,3.4894,3.4894
1992-06-29,3.5063,3.5063,3.5063,3.5063
1992-06-30,3.4969,3.4969,3.4969,3.4969
1992-07-01,3.5169,3.5169,3.5169,3.5169
1992-07-02,3.5246,3.5246,3.5246,3.5246
1992-07-03,3.4972,3.4972,3.4972,3.4972
1992-07-06,3.5111,3.5111,3.5111,3.5111
1992-07-07,3.5371,3.5371,3.5371,3.5371
1992-07-08,3.531,3.531,3.531,3.531
1992-07-09,3.4959,3.4959,3.4959,3.4959
1992-07-10,3.5169,3.5169,3.5169,3.5169
1992-07-13,3.5252,3.5252,3.5252,3.5252
1992-07-14,3.5005,3.5005,3.5005,3.5005
1992-07-15,3.5299,3.5299,3.5299,3.5299
1992-07-16,3.5452,3.5452,3.5452,3.5452
1992-07-17,3.5565,3.5565,3.5565,3.5565
1992-07-20,3.4981,3.4981,3.4981,3.4981
1992-07-21,3.4858,3.4858,3.4858,3.4858
1992-07-22,3.4747,3.4747,3.4747,3.4747
1992-07-23,3.4834,3.4834,3.4834,3.4834
1992-07-24,3.4617,3.4617,3.4617,3.4617
1992-07-27,3.5144,3.5144,3.5144,3.5144
1992-07-28,3.5322,3.5322,3.5322,3.5322
1992-07-29,3.5223,3.5223,3.5223,3.5223
1992-07-30,3.5142,3.5142,3.5142,3.5142
1992-07-31,3.5329,3.5329,3.5329,3.5329
1992-08-03,3.5375,3.5375,3.5375,3.5375
1992-08-04,3.533,3.533,3.533,3.533
1992-08-05,3.5239,3.5239,3.5239,3.5239
1992-08-06,3.5112,3.5112,3.5112,3.5112
1992-08-07,3.5455,3.5455,3.5455,3.5455
1992-08-10,3.5517,3.5517,3.5517,3.5517
1992-08-11,3.5404,3.5404,3.5404,3.5404
1992-08-12,3.607,3.607,3.607,3.607
1992-08-13,3.5971,3.5971,3.5971,3.5971
1992-08-14,3.5673,3.5673,3.5673,3.5673
1992-08-17,3.5743,3.5743,3.5743,3.5743
1992-08-18,3.588,3.588,3.588,3.588
1992-08-19,3.5819,3.5819,3.5819,3.5819
1992-08-20,3.5877,3.5877,3.5877,3.5877
1992-08-21,3.5897,3.5897,3.5897,3.5897
1992-08-24,3.707,3.707,3.707,3.707
1992-08-25,3.6862,3.6862,3.6862,3.6862
1992-08-26,3.6641,3.6641,3.6641,3.6641
1992-08-27,3.6526,3.6526,3.6526,3.6526
1992-08-28,3.6696,3.6696,3.6696,3.6696
1992-09-01,3.7054,3.7054,3.7054,3.7054
1992-09-02,3.7097,3.7097,3.7097,3.7097
1992-09-03,3.6662,3.6662,3.6662,3.6662
1992-09-04,3.6753,3.6753,3.6753,3.6753
1992-09-07,3.6839,3.6839,3.6839,3.6839
1992-09-08,3.7191,3.7191,3.7191,3.7191
1992-09-09,3.6566,3.6566,3.6566,3.6566
1992-09-10,3.6387,3.6387,3.6387,3.6387
1992-09-11,3.5347,3.5347,3.5347,3.5347
1992-09-14,3.4201,3.4201,3.4201,3.4201
1992-09-15,3.4633,3.4633,3.4633,3.4633
1992-09-16,3.3791,3.3791,3.3791,3.3791
1992-09-17,3.2479,3.2479,3.2479,3.2479
1992-09-18,3.2103,3.2103,3.2103,3.2103
1992-09-21,3.1997,3.1997,3.1997,3.1997
1992-09-22,3.1747,3.1747,3.1747,3.1747
1992-09-23,3.1746,3.1746,3.1746,3.1746
1992-09-24,3.1735,3.1735,3.1735,3.1735
1992-09-25,3.1784,3.1784,3.1784,3.1784
1992-09-28,3.219,3.219,3.219,3.219
1992-09-29,3.3007,3.3007,3.3007,3.3007
1992-09-30,3.3079,3.3079,3.3079,3.3079
1992-10-01,3.2393,3.2393,3.2393,3.2393
1992-10-02,3.164,3.164,3.164,3.164
1992-10-05,3.1486,3.1486,3.1486,3.1486
1992-10-06,3.1459,3.1459,3.1459,3.1459
1992-10-07,3.1687,3.1687,3.1687,3.1687
1992-10-08,3.1121,3.1121,3.1121,3.1121
1992-10-09,3.1375,3.1375,3.1375,3.1375
1992-10-12,3.1439,3.1439,3.1439,3.1439
1992-10-13,3.1593,3.1593,3.1593,3.1593
1992-10-14,3.1421,3.1421,3.1421,3.1421
1992-10-15,3.1346,3.1346,3.1346,3.1346
1992-10-16,3.0673,3.0673,3.0673,3.0673
1992-10-19,3.0133,3.0133,3.0133,3.0133
1992-10-20,2.9981,2.9981,2.9981,2.9981
1992-10-21,2.9948,2.9948,2.9948,2.9948
1992-10-22,3.0078,3.0078,3.0078,3.0078
1992-10-23,2.9832,2.9832,2.9832,2.9832
1992-10-26,2.9422,2.9422,2.9422,2.9422
1992-10-27,2.9504,2.9504,2.9504,2.9504
1992-10-28,2.9736,2.9736,2.9736,2.9736
1992-10-29,2.9808,2.9808,2.9808,2.9808
1992-10-30,2.9775,2.9775,2.9775,2.9775
1992-11-02,2.9442,2.9442,2.9442,2.9442
1992-11-03,2.9509,2.9509,2.9509,2.9509
1992-11-04,2.9561,2.9561,2.9561,2.9561
1992-11-05,2.9326,2.9326,2.9326,2.9326
1992-11-06,2.9131,2.9131,2.9131,2.9131
1992-11-09,2.91,2.91,2.91,2.91
1992-11-10,2.8948,2.8948,2.8948,2.8948
1992-11-11,2.911,2.911,2.911,2.911
1992-11-12,2.9073,2.9073,2.9073,2.9073
1992-11-13,2.9459,2.9459,2.9459,2.9459
1992-11-16,2.9235,2.9235,2.9235,2.9235
1992-11-17,2.9431,2.9431,2.9431,2.9431
1992-11-18,2.9478,2.9478,2.9478,2.9478
1992-11-19,2.9671,2.9671,2.9671,2.9671
1992-11-20,2.953,2.953,2.953,2.953
1992-11-23,2.9446,2.9446,2.9446,2.9446
1992-11-24,2.9412,2.9412,2.9412,2.9412
1992-11-25,2.9589,2.9589,2.9589,2.9589
1992-11-26,2.9493,2.9493,2.9493,2.9493
1992-11-27,2.933,2.933,2.933,2.933
1992-11-30,2.9657,2.9657,2.9657,2.9657
1992-12-01,2.9814,2.9814,2.9814,2.9814
1992-12-02,3.0222,3.0222,3.0222,3.0222
1992-12-03,3.031,3.031,3.031,3.031
1992-12-04,3.0168,3.0168,3.0168,3.0168
1992-12-07,3.0515,3.0515,3.0515,3.0515
1992-12-08,3.0841,3.0841,3.0841,3.0841
1992-12-09,3.0224,3.0224,3.0224,3.0224
1992-12-10,3.0318,3.0318,3.0318,3.0318
1992-12-11,3.0192,3.0192,3.0192,3.0192
1992-12-14,3.0369,3.0369,3.0369,3.0369
1992-12-15,3.0482,3.0482,3.0482,3.0482
1992-12-16,3.0483,3.0483,3.0483,3.0483
1992-12-17,3.0465,3.0465,3.0465,3.0465
1992-12-18,3.0313,3.0313,3.0313,3.0313
1992-12-21,3.0213,3.0213,3.0213,3.0213
1992-12-22,2.986,2.986,2.986,2.986
1992-12-23,2.9802,2.9802,2.9802,2.9802
1992-12-24,2.9755,2.9755,2.9755,2.9755
1992-12-29,2.9253,2.9253,2.9253,2.9253
1992-12-30,2.947,2.947,2.947,2.947
1992-12-31,2.9503,2.9503,2.9503,2.9503
1993-01-04,2.9278,2.9278,2.9278,2.9278
1993-01-05,3.0307,3.0307,3.0307,3.0307
1993-01-06,3.0385,3.0385,3.0385,3.0385
1993-01-07,3.0299,3.0299,3.0299,3.0299
1993-01-08,3.0137,3.0137,3.0137,3.0137
1993-01-11,3.0296,3.0296,3.0296,3.0296
1993-01-12,3.007,3.007,3.007,3.007
1993-01-13,3.008,3.008,3.008,3.008
1993-01-14,2.9953,2.9953,2.9953,2.9953
1993-01-15,2.9864,2.9864,2.9864,2.9864
1993-01-18,3.0072,3.0072,3.0072,3.0072
1993-01-19,3.0166,3.0166,3.0166,3.0166
1993-01-20,2.8954,2.8954,2.8954,2.8954
1993-01-21,2.9633,2.9633,2.9633,2.9633
1993-01-22,2.9586,2.9586,2.9586,2.9586
1993-01-25,3.0135,3.0135,3.0135,3.0135
1993-01-26,2.9678,2.9678,2.9678,2.9678
1993-01-27,2.9351,2.9351,2.9351,2.9351
1993-01-28,2.9122,2.9122,2.9122,2.9122
1993-01-29,2.8819,2.8819,2.8819,2.8819
1993-02-01,2.8308,2.8308,2.8308,2.8308
1993-02-02,2.8129,2.8129,2.8129,2.8129
1993-02-03,2.7882,2.7882,2.7882,2.7882
1993-02-04,2.8019,2.8019,2.8019,2.8019
1993-02-05,2.8306,2.8306,2.8306,2.8306
1993-02-08,2.8224,2.8224,2.8224,2.8224
1993-02-09,2.8153,2.8153,2.8153,2.8153
1993-02-10,2.7982,2.7982,2.7982,2.7982
1993-02-11,2.7618,2.7618,2.7618,2.7618
1993-02-12,2.7667,2.7667,2.7667,2.7667
1993-02-15,2.7682,2.7682,2.7682,2.7682
1993-02-16,2.8019,2.8019,2.8019,2.8019
1993-02-17,2.7975,2.7975,2.7975,2.7975
1993-02-18,2.7953,2.7953,2.7953,2.7953
1993-02-19,2.8126,2.8126,2.8126,2.8126
1993-02-22,2.8081,2.8081,2.8081,2.8081
1993-02-23,2.7707,2.7707,2.7707,2.7707
1993-02-24,2.7298,2.7298,2.7298,2.7298
1993-02-25,2.7375,2.7375,2.7375,2.7375
1993-02-26,2.7135,2.7135,2.7135,2.7135
1993-03-01,2.734,2.734,2.734,2.734
1993-03-02,2.7446,2.7446,2.7446,2.7446
1993-03-03,2.754,2.754,2.754,2.754
1993-03-04,2.748,2.748,2.748,2.748
1993-03-05,2.7521,2.7521,2.7521,2.7521
1993-03-08,2.749,2.749,2.749,2.749
1993-03-09,2.7191,2.7191,2.7191,2.7191
1993-03-10,2.7189,2.7189,2.7189,2.7189
1993-03-11,2.7194,2.7194,2.7194,2.7194
1993-03-12,2.7169,2.7169,2.7169,2.7169
1993-03-15,2.7192,2.7192,2.7192,2.7192
1993-03-16,2.7367,2.7367,2.7367,2.7367
1993-03-17,2.7162,2.7162,2.7162,2.7162
1993-03-18,2.7568,2.7568,2.7568,2.7568
1993-03-19,2.8013,2.8013,2.8013,2.8013
1993-03-22,2.7728,2.7728,2.7728,2.7728
1993-03-23,2.7882,2.7882,2.7882,2.7882
1993-03-24,2.79,2.79,2.79,2.79
1993-03-25,2.7707,2.7707,2.7707,2.7707
1993-03-26,2.7934,2.7934,2.7934,2.7934
1993-03-29,2.7869,2.7869,2.7869,2.7869
1993-03-30,2.8019,2.8019,2.8019,2.8019
1993-03-31,2.8285,2.8285,2.8285,2.8285
1993-04-01,2.8977,2.8977,2.8977,2.8977
1993-04-02,2.8729,2.8729,2.8729,2.8729
1993-04-05,2.8546,2.8546,2.8546,2.8546
1993-04-06,2.8385,2.8385,2.8385,2.8385
1993-04-07,2.8263,2.8263,2.8263,2.8263
1993-04-08,2.8308,2.8308,2.8308,2.8308
1993-04-13,2.8764,2.8764,2.8764,2.8764
1993-04-14,2.8604,2.8604,2.8604,2.8604
1993-04-15,2.866,2.866,2.866,2.866
1993-04-16,2.8338,2.8338,2.8338,2.8338
1993-04-19,2.844,2.844,2.844,2.844
1993-04-20,2.8575,2.8575,2.8575,2.8575
1993-04-21,2.8455,2.8455,2.8455,2.8455
1993-04-22,2.8608,2.8608,2.8608,2.8608
1993-04-23,2.899,2.899,2.899,2.899
1993-04-26,2.9153,2.9153,2.9153,2.9153
1993-04-27,2.8984,2.8984,2.8984,2.8984
1993-04-28,2.8873,2.8873,2.8873,2.8873
1993-04-29,2.8956,2.8956,2.8956,2.8956
1993-04-30,2.8962,2.8962,2.8962,2.8962
1993-05-04,2.9124,2.9124,2.9124,2.9124
1993-05-05,2.8892,2.8892,2.8892,2.8892
1993-05-06,2.8767,2.8767,2.8767,2.8767
1993-05-07,2.8807,2.8807,2.8807,2.8807
1993-05-10,2.827,2.827,2.827,2.827
1993-05-11,2.8536,2.8536,2.8536,2.8536
1993-05-12,2.8355,2.8355,2.8355,2.8355
1993-05-13,2.8064,2.8064,2.8064,2.8064
1993-05-14,2.83,2.83,2.83,2.83
1993-05-17,2.8265,2.8265,2.8265,2.8265
1993-05-18,2.8529,2.8529,2.8529,2.8529
1993-05-19,2.8529,2.8529,2.8529,2.8529
1993-05-20,2.8674,2.8674,2.8674,2.8674
1993-05-21,2.8318,2.8318,2.8318,2.8318
1993-05-24,2.8254,2.8254,2.8254,2.8254
1993-05-25,2.8201,2.8201,2.8201,2.8201
1993-05-26,2.8249,2.8249,2.8249,2.8249
1993-05-27,2.8464,2.8464,2.8464,2.8464
1993-05-28,2.8767,2.8767,2.8767,2.8767
1993-06-01,2.8716,2.8716,2.8716,2.8716
1993-06-02,2.8428,2.8428,2.8428,2.8428
1993-06-03,2.8423,2.8423,2.8423,2.8423
1993-06-04,2.8292,2.8292,2.8292,2.8292
1993-06-07,2.8373,2.8373,2.8373,2.8373
1993-06-08,2.8425,2.8425,2.8425,2.8425
1993-06-09,2.8136,2.8136,2.8136,2.8136
1993-06-10,2.8236,2.8236,2.8236,2.8236
1993-06-11,2.8092,2.8092,2.8092,2.8092
1993-06-14,2.8151,2.8151,2.8151,2.8151
1993-06-15,2.7976,2.7976,2.7976,2.7976
1993-06-16,2.7583,2.7583,2.7583,2.7583
1993-06-17,2.7893,2.7893,2.7893,2.7893
1993-06-18,2.762,2.762,2.762,2.762
1993-06-21,2.7446,2.7446,2.7446,2.7446
1993-06-22,2.7441,2.7441,2.7441,2.7441
1993-06-23,2.7406,2.7406,2.7406,2.7406
1993-06-24,2.7321,2.7321,2.7321,2.7321
1993-06-25,2.7567,2.7567,2.7567,2.7567
1993-06-28,2.7805,2.7805,2.7805,2.7805
1993-06-29,2.8087,2.8087,2.8087,2.8087
1993-06-30,2.7968,2.7968,2.7968,2.7968
1993-07-01,2.7843,2.7843,2.7843,2.7843
1993-07-02,2.7799,2.7799,2.7799,2.7799
1993-07-05,2.781,2.781,2.781,2.781
1993-07-06,2.7741,2.7741,2.7741,2.7741
1993-07-07,2.7391,2.7391,2.7391,2.7391
1993-07-08,2.7084,2.7084,2.7084,2.7084
1993-07-09,2.6852,2.6852,2.6852,2.6852
1993-07-12,2.6827,2.6827,2.6827,2.6827
1993-07-13,2.7168,2.7168,2.7168,2.7168
1993-07-14,2.7282,2.7282,2.7282,2.7282
1993-07-15,2.7106,2.7106,2.7106,2.7106
1993-07-16,2.6888,2.6888,2.6888,2.6888
1993-07-19,2.7442,2.7442,2.7442,2.7442
1993-07-20,2.746,2.746,2.746,2.746
1993-07-21,2.7564,2.7564,2.7564,2.7564
1993-07-22,2.751,2.751,2.751,2.751
1993-07-23,2.7222,2.7222,2.7222,2.7222
1993-07-26,2.7167,2.7167,2.7167,2.7167
1993-07-27,2.6983,2.6983,2.6983,2.6983
1993-07-28,2.7083,2.7083,2.7083,2.7083
1993-07-29,2.6944,2.6944,2.6944,2.6944
1993-07-30,2.6685,2.6685,2.6685,2.6685
1993-08-02,2.6794,2.6794,2.6794,2.6794
1993-08-03,2.7255,2.7255,2.7255,2.7255
1993-08-04,2.7222,2.7222,2.7222,2.7222
1993-08-05,2.7011,2.7011,2.7011,2.7011
1993-08-06,2.7115,2.7115,2.7115,2.7115
1993-08-09,2.7324,2.7324,2.7324,2.7324
1993-08-10,2.6985,2.6985,2.6985,2.6985
1993-08-11,2.6867,2.6867,2.6867,2.6867
1993-08-12,2.6461,2.6461,2.6461,2.6461
1993-08-13,2.6441,2.6441,2.6441,2.6441
1993-08-16,2.6772,2.6772,2.6772,2.6772
1993-08-17,2.6952,2.6952,2.6952,2.6952
1993-08-18,2.7225,2.7225,2.7225,2.7225
1993-08-19,2.7102,2.7102,2.7102,2.7102
1993-08-20,2.7256,2.7256,2.7256,2.7256
1993-08-23,2.7309,2.7309,2.7309,2.7309
1993-08-24,2.7104,2.7104,2.7104,2.7104
1993-08-25,2.7582,2.7582,2.7582,2.7582
1993-08-26,2.6906,2.6906,2.6906,2.6906
1993-08-27,2.7137,2.7137,2.7137,2.7137
1993-08-31,2.6938,2.6938,2.6938,2.6938
1993-09-01,2.7223,2.7223,2.7223,2.7223
1993-09-02,2.7291,2.7291,2.7291,2.7291
1993-09-03,2.8184,2.8184,2.8184,2.8184
1993-09-06,2.8051,2.8051,2.8051,2.8051
1993-09-07,2.8091,2.8091,2.8091,2.8091
1993-09-08,2.7908,2.7908,2.7908,2.7908
1993-09-09,2.8094,2.8094,2.8094,2.8094
1993-09-10,2.8085,2.8085,2.8085,2.8085
1993-09-13,2.8018,2.8018,2.8018,2.8018
1993-09-14,2.7946,2.7946,2.7946,2.7946
1993-09-15,2.8114,2.8114,2.8114,2.8114
1993-09-16,2.7763,2.7763,2.7763,2.7763
1993-09-17,2.7819,2.7819,2.7819,2.7819
1993-09-20,2.7712,2.7712,2.7712,2.7712
1993-09-21,2.7608,2.7608,2.7608,2.7608
1993-09-22,2.7403,2.7403,2.7403,2.7403
1993-09-23,2.7166,2.7166,2.7166,2.7166
1993-09-24,2.7072,2.7072,2.7072,2.7072
1993-09-27,2.7231,2.7231,2.7231,2.7231
1993-09-28,2.7131,2.7131,2.7131,2.7131
1993-09-29,2.7475,2.7475,2.7475,2.7475
1993-09-30,2.7215,2.7215,2.7215,2.7215
1993-10-01,2.7201,2.7201,2.7201,2.7201
1993-10-04,2.7535,2.7535,2.7535,2.7535
1993-10-05,2.7612,2.7612,2.7612,2.7612
1993-10-06,2.7807,2.7807,2.7807,2.7807
1993-10-07,2.7658,2.7658,2.7658,2.7658
1993-10-08,2.7837,2.7837,2.7837,2.7837
1993-10-11,2.7723,2.7723,2.7723,2.7723
1993-10-12,2.7817,2.7817,2.7817,2.7817
1993-10-13,2.7566,2.7566,2.7566,2.7566
1993-10-14,2.7443,2.7443,2.7443,2.7443
1993-10-15,2.7475,2.7475,2.7475,2.7475
1993-10-18,2.7183,2.7183,2.7183,2.7183
1993-10-19,2.6781,2.6781,2.6781,2.6781
1993-10-20,2.6796,2.6796,2.6796,2.6796
1993-10-21,2.6726,2.6726,2.6726,2.6726
1993-10-22,2.6521,2.6521,2.6521,2.6521
1993-10-25,2.6712,2.6712,2.6712,2.6712
1993-10-26,2.6592,2.6592,2.6592,2.6592
1993-10-27,2.664,2.664,2.664,2.664
1993-10-28,2.6664,2.6664,2.6664,2.6664
1993-10-29,2.6839,2.6839,2.6839,2.6839
1993-11-01,2.6658,2.6658,2.6658,2.6658
1993-11-02,2.6688,2.6688,2.6688,2.6688
1993-11-03,2.6703,2.6703,2.6703,2.6703
1993-11-04,2.6676,2.6676,2.6676,2.6676
1993-11-05,2.6542,2.6542,2.6542,2.6542
1993-11-08,2.7246,2.7246,2.7246,2.7246
1993-11-09,2.6874,2.6874,2.6874,2.6874
1993-11-10,2.7306,2.7306,2.7306,2.7306
1993-11-11,2.7364,2.7364,2.7364,2.7364
1993-11-12,2.7441,2.7441,2.7441,2.7441
1993-11-15,2.7744,2.7744,2.7744,2.7744
1993-11-16,2.7618,2.7618,2.7618,2.7618
1993-11-17,2.6818,2.6818,2.6818,2.6818
1993-11-18,2.6861,2.6861,2.6861,2.6861
1993-11-19,2.6846,2.6846,2.6846,2.6846
1993-11-22,2.6959,2.6959,2.6959,2.6959
1993-11-23,2.7022,2.7022,2.7022,2.7022
1993-11-24,2.714,2.714,2.714,2.714
1993-11-25,2.7129,2.7129,2.7129,2.7129
1993-11-26,2.6965,2.6965,2.6965,2.6965
1993-11-29,2.7284,2.7284,2.7284,2.7284
1993-11-30,2.7134,2.7134,2.7134,2.7134
1993-12-01,2.7112,2.7112,2.7112,2.7112
1993-12-02,2.7017,2.7017,2.7017,2.7017
1993-12-03,2.7137,2.7137,2.7137,2.7137
1993-12-06,2.7279,2.7279,2.7279,2.7279
1993-12-07,2.7161,2.7161,2.7161,2.7161
1993-12-08,2.6991,2.6991,2.6991,2.6991
1993-12-09,2.6932,2.6932,2.6932,2.6932
1993-12-10,2.6904,2.6904,2.6904,2.6904
1993-12-13,2.6904,2.6904,2.6904,2.6904
1993-12-14,2.676,2.676,2.676,2.676
1993-12-15,2.6661,2.6661,2.6661,2.6661
1993-12-16,2.6504,2.6504,2.6504,2.6504
1993-12-17,2.6559,2.6559,2.6559,2.6559
1993-12-20,2.6452,2.6452,2.6452,2.6452
1993-12-21,2.6554,2.6554,2.6554,2.6554
1993-12-22,2.6598,2.6598,2.6598,2.6598
1993-12-23,2.6854,2.6854,2.6854,2.6854
1993-12-24,2.686,2.686,2.686,2.686
1993-12-29,2.6685,2.6685,2.6685,2.6685
1993-12-30,2.6462,2.6462,2.6462,2.6462
1993-12-31,2.6416,2.6416,2.6416,2.6416
1994-01-04,2.6347,2.6347,2.6347,2.6347
1994-01-05,2.6477,2.6477,2.6477,2.6477
1994-01-06,2.6763,2.6763,2.6763,2.6763
1994-01-07,2.6804,2.6804,2.6804,2.6804
1994-01-10,2.6777,2.6777,2.6777,2.6777
1994-01-11,2.6613,2.6613,2.6613,2.6613
1994-01-12,2.6879,2.6879,2.6879,2.6879
1994-01-13,2.6849,2.6849,2.6849,2.6849
1994-01-14,2.6729,2.6729,2.6729,2.6729
1994-01-17,2.6694,2.6694,2.6694,2.6694
1994-01-18,2.6593,2.6593,2.6593,2.6593
1994-01-19,2.6445,2.6445,2.6445,2.6445
1994-01-20,2.6532,2.6532,2.6532,2.6532
1994-01-21,2.6387,2.6387,2.6387,2.6387
1994-01-24,2.6408,2.6408,2.6408,2.6408
1994-01-25,2.6299,2.6299,2.6299,2.6299
1994-01-26,2.6207,2.6207,2.6207,2.6207
1994-01-27,2.6259,2.6259,2.6259,2.6259
1994-01-28,2.6475,2.6475,2.6475,2.6475
1994-01-31,2.6391,2.6391,2.6391,2.6391
1994-02-01,2.6323,2.6323,2.6323,2.6323
1994-02-02,2.6145,2.6145,2.6145,2.6145
1994-02-03,2.6212,2.6212,2.6212,2.6212
1994-02-04,2.6137,2.6137,2.6137,2.6137
1994-02-07,2.5867,2.5867,2.5867,2.5867
1994-02-08,2.5524,2.5524,2.5524,2.5524
1994-02-09,2.5352,2.5352,2.5352,2.5352
1994-02-10,2.5421,2.5421,2.5421,2.5421
1994-02-11,2.5575,2.5575,2.5575,2.5575
1994-02-14,2.5668,2.5668,2.5668,2.5668
1994-02-15,2.579,2.579,2.579,2.579
1994-02-16,2.5758,2.5758,2.5758,2.5758
1994-02-17,2.5633,2.5633,2.5633,2.5633
1994-02-18,2.5744,2.5744,2.5744,2.5744
1994-02-21,2.5782,2.5782,2.5782,2.5782
1994-02-22,2.5587,2.5587,2.5587,2.5587
1994-02-23,2.5518,2.5518,2.5518,2.5518
1994-02-24,2.5565,2.5565,2.5565,2.5565
1994-02-25,2.583,2.583,2.583,2.583
1994-02-28,2.585,2.585,2.585,2.585
1994-03-01,2.5749,2.5749,2.5749,2.5749
1994-03-02,2.6274,2.6274,2.6274,2.6274
1994-03-03,2.6256,2.6256,2.6256,2.6256
1994-03-04,2.6003,2.6003,2.6003,2.6003
1994-03-07,2.5804,2.5804,2.5804,2.5804
1994-03-08,2.5785,2.5785,2.5785,2.5785
1994-03-09,2.5976,2.5976,2.5976,2.5976
1994-03-10,2.6236,2.6236,2.6236,2.6236
1994-03-11,2.6222,2.6222,2.6222,2.6222
1994-03-14,2.5948,2.5948,2.5948,2.5948
1994-03-15,2.5847,2.5847,2.5847,2.5847
1994-03-16,2.5877,2.5877,2.5877,2.5877
1994-03-17,2.6059,2.6059,2.6059,2.6059
1994-03-18,2.6012,2.6012,2.6012,2.6012
1994-03-21,2.6058,2.6058,2.6058,2.6058
1994-03-22,2.6051,2.6051,2.6051,2.6051
1994-03-23,2.6179,2.6179,2.6179,2.6179
1994-03-24,2.636,2.636,2.636,2.636
1994-03-25,2.6435,2.6435,2.6435,2.6435
1994-03-28,2.6322,2.6322,2.6322,2.6322
1994-03-29,2.6341,2.6341,2.6341,2.6341
1994-03-30,2.6364,2.6364,2.6364,2.6364
1994-03-31,2.6391,2.6391,2.6391,2.6391
1994-04-05,2.5954,2.5954,2.5954,2.5954
1994-04-06,2.5953,2.5953,2.5953,2.5953
1994-04-07,2.5845,2.5845,2.5845,2.5845
1994-04-08,2.5769,2.5769,2.5769,2.5769
1994-04-11,2.5816,2.5816,2.5816,2.5816
1994-04-12,2.5954,2.5954,2.5954,2.5954
1994-04-13,2.6078,2.6078,2.6078,2.6078
1994-04-14,2.6026,2.6026,2.6026,2.6026
1994-04-15,2.5893,2.5893,2.5893,2.5893
1994-04-18,2.5926,2.5926,2.5926,2.5926
1994-04-19,2.614,2.614,2.614,2.614
1994-04-20,2.6187,2.6187,2.6187,2.6187
1994-04-21,2.6393,2.6393,2.6393,2.6393
1994-04-22,2.5925,2.5925,2.5925,2.5925
1994-04-25,2.6021,2.6021,2.6021,2.6021
1994-04-26,2.6171,2.6171,2.6171,2.6171
1994-04-27,2.6258,2.6258,2.6258,2.6258
1994-04-28,2.63,2.63,2.63,2.63
1994-04-29,2.6305,2.6305,2.6305,2.6305
1994-05-03,2.624,2.624,2.624,2.624
1994-05-04,2.5953,2.5953,2.5953,2.5953
1994-05-05,2.5894,2.5894,2.5894,2.5894
1994-05-06,2.5867,2.5867,2.5867,2.5867
1994-05-09,2.5829,2.5829,2.5829,2.5829
1994-05-10,2.5668,2.5668,2.5668,2.5668
1994-05-11,2.5616,2.5616,2.5616,2.5616
1994-05-12,2.5782,2.5782,2.5782,2.5782
1994-05-13,2.5697,2.5697,2.5697,2.5697
1994-05-16,2.5644,2.5644,2.5644,2.5644
1994-05-17,2.5669,2.5669,2.5669,2.5669
1994-05-18,2.5752,2.5752,2.5752,2.5752
1994-05-19,2.5743,2.5743,2.5743,2.5743
1994-05-20,2.5729,2.5729,2.5729,2.5729
1994-05-23,2.5581,2.5581,2.5581,2.5581
1994-05-24,2.5638,2.5638,2.5638,2.5638
1994-05-25,2.5681,2.5681,2.5681,2.5681
1994-05-26,2.5668,2.5668,2.5668,2.5668
1994-05-27,2.5655,2.5655,2.5655,2.5655
1994-05-31,2.5433,2.5433,2.5433,2.5433
1994-06-01,2.553,2.553,2.553,2.553
1994-06-02,2.5472,2.5472,2.5472,2.5472
1994-06-03,2.5304,2.5304,2.5304,2.5304
1994-06-06,2.5398,2.5398,2.5398,2.5398
1994-06-07,2.5451,2.5451,2.5451,2.5451
1994-06-08,2.5524,2.5524,2.5524,2.5524
1994-06-09,2.5616,2.5616,2.5616,2.5616
1994-06-10,2.5611,2.5611,2.5611,2.5611
1994-06-13,2.5795,2.5795,2.5795,2.5795
1994-06-14,2.5887,2.5887,2.5887,2.5887
1994-06-15,2.5898,2.5898,2.5898,2.5898
1994-06-16,2.5823,2.5823,2.5823,2.5823
1994-06-17,2.5667,2.5667,2.5667,2.5667
1994-06-20,2.5859,2.5859,2.5859,2.5859
1994-06-21,2.5852,2.5852,2.5852,2.5852
1994-06-22,2.583,2.583,2.583,2.583
1994-06-23,2.5997,2.5997,2.5997,2.5997
1994-06-24,2.6236,2.6236,2.6236,2.6236
1994-06-27,2.637,2.637,2.637,2.637
1994-06-28,2.6123,2.6123,2.6123,2.6123
1994-06-29,2.6091,2.6091,2.6091,2.6091
1994-06-30,2.5971,2.5971,2.5971,2.5971
1994-07-01,2.5849,2.5849,2.5849,2.5849
1994-07-04,2.5762,2.5762,2.5762,2.5762
1994-07-05,2.5964,2.5964,2.5964,2.5964
1994-07-06,2.6051,2.6051,2.6051,2.6051
1994-07-07,2.5781,2.5781,2.5781,2.5781
1994-07-08,2.5593,2.5593,2.5593,2.5593
1994-07-11,2.5949,2.5949,2.5949,2.5949
1994-07-12,2.5975,2.5975,2.5975,2.5975
1994-07-13,2.5876,2.5876,2.5876,2.5876
1994-07-14,2.6138,2.6138,2.6138,2.6138
1994-07-15,2.604,2.604,2.604,2.604
1994-07-18,2.6153,2.6153,2.6153,2.6153
1994-07-19,2.6,2.6,2.6,2.6
1994-07-20,2.5746,2.5746,2.5746,2.5746
1994-07-21,2.5467,2.5467,2.5467,2.5467
1994-07-22,2.5276,2.5276,2.5276,2.5276
1994-07-25,2.5388,2.5388,2.5388,2.5388
1994-07-26,2.5254,2.5254,2.5254,2.5254
1994-07-27,2.5461,2.5461,2.5461,2.5461
1994-07-28,2.5525,2.5525,2.5525,2.5525
1994-07-29,2.5537,2.5537,2.5537,2.5537
1994-08-01,2.5523,2.5523,2.5523,2.5523
1994-08-02,2.5539,2.5539,2.5539,2.5539
1994-08-03,2.5672,2.5672,2.5672,2.5672
1994-08-04,2.5509,2.5509,2.5509,2.5509
1994-08-05,2.5513,2.5513,2.5513,2.5513
1994-08-08,2.5509,2.5509,2.5509,2.5509
1994-08-09,2.562,2.562,2.562,2.562
1994-08-10,2.5764,2.5764,2.5764,2.5764
1994-08-11,2.5529,2.5529,2.5529,2.5529
1994-08-12,2.5736,2.5736,2.5736,2.5736
1994-08-15,2.5526,2.5526,2.5526,2.5526
1994-08-16,2.5632,2.5632,2.5632,2.5632
1994-08-17,2.5693,2.5693,2.5693,2.5693
1994-08-18,2.5732,2.5732,2.5732,2.5732
1994-08-19,2.5838,2.5838,2.5838,2.5838
1994-08-22,2.5872,2.5872,2.5872,2.5872
1994-08-23,2.587,2.587,2.587,2.587
1994-08-24,2.583,2.583,2.583,2.583
1994-08-25,2.575,2.575,2.575,2.575
1994-08-26,2.5559,2.5559,2.5559,2.5559
1994-08-30,2.5462,2.5462,2.5462,2.5462
1994-08-31,2.554,2.554,2.554,2.554
1994-09-01,2.5542,2.5542,2.5542,2.5542
1994-09-02,2.5545,2.5545,2.5545,2.5545
1994-09-05,2.5655,2.5655,2.5655,2.5655
1994-09-06,2.5692,2.5692,2.5692,2.5692
1994-09-07,2.5485,2.5485,2.5485,2.5485
1994-09-08,2.554,2.554,2.554,2.554
1994-09-09,2.5682,2.5682,2.5682,2.5682
1994-09-12,2.592,2.592,2.592,2.592
1994-09-13,2.5891,2.5891,2.5891,2.5891
1994-09-14,2.6051,2.6051,2.6051,2.6051
1994-09-15,2.5899,2.5899,2.5899,2.5899
1994-09-16,2.6217,2.6217,2.6217,2.6217
1994-09-19,2.5985,2.5985,2.5985,2.5985
1994-09-20,2.611,2.611,2.611,2.611
1994-09-21,2.6295,2.6295,2.6295,2.6295
1994-09-22,2.627,2.627,2.627,2.627
1994-09-23,2.6199,2.6199,2.6199,2.6199
1994-09-26,2.6111,2.6111,2.6111,2.6111
1994-09-27,2.6171,2.6171,2.6171,2.6171
1994-09-28,2.6216,2.6216,2.6216,2.6216
1994-09-29,2.6197,2.6197,2.6197,2.6197
1994-09-30,2.6191,2.6191,2.6191,2.6191
1994-10-03,2.6178,2.6178,2.6178,2.6178
1994-10-04,2.6194,2.6194,2.6194,2.6194
1994-10-05,2.632,2.632,2.632,2.632
1994-10-06,2.6264,2.6264,2.6264,2.6264
1994-10-07,2.6294,2.6294,2.6294,2.6294
1994-10-10,2.6161,2.6161,2.6161,2.6161
1994-10-11,2.6128,2.6128,2.6128,2.6128
1994-10-12,2.6129,2.6129,2.6129,2.6129
1994-10-13,2.6121,2.6121,2.6121,2.6121
1994-10-14,2.627,2.627,2.627,2.627
1994-10-17,2.6311,2.6311,2.6311,2.6311
1994-10-18,2.6409,2.6409,2.6409,2.6409
1994-10-19,2.646,2.646,2.646,2.646
1994-10-20,2.6414,2.6414,2.6414,2.6414
1994-10-21,2.6587,2.6587,2.6587,2.6587
1994-10-24,2.6571,2.6571,2.6571,2.6571
1994-10-25,2.6728,2.6728,2.6728,2.6728
1994-10-26,2.6608,2.6608,2.6608,2.6608
1994-10-27,2.6648,2.6648,2.6648,2.6648
1994-10-28,2.6379,2.6379,2.6379,2.6379
1994-10-31,2.6479,2.6479,2.6479,2.6479
1994-11-01,2.6568,2.6568,2.6568,2.6568
1994-11-02,2.6639,2.6639,2.6639,2.6639
1994-11-03,2.6341,2.6341,2.6341,2.6341
1994-11-04,2.6024,2.6024,2.6024,2.6024
1994-11-07,2.5992,2.5992,2.5992,2.5992
1994-11-08,2.6026,2.6026,2.6026,2.6026
1994-11-09,2.5754,2.5754,2.5754,2.5754
1994-11-10,2.5698,2.5698,2.5698,2.5698
1994-11-11,2.5757,2.5757,2.5757,2.5757
1994-11-14,2.5561,2.5561,2.5561,2.5561
1994-11-15,2.5512,2.5512,2.5512,2.5512
1994-11-16,2.5355,2.5355,2.5355,2.5355
1994-11-17,2.5305,2.5305,2.5305,2.5305
1994-11-18,2.5144,2.5144,2.5144,2.5144
1994-11-21,2.5189,2.5189,2.5189,2.5189
1994-11-22,2.5209,2.5209,2.5209,2.5209
1994-11-23,2.5259,2.5308,2.5215,2.5261
1994-11-24,2.517,2.517,2.517,2.517
1994-11-25,2.5231,2.5248,2.5168,2.5182
1994-11-28,2.5168,2.5168,2.5114,2.5136
1994-11-29,2.5153,2.5158,2.5068,2.5068
1994-11-30,2.4937,2.4937,2.4937,2.4937
1994-12-01,2.4878,2.4878,2.4878,2.4878
1994-12-02,2.4739,2.4739,2.4739,2.4739
1994-12-05,2.4734,2.4734,2.4734,2.4734
1994-12-06,2.4731,2.4731,2.4731,2.4731
1994-12-07,2.4633,2.4633,2.4633,2.4633
1994-12-08,2.47,2.47,2.47,2.47
1994-12-09,2.4578,2.4578,2.4578,2.4578
1994-12-12,2.4611,2.4611,2.4611,2.4611
1994-12-13,2.4521,2.4521,2.4521,2.4521
1994-12-14,2.4507,2.4507,2.4507,2.4507
1994-12-15,2.4338,2.4338,2.4338,2.4338
1994-12-16,2.4455,2.4455,2.4455,2.4455
1994-12-19,2.4375,2.4375,2.4375,2.4375
1994-12-20,2.4425,2.4425,2.4425,2.4425
1994-12-21,2.4428,2.4428,2.4428,2.4428
1994-12-22,2.4111,2.4111,2.4111,2.4111
1994-12-23,2.4051,2.4051,2.4051,2.4051
1994-12-28,2.4012,2.4012,2.4012,2.4012
1994-12-29,2.4272,2.4272,2.4272,2.4272
1994-12-30,2.4445,2.4445,2.4445,2.4445
1995-01-03,2.444,2.444,2.444,2.444
1995-01-04,2.4497,2.4497,2.4497,2.4497
1995-01-05,2.4468,2.4468,2.4468,2.4468
1995-01-06,2.4399,2.4399,2.4399,2.4399
1995-01-09,2.4407,2.4407,2.4407,2.4407
1995-01-10,2.4375,2.4375,2.4375,2.4375
1995-01-11,2.4352,2.4352,2.4352,2.4352
1995-01-12,2.4463,2.4463,2.4463,2.4463
1995-01-13,2.4578,2.4578,2.4578,2.4578
1995-01-16,2.4608,2.4608,2.4608,2.4608
1995-01-17,2.4491,2.4491,2.4491,2.4491
1995-01-18,2.4563,2.4563,2.4563,2.4563
1995-01-19,2.444,2.444,2.444,2.444
1995-01-20,2.4769,2.4769,2.4769,2.4769
1995-01-23,2.4779,2.4779,2.4779,2.4779
1995-01-24,2.4711,2.4711,2.4711,2.4711
1995-01-25,2.4667,2.4667,2.4667,2.4667
1995-01-26,2.484,2.484,2.484,2.484
1995-01-27,2.4863,2.4863,2.4863,2.4863
1995-01-30,2.491,2.491,2.491,2.491
1995-01-31,2.4816,2.4816,2.4816,2.4816
1995-02-01,2.4769,2.4769,2.4769,2.4769
1995-02-02,2.4688,2.4688,2.4688,2.4688
1995-02-03,2.4575,2.4575,2.4575,2.4575
1995-02-06,2.4664,2.4664,2.4664,2.4664
1995-02-07,2.4656,2.4656,2.4656,2.4656
1995-02-08,2.464,2.464,2.464,2.464
1995-02-09,2.4569,2.4569,2.4569,2.4569
1995-02-10,2.4605,2.4605,2.4605,2.4605
1995-02-13,2.4666,2.4666,2.4666,2.4666
1995-02-14,2.4633,2.4633,2.4633,2.4633
1995-02-15,2.4634,2.4634,2.4634,2.4634
1995-02-16,2.4853,2.4853,2.4853,2.4853
1995-02-17,2.5059,2.5163,2.505,2.5131
1995-02-20,2.5143,2.5143,2.5064,2.5068
1995-02-21,2.489,2.489,2.489,2.489
1995-02-22,2.504,2.5081,2.5025,2.5028
1995-02-23,2.5009,2.5085,2.5009,2.5085
1995-02-24,2.5101,2.5144,2.4998,2.5069
1995-02-27,2.4899,2.4899,2.4899,2.4899
1995-02-28,2.4952,2.4952,2.4952,2.4952
1995-03-01,2.4936,2.4936,2.4936,2.4936
1995-03-02,2.5067,2.51,2.5042,2.5061
1995-03-03,2.5442,2.5442,2.5442,2.5442
1995-03-06,2.5496,2.5496,2.5496,2.5496
1995-03-07,2.5081,2.5192,2.5081,2.5162
1995-03-08,2.5067,2.5067,2.5047,2.5047
1995-03-09,2.5019,2.5088,2.4943,2.4998
1995-03-10,2.444,2.444,2.444,2.444
1995-03-13,2.4425,2.4425,2.4425,2.4425
1995-03-14,2.4415,2.4415,2.4415,2.4415
1995-03-15,2.46,2.46,2.46,2.46
1995-03-16,2.4443,2.4443,2.4443,2.4443
1995-03-17,2.4418,2.4418,2.4418,2.4418
1995-03-20,2.4513,2.4513,2.4513,2.4513
1995-03-21,2.4461,2.4461,2.4461,2.4461
1995-03-22,2.4552,2.4552,2.4552,2.4552
1995-03-23,2.4626,2.4626,2.4626,2.4626
1995-03-24,2.4523,2.4523,2.4523,2.4523
1995-03-27,2.4637,2.4637,2.4637,2.4637
1995-03-28,2.4699,2.4699,2.4699,2.4699
1995-03-29,2.4758,2.4782,2.4728,2.4742
1995-03-30,2.4771,2.4832,2.4738,2.4785
1995-03-31,2.4756,2.4874,2.4743,2.482
1995-04-03,2.4668,2.4668,2.4668,2.4668
1995-04-04,2.4478,2.4478,2.4478,2.4478
1995-04-05,2.4436,2.4436,2.4436,2.4436
1995-04-06,2.4424,2.4424,2.4424,2.4424
1995-04-07,2.4216,2.4216,2.4216,2.4216
1995-04-10,2.3962,2.3962,2.3962,2.3962
1995-04-11,2.4088,2.4088,2.4088,2.4088
1995-04-12,2.3804,2.3804,2.3804,2.3804
1995-04-13,2.3795,2.3795,2.3795,2.3795
1995-04-18,2.4003,2.4003,2.4003,2.4003
1995-04-19,2.41,2.41,2.41,2.41
1995-04-20,2.4003,2.4003,2.4003,2.4003
1995-04-21,2.3932,2.3932,2.3932,2.3932
1995-04-24,2.391,2.391,2.391,2.391
1995-04-25,2.3911,2.3911,2.3911,2.3911
1995-04-26,2.4114,2.4114,2.4114,2.4114
1995-04-27,2.4013,2.4013,2.4013,2.4013
1995-04-28,2.3911,2.3911,2.3911,2.3911
1995-05-01,2.3936,2.3936,2.3936,2.3936
1995-05-02,2.3871,2.3871,2.3871,2.3871
1995-05-03,2.3888,2.3888,2.3888,2.3888
1995-05-04,2.3833,2.3833,2.3833,2.3833
1995-05-05,2.3689,2.3689,2.3689,2.3689
1995-05-09,2.3517,2.3517,2.3517,2.3517
1995-05-10,2.3536,2.3536,2.3536,2.3536
1995-05-11,2.3423,2.3423,2.3423,2.3423
1995-05-12,2.3764,2.3764,2.3764,2.3764
1995-05-15,2.3571,2.3571,2.3571,2.3571
1995-05-16,2.3673,2.3673,2.3673,2.3673
1995-05-17,2.3516,2.3516,2.3516,2.3516
1995-05-18,2.3618,2.3618,2.3618,2.3618
1995-05-19,2.3979,2.3979,2.3979,2.3979
1995-05-22,2.3807,2.3807,2.3807,2.3807
1995-05-23,2.3774,2.3774,2.3774,2.3774
1995-05-24,2.3874,2.3874,2.3874,2.3874
1995-05-25,2.4149,2.4149,2.4149,2.4149
1995-05-26,2.4057,2.4057,2.4057,2.4057
1995-05-30,2.3993,2.3993,2.3993,2.3993
1995-05-31,2.3934,2.3934,2.3934,2.3934
1995-06-01,2.4054,2.4054,2.4054,2.4054
1995-06-02,2.3765,2.3765,2.3765,2.3765
1995-06-05,2.3834,2.3834,2.3834,2.3834
1995-06-06,2.3659,2.3659,2.3659,2.3659
1995-06-07,2.3686,2.3686,2.3686,2.3686
1995-06-08,2.3679,2.3679,2.3679,2.3679
1995-06-09,2.395,2.395,2.395,2.395
1995-06-12,2.3906,2.3906,2.3906,2.3906
1995-06-13,2.3807,2.3807,2.3807,2.3807
1995-06-14,2.3962,2.3962,2.3962,2.3962
1995-06-15,2.3837,2.3837,2.3837,2.3837
1995-06-16,2.3999,2.3999,2.3999,2.3999
1995-06-19,2.3777,2.3777,2.3777,2.3777
1995-06-20,2.3854,2.3854,2.3854,2.3854
1995-06-21,2.3845,2.3845,2.3845,2.3845
1995-06-22,2.3956,2.3956,2.3956,2.3956
1995-06-23,2.393,2.393,2.393,2.393
1995-06-26,2.3566,2.3566,2.3566,2.3566
1995-06-27,2.3577,2.3598,2.3577,2.3598
1995-06-28,2.3611,2.3659,2.3525,2.3635
1995-06-29,2.3625,2.3673,2.3625,2.3664
1995-06-30,2.3804,2.3804,2.3804,2.3804
1995-07-03,2.384,2.384,2.384,2.384
1995-07-04,2.3693,2.3766,2.3689,2.3766
1995-07-05,2.3765,2.3792,2.3732,2.376
1995-07-06,2.3732,2.3765,2.3711,2.3726
1995-07-07,2.3506,2.3506,2.3506,2.3506
1995-07-10,2.3707,2.3725,2.3707,2.3725
1995-07-11,2.3509,2.3509,2.3509,2.3509
1995-07-12,2.3649,2.3649,2.3649,2.3649
1995-07-13,2.3726,2.3752,2.3664,2.3672
1995-07-14,2.3646,2.3646,2.3504,2.3575
1995-07-17,2.3571,2.3636,2.3571,2.3627
1995-07-18,2.3648,2.3688,2.363,2.363
1995-07-19,2.3657,2.3688,2.3626,2.3669
1995-07-20,2.3639,2.365,2.3593,2.3599
1995-07-21,2.3627,2.3654,2.3599,2.3616
1995-07-24,2.361,2.3658,2.3607,2.3627
1995-07-25,2.3617,2.3655,2.3515,2.3517
1995-07-26,2.3654,2.3654,2.3654,2.3654
1995-07-27,2.381,2.381,2.381,2.381
1995-07-28,2.3864,2.3864,2.3864,2.3864
1995-07-31,2.3764,2.3764,2.3764,2.3764
1995-08-01,2.3617,2.3655,2.3515,2.3517
1995-08-02,2.3829,2.3829,2.3829,2.3829
1995-08-03,2.3931,2.3931,2.3931,2.3931
1995-08-04,2.4025,2.4025,2.4025,2.4025
1995-08-07,2.3962,2.3962,2.3962,2.3962
1995-08-08,2.4051,2.4051,2.4051,2.4051
1995-08-09,2.4173,2.4173,2.4173,2.4173
1995-08-10,2.4183,2.4183,2.4183,2.4183
1995-08-11,2.384,2.384,2.384,2.384
1995-08-14,2.3752,2.3752,2.3752,2.3752
1995-08-15,2.3651,2.3651,2.3651,2.3651
1995-08-16,2.3866,2.3866,2.3866,2.3866
1995-08-17,2.3816,2.3816,2.3816,2.3816
1995-08-18,2.3824,2.3824,2.3824,2.3824
1995-08-21,2.3671,2.3671,2.3671,2.3671
1995-08-22,2.3701,2.3701,2.3701,2.3701
1995-08-23,2.3822,2.3822,2.3822,2.3822
1995-08-24,2.3936,2.3936,2.3936,2.3936
1995-08-25,2.3728,2.3728,2.3728,2.3728
1995-08-29,2.3706,2.3706,2.3706,2.3706
1995-08-30,2.375,2.375,2.375,2.375
1995-08-31,2.3834,2.3834,2.3834,2.3834
1995-09-01,2.3758,2.3758,2.3758,2.3758
1995-09-04,2.3789,2.3789,2.3789,2.3789
1995-09-05,2.3854,2.3854,2.3854,2.3854
1995-09-06,2.3773,2.3773,2.3773,2.3773
1995-09-07,2.3828,2.3837,2.3744,2.3787
1995-09-08,2.3791,2.3804,2.371,2.3804
1995-09-11,2.3833,2.3848,2.3738,2.377
1995-09-12,2.3755,2.381,2.3733,2.3783
1995-09-13,2.3606,2.3606,2.3606,2.3606
1995-09-14,2.3536,2.3536,2.3536,2.3536
1995-09-15,2.3584,2.3584,2.3584,2.3584
1995-09-18,2.3556,2.3556,2.3556,2.3556
1995-09-19,2.3467,2.3467,2.3467,2.3467
1995-09-20,2.3472,2.3472,2.3472,2.3472
1995-09-21,2.3774,2.3774,2.3774,2.3774
1995-09-22,2.3766,2.3847,2.3766,2.3817
1995-09-25,2.3791,2.3886,2.3758,2.3838
1995-09-26,2.3852,2.3886,2.3777,2.3885
1995-09-27,2.387,2.4044,2.3832,2.4019
1995-09-28,2.4142,2.4142,2.4142,2.4142
1995-09-29,2.4036,2.4058,2.3956,2.4033
1995-10-02,2.4003,2.4143,2.3991,2.4097
1995-10-03,2.4125,2.4129,2.4052,2.4084
1995-10-04,2.407,2.4113,2.3999,2.4048
1995-10-05,2.4029,2.4063,2.395,2.3981
1995-10-06,2.3974,2.3992,2.3886,2.3918
1995-10-09,2.3916,2.3938,2.3871,2.3901
1995-10-10,2.3909,2.3951,2.3846,2.3924
1995-10-11,2.3835,2.3835,2.3835,2.3835
1995-10-12,2.3749,2.3749,2.3749,2.3749
1995-10-13,2.3759,2.3759,2.3759,2.3759
1995-10-16,2.3894,2.393,2.384,2.384
1995-10-17,2.3911,2.3911,2.3911,2.3911
1995-10-18,2.387,2.3887,2.3843,2.3876
1995-10-19,2.386,2.3906,2.3846,2.3901
1995-10-20,2.3871,2.3882,2.3784,2.3843
1995-10-23,2.3855,2.3959,2.3843,2.3897
1995-10-24,2.3991,2.3991,2.3991,2.3991
1995-10-25,2.4085,2.4085,2.4085,2.4085
1995-10-26,2.3922,2.4004,2.3922,2.3993
1995-10-27,2.399,2.4011,2.3955,2.3973
1995-10-30,2.3876,2.3876,2.3876,2.3876
1995-10-31,2.3956,2.3976,2.3953,2.3958
1995-11-01,2.4085,2.4085,2.4085,2.4085
1995-11-02,2.407,2.407,2.407,2.407
1995-11-03,2.4144,2.4144,2.4144,2.4144
1995-11-06,2.409,2.409,2.409,2.409
1995-11-07,2.4143,2.4143,2.4143,2.4143
1995-11-08,2.4166,2.4166,2.4166,2.4166
1995-11-09,2.4239,2.4239,2.4239,2.4239
1995-11-10,2.4138,2.4138,2.4138,2.4138
1995-11-13,2.3986,2.3986,2.3907,2.3911
1995-11-14,2.3882,2.3918,2.3882,2.3918
1995-11-15,2.3933,2.3933,2.3908,2.3908
1995-11-16,2.402,2.402,2.402,2.402
1995-11-17,2.3933,2.3969,2.3907,2.3969
1995-11-20,2.3766,2.3766,2.3766,2.3766
1995-11-21,2.3853,2.3853,2.3853,2.3853
1995-11-22,2.3939,2.3965,2.3923,2.3965
1995-11-23,2.3942,2.4017,2.3942,2.3967
1995-11-24,2.397,2.4011,2.3965,2.3979
1995-11-27,2.3953,2.3963,2.3804,2.3804
1995-11-28,2.3801,2.3801,2.3799,2.3799
1995-11-29,2.3423,2.3423,2.3423,2.3423
1995-11-30,2.3415,2.3415,2.3415,2.3415
1995-12-01,2.3583,2.3583,2.3583,2.3583
1995-12-04,2.3658,2.3658,2.3658,2.3658
1995-12-05,2.3771,2.3791,2.3765,2.3791
1995-12-06,2.3813,2.3843,2.3764,2.3823
1995-12-07,2.3833,2.3833,2.3732,2.3768
1995-12-08,2.3738,2.3746,2.368,2.3725
1995-12-11,2.3744,2.3784,2.3714,2.375
1995-12-12,2.3765,2.3792,2.37,2.3744
1995-12-13,2.3714,2.3781,2.369,2.3695
1995-12-14,2.3694,2.3702,2.3654,2.3691
1995-12-15,2.3665,2.3668,2.3575,2.3613
1995-12-18,2.3631,2.3655,2.3628,2.3643
1995-12-19,2.3624,2.368,2.3571,2.3661
1995-12-20,2.3632,2.3672,2.3574,2.3626
1995-12-21,2.3605,2.3621,2.3561,2.3594
1995-12-22,2.3608,2.3668,2.3583,2.3659
1995-12-27,2.3845,2.3845,2.3845,2.3845
1995-12-28,2.3666,2.3666,2.363,2.363
1995-12-29,2.3658,2.377,2.3616,2.372
1996-01-02,2.3738,2.3804,2.3738,2.3796
1996-01-03,2.3767,2.3767,2.3666,2.3718
1996-01-04,2.3689,2.3722,2.3624,2.3629
1996-01-05,2.3656,2.3683,2.3601,2.3643
1996-01-08,2.3509,2.3509,2.3509,2.3509
1996-01-09,2.3473,2.3473,2.3473,2.3473
1996-01-10,2.3473,2.3473,2.3473,2.3473
1996-01-11,2.3498,2.3498,2.3498,2.3498
1996-01-12,2.3379,2.3379,2.3379,2.3379
1996-01-15,2.3356,2.3356,2.3356,2.3356
1996-01-16,2.3216,2.3216,2.3216,2.3216
1996-01-17,2.3076,2.3076,2.3076,2.3076
1996-01-18,2.2996,2.2996,2.2996,2.2996
1996-01-19,2.2718,2.2718,2.2718,2.2718
1996-01-22,2.2781,2.2781,2.2781,2.2781
1996-01-23,2.2867,2.2867,2.2867,2.2867
1996-01-24,2.2725,2.2725,2.2725,2.2725
1996-01-25,2.2694,2.2694,2.2694,2.2694
1996-01-26,2.2561,2.2561,2.2561,2.2561
1996-01-29,2.2567,2.2567,2.2567,2.2567
1996-01-30,2.2491,2.2491,2.2491,2.2491
1996-01-31,2.2462,2.2462,2.2462,2.2462
1996-02-01,2.2381,2.2381,2.2381,2.2381
1996-02-02,2.2447,2.2447,2.2447,2.2447
1996-02-05,2.263,2.263,2.263,2.263
1996-02-06,2.2778,2.2778,2.2778,2.2778
1996-02-07,2.2813,2.2813,2.2813,2.2813
1996-02-08,2.2791,2.2791,2.2791,2.2791
1996-02-09,2.2683,2.2683,2.2683,2.2683
1996-02-12,2.2725,2.2725,2.2725,2.2725
1996-02-13,2.2779,2.2779,2.2779,2.2779
1996-02-14,2.2789,2.2789,2.2789,2.2789
1996-02-15,2.2758,2.2758,2.2758,2.2758
1996-02-16,2.2837,2.2837,2.2837,2.2837
1996-02-19,2.2704,2.2704,2.2704,2.2704
1996-02-20,2.279,2.279,2.279,2.279
1996-02-21,2.2839,2.2839,2.2839,2.2839
1996-02-22,2.287,2.287,2.287,2.287
1996-02-23,2.2772,2.2772,2.2772,2.2772
1996-02-26,2.2744,2.2744,2.2744,2.2744
1996-02-27,2.2843,2.2843,2.2843,2.2843
1996-02-28,2.2905,2.2905,2.2905,2.2905
1996-02-29,2.2742,2.2742,2.2742,2.2742
1996-03-01,2.2674,2.2674,2.2674,2.2674
1996-03-04,2.2691,2.2691,2.2691,2.2691
1996-03-05,2.2625,2.2625,2.2625,2.2625
1996-03-06,2.2648,2.2648,2.2648,2.2648
1996-03-07,2.2727,2.2727,2.2727,2.2727
1996-03-08,2.258,2.258,2.258,2.258
1996-03-11,2.2438,2.2438,2.2438,2.2438
1996-03-12,2.2226,2.2226,2.2226,2.2226
1996-03-13,2.2299,2.2299,2.2299,2.2299
1996-03-14,2.2088,2.2088,2.2088,2.2088
1996-03-15,2.2283,2.2283,2.2283,2.2283
1996-03-18,2.2449,2.2449,2.2449,2.2449
1996-03-19,2.2458,2.2458,2.2458,2.2458
1996-03-20,2.2398,2.2398,2.2398,2.2398
1996-03-21,2.2363,2.2363,2.2363,2.2363
1996-03-22,2.2334,2.2334,2.2334,2.2334
1996-03-25,2.2177,2.2177,2.2177,2.2177
1996-03-26,2.2261,2.2261,2.2261,2.2261
1996-03-27,2.2217,2.2217,2.2217,2.2217
1996-03-28,2.2475,2.2475,2.2475,2.2475
1996-03-29,2.2408,2.2408,2.2408,2.2408
1996-04-01,2.2218,2.2218,2.2218,2.2218
1996-04-02,2.2264,2.2264,2.2264,2.2264
1996-04-03,2.24,2.24,2.24,2.24
1996-04-04,2.2411,2.2411,2.2411,2.2411
1996-04-09,2.233,2.233,2.233,2.233
1996-04-10,2.2247,2.2247,2.2247,2.2247
1996-04-11,2.2366,2.2366,2.2366,2.2366
1996-04-12,2.2325,2.2325,2.2325,2.2325
1996-04-15,2.2224,2.2224,2.2224,2.2224
1996-04-16,2.2179,2.2179,2.2179,2.2179
1996-04-17,2.2132,2.2132,2.2132,2.2132
1996-04-18,2.2011,2.2011,2.2011,2.2011
1996-04-19,2.2108,2.2108,2.2108,2.2108
1996-04-22,2.2048,2.2048,2.2048,2.2048
1996-04-23,2.2179,2.2179,2.2179,2.2179
1996-04-24,2.2208,2.2208,2.2208,2.2208
1996-04-25,2.2144,2.2144,2.2144,2.2144
1996-04-26,2.2056,2.2056,2.2056,2.2056
1996-04-29,2.1973,2.1973,2.1973,2.1973
1996-04-30,2.184,2.184,2.184,2.184
1996-05-01,2.183,2.183,2.183,2.183
1996-05-02,2.1766,2.1766,2.1766,2.1766
1996-05-03,2.1888,2.1888,2.1888,2.1888
1996-05-07,2.193,2.193,2.193,2.193
1996-05-08,2.2019,2.2019,2.2019,2.2019
1996-05-09,2.2127,2.2127,2.2127,2.2127
1996-05-10,2.2021,2.2021,2.2021,2.2021
1996-05-13,2.2021,2.2021,2.2021,2.2021
1996-05-14,2.2004,2.2004,2.2004,2.2004
1996-05-15,2.1999,2.1999,2.1999,2.1999
1996-05-16,2.1998,2.1998,2.1998,2.1998
1996-05-17,2.209,2.209,2.209,2.209
1996-05-20,2.2154,2.2154,2.2154,2.2154
1996-05-21,2.2173,2.2173,2.2173,2.2173
1996-05-22,2.2113,2.2113,2.2113,2.2113
1996-05-23,2.2116,2.2116,2.2116,2.2116
1996-05-24,2.2109,2.2109,2.2109,2.2109
1996-05-28,2.2069,2.2069,2.2069,2.2069
1996-05-29,2.2145,2.2145,2.2145,2.2145
1996-05-30,2.2453,2.2453,2.2453,2.2453
1996-05-31,2.2806,2.2806,2.2806,2.2806
1996-06-03,2.2754,2.2754,2.2754,2.2754
1996-06-04,2.281,2.281,2.281,2.281
1996-06-05,2.2883,2.2883,2.2883,2.2883
1996-06-06,2.3058,2.3058,2.3058,2.3058
1996-06-07,2.3033,2.3033,2.3033,2.3033
1996-06-10,2.2753,2.2753,2.2753,2.2753
1996-06-11,2.2794,2.2794,2.2794,2.2794
1996-06-12,2.2772,2.2772,2.2772,2.2772
1996-06-13,2.2719,2.2719,2.2719,2.2719
1996-06-14,2.2814,2.2814,2.2814,2.2814
1996-06-17,2.289,2.289,2.289,2.289
1996-06-18,2.2854,2.2854,2.2854,2.2854
1996-06-19,2.2857,2.2857,2.2857,2.2857
1996-06-20,2.2727,2.2727,2.2727,2.2727
1996-06-21,2.2692,2.2692,2.2692,2.2692
1996-06-24,2.2741,2.2741,2.2741,2.2741
1996-06-25,2.2682,2.2682,2.2682,2.2682
1996-06-26,2.2619,2.2619,2.2619,2.2619
1996-06-27,2.2666,2.2666,2.2666,2.2666
1996-06-28,2.2678,2.2678,2.2678,2.2678
1996-07-01,2.2708,2.2708,2.2708,2.2708
1996-07-02,2.2718,2.2718,2.2718,2.2718
1996-07-03,2.2836,2.2836,2.2836,2.2836
1996-07-04,2.2746,2.2746,2.2746,2.2746
1996-07-05,2.2665,2.2665,2.2665,2.2665
1996-07-08,2.2557,2.2557,2.2557,2.2557
1996-07-09,2.2557,2.2557,2.2557,2.2557
1996-07-10,2.2508,2.2576,2.2494,2.2536
1996-07-11,2.2517,2.2642,2.2505,2.2622
1996-07-12,2.265,2.2672,2.2555,2.2584
1996-07-15,2.2611,2.2665,2.2608,2.2642
1996-07-16,2.2637,2.2696,2.2583,2.265
1996-07-17,2.2643,2.2646,2.2425,2.2428
1996-07-18,2.2417,2.25,2.2409,2.2455
1996-07-19,2.2319,2.2319,2.2319,2.2319
1996-07-22,2.229,2.229,2.229,2.229
1996-07-23,2.2431,2.246,2.2353,2.2374
1996-07-24,2.2346,2.2409,2.2308,2.2361
1996-07-25,2.2346,2.2456,2.2334,2.2386
1996-07-26,2.2374,2.2374,2.2285,2.2317
1996-07-29,2.2421,2.2421,2.2421,2.2421
1996-07-30,2.2405,2.2405,2.2405,2.2405
1996-07-31,2.2554,2.2554,2.2554,2.2554
1996-08-01,2.28,2.28,2.28,2.28
1996-08-02,2.2574,2.2574,2.2574,2.2574
1996-08-05,2.2592,2.2592,2.2592,2.2592
1996-08-06,2.234,2.2343,2.2322,2.2337
1996-08-07,2.2445,2.2445,2.2445,2.2445
1996-08-08,2.2362,2.2362,2.2362,2.2362
1996-08-09,2.2513,2.2513,2.2513,2.2513
1996-08-12,2.2605,2.2605,2.2605,2.2605
1996-08-13,2.2649,2.2649,2.2649,2.2649
1996-08-14,2.2597,2.2597,2.2597,2.2597
1996-08-15,2.2551,2.2551,2.2551,2.2551
1996-08-16,2.246,2.246,2.246,2.246
1996-08-19,2.2389,2.2425,2.2347,2.238
1996-08-20,2.2378,2.247,2.2371,2.2452
1996-08-21,2.2482,2.2508,2.2392,2.2399
1996-08-22,2.2427,2.2456,2.2366,2.2416
1996-08-23,2.2422,2.2474,2.2399,2.2473
1996-08-27,2.2471,2.2506,2.2408,2.2459
1996-08-28,2.2431,2.2531,2.2424,2.2508
1996-08-29,2.2494,2.2512,2.2443,2.2466
1996-08-30,2.2494,2.2631,2.2494,2.2602
1996-09-02,2.2631,2.2649,2.2602,2.2602
1996-09-03,2.2575,2.2726,2.257,2.2714
1996-09-12,2.2335,2.2381,2.2321,2.2372
1996-09-13,2.2376,2.2384,2.2272,2.2384
1996-09-16,2.2356,2.2436,2.23,2.2396
1996-09-17,2.2384,2.2404,2.2358,2.2387
1996-09-25,2.2414,2.2414,2.2328,2.2351
1996-09-26,2.2321,2.2337,2.2294,2.2297
1996-09-27,2.2326,2.2375,2.2297,2.2344
1996-09-30,2.2322,2.2411,2.2301,2.2359
1996-10-01,2.2369,2.238,2.2314,2.2378
1996-10-02,2.2358,2.2453,2.2329,2.2379
1996-10-03,2.2381,2.2413,2.2348,2.2394
1996-10-04,2.2405,2.2405,2.2313,2.2354
1996-10-21,2.233,2.2386,2.2258,2.231
1996-10-22,2.2337,2.2542,2.2337,2.2427
1996-10-23,2.2538,2.2578,2.2441,2.2507
1996-10-24,2.2506,2.2755,2.2477,2.2683
1996-10-25,2.2634,2.2872,2.2628,2.2832
1996-10-28,2.2786,2.2877,2.2782,2.2841
1996-10-29,2.2855,2.2896,2.2732,2.2808
1996-10-30,2.2845,2.3024,2.2842,2.2977
1996-10-31,2.3019,2.3084,2.2974,2.2995
1996-11-01,2.3033,2.3191,2.3029,2.3099
1996-11-04,2.3145,2.3151,2.3053,2.3093
1996-11-06,2.3132,2.318,2.3003,2.306
1996-11-13,2.3102,2.3336,2.3082,2.3295
1996-11-14,2.3343,2.3411,2.3336,2.3376
1996-11-15,2.3418,2.3564,2.34,2.3564
1996-11-18,2.3515,2.3596,2.3503,2.3539
1996-11-19,2.3503,2.3581,2.3472,2.3553
1996-11-20,2.3541,2.367,2.3541,2.3657
1996-11-21,2.3607,2.3736,2.3564,2.3636
1996-11-22,2.3607,2.3736,2.3564,2.3636
1996-11-25,2.3607,2.3736,2.3564,2.3636
1996-11-26,2.3471,2.3612,2.3452,2.3572
1996-11-27,2.362,2.3752,2.3606,2.3727
1996-11-28,2.3683,2.3719,2.3601,2.37
1996-11-29,2.3651,2.3749,2.3572,2.3617
1996-12-02,2.3603,2.3689,2.3574,2.3628
1996-12-03,2.359,2.359,2.3184,2.3301
1996-12-04,2.3254,2.3306,2.3005,2.3057
1996-12-05,2.3078,2.3122,2.2827,2.3026
1997-01-20,2.3508,2.3613,2.3421,2.3547
1997-01-21,2.3611,2.3673,2.3543,2.3634
1997-01-22,2.3586,2.3687,2.3398,2.3407
1997-01-23,2.341,2.3468,2.3301,2.333
1997-01-24,2.3509,2.3548,2.3388,2.3476
1997-01-27,2.3483,2.3562,2.3425,2.3478
1997-01-28,2.337,2.3584,2.3282,2.3497
1997-01-29,2.3463,2.362,2.3392,2.354
1997-01-30,2.3491,2.3565,2.3294,2.3338
1997-01-31,2.3373,2.339,2.3166,2.3263
1997-02-03,2.3243,2.3445,2.3203,2.3425
1997-02-04,2.3592,2.3642,2.3471,2.3491
1997-02-05,2.3507,2.3759,2.3424,2.3737
1997-02-06,2.3844,2.3858,2.3658,2.3781
1997-02-07,2.3801,2.3937,2.3662,2.3776
1997-02-10,2.3864,2.3979,2.3785,2.3953
1997-02-11,2.3844,2.3918,2.3709,2.3852
1997-02-12,2.3917,2.3972,2.3713,2.3788
1997-02-13,2.3531,2.3645,2.329,2.3367
1997-02-14,2.3367,2.3435,2.331,2.3345
1997-02-17,2.3338,2.3447,2.3263,2.3318
1997-02-18,2.3345,2.3393,2.3175,2.3272
1997-02-19,2.325,2.3558,2.3246,2.3417
1997-02-20,2.3417,2.3417,2.3139,2.3216
1997-02-21,2.3202,2.333,2.3182,2.3288
1997-02-24,2.323,2.3455,2.323,2.3414
1997-02-25,2.3439,2.3515,2.3378,2.3433
1997-02-26,2.3433,2.3632,2.3433,2.3632
1997-02-27,2.35,2.3694,2.337,2.349
1997-02-28,2.3641,2.3701,2.3412,2.3458
1997-03-03,2.3572,2.3572,2.2984,2.3128
1997-03-04,2.3051,2.3071,2.29,2.2914
1997-03-05,2.3005,2.3023,2.2887,2.2952
1997-03-06,2.3007,2.3111,2.2927,2.2927
1997-03-07,2.2929,2.2934,2.2686,2.2746
1997-03-10,2.2866,2.2884,2.2705,2.2864
1997-03-11,2.2766,2.283,2.2742,2.2784
1997-03-12,2.2771,2.2781,2.2518,2.2702
1997-03-13,2.2848,2.2971,2.2836,2.2848
1997-03-14,2.2793,2.2996,2.2641,2.2981
1997-03-17,2.2954,2.3,2.2817,2.2851
1997-03-18,2.2895,2.2964,2.2845,2.2901
1997-03-19,2.3033,2.3178,2.2984,2.3148
1997-03-20,2.3062,2.3118,2.2955,2.3055
1997-03-21,2.3045,2.3187,2.2983,2.312
1997-03-24,2.3076,2.3252,2.3019,2.3187
1997-03-25,2.3254,2.3308,2.3177,2.3272
1997-03-26,2.3266,2.3494,2.3266,2.3474
1997-03-27,2.3472,2.3502,2.3343,2.3487
1997-04-01,2.3588,2.3731,2.3551,2.3728
1997-04-02,2.3648,2.3648,2.3533,2.3615
1997-04-03,2.3741,2.3757,2.3626,2.3757
1997-04-04,2.3666,2.3766,2.3572,2.3725
1997-04-07,2.3639,2.365,2.3525,2.3586
1997-04-08,2.3637,2.3645,2.3536,2.3593
1997-04-09,2.3438,2.3497,2.3358,2.3368
1997-04-10,2.3458,2.3542,2.3391,2.3452
1997-04-11,2.34,2.3433,2.3306,2.3409
1997-04-14,2.3465,2.3505,2.3414,2.3444
1997-04-15,2.3531,2.375,2.3531,2.3697
1997-04-16,2.3697,2.371,2.3582,2.3669
1997-04-17,2.3614,2.3692,2.3568,2.3655
1997-04-18,2.3649,2.366,2.3566,2.3603
1997-04-21,2.3658,2.367,2.3523,2.3588
1997-04-22,2.3564,2.3639,2.3558,2.3563
1997-04-23,2.3562,2.3611,2.3384,2.3422
1997-04-24,2.3528,2.3549,2.3374,2.3499
1997-04-25,2.35,2.35,2.3362,2.3406
1997-04-28,2.3399,2.3405,2.3312,2.3378
1997-04-29,2.3432,2.3521,2.3361,2.3485
1997-04-30,2.3518,2.3525,2.3342,2.3425
1997-05-01,2.3426,2.3594,2.3426,2.3583
1997-05-02,2.3481,2.3534,2.3189,2.347
1997-05-05,2.3501,2.3548,2.3477,2.3507
1997-05-06,2.3607,2.3889,2.354,2.3802
1997-05-07,2.3902,2.3988,2.3623,2.3679
1997-05-08,2.3635,2.3881,2.3557,2.362
1997-05-09,2.3635,2.3705,2.3504,2.3567
1997-05-12,2.3338,2.3375,2.3187,2.331
1997-05-13,2.3328,2.3526,2.3226,2.3506
1997-05-14,2.3478,2.3624,2.3423,2.3603
1997-05-15,2.3607,2.368,2.3484,2.3603
1997-05-16,2.358,2.3688,2.35,2.3629
1997-05-19,2.3687,2.3772,2.366,2.3684
1997-05-20,2.3655,2.3835,2.3655,2.3723
1997-05-21,2.3804,2.3903,2.3609,2.361
1997-05-22,2.3696,2.3754,2.3412,2.3456
1997-05-23,2.3414,2.3674,2.3414,2.365
1997-05-26,2.3708,2.3708,2.3647,2.3691
1997-05-27,2.3688,2.3711,2.3552,2.3623
1997-05-28,2.365,2.3801,2.3626,2.3731
1997-05-29,2.3715,2.3778,2.3657,2.375
1997-05-30,2.3804,2.3851,2.37,2.3791
1997-06-02,2.379,2.3858,2.3665,2.3746
1997-06-03,2.3734,2.3817,2.3679,2.3739
1997-06-04,2.3719,2.3745,2.357,2.3658
1997-06-05,2.378,2.3819,2.3713,2.3789
1997-06-06,2.375,2.378,2.3499,2.3672
1997-06-09,2.3643,2.3745,2.3614,2.3696
1997-06-10,2.37,2.3737,2.3664,2.3698
1997-06-11,2.3706,2.3777,2.36,2.3689
1997-06-12,2.3731,2.3763,2.3647,2.3699
1997-06-13,2.3635,2.3772,2.359,2.372
1997-06-16,2.3753,2.377,2.3653,2.3711
1997-06-17,2.3753,2.379,2.3753,2.377
1997-06-18,2.381,2.3826,2.3716,2.3786
1997-06-19,2.382,2.4023,2.3744,2.4003
1997-06-20,2.4006,2.4205,2.3983,2.415
1997-06-23,2.4214,2.4468,2.4183,2.4447
1997-06-24,2.4342,2.4429,2.4293,2.4309
1997-06-25,2.4338,2.4368,2.4218,2.4253
1997-06-26,2.4244,2.4324,2.4213,2.4237
1997-06-27,2.4436,2.4599,2.438,2.4504
1997-06-30,2.4523,2.4627,2.4424,2.4445
1997-07-01,2.4466,2.4566,2.437,2.4446
1997-07-02,2.4371,2.4717,2.4277,2.4692
1997-07-03,2.4751,2.4983,2.4738,2.4968
1997-07-04,2.4913,2.4953,2.4853,2.4871
1997-07-07,2.5005,2.5057,2.4888,2.5037
1997-07-08,2.4965,2.5125,2.4902,2.4926
1997-07-09,2.4977,2.5122,2.4977,2.505
1997-07-10,2.5093,2.522,2.506,2.5087
1997-07-11,2.5187,2.5369,2.5162,2.5267
1997-07-14,2.5316,2.5417,2.5252,2.5317
1997-07-15,2.537,2.544,2.5132,2.5286
1997-07-16,2.5286,2.5504,2.5286,2.5413
1997-07-17,2.5401,2.5573,2.5216,2.5518
1997-07-18,2.5734,2.5868,2.5592,2.5689
1997-07-21,2.57,2.5713,2.5577,2.5675
1997-07-22,2.5783,2.5966,2.5739,2.5879
1997-07-23,2.5856,2.5973,2.5746,2.5889
1997-07-24,2.5683,2.5727,2.5466,2.5605
1997-07-25,2.5575,2.5575,2.5384,2.5424
1997-07-28,2.573,2.5808,2.5335,2.5413
1997-07-29,2.5228,2.5302,2.5034,2.5059
1997-07-30,2.5065,2.5142,2.4904,2.5102
1997-07-31,2.5249,2.543,2.5242,2.5334
1997-08-01,2.5423,2.5472,2.536,2.5385
1997-08-04,2.5314,2.5383,2.524,2.5266
1997-08-05,2.5272,2.5287,2.512,2.5235
1997-08-06,2.5286,2.529,2.4829,2.5021
1997-08-07,2.5032,2.5192,2.4692,2.4832
1997-08-08,2.4987,2.5061,2.4639,2.4825
1997-08-11,2.4731,2.4797,2.4668,2.4787
1997-08-12,2.4881,2.4881,2.4622,2.4674
1997-08-13,2.4646,2.4798,2.4526,2.4658
1997-08-14,2.4673,2.4783,2.46,2.4772
1997-08-15,2.4834,2.5181,2.4777,2.5069
1997-08-18,2.5048,2.5048,2.5048,2.5048
1997-08-19,2.5124,2.522,2.4854,2.4956
1997-08-20,2.4978,2.505,2.4835,2.4859
1997-08-21,2.486,2.5056,2.4746,2.4834
1997-08-22,2.4774,2.4992,2.4657,2.4924
1997-08-25,2.4894,2.4918,2.4716,2.4849
1997-08-26,2.4846,2.5164,2.4733,2.4916
1997-08-27,2.487,2.5131,2.4792,2.5054
1997-08-28,2.5013,2.5195,2.4915,2.5182
1997-08-29,2.5153,2.5432,2.5107,2.5383
1997-09-01,2.5376,2.5473,2.5277,2.5364
1997-09-02,2.5376,2.5496,2.5057,2.5146
1997-09-03,2.5094,2.5156,2.4958,2.5024
1997-09-04,2.4844,2.4968,2.4792,2.4849
1997-09-05,2.4956,2.5101,2.4833,2.4966
1997-09-08,2.5002,2.5053,2.4691,2.4828
1997-09-09,2.4871,2.501,2.4856,2.4981
1997-09-10,2.5036,2.5036,2.4911,2.4943
1997-09-11,2.5154,2.5315,2.5028,2.5261
1997-09-12,2.518,2.5385,2.518,2.5328
1997-09-15,2.5216,2.5266,2.5106,2.5218
1997-09-16,2.5262,2.5278,2.5042,2.519
1997-09-17,2.5142,2.5272,2.5021,2.5158
1997-09-22,2.5287,2.5333,2.5171,2.519
1997-09-23,2.5285,2.5376,2.5245,2.536
1997-09-24,2.5327,2.5358,2.5192,2.5252
1997-09-25,2.5175,2.5409,2.5125,2.5356
1997-09-26,2.5204,2.5241,2.4946,2.5113
1997-09-29,2.5195,2.5384,2.5178,2.5277
1997-09-30,2.5233,2.5325,2.515,2.5185
1997-10-01,2.5222,2.5247,2.5029,2.513
1997-10-02,2.5138,2.5184,2.5069,2.5126
1997-10-03,2.513,2.5216,2.4969,2.5191
1997-10-06,2.5422,2.5488,2.5312,2.5335
1997-10-07,2.538,2.5521,2.5235,2.5357
1997-10-08,2.5316,2.5366,2.5218,2.5286
1997-10-09,2.5134,2.53,2.5067,2.5209
1997-10-10,2.5211,2.5213,2.5089,2.5089
1997-10-13,2.509,2.5127,2.5065,2.5099
1997-10-14,2.5017,2.5114,2.4911,2.5105
1997-10-15,2.5125,2.5216,2.508,2.5157
1997-10-16,2.5157,2.5173,2.5051,2.5067
1997-10-17,2.5133,2.522,2.5072,2.5108
1997-10-20,2.5439,2.5476,2.5342,2.5432
1997-10-21,2.546,2.5711,2.546,2.5562
1997-10-22,2.6024,2.6145,2.5925,2.6096
1997-10-23,2.6097,2.6231,2.6024,2.6206
1997-10-24,2.6097,2.6182,2.6061,2.6152
1997-10-27,2.6506,2.6656,2.6467,2.6656
1997-10-28,2.7029,2.7164,2.666,2.6671
1997-10-29,2.6657,2.6838,2.6534,2.6826
1997-10-30,2.681,2.6907,2.6608,2.6633
1997-10-31,2.6716,2.6944,2.6685,2.6937
1997-11-03,2.6716,2.6777,2.6401,2.6501
1997-11-04,2.6562,2.7034,2.6562,2.7034
1997-11-05,2.6832,2.696,2.6743,2.6815
1997-11-06,2.685,2.716,2.6808,2.7128
1997-11-07,2.7077,2.7209,2.7027,2.716
1997-11-10,2.696,2.7113,2.6814,2.7085
1997-11-11,2.7005,2.7214,2.6999,2.7178
1997-11-12,2.7214,2.7448,2.7214,2.7272
1997-11-13,2.7229,2.729,2.7041,2.7137
1997-11-14,2.7039,2.7204,2.6979,2.7106
1997-11-17,2.6847,2.7006,2.6818,2.7006
1997-11-18,2.7004,2.7026,2.6855,2.6978
1997-11-19,2.7135,2.7197,2.704,2.7095
1997-11-20,2.7256,2.7403,2.7204,2.7204
1997-11-21,2.709,2.7132,2.6979,2.7062
1997-11-24,2.7147,2.7205,2.7079,2.7089
1997-11-25,2.7177,2.7217,2.7059,2.7106
1997-11-26,2.7134,2.7152,2.7031,2.7038
1997-11-27,2.7172,2.7191,2.7066,2.7169
1997-11-28,2.7296,2.741,2.7147,2.7387
1997-12-01,2.7623,2.7648,2.7608,2.7622
1997-12-02,2.7652,2.7772,2.7648,2.7683
1997-12-03,2.7724,2.7741,2.7724,2.7738
1997-12-04,2.7735,2.7747,2.7732,2.7737
1997-12-05,2.7514,2.7514,2.7514,2.7514
1997-12-08,2.7649,2.7689,2.749,2.7551
1997-12-09,2.7675,2.7711,2.7522,2.7542
1997-12-10,2.7548,2.7557,2.7405,2.749
1997-12-11,2.7598,2.7834,2.752,2.7793
1997-12-12,2.7826,2.7993,2.7607,2.7651
1997-12-15,2.7853,2.7857,2.7525,2.7607
1997-12-16,2.8299,2.8316,2.8171,2.8284
1997-12-17,2.8046,2.8179,2.7918,2.8014
1997-12-18,2.8163,2.8467,2.8096,2.8433
1997-12-19,2.8678,2.8678,2.8678,2.8678
1997-12-22,2.883,2.8885,2.8669,2.8771
1997-12-23,2.8657,2.8848,2.8576,2.8614
1997-12-24,2.8638,2.8638,2.8595,2.8622
1997-12-29,2.8755,2.8792,2.8586,2.8697
1997-12-30,2.8648,2.87,2.8359,2.8421
1997-12-31,2.8508,2.8508,2.8197,2.8451
1998-01-02,2.8337,2.8544,2.8204,2.8436
1998-01-05,2.858,2.8897,2.8511,2.8619
1998-01-06,2.8691,2.883,2.8639,2.8778
1998-01-07,2.8789,2.8791,2.8598,2.8676
1998-01-08,2.859,2.8674,2.8358,2.8476
1998-01-09,2.8327,2.8359,2.8187,2.8238
1998-01-12,2.8372,2.8454,2.8314,2.8385
1998-01-13,2.8657,2.8779,2.8461,2.8471
1998-01-14,2.8203,2.8293,2.8122,2.8269
1998-01-15,2.8158,2.8338,2.8065,2.8135
1998-01-16,2.8187,2.8187,2.7685,2.7731
1998-01-19,2.7961,2.8071,2.7706,2.7742
1998-01-20,2.8084,2.8135,2.7747,2.7781
1998-01-21,2.7974,2.8031,2.7799,2.8025
1998-01-22,2.8388,2.8436,2.83,2.834
1998-01-23,2.8431,2.8769,2.8394,2.8705
1998-01-26,2.8539,2.8539,2.8172,2.8172
1998-01-27,2.8057,2.8057,2.7669,2.7779
1998-01-28,2.7607,2.7819,2.7491,2.766
1998-01-29,2.7879,2.803,2.7724,2.7917
1998-01-30,2.8291,2.8326,2.778,2.7846
1998-02-02,2.7751,2.7751,2.7468,2.7637
1998-02-03,2.7877,2.8101,2.7714,2.8101
1998-02-04,2.8009,2.8409,2.8009,2.8151
1998-02-05,2.8158,2.8267,2.7938,2.8228
1998-02-06,2.8107,2.8428,2.8014,2.8242
1998-02-09,2.8118,2.8133,2.7946,2.7996
1998-02-10,2.7719,2.7731,2.7342,2.7416
1998-02-11,2.7546,2.7867,2.7519,2.7835
1998-02-12,2.7923,2.8195,2.7915,2.8176
1998-02-13,2.8116,2.8175,2.805,2.8153
1998-02-16,2.8381,2.8517,2.836,2.8478
1998-02-17,2.8378,2.842,2.8222,2.825
1998-02-18,2.8101,2.8381,2.803,2.8191
1998-02-19,2.8146,2.8198,2.8085,2.8119
1998-02-20,2.8207,2.8314,2.8163,2.8314
1998-02-23,2.8504,2.8727,2.8445,2.8713
1998-02-24,2.8598,2.8699,2.857,2.864
1998-02-25,2.8686,2.8707,2.8536,2.8596
1998-02-26,2.8507,2.8593,2.833,2.8497
1998-02-27,2.8338,2.838,2.8057,2.8287
1998-03-02,2.826,2.8356,2.7998,2.8023
1998-03-03,2.7937,2.819,2.7937,2.818
1998-03-04,2.8171,2.8268,2.8137,2.8212
1998-03-05,2.8387,2.8436,2.8281,2.8319
1998-03-06,2.8175,2.8323,2.8135,2.8246
1998-03-09,2.8302,2.8348,2.8215,2.8215
1998-03-10,2.8029,2.8115,2.8012,2.8077
1998-03-11,2.8168,2.8477,2.8141,2.8442
1998-03-12,2.8436,2.8603,2.8384,2.8538
1998-03-13,2.8437,2.8747,2.8406,2.8609
1998-03-16,2.863,2.8695,2.8577,2.8624
1998-03-17,2.8604,2.8784,2.8531,2.8777
1998-03-18,2.9368,2.9473,2.9261,2.9343
1998-03-19,2.9546,2.9627,2.9476,2.9606
1998-03-20,2.9612,2.9667,2.9479,2.9641
1998-03-23,2.9648,2.9929,2.9648,2.9868
1998-03-24,2.9716,2.9864,2.9615,2.9797
1998-03-25,2.9715,2.9893,2.9698,2.9808
1998-03-26,2.9772,2.9961,2.9726,2.9936
1998-03-27,2.9936,3.0039,2.976,2.9961
1998-03-30,3.0208,3.0382,3.014,3.0267
1998-03-31,3.0307,3.0496,3.0235,3.0355
1998-04-01,3.0319,3.0446,3.0184,3.0431
1998-04-02,3.0287,3.0337,3.0287,3.0337
1998-04-03,3.0305,3.0338,3.006,3.012
1998-04-06,3.0164,3.0258,3.0062,3.0251
1998-04-07,3.0449,3.0478,3.0338,3.0361
1998-04-08,3.05,3.0559,3.0357,3.0529
1998-04-09,3.0315,3.0432,3.0112,3.0235
1998-04-14,3.0401,3.0746,3.0349,3.0662
1998-04-15,3.0574,3.0636,3.0482,3.0507
1998-04-16,3.0452,3.0652,3.0428,3.0556
1998-04-17,3.0199,3.0357,3.0003,3.0173
1998-04-20,3.0463,3.0481,3.0157,3.0186
1998-04-21,3.0121,3.0165,2.99,2.9961
1998-04-22,3.0028,3.0096,2.988,2.9928
1998-04-23,2.9821,2.9861,2.9574,2.9661
1998-04-24,2.9729,2.9854,2.9639,2.9779
1998-04-27,3.0148,3.0284,3.0004,3.0262
1998-04-28,3.0311,3.0311,3.0134,3.0261
1998-04-29,3.0196,3.027,3.0065,3.0173
1998-04-30,3.0101,3.0161,3.0039,3.0132
1998-05-01,3.0053,3.0131,2.9859,3.0064
1998-05-05,3.0287,3.0298,2.9984,3.0065
1998-05-06,3.0163,3.0501,3.0127,3.0451
1998-05-07,3.0537,3.0604,3.0239,3.0312
1998-05-08,3.0309,3.0316,2.993,3.0158
1998-05-11,3.0286,3.0417,3.0055,3.0172
1998-05-12,3.0383,3.0485,3.0222,3.0459
1998-05-13,3.041,3.0751,3.041,3.0501
1998-05-14,3.0599,3.061,3.0338,3.0372
1998-05-15,3.0565,3.0587,3.0408,3.0408
1998-05-18,3.0405,3.0507,3.0307,3.0492
1998-05-19,3.034,3.0614,3.034,3.045
1998-05-20,3.0565,3.0718,3.0474,3.0665
1998-05-21,3.0535,3.0606,3.0385,3.0527
1998-05-22,3.053,3.053,3.0394,3.0428
1998-05-26,3.0528,3.069,3.0467,3.0583
1998-05-27,3.0767,3.095,3.0559,3.0646
1998-05-28,3.0642,3.0648,3.0399,3.06
1998-05-29,3.043,3.0568,3.0262,3.0491
1998-06-01,3.1036,3.1052,3.1035,3.1052
1998-06-02,3.1231,3.1319,3.0981,3.1243
1998-06-03,3.1078,3.1234,3.0886,3.12
1998-06-04,3.1207,3.146,3.1156,3.1301
1998-06-05,3.1611,3.1677,3.1611,3.1677
1998-06-08,3.2132,3.22,3.2132,3.22
1998-06-09,3.2269,3.2329,3.2269,3.2329
1998-06-10,3.2844,3.2909,3.2844,3.2909
1998-06-11,3.266,3.2724,3.266,3.2724
1998-06-12,3.257,3.2634,3.257,3.2634
1998-06-15,3.2924,3.2992,3.2924,3.2992
1998-06-16,3.3085,3.3369,3.3085,3.3195
1998-06-17,3.3173,3.3276,3.1476,3.2144
1998-06-18,3.225,3.243,3.1951,3.239
1998-06-19,3.1806,3.1806,3.1806,3.1806
1998-06-22,3.2299,3.2655,3.2038,3.257
1998-06-23,3.258,3.2844,3.2448,3.2693
1998-06-24,3.2445,3.2538,3.1983,3.2538
1998-06-25,3.2514,3.2646,3.2199,3.2463
1998-06-26,3.2505,3.2961,3.2096,3.2118
1998-06-29,3.2851,3.3125,3.2536,3.2841
1998-06-30,3.301,3.301,3.2052,3.2091
1998-07-01,3.2015,3.2133,3.1622,3.1824
1998-07-02,3.1808,3.2308,3.1798,3.2205
1998-07-03,3.2169,3.2385,3.1696,3.1794
1998-07-06,3.2099,3.2099,3.1752,3.1828
1998-07-07,3.1835,3.1849,3.1272,3.1294
1998-07-08,3.128,3.1701,3.1264,3.169
1998-07-09,3.1625,3.1832,3.1444,3.1832
1998-07-10,3.1832,3.1832,3.1411,3.1655
1998-07-13,3.1672,3.2234,3.1623,3.1623
1998-07-14,3.1648,3.2214,3.1116,3.1234
1998-07-15,3.1251,3.1388,3.1079,3.1289
1998-07-16,3.1322,3.1368,3.0837,3.1072
1998-07-17,3.1075,3.1199,3.0838,3.1172
1998-07-20,3.1275,3.1377,3.118,3.124
1998-07-21,3.1298,3.1385,3.1196,3.1295
1998-07-22,3.1263,3.1551,3.1259,3.1493
1998-07-23,3.1542,3.1885,3.1428,3.173
1998-07-24,3.1871,3.208,3.1627,3.2039
1998-07-27,3.2018,3.2452,3.2018,3.2367
1998-07-28,3.2416,3.2462,3.1888,3.1965
1998-07-29,3.1992,3.2011,3.1634,3.1862
1998-07-30,3.1992,3.2011,3.1634,3.1819
1998-07-31,3.1709,3.2085,3.1709,3.2
1998-08-03,3.2007,3.2056,3.1874,3.1979
1998-08-04,3.1978,3.1978,3.1696,3.1901
1998-08-05,3.1898,3.1917,3.1582,3.168
1998-08-06,3.1686,3.1829,3.1616,3.1782
1998-08-07,3.173,3.216,3.1725,3.194
1998-08-10,3.2007,3.2271,3.1998,3.2265
1998-08-11,3.248,3.2615,3.2389,3.2469
1998-08-12,3.2545,3.2545,3.2179,3.241
1998-08-13,3.2375,3.2601,3.2098,3.2239
1998-08-14,3.2282,3.2302,3.2012,3.2045
1998-08-17,3.2184,3.2248,3.2033,3.2231
1998-08-18,3.2307,3.2321,3.2068,3.2093
1998-08-19,3.2133,3.2519,3.1917,3.2519
1998-08-20,3.2537,3.2998,3.238,3.2913
1998-08-21,3.2679,3.33,3.2674,3.3238
1998-08-24,3.3246,3.3416,3.3164,3.3294
1998-08-25,3.3368,3.3499,3.3216,3.3249
1998-08-26,3.3321,3.3739,3.3162,3.3555
1998-08-27,3.355,3.4408,3.3521,3.3778
1998-08-28,3.355,3.4408,3.3521,3.3778
1998-08-31,3.4043,3.4063,3.353,3.3982
1998-09-01,3.3996,3.4034,3.287,3.3085
1998-09-02,3.2936,3.3327,3.2828,3.3104
1998-09-03,3.3268,3.3885,3.3162,3.3224
1998-09-04,3.3057,3.3147,3.2853,3.3009
1998-09-07,3.3055,3.3146,3.2533,3.282
1998-09-08,3.284,3.2868,3.2265,3.2351
1998-09-09,3.2418,3.2983,3.224,3.274
1998-09-10,3.274,3.3148,3.2628,3.271
1998-09-11,3.269,3.2857,3.2091,3.2211
1998-09-14,3.2501,3.2567,3.2501,3.2567
1998-09-15,3.2635,3.2794,3.2381,3.272
1998-09-16,3.2745,3.3148,3.2716,3.2997
1998-09-17,3.2968,3.3398,3.2913,3.3017
1998-09-18,3.3055,3.3405,3.3017,3.3343
1998-09-21,3.3365,3.3784,3.3349,3.3654
1998-09-22,3.3629,3.4313,3.351,3.4228
1998-09-23,3.4226,3.4412,3.396,3.3965
1998-09-24,3.3964,3.4347,3.3839,3.4241
1998-09-25,3.439,3.439,3.439,3.439
1998-09-28,3.431,3.4366,3.431,3.431
1998-09-29,3.4369,3.4431,3.3792,3.395
1998-09-30,3.3959,3.3963,3.3903,3.3926
1998-10-01,3.3833,3.3892,3.3833,3.3853
1998-10-02,3.3833,3.4246,3.3732,3.4023
1998-10-05,3.4037,3.4048,3.3541,3.3993
1998-10-06,3.399,3.4282,3.3825,3.3868
1998-10-07,3.4067,3.4067,3.2871,3.3049
1998-10-08,3.3011,3.3692,3.2529,3.2769
1998-10-09,3.2744,3.3216,3.2282,3.2713
1998-10-12,3.2677,3.2686,3.1013,3.1065
1998-10-13,3.1179,3.182,3.0994,3.1592
1998-10-14,3.1545,3.182,3.1402,3.1722
1998-10-15,3.1722,3.2071,3.1531,3.1531
1998-10-16,3.1531,3.182,3.1491,3.1742
1998-10-19,3.1793,3.2037,3.1681,3.1949
1998-10-20,3.1897,3.2467,3.1809,3.2332
1998-10-21,3.2356,3.2382,3.1978,3.2197
1998-10-22,3.2198,3.2504,3.2079,3.2198
1998-10-23,3.2153,3.2258,3.1988,3.212
1998-10-26,3.1955,3.2138,3.1955,3.2138
1998-10-27,3.2172,3.2244,3.1806,3.2009
1998-10-28,3.2022,3.2078,3.1764,3.1954
1998-10-29,3.1995,3.2075,3.1684,3.1741
1998-10-30,3.1748,3.1949,3.1502,3.16
1998-11-02,3.167,3.1714,3.1188,3.1325
1998-11-03,3.1318,3.1443,3.101,3.1026
1998-11-04,3.0961,3.0961,3.0797,3.0862
1998-11-05,3.0748,3.0891,3.0748,3.0863
1998-11-06,3.0827,3.0827,3.0827,3.0827
1998-11-09,3.0863,3.1399,3.0863,3.1379
1998-11-10,3.1266,3.1404,3.1177,3.1192
1998-11-11,3.1212,3.1321,3.1122,3.1308
1998-11-12,3.0936,3.1216,3.0879,3.1093
1998-11-13,3.0891,3.0891,3.0891,3.0891
1998-11-16,3.1255,3.1387,3.1194,3.1305
1998-11-17,3.1492,3.1622,3.1475,3.1586
1998-11-18,3.0999,3.1104,3.0951,3.0962
1998-11-19,3.0864,3.1006,3.0787,3.0864
1998-11-20,3.0835,3.0835,3.0835,3.0835
1998-11-23,3.1214,3.1214,3.1053,3.1053
1998-11-24,3.1016,3.1166,3.1011,3.1165
1998-11-25,3.1243,3.1282,3.1144,3.1153
1998-11-26,3.1251,3.1319,3.1124,3.1261
1998-11-27,3.1057,3.1057,3.1057,3.1057
1998-11-30,3.1427,3.1433,3.1289,3.1333
1998-12-01,3.1484,3.1488,3.1237,3.1258
1998-12-02,3.169,3.1802,3.1634,3.1732
1998-12-03,3.1798,3.1805,3.158,3.1649
1998-12-04,3.1898,3.1898,3.1898,3.1898
1998-12-07,3.1839,3.1905,3.1584,3.1667
1998-12-08,3.2088,3.2262,3.2014,3.2014
1998-12-09,3.1851,3.1939,3.1768,3.1858
1998-12-10,3.1998,3.2018,3.1854,3.1873
1998-12-11,3.2256,3.2256,3.2256,3.2256
1998-12-14,3.2499,3.2531,3.2336,3.2364
1998-12-15,3.2102,3.2267,3.2098,3.2221
1998-12-16,3.1882,3.2012,3.1842,3.1958
1998-12-17,3.1978,3.2164,3.1978,3.2164
1998-12-18,3.2259,3.2259,3.2259,3.2259
1998-12-21,3.2306,3.2424,3.2282,3.2348
1998-12-22,3.214,3.2146,3.1964,3.2115
1998-12-23,3.2148,3.2228,3.2108,3.2171
1998-12-24,3.2192,3.2192,3.2012,3.2012
1998-12-28,3.2281,3.2341,3.2171,3.2287
1998-12-29,3.1961,3.2088,3.1934,3.2059
1998-12-30,3.1503,3.1618,3.1361,3.1558
1998-12-31,3.1365,3.1365,3.1365,3.1365
1999-01-04,3.1029,3.1029,3.1029,3.1029
1999-01-05,3.0761,3.1657,3.0736,3.0768
1999-01-06,3.0675,3.0675,3.0675,3.0675
1999-01-07,3.0596,3.0692,3.0345,3.0457
1999-01-08,3.0193,3.0193,3.0193,3.0193
1999-01-11,2.9807,2.9814,2.9751,2.9792
1999-01-12,3.0006,3.0076,3.0006,3.007
1999-01-13,3.0588,3.0631,3.0588,3.0612
1999-01-14,3.0749,3.077,3.0682,3.0707
1999-01-15,3.0453,3.0453,3.0453,3.0453
1999-01-18,3.0727,3.0914,3.0536,3.079
1999-01-19,3.0868,3.0868,3.0759,3.0864
1999-01-20,3.0428,3.0486,3.0428,3.0457
1999-01-21,3.0414,3.054,3.0414,3.0475
1999-01-22,3.0894,3.0894,3.0894,3.0894
1999-01-25,3.1048,3.112,3.1029,3.1118
1999-01-26,3.0912,3.092,3.0736,3.0803
1999-01-27,3.0801,3.0801,3.0746,3.0759
1999-01-28,3.0741,3.0791,3.0731,3.0756
1999-01-29,3.0555,3.0555,3.0555,3.0555
1999-02-01,3.0259,3.0292,3.0209,3.0209
1999-02-02,3.0095,3.0095,2.9968,2.9975
1999-02-03,2.966,2.9755,2.9645,2.9732
1999-02-04,2.9843,2.9891,2.9776,2.9776
1999-02-05,2.975,2.975,2.975,2.975
1999-02-08,2.9321,2.9719,2.9072,2.9436
1999-02-09,2.9642,2.9642,2.9584,2.9606
1999-02-10,2.9459,2.9495,2.9435,2.9474
1999-02-11,2.9418,2.9454,2.9387,2.9408
1999-02-12,2.9754,2.9754,2.9754,2.9754
1999-02-15,2.9781,2.9867,2.965,2.9818
1999-02-16,3.0424,3.0424,3.0312,3.0316
1999-02-17,3.0329,3.0359,3.0262,3.0327
1999-02-18,3.0303,3.0362,3.0262,3.0263
1999-02-19,2.9841,2.9841,2.9841,2.9841
1999-02-22,3.0054,3.0201,3.002,3.0082
1999-02-23,2.9934,2.9979,2.9906,2.9974
1999-02-24,2.9984,3.0065,2.9981,3.0065
1999-02-25,3.0438,3.0616,3.0421,3.0533
1999-02-26,3.0534,3.0534,3.0534,3.0534
1999-03-01,3.0555,3.0713,3.05,3.0604
1999-03-02,3.0624,3.0624,3.049,3.049
1999-03-03,3.0589,3.06,3.0539,3.0558
1999-03-04,3.0322,3.0404,3.0322,3.0365
1999-03-05,3.0247,3.0247,3.0247,3.0247
1999-03-08,3.0208,3.0291,3.0206,3.0277
1999-03-09,3.0299,3.0364,3.029,3.0324
1999-03-10,3.031,3.0348,3.0215,3.0217
1999-03-11,3.0566,3.0593,3.0477,3.0582
1999-03-12,3.066,3.066,3.066,3.066
1999-03-15,3.0581,3.0645,3.055,3.0614
1999-03-16,3.0933,3.0982,3.0885,3.0961
1999-03-17,3.0886,3.0933,3.0796,3.0852
1999-03-18,3.067,3.0692,3.0612,3.0621
1999-03-19,3.0591,3.0591,3.0591,3.0591
1999-03-22,3.0552,3.0708,3.0334,3.0343
1999-03-23,3.0309,3.0552,3.0134,3.0422
1999-03-24,3.0419,3.0575,3.0303,3.0438
1999-03-25,3.043,3.0546,3.0128,3.0166
1999-03-26,3.0164,3.0357,3.0122,3.0291
1999-03-29,3.0341,3.046,3.0134,3.0331
1999-03-30,3.0309,3.0473,3.0231,3.0295
1999-03-31,3.0313,3.0484,3.0031,3.0092
1999-04-01,3.0092,3.024,2.9781,3.0028
1999-04-02,3.0033,3.0125,2.9964,3.0026
1999-04-05,3.0038,3.0127,2.9905,3.0106
1999-04-06,3.0112,3.0185,2.9898,2.9941
1999-04-07,2.9939,3.0125,2.9777,3.0025
1999-04-08,3.0123,3.0211,3.0121,3.0121
1999-04-09,2.9981,2.9981,2.9981,2.9981
1999-04-12,2.9814,2.9919,2.9814,2.9851
1999-04-13,2.989,2.9906,2.9883,2.9884
1999-04-14,2.9854,2.9854,2.9829,2.9852
1999-04-15,2.9525,2.9567,2.951,2.9538
1999-04-16,2.9627,2.9627,2.9627,2.9627
1999-04-19,2.9371,2.9425,2.9371,2.9397
1999-04-20,2.9503,2.9525,2.9489,2.9489
1999-04-21,2.9493,2.9493,2.9436,2.9436
1999-04-22,2.9445,2.9491,2.9421,2.9423
1999-04-23,2.9461,2.9461,2.9461,2.9461
1999-04-26,2.9384,2.9426,2.9374,2.9426
1999-04-27,2.9476,2.9476,2.9444,2.9451
1999-04-28,2.9186,2.9201,2.9134,2.9152
1999-04-29,2.8884,2.8955,2.8884,2.8894
1999-04-30,2.8826,2.8826,2.8826,2.8826
1999-05-03,2.8722,2.8757,2.8712,2.8745
1999-05-04,2.9202,2.9242,2.9196,2.9198
1999-05-05,2.9232,2.926,2.9226,2.9226
1999-05-06,2.9088,2.9095,2.9054,2.907
1999-05-07,2.9181,2.9181,2.9181,2.9181
1999-05-10,2.9121,2.9121,2.8998,2.8998
1999-05-11,2.8889,2.8907,2.8838,2.8838
1999-05-12,2.8945,2.8948,2.8937,2.8937
1999-05-13,2.8868,2.8943,2.8831,2.8831
1999-05-14,2.9075,2.9075,2.9075,2.9075
1999-05-17,2.8927,2.8987,2.8927,2.8941
1999-05-18,2.9225,2.9307,2.9223,2.9287
1999-05-19,2.9343,2.9394,2.9343,2.9361
1999-05-20,2.9226,2.9228,2.92,2.9205
1999-05-21,2.9395,2.9395,2.9395,2.9395
1999-05-24,2.9279,2.928,2.9278,2.928
1999-05-25,2.9803,2.9871,2.9803,2.9823
1999-05-26,2.984,2.9856,2.9777,2.9777
1999-05-27,2.9865,2.9894,2.9865,2.987
1999-05-28,2.9891,2.9891,2.9891,2.9891
1999-05-31,2.9777,3.0024,2.9777,2.9986
1999-06-01,3.0503,3.0504,3.0409,3.0466
1999-06-02,3.0478,3.0561,3.0467,3.0558
1999-06-03,3.0478,3.0841,3.0333,3.0399
1999-06-04,3.0333,3.049,3.0089,3.0218
1999-06-07,3.0169,3.0177,2.987,3.0018
1999-06-08,3.0114,3.0504,2.99,3.0425
1999-06-09,3.0442,3.0465,2.9942,3.0062
1999-06-10,3.0051,3.0251,2.9558,2.9865
1999-06-11,2.9703,2.9944,2.9685,2.9883
1999-06-14,2.9881,3.0071,2.9779,2.9827
1999-06-15,2.9973,3.013,2.9743,2.9874
1999-06-16,2.9872,2.9962,2.9591,2.9711
1999-06-17,2.9606,2.9836,2.9584,2.9797
1999-06-18,3.0029,3.0143,2.9747,3.004
1999-06-21,3.0057,3.0105,2.9821,3.004
1999-06-22,3.008,3.0134,2.9847,2.9895
1999-06-23,2.9886,2.9928,2.9459,2.9538
1999-06-24,2.9536,2.9914,2.9356,2.9603
1999-06-25,2.9598,2.9763,2.9525,2.9648
1999-06-28,2.9668,2.9712,2.9505,2.9636
1999-06-29,2.9632,2.9905,2.9632,2.9719
1999-06-30,2.9765,2.9849,2.9367,2.9523
1999-07-01,2.9484,2.963,2.9386,2.9501
1999-07-02,2.9501,2.9829,2.9424,2.9586
1999-07-05,2.9727,2.9834,2.9639,2.9774
1999-07-06,2.9518,2.9845,2.9435,2.9793
1999-07-07,2.9836,2.9888,2.948,2.9585
1999-07-08,2.9529,2.9797,2.9476,2.9645
1999-07-09,2.9641,2.9736,2.9346,2.9418
1999-07-12,2.9411,2.9716,2.9411,2.9662
1999-07-13,2.9695,2.9862,2.9549,2.9825
1999-07-14,2.9814,3.0048,2.9708,2.9974
1999-07-15,2.9982,3.0067,2.9763,2.984
1999-07-16,2.9829,3.0015,2.978,2.9831
1999-07-19,2.9842,3.0398,2.9478,3.0325
1999-07-20,3.025,3.0302,2.9908,3.0087
1999-07-21,2.9978,2.9999,2.9849,2.9895
1999-07-22,3.005,3.0086,2.993,2.993
1999-07-23,2.9834,2.9844,2.9624,2.9683
1999-07-26,2.98,3.0226,2.98,3.019
1999-07-27,3.0141,3.0488,3.0104,3.0276
1999-07-28,3.0342,3.0526,3.0275,3.0449
1999-07-29,3.0413,3.0637,3.0318,3.0568
1999-07-30,3.0588,3.0632,3.0426,3.0586
1999-08-02,3.0528,3.0848,3.052,3.0624
1999-08-03,3.0568,3.0668,3.0251,3.0355
1999-08-04,3.037,3.04,3.0118,3.0204
1999-08-05,3.023,3.0538,3.0161,3.0333
1999-08-06,3.0362,3.0625,3.0283,3.046
1999-08-09,3.0524,3.0584,3.0243,3.0352
1999-08-10,3.0356,3.0746,3.0323,3.0563
1999-08-11,3.0528,3.0756,3.0406,3.0498
1999-08-12,3.0358,3.0542,3.0238,3.0406
1999-08-13,3.0462,3.0518,3.0005,3.0262
1999-08-16,3.0193,3.0448,3.0172,3.0394
1999-08-17,3.0357,3.0598,3.0288,3.0357
1999-08-18,3.0285,3.0539,2.9952,2.9995
1999-08-19,3.0002,3.0554,2.9945,3.048
1999-08-20,3.0565,3.0573,3.02,3.0354
1999-08-23,3.0282,3.0492,3.0125,3.0377
1999-08-24,3.0366,3.0551,3.0163,3.0315
1999-08-25,3.0336,3.0935,3.032,3.0677
1999-08-26,3.0667,3.1167,3.0663,3.1125
1999-08-27,3.1128,3.1179,3.0819,3.0935
1999-08-30,3.1056,3.1214,3.0755,3.079
1999-08-31,3.0817,3.1216,3.0756,3.0939
1999-09-01,3.094,3.1382,3.094,3.1307
1999-09-02,3.1311,3.1452,3.0909,3.0996
1999-09-03,3.1007,3.1155,3.0868,3.0868
1999-09-06,3.0978,3.1073,3.06,3.0729
1999-09-07,3.0719,3.0789,3.037,3.0456
1999-09-08,3.045,3.0776,3.024,3.0748
1999-09-09,3.0716,3.0875,3.0467,3.064
1999-09-10,3.0639,3.0733,3.0314,3.0386
1999-09-13,3.0442,3.0521,2.9999,3.0042
1999-09-14,3.0036,3.0496,3.0036,3.0488
1999-09-15,3.0465,3.0919,3.0352,3.0766
1999-09-16,3.0691,3.1099,3.0664,3.0949
1999-09-17,3.0959,3.0964,3.0633,3.0912
1999-09-20,3.0942,3.1136,3.0852,3.1069
1999-09-21,3.1079,3.1217,3.0872,3.108
1999-09-22,3.1084,3.1288,3.1006,3.109
1999-09-23,3.1049,3.1637,3.0909,3.1447
1999-09-24,3.1449,3.199,3.1411,3.1754
1999-09-27,3.168,3.1938,3.1657,3.1906
1999-09-28,3.188,3.2219,3.1865,3.2033
1999-09-29,3.2053,3.2083,3.17,3.1822
1999-09-30,3.1798,3.2,3.1677,3.1785
1999-10-01,3.1791,3.2078,3.1769,3.2019
1999-10-04,3.195,3.2033,3.1624,3.1624
1999-10-05,3.1639,3.1721,3.1518,3.1644
1999-10-06,3.1645,3.1866,3.1615,3.1864
1999-10-07,3.1803,3.1873,3.1614,3.1841
1999-10-08,3.1848,3.2202,3.1806,3.217
1999-10-11,3.2124,3.217,3.1987,3.2011
1999-10-12,3.1999,3.2175,3.1761,3.1961
1999-10-13,3.2088,3.2606,3.19,3.255
1999-10-14,3.2551,3.2704,3.2361,3.2564
1999-10-15,3.2526,3.2808,3.2421,3.2679
1999-10-18,3.2695,3.2938,3.2664,3.2789
1999-10-19,3.2789,3.2859,3.2562,3.2614
1999-10-20,3.2648,3.2703,3.2307,3.243
1999-10-21,3.246,3.2688,3.2316,3.2438
1999-10-22,3.2466,3.2635,3.2066,3.2093
1999-10-25,3.2252,3.2349,3.2166,3.2257
1999-10-26,3.2243,3.2318,3.193,3.225
1999-10-27,3.2241,3.2526,3.2068,3.2394
1999-10-28,3.239,3.2444,3.1996,3.2115
1999-10-29,3.2046,3.2503,3.1965,3.2296
1999-11-01,3.2377,3.2446,3.2139,3.2247
1999-11-02,3.2221,3.2393,3.2113,3.2251
1999-11-03,3.2189,3.2356,3.2018,3.2056
1999-11-04,3.2062,3.2431,3.1537,3.1537
1999-11-05,3.1528,3.1879,3.1486,3.1562
1999-11-08,3.164,3.1845,3.1528,3.1769
1999-11-09,3.176,3.1941,3.1691,3.1823
1999-11-10,3.1785,3.1872,3.1621,3.1797
1999-11-11,3.183,3.183,3.1501,3.159
1999-11-12,3.162,3.1813,3.121,3.1228
1999-11-15,3.1232,3.1236,3.0998,3.1084
1999-11-16,3.1087,3.1361,3.1042,3.1201
1999-11-17,3.1274,3.1646,3.1204,3.1616
1999-11-18,3.1616,3.1767,3.1445,3.1449
1999-11-19,3.1416,3.182,3.1416,3.1747
1999-11-22,3.1691,3.1824,3.1646,3.1798
1999-11-23,3.1802,3.1845,3.1617,3.1741
1999-11-24,3.1744,3.1824,3.1456,3.1549
1999-11-25,3.1547,3.1601,3.1349,3.1479
1999-11-26,3.1486,3.161,3.1238,3.1399
1999-11-29,3.1428,3.1584,3.1201,3.136
1999-11-30,3.1368,3.145,3.1143,3.139
1999-12-01,3.1401,3.1433,3.1203,3.1339
1999-12-02,3.1328,3.1594,3.1262,3.1509
1999-12-03,3.1504,3.1868,3.1482,3.1779
1999-12-06,3.18,3.2155,3.1662,3.194
1999-12-07,3.1914,3.2184,3.183,3.1924
1999-12-08,3.1917,3.2135,3.1804,3.2065
1999-12-09,3.209,3.2154,3.1853,3.1976
1999-12-10,3.2072,3.2962,3.2046,3.2777
1999-12-13,3.2806,3.3192,3.2738,3.2843
1999-12-14,3.2827,3.2974,3.2482,3.2649
1999-12-15,3.2659,3.2828,3.2329,3.2386
1999-12-16,3.2378,3.2519,3.1663,3.171
1999-12-17,3.171,3.198,3.1589,3.1591
1999-12-20,3.1683,3.185,3.1535,3.1565
1999-12-21,3.1565,3.1673,3.1144,3.1215
1999-12-22,3.1285,3.1353,3.1138,3.1233
1999-12-23,3.1223,3.1421,3.0992,3.1311
1999-12-24,3.131,3.1674,3.1185,3.1355
1999-12-27,3.1368,3.1495,3.1176,3.1191
1999-12-28,3.1186,3.1685,3.0956,3.096
1999-12-29,3.0905,3.1312,3.0867,3.1047
1999-12-30,3.1029,3.1235,3.0855,3.086
1999-12-31,3.0881,3.1137,3.0801,3.098
2000-01-03,3.0747,3.1199,3.0703,3.1141
2000-01-04,3.1145,3.1549,3.1034,3.15
2000-01-05,3.1503,3.1744,3.1456,3.154
2000-01-06,3.1572,3.2094,3.1553,3.2045
2000-01-07,3.2066,3.2089,3.1384,3.1622
2000-01-10,3.171,3.1821,3.1582,3.1746
2000-01-11,3.1749,3.1917,3.1546,3.1853
2000-01-12,3.1867,3.1868,3.171,3.1736
2000-01-13,3.1716,3.1771,3.1356,3.1453
2000-01-14,3.1456,3.1659,3.1306,3.1348
2000-01-17,3.141,3.162,3.1353,3.1435
2000-01-18,3.1437,3.1752,3.1423,3.1586
2000-01-19,3.1669,3.1987,3.1634,3.1966
2000-01-20,3.1967,3.2301,3.1871,3.2164
2000-01-21,3.2164,3.2352,3.2013,3.2268
2000-01-24,3.232,3.2665,3.2,3.2563
2000-01-25,3.2622,3.2687,3.2148,3.2351
2000-01-26,3.2311,3.2448,3.222,3.222
2000-01-27,3.2265,3.2421,3.1942,3.2414
2000-01-28,3.2463,3.342,3.2384,3.2893
2000-01-31,3.2844,3.3086,3.2502,3.2608
2000-02-01,3.2599,3.2956,3.2459,3.2774
2000-02-02,3.2775,3.3036,3.2597,3.2606
2000-02-03,3.2578,3.2729,3.1943,3.2228
2000-02-04,3.2273,3.2511,3.1981,3.2088
2000-02-07,3.2053,3.2379,3.1949,3.2344
2000-02-08,3.2346,3.2811,3.2273,3.2724
2000-02-09,3.2737,3.2915,3.246,3.2741
2000-02-10,3.2739,3.286,3.2488,3.2786
2000-02-11,3.2747,3.2904,3.227,3.2409
2000-02-14,3.2309,3.2748,3.2141,3.2608
2000-02-15,3.2665,3.2915,3.2459,3.277
2000-02-16,3.2766,3.2775,3.243,3.2632
2000-02-17,3.2608,3.2837,3.2443,3.2554
2000-02-18,3.2556,3.2727,3.242,3.2593
2000-02-21,3.2649,3.2782,3.2561,3.2782
2000-02-22,3.2789,3.3009,3.2702,3.2818
2000-02-23,3.2854,3.3231,3.2851,3.294
2000-02-24,3.2742,3.2973,3.2668,3.2864
2000-02-25,3.2863,3.2887,3.2526,3.2767
2000-02-28,3.2732,3.2983,3.2713,3.2846
2000-02-29,3.2829,3.2986,3.2187,3.2217
2000-03-01,3.2226,3.2979,3.2226,3.2543
2000-03-02,3.2504,3.2588,3.2143,3.2354
2000-03-03,3.2337,3.2433,3.2056,3.2257
2000-03-06,3.2278,3.274,3.2228,3.2607
2000-03-07,3.2604,3.2758,3.2463,3.2626
2000-03-08,3.261,3.2837,3.2328,3.2375
2000-03-09,3.2392,3.253,3.1943,3.2044
2000-03-10,3.2067,3.2124,3.1766,3.1889
2000-03-13,3.2009,3.2224,3.1885,3.197
2000-03-14,3.1984,3.2433,3.1856,3.2364
2000-03-15,3.2372,3.2459,3.1975,3.2192
2000-03-16,3.2157,3.2348,3.2011,3.2259
2000-03-17,3.2298,3.2551,3.2177,3.2471
2000-03-20,3.2591,3.2591,3.2155,3.2155
2000-03-21,3.2175,3.2269,3.2016,3.2061
2000-03-22,3.2084,3.2452,3.1933,3.2415
2000-03-23,3.2432,3.2556,3.2301,3.2446
2000-03-24,3.2411,3.2671,3.2411,3.2588
2000-03-27,3.2514,3.2618,3.1671,3.1676
2000-03-28,3.174,3.174,3.1439,3.153
2000-03-29,3.152,3.1924,3.1486,3.1916
2000-03-30,3.1906,3.205,3.1805,3.1824
2000-03-31,3.1813,3.238,3.1799,3.2041
2000-04-03,3.2035,3.2122,3.1806,3.1855
2000-04-04,3.1815,3.2195,3.177,3.1822
2000-04-05,3.1858,3.1984,3.1383,3.1508
2000-04-06,3.1516,3.1776,3.1413,3.1534
2000-04-07,3.1544,3.1937,3.1458,3.1655
2000-04-10,3.1792,3.201,3.1637,3.1945
2000-04-11,3.1945,3.1945,3.1694,3.1797
2000-04-12,3.1833,3.2002,3.1742,3.192
2000-04-13,3.1934,3.1937,3.1724,3.1848
2000-04-14,3.1844,3.1988,3.1801,3.1887
2000-04-17,3.169,3.2243,3.1604,3.1986
2000-04-18,3.1965,3.2057,3.1768,3.1854
2000-04-19,3.1858,3.1895,3.1599,3.1749
2000-04-20,3.1771,3.2039,3.1666,3.1995
2000-04-21,3.1987,3.2075,3.1899,3.1917
2000-04-24,3.184,3.1987,3.184,3.1919
2000-04-25,3.1903,3.2026,3.1627,3.1962
2000-04-26,3.2004,3.2502,3.1956,3.2373
2000-04-27,3.2358,3.2466,3.2239,3.2335
2000-04-28,3.1544,3.2434,3.1544,3.1942
2000-05-01,3.1997,3.2183,3.1875,3.1898
2000-05-02,3.1915,3.2221,3.1853,3.2184
2000-05-03,3.2181,3.2279,3.1689,3.1878
2000-05-04,3.1897,3.2005,3.1306,3.1432
2000-05-05,3.1441,3.1541,3.1031,3.106
2000-05-08,3.1103,3.1859,3.1092,3.1859
2000-05-09,3.1951,3.223,3.1753,3.1818
2000-05-10,3.1825,3.2066,3.1593,3.1696
2000-05-11,3.1744,3.189,3.1312,3.143
2000-05-12,3.1454,3.1796,3.1394,3.162
2000-05-15,3.1695,3.2046,3.1618,3.1905
2000-05-16,3.1866,3.1987,3.1331,3.1719
2000-05-17,3.1755,3.2498,3.1667,3.232
2000-05-18,3.2268,3.3151,3.2268,3.2784
2000-05-19,3.2759,3.3033,3.2332,3.2592
2000-05-22,3.2478,3.2773,3.2358,3.2539
2000-05-23,3.255,3.2564,3.1927,3.2171
2000-05-24,3.2225,3.2722,3.2196,3.2463
2000-05-25,3.2481,3.2662,3.2133,3.2442
2000-05-26,3.2369,3.2727,3.224,3.2457
2000-05-29,3.2402,3.2701,3.2337,3.2683
2000-05-30,3.2689,3.2727,3.2359,3.2625
2000-05-31,3.263,3.2823,3.246,3.2778
2000-06-01,3.2783,3.2966,3.2555,3.2706
2000-06-02,3.2678,3.2838,3.2211,3.2455
2000-06-05,3.2473,3.2528,3.1984,3.2423
2000-06-06,3.2401,3.2553,3.2051,3.243
2000-06-07,3.2449,3.2449,3.1999,3.2103
2000-06-08,3.2126,3.2426,3.2003,3.2264
2000-06-09,3.2289,3.241,3.2045,3.2245
2000-06-12,3.2251,3.2293,3.2038,3.2177
2000-06-13,3.216,3.227,3.184,3.1858
2000-06-14,3.1826,3.196,3.1532,3.1602
2000-06-15,3.1602,3.2264,3.1567,3.2163
2000-06-16,3.219,3.2286,3.1505,3.1744
2000-06-19,3.1703,3.2033,3.1681,3.195
2000-06-20,3.1921,3.2012,3.1614,3.193
2000-06-21,3.1934,3.2046,3.1485,3.1561
2000-06-22,3.1554,3.219,3.1554,3.2163
2000-06-23,3.2131,3.2208,3.1807,3.1882
2000-06-26,3.1912,3.2178,3.1739,3.1817
2000-06-27,3.1834,3.2001,3.1704,3.1948
2000-06-28,3.1937,3.2541,3.1837,3.2306
2000-06-29,3.2306,3.258,3.2178,3.2485
2000-06-30,3.251,3.2559,3.2107,3.2341
2000-07-03,3.2379,3.2491,3.2194,3.2471
2000-07-04,3.2465,3.2701,3.2399,3.2576
2000-07-05,3.2551,3.281,3.2469,3.271
2000-07-06,3.2677,3.2929,3.2606,3.2715
2000-07-07,3.2695,3.3012,3.266,3.2804
2000-07-10,3.2816,3.2885,3.264,3.2753
2000-07-11,3.2758,3.3002,3.275,3.2942
2000-07-12,3.2951,3.3008,3.2696,3.2715
2000-07-13,3.2699,3.2801,3.2468,3.2595
2000-07-14,3.2613,3.268,3.2408,3.2632
2000-07-17,3.2557,3.2632,3.2353,3.2489
2000-07-18,3.2494,3.2797,3.2446,3.2757
2000-07-19,3.2762,3.2951,3.2575,3.2895
2000-07-20,3.2877,3.2928,3.2582,3.2763
2000-07-21,3.2877,3.292,3.2457,3.2841
2000-07-24,3.2844,3.2965,3.2728,3.2953
2000-07-25,3.2953,3.3076,3.2815,3.2919
2000-07-26,3.2913,3.3053,3.2761,3.2774
2000-07-27,3.2766,3.3119,3.2746,3.3064
2000-07-28,3.3053,3.3104,3.2733,3.2836
2000-07-31,3.2862,3.3124,3.2857,3.2985
2000-08-01,3.3008,3.3086,3.273,3.2921
2000-08-02,3.2927,3.315,3.2757,3.2893
2000-08-03,3.2909,3.3052,3.2682,3.2777
2000-08-04,3.2816,3.3133,3.2705,3.2957
2000-08-07,3.2957,3.3311,3.2957,3.3216
2000-08-08,3.3224,3.3268,3.3038,3.3193
2000-08-09,3.3119,3.3341,3.3037,3.3245
2000-08-10,3.3251,3.3312,3.3053,3.3064
2000-08-11,3.3044,3.3615,3.3002,3.3411
2000-08-14,3.3407,3.3655,3.3295,3.3463
2000-08-15,3.3472,3.3734,3.3378,3.3597
2000-08-16,3.3635,3.365,3.3081,3.3118
2000-08-17,3.3117,3.3332,3.3048,3.311
2000-08-18,3.3088,3.3241,3.2944,3.3073
2000-08-21,3.3073,3.3177,3.2929,3.3061
2000-08-22,3.3048,3.3784,3.3029,3.3677
2000-08-23,3.3677,3.4725,3.3677,3.442
2000-08-24,3.4405,3.5075,3.396,3.4151
2000-08-25,3.3975,3.4116,3.3654,3.3654
2000-08-28,3.3812,3.3989,3.3692,3.3846
2000-08-29,3.3846,3.4088,3.374,3.3989
2000-08-30,3.403,3.4171,3.3785,3.3836
2000-08-31,3.3848,3.4005,3.365,3.3919
2000-09-01,3.3908,3.4422,3.3771,3.4034
2000-09-04,3.4013,3.4262,3.3885,3.4034
2000-09-05,3.4031,3.4263,3.3851,3.4164
2000-09-06,3.4153,3.4288,3.3747,3.3845
2000-09-07,3.383,3.4764,3.3806,3.4413
2000-09-08,3.4433,3.4472,3.3671,3.3772
2000-09-11,3.3772,3.3779,3.2489,3.2783
2000-09-12,3.2746,3.3145,3.2586,3.3046
2000-09-13,3.3064,3.3471,3.304,3.3403
2000-09-14,3.3403,3.4092,3.3074,3.3412
2000-09-15,3.3416,3.3683,3.3309,3.3519
2000-09-18,3.3578,3.441,3.352,3.4307
2000-09-19,3.4311,3.4403,3.3878,3.3976
2000-09-20,3.3976,3.4898,3.3976,3.4623
2000-09-21,3.4648,3.5324,3.4574,3.5183
2000-09-22,3.5188,3.568,3.507,3.5327
2000-09-25,3.5114,3.5606,3.5086,3.5154
2000-09-26,3.5165,3.538,3.4969,3.532
2000-09-27,3.5268,3.5472,3.4983,3.511
2000-09-28,3.5107,3.5842,3.5019,3.5719
2000-09-29,3.5719,3.6516,3.5655,3.6199
2000-10-02,3.6182,3.6463,3.598,3.6115
2000-10-03,3.6099,3.6455,3.5937,3.6145
2000-10-04,3.6099,3.6484,3.5909,3.597
2000-10-05,3.597,3.634,3.5914,3.6065
2000-10-06,3.6044,3.616,3.5845,3.6027
2000-10-09,3.5882,3.6047,3.5166,3.5445
2000-10-10,3.5457,3.6233,3.5457,3.5793
2000-10-11,3.5829,3.6161,3.5763,3.6161
2000-10-12,3.6122,3.7221,3.6052,3.6962
2000-10-13,3.6913,3.6992,3.6344,3.6435
2000-10-16,3.6355,3.673,3.6326,3.6615
2000-10-17,3.6599,3.6859,3.6358,3.6772
2000-10-18,3.6786,3.7054,3.647,3.6647
2000-10-19,3.6639,3.6895,3.6484,3.655
2000-10-20,3.6529,3.655,3.5852,3.604
2000-10-23,3.5976,3.6422,3.5976,3.6395
2000-10-24,3.6313,3.6477,3.5815,3.6027
2000-10-25,3.5457,3.6248,3.5457,3.5954
2000-10-26,3.5901,3.6072,3.5559,3.5754
2000-10-27,3.5755,3.6136,3.5662,3.6091
2000-10-30,3.6062,3.6295,3.5846,3.5973
2000-10-31,3.6067,3.695,3.6067,3.6555
2000-11-01,3.6869,3.6869,3.624,3.6448
2000-11-02,3.6394,3.6758,3.6065,3.63
2000-11-03,3.6152,3.6588,3.5954,3.6312
2000-11-06,3.6274,3.6322,3.5739,3.5932
2000-11-07,3.5802,3.6076,3.5546,3.5916
2000-11-08,3.5855,3.6046,3.5628,3.5772
2000-11-09,3.539,3.5914,3.539,3.5769
2000-11-10,3.5759,3.6217,3.5517,3.6105
2000-11-13,3.6161,3.6467,3.6035,3.6431
2000-11-14,3.6337,3.6385,3.5902,3.6105
2000-11-15,3.596,3.605,3.5647,3.5759
2000-11-16,3.581,3.5938,3.5396,3.5443
2000-11-17,3.5525,3.5685,3.5291,3.5518
2000-11-20,3.554,3.61,3.5485,3.6021
2000-11-21,3.6223,3.6278,3.5772,3.6115
2000-11-22,3.6223,3.6278,3.498,3.5108
2000-11-23,3.4992,3.528,3.4808,3.4934
2000-11-24,3.4769,3.5241,3.4769,3.4956
2000-11-27,3.5017,3.5375,3.4827,3.4909
2000-11-28,3.4808,3.5313,3.4636,3.5014
2000-11-29,3.5184,3.5332,3.4692,3.5212
2000-11-30,3.5247,3.5247,3.4366,3.4611
2000-12-01,3.4624,3.4755,3.4201,3.4406
2000-12-04,3.4594,3.4613,3.3939,3.4289
2000-12-05,3.4347,3.4515,3.3843,3.4113
2000-12-06,3.3982,3.4081,3.3562,3.366
2000-12-07,3.374,3.3918,3.3409,3.3745
2000-12-08,3.3767,3.4112,3.3705,3.3905
2000-12-11,3.3903,3.4511,3.3851,3.4353
2000-12-12,3.4343,3.4572,3.4006,3.4189
2000-12-13,3.4267,3.4607,3.4164,3.4518
2000-12-14,3.4267,3.4879,3.4267,3.4489
2000-12-15,3.4537,3.4888,3.4262,3.4402
2000-12-18,3.4581,3.4746,3.3931,3.4312
2000-12-19,3.4268,3.446,3.3932,3.406
2000-12-20,3.3992,3.4188,3.3591,3.3658
2000-12-21,3.352,3.3791,3.3378,3.354
2000-12-22,3.3416,3.3754,3.3416,3.3433
2000-12-25,3.3382,3.3735,3.3382,3.3546
2000-12-26,3.3541,3.3639,3.3417,3.3544
2000-12-27,3.3465,3.376,3.3465,3.3652
2000-12-28,3.3724,3.3986,3.3555,3.3742
2000-12-29,3.3866,3.3986,3.3557,3.36
2001-01-01,3.3683,3.3934,3.365,3.3681
2001-01-02,3.3639,3.3898,3.3626,3.369
2001-01-03,3.3588,3.408,3.3438,3.3973
2001-01-04,3.3942,3.4033,3.342,3.3684
2001-01-05,3.3586,3.364,3.3051,3.3193
2001-01-08,3.3131,3.3401,3.2978,3.3099
2001-01-09,3.3128,3.3582,3.3082,3.3367
2001-01-10,3.3195,3.3606,3.3153,3.3414
2001-01-11,3.346,3.3536,3.3037,3.3037
2001-01-12,3.2983,3.3317,3.2875,3.3046
2001-01-15,3.3076,3.3496,3.3039,3.34
2001-01-16,3.3414,3.351,3.2877,3.308
2001-01-17,3.3138,3.3315,3.2623,3.3016
2001-01-18,3.3088,3.3179,3.2754,3.2771
2001-01-19,3.2778,3.2941,3.2599,3.2714
2001-01-22,3.2765,3.2898,3.2554,3.2671
2001-01-23,3.2741,3.3039,3.2608,3.2892
2001-01-24,3.2868,3.3429,3.2677,3.322
2001-01-25,3.2943,3.3679,3.2943,3.3412
2001-01-26,3.3407,3.375,3.3386,3.3518
2001-01-29,3.3498,3.3687,3.3155,3.3415
2001-01-30,3.3431,3.3643,3.3082,3.3171
2001-01-31,3.3123,3.3317,3.2773,3.2928
2001-02-01,3.2968,3.338,3.2795,3.3375
2001-02-02,3.3097,3.3143,3.2738,3.2972
2001-02-05,3.2985,3.3425,3.2823,3.3245
2001-02-06,3.332,3.3393,3.2768,3.2955
2001-02-07,3.2978,3.311,3.266,3.2724
2001-02-08,3.2748,3.3339,3.2715,3.3299
2001-02-09,3.321,3.336,3.2949,3.309
2001-02-12,3.319,3.3323,3.3087,3.3184
2001-02-13,3.3149,3.3513,3.3072,3.3406
2001-02-14,3.3497,3.4101,3.3265,3.3907
2001-02-15,3.3925,3.4278,3.3868,3.4057
2001-02-16,3.4055,3.407,3.3594,3.3723
2001-02-19,3.3635,3.3806,3.3468,3.3501
2001-02-20,3.3488,3.3866,3.3479,3.3699
2001-02-21,3.3751,3.386,3.3154,3.3154
2001-02-22,3.3751,3.3863,3.3254,3.3595
2001-02-23,3.3599,3.3867,3.3318,3.3337
2001-02-26,3.3324,3.3815,3.3247,3.3567
2001-02-27,3.357,3.3664,3.3203,3.3341
2001-02-28,3.3436,3.3729,3.3379,3.3556
2001-03-01,3.3554,3.3779,3.3418,3.3568
2001-03-02,3.3554,3.3827,3.3444,3.3695
2001-03-05,3.3705,3.4108,3.3652,3.3789
2001-03-06,3.3794,3.4337,3.3794,3.3856
2001-03-07,3.3794,3.4592,3.3794,3.4464
2001-03-08,3.4503,3.5018,3.4303,3.4704
2001-03-09,3.4705,3.5085,3.4242,3.4949
2001-03-12,3.4914,3.5121,3.443,3.4852
2001-03-13,3.4849,3.5028,3.4628,3.4752
2001-03-14,3.472,3.4981,3.4526,3.4814
2001-03-15,3.472,3.5246,3.472,3.4866
2001-03-16,3.4969,3.5157,3.4358,3.4422
2001-03-19,3.442,3.448,3.3829,3.4141
2001-03-20,3.4112,3.4566,3.3804,3.399
2001-03-21,3.403,3.4535,3.3977,3.4316
2001-03-22,3.456,3.4605,3.4132,3.4252
2001-03-23,3.4245,3.4548,3.3902,3.428
2001-03-26,3.4194,3.531,3.4194,3.4654
2001-03-27,3.4645,3.5101,3.4553,3.4871
2001-03-28,3.4728,3.5161,3.4664,3.5021
2001-03-29,3.5077,3.5339,3.4751,3.4849
2001-03-30,3.4839,3.5602,3.4813,3.5099
2001-04-02,3.5069,3.5864,3.5036,3.5729
2001-04-03,3.5693,3.5789,3.5242,3.5356
2001-04-04,3.5693,3.5782,3.5143,3.5182
2001-04-05,3.5179,3.5639,3.5128,3.5372
2001-04-06,3.5179,3.5625,3.5057,3.5355
2001-04-09,3.5306,3.62,3.529,3.61
2001-04-10,3.6113,3.6206,3.5525,3.5554
2001-04-11,3.5548,3.5689,3.5159,3.5386
2001-04-12,3.5509,3.5648,3.512,3.5249
2001-04-13,3.5208,3.5464,3.5107,3.5246
2001-04-16,3.5182,3.537,3.4892,3.497
2001-04-17,3.4975,3.554,3.4947,3.5466
2001-04-18,3.5502,3.5647,3.5039,3.5227
2001-04-19,3.535,3.5591,3.513,3.522
2001-04-20,3.5217,3.5307,3.4594,3.4987
2001-04-23,3.5028,3.5587,3.4703,3.4913
2001-04-24,3.4933,3.5483,3.483,3.4834
2001-04-25,3.4862,3.5284,3.4805,3.5042
2001-04-26,3.504,3.531,3.4859,3.4895
2001-04-27,3.4876,3.5099,3.467,3.4832
2001-04-30,3.4718,3.4994,3.4528,3.4639
2001-05-01,3.4622,3.4677,3.4072,3.4225
2001-05-02,3.4218,3.4597,3.3794,3.3929
2001-05-03,3.4218,3.4218,3.3789,3.4107
2001-05-04,3.4129,3.4209,3.388,3.4138
2001-05-07,3.3932,3.4227,3.3932,3.4189
2001-05-08,3.4176,3.423,3.3825,3.4004
2001-05-09,3.4024,3.4102,3.3153,3.3222
2001-05-10,3.3314,3.3581,3.32,3.3416
2001-05-11,3.352,3.3704,3.3261,3.3588
2001-05-14,3.365,3.3934,3.3548,3.3785
2001-05-15,3.3811,3.4183,3.3811,3.406
2001-05-16,3.4038,3.4058,3.3742,3.3742
2001-05-17,3.3839,3.3964,3.3423,3.3589
2001-05-18,3.3589,3.3746,3.3467,3.3588
2001-05-21,3.3583,3.3861,3.3516,3.3757
2001-05-22,3.3754,3.383,3.3456,3.3653
2001-05-23,3.3669,3.3944,3.3621,3.385
2001-05-24,3.3807,3.4042,3.3176,3.3225
2001-05-25,3.3224,3.3563,3.3116,3.352
2001-05-28,3.3497,3.3578,3.334,3.3573
2001-05-29,3.356,3.3871,3.3477,3.3836
2001-05-30,3.3836,3.4265,3.3704,3.4193
2001-05-31,3.4219,3.4822,3.4149,3.4637
2001-06-01,3.4641,3.4743,3.4244,3.4615
2001-06-04,3.4654,3.4825,3.4235,3.4482
2001-06-05,3.4442,3.4532,3.4217,3.4249
2001-06-06,3.4317,3.4444,3.3598,3.3693
2001-06-07,3.3685,3.3882,3.3182,3.3402
2001-06-08,3.3434,3.3518,3.2815,3.2823
2001-06-11,3.2893,3.3205,3.2755,3.2884
2001-06-12,3.2901,3.3039,3.267,3.267
2001-06-13,3.2767,3.3039,3.2476,3.2918
2001-06-14,3.2897,3.3854,3.2866,3.3486
2001-06-15,3.3413,3.3795,3.3401,3.3725
2001-06-18,3.374,3.3984,3.3623,3.3875
2001-06-19,3.3899,3.3937,3.3642,3.3757
2001-06-20,3.3731,3.3943,3.3369,3.3714
2001-06-21,3.3729,3.4483,3.318,3.4282
2001-06-22,3.4349,3.4383,3.3708,3.4236
2001-06-25,3.4101,3.4402,3.4039,3.4197
2001-06-26,3.4168,3.4216,3.3592,3.3949
2001-06-27,3.3961,3.4254,3.3818,3.402
2001-06-28,3.4002,3.4812,3.398,3.4616
2001-06-29,3.4653,3.5028,3.4584,3.473
2001-07-02,3.4834,3.5025,3.4728,3.4794
2001-07-03,3.4819,3.4867,3.4243,3.4453
2001-07-04,3.4496,3.4672,3.4326,3.456
2001-07-05,3.4541,3.4826,3.4459,3.4744
2001-07-06,3.4716,3.502,3.4502,3.4899
2001-07-09,3.475,3.5137,3.4543,3.459
2001-07-10,3.4601,3.481,3.4518,3.467
2001-07-11,3.4736,3.4993,3.4565,3.4669
2001-07-12,3.4743,3.5012,3.461,3.4641
2001-07-13,3.4653,3.4742,3.4358,3.4533
2001-07-16,3.4383,3.45,3.4266,3.4431
2001-07-17,3.4475,3.4673,3.43,3.4428
2001-07-18,3.4384,3.4639,3.4279,3.4421
2001-07-19,3.4305,3.4581,3.4031,3.4524
2001-07-20,3.4597,3.5098,3.4433,3.4882
2001-07-23,3.4823,3.4889,3.4416,3.4729
2001-07-24,3.4701,3.476,3.4395,3.4441
2001-07-25,3.4485,3.477,3.4409,3.459
2001-07-26,3.4627,3.4717,3.4436,3.4632
2001-07-27,3.4612,3.476,3.4488,3.4532
2001-07-30,3.442,3.4928,3.4418,3.4534
2001-07-31,3.4548,3.4819,3.4431,3.4466
2001-08-01,3.4467,3.4711,3.4242,3.4336
2001-08-02,3.4324,3.4466,3.4098,3.4125
2001-08-03,3.419,3.4333,3.3883,3.4193
2001-08-06,3.4183,3.425,3.3784,3.3803
2001-08-07,3.3803,3.3913,3.3652,3.3808
2001-08-08,3.3808,3.388,3.3324,3.346
2001-08-09,3.347,3.3681,3.3186,3.3497
2001-08-10,3.3348,3.3783,3.3335,3.3442
2001-08-13,3.3466,3.3552,3.3151,3.3151
2001-08-14,3.3163,3.3365,3.312,3.3174
2001-08-15,3.3157,3.3267,3.2935,3.3174
2001-08-16,3.3186,3.3537,3.3063,3.3368
2001-08-17,3.3381,3.3539,3.2702,3.2902
2001-08-20,3.2885,3.3255,3.2672,3.3059
2001-08-21,3.3035,3.337,3.295,3.3004
2001-08-22,3.3116,3.3286,3.2473,3.2811
2001-08-23,3.2863,3.3081,3.2642,3.2823
2001-08-24,3.2835,3.3006,3.2644,3.27
2001-08-27,3.2665,3.2995,3.2489,3.2926
2001-08-28,3.2946,3.343,3.2693,3.2962
2001-08-29,3.2941,3.3076,3.2822,3.3008
2001-08-30,3.3013,3.3166,3.2878,3.294
2001-08-31,3.3013,3.3193,3.2891,3.3074
2001-09-03,3.3083,3.3386,3.2851,3.3264
2001-09-04,3.3259,3.3522,3.309,3.3435
2001-09-05,3.3444,3.3764,3.3064,3.3714
2001-09-06,3.3713,3.3812,3.3233,3.3461
2001-09-07,3.3437,3.3779,3.3366,3.3608
2001-09-10,3.3673,3.4168,3.3278,3.3801
2001-09-11,3.382,3.4304,3.3476,3.4038
2001-09-12,3.4231,3.4583,3.4068,3.4386
2001-09-13,3.4381,3.5036,3.4319,3.468
2001-09-14,3.471,3.5062,3.4583,3.4721
2001-09-17,3.4808,3.5898,3.4768,3.5552
2001-09-18,3.5648,3.5996,3.5397,3.5493
2001-09-19,3.5488,3.5881,3.5488,3.566
2001-09-20,3.5639,3.5777,3.5401,3.5584
2001-09-21,3.561,3.6353,3.5463,3.6206
2001-09-24,3.6084,3.68,3.5812,3.6393
2001-09-25,3.6299,3.6406,3.5805,3.6125
2001-09-26,3.614,3.6485,3.5915,3.6457
2001-09-27,3.6405,3.6942,3.6301,3.6735
2001-09-28,3.6824,3.6938,3.5927,3.6199
2001-10-01,3.6199,3.6626,3.6151,3.6348
2001-10-02,3.6392,3.6646,3.6014,3.6116
2001-10-03,3.6238,3.6386,3.5952,3.6094
2001-10-04,3.6239,3.6326,3.5809,3.6007
2001-10-05,3.6108,3.6157,3.5417,3.5774
2001-10-08,3.579,3.5887,3.5286,3.5317
2001-10-09,3.5347,3.551,3.5217,3.5353
2001-10-10,3.5352,3.5459,3.4994,3.5067
2001-10-11,3.5108,3.5346,3.476,3.5166
2001-10-12,3.5166,3.5166,3.4673,3.4957
2001-10-15,3.4579,3.4601,3.4322,3.4365
2001-10-16,3.4418,3.4855,3.4319,3.4579
2001-10-17,3.4599,3.4826,3.4301,3.4607
2001-10-18,3.4604,3.4893,3.4539,3.4675
2001-10-19,3.4671,3.4813,3.4372,3.4377
2001-10-22,3.4345,3.4439,3.3999,3.4013
2001-10-23,3.4009,3.4214,3.3927,3.3988
2001-10-24,3.4071,3.4249,3.3975,3.4163
2001-10-25,3.4181,3.4643,3.4088,3.4576
2001-10-26,3.4574,3.4869,3.4507,3.4812
2001-10-29,3.5012,3.5447,3.483,3.5158
2001-10-30,3.5124,3.525,3.4882,3.5064
2001-10-31,3.5136,3.551,3.4957,3.5359
2001-11-01,3.5411,3.5411,3.4887,3.5159
2001-11-02,3.5135,3.5483,3.5072,3.5155
2001-11-05,3.5168,3.5275,3.493,3.5044
2001-11-06,3.5082,3.5105,3.4614,3.4686
2001-11-07,3.4667,3.5014,3.4627,3.4881
2001-11-08,3.4785,3.4971,3.458,3.458
2001-11-09,3.4579,3.4877,3.4533,3.4759
2001-11-12,3.446,3.4662,3.4308,3.4553
2001-11-13,3.4414,3.4611,3.4014,3.4141
2001-11-14,3.4062,3.4421,3.3861,3.4294
2001-11-15,3.4324,3.4501,3.4152,3.4316
2001-11-16,3.4319,3.4521,3.4192,3.4348
2001-11-19,3.4219,3.4346,3.3851,3.3865
2001-11-20,3.3951,3.4291,3.3922,3.418
2001-11-21,3.4133,3.459,3.4111,3.4531
2001-11-22,3.4512,3.4657,3.4366,3.444
2001-11-23,3.4366,3.4538,3.415,3.4335
2001-11-26,3.4273,3.4445,3.4108,3.4134
2001-11-27,3.4072799999999996,3.4537799999999996,3.4064799999999997,3.44738
2001-11-28,3.44738,3.47288,3.4369799999999997,3.4638799999999996
2001-11-29,3.4638799999999996,3.4638799999999996,3.41708,3.4213799999999996
2001-11-30,3.4213799999999996,3.42868,3.42088,3.42828
2001-12-03,3.42658,3.4527799999999997,3.4146799999999997,3.4493799999999997
2001-12-04,3.4493799999999997,3.46018,3.43098,3.45598
2001-12-05,3.45598,3.46358,3.40528,3.40998
2001-12-06,3.40998,3.44238,3.4020799999999998,3.4262799999999998
2001-12-07,3.4262799999999998,3.46248,3.41668,3.4609799999999997
2001-12-10,3.4609799999999997,3.4678799999999996,3.4363799999999998,3.4645799999999998
2001-12-11,3.4645799999999998,3.4687799999999998,3.4295799999999996,3.45608
2001-12-12,3.45608,3.45608,3.42108,3.44398
2001-12-13,3.44398,3.46548,3.43388,3.43628
2001-12-14,3.43628,3.49158,3.43558,3.47658
2001-12-17,3.47628,3.5139799999999997,3.4687799999999998,3.51158
2001-12-18,3.51158,3.51158,3.48058,3.49878
2001-12-19,3.49878,3.50648,3.47268,3.50078
2001-12-20,3.50078,3.53448,3.4872799999999997,3.53298
2001-12-21,3.53298,3.54188,3.4390799999999997,3.45798
2001-12-24,3.45798,3.49518,3.45308,3.4767799999999998
2001-12-26,3.4767799999999998,3.51248,3.4767799999999998,3.50448
2001-12-27,3.50448,3.51748,3.48028,3.49848
2001-12-28,3.49848,3.52238,3.47898,3.4954799999999997
2001-12-31,3.4954799999999997,3.50318,3.48298,3.4969799999999998
2002-01-02,3.4969799999999998,3.4988799999999998,3.4064799999999997,3.42188
2002-01-03,3.42188,3.43608,3.37608,3.39138
2002-01-04,3.39138,3.39188,3.35378,3.37018
2002-01-07,3.37018,3.3847799999999997,3.35438,3.3721799999999997
2002-01-08,3.3721799999999997,3.38638,3.32908,3.34338
2002-01-09,3.34338,3.37348,3.34138,3.3580799999999997
2002-01-10,3.3580799999999997,3.3931799999999996,3.35518,3.3818799999999998
2002-01-11,3.3818799999999998,3.4222799999999998,3.3744799999999997,3.4182799999999998
2002-01-14,3.4182799999999998,3.43918,3.41818,3.43328
2002-01-15,3.43328,3.43668,3.40218,3.41408
2002-01-16,3.41408,3.43198,3.40278,3.4249799999999997
2002-01-17,3.4249799999999997,3.43858,3.39918,3.40388
2002-01-18,3.40388,3.41628,3.38958,3.3952799999999996
2002-01-21,3.3952799999999996,3.39978,3.34278,3.34738
2002-01-22,3.34738,3.3519799999999997,3.3186799999999996,3.33018
2002-01-23,3.33018,3.3468799999999996,3.32178,3.33758
2002-01-24,3.33758,3.3542799999999997,3.32528,3.34308
2002-01-25,3.34308,3.3521799999999997,3.32098,3.32488
2002-01-28,3.32488,3.34908,3.31918,3.33728
2002-01-29,3.33728,3.3698799999999998,3.3294799999999998,3.36888
2002-01-30,3.36888,3.41978,3.3658799999999998,3.4022799999999997
2002-01-31,3.4022799999999997,3.42428,3.38068,3.3889799999999997
2002-02-01,3.3889799999999997,3.4045799999999997,3.37538,3.39288
2002-02-04,3.39288,3.41478,3.3807799999999997,3.4068799999999997
2002-02-05,3.4068799999999997,3.4144799999999997,3.38828,3.40378
2002-02-06,3.40378,3.4066799999999997,3.37818,3.39168
2002-02-07,3.39168,3.4131799999999997,3.3828799999999997,3.39388
2002-02-08,3.39388,3.39968,3.37348,3.38698
2002-02-11,3.38698,3.3950799999999997,3.3643799999999997,3.38168
2002-02-12,3.38168,3.43998,3.38168,3.43418
2002-02-13,3.43418,3.4449799999999997,3.41558,3.4228799999999997
2002-02-14,3.4228799999999997,3.4268799999999997,3.38488,3.3883799999999997
2002-02-15,3.3883799999999997,3.40828,3.3828799999999997,3.38968
2002-02-18,3.39628,3.39958,3.38048,3.38698
2002-02-19,3.38698,3.40868,3.3822799999999997,3.3986799999999997
2002-02-20,3.3986799999999997,3.4121799999999998,3.39158,3.3980799999999998
2002-02-21,3.3980799999999998,3.42208,3.3845799999999997,3.40768
2002-02-22,3.40768,3.43418,3.40108,3.43248
2002-02-25,3.43158,3.43778,3.4123799999999997,3.41898
2002-02-26,3.41898,3.4262799999999998,3.3849799999999997,3.39878
2002-02-27,3.39878,3.40028,3.3698799999999998,3.38658
2002-02-28,3.38658,3.3902799999999997,3.35128,3.3630799999999996
2002-03-01,3.3630799999999996,3.37708,3.34298,3.34768
2002-03-04,3.33108,3.35548,3.32158,3.35078
2002-03-05,3.35078,3.35568,3.33128,3.35248
2002-03-06,3.35248,3.35818,3.31398,3.32118
2002-03-07,3.32118,3.3496799999999998,3.29588,3.3176799999999997
2002-03-08,3.3176799999999997,3.3380799999999997,3.29148,3.30448
2002-03-11,3.3016799999999997,3.33648,3.3016799999999997,3.32048
2002-03-12,3.32048,3.33098,3.2732799999999997,3.29738
2002-03-13,3.29738,3.3058799999999997,3.2873799999999997,3.29968
2002-03-14,3.29968,3.3138799999999997,3.2917799999999997,3.2942799999999997
2002-03-15,3.2942799999999997,3.29888,3.2555799999999997,3.26048
2002-03-18,3.26088,3.28248,3.2601799999999996,3.2774799999999997
2002-03-19,3.2774799999999997,3.29818,3.2671799999999998,3.29478
2002-03-20,3.29478,3.29628,3.22728,3.24438
2002-03-21,3.24438,3.26288,3.22918,3.25528
2002-03-22,3.25528,3.2635799999999997,3.23428,3.2574799999999997
2002-03-25,3.26328,3.26408,3.2429799999999998,3.2618799999999997
2002-03-26,3.2618799999999997,3.28078,3.25358,3.27188
2002-03-27,3.27188,3.2780799999999997,3.26598,3.27418
2002-03-28,3.27418,3.27648,3.2296799999999997,3.23468
2002-03-29,3.23468,3.2427799999999998,3.22998,3.2370799999999997
2002-04-01,3.2372799999999997,3.26768,3.22408,3.25888
2002-04-02,3.25888,3.27698,3.24728,3.25298
2002-04-03,3.25298,3.28768,3.25238,3.26458
2002-04-04,3.26458,3.28278,3.2515799999999997,3.26028
2002-04-05,3.26028,3.28478,3.2475799999999997,3.27928
2002-04-08,3.27468,3.32638,3.27378,3.29928
2002-04-09,3.29928,3.30448,3.27888,3.30048
2002-04-10,3.30048,3.30368,3.2797799999999997,3.28298
2002-04-11,3.28298,3.28348,3.24228,3.2532799999999997
2002-04-12,3.2532799999999997,3.25698,3.2328799999999998,3.2469799999999998
2002-04-15,3.24518,3.28138,3.24518,3.28058
2002-04-16,3.28058,3.28268,3.2631799999999997,3.2656799999999997
2002-04-17,3.2656799999999997,3.2751799999999998,3.2332799999999997,3.2479799999999996
2002-04-18,3.2479799999999996,3.26278,3.2420799999999996,3.24328
2002-04-19,3.24328,3.24618,3.22348,3.2326799999999998
2002-04-22,3.2332799999999997,3.2519799999999996,3.23168,3.24628
2002-04-23,3.24628,3.25258,3.23298,3.24818
2002-04-24,3.24818,3.25628,3.2254799999999997,3.2294799999999997
2002-04-25,3.2294799999999997,3.2427799999999998,3.22018,3.23658
2002-04-26,3.23658,3.25528,3.2212799999999997,3.2326799999999998
2002-04-29,3.23588,3.27148,3.23008,3.2612799999999997
2002-04-30,3.2612799999999997,3.27018,3.25108,3.25908
2002-05-01,3.25908,3.2755799999999997,3.24848,3.26288
2002-05-02,3.26288,3.29248,3.2610799999999998,3.28498
2002-05-03,3.28498,3.2938799999999997,3.2696799999999997,3.27508
2002-05-06,3.2742799999999996,3.28748,3.2698799999999997,3.28028
2002-05-07,3.28028,3.28048,3.25298,3.27288
2002-05-08,3.27288,3.2751799999999998,3.2334799999999997,3.25188
2002-05-09,3.25188,3.25838,3.2250799999999997,3.23108
2002-05-10,3.23108,3.24618,3.21928,3.2296799999999997
2002-05-13,3.2296799999999997,3.23948,3.1926799999999997,3.19588
2002-05-14,3.19588,3.20498,3.17548,3.1842799999999998
2002-05-15,3.1842799999999998,3.18918,3.16228,3.1825799999999997
2002-05-16,3.1825799999999997,3.18768,3.1551799999999997,3.1644799999999997
2002-05-17,3.1644799999999997,3.1713799999999996,3.13758,3.1387799999999997
2002-05-20,3.1423799999999997,3.15048,3.1160799999999997,3.11928
2002-05-21,3.11928,3.1366799999999997,3.11258,3.12188
2002-05-22,3.12188,3.12978,3.0657799999999997,3.07998
2002-05-23,3.07998,3.11258,3.05328,3.0834799999999998
2002-05-24,3.0834799999999998,3.1198799999999998,3.0804799999999997,3.10078
2002-05-27,3.10078,3.10078,3.06738,3.07918
2002-05-28,3.07918,3.0842799999999997,3.06208,3.0695799999999998
2002-05-29,3.0695799999999998,3.07238,3.0484799999999996,3.06458
2002-05-30,3.06458,3.0884799999999997,3.05448,3.0834799999999998
2002-05-31,3.0834799999999998,3.0941799999999997,3.02678,3.0320799999999997
2002-06-03,3.0320799999999997,3.04088,3.0038799999999997,3.0061799999999996
2002-06-04,3.0061799999999996,3.00988,2.95628,2.9809799999999997
2002-06-05,2.9809799999999997,3.0040799999999996,2.95438,2.98628
2002-06-06,2.98628,2.9870799999999997,2.9617799999999996,2.96928
2002-06-07,2.96928,2.9948799999999998,2.96588,2.99038
2002-06-10,2.99038,3.0030799999999997,2.98378,2.9952799999999997
2002-06-11,2.9952799999999997,3.02508,2.9870799999999997,3.01248
2002-06-12,3.01248,3.01598,2.98238,2.9958799999999997
2002-06-13,2.9958799999999997,3.02088,2.97408,3.01618
2002-06-14,3.01618,3.0644799999999996,3.00488,3.05668
2002-06-17,3.05668,3.06698,3.0419799999999997,3.05808
2002-06-18,3.05808,3.0739799999999997,3.03638,3.0615799999999997
2002-06-19,3.0615799999999997,3.07368,3.0432799999999998,3.0598799999999997
2002-06-20,3.0598799999999997,3.0680799999999997,3.0417799999999997,3.04468
2002-06-21,3.04468,3.05048,3.01058,3.01488
2002-06-24,3.01488,3.09448,2.99638,3.05328
2002-06-25,3.05328,3.08058,3.0423799999999996,3.0564799999999996
2002-06-26,3.0564799999999996,3.16348,3.03748,3.13698
2002-06-27,3.13698,3.1488799999999997,3.09828,3.11718
2002-06-28,3.11718,3.1509799999999997,3.1057799999999998,3.14748
2002-07-01,3.14748,3.16158,3.14208,3.14478
2002-07-02,3.14478,3.15598,3.13088,3.14648
2002-07-03,3.14648,3.14818,3.1160799999999997,3.12758
2002-07-04,3.12758,3.16628,3.12348,3.1522799999999997
2002-07-05,3.1522799999999997,3.16518,3.1183799999999997,3.1360799999999998
2002-07-08,3.1360799999999998,3.14788,3.11618,3.14538
2002-07-09,3.14538,3.16138,3.13218,3.1492799999999996
2002-07-10,3.1492799999999996,3.18288,3.13908,3.17238
2002-07-11,3.17238,3.2252799999999997,3.17188,3.21658
2002-07-12,3.21658,3.23568,3.17888,3.2056799999999996
2002-07-15,3.2056799999999996,3.24748,3.18038,3.23588
2002-07-16,3.23588,3.25378,3.21968,3.24178
2002-07-17,3.24178,3.27078,3.23188,3.26428
2002-07-18,3.26428,3.2669799999999998,3.2437799999999997,3.26268
2002-07-19,3.26268,3.26808,3.2319799999999996,3.2359799999999996
2002-07-22,3.2359799999999996,3.2993799999999998,3.22608,3.29228
2002-07-23,3.29228,3.32318,3.2700799999999997,3.31098
2002-07-24,3.31098,3.40108,3.30008,3.32928
2002-07-25,3.32928,3.40968,3.32408,3.4022799999999997
2002-07-26,3.4022799999999997,3.41538,3.3742799999999997,3.38358
2002-07-29,3.38358,3.39588,3.3197799999999997,3.3321799999999997
2002-07-30,3.3321799999999997,3.3679799999999998,3.31278,3.3662799999999997
2002-07-31,3.3662799999999997,3.36848,3.30678,3.35908
2002-08-01,3.35908,3.38178,3.33648,3.37188
2002-08-02,3.37188,3.40158,3.35338,3.38328
2002-08-05,3.38328,3.4287799999999997,3.37078,3.41588
2002-08-06,3.41588,3.4476799999999996,3.3982799999999997,3.3982799999999997
2002-08-07,3.3982799999999997,3.43808,3.37118,3.38278
2002-08-08,3.38278,3.38678,3.35308,3.36748
2002-08-09,3.36748,3.38258,3.31188,3.32728
2002-08-12,3.32728,3.3405799999999997,3.29078,3.30448
2002-08-13,3.30448,3.33858,3.29148,3.3376799999999998
2002-08-14,3.3376799999999998,3.38408,3.32388,3.32788
2002-08-15,3.32788,3.33688,3.27798,3.30108
2002-08-16,3.30108,3.3174799999999998,3.2702799999999996,3.29128
2002-08-19,3.29128,3.30488,3.26918,3.28098
2002-08-20,3.28098,3.2814799999999997,3.2433799999999997,3.25548
2002-08-21,3.25548,3.29878,3.24458,3.2852799999999998
2002-08-22,3.2852799999999998,3.2980799999999997,3.26328,3.26618
2002-08-23,3.26618,3.2675799999999997,3.24538,3.2639799999999997
2002-08-26,3.2639799999999997,3.26648,3.2467799999999998,3.2467799999999998
2002-08-27,3.2467799999999998,3.2515799999999997,3.2237799999999996,3.24768
2002-08-28,3.24768,3.28428,3.23398,3.26858
2002-08-29,3.26858,3.32118,3.26428,3.30538
2002-08-30,3.30538,3.3186799999999996,3.2896799999999997,3.3064799999999996
2002-09-02,3.30718,3.3184799999999997,3.29098,3.29528
2002-09-03,3.29528,3.35798,3.29498,3.35078
2002-09-04,3.35078,3.37348,3.3424799999999997,3.3588799999999996
2002-09-05,3.3588799999999996,3.38178,3.35208,3.36128
2002-09-06,3.36128,3.3778799999999998,3.30848,3.31688
2002-09-09,3.31688,3.3340799999999997,3.3094799999999998,3.31168
2002-09-10,3.31168,3.32318,3.28938,3.3064799999999996
2002-09-11,3.3064799999999996,3.32618,3.2879799999999997,3.29338
2002-09-12,3.29338,3.2953799999999998,3.2595799999999997,3.28488
2002-09-13,3.28488,3.30448,3.27448,3.2751799999999998
2002-09-16,3.2751799999999998,3.2938799999999997,3.2717799999999997,3.2719799999999997
2002-09-17,3.2719799999999997,3.2837799999999997,3.25208,3.28278
2002-09-18,3.28278,3.3157799999999997,3.2677799999999997,3.29038
2002-09-19,3.29038,3.3083799999999997,3.2669799999999998,3.2831799999999998
2002-09-20,3.2831799999999998,3.31188,3.28048,3.30618
2002-09-23,3.30618,3.33148,3.28788,3.30958
2002-09-24,3.30958,3.3226799999999996,3.30448,3.31918
2002-09-25,3.31918,3.32768,3.3005799999999996,3.3005799999999996
2002-09-26,3.3005799999999996,3.3639799999999997,3.28408,3.3153799999999998
2002-09-27,3.3153799999999998,3.32618,3.2917799999999997,3.3159799999999997
2002-09-30,3.3159799999999997,3.3580799999999997,3.31548,3.3437799999999998
2002-10-01,3.3437799999999998,3.3710799999999996,3.29968,3.3052799999999998
2002-10-02,3.3052799999999998,3.3195799999999998,3.2837799999999997,3.3195799999999998
2002-10-03,3.3195799999999998,3.32008,3.2795799999999997,3.29108
2002-10-04,3.29108,3.29678,3.2652799999999997,3.26638
2002-10-07,3.26638,3.27248,3.2275799999999997,3.2389799999999997
2002-10-08,3.2389799999999997,3.25058,3.22238,3.23128
2002-10-09,3.23128,3.26388,3.22658,3.25508
2002-10-10,3.25508,3.27798,3.2536799999999997,3.2614799999999997
2002-10-11,3.2614799999999997,3.2742799999999996,3.2410799999999997,3.24828
2002-10-14,3.24828,3.2717799999999997,3.24648,3.2576799999999997
2002-10-15,3.2576799999999997,3.27868,3.23188,3.23848
2002-10-16,3.23848,3.2517799999999997,3.22848,3.23798
2002-10-17,3.23798,3.24058,3.21658,3.21928
2002-10-18,3.21928,3.22608,3.20188,3.21508
2002-10-21,3.21508,3.22258,3.18518,3.18818
2002-10-22,3.18818,3.2075799999999997,3.1842799999999998,3.19618
2002-10-23,3.19618,3.20838,3.18388,3.19998
2002-10-24,3.19998,3.20308,3.1724799999999997,3.19948
2002-10-25,3.19948,3.2048799999999997,3.18498,3.18518
2002-10-28,3.18518,3.19448,3.16808,3.19048
2002-10-29,3.19048,3.21658,3.18058,3.2052799999999997
2002-10-30,3.2052799999999997,3.23568,3.20008,3.23088
2002-10-31,3.23088,3.2336799999999997,3.21428,3.2195799999999997
2002-11-01,3.2195799999999997,3.2248799999999997,3.17908,3.17978
2002-11-04,3.17978,3.1913799999999997,3.1263799999999997,3.13888
2002-11-05,3.13888,3.1570799999999997,3.12688,3.15358
2002-11-06,3.15358,3.1650799999999997,3.13538,3.14168
2002-11-07,3.14168,3.1707799999999997,3.13568,3.1629799999999997
2002-11-08,3.1629799999999997,3.20628,3.1543799999999997,3.2048799999999997
2002-11-11,3.2048799999999997,3.22838,3.20368,3.21618
2002-11-12,3.21618,3.22658,3.20898,3.2246799999999998
2002-11-13,3.2246799999999998,3.22958,3.18538,3.19048
2002-11-14,3.19048,3.1987799999999997,3.14608,3.15358
2002-11-15,3.15358,3.1654799999999996,3.14798,3.16138
2002-11-18,3.16138,3.18958,3.16138,3.1835799999999996
2002-11-19,3.1835799999999996,3.2073799999999997,3.1726799999999997,3.18668
2002-11-20,3.18668,3.19848,3.15108,3.15188
2002-11-21,3.15188,3.15928,3.12268,3.14358
2002-11-22,3.14358,3.15388,3.13468,3.14098
2002-11-25,3.14098,3.1463799999999997,3.12928,3.13588
2002-11-26,3.13588,3.1513799999999996,3.11908,3.13028
2002-11-27,3.13028,3.1587799999999997,3.11278,3.1349799999999997
2002-11-28,3.1349799999999997,3.14898,3.1271799999999996,3.14158
2002-11-29,3.14158,3.14538,3.11698,3.12458
2002-12-02,3.12458,3.1349799999999997,3.09138,3.1278799999999998
2002-12-03,3.1278799999999998,3.1602799999999998,3.11278,3.15218
2002-12-04,3.15218,3.1581799999999998,3.1305799999999997,3.1349799999999997
2002-12-05,3.1349799999999997,3.14168,3.1202799999999997,3.1305799999999997
2002-12-06,3.1305799999999997,3.1610799999999997,3.12318,3.14178
2002-12-09,3.14178,3.14728,3.12978,3.1345799999999997
2002-12-10,3.1345799999999997,3.14458,3.11238,3.13758
2002-12-11,3.13758,3.14368,3.1248799999999997,3.14038
2002-12-12,3.14038,3.14348,3.09198,3.11358
2002-12-13,3.11358,3.11538,3.08308,3.09318
2002-12-16,3.09318,3.10518,3.08488,3.09428
2002-12-17,3.09428,3.1025799999999997,3.07768,3.09238
2002-12-18,3.09238,3.12498,3.08698,3.1206799999999997
2002-12-19,3.1206799999999997,3.12798,3.0941799999999997,3.10728
2002-12-20,3.10728,3.13168,3.08878,3.10898
2002-12-23,3.10898,3.11928,3.0783799999999997,3.0943799999999997
2002-12-24,3.0943799999999997,3.09918,3.0815799999999998,3.0884799999999997
2002-12-26,3.0884799999999997,3.0947799999999996,3.0798799999999997,3.0897799999999997
2002-12-27,3.0897799999999997,3.10548,3.0821799999999997,3.08758
2002-12-30,3.08758,3.0947799999999996,3.04678,3.0472799999999998
2002-12-31,3.0472799999999998,3.08248,3.04078,3.08098
2003-01-02,3.08098,3.08098,3.04568,3.0497799999999997
2003-01-03,3.0497799999999997,3.06518,3.03918,3.0463799999999996
2003-01-06,3.0463799999999996,3.06188,3.01278,3.0236799999999997
2003-01-07,3.0236799999999997,3.03058,3.0070799999999998,3.02718
2003-01-08,3.02718,3.04738,3.01808,3.02588
2003-01-09,3.02588,3.0322799999999996,3.01028,3.02448
2003-01-10,3.02448,3.02688,2.98528,2.98568
2003-01-13,2.98568,3.0038799999999997,2.95238,2.9556799999999996
2003-01-14,2.9556799999999996,2.9891799999999997,2.9537799999999996,2.9769799999999997
2003-01-15,2.9769799999999997,2.9872799999999997,2.9611799999999997,2.97808
2003-01-16,2.97808,2.97848,2.94778,2.95268
2003-01-17,2.95268,2.9577799999999996,2.91668,2.92388
2003-01-20,2.92388,2.93178,2.90388,2.90738
2003-01-21,2.90738,2.9714799999999997,2.90638,2.96408
2003-01-22,2.96408,2.9990799999999997,2.9470799999999997,2.9973799999999997
2003-01-23,2.9973799999999997,3.0032799999999997,2.95408,2.96038
2003-01-24,2.96038,2.9796799999999997,2.9375799999999996,2.96948
2003-01-27,2.96948,2.99198,2.9668799999999997,2.98628
2003-01-28,2.98628,3.0089799999999998,2.98448,3.00108
2003-01-29,3.00108,3.01558,2.9937799999999997,3.00038
2003-01-30,3.00038,3.0413799999999998,2.9979799999999996,3.02948
2003-01-31,3.02948,3.04458,3.01448,3.02498
2003-02-03,3.02498,3.0417799999999997,3.01268,3.02058
2003-02-04,3.02058,3.02258,2.99838,3.00238
2003-02-05,3.00238,3.00878,2.9895799999999997,2.9912799999999997
2003-02-06,2.9912799999999997,3.00928,2.9775799999999997,2.98628
2003-02-07,2.98628,2.98758,2.9638799999999996,2.9693799999999997
2003-02-10,2.9693799999999997,2.9771799999999997,2.95388,2.9556799999999996
2003-02-11,2.9556799999999996,2.9794799999999997,2.9365799999999997,2.94128
2003-02-12,2.94128,2.95408,2.92848,2.9531799999999997
2003-02-13,2.9531799999999997,2.9569799999999997,2.91688,2.9243799999999998
2003-02-14,2.9243799999999998,2.93788,2.91388,2.92148
2003-02-17,2.92148,2.93158,2.89918,2.9072799999999996
2003-02-18,2.9072799999999996,2.91578,2.8887799999999997,2.89538
2003-02-19,2.89538,2.8984799999999997,2.8809799999999997,2.8864799999999997
2003-02-20,2.8864799999999997,2.89268,2.8506799999999997,2.85458
2003-02-21,2.85458,2.85968,2.82688,2.83148
2003-02-24,2.83148,2.8361799999999997,2.7978799999999997,2.80958
2003-02-25,2.80958,2.81418,2.7776799999999997,2.7900799999999997
2003-02-26,2.7900799999999997,2.81098,2.7871799999999998,2.80238
2003-02-27,2.80238,2.8174799999999998,2.78638,2.81338
2003-02-28,2.81338,2.8401799999999997,2.8083799999999997,2.8136799999999997
2003-03-03,2.8136799999999997,2.82958,2.80468,2.81208
2003-03-04,2.81208,2.8281799999999997,2.80668,2.82288
2003-03-05,2.82288,2.84768,2.82288,2.82448
2003-03-06,2.82448,2.85208,2.82388,2.84178
2003-03-07,2.84178,2.8580799999999997,2.8237799999999997,2.85078
2003-03-10,2.85078,2.8683799999999997,2.8264799999999997,2.8645799999999997
2003-03-11,2.8645799999999997,2.90828,2.85338,2.90008
2003-03-12,2.90008,2.9527799999999997,2.89328,2.9476799999999996
2003-03-13,2.9476799999999996,2.97078,2.9230799999999997,2.92448
2003-03-14,2.92448,2.9392799999999997,2.86618,2.87188
2003-03-17,2.87188,2.88318,2.85098,2.86178
2003-03-18,2.86178,2.87968,2.84848,2.85338
2003-03-19,2.85338,2.87358,2.82488,2.85348
2003-03-20,2.85348,2.8717799999999998,2.82078,2.8323799999999997
2003-03-21,2.8323799999999997,2.8628799999999996,2.82308,2.8422799999999997
2003-03-24,2.8422799999999997,2.86548,2.82998,2.85498
2003-03-25,2.85498,2.86488,2.84128,2.86448
2003-03-26,2.86448,2.8883799999999997,2.85518,2.8759799999999998
2003-03-27,2.8759799999999998,2.8866799999999997,2.8405799999999997,2.84598
2003-03-28,2.84598,2.8689799999999996,2.83948,2.86008
2003-03-31,2.86008,2.86538,2.8422799999999997,2.85098
2003-04-01,2.85098,2.86108,2.8380799999999997,2.84718
2003-04-02,2.84718,2.8649799999999996,2.8340799999999997,2.8422799999999997
2003-04-03,2.8422799999999997,2.8790799999999996,2.83518,2.87058
2003-04-04,2.87058,2.90508,2.86138,2.88748
2003-04-07,2.88748,2.92048,2.86068,2.87128
2003-04-08,2.87128,2.88728,2.8437799999999998,2.85438
2003-04-09,2.85438,2.8641799999999997,2.8367799999999996,2.8542799999999997
2003-04-10,2.8542799999999997,2.8860799999999998,2.85108,2.8738799999999998
2003-04-11,2.8738799999999998,2.89148,2.8698799999999998,2.8799799999999998
2003-04-14,2.8799799999999998,2.8912799999999996,2.86908,2.87188
2003-04-15,2.87188,2.8883799999999997,2.83338,2.8422799999999997
2003-04-16,2.8422799999999997,2.8462799999999997,2.82318,2.83548
2003-04-17,2.83548,2.85098,2.8199799999999997,2.82128
2003-04-18,2.82128,2.83908,2.82108,2.82298
2003-04-21,2.82298,2.83688,2.80558,2.81758
2003-04-22,2.81758,2.82738,2.80728,2.81078
2003-04-23,2.81078,2.84788,2.8052799999999998,2.84368
2003-04-24,2.84368,2.88488,2.84258,2.8771799999999996
2003-04-25,2.8771799999999996,2.88758,2.8639799999999997,2.86978
2003-04-28,2.86978,2.88028,2.85248,2.8578799999999998
2003-04-29,2.8578799999999998,2.87228,2.8498799999999997,2.85498
2003-04-30,2.85498,2.86998,2.84528,2.8504799999999997
2003-05-01,2.8504799999999997,2.87748,2.8424799999999997,2.85908
2003-05-02,2.85908,2.86758,2.84338,2.84738
2003-05-05,2.84738,2.8525799999999997,2.8287799999999996,2.8321799999999997
2003-05-06,2.8321799999999997,2.84218,2.8094799999999998,2.8146799999999996
2003-05-07,2.8146799999999996,2.8361799999999997,2.7940799999999997,2.81458
2003-05-08,2.81458,2.82308,2.78098,2.7904799999999996
2003-05-09,2.7904799999999996,2.80158,2.7751799999999998,2.78458
2003-05-12,2.78458,2.7904799999999996,2.76638,2.77588
2003-05-13,2.77588,2.80368,2.77458,2.79258
2003-05-14,2.79258,2.82518,2.79068,2.81288
2003-05-15,2.81288,2.84678,2.8083799999999997,2.84028
2003-05-16,2.84028,2.8479799999999997,2.78668,2.79298
2003-05-19,2.79298,2.81608,2.77208,2.79928
2003-05-20,2.79928,2.80978,2.79058,2.7993799999999998
2003-05-21,2.7993799999999998,2.8205799999999996,2.78768,2.8155799999999997
2003-05-22,2.8155799999999997,2.8239799999999997,2.7972799999999998,2.8045799999999996
2003-05-23,2.8045799999999996,2.8256799999999997,2.79968,2.8012799999999998
2003-05-26,2.8012799999999998,2.8201799999999997,2.79038,2.79798
2003-05-27,2.79798,2.82448,2.79718,2.8205799999999996
2003-05-28,2.8205799999999996,2.85458,2.81478,2.84138
2003-05-29,2.84138,2.88158,2.83688,2.85818
2003-05-30,2.85818,2.8666799999999997,2.83378,2.83498
2003-06-02,2.83498,2.8416799999999998,2.8125799999999996,2.82538
2003-06-03,2.82538,2.83288,2.79608,2.8075799999999997
2003-06-04,2.8075799999999997,2.81728,2.79318,2.80998
2003-06-05,2.80998,2.8824799999999997,2.79918,2.8717799999999998
2003-06-06,2.8717799999999998,2.89118,2.86068,2.87878
2003-06-09,2.87878,2.89548,2.85208,2.87268
2003-06-10,2.87268,2.88958,2.86678,2.8826799999999997
2003-06-11,2.8826799999999997,2.9011799999999996,2.8765799999999997,2.88738
2003-06-12,2.88738,2.90318,2.8771799999999996,2.88378
2003-06-13,2.88378,2.89308,2.87268,2.88048
2003-06-16,2.88048,2.8986799999999997,2.87138,2.87878
2003-06-17,2.87878,2.8986799999999997,2.8721799999999997,2.88128
2003-06-18,2.88128,2.89018,2.85968,2.8687799999999997
2003-06-19,2.8687799999999997,2.88758,2.86518,2.88338
2003-06-20,2.88338,2.88388,2.8416799999999998,2.8462799999999997
2003-06-23,2.8462799999999997,2.8641799999999997,2.81898,2.84468
2003-06-24,2.84468,2.8582799999999997,2.83128,2.83588
2003-06-25,2.83588,2.8647799999999997,2.8304799999999997,2.85778
2003-06-26,2.85778,2.87878,2.8416799999999998,2.87018
2003-06-27,2.87018,2.87038,2.8243799999999997,2.8323799999999997
2003-06-30,2.8323799999999997,2.84578,2.81278,2.81778
2003-07-01,2.81778,2.82138,2.78518,2.8041799999999997
2003-07-02,2.8041799999999997,2.8117799999999997,2.7877799999999997,2.79628
2003-07-03,2.79628,2.81528,2.7923799999999996,2.80028
2003-07-04,2.80028,2.81038,2.7934799999999997,2.80088
2003-07-07,2.80088,2.8060799999999997,2.74068,2.74748
2003-07-08,2.74748,2.79128,2.74498,2.7715799999999997
2003-07-09,2.7715799999999997,2.7932799999999998,2.75648,2.7839799999999997
2003-07-10,2.7839799999999997,2.84148,2.75208,2.77108
2003-07-11,2.77108,2.7923799999999996,2.74598,2.75448
2003-07-14,2.75448,2.76998,2.73648,2.73678
2003-07-15,2.73678,2.76878,2.7336799999999997,2.74118
2003-07-16,2.74118,2.75548,2.71928,2.73528
2003-07-17,2.73528,2.74558,2.71928,2.7414799999999997
2003-07-18,2.7414799999999997,2.80898,2.73988,2.77658
2003-07-21,2.77658,2.78938,2.75278,2.7791799999999998
2003-07-22,2.7791799999999998,2.79358,2.76088,2.7753799999999997
2003-07-23,2.7753799999999997,2.7871799999999998,2.76138,2.76848
2003-07-24,2.76848,2.77498,2.74068,2.7530799999999997
2003-07-25,2.7530799999999997,2.7696799999999997,2.74628,2.7601799999999996
2003-07-28,2.7601799999999996,2.77268,2.75428,2.76658
2003-07-29,2.76658,2.77318,2.7408799999999998,2.7662799999999996
2003-07-30,2.7662799999999996,2.78278,2.75528,2.77478
2003-07-31,2.77478,2.7892799999999998,2.76498,2.77208
2003-08-01,2.77208,2.78938,2.73698,2.7528799999999998
2003-08-04,2.7528799999999998,2.79908,2.74668,2.78408
2003-08-05,2.78408,2.7934799999999997,2.75968,2.77838
2003-08-06,2.77838,2.79588,2.74998,2.78028
2003-08-07,2.78028,2.8075799999999997,2.75548,2.7881799999999997
2003-08-08,2.7881799999999997,2.79188,2.75358,2.7578799999999997
2003-08-11,2.7578799999999997,2.7629799999999998,2.71948,2.7376799999999997
2003-08-12,2.7376799999999997,2.73928,2.72218,2.73108
2003-08-13,2.73108,2.75468,2.72728,2.7317799999999997
2003-08-14,2.7317799999999997,2.7437799999999997,2.7227799999999998,2.7313799999999997
2003-08-15,2.7313799999999997,2.73248,2.6974799999999997,2.70408
2003-08-18,2.70408,2.72008,2.6985799999999998,2.7138799999999996
2003-08-19,2.7138799999999996,2.72838,2.7075799999999997,2.7174799999999997
2003-08-20,2.7174799999999997,2.72198,2.69868,2.7071799999999997
2003-08-21,2.7071799999999997,2.71718,2.68608,2.69758
2003-08-22,2.69758,2.71528,2.68838,2.69448
2003-08-25,2.69448,2.70438,2.6892799999999997,2.7025799999999998
2003-08-26,2.7025799999999998,2.73378,2.69928,2.73208
2003-08-27,2.73208,2.76478,2.72208,2.7618799999999997
2003-08-28,2.7618799999999997,2.7854799999999997,2.7427799999999998,2.7530799999999997
2003-08-29,2.7530799999999997,2.7650799999999998,2.72008,2.72648
2003-09-01,2.72648,2.7372799999999997,2.71528,2.7212799999999997
2003-09-02,2.7212799999999997,2.78308,2.71948,2.77278
2003-09-03,2.77278,2.77658,2.75488,2.7593799999999997
2003-09-04,2.7593799999999997,2.7980799999999997,2.7494799999999997,2.77188
2003-09-05,2.77188,2.7822799999999996,2.75048,2.7576799999999997
2003-09-08,2.7576799999999997,2.7612799999999997,2.74098,2.7458799999999997
2003-09-09,2.7458799999999997,2.75358,2.71108,2.72048
2003-09-10,2.72048,2.73858,2.72048,2.73618
2003-09-11,2.73618,2.7450799999999997,2.72158,2.7347799999999998
2003-09-12,2.7347799999999998,2.75968,2.73088,2.75038
2003-09-15,2.75038,2.75888,2.72498,2.7288799999999998
2003-09-16,2.7288799999999998,2.73338,2.7109799999999997,2.71548
2003-09-17,2.71548,2.77108,2.71018,2.7568799999999998
2003-09-18,2.7568799999999998,2.7715799999999997,2.74978,2.7677799999999997
2003-09-19,2.7677799999999997,2.7755799999999997,2.74668,2.76898
2003-09-22,2.76898,2.77818,2.7471799999999997,2.76998
2003-09-23,2.76998,2.79188,2.76058,2.78258
2003-09-24,2.78258,2.7959799999999997,2.7761799999999996,2.7894799999999997
2003-09-25,2.7894799999999997,2.79778,2.76538,2.79038
2003-09-26,2.79038,2.82718,2.78298,2.81168
2003-09-29,2.81168,2.82618,2.80158,2.8039799999999997
2003-09-30,2.8039799999999997,2.81628,2.7871799999999998,2.7932799999999998
2003-10-01,2.7932799999999998,2.7972799999999998,2.76638,2.78258
2003-10-02,2.78258,2.80318,2.77528,2.79188
2003-10-03,2.79188,2.8155799999999997,2.78698,2.80278
2003-10-06,2.80278,2.8245799999999996,2.77888,2.80788
2003-10-07,2.80788,2.81798,2.77438,2.77848
2003-10-08,2.77848,2.7900799999999997,2.77238,2.7780799999999997
2003-10-09,2.7780799999999997,2.79478,2.75988,2.77908
2003-10-10,2.77908,2.78678,2.7681799999999996,2.7715799999999997
2003-10-13,2.7715799999999997,2.79438,2.76598,2.7915799999999997
2003-10-14,2.7915799999999997,2.81188,2.7801799999999997,2.79968
2003-10-15,2.79968,2.81818,2.7978799999999997,2.8018799999999997
2003-10-16,2.8018799999999997,2.8300799999999997,2.8018799999999997,2.8140799999999997
2003-10-17,2.8140799999999997,2.82368,2.79818,2.81298
2003-10-20,2.81298,2.82388,2.8003799999999996,2.80558
2003-10-21,2.80558,2.80728,2.76708,2.77468
2003-10-22,2.77468,2.80098,2.77148,2.7898799999999997
2003-10-23,2.7898799999999997,2.7974799999999997,2.76438,2.7835799999999997
2003-10-24,2.7835799999999997,2.79418,2.7778799999999997,2.78428
2003-10-27,2.78428,2.7961799999999997,2.76958,2.7702799999999996
2003-10-28,2.7702799999999996,2.77718,2.7618799999999997,2.7717799999999997
2003-10-29,2.7717799999999997,2.78408,2.76558,2.7761799999999996
2003-10-30,2.7761799999999996,2.78218,2.76668,2.77678
2003-10-31,2.77678,2.78538,2.75878,2.76158
2003-11-03,2.76158,2.77258,2.74438,2.7652799999999997
2003-11-04,2.7652799999999997,2.76728,2.73928,2.7410799999999997
2003-11-05,2.7410799999999997,2.74958,2.70518,2.71798
2003-11-06,2.71798,2.72478,2.70498,2.71988
2003-11-07,2.71988,2.72408,2.6989799999999997,2.71238
2003-11-10,2.71238,2.72178,2.68218,2.68308
2003-11-11,2.68308,2.6854799999999996,2.65868,2.66188
2003-11-12,2.66188,2.68168,2.6547799999999997,2.6749799999999997
2003-11-13,2.6749799999999997,2.6831799999999997,2.66018,2.6749799999999997
2003-11-14,2.6749799999999997,2.6823799999999998,2.67048,2.6732799999999997
2003-11-17,2.6732799999999997,2.7046799999999998,2.66978,2.7025799999999998
2003-11-18,2.7025799999999998,2.70818,2.6684799999999997,2.6726799999999997
2003-11-19,2.6726799999999997,2.68308,2.6545799999999997,2.66378
2003-11-20,2.66378,2.6705799999999997,2.63868,2.66438
2003-11-21,2.66438,2.67278,2.64518,2.6503799999999997
2003-11-24,2.6503799999999997,2.66758,2.6461799999999998,2.66598
2003-11-25,2.66598,2.6724799999999997,2.6528799999999997,2.6652799999999996
2003-11-26,2.6652799999999996,2.67408,2.65238,2.66798
2003-11-27,2.66798,2.69108,2.6654799999999996,2.6829799999999997
2003-11-28,2.6829799999999997,2.69798,2.67318,2.69228
2003-12-01,2.69228,2.69588,2.66858,2.67208
2003-12-02,2.67208,2.6831799999999997,2.66758,2.67588
2003-12-03,2.67588,2.6806799999999997,2.65658,2.6755799999999996
2003-12-04,2.6755799999999996,2.6829799999999997,2.65928,2.66838
2003-12-05,2.66838,2.68538,2.66478,2.68178
2003-12-08,2.68178,2.68558,2.66808,2.67718
2003-12-09,2.67718,2.70228,2.6762799999999998,2.6911799999999997
2003-12-10,2.6911799999999997,2.69908,2.6835799999999996,2.69258
2003-12-11,2.69258,2.71718,2.68618,2.69888
2003-12-12,2.69888,2.70498,2.6894799999999996,2.69638
2003-12-15,2.69638,2.71068,2.68778,2.6932799999999997
2003-12-16,2.6932799999999997,2.69818,2.67828,2.6976799999999996
2003-12-17,2.6976799999999996,2.7439799999999996,2.69238,2.7332799999999997
2003-12-18,2.7332799999999997,2.75058,2.71508,2.7370799999999997
2003-12-19,2.7370799999999997,2.7473799999999997,2.7286799999999998,2.74058
2003-12-22,2.74058,2.75528,2.73408,2.74838
2003-12-23,2.74838,2.75828,2.74198,2.74768
2003-12-24,2.74768,2.74858,2.73258,2.7429799999999998
2003-12-26,2.7429799999999998,2.7458799999999997,2.73378,2.7410799999999997
2003-12-29,2.7410799999999997,2.74288,2.71988,2.72118
2003-12-30,2.72118,2.7292799999999997,2.71228,2.71618
2003-12-31,2.71618,2.73868,2.7094799999999997,2.7212799999999997
2004-01-02,2.7212799999999997,2.73038,2.7132799999999997,2.72208
2004-01-05,2.72208,2.72578,2.68348,2.69608
2004-01-06,2.69608,2.7195799999999997,2.6924799999999998,2.71248
2004-01-07,2.71248,2.72538,2.70308,2.7094799999999997
2004-01-08,2.7094799999999997,2.72038,2.69448,2.7069799999999997
2004-01-09,2.7069799999999997,2.71258,2.69088,2.71248
2004-01-12,2.71248,2.72418,2.70218,2.70808
2004-01-13,2.70808,2.71798,2.68518,2.70458
2004-01-14,2.70458,2.71488,2.68588,2.69718
2004-01-15,2.69718,2.7178799999999996,2.69208,2.7157799999999996
2004-01-16,2.7157799999999996,2.71838,2.69598,2.70418
2004-01-19,2.70418,2.73868,2.70418,2.7189799999999997
2004-01-20,2.7189799999999997,2.74308,2.71318,2.7338799999999996
2004-01-21,2.7338799999999996,2.73528,2.71398,2.72668
2004-01-22,2.72668,2.73948,2.7166799999999998,2.72478
2004-01-23,2.72478,2.73548,2.70308,2.71598
2004-01-26,2.71598,2.72258,2.69658,2.71408
2004-01-27,2.71408,2.71658,2.67808,2.69698
2004-01-28,2.69698,2.71998,2.6827799999999997,2.69198
2004-01-29,2.69198,2.7231799999999997,2.6863799999999998,2.7130799999999997
2004-01-30,2.7130799999999997,2.73588,2.70418,2.7088799999999997
2004-02-02,2.7088799999999997,2.72078,2.69238,2.70198
2004-02-03,2.70198,2.71468,2.69678,2.7008799999999997
2004-02-04,2.7008799999999997,2.71318,2.6789799999999997,2.68828
2004-02-05,2.68828,2.69718,2.6602799999999998,2.67488
2004-02-06,2.67488,2.6865799999999997,2.66148,2.6627799999999997
2004-02-09,2.6627799999999997,2.68208,2.65298,2.67208
2004-02-10,2.67208,2.68348,2.6671799999999997,2.68118
2004-02-11,2.68118,2.7027799999999997,2.6766799999999997,2.7010799999999997
2004-02-12,2.7010799999999997,2.71588,2.6974799999999997,2.7086799999999998
2004-02-13,2.7086799999999998,2.71488,2.68368,2.68838
2004-02-16,2.68838,2.69338,2.6671799999999997,2.67528
2004-02-17,2.67528,2.69818,2.66988,2.6848799999999997
2004-02-18,2.6848799999999997,2.70958,2.6827799999999997,2.69828
2004-02-19,2.69828,2.7130799999999997,2.68978,2.70058
2004-02-20,2.70058,2.7593799999999997,2.69758,2.72178
2004-02-23,2.72178,2.74218,2.71068,2.73828
2004-02-24,2.73828,2.74858,2.72458,2.73838
2004-02-25,2.73838,2.75468,2.7149799999999997,2.72008
2004-02-26,2.72008,2.73058,2.70188,2.7113799999999997
2004-02-27,2.7113799999999997,2.72998,2.69928,2.71818
2004-03-01,2.7206799999999998,2.72558,2.6951799999999997,2.71298
2004-03-02,2.71298,2.7149799999999997,2.68538,2.7035799999999997
2004-03-03,2.7035799999999997,2.76638,2.69908,2.73338
2004-03-04,2.73338,2.74388,2.7126799999999998,2.73128
2004-03-05,2.73128,2.75238,2.70998,2.73658
2004-03-08,2.7357799999999997,2.75168,2.72648,2.73038
2004-03-09,2.73038,2.73408,2.68418,2.69618
2004-03-10,2.69618,2.7532799999999997,2.6953799999999997,2.74078
2004-03-11,2.74078,2.8062799999999997,2.7267799999999998,2.79548
2004-03-12,2.79548,2.83898,2.77778,2.80068
2004-03-15,2.80138,2.82048,2.78298,2.7957799999999997
2004-03-16,2.7957799999999997,2.80468,2.7776799999999997,2.7835799999999997
2004-03-17,2.7835799999999997,2.80478,2.77278,2.78978
2004-03-18,2.78978,2.80698,2.77108,2.78298
2004-03-19,2.78298,2.80888,2.78048,2.79758
2004-03-22,2.79838,2.80828,2.7774799999999997,2.79458
2004-03-23,2.79458,2.8064799999999996,2.78678,2.79888
2004-03-24,2.79888,2.81908,2.7871799999999998,2.8033799999999998
2004-03-25,2.8033799999999998,2.81698,2.78198,2.7961799999999997
2004-03-26,2.7961799999999997,2.8193799999999998,2.7818799999999997,2.78698
2004-03-29,2.79038,2.80508,2.78198,2.79868
2004-03-30,2.79868,2.80068,2.77168,2.78268
2004-03-31,2.78268,2.79038,2.7475799999999997,2.7618799999999997
2004-04-01,2.7618799999999997,2.79358,2.75638,2.78118
2004-04-02,2.78118,2.79068,2.7351799999999997,2.78078
2004-04-05,2.78408,2.80478,2.7820799999999997,2.79868
2004-04-06,2.79868,2.81688,2.78448,2.80708
2004-04-07,2.80708,2.82048,2.7770799999999998,2.7875799999999997
2004-04-08,2.7875799999999997,2.79658,2.77878,2.7810799999999998
2004-04-09,2.7810799999999998,2.78908,2.77228,2.77608
2004-04-12,2.77608,2.77948,2.76488,2.7753799999999997
2004-04-13,2.7753799999999997,2.7919799999999997,2.7658799999999997,2.78678
2004-04-14,2.78678,2.83728,2.78458,2.82138
2004-04-15,2.82138,2.82788,2.79358,2.80688
2004-04-16,2.80688,2.81728,2.79648,2.8096799999999997
2004-04-19,2.8043799999999997,2.8144799999999996,2.7955799999999997,2.80698
2004-04-20,2.80698,2.84408,2.8062799999999997,2.84138
2004-04-21,2.84138,2.86978,2.82938,2.85878
2004-04-22,2.85878,2.8599799999999997,2.81568,2.82638
2004-04-23,2.82638,2.8359799999999997,2.8054799999999998,2.82898
2004-04-26,2.82848,2.8483799999999997,2.82428,2.83458
2004-04-27,2.83458,2.85908,2.8285799999999997,2.84088
2004-04-28,2.84088,2.86198,2.8296799999999998,2.8464799999999997
2004-04-29,2.8464799999999997,2.86948,2.83648,2.8479799999999997
2004-04-30,2.8479799999999997,2.8607799999999997,2.82678,2.84098
2004-05-03,2.8439799999999997,2.8445799999999997,2.8277799999999997,2.83568
2004-05-04,2.83568,2.85508,2.8218799999999997,2.8401799999999997
2004-05-05,2.8401799999999997,2.84548,2.81068,2.82118
2004-05-06,2.82118,2.85228,2.81418,2.8485799999999997
2004-05-07,2.8485799999999997,2.89978,2.84068,2.8923799999999997
2004-05-10,2.8967799999999997,2.94848,2.89478,2.92638
2004-05-11,2.92638,2.94168,2.8929799999999997,2.9003799999999997
2004-05-12,2.9003799999999997,2.91398,2.87158,2.89328
2004-05-13,2.89328,2.9516799999999996,2.88978,2.9392799999999997
2004-05-14,2.9392799999999997,2.94758,2.90508,2.91018
2004-05-17,2.91168,2.9807799999999998,2.90748,2.96218
2004-05-18,2.96218,2.99308,2.92788,2.95008
2004-05-19,2.95008,2.95288,2.90778,2.93778
2004-05-20,2.93778,2.94588,2.9167799999999997,2.92658
2004-05-21,2.92658,2.94028,2.9121799999999998,2.93728
2004-05-24,2.93438,2.94828,2.92598,2.9451799999999997
2004-05-25,2.9451799999999997,2.95228,2.9272799999999997,2.93078
2004-05-26,2.93078,2.93988,2.91378,2.9228799999999997
2004-05-27,2.9228799999999997,2.9234799999999996,2.8824799999999997,2.89788
2004-05-28,2.89788,2.9264799999999997,2.89098,2.9049799999999997
2004-05-31,2.90698,2.92028,2.89438,2.90028
2004-06-01,2.90028,2.93348,2.8830799999999996,2.92758
2004-06-02,2.92758,2.96298,2.9184799999999997,2.9531799999999997
2004-06-03,2.9531799999999997,2.98488,2.9230799999999997,2.98058
2004-06-04,2.98058,2.98668,2.94568,2.9611799999999997
2004-06-07,2.9605799999999998,2.96108,2.9026799999999997,2.9062799999999998
2004-06-08,2.9062799999999998,2.93988,2.9041799999999998,2.92618
2004-06-09,2.92618,2.96848,2.92578,2.9645799999999998
2004-06-10,2.9645799999999998,2.96468,2.88258,2.9106799999999997
2004-06-11,2.9106799999999997,2.91748,2.88148,2.8929799999999997
2004-06-14,2.8931799999999996,2.9093799999999996,2.87948,2.90318
2004-06-15,2.90318,2.92578,2.86298,2.87368
2004-06-16,2.87368,2.91518,2.87228,2.9070799999999997
2004-06-17,2.9070799999999997,2.95768,2.90448,2.9510799999999997
2004-06-18,2.9510799999999997,2.95538,2.92358,2.93558
2004-06-21,2.93348,2.9373799999999997,2.90778,2.9146799999999997
2004-06-22,2.9146799999999997,2.93398,2.8959799999999998,2.9005799999999997
2004-06-23,2.9005799999999997,2.92198,2.89188,2.9110799999999997
2004-06-24,2.9110799999999997,2.91388,2.8689799999999996,2.87538
2004-06-25,2.87538,2.88158,2.85078,2.8710799999999996
2004-06-28,2.8710799999999996,2.87528,2.84708,2.85778
2004-06-29,2.85778,2.86948,2.84868,2.86618
2004-06-30,2.86618,2.88578,2.8548799999999996,2.86238
2004-07-01,2.86238,2.86598,2.83078,2.83988
2004-07-02,2.83988,2.86148,2.82088,2.8325799999999997
2004-07-05,2.82938,2.83988,2.8224799999999997,2.8266799999999996
2004-07-06,2.8266799999999996,2.84448,2.80598,2.83738
2004-07-07,2.83738,2.83838,2.81968,2.82768
2004-07-08,2.82768,2.83758,2.81948,2.82078
2004-07-09,2.82078,2.83228,2.8140799999999997,2.8260799999999997
2004-07-12,2.8300799999999997,2.83948,2.81508,2.8186799999999996
2004-07-13,2.8186799999999996,2.83418,2.81588,2.82808
2004-07-14,2.82808,2.85208,2.81858,2.84578
2004-07-15,2.84578,2.86198,2.8388799999999996,2.84888
2004-07-16,2.84888,2.86318,2.8336799999999998,2.84278
2004-07-19,2.8386799999999996,2.8521799999999997,2.8306799999999996,2.84888
2004-07-20,2.84888,2.85918,2.82108,2.83438
2004-07-21,2.83438,2.88598,2.83268,2.8767799999999997
2004-07-22,2.8767799999999997,2.88718,2.86318,2.87348
2004-07-23,2.87348,2.89588,2.8721799999999997,2.8864799999999997
2004-07-26,2.8879799999999998,2.90048,2.86748,2.8929799999999997
2004-07-27,2.8929799999999997,2.91268,2.87708,2.9041799999999998
2004-07-28,2.9041799999999998,2.92158,2.88748,2.9026799999999997
2004-07-29,2.9026799999999997,2.90278,2.86128,2.86868
2004-07-30,2.86868,2.88468,2.84808,2.86618
2004-08-02,2.85898,2.8725799999999997,2.84548,2.8567799999999997
2004-08-03,2.8567799999999997,2.86738,2.81728,2.8243799999999997
2004-08-04,2.8243799999999997,2.83938,2.81818,2.83108
2004-08-05,2.83108,2.8363799999999997,2.8186799999999996,2.83328
2004-08-06,2.83328,2.85648,2.8098799999999997,2.82258
2004-08-09,2.82578,2.82708,2.80998,2.8216799999999997
2004-08-10,2.8216799999999997,2.8241799999999997,2.79928,2.8005799999999996
2004-08-11,2.8005799999999996,2.8216799999999997,2.7911799999999998,2.79458
2004-08-12,2.79458,2.8039799999999997,2.76238,2.76878
2004-08-13,2.76878,2.7936799999999997,2.7637799999999997,2.7656799999999997
2004-08-16,2.77548,2.78368,2.7597799999999997,2.76898
2004-08-17,2.76898,2.77228,2.74818,2.75488
2004-08-18,2.75488,2.7599799999999997,2.7395799999999997,2.74708
2004-08-19,2.74708,2.7540799999999996,2.72408,2.7275799999999997
2004-08-20,2.7275799999999997,2.73188,2.70078,2.70648
2004-08-23,2.70898,2.74118,2.69888,2.73148
2004-08-24,2.73148,2.77458,2.68218,2.7681799999999996
2004-08-25,2.7681799999999996,2.77648,2.7509799999999998,2.7681799999999996
2004-08-26,2.7681799999999996,2.77018,2.74458,2.75908
2004-08-27,2.75908,2.76368,2.7336799999999997,2.73818
2004-08-30,2.74268,2.76878,2.73658,2.76158
2004-08-31,2.76158,2.76868,2.73758,2.7511799999999997
2004-09-01,2.7511799999999997,2.75268,2.7231799999999997,2.7359799999999996
2004-09-02,2.7359799999999996,2.76618,2.73438,2.7614799999999997
2004-09-03,2.7614799999999997,2.77418,2.72688,2.74638
2004-09-06,2.74878,2.7513799999999997,2.73528,2.74118
2004-09-07,2.74118,2.76028,2.7368799999999998,2.74008
2004-09-08,2.74008,2.76788,2.7391799999999997,2.75058
2004-09-09,2.75058,2.7509799999999998,2.7231799999999997,2.73828
2004-09-10,2.73828,2.74998,2.72748,2.7410799999999997
2004-09-13,2.7435799999999997,2.74518,2.73088,2.7353799999999997
2004-09-14,2.7353799999999997,2.73848,2.71128,2.7170799999999997
2004-09-15,2.7170799999999997,2.71758,2.69718,2.7056799999999996
2004-09-16,2.7056799999999996,2.73048,2.6974799999999997,2.71618
2004-09-17,2.71618,2.72428,2.70988,2.72098
2004-09-20,2.71438,2.71798,2.69798,2.70218
2004-09-21,2.70218,2.72618,2.69788,2.70748
2004-09-22,2.70748,2.7153799999999997,2.7008799999999997,2.70648
2004-09-23,2.70648,2.71028,2.69088,2.69808
2004-09-24,2.69808,2.71108,2.69228,2.70078
2004-09-27,2.70348,2.72538,2.7008799999999997,2.71868
2004-09-28,2.71868,2.72218,2.70418,2.70938
2004-09-29,2.70938,2.71088,2.68368,2.6869799999999997
2004-09-30,2.6869799999999997,2.69468,2.6713799999999996,2.67378
2004-10-01,2.67378,2.68288,2.6591799999999997,2.66568
2004-10-04,2.67758,2.68058,2.65768,2.66478
2004-10-05,2.66478,2.67238,2.64368,2.64438
2004-10-06,2.64438,2.66138,2.62918,2.6349799999999997
2004-10-07,2.6349799999999997,2.64368,2.6290799999999996,2.63448
2004-10-08,2.63448,2.64998,2.61528,2.6183799999999997
2004-10-11,2.62588,2.6404799999999997,2.62098,2.63948
2004-10-12,2.63948,2.6446799999999997,2.6265799999999997,2.6406799999999997
2004-10-13,2.6406799999999997,2.66788,2.63748,2.65168
2004-10-14,2.65168,2.66148,2.6263799999999997,2.64118
2004-10-15,2.64118,2.64208,2.61758,2.62518
2004-10-18,2.63278,2.63538,2.61768,2.62688
2004-10-19,2.62688,2.63348,2.61678,2.6328799999999997
2004-10-20,2.6328799999999997,2.63738,2.6124799999999997,2.6326799999999997
2004-10-21,2.6326799999999997,2.6467799999999997,2.62148,2.6379799999999998
2004-10-22,2.6379799999999998,2.64418,2.62038,2.62518
2004-10-25,2.62308,2.63448,2.61428,2.62968
2004-10-26,2.62968,2.64118,2.62548,2.63198
2004-10-27,2.63198,2.66688,2.6269799999999996,2.6606799999999997
2004-10-28,2.6606799999999997,2.6884799999999998,2.65178,2.6808799999999997
2004-10-29,2.6808799999999997,2.6903799999999998,2.67378,2.6852799999999997
2004-11-01,2.6793799999999997,2.68898,2.67358,2.68578
2004-11-02,2.68578,2.6911799999999997,2.6768799999999997,2.68228
2004-11-03,2.68228,2.69128,2.6728799999999997,2.67698
2004-11-04,2.67698,2.6907799999999997,2.66198,2.67128
2004-11-05,2.67128,2.6802799999999998,2.65678,2.6724799999999997
2004-11-08,2.66778,2.6869799999999997,2.66578,2.68578
2004-11-09,2.68578,2.69888,2.67198,2.69738
2004-11-10,2.69738,2.71468,2.6915799999999996,2.6964799999999998
2004-11-11,2.6964799999999998,2.70218,2.67448,2.67618
2004-11-12,2.67618,2.68568,2.65468,2.6789799999999997
2004-11-15,2.67768,2.67888,2.6347799999999997,2.63758
2004-11-16,2.63758,2.65178,2.63588,2.6503799999999997
2004-11-17,2.6503799999999997,2.6551799999999997,2.61678,2.62528
2004-11-18,2.62528,2.6320799999999998,2.60948,2.6202799999999997
2004-11-19,2.6202799999999997,2.63958,2.60988,2.62138
2004-11-22,2.6170799999999996,2.6238799999999998,2.6097799999999998,2.62148
2004-11-23,2.62148,2.63508,2.61768,2.6223799999999997
2004-11-24,2.6223799999999997,2.65198,2.6181799999999997,2.64938
2004-11-25,2.64938,2.65108,2.62958,2.6366799999999997
2004-11-26,2.6366799999999997,2.6509799999999997,2.63158,2.64358
2004-11-29,2.6419799999999998,2.6509799999999997,2.63108,2.6431799999999996
2004-11-30,2.6431799999999996,2.6785799999999997,2.64098,2.6749799999999997
2004-12-01,2.6749799999999997,2.70268,2.65698,2.69418
2004-12-02,2.69418,2.69818,2.6709799999999997,2.6886799999999997
2004-12-03,2.6886799999999997,2.7010799999999997,2.6766799999999997,2.69468
2004-12-06,2.69338,2.7037799999999996,2.6724799999999997,2.6953799999999997
2004-12-07,2.6953799999999997,2.71638,2.6835799999999996,2.71548
2004-12-08,2.71548,2.74728,2.69528,2.70198
2004-12-09,2.70198,2.72328,2.6949799999999997,2.71568
2004-12-10,2.71568,2.7311799999999997,2.7077799999999996,2.72008
2004-12-13,2.72048,2.7256799999999997,2.69008,2.71018
2004-12-14,2.71018,2.72268,2.6972799999999997,2.71628
2004-12-15,2.71628,2.7191799999999997,2.6995799999999996,2.70618
2004-12-16,2.70618,2.7347799999999998,2.69828,2.72308
2004-12-17,2.72308,2.72538,2.70728,2.7193799999999997
2004-12-20,2.72208,2.7317799999999997,2.70818,2.73148
2004-12-21,2.73148,2.74408,2.7069799999999997,2.71438
2004-12-22,2.71438,2.71678,2.6783799999999998,2.6976799999999996
2004-12-23,2.6976799999999996,2.70078,2.6827799999999997,2.69698
2004-12-24,2.69698,2.69968,2.6768799999999997,2.68228
2004-12-27,2.68228,2.6884799999999998,2.67278,2.67788
2004-12-28,2.67788,2.68518,2.67028,2.67568
2004-12-29,2.67568,2.6964799999999998,2.66628,2.68858
2004-12-30,2.68858,2.6966799999999997,2.67638,2.68118
2004-12-31,2.68118,2.69028,2.65698,2.66288
2005-01-03,2.66288,2.6806799999999997,2.6543799999999997,2.6684799999999997
2005-01-04,2.6684799999999997,2.68498,2.6627799999999997,2.68178
2005-01-05,2.68178,2.70398,2.6747799999999997,2.69408
2005-01-06,2.69408,2.70018,2.67948,2.6884799999999998
2005-01-07,2.6884799999999998,2.7010799999999997,2.6713799999999996,2.6932799999999997
2005-01-10,2.69618,2.7065799999999998,2.6884799999999998,2.70408
2005-01-11,2.70408,2.70818,2.68158,2.69448
2005-01-12,2.69448,2.70138,2.6694799999999996,2.6766799999999997
2005-01-13,2.6766799999999997,2.6865799999999997,2.66248,2.6728799999999997
2005-01-14,2.6728799999999997,2.68588,2.66688,2.67358
2005-01-17,2.67258,2.6823799999999998,2.66288,2.67238
2005-01-18,2.67238,2.69968,2.67088,2.6806799999999997
2005-01-19,2.6806799999999997,2.6829799999999997,2.6562799999999998,2.66728
2005-01-20,2.66728,2.67068,2.64918,2.65188
2005-01-21,2.65188,2.6604799999999997,2.6206799999999997,2.63088
2005-01-24,2.6322799999999997,2.63948,2.6219799999999998,2.63358
2005-01-25,2.63358,2.6419799999999998,2.62168,2.62648
2005-01-26,2.62648,2.63748,2.6177799999999998,2.63048
2005-01-27,2.63048,2.6442799999999997,2.6242799999999997,2.64148
2005-01-28,2.64148,2.6566799999999997,2.6349799999999997,2.6526799999999997
2005-01-31,2.65588,2.65778,2.64038,2.6507799999999997
2005-02-01,2.6507799999999997,2.65698,2.63738,2.64778
2005-02-02,2.64778,2.65338,2.6368799999999997,2.6421799999999998
2005-02-03,2.6421799999999998,2.65638,2.63768,2.65108
2005-02-04,2.65108,2.6566799999999997,2.6381799999999997,2.6423799999999997
2005-02-07,2.64478,2.65908,2.64058,2.65408
2005-02-08,2.65408,2.66648,2.64358,2.6530799999999997
2005-02-09,2.6530799999999997,2.66268,2.63738,2.6412799999999996
2005-02-10,2.6412799999999996,2.64748,2.62378,2.6267799999999997
2005-02-11,2.6267799999999997,2.63238,2.61128,2.6198799999999998
2005-02-14,2.61918,2.6461799999999998,2.6187799999999997,2.64378
2005-02-15,2.64378,2.6520799999999998,2.63468,2.6505799999999997
2005-02-16,2.6505799999999997,2.6568799999999997,2.62948,2.6427799999999997
2005-02-17,2.6427799999999997,2.6452799999999996,2.62558,2.64208
2005-02-18,2.64208,2.64628,2.61348,2.61908
2005-02-21,2.61938,2.62288,2.60608,2.6147799999999997
2005-02-22,2.6147799999999997,2.62878,2.6082799999999997,2.6248799999999997
2005-02-23,2.6248799999999997,2.64788,2.62188,2.6448799999999997
2005-02-24,2.6448799999999997,2.65448,2.63068,2.64918
2005-02-25,2.64918,2.6633799999999996,2.64578,2.65508
2005-02-28,2.65798,2.6610799999999997,2.63538,2.6446799999999997
2005-03-01,2.6446799999999997,2.65198,2.63778,2.6425799999999997
2005-03-02,2.6425799999999997,2.65388,2.63008,2.63558
2005-03-03,2.63558,2.63948,2.61758,2.6227799999999997
2005-03-04,2.6227799999999997,2.63108,2.6088799999999996,2.62588
2005-03-07,2.6229799999999996,2.62558,2.60188,2.60508
2005-03-08,2.60508,2.61238,2.59738,2.60748
2005-03-09,2.60748,2.6341799999999997,2.5996799999999998,2.60708
2005-03-10,2.60708,2.6219799999999998,2.5903799999999997,2.60648
2005-03-11,2.60648,2.61448,2.5987799999999996,2.6025799999999997
2005-03-14,2.60498,2.60928,2.5905799999999997,2.59528
2005-03-15,2.59528,2.59908,2.58038,2.5836799999999998
2005-03-16,2.5836799999999998,2.6042799999999997,2.5821799999999997,2.5895799999999998
2005-03-17,2.5895799999999998,2.59758,2.5842799999999997,2.5918799999999997
2005-03-18,2.5918799999999997,2.59758,2.57328,2.5796799999999998
2005-03-21,2.58498,2.58738,2.5703799999999997,2.5779799999999997
2005-03-22,2.5779799999999997,2.5840799999999997,2.56458,2.5794799999999998
2005-03-23,2.5794799999999998,2.61558,2.57898,2.60328
2005-03-24,2.60328,2.6271799999999996,2.59728,2.62058
2005-03-25,2.62058,2.62608,2.61558,2.61868
2005-03-28,2.61848,2.6440799999999998,2.61748,2.63848
2005-03-29,2.63848,2.6520799999999998,2.62978,2.6419799999999998
2005-03-30,2.6419799999999998,2.65978,2.63718,2.6543799999999997
2005-03-31,2.6543799999999997,2.65808,2.6368799999999997,2.6566799999999997
2005-04-01,2.6566799999999997,2.66188,2.6381799999999997,2.6553799999999996
2005-04-04,2.65548,2.66228,2.64548,2.6509799999999997
2005-04-05,2.6509799999999997,2.67198,2.64988,2.65298
2005-04-06,2.65298,2.6568799999999997,2.63698,2.64118
2005-04-07,2.64118,2.64668,2.61938,2.62768
2005-04-08,2.62768,2.63638,2.61848,2.6299799999999998
2005-04-11,2.6320799999999998,2.63298,2.6145799999999997,2.6227799999999997
2005-04-12,2.6227799999999997,2.6322799999999997,2.6164799999999997,2.62328
2005-04-13,2.62328,2.62568,2.60758,2.61888
2005-04-14,2.61888,2.61928,2.5981799999999997,2.6086799999999997
2005-04-15,2.6086799999999997,2.64798,2.6063799999999997,2.64748
2005-04-18,2.64148,2.6648799999999997,2.6408799999999997,2.65178
2005-04-19,2.65178,2.66648,2.64378,2.64858
2005-04-20,2.64858,2.65178,2.63368,2.6383799999999997
2005-04-21,2.6383799999999997,2.64288,2.61978,2.62368
2005-04-22,2.62368,2.63088,2.61258,2.6164799999999997
2005-04-25,2.61618,2.62648,2.60948,2.6225799999999997
2005-04-26,2.6225799999999997,2.6370799999999996,2.61338,2.63328
2005-04-27,2.63328,2.6505799999999997,2.6280799999999997,2.64478
2005-04-28,2.64478,2.6450799999999997,2.6105799999999997,2.6162799999999997
2005-04-29,2.6162799999999997,2.62778,2.6036799999999998,2.6097799999999998
2005-05-02,2.6124799999999997,2.6162799999999997,2.5939799999999997,2.59428
2005-05-03,2.59428,2.61388,2.59238,2.6048799999999996
2005-05-04,2.6048799999999996,2.60928,2.5905799999999997,2.59348
2005-05-05,2.59348,2.60188,2.58018,2.59338
2005-05-06,2.59338,2.59368,2.57638,2.58038
2005-05-09,2.58288,2.58518,2.57128,2.58168
2005-05-10,2.58168,2.5886799999999996,2.5693799999999998,2.5720799999999997
2005-05-11,2.5720799999999997,2.5817799999999997,2.55978,2.56718
2005-05-12,2.56718,2.60098,2.56278,2.5958799999999997
2005-05-13,2.5958799999999997,2.60988,2.58748,2.6002799999999997
2005-05-16,2.59908,2.61828,2.59008,2.60498
2005-05-17,2.60498,2.60518,2.5878799999999997,2.59448
2005-05-18,2.59448,2.59928,2.57448,2.57708
2005-05-19,2.57708,2.58908,2.57428,2.58208
2005-05-20,2.58208,2.5964799999999997,2.5745799999999996,2.5798799999999997
2005-05-23,2.58128,2.58588,2.5716799999999997,2.5754799999999998
2005-05-24,2.5754799999999998,2.57718,2.5583799999999997,2.56098
2005-05-25,2.56098,2.5714799999999998,2.56078,2.56588
2005-05-26,2.56588,2.56898,2.55708,2.5659799999999997
2005-05-27,2.5659799999999997,2.56858,2.5478799999999997,2.5514799999999997
2005-05-30,2.55538,2.5642799999999997,2.55068,2.5621799999999997
2005-05-31,2.5621799999999997,2.59328,2.56118,2.57898
2005-06-01,2.57898,2.60318,2.57768,2.59578
2005-06-02,2.59578,2.6048799999999996,2.5895799999999998,2.5916799999999998
2005-06-03,2.5916799999999998,2.5966799999999997,2.58148,2.59368
2005-06-06,2.59318,2.5947799999999996,2.56478,2.57368
2005-06-07,2.57368,2.57748,2.55808,2.56898
2005-06-08,2.56898,2.57308,2.55688,2.56418
2005-06-09,2.56418,2.56878,2.55068,2.5560799999999997
2005-06-10,2.5560799999999997,2.57288,2.55388,2.56898
2005-06-13,2.56698,2.56838,2.5535799999999997,2.56098
2005-06-14,2.56098,2.5657799999999997,2.54498,2.5541799999999997
2005-06-15,2.5541799999999997,2.5617799999999997,2.54378,2.55488
2005-06-16,2.55488,2.56148,2.5423799999999996,2.5493799999999998
2005-06-17,2.5493799999999998,2.55888,2.54268,2.5524799999999996
2005-06-20,2.54858,2.55508,2.53828,2.55298
2005-06-21,2.55298,2.5573799999999998,2.54308,2.55008
2005-06-22,2.55008,2.56228,2.53848,2.5400799999999997
2005-06-23,2.5400799999999997,2.57578,2.53918,2.57008
2005-06-24,2.57008,2.5903799999999997,2.56058,2.5863799999999997
2005-06-27,2.58548,2.5899799999999997,2.57338,2.58268
2005-06-28,2.58268,2.5964799999999997,2.5775799999999998,2.59278
2005-06-29,2.59278,2.59888,2.5764799999999997,2.5817799999999997
2005-06-30,2.5817799999999997,2.5884799999999997,2.56878,2.5697799999999997
2005-07-01,2.5697799999999997,2.6004799999999997,2.56878,2.5928799999999996
2005-07-04,2.58308,2.59718,2.57788,2.5878799999999997
2005-07-05,2.5878799999999997,2.6082799999999997,2.5867799999999996,2.59768
2005-07-06,2.59768,2.61938,2.59088,2.60628
2005-07-07,2.60628,2.61618,2.56278,2.5920799999999997
2005-07-08,2.5920799999999997,2.60438,2.57388,2.5817799999999997
2005-07-11,2.5775799999999998,2.59408,2.57008,2.59178
2005-07-12,2.59178,2.59598,2.58118,2.5924799999999997
2005-07-13,2.5924799999999997,2.62338,2.5888799999999996,2.6223799999999997
2005-07-14,2.6223799999999997,2.62568,2.59618,2.6006799999999997
2005-07-15,2.6006799999999997,2.6126799999999997,2.5937799999999998,2.6019799999999997
2005-07-18,2.60478,2.60628,2.57788,2.58118
2005-07-19,2.58118,2.58918,2.57328,2.58208
2005-07-20,2.58208,2.58328,2.55958,2.56568
2005-07-21,2.56568,2.57508,2.5459799999999997,2.55388
2005-07-22,2.55388,2.56668,2.52778,2.53598
2005-07-25,2.54268,2.55748,2.53488,2.55048
2005-07-26,2.55048,2.55468,2.54308,2.5493799999999998
2005-07-27,2.5493799999999998,2.5693799999999998,2.5455799999999997,2.56668
2005-07-28,2.56668,2.57978,2.55698,2.56898
2005-07-29,2.56898,2.5863799999999997,2.5615799999999997,2.5840799999999997
2005-08-01,2.5859799999999997,2.58948,2.5762799999999997,2.58568
2005-08-02,2.58568,2.58918,2.5737799999999997,2.57848
2005-08-03,2.57848,2.58908,2.5697799999999997,2.5705799999999996
2005-08-04,2.5705799999999996,2.58298,2.56528,2.57688
2005-08-05,2.57688,2.5804799999999997,2.5674799999999998,2.57728
2005-08-08,2.57978,2.58168,2.56328,2.57808
2005-08-09,2.57808,2.5867799999999996,2.5682799999999997,2.58208
2005-08-10,2.58208,2.58818,2.57308,2.5817799999999997
2005-08-11,2.5817799999999997,2.58508,2.5613799999999998,2.56708
2005-08-12,2.56708,2.5726799999999996,2.5577799999999997,2.56208
2005-08-15,2.56548,2.5724799999999997,2.55298,2.56718
2005-08-16,2.56718,2.57538,2.56088,2.5718799999999997
2005-08-17,2.5718799999999997,2.58498,2.56588,2.57828
2005-08-18,2.57828,2.5888799999999996,2.5718799999999997,2.57958
2005-08-19,2.57958,2.5937799999999998,2.5684799999999997,2.5884799999999997
2005-08-22,2.58728,2.59618,2.5794799999999998,2.58628
2005-08-23,2.58628,2.58798,2.5754799999999998,2.57908
2005-08-24,2.57908,2.5867799999999996,2.5718799999999997,2.5821799999999997
2005-08-25,2.5821799999999997,2.5924799999999997,2.57538,2.58478
2005-08-26,2.58478,2.59658,2.57958,2.5918799999999997
2005-08-29,2.59218,2.5987799999999996,2.58628,2.59178
2005-08-30,2.59178,2.6029799999999996,2.5865799999999997,2.59048
2005-08-31,2.59048,2.60668,2.58778,2.59198
2005-09-01,2.59198,2.60458,2.5897799999999997,2.6000799999999997
2005-09-02,2.6000799999999997,2.61448,2.5928799999999996,2.6065799999999997
2005-09-05,2.60758,2.61218,2.59338,2.60458
2005-09-06,2.60458,2.60748,2.59298,2.5996799999999998
2005-09-07,2.5996799999999998,2.61258,2.59258,2.6101799999999997
2005-09-08,2.6101799999999997,2.61488,2.60108,2.60318
2005-09-09,2.60318,2.61358,2.59708,2.6025799999999997
2005-09-12,2.59658,2.60398,2.5834799999999998,2.59068
2005-09-13,2.59068,2.6004799999999997,2.5827799999999996,2.5964799999999997
2005-09-14,2.5964799999999997,2.5987799999999996,2.5718799999999997,2.5720799999999997
2005-09-15,2.5720799999999997,2.57888,2.55118,2.56018
2005-09-16,2.56018,2.57238,2.5573799999999998,2.5695799999999998
2005-09-19,2.57528,2.5846799999999996,2.57098,2.5722799999999997
2005-09-20,2.5722799999999997,2.57918,2.56738,2.57708
2005-09-21,2.57708,2.59368,2.57578,2.5884799999999997
2005-09-22,2.5884799999999997,2.59598,2.5703799999999997,2.5838799999999997
2005-09-23,2.5838799999999997,2.59488,2.57928,2.58418
2005-09-26,2.5842799999999997,2.59698,2.57678,2.59298
2005-09-27,2.59298,2.60608,2.58988,2.5958799999999997
2005-09-28,2.5958799999999997,2.6048799999999996,2.5705799999999996,2.5720799999999997
2005-09-29,2.5720799999999997,2.57478,2.5457799999999997,2.5497799999999997
2005-09-30,2.5497799999999997,2.56168,2.54018,2.55078
2005-10-03,2.5455799999999997,2.55028,2.53448,2.53788
2005-10-04,2.53788,2.54098,2.52628,2.52738
2005-10-05,2.5270799999999998,2.54648,2.51848,2.54168
2005-10-06,2.54168,2.55718,2.52268,2.5501799999999997
2005-10-07,2.5501799999999997,2.55198,2.52658,2.5314799999999997
2005-10-10,2.53288,2.53428,2.5110799999999998,2.51468
2005-10-11,2.51468,2.52838,2.50128,2.52458
2005-10-12,2.52458,2.52568,2.5080799999999996,2.51328
2005-10-13,2.51328,2.54188,2.5114799999999997,2.5362799999999996
2005-10-14,2.5362799999999996,2.5444799999999996,2.52068,2.53998
2005-10-17,2.53898,2.5419799999999997,2.51328,2.51868
2005-10-18,2.51868,2.52358,2.5053799999999997,2.52018
2005-10-19,2.52018,2.5299799999999997,2.5080799999999996,2.52738
2005-10-20,2.52738,2.5341799999999997,2.5202799999999996,2.5303799999999996
2005-10-21,2.5303799999999996,2.5371799999999998,2.52018,2.52758
2005-10-24,2.52668,2.5282799999999996,2.51288,2.51468
2005-10-25,2.51468,2.53918,2.51058,2.5316799999999997
2005-10-26,2.5316799999999997,2.53328,2.51788,2.52928
2005-10-27,2.52928,2.53878,2.51978,2.52278
2005-10-28,2.52278,2.52968,2.52018,2.52048
2005-10-31,2.52448,2.64118,2.5213799999999997,2.52778
2005-11-01,2.52778,2.64118,2.52108,2.53118
2005-11-02,2.53118,2.64118,2.52678,2.56608
2005-11-03,2.56608,2.64118,2.55618,2.57138
2005-11-04,2.57138,2.5756799999999997,2.5596799999999997,2.56818
2005-11-07,2.5636799999999997,2.57318,2.5564799999999996,2.56698
2005-11-08,2.56698,2.5758799999999997,2.54738,2.5535799999999997
2005-11-09,2.5535799999999997,2.56078,2.53768,2.53918
2005-11-10,2.53918,2.54888,2.53008,2.5402799999999996
2005-11-11,2.5402799999999996,2.54068,2.52908,2.53638
2005-11-14,2.53878,2.56118,2.5354799999999997,2.55878
2005-11-15,2.55878,2.56358,2.52948,2.5331799999999998
2005-11-16,2.5331799999999998,2.53938,2.50188,2.50828
2005-11-17,2.50828,2.51238,2.49768,2.49978
2005-11-18,2.49978,2.5076799999999997,2.4939799999999996,2.50128
2005-11-21,2.5032799999999997,2.50478,2.4889799999999997,2.4912799999999997
2005-11-22,2.4912799999999997,2.5017799999999997,2.4847799999999998,2.48948
2005-11-23,2.48948,2.4950799999999997,2.47958,2.48508
2005-11-24,2.48508,2.48638,2.47608,2.4786799999999998
2005-11-25,2.4786799999999998,2.48278,2.4596799999999996,2.46188
2005-11-28,2.46248,2.46608,2.44948,2.45578
2005-11-29,2.45578,2.4586799999999998,2.44788,2.45288
2005-11-30,2.45288,2.46798,2.4396799999999996,2.4611799999999997
2005-12-01,2.4611799999999997,2.4638799999999996,2.44908,2.4584799999999998
2005-12-02,2.4584799999999998,2.4626799999999998,2.42778,2.42948
2005-12-05,2.43168,2.43228,2.41518,2.42588
2005-12-06,2.42588,2.43218,2.4154799999999996,2.4270799999999997
2005-12-07,2.4270799999999997,2.4773799999999997,2.42578,2.47428
2005-12-08,2.47428,2.50698,2.4630799999999997,2.49898
2005-12-09,2.49898,2.5032799999999997,2.48548,2.49788
2005-12-12,2.49408,2.5036799999999997,2.48588,2.49868
2005-12-13,2.49868,2.5101799999999996,2.49558,2.50818
2005-12-14,2.50818,2.51458,2.49308,2.5078799999999997
2005-12-15,2.5078799999999997,2.55998,2.50298,2.54588
2005-12-16,2.54588,2.57518,2.54568,2.56668
2005-12-19,2.56418,2.57448,2.54508,2.56438
2005-12-20,2.56438,2.5855799999999998,2.55348,2.57848
2005-12-21,2.57848,2.58478,2.5613799999999998,2.57728
2005-12-22,2.57728,2.59758,2.56948,2.5815799999999998
2005-12-23,2.5815799999999998,2.58988,2.5720799999999997,2.5802799999999997
2005-12-27,2.5794799999999998,2.5794799999999998,2.55848,2.57238
2005-12-28,2.57238,2.57408,2.51688,2.52168
2005-12-29,2.52168,2.5358799999999997,2.51708,2.5333799999999997
2005-12-30,2.5333799999999997,2.53348,2.5112799999999997,2.52038
2006-01-03,2.52038,2.56118,2.5202799999999996,2.5524799999999996
2006-01-04,2.5524799999999996,2.56358,2.54488,2.55918
2006-01-05,2.55918,2.56738,2.54758,2.5562799999999997
2006-01-06,2.5562799999999997,2.57368,2.5539799999999997,2.56068
2006-01-09,2.5596799999999997,2.56438,2.5423799999999996,2.54358
2006-01-10,2.54358,2.55708,2.54098,2.54818
2006-01-11,2.54818,2.54818,2.52318,2.53078
2006-01-12,2.53078,2.5434799999999997,2.5276799999999997,2.53958
2006-01-13,2.53958,2.5497799999999997,2.53268,2.5434799999999997
2006-01-16,2.5434799999999997,2.54648,2.52848,2.54338
2006-01-17,2.54338,2.56478,2.53708,2.5602799999999997
2006-01-18,2.5602799999999997,2.57578,2.5575799999999997,2.57318
2006-01-19,2.57318,2.60148,2.56328,2.59258
2006-01-20,2.59258,2.6107799999999997,2.57318,2.60818
2006-01-23,2.60558,2.6158799999999998,2.59178,2.61218
2006-01-24,2.61218,2.63888,2.61108,2.6128799999999996
2006-01-25,2.6128799999999996,2.62308,2.59198,2.59408
2006-01-26,2.59408,2.61598,2.59028,2.6025799999999997
2006-01-27,2.6025799999999997,2.6343799999999997,2.59158,2.59548
2006-01-30,2.59978,2.6017799999999998,2.58478,2.59488
2006-01-31,2.59488,2.60608,2.5823799999999997,2.58568
2006-02-01,2.58568,2.59918,2.5821799999999997,2.59518
2006-02-02,2.59518,2.5962799999999997,2.57728,2.58118
2006-02-03,2.58118,2.58398,2.56188,2.5640799999999997
2006-02-06,2.56208,2.58418,2.56058,2.56798
2006-02-07,2.56798,2.57368,2.55468,2.5735799999999998
2006-02-08,2.5735799999999998,2.5838799999999997,2.56378,2.5821799999999997
2006-02-09,2.5821799999999997,2.5867799999999996,2.56318,2.56528
2006-02-10,2.56528,2.57748,2.5583799999999997,2.5716799999999997
2006-02-13,2.5720799999999997,2.58418,2.55768,2.58038
2006-02-14,2.58038,2.5905799999999997,2.56338,2.5640799999999997
2006-02-15,2.5640799999999997,2.58508,2.55918,2.58438
2006-02-16,2.58438,2.60128,2.56908,2.59658
2006-02-17,2.59658,2.62098,2.5880799999999997,2.60738
2006-02-20,2.60958,2.6107799999999997,2.5983799999999997,2.60268
2006-02-21,2.60268,2.64388,2.60138,2.6360799999999998
2006-02-22,2.6360799999999998,2.6581799999999998,2.63538,2.6480799999999998
2006-02-23,2.6480799999999998,2.65638,2.6425799999999997,2.6480799999999998
2006-02-24,2.6480799999999998,2.6522799999999997,2.62958,2.6341799999999997
2006-02-27,2.6484799999999997,2.65408,2.63158,2.6391799999999996
2006-02-28,2.6391799999999996,2.6526799999999997,2.63168,2.64998
2006-03-01,2.64998,2.65158,2.6290799999999996,2.6349799999999997
2006-03-02,2.6349799999999997,2.63538,2.61638,2.62498
2006-03-03,2.62498,2.6412799999999996,2.62348,2.6370799999999996
2006-03-06,2.6391799999999996,2.66818,2.6347799999999997,2.66368
2006-03-07,2.66368,2.6854799999999996,2.6633799999999996,2.67568
2006-03-08,2.67568,2.6829799999999997,2.66178,2.6665799999999997
2006-03-09,2.6665799999999997,2.69048,2.6644799999999997,2.6865799999999997
2006-03-10,2.6865799999999997,2.70828,2.6852799999999997,2.6930799999999997
2006-03-13,2.68308,2.7138799999999996,2.68268,2.7105799999999998
2006-03-14,2.7105799999999998,2.74478,2.7069799999999997,2.71868
2006-03-15,2.71868,2.72288,2.70098,2.7033799999999997
2006-03-16,2.7033799999999997,2.76088,2.7025799999999998,2.7460799999999996
2006-03-17,2.7460799999999996,2.7854799999999997,2.7420799999999996,2.76838
2006-03-20,2.7620799999999996,2.8176799999999997,2.7610799999999998,2.81228
2006-03-21,2.81228,2.8186799999999996,2.79418,2.80498
2006-03-22,2.80498,2.82658,2.78268,2.79358
2006-03-23,2.79358,2.79798,2.76888,2.78268
2006-03-24,2.78268,2.8664799999999997,2.7740799999999997,2.86338
2006-03-27,2.85608,2.88938,2.8506799999999997,2.88028
2006-03-28,2.88028,2.9003799999999997,2.8527799999999996,2.88768
2006-03-29,2.88768,2.91008,2.8630799999999996,2.8666799999999997
2006-03-30,2.8666799999999997,2.87458,2.8445799999999997,2.84958
2006-03-31,2.84958,2.85748,2.8174799999999998,2.82338
2006-04-03,2.82118,2.85538,2.80828,2.85518
2006-04-04,2.85518,2.9020799999999998,2.85458,2.8820799999999998
2006-04-05,2.8820799999999998,2.88588,2.8468799999999996,2.84758
2006-04-06,2.84758,2.8719799999999998,2.83668,2.85858
2006-04-07,2.85858,2.86918,2.84088,2.86758
2006-04-10,2.86568,2.87608,2.85248,2.8557799999999998
2006-04-11,2.8557799999999998,2.8744799999999997,2.84748,2.86008
2006-04-12,2.86008,2.86238,2.83458,2.8388799999999996
2006-04-13,2.8388799999999996,2.8502799999999997,2.7978799999999997,2.83118
2006-04-14,2.83118,2.84508,2.8281799999999997,2.83548
2006-04-17,2.8384799999999997,2.85228,2.82428,2.8376799999999998
2006-04-18,2.8376799999999998,2.84238,2.8218799999999997,2.83138
2006-04-19,2.83138,2.8357799999999997,2.80718,2.82748
2006-04-20,2.82748,2.84828,2.8161799999999997,2.83938
2006-04-21,2.83938,2.8466799999999997,2.80468,2.8144799999999996
2006-04-24,2.8178799999999997,2.85688,2.80978,2.8506799999999997
2006-04-25,2.8506799999999997,2.8723799999999997,2.83688,2.8641799999999997
2006-04-26,2.8641799999999997,2.86468,2.8159799999999997,2.82138
2006-04-27,2.82138,2.85168,2.81248,2.84788
2006-04-28,2.84788,2.8698799999999998,2.8399799999999997,2.85688
2006-05-01,2.86168,2.8750799999999996,2.85478,2.86928
2006-05-02,2.86928,2.88328,2.86518,2.87548
2006-05-03,2.87548,2.88368,2.8529799999999996,2.86738
2006-05-04,2.86738,2.89178,2.86728,2.8887799999999997
2006-05-05,2.8887799999999997,2.90318,2.8830799999999996,2.89498
2006-05-08,2.8984799999999997,2.94598,2.89518,2.93918
2006-05-09,2.93918,2.97388,2.93198,2.96208
2006-05-10,2.96208,2.99048,2.9525799999999998,2.9773799999999997
2006-05-11,2.9773799999999997,2.99328,2.9535799999999997,2.98698
2006-05-12,2.98698,3.0335799999999997,2.9792799999999997,3.01658
2006-05-15,3.0135799999999997,3.06068,3.01068,3.03278
2006-05-16,3.03278,3.0381799999999997,3.0061799999999996,3.01068
2006-05-17,3.01068,3.04468,3.00608,3.03138
2006-05-18,3.03138,3.0432799999999998,3.01438,3.04078
2006-05-19,3.04078,3.04858,3.01638,3.02868
2006-05-22,3.03558,3.05508,3.0240799999999997,3.0339799999999997
2006-05-23,3.0339799999999997,3.0396799999999997,2.98968,3.0112799999999997
2006-05-24,3.0112799999999997,3.01838,2.9470799999999997,2.95438
2006-05-25,2.95438,2.95998,2.91418,2.92578
2006-05-26,2.92578,2.94678,2.9186799999999997,2.93058
2006-05-29,2.93438,2.94018,2.92418,2.9335799999999996
2006-05-30,2.9335799999999996,2.95238,2.92408,2.94238
2006-05-31,2.94238,2.95038,2.9270799999999997,2.94818
2006-06-01,2.94818,2.9697799999999996,2.94108,2.9691799999999997
2006-06-02,2.9691799999999997,2.9948799999999998,2.95238,2.9880799999999996
2006-06-05,2.98508,2.99078,2.9567799999999997,2.96678
2006-06-06,2.96678,2.97978,2.95608,2.9672799999999997
2006-06-07,2.9672799999999997,2.98318,2.95728,2.9626799999999998
2006-06-08,2.9626799999999998,2.96428,2.93188,2.9468799999999997
2006-06-09,2.9468799999999997,2.95228,2.90068,2.90718
2006-06-12,2.9068799999999997,2.9342799999999998,2.9068799999999997,2.93008
2006-06-13,2.93008,2.9710799999999997,2.92598,2.95388
2006-06-14,2.95388,2.96818,2.9413799999999997,2.96188
2006-06-15,2.96188,2.98248,2.9546799999999998,2.9697799999999996
2006-06-16,2.9697799999999996,3.00358,2.9630799999999997,2.99518
2006-06-19,2.99518,3.00858,2.97578,2.98718
2006-06-20,2.98718,2.9891799999999997,2.9586799999999998,2.97388
2006-06-21,2.97388,2.99308,2.96438,2.9727799999999998
2006-06-22,2.9727799999999998,3.01138,2.97228,3.00148
2006-06-23,3.00148,3.0156799999999997,2.9897799999999997,2.99258
2006-06-26,2.99538,3.02058,2.98818,3.0158799999999997
2006-06-27,3.0158799999999997,3.0240799999999997,3.00068,3.0072799999999997
2006-06-28,3.0072799999999997,3.0686799999999996,3.00658,3.04878
2006-06-29,3.04878,3.0602799999999997,3.0110799999999998,3.0278799999999997
2006-06-30,3.0278799999999997,3.04548,2.9937799999999997,3.0356799999999997
2006-07-03,3.0343799999999996,3.04838,3.02048,3.03998
2006-07-04,3.03998,3.04058,3.0192799999999997,3.0253799999999997
2006-07-05,3.0253799999999997,3.04058,3.01658,3.03478
2006-07-06,3.03478,3.0472799999999998,3.03138,3.03888
2006-07-07,3.03888,3.04628,3.0211799999999998,3.0282799999999996
2006-07-10,3.02798,3.03258,3.00428,3.01708
2006-07-11,3.01708,3.0196799999999997,2.9878799999999996,2.99228
2006-07-12,2.99228,2.99658,2.97498,2.9777799999999996
2006-07-13,2.9777799999999996,2.98668,2.96258,2.98218
2006-07-14,2.98218,2.9899799999999996,2.95608,2.96088
2006-07-17,2.96088,2.9691799999999997,2.92388,2.9289799999999997
2006-07-18,2.9289799999999997,2.93218,2.90508,2.9253799999999996
2006-07-19,2.9253799999999996,2.9645799999999998,2.9209799999999997,2.9504799999999998
2006-07-20,2.9504799999999998,2.9832799999999997,2.9451799999999997,2.96998
2006-07-21,2.96998,2.98608,2.9678799999999996,2.97918
2006-07-24,2.97918,2.99098,2.9628799999999997,2.9710799999999997
2006-07-25,2.9710799999999997,2.97398,2.94188,2.95428
2006-07-26,2.95428,2.9708799999999997,2.9388799999999997,2.96608
2006-07-27,2.96608,3.01068,2.96608,2.99468
2006-07-28,2.99468,3.0251799999999998,2.9935799999999997,3.01848
2006-07-31,3.01848,3.03298,3.0053799999999997,3.0198799999999997
2006-08-01,3.0198799999999997,3.03298,3.01458,3.02418
2006-08-02,3.02418,3.04608,3.0139799999999997,3.0194799999999997
2006-08-03,3.0194799999999997,3.0543799999999997,3.0110799999999998,3.0512799999999998
2006-08-04,3.0512799999999998,3.07368,3.04278,3.0495799999999997
2006-08-07,3.0495799999999997,3.06948,3.03958,3.05468
2006-08-08,3.05468,3.0604799999999996,3.0394799999999997,3.05288
2006-08-09,3.05288,3.0596799999999997,3.02378,3.02668
2006-08-10,3.02668,3.0331799999999998,2.98058,2.99228
2006-08-11,2.99228,2.9971799999999997,2.97518,2.98468
2006-08-14,2.98468,3.0093799999999997,2.96548,3.00418
2006-08-15,3.00418,3.00798,2.97938,2.98398
2006-08-16,2.98398,2.9870799999999997,2.94968,2.95498
2006-08-17,2.95498,2.96468,2.94468,2.9485799999999998
2006-08-18,2.9485799999999998,2.95768,2.93308,2.9436799999999996
2006-08-21,2.9436799999999996,2.96468,2.93988,2.95898
2006-08-22,2.95898,2.9754799999999997,2.95198,2.96418
2006-08-23,2.96418,2.96598,2.95198,2.95938
2006-08-24,2.95938,2.9834799999999997,2.95688,2.97428
2006-08-25,2.97428,2.9796799999999997,2.96238,2.9666799999999998
2006-08-28,2.9666799999999998,2.9790799999999997,2.96398,2.96738
2006-08-29,2.96738,2.97608,2.9443799999999998,2.95018
2006-08-30,2.95018,2.95158,2.92588,2.9394799999999996
2006-08-31,2.9394799999999996,2.94178,2.89748,2.90318
2006-09-01,2.90318,2.91778,2.8980799999999998,2.9093799999999996
2006-09-04,2.9093799999999996,2.93598,2.89708,2.92508
2006-09-05,2.92508,2.9554799999999997,2.92198,2.93408
2006-09-06,2.93408,2.93818,2.89748,2.90178
2006-09-07,2.90178,2.91478,2.88808,2.9062799999999998
2006-09-08,2.9062799999999998,2.93858,2.89988,2.92698
2006-09-11,2.92698,2.9396799999999996,2.9068799999999997,2.91808
2006-09-12,2.91808,2.9283799999999998,2.9030799999999997,2.92408
2006-09-13,2.92408,2.93078,2.8963799999999997,2.90198
2006-09-14,2.90198,2.9024799999999997,2.8346799999999996,2.85148
2006-09-15,2.85148,2.87018,2.8262799999999997,2.83608
2006-09-18,2.83608,2.8460799999999997,2.81908,2.83108
2006-09-19,2.83108,2.85738,2.8296799999999998,2.85738
2006-09-20,2.85738,2.87208,2.84318,2.85588
2006-09-21,2.85588,2.88138,2.8420799999999997,2.8763799999999997
2006-09-22,2.8763799999999997,2.89858,2.86698,2.87208
2006-09-25,2.87208,2.87728,2.83358,2.83398
2006-09-26,2.83398,2.88528,2.82738,2.87778
2006-09-27,2.87778,2.88828,2.86068,2.87948
2006-09-28,2.87948,2.8828799999999997,2.84998,2.85538
2006-09-29,2.85538,2.88088,2.8456799999999998,2.8679799999999998
2006-10-02,2.8679799999999998,2.8824799999999997,2.85608,2.86118
2006-10-03,2.86118,2.87458,2.85348,2.8698799999999998
2006-10-04,2.8698799999999998,2.87348,2.83928,2.84328
2006-10-05,2.84328,2.84708,2.82368,2.83018
2006-10-06,2.83018,2.84718,2.82028,2.84108
2006-10-09,2.84108,2.85948,2.8325799999999997,2.8420799999999997
2006-10-10,2.8420799999999997,2.84218,2.80868,2.8142799999999997
2006-10-11,2.8142799999999997,2.82388,2.80428,2.81018
2006-10-12,2.81018,2.82708,2.80558,2.8134799999999998
2006-10-13,2.8134799999999998,2.82908,2.8085799999999996,2.82408
2006-10-16,2.82408,2.8378799999999997,2.81898,2.82218
2006-10-17,2.82218,2.82638,2.80728,2.81878
2006-10-18,2.81878,2.83098,2.81068,2.8157799999999997
2006-10-19,2.8157799999999997,2.82428,2.8058799999999997,2.8081799999999997
2006-10-20,2.8081799999999997,2.82198,2.80678,2.81668
2006-10-23,2.81668,2.82558,2.8081799999999997,2.82118
2006-10-24,2.82118,2.83098,2.8184799999999997,2.82408
2006-10-25,2.82408,2.8664799999999997,2.8222799999999997,2.86328
2006-10-26,2.86328,2.88808,2.8584799999999997,2.87568
2006-10-27,2.87568,2.87988,2.86138,2.8626799999999997
2006-10-30,2.8626799999999997,2.87358,2.85058,2.85738
2006-10-31,2.85738,2.8597799999999998,2.8418799999999997,2.84518
2006-11-01,2.84518,2.85118,2.82618,2.83668
2006-11-02,2.83668,2.84738,2.82848,2.8300799999999997
2006-11-03,2.8300799999999997,2.84318,2.82738,2.83728
2006-11-06,2.83728,2.8542799999999997,2.83168,2.8363799999999997
2006-11-07,2.8363799999999997,2.85078,2.8321799999999997,2.84408
2006-11-08,2.84408,2.8630799999999996,2.84108,2.86158
2006-11-09,2.86158,2.8742799999999997,2.85268,2.8649799999999996
2006-11-10,2.8649799999999996,2.88048,2.86118,2.8677799999999998
2006-11-13,2.8677799999999998,2.8868799999999997,2.8658799999999998,2.88488
2006-11-14,2.88488,2.88678,2.8569799999999996,2.86148
2006-11-15,2.86148,2.8727799999999997,2.85588,2.86348
2006-11-16,2.86348,2.8687799999999997,2.8363799999999997,2.8418799999999997
2006-11-17,2.8418799999999997,2.8576799999999998,2.8336799999999998,2.85108
2006-11-20,2.85108,2.85268,2.8304799999999997,2.83298
2006-11-21,2.83298,2.8418799999999997,2.82698,2.83328
2006-11-22,2.83328,2.8584799999999997,2.83208,2.85228
2006-11-23,2.85228,2.86968,2.84788,2.86468
2006-11-24,2.86468,2.8881799999999997,2.85138,2.87648
2006-11-27,2.87648,2.89798,2.87628,2.89738
2006-11-28,2.89738,2.89898,2.85958,2.86888
2006-11-29,2.86888,2.87978,2.86348,2.86728
2006-11-30,2.86728,2.87878,2.86108,2.87318
2006-12-01,2.87318,2.8961799999999998,2.8698799999999998,2.88088
2006-12-04,2.88088,2.8866799999999997,2.86408,2.8706799999999997
2006-12-05,2.8706799999999997,2.8843799999999997,2.86558,2.8761799999999997
2006-12-06,2.8761799999999997,2.8860799999999998,2.8603799999999997,2.86538
2006-12-07,2.86538,2.87168,2.8380799999999997,2.8525799999999997
2006-12-08,2.8525799999999997,2.85628,2.8285799999999997,2.84408
2006-12-11,2.84408,2.85338,2.82978,2.8437799999999998
2006-12-12,2.8437799999999998,2.85538,2.8367799999999996,2.84518
2006-12-13,2.84518,2.85528,2.8403799999999997,2.8439799999999997
2006-12-14,2.8439799999999997,2.8624799999999997,2.83188,2.84678
2006-12-15,2.84678,2.85608,2.82308,2.83058
2006-12-18,2.83058,2.83708,2.8176799999999997,2.82098
2006-12-19,2.82098,2.83878,2.81038,2.82828
2006-12-20,2.82828,2.83988,2.81268,2.82688
2006-12-21,2.82688,2.83718,2.81338,2.81518
2006-12-22,2.81518,2.81738,2.79128,2.79838
2006-12-25,2.79838,2.79918,2.79838,2.79918
2006-12-26,2.79918,2.79918,2.7858799999999997,2.7915799999999997
2006-12-27,2.7915799999999997,2.7995799999999997,2.78008,2.7843799999999996
2006-12-28,2.7843799999999996,2.79298,2.77718,2.78048
2006-12-29,2.78048,2.79338,2.77018,2.7795799999999997
2007-01-01,2.7795799999999997,2.77968,2.7795799999999997,2.77968
2007-01-02,2.77968,2.79168,2.77248,2.7913799999999998
2007-01-03,2.7913799999999998,2.7932799999999998,2.7521799999999996,2.76178
2007-01-04,2.76178,2.78848,2.7559799999999997,2.7816799999999997
2007-01-05,2.7816799999999997,2.81418,2.78008,2.80638
2007-01-08,2.80638,2.8239799999999997,2.80288,2.81058
2007-01-09,2.81058,2.81478,2.79838,2.80238
2007-01-10,2.80238,2.81928,2.79868,2.81088
2007-01-11,2.81088,2.82708,2.8003799999999996,2.81648
2007-01-12,2.81648,2.8384799999999997,2.81098,2.8340799999999997
2007-01-15,2.8340799999999997,2.8361799999999997,2.8186799999999996,2.81988
2007-01-16,2.81988,2.8426799999999997,2.81528,2.83418
2007-01-17,2.83418,2.85528,2.83398,2.84338
2007-01-18,2.84338,2.84738,2.83358,2.83968
2007-01-19,2.83968,2.84638,2.83378,2.83728
2007-01-22,2.83728,2.84308,2.8201799999999997,2.82528
2007-01-23,2.82528,2.83518,2.81878,2.82408
2007-01-24,2.82408,2.84118,2.80298,2.81068
2007-01-25,2.81068,2.82618,2.7976799999999997,2.82048
2007-01-26,2.82048,2.82898,2.81108,2.81688
2007-01-29,2.81688,2.82738,2.8039799999999997,2.81568
2007-01-30,2.81568,2.85778,2.80708,2.85208
2007-01-31,2.85208,2.86638,2.8420799999999997,2.8435799999999998
2007-02-01,2.8435799999999998,2.89498,2.84238,2.88318
2007-02-02,2.88318,2.91078,2.8786799999999997,2.88828
2007-02-05,2.88828,2.88848,2.86028,2.86488
2007-02-06,2.86488,2.9024799999999997,2.86108,2.89548
2007-02-07,2.89548,2.90638,2.86328,2.86748
2007-02-08,2.86748,2.8759799999999998,2.8468799999999996,2.86138
2007-02-09,2.86138,2.86728,2.84768,2.8578799999999998
2007-02-12,2.8578799999999998,2.86198,2.8378799999999997,2.85128
2007-02-13,2.85128,2.8548799999999996,2.8195799999999998,2.82008
2007-02-14,2.82008,2.83648,2.8134799999999998,2.8283799999999997
2007-02-15,2.8283799999999997,2.83758,2.80198,2.8123799999999997
2007-02-16,2.8123799999999997,2.81718,2.7917799999999997,2.79478
2007-02-19,2.79188,2.9468799999999997,2.7755799999999997,2.78098
2007-02-20,2.78098,2.79358,2.77668,2.78688
2007-02-21,2.78688,2.7942799999999997,2.76288,2.76688
2007-02-22,2.76688,2.7782799999999996,2.7593799999999997,2.77678
2007-02-23,2.77678,2.78298,2.7692799999999997,2.78028
2007-02-26,2.78028,2.78088,2.75608,2.7652799999999997
2007-02-27,2.7652799999999997,2.8121799999999997,2.7610799999999998,2.80518
2007-02-28,2.80518,2.81418,2.78868,2.80048
2007-03-01,2.80048,2.8357799999999997,2.7894799999999997,2.82518
2007-03-02,2.82518,2.8468799999999996,2.81718,2.8304799999999997
2007-03-05,2.8304799999999997,2.85208,2.81688,2.8464799999999997
2007-03-06,2.8464799999999997,2.85568,2.82428,2.82828
2007-03-07,2.82828,2.85318,2.81278,2.85038
2007-03-08,2.85038,2.85318,2.8064799999999996,2.81318
2007-03-09,2.81318,2.81908,2.79258,2.79548
2007-03-12,2.79548,2.8045799999999996,2.77088,2.7774799999999997
2007-03-13,2.7774799999999997,2.8058799999999997,2.7650799999999998,2.80498
2007-03-14,2.80498,2.82028,2.7841799999999997,2.7963799999999996
2007-03-15,2.7963799999999996,2.7999799999999997,2.77968,2.78278
2007-03-16,2.78278,2.7984799999999996,2.7761799999999996,2.78048
2007-03-19,2.78008,2.79438,2.7675799999999997,2.7692799999999997
2007-03-20,2.7692799999999997,2.7894799999999997,2.7591799999999997,2.7759799999999997
2007-03-21,2.7759799999999997,2.79078,2.7679799999999997,2.77048
2007-03-22,2.77048,2.77948,2.7500799999999996,2.7610799999999998
2007-03-23,2.7610799999999998,2.76598,2.74598,2.75648
2007-03-26,2.75648,2.76748,2.74328,2.74668
2007-03-27,2.74668,2.74898,2.7275799999999997,2.74058
2007-03-28,2.74058,2.7738799999999997,2.73858,2.76438
2007-03-29,2.76438,2.76858,2.74078,2.7477799999999997
2007-03-30,2.7477799999999997,2.76328,2.73668,2.7538799999999997
2007-04-02,2.75398,2.76138,2.73828,2.7418799999999997
2007-04-03,2.7418799999999997,2.75058,2.7311799999999997,2.7439799999999996
2007-04-04,2.7439799999999996,2.75318,2.73528,2.74008
2007-04-05,2.74008,2.74408,2.7187799999999998,2.72218
2007-04-06,2.72218,2.74018,2.7170799999999997,2.72658
2007-04-09,2.72658,2.72898,2.7132799999999997,2.72418
2007-04-10,2.72418,2.72898,2.69598,2.7010799999999997
2007-04-11,2.7010799999999997,2.72158,2.6985799999999998,2.71218
2007-04-12,2.71218,2.72428,2.7086799999999998,2.71198
2007-04-13,2.71198,2.7138799999999996,2.6850799999999997,2.69208
2007-04-16,2.68458,2.69408,2.6810799999999997,2.6890799999999997
2007-04-17,2.6890799999999997,2.71008,2.6875799999999996,2.69258
2007-04-18,2.69258,2.71258,2.68008,2.68398
2007-04-19,2.68398,2.71608,2.68268,2.69318
2007-04-20,2.69318,2.69818,2.67618,2.67768
2007-04-23,2.67988,2.69618,2.6768799999999997,2.68628
2007-04-24,2.68628,2.70328,2.67998,2.69358
2007-04-25,2.69358,2.69608,2.6806799999999997,2.68628
2007-04-26,2.68628,2.7027799999999997,2.67398,2.6928799999999997
2007-04-27,2.6928799999999997,2.70398,2.68668,2.6934799999999997
2007-04-30,2.6934799999999997,2.70458,2.68808,2.69978
2007-05-01,2.69978,2.7056799999999996,2.69178,2.69818
2007-05-02,2.69818,2.70798,2.6915799999999996,2.69788
2007-05-03,2.69788,2.70828,2.69338,2.69978
2007-05-04,2.69978,2.71208,2.69738,2.70828
2007-05-07,2.70828,2.71398,2.69818,2.7037799999999996
2007-05-08,2.7037799999999996,2.70858,2.6951799999999997,2.69678
2007-05-09,2.69678,2.7208799999999997,2.6930799999999997,2.71438
2007-05-10,2.71438,2.72268,2.70118,2.72238
2007-05-11,2.72238,2.72638,2.6974799999999997,2.6985799999999998
2007-05-14,2.6985799999999998,2.70438,2.67568,2.68388
2007-05-15,2.68388,2.69468,2.67798,2.6873799999999997
2007-05-16,2.6873799999999997,2.70478,2.68398,2.6970799999999997
2007-05-17,2.6970799999999997,2.7111799999999997,2.69188,2.70208
2007-05-18,2.70208,2.71598,2.70028,2.70428
2007-05-21,2.70428,2.7056799999999996,2.69618,2.6995799999999996
2007-05-22,2.6995799999999996,2.72008,2.69658,2.71718
2007-05-23,2.71718,2.72388,2.7128799999999997,2.7218799999999996
2007-05-24,2.7218799999999996,2.74258,2.71928,2.7376799999999997
2007-05-25,2.7376799999999997,2.7408799999999998,2.7267799999999998,2.7338799999999996
2007-05-28,2.7338799999999996,2.7347799999999998,2.72628,2.72708
2007-05-29,2.72708,2.73408,2.71658,2.72368
2007-05-30,2.72368,2.72838,2.70058,2.70598
2007-05-31,2.70598,2.7117799999999996,2.68158,2.6869799999999997
2007-06-01,2.6869799999999997,2.6903799999999998,2.66018,2.6650799999999997
2007-06-04,2.6650799999999997,2.67148,2.65678,2.66458
2007-06-05,2.66458,2.66808,2.6431799999999996,2.6593799999999996
2007-06-06,2.6593799999999996,2.6602799999999998,2.6400799999999998,2.65218
2007-06-07,2.65218,2.65218,2.6164799999999997,2.63568
2007-06-08,2.63568,2.64288,2.5754799999999998,2.5777799999999997
2007-06-11,2.5777799999999997,2.6339799999999998,2.57708,2.61738
2007-06-12,2.61738,2.63778,2.61568,2.6366799999999997
2007-06-13,2.6366799999999997,2.64038,2.61768,2.62458
2007-06-14,2.62458,2.63998,2.61518,2.62548
2007-06-15,2.62548,2.6280799999999997,2.61548,2.6168799999999997
2007-06-18,2.6168799999999997,2.63388,2.6145799999999997,2.6309799999999997
2007-06-19,2.6309799999999997,2.63378,2.6177799999999998,2.62248
2007-06-20,2.62248,2.62688,2.60958,2.6229799999999996
2007-06-21,2.6229799999999996,2.62708,2.60098,2.6088799999999996
2007-06-22,2.6088799999999996,2.62988,2.60158,2.62338
2007-06-25,2.62338,2.62338,2.60108,2.60938
2007-06-26,2.60938,2.6145799999999997,2.59848,2.60898
2007-06-27,2.60898,2.6389799999999997,2.60478,2.62708
2007-06-28,2.62708,2.62878,2.5943799999999997,2.60248
2007-06-29,2.60248,2.6099799999999997,2.58688,2.6038799999999998
2007-07-02,2.6038799999999998,2.6038799999999998,2.57278,2.5794799999999998
2007-07-03,2.5794799999999998,2.5876799999999998,2.57068,2.5815799999999998
2007-07-04,2.5815799999999998,2.58398,2.57478,2.57888
2007-07-05,2.57888,2.5815799999999998,2.5602799999999997,2.57328
2007-07-06,2.57308,2.5775799999999998,2.55558,2.57258
2007-07-09,2.57288,2.58608,2.5680799999999997,2.5798799999999997
2007-07-10,2.5798799999999997,2.60628,2.57898,2.6057799999999998
2007-07-11,2.6057799999999998,2.62608,2.59488,2.59748
2007-07-12,2.59748,2.60718,2.58748,2.58798
2007-07-13,2.58798,2.59538,2.57448,2.5884799999999997
2007-07-16,2.58608,2.58898,2.56628,2.5663799999999997
2007-07-17,2.5663799999999997,2.5935799999999998,2.56378,2.59088
2007-07-18,2.59088,2.59638,2.58358,2.58738
2007-07-19,2.58738,2.59498,2.58058,2.58398
2007-07-20,2.58398,2.5888799999999996,2.57178,2.57908
2007-07-23,2.57618,2.5834799999999998,2.55218,2.55538
2007-07-24,2.55538,2.56458,2.54568,2.55908
2007-07-25,2.55908,2.5737799999999997,2.5442799999999997,2.55498
2007-07-26,2.55498,2.6223799999999997,2.54868,2.61918
2007-07-27,2.61918,2.65488,2.59928,2.64498
2007-07-30,2.65588,2.67978,2.63148,2.63578
2007-07-31,2.63578,2.6684799999999997,2.62518,2.66408
2007-08-01,2.66408,2.68308,2.65028,2.65188
2007-08-02,2.65188,2.66898,2.63968,2.64878
2007-08-03,2.64878,2.68608,2.6444799999999997,2.68328
2007-08-06,2.6867799999999997,2.70058,2.65128,2.65298
2007-08-07,2.65298,2.67808,2.65048,2.6543799999999997
2007-08-08,2.6543799999999997,2.66248,2.64608,2.65168
2007-08-09,2.65168,2.6949799999999997,2.6442799999999997,2.69008
2007-08-10,2.69008,2.72638,2.6890799999999997,2.70988
2007-08-13,2.7052799999999997,2.73068,2.7035799999999997,2.72138
2007-08-14,2.72138,2.75468,2.7197799999999996,2.74868
2007-08-15,2.74868,2.8012799999999998,2.7467799999999998,2.80098
2007-08-16,2.80098,2.94618,2.79918,2.8807799999999997
2007-08-17,2.8807799999999997,2.9636799999999996,2.82928,2.85118
2007-08-20,2.8466799999999997,2.8980799999999998,2.8277799999999997,2.8445799999999997
2007-08-21,2.8445799999999997,2.8689799999999996,2.82538,2.84488
2007-08-22,2.84488,2.8763799999999997,2.8325799999999997,2.84368
2007-08-23,2.84368,2.84368,2.7919799999999997,2.80498
2007-08-24,2.80498,2.8216799999999997,2.79338,2.7972799999999998
2007-08-27,2.7793799999999997,2.8092799999999998,2.77338,2.80878
2007-08-28,2.80878,2.87098,2.80578,2.86908
2007-08-29,2.86908,2.9064799999999997,2.8422799999999997,2.84658
2007-08-30,2.84658,2.88348,2.83858,2.86408
2007-08-31,2.86408,2.8845799999999997,2.8386799999999996,2.87168
2007-09-03,2.8826799999999997,2.8826799999999997,2.8588799999999996,2.86578
2007-09-04,2.86578,2.90108,2.86258,2.8879799999999998
2007-09-05,2.8879799999999998,2.94868,2.8870799999999996,2.9409799999999997
2007-09-06,2.9409799999999997,2.95408,2.91748,2.9213799999999996
2007-09-07,2.9213799999999996,2.9512799999999997,2.91418,2.93458
2007-09-10,2.94407,2.97199,2.90066,2.9083099999999997
2007-09-11,2.9083099999999997,2.9268,2.87382,2.8769899999999997
2007-09-12,2.8769899999999997,2.88544,2.8359699999999997,2.85141
2007-09-13,2.85141,2.8677799999999998,2.8236399999999997,2.84453
2007-09-14,2.84453,2.8584099999999997,2.81086,2.81399
2007-09-17,2.8118499999999997,2.8358299999999996,2.79785,2.82131
2007-09-18,2.82131,2.8386799999999996,2.76755,2.77032
2007-09-19,2.77032,2.78334,2.7150399999999997,2.71975
2007-09-20,2.71975,2.7330699999999997,2.6988399999999997,2.7229799999999997
2007-09-21,2.7229799999999997,2.72707,2.69381,2.7186299999999997
2007-09-24,2.71902,2.72862,2.6993799999999997,2.70801
2007-09-25,2.70801,2.7525299999999997,2.70551,2.71617
2007-09-26,2.71617,2.72448,2.70192,2.70558
2007-09-27,2.70558,2.70883,2.68764,2.70239
2007-09-28,2.70239,2.7079999999999997,2.6677999999999997,2.69976
2007-10-01,2.6908,2.69567,2.6641999999999997,2.66525
2007-10-02,2.66525,2.6984,2.66296,2.69488
2007-10-03,2.69488,2.70491,2.67266,2.6928199999999998
2007-10-04,2.6928199999999998,2.70925,2.68903,2.7006099999999997
2007-10-05,2.7006099999999997,2.7025599999999996,2.67293,2.6814299999999998
2007-10-08,2.67208,2.6789799999999997,2.65536,2.67258
2007-10-09,2.67258,2.67814,2.66151,2.66287
2007-10-10,2.66287,2.6877999999999997,2.6594599999999997,2.6754499999999997
2007-10-11,2.6754499999999997,2.68191,2.6243399999999997,2.64026
2007-10-12,2.64026,2.64592,2.62045,2.6222499999999997
2007-10-15,2.62084,2.6890799999999997,2.61319,2.68222
2007-10-16,2.68222,2.74985,2.66911,2.72394
2007-10-17,2.72394,2.73996,2.70118,2.7117
2007-10-18,2.7117,2.74205,2.70336,2.71026
2007-10-19,2.71026,2.74715,2.69706,2.7417499999999997
2007-10-22,2.75393,2.77698,2.71868,2.7227099999999997
2007-10-23,2.7227099999999997,2.7304199999999996,2.7016899999999997,2.70877
2007-10-24,2.70877,2.73486,2.69683,2.71536
2007-10-25,2.71536,2.72048,2.689,2.69232
2007-10-26,2.69232,2.69569,2.67025,2.67793
2007-10-29,2.67732,2.68757,2.6576299999999997,2.683
2007-10-30,2.683,2.70789,2.6715899999999997,2.7041
2007-10-31,2.7041,2.71717,2.68767,2.6894199999999997
2007-11-01,2.6894199999999997,2.74564,2.6879999999999997,2.74319
2007-11-02,2.74319,2.74532,2.71406,2.7304299999999997
2007-11-05,2.72883,2.73926,2.6991199999999997,2.70239
2007-11-06,2.70239,2.7036,2.6736999999999997,2.67632
2007-11-07,2.67632,2.7134799999999997,2.65584,2.7126599999999996
2007-11-08,2.7126599999999996,2.74174,2.69937,2.71574
2007-11-09,2.71574,2.74565,2.7001299999999997,2.73899
2007-11-12,2.7424299999999997,2.77832,2.7349099999999997,2.7601999999999998
2007-11-13,2.7601999999999998,2.7601999999999998,2.71692,2.72734
2007-11-14,2.72734,2.74667,2.6736899999999997,2.68985
2007-11-15,2.68985,2.7157999999999998,2.68336,2.71442
2007-11-16,2.71442,2.7186299999999997,2.68215,2.71508
2007-11-19,2.7055499999999997,2.7218999999999998,2.68925,2.71975
2007-11-20,2.71975,2.7319,2.69703,2.69997
2007-11-21,2.69997,2.75895,2.6951799999999997,2.7467799999999998
2007-11-22,2.7467799999999998,2.7544199999999996,2.72559,2.7453
2007-11-23,2.7453,2.7590299999999996,2.71188,2.7172899999999998
2007-11-26,2.70689,2.7654799999999997,2.70491,2.75845
2007-11-27,2.75845,2.76274,2.71671,2.72598
2007-11-28,2.72598,2.72661,2.6731599999999998,2.6866
2007-11-29,2.6866,2.70215,2.66713,2.67364
2007-11-30,2.67364,2.7067799999999997,2.6653,2.6968199999999998
2007-12-03,2.69472,2.71046,2.6864,2.7046099999999997
2007-12-04,2.7046099999999997,2.71419,2.6906299999999996,2.69792
2007-12-05,2.69792,2.71167,2.6262999999999996,2.63192
2007-12-06,2.63192,2.6390599999999997,2.6039,2.60789
2007-12-07,2.60789,2.62368,2.59579,2.61827
2007-12-10,2.6236699999999997,2.63488,2.6134,2.61873
2007-12-11,2.61873,2.63562,2.5977799999999998,2.63089
2007-12-12,2.63089,2.6327,2.58357,2.60391
2007-12-13,2.60391,2.6198799999999998,2.5956699999999997,2.61589
2007-12-14,2.61589,2.63755,2.59773,2.62756
2007-12-17,2.6262,2.68195,2.61979,2.67632
2007-12-18,2.67632,2.6869099999999997,2.65833,2.66652
2007-12-19,2.66652,2.6735499999999996,2.6361299999999996,2.64324
2007-12-20,2.64324,2.65054,2.6060999999999996,2.6115
2007-12-21,2.6115,2.61203,2.58393,2.5947
2007-12-24,2.5954699999999997,2.60209,2.57599,2.57849
2007-12-26,2.57849,2.58168,2.57849,2.5814
2007-12-27,2.5814,2.59999,2.57856,2.5889599999999997
2007-12-28,2.5889599999999997,2.5959999999999996,2.5720199999999998,2.57361
2007-12-31,2.57854,2.6052299999999997,2.56383,2.5843499999999997
2008-01-02,2.5843499999999997,2.5843499999999997,2.5521,2.5548599999999997
2008-01-03,2.5548599999999997,2.56452,2.53258,2.55773
2008-01-04,2.55773,2.5776299999999996,2.54996,2.5755999999999997
2008-01-07,2.5755299999999997,2.5864399999999996,2.55665,2.5619099999999997
2008-01-08,2.5619099999999997,2.57555,2.55056,2.5663799999999997
2008-01-09,2.5663799999999997,2.5734399999999997,2.53192,2.5343999999999998
2008-01-10,2.5343999999999998,2.53836,2.4883599999999997,2.4979899999999997
2008-01-11,2.4979899999999997,2.5084299999999997,2.48272,2.4985999999999997
2008-01-14,2.51097,2.51097,2.47165,2.4735
2008-01-15,2.4735,2.52845,2.4665,2.5253799999999997
2008-01-16,2.5253799999999997,2.56556,2.5119,2.54505
2008-01-17,2.54505,2.57721,2.5322,2.57314
2008-01-18,2.57314,2.60413,2.54885,2.57028
2008-01-21,2.57823,2.6128199999999997,2.56574,2.60588
2008-01-22,2.60588,2.62213,2.55532,2.56677
2008-01-23,2.56677,2.58106,2.54373,2.55129
2008-01-24,2.55129,2.56505,2.54168,2.55353
2008-01-25,2.55353,2.58146,2.55029,2.57246
2008-01-28,2.58466,2.58466,2.5506499999999996,2.55205
2008-01-29,2.55205,2.56121,2.54655,2.55563
2008-01-30,2.55563,2.56405,2.51944,2.53213
2008-01-31,2.53213,2.55877,2.51747,2.5223899999999997
2008-02-01,2.5223899999999997,2.53252,2.4729699999999997,2.47706
2008-02-04,2.4796799999999997,2.4965699999999997,2.47638,2.48568
2008-02-05,2.48568,2.5222499999999997,2.47916,2.5137799999999997
2008-02-06,2.5137799999999997,2.51821,2.48339,2.4889799999999997
2008-02-07,2.4889799999999997,2.50258,2.4487799999999997,2.4615799999999997
2008-02-08,2.4615799999999997,2.4855799999999997,2.45818,2.46908
2008-02-11,2.4710799999999997,2.47478,2.45708,2.4714799999999997
2008-02-12,2.4714799999999997,2.48318,2.45648,2.47828
2008-02-13,2.47828,2.51388,2.47578,2.50318
2008-02-14,2.50318,2.5058,2.4876799999999997,2.49898
2008-02-15,2.49898,2.51069,2.47761,2.4805099999999998
2008-02-18,2.4767799999999998,2.48047,2.45118,2.4546799999999998
2008-02-19,2.4546799999999998,2.45518,2.4314799999999996,2.4434799999999997
2008-02-20,2.4434799999999997,2.45618,2.43018,2.4331799999999997
2008-02-21,2.4331799999999997,2.4558,2.42684,2.4516799999999996
2008-02-22,2.4516799999999996,2.45668,2.42988,2.43208
2008-02-25,2.43208,2.44263,2.42188,2.4232799999999997
2008-02-26,2.4232799999999997,2.4398899999999997,2.41138,2.43098
2008-02-27,2.43098,2.4434799999999997,2.42127,2.42698
2008-02-28,2.42698,2.4470799999999997,2.42324,2.43808
2008-02-29,2.43808,2.49028,2.4327799999999997,2.4853199999999998
2008-03-03,2.4853199999999998,2.50428,2.45388,2.45838
2008-03-04,2.45838,2.4939799999999996,2.45288,2.4786799999999998
2008-03-05,2.4786799999999998,2.49971,2.4762899999999997,2.4809799999999997
2008-03-06,2.4809799999999997,2.52798,2.4727799999999998,2.52331
2008-03-07,2.52331,2.55048,2.51258,2.53508
2008-03-10,2.53508,2.55741,2.53508,2.5476799999999997
2008-03-11,2.5476799999999997,2.54858,2.4919499999999997,2.4958799999999997
2008-03-12,2.4958799999999997,2.5208399999999997,2.4917499999999997,2.5135799999999997
2008-03-13,2.5135799999999997,2.53368,2.47818,2.4843599999999997
2008-03-14,2.4843599999999997,2.50338,2.47028,2.48548
2008-03-17,2.48548,2.52548,2.45389,2.4937799999999997
2008-03-18,2.4937799999999997,2.5078799999999997,2.47764,2.4857799999999997
2008-03-19,2.4857799999999997,2.48798,2.44758,2.47998
2008-03-20,2.47998,2.51991,2.46228,2.50778
2008-03-21,2.50778,2.5120799999999996,2.49368,2.5009799999999998
2008-03-24,2.5009799999999998,2.51001,2.48317,2.4880799999999996
2008-03-25,2.4880799999999996,2.49092,2.47458,2.48588
2008-03-26,2.48588,2.50733,2.46278,2.4958799999999997
2008-03-27,2.4958799999999997,2.51409,2.4880199999999997,2.4979799999999996
2008-03-28,2.4979799999999996,2.5074799999999997,2.47353,2.50237
2008-03-31,2.50237,2.53237,2.50237,2.52298
2008-04-01,2.52298,2.5419799999999997,2.5072799999999997,2.51068
2008-04-02,2.51068,2.52298,2.50087,2.5150799999999998
2008-04-03,2.5150799999999998,2.5457899999999998,2.5040799999999996,2.5415799999999997
2008-04-04,2.5415799999999997,2.5522799999999997,2.52298,2.52568
2008-04-07,2.52568,2.5291799999999998,2.48488,2.49768
2008-04-08,2.49768,2.50584,2.46068,2.4626799999999998
2008-04-09,2.4626799999999998,2.48448,2.45818,2.4775799999999997
2008-04-10,2.4775799999999997,2.4832799999999997,2.4593499999999997,2.4653799999999997
2008-04-11,2.4653799999999997,2.48591,2.4644,2.4826799999999998
2008-04-14,2.4826799999999998,2.51956,2.4826799999999998,2.49728
2008-04-15,2.49728,2.5125699999999997,2.48058,2.4950799999999997
2008-04-16,2.4950799999999997,2.5170299999999997,2.4880799999999996,2.48858
2008-04-17,2.48858,2.53218,2.4861899999999997,2.51678
2008-04-18,2.51678,2.5423199999999997,2.50398,2.52088
2008-04-21,2.52088,2.53408,2.49058,2.4933799999999997
2008-04-22,2.4933799999999997,2.5069999999999997,2.4870799999999997,2.50108
2008-04-23,2.50108,2.50718,2.4727799999999998,2.47768
2008-04-24,2.47768,2.50662,2.4775799999999997,2.50298
2008-04-25,2.50298,2.5455799999999997,2.50255,2.53848
2008-04-28,2.53848,2.54086,2.5145399999999998,2.5333799999999997
2008-04-29,2.5333799999999997,2.55844,2.53245,2.53848
2008-04-30,2.53848,2.5461199999999997,2.51645,2.53868
2008-05-01,2.53868,2.55525,2.53362,2.5400899999999997
2008-05-02,2.5400899999999997,2.5522799999999997,2.5190799999999998,2.52502
2008-05-05,2.52502,2.53218,2.50078,2.50948
2008-05-06,2.50948,2.51538,2.48847,2.49268
2008-05-07,2.49268,2.50712,2.4854399999999996,2.49938
2008-05-08,2.49938,2.5423999999999998,2.49578,2.5322799999999996
2008-05-09,2.5322799999999996,2.54478,2.5192799999999997,2.5388599999999997
2008-05-12,2.5388599999999997,2.55707,2.53248,2.53854
2008-05-13,2.53854,2.54648,2.5302499999999997,2.54468
2008-05-14,2.54468,2.5578,2.54208,2.5560799999999997
2008-05-15,2.5560799999999997,2.58234,2.54419,2.54798
2008-05-16,2.54798,2.5562799999999997,2.52468,2.5281499999999997
2008-05-19,2.5281499999999997,2.53903,2.5130399999999997,2.5236799999999997
2008-05-20,2.5236799999999997,2.54338,2.51958,2.5417799999999997
2008-05-21,2.5417799999999997,2.5465999999999998,2.5143899999999997,2.53868
2008-05-22,2.53868,2.5420599999999998,2.49848,2.53058
2008-05-23,2.53058,2.53068,2.50663,2.51958
2008-05-26,2.51958,2.52738,2.5114799999999997,2.51668
2008-05-27,2.51668,2.5211699999999997,2.4977799999999997,2.50228
2008-05-28,2.50228,2.52785,2.49918,2.51958
2008-05-29,2.51958,2.54112,2.50933,2.5358799999999997
2008-05-30,2.5358799999999997,2.53648,2.5156799999999997,2.52718
2008-06-02,2.52718,2.52718,2.49564,2.50528
2008-06-03,2.50528,2.51434,2.4918799999999997,2.51138
2008-06-04,2.51138,2.5209799999999998,2.49281,2.50628
2008-06-05,2.50628,2.5615799999999997,2.50468,2.54898
2008-06-06,2.54898,2.57308,2.5444799999999996,2.5646999999999998
2008-06-09,2.5646999999999998,2.6044899999999997,2.55815,2.60138
2008-06-10,2.60138,2.61088,2.58398,2.59498
2008-06-11,2.59498,2.6069299999999997,2.57658,2.5979799999999997
2008-06-12,2.5979799999999997,2.60322,2.58742,2.59558
2008-06-13,2.59558,2.60958,2.5818299999999996,2.59821
2008-06-16,2.59821,2.61774,2.58721,2.60528
2008-06-17,2.60528,2.60938,2.57956,2.5895799999999998
2008-06-18,2.5895799999999998,2.5941799999999997,2.57788,2.58088
2008-06-19,2.58088,2.6022499999999997,2.57898,2.58528
2008-06-20,2.58528,2.5975699999999997,2.58305,2.5956699999999997
2008-06-23,2.5956699999999997,2.5968799999999996,2.58149,2.59238
2008-06-24,2.59238,2.60288,2.59098,2.59908
2008-06-25,2.59908,2.6113399999999998,2.59306,2.59738
2008-06-26,2.59738,2.63448,2.59658,2.6343799999999997
2008-06-27,2.6343799999999997,2.63618,2.60818,2.6220299999999996
2008-06-30,2.6220299999999996,2.6220299999999996,2.60263,2.6126799999999997
2008-07-01,2.6126799999999997,2.63888,2.6122799999999997,2.6311799999999996
2008-07-02,2.6311799999999996,2.63588,2.61518,2.6219799999999998
2008-07-03,2.6219799999999998,2.62572,2.6123,2.6204799999999997
2008-07-04,2.6204799999999997,2.62918,2.6069799999999996,2.61101
2008-07-07,2.61101,2.6260999999999997,2.6063799999999997,2.61768
2008-07-08,2.61768,2.63494,2.6118799999999998,2.6126799999999997
2008-07-09,2.6126799999999997,2.62032,2.59848,2.61488
2008-07-10,2.61488,2.62561,2.5998799999999997,2.60628
2008-07-11,2.60628,2.61558,2.59508,2.60939
2008-07-14,2.60939,2.62547,2.6031299999999997,2.60988
2008-07-15,2.60988,2.61468,2.5877499999999998,2.59558
2008-07-16,2.59558,2.60248,2.58649,2.5888799999999996
2008-07-17,2.5888799999999996,2.63048,2.58758,2.6246799999999997
2008-07-18,2.6246799999999997,2.62578,2.60568,2.62429
2008-07-21,2.62429,2.63238,2.6120699999999997,2.62948
2008-07-22,2.62948,2.63311,2.61848,2.6217799999999998
2008-07-23,2.6217799999999998,2.6693599999999997,2.61948,2.6642799999999998
2008-07-24,2.6642799999999998,2.69388,2.6642799999999998,2.67298
2008-07-25,2.67298,2.6843999999999997,2.66621,2.6787199999999998
2008-07-28,2.6787199999999998,2.6846799999999997,2.6659599999999997,2.67658
2008-07-29,2.67658,2.69848,2.66988,2.6730799999999997
2008-07-30,2.6730799999999997,2.7046699999999997,2.67238,2.69838
2008-07-31,2.69838,2.7115899999999997,2.6917199999999997,2.70028
2008-08-01,2.70028,2.7317,2.70008,2.7140199999999997
2008-08-04,2.7140199999999997,2.71568,2.6820999999999997,2.6894799999999996
2008-08-05,2.6894799999999996,2.70782,2.6869799999999997,2.6888799999999997
2008-08-06,2.6888799999999997,2.71699,2.68784,2.7126799999999998
2008-08-07,2.7126799999999998,2.72418,2.6985799999999998,2.72018
2008-08-08,2.72018,2.76228,2.71645,2.7216199999999997
2008-08-11,2.7216199999999997,2.74741,2.71428,2.73148
2008-08-12,2.73148,2.743,2.71147,2.71926
2008-08-13,2.71926,2.77569,2.65181,2.6585799999999997
2008-08-14,2.6585799999999997,2.6780999999999997,2.6524099999999997,2.67028
2008-08-15,2.67028,2.68266,2.63368,2.6379799999999998
2008-08-18,2.6379799999999998,2.65239,2.60548,2.6259799999999998
2008-08-19,2.6259799999999998,2.63978,2.60772,2.61698
2008-08-20,2.61698,2.62078,2.6063799999999997,2.61028
2008-08-21,2.61028,2.62547,2.6025799999999997,2.6046799999999997
2008-08-22,2.6046799999999997,2.6162199999999998,2.5993,2.6100999999999996
2008-08-25,2.6100999999999996,2.63278,2.60168,2.63258
2008-08-26,2.63258,2.67142,2.62648,2.63698
2008-08-27,2.63698,2.64594,2.61178,2.61448
2008-08-28,2.61448,2.6168799999999997,2.59281,2.60498
2008-08-29,2.60498,2.6061799999999997,2.5886799999999996,2.60348
2008-09-01,2.60348,2.60348,2.57836,2.58608
2008-09-02,2.58608,2.62348,2.57318,2.5960799999999997
2008-09-03,2.5960799999999997,2.6372199999999997,2.5785799999999997,2.59178
2008-09-04,2.59178,2.6328199999999997,2.58811,2.6263799999999997
2008-09-05,2.6263799999999997,2.66668,2.6242199999999998,2.64348
2008-09-08,2.64348,2.64348,2.59889,2.61718
2008-09-09,2.61718,2.64948,2.59908,2.63388
2008-09-10,2.63388,2.64818,2.6170799999999996,2.64558
2008-09-11,2.64558,2.71758,2.64558,2.67908
2008-09-12,2.67908,2.7096299999999998,2.67398,2.6844799999999998
2008-09-15,2.6844799999999998,2.73248,2.68248,2.72788
2008-09-16,2.72788,2.76498,2.6911799999999997,2.6989799999999997
2008-09-17,2.6989799999999997,2.7509799999999998,2.67658,2.74618
2008-09-18,2.74618,2.76158,2.68178,2.68498
2008-09-19,2.68498,2.6985799999999998,2.64338,2.66398
2008-09-22,2.66398,2.69418,2.64898,2.69108
2008-09-23,2.69108,2.72654,2.68178,2.7172799999999997
2008-09-24,2.7172799999999997,2.7311799999999997,2.69228,2.70218
2008-09-25,2.70218,2.71442,2.6791799999999997,2.69258
2008-09-26,2.69258,2.70498,2.6709799999999997,2.6896799999999996
2008-09-29,2.6896799999999996,2.69934,2.6536,2.68918
2008-09-30,2.68918,2.7088799999999997,2.64858,2.65698
2008-10-01,2.65698,2.67188,2.61948,2.63678
2008-10-02,2.63678,2.68639,2.6225799999999997,2.6842799999999998
2008-10-03,2.6842799999999998,2.6928799999999997,2.6480799999999998,2.6787799999999997
2008-10-06,2.6787799999999997,2.8073799999999998,2.6724799999999997,2.73668
2008-10-07,2.73668,2.8064799999999996,2.72558,2.79678
2008-10-08,2.79678,2.98218,2.77758,2.87568
2008-10-09,2.87568,2.90618,2.76708,2.81268
2008-10-10,2.81268,2.8883799999999997,2.8098799999999997,2.8544799999999997
2008-10-13,2.8544799999999997,2.8969799999999997,2.78508,2.80328
2008-10-14,2.80328,2.8342799999999997,2.76328,2.8113799999999998
2008-10-15,2.8113799999999998,2.88998,2.7959799999999997,2.87858
2008-10-16,2.87858,2.89948,2.7873799999999997,2.80288
2008-10-17,2.80288,2.8468799999999996,2.7833799999999997,2.82978
2008-10-20,2.82978,2.8540799999999997,2.7327999999999997,2.7500799999999996
2008-10-21,2.7500799999999996,2.8002499999999997,2.73298,2.7589799999999998
2008-10-22,2.7589799999999998,2.79098,2.70689,2.74578
2008-10-23,2.74578,2.7845199999999997,2.70044,2.72288
2008-10-24,2.72288,2.85738,2.71358,2.84068
2008-10-27,2.84068,2.9030799999999997,2.80156,2.87138
2008-10-28,2.87138,2.8769799999999996,2.78918,2.8163799999999997
2008-10-29,2.8163799999999997,2.8195799999999998,2.75736,2.79418
2008-10-30,2.79418,2.83148,2.7502299999999997,2.77798
2008-10-31,2.77798,2.81139,2.7457599999999998,2.75634
2008-11-03,2.75634,2.7599299999999998,2.6494999999999997,2.67298
2008-11-04,2.67298,2.68568,2.6090299999999997,2.63258
2008-11-05,2.63258,2.67208,2.6110499999999996,2.66838
2008-11-06,2.66838,2.6808899999999998,2.61206,2.66388
2008-11-07,2.66388,2.69686,2.6455599999999997,2.65788
2008-11-10,2.65788,2.70248,2.60864,2.68768
2008-11-11,2.68768,2.7090199999999998,2.6572799999999996,2.68608
2008-11-12,2.68608,2.69418,2.6400599999999996,2.66138
2008-11-13,2.66138,2.69508,2.57102,2.59388
2008-11-14,2.59388,2.6604699999999997,2.5724,2.6522799999999997
2008-11-17,2.6522799999999997,2.72828,2.64282,2.71968
2008-11-18,2.71968,2.7454799999999997,2.69828,2.7046799999999998
2008-11-19,2.7046799999999998,2.76749,2.70098,2.76008
2008-11-20,2.76008,2.84089,2.7408799999999998,2.81988
2008-11-21,2.81988,2.85242,2.76604,2.77458
2008-11-24,2.77458,2.82078,2.75438,2.76178
2008-11-25,2.76178,2.85824,2.74613,2.82158
2008-11-26,2.82158,2.8262899999999997,2.75194,2.77148
2008-11-27,2.77148,2.81363,2.76878,2.79248
2008-11-28,2.79248,2.8121799999999997,2.77663,2.8032399999999997
2008-12-01,2.8032399999999997,2.85587,2.76082,2.80728
2008-12-02,2.80728,2.83851,2.7684499999999996,2.8041799999999997
2008-12-03,2.8041799999999997,2.82565,2.76092,2.7734799999999997
2008-12-04,2.7734799999999997,2.7851399999999997,2.7049,2.75319
2008-12-05,2.75319,2.79669,2.7439199999999997,2.7557199999999997
2008-12-08,2.7557199999999997,2.7719099999999997,2.7148499999999998,2.72248
2008-12-09,2.72248,2.75868,2.71183,2.7197799999999996
2008-12-10,2.7197799999999996,2.7378799999999996,2.68858,2.71588
2008-12-11,2.71588,2.73636,2.68397,2.72328
2008-12-12,2.72328,2.7582,2.71243,2.74448
2008-12-15,2.74448,2.7740899999999997,2.7003399999999997,2.76008
2008-12-16,2.76008,2.7669799999999998,2.6688699999999996,2.69088
2008-12-17,2.69088,2.6999999999999997,2.60669,2.61938
2008-12-18,2.61938,2.6324799999999997,2.51775,2.5716799999999997
2008-12-19,2.5716799999999997,2.6185799999999997,2.5547,2.5901199999999998
2008-12-22,2.5901199999999998,2.60148,2.5507899999999997,2.59048
2008-12-23,2.59048,2.60531,2.57516,2.59318
2008-12-24,2.59318,2.60582,2.54338,2.5564799999999996
2008-12-26,2.5564799999999996,2.5730399999999998,2.5282799999999996,2.5312099999999997
2008-12-29,2.5312099999999997,2.5525599999999997,2.48919,2.4977799999999997
2008-12-30,2.4977799999999997,2.521,2.48275,2.4895799999999997
2008-12-31,2.4895799999999997,2.55266,2.4533,2.4895199999999997
2009-01-02,2.4895199999999997,2.5421799999999997,2.46278,2.47608
2009-01-05,2.47608,2.50432,2.4446299999999996,2.48908
2009-01-06,2.48908,2.5192799999999997,2.4513599999999998,2.49178
2009-01-07,2.49178,2.56318,2.4779799999999996,2.55158
2009-01-08,2.55158,2.6023199999999997,2.5477499999999997,2.54988
2009-01-09,2.54988,2.5920799999999997,2.5493799999999998,2.5671999999999997
2009-01-12,2.5671999999999997,2.58838,2.54799,2.57388
2009-01-13,2.57388,2.65361,2.57318,2.61908
2009-01-14,2.61908,2.706,2.6094,2.69238
2009-01-15,2.69238,2.7674,2.6772799999999997,2.7218799999999996
2009-01-16,2.7218799999999996,2.74228,2.6884699999999997,2.6927999999999996
2009-01-19,2.6927999999999996,2.6991799999999997,2.6475299999999997,2.6850799999999997
2009-01-20,2.6850799999999997,2.68958,2.61114,2.66648
2009-01-21,2.66648,2.68228,2.60662,2.62188
2009-01-22,2.62188,2.6482699999999997,2.59808,2.63408
2009-01-23,2.63408,2.64118,2.57659,2.5934399999999997
2009-01-26,2.5934399999999997,2.66181,2.5623799999999997,2.6560799999999998
2009-01-27,2.6560799999999998,2.68613,2.6349799999999997,2.66568
2009-01-28,2.66568,2.73323,2.66242,2.71448
2009-01-29,2.71448,2.79377,2.70547,2.77988
2009-01-30,2.77988,2.85545,2.7706899999999997,2.8518399999999997
2009-02-02,2.8518399999999997,2.86604,2.81159,2.8298799999999997
2009-02-03,2.8298799999999997,2.8401899999999998,2.78368,2.81308
2009-02-04,2.81308,2.86089,2.80258,2.84938
2009-02-05,2.84938,2.8712999999999997,2.81498,2.82468
2009-02-06,2.82468,2.86069,2.76183,2.77588
2009-02-09,2.77588,2.81989,2.7376799999999997,2.7641799999999996
2009-02-10,2.7641799999999996,2.7957799999999997,2.72699,2.77688
2009-02-11,2.77688,2.78788,2.7234599999999998,2.73658
2009-02-12,2.73658,2.7569999999999997,2.70945,2.74518
2009-02-13,2.74518,2.76837,2.7250699999999997,2.74384
2009-02-16,2.74384,2.76295,2.71968,2.7597799999999997
2009-02-17,2.7597799999999997,2.8123899999999997,2.7426299999999997,2.8043799999999997
2009-02-18,2.8043799999999997,2.8110899999999996,2.75851,2.7911799999999998
2009-02-19,2.7911799999999998,2.8100799999999997,2.77608,2.8100799999999997
2009-02-20,2.8100799999999997,2.83589,2.79656,2.81792
2009-02-23,2.81792,2.8637799999999998,2.80559,2.85308
2009-02-24,2.85308,2.8639799999999997,2.8064,2.81668
2009-02-25,2.81668,2.8366,2.77634,2.78658
2009-02-26,2.78658,2.8190899999999997,2.7793099999999997,2.81438
2009-02-27,2.81438,2.8564399999999996,2.8094099999999997,2.85592
2009-03-02,2.85592,2.89246,2.8299999999999996,2.85138
2009-03-03,2.85138,2.8524599999999998,2.80905,2.84088
2009-03-04,2.84088,2.86172,2.78661,2.8054799999999998
2009-03-05,2.8054799999999998,2.83994,2.7984299999999998,2.8302799999999997
2009-03-06,2.8302799999999997,2.84508,2.79271,2.80075
2009-03-09,2.80075,2.8121799999999997,2.7696799999999997,2.79308
2009-03-10,2.79308,2.80083,2.72668,2.73108
2009-03-11,2.73108,2.75019,2.6998699999999998,2.7010699999999996
2009-03-12,2.7010699999999996,2.7216799999999997,2.66558,2.67727
2009-03-13,2.67727,2.6877299999999997,2.6558699999999997,2.66506
2009-03-16,2.66506,2.68313,2.63747,2.6520699999999997
2009-03-17,2.6520699999999997,2.66566,2.62907,2.6446699999999996
2009-03-18,2.6446699999999996,2.66187,2.5997,2.61897
2009-03-19,2.61897,2.63827,2.5947099999999996,2.61997
2009-03-20,2.61997,2.6219699999999997,2.56793,2.58627
2009-03-23,2.58627,2.5867799999999996,2.5383199999999997,2.54777
2009-03-24,2.54777,2.6176,2.54441,2.6061699999999997
2009-03-25,2.6061699999999997,2.6336399999999998,2.54498,2.56907
2009-03-26,2.56907,2.57334,2.49829,2.50967
2009-03-27,2.50967,2.52899,2.49167,2.50858
2009-03-30,2.50858,2.5393499999999998,2.49977,2.5304699999999998
2009-03-31,2.5304699999999998,2.5651699999999997,2.4978499999999997,2.5590699999999997
2009-04-01,2.5590699999999997,2.58674,2.5364299999999997,2.54677
2009-04-02,2.54677,2.56596,2.5234799999999997,2.54777
2009-04-03,2.54777,2.56342,2.49897,2.5242799999999996
2009-04-06,2.5242799999999996,2.53496,2.49531,2.50907
2009-04-07,2.50907,2.5675499999999998,2.5048299999999997,2.55647
2009-04-08,2.55647,2.57416,2.53451,2.5367699999999997
2009-04-09,2.5367699999999997,2.54514,2.51017,2.5146699999999997
2009-04-10,2.5146699999999997,2.5194699999999997,2.50577,2.5135699999999996
2009-04-13,2.5135699999999996,2.52468,2.48787,2.50427
2009-04-14,2.50427,2.56101,2.50337,2.5531699999999997
2009-04-15,2.5531699999999997,2.61047,2.55142,2.57917
2009-04-16,2.57917,2.6335599999999997,2.57247,2.6033999999999997
2009-04-17,2.6033999999999997,2.61828,2.57867,2.6118699999999997
2009-04-20,2.6118699999999997,2.6474699999999998,2.58227,2.62987
2009-04-21,2.62987,2.63467,2.59637,2.5996699999999997
2009-04-22,2.5996699999999997,2.63761,2.58654,2.60797
2009-04-23,2.60797,2.6288199999999997,2.58607,2.6192699999999998
2009-04-24,2.6192699999999998,2.62337,2.55637,2.55837
2009-04-27,2.55837,2.59467,2.55837,2.5876699999999997
2009-04-28,2.5876699999999997,2.6351799999999996,2.58457,2.61747
2009-04-29,2.61747,2.62277,2.5581899999999997,2.57277
2009-04-30,2.57277,2.6257699999999997,2.57277,2.61557
2009-05-01,2.61557,2.62764,2.59389,2.61524
2009-05-04,2.61524,2.61582,2.58637,2.60507
2009-05-05,2.60507,2.6166899999999997,2.57647,2.59687
2009-05-06,2.59687,2.60641,2.57111,2.5916699999999997
2009-05-07,2.5916699999999997,2.59726,2.51041,2.54017
2009-05-08,2.54017,2.54217,2.50767,2.52553
2009-05-11,2.52553,2.52553,2.4849799999999997,2.5175699999999996
2009-05-12,2.5175699999999996,2.53645,2.5043699999999998,2.5188699999999997
2009-05-13,2.5188699999999997,2.57287,2.50807,2.56037
2009-05-14,2.56037,2.57454,2.54337,2.55217
2009-05-15,2.55217,2.59664,2.54804,2.58574
2009-05-18,2.58574,2.59773,2.5726,2.5779699999999997
2009-05-19,2.5779699999999997,2.58175,2.5528,2.57069
2009-05-20,2.57069,2.6055699999999997,2.54676,2.59937
2009-05-21,2.59937,2.6112699999999998,2.57017,2.59087
2009-05-22,2.59087,2.5939799999999997,2.5517499999999997,2.56087
2009-05-25,2.56087,2.58927,2.5592699999999997,2.56207
2009-05-26,2.56207,2.5937699999999997,2.5425199999999997,2.54867
2009-05-27,2.54867,2.60087,2.5478699999999996,2.5964
2009-05-28,2.5964,2.6071299999999997,2.54073,2.55617
2009-05-29,2.55617,2.5588699999999998,2.51289,2.5205699999999998
2009-06-01,2.5205699999999998,2.5375699999999997,2.50834,2.52677
2009-06-02,2.52677,2.54302,2.51177,2.52407
2009-06-03,2.52407,2.59122,2.52377,2.57017
2009-06-04,2.57017,2.5959499999999998,2.54128,2.54807
2009-06-05,2.54807,2.55218,2.50847,2.54867
2009-06-08,2.54867,2.59911,2.5313399999999997,2.5853699999999997
2009-06-09,2.5853699999999997,2.60729,2.57538,2.59867
2009-06-10,2.59867,2.61246,2.5766,2.61137
2009-06-11,2.61137,2.61137,2.55457,2.57847
2009-06-12,2.57847,2.57895,2.55461,2.5548699999999998
2009-06-15,2.5548699999999998,2.5922699999999996,2.5548699999999998,2.58467
2009-06-16,2.58467,2.60467,2.57422,2.60377
2009-06-17,2.60377,2.6155299999999997,2.57227,2.58717
2009-06-18,2.58717,2.59897,2.53997,2.5586699999999998
2009-06-19,2.5586699999999998,2.57441,2.54907,2.5598699999999996
2009-06-22,2.5598699999999996,2.59897,2.5598699999999996,2.59767
2009-06-23,2.59767,2.6041,2.5598699999999996,2.57057
2009-06-24,2.57057,2.58092,2.54643,2.5632699999999997
2009-06-25,2.5632699999999997,2.5735699999999997,2.53361,2.5352699999999997
2009-06-26,2.5352699999999997,2.5632699999999997,2.5299799999999997,2.5579699999999996
2009-06-29,2.5579699999999996,2.5628499999999996,2.5381299999999998,2.5436699999999997
2009-06-30,2.5436699999999997,2.56161,2.53347,2.5476699999999997
2009-07-01,2.5476699999999997,2.57921,2.53999,2.57677
2009-07-02,2.57677,2.60987,2.5630699999999997,2.6082699999999996
2009-07-03,2.6082699999999996,2.6095099999999998,2.57421,2.59007
2009-07-06,2.59007,2.59985,2.55177,2.55657
2009-07-07,2.55657,2.56567,2.53617,2.5647599999999997
2009-07-08,2.5647599999999997,2.5794799999999998,2.55077,2.56637
2009-07-09,2.56637,2.59667,2.5499799999999997,2.5910699999999998
2009-07-10,2.5910699999999998,2.6024599999999998,2.57145,2.58229
2009-07-13,2.58229,2.59254,2.56067,2.56527
2009-07-14,2.56527,2.57741,2.5489699999999997,2.55137
2009-07-15,2.55137,2.5580499999999997,2.51987,2.52997
2009-07-16,2.52997,2.56487,2.5234699999999997,2.5329699999999997
2009-07-17,2.5329699999999997,2.5459099999999997,2.52318,2.54017
2009-07-20,2.54017,2.54017,2.5123699999999998,2.51557
2009-07-21,2.51557,2.52607,2.49411,2.50397
2009-07-22,2.50397,2.50987,2.48426,2.5024699999999998
2009-07-23,2.5024699999999998,2.5272699999999997,2.49207,2.5192699999999997
2009-07-24,2.5192699999999997,2.52238,2.49631,2.5036799999999997
2009-07-27,2.5036799999999997,2.51932,2.4901299999999997,2.5089699999999997
2009-07-28,2.5089699999999997,2.51726,2.49113,2.49647
2009-07-29,2.49647,2.50851,2.48787,2.48947
2009-07-30,2.48947,2.53549,2.48907,2.52827
2009-07-31,2.52827,2.53477,2.51307,2.52217
2009-08-03,2.52217,2.5411799999999998,2.51598,2.53197
2009-08-04,2.53197,2.54817,2.5109399999999997,2.51327
2009-08-05,2.51327,2.52987,2.50847,2.5224699999999998
2009-08-06,2.5224699999999998,2.53607,2.4969799999999998,2.50017
2009-08-07,2.50017,2.50587,2.4663,2.4807699999999997
2009-08-10,2.4807699999999997,2.49077,2.4306699999999997,2.43477
2009-08-11,2.43477,2.4723699999999997,2.43287,2.4687699999999997
2009-08-12,2.4687699999999997,2.48713,2.44052,2.4521699999999997
2009-08-13,2.4521699999999997,2.46187,2.43607,2.44087
2009-08-14,2.44087,2.44635,2.40748,2.44209
2009-08-17,2.44209,2.45878,2.4352199999999997,2.4458699999999998
2009-08-18,2.4458699999999998,2.46047,2.43483,2.45369
2009-08-19,2.45369,2.46048,2.44326,2.4504799999999998
2009-08-20,2.4504799999999998,2.45328,2.43396,2.43659
2009-08-21,2.43659,2.44669,2.41057,2.41661
2009-08-24,2.41661,2.41661,2.38378,2.3942699999999997
2009-08-25,2.3942699999999997,2.3994299999999997,2.3777299999999997,2.38827
2009-08-26,2.38827,2.38943,2.3689,2.38401
2009-08-27,2.38401,2.3933299999999997,2.3612599999999997,2.3668299999999998
2009-08-28,2.3668299999999998,2.3843199999999998,2.3639699999999997,2.3737399999999997
2009-08-31,2.3737399999999997,2.3867599999999998,2.3699399999999997,2.3754
2009-09-01,2.3754,2.40028,2.36484,2.39207
2009-09-02,2.39207,2.42338,2.38596,2.4164499999999998
2009-09-03,2.4164499999999998,2.41897,2.4002499999999998,2.4087699999999996
2009-09-04,2.4087699999999996,2.4108,2.3765699999999996,2.38568
2009-09-07,2.38568,2.38568,2.35425,2.35953
2009-09-08,2.35953,2.38089,2.3564499999999997,2.3666
2009-09-09,2.3666,2.37951,2.3630299999999997,2.37613
2009-09-10,2.37613,2.39049,2.36394,2.36589
2009-09-11,2.36589,2.3762,2.35494,2.36109
2009-09-14,2.36109,2.3818699999999997,2.3599699999999997,2.36307
2009-09-15,2.36307,2.3721699999999997,2.33511,2.33817
2009-09-16,2.33817,2.34015,2.3056099999999997,2.3069699999999997
2009-09-17,2.3069699999999997,2.32782,2.3044599999999997,2.31107
2009-09-18,2.31107,2.3190999999999997,2.28698,2.28943
2009-09-21,2.2877699999999996,2.3020799999999997,2.28597,2.2934699999999997
2009-09-22,2.2934699999999997,2.2953699999999997,2.25322,2.27467
2009-09-23,2.27467,2.27746,2.2414899999999998,2.2694699999999997
2009-09-24,2.2694699999999997,2.27771,2.22496,2.2412699999999997
2009-09-25,2.2412699999999997,2.25161,2.21791,2.2213499999999997
2009-09-28,2.22057,2.23007,2.19459,2.21587
2009-09-29,2.21587,2.23489,2.19927,2.23357
2009-09-30,2.23357,2.23629,2.20496,2.2086699999999997
2009-10-01,2.2086699999999997,2.2336199999999997,2.2033899999999997,2.2313699999999996
2009-10-02,2.2313699999999996,2.2405899999999996,2.20777,2.22287
2009-10-05,2.22287,2.23201,2.17867,2.1806699999999997
2009-10-06,2.1806699999999997,2.18774,2.15787,2.16737
2009-10-07,2.16737,2.1770099999999997,2.14687,2.16747
2009-10-08,2.16747,2.1785699999999997,2.1496299999999997,2.1617699999999997
2009-10-09,2.1617699999999997,2.17479,2.15387,2.15617
2009-10-12,2.15617,2.1813599999999997,2.14487,2.1541699999999997
2009-10-13,2.1541699999999997,2.1701799999999998,2.12917,2.15317
2009-10-14,2.15317,2.17398,2.14768,2.15957
2009-10-15,2.15957,2.1937699999999998,2.1438699999999997,2.18417
2009-10-16,2.18417,2.21541,2.17787,2.2116
2009-10-19,2.2116,2.2116,2.16167,2.16917
2009-10-20,2.16917,2.20017,2.16567,2.18477
2009-10-21,2.18477,2.20769,2.17337,2.1827699999999997
2009-10-22,2.1827699999999997,2.2117199999999997,2.1817699999999998,2.1926699999999997
2009-10-23,2.1926699999999997,2.20837,2.1562699999999997,2.1617699999999997
2009-10-26,2.1617699999999997,2.18709,2.15298,2.1838699999999998
2009-10-27,2.1838699999999998,2.20457,2.1762699999999997,2.1987699999999997
2009-10-28,2.1987699999999997,2.27546,2.1947699999999997,2.27007
2009-10-29,2.27007,2.2841899999999997,2.24747,2.25617
2009-10-30,2.25617,2.29674,2.25358,2.28793
2009-11-02,2.28793,2.30857,2.2588399999999997,2.28367
2009-11-03,2.28367,2.29498,2.2635699999999996,2.2793699999999997
2009-11-04,2.2793699999999997,2.29277,2.26877,2.28517
2009-11-05,2.28517,2.3101399999999996,2.28321,2.29837
2009-11-06,2.29837,2.3033699999999997,2.2807999999999997,2.29152
2009-11-09,2.29152,2.29152,2.2516,2.25387
2009-11-10,2.25387,2.2650699999999997,2.24407,2.2511699999999997
2009-11-11,2.2511699999999997,2.26417,2.2351699999999997,2.24267
2009-11-12,2.24267,2.2674,2.2320699999999998,2.26117
2009-11-13,2.26117,2.2699,2.24137,2.2425699999999997
2009-11-16,2.2425699999999997,2.25723,2.24017,2.2463699999999998
2009-11-17,2.2463699999999998,2.26456,2.24267,2.25507
2009-11-18,2.25507,2.2590299999999996,2.24017,2.24327
2009-11-19,2.24327,2.2853499999999998,2.2423699999999998,2.2791699999999997
2009-11-20,2.2791699999999997,2.2908999999999997,2.2706999999999997,2.27777
2009-11-23,2.27777,2.28747,2.25804,2.26597
2009-11-24,2.26597,2.29424,2.264,2.28447
2009-11-25,2.28447,2.2965299999999997,2.27847,2.27887
2009-11-26,2.27887,2.31195,2.27771,2.30667
2009-11-27,2.30667,2.3299399999999997,2.29892,2.31955
2009-11-30,2.31955,2.31955,2.29107,2.29487
2009-12-01,2.29487,2.2994399999999997,2.26987,2.28607
2009-12-02,2.28607,2.30878,2.27678,2.3016699999999997
2009-12-03,2.3016699999999997,2.30327,2.28137,2.29037
2009-12-04,2.29037,2.3089399999999998,2.28665,2.2976699999999997
2009-12-07,2.2976699999999997,2.30837,2.2927299999999997,2.3048699999999998
2009-12-08,2.3048699999999998,2.30688,2.28187,2.30237
2009-12-09,2.30237,2.3043,2.2566699999999997,2.26137
2009-12-10,2.26137,2.2625699999999997,2.22038,2.2332699999999996
2009-12-11,2.2332699999999996,2.24794,2.2320699999999998,2.24035
2009-12-14,2.24035,2.25027,2.23229,2.2404699999999997
2009-12-15,2.2404699999999997,2.2566699999999997,2.23773,2.2528699999999997
2009-12-16,2.2528699999999997,2.27526,2.25147,2.2654699999999997
2009-12-17,2.2654699999999997,2.2855,2.25997,2.27317
2009-12-18,2.27317,2.28537,2.26417,2.26997
2009-12-21,2.26997,2.2797699999999996,2.2639799999999997,2.27277
2009-12-22,2.27277,2.28437,2.26557,2.2791699999999997
2009-12-23,2.2791699999999997,2.28797,2.2595099999999997,2.26227
2009-12-24,2.26227,2.26742,2.2580099999999996,2.26157
2009-12-28,2.26157,2.26217,2.2491999999999996,2.2582
2009-12-29,2.2582,2.2618799999999997,2.20665,2.2136099999999996
2009-12-30,2.2136099999999996,2.23101,2.20587,2.2263699999999997
2009-12-31,2.2263699999999997,2.23838,2.2082699999999997,2.2270399999999997
2010-01-04,2.2270399999999997,2.23677,2.18877,2.1904399999999997
2010-01-05,2.1904399999999997,2.1977499999999996,2.17041,2.17597
2010-01-06,2.17597,2.19327,2.16567,2.1688099999999997
2010-01-07,2.1688099999999997,2.17753,2.15949,2.1750499999999997
2010-01-08,2.1750499999999997,2.1940299999999997,2.1709799999999997,2.17486
2010-01-11,2.17486,2.1847999999999996,2.16473,2.1696299999999997
2010-01-12,2.1696299999999997,2.1925999999999997,2.1642099999999997,2.18837
2010-01-13,2.18837,2.20527,2.17917,2.19847
2010-01-14,2.19847,2.2029699999999997,2.18778,2.1985699999999997
2010-01-15,2.1985699999999997,2.2164699999999997,2.19384,2.20157
2010-01-18,2.20157,2.2207399999999997,2.20157,2.20911
2010-01-19,2.20911,2.2270499999999998,2.20598,2.22477
2010-01-20,2.22477,2.26565,2.2231699999999996,2.25563
2010-01-21,2.25563,2.2812699999999997,2.2448799999999998,2.2798499999999997
2010-01-22,2.2798499999999997,2.28152,2.25817,2.25899
2010-01-25,2.25899,2.2774099999999997,2.24597,2.27302
2010-01-26,2.27302,2.29601,2.26787,2.27738
2010-01-27,2.27738,2.29763,2.27244,2.28702
2010-01-28,2.28702,2.2951699999999997,2.27719,2.28659
2010-01-29,2.28659,2.29798,2.26767,2.27813
2010-02-01,2.27813,2.27813,2.2482699999999998,2.2519799999999996
2010-02-02,2.2519799999999996,2.2613,2.24097,2.24179
2010-02-03,2.24179,2.26627,2.2367399999999997,2.26137
2010-02-04,2.26137,2.29845,2.2605399999999998,2.29317
2010-02-05,2.29317,2.29623,2.26557,2.27387
2010-02-08,2.27387,2.2843999999999998,2.25377,2.28057
2010-02-09,2.28057,2.28359,2.2511699999999997,2.25671
2010-02-10,2.25671,2.2696799999999997,2.24367,2.24891
2010-02-11,2.24891,2.25147,2.22287,2.24667
2010-02-12,2.24667,2.2595699999999996,2.2429699999999997,2.2507699999999997
2010-02-15,2.2507699999999997,2.2521199999999997,2.24118,2.24667
2010-02-16,2.24667,2.24818,2.22049,2.2325899999999996
2010-02-17,2.2325899999999996,2.23895,2.22533,2.22837
2010-02-18,2.22837,2.23691,2.2101699999999997,2.22051
2010-02-19,2.22051,2.22551,2.20511,2.2117999999999998
2010-02-22,2.2117999999999998,2.2130699999999996,2.19997,2.2025699999999997
2010-02-23,2.2025699999999997,2.2351199999999998,2.19271,2.2263699999999997
2010-02-24,2.2263699999999997,2.2433799999999997,2.21815,2.22192
2010-02-25,2.22192,2.23187,2.2040699999999998,2.20437
2010-02-26,2.20437,2.20817,2.16845,2.18349
2010-03-01,2.18349,2.18349,2.12851,2.1410899999999997
2010-03-02,2.1410899999999997,2.1535699999999998,2.1338299999999997,2.1495499999999996
2010-03-03,2.1495499999999996,2.18354,2.1482099999999997,2.1709099999999997
2010-03-04,2.1709099999999997,2.19569,2.1709099999999997,2.1878699999999998
2010-03-05,2.1878699999999998,2.19249,2.1612999999999998,2.17197
2010-03-08,2.17197,2.17197,2.1452,2.14873
2010-03-09,2.14873,2.15231,2.1312699999999998,2.13307
2010-03-10,2.13307,2.13617,2.1064599999999998,2.1323499999999997
2010-03-11,2.1323499999999997,2.15646,2.1311,2.15137
2010-03-12,2.15137,2.16914,2.1444699999999997,2.16517
2010-03-15,2.16517,2.16517,2.14161,2.1429199999999997
2010-03-16,2.1429199999999997,2.1530099999999996,2.129,2.14188
2010-03-17,2.14188,2.15653,2.1325399999999997,2.1450299999999998
2010-03-18,2.1450299999999998,2.14764,2.1293699999999998,2.1326899999999998
2010-03-19,2.1326899999999998,2.13535,2.11496,2.1199
2010-03-22,2.1199,2.1414999999999997,2.11545,2.13678
2010-03-23,2.13678,2.1394699999999998,2.12098,2.1265699999999996
2010-03-24,2.1265699999999996,2.13578,2.1160699999999997,2.1187799999999997
2010-03-25,2.1187799999999997,2.1234699999999997,2.0977099999999997,2.1043499999999997
2010-03-26,2.1043499999999997,2.12067,2.09138,2.11557
2010-03-29,2.11557,2.12317,2.10607,2.11096
2010-03-30,2.11096,2.1294299999999997,2.1080699999999997,2.1214299999999997
2010-03-31,2.1214299999999997,2.14487,2.1198099999999998,2.1349199999999997
2010-04-01,2.1349199999999997,2.1636699999999998,2.13257,2.15718
2010-04-02,2.15718,2.1621699999999997,2.14945,2.15297
2010-04-05,2.15297,2.1762699999999997,2.15297,2.17439
2010-04-06,2.17439,2.1765399999999997,2.1582999999999997,2.15949
2010-04-07,2.15949,2.1692299999999998,2.14418,2.15448
2010-04-08,2.15448,2.16845,2.15082,2.16092
2010-04-09,2.16092,2.1633299999999998,2.1425699999999996,2.14904
2010-04-12,2.14904,2.16763,2.1440699999999997,2.157
2010-04-13,2.157,2.16561,2.1502299999999996,2.15413
2010-04-14,2.15413,2.1724699999999997,2.1522799999999997,2.16419
2010-04-15,2.16419,2.1796599999999997,2.1579699999999997,2.17591
2010-04-16,2.17591,2.1768699999999996,2.15908,2.1710399999999996
2010-04-19,2.1710399999999996,2.1710399999999996,2.1456899999999997,2.1563399999999997
2010-04-20,2.1563399999999997,2.16859,2.1457699999999997,2.1576999999999997
2010-04-21,2.1576999999999997,2.17489,2.15617,2.17066
2010-04-22,2.17066,2.17296,2.15856,2.16315
2010-04-23,2.16315,2.1676699999999998,2.1434499999999996,2.1466399999999997
2010-04-26,2.1466399999999997,2.15263,2.13182,2.1360599999999996
2010-04-27,2.1360599999999996,2.14967,2.12363,2.14506
2010-04-28,2.14506,2.14506,2.1040799999999997,2.11096
2010-04-29,2.11096,2.1236599999999997,2.1064599999999998,2.1153199999999996
2010-04-30,2.1153199999999996,2.12154,2.0853599999999997,2.10486
2010-05-03,2.10486,2.1058999999999997,2.0823,2.0852
2010-05-04,2.0852,2.1088099999999996,2.07944,2.10084
2010-05-05,2.10084,2.11245,2.09704,2.10362
2010-05-06,2.10362,2.10485,2.06925,2.08316
2010-05-07,2.08316,2.09977,2.03692,2.0768
2010-05-10,2.0768,2.07915,2.03774,2.05353
2010-05-11,2.05353,2.0884,2.04974,2.0877399999999997
2010-05-12,2.0877399999999997,2.09544,2.06921,2.07691
2010-05-13,2.07691,2.07875,2.03614,2.04308
2010-05-14,2.04308,2.06155,2.03565,2.0563499999999997
2010-05-17,2.0563499999999997,2.08335,2.03295,2.07653
2010-05-18,2.07653,2.07856,2.0571699999999997,2.0643499999999997
2010-05-19,2.0643499999999997,2.14905,2.0643499999999997,2.12989
2010-05-20,2.12989,2.1629799999999997,2.09462,2.1550499999999997
2010-05-21,2.1550499999999997,2.16341,2.1210799999999996,2.1344499999999997
2010-05-24,2.1344499999999997,2.15591,2.1309099999999996,2.15591
2010-05-25,2.15591,2.17618,2.13801,2.1493499999999996
2010-05-26,2.1493499999999996,2.18178,2.13517,2.1671799999999997
2010-05-27,2.1671799999999997,2.17062,2.1197,2.1315399999999998
2010-05-28,2.1315399999999998,2.14809,2.1229099999999996,2.12748
2010-05-31,2.12748,2.1680599999999997,2.11354,2.1355899999999997
2010-06-01,2.1355899999999997,2.17162,2.12852,2.17063
2010-06-02,2.17063,2.18579,2.14689,2.14878
2010-06-03,2.14878,2.15497,2.1298299999999997,2.1340399999999997
2010-06-04,2.1340399999999997,2.1653499999999997,2.13082,2.16037
2010-06-07,2.16037,2.2026,2.147,2.1957199999999997
2010-06-08,2.1957199999999997,2.19888,2.1577599999999997,2.16822
2010-06-09,2.16822,2.18267,2.1608199999999997,2.17765
2010-06-10,2.17765,2.17765,2.13197,2.14111
2010-06-11,2.14111,2.16308,2.1011599999999997,2.10357
2010-06-14,2.10357,2.1231999999999998,2.1025799999999997,2.1214
2010-06-15,2.1214,2.13652,2.11672,2.11752
2010-06-16,2.11752,2.13382,2.10968,2.11029
2010-06-17,2.11029,2.1153999999999997,2.10057,2.1062499999999997
2010-06-18,2.1062499999999997,2.1113999999999997,2.09403,2.0992699999999997
2010-06-21,2.0992699999999997,2.0992699999999997,2.0739099999999997,2.0829999999999997
2010-06-22,2.0829999999999997,2.10457,2.07497,2.10127
2010-06-23,2.10127,2.10894,2.08778,2.0946599999999997
2010-06-24,2.0946599999999997,2.1296299999999997,2.0940999999999996,2.1065899999999997
2010-06-25,2.1065899999999997,2.12606,2.09925,2.11006
2010-06-28,2.11006,2.1343799999999997,2.10187,2.13151
2010-06-29,2.13151,2.17903,2.12912,2.17659
2010-06-30,2.17659,2.1829899999999998,2.1584399999999997,2.18132
2010-07-01,2.18132,2.2109699999999997,2.17576,2.1967
2010-07-02,2.1967,2.2086699999999997,2.1778399999999998,2.20371
2010-07-05,2.20371,2.21562,2.18844,2.19617
2010-07-06,2.19617,2.2109099999999997,2.17615,2.18247
2010-07-07,2.18247,2.1924099999999997,2.1556699999999998,2.1593
2010-07-08,2.1593,2.16145,2.13267,2.13739
2010-07-09,2.13739,2.14756,2.11697,2.1171699999999998
2010-07-12,2.1171699999999998,2.1277299999999997,2.10993,2.11144
2010-07-13,2.11144,2.12467,2.10357,2.1085
2010-07-14,2.1085,2.12837,2.10586,2.1075
2010-07-15,2.1075,2.1409499999999997,2.1052299999999997,2.1182
2010-07-16,2.1182,2.15886,2.11665,2.15076
2010-07-19,2.15076,2.17585,2.1504999999999996,2.15665
2010-07-20,2.15665,2.1602699999999997,2.1269099999999996,2.1278799999999998
2010-07-21,2.1278799999999998,2.13779,2.11355,2.12741
2010-07-22,2.12741,2.13812,2.0989999999999998,2.10453
2010-07-23,2.10453,2.12981,2.09901,2.1213699999999998
2010-07-26,2.1213699999999998,2.12899,2.10579,2.11026
2010-07-27,2.11026,2.1286,2.0981699999999996,2.1254
2010-07-28,2.1254,2.1500999999999997,2.12507,2.1431999999999998
2010-07-29,2.1431999999999998,2.1638699999999997,2.1431999999999998,2.15612
2010-07-30,2.15612,2.17029,2.1490899999999997,2.16127
2010-08-02,2.16127,2.1738999999999997,2.151,2.16717
2010-08-03,2.16717,2.1805399999999997,2.1602699999999997,2.17208
2010-08-04,2.17208,2.17963,2.15839,2.16036
2010-08-05,2.16036,2.1894099999999996,2.1589899999999997,2.17421
2010-08-06,2.17421,2.19303,2.16737,2.1784499999999998
2010-08-09,2.1784499999999998,2.19517,2.17548,2.17968
2010-08-10,2.17968,2.1951799999999997,2.17544,2.1887499999999998
2010-08-11,2.1887499999999998,2.19901,2.17968,2.18987
2010-08-12,2.18987,2.20581,2.18696,2.1967499999999998
2010-08-13,2.1967499999999998,2.21137,2.17568,2.20957
2010-08-16,2.20957,2.2252899999999998,2.19859,2.21311
2010-08-17,2.21311,2.22099,2.17936,2.1878599999999997
2010-08-18,2.1878599999999997,2.1895,2.1734999999999998,2.18218
2010-08-19,2.18218,2.21147,2.17237,2.2040599999999997
2010-08-20,2.2040599999999997,2.21265,2.1953899999999997,2.19609
2010-08-23,2.19609,2.2117999999999998,2.18499,2.1930099999999997
2010-08-24,2.1930099999999997,2.1984999999999997,2.18313,2.18965
2010-08-25,2.18965,2.2204699999999997,2.1847399999999997,2.2082599999999997
2010-08-26,2.2082599999999997,2.2159199999999997,2.19557,2.2078699999999998
2010-08-27,2.2078699999999998,2.21067,2.17605,2.17727
2010-08-30,2.17727,2.19352,2.1734,2.1856899999999997
2010-08-31,2.1856899999999997,2.21018,2.18334,2.1946399999999997
2010-09-01,2.1946399999999997,2.1954499999999997,2.16641,2.16985
2010-09-02,2.16985,2.17502,2.1433,2.15432
2010-09-03,2.15432,2.16036,2.1374999999999997,2.14486
2010-09-06,2.14486,2.15001,2.11895,2.12694
2010-09-07,2.12694,2.14087,2.1192699999999998,2.13341
2010-09-08,2.13341,2.15249,2.13292,2.14009
2010-09-09,2.14009,2.14654,2.11766,2.12867
2010-09-10,2.12867,2.1307899999999997,2.1061699999999997,2.1080799999999997
2010-09-13,2.1080799999999997,2.1186499999999997,2.0971699999999998,2.1021699999999996
2010-09-14,2.1021699999999996,2.12067,2.0980499999999997,2.1173699999999998
2010-09-15,2.1173699999999998,2.1380999999999997,2.10933,2.1348
2010-09-16,2.1348,2.1637299999999997,2.1348,2.15585
2010-09-17,2.15585,2.15787,2.1421699999999997,2.1524199999999998
2010-09-20,2.1524199999999998,2.15697,2.12697,2.12822
2010-09-21,2.12822,2.14457,2.12255,2.12439
2010-09-22,2.12439,2.13251,2.11197,2.1203399999999997
2010-09-23,2.1203399999999997,2.15774,2.11616,2.1496999999999997
2010-09-24,2.1496999999999997,2.16077,2.14377,2.15487
2010-09-27,2.15487,2.15937,2.1431,2.15459
2010-09-28,2.15459,2.16341,2.13407,2.1360099999999997
2010-09-29,2.1360099999999997,2.1477899999999996,2.13068,2.1404199999999998
2010-09-30,2.1404199999999998,2.15624,2.12898,2.13951
2010-10-01,2.13951,2.14641,2.1211699999999998,2.1272599999999997
2010-10-04,2.1272599999999997,2.14045,2.12125,2.13372
2010-10-05,2.13372,2.14785,2.11929,2.11978
2010-10-06,2.11978,2.13287,2.1064399999999996,2.11131
2010-10-07,2.11131,2.12677,2.09788,2.11467
2010-10-08,2.11467,2.1374899999999997,2.1065,2.11299
2010-10-11,2.11299,2.1225,2.1055699999999997,2.11192
2010-10-12,2.11192,2.1236699999999997,2.0878699999999997,2.0924899999999997
2010-10-13,2.0924899999999997,2.0993399999999998,2.07368,2.0897699999999997
2010-10-14,2.0897699999999997,2.1162699999999997,2.08847,2.10817
2010-10-15,2.10817,2.1249499999999997,2.1067,2.11873
2010-10-18,2.11873,2.12338,2.09626,2.1001499999999997
2010-10-19,2.1001499999999997,2.11157,2.0918699999999997,2.10982
2010-10-20,2.10982,2.11297,2.09347,2.0987
2010-10-21,2.0987,2.1104,2.09117,2.10554
2010-10-22,2.10554,2.10777,2.09347,2.0992699999999997
2010-10-25,2.0992699999999997,2.0992699999999997,2.07977,2.08979
2010-10-26,2.08979,2.11917,2.08512,2.1119499999999998
2010-10-27,2.1119499999999998,2.1280699999999997,2.11163,2.11611
2010-10-28,2.11611,2.12087,2.10047,2.11267
2010-10-29,2.11267,2.1221799999999997,2.0894899999999996,2.10057
2010-11-01,2.10057,2.10057,2.0857699999999997,2.08894
2010-11-02,2.08894,2.10234,2.06697,2.0789199999999997
2010-11-03,2.0789199999999997,2.08457,2.0609699999999997,2.06159
2010-11-04,2.06159,2.0680899999999998,2.0388699999999997,2.0457099999999997
2010-11-05,2.0457099999999997,2.05565,2.0297899999999998,2.0308699999999997
2010-11-08,2.0308699999999997,2.05591,2.0308699999999997,2.04675
2010-11-09,2.04675,2.0638699999999996,2.0356899999999998,2.0552699999999997
2010-11-10,2.0552699999999997,2.06907,2.03767,2.05847
2010-11-11,2.05847,2.07341,2.0489699999999997,2.0657699999999997
2010-11-12,2.0657699999999997,2.09087,2.06209,2.0829899999999997
2010-11-15,2.0829899999999997,2.09657,2.06505,2.07677
2010-11-16,2.07677,2.08427,2.0652899999999996,2.068
2010-11-17,2.068,2.07951,2.06011,2.06437
2010-11-18,2.06437,2.06691,2.0497699999999996,2.05978
2010-11-19,2.05978,2.06962,2.04899,2.05097
2010-11-22,2.05097,2.0750699999999997,2.04257,2.0671899999999996
2010-11-23,2.0671899999999996,2.08257,2.06351,2.0775699999999997
2010-11-24,2.0775699999999997,2.0813699999999997,2.06539,2.0750699999999997
2010-11-25,2.0750699999999997,2.0837399999999997,2.06749,2.0728
2010-11-26,2.0728,2.09491,2.06677,2.0777699999999997
2010-11-29,2.0777699999999997,2.09098,2.07094,2.0878699999999997
2010-11-30,2.0878699999999997,2.09693,2.08053,2.0956799999999998
2010-12-01,2.0956799999999998,2.1018,2.07827,2.0849699999999998
2010-12-02,2.0849699999999998,2.08819,2.0630699999999997,2.06424
2010-12-03,2.06424,2.0747999999999998,2.05537,2.0587199999999997
2010-12-06,2.0587199999999997,2.0667999999999997,2.05732,2.06417
2010-12-07,2.06417,2.08277,2.05897,2.08054
2010-12-08,2.08054,2.12342,2.07762,2.11434
2010-12-09,2.11434,2.1185899999999998,2.10257,2.10527
2010-12-10,2.10527,2.11476,2.1017799999999998,2.11257
2010-12-13,2.11257,2.11692,2.08757,2.11189
2010-12-14,2.11189,2.1168299999999998,2.09,2.09874
2010-12-15,2.09874,2.1104499999999997,2.08927,2.1011699999999998
2010-12-16,2.1011699999999998,2.12125,2.09853,2.11083
2010-12-17,2.11083,2.11692,2.09945,2.10417
2010-12-20,2.10417,2.1103699999999996,2.0865299999999998,2.08967
2010-12-21,2.08967,2.09517,2.07447,2.07945
2010-12-22,2.07945,2.08854,2.06627,2.07722
2010-12-23,2.07722,2.0797999999999996,2.0541199999999997,2.06437
2010-12-24,2.06437,2.06817,2.05851,2.06018
2010-12-27,2.06018,2.06617,2.05159,2.0545
2010-12-28,2.0545,2.0634699999999997,2.0214399999999997,2.0354099999999997
2010-12-29,2.0354099999999997,2.03769,2.0160799999999997,2.01777
2010-12-30,2.01777,2.02437,1.99526,2.0016599999999998
2010-12-31,2.0016599999999998,2.0111,1.99197,2.0028799999999998
2011-01-03,2.0028799999999998,2.00297,1.99342,2.00215
2011-01-04,2.00215,2.0446899999999997,1.99927,2.03247
2011-01-05,2.03247,2.05136,2.0274699999999997,2.04962
2011-01-06,2.04962,2.0515299999999996,2.03736,2.04473
2011-01-07,2.04473,2.0551899999999996,2.03157,2.04258
2011-01-10,2.04258,2.0493699999999997,2.03748,2.03807
2011-01-11,2.03807,2.05787,2.0377199999999998,2.05193
2011-01-12,2.05193,2.0734999999999997,2.0502599999999997,2.06337
2011-01-13,2.06337,2.0698999999999996,2.0478699999999996,2.05379
2011-01-14,2.05379,2.07285,2.04867,2.06871
2011-01-17,2.06871,2.06871,2.0516699999999997,2.05647
2011-01-18,2.05647,2.07937,2.05498,2.06677
2011-01-19,2.06677,2.08127,2.0564099999999996,2.0793
2011-01-20,2.0793,2.1052299999999997,2.0793,2.0990699999999998
2011-01-21,2.0990699999999998,2.11517,2.09685,2.10932
2011-01-24,2.10932,2.11196,2.0904399999999996,2.09362
2011-01-25,2.09362,2.09557,2.05577,2.0569599999999997
2011-01-26,2.0569599999999997,2.07752,2.05193,2.06108
2011-01-27,2.06108,2.07237,2.05562,2.0634699999999997
2011-01-28,2.0634699999999997,2.06582,2.04227,2.05328
2011-01-31,2.05328,2.07726,2.0493099999999997,2.0735699999999997
2011-02-01,2.0735699999999997,2.0808299999999997,2.0623299999999998,2.0645
2011-02-02,2.0645,2.09644,2.0615699999999997,2.09122
2011-02-03,2.09122,2.10796,2.08406,2.0857699999999997
2011-02-04,2.0857699999999997,2.09857,2.07591,2.0932999999999997
2011-02-07,2.0932999999999997,2.1058999999999997,2.0857099999999997,2.0914699999999997
2011-02-08,2.0914699999999997,2.09374,2.0646199999999997,2.07277
2011-02-09,2.07277,2.08898,2.06928,2.0843
2011-02-10,2.0843,2.11068,2.08291,2.10615
2011-02-11,2.10615,2.1238099999999998,2.10167,2.10457
2011-02-14,2.10457,2.12329,2.10457,2.11705
2011-02-15,2.11705,2.1501599999999996,2.1160799999999997,2.14321
2011-02-16,2.14321,2.1530099999999996,2.12541,2.1321399999999997
2011-02-17,2.1321399999999997,2.13989,2.1250999999999998,2.12951
2011-02-18,2.12951,2.13373,2.11724,2.1312699999999998
2011-02-21,2.1312699999999998,2.1336999999999997,2.12029,2.12336
2011-02-22,2.12336,2.1657699999999998,2.12179,2.16175
2011-02-23,2.16175,2.18103,2.1522099999999997,2.17352
2011-02-24,2.17352,2.17934,2.15137,2.1574199999999997
2011-02-25,2.1574199999999997,2.16005,2.13267,2.14599
2011-02-28,2.14599,2.16564,2.13317,2.15963
2011-03-01,2.15963,2.17591,2.15646,2.1754599999999997
2011-03-02,2.1754599999999997,2.2013599999999998,2.1739599999999997,2.1958699999999998
2011-03-03,2.1958699999999998,2.20036,2.17659,2.1953799999999997
2011-03-04,2.1953799999999997,2.2136899999999997,2.1953799999999997,2.20282
2011-03-07,2.20282,2.21549,2.19652,2.1990399999999997
2011-03-08,2.1990399999999997,2.1990399999999997,2.17996,2.1848099999999997
2011-03-09,2.1848099999999997,2.2065699999999997,2.1792499999999997,2.1980299999999997
2011-03-10,2.1980299999999997,2.2048699999999997,2.18046,2.1827699999999997
2011-03-11,2.1827699999999997,2.1900399999999998,2.15082,2.1627699999999996
2011-03-14,2.1627699999999996,2.1952599999999998,2.1627699999999996,2.18717
2011-03-15,2.18717,2.20803,2.18247,2.1961999999999997
2011-03-16,2.1961999999999997,2.20533,2.18688,2.1985599999999996
2011-03-17,2.1985599999999996,2.25269,2.1985599999999996,2.2465699999999997
2011-03-18,2.2465699999999997,2.24713,2.20818,2.21665
2011-03-21,2.21665,2.22398,2.2071,2.2160699999999998
2011-03-22,2.2160699999999998,2.2217599999999997,2.19698,2.20972
2011-03-23,2.20972,2.2173,2.1858,2.19157
2011-03-24,2.19157,2.1943099999999998,2.14473,2.15197
2011-03-25,2.15197,2.1528899999999997,2.12121,2.12595
2011-03-28,2.12595,2.1342499999999998,2.1203,2.1282699999999997
2011-03-29,2.1282699999999997,2.13468,2.1088299999999998,2.11697
2011-03-30,2.11697,2.11943,2.0999999999999996,2.10837
2011-03-31,2.10837,2.12268,2.09822,2.10457
2011-04-01,2.10457,2.1143699999999996,2.0918799999999997,2.09889
2011-04-04,2.09889,2.1099699999999997,2.09454,2.09897
2011-04-05,2.09897,2.12187,2.09279,2.1202699999999997
2011-04-06,2.1202699999999997,2.12438,2.08965,2.09467
2011-04-07,2.09467,2.1066599999999998,2.0899199999999998,2.09449
2011-04-08,2.09449,2.10528,2.0862399999999997,2.0903
2011-04-11,2.0903,2.09979,2.0806999999999998,2.0956699999999997
2011-04-12,2.0956699999999997,2.1020399999999997,2.06647,2.07597
2011-04-13,2.07597,2.07692,2.0530299999999997,2.05977
2011-04-14,2.05977,2.07145,2.0528,2.0596699999999997
2011-04-15,2.0596699999999997,2.0617699999999997,2.03747,2.0377799999999997
2011-04-18,2.0377799999999997,2.0742499999999997,2.03667,2.05577
2011-04-19,2.05577,2.07571,2.0557,2.06737
2011-04-20,2.06737,2.07062,2.0436199999999998,2.05408
2011-04-21,2.05408,2.07117,2.0478699999999996,2.0632699999999997
2011-04-22,2.0632699999999997,2.0652299999999997,2.0548699999999998,2.0579099999999997
2011-04-25,2.0579099999999997,2.0662599999999998,2.0550699999999997,2.06297
2011-04-26,2.06297,2.06467,2.0411099999999998,2.04384
2011-04-27,2.04384,2.0675399999999997,2.03672,2.05817
2011-04-28,2.05817,2.0865799999999997,2.05817,2.07237
2011-04-29,2.07237,2.08101,2.06074,2.0632699999999997
2011-05-02,2.0632699999999997,2.0773699999999997,2.0576299999999996,2.06447
2011-05-03,2.06447,2.07327,2.0507999999999997,2.0640699999999996
2011-05-04,2.0640699999999996,2.09975,2.06183,2.08722
2011-05-05,2.08722,2.10064,2.07596,2.08967
2011-05-06,2.08967,2.09089,2.06121,2.07353
2011-05-09,2.07353,2.07353,2.0592799999999998,2.06085
2011-05-10,2.06085,2.07531,2.05387,2.05627
2011-05-11,2.05627,2.0799399999999997,2.0546699999999998,2.07028
2011-05-12,2.07028,2.07657,2.04027,2.04717
2011-05-13,2.04717,2.0619099999999997,2.04346,2.0558899999999998
2011-05-16,2.0558899999999998,2.0857699999999997,2.0537799999999997,2.0760699999999996
2011-05-17,2.0760699999999996,2.0914099999999998,2.0699199999999998,2.07037
2011-05-18,2.07037,2.0741099999999997,2.04298,2.04758
2011-05-19,2.04758,2.05606,2.0355399999999997,2.05247
2011-05-20,2.05247,2.05247,2.03435,2.03725
2011-05-23,2.03725,2.0538,2.0332399999999997,2.0394699999999997
2011-05-24,2.0394699999999997,2.0408299999999997,2.01411,2.03207
2011-05-25,2.03207,2.0457799999999997,2.0269299999999997,2.03687
2011-05-26,2.03687,2.04357,2.0098399999999996,2.0209699999999997
2011-05-27,2.0209699999999997,2.03063,2.0034699999999996,2.0189999999999997
2011-05-30,2.0189999999999997,2.0191299999999996,2.0055899999999998,2.01747
2011-05-31,2.01747,2.0181799999999996,1.99178,1.99577
2011-06-01,1.99577,2.00824,1.98858,2.0045699999999997
2011-06-02,2.0045699999999997,2.0136399999999997,1.99899,2.00507
2011-06-03,2.00507,2.02094,1.99797,2.01631
2011-06-06,2.01631,2.0179799999999997,2.00195,2.00784
2011-06-07,2.00784,2.01014,1.99645,2.00356
2011-06-08,2.00356,2.0141,2.001,2.01183
2011-06-09,2.01183,2.01183,1.97327,1.98326
2011-06-10,1.98326,1.9853800000000001,1.96628,1.97499
2011-06-13,1.97499,2.0095699999999996,1.97482,2.00766
2011-06-14,2.00766,2.01072,1.99564,2.00014
2011-06-15,2.00014,2.0134499999999997,1.99384,2.00645
2011-06-16,2.00645,2.0211699999999997,2.0038199999999997,2.0065399999999998
2011-06-17,2.0065399999999998,2.00948,1.9876800000000001,1.99238
2011-06-20,1.99238,2.00889,1.98949,1.9984300000000002
2011-06-21,1.9984300000000002,2.00507,1.9889100000000002,1.9985600000000001
2011-06-22,1.9985600000000001,2.00048,1.96727,1.9725000000000001
2011-06-23,1.9725000000000001,1.9756,1.9615500000000001,1.96537
2011-06-24,1.96537,1.97259,1.96041,1.96848
2011-06-27,1.96848,1.9936200000000002,1.96848,1.98439
2011-06-28,1.98439,1.99011,1.96805,1.96957
2011-06-29,1.96957,1.9741900000000001,1.94354,1.94536
2011-06-30,1.94536,1.9470800000000001,1.92686,1.93571
2011-07-01,1.93571,1.94584,1.93293,1.9405100000000002
2011-07-04,1.9405100000000002,1.94477,1.93367,1.93737
2011-07-05,1.93737,1.9499900000000001,1.9302700000000002,1.94587
2011-07-06,1.94587,1.9464700000000001,1.92957,1.93487
2011-07-07,1.93487,1.9385700000000001,1.91457,1.91557
2011-07-08,1.91557,1.9294200000000001,1.91358,1.91557
2011-07-11,1.91557,1.92333,1.9098300000000001,1.9176
2011-07-12,1.9176,1.95127,1.91619,1.94448
2011-07-13,1.94448,1.95068,1.91445,1.92232
2011-07-14,1.92232,1.9271800000000001,1.90016,1.91548
2011-07-15,1.91548,1.92253,1.9048,1.90642
2011-07-18,1.90642,1.91443,1.8967500000000002,1.89989
2011-07-19,1.89989,1.90422,1.88148,1.88354
2011-07-20,1.88354,1.8911600000000002,1.87818,1.88619
2011-07-21,1.88619,1.89287,1.88174,1.89083
2011-07-22,1.89083,1.8997600000000001,1.88088,1.8858700000000002
2011-07-25,1.8858700000000002,1.88986,1.87781,1.8831
2011-07-26,1.8831,1.8897000000000002,1.87152,1.8838000000000001
2011-07-27,1.8838000000000001,1.88667,1.8703400000000001,1.87688
2011-07-28,1.87688,1.88239,1.8673,1.8791
2011-07-29,1.8791,1.8954600000000001,1.8668,1.8672600000000001
2011-08-01,1.8672600000000001,1.87013,1.85437,1.8585
2011-08-02,1.8585,1.88103,1.85704,1.8804500000000002
2011-08-03,1.8804500000000002,1.90822,1.88002,1.90135
2011-08-04,1.90135,1.94727,1.89493,1.9429
2011-08-05,1.9429,1.9673500000000002,1.9327,1.9402000000000001
2011-08-08,1.9402000000000001,1.99065,1.9402000000000001,1.98699
2011-08-09,1.98699,2.0423799999999996,1.94082,1.9468
2011-08-10,1.9468,1.99847,1.93187,1.9879200000000001
2011-08-11,1.9879200000000001,1.99447,1.9463000000000001,1.95136
2011-08-12,1.95136,1.98014,1.9511800000000001,1.9549100000000001
2011-08-15,1.9549100000000001,1.98161,1.93967,1.96726
2011-08-16,1.96726,1.97888,1.95832,1.9664700000000002
2011-08-17,1.9664700000000002,1.98211,1.9590800000000002,1.97401
2011-08-18,1.97401,2.01288,1.97282,2.0102499999999996
2011-08-19,2.0102499999999996,2.0168999999999997,1.99569,2.01123
2011-08-22,2.01123,2.01973,1.98959,1.9964000000000002
2011-08-23,1.9964000000000002,2.00439,1.9708700000000001,1.97255
2011-08-24,1.97255,1.99469,1.97207,1.97608
2011-08-25,1.97608,1.98112,1.95946,1.96661
2011-08-26,1.96661,1.96763,1.93902,1.94588
2011-08-29,1.94588,1.94863,1.9345100000000002,1.93838
2011-08-30,1.93838,1.9395,1.90476,1.91015
2011-08-31,1.91015,1.91716,1.8994600000000001,1.90142
2011-09-01,1.90142,1.91371,1.89768,1.9008500000000002
2011-09-02,1.9008500000000002,1.92128,1.89775,1.9165800000000002
2011-09-05,1.9165800000000002,1.9379000000000002,1.91111,1.93638
2011-09-06,1.93638,1.9464000000000001,1.92648,1.9371800000000001
2011-09-07,1.9371800000000001,1.93799,1.91882,1.92157
2011-09-08,1.92157,1.92311,1.90579,1.9199000000000002
2011-09-09,1.9199000000000002,1.9349800000000001,1.90921,1.93069
2011-09-12,1.93069,1.9469100000000001,1.91799,1.92643
2011-09-13,1.92643,1.9311800000000001,1.91123,1.91604
2011-09-14,1.91604,1.9332500000000001,1.91089,1.91459
2011-09-15,1.91459,1.94031,1.91289,1.91693
2011-09-16,1.91693,1.92242,1.89551,1.9040400000000002
2011-09-19,1.9040400000000002,1.91571,1.89643,1.90306
2011-09-20,1.90306,1.9195200000000001,1.89869,1.90829
2011-09-21,1.90829,1.9394900000000002,1.90114,1.9332
2011-09-22,1.9332,1.9793800000000001,1.92249,1.96517
2011-09-23,1.96517,2.00011,1.95339,1.99668
2011-09-26,1.99668,2.02295,1.98783,1.9936500000000001
2011-09-27,1.9936500000000001,2.00059,1.9711500000000002,1.98198
2011-09-28,1.98198,2.0097799999999997,1.97801,2.00367
2011-09-29,2.00367,2.03929,1.9983300000000002,2.0262599999999997
2011-09-30,2.0262599999999997,2.04846,2.02441,2.04473
2011-10-03,2.04473,2.05273,2.02806,2.04976
2011-10-04,2.04976,2.0589,2.02527,2.0364899999999997
2011-10-05,2.0364899999999997,2.04112,2.01458,2.01653
2011-10-06,2.01653,2.02556,1.98234,2.0009799999999998
2011-10-07,2.0009799999999998,2.0264599999999997,1.99459,2.01851
2011-10-10,2.01851,2.02563,1.99231,1.99794
2011-10-11,1.99794,2.01204,1.98974,1.99708
2011-10-12,1.99708,2.00834,1.97129,1.97839
2011-10-13,1.97839,1.9921200000000001,1.97543,1.98122
2011-10-14,1.98122,1.98939,1.96258,1.9637
2011-10-17,1.9637,1.9909700000000001,1.95836,1.98795
2011-10-18,1.98795,2.00101,1.9683700000000002,1.9735200000000002
2011-10-19,1.9735200000000002,1.99498,1.96869,1.99153
2011-10-20,1.99153,1.9968700000000001,1.9745700000000002,1.98944
2011-10-21,1.98944,2.0005699999999997,1.98516,1.98791
2011-10-24,1.98791,1.99092,1.9733,1.9809400000000001
2011-10-25,1.9809400000000001,2.01231,1.97848,2.00636
2011-10-26,2.00636,2.01639,1.99308,1.99414
2011-10-27,1.99414,1.9995800000000001,1.95476,1.9559
2011-10-28,1.9559,1.97195,1.95131,1.96005
2011-10-31,1.96005,1.99472,1.96005,1.99339
2011-11-01,1.99339,2.0120299999999998,1.9821600000000001,2.00489
2011-11-02,2.00489,2.02574,2.0036,2.01586
2011-11-03,2.01586,2.03517,2.0104699999999998,2.01532
2011-11-04,2.01532,2.0261199999999997,2.0125699999999997,2.01524
2011-11-07,2.01524,2.0227999999999997,2.00636,2.0134
2011-11-08,2.0134,2.0252399999999997,2.01336,2.01509
2011-11-09,2.01509,2.0387399999999998,2.0136399999999997,2.03627
2011-11-10,2.03627,2.0568899999999997,2.03518,2.04912
2011-11-11,2.04912,2.05598,2.0412,2.04491
2011-11-14,2.04491,2.0463099999999996,2.02844,2.03762
2011-11-15,2.03762,2.0679399999999997,2.0364999999999998,2.0506699999999998
2011-11-16,2.0506699999999998,2.0663,2.04433,2.05278
2011-11-17,2.05278,2.0819199999999998,2.04886,2.07523
2011-11-18,2.07523,2.0882899999999998,2.0697799999999997,2.08691
2011-11-21,2.08691,2.0972299999999997,2.0793899999999996,2.0928899999999997
2011-11-22,2.0928899999999997,2.10161,2.08481,2.09121
2011-11-23,2.09121,2.10457,2.08492,2.09714
2011-11-24,2.09714,2.1006799999999997,2.0850899999999997,2.08804
2011-11-25,2.08804,2.09687,2.08275,2.09002
2011-11-28,2.09002,2.09002,2.05118,2.05333
2011-11-29,2.05333,2.0599499999999997,2.0427299999999997,2.0482899999999997
2011-11-30,2.0482899999999997,2.05325,2.0080099999999996,2.0106699999999997
2011-12-01,2.0106699999999997,2.02688,2.00936,2.01186
2011-12-02,2.01186,2.0156199999999997,2.0014,2.0053699999999997
2011-12-05,2.0053699999999997,2.0124,1.99642,2.0046299999999997
2011-12-06,2.0046299999999997,2.01756,1.9949400000000002,1.99973
2011-12-07,1.99973,2.02337,1.9951100000000002,2.0133199999999998
2011-12-08,2.0133199999999998,2.0254,1.9996,2.02297
2011-12-09,2.02297,2.0419799999999997,2.01783,2.02005
2011-12-12,2.02005,2.04994,2.01882,2.04236
2011-12-13,2.04236,2.04742,2.03179,2.04596
2011-12-14,2.04596,2.06215,2.04312,2.0603599999999997
2011-12-15,2.0603599999999997,2.07118,2.05118,2.05807
2011-12-16,2.05807,2.05861,2.02974,2.03885
2011-12-19,2.03885,2.0542599999999998,2.0307299999999997,2.05115
2011-12-20,2.05115,2.05257,2.0322199999999997,2.0385199999999997
2011-12-21,2.0385199999999997,2.04899,2.0230799999999998,2.03354
2011-12-22,2.03354,2.04269,2.0208,2.02649
2011-12-23,2.02649,2.02921,2.01123,2.0116199999999997
2011-12-26,2.0116199999999997,2.0208,2.0116199999999997,2.0158099999999997
2011-12-27,2.0158099999999997,2.03295,2.0149,2.0272699999999997
2011-12-28,2.0272699999999997,2.02962,2.0019299999999998,2.00943
2011-12-29,2.00943,2.01699,1.99404,1.99744
2011-12-30,1.99744,2.0059199999999997,1.98654,1.9961600000000002
2012-01-02,1.9961600000000002,1.9974,1.9857200000000002,1.99207
2012-01-03,1.99207,1.99261,1.97546,1.97946
2012-01-04,1.97946,1.98709,1.97778,1.98245
2012-01-05,1.98245,1.99156,1.97812,1.98246
2012-01-06,1.98246,1.99076,1.97136,1.97608
2012-01-09,1.97608,1.98027,1.95992,1.9636
2012-01-10,1.9636,1.96435,1.94309,1.94805
2012-01-11,1.94805,1.9514200000000002,1.92138,1.92222
2012-01-12,1.92222,1.9366100000000002,1.9208100000000001,1.93093
2012-01-13,1.93093,1.94177,1.9263000000000001,1.92831
2012-01-16,1.92831,1.93297,1.92381,1.9303400000000002
2012-01-17,1.9303400000000002,1.9309500000000002,1.91341,1.91497
2012-01-18,1.91497,1.9219600000000001,1.90405,1.91853
2012-01-19,1.91853,1.93255,1.91831,1.92858
2012-01-20,1.92858,1.9346400000000001,1.92409,1.93052
2012-01-23,1.93052,1.9316200000000001,1.9129500000000002,1.9203700000000001
2012-01-24,1.9203700000000001,1.93431,1.91693,1.92429
2012-01-25,1.92429,1.93753,1.91236,1.9160300000000001
2012-01-26,1.9160300000000001,1.91945,1.90493,1.90855
2012-01-27,1.90855,1.91371,1.9025100000000001,1.90629
2012-01-30,1.90629,1.92147,1.90629,1.91716
2012-01-31,1.91716,1.91869,1.89995,1.90633
2012-02-01,1.90633,1.9145800000000002,1.8968500000000001,1.90104
2012-02-02,1.90104,1.9040300000000001,1.89035,1.8966100000000001
2012-02-03,1.8966100000000001,1.9060300000000001,1.8850200000000001,1.8928800000000001
2012-02-06,1.8928800000000001,1.90114,1.8921400000000002,1.89687
2012-02-07,1.89687,1.90428,1.88938,1.90134
2012-02-08,1.90134,1.90487,1.88666,1.89535
2012-02-09,1.89535,1.90382,1.89135,1.89586
2012-02-10,1.89586,1.9136600000000001,1.8945800000000002,1.90497
2012-02-13,1.90497,1.9056300000000002,1.8866500000000002,1.88975
2012-02-14,1.88975,1.89586,1.88023,1.8812900000000001
2012-02-15,1.8812900000000001,1.8838700000000002,1.86337,1.8832900000000001
2012-02-16,1.8832900000000001,1.89957,1.88182,1.8955300000000002
2012-02-17,1.8955300000000002,1.90286,1.88606,1.89988
2012-02-20,1.89988,1.89988,1.8819400000000002,1.88544
2012-02-21,1.88544,1.8963400000000001,1.88531,1.8913900000000001
2012-02-22,1.8913900000000001,1.89803,1.88491,1.88886
2012-02-23,1.88886,1.89423,1.8808900000000002,1.88208
2012-02-24,1.88208,1.90264,1.8755300000000001,1.8972900000000001
2012-02-27,1.8972900000000001,1.9056300000000002,1.88094,1.883
2012-02-28,1.883,1.90072,1.88169,1.8973600000000002
2012-02-29,1.8973600000000002,1.90931,1.88298,1.90778
2012-03-01,1.90778,1.91135,1.89852,1.9000000000000001
2012-03-02,1.9000000000000001,1.91293,1.8985400000000001,1.90764
2012-03-05,1.90764,1.93375,1.9057300000000001,1.93218
2012-03-06,1.93218,1.94893,1.9302400000000002,1.93421
2012-03-07,1.93421,1.9357,1.91812,1.9274600000000002
2012-03-08,1.9274600000000002,1.93235,1.9082400000000002,1.91954
2012-03-09,1.91954,1.9224100000000002,1.9032,1.9072200000000001
2012-03-12,1.9072200000000001,1.9199700000000002,1.9072200000000001,1.91124
2012-03-13,1.91124,1.91605,1.9009800000000001,1.9073200000000001
2012-03-14,1.9073200000000001,1.9424700000000001,1.90693,1.93605
2012-03-15,1.93605,1.94066,1.91194,1.91774
2012-03-16,1.91774,1.9251800000000001,1.90988,1.92092
2012-03-19,1.92092,1.9276200000000001,1.9136,1.9227400000000001
2012-03-20,1.9227400000000001,1.9486400000000001,1.92161,1.94033
2012-03-21,1.94033,1.9499900000000001,1.9338600000000001,1.94536
2012-03-22,1.94536,1.96716,1.94453,1.95374
2012-03-23,1.95374,1.95434,1.93754,1.93846
2012-03-26,1.93846,1.94599,1.9347800000000002,1.93914
2012-03-27,1.93914,1.94764,1.93502,1.94313
2012-03-28,1.94313,1.9507,1.93763,1.94463
2012-03-29,1.94463,1.95775,1.93995,1.95182
2012-03-30,1.95182,1.9562000000000002,1.94456,1.95527
2012-04-02,1.95527,1.9614,1.94148,1.94524
2012-04-03,1.94524,1.95046,1.93526,1.94228
2012-04-04,1.94228,1.9555900000000002,1.9397900000000001,1.94936
2012-04-05,1.94936,1.95131,1.93568,1.9386
2012-04-06,1.9386,1.94748,1.93462,1.9360000000000002
2012-04-09,1.9360000000000002,1.9440000000000002,1.92836,1.93397
2012-04-10,1.93397,1.9508,1.93256,1.94645
2012-04-11,1.94645,1.94872,1.93588,1.9433200000000002
2012-04-12,1.9433200000000002,1.94526,1.92618,1.92727
2012-04-13,1.92727,1.92926,1.9168800000000001,1.92371
2012-04-16,1.92371,1.94021,1.9205,1.9377600000000001
2012-04-17,1.9377600000000001,1.95177,1.93503,1.93751
2012-04-18,1.93751,1.9664000000000001,1.9360000000000002,1.9627400000000002
2012-04-19,1.9627400000000002,1.97566,1.95761,1.97178
2012-04-20,1.97178,1.9813100000000001,1.9688400000000001,1.96961
2012-04-23,1.96961,1.98953,1.9695500000000001,1.98225
2012-04-24,1.98225,1.99156,1.97807,1.98391
2012-04-25,1.98391,1.9919200000000001,1.975,1.9862
2012-04-26,1.9862,1.99217,1.97574,1.9861900000000001
2012-04-27,1.9861900000000001,1.9949400000000002,1.97486,1.9768400000000002
2012-04-30,1.9768400000000002,1.98801,1.97583,1.98289
2012-05-01,1.98289,1.9976500000000001,1.9809,1.98879
2012-05-02,1.98879,2.00224,1.9883000000000002,1.9970400000000001
2012-05-03,1.9970400000000001,2.02521,1.9970100000000002,2.02243
2012-05-04,2.02243,2.0374299999999996,2.01882,2.0296399999999997
2012-05-07,2.0296399999999997,2.03904,2.0286199999999996,2.03625
2012-05-08,2.03625,2.05408,2.03084,2.05044
2012-05-09,2.05044,2.05949,2.04798,2.0561399999999996
2012-05-10,2.0561399999999996,2.06126,2.04467,2.05501
2012-05-11,2.05501,2.06187,2.04197,2.0517499999999997
2012-05-14,2.0517499999999997,2.0724899999999997,2.0517499999999997,2.0710599999999997
2012-05-15,2.0710599999999997,2.08203,2.06583,2.07823
2012-05-16,2.07823,2.09001,2.07062,2.08086
2012-05-17,2.08086,2.08335,2.06,2.06845
2012-05-18,2.06845,2.10104,2.06366,2.09023
2012-05-21,2.09023,2.0943899999999998,2.0678099999999997,2.0686
2012-05-22,2.0686,2.09298,2.06129,2.0884199999999997
2012-05-23,2.0884199999999997,2.10568,2.08565,2.0911
2012-05-24,2.0911,2.0949,2.0745099999999996,2.07924
2012-05-25,2.07924,2.0826599999999997,2.06698,2.0760199999999998
2012-05-28,2.0760199999999998,2.0760199999999998,2.05407,2.05882
2012-05-29,2.05882,2.0665199999999997,2.0476799999999997,2.04946
2012-05-30,2.04946,2.0629199999999996,2.0482899999999997,2.0545899999999997
2012-05-31,2.0545899999999997,2.0623,2.04046,2.04358
2012-06-01,2.04358,2.05369,2.03278,2.03278
2012-06-04,2.03278,2.04556,2.0277,2.03307
2012-06-05,2.03307,2.04019,2.02498,2.03252
2012-06-06,2.03252,2.03376,2.00907,2.0095899999999998
2012-06-07,2.0095899999999998,2.0253699999999997,2.00304,2.0227899999999996
2012-06-08,2.0227899999999996,2.03124,2.00356,2.00651
2012-06-11,2.00651,2.01448,1.99327,2.0132399999999997
2012-06-12,2.0132399999999997,2.01702,1.9979500000000001,2.00275
2012-06-13,2.00275,2.0077599999999998,1.9944000000000002,2.00445
2012-06-14,2.00445,2.00445,1.9853800000000001,1.98811
2012-06-15,1.98811,1.99544,1.97479,1.99298
2012-06-18,1.99298,1.99298,1.97427,1.9774800000000001
2012-06-19,1.9774800000000001,1.98268,1.9672800000000001,1.96944
2012-06-20,1.96944,1.98295,1.96627,1.97319
2012-06-21,1.97319,1.9846700000000002,1.9602300000000001,1.98142
2012-06-22,1.98142,1.98909,1.96807,1.96984
2012-06-25,1.96984,1.9832,1.96984,1.9772800000000001
2012-06-26,1.9772800000000001,1.97944,1.97055,1.9770100000000002
2012-06-27,1.9770100000000002,1.98115,1.96461,1.9653500000000002
2012-06-28,1.9653500000000002,1.97547,1.9578,1.96733
2012-06-29,1.96733,1.97612,1.9503700000000002,1.96007
2012-07-02,1.96007,1.96007,1.9483300000000001,1.9514200000000002
2012-07-03,1.9514200000000002,1.95553,1.94666,1.9505700000000001
2012-07-04,1.9505700000000001,1.9521600000000001,1.9364700000000001,1.93953
2012-07-05,1.93953,1.94733,1.92822,1.93198
2012-07-06,1.93198,1.9449800000000002,1.93002,1.94087
2012-07-09,1.94087,1.9538200000000001,1.94004,1.94824
2012-07-10,1.94824,1.95641,1.94412,1.9533500000000001
2012-07-11,1.9533500000000001,1.95598,1.94306,1.9460000000000002
2012-07-12,1.9460000000000002,1.96519,1.94215,1.9523300000000001
2012-07-13,1.9523300000000001,1.9610100000000001,1.9461300000000001,1.95635
2012-07-16,1.95635,1.95775,1.9500600000000001,1.95565
2012-07-17,1.95565,1.96375,1.9530100000000001,1.9608400000000001
2012-07-18,1.9608400000000001,1.96913,1.95428,1.95428
2012-07-19,1.95428,1.95872,1.94736,1.95687
2012-07-20,1.95687,1.95909,1.95219,1.95253
2012-07-23,1.95253,1.9700900000000001,1.95253,1.9678200000000001
2012-07-24,1.9678200000000001,1.97671,1.9575500000000001,1.9750800000000002
2012-07-25,1.9750800000000002,1.98428,1.96008,1.96269
2012-07-26,1.96269,1.9636900000000002,1.9516,1.9554900000000002
2012-07-27,1.9554900000000002,1.9615900000000002,1.9407800000000002,1.9433500000000001
2012-07-30,1.9433500000000001,1.9478,1.9375900000000001,1.9418600000000001
2012-07-31,1.9418600000000001,1.9440600000000001,1.9291800000000001,1.93782
2012-08-01,1.93782,1.93896,1.91764,1.9231800000000001
2012-08-02,1.9231800000000001,1.9255900000000001,1.91249,1.9131900000000002
2012-08-03,1.9131900000000002,1.91779,1.9045800000000002,1.90874
2012-08-06,1.90874,1.9142400000000002,1.89694,1.90182
2012-08-07,1.90182,1.91913,1.89625,1.9129800000000001
2012-08-08,1.9129800000000001,1.92449,1.91252,1.9187
2012-08-09,1.9187,1.93082,1.9183400000000002,1.9257300000000002
2012-08-10,1.9257300000000002,1.9328400000000001,1.92138,1.9285100000000002
2012-08-13,1.9285100000000002,1.9428100000000001,1.92629,1.93846
2012-08-14,1.93846,1.94958,1.93133,1.9455600000000002
2012-08-15,1.9455600000000002,1.94997,1.9419300000000002,1.9419300000000002
2012-08-16,1.9419300000000002,1.9468,1.93893,1.9405700000000001
2012-08-17,1.9405700000000001,1.94873,1.9368100000000001,1.94243
2012-08-20,1.94243,1.94625,1.93747,1.94214
2012-08-21,1.94214,1.94856,1.9335,1.9443300000000001
2012-08-22,1.9443300000000001,1.95401,1.9443300000000001,1.9498600000000001
2012-08-23,1.9498600000000001,1.9522700000000002,1.94216,1.9510800000000001
2012-08-24,1.9510800000000001,1.9587700000000001,1.94666,1.9481600000000001
2012-08-27,1.9481600000000001,1.9547700000000001,1.94547,1.9523300000000001
2012-08-28,1.9523300000000001,1.96949,1.95087,1.9651500000000002
2012-08-29,1.9651500000000002,1.9776200000000002,1.9631500000000002,1.97706
2012-08-30,1.97706,1.98391,1.97137,1.9778200000000001
2012-08-31,1.9778200000000001,1.98211,1.9715,1.9738600000000002
2012-09-03,1.9738600000000002,1.9942,1.9738600000000002,1.99061
2012-09-04,1.99061,2.0069,1.98759,1.99726
2012-09-05,1.99726,2.00677,1.99343,2.0006
2012-09-06,2.0006,2.00187,1.9837500000000001,1.98788
2012-09-07,1.98788,1.99045,1.96932,1.9698600000000002
2012-09-10,1.9698600000000002,1.97889,1.96756,1.97783
2012-09-11,1.97783,1.97865,1.96089,1.96614
2012-09-12,1.96614,1.96876,1.95662,1.9608800000000002
2012-09-13,1.9608800000000002,1.9656500000000001,1.9411200000000002,1.94368
2012-09-14,1.94368,1.9596500000000001,1.9367,1.95514
2012-09-17,1.95514,1.96939,1.9529800000000002,1.9665400000000002
2012-09-18,1.9665400000000002,1.97119,1.9598900000000001,1.96419
2012-09-19,1.96419,1.96624,1.95544,1.96163
2012-09-20,1.96163,1.9697200000000001,1.9543700000000002,1.95558
2012-09-21,1.95558,1.96153,1.95133,1.95903
2012-09-24,1.95903,1.97913,1.9545000000000001,1.97071
2012-09-25,1.97071,1.9761300000000002,1.9598900000000001,1.9700600000000001
2012-09-26,1.9700600000000001,1.97739,1.9589,1.9605400000000002
2012-09-27,1.9605400000000002,1.96282,1.94866,1.9520000000000002
2012-09-28,1.9520000000000002,1.9549,1.94265,1.94673
2012-10-01,1.94673,1.9504700000000001,1.94113,1.94858
2012-10-02,1.94858,1.95479,1.93699,1.9495
2012-10-03,1.9495,1.96628,1.94834,1.96224
2012-10-04,1.96224,1.97544,1.95853,1.97001
2012-10-05,1.97001,1.97848,1.9586000000000001,1.97283
2012-10-08,1.97283,1.9751400000000001,1.94937,1.95604
2012-10-09,1.95604,1.95983,1.9471,1.9570400000000001
2012-10-10,1.9570400000000001,1.96296,1.9521300000000001,1.96005
2012-10-11,1.96005,1.96384,1.95617,1.96273
2012-10-12,1.96273,1.96937,1.9545000000000001,1.9691
2012-10-15,1.9691,1.9729800000000002,1.9607700000000001,1.96299
2012-10-16,1.96299,1.98475,1.9620600000000001,1.97834
2012-10-17,1.97834,1.97907,1.96344,1.9645000000000001
2012-10-18,1.9645000000000001,1.96943,1.95825,1.96015
2012-10-19,1.96015,1.9635,1.95558,1.9613800000000001
2012-10-22,1.9613800000000001,1.96392,1.957,1.95767
2012-10-23,1.95767,1.96846,1.9571500000000002,1.9649800000000002
2012-10-24,1.9649800000000002,1.96963,1.95381,1.9543700000000002
2012-10-25,1.9543700000000002,1.9758600000000002,1.9474900000000002,1.9714800000000001
2012-10-26,1.9714800000000001,1.9716900000000002,1.95407,1.9560300000000002
2012-10-29,1.9560300000000002,1.96126,1.95256,1.95608
2012-10-30,1.95608,1.96062,1.95052,1.95781
2012-10-31,1.95781,1.96421,1.95426,1.96046
2012-11-01,1.96046,1.9665700000000002,1.94818,1.95015
2012-11-02,1.95015,1.95188,1.93621,1.94133
2012-11-05,1.94133,1.94404,1.9337300000000002,1.9357600000000001
2012-11-06,1.9357600000000001,1.9371,1.9273900000000002,1.93419
2012-11-07,1.93419,1.9537600000000002,1.92697,1.95303
2012-11-08,1.95303,1.96207,1.9478900000000001,1.95964
2012-11-09,1.95964,1.96557,1.94987,1.95103
2012-11-12,1.95103,1.95317,1.93991,1.9413900000000002
2012-11-13,1.9413900000000002,1.94846,1.93521,1.94482
2012-11-14,1.94482,1.96021,1.94094,1.95458
2012-11-15,1.95458,1.9623000000000002,1.94746,1.96001
2012-11-16,1.96001,1.96662,1.95354,1.9541600000000001
2012-11-19,1.9541600000000001,1.9581000000000002,1.93936,1.9400000000000002
2012-11-20,1.9400000000000002,1.95426,1.9390800000000001,1.94875
2012-11-21,1.94875,1.96453,1.94764,1.95797
2012-11-22,1.95797,1.96156,1.9513800000000001,1.95296
2012-11-23,1.95296,1.9555200000000001,1.94368,1.9450500000000002
2012-11-26,1.9450500000000002,1.95031,1.94347,1.9493800000000001
2012-11-27,1.9493800000000001,1.95539,1.9458300000000002,1.95293
2012-11-28,1.95293,1.95333,1.94307,1.9441300000000001
2012-11-29,1.9441300000000001,1.9522700000000002,1.93697,1.94967
2012-11-30,1.94967,1.95914,1.94773,1.95103
2012-12-03,1.95103,1.9628700000000001,1.95095,1.9598
2012-12-04,1.9598,1.9618900000000001,1.95177,1.95391
2012-12-05,1.95391,1.9550100000000001,1.9406100000000002,1.9414200000000001
2012-12-06,1.9414200000000001,1.94175,1.9263400000000002,1.9275600000000002
2012-12-07,1.9275600000000002,1.93092,1.9224700000000001,1.9255900000000001
2012-12-10,1.9255900000000001,1.92823,1.92147,1.9254200000000001
2012-12-11,1.9254200000000001,1.9282400000000002,1.9172200000000001,1.9201400000000002
2012-12-12,1.9201400000000002,1.92107,1.9125800000000002,1.91398
2012-12-13,1.91398,1.91558,1.90652,1.91089
2012-12-14,1.91089,1.91916,1.90804,1.9096300000000002
2012-12-17,1.9096300000000002,1.92348,1.90882,1.91751
2012-12-18,1.91751,1.9314500000000001,1.91615,1.9308500000000002
2012-12-19,1.9308500000000002,1.94973,1.9292200000000002,1.94764
2012-12-20,1.94764,1.9557200000000001,1.9422000000000001,1.95157
2012-12-21,1.95157,1.9741,1.9492200000000002,1.9633200000000002
2012-12-24,1.9633200000000002,1.9712500000000002,1.95683,1.95856
2012-12-26,1.95856,1.97827,1.95856,1.96832
2012-12-27,1.96832,1.9756,1.9605400000000002,1.9608
2012-12-28,1.9608,1.97455,1.95611,1.97173
2012-12-31,1.97173,1.97733,1.9584300000000001,1.96683
2013-01-02,1.96683,1.96683,1.94394,1.94893
2013-01-03,1.94893,1.95334,1.93541,1.94524
2013-01-04,1.94524,1.95401,1.93015,1.93055
2013-01-07,1.93055,1.93548,1.91903,1.92462
2013-01-08,1.92462,1.92882,1.91578,1.91853
2013-01-09,1.91853,1.92038,1.903,1.9080300000000001
2013-01-10,1.9080300000000001,1.91463,1.9000400000000002,1.911
2013-01-11,1.911,1.9280000000000002,1.9102700000000001,1.9269800000000001
2013-01-14,1.9269800000000001,1.92833,1.90438,1.9067100000000001
2013-01-15,1.9067100000000001,1.91988,1.90391,1.9128
2013-01-16,1.9128,1.9163100000000002,1.90077,1.90269
2013-01-17,1.90269,1.91954,1.8981700000000001,1.91266
2013-01-18,1.91266,1.9148,1.89626,1.8965
2013-01-21,1.8965,1.9021400000000002,1.88843,1.893
2013-01-22,1.893,1.8956600000000001,1.8775000000000002,1.8832200000000001
2013-01-23,1.8832200000000001,1.88481,1.8765800000000001,1.8806800000000001
2013-01-24,1.8806800000000001,1.88534,1.8747900000000002,1.88402
2013-01-25,1.88402,1.89141,1.87842,1.8854300000000002
2013-01-28,1.8854300000000002,1.89872,1.8781400000000001,1.8814
2013-01-29,1.8814,1.8847800000000001,1.8743400000000001,1.8777300000000001
2013-01-30,1.8777300000000001,1.90297,1.8767200000000002,1.88985
2013-01-31,1.88985,1.89484,1.88266,1.8895600000000001
2013-02-01,1.8895600000000001,1.89033,1.8553000000000002,1.8572300000000002
2013-02-04,1.84983,1.87073,1.8485800000000001,1.86913
2013-02-05,1.86913,1.87263,1.84898,1.85277
2013-02-06,1.85277,1.8676000000000001,1.8507900000000002,1.8648
2013-02-07,1.8648,1.8926100000000001,1.8638400000000002,1.88564
2013-02-08,1.88564,1.8955300000000002,1.87894,1.88843
2013-02-11,1.88816,1.89758,1.86921,1.87473
2013-02-12,1.87473,1.87564,1.85501,1.86312
2013-02-13,1.86312,1.86538,1.83732,1.8385
2013-02-14,1.8385,1.83874,1.81882,1.81972
2013-02-15,1.81972,1.84046,1.81528,1.83694
2013-02-18,1.83634,1.8379100000000002,1.8273300000000001,1.82951
2013-02-19,1.82951,1.84037,1.81627,1.8209600000000001
2013-02-20,1.8209600000000001,1.8399800000000002,1.8200500000000002,1.8221500000000002
2013-02-21,1.8221500000000002,1.83355,1.8139,1.8285200000000001
2013-02-22,1.8285200000000001,1.82989,1.8095700000000001,1.8111700000000002
2013-02-25,1.80221,1.82241,1.7958100000000001,1.82047
2013-02-26,1.82047,1.84107,1.8168,1.83441
2013-02-27,1.83441,1.84336,1.82722,1.83036
2013-02-28,1.83036,1.84049,1.82216,1.8382
2013-03-01,1.8382,1.83961,1.81698,1.8227900000000001
2013-03-04,1.8271000000000002,1.83507,1.82326,1.82573
2013-03-05,1.82573,1.8353700000000002,1.81444,1.82009
2013-03-06,1.82009,1.8219,1.80567,1.8128300000000002
2013-03-07,1.8128300000000002,1.81977,1.8042200000000002,1.81234
2013-03-08,1.81234,1.8241,1.80477,1.81504
2013-03-11,1.81885,1.82307,1.8006900000000001,1.8009600000000001
2013-03-12,1.8009600000000001,1.80994,1.79911,1.8017
2013-03-13,1.8017,1.82768,1.80142,1.82339
2013-03-14,1.82339,1.83921,1.82013,1.83393
2013-03-15,1.83393,1.84508,1.8233700000000002,1.82626
2013-03-18,1.8353300000000001,1.83908,1.82702,1.82762
2013-03-19,1.82762,1.8384800000000001,1.82572,1.83048
2013-03-20,1.83048,1.8458,1.82745,1.83663
2013-03-21,1.83663,1.83759,1.8152000000000001,1.82419
2013-03-22,1.82419,1.82959,1.81999,1.8215400000000002
2013-03-25,1.8244500000000001,1.8278100000000002,1.8127300000000002,1.8173700000000002
2013-03-26,1.8173700000000002,1.8205600000000002,1.8056,1.8061500000000001
2013-03-27,1.8061500000000001,1.8116100000000002,1.80522,1.80731
2013-03-28,1.80731,1.81855,1.80348,1.8153700000000002
2013-03-29,1.8153700000000002,1.81857,1.81278,1.81573
2013-04-01,1.81548,1.82341,1.8137800000000002,1.81958
2013-04-02,1.81958,1.8196400000000001,1.7925900000000001,1.79427
2013-04-03,1.79427,1.80038,1.7908000000000002,1.7976
2013-04-04,1.7976,1.81441,1.79485,1.8083900000000002
2013-04-05,1.8083900000000002,1.82796,1.80735,1.8184900000000002
2013-04-08,1.81785,1.8257700000000001,1.80129,1.80271
2013-04-09,1.80271,1.80875,1.79607,1.79699
2013-04-10,1.79699,1.7988300000000002,1.78533,1.78706
2013-04-11,1.78706,1.78784,1.77084,1.78218
2013-04-12,1.78218,1.79647,1.78111,1.78587
2013-04-15,1.7891000000000001,1.82416,1.78794,1.81799
2013-04-16,1.81799,1.8192700000000002,1.8014400000000002,1.80816
2013-04-17,1.80816,1.81532,1.79725,1.80569
2013-04-18,1.80569,1.8191700000000002,1.79992,1.8160100000000001
2013-04-19,1.8160100000000001,1.81807,1.8050000000000002,1.80827
2013-04-22,1.81247,1.81707,1.80077,1.81512
2013-04-23,1.81512,1.82399,1.8095700000000001,1.81376
2013-04-24,1.81376,1.81376,1.7986,1.80115
2013-04-25,1.80115,1.81663,1.79282,1.8155000000000001
2013-04-26,1.8155000000000001,1.8271000000000002,1.8100500000000002,1.8237700000000001
2013-04-29,1.82508,1.82508,1.80572,1.80918
2013-04-30,1.80918,1.81568,1.80549,1.81254
2013-05-01,1.81254,1.83579,1.81,1.82997
2013-05-02,1.82997,1.84009,1.82576,1.82837
2013-05-03,1.82837,1.82993,1.8195400000000002,1.82372
2013-05-06,1.82372,1.82999,1.82036,1.8250300000000002
2013-05-07,1.8250300000000002,1.84176,1.82365,1.8306900000000002
2013-05-08,1.8306900000000002,1.85712,1.8286600000000002,1.8484500000000001
2013-05-09,1.8484500000000001,1.84995,1.83247,1.84119
2013-05-10,1.84119,1.85978,1.83532,1.8496700000000001
2013-05-13,1.85324,1.85861,1.84677,1.85403
2013-05-14,1.85403,1.8608500000000001,1.8451300000000002,1.8554700000000002
2013-05-15,1.8554700000000002,1.86189,1.8463800000000001,1.84834
2013-05-16,1.84834,1.87427,1.8430300000000002,1.87188
2013-05-17,1.87188,1.88498,1.8678000000000001,1.87976
2013-05-20,1.87728,1.8790200000000001,1.86271,1.86639
2013-05-21,1.86639,1.87077,1.85285,1.85422
2013-05-22,1.85422,1.86708,1.8451,1.8630900000000001
2013-05-23,1.8630900000000001,1.8770200000000001,1.8499800000000002,1.8570600000000002
2013-05-24,1.8570600000000002,1.87334,1.8532600000000001,1.86881
2013-05-27,1.86764,1.8755300000000001,1.86547,1.86905
2013-05-28,1.86905,1.87108,1.85768,1.86139
2013-05-29,1.86139,1.8688200000000001,1.84837,1.86762
2013-05-30,1.86762,1.88971,1.86277,1.8859000000000001
2013-05-31,1.8859000000000001,1.9128800000000001,1.87971,1.9120700000000002
2013-06-03,1.9076600000000001,1.91789,1.8898700000000002,1.89243
2013-06-04,1.89243,1.9184700000000001,1.88984,1.9096600000000001
2013-06-05,1.9096600000000001,1.94272,1.90175,1.93232
2013-06-06,1.93232,1.95343,1.92833,1.9411200000000002
2013-06-07,1.9411200000000002,1.97649,1.9411200000000002,1.9724700000000002
2013-06-10,1.98273,1.98527,1.96364,1.96991
2013-06-11,1.96991,2.00318,1.96855,1.98729
2013-06-12,1.98729,1.98885,1.95039,1.96303
2013-06-13,1.96303,1.98627,1.9370800000000001,1.94031
2013-06-14,1.94031,1.95343,1.9266,1.9508100000000002
2013-06-17,1.95114,1.96927,1.9376,1.96544
2013-06-18,1.96544,1.97103,1.94513,1.9573800000000001
2013-06-19,1.9573800000000001,1.9706700000000001,1.94391,1.96049
2013-06-20,1.96049,2.00549,1.9596500000000001,1.99818
2013-06-21,1.99818,1.99957,1.9829400000000001,1.9861300000000002
2013-06-24,1.9861300000000002,1.9987000000000001,1.9796,1.9903300000000002
2013-06-25,1.9903300000000002,2.0027899999999996,1.98109,1.99201
2013-06-26,1.99201,1.99736,1.95624,1.96516
2013-06-27,1.96516,1.9718200000000001,1.94415,1.9575200000000001
2013-06-28,1.9575200000000001,1.97187,1.95012,1.964
2013-07-01,1.96761,1.9700300000000002,1.94395,1.9457200000000001
2013-07-02,1.9457200000000001,1.95834,1.9432500000000001,1.95424
2013-07-03,1.95424,1.97532,1.9484000000000001,1.9634200000000002
2013-07-04,1.9634200000000002,1.9671,1.91657,1.92334
2013-07-05,1.92334,1.93751,1.9041400000000002,1.93042
2013-07-08,1.93343,1.93343,1.90937,1.91612
2013-07-09,1.91612,1.92246,1.88616,1.8929900000000002
2013-07-10,1.8929900000000002,1.9175900000000001,1.88667,1.9140700000000002
2013-07-11,1.9140700000000002,1.94784,1.8998700000000002,1.9332900000000002
2013-07-12,1.9332900000000002,1.94689,1.92456,1.94097
2013-07-15,1.94097,1.94571,1.92648,1.93358
2013-07-16,1.93358,1.93719,1.91377,1.9194900000000001
2013-07-17,1.9194900000000001,1.9388100000000001,1.91426,1.92469
2013-07-18,1.92469,1.9321300000000001,1.91954,1.9265400000000001
2013-07-19,1.9265400000000001,1.93154,1.9108,1.92448
2013-07-22,1.93313,1.93872,1.92272,1.92707
2013-07-23,1.92707,1.92944,1.91897,1.9220700000000002
2013-07-24,1.9220700000000002,1.9385400000000002,1.91767,1.9276900000000001
2013-07-25,1.9276900000000001,1.9276900000000001,1.8995300000000002,1.90199
2013-07-26,1.90199,1.9113600000000002,1.89948,1.9026
2013-07-29,1.90223,1.9081000000000001,1.90073,1.90757
2013-07-30,1.90869,1.92154,1.90565,1.90714
2013-07-31,1.90714,1.91561,1.90077,1.9038000000000002
2013-08-01,1.9038000000000002,1.93029,1.8995600000000001,1.91497
2013-08-02,1.91497,1.95452,1.91243,1.94998
2013-08-05,1.94998,1.98035,1.94998,1.96272
2013-08-06,1.96272,1.96296,1.9402000000000001,1.94199
2013-08-07,1.94199,1.96275,1.9254600000000002,1.9427
2013-08-08,1.9427,1.9516900000000001,1.9340700000000002,1.93953
2013-08-09,1.93953,1.9459,1.9250500000000001,1.92934
2013-08-12,1.9281000000000001,1.93599,1.9226,1.9302700000000002
2013-08-13,1.9302700000000002,1.9491100000000001,1.9283700000000001,1.93906
2013-08-14,1.93906,1.94089,1.92667,1.9303000000000001
2013-08-15,1.9303000000000001,1.9424400000000002,1.9205800000000002,1.9360000000000002
2013-08-16,1.9360000000000002,1.94073,1.92187,1.92805
2013-08-19,1.92805,1.94263,1.91558,1.93936
2013-08-20,1.93936,1.96741,1.93778,1.96256
2013-08-21,1.96256,1.99723,1.9621300000000002,1.99465
2013-08-22,1.99465,1.99954,1.98367,1.99144
2013-08-23,1.99144,2.00766,1.9849700000000001,1.99394
2013-08-26,1.99247,1.99899,1.97862,1.98292
2013-08-27,1.98292,1.9985300000000001,1.98088,1.99283
2013-08-28,1.99283,2.00581,1.98835,1.99056
2013-08-29,1.99056,1.99947,1.97974,1.99543
2013-08-30,1.99543,2.0072799999999997,1.9901300000000002,2.00641
2013-09-02,1.99977,2.0051699999999997,1.98804,1.98953
2013-09-03,1.98953,2.00068,1.98256,1.99417
2013-09-04,1.99417,1.99699,1.97012,1.9759900000000001
2013-09-05,1.9759900000000001,1.9899600000000002,1.97086,1.9768000000000001
2013-09-06,1.9768000000000001,1.9774,1.94819,1.95182
2013-09-09,1.9503700000000002,1.96503,1.9501000000000002,1.95795
2013-09-10,1.95795,1.9597900000000001,1.94629,1.9496200000000001
2013-09-11,1.9496200000000001,1.96258,1.9491100000000001,1.9568400000000001
2013-09-12,1.9568400000000001,1.9568400000000001,1.9379300000000002,1.94207
2013-09-13,1.94207,1.95439,1.93977,1.95119
2013-09-16,1.9380600000000001,1.94924,1.93599,1.94554
2013-09-17,1.94554,1.94822,1.92765,1.9305100000000002
2013-09-18,1.9305100000000002,1.94629,1.9229500000000002,1.9277600000000001
2013-09-19,1.9277600000000001,1.93737,1.90483,1.91351
2013-09-20,1.91351,1.91615,1.9086800000000002,1.9128800000000001
2013-09-23,1.91599,1.91877,1.9120700000000002,1.91585
2013-09-24,1.91585,1.93625,1.91445,1.9322300000000001
2013-09-25,1.9322300000000001,1.95195,1.93124,1.9509100000000001
2013-09-26,1.9509100000000001,1.9513200000000002,1.93133,1.93458
2013-09-27,1.93458,1.95448,1.93313,1.9477900000000001
2013-09-30,1.9497200000000001,1.95834,1.93856,1.94808
2013-10-01,1.94808,1.9657,1.9474,1.95608
2013-10-02,1.95608,1.97431,1.94673,1.9474
2013-10-03,1.9474,1.9602700000000002,1.94431,1.94754
2013-10-04,1.94754,1.95104,1.92231,1.92368
2013-10-07,1.92587,1.94487,1.92404,1.93723
2013-10-08,1.93723,1.94431,1.92974,1.93907
2013-10-09,1.93907,1.9432500000000001,1.91462,1.9210500000000001
2013-10-10,1.9210500000000001,1.93506,1.9190500000000001,1.92703
2013-10-11,1.92703,1.93189,1.91067,1.91622
2013-10-14,1.92311,1.92311,1.9069500000000001,1.91187
2013-10-15,1.91187,1.91445,1.89737,1.91029
2013-10-16,1.91029,1.91029,1.887,1.89274
2013-10-17,1.89274,1.90534,1.88957,1.90486
2013-10-18,1.90486,1.9127500000000002,1.8971900000000002,1.90036
2013-10-21,1.90378,1.9130900000000002,1.90064,1.9092200000000001
2013-10-22,1.9092200000000001,1.91137,1.8972600000000002,1.90626
2013-10-23,1.90626,1.9332200000000002,1.9047500000000002,1.92514
2013-10-24,1.92514,1.9431500000000002,1.9173,1.93904
2013-10-25,1.93904,1.95568,1.93721,1.95185
2013-10-28,1.9507100000000002,1.95327,1.9429,1.94341
2013-10-29,1.94341,1.95002,1.94032,1.9424700000000001
2013-10-30,1.9424700000000001,1.95293,1.9366800000000002,1.94028
2013-10-31,1.94028,1.94753,1.93077,1.9407100000000002
2013-11-01,1.9407100000000002,1.94499,1.9251,1.92655
2013-11-04,1.92806,1.93077,1.91981,1.9268
2013-11-05,1.9268,1.93666,1.9169100000000001,1.9187500000000002
2013-11-06,1.9187500000000002,1.92204,1.91287,1.9188
2013-11-07,1.9188,1.9375900000000001,1.91083,1.9326800000000002
2013-11-08,1.9326800000000002,1.94573,1.92389,1.9413
2013-11-11,1.93557,1.9426100000000002,1.93191,1.9366700000000001
2013-11-12,1.9366700000000001,1.94563,1.92642,1.9337
2013-11-13,1.9337,1.9460300000000001,1.9287400000000001,1.9371200000000002
2013-11-14,1.9371200000000002,1.94974,1.9212,1.94103
2013-11-15,1.94103,1.9423000000000001,1.93128,1.93269
2013-11-18,1.9286400000000001,1.93358,1.91791,1.93199
2013-11-19,1.93199,1.9387,1.92456,1.92605
2013-11-20,1.92605,1.9503300000000001,1.9213600000000002,1.94541
2013-11-21,1.94541,1.9761300000000002,1.9451800000000001,1.97341
2013-11-22,1.97341,1.99275,1.9642000000000002,1.98072
2013-11-25,1.983,1.98415,1.9669800000000002,1.9671800000000002
2013-11-26,1.9671800000000002,1.9813500000000002,1.9555200000000001,1.97834
2013-11-27,1.97834,2.00678,1.97541,1.99882
2013-11-28,1.99882,2.01556,1.99156,2.01207
2013-11-29,2.01207,2.02404,1.99906,2.0089599999999996
2013-12-02,2.0062499999999996,2.0148599999999997,1.9936200000000002,1.9971700000000001
2013-12-03,1.9971700000000001,2.00556,1.98459,1.98832
2013-12-04,1.98832,2.0051699999999997,1.9875500000000001,1.99783
2013-12-05,1.99783,2.0053799999999997,1.98556,1.98671
2013-12-06,1.98671,2.00303,1.96971,1.97212
2013-12-09,1.97157,1.98644,1.96309,1.9831
2013-12-10,1.9831,1.98811,1.9727000000000001,1.97885
2013-12-11,1.97885,1.9947700000000002,1.97679,1.98234
2013-12-12,1.98234,1.989,1.9710100000000002,1.98092
2013-12-13,1.98092,1.99451,1.96832,1.97019
2013-12-16,1.9705000000000001,1.9798900000000001,1.96712,1.97353
2013-12-17,1.97353,1.97512,1.96322,1.9656
2013-12-18,1.9656,2.00285,1.96449,1.98888
2013-12-19,1.98888,2.00711,1.98725,1.99736
2013-12-20,1.99736,2.0044199999999996,1.98861,1.99106
2013-12-23,1.9892,1.99804,1.98787,1.99408
2013-12-24,1.99408,2.00243,1.99356,1.99937
2013-12-26,1.99937,2.0153999999999996,1.99937,2.0084899999999997
2013-12-27,2.0084899999999997,2.02792,2.0084899999999997,2.0209099999999998
2013-12-30,2.0181,2.02946,2.00967,2.0105299999999997
2013-12-31,2.0105299999999997,2.0157399999999996,2.0035399999999997,2.01288
2014-01-02,2.01288,2.0310599999999996,1.9961,2.0088
2014-01-03,2.0088,2.0106599999999997,1.9746000000000001,1.9834100000000001
2014-01-06,1.9807000000000001,1.98692,1.9756500000000001,1.9783000000000002
2014-01-07,1.9783000000000002,1.98593,1.97585,1.97977
2014-01-08,1.97977,1.99288,1.97577,1.98993
2014-01-09,1.98993,1.9995500000000002,1.9887000000000001,1.9966000000000002
2014-01-10,1.9966000000000002,2.0027899999999996,1.9836,1.98435
2014-01-13,1.9865700000000002,1.9902900000000001,1.9515900000000002,1.95597
2014-01-14,1.95597,1.96417,1.9455,1.9616200000000001
2014-01-15,1.9616200000000001,1.9698600000000002,1.95371,1.96302
2014-01-16,1.96302,1.9700900000000001,1.95609,1.95679
2014-01-17,1.95679,1.99312,1.95609,1.98739
2014-01-20,1.9899200000000001,2.0010399999999997,1.9724700000000002,1.97271
2014-01-21,1.97271,1.98361,1.96807,1.9806400000000002
2014-01-22,1.9806400000000002,1.9980900000000001,1.97539,1.99408
2014-01-23,1.99408,2.0085699999999997,1.99123,2.00275
2014-01-24,2.00275,2.0215099999999997,1.99486,2.0014399999999997
2014-01-27,2.00465,2.01773,1.99861,2.01319
2014-01-28,2.01319,2.0165699999999998,1.99517,2.00677
2014-01-29,2.00677,2.0248299999999997,1.9962600000000001,2.0162
2014-01-30,2.0162,2.02898,2.0131699999999997,2.0185
2014-01-31,2.0185,2.04338,2.01592,2.03238
2014-02-03,2.0257199999999997,2.03027,2.00811,2.0161599999999997
2014-02-04,2.0161599999999997,2.0252999999999997,1.97637,1.97968
2014-02-05,1.97968,1.99364,1.97574,1.9855200000000002
2014-02-06,1.9855200000000002,1.9855800000000001,1.97126,1.9784700000000002
2014-02-07,1.9784700000000002,1.9874100000000001,1.97332,1.9766400000000002
2014-02-10,1.97835,1.9871800000000002,1.97835,1.9836
2014-02-11,1.9836,1.98485,1.9712100000000001,1.97651
2014-02-12,1.97651,1.9965000000000002,1.9636900000000002,1.99431
2014-02-13,1.99431,2.0031299999999996,1.98915,1.996
2014-02-14,1.996,2.0027399999999997,1.99068,1.99899
2014-02-17,2.00352,2.00832,1.99516,1.99644
2014-02-18,1.99644,2.0137,1.99472,2.0083499999999996
2014-02-19,2.0083499999999996,2.01801,1.99786,2.0150699999999997
2014-02-20,2.0150699999999997,2.0230699999999997,2.00282,2.0047699999999997
2014-02-21,2.0047699999999997,2.02065,2.00045,2.0059299999999998
2014-02-24,2.0061299999999997,2.0146599999999997,1.99559,1.99896
2014-02-25,1.99896,2.00723,1.9958200000000001,2.00216
2014-02-26,2.00216,2.0101799999999996,1.99764,2.0043599999999997
2014-02-27,2.0043599999999997,2.00933,1.98726,1.99361
2014-02-28,1.99361,1.99817,1.9833,1.99635
2014-03-03,1.99872,2.00665,1.99021,1.9907400000000002
2014-03-04,1.9907400000000002,1.99557,1.98455,1.98532
2014-03-05,1.98532,1.98961,1.98103,1.9865700000000002
2014-03-06,1.9865700000000002,1.98871,1.96768,1.97483
2014-03-07,1.97483,1.98048,1.96635,1.9736
2014-03-10,1.97812,1.98055,1.96337,1.96452
2014-03-11,1.96452,1.9653800000000001,1.9561000000000002,1.96151
2014-03-12,1.96151,1.96907,1.9490100000000001,1.94916
2014-03-13,1.94916,1.9529,1.93921,1.94503
2014-03-14,1.94503,1.9508,1.9411800000000001,1.94855
2014-03-17,1.9502300000000001,1.95191,1.93516,1.9421700000000002
2014-03-18,1.9421700000000002,1.94784,1.91623,1.9240300000000001
2014-03-19,1.9240300000000001,1.93767,1.92162,1.93116
2014-03-20,1.93116,1.94219,1.9284000000000001,1.9342300000000001
2014-03-21,1.9342300000000001,1.93624,1.92395,1.9311200000000002
2014-03-24,1.92445,1.9377600000000001,1.92401,1.92967
2014-03-25,1.92967,1.93538,1.9250800000000001,1.9262400000000002
2014-03-26,1.9262400000000002,1.9306400000000001,1.91862,1.92936
2014-03-27,1.92936,1.93036,1.9084800000000002,1.91457
2014-03-28,1.91457,1.9237,1.90978,1.91996
2014-03-31,1.9213600000000002,1.9264700000000001,1.91676,1.9200700000000002
2014-04-01,1.9200700000000002,1.92472,1.91362,1.92378
2014-04-02,1.92378,1.9463700000000002,1.92378,1.93893
2014-04-03,1.93893,1.95187,1.9373900000000002,1.94197
2014-04-04,1.94197,1.94443,1.92605,1.92605
2014-04-07,1.92989,1.9341700000000002,1.92425,1.92953
2014-04-08,1.92953,1.93645,1.9196300000000002,1.93005
2014-04-09,1.93005,1.9363400000000002,1.92311,1.92597
2014-04-10,1.92597,1.9330500000000002,1.91944,1.93242
2014-04-11,1.93242,1.9443000000000001,1.92389,1.9264400000000002
2014-04-14,1.92467,1.93716,1.92398,1.92484
2014-04-15,1.92484,1.94012,1.92343,1.93476
2014-04-16,1.93476,1.95629,1.93361,1.9468100000000002
2014-04-17,1.9468100000000002,1.96107,1.9438,1.9581600000000001
2014-04-18,1.9581600000000001,1.95939,1.9529800000000002,1.9583700000000002
2014-04-21,1.95785,1.96329,1.95262,1.9596500000000001
2014-04-22,1.9596500000000001,1.96076,1.95182,1.9555500000000001
2014-04-23,1.9555500000000001,1.96053,1.9513900000000002,1.95533
2014-04-24,1.95533,1.96427,1.9437900000000001,1.96029
2014-04-25,1.96029,1.9647700000000001,1.95625,1.95736
2014-04-28,1.95903,1.97337,1.9538300000000002,1.9673500000000002
2014-04-29,1.9673500000000002,1.97617,1.96611,1.96737
2014-04-30,1.96737,1.9694,1.95573,1.9579900000000001
2014-05-01,1.9579900000000001,1.96327,1.95461,1.95608
2014-05-02,1.95608,1.96093,1.94598,1.94598
2014-05-05,1.94679,1.951,1.9419300000000002,1.94292
2014-05-06,1.94292,1.9440300000000001,1.93416,1.94069
2014-05-07,1.94069,1.95917,1.94069,1.95673
2014-05-08,1.95673,1.9659,1.95567,1.95778
2014-05-09,1.95778,1.96446,1.94982,1.95478
2014-05-12,1.95211,1.9608700000000001,1.95211,1.95607
2014-05-13,1.95607,1.95817,1.94381,1.9492800000000001
2014-05-14,1.9492800000000001,1.95276,1.93319,1.93377
2014-05-15,1.93377,1.94666,1.92747,1.94117
2014-05-16,1.94117,1.95107,1.93985,1.9475900000000002
2014-05-19,1.9468100000000002,1.9511,1.9431800000000001,1.9477900000000001
2014-05-20,1.9477900000000001,1.96736,1.9472500000000001,1.96343
2014-05-21,1.96343,1.97654,1.96343,1.96997
2014-05-22,1.96997,1.97489,1.96558,1.9696
2014-05-23,1.9696,1.9736200000000002,1.9656,1.96916
2014-05-26,1.9704300000000001,1.97412,1.96811,1.96879
2014-05-27,1.96879,1.97306,1.96236,1.9627700000000001
2014-05-28,1.9627700000000001,1.97594,1.96129,1.96607
2014-05-29,1.96607,1.9776500000000001,1.9650400000000001,1.9695500000000001
2014-05-30,1.9695500000000001,1.9767700000000001,1.96509,1.97099
2014-06-02,1.9737500000000001,1.98339,1.97129,1.98017
2014-06-03,1.98017,1.98967,1.97588,1.9860900000000001
2014-06-04,1.9860900000000001,1.99322,1.9801300000000002,1.9869100000000002
2014-06-05,1.9869100000000002,1.98987,1.97529,1.97832
2014-06-06,1.97832,1.98184,1.967,1.97715
2014-06-09,1.9768100000000002,1.98027,1.9718200000000001,1.9775800000000001
2014-06-10,1.9775800000000001,1.97892,1.96448,1.96448
2014-06-11,1.96448,1.96588,1.95631,1.96194
2014-06-12,1.96194,1.96194,1.93611,1.9477200000000001
2014-06-13,1.9477200000000001,1.9622300000000001,1.947,1.95516
2014-06-16,1.95819,1.96029,1.95428,1.9568400000000001
2014-06-17,1.9568400000000001,1.96205,1.95563,1.9586000000000001
2014-06-18,1.9586000000000001,1.9608700000000001,1.94466,1.9447100000000002
2014-06-19,1.9447100000000002,1.95767,1.9434200000000001,1.9539600000000001
2014-06-20,1.9539600000000001,1.9615500000000001,1.95232,1.95517
2014-06-23,1.95451,1.95641,1.94704,1.95344
2014-06-24,1.95344,1.95886,1.9490100000000001,1.95731
2014-06-25,1.95731,1.96024,1.94252,1.94252
2014-06-26,1.94252,1.94611,1.93531,1.9380600000000001
2014-06-27,1.9380600000000001,1.94546,1.93611,1.9402700000000002
2014-06-30,1.9395600000000002,1.9558,1.9387800000000002,1.9523700000000002
2014-07-01,1.9523700000000002,1.95912,1.9488100000000002,1.95384
2014-07-02,1.95384,1.96053,1.95384,1.9555500000000001
2014-07-03,1.9555500000000001,1.9664300000000001,1.95026,1.9594500000000001
2014-07-04,1.9594500000000001,1.96517,1.9591100000000001,1.96166
2014-07-07,1.96166,1.9668,1.9533800000000001,1.95428
2014-07-08,1.95428,1.96034,1.9419,1.94846
2014-07-09,1.94846,1.9504400000000002,1.9413200000000002,1.94375
2014-07-10,1.94375,1.9461600000000001,1.94087,1.94131
2014-07-11,1.94131,1.94503,1.93978,1.94167
2014-07-14,1.94299,1.9445000000000001,1.9369100000000001,1.93875
2014-07-15,1.93875,1.95924,1.9379600000000001,1.95408
2014-07-16,1.95408,1.9717200000000001,1.95408,1.96604
2014-07-17,1.96604,1.97411,1.9631800000000001,1.97188
2014-07-18,1.97188,1.97615,1.96422,1.96598
2014-07-21,1.96375,1.9663000000000002,1.96059,1.9644000000000001
2014-07-22,1.9644000000000001,1.97082,1.96322,1.96842
2014-07-23,1.96842,1.97095,1.95692,1.9575200000000001
2014-07-24,1.9575200000000001,1.98859,1.9575200000000001,1.98052
2014-07-25,1.98052,1.98841,1.97876,1.98367
2014-07-28,1.98488,1.9910700000000001,1.98361,1.9861
2014-07-29,1.9861,1.99637,1.98483,1.9914
2014-07-30,1.9914,1.9967300000000001,1.98766,1.99129
2014-07-31,1.99129,1.99327,1.9851,1.9854500000000002
2014-08-01,1.9854500000000002,1.9890700000000001,1.9744700000000002,1.9766700000000001
2014-08-04,1.97727,1.97977,1.97427,1.97764
2014-08-05,1.97764,1.9956500000000001,1.9755,1.9932400000000001
2014-08-06,1.9932400000000001,2.00332,1.98522,1.9874100000000001
2014-08-07,1.9874100000000001,1.99292,1.98343,1.98455
2014-08-08,1.98455,1.99329,1.9792500000000002,1.9812400000000001
2014-08-11,1.9819900000000001,1.98523,1.9794800000000001,1.9838500000000001
2014-08-12,1.9838500000000001,1.9934800000000001,1.98361,1.99228
2014-08-13,1.99228,1.9978900000000002,1.9711800000000002,1.97202
2014-08-14,1.97202,1.97385,1.96069,1.96388
2014-08-15,1.96388,1.97027,1.96339,1.9657
2014-08-18,1.97072,1.97546,1.9677,1.97238
2014-08-19,1.97238,1.98407,1.9653800000000001,1.9731400000000001
2014-08-20,1.9731400000000001,1.98468,1.9704000000000002,1.98147
2014-08-21,1.98147,1.98635,1.97177,1.97198
2014-08-22,1.97198,1.97692,1.9682600000000001,1.97042
2014-08-25,1.9693500000000002,1.9881600000000001,1.9693500000000002,1.98661
2014-08-26,1.98661,1.99339,1.98418,1.98418
2014-08-27,1.98418,1.98588,1.97583,1.9787000000000001
2014-08-28,1.9787000000000001,1.9816900000000002,1.97463,1.97764
2014-08-29,1.97764,1.98628,1.9775,1.98234
2014-09-01,1.98654,1.98703,1.97985,1.9824000000000002
2014-09-02,1.9824000000000002,1.98964,1.97944,1.97944
2014-09-03,1.97944,1.98547,1.97571,1.97571
2014-09-04,1.97571,1.97929,1.96583,1.96602
2014-09-05,1.96602,1.9711,1.9563000000000001,1.95957
2014-09-08,1.94524,1.9528,1.93643,1.94553
2014-09-09,1.94553,1.9569,1.94317,1.9527
2014-09-10,1.9527,1.9718200000000001,1.9512,1.97031
2014-09-11,1.97031,1.98899,1.97031,1.98719
2014-09-12,1.98719,1.9969000000000001,1.98283,1.9960200000000001
2014-09-15,1.9974100000000001,1.9996,1.98469,1.98469
2014-09-16,1.98469,1.9906000000000001,1.9800600000000002,1.98387
2014-09-17,1.98387,2.0136,1.98282,2.00888
2014-09-18,2.00888,2.0213699999999997,2.00412,2.01103
2014-09-19,2.01103,2.0337199999999998,2.00216,2.0033399999999997
2014-09-22,1.99959,2.01736,1.9967000000000001,2.01396
2014-09-23,2.01396,2.03788,2.0069999999999997,2.03462
2014-09-24,2.03462,2.03651,2.02127,2.02243
2014-09-25,2.02243,2.0603,2.02133,2.05925
2014-09-26,2.05925,2.0696,2.0523,2.06396
2014-09-29,2.06331,2.10568,2.06038,2.09121
2014-09-30,2.09121,2.09591,2.07563,2.0757299999999996
2014-10-01,2.0757299999999996,2.08615,2.06683,2.07786
2014-10-02,2.07786,2.08386,2.03979,2.04248
2014-10-03,2.04248,2.0622399999999996,2.04088,2.05374
2014-10-06,2.0542599999999998,2.0681,2.0454999999999997,2.05083
2014-10-07,2.05083,2.06006,2.0462,2.05429
2014-10-08,2.05429,2.06302,2.04257,2.04413
2014-10-09,2.04413,2.05368,2.03238,2.04811
2014-10-10,2.04811,2.05827,2.0445499999999996,2.05593
2014-10-13,2.0545,2.06424,2.03488,2.03701
2014-10-14,2.03701,2.0446,2.02244,2.02702
2014-10-15,2.02702,2.03688,1.9977800000000001,2.00534
2014-10-16,2.00534,2.0276,1.99791,2.0221799999999996
2014-10-17,2.0221799999999996,2.0403599999999997,2.01817,2.03056
2014-10-20,2.03136,2.03247,2.02305,2.0281
2014-10-21,2.0281,2.0306599999999997,2.01369,2.02358
2014-10-22,2.02358,2.0269399999999997,2.0083599999999997,2.02324
2014-10-23,2.02324,2.05252,2.02324,2.0480799999999997
2014-10-24,2.0480799999999997,2.05569,2.03965,2.04541
2014-10-27,2.04763,2.05077,2.0410899999999996,2.04146
2014-10-28,2.04146,2.0444999999999998,2.03294,2.0362
2014-10-29,2.0362,2.0599,2.0244299999999997,2.05096
2014-10-30,2.05096,2.0573699999999997,2.0383299999999998,2.0395399999999997
2014-10-31,2.0395399999999997,2.05729,2.02926,2.05183
2014-11-03,2.0534,2.07444,2.0505999999999998,2.0671
2014-11-04,2.0671,2.07095,2.04742,2.0475499999999998
2014-11-05,2.0475499999999998,2.07524,2.04047,2.06622
2014-11-06,2.06622,2.0813699999999997,2.05361,2.0576399999999997
2014-11-07,2.0576399999999997,2.06582,2.04274,2.04615
2014-11-10,2.04242,2.0474699999999997,2.03278,2.0435499999999998
2014-11-11,2.0435499999999998,2.0534399999999997,2.0326,2.03794
2014-11-12,2.03794,2.0407599999999997,2.00072,2.00195
2014-11-13,2.00195,2.01007,1.9874800000000001,1.99245
2014-11-14,1.99245,1.99908,1.97544,1.98062
2014-11-17,1.97285,1.97862,1.97027,1.97625
2014-11-18,1.97625,1.97698,1.96187,1.97221
2014-11-19,1.97221,1.9980200000000001,1.97137,1.99639
2014-11-20,1.99639,2.00302,1.99167,1.99303
2014-11-21,1.99303,1.99655,1.9729400000000001,1.9859600000000002
2014-11-24,1.98252,2.0007699999999997,1.9793500000000002,1.9972
2014-11-25,1.9972,2.0166999999999997,1.9955500000000002,2.0103
2014-11-26,2.0103,2.01644,2.00039,2.00448
2014-11-27,2.00448,2.00791,1.9939,1.99974
2014-11-28,1.99974,2.0068699999999997,1.98651,1.9937
2014-12-01,2.0019199999999997,2.0060599999999997,1.9908400000000002,1.9994
2014-12-02,1.9994,2.00936,1.99352,2.0025399999999998
2014-12-03,2.0025399999999998,2.02758,2.0025399999999998,2.02059
2014-12-04,2.02059,2.0287699999999997,2.00916,2.0139199999999997
2014-12-05,2.0139199999999997,2.0287599999999997,2.01056,2.0196
2014-12-08,2.02119,2.04629,2.02086,2.04432
2014-12-09,2.04432,2.05423,2.02282,2.03959
2014-12-10,2.03959,2.0444,2.00637,2.01064
2014-12-11,2.01064,2.016,2.0002299999999997,2.01085
2014-12-12,2.01085,2.0256499999999997,2.0054399999999997,2.0208
2014-12-15,2.0198,2.03171,2.01438,2.01816
2014-12-16,2.01816,2.0245699999999998,2.00719,2.0187299999999997
2014-12-17,2.0187299999999997,2.03863,2.01009,2.0211099999999997
2014-12-18,2.0211099999999997,2.0279,2.0100499999999997,2.0166399999999998
2014-12-19,2.0166399999999998,2.0193399999999997,2.0078099999999997,2.01763
2014-12-22,2.0163699999999998,2.0256499999999997,2.0101899999999997,2.01613
2014-12-23,2.01613,2.0186599999999997,2.0032699999999997,2.01217
2014-12-24,2.01217,2.01633,2.0069,2.01252
2014-12-26,2.01252,2.01252,2.00282,2.0034699999999996
2014-12-29,2.00569,2.00906,1.9906300000000001,1.99159
2014-12-30,1.99159,1.9969400000000002,1.98255,1.98703
2014-12-31,1.98703,1.99909,1.9835500000000001,1.99834
2015-01-02,1.99834,2.0068799999999998,1.98849,1.99003
2015-01-05,1.99108,2.00623,1.9739200000000001,1.9832500000000002
2015-01-06,1.9832500000000002,1.98577,1.94286,1.95104
2015-01-07,1.95104,1.95556,1.9401700000000002,1.94102
2015-01-08,1.94102,1.94497,1.9251,1.9273900000000002
2015-01-09,1.9273900000000002,1.94039,1.9242000000000001,1.9342300000000001
2015-01-12,1.93343,1.95577,1.92838,1.94835
2015-01-13,1.94835,1.9660600000000001,1.94371,1.9583000000000002
2015-01-14,1.9583000000000002,1.97411,1.95767,1.97312
2015-01-15,1.97312,1.9772800000000001,1.93279,1.9399600000000001
2015-01-16,1.9399600000000001,1.95354,1.93255,1.94302
2015-01-19,1.9425400000000002,1.95133,1.9364000000000001,1.94046
2015-01-20,1.94046,1.9859600000000002,1.93591,1.982
2015-01-21,1.982,2.0052999999999996,1.9618200000000001,2.0044999999999997
2015-01-22,2.0044999999999997,2.01489,1.9862,2.00006
2015-01-23,2.00006,2.01557,1.99407,2.0080199999999997
2015-01-26,2.01654,2.0393499999999998,2.01068,2.03007
2015-01-27,2.03007,2.04269,2.02331,2.0374999999999996
2015-01-28,2.0374999999999996,2.06939,2.02519,2.0677399999999997
2015-01-29,2.0677399999999997,2.0821,2.06106,2.07312
2015-01-30,2.07312,2.08687,2.0661199999999997,2.07138
2015-02-02,2.0772399999999998,2.08165,2.0549,2.0589999999999997
2015-02-03,2.0589999999999997,2.09361,2.04269,2.0596699999999997
2015-02-04,2.0596699999999997,2.0768,2.0355,2.06057
2015-02-05,2.06057,2.0758699999999997,2.05376,2.07185
2015-02-06,2.07185,2.0814299999999997,2.04735,2.0686799999999996
2015-02-09,2.06915,2.07556,2.04582,2.05266
2015-02-10,2.05266,2.06351,2.04749,2.0602199999999997
2015-02-11,2.0602199999999997,2.07294,2.0499899999999998,2.0686899999999997
2015-02-12,2.0686899999999997,2.0856399999999997,2.05478,2.07172
2015-02-13,2.07172,2.07489,2.0592799999999998,2.0625799999999996
2015-02-16,2.06093,2.06174,2.04376,2.0465
2015-02-17,2.0465,2.05232,2.0319399999999996,2.03409
2015-02-18,2.03409,2.0556799999999997,2.0338399999999996,2.04413
2015-02-19,2.04413,2.0576299999999996,2.0404199999999997,2.05016
2015-02-20,2.05016,2.05184,2.0339199999999997,2.04242
2015-02-23,2.04452,2.05678,2.04041,2.05395
2015-02-24,2.05395,2.07721,2.05044,2.06269
2015-02-25,2.06269,2.06722,2.0486,2.0544499999999997
2015-02-26,2.0544499999999997,2.05882,2.03896,2.0445599999999997
2015-02-27,2.0445599999999997,2.0499899999999998,2.0359399999999996,2.0398099999999997
2015-03-02,2.03998,2.0494299999999996,2.0385299999999997,2.04529
2015-03-03,2.04529,2.0473,2.0305,2.03389
2015-03-04,2.03389,2.03605,2.00543,2.01098
2015-03-05,2.01098,2.04149,2.0087599999999997,2.03529
2015-03-06,2.03529,2.04705,2.01705,2.0383899999999997
2015-03-09,2.0409599999999997,2.0573099999999998,2.03824,2.05496
2015-03-10,2.05496,2.0783199999999997,2.05389,2.07131
2015-03-11,2.07131,2.08364,2.0433499999999998,2.04346
2015-03-12,2.04346,2.05268,2.0106599999999997,2.01401
2015-03-13,2.01401,2.0272099999999997,2.00379,2.00479
2015-03-16,2.00723,2.0162899999999997,2.00012,2.0121599999999997
2015-03-17,2.0121599999999997,2.02011,2.00005,2.01782
2015-03-18,2.01782,2.02704,1.98449,1.99973
2015-03-19,1.99973,2.01306,1.98873,1.98879
2015-03-20,1.98879,1.99186,1.9701600000000001,1.97724
2015-03-23,1.9765300000000001,1.97831,1.94909,1.95309
2015-03-24,1.95309,1.95731,1.93842,1.93921
2015-03-25,1.93921,1.9587,1.93629,1.9553
2015-03-26,1.9553,1.9653,1.9495200000000001,1.95283
2015-03-27,1.95283,1.97082,1.94994,1.96503
2015-03-30,1.96949,1.97556,1.9623000000000002,1.97332
2015-03-31,1.97332,1.98851,1.97031,1.98245
2015-04-01,1.98245,1.99986,1.9823600000000001,1.9882
2015-04-02,1.9882,1.99669,1.97334,1.97376
2015-04-03,1.97376,1.97805,1.95713,1.9640600000000001
2015-04-06,1.9640600000000001,1.97855,1.9566400000000002,1.9724000000000002
2015-04-07,1.9724000000000002,1.98164,1.9697900000000002,1.97519
2015-04-08,1.97519,1.97777,1.96259,1.96705
2015-04-09,1.96705,1.9735200000000002,1.9433900000000002,1.94347
2015-04-10,1.94347,1.94781,1.9376900000000001,1.94182
2015-04-13,1.9431800000000001,1.9721600000000001,1.94182,1.96802
2015-04-14,1.96802,1.9703000000000002,1.95731,1.9641300000000002
2015-04-15,1.9641300000000002,1.97038,1.94731,1.95368
2015-04-16,1.95368,1.95809,1.94324,1.94536
2015-04-17,1.94536,1.9559600000000001,1.94239,1.9472200000000002
2015-04-20,1.9401000000000002,1.9498900000000001,1.9357600000000001,1.9448100000000001
2015-04-21,1.9448100000000001,1.9498600000000001,1.93059,1.9452
2015-04-22,1.9452,1.96439,1.9375600000000002,1.9611100000000001
2015-04-23,1.9611100000000001,1.99119,1.96106,1.98214
2015-04-24,1.98214,2.00292,1.98106,1.99818
2015-04-27,1.99774,1.9997,1.9859,1.99181
2015-04-28,1.99181,1.99929,1.97976,1.98625
2015-04-29,1.98625,2.01035,1.9821900000000001,2.00719
2015-04-30,2.00719,2.0359,2.00719,2.01434
2015-05-01,2.01434,2.03129,2.00513,2.00607
2015-05-04,2.01151,2.01763,2.00176,2.00553
2015-05-05,2.00553,2.0237499999999997,2.0007699999999997,2.0071299999999996
2015-05-06,2.0071299999999996,2.0356199999999998,2.0051099999999997,2.0323599999999997
2015-05-07,2.0323599999999997,2.05253,2.0248899999999996,2.0452299999999997
2015-05-08,2.0452299999999997,2.0855699999999997,2.0452299999999997,2.0594099999999997
2015-05-11,2.06567,2.1252,2.06567,2.12402
2015-05-12,2.12402,2.13351,2.1117399999999997,2.12738
2015-05-13,2.12738,2.14029,2.09281,2.10243
2015-05-14,2.10243,2.10898,2.07868,2.1032699999999998
2015-05-15,2.1032699999999998,2.11799,2.1012299999999997,2.1029199999999997
2015-05-18,2.11076,2.12477,2.10776,2.11677
2015-05-19,2.11677,2.12574,2.09091,2.1111199999999997
2015-05-20,2.1111199999999997,2.13128,2.10511,2.12575
2015-05-21,2.12575,2.14845,2.11841,2.1303699999999997
2015-05-22,2.1303699999999997,2.1332199999999997,2.11456,2.12032
2015-05-25,2.11175,2.1225199999999997,2.11175,2.11551
2015-05-26,2.11551,2.13076,2.1076799999999998,2.12669
2015-05-27,2.12669,2.1308499999999997,2.1122799999999997,2.1122799999999997
2015-05-28,2.1122799999999997,2.14316,2.11081,2.13277
2015-05-29,2.13277,2.1557999999999997,2.13027,2.1494299999999997
2015-06-01,2.1589199999999997,2.15922,2.13304,2.14276
2015-06-02,2.14276,2.1496899999999997,2.13164,2.13454
2015-06-03,2.13454,2.14966,2.13372,2.14293
2015-06-04,2.14293,2.16262,2.1397,2.1538299999999997
2015-06-05,2.1538299999999997,2.17123,2.1387,2.16517
2015-06-08,2.1653499999999997,2.16778,2.1431099999999996,2.1474699999999998
2015-06-09,2.1474699999999998,2.1612899999999997,2.13392,2.15604
2015-06-10,2.15604,2.16248,2.1355899999999997,2.15493
2015-06-11,2.15493,2.22111,2.15493,2.2114
2015-06-12,2.2114,2.23263,2.2068999999999996,2.22634
2015-06-15,2.2237799999999996,2.23225,2.2155299999999998,2.22788
2015-06-16,2.22788,2.24048,2.2254099999999997,2.2375
2015-06-17,2.2375,2.27847,2.23685,2.2648699999999997
2015-06-18,2.2648699999999997,2.30301,2.26333,2.29174
2015-06-19,2.29174,2.3055399999999997,2.2881,2.29717
2015-06-22,2.29758,2.30637,2.2945499999999996,2.30485
2015-06-23,2.30485,2.3093999999999997,2.2932599999999996,2.2932599999999996
2015-06-24,2.2932599999999996,2.30246,2.2730099999999998,2.27878
2015-06-25,2.27878,2.2829699999999997,2.2673099999999997,2.27799
2015-06-26,2.27799,2.3078499999999997,2.27636,2.30163
2015-06-29,2.2959199999999997,2.3119199999999998,2.28639,2.29563
2015-06-30,2.29563,2.3286499999999997,2.29466,2.3211399999999998
2015-07-01,2.3211399999999998,2.32166,2.30524,2.31764
2015-07-02,2.31764,2.33838,2.31703,2.3209
2015-07-03,2.3209,2.3386099999999996,2.31872,2.3302899999999998
2015-07-06,2.33027,2.3363,2.3180099999999997,2.33186
2015-07-07,2.33186,2.3474999999999997,2.31458,2.3234999999999997
2015-07-08,2.3234999999999997,2.33033,2.27437,2.28197
2015-07-09,2.28197,2.29525,2.27614,2.28075
2015-07-10,2.28075,2.31546,2.27012,2.3079099999999997
2015-07-13,2.3101,2.32544,2.29817,2.3116299999999996
2015-07-14,2.3116299999999996,2.3358,2.30942,2.3280499999999997
2015-07-15,2.3280499999999997,2.37348,2.32673,2.3715599999999997
2015-07-16,2.3715599999999997,2.4027399999999997,2.36781,2.3946199999999997
2015-07-17,2.3946199999999997,2.39846,2.37595,2.3912
2015-07-20,2.3912,2.39654,2.3619399999999997,2.36965
2015-07-21,2.36965,2.37189,2.33811,2.3460099999999997
2015-07-22,2.3460099999999997,2.38108,2.3432899999999997,2.36991
2015-07-23,2.36991,2.36991,2.32957,2.3472199999999996
2015-07-24,2.3472199999999996,2.3627599999999997,2.3423499999999997,2.3573399999999998
2015-07-27,2.35973,2.36197,2.34238,2.3544099999999997
2015-07-28,2.3544099999999997,2.35709,2.3276,2.3309699999999998
2015-07-29,2.3309699999999998,2.34747,2.31569,2.33918
2015-07-30,2.33918,2.3758,2.33816,2.36142
2015-07-31,2.36142,2.3836199999999996,2.34548,2.3664899999999998
2015-08-03,2.36406,2.37635,2.35893,2.3735299999999997
2015-08-04,2.3735299999999997,2.3853899999999997,2.3577,2.3781399999999997
2015-08-05,2.3781399999999997,2.40284,2.37581,2.39443
2015-08-06,2.39443,2.39702,2.3659499999999998,2.3659499999999998
2015-08-07,2.3659499999999998,2.37505,2.3348199999999997,2.33813
2015-08-10,2.3397699999999997,2.3628099999999996,2.33839,2.35377
2015-08-11,2.35377,2.38714,2.35158,2.38151
2015-08-12,2.38151,2.4025,2.35325,2.3563199999999997
2015-08-13,2.3563199999999997,2.3819299999999997,2.35357,2.37334
2015-08-14,2.37334,2.3952999999999998,2.3733,2.39247
2015-08-17,2.39256,2.39722,2.36761,2.3696099999999998
2015-08-18,2.3696099999999998,2.39057,2.3601099999999997,2.3717699999999997
2015-08-19,2.3717699999999997,2.38789,2.3677699999999997,2.3735199999999996
2015-08-20,2.3735199999999996,2.37927,2.36084,2.36487
2015-08-21,2.36487,2.3753699999999998,2.3380199999999998,2.3451
2015-08-24,2.35166,2.53193,2.3461499999999997,2.43321
2015-08-25,2.43321,2.44746,2.4031599999999997,2.4217999999999997
2015-08-26,2.4217999999999997,2.42759,2.3893899999999997,2.40013
2015-08-27,2.40013,2.4088399999999996,2.3773299999999997,2.38015
2015-08-28,2.38015,2.3892499999999997,2.3703499999999997,2.38081
2015-08-31,2.38081,2.43092,2.38081,2.41851
2015-09-01,2.41851,2.42644,2.40887,2.4163099999999997
2015-09-02,2.4163099999999997,2.4244399999999997,2.40209,2.40859
2015-09-03,2.40859,2.41478,2.3787499999999997,2.3825
2015-09-04,2.3825,2.4223299999999997,2.38233,2.4131199999999997
2015-09-07,2.4069599999999998,2.44744,2.4069499999999997,2.43778
2015-09-08,2.43778,2.45547,2.41891,2.42493
2015-09-09,2.42493,2.4283699999999997,2.3926399999999997,2.39859
2015-09-10,2.39859,2.4627999999999997,2.39859,2.45364
2015-09-11,2.45364,2.45667,2.43832,2.44154
2015-09-14,2.44366,2.44954,2.42725,2.43546
2015-09-15,2.43546,2.44868,2.40855,2.4129
2015-09-16,2.4129,2.4478899999999997,2.4051199999999997,2.4314099999999996
2015-09-17,2.4314099999999996,2.45993,2.4228799999999997,2.45388
2015-09-18,2.45388,2.45532,2.42144,2.42393
2015-09-21,2.42393,2.4608999999999996,2.42393,2.45315
2015-09-22,2.45315,2.46089,2.4399699999999998,2.44047
2015-09-23,2.44047,2.4532599999999998,2.4232099999999996,2.42875
2015-09-24,2.42875,2.4366399999999997,2.3906099999999997,2.39626
2015-09-25,2.39626,2.41546,2.3725799999999997,2.37623
2015-09-28,2.38415,2.3991499999999997,2.37209,2.39607
2015-09-29,2.39607,2.4109399999999996,2.3692699999999998,2.38599
2015-09-30,2.38599,2.3898099999999998,2.35965,2.36286
2015-10-01,2.36286,2.37019,2.34769,2.36328
2015-10-02,2.36328,2.3774699999999998,2.35228,2.3531
2015-10-05,2.3512,2.3586199999999997,2.32497,2.3317699999999997
2015-10-06,2.3317699999999997,2.34353,2.32361,2.3260799999999997
2015-10-07,2.3260799999999997,2.32956,2.30049,2.3163799999999997
2015-10-08,2.3163799999999997,2.3261,2.2906899999999997,2.30001
2015-10-09,2.30001,2.30592,2.28217,2.2848599999999997
2015-10-12,2.29058,2.29535,2.27642,2.28313
2015-10-13,2.28313,2.3051,2.2685199999999996,2.29318
2015-10-14,2.29318,2.30421,2.2684499999999996,2.2782799999999996
2015-10-15,2.2782799999999996,2.28001,2.2435899999999998,2.25383
2015-10-16,2.25383,2.2767999999999997,2.24197,2.2656
2015-10-19,2.2686599999999997,2.27898,2.26274,2.2756499999999997
2015-10-20,2.2756499999999997,2.29359,2.26084,2.2851399999999997
2015-10-21,2.2851399999999997,2.30272,2.28512,2.29791
2015-10-22,2.29791,2.29979,2.25784,2.2644599999999997
2015-10-23,2.2644599999999997,2.27813,2.24321,2.26573
2015-10-26,2.26573,2.27121,2.25661,2.2596399999999996
2015-10-27,2.2596399999999996,2.27193,2.24956,2.25982
2015-10-28,2.25982,2.3041099999999997,2.2582,2.2759099999999997
2015-10-29,2.2759099999999997,2.2948,2.27372,2.28587
2015-10-30,2.28587,2.2891999999999997,2.26522,2.2767
2015-11-02,2.29194,2.29926,2.27371,2.2843799999999996
2015-11-03,2.2843799999999996,2.31756,2.27263,2.3125
2015-11-04,2.3125,2.33859,2.31203,2.33161
2015-11-05,2.33161,2.3367199999999997,2.2934799999999997,2.29805
2015-11-06,2.29805,2.3184199999999997,2.2826999999999997,2.3043299999999998
2015-11-09,2.30813,2.31552,2.29554,2.31297
2015-11-10,2.31297,2.32325,2.30511,2.315
2015-11-11,2.315,2.32111,2.30245,2.3174799999999998
2015-11-12,2.3174799999999998,2.3362399999999997,2.31466,2.3269699999999998
2015-11-13,2.3269699999999998,2.3375,2.3220799999999997,2.3276499999999998
2015-11-16,2.3236299999999996,2.3485799999999997,2.3229599999999997,2.3398
2015-11-17,2.3398,2.3576799999999998,2.33921,2.34999
2015-11-18,2.34999,2.36477,2.34245,2.3533
2015-11-19,2.3533,2.35567,2.3232399999999997,2.32774
2015-11-20,2.32774,2.33145,2.30905,2.3118
2015-11-23,2.31274,2.33233,2.31274,2.3181
2015-11-24,2.3181,2.3244599999999997,2.29879,2.2995099999999997
2015-11-25,2.2995099999999997,2.3064,2.2942299999999998,2.29888
2015-11-26,2.29888,2.3033699999999997,2.2889,2.2971399999999997
2015-11-27,2.2971399999999997,2.30745,2.29399,2.2990299999999997
2015-11-30,2.2991099999999998,2.30741,2.2824,2.28531
2015-12-01,2.28531,2.2872999999999997,2.25485,2.25689
2015-12-02,2.25689,2.2651399999999997,2.2482499999999996,2.2498199999999997
2015-12-03,2.2498199999999997,2.27845,2.23847,2.26199
2015-12-04,2.26199,2.27399,2.23156,2.23712
2015-12-07,2.2393,2.27078,2.2388299999999997,2.26518
2015-12-08,2.26518,2.2698099999999997,2.2544999999999997,2.2555799999999997
2015-12-09,2.2555799999999997,2.30132,2.24538,2.25765
2015-12-10,2.25765,2.25935,2.23513,2.24417
2015-12-11,2.24417,2.27126,2.23404,2.2655399999999997
2015-12-14,2.26631,2.26993,2.22848,2.23861
2015-12-15,2.23861,2.24444,2.21787,2.21974
2015-12-16,2.21974,2.2320499999999996,2.20405,2.20498
2015-12-17,2.20498,2.22496,2.2035299999999998,2.2214899999999997
2015-12-18,2.2214899999999997,2.23048,2.2076,2.21194
2015-12-21,2.21256,2.21826,2.19515,2.19903
2015-12-22,2.19903,2.2001299999999997,2.17283,2.1776
2015-12-23,2.1776,2.2025799999999998,2.1747099999999997,2.18715
2015-12-24,2.18715,2.19135,2.18083,2.1825099999999997
2015-12-28,2.1834499999999997,2.1854099999999996,2.17075,2.17124
2015-12-29,2.17124,2.17333,2.1511199999999997,2.15596
2015-12-30,2.15596,2.17246,2.15501,2.16323
2015-12-31,2.16323,2.17048,2.14999,2.157
2016-01-04,2.15673,2.1927,2.15509,2.1778199999999996
2016-01-05,2.1778199999999996,2.19534,2.1776299999999997,2.1879
2016-01-06,2.1879,2.21093,2.18612,2.20282
2016-01-07,2.20282,2.21224,2.1882599999999996,2.20362
2016-01-08,2.20362,2.22693,2.1883399999999997,2.21677
2016-01-11,2.21556,2.23324,2.2122599999999997,2.2155799999999997
2016-01-12,2.2155799999999997,2.22707,2.19807,2.2073899999999997
2016-01-13,2.2073899999999997,2.2149099999999997,2.19155,2.2106
2016-01-14,2.2106,2.2431699999999997,2.20932,2.226
2016-01-15,2.226,2.24693,2.2025099999999997,2.20333
2016-01-18,2.22323,2.22323,2.2029799999999997,2.20605
2016-01-19,2.20605,2.2197899999999997,2.17833,2.20734
2016-01-20,2.20734,2.2313,2.2003,2.20599
2016-01-21,2.20599,2.21038,2.1692199999999997,2.1758599999999997
2016-01-22,2.1758599999999997,2.21224,2.1713,2.1959199999999996
2016-01-25,2.1961199999999996,2.2083899999999996,2.18972,2.20533
2016-01-26,2.20533,2.21229,2.19508,2.20727
2016-01-27,2.20727,2.21975,2.18255,2.2115899999999997
2016-01-28,2.2115899999999997,2.22884,2.20221,2.21506
2016-01-29,2.21506,2.2206699999999997,2.18534,2.1955099999999996
2016-02-01,2.19419,2.21611,2.1934199999999997,2.2020299999999997
2016-02-02,2.2020299999999997,2.22811,2.2007299999999996,2.2109099999999997
2016-02-03,2.2109099999999997,2.21347,2.18043,2.18802
2016-02-04,2.18802,2.19642,2.1624399999999997,2.16911
2016-02-05,2.16911,2.18893,2.15773,2.1859699999999997
2016-02-08,2.1852099999999997,2.19168,2.17049,2.17644
2016-02-09,2.17644,2.19466,2.16531,2.1795199999999997
2016-02-10,2.1795199999999997,2.1898199999999997,2.1677999999999997,2.17028
2016-02-11,2.17028,2.18951,2.15348,2.15428
2016-02-12,2.15428,2.19433,2.1476699999999997,2.1871099999999997
2016-02-15,2.1891399999999996,2.19168,2.16575,2.17002
2016-02-16,2.17002,2.1998499999999996,2.1639,2.17291
2016-02-17,2.17291,2.1809,2.14951,2.1522699999999997
2016-02-18,2.1522699999999997,2.1734199999999997,2.1446799999999997,2.1561299999999997
2016-02-19,2.1561299999999997,2.17198,2.15341,2.1709799999999997
2016-02-22,2.14459,2.15699,2.09672,2.11027
2016-02-23,2.11027,2.11739,2.09782,2.1094399999999998
2016-02-24,2.1094399999999998,2.11664,2.08697,2.08995
2016-02-25,2.08995,2.09904,2.07524,2.07539
2016-02-26,2.07539,2.09481,2.06257,2.0905799999999997
2016-02-29,2.10213,2.1156699999999997,2.09453,2.11076
2016-03-01,2.11076,2.1224499999999997,2.0983199999999997,2.1022399999999997
2016-03-02,2.1022399999999997,2.12531,2.09565,2.1071299999999997
2016-03-03,2.1071299999999997,2.11484,2.0935599999999996,2.10663
2016-03-04,2.10663,2.1100999999999996,2.08357,2.08447
2016-03-07,2.0920799999999997,2.1067299999999998,2.08613,2.0934299999999997
2016-03-08,2.0934299999999997,2.1103699999999996,2.0934299999999997,2.10582
2016-03-09,2.10582,2.1405399999999997,2.08851,2.13514
2016-03-10,2.13514,2.15068,2.1176899999999996,2.13978
2016-03-11,2.13978,2.1443299999999996,2.12411,2.12919
2016-03-14,2.13741,2.14933,2.1286799999999997,2.14111
2016-03-15,2.14111,2.14878,2.12783,2.1423799999999997
2016-03-16,2.1423799999999997,2.14811,2.11606,2.11855
2016-03-17,2.11855,2.1216299999999997,2.0903099999999997,2.11168
2016-03-18,2.11168,2.13427,2.1070599999999997,2.12776
2016-03-21,2.12498,2.14032,2.1196099999999998,2.1233
2016-03-22,2.1233,2.12982,2.1002099999999997,2.1021799999999997
2016-03-23,2.1021799999999997,2.11631,2.09848,2.10322
2016-03-24,2.10322,2.1166899999999997,2.0995,2.11021
2016-03-25,2.11021,2.1149899999999997,2.10168,2.11089
2016-03-28,2.1135099999999998,2.12141,2.10908,2.1186499999999997
2016-03-29,2.1186499999999997,2.1217099999999998,2.0914699999999997,2.09692
2016-03-30,2.09692,2.10097,2.0715299999999996,2.0751299999999997
2016-03-31,2.0751299999999997,2.0839,2.06467,2.077
2016-04-01,2.077,2.081,2.05584,2.05808
2016-04-04,2.06281,2.09028,2.06086,2.0844799999999997
2016-04-05,2.0844799999999997,2.1008899999999997,2.07584,2.07955
2016-04-06,2.07955,2.08283,2.06433,2.0671
2016-04-07,2.0671,2.08153,2.05946,2.07198
2016-04-08,2.07198,2.0819699999999997,2.06458,2.0722099999999997
2016-04-11,2.07067,2.08552,2.0691699999999997,2.0733699999999997
2016-04-12,2.0733699999999997,2.08135,2.06039,2.0604099999999996
2016-04-13,2.0604099999999996,2.06332,2.04907,2.05193
2016-04-14,2.05193,2.0697699999999997,2.05102,2.06446
2016-04-15,2.06446,2.06766,2.04613,2.04969
2016-04-18,2.0594799999999998,2.0719399999999997,2.04119,2.05361
2016-04-19,2.05361,2.054,2.03587,2.0410299999999997
2016-04-20,2.0410299999999997,2.06216,2.0395999999999996,2.0518699999999996
2016-04-21,2.0518699999999996,2.07532,2.0509,2.07035
2016-04-22,2.07035,2.10501,2.0679399999999997,2.1004099999999997
2016-04-25,2.1099799999999997,2.11782,2.0964199999999997,2.11076
2016-04-26,2.11076,2.1218999999999997,2.1045,2.1115399999999998
2016-04-27,2.1115399999999998,2.1343099999999997,2.10973,2.12092
2016-04-28,2.12092,2.12092,2.0875399999999997,2.09542
2016-04-29,2.09542,2.10465,2.0850299999999997,2.09196
2016-05-02,2.0881399999999997,2.09807,2.0814399999999997,2.0889699999999998
2016-05-03,2.0889699999999998,2.10809,2.08105,2.10077
2016-05-04,2.10077,2.11231,2.0958099999999997,2.10519
2016-05-05,2.10519,2.11027,2.0947899999999997,2.1030499999999996
2016-05-06,2.1030499999999996,2.1231999999999998,2.1019099999999997,2.10745
2016-05-09,2.1075,2.13197,2.10606,2.12701
2016-05-10,2.12701,2.1486699999999996,2.1261799999999997,2.1335699999999997
2016-05-11,2.1335699999999997,2.1340299999999996,2.11358,2.11712
2016-05-12,2.11712,2.1248799999999997,2.1110599999999997,2.1158799999999998
2016-05-13,2.1158799999999998,2.12419,2.1145799999999997,2.11902
2016-05-16,2.11949,2.1280799999999997,2.1106499999999997,2.11924
2016-05-17,2.11924,2.13229,2.11483,2.1207599999999998
2016-05-18,2.1207599999999998,2.16754,2.1202099999999997,2.16415
2016-05-19,2.16415,2.1753799999999996,2.1546399999999997,2.1637399999999998
2016-05-20,2.1637399999999998,2.16749,2.14026,2.14112
2016-05-23,2.14249,2.14451,2.13163,2.14018
2016-05-24,2.14018,2.1751799999999997,2.13902,2.17061
2016-05-25,2.17061,2.1854799999999996,2.15964,2.17833
2016-05-26,2.17833,2.2002099999999998,2.17056,2.17448
2016-05-27,2.17448,2.18466,2.17005,2.18113
2016-05-30,2.18208,2.18829,2.17874,2.185
2016-05-31,2.185,2.1883399999999997,2.139,2.13922
2016-06-01,2.13922,2.1414199999999997,2.11151,2.11286
2016-06-02,2.11286,2.13089,2.11074,2.1153
2016-06-03,2.1153,2.11963,2.08378,2.08378
2016-06-06,2.0793399999999997,2.0898499999999998,2.06935,2.08438
2016-06-07,2.08438,2.1198699999999997,2.08214,2.0827
2016-06-08,2.0827,2.0933599999999997,2.06418,2.06499
2016-06-09,2.06499,2.06499,2.0257699999999996,2.03354
2016-06-10,2.03354,2.0390599999999997,2.01362,2.0184599999999997
2016-06-13,2.02115,2.0263899999999997,1.99634,2.01971
2016-06-14,2.01971,2.02695,2.00502,2.0168999999999997
2016-06-15,2.0168999999999997,2.02675,2.00493,2.01851
2016-06-16,2.01851,2.0200799999999997,1.99967,2.0145899999999997
2016-06-17,2.0145899999999997,2.03578,2.0124899999999997,2.0324999999999998
2016-06-20,2.04228,2.06933,2.0362199999999997,2.06027
2016-06-21,2.06027,2.0724,2.0509299999999997,2.05408
2016-06-22,2.05408,2.0610299999999997,2.04433,2.05002
2016-06-23,2.05002,2.06793,2.04216,2.04566
2016-06-24,2.04566,2.06878,1.88721,1.90914
2016-06-27,1.8888900000000002,1.90418,1.86277,1.88907
2016-06-28,1.88907,1.89979,1.87688,1.88547
2016-06-29,1.88547,1.90213,1.8767500000000001,1.8865500000000002
2016-06-30,1.8865500000000002,1.89969,1.85595,1.86381
2016-07-01,1.86381,1.87321,1.84644,1.84644
2016-07-04,1.84643,1.8539400000000001,1.83538,1.83575
2016-07-05,1.83575,1.84196,1.81614,1.81945
2016-07-06,1.81945,1.82917,1.80596,1.8116800000000002
2016-07-07,1.8116800000000002,1.8187200000000001,1.78248,1.78394
2016-07-08,1.78394,1.7901900000000002,1.7703200000000001,1.7703200000000001
2016-07-11,1.77147,1.802,1.76991,1.79563
2016-07-12,1.79563,1.81752,1.7937,1.8117800000000002
2016-07-13,1.8117800000000002,1.83705,1.80301,1.8057400000000001
2016-07-14,1.8057400000000001,1.86596,1.7996800000000002,1.85226
2016-07-15,1.85226,1.8839000000000001,1.83945,1.85019
2016-07-18,1.84623,1.87376,1.84405,1.86147
2016-07-19,1.86147,1.8872600000000002,1.85498,1.8577000000000001
2016-07-20,1.8577000000000001,1.88243,1.8533300000000001,1.87707
2016-07-21,1.87707,1.90501,1.8767800000000001,1.89064
2016-07-22,1.89064,1.9003400000000001,1.8689,1.8712900000000001
2016-07-25,1.8779700000000001,1.8868800000000001,1.87162,1.87616
2016-07-26,1.87616,1.87867,1.8529200000000001,1.85976
2016-07-27,1.85976,1.87358,1.85688,1.86731
2016-07-28,1.86731,1.87114,1.8510900000000001,1.85877
2016-07-29,1.85877,1.86259,1.83017,1.83251
2016-08-01,1.83352,1.84257,1.8289300000000002,1.8359800000000002
2016-08-02,1.8359800000000002,1.8467200000000001,1.82627,1.84301
2016-08-03,1.84301,1.86504,1.84145,1.85999
2016-08-04,1.85999,1.86422,1.82366,1.82599
2016-08-05,1.82599,1.8340400000000001,1.81966,1.8283200000000002
2016-08-08,1.8294400000000002,1.8462100000000001,1.82403,1.82559
2016-08-09,1.82559,1.8271600000000001,1.80864,1.81348
2016-08-10,1.81348,1.82037,1.79827,1.80338
2016-08-11,1.80338,1.80338,1.7695800000000002,1.7958100000000001
2016-08-12,1.7958100000000001,1.80389,1.78634,1.79284
2016-08-15,1.7957100000000001,1.8036,1.78119,1.78153
2016-08-16,1.78153,1.79482,1.77442,1.79118
2016-08-17,1.79118,1.80443,1.7834800000000002,1.79767
2016-08-18,1.79767,1.81063,1.7877800000000001,1.80453
2016-08-19,1.80453,1.81349,1.79332,1.7954700000000001
2016-08-22,1.7989000000000002,1.80989,1.79828,1.8067
2016-08-23,1.8067,1.8112300000000001,1.7918100000000001,1.80847
2016-08-24,1.80847,1.81461,1.80322,1.8089300000000001
2016-08-25,1.8089300000000001,1.8116100000000002,1.80308,1.80326
2016-08-26,1.80326,1.81844,1.79366,1.81156
2016-08-29,1.81114,1.8187,1.80271,1.8061500000000001
2016-08-30,1.8061500000000001,1.8159,1.80265,1.8104500000000001
2016-08-31,1.8104500000000001,1.81533,1.8044900000000001,1.8109600000000001
2016-09-01,1.8109600000000001,1.83491,1.80667,1.8206
2016-09-02,1.8206,1.83125,1.80722,1.8192000000000002
2016-09-05,1.82569,1.82678,1.81356,1.8198100000000001
2016-09-06,1.8198100000000001,1.824,1.80999,1.8111300000000001
2016-09-07,1.8111300000000001,1.81375,1.7857,1.78974
2016-09-08,1.78974,1.8009000000000002,1.7840900000000002,1.79596
2016-09-09,1.79596,1.81346,1.7949000000000002,1.8093000000000001
2016-09-12,1.8116700000000001,1.82051,1.80701,1.8132700000000002
2016-09-13,1.8132700000000002,1.82253,1.80492,1.81777
2016-09-14,1.81777,1.82237,1.80359,1.8158
2016-09-15,1.8158,1.82634,1.80516,1.8089000000000002
2016-09-16,1.8089000000000002,1.81145,1.78599,1.78746
2016-09-19,1.7892700000000001,1.79146,1.78272,1.78566
2016-09-20,1.78566,1.7870300000000001,1.76126,1.77502
2016-09-21,1.77502,1.7817,1.76742,1.7697500000000002
2016-09-22,1.7697500000000002,1.79309,1.7687000000000002,1.7874700000000001
2016-09-23,1.7874700000000001,1.79565,1.7829700000000002,1.7881
2016-09-26,1.7882,1.7973700000000001,1.7794100000000002,1.78252
2016-09-27,1.78252,1.78495,1.7702200000000001,1.78285
2016-09-28,1.78285,1.79814,1.78126,1.7871000000000001
2016-09-29,1.7871000000000001,1.7948000000000002,1.7802200000000001,1.78699
2016-09-30,1.78699,1.7920200000000002,1.7764900000000001,1.77955
2016-10-03,1.77207,1.78349,1.76352,1.7646600000000001
2016-10-04,1.7646600000000001,1.77054,1.74854,1.7642200000000001
2016-10-05,1.7642200000000001,1.7809300000000001,1.76339,1.77611
2016-10-06,1.77611,1.78119,1.7584,1.7595100000000001
2016-10-07,1.7595100000000001,1.76275,1.6759300000000001,1.73293
2016-10-10,1.72336,1.7415200000000002,1.7227000000000001,1.7314100000000001
2016-10-11,1.7314100000000001,1.74505,1.7141600000000001,1.71573
2016-10-12,1.71573,1.74,1.71502,1.72401
2016-10-13,1.72401,1.7326300000000001,1.72205,1.72611
2016-10-14,1.72611,1.72856,1.71459,1.7186000000000001
2016-10-17,1.71319,1.7186700000000001,1.7011800000000001,1.70624
2016-10-18,1.70624,1.7118600000000002,1.69523,1.70878
2016-10-19,1.70878,1.70991,1.6954500000000001,1.69733
2016-10-20,1.69733,1.7051,1.6908400000000001,1.7025000000000001
2016-10-21,1.7025000000000001,1.7112,1.6987800000000002,1.70591
2016-10-24,1.70436,1.71539,1.70194,1.7138600000000002
2016-10-25,1.7138600000000002,1.71812,1.69277,1.70086
2016-10-26,1.70086,1.712,1.69527,1.71146
2016-10-27,1.71146,1.7173800000000001,1.70462,1.70736
2016-10-28,1.70736,1.71015,1.6965000000000001,1.69853
2016-10-31,1.70136,1.7135,1.69924,1.7118600000000002
2016-11-01,1.7118600000000002,1.71266,1.69904,1.70356
2016-11-02,1.70356,1.70486,1.6806800000000002,1.6877600000000001
2016-11-03,1.6877600000000001,1.71022,1.6845,1.69666
2016-11-04,1.69666,1.71812,1.69527,1.70716
2016-11-07,1.69463,1.70764,1.68676,1.68706
2016-11-08,1.68706,1.69561,1.67055,1.67526
2016-11-09,1.67526,1.72353,1.67236,1.70356
2016-11-10,1.70356,1.7444000000000002,1.69906,1.7399600000000002
2016-11-11,1.7399600000000002,1.7726000000000002,1.73686,1.7693800000000002
2016-11-14,1.7584,1.77353,1.75346,1.75366
2016-11-15,1.75366,1.7656100000000001,1.7428000000000001,1.75296
2016-11-16,1.75296,1.76722,1.75074,1.7585300000000001
2016-11-17,1.7585300000000001,1.7709300000000001,1.7475500000000002,1.7662600000000002
2016-11-18,1.7662600000000002,1.7699500000000001,1.7460600000000002,1.76035
2016-11-21,1.76486,1.7745600000000001,1.75184,1.76726
2016-11-22,1.76726,1.7711400000000002,1.75662,1.7582600000000002
2016-11-23,1.7582600000000002,1.77865,1.7520900000000001,1.77286
2016-11-24,1.77286,1.7846,1.7721600000000002,1.77746
2016-11-25,1.77746,1.7811700000000001,1.76047,1.77133
2016-11-28,1.76546,1.77268,1.75211,1.75476
2016-11-29,1.75476,1.76339,1.74885,1.7524600000000001
2016-11-30,1.7524600000000001,1.76772,1.73794,1.76516
2016-12-01,1.76516,1.79427,1.76359,1.77546
2016-12-02,1.77546,1.78464,1.77142,1.7814
2016-12-05,1.77518,1.7998500000000002,1.76706,1.7822600000000002
2016-12-06,1.7822600000000002,1.79607,1.7782200000000001,1.7803600000000002
2016-12-07,1.7803600000000002,1.78298,1.7568000000000001,1.76146
2016-12-08,1.76146,1.7649000000000001,1.74956,1.75366
2016-12-09,1.75366,1.76522,1.74947,1.7617500000000001
2016-12-12,1.76343,1.7695800000000002,1.75451,1.75946
2016-12-13,1.75946,1.77044,1.75486,1.7564600000000001
2016-12-14,1.7564600000000001,1.76699,1.74808,1.7644600000000001
2016-12-15,1.7644600000000001,1.77363,1.76032,1.76326
2016-12-16,1.76326,1.79536,1.76027,1.7926600000000001
2016-12-19,1.78984,1.79488,1.77891,1.78806
2016-12-20,1.78806,1.7929300000000001,1.7823200000000001,1.78766
2016-12-21,1.78766,1.7923200000000001,1.78096,1.79006
2016-12-22,1.79006,1.7938,1.7782900000000001,1.77886
2016-12-23,1.77886,1.7871700000000001,1.7737500000000002,1.78477
2016-12-27,1.78477,1.78477,1.77591,1.77946
2016-12-28,1.77946,1.78118,1.76532,1.7663600000000002
2016-12-29,1.7663600000000002,1.76966,1.75699,1.75886
2016-12-30,1.75886,1.78142,1.75886,1.77984
2017-01-03,1.77984,1.77984,1.76269,1.7685
2017-01-04,1.7685,1.7753700000000001,1.76214,1.76786
2017-01-05,1.76786,1.77113,1.75793,1.7661600000000002
2017-01-06,1.7661600000000002,1.77122,1.75546,1.76354
2017-01-09,1.75764,1.76275,1.73011,1.73316
2017-01-10,1.73316,1.74598,1.7268000000000001,1.74156
2017-01-11,1.74156,1.7477500000000001,1.7234500000000001,1.7302600000000001
2017-01-12,1.7302600000000001,1.7314100000000001,1.7051,1.71266
2017-01-13,1.71266,1.72061,1.7056900000000002,1.7083000000000002
2017-01-16,1.68822,1.70499,1.6829,1.69516
2017-01-17,1.69516,1.7252,1.68761,1.7203600000000001
2017-01-18,1.7203600000000001,1.72116,1.70543,1.7203000000000002
2017-01-19,1.7203000000000002,1.72224,1.7118900000000001,1.71636
2017-01-20,1.71636,1.72724,1.7104300000000001,1.7247700000000001
2017-01-23,1.7257900000000002,1.7351,1.7220600000000001,1.7323600000000001
2017-01-24,1.7323600000000001,1.7347400000000002,1.7147400000000002,1.72726
2017-01-25,1.72726,1.74203,1.72476,1.7302600000000001
2017-01-26,1.7302600000000001,1.74227,1.7272,1.73689
2017-01-27,1.73689,1.7405300000000001,1.72333,1.7247700000000001
2017-01-30,1.72835,1.73374,1.71096,1.71326
2017-01-31,1.71326,1.72195,1.70417,1.71936
2017-02-01,1.71936,1.74542,1.7192,1.73776
2017-02-02,1.73776,1.7481600000000002,1.71153,1.7179600000000002
2017-02-03,1.7179600000000002,1.72573,1.70358,1.7062300000000001
2017-02-06,1.7076,1.70941,1.70062,1.7016600000000002
2017-02-07,1.7016600000000002,1.71336,1.6910500000000002,1.71256
2017-02-08,1.71256,1.7297200000000001,1.7076600000000002,1.72526
2017-02-09,1.72526,1.74803,1.7243600000000001,1.73801
2017-02-10,1.73801,1.7423300000000002,1.73119,1.7323000000000002
2017-02-13,1.7323000000000002,1.74696,1.7271,1.74512
2017-02-14,1.74512,1.74715,1.7311400000000001,1.73898
2017-02-15,1.73898,1.74051,1.72286,1.72456
2017-02-16,1.72456,1.73428,1.72113,1.73038
2017-02-17,1.73038,1.73791,1.7216900000000002,1.7261600000000001
2017-02-20,1.7213100000000001,1.7379,1.7213100000000001,1.73317
2017-02-21,1.73317,1.74333,1.73034,1.74156
2017-02-22,1.74156,1.7466000000000002,1.7306300000000001,1.7321
2017-02-23,1.7321,1.73679,1.72384,1.73649
2017-02-24,1.73649,1.7436200000000002,1.7289400000000001,1.73035
2017-02-27,1.72976,1.73127,1.71933,1.73012
2017-02-28,1.73012,1.73215,1.7162600000000001,1.7211400000000001
2017-03-01,1.7211400000000001,1.7408000000000001,1.7141000000000002,1.7200600000000001
2017-03-02,1.7200600000000001,1.7389700000000001,1.71892,1.73656
2017-03-03,1.73656,1.7509400000000002,1.73431,1.74438
2017-03-06,1.7468400000000002,1.75316,1.74159,1.7499900000000002
2017-03-07,1.7499900000000002,1.75512,1.74291,1.7542
2017-03-08,1.7542,1.76088,1.74804,1.7601600000000002
2017-03-09,1.7601600000000002,1.76701,1.7574,1.76313
2017-03-10,1.76313,1.764,1.75224,1.7562600000000002
2017-03-13,1.74977,1.7676100000000001,1.7494,1.76467
2017-03-14,1.76467,1.76647,1.7525600000000001,1.75628
2017-03-15,1.75628,1.76444,1.74333,1.74468
2017-03-16,1.74468,1.7733,1.74339,1.76881
2017-03-17,1.76881,1.7723200000000001,1.7589400000000002,1.76455
2017-03-20,1.76262,1.7657500000000002,1.7497200000000002,1.75171
2017-03-21,1.75171,1.77501,1.75044,1.772
2017-03-22,1.772,1.7774400000000001,1.7617500000000001,1.77189
2017-03-23,1.77189,1.7825,1.76831,1.78088
2017-03-24,1.78088,1.7838100000000001,1.7733,1.77347
2017-03-27,1.77221,1.78867,1.77213,1.78228
2017-03-28,1.78228,1.7937,1.77335,1.7748300000000001
2017-03-29,1.7748300000000001,1.77811,1.7650700000000001,1.76815
2017-03-30,1.76815,1.78386,1.7649000000000001,1.78231
2017-03-31,1.78231,1.7914,1.77594,1.7894400000000001
2017-04-03,1.78783,1.79445,1.7795100000000001,1.7796100000000001
2017-04-04,1.7796100000000001,1.7865,1.77787,1.7838500000000002
2017-04-05,1.7838500000000002,1.79566,1.78069,1.79235
2017-04-06,1.79235,1.79326,1.78243,1.78899
2017-04-07,1.78899,1.79088,1.7761,1.78346
2017-04-10,1.78173,1.7881900000000002,1.78133,1.7836500000000002
2017-04-11,1.7836500000000002,1.7987,1.78176,1.7957500000000002
2017-04-12,1.7957500000000002,1.80811,1.79369,1.80007
2017-04-13,1.80007,1.80009,1.78469,1.78552
2017-04-14,1.78552,1.7908300000000001,1.78245,1.78496
2017-04-17,1.78496,1.79457,1.78269,1.79213
2017-04-18,1.79213,1.83166,1.7835400000000001,1.8239400000000001
2017-04-19,1.8239400000000001,1.8329,1.81965,1.8243500000000001
2017-04-20,1.8243500000000001,1.83185,1.81359,1.8269900000000001
2017-04-21,1.8269900000000001,1.8330600000000001,1.8172000000000001,1.81816
2017-04-24,1.81997,1.8260100000000001,1.81328,1.82301
2017-04-25,1.82301,1.84931,1.8216,1.84627
2017-04-26,1.84627,1.8684500000000002,1.8447600000000002,1.86474
2017-04-27,1.86474,1.88176,1.85911,1.87627
2017-04-28,1.87627,1.8877700000000002,1.8710900000000001,1.88552
2017-05-01,1.88436,1.8861,1.86417,1.86449
2017-05-02,1.86449,1.8702400000000001,1.85958,1.8650900000000001
2017-05-03,1.8650900000000001,1.87437,1.85474,1.87107
2017-05-04,1.87107,1.88757,1.86639,1.88087
2017-05-05,1.88087,1.8827,1.87155,1.8734000000000002
2017-05-08,1.87829,1.88114,1.86735,1.87307
2017-05-09,1.87307,1.88093,1.8684500000000002,1.87569
2017-05-10,1.87569,1.88125,1.86076,1.8671900000000001
2017-05-11,1.8671900000000001,1.89596,1.8671900000000001,1.88094
2017-05-12,1.88094,1.88728,1.87437,1.87818
2017-05-15,1.87578,1.88046,1.8674600000000001,1.8739700000000001
2017-05-16,1.8739700000000001,1.88239,1.86898,1.87635
2017-05-17,1.87635,1.88429,1.86408,1.8669600000000002
2017-05-18,1.8669600000000002,1.8847200000000002,1.86661,1.8756000000000002
2017-05-19,1.8756000000000002,1.8899000000000001,1.87093,1.88062
2017-05-22,1.8744500000000002,1.881,1.85728,1.85773
2017-05-23,1.85773,1.85924,1.8409300000000002,1.8483500000000002
2017-05-24,1.8483500000000002,1.85636,1.83663,1.84007
2017-05-25,1.84007,1.85034,1.83536,1.84305
2017-05-26,1.84305,1.8439800000000002,1.81036,1.8117800000000002
2017-05-29,1.8117800000000002,1.82149,1.81166,1.81996
2017-05-30,1.81996,1.82278,1.8094400000000002,1.81165
2017-05-31,1.81165,1.8206900000000001,1.79905,1.82017
2017-06-01,1.82017,1.82718,1.81385,1.8237100000000002
2017-06-02,1.8237100000000002,1.82511,1.80112,1.8035700000000001
2017-06-05,1.79973,1.81287,1.7994700000000001,1.80741
2017-06-06,1.80741,1.81219,1.78881,1.7964200000000001
2017-06-07,1.7964200000000001,1.8024200000000001,1.79088,1.80089
2017-06-08,1.80089,1.8034000000000001,1.7874,1.79406
2017-06-09,1.79406,1.79406,1.75347,1.76564
2017-06-12,1.76181,1.77695,1.7551,1.75861
2017-06-13,1.75861,1.76628,1.74967,1.7657100000000001
2017-06-14,1.7657100000000001,1.77099,1.7441600000000002,1.7538900000000002
2017-06-15,1.7538900000000002,1.77657,1.75234,1.76911
2017-06-16,1.76911,1.7733400000000001,1.76068,1.76179
2017-06-19,1.75851,1.7648700000000002,1.7494100000000001,1.7615800000000001
2017-06-20,1.7615800000000001,1.76373,1.7414,1.7437200000000002
2017-06-21,1.7437200000000002,1.75647,1.73858,1.7523
2017-06-22,1.7523,1.7523,1.7397900000000002,1.74613
2017-06-23,1.74613,1.75058,1.7433400000000001,1.7462900000000001
2017-06-26,1.74783,1.75458,1.7417500000000001,1.7453
2017-06-27,1.7453,1.7651700000000001,1.73381,1.7622900000000001
2017-06-28,1.7622900000000001,1.77974,1.75552,1.76932
2017-06-29,1.76932,1.7873100000000002,1.76716,1.78186
2017-06-30,1.78186,1.78367,1.76699,1.77584
2017-07-03,1.77313,1.78218,1.77149,1.7729300000000001
2017-07-04,1.7729300000000001,1.78189,1.76986,1.7731000000000001
2017-07-05,1.7731000000000001,1.7806,1.76989,1.77421
2017-07-06,1.77421,1.78678,1.77299,1.78271
2017-07-07,1.78271,1.78288,1.76642,1.7697500000000002
2017-07-10,1.7687300000000001,1.7752100000000002,1.7679200000000002,1.7703900000000001
2017-07-11,1.7703900000000001,1.7899,1.7694400000000001,1.77823
2017-07-12,1.77823,1.78149,1.76957,1.77492
2017-07-13,1.77492,1.7787600000000001,1.7532800000000002,1.7673100000000002
2017-07-14,1.7673100000000002,1.78674,1.7659500000000001,1.78289
2017-07-17,1.78252,1.7897100000000001,1.77736,1.7834400000000001
2017-07-18,1.7834400000000001,1.79803,1.76745,1.77411
2017-07-19,1.77411,1.77559,1.76549,1.77051
2017-07-20,1.77051,1.7762,1.74866,1.75313
2017-07-21,1.75313,1.7539200000000001,1.74176,1.74269
2017-07-24,1.74269,1.75607,1.74269,1.75156
2017-07-25,1.75156,1.7600200000000001,1.7497900000000002,1.75618
2017-07-26,1.75618,1.75818,1.74176,1.7444300000000001
2017-07-27,1.7444300000000001,1.75028,1.73981,1.7448700000000001
2017-07-28,1.7448700000000001,1.7543900000000001,1.74171,1.7465000000000002
2017-07-31,1.7465000000000002,1.7610700000000001,1.74594,1.7588000000000001
2017-08-01,1.7588000000000001,1.77191,1.7553,1.76804
2017-08-02,1.76804,1.78471,1.76698,1.77983
2017-08-03,1.77983,1.79223,1.7637800000000001,1.76686
2017-08-04,1.76686,1.76945,1.75682,1.75777
2017-08-07,1.76015,1.77435,1.75909,1.77038
2017-08-08,1.77038,1.77454,1.76652,1.7730400000000002
2017-08-09,1.7730400000000002,1.77983,1.7702,1.7703200000000001
2017-08-10,1.7703200000000001,1.79001,1.76546,1.78281
2017-08-11,1.78281,1.78939,1.77503,1.77716
2017-08-14,1.77716,1.7816100000000001,1.7733800000000002,1.77938
2017-08-15,1.77938,1.78,1.76674,1.77908
2017-08-16,1.77908,1.78094,1.76147,1.76318
2017-08-17,1.76318,1.7672,1.75947,1.76642
2017-08-18,1.76642,1.76865,1.75218,1.7600200000000001
2017-08-21,1.7575100000000001,1.7635100000000001,1.75716,1.76035
2017-08-22,1.76035,1.76359,1.75634,1.7616500000000002
2017-08-23,1.7616500000000002,1.77596,1.7605300000000002,1.77173
2017-08-24,1.77173,1.77929,1.76831,1.77576
2017-08-25,1.77576,1.78166,1.77095,1.7767600000000001
2017-08-28,1.78366,1.7850000000000001,1.77786,1.78206
2017-08-29,1.78206,1.79304,1.77569,1.7807600000000001
2017-08-30,1.7807600000000001,1.7981800000000001,1.77746,1.7943600000000002
2017-08-31,1.7943600000000002,1.80797,1.79206,1.80116
2017-09-01,1.80116,1.8110700000000002,1.79796,1.8086600000000002
2017-09-04,1.81176,1.81236,1.79956,1.80436
2017-09-05,1.80436,1.80576,1.7923900000000001,1.8008600000000001
2017-09-06,1.8008600000000001,1.81472,1.79556,1.81156
2017-09-07,1.81156,1.8187600000000002,1.80746,1.81126
2017-09-08,1.81126,1.81816,1.7907600000000001,1.81566
2017-09-11,1.8149600000000001,1.8249600000000001,1.80816,1.8147600000000002
2017-09-12,1.8147600000000002,1.82617,1.80366,1.82236
2017-09-13,1.82236,1.8307,1.81807,1.82346
2017-09-14,1.82346,1.86195,1.8181800000000001,1.85476
2017-09-15,1.85476,1.8739000000000001,1.84836,1.86186
2017-09-18,1.8609600000000002,1.86674,1.85051,1.8573600000000001
2017-09-19,1.8573600000000001,1.86189,1.8425200000000002,1.84626
2017-09-20,1.84626,1.85056,1.83258,1.83416
2017-09-21,1.83416,1.85932,1.83234,1.85826
2017-09-22,1.85826,1.86588,1.8335400000000002,1.83803
2017-09-25,1.84636,1.86711,1.8395400000000002,1.8529600000000002
2017-09-26,1.8529600000000002,1.8723100000000001,1.85076,1.86686
2017-09-27,1.86686,1.87012,1.85128,1.8590600000000002
2017-09-28,1.8590600000000002,1.8675700000000002,1.85291,1.8568600000000002
2017-09-29,1.8568600000000002,1.86114,1.84822,1.85759
2017-10-02,1.85256,1.85932,1.83988,1.84426
2017-10-03,1.84426,1.85297,1.84295,1.84876
2017-10-04,1.84876,1.8549600000000002,1.84178,1.84776
2017-10-05,1.84776,1.8514700000000002,1.83858,1.8427600000000002
2017-10-06,1.8427600000000002,1.84755,1.8374700000000002,1.84216
2017-10-09,1.85366,1.86186,1.84826,1.85986
2017-10-10,1.85986,1.86867,1.8576700000000002,1.8674600000000001
2017-10-11,1.8674600000000001,1.86955,1.86206,1.86656
2017-10-12,1.86656,1.86944,1.84586,1.85956
2017-10-13,1.85956,1.8653600000000001,1.84738,1.84966
2017-10-16,1.8533600000000001,1.85463,1.84192,1.84796
2017-10-17,1.84796,1.85154,1.8346600000000002,1.8391600000000001
2017-10-18,1.8391600000000001,1.85202,1.83778,1.84566
2017-10-19,1.84566,1.88029,1.84365,1.8709600000000002
2017-10-20,1.8709600000000002,1.8953600000000002,1.86876,1.89306
2017-10-23,1.89596,1.90076,1.88778,1.89406
2017-10-24,1.89406,1.90767,1.8875600000000001,1.90196
2017-10-25,1.90196,1.9335600000000002,1.8992600000000002,1.92466
2017-10-26,1.92466,1.93086,1.91713,1.92266
2017-10-27,1.92266,1.92418,1.9064100000000002,1.90876
2017-10-30,1.90876,1.92811,1.90496,1.92066
2017-10-31,1.92066,1.94323,1.91941,1.9398600000000001
2017-11-01,1.9398600000000001,1.94036,1.91904,1.92316
2017-11-02,1.92316,1.9240300000000001,1.88456,1.88886
2017-11-03,1.88886,1.89396,1.88096,1.89296
2017-11-06,1.89211,1.9043100000000002,1.89056,1.89626
2017-11-07,1.89626,1.90781,1.89386,1.90703
2017-11-08,1.90703,1.90911,1.8814600000000001,1.88216
2017-11-09,1.88216,1.8950900000000002,1.87863,1.89196
2017-11-10,1.89196,1.90696,1.88969,1.90116
2017-11-13,1.90006,1.9035600000000001,1.8883800000000002,1.8995600000000001
2017-11-14,1.8995600000000001,1.9163700000000001,1.8995600000000001,1.91446
2017-11-15,1.91446,1.91882,1.9035900000000001,1.91516
2017-11-16,1.91516,1.93042,1.91423,1.9257600000000001
2017-11-17,1.9257600000000001,1.9534900000000002,1.9237600000000001,1.93846
2017-11-20,1.9416600000000002,1.94636,1.93097,1.94316
2017-11-21,1.94316,1.9512200000000002,1.93465,1.93726
2017-11-22,1.93726,1.94297,1.93282,1.9355600000000002
2017-11-23,1.9355600000000002,1.94025,1.9272,1.93046
2017-11-24,1.93046,1.9405700000000001,1.92867,1.93797
2017-11-27,1.9360600000000001,1.9433200000000002,1.92616,1.92636
2017-11-28,1.92636,1.9371200000000002,1.90801,1.93256
2017-11-29,1.93256,1.9504400000000002,1.93256,1.94846
2017-11-30,1.94846,1.98062,1.94736,1.97956
2017-12-01,1.97956,1.9838900000000002,1.95211,1.9538600000000002
2017-12-04,1.95736,1.9741600000000001,1.95496,1.96486
2017-12-05,1.96486,1.96557,1.9421000000000002,1.95486
2017-12-06,1.95486,1.95527,1.93523,1.9455600000000002
2017-12-07,1.9455600000000002,1.9740900000000001,1.94268,1.9721600000000001
2017-12-08,1.9721600000000001,1.9772800000000001,1.9518,1.95716
2017-12-11,1.95506,1.95944,1.9272500000000001,1.92936
2017-12-12,1.92936,1.933,1.9163400000000002,1.92036
2017-12-13,1.92036,1.9256300000000002,1.9034200000000001,1.91016
2017-12-14,1.91016,1.9251800000000001,1.90706,1.92296
2017-12-15,1.92296,1.92409,1.89676,1.90406
2017-12-18,1.90196,1.91469,1.8990900000000002,1.91316
2017-12-19,1.91316,1.9217300000000002,1.90408,1.9193600000000002
2017-12-20,1.9193600000000002,1.92616,1.9068,1.9073600000000002
2017-12-21,1.9073600000000002,1.9132200000000001,1.9026800000000001,1.9072600000000002
2017-12-22,1.9072600000000002,1.9122000000000001,1.8996600000000001,1.90226
2017-12-26,1.90226,1.90609,1.8983100000000002,1.8997600000000001
2017-12-27,1.8997600000000001,1.9025800000000002,1.89436,1.89866
2017-12-28,1.89866,1.9004100000000002,1.89344,1.89603
2017-12-29,1.89603,1.9071500000000001,1.89367,1.90266
2018-01-01,1.90266,1.90266,1.89996,1.90086
2018-01-02,1.90086,1.91406,1.89697,1.91236
2018-01-03,1.91236,1.9215200000000001,1.90212,1.9054600000000002
2018-01-04,1.9054600000000002,1.91023,1.89206,1.8936600000000001
2018-01-05,1.8936600000000001,1.89833,1.88897,1.8915600000000001
2018-01-08,1.89242,1.8948500000000001,1.8847200000000002,1.89036
2018-01-09,1.89036,1.8941000000000001,1.8800000000000001,1.89056
2018-01-10,1.89056,1.8954600000000001,1.87166,1.87626
2018-01-11,1.87626,1.8798300000000001,1.8629600000000002,1.86366
2018-01-12,1.86366,1.8958000000000002,1.86151,1.89286
2018-01-15,1.8956600000000001,1.89677,1.88476,1.88836
2018-01-16,1.88836,1.8975600000000001,1.88836,1.8974600000000001
2018-01-17,1.8974600000000001,1.90472,1.8933300000000002,1.90086
2018-01-18,1.90086,1.90835,1.89422,1.90286
2018-01-19,1.90286,1.90887,1.9005400000000001,1.9032600000000002
2018-01-22,1.9064,1.9124400000000001,1.90077,1.90816
2018-01-23,1.90816,1.9114600000000002,1.90042,1.90296
2018-01-24,1.90296,1.94258,1.9024400000000001,1.94036
2018-01-25,1.94036,1.94626,1.92421,1.9296600000000002
2018-01-26,1.9296600000000002,1.94117,1.92246,1.92336
2018-01-29,1.92436,1.92958,1.9157,1.9219600000000001
2018-01-30,1.9219600000000001,1.93165,1.91473,1.92936
2018-01-31,1.92936,1.93086,1.90862,1.9267
2018-02-01,1.9267,1.94045,1.9245100000000002,1.92826
2018-02-02,1.92826,1.93758,1.9265100000000002,1.93286
2018-02-05,1.9339600000000001,1.9385700000000001,1.9185100000000002,1.92076
2018-02-06,1.92076,1.92327,1.89667,1.8993600000000002
2018-02-07,1.8993600000000002,1.92499,1.89679,1.9173600000000002
2018-02-08,1.9173600000000002,1.94544,1.91612,1.92716
2018-02-09,1.92716,1.9383000000000001,1.9002000000000001,1.90486
2018-02-12,1.9070900000000002,1.91449,1.90416,1.90476
2018-02-13,1.90476,1.9110900000000002,1.89596,1.9094600000000002
2018-02-14,1.9094600000000002,1.90978,1.89399,1.8994600000000001
2018-02-15,1.8994600000000001,1.90823,1.8943100000000002,1.9032600000000002
2018-02-16,1.9032600000000002,1.90821,1.89616,1.89706
2018-02-19,1.89906,1.90194,1.89504,1.89836
2018-02-20,1.89836,1.9066500000000002,1.8951200000000001,1.90426
2018-02-21,1.90426,1.9080300000000001,1.89321,1.9013600000000002
2018-02-22,1.9013600000000002,1.90421,1.89037,1.90046
2018-02-23,1.90046,1.92168,1.89921,1.91456
2018-02-26,1.91716,1.9200000000000002,1.9064100000000002,1.91206
2018-02-27,1.91206,1.92338,1.9110900000000002,1.9216600000000001
2018-02-28,1.9216600000000001,1.9277900000000001,1.90677,1.90826
2018-03-01,1.90826,1.91291,1.8945,1.8996600000000001
2018-03-02,1.8996600000000001,1.91033,1.89151,1.90476
2018-03-05,1.9054600000000002,1.91805,1.90386,1.91616
2018-03-06,1.91616,1.91755,1.9010500000000001,1.90416
2018-03-07,1.90416,1.91344,1.9016600000000001,1.90724
2018-03-08,1.90724,1.9141400000000002,1.8972200000000001,1.90096
2018-03-09,1.90096,1.90503,1.8955600000000001,1.9015600000000001
2018-03-12,1.89813,1.9078000000000002,1.8924800000000002,1.90564
2018-03-13,1.90564,1.90785,1.89324,1.9055600000000001
2018-03-14,1.9055600000000001,1.90804,1.9010500000000001,1.90406
2018-03-15,1.90406,1.9188,1.9034200000000001,1.91436
2018-03-16,1.91436,1.9339000000000002,1.91375,1.9309500000000002
2018-03-19,1.9299000000000002,1.95303,1.9287800000000002,1.9357600000000001
2018-03-20,1.9357600000000001,1.9511500000000002,1.9356600000000002,1.94826
2018-03-21,1.94826,1.96434,1.9472,1.9560600000000001
2018-03-22,1.9560600000000001,1.9632100000000001,1.94929,1.9558600000000002
2018-03-23,1.9558600000000002,1.95802,1.9442300000000001,1.9521600000000001
2018-03-26,1.9532500000000002,1.9558600000000002,1.94269,1.94896
2018-03-27,1.94896,1.95408,1.9372,1.9468400000000001
2018-03-28,1.9468400000000001,1.9550800000000002,1.94527,1.9516600000000002
2018-03-29,1.9516600000000002,1.95785,1.93656,1.93696
2018-03-30,1.93696,1.94216,1.93541,1.93726
2018-04-02,1.93726,1.94788,1.93578,1.94676
2018-04-03,1.94676,1.95253,1.9329100000000001,1.93676
2018-04-04,1.93676,1.9399300000000002,1.92327,1.92736
2018-04-05,1.92736,1.93256,1.91815,1.92446
2018-04-06,1.92446,1.94208,1.9234600000000002,1.93666
2018-04-09,1.93493,1.9410500000000002,1.9297300000000002,1.9338600000000001
2018-04-10,1.9338600000000001,1.93492,1.92127,1.92486
2018-04-11,1.92486,1.93228,1.92263,1.9258600000000001
2018-04-12,1.9258600000000001,1.9318,1.9173200000000001,1.92866
2018-04-13,1.92866,1.94069,1.92516,1.9357600000000001
2018-04-16,1.93614,1.9511100000000001,1.9341000000000002,1.94696
2018-04-17,1.94696,1.95622,1.9456600000000002,1.9456600000000002
2018-04-18,1.9456600000000002,1.95412,1.9384700000000001,1.9396600000000002
2018-04-19,1.9396600000000002,1.9526100000000002,1.93456,1.93626
2018-04-20,1.93626,1.9497900000000001,1.9360600000000001,1.94216
2018-04-23,1.93916,1.95116,1.93853,1.9501600000000001
2018-04-24,1.9501600000000001,1.9653800000000001,1.9475,1.96286
2018-04-25,1.96286,1.97499,1.9619600000000001,1.9697600000000002
2018-04-26,1.9697600000000002,1.97594,1.96784,1.96966
2018-04-27,1.96966,1.97544,1.9423400000000002,1.9439600000000001
2018-04-30,1.9435600000000002,1.9574500000000001,1.94306,1.95506
2018-05-01,1.95506,1.9583300000000001,1.9416900000000001,1.94326
2018-05-02,1.94326,1.9471800000000001,1.9370100000000001,1.94026
2018-05-03,1.94026,1.94158,1.9264700000000001,1.9275600000000002
2018-05-04,1.9275600000000002,1.9359600000000001,1.92541,1.9255600000000002
2018-05-07,1.92659,1.93408,1.92548,1.93106
2018-05-08,1.93106,1.9450100000000001,1.9286100000000002,1.94276
2018-05-09,1.94276,1.94738,1.9382300000000001,1.93936
2018-05-10,1.93936,1.96483,1.93916,1.94126
2018-05-11,1.94126,1.94927,1.9376600000000002,1.94326
2018-05-14,1.94411,1.9626700000000001,1.9435600000000002,1.96076
2018-05-15,1.96076,1.9700600000000001,1.9550500000000002,1.9678600000000002
2018-05-16,1.9678600000000002,1.96927,1.95165,1.95546
2018-05-17,1.95546,1.96658,1.95496,1.96476
2018-05-18,1.96476,1.96646,1.9460600000000001,1.9460600000000001
2018-05-21,1.9443700000000002,1.95214,1.9319600000000001,1.93226
2018-05-22,1.93226,1.9404000000000001,1.9267100000000001,1.93666
2018-05-23,1.93666,1.9455,1.92858,1.9294600000000002
2018-05-24,1.9294600000000002,1.93953,1.9260000000000002,1.93086
2018-05-25,1.93086,1.93212,1.92126,1.92126
2018-05-28,1.92276,1.92371,1.9140300000000001,1.91686
2018-05-29,1.91686,1.92208,1.90853,1.91896
2018-05-30,1.91896,1.92536,1.89856,1.90016
2018-05-31,1.90016,1.90769,1.8927800000000001,1.89846
2018-06-01,1.89846,1.91404,1.89264,1.9097600000000001
2018-06-04,1.9113600000000002,1.9136600000000001,1.8919400000000002,1.89296
2018-06-05,1.89296,1.90723,1.89091,1.90596
2018-06-06,1.90596,1.90989,1.90008,1.90696
2018-06-07,1.90696,1.9126400000000001,1.8992200000000001,1.9096600000000001
2018-06-08,1.9096600000000001,1.91448,1.90239,1.9056600000000001
2018-06-11,1.9076,1.9094900000000001,1.89748,1.9038300000000001
2018-06-12,1.9038300000000001,1.91093,1.8969500000000001,1.9080000000000001
2018-06-13,1.9080000000000001,1.91035,1.8929200000000002,1.9039000000000001
2018-06-14,1.9039000000000001,1.91118,1.8933,1.9004
2018-06-15,1.9004,1.91604,1.9000000000000001,1.9115
2018-06-18,1.9086400000000001,1.9174900000000001,1.9031500000000001,1.90862
2018-06-19,1.90862,1.92004,1.90622,1.9080000000000001
2018-06-20,1.9080000000000001,1.9220700000000002,1.90348,1.9186
2018-06-21,1.9186,1.93011,1.91272,1.9275
2018-06-22,1.9275,1.92994,1.91483,1.9183000000000001
2018-06-25,1.91646,1.92842,1.91548,1.9252
2018-06-26,1.9252,1.93263,1.9233,1.9282000000000001
2018-06-27,1.9282000000000001,1.9414200000000001,1.92747,1.9293
2018-06-28,1.9293,1.94045,1.92612,1.9346
2018-06-29,1.9346,1.9513900000000002,1.93321,1.9480000000000002
2018-07-02,1.94289,1.96191,1.9418900000000001,1.9569
2018-07-03,1.9569,1.96215,1.95052,1.9524000000000001
2018-07-04,1.9524000000000001,1.9587400000000001,1.9473900000000002,1.9564000000000001
2018-07-05,1.9564000000000001,1.9582600000000001,1.9443000000000001,1.9474
2018-07-06,1.9474,1.9483300000000001,1.9364000000000001,1.9423700000000002
2018-07-09,1.9468800000000002,1.95303,1.92921,1.93825
2018-07-10,1.93825,1.9482300000000001,1.9318600000000001,1.94096
2018-07-11,1.94096,1.9551800000000001,1.9399000000000002,1.9531800000000001
2018-07-12,1.9531800000000001,1.9567700000000001,1.94721,1.94721
2018-07-13,1.94721,1.95756,1.94304,1.9551
2018-07-16,1.95473,1.95802,1.9524700000000001,1.9527
2018-07-17,1.9527,1.95784,1.93039,1.9334
2018-07-18,1.9334,1.94008,1.9197,1.92355
2018-07-19,1.92355,1.93479,1.92092,1.92965
2018-07-20,1.92965,1.93402,1.92215,1.9276
2018-07-23,1.93065,1.9333,1.92602,1.9301000000000001
2018-07-24,1.9301000000000001,1.93424,1.92724,1.93216
2018-07-25,1.93216,1.93642,1.92856,1.9293
2018-07-26,1.9293,1.93659,1.9269500000000002,1.93202
2018-07-27,1.93202,1.93614,1.92638,1.9269
2018-07-30,1.9278,1.93113,1.92317,1.9244700000000001
2018-07-31,1.9244700000000001,1.93215,1.9218300000000001,1.92428
2018-08-01,1.92428,1.9337600000000001,1.923,1.9328
2018-08-02,1.9328,1.9423700000000002,1.92714,1.9299000000000002
2018-08-03,1.9299000000000002,1.93499,1.9253500000000001,1.9274200000000001
2018-08-06,1.9274200000000001,1.92883,1.92008,1.9225
2018-08-07,1.9225,1.9249500000000002,1.9187100000000001,1.9203000000000001
2018-08-08,1.9203000000000001,1.92229,1.9069800000000001,1.90879
2018-08-09,1.90879,1.9438,1.9083,1.93872
2018-08-10,1.93872,1.9456200000000001,1.9274,1.9400300000000001
2018-08-13,1.9372200000000002,1.94241,1.9352,1.9405400000000002
2018-08-14,1.9405400000000002,1.94513,1.9301000000000001,1.9351200000000002
2018-08-15,1.9351200000000002,1.9416200000000001,1.9312500000000001,1.93355
2018-08-16,1.93355,1.93584,1.92524,1.92971
2018-08-17,1.92971,1.93208,1.9209,1.92093
2018-08-20,1.9181700000000002,1.9296200000000001,1.9181700000000002,1.9264700000000001
2018-08-21,1.9264700000000001,1.93036,1.92185,1.92717
2018-08-22,1.92717,1.9301700000000002,1.92015,1.92744
2018-08-23,1.92744,1.93238,1.92545,1.93006
2018-08-24,1.93006,1.93385,1.9187500000000002,1.9195
2018-08-27,1.92006,1.92789,1.91796,1.9257300000000002
2018-08-28,1.9257300000000002,1.92774,1.9157300000000002,1.91876
2018-08-29,1.91876,1.94304,1.9149,1.9393
2018-08-30,1.9393,1.9607400000000001,1.9383000000000001,1.9538
2018-08-31,1.9538,1.96173,1.9527700000000001,1.95611
2018-09-03,1.95092,1.95977,1.9434,1.9499
2018-09-04,1.9499,1.96375,1.9467100000000002,1.96
2018-09-05,1.96,1.97554,1.9494,1.9573
2018-09-06,1.9573,1.96473,1.9535,1.9611
2018-09-07,1.9611,1.9817200000000001,1.96,1.9758
2018-09-10,1.9780300000000002,1.99886,1.9766000000000001,1.9959
2018-09-11,1.9959,2.00278,1.9893,1.9966000000000002
2018-09-12,1.9966000000000002,2.0007099999999998,1.9862,1.9885000000000002
2018-09-13,1.9885000000000002,1.9977200000000002,1.9865000000000002,1.9942
2018-09-14,1.9942,1.99879,1.9893,1.99576
2018-09-17,1.9926000000000001,2.0012999999999996,1.9923600000000001,1.9993
2018-09-18,1.9993,2.0033499999999997,1.9893,1.9959
2018-09-19,1.9959,1.99977,1.98262,1.9868000000000001
2018-09-20,1.9868000000000001,1.99282,1.97506,1.984
2018-09-21,1.984,1.98634,1.95517,1.95726
2018-09-24,1.96036,1.97692,1.9561000000000002,1.9739
2018-09-25,1.9739,1.98394,1.97024,1.9825000000000002
2018-09-26,1.9825000000000002,1.98611,1.96995,1.9760600000000001
2018-09-27,1.9760600000000001,1.9836900000000002,1.97116,1.97652
2018-09-28,1.97652,1.9817500000000001,1.9643000000000002,1.96835
2018-10-01,1.9684000000000001,1.98517,1.9661,1.9701
2018-10-02,1.9701,1.97756,1.9641000000000002,1.9681
2018-10-03,1.9681,1.98893,1.9675,1.9861
2018-10-04,1.9861,2.0110599999999996,1.98517,2.0087699999999997
2018-10-05,2.0087699999999997,2.0372399999999997,2.00705,2.0368399999999998
2018-10-08,2.0364899999999997,2.0420599999999998,2.01939,2.02838
2018-10-09,2.02838,2.0360799999999997,2.0225299999999997,2.0291799999999998
2018-10-10,2.0291799999999998,2.0469999999999997,2.0252399999999997,2.0440899999999997
2018-10-11,2.0440899999999997,2.0469399999999998,2.02167,2.0267899999999996
2018-10-12,2.0267899999999996,2.03483,2.01899,2.02012
2018-10-15,2.01246,2.0181,2.00495,2.00669
2018-10-16,2.00669,2.01014,1.9941600000000002,2.0017099999999997
2018-10-17,2.0017099999999997,2.0035399999999997,1.99076,2.00183
2018-10-18,2.00183,2.00432,1.9884000000000002,1.9894
2018-10-19,1.9894,1.99598,1.9723000000000002,1.98146
2018-10-22,1.9770800000000002,1.9852100000000001,1.9718,1.97835
2018-10-23,1.97835,1.99034,1.9754,1.9813
2018-10-24,1.9813,1.98315,1.97048,1.9726000000000001
2018-10-25,1.9726000000000001,1.98275,1.96246,1.96462
2018-10-26,1.96462,1.98212,1.9628,1.96658
2018-10-29,1.96299,1.96896,1.9567,1.9615
2018-10-30,1.9615,1.96297,1.9365,1.9385000000000001
2018-10-31,1.9385000000000001,1.9619600000000001,1.9342000000000001,1.9589
2018-11-01,1.9589,1.96557,1.9439,1.95314
2018-11-02,1.95314,1.95744,1.9434,1.9491800000000001
2018-11-05,1.9608,1.9623000000000002,1.9486,1.9558
2018-11-06,1.9558,1.96482,1.9427,1.9429
2018-11-07,1.9429,1.94824,1.93045,1.9340000000000002
2018-11-08,1.9340000000000002,1.93839,1.9288,1.9337
2018-11-09,1.9337,1.93845,1.9240000000000002,1.92436
2018-11-12,1.9188,1.92358,1.9059000000000001,1.9148
2018-11-13,1.9148,1.92835,1.9064,1.91663
2018-11-14,1.91663,1.92625,1.8971200000000001,1.9099700000000002
2018-11-15,1.9099700000000002,1.91486,1.86583,1.86938
2018-11-16,1.86938,1.8861,1.86251,1.86318
2018-11-19,1.87,1.88542,1.86686,1.8782
2018-11-20,1.8782,1.88501,1.86905,1.8827
2018-11-21,1.8827,1.88542,1.8659000000000001,1.8696000000000002
2018-11-22,1.8696000000000002,1.8983,1.8686,1.8896000000000002
2018-11-23,1.8896000000000002,1.89443,1.8851200000000001,1.8885
2018-11-26,1.8963,1.89784,1.8837000000000002,1.8911
2018-11-27,1.8911,1.89602,1.8741,1.8764
2018-11-28,1.8764,1.88445,1.86112,1.8664
2018-11-29,1.8664,1.8760400000000002,1.8572,1.8634000000000002
2018-11-30,1.8634000000000002,1.8650200000000001,1.85162,1.8518400000000002
2018-12-03,1.8446,1.8532600000000001,1.8324,1.8366
2018-12-04,1.8366,1.8431300000000002,1.8277,1.8346
2018-12-05,1.8346,1.8510300000000002,1.8309600000000001,1.8459
2018-12-06,1.8459,1.8633600000000001,1.844,1.8583
2018-12-07,1.8583,1.86121,1.85083,1.8553600000000001
2018-12-10,1.8483,1.8593600000000001,1.8182,1.828
2018-12-11,1.828,1.8408900000000001,1.8154000000000001,1.8159800000000001
2018-12-12,1.8159800000000001,1.8479800000000002,1.8125200000000001,1.84073
2018-12-13,1.84073,1.84702,1.8354000000000001,1.8452000000000002
2018-12-14,1.8452000000000002,1.85993,1.84283,1.85132
2018-12-17,1.8535000000000001,1.8571600000000001,1.84817,1.8535000000000001
2018-12-18,1.8535000000000001,1.8547,1.83805,1.8448
2018-12-19,1.8448,1.86562,1.83891,1.8634000000000002
2018-12-20,1.8634000000000002,1.88222,1.8595000000000002,1.8681
2018-12-21,1.8681,1.88576,1.8651,1.88157
2018-12-24,1.8792,1.89493,1.87708,1.889
2018-12-26,1.889,1.889,1.8763,1.8769
2018-12-27,1.8769,1.8898000000000001,1.87476,1.8863
2018-12-28,1.8863,1.8965400000000001,1.8843800000000002,1.8927
2018-12-31,1.89045,1.91199,1.8880000000000001,1.89977
2019-01-02,1.89977,1.90189,1.88606,1.8942
2019-01-03,1.8942,1.89809,1.8743,1.8872
2019-01-04,1.8872,1.89673,1.88402,1.8877000000000002
2019-01-07,1.88513,1.8923100000000002,1.88233,1.8914
2019-01-08,1.8914,1.89819,1.88908,1.8912
2019-01-09,1.8912,1.8924800000000002,1.87548,1.8839000000000001
2019-01-10,1.8839000000000001,1.8876300000000001,1.8751,1.8798000000000001
2019-01-11,1.8798000000000001,1.8828,1.8602400000000001,1.8774000000000002
2019-01-14,1.8821,1.8941700000000001,1.8807,1.8859000000000001
2019-01-15,1.8859000000000001,1.89123,1.8619,1.8863
2019-01-16,1.8863,1.9039300000000001,1.88185,1.9006
2019-01-17,1.9006,1.9248800000000001,1.899,1.9201000000000001
2019-01-18,1.9201000000000001,1.9232,1.9051,1.90799
2019-01-21,1.9073,1.9185800000000002,1.90534,1.9143000000000001
2019-01-22,1.9143000000000001,1.92995,1.9136600000000001,1.9185
2019-01-23,1.9185,1.92894,1.9075,1.9254
2019-01-24,1.9254,1.93242,1.9198000000000002,1.9318
2019-01-25,1.9318,1.9426,1.9212900000000002,1.9288800000000001
2019-01-28,1.9286,1.933,1.9195,1.9259600000000001
2019-01-29,1.9259600000000001,1.93036,1.9112,1.9117000000000002
2019-01-30,1.9117000000000002,1.91839,1.8979000000000001,1.9015
2019-01-31,1.9015,1.90422,1.8905,1.89423
2019-02-01,1.89423,1.8986500000000002,1.8822,1.8965100000000001
2019-02-04,1.89498,1.90633,1.89206,1.89206
2019-02-05,1.89206,1.89772,1.8762,1.8771
2019-02-06,1.8771,1.91143,1.87606,1.90852
2019-02-07,1.90852,1.9210200000000002,1.90188,1.9192
2019-02-08,1.9192,1.92469,1.91161,1.91867
2019-02-11,1.91643,1.91804,1.9089,1.9095
2019-02-12,1.9095,1.91703,1.9073,1.9136
2019-02-13,1.9136,1.9154900000000001,1.88334,1.8900000000000001
2019-02-14,1.8900000000000001,1.89098,1.8686,1.87202
2019-02-15,1.87202,1.87886,1.866,1.8767
2019-02-18,1.8826100000000001,1.88988,1.8733,1.8869
2019-02-19,1.8869,1.9032200000000001,1.88219,1.8974
2019-02-20,1.8974,1.90717,1.8939700000000002,1.9033
2019-02-21,1.9033,1.91955,1.89663,1.9163000000000001
2019-02-22,1.9163000000000001,1.92843,1.90316,1.9058000000000002
2019-02-25,1.9040000000000001,1.9056,1.8946500000000002,1.9024
2019-02-26,1.9024,1.92794,1.9011,1.923
2019-02-27,1.923,1.9512800000000001,1.9196,1.94241
2019-02-28,1.94241,1.95422,1.9387,1.9481000000000002
2019-03-01,1.9481000000000002,1.94842,1.93424,1.9417
2019-03-04,1.9407,1.9489,1.93029,1.9315200000000001
2019-03-05,1.9315200000000001,1.9411,1.9289800000000001,1.9382700000000002
2019-03-06,1.9382700000000002,1.94729,1.9342000000000001,1.9458
2019-03-07,1.9458,1.9478900000000001,1.93272,1.9367
2019-03-08,1.9367,1.93818,1.9083100000000002,1.91226
2019-03-11,1.90907,1.92855,1.90218,1.9253
2019-03-12,1.9253,1.9435600000000002,1.89999,1.9045
2019-03-13,1.9045,1.9509800000000002,1.90351,1.9447
2019-03-14,1.9447,1.94907,1.93473,1.9396
2019-03-15,1.9396,1.9432,1.9257300000000002,1.9407
2019-03-18,1.9406,1.94365,1.92327,1.9338
2019-03-19,1.9338,1.93995,1.9277,1.9353
2019-03-20,1.9353,1.94195,1.9143100000000002,1.9167
2019-03-21,1.9167,1.9203000000000001,1.89591,1.9042000000000001
2019-03-22,1.9042000000000001,1.92248,1.90294,1.9203000000000001
2019-03-25,1.92297,1.9231500000000001,1.90506,1.9095
2019-03-26,1.9095,1.91957,1.90653,1.9119700000000002
2019-03-27,1.9119700000000002,1.9512800000000001,1.90958,1.9404000000000001
2019-03-28,1.9404000000000001,1.94368,1.9213,1.9241000000000001
2019-03-29,1.9241000000000001,1.93317,1.9049800000000001,1.91416
2019-04-01,1.91065,1.93025,1.90615,1.9249
2019-04-02,1.9249,1.94666,1.91825,1.9431
2019-04-03,1.9431,1.9467700000000001,1.93364,1.9406
2019-04-04,1.9406,1.94448,1.93198,1.9346
2019-04-05,1.9346,1.94344,1.93174,1.9347
2019-04-08,1.9347,1.9422300000000001,1.93168,1.9369
2019-04-09,1.9369,1.94153,1.93233,1.93514
2019-04-10,1.93514,1.94219,1.93283,1.9334
2019-04-11,1.9334,1.94443,1.9322000000000001,1.9392
2019-04-12,1.9392,1.94382,1.93026,1.9315200000000001
2019-04-15,1.93354,1.94161,1.93005,1.9356
2019-04-16,1.9356,1.94116,1.92859,1.9291
2019-04-17,1.9291,1.9556200000000001,1.9260000000000002,1.9374
2019-04-18,1.9374,1.94839,1.9361000000000002,1.9422000000000001
2019-04-19,1.9422000000000001,1.94737,1.9400300000000001,1.94207
2019-04-22,1.9413,1.94713,1.9413,1.9428
2019-04-23,1.9428,1.9546700000000001,1.94049,1.9436
2019-04-24,1.9436,1.9620600000000001,1.9426,1.957
2019-04-25,1.957,1.9589100000000002,1.9454,1.9466
2019-04-26,1.9466,1.9466,1.9352800000000001,1.93894
2019-04-29,1.9413200000000002,1.9423700000000002,1.93421,1.9395
2019-04-30,1.9395,1.9571500000000002,1.93624,1.9521000000000002
2019-05-01,1.9521000000000002,1.97147,1.9506400000000002,1.9703300000000001
2019-05-02,1.9703300000000001,1.97324,1.96455,1.96831
2019-05-03,1.96831,1.98437,1.96251,1.98188
2019-05-06,1.9899,1.99137,1.97888,1.9813100000000001
2019-05-07,1.9813100000000001,1.98895,1.9773100000000001,1.9797
2019-05-08,1.9797,2.00187,1.9712800000000001,1.9774
2019-05-09,1.9774,1.98065,1.97228,1.9728
2019-05-10,1.9728,1.9764700000000002,1.96767,1.9699
2019-05-13,1.97046,1.97991,1.9678200000000001,1.9726000000000001
2019-05-14,1.9726000000000001,1.97415,1.9617,1.9623000000000002
2019-05-15,1.9623000000000002,1.97008,1.95513,1.9557
2019-05-16,1.9557,1.96228,1.9488,1.9577
2019-05-17,1.9577,1.95875,1.95017,1.9509
2019-05-20,1.95018,1.9517900000000001,1.94509,1.9468
2019-05-21,1.9468,1.96788,1.9451,1.9525000000000001
2019-05-22,1.9525000000000001,1.9576900000000002,1.94296,1.9488
2019-05-23,1.9488,1.9513800000000001,1.9402000000000001,1.9407
2019-05-24,1.9407,1.94621,1.9311800000000001,1.9391800000000001
2019-05-27,1.9412,1.94502,1.93502,1.9363000000000001
2019-05-28,1.9363000000000001,1.93785,1.93072,1.9337
2019-05-29,1.9337,1.94568,1.9318,1.9392
2019-05-30,1.9392,1.9397900000000001,1.93399,1.9360000000000002
2019-05-31,1.9360000000000002,1.9391800000000001,1.92941,1.93104
2019-06-03,1.9343000000000001,1.93551,1.91833,1.9195
2019-06-04,1.9195,1.92531,1.9179000000000002,1.9216
2019-06-05,1.9216,1.92293,1.91093,1.9160000000000001
2019-06-06,1.9160000000000001,1.91955,1.91184,1.9157
2019-06-07,1.9157,1.9220700000000002,1.90852,1.9109
2019-06-10,1.9105400000000001,1.92245,1.9100700000000002,1.9187
2019-06-11,1.9187,1.93458,1.9183000000000001,1.9324000000000001
2019-06-12,1.9324000000000001,1.9399300000000002,1.92798,1.9301000000000001
2019-06-13,1.9301000000000001,1.9359300000000002,1.9273900000000002,1.9291
2019-06-14,1.9291,1.9415,1.9285,1.9383000000000001
2019-06-17,1.93574,1.93955,1.9297,1.9300000000000002
2019-06-18,1.9300000000000002,1.93119,1.91862,1.9229
2019-06-19,1.9229,1.93785,1.92116,1.9337
2019-06-20,1.9337,1.93541,1.92266,1.9282000000000001
2019-06-21,1.9282000000000001,1.9360600000000001,1.9249800000000001,1.9332
2019-06-24,1.9318,1.9345400000000001,1.9208500000000002,1.9242000000000001
2019-06-25,1.9242000000000001,1.9253500000000001,1.9082000000000001,1.9101000000000001
2019-06-26,1.9101000000000001,1.92221,1.89528,1.8989
2019-06-27,1.8989,1.9027500000000002,1.8898000000000001,1.8904
2019-06-28,1.8904,1.89586,1.88781,1.8897000000000002
2019-07-01,1.88945,1.89602,1.8831200000000001,1.8934
2019-07-02,1.8934,1.89669,1.88615,1.8868
2019-07-03,1.8868,1.8879400000000002,1.8709,1.8744
2019-07-04,1.8744,1.88436,1.8732,1.8807
2019-07-05,1.8807,1.89209,1.8791600000000002,1.8894
2019-07-08,1.8898000000000001,1.8913300000000002,1.88227,1.8889
2019-07-09,1.8889,1.88992,1.88103,1.8862
2019-07-10,1.8862,1.8957700000000002,1.87904,1.8811
2019-07-11,1.8811,1.88318,1.8775000000000002,1.8794
2019-07-12,1.8794,1.88209,1.8743,1.8775000000000002
2019-07-15,1.87894,1.87985,1.8615000000000002,1.8623
2019-07-16,1.8623,1.86403,1.847,1.8509
2019-07-17,1.8509,1.8530900000000001,1.84285,1.8473000000000002
2019-07-18,1.8473000000000002,1.85372,1.84395,1.8495000000000001
2019-07-19,1.8495000000000001,1.85234,1.8446,1.8485
2019-07-22,1.84773,1.8511,1.83687,1.8454000000000002
2019-07-23,1.8454000000000002,1.8573000000000002,1.8438700000000001,1.8549
2019-07-24,1.8549,1.86691,1.8544,1.8619
2019-07-25,1.8619,1.87237,1.86095,1.8684
2019-07-26,1.8684,1.87283,1.8654000000000002,1.8654000000000002
2019-07-29,1.8648,1.86693,1.8422,1.8423
2019-07-30,1.8423,1.8441100000000001,1.8279,1.8372000000000002
2019-07-31,1.8372000000000002,1.85634,1.8355000000000001,1.8535000000000001
2019-08-01,1.8535000000000001,1.8562,1.84075,1.8505
2019-08-02,1.8505,1.86324,1.8453000000000002,1.85948
2019-08-05,1.85948,1.87534,1.85559,1.8584
2019-08-06,1.8584,1.86715,1.8434000000000001,1.8637000000000001
2019-08-07,1.8637000000000001,1.90588,1.8581100000000002,1.8836000000000002
2019-08-08,1.8836000000000002,1.8873600000000001,1.86881,1.872
2019-08-09,1.872,1.87721,1.8578700000000001,1.8586
2019-08-12,1.86242,1.87569,1.8585200000000002,1.8721
2019-08-13,1.8721,1.88311,1.86461,1.8675000000000002
2019-08-14,1.8675000000000002,1.8813300000000002,1.86365,1.8729
2019-08-15,1.8729,1.8884,1.86646,1.8732
2019-08-16,1.8732,1.8936300000000001,1.872,1.8893
2019-08-19,1.8896000000000002,1.89528,1.88537,1.8904
2019-08-20,1.8904,1.8971600000000002,1.88269,1.8959000000000001
2019-08-21,1.8959000000000001,1.89883,1.88964,1.8923
2019-08-22,1.8923,1.9264700000000001,1.8917000000000002,1.9239000000000002
2019-08-23,1.9239000000000002,1.9251,1.90972,1.91988
2019-08-26,1.9198600000000001,1.93399,1.91005,1.91174
2019-08-27,1.91174,1.93388,1.90899,1.9313
2019-08-28,1.9313,1.94129,1.9160000000000001,1.9266
2019-08-29,1.9266,1.93655,1.91943,1.9296
2019-08-30,1.9296,1.93677,1.927,1.9271
2019-09-02,1.92768,1.93198,1.90777,1.9118000000000002
2019-09-03,1.9118000000000002,1.92228,1.89954,1.9066
2019-09-04,1.9066,1.9267,1.9060700000000002,1.9260000000000002
2019-09-05,1.9260000000000002,1.9364000000000001,1.91517,1.9332
2019-09-06,1.9332,1.9366,1.9086,1.9107
2019-09-09,1.9112,1.92415,1.90544,1.9209
2019-09-10,1.9209,1.93009,1.91499,1.9221000000000001
2019-09-11,1.9221000000000001,1.92865,1.919,1.9221000000000001
2019-09-12,1.9221000000000001,1.9285700000000001,1.91131,1.9235
2019-09-13,1.9235,1.9608,1.9235,1.95787
2019-09-16,1.9565400000000002,1.9618,1.9452,1.9576900000000002
2019-09-17,1.9576900000000002,1.97056,1.95702,1.9647000000000001
2019-09-18,1.9647000000000001,1.9799900000000001,1.9634800000000001,1.9725000000000001
2019-09-19,1.9725000000000001,1.99021,1.9696,1.987
2019-09-20,1.987,2.0002899999999997,1.9847000000000001,1.9906700000000002
2019-09-23,1.98837,1.9921,1.97387,1.9747000000000001
2019-09-24,1.9747000000000001,1.9825300000000001,1.9712800000000001,1.9745000000000001
2019-09-25,1.9745000000000001,1.97821,1.9639,1.9683000000000002
2019-09-26,1.9683000000000002,1.9711,1.9515200000000001,1.95611
2019-09-27,1.95611,1.9615,1.95005,1.9510800000000001
2019-09-30,1.95485,1.96885,1.9523300000000001,1.9619
2019-10-01,1.9619,1.97749,1.95926,1.96951
2019-10-02,1.96951,1.97144,1.96082,1.9613
2019-10-03,1.9613,1.9707000000000001,1.9535,1.9558
2019-10-04,1.9558,1.95933,1.94045,1.95154
2019-10-07,1.9513900000000002,1.9618,1.94768,1.9541000000000002
2019-10-08,1.9541000000000002,1.9552,1.9316,1.9399000000000002
2019-10-09,1.9399000000000002,1.9466400000000001,1.9320000000000002,1.9395
2019-10-10,1.9395,1.97275,1.93117,1.9671
2019-10-11,1.9671,2.00356,1.95746,1.99371
2019-10-14,1.99265,2.01294,1.99005,2.0007599999999996
2019-10-15,2.0007599999999996,2.03503,1.99743,2.02976
2019-10-16,2.02976,2.05593,2.01809,2.0383
2019-10-17,2.0383,2.05112,2.01747,2.03054
2019-10-18,2.03054,2.03397,2.01571,2.03268
2019-10-21,2.02988,2.03441,2.01532,2.0217799999999997
2019-10-22,2.0217799999999997,2.02655,2.0075499999999997,2.0082
2019-10-23,2.0082,2.01483,2.0044,2.0099099999999996
2019-10-24,2.0099099999999996,2.0227,2.00587,2.01199
2019-10-25,2.01199,2.02087,2.01097,2.0190799999999998
2019-10-28,2.01606,2.03085,2.01408,2.0243599999999997
2019-10-29,2.0243599999999997,2.0317399999999997,2.0156199999999997,2.02398
2019-10-30,2.02398,2.03239,2.0181899999999997,2.0183
2019-10-31,2.0183,2.0243599999999997,2.00946,2.01766
2019-11-01,2.01766,2.0196799999999997,2.00711,2.01226
2019-11-04,2.00765,2.01625,2.00034,2.0122199999999997
2019-11-05,2.0122199999999997,2.02202,2.0040899999999997,2.01985
2019-11-06,2.01985,2.02425,2.01549,2.01816
2019-11-07,2.01816,2.0234799999999997,2.00767,2.01294
2019-11-08,2.01294,2.02569,2.00786,2.0176399999999997
2019-11-11,2.01925,2.02643,2.0096,2.0192099999999997
2019-11-12,2.0192099999999997,2.03307,2.01883,2.02844
2019-11-13,2.02844,2.03055,2.00146,2.0034699999999996
2019-11-14,2.0034699999999996,2.0254999999999996,2.00106,2.01807
2019-11-15,2.01807,2.0202799999999996,2.01232,2.01387
2019-11-18,2.0170999999999997,2.02759,2.0143999999999997,2.02373
2019-11-19,2.02373,2.0297099999999997,2.00812,2.00889
2019-11-20,2.00889,2.0169799999999998,2.0076199999999997,2.01346
2019-11-21,2.01346,2.02085,2.01008,2.01491
2019-11-22,2.01491,2.0182499999999997,2.00027,2.00234
2019-11-25,2.00467,2.01633,1.99927,2.0092999999999996
2019-11-26,2.0092999999999996,2.01288,1.99903,2.0002199999999997
2019-11-27,2.0002199999999997,2.01255,1.996,2.0122899999999997
2019-11-28,2.0122899999999997,2.02101,2.0084899999999997,2.01007
2019-11-29,2.01007,2.0180599999999997,2.0018599999999998,2.0131699999999997
2019-12-02,2.00534,2.00983,1.98583,1.9897
2019-12-03,1.9897,1.9971800000000002,1.9868000000000001,1.993
2019-12-04,1.993,2.00866,1.9903,2.00526
2019-12-05,2.00526,2.01565,1.9977,2.00995
2019-12-06,2.00995,2.0117399999999996,1.99607,1.9991400000000001
2019-12-09,2.00249,2.01017,2.0007599999999996,2.00554
2019-12-10,2.00554,2.01797,2.00068,2.00907
2019-12-11,2.00907,2.0141299999999998,1.9996,2.0030699999999997
2019-12-12,2.0030699999999997,2.0089799999999998,1.98418,1.9946000000000002
2019-12-13,1.9946000000000002,2.0416399999999997,1.9946000000000002,2.02107
2019-12-16,2.0188699999999997,2.03484,2.0157599999999998,2.0204
2019-12-17,2.0204,2.0214,1.9930400000000001,1.9956
2019-12-18,1.9956,2.00046,1.9777,1.9849
2019-12-19,1.9849,1.99522,1.9673,1.9686000000000001
2019-12-20,1.9686000000000001,1.97973,1.9673800000000001,1.96896
2019-12-23,1.96876,1.97191,1.94808,1.9493
2019-12-24,1.9493,1.9551100000000001,1.9466400000000001,1.95075
2019-12-26,1.95075,1.95459,1.9473,1.9479
2019-12-27,1.9479,1.9604000000000001,1.94181,1.9518
2019-12-30,1.95313,1.9554200000000002,1.94712,1.94869
2019-12-31,1.94869,1.96937,1.94619,1.9677200000000001
2020-01-02,1.9677200000000001,1.97564,1.95957,1.96048
2020-01-03,1.96048,1.96882,1.9586000000000001,1.96134
2020-01-06,1.96395,1.9757,1.9611,1.97242
2020-01-07,1.97242,1.9839900000000001,1.9721,1.9748
2020-01-08,1.9748,1.98187,1.96733,1.9693
2020-01-09,1.9693,1.9779600000000002,1.9650100000000001,1.9752
2020-01-10,1.9752,1.9791400000000001,1.9653100000000001,1.9669100000000002
2020-01-13,1.9622300000000001,1.96648,1.95431,1.959
2020-01-14,1.959,1.97029,1.95441,1.9678
2020-01-15,1.9678,1.97524,1.96513,1.9703000000000002
2020-01-16,1.9703000000000002,1.97266,1.95839,1.9697
2020-01-17,1.9697,1.9762300000000002,1.96451,1.9673
2020-01-20,1.9638200000000001,1.9711500000000002,1.96062,1.9687000000000001
2020-01-21,1.9687000000000001,1.9800200000000001,1.96634,1.9778
2020-01-22,1.9778,1.99471,1.9766000000000001,1.9924000000000002
2020-01-23,1.9924000000000002,1.9951,1.9802600000000001,1.9833
2020-01-24,1.9833,1.98839,1.9762000000000002,1.97913
2020-01-27,1.9854,1.99715,1.9801,1.9931
2020-01-28,1.9931,1.99805,1.9877200000000002,1.98966
2020-01-29,1.98966,1.99726,1.9861300000000002,1.9944000000000002
2020-01-30,1.9944000000000002,2.02025,1.99161,2.01659
2020-01-31,2.01659,2.04323,2.01417,2.0420499999999997
2020-02-03,2.03478,2.0417899999999998,2.00921,2.0099
2020-02-04,2.0099,2.02048,2.0019299999999998,2.00675
2020-02-05,2.00675,2.0153399999999997,1.9996,2.00767
2020-02-06,2.00767,2.01172,2,2.00075
2020-02-07,2.00075,2.0194699999999997,1.9997500000000001,2.0133199999999998
2020-02-10,2.01274,2.02527,2.00892,2.0224499999999996
2020-02-11,2.0224499999999996,2.02567,2.0173799999999997,2.022
2020-02-12,2.022,2.0238099999999997,2.0000999999999998,2.00272
2020-02-13,2.00272,2.0276,2.00245,2.02515
2020-02-14,2.02515,2.03004,2.0202899999999997,2.0278
2020-02-17,2.0222599999999997,2.0294499999999998,2.01766,2.01951
2020-02-18,2.01951,2.04018,2.01834,2.03484
2020-02-19,2.03484,2.0356899999999998,2.0223,2.0223
2020-02-20,2.0223,2.03734,2.02126,2.0337099999999997
2020-02-21,2.0337099999999997,2.05089,2.03097,2.0406199999999997
2020-02-24,2.04963,2.05401,2.03427,2.03849
2020-02-25,2.03849,2.05773,2.03519,2.05715
2020-02-26,2.05715,2.06147,2.04797,2.04995
2020-02-27,2.04995,2.05545,2.0332,2.04229
2020-02-28,2.04229,2.0673299999999997,2.0399499999999997,2.0528899999999997
2020-03-02,2.05862,2.0636699999999997,2.03322,2.03613
2020-03-03,2.03613,2.0455799999999997,2.0256499999999997,2.04142
2020-03-04,2.04142,2.0478099999999997,2.02719,2.0427299999999997
2020-03-05,2.0427299999999997,2.0576399999999997,2.0399,2.0541199999999997
2020-03-06,2.0541199999999997,2.0583199999999997,2.03735,2.05142
2020-03-09,2.06956,2.17598,2.0353399999999997,2.06968
2020-03-10,2.06968,2.0764299999999998,2.0568899999999997,2.05877
2020-03-11,2.05877,2.06215,2.0377,2.0436199999999998
2020-03-12,2.0436199999999998,2.06425,2.03149,2.0641499999999997
2020-03-13,2.0641499999999997,2.06722,2.0209699999999997,2.0234099999999997
2020-03-16,2.0234099999999997,2.05625,2.0052,2.02831
2020-03-17,2.02831,2.0400799999999997,2.0079,2.0275499999999997
2020-03-18,2.0275499999999997,2.054,1.98923,2.02441
2020-03-19,2.02441,2.10018,1.98937,2.0267199999999996
2020-03-20,2.0267199999999996,2.0683499999999997,2.0019199999999997,2.0380599999999998
2020-03-23,2.0448399999999998,2.0775799999999998,2.00645,2.02177
2020-03-24,2.02177,2.04033,1.9948000000000001,2.0166
2020-03-25,2.0166,2.04336,2.00601,2.03123
2020-03-26,2.03123,2.0514799999999997,2.02356,2.04536
2020-03-27,2.04536,2.07354,2.0345999999999997,2.0598099999999997
2020-03-30,2.0598099999999997,2.0726899999999997,2.0507199999999997,2.0629
2020-03-31,2.0629,2.09612,2.04454,2.0797999999999996
2020-04-01,2.0797999999999996,2.10392,2.07706,2.0880699999999996
2020-04-02,2.0880699999999996,2.1028499999999997,2.07712,2.09395
2020-04-03,2.09395,2.10155,2.0847499999999997,2.0923
2020-04-06,2.08026,2.09199,2.0598899999999998,2.06119
2020-04-07,2.06119,2.06501,2.04952,2.0630599999999997
2020-04-08,2.0630599999999997,2.0735599999999996,2.05606,2.05993
2020-04-09,2.05993,2.0741,2.04617,2.0474099999999997
2020-04-10,2.0474099999999997,2.05633,2.04221,2.04859
2020-04-13,2.04859,2.0602099999999997,2.04427,2.05205
2020-04-14,2.05205,2.0766799999999996,2.0477,2.06668
2020-04-15,2.06668,2.09454,2.0663899999999997,2.08663
2020-04-16,2.08663,2.0989899999999997,2.0848199999999997,2.08786
2020-04-17,2.08786,2.08786,2.06602,2.0715299999999996
2020-04-20,2.0715299999999996,2.07745,2.0471299999999997,2.05789
2020-04-21,2.05789,2.07603,2.05359,2.05895
2020-04-22,2.05895,2.07638,2.05071,2.0709899999999997
2020-04-23,2.0709899999999997,2.0835,2.04827,2.05322
2020-04-24,2.05322,2.0630599999999997,2.05177,2.05366
2020-04-27,2.05366,2.05728,2.0470699999999997,2.05416
2020-04-28,2.05416,2.0715999999999997,2.0481499999999997,2.05003
2020-04-29,2.05003,2.05254,2.03065,2.03193
2020-04-30,2.03193,2.05529,2.02784,2.05403
2020-05-01,2.05403,2.07014,2.05294,2.05932
2020-05-04,2.05992,2.07129,2.05349,2.05495
2020-05-05,2.05495,2.06026,2.04956,2.05301
2020-05-06,2.05301,2.05972,2.04234,2.05199
2020-05-07,2.05199,2.05695,2.02772,2.0292399999999997
2020-05-08,2.0292399999999997,2.03267,2.01707,2.01869
2020-05-11,2.01692,2.03503,2.01692,2.02725
2020-05-12,2.02725,2.03454,2.01224,2.0155
2020-05-13,2.0155,2.0450399999999997,2.0122999999999998,2.03854
2020-05-14,2.03854,2.04764,2.03457,2.0367599999999997
2020-05-15,2.0367599999999997,2.0472599999999996,2.0332999999999997,2.0385999999999997
2020-05-18,2.03362,2.03971,2.01692,2.0173799999999997
2020-05-19,2.0173799999999997,2.02302,2.0060599999999997,2.01483
2020-05-20,2.01483,2.0191999999999997,1.98842,1.9895
2020-05-21,1.9895,2.0029999999999997,1.98923,1.9964000000000002
2020-05-22,1.9964000000000002,2.0038899999999997,1.9922,1.9935
2020-05-25,1.997,2.00121,1.99479,1.996
2020-05-26,1.996,2.00053,1.9814,1.9894
2020-05-27,1.9894,1.9934,1.97594,1.9811
2020-05-28,1.9811,1.9859900000000001,1.97773,1.9827000000000001
2020-05-29,1.9827000000000001,1.99885,1.9771,1.98876
2020-06-01,1.9877,1.99339,1.98239,1.9843000000000002
2020-06-02,1.9843000000000002,2.00019,1.96936,1.97
2020-06-03,1.97,1.9729,1.9552500000000002,1.9577
2020-06-04,1.9577,1.95893,1.9476,1.9480000000000002
2020-06-05,1.9480000000000002,1.9566400000000002,1.9418600000000001,1.9453200000000002
2020-06-08,1.9492,1.95121,1.9374,1.9392
2020-06-09,1.9392,1.9558600000000002,1.93746,1.9537
2020-06-10,1.9537,1.95865,1.94475,1.9502000000000002
2020-06-11,1.9502000000000002,1.9637200000000001,1.9474900000000002,1.9594
2020-06-12,1.9594,1.96381,1.9413,1.94343
2020-06-15,1.9412,1.9529,1.93869,1.9468
2020-06-16,1.9468,1.96012,1.943,1.9484000000000001
2020-06-17,1.9484000000000001,1.95134,1.937,1.9441000000000002
2020-06-18,1.9441000000000002,1.95131,1.9275600000000002,1.9323000000000001
2020-06-19,1.9323000000000001,1.94024,1.9198000000000002,1.92584
2020-06-22,1.93294,1.9331,1.9153,1.9238000000000002
2020-06-23,1.9238000000000002,1.9337300000000002,1.9139000000000002,1.9284000000000001
2020-06-24,1.9284000000000001,1.9475500000000001,1.9245,1.9374
2020-06-25,1.9374,1.94068,1.92937,1.9313
2020-06-26,1.9313,1.93492,1.91962,1.9198300000000001
2020-06-29,1.92147,1.9255,1.91222,1.9149
2020-06-30,1.9149,1.92303,1.91321,1.921
2020-07-01,1.921,1.92897,1.91527,1.9259000000000002
2020-07-02,1.9259000000000002,1.9260000000000002,1.91283,1.9145
2020-07-03,1.9145,1.9175200000000001,1.9066800000000002,1.9084
2020-07-06,1.91049,1.91306,1.90364,1.9055
2020-07-07,1.9055,1.91792,1.9020400000000002,1.9155
2020-07-08,1.9155,1.92092,1.91379,1.9176
2020-07-09,1.9176,1.92438,1.9153,1.9187
2020-07-10,1.9187,1.92487,1.91622,1.9195200000000001
2020-07-13,1.9177300000000002,1.92699,1.91412,1.9195
2020-07-14,1.9195,1.9245800000000002,1.91501,1.9220000000000002
2020-07-15,1.9220000000000002,1.9246800000000002,1.91462,1.91483
2020-07-16,1.91483,1.92301,1.91277,1.9208
2020-07-17,1.9208,1.9214,1.9137000000000002,1.9162700000000001
2020-07-20,1.9186100000000001,1.9274600000000002,1.91158,1.9252
2020-07-21,1.9252,1.9322300000000001,1.91503,1.9165
2020-07-22,1.9165,1.91816,1.9003,1.9113
2020-07-23,1.9113,1.9216,1.9004800000000002,1.9202000000000001
2020-07-24,1.9202000000000001,1.92923,1.9167,1.92527
2020-07-27,1.92717,1.92957,1.91961,1.9269
2020-07-28,1.9269,1.94497,1.92473,1.9413
2020-07-29,1.9413,1.953,1.9391,1.9484000000000001
2020-07-30,1.9484000000000001,1.97059,1.9447,1.9546000000000001
2020-07-31,1.9546000000000001,1.97785,1.9520600000000001,1.97178
2020-08-03,1.97129,1.9789100000000002,1.96323,1.977
2020-08-04,1.977,1.9803000000000002,1.9678,1.97263
2020-08-05,1.97263,1.9756900000000002,1.96607,1.9728
2020-08-06,1.9728,1.98556,1.96442,1.965
2020-08-07,1.965,1.97924,1.9628400000000001,1.97724
2020-08-10,1.9754,1.98651,1.9735900000000002,1.98296
2020-08-11,1.98296,1.99049,1.97522,1.9837
2020-08-12,1.9837,1.99671,1.97625,1.981
2020-08-13,1.981,1.9979,1.9791800000000002,1.9957
2020-08-14,1.9957,2.0067999999999997,1.99083,1.99933
2020-08-17,2.0017199999999997,2.00825,1.99454,1.9977
2020-08-18,1.9977,2.01197,1.9954,2.0050299999999996
2020-08-19,2.0050299999999996,2.0069999999999997,1.9856,1.9958
2020-08-20,1.9958,2.0270799999999998,1.99356,2.02116
2020-08-21,2.02116,2.02711,1.99986,2.00061
2020-08-24,2.00153,2.00724,1.99671,2.0008
2020-08-25,2.0008,2.0130299999999997,1.99813,2.00817
2020-08-26,2.00817,2.0086899999999996,1.9935,1.9949000000000001
2020-08-27,1.9949000000000001,1.9965700000000002,1.9856200000000002,1.9876200000000002
2020-08-28,1.9876200000000002,1.9918200000000001,1.97452,1.97933
2020-08-31,1.9802,1.9856,1.97655,1.9854
2020-09-01,1.9854,1.99295,1.97814,1.9794800000000001
2020-09-02,1.9794800000000001,1.9818500000000001,1.96705,1.9713
2020-09-03,1.9713,1.9831400000000001,1.9683300000000001,1.9784000000000002
2020-09-04,1.9784000000000002,1.98296,1.9704000000000002,1.97541
2020-09-07,1.9710800000000002,1.9759,1.96232,1.9659
2020-09-08,1.9659,1.9678200000000001,1.9551,1.961
2020-09-09,1.961,1.9628,1.94093,1.9451
2020-09-10,1.9451,1.95248,1.92114,1.925
2020-09-11,1.925,1.9280700000000002,1.91006,1.91815
2020-09-14,1.91815,1.92553,1.91297,1.9171
2020-09-15,1.9171,1.9208500000000002,1.91135,1.9196
2020-09-16,1.9196,1.93012,1.91299,1.9260000000000002
2020-09-17,1.9260000000000002,1.9384400000000002,1.91273,1.9203000000000001
2020-09-18,1.9203000000000001,1.92189,1.90629,1.91065
2020-09-21,1.90547,1.9231800000000001,1.90547,1.9217
2020-09-22,1.9217,1.9275200000000001,1.91327,1.9180000000000001
2020-09-23,1.9180000000000001,1.9449400000000001,1.91561,1.94151
2020-09-24,1.94151,1.9584000000000001,1.93941,1.9453
2020-09-25,1.9453,1.9486700000000001,1.9371800000000001,1.94554
2020-09-28,1.95141,1.96953,1.94431,1.957
2020-09-29,1.957,1.9619300000000002,1.9466400000000001,1.95017
2020-09-30,1.95017,1.95889,1.94567,1.9509
2020-10-01,1.9509,1.95276,1.9323700000000001,1.9360600000000001
2020-10-02,1.9360600000000001,1.95439,1.93496,1.94712
2020-10-05,1.94604,1.9572800000000001,1.9424700000000001,1.9517
2020-10-06,1.9517,1.96049,1.9431,1.95253
2020-10-07,1.95253,1.96583,1.94831,1.96167
2020-10-08,1.96167,1.97295,1.9569800000000002,1.9647000000000001
2020-10-09,1.9647000000000001,1.96492,1.94997,1.9549100000000001
2020-10-12,1.9549,1.9683700000000002,1.95388,1.9653
2020-10-13,1.9653,1.96774,1.9429,1.9440000000000002
2020-10-14,1.9440000000000002,1.9613800000000001,1.93465,1.9544000000000001
2020-10-15,1.9544000000000001,1.96495,1.95167,1.9554500000000001
2020-10-16,1.9554500000000001,1.96198,1.9472800000000001,1.95479
2020-10-19,1.95001,1.9623000000000002,1.9500000000000002,1.9578
2020-10-20,1.9578,1.97693,1.9573,1.9668
2020-10-21,1.9668,1.97564,1.9616200000000001,1.9748
2020-10-22,1.9748,1.9801300000000002,1.95672,1.9586000000000001
2020-10-23,1.9586000000000001,1.96364,1.94768,1.9494200000000002
2020-10-26,1.95066,1.95526,1.94248,1.9489
2020-10-27,1.9489,1.9507100000000002,1.94019,1.9440000000000002
2020-10-28,1.9440000000000002,1.95814,1.9400600000000001,1.9555
2020-10-29,1.9555,1.9614500000000001,1.94804,1.9496
2020-10-30,1.9496,1.9622000000000002,1.94506,1.9571800000000001
2020-11-02,1.9534,1.9605700000000001,1.94581,1.9466
2020-11-03,1.9466,1.9516,1.94375,1.9499
2020-11-04,1.9499,1.95702,1.9346,1.9386
2020-11-05,1.9386,1.94306,1.9317300000000002,1.9416
2020-11-06,1.9416,1.94587,1.9317,1.94046
2020-11-09,1.93653,1.94014,1.91811,1.91923
2020-11-10,1.91923,1.94852,1.91923,1.94024
2020-11-11,1.94024,1.9464700000000001,1.91852,1.9208
2020-11-12,1.9208,1.92266,1.9098600000000001,1.9161000000000001
2020-11-13,1.9161000000000001,1.93168,1.91209,1.92632
2020-11-16,1.92388,1.9268,1.90937,1.9105
2020-11-17,1.9105,1.9276,1.9095,1.9216
2020-11-18,1.9216,1.92679,1.9126400000000001,1.91423
2020-11-19,1.91423,1.92429,1.91293,1.9163000000000001
2020-11-20,1.9163000000000001,1.9186100000000001,1.9096,1.91544
2020-11-23,1.9169,1.92808,1.9124,1.9238000000000002
2020-11-24,1.9238000000000002,1.92558,1.90745,1.9132900000000002
2020-11-25,1.9132900000000002,1.91971,1.9072600000000002,1.90839
2020-11-26,1.90839,1.91351,1.90325,1.905
2020-11-27,1.905,1.9075600000000001,1.88968,1.8916000000000002
2020-11-30,1.89399,1.9038000000000002,1.8904,1.8967
2020-12-01,1.8967,1.9034600000000002,1.89154,1.8983
2020-12-02,1.8983,1.90202,1.8868,1.8891
2020-12-03,1.8891,1.9075900000000001,1.8879000000000001,1.8983400000000001
2020-12-04,1.8983400000000001,1.9188,1.8983400000000001,1.9072
2020-12-07,1.9016000000000002,1.90887,1.88473,1.89843
2020-12-08,1.89843,1.90125,1.8884400000000001,1.8954
2020-12-09,1.8954,1.90843,1.8907,1.9071
2020-12-10,1.9071,1.91116,1.8714000000000002,1.872
2020-12-11,1.872,1.87654,1.8523,1.8643
2020-12-14,1.8802,1.89019,1.8753300000000002,1.8797000000000001
2020-12-15,1.8797000000000001,1.9000000000000001,1.8791,1.8976000000000002
2020-12-16,1.8976000000000002,1.90928,1.8912200000000001,1.89918
2020-12-17,1.89918,1.90483,1.89206,1.8980000000000001
2020-12-18,1.8980000000000001,1.90073,1.88871,1.8932
2020-12-21,1.8827,1.8997600000000001,1.87785,1.89524
2020-12-22,1.89524,1.90697,1.89142,1.8955
2020-12-23,1.8955,1.9104400000000001,1.89307,1.9002100000000002
2020-12-24,1.9002100000000002,1.91496,1.8998000000000002,1.90147
2020-12-28,1.90147,1.9074,1.89202,1.89307
2020-12-29,1.89307,1.8973600000000002,1.88393,1.8876000000000002
2020-12-30,1.8876000000000002,1.89272,1.88359,1.8903
2020-12-31,1.8903,1.9011900000000002,1.88437,1.89977
2021-01-04,1.8967,1.90426,1.88752,1.8897000000000002
2021-01-05,1.8897000000000002,1.8935,1.8765,1.8772900000000001
2021-01-06,1.8772900000000001,1.8797000000000001,1.86332,1.8639000000000001
2021-01-07,1.8639000000000001,1.8787500000000001,1.8627,1.8678000000000001
2021-01-08,1.8678000000000001,1.88018,1.8664800000000001,1.873
2021-01-11,1.873,1.8871900000000001,1.873,1.8865
2021-01-12,1.8865,1.8994300000000002,1.8833,1.8912
2021-01-13,1.8912,1.90622,1.8896000000000002,1.8988
2021-01-14,1.8988,1.90151,1.8907800000000001,1.8942400000000001
2021-01-15,1.8942400000000001,1.90798,1.8926,1.9039000000000001
2021-01-18,1.9038000000000002,1.91097,1.90097,1.9092600000000002
2021-01-19,1.9092600000000002,1.9170200000000002,1.9054,1.9121000000000001
2021-01-20,1.9121000000000001,1.9215600000000002,1.90162,1.9029
2021-01-21,1.9029,1.9099300000000001,1.8976000000000002,1.9015
2021-01-22,1.9015,1.9074200000000001,1.89972,1.9035300000000002
2021-01-25,1.90544,1.90772,1.8949,1.8960400000000002
2021-01-26,1.8960400000000002,1.90194,1.8922,1.8966100000000001
2021-01-27,1.8966100000000001,1.91415,1.8953,1.9103
2021-01-28,1.9103,1.9199300000000001,1.90811,1.9117000000000002
2021-01-29,1.9117000000000002,1.9160300000000001,1.90022,1.90568
2021-02-01,1.9136,1.9152500000000001,1.90513,1.9084
2021-02-02,1.9084,1.91168,1.8989900000000002,1.89999
2021-02-03,1.89999,1.90142,1.8911600000000002,1.8925
2021-02-04,1.8925,1.91121,1.88612,1.9097000000000002
2021-02-05,1.9097000000000002,1.9176300000000002,1.90531,1.9062000000000001
2021-02-08,1.9062000000000001,1.9086800000000002,1.89991,1.9004
2021-02-09,1.9004,1.90934,1.8995,1.9078000000000002
2021-02-10,1.9078000000000002,1.9226400000000001,1.9066500000000002,1.9165
2021-02-11,1.9165,1.9196600000000001,1.90735,1.91127
2021-02-12,1.91127,1.9244700000000001,1.9077000000000002,1.9180000000000001
2021-02-15,1.92073,1.92649,1.91735,1.92267
2021-02-16,1.92267,1.9316600000000002,1.91657,1.92737
2021-02-17,1.92737,1.9346,1.92426,1.9251500000000001
2021-02-18,1.9251500000000001,1.94181,1.92501,1.9338300000000002
2021-02-19,1.9338300000000002,1.93798,1.9166,1.91754
2021-02-22,1.9212200000000001,1.92202,1.91463,1.91761
2021-02-23,1.91761,1.92777,1.9168,1.92181
2021-02-24,1.92181,1.93154,1.8962100000000002,1.90005
2021-02-25,1.90005,1.9057600000000001,1.89565,1.89972
2021-02-26,1.89972,1.92887,1.8936600000000001,1.9245800000000002
2021-03-01,1.9229500000000002,1.9324400000000002,1.91257,1.91577
2021-03-02,1.91577,1.9248100000000001,1.90937,1.91252
2021-03-03,1.91252,1.9269100000000001,1.91124,1.9242400000000002
2021-03-04,1.9242400000000002,1.93577,1.91805,1.93208
2021-03-05,1.93208,1.94197,1.92831,1.9291800000000001
2021-03-08,1.9280300000000001,1.9464400000000002,1.9255200000000001,1.9400300000000001
2021-03-09,1.9400300000000001,1.94527,1.93408,1.93543
2021-03-10,1.93543,1.9437600000000002,1.9328800000000002,1.93483
2021-03-11,1.93483,1.9414200000000001,1.92646,1.93486
2021-03-12,1.93486,1.94273,1.9341000000000002,1.93763
2021-03-15,1.9387400000000001,1.94015,1.9279600000000001,1.9288800000000001
2021-03-16,1.9288800000000001,1.9333500000000001,1.9233500000000001,1.9311
2021-03-17,1.9311,1.94076,1.9205,1.9264400000000002
2021-03-18,1.9264400000000002,1.94529,1.92443,1.9423300000000001
2021-03-19,1.9423300000000001,1.9455900000000002,1.9319300000000001,1.93259
2021-03-22,1.93547,1.9378900000000001,1.9259600000000001,1.93486
2021-03-23,1.93486,1.96695,1.93259,1.96303
2021-03-24,1.96303,1.9696200000000001,1.9595900000000002,1.96509
2021-03-25,1.96509,1.97683,1.96062,1.97502
2021-03-26,1.97502,1.97573,1.96829,1.96829
2021-03-29,1.9701300000000002,1.98234,1.9625700000000001,1.96526
2021-03-30,1.96526,1.9703700000000002,1.9588800000000002,1.96717
2021-03-31,1.96717,1.9747400000000002,1.96368,1.97202
2021-04-01,1.97202,1.98147,1.9660600000000001,1.96933
2021-04-02,1.96933,1.9714500000000001,1.96259,1.9650400000000001
2021-04-05,1.9663300000000001,1.97088,1.9655,1.96688
2021-04-06,1.96688,1.9751800000000002,1.95737,1.95778
2021-04-07,1.95778,1.96658,1.95398,1.95709
2021-04-08,1.95709,1.96144,1.9442300000000001,1.9457900000000001
2021-04-09,1.9457900000000001,1.95316,1.94421,1.9466
2021-04-12,1.94703,1.95678,1.9449500000000002,1.95299
2021-04-13,1.9530399999999999,1.96048,1.9471399999999999,1.94774
2021-04-14,1.94774,1.9513,1.92743,1.92743
2021-04-15,1.92743,1.9307699999999999,1.92013,1.92161
2021-04-16,1.92161,1.93827,1.91743,1.93615
2021-04-19,1.9395499999999999,1.9503,1.92845,1.9468699999999999
2021-04-20,1.9468699999999999,1.9489999999999998,1.9354099999999999,1.9413099999999999
2021-04-21,1.9413099999999999,1.94552,1.92967,1.92994
2021-04-22,1.92994,1.93944,1.92922,1.9308699999999999
2021-04-23,1.9308699999999999,1.93618,1.9260199999999998,1.9260599999999999
2021-04-26,1.9279899999999999,1.93191,1.9179599999999999,1.91956
2021-04-27,1.91956,1.93076,1.9187699999999999,1.9288399999999999
2021-04-28,1.9288399999999999,1.93214,1.91744,1.91767
2021-04-29,1.91767,1.93197,1.9172099999999999,1.92424
2021-04-30,1.92424,1.93089,1.91995,1.9274799999999999
2021-05-03,1.92191,1.93536,1.92191,1.9284999999999999
2021-05-04,1.9284999999999999,1.94827,1.9284999999999999,1.94211
2021-05-05,1.94211,1.9439,1.92509,1.92601
2021-05-06,1.92601,1.93342,1.91834,1.91834
2021-05-07,1.91834,1.93023,1.9176,1.91915
2021-05-10,1.9205299999999998,1.9446299999999999,1.9205299999999998,1.94214
2021-05-11,1.94214,1.9485999999999999,1.93973,1.9423
2021-05-12,1.9423,1.9669699999999999,1.94157,1.9626299999999999
2021-05-13,1.9626299999999999,1.96601,1.95186,1.9543599999999999
2021-05-14,1.9543599999999999,1.95797,1.94184,1.94238
2021-05-17,1.9474099999999999,1.96225,1.94328,1.95967
2021-05-18,1.95967,1.96155,1.9531699999999999,1.9590999999999998
2021-05-19,1.9590999999999998,1.97279,1.95668,1.96752
2021-05-20,1.96752,1.97235,1.96145,1.9689299999999998
2021-05-21,1.9689299999999998,1.97714,1.9671699999999999,1.97275
2021-05-24,1.96973,1.97448,1.9598799999999998,1.96112
2021-05-25,1.96112,1.96454,1.95092,1.95654
2021-05-26,1.95654,1.95879,1.9337499999999999,1.9376499999999999
2021-05-27,1.9376499999999999,1.9477799999999998,1.93291,1.94657
2021-05-28,1.94657,1.96091,1.94584,1.95576
2021-05-31,1.9528699999999999,1.96014,1.94905,1.95296
2021-06-01,1.95296,1.9574399999999998,1.94789,1.9485299999999999
2021-06-02,1.9485299999999999,1.96013,1.94715,1.95625
2021-06-03,1.95625,1.9781,1.95584,1.97311
2021-06-04,1.97311,1.97811,1.96095,1.96167
2021-06-07,1.96167,1.96609,1.9575799999999999,1.9614099999999999
2021-06-08,1.9614099999999999,1.96776,1.9584899999999998,1.96426
2021-06-09,1.96426,1.96992,1.9619199999999999,1.96427
2021-06-10,1.96427,1.9707599999999998,1.9599499999999999,1.96964
2021-06-11,1.96964,1.98321,1.96542,1.9782
2021-06-14,1.97633,1.97908,1.97044,1.9740499999999999
2021-06-15,1.9740499999999999,1.98174,1.9697799999999999,1.9767299999999999
2021-06-16,1.9767299999999999,1.9866599999999999,1.97199,1.9823899999999999
2021-06-17,1.9823899999999999,1.99163,1.9700199999999999,1.98653
2021-06-18,1.98653,1.99612,1.9843899999999999,1.9892999999999998
2021-06-21,1.99087,1.99367,1.9812699999999999,1.9929999999999999
2021-06-22,1.9929999999999999,1.99607,1.98292,1.98389
2021-06-23,1.98389,1.99107,1.9789999999999999,1.97901
2021-06-24,1.97901,1.98274,1.9666599999999999,1.97037
2021-06-25,1.97037,1.97204,1.96024,1.96224
2021-06-28,1.96224,1.97648,1.96054,1.97126
2021-06-29,1.97126,1.98136,1.96704,1.9777
2021-06-30,1.9777,1.98549,1.97471,1.97747
2021-07-01,1.97747,1.98062,1.9699,1.97289
2021-07-02,1.97289,1.97939,1.9641,1.9644
2021-07-05,1.96709,1.97396,1.96548,1.9686
2021-07-06,1.9686,1.97515,1.95279,1.9667999999999999
2021-07-07,1.9667999999999999,1.96973,1.95953,1.96433
2021-07-08,1.96433,1.98559,1.96433,1.98079
2021-07-09,1.98079,1.98946,1.97916,1.9857
2021-07-12,1.98478,1.9929599999999998,1.98236,1.98718
2021-07-13,1.98718,1.99577,1.9819499999999999,1.98599
2021-07-14,1.98599,1.98921,1.96804,1.9691699999999999
2021-07-15,1.9691699999999999,1.98421,1.9674099999999999,1.9785
2021-07-16,1.9785,1.9805599999999999,1.96268,1.96355
2021-07-19,1.96633,1.97787,1.96443,1.9685
2021-07-20,1.9685,1.9808599999999998,1.9664899999999998,1.96854
2021-07-21,1.96854,1.97274,1.96311,1.96637
2021-07-22,1.96637,1.97914,1.96443,1.97289
2021-07-23,1.97289,1.97448,1.96559,1.9677799999999999
2021-07-26,1.97031,1.97827,1.9683899999999999,1.97089
2021-07-27,1.97089,1.99704,1.97089,1.99321
2021-07-28,1.99321,2.0067600000000003,1.9919099999999998,1.99606
2021-07-29,1.99606,2.00237,1.98972,1.98972
2021-07-30,1.98972,1.99695,1.98819,1.9926
2021-08-02,1.9930999999999999,1.9973699999999999,1.98721,1.9905
2021-08-03,1.9905,1.99326,1.97997,1.98244
2021-08-04,1.98244,1.98311,1.96706,1.96885
2021-08-05,1.96885,1.97471,1.9678799999999999,1.9717799999999999
2021-08-06,1.9717799999999999,1.97992,1.9716,1.9781199999999999
2021-08-09,1.9781199999999999,1.98529,1.97417,1.9792399999999999
2021-08-10,1.9792399999999999,1.9862499999999998,1.97213,1.97213
2021-08-11,1.97213,1.9763199999999999,1.96472,1.96696
2021-08-12,1.96696,1.9770999999999999,1.96696,1.97078
2021-08-13,1.97078,1.97384,1.96681,1.9677
2021-08-16,1.9677,1.97521,1.9645599999999999,1.97086
2021-08-17,1.97086,1.99677,1.96827,1.9833699999999999
2021-08-18,1.9833699999999999,2.00088,1.97908,1.9968299999999999
2021-08-19,1.9968299999999999,2.00747,1.99379,1.99594
2021-08-20,1.99594,2.0008500000000002,1.9908,1.9925
2021-08-23,1.99534,1.99762,1.9881,1.98868
2021-08-24,1.98868,1.99389,1.97231,1.97336
2021-08-25,1.97336,1.97943,1.97038,1.97241
2021-08-26,1.97241,1.97747,1.96806,1.97044
2021-08-27,1.97044,1.9773399999999999,1.95998,1.95998
2021-08-30,1.95998,1.96938,1.95998,1.96458
2021-08-31,1.96458,1.9665,1.94868,1.95064
2021-09-01,1.95064,1.95567,1.9459199999999999,1.94658
2021-09-02,1.94658,1.95172,1.94095,1.9439499999999998
2021-09-03,1.9439499999999998,1.94742,1.9342,1.9353
2021-09-06,1.9340199999999999,1.94174,1.93313,1.93654
2021-09-07,1.93654,1.94495,1.93414,1.94058
2021-09-08,1.94058,1.94245,1.93564,1.93834
2021-09-09,1.93834,1.94715,1.93584,1.94444
2021-09-10,1.94444,1.9511699999999998,1.93906,1.94381
2021-09-13,1.94381,1.94827,1.94051,1.94298
2021-09-14,1.94298,1.95102,1.94038,1.9437
2021-09-15,1.9437,1.9505299999999999,1.94309,1.94471
2021-09-16,1.94471,1.95081,1.93933,1.9481199999999999
2021-09-17,1.9481199999999999,1.9566999999999999,1.94678,1.9487999999999999
2021-09-20,1.95281,1.954,1.94059,1.94152
2021-09-21,1.94152,1.95081,1.93977,1.94857
2021-09-22,1.94857,1.95223,1.93916,1.94309
2021-09-23,1.94309,1.95143,1.93676,1.93947
2021-09-24,1.93947,1.9533,1.93864,1.94774
2021-09-27,1.95153,1.9581,1.9447299999999998,1.95122
2021-09-28,1.95122,1.9625599999999999,1.94264,1.94376
2021-09-29,1.94376,1.95696,1.94231,1.9539499999999999
2021-09-30,1.9539499999999999,1.96135,1.9492099999999999,1.9517499999999999
2021-10-01,1.9517499999999999,1.95793,1.94893,1.9506
2021-10-04,1.9506,1.95699,1.94867,1.95206
2021-10-05,1.95206,1.96135,1.9512,1.956
2021-10-06,1.956,1.97131,1.95237,1.9634399999999999
2021-10-07,1.9634399999999999,1.9674,1.95871,1.9639
2021-10-08,1.9639,1.96878,1.9595799999999999,1.9632
2021-10-11,1.96627,1.97072,1.95728,1.95784
2021-10-12,1.95784,1.96237,1.9530399999999999,1.95834
2021-10-13,1.95834,1.9659499999999999,1.95708,1.9596099999999999
2021-10-14,1.9596099999999999,1.96145,1.9419199999999999,1.9423599999999999
2021-10-15,1.9423599999999999,1.95013,1.93787,1.9413
2021-10-18,1.94574,1.94746,1.93566,1.9361599999999999
2021-10-19,1.9361599999999999,1.93832,1.9249,1.92676
2021-10-20,1.92676,1.9300199999999998,1.9174,1.9188399999999999
2021-10-21,1.9188399999999999,1.92978,1.9157199999999999,1.92646
2021-10-22,1.92646,1.93085,1.91777,1.92193
2021-10-25,1.92193,1.92841,1.91854,1.91984
2021-10-26,1.91984,1.92651,1.91813,1.92022
2021-10-27,1.92022,1.92491,1.91266,1.9149
2021-10-28,1.9149,1.91919,1.91197,1.91432
2021-10-29,1.91432,1.92605,1.90733,1.90746
2021-11-01,1.90746,1.91078,1.8987399999999999,1.89992
2021-11-02,1.89992,1.91821,1.89869,1.9132799999999999
2021-11-03,1.9132799999999999,1.91683,1.9065999999999999,1.91017
2021-11-04,1.91017,1.9141599999999999,1.89479,1.89943
2021-11-05,1.89943,1.90619,1.893,1.894
2021-11-08,1.894,1.89906,1.88534,1.89085
2021-11-09,1.89085,1.90439,1.89021,1.9009
2021-11-10,1.9009,1.90905,1.89671,1.8982999999999999
2021-11-11,1.8982999999999999,1.91034,1.89628,1.9037
2021-11-12,1.9037,1.9102999999999999,1.9016,1.902
2021-11-15,1.90496,1.90749,1.89721,1.9023299999999999
2021-11-16,1.9023299999999999,1.9214,1.9015499999999999,1.92004
2021-11-17,1.92004,1.92881,1.91549,1.9279199999999999
2021-11-18,1.9279199999999999,1.92818,1.91278,1.91507
2021-11-19,1.91507,1.9230099999999999,1.91375,1.91968
2021-11-22,1.9185299999999998,1.92682,1.91427,1.92465
2021-11-23,1.92465,1.9334,1.92203,1.92376
2021-11-24,1.92376,1.9427999999999999,1.91944,1.9375
2021-11-25,1.9375,1.94618,1.93537,1.94072
2021-11-26,1.94072,1.96067,1.94056,1.9552
2021-11-29,1.95076,1.95918,1.94954,1.94956
2021-11-30,1.94956,1.9634,1.9454799999999999,1.94875
2021-12-01,1.94875,1.95069,1.93987,1.94854
2021-12-02,1.94854,1.95936,1.94637,1.9498199999999999
2021-12-03,1.9498199999999999,1.96235,1.94902,1.95904
2021-12-06,1.95586,1.9667599999999998,1.95586,1.9630999999999998
2021-12-07,1.9630999999999998,1.96915,1.94824,1.9484
2021-12-08,1.9484,1.9546299999999999,1.93715,1.93805
2021-12-09,1.93805,1.94776,1.93557,1.9442899999999999
2021-12-10,1.9442899999999999,1.95275,1.94373,1.95014
2021-12-13,1.94346,1.9634099999999999,1.94346,1.95503
2021-12-14,1.95503,1.9626299999999999,1.95305,1.96115
2021-12-15,1.96115,1.96965,1.9526999999999999,1.95343
2021-12-16,1.95343,1.96164,1.94603,1.95825
2021-12-17,1.95825,1.96918,1.95679,1.9628999999999999
2021-12-20,1.96057,1.9704599999999999,1.9599199999999999,1.9663599999999999
2021-12-21,1.9663599999999999,1.96909,1.9572,1.95816
2021-12-22,1.95816,1.96579,1.95658,1.95915
2021-12-23,1.95915,1.97391,1.9558,1.96347
2021-12-24,1.96347,1.9697099999999998,1.95925,1.9608999999999999
2021-12-27,1.9608999999999999,1.97637,1.9608999999999999,1.97109
2021-12-28,1.97109,1.97766,1.96953,1.97235
2021-12-29,1.97235,1.9780499999999999,1.97135,1.9738099999999998
2021-12-30,1.9738099999999998,1.97874,1.97041,1.97494
2021-12-31,1.97494,1.98041,1.97125,1.9765
2022-01-03,1.9765,1.98735,1.9728299999999999,1.9852999999999998
2022-01-04,1.9852999999999998,1.99386,1.98108,1.98594
2022-01-05,1.98594,1.99593,1.9819499999999999,1.99355
2022-01-06,1.99355,2.00794,1.99273,2.0036400000000003
2022-01-07,2.0036400000000003,2.00976,2.0031700000000003,2.00468
2022-01-10,2.00335,2.0119000000000002,2.0009900000000003,2.00623
2022-01-11,2.00623,2.0140000000000002,2.00505,2.00842
2022-01-12,2.00842,2.0135300000000003,1.9978,1.99796
2022-01-13,1.99796,2.00321,1.9938099999999999,1.99645
2022-01-14,1.99645,2.01087,1.9955699999999998,2.0072200000000002
2022-01-17,2.0072200000000002,2.0132700000000003,2.00449,2.0070200000000002
2022-01-18,2.0070200000000002,2.0152400000000004,2.0033800000000004,2.00698
2022-01-19,2.00698,2.0091900000000003,2.00144,2.00542
2022-01-20,2.00542,2.01614,2.00347,2.0114900000000002
2022-01-21,2.0114900000000002,2.02298,2.0100900000000004,2.0171
2022-01-24,2.01641,2.02094,2.0122400000000003,2.0122400000000003
2022-01-25,2.0122400000000003,2.02352,2.00943,2.0184900000000003
2022-01-26,2.0184900000000003,2.02551,2.01568,2.02306
2022-01-27,2.02306,2.03588,2.02056,2.03201
2022-01-28,2.03201,2.0500700000000003,2.03005,2.04551
2022-01-31,2.04462,2.04828,2.03662,2.04387
2022-02-01,2.04387,2.04823,2.0346300000000004,2.03586
2022-02-02,2.03586,2.04782,2.0340200000000004,2.04575
2022-02-03,2.04575,2.0535300000000003,2.03626,2.04008
2022-02-04,2.04008,2.0529,2.03616,2.0438500000000004
2022-02-07,2.0493400000000004,2.0493400000000004,2.03806,2.0393600000000003
2022-02-08,2.0393600000000003,2.04409,2.0339500000000004,2.03602
2022-02-09,2.03602,2.0401800000000003,2.02203,2.02443
2022-02-10,2.02443,2.03507,2.023,2.0306800000000003
2022-02-11,2.0306800000000003,2.04251,2.0294600000000003,2.03891
2022-02-14,2.03816,2.0491,2.0376100000000004,2.0437700000000003
2022-02-15,2.0437700000000003,2.0481000000000003,2.03724,2.0380700000000003
2022-02-16,2.0380700000000003,2.04266,2.03174,2.03282
2022-02-17,2.03282,2.0363700000000002,2.02625,2.0346200000000003
2022-02-18,2.0346200000000003,2.03589,2.0246600000000003,2.02711
2022-02-21,2.02883,2.0336100000000004,2.02151,2.02827
2022-02-22,2.02827,2.0329800000000002,2.00917,2.01703
2022-02-23,2.01703,2.01798,1.9961799999999998,1.9987599999999999
2022-02-24,1.9987599999999999,2.01268,1.9954,1.9963499999999998
2022-02-25,1.9963499999999998,2.0033000000000003,1.98433,1.98653
2022-02-28,1.9946899999999999,2.00035,1.9789299999999999,1.97899
2022-03-01,1.97899,1.9864,1.96797,1.97103
2022-03-02,1.97103,1.9756099999999999,1.96208,1.97413
2022-03-03,1.97413,1.97904,1.9606,1.96189
2022-03-04,1.96189,1.96826,1.9246699999999999,1.9270399999999999
2022-03-07,1.9285999999999999,1.93259,1.90459,1.91872
2022-03-08,1.91872,1.92768,1.91436,1.92333
2022-03-09,1.92333,1.9286999999999999,1.91942,1.9258199999999999
2022-03-10,1.9258199999999999,1.9315,1.90452,1.90473
2022-03-11,1.90473,1.91722,1.90441,1.9141
2022-03-14,1.9127399999999999,1.92861,1.9127399999999999,1.92632
2022-03-15,1.92632,1.93668,1.92268,1.92513
2022-03-16,1.92513,1.93422,1.91875,1.92202
2022-03-17,1.92202,1.92943,1.9076199999999999,1.9098199999999999
2022-03-18,1.9098199999999999,1.91234,1.90539,1.9073
2022-03-21,1.9073,1.9163299999999999,1.90209,1.91078
2022-03-22,1.91078,1.91482,1.9011799999999999,1.9032799999999999
2022-03-23,1.9032799999999999,1.91126,1.88956,1.8923999999999999
2022-03-24,1.8923999999999999,1.89995,1.89035,1.89243
2022-03-25,1.89243,1.8991799999999999,1.88892,1.8921999999999999
2022-03-28,1.89492,1.89964,1.89131,1.89717
2022-03-29,1.89717,1.9106699999999999,1.8851,1.88687
2022-03-30,1.88687,1.8889799999999999,1.88035,1.88119
2022-03-31,1.88119,1.896,1.88092,1.89266
2022-04-01,1.89266,1.89965,1.88834,1.8926
2022-04-04,1.8926,1.89749,1.88226,1.88597
2022-04-05,1.88597,1.8891,1.87112,1.8817
2022-04-06,1.8817,1.89268,1.876,1.88842
2022-04-07,1.88842,1.89887,1.8851,1.8967699999999998
2022-04-08,1.8967699999999998,1.90561,1.8946699999999999,1.9029
2022-04-11,1.9029,1.9100899999999998,1.90049,1.9081299999999999
2022-04-12,1.9081299999999999,1.91151,1.89188,1.89639
2022-04-13,1.89639,1.9325299999999999,1.8848799999999999,1.9296
2022-04-14,1.9296,1.93047,1.91875,1.92495
2022-04-15,1.92495,1.9313,1.92261,1.9292099999999999
2022-04-18,1.9292099999999999,1.93715,1.92568,1.93212
2022-04-19,1.93212,1.93478,1.92516,1.92905
2022-04-20,1.92905,1.93228,1.91478,1.91822
2022-04-21,1.91822,1.9374,1.91617,1.93261
2022-04-22,1.93261,1.94711,1.92665,1.9329
2022-04-25,1.9350699999999998,1.9434799999999999,1.92302,1.92302
2022-04-26,1.92302,1.92673,1.9121599999999999,1.91519
2022-04-27,1.91519,1.91995,1.9080599999999999,1.91598
2022-04-28,1.91598,1.93214,1.9151399999999998,1.9175
2022-04-29,1.9175,1.9496799999999999,1.916,1.9453
2022-05-02,1.94295,1.95572,1.93988,1.94024
2022-05-03,1.94024,1.95413,1.93545,1.9406299999999999
2022-05-04,1.9406299999999999,1.94518,1.92465,1.92905
2022-05-05,1.92905,1.93184,1.90374,1.92154
2022-05-06,1.92154,1.92754,1.91373,1.92413
2022-05-09,1.92656,1.95085,1.92312,1.9489999999999998
2022-05-10,1.9489999999999998,1.96204,1.94655,1.95635
2022-05-11,1.95635,1.95977,1.9415799999999999,1.94274
2022-05-12,1.94274,1.95938,1.94274,1.9566999999999999
2022-05-13,1.9566999999999999,1.9573,1.94769,1.9485
2022-05-16,1.9485,1.96489,1.94677,1.95147
2022-05-17,1.95147,1.96743,1.94709,1.96231
2022-05-18,1.96231,1.9659,1.94867,1.9594399999999998
2022-05-19,1.9594399999999998,1.9626,1.9476,1.95274
2022-05-20,1.95274,1.95634,1.94631,1.94786
2022-05-23,1.94786,1.94944,1.93824,1.94403
2022-05-24,1.94403,1.9557499999999999,1.93752,1.93805
2022-05-25,1.93805,1.9487999999999999,1.9247999999999998,1.941
2022-05-26,1.941,1.94926,1.93959,1.94346
2022-05-27,1.94346,1.94919,1.92898,1.9309699999999999
2022-05-30,1.9309699999999999,1.93569,1.92795,1.9292
2022-05-31,1.9292,1.9380199999999999,1.92594,1.932
2022-06-01,1.932,1.94181,1.92028,1.92342
2022-06-02,1.92342,1.93032,1.91564,1.91647
2022-06-03,1.91647,1.92415,1.91418,1.9184999999999999
2022-06-06,1.9184999999999999,1.9329399999999999,1.9157,1.92888
2022-06-07,1.92888,1.94683,1.92703,1.93886
2022-06-08,1.93886,1.94789,1.93754,1.94261
2022-06-09,1.94261,1.9602899999999999,1.93902,1.9562599999999999
2022-06-10,1.9562599999999999,1.9573399999999999,1.93388,1.93614
2022-06-13,1.9377,1.94225,1.93071,1.93612
2022-06-14,1.93612,1.94555,1.92563,1.9291399999999999
2022-06-15,1.9291399999999999,1.9386299999999999,1.9272,1.9359899999999999
2022-06-16,1.9359899999999999,1.9512399999999999,1.92507,1.94044
2022-06-17,1.94044,1.9478499999999999,1.93364,1.93381
2022-06-20,1.93784,1.93784,1.92444,1.93157
2022-06-21,1.93157,1.9406299999999999,1.93157,1.93736
2022-06-22,1.93736,1.96305,1.93566,1.9492399999999999
2022-06-23,1.9492399999999999,1.95848,1.94532,1.95272
2022-06-24,1.95272,1.9533,1.94048,1.94332
2022-06-27,1.94332,1.95251,1.94116,1.94571
2022-06-28,1.94571,1.9531699999999999,1.94488,1.95145
2022-06-29,1.95145,1.9595799999999999,1.94635,1.9471699999999998
2022-06-30,1.9471699999999998,1.95611,1.94444,1.94923
2022-07-01,1.94923,1.96352,1.9398199999999999,1.9471
2022-07-04,1.9471,1.95305,1.93953,1.9478499999999999
2022-07-05,1.9478499999999999,1.95826,1.93635,1.9374099999999999
2022-07-06,1.9374099999999999,1.9418499999999999,1.92279,1.9377499999999999
2022-07-07,1.9377499999999999,1.94769,1.93099,1.9454
2022-07-08,1.9454,1.95221,1.9377,1.94275
2022-07-11,1.94275,1.95062,1.93797,1.94393
2022-07-12,1.94393,1.94624,1.93221,1.93702
2022-07-13,1.93702,1.94852,1.93468,1.93872
2022-07-14,1.93872,1.94518,1.9270399999999999,1.92733
2022-07-15,1.92733,1.93278,1.92147,1.9262
2022-07-18,1.92878,1.94649,1.91885,1.94076
2022-07-19,1.94076,1.9437,1.92551,1.92594
2022-07-20,1.92594,1.92839,1.91367,1.92176
2022-07-21,1.92176,1.93098,1.91722,1.9179599999999999
2022-07-22,1.9179599999999999,1.92486,1.90662,1.9188
2022-07-25,1.9188,1.9274,1.91605,1.92133
2022-07-26,1.92133,1.9320199999999998,1.91963,1.92953
2022-07-27,1.92953,1.94467,1.92754,1.93918
2022-07-28,1.93918,1.94396,1.93075,1.93337
2022-07-29,1.93337,1.9429699999999999,1.92925,1.93387
2022-08-01,1.93387,1.93811,1.92861,1.93312
2022-08-02,1.93312,1.94591,1.93248,1.94303
2022-08-03,1.94303,1.95403,1.9341899999999999,1.93438
2022-08-04,1.93438,1.93719,1.9151099999999999,1.92732
2022-08-05,1.92732,1.93532,1.92708,1.9325999999999999
2022-08-08,1.93068,1.93688,1.92048,1.92071
2022-08-09,1.92071,1.93001,1.91898,1.9194799999999999
2022-08-10,1.9194799999999999,1.92505,1.90313,1.90645
2022-08-11,1.90645,1.90881,1.8933499999999999,1.89438
2022-08-12,1.89438,1.89805,1.87879,1.8795199999999999
2022-08-15,1.8795199999999999,1.90167,1.87741,1.8923299999999998
2022-08-16,1.8923299999999998,1.91055,1.8923299999999998,1.90519
2022-08-17,1.90519,1.92384,1.89764,1.91635
2022-08-18,1.91635,1.9243999999999999,1.90482,1.90543
2022-08-19,1.90543,1.91719,1.90322,1.91404
2022-08-22,1.91404,1.91621,1.90159,1.90591
2022-08-23,1.90591,1.9071099999999999,1.89726,1.9032099999999998
2022-08-24,1.9032099999999998,1.9104299999999999,1.90218,1.90499
2022-08-25,1.90499,1.90863,1.89505,1.89957
2022-08-26,1.89957,1.9146999999999998,1.8976899999999999,1.91124
2022-08-29,1.91235,1.91436,1.90063,1.90088
2022-08-30,1.90088,1.9064299999999998,1.89492,1.90046
2022-08-31,1.90046,1.9030099999999999,1.89276,1.89805
2022-09-01,1.89805,1.90451,1.89282,1.89791
2022-09-02,1.89791,1.90719,1.88042,1.8826699999999998
2022-09-05,1.88615,1.89069,1.8801999999999999,1.88842
2022-09-06,1.88842,1.9098199999999999,1.8882299999999999,1.90671
2022-09-07,1.90671,1.91231,1.89575,1.89775
2022-09-08,1.89775,1.9074,1.89541,1.89896
2022-09-09,1.89896,1.90034,1.89046,1.89564
2022-09-12,1.91034,1.91186,1.89699,1.9027
2022-09-13,1.9027,1.9206999999999999,1.90097,1.91473
2022-09-14,1.91473,1.9303,1.91373,1.92102
2022-09-15,1.92102,1.92271,1.9142,1.9214
2022-09-16,1.9214,1.92432,1.90498,1.9060599999999999
2022-09-19,1.90363,1.92168,1.90363,1.9176
2022-09-20,1.9176,1.93777,1.91546,1.92954
2022-09-21,1.92954,1.9324,1.91656,1.92444
2022-09-22,1.92444,1.9385999999999999,1.9217899999999999,1.9217899999999999
2022-09-23,1.9217899999999999,1.9316499999999999,1.88601,1.88663
2022-09-26,1.87799,1.9067699999999999,1.8133299999999999,1.8951
2022-09-27,1.8951,1.90699,1.88675,1.90292
2022-09-28,1.90292,1.9249399999999999,1.87818,1.89802
2022-09-29,1.89802,1.94476,1.8931499999999999,1.94003
2022-09-30,1.94003,1.99634,1.93796,1.99292
2022-10-03,1.98999,1.9967899999999998,1.96974,1.97794
2022-10-04,1.97794,2.0053300000000003,1.97491,2.0013900000000002
2022-10-05,2.0013900000000002,2.00468,1.9708299999999999,1.97376
2022-10-06,1.97376,1.98047,1.95522,1.97054
2022-10-07,1.97054,1.9850299999999999,1.9655399999999998,1.9767599999999999
2022-10-10,1.97582,1.9905199999999998,1.97206,1.98494
2022-10-11,1.98494,1.99216,1.9620499999999998,1.96322
2022-10-12,1.96322,1.98213,1.95756,1.97714
2022-10-13,1.97714,2.02693,1.97333,2.0062800000000003
2022-10-14,2.0062800000000003,2.01691,1.98689,2.00762
2022-10-17,2.02048,2.0318,2.0097300000000002,2.01478
2022-10-18,2.01478,2.0161200000000004,1.98108,1.98962
2022-10-19,1.98962,1.9927,1.97614,1.97636
2022-10-20,1.97636,1.99078,1.96502,1.97742
2022-10-21,1.97742,1.9814,1.95604,1.95994
2022-10-24,1.95994,1.99766,1.95994,1.97861
2022-10-25,1.97861,1.9978,1.97314,1.99189
2022-10-26,1.99189,1.99856,1.98562,1.9917
2022-10-27,1.9917,1.99817,1.97694,1.98243
2022-10-28,1.98243,2.00102,1.97175,1.9954399999999999
2022-10-31,1.9954399999999999,2.00055,1.97016,1.97068
2022-11-01,1.97068,1.97312,1.95711,1.9638799999999998
2022-11-02,1.9638799999999998,1.96922,1.94603,1.95593
2022-11-03,1.95593,1.96177,1.9294099999999998,1.93127
2022-11-04,1.93127,1.94163,1.91286,1.9157199999999999
2022-11-07,1.92622,1.9443599999999999,1.9189699999999998,1.9373
2022-11-08,1.9373,1.9431,1.9280199999999998,1.93588
2022-11-09,1.93588,1.94503,1.92573,1.92893
2022-11-10,1.92893,1.95163,1.928,1.94222
2022-11-11,1.94222,1.94757,1.92664,1.93127
2022-11-14,1.93166,1.94135,1.9203,1.9273099999999999
2022-11-15,1.9273099999999999,1.94464,1.91951,1.9264
2022-11-16,1.9264,1.93885,1.91864,1.93736
2022-11-17,1.93736,1.94715,1.93284,1.93516
2022-11-18,1.93516,1.9376,1.9218,1.92993
2022-11-21,1.9311399999999999,1.9391399999999999,1.92646,1.93821
2022-11-22,1.93821,1.93962,1.92651,1.93123
2022-11-23,1.93123,1.94032,1.92068,1.92973
2022-11-24,1.92973,1.93745,1.9292,1.93285
2022-11-25,1.93285,1.94186,1.93,1.93177
2022-11-28,1.93857,1.94554,1.93476,1.93987
2022-11-29,1.93987,1.9412,1.9211,1.9269399999999999
2022-11-30,1.9269399999999999,1.92988,1.91031,1.91524
2022-12-01,1.91524,1.9273799999999999,1.90944,1.9232799999999999
2022-12-02,1.9232799999999999,1.92581,1.9129099999999999,1.9156499999999999
2022-12-05,1.9156499999999999,1.93047,1.91187,1.93032
2022-12-06,1.93032,1.93525,1.91899,1.91925
2022-12-07,1.91925,1.9246699999999999,1.91185,1.9184999999999999
2022-12-08,1.9184999999999999,1.9257199999999999,1.91482,1.9183
2022-12-09,1.9183,1.9223599999999998,1.90949,1.9112799999999999
2022-12-12,1.90936,1.9280199999999998,1.90936,1.92122
2022-12-13,1.92122,1.9243999999999999,1.90689,1.91273
2022-12-14,1.91273,1.9298,1.9115499999999999,1.92429
2022-12-15,1.92429,1.9390399999999999,1.91838,1.92052
2022-12-16,1.92052,1.9227699999999999,1.90256,1.90256
2022-12-19,1.90256,1.91437,1.90062,1.90845
2022-12-20,1.90845,1.9239199999999999,1.9075199999999999,1.91974
2022-12-21,1.91974,1.9322599999999999,1.91617,1.9191
2022-12-22,1.9191,1.92817,1.91333,1.9269
2022-12-23,1.9269,1.92889,1.91327,1.91638
2022-12-27,1.91588,1.9237,1.90774,1.91624
2022-12-28,1.91624,1.92046,1.9011,1.90276
2022-12-29,1.90276,1.91218,1.89532,1.89768
2022-12-30,1.89768,1.90743,1.89383,1.90178
2023-01-02,1.90178,1.90781,1.89939,1.90492
2023-01-03,1.90492,1.9244299999999999,1.8981999999999999,1.91356
2023-01-04,1.91356,1.91851,1.8996,1.91464
2023-01-05,1.91464,1.92149,1.9041,1.91146
2023-01-06,1.91146,1.91574,1.9014499999999999,1.90431
2023-01-09,1.90431,1.913,1.89678,1.91134
2023-01-10,1.91134,1.9139899999999999,1.90455,1.90692
2023-01-11,1.90692,1.91412,1.90342,1.9077899999999999
2023-01-12,1.9077899999999999,1.91813,1.90591,1.90829
2023-01-13,1.90829,1.92125,1.9074499999999999,1.9153
2023-01-16,1.9153,1.91727,1.90548,1.9091799999999999
2023-01-17,1.9091799999999999,1.91741,1.903,1.9102999999999999
2023-01-18,1.9102999999999999,1.91986,1.90025,1.91466
2023-01-19,1.91466,1.94057,1.91424,1.93686
2023-01-20,1.93686,1.93813,1.9141299999999999,1.91434
2023-01-23,1.9157199999999999,1.92064,1.90408,1.90644
2023-01-24,1.90644,1.9093499999999999,1.89078,1.89327
2023-01-25,1.89327,1.9152099999999999,1.89327,1.9133099999999998
2023-01-26,1.9133099999999998,1.91604,1.90615,1.9112099999999999
2023-01-27,1.9112099999999999,1.9129,1.90458,1.90778
2023-01-30,1.90902,1.91239,1.9051,1.90834
2023-01-31,1.90834,1.92007,1.90102,1.9113499999999999
2023-02-01,1.9113499999999999,1.91778,1.90051,1.90106
2023-02-02,1.90106,1.90407,1.88395,1.88661
2023-02-03,1.88661,1.9059,1.88343,1.9046699999999999
2023-02-06,1.90593,1.91825,1.90144,1.9055
2023-02-07,1.9055,1.9092799999999999,1.89643,1.90358
2023-02-08,1.90358,1.91661,1.9021,1.91351
2023-02-09,1.91351,1.91689,1.90104,1.9147699999999999
2023-02-10,1.9147699999999999,1.91898,1.9099599999999999,1.9106699999999999
2023-02-13,1.9106699999999999,1.91361,1.89946,1.90759
2023-02-14,1.90759,1.93082,1.90638,1.9199199999999998
2023-02-15,1.9199199999999998,1.93035,1.9118,1.91368
2023-02-16,1.91368,1.92177,1.90975,1.91544
2023-02-17,1.91544,1.92902,1.9137199999999999,1.9275799999999998
2023-02-20,1.92641,1.9324,1.9216199999999999,1.92396
2023-02-21,1.92396,1.95099,1.9217199999999999,1.94844
2023-02-22,1.94844,1.95431,1.9343,1.93628
2023-02-23,1.93628,1.9374099999999999,1.92796,1.92796
2023-02-24,1.92796,1.94215,1.92593,1.93479
2023-02-27,1.93885,1.9561199999999999,1.93563,1.95512
2023-02-28,1.95512,1.96764,1.9424,1.94285
2023-03-01,1.94285,1.9488999999999999,1.91764,1.9214499999999999
2023-03-02,1.9214499999999999,1.9282299999999999,1.9180599999999999,1.91991
2023-03-03,1.91991,1.9358899999999999,1.91794,1.93308
2023-03-06,1.93414,1.94613,1.9326699999999999,1.9393099999999999
2023-03-07,1.9393099999999999,1.94284,1.93257,1.93576
2023-03-08,1.93576,1.94105,1.93039,1.93917
2023-03-09,1.93917,1.95475,1.93458,1.95376
2023-03-10,1.95376,1.9660499999999999,1.95091,1.9605599999999999
2023-03-13,1.96598,1.96879,1.94211,1.95749
2023-03-14,1.95749,1.9645,1.94816,1.9485599999999998
2023-03-15,1.9485599999999998,1.9588299999999998,1.94327,1.94743
2023-03-16,1.94743,1.96581,1.94607,1.95325
2023-03-17,1.95325,1.95716,1.9403599999999999,1.94207
2023-03-20,1.9398,1.96599,1.9398,1.96481
2023-03-21,1.96481,1.9814399999999999,1.96231,1.9716799999999999
2023-03-22,1.9716799999999999,1.97941,1.96224,1.9695399999999998
2023-03-23,1.9695399999999998,1.9727299999999999,1.95764,1.96518
2023-03-24,1.96518,1.97339,1.9635,1.9702199999999999
2023-03-27,1.9702199999999999,1.98563,1.96789,1.98196
2023-03-28,1.98196,1.98331,1.97297,1.97339
2023-03-29,1.97339,1.9817099999999999,1.9657499999999999,1.97706
2023-03-30,1.97706,1.9837,1.9750699999999999,1.97695
2023-03-31,1.97695,1.9798499999999999,1.96947,1.97027
2023-04-03,1.96874,1.9781499999999999,1.9679499999999999,1.97051
2023-04-04,1.97051,1.98775,1.96685,1.97955
2023-04-05,1.97955,1.982,1.95743,1.9715799999999999
2023-04-06,1.9715799999999999,1.99302,1.96881,1.9915399999999999
2023-04-07,1.9915399999999999,1.99644,1.98128,1.98492
2023-04-10,1.98492,1.9946599999999999,1.98402,1.9903199999999999
2023-04-11,1.9903199999999999,2.0089300000000003,1.98687,2.00585
2023-04-12,2.00585,2.0104900000000003,1.9966,2.0082
2023-04-13,2.0082,2.01296,1.98437,1.9875099999999999
2023-04-14,1.9875099999999999,2.00238,1.98414,1.99846
2023-04-17,1.99846,2.0096100000000003,1.99708,2.0011900000000002
2023-04-18,2.0011900000000002,2.0041200000000003,1.9983199999999999,2.00074
2023-04-19,2.00074,2.0118400000000003,1.99875,2.0054000000000003
2023-04-20,2.0054000000000003,2.0206000000000004,2.00361,2.01376
2023-04-21,2.01376,2.02855,2.0123800000000003,2.02555
2023-04-24,2.0235800000000004,2.0291400000000004,2.0227500000000003,2.02355
2023-04-25,2.02355,2.02585,2.01479,2.02096
2023-04-26,2.02096,2.0393700000000003,2.01857,2.03779
2023-04-27,2.03779,2.03914,2.0254700000000003,2.03173
2023-04-28,2.03173,2.0368000000000004,2.02667,2.0321100000000003
2023-05-01,2.0312300000000003,2.03559,2.02369,2.02556
2023-05-02,2.02556,2.02611,2.0051400000000004,2.0073800000000004
2023-05-03,2.0073800000000004,2.0171400000000004,1.99827,2.0153100000000004
2023-05-04,2.0153100000000004,2.02502,1.99923,2.00132
2023-05-05,2.00132,2.00916,1.99559,2.0058200000000004
2023-05-08,2.0058200000000004,2.0070900000000003,1.98695,1.9886899999999998
2023-05-09,1.9886899999999998,1.99645,1.98713,1.99204
2023-05-10,1.99204,1.99518,1.98243,1.98321
2023-05-11,1.98321,1.98848,1.97915,1.98643
2023-05-12,1.98643,2.0158500000000004,1.98478,2.0098100000000003
2023-05-15,2.00956,2.01493,2.0033800000000004,2.0079800000000003
2023-05-16,2.0079800000000003,2.0079800000000003,2.0003200000000003,2.00345
2023-05-17,2.00345,2.0047,1.98915,1.99838
2023-05-18,1.99838,2.00115,1.9895399999999999,1.99312
2023-05-19,1.99312,1.99312,1.97697,1.98223
2023-05-22,1.98223,1.98685,1.97753,1.9777099999999999
2023-05-23,1.9777099999999999,1.9881499999999999,1.97464,1.98596
2023-05-24,1.98596,2.02964,1.98472,2.02278
2023-05-25,2.02278,2.0399800000000003,2.02136,2.0320500000000004
2023-05-26,2.0320500000000004,2.04368,2.02925,2.04163
2023-05-29,2.03688,2.0424700000000002,2.03513,2.03961
2023-05-30,2.03961,2.05741,2.0364,2.05323
2023-05-31,2.05323,2.06949,2.05134,2.06406
2023-06-01,2.06406,2.0738100000000004,2.0624100000000003,2.06291
2023-06-02,2.06291,2.06721,2.0516400000000004,2.05412
2023-06-05,2.05412,2.0559800000000004,2.04184,2.0481800000000003
2023-06-06,2.0481800000000003,2.0506200000000003,2.03931,2.0434900000000003
2023-06-07,2.0434900000000003,2.0607,2.0415900000000002,2.0594400000000004
2023-06-08,2.0594400000000004,2.06175,2.04842,2.0600500000000004
2023-06-09,2.0600500000000004,2.06176,2.04848,2.0506100000000003
2023-06-12,2.0506100000000003,2.0561000000000003,2.04068,2.04185
2023-06-13,2.04185,2.0525200000000003,2.03921,2.05011
2023-06-14,2.05011,2.05255,2.0344,2.03904
2023-06-15,2.03904,2.05512,2.03656,2.04874
2023-06-16,2.04874,2.0641800000000003,2.04714,2.0553600000000003
2023-06-19,2.0553600000000003,2.0689800000000003,2.05513,2.06122
2023-06-20,2.06122,2.0731,2.05863,2.0690000000000004
2023-06-21,2.0690000000000004,2.0750200000000003,2.05546,2.05783
2023-06-22,2.05783,2.0653200000000003,2.04977,2.0628
2023-06-23,2.0628,2.08002,2.05887,2.0689800000000003
2023-06-26,2.0689800000000003,2.0717000000000003,2.05676,2.0614000000000003
2023-06-27,2.0614000000000003,2.0687200000000003,2.05545,2.06801
2023-06-28,2.06801,2.09012,2.0666900000000004,2.07907
2023-06-29,2.07907,2.0831600000000003,2.0741300000000003,2.0767800000000003
2023-06-30,2.0767800000000003,2.0816000000000003,2.0671500000000003,2.0681100000000003
2023-07-03,2.0704900000000004,2.07138,2.0594300000000003,2.0620700000000003
2023-07-04,2.0620700000000003,2.06603,2.0494000000000003,2.0523900000000004
2023-07-05,2.0523900000000004,2.0562300000000002,2.0491800000000002,2.0554900000000003
2023-07-06,2.0554900000000003,2.0697400000000004,2.0449100000000002,2.0685700000000002
2023-07-07,2.0685700000000002,2.07212,2.05954,2.0662000000000003
2023-07-10,2.0662000000000003,2.07384,2.0641800000000003,2.0707500000000003
2023-07-11,2.0707500000000003,2.09187,2.0679600000000002,2.0865
2023-07-12,2.0865,2.08975,2.0594,2.06253
2023-07-13,2.06253,2.0645200000000004,2.04834,2.05451
2023-07-14,2.05451,2.0600500000000004,2.04863,2.0542100000000003
2023-07-17,2.05751,2.06963,2.0540700000000003,2.06691
2023-07-18,2.06691,2.0893,2.06419,2.07792
2023-07-19,2.07792,2.0830900000000003,2.0613,2.06612
2023-07-20,2.06612,2.06792,2.04931,2.06415
2023-07-21,2.06415,2.08537,2.06218,2.08217
2023-07-24,2.08217,2.0886,2.06429,2.0667
2023-07-25,2.0667,2.0741,2.06019,2.0737200000000002
2023-07-26,2.0737200000000002,2.08348,2.0697900000000002,2.0834
2023-07-27,2.0834,2.08497,2.06542,2.06944
2023-07-28,2.06944,2.0919800000000004,2.06605,2.0868100000000003
2023-07-31,2.0868100000000003,2.08849,2.06473,2.06746
2023-08-01,2.06746,2.0833500000000003,2.0642400000000003,2.07761
2023-08-02,2.07761,2.0958900000000003,2.0722,2.09043
2023-08-03,2.09043,2.09607,2.07904,2.09098
2023-08-04,2.09098,2.09275,2.08405,2.0891800000000003
2023-08-07,2.0891800000000003,2.0958200000000002,2.0842300000000002,2.09341
2023-08-08,2.09341,2.1059200000000002,2.0918900000000002,2.10156
2023-08-09,2.10156,2.1063,2.09527,2.10136
2023-08-10,2.10136,2.10537,2.0948,2.1052500000000003
2023-08-11,2.1052500000000003,2.12332,2.1017900000000003,2.12049
2023-08-14,2.1190700000000002,2.12757,2.11727,2.1231400000000002
2023-08-15,2.1231400000000002,2.13503,2.1174500000000003,2.13493
2023-08-16,2.13493,2.1448300000000002,2.1258000000000004,2.14414
2023-08-17,2.14414,2.1532500000000003,2.1402,2.15118
2023-08-18,2.15118,2.15248,2.1425300000000003,2.1478800000000002
2023-08-21,2.1478800000000002,2.1585900000000002,2.1471,2.1525000000000003
2023-08-22,2.1525000000000003,2.15404,2.1405000000000003,2.14122
2023-08-23,2.14122,2.1460700000000004,2.12313,2.12812
2023-08-24,2.12812,2.13567,2.1253900000000003,2.12686
2023-08-25,2.12686,2.13402,2.1237500000000002,2.13036
2023-08-28,2.13036,2.1330400000000003,2.12638,2.13207
2023-08-29,2.13207,2.13634,2.11661,2.1177200000000003
2023-08-30,2.1177200000000003,2.1356100000000002,2.11594,2.13551
2023-08-31,2.13551,2.13926,2.12367,2.12378
2023-09-01,2.12378,2.1276100000000002,2.1129900000000004,2.1169100000000003
2023-09-04,2.1169100000000003,2.1273600000000004,2.11463,2.12609
2023-09-05,2.12609,2.1411800000000003,2.12441,2.1358300000000003
2023-09-06,2.1358300000000003,2.14143,2.1251100000000003,2.12961
2023-09-07,2.12961,2.13165,2.11463,2.12236
2023-09-08,2.12236,2.12306,2.11002,2.11689
2023-09-11,2.11689,2.1173200000000003,2.11015,2.1128
2023-09-12,2.1128,2.1213,2.1088400000000003,2.11607
2023-09-13,2.11607,2.12019,2.10943,2.11031
2023-09-14,2.11031,2.11103,2.0948700000000002,2.09891
2023-09-15,2.09891,2.104,2.0933100000000002,2.09789
2023-09-18,2.09789,2.10083,2.0926500000000003,2.0930400000000002
2023-09-19,2.0930400000000002,2.0944200000000004,2.08421,2.0874
2023-09-20,2.0874,2.08806,2.0716400000000004,2.08198
2023-09-21,2.08198,2.0872200000000003,2.06768,2.07273
2023-09-22,2.07273,2.07439,2.04847,2.0523000000000002
2023-09-25,2.0523000000000002,2.05872,2.04434,2.0462700000000003
2023-09-26,2.0462700000000003,2.0500800000000003,2.04007,2.0448500000000003
2023-09-27,2.0448500000000003,2.0529300000000004,2.03996,2.0486400000000002
2023-09-28,2.0486400000000002,2.05233,2.04082,2.0469600000000003
2023-09-29,2.0469600000000003,2.0470300000000003,2.0273700000000003,2.0340700000000003
2023-10-02,2.0340700000000003,2.03832,2.03113,2.03227
2023-10-03,2.03227,2.04929,2.0289,2.0439100000000003
2023-10-04,2.0439100000000003,2.05831,2.03974,2.0525800000000003
2023-10-05,2.0525800000000003,2.05343,2.0405900000000003,2.0435100000000004
2023-10-06,2.0435100000000004,2.0486500000000003,2.04034,2.04204
2023-10-09,2.0440400000000003,2.04758,2.02992,2.03135
2023-10-10,2.03135,2.0406,2.0280500000000004,2.03189
2023-10-11,2.03189,2.04605,2.02962,2.04494
2023-10-12,2.04494,2.05758,2.0415,2.05438
2023-10-13,2.05438,2.06602,2.05131,2.0618600000000002
2023-10-16,2.0618600000000002,2.06199,2.0504700000000002,2.0607200000000003
2023-10-17,2.0607200000000003,2.0707600000000004,2.0585500000000003,2.0658800000000004
2023-10-18,2.0658800000000004,2.07505,2.05941,2.0731300000000004
2023-10-19,2.0731300000000004,2.08468,2.0716200000000002,2.07581
2023-10-20,2.07581,2.08853,2.07486,2.0862100000000003
2023-10-23,2.0862100000000003,2.09518,2.08285,2.09486
2023-10-24,2.09486,2.0965000000000003,2.0802,2.08053
2023-10-25,2.08053,2.0879600000000003,2.0734500000000002,2.08726
2023-10-26,2.08726,2.09249,2.0804,2.08372
2023-10-27,2.08372,2.08713,2.07912,2.0847
2023-10-30,2.0847,2.0863500000000004,2.0748300000000004,2.0820700000000003
2023-10-31,2.0820700000000003,2.08893,2.0783500000000004,2.08551
2023-11-01,2.08551,2.09743,2.07411,2.0784800000000003
2023-11-02,2.0784800000000003,2.0784800000000003,2.0623500000000003,2.0689100000000002
2023-11-03,2.0689100000000002,2.0708800000000003,2.05643,2.06184
2023-11-06,2.0626100000000003,2.07832,2.06197,2.0697300000000003
2023-11-07,2.0697300000000003,2.08176,2.0675700000000004,2.0722300000000002
2023-11-08,2.0722300000000002,2.07938,2.06516,2.0780000000000003
2023-11-09,2.0780000000000003,2.07931,2.0634200000000003,2.07369
2023-11-10,2.07369,2.07612,2.07114,2.0738100000000004
2023-11-13,2.0738100000000004,2.08954,2.07158,2.0891800000000003
2023-11-14,2.0891800000000003,2.09701,2.07857,2.07995
2023-11-15,2.07995,2.0813900000000003,2.0588300000000004,2.0613300000000003
2023-11-16,2.0613300000000003,2.0805800000000003,2.05966,2.079
2023-11-17,2.079,2.0856600000000003,2.0729200000000003,2.07839
2023-11-20,2.07839,2.0798400000000004,2.06712,2.07131
2023-11-21,2.07131,2.0737300000000003,2.05926,2.07262
2023-11-22,2.07262,2.0801000000000003,2.06928,2.0747400000000003
2023-11-23,2.0747400000000003,2.07688,2.06292,2.0718900000000002
2023-11-24,2.0718900000000002,2.07391,2.06822,2.06873
2023-11-27,2.0699,2.0792,2.06822,2.0706900000000004
2023-11-28,2.0706900000000004,2.0755500000000002,2.06558,2.0687200000000003
2023-11-29,2.0687200000000003,2.07117,2.0496000000000003,2.0620800000000004
2023-11-30,2.0620800000000004,2.06279,2.0473600000000003,2.0510200000000003
2023-12-01,2.0510200000000003,2.0549600000000003,2.0432,2.0450000000000004
2023-12-04,2.04361,2.05174,2.03886,2.0491800000000002
2023-12-05,2.0491800000000002,2.0592300000000003,2.04579,2.05484
2023-12-06,2.05484,2.05484,2.04094,2.04611
2023-12-07,2.04611,2.0526500000000003,2.0359800000000003,2.0408500000000003
2023-12-08,2.0408500000000003,2.0503400000000003,2.0375900000000002,2.0486400000000002
2023-12-11,2.0459300000000002,2.05785,2.04571,2.04911
2023-12-12,2.04911,2.0514400000000004,2.03955,2.0470800000000002
2023-12-13,2.0470800000000002,2.0605,2.032,2.04158
2023-12-14,2.04158,2.0571800000000002,2.0243200000000003,2.05545
2023-12-15,2.05545,2.05985,2.03885,2.03952
2023-12-18,2.03952,2.0446,2.02768,2.03472
2023-12-19,2.03472,2.04002,2.0282,2.0282
2023-12-20,2.0282,2.03262,2.01054,2.02185
2023-12-21,2.02185,2.0263,2.01111,2.0144800000000003
2023-12-22,2.0144800000000003,2.02415,2.0138000000000003,2.01423
2023-12-26,2.01423,2.01423,2.0085300000000004,2.00869
2023-12-27,2.00869,2.0200500000000003,2.0074400000000003,2.01633
2023-12-28,2.01633,2.02348,2.00565,2.0086000000000004
2023-12-29,2.0086000000000004,2.0183400000000002,2.0056800000000004,2.0134600000000002
2024-01-02,2.0134600000000002,2.02347,2.01081,2.01776
2024-01-03,2.01776,2.03099,2.0138800000000003,2.0262700000000002
2024-01-04,2.0262700000000002,2.03819,2.01845,2.03363
2024-01-05,2.03363,2.04074,2.03234,2.03554
2024-01-08,2.03554,2.04548,2.03257,2.03865
2024-01-09,2.03865,2.04294,2.03518,2.03595
2024-01-10,2.03595,2.04816,2.03329,2.04575
2024-01-11,2.04575,2.0494000000000003,2.0386900000000003,2.0461500000000004
2024-01-12,2.0461500000000004,2.0489100000000002,2.0352900000000003,2.04163
2024-01-15,2.04163,2.05758,2.04137,2.05092
2024-01-16,2.05092,2.0609,2.0504000000000002,2.0578600000000002
2024-01-17,2.0578600000000002,2.0782000000000003,2.05466,2.07104
2024-01-18,2.07104,2.07952,2.06855,2.0768500000000003
2024-01-19,2.0768500000000003,2.08501,2.0701500000000004,2.07565
2024-01-22,2.07565,2.0932000000000004,2.07058,2.0899300000000003
2024-01-23,2.0899300000000003,2.09439,2.07689,2.0773300000000003
2024-01-24,2.0773300000000003,2.08413,2.0738800000000004,2.08122
2024-01-25,2.08122,2.0830100000000003,2.07314,2.0786200000000004
2024-01-26,2.0786200000000004,2.0870900000000003,2.07715,2.0834300000000003
2024-01-29,2.0834300000000003,2.0854500000000002,2.0691200000000003,2.07072
2024-01-30,2.07072,2.07316,2.0642500000000004,2.06842
2024-01-31,2.06842,2.07453,2.06339,2.0728600000000004
2024-02-01,2.0728600000000004,2.08258,2.06741,2.07314
2024-02-02,2.07314,2.0852000000000004,2.07064,2.08188
2024-02-05,2.08188,2.0849800000000003,2.06875,2.06903
2024-02-06,2.06903,2.0765200000000004,2.06454,2.06461
2024-02-07,2.06461,2.0706200000000003,2.0626200000000003,2.06482
2024-02-08,2.06482,2.0725800000000003,2.0628800000000003,2.06786
2024-02-09,2.06786,2.0701400000000003,2.05036,2.05152
2024-02-12,2.05152,2.06264,2.05086,2.0588100000000003
2024-02-13,2.0588100000000003,2.08169,2.05857,2.0766400000000003
2024-02-14,2.0766400000000003,2.0810600000000004,2.06191,2.06312
2024-02-15,2.06312,2.0662800000000003,2.0519800000000004,2.06253
2024-02-16,2.06253,2.0668200000000003,2.0554,2.05548
2024-02-19,2.05548,2.0576600000000003,2.04612,2.04612
2024-02-20,2.04612,2.05262,2.03974,2.0463500000000003
2024-02-21,2.0463500000000003,2.0482,2.0373900000000003,2.04379
2024-02-22,2.04379,2.04652,2.03752,2.04172
2024-02-23,2.04172,2.0485700000000002,2.0404400000000003,2.04291
2024-02-26,2.04291,2.05676,2.04291,2.0540000000000003
2024-02-27,2.0540000000000003,2.0608600000000004,2.05316,2.05479
2024-02-28,2.05479,2.08068,2.05281,2.0752
2024-02-29,2.0752,2.08283,2.0726600000000004,2.07268
2024-03-01,2.07268,2.0766500000000003,2.06752,2.07058
2024-03-04,2.0709,2.0836200000000002,2.0697200000000002,2.0815900000000003
2024-03-05,2.0815900000000003,2.0886,2.0800400000000003,2.0863400000000003
2024-03-06,2.0863400000000003,2.09144,2.0754,2.0754
2024-03-07,2.0754,2.0785,2.06644,2.07361
2024-03-08,2.07361,2.0823300000000002,2.0713500000000002,2.08019
2024-03-11,2.08067,2.08304,2.07512,2.07554
2024-03-12,2.07554,2.0809900000000003,2.06996,2.07871
2024-03-13,2.07871,2.08182,2.07324,2.0771200000000003
2024-03-14,2.0771200000000003,2.08212,2.0726600000000004,2.07933
2024-03-15,2.07933,2.0934600000000003,2.07839,2.0910200000000003
2024-03-18,2.08869,2.09397,2.0881100000000004,2.09145
2024-03-19,2.09145,2.1033600000000003,2.0892600000000003,2.10128
2024-03-20,2.10128,2.10685,2.09791,2.1024700000000003
2024-03-21,2.1024700000000003,2.1079600000000003,2.09283,2.09301
2024-03-22,2.09301,2.1031500000000003,2.09276,2.10154
2024-03-25,2.10154,2.1069500000000003,2.0981400000000003,2.1038300000000003
2024-03-26,2.1038300000000003,2.1071,2.0992900000000003,2.10198
2024-03-27,2.10198,2.10642,2.1007700000000002,2.10413
2024-03-28,2.10413,2.11747,2.10291,2.1128
2024-03-29,2.1128,2.11558,2.10706,2.10901
2024-04-01,2.10901,2.11403,2.1064100000000003,2.1064100000000003
2024-04-02,2.1064100000000003,2.11138,2.10456,2.10456
2024-04-03,2.10456,2.11161,2.1032200000000003,2.1032200000000003
2024-04-04,2.1032200000000003,2.1057400000000004,2.0945300000000002,2.09687
2024-04-05,2.09687,2.1021,2.09477,2.0993500000000003
2024-04-08,2.0993500000000003,2.1035000000000004,2.0944200000000004,2.09701
2024-04-09,2.09701,2.09818,2.0902100000000003,2.0909500000000003
2024-04-10,2.0909500000000003,2.0999000000000003,2.08564,2.0973300000000004
2024-04-11,2.0973300000000004,2.0989600000000004,2.0902000000000003,2.0916300000000003
2024-04-12,2.0916300000000003,2.09782,2.08914,2.09565
2024-04-15,2.09565,2.10969,2.09328,2.1070100000000003
2024-04-16,2.1070100000000003,2.12039,2.10602,2.11262
2024-04-17,2.11262,2.1196300000000003,2.1031600000000004,2.1043100000000003
2024-04-18,2.1043100000000003,2.1083800000000004,2.10195,2.10596
2024-04-19,2.10596,2.1172,2.0988,2.0988
2024-04-22,2.0988,2.1005000000000003,2.08372,2.08536
2024-04-23,2.08536,2.09913,2.08422,2.0973900000000003
2024-04-24,2.0973900000000003,2.1006400000000003,2.09236,2.09856
2024-04-25,2.09856,2.1057400000000004,2.0966500000000003,2.10326
2024-04-26,2.10326,2.1042400000000003,2.09534,2.1013900000000003
2024-04-29,2.1013900000000003,2.1051,2.0959000000000003,2.10067
2024-04-30,2.10067,2.1219300000000003,2.0994300000000004,2.1200300000000003
2024-05-01,2.1200300000000003,2.1260000000000003,2.11058,2.11158
2024-05-02,2.11158,2.11688,2.10039,2.10121
2024-05-03,2.10121,2.1039600000000003,2.0809,2.08551
2024-05-06,2.08551,2.0925000000000002,2.084,2.08862
2024-05-07,2.08862,2.0912900000000003,2.08266,2.08298
2024-05-08,2.08298,2.08692,2.0805800000000003,2.0807200000000003
2024-05-09,2.0807200000000003,2.0839800000000004,2.07431,2.0745
2024-05-10,2.0745,2.08348,2.0738800000000004,2.07959
2024-05-13,2.07959,2.08814,2.0782800000000003,2.0864100000000003
2024-05-14,2.0864100000000003,2.08929,2.07729,2.0834200000000003
2024-05-15,2.0834200000000003,2.08482,2.06924,2.06924
2024-05-16,2.06924,2.07514,2.06746,2.06888
2024-05-17,2.06888,2.07322,2.0677600000000003,2.06917
2024-05-20,2.06596,2.08277,2.06596,2.08027
2024-05-21,2.08027,2.0864000000000003,2.07931,2.08522
2024-05-22,2.08522,2.08961,2.0676300000000003,2.0848500000000003
2024-05-23,2.0848500000000003,2.0869600000000004,2.07587,2.0811
2024-05-24,2.0811,2.0847800000000003,2.0791000000000004,2.08014
2024-05-27,2.07994,2.0811900000000003,2.07464,2.07612
2024-05-28,2.07612,2.0786000000000002,2.07138,2.0771300000000004
2024-05-29,2.0771300000000004,2.0815200000000003,2.0743500000000004,2.07609
2024-05-30,2.07609,2.0840400000000003,2.07424,2.08131
2024-05-31,2.08131,2.0824700000000003,2.0699,2.07269
2024-06-03,2.07147,2.07575,2.06443,2.06714
2024-06-04,2.06714,2.07235,2.06611,2.06632
2024-06-05,2.06632,2.06903,2.06142,2.06393
2024-06-06,2.06393,2.06873,2.06069,2.06232
2024-06-07,2.06232,2.08462,2.0617400000000004,2.0825500000000003
2024-06-10,2.08392,2.0859900000000002,2.0769,2.07695
2024-06-11,2.07695,2.08162,2.07248,2.0726400000000003
2024-06-12,2.0726400000000003,2.0777200000000002,2.06348,2.06816
2024-06-13,2.06816,2.07273,2.06555,2.0679800000000004
2024-06-14,2.0679800000000004,2.07578,2.06453,2.06476
2024-06-17,2.0650500000000003,2.07492,2.0632200000000003,2.07084
2024-06-18,2.07084,2.0799100000000004,2.06564,2.0664700000000003
2024-06-19,2.0664700000000003,2.07613,2.0664700000000003,2.07355
2024-06-20,2.07355,2.07518,2.06719,2.06739
2024-06-21,2.06739,2.06935,2.06111,2.06542
2024-06-24,2.0638,2.07132,2.0638,2.0702700000000003
2024-06-25,2.0702700000000003,2.0759700000000003,2.0682500000000004,2.0722
2024-06-26,2.0722,2.0790200000000003,2.0708800000000003,2.0746100000000003
2024-06-27,2.0746100000000003,2.07851,2.0719800000000004,2.0771200000000003
2024-06-28,2.0771200000000003,2.0859400000000003,2.0714,2.07478
2024-07-01,2.07478,2.08395,2.0718300000000003,2.081
2024-07-02,2.081,2.08949,2.0783400000000003,2.0859300000000003
2024-07-03,2.0859300000000003,2.09397,2.08434,2.08473
2024-07-04,2.08473,2.08855,2.08313,2.0841100000000004
2024-07-05,2.0841100000000004,2.09152,2.08319,2.08422
2024-07-08,2.0826200000000004,2.09228,2.0819400000000003,2.08978
2024-07-09,2.08978,2.0958200000000002,2.08584,2.0864000000000003
2024-07-10,2.0864000000000003,2.11361,2.0848400000000002,2.11161
2024-07-11,2.11161,2.1191400000000002,2.10853,2.1185500000000004
2024-07-12,2.1185500000000004,2.1240900000000003,2.1127800000000003,2.12102
2024-07-15,2.1211,2.1354200000000003,2.11981,2.1338600000000003
2024-07-16,2.1338600000000003,2.1450400000000003,2.1320400000000004,2.1433400000000002
2024-07-17,2.1433400000000002,2.1497100000000002,2.1331,2.13789
2024-07-18,2.13789,2.14387,2.1364300000000003,2.1403700000000003
2024-07-19,2.1403700000000003,2.14977,2.13843,2.14738
2024-07-22,2.14738,2.16304,2.1433,2.16194
2024-07-23,2.16194,2.1690400000000003,2.1603000000000003,2.1648500000000004
2024-07-24,2.1648500000000004,2.17898,2.1638800000000002,2.17506
2024-07-25,2.17506,2.18589,2.17301,2.18238
2024-07-26,2.18238,2.1863400000000004,2.1786800000000004,2.1838200000000003
2024-07-29,2.18197,2.19084,2.17856,2.1885700000000003
2024-07-30,2.1885700000000003,2.1892,2.17343,2.17396
2024-07-31,2.17396,2.17997,2.15579,2.15926
2024-08-01,2.15926,2.16134,2.13974,2.14028
2024-08-02,2.14028,2.14969,2.1351600000000004,2.14716
2024-08-05,2.14716,2.17491,2.14174,2.14882
2024-08-06,2.14882,2.1570400000000003,2.1294600000000004,2.1294600000000004
2024-08-07,2.1294600000000004,2.13274,2.10983,2.1164400000000003
2024-08-08,2.1164400000000003,2.1247100000000003,2.1122300000000003,2.1192100000000003
2024-08-09,2.1192100000000003,2.12807,2.11328,2.12554
2024-08-12,2.12554,2.12876,2.11469,2.1204400000000003
2024-08-13,2.1204400000000003,2.12338,2.11397,2.11552
2024-08-14,2.11552,2.14238,2.11412,2.13749
2024-08-15,2.13749,2.1477000000000004,2.1361700000000003,2.1443000000000003
2024-08-16,2.1443000000000003,2.1505900000000002,2.13606,2.13606
2024-08-19,2.1375,2.1394100000000003,2.1221900000000002,2.1221900000000002
2024-08-20,2.1221900000000002,2.12601,2.11579,2.11715
2024-08-21,2.11715,2.1269,2.1143,2.12597
2024-08-22,2.12597,2.13566,2.1230800000000003,2.13091
2024-08-23,2.13091,2.13398,2.11824,2.11886
2024-08-26,2.1194100000000002,2.12827,2.11777,2.1233
2024-08-27,2.1233,2.12794,2.1194800000000003,2.1196800000000002
2024-08-28,2.1196800000000002,2.1248400000000003,2.11011,2.11011
2024-08-29,2.11011,2.1132600000000004,2.0981300000000003,2.1029500000000003
2024-08-30,2.1029500000000003,2.10734,2.09878,2.0998400000000004
2024-09-02,2.0998400000000004,2.1121700000000003,2.09856,2.10847
2024-09-03,2.10847,2.1221,2.10637,2.11886
2024-09-04,2.11886,2.12419,2.11625,2.11952
2024-09-05,2.11952,2.12693,2.11537,2.1170500000000003
2024-09-06,2.1170500000000003,2.12995,2.11395,2.12439
2024-09-09,2.12439,2.13485,2.12279,2.12665
2024-09-10,2.12665,2.1303300000000003,2.1214600000000003,2.1260000000000003
2024-09-11,2.1260000000000003,2.1341200000000002,2.12381,2.12419
2024-09-12,2.12419,2.12902,2.11957,2.12217
2024-09-13,2.12217,2.1331,2.1215300000000004,2.1298600000000003
2024-09-16,2.12746,2.13532,2.12746,2.1285700000000003
2024-09-17,2.12834,2.13579,2.12576,2.12667
2024-09-18,2.12667,2.13003,2.11819,2.12657
2024-09-19,2.12657,2.12983,2.11574,2.12778
2024-09-20,2.12778,2.13686,2.12666,2.13376
2024-09-23,2.13376,2.1361,2.12522,2.1284
2024-09-24,2.1284,2.13336,2.11349,2.11349
2024-09-25,2.11349,2.12728,2.11181,2.12606
2024-09-26,2.12606,2.13062,2.11673,2.1186
2024-09-27,2.1186,2.12461,2.10549,2.10733
2024-09-30,2.10774,2.11238,2.1,2.10484
2024-10-01,2.10484,2.11598,2.10484,2.11381
2024-10-02,2.11381,2.11865,2.10422,2.1163
2024-10-03,2.1163,2.1248,2.10333,2.11115
2024-10-04,2.11115,2.13103,2.11035,2.12833
2024-10-07,2.12833,2.13805,2.12434,2.13483
2024-10-08,2.13483,2.14305,2.13088,2.1339
2024-10-09,2.1339,2.15892,2.13046,2.15407
2024-10-10,2.15407,2.15618,2.14103,2.14192
2024-10-11,2.14192,2.14609,2.13622,2.13709
2024-10-14,2.13709,2.14801,2.13709,2.1411
2024-10-15,2.1411,2.15137,2.1411,2.14666
2024-10-16,2.14666,2.16204,2.13989,2.14217
2024-10-17,2.14217,2.14856,2.13929,2.14505
2024-10-18,2.14505,2.15528,2.14452,2.14733
2024-10-21,2.14704,2.15374,2.14482,2.15014
2024-10-22,2.15014,2.1561,2.1377,2.14679
2024-10-23,2.14679,2.15721,2.14456,2.15052
2024-10-24,2.15052,2.15869,2.1471,2.15523
2024-10-25,2.15523,2.1693,2.15475,2.16671
2024-10-28,2.1637,2.17253,2.16187,2.16613
2024-10-29,2.16613,2.18176,2.16604,2.17717
2024-10-30,2.17717,2.18398,2.16493,2.16887
2024-10-31,2.16887,2.17739,2.15607,2.15707
2024-11-01,2.15707,2.16863,2.1552,2.16511
2024-11-04,2.15908,2.16966,2.15883,2.16834
2024-11-05,2.16834,2.17358,2.16219,2.16964
2024-11-06,2.16964,2.1775,2.1593,2.16695
2024-11-07,2.16695,2.17181,2.15209,2.15408
2024-11-08,2.15408,2.16742,2.15405,2.16276
2024-11-11,2.16088,2.16617,2.15566,2.15566
2024-11-12,2.15566,2.15808,2.14859,2.14965
2024-11-13,2.14965,2.16208,2.14468,2.15969
2024-11-14,2.15969,2.16562,2.15676,2.16332
2024-11-15,2.16332,2.16689,2.14925,2.15018
2024-11-18,2.15018,2.16242,2.14893,2.1497
2024-11-19,2.1497,2.15484,2.14222,2.14358
2024-11-20,2.14358,2.1572,2.143,2.15143
2024-11-21,2.15143,2.15727,2.14686,2.14689
2024-11-22,2.14689,2.15849,2.1406,2.14554
2024-11-25,2.14796,2.15306,2.14485,2.14856
2024-11-26,2.14856,2.16058,2.14687,2.15319
2024-11-27,2.15319,2.15628,2.13599,2.14969
2024-11-28,2.14969,2.15513,2.14659,2.15231
2024-11-29,2.15231,2.15523,2.14165,2.14759
2024-12-02,2.14985,2.15754,2.14727,2.14727
2024-12-03,2.14727,2.15661,2.14727,2.1533
2024-12-04,2.1533,2.17287,2.1528,2.1688
2024-12-05,2.1688,2.17408,2.1632,2.16542
2024-12-06,2.16542,2.18623,2.16542,2.1827
2024-12-09,2.17877,2.19147,2.17209,2.17344
2024-12-10,2.17344,2.20236,2.17179,2.20061
2024-12-11,2.20061,2.20954,2.19935,2.20301
2024-12-12,2.20301,2.20559,2.19312,2.19532
2024-12-13,2.19532,2.19904,2.18765,2.18776
2024-12-16,2.18878,2.19724,2.1842,2.1927
2024-12-17,2.1927,2.2095,2.19055,2.20725
2024-12-18,2.20725,2.23593,2.20584,2.23392
2024-12-19,2.23392,2.2423,2.21591,2.21887
2024-12-20,2.21887,2.22699,2.21436,2.22035
2024-12-23,2.22035,2.22815,2.21562,2.21751
2024-12-24,2.21751,2.22711,2.21645,2.21925
2024-12-26,2.21925,2.22802,2.21821,2.22581
2024-12-27,2.22581,2.23491,2.22194,2.23027
2024-12-30,2.23027,2.23213,2.21838,2.22392
2024-12-31,2.22392,2.23895,2.22158,2.23592
2025-01-02,2.23592,2.23592,2.20571,2.21138
2025-01-03,2.21138,2.21605,2.20859,2.21059
2025-01-06,2.21059,2.22044,2.20544,2.21732
2025-01-07,2.21732,2.21912,2.20615,2.21195
2025-01-08,2.21195,2.21777,2.20006,2.20216
2025-01-09,2.20216,2.20787,2.19236,2.19614
2025-01-10,2.19614,2.20589,2.19507,2.19662
2025-01-13,2.1915,2.1971,2.18041,2.18333
2025-01-14,2.18333,2.18707,2.16846,2.17887
2025-01-15,2.17887,2.18233,2.17073,2.17771
2025-01-16,2.17771,2.18274,2.17295,2.1811
2025-01-17,2.1811,2.186,2.17477,2.17709
2025-01-20,2.17709,2.1793,2.16837,2.17215
2025-01-21,2.17215,2.17932,2.16912,2.17249
2025-01-22,2.17249,2.18259,2.17141,2.17161
2025-01-23,2.17161,2.17821,2.16994,2.17528
2025-01-24,2.17528,2.18592,2.16774,2.18377
2025-01-27,2.18558,2.19821,2.18499,2.19429
2025-01-28,2.19429,2.20108,2.19305,2.19441
2025-01-29,2.19441,2.20252,2.19375,2.19855
2025-01-30,2.19855,2.20678,2.1978,2.20096
2025-01-31,2.20096,2.2068,2.1932,2.19833
2025-02-03,2.19547,2.221,2.19547,2.20956
2025-02-04,2.20956,2.21814,2.20627,2.20711
2025-02-05,2.20711,2.20921,2.19426,2.19634
2025-02-06,2.19634,2.2047,2.18386,2.1896
2025-02-07,2.1896,2.19612,2.18499,2.18871
2025-02-10,2.18871,2.19538,2.18761,2.19056
2025-02-11,2.19056,2.20135,2.18304,2.19969
2025-02-12,2.19969,2.2102,2.19583,2.20387
2025-02-13,2.20387,2.21739,2.203,2.21212
2025-02-14,2.21212,2.21373,2.19264,2.19457
2025-02-17,2.19765,2.20271,2.19041,2.20023
2025-02-18,2.20023,2.21248,2.19811,2.20915
2025-02-19,2.20915,2.22088,2.20072,2.20464
2025-02-20,2.20464,2.20927,2.19333,2.19684
2025-02-21,2.19684,2.20194,2.1948,2.19787
2025-02-24,2.19935,2.20499,2.19351,2.20035
2025-02-25,2.20035,2.2167,2.20035,2.21069
2025-02-26,2.21069,2.22656,2.21054,2.22396
2025-02-27,2.22396,2.23872,2.22199,2.23603
2025-02-28,2.23603,2.25116,2.23431,2.2447
2025-03-03,2.24504,2.26346,2.24432,2.25984
2025-03-04,2.25984,2.26891,2.25646,2.25713
2025-03-05,2.25713,2.26559,2.24882,2.25016
2025-03-06,2.25016,2.25385,2.24088,2.24458
2025-03-07,2.24458,2.26583,2.24371,2.26055
2025-03-10,2.25927,2.26609,2.24743,2.25887
2025-03-11,2.25887,2.26978,2.25711,2.26392
2025-03-12,2.26392,2.2721,2.26011,2.26059
2025-03-13,2.26059,2.27505,2.25775,2.27093
2025-03-14,2.27093,2.27375,2.24666,2.24866
2025-03-17,2.24641,2.24973,2.22997,2.23015
2025-03-18,2.23015,2.23591,2.22668,2.23241
2025-03-19,2.23241,2.24374,2.2324,2.23379
2025-03-20,2.23379,2.26286,2.22965,2.25034
2025-03-21,2.25034,2.25467,2.24493,2.24988
2025-03-24,2.24782,2.26145,2.24477,2.25409
2025-03-25,2.25409,2.25966,2.2523,2.25647
2025-03-26,2.25647,2.26188,2.23935,2.2482
2025-03-27,2.2482,2.25782,2.24484,2.25441
2025-03-28,2.25441,2.26718,2.25137,2.2618
2025-03-31,2.25806,2.28449,2.25806,2.2736
2025-04-01,2.2736,2.28147,2.26381,2.26557
2025-04-02,2.26557,2.27222,2.24991,2.26149
2025-04-03,2.26149,2.28355,2.24956,2.25942
2025-04-04,2.25942,2.31904,2.25812,2.30147
2025-04-07,2.29964,2.33543,2.27291,2.29603
2025-04-08,2.29603,2.311,2.27184,2.30647
2025-04-09,2.30647,2.32856,2.26048,2.27127
2025-04-10,2.27127,2.27843,2.25178,2.25849
2025-04-11,2.25849,2.26514,2.23975,2.24394
2025-04-14,2.24546,2.25051,2.23554,2.24264
2025-04-15,2.24264,2.2465,2.22463,2.24111
2025-04-16,2.24111,2.24837,2.22876,2.22913
2025-04-17,2.22913,2.24209,2.21852,2.21951
2025-04-18,2.21951,2.23911,2.21843,2.23619
2025-04-21,2.23619,2.23982,2.22487,2.22808
2025-04-22,2.22808,2.23445,2.2246,2.23305
2025-04-23,2.23305,2.23345,2.21301,2.22767
2025-04-24,2.22767,2.23404,2.22135,2.22359
2025-04-25,2.22359,2.23709,2.21869,2.23071
2025-04-28,2.22494,2.24991,2.22494,2.24656
2025-04-29,2.24656,2.26164,2.24427,2.25895
2025-04-30,2.25895,2.26168,2.24257,2.24474
2025-05-01,2.24474,2.25287,2.23625,2.24649
2025-05-02,2.24649,2.24913,2.22668,2.22938
2025-05-05,2.22938,2.23219,2.21942,2.22635
2025-05-06,2.22635,2.23786,2.222,2.22328
2025-05-07,2.22328,2.23873,2.21735,2.23577
2025-05-08,2.23577,2.25118,2.23229,2.24081
2025-05-09,2.24081,2.25503,2.24081,2.2489
2025-05-12,2.2489,2.25269,2.23607,2.24865
2025-05-13,2.24865,2.25331,2.23415,2.23744
2025-05-14,2.23744,2.24963,2.23593,2.24744
2025-05-15,2.24744,2.26552,2.24218,2.26174
2025-05-16,2.26174,2.26917,2.24978,2.25657
2025-05-19,2.25657,2.26806,2.25115,2.25115
2025-05-20,2.25115,2.26382,2.24995,2.25812
2025-05-21,2.25812,2.26325,2.25324,2.25844
2025-05-22,2.25844,2.27588,2.2552,2.27356
2025-05-23,2.27356,2.27613,2.25823,2.26035
2025-05-26,2.26035,2.2617,2.25226,2.26035
2025-05-27,2.26035,2.27678,2.2564,2.26883
2025-05-28,2.26883,2.27695,2.25515,2.25624
2025-05-29,2.25624,2.26702,2.25113,2.25828
2025-05-30,2.25828,2.26388,2.2528,2.25347
2025-06-02,2.25347,2.25505,2.24091,2.24252
2025-06-03,2.24252,2.25787,2.2373,2.25154
2025-06-04,2.25154,2.2549,2.24589,2.24706
2025-06-05,2.24706,2.24869,2.23779,2.24687
2025-06-06,2.24687,2.25092,2.2408,2.24633
2025-06-09,2.24633,2.24922,2.23794,2.23973
2025-06-10,2.23973,2.24313,2.22917,2.22943
2025-06-11,2.22943,2.24706,2.22746,2.24573
2025-06-12,2.24573,2.25697,2.23977,2.24261
2025-06-13,2.24261,2.25878,2.23994,2.25369
2025-06-16,2.25369,2.25514,2.23632,2.23875
2025-06-17,2.23875,2.24253,2.22883,2.23099
2025-06-18,2.23099,2.23365,2.22372,2.22526
2025-06-19,2.22526,2.2522,2.22221,2.2454
2025-06-20,2.2454,2.25669,2.24385,2.2523
2025-06-23,2.25104,2.27386,2.25083,2.26195
2025-06-24,2.26195,2.26644,2.25153,2.26445
2025-06-25,2.26445,2.26673,2.25466,2.26144
2025-06-26,2.26144,2.26911,2.25969,2.26552
2025-06-27,2.26552,2.26674,2.26005,2.26292
2025-06-30,2.26292,2.26375,2.25019,2.25184
2025-07-01,2.2520700000000002,2.25875,2.24967,2.2532300000000003
2025-07-02,2.2532300000000003,2.2590500000000002,2.2375100000000003,2.23755
2025-07-03,2.23755,2.25531,2.23755,2.24715
2025-07-04,2.24715,2.25504,2.24629,2.2502600000000004
2025-07-07,2.2502600000000004,2.2716800000000004,2.2502600000000004,2.2684900000000003
2025-07-08,2.2684900000000003,2.26926,2.2560200000000004,2.2642
2025-07-09,2.2642,2.27232,2.25918,2.26362
2025-07-10,2.26362,2.26716,2.24949,2.24967
2025-07-11,2.24967,2.2552800000000004,2.2436200000000004,2.24392
2025-07-14,2.24933,2.2546000000000004,2.24332,2.24603
2025-07-15,2.24603,2.2537100000000003,2.2387400000000004,2.2503100000000003
2025-07-16,2.2503100000000003,2.2614900000000002,2.24518,2.2562800000000003
2025-07-17,2.2562800000000003,2.26662,2.25335,2.26013
2025-07-18,2.26013,2.2622500000000003,2.24715,2.24796
2025-07-21,2.24765,2.26031,2.24623,2.25931
2025-07-22,2.25931,2.2692,2.2523400000000002,2.25441
2025-07-23,2.25441,2.25597,2.23909,2.2455800000000004
2025-07-24,2.2455800000000004,2.24731,2.23605,2.23878
2025-07-25,2.23878,2.2419900000000004,2.23146,2.2324
2025-07-28,2.2324,2.24663,2.2294400000000003,2.23653
2025-07-29,2.23653,2.24363,2.2343800000000003,2.24073
2025-07-30,2.24073,2.25016,2.23794,2.24357
2025-07-31,2.24357,2.24586,2.23604,2.2413100000000004
2025-08-01,2.2413100000000004,2.24955,2.2387400000000004,2.24187
2025-08-04,2.24187,2.25064,2.24108,2.24743
2025-08-05,2.24743,2.25665,2.2458,2.25218
2025-08-06,2.25218,2.25613,2.24343,2.25118
2025-08-07,2.25118,2.26018,2.2419800000000003,2.2535800000000004
2025-08-08,2.2535800000000004,2.26114,2.25156,2.25755
2025-08-11,2.25802,2.26587,2.2568900000000003,2.2602700000000002
2025-08-12,2.2602700000000002,2.27497,2.25867,2.26485
2025-08-13,2.26485,2.27259,2.2611700000000003,2.27163
2025-08-14,2.27163,2.28865,2.26784,2.28538
2025-08-15,2.28538,2.29096,2.2829300000000003,2.28689
2025-08-18,2.28689,2.2884200000000003,2.2782,2.2782
2025-08-19,2.2782,2.2895600000000003,2.27671,2.2886
2025-08-20,2.2886,2.32154,2.28528,2.3092200000000003
2025-08-21,2.3092200000000003,2.3138400000000003,2.3031800000000002,2.3031800000000002
2025-08-22,2.3031800000000002,2.31131,2.30223,2.3041400000000003
2025-08-25,2.3029,2.30602,2.29711,2.29835
2025-08-26,2.29835,2.3078000000000003,2.29794,2.2981800000000003
2025-08-27,2.2981800000000003,2.30845,2.2981800000000003,2.30221
2025-08-28,2.30221,2.30687,2.29476,2.29482
2025-08-29,2.29482,2.29684,2.28404,2.28832
2025-09-01,2.28832,2.2966100000000003,2.2864400000000002,2.2933000000000003
2025-09-02,2.2933000000000003,2.29962,2.28134,2.28291
2025-09-03,2.28291,2.2891500000000002,2.2800700000000003,2.2851600000000003
2025-09-04,2.2851600000000003,2.3025200000000003,2.28302,2.29657
2025-09-05,2.29657,2.2982500000000003,2.2879400000000003,2.2898300000000003
2025-09-08,2.2898300000000003,2.29237,2.27856,2.27901
2025-09-09,2.27901,2.28322,2.27803,2.2813100000000004
2025-09-10,2.2813100000000004,2.28277,2.27332,2.2772400000000004
2025-09-11,2.2772400000000004,2.28209,2.2702600000000004,2.2705800000000003
2025-09-12,2.2705800000000003,2.27903,2.26919,2.27516
2025-09-15,2.27516,2.28535,2.2738400000000003,2.27582
2025-09-16,2.27582,2.2869,2.27582,2.2783200000000003
2025-09-17,2.2783200000000003,2.2905900000000003,2.2769000000000004,2.2844
2025-09-18,2.2844,2.3149100000000002,2.28262,2.30216
2025-09-19,2.30216,2.30838,2.29626,2.2984500000000003
2025-09-22,2.2984500000000003,2.3066500000000003,2.2956700000000003,2.30188
2025-09-23,2.30188,2.31151,2.30104,2.3076700000000003
2025-09-24,2.3076700000000003,2.31508,2.3021000000000003,2.31192
2025-09-25,2.31192,2.31781,2.3071800000000002,2.31176
2025-09-26,2.31176,2.32432,2.31047,2.3185100000000003
2025-09-29,2.3185100000000003,2.32568,2.3181800000000004,2.323
2025-09-30,2.323,2.3251600000000003,2.3154600000000003,2.31901
2025-10-01,2.31901,2.32267,2.3147800000000003,2.3158600000000003
2025-10-02,2.3158600000000003,2.31766,2.30809,2.3100400000000003
2025-10-03,2.3100400000000003,2.3122100000000003,2.3039500000000004,2.30953
2025-10-06,2.30953,2.31129,2.3034600000000003,2.30728
2025-10-07,2.30728,2.3170800000000003,2.3064,2.3134
2025-10-08,2.3134,2.3352000000000004,2.31325,2.31429
2025-10-09,2.31429,2.31921,2.30955,2.31382
2025-10-10,2.31382,2.33386,2.3068400000000002,2.3312000000000004
2025-10-13,2.3312000000000004,2.3313,2.3219700000000003,2.32751
2025-10-14,2.32751,2.34348,2.3261700000000003,2.3284800000000003
2025-10-15,2.3284800000000003,2.3444800000000003,2.32768,2.34052
2025-10-16,2.34052,2.34797,2.33379,2.3452200000000003
2025-10-17,2.3452200000000003,2.35215,2.3400000000000003,2.3435300000000003
2025-10-20,2.3435300000000003,2.34471,2.33156,2.3324200000000004
2025-10-21,2.3324200000000004,2.3441,2.32681,2.3275200000000003
2025-10-22,2.3275200000000003,2.32986,2.31392,2.32601
2025-10-23,2.32601,2.3290300000000004,2.3139100000000004,2.3148
2025-10-24,2.3148,2.3208200000000003,2.3101800000000003,2.31352
2025-10-27,2.3041,2.31679,2.3041,2.31083
2025-10-28,2.31083,2.3152700000000004,2.29388,2.2950000000000004
2025-10-29,2.2950000000000004,2.29801,2.2804200000000003,2.28777
2025-10-30,2.28777,2.2937100000000004,2.2829,2.28891
2025-10-31,2.28891,2.29949,2.2887600000000003,2.29461
2025-11-03,2.29461,2.30619,2.2928100000000002,2.30019
2025-11-04,2.30019,2.31231,2.2998600000000002,2.30662
2025-11-05,2.30662,2.31143,2.3014,2.30308
2025-11-06,2.30308,2.3317200000000002,2.3025200000000003,2.3306500000000003
2025-11-07,2.3306500000000003,2.34491,2.32751,2.3369500000000003
2025-11-10,2.3369500000000003,2.33814,2.33056,2.33263
2025-11-11,2.33263,2.3367500000000003,2.32329,2.32349
2025-11-12,2.32349,2.3266500000000003,2.31169,2.3162800000000003
2025-11-13,2.3162800000000003,2.3346,2.3124800000000003,2.3324800000000003
2025-11-14,2.3324800000000003,2.33347,2.3086,2.3174
2025-11-17,2.3174,2.32811,2.3155300000000003,2.3246100000000003
2025-11-18,2.3246100000000003,2.3319400000000003,2.31697,2.32301
2025-11-19,2.32301,2.33582,2.32056,2.3281300000000003
2025-11-20,2.3281300000000003,2.3412800000000002,2.32341,2.34084
2025-11-21,2.34084,2.3414200000000003,2.33238,2.3326100000000003
2025-11-24,2.3323400000000003,2.3392500000000003,2.33101,2.33461
2025-11-25,2.33461,2.3551900000000003,2.3328,2.34126
2025-11-26,2.34126,2.34274,2.31569,2.32195
2025-11-27,2.32195,2.3237,2.3099700000000003,2.3099700000000003
2025-11-28,2.3099700000000003,2.3160700000000003,2.3042700000000003,2.30616
2025-12-01,2.3075300000000003,2.31048,2.30308,2.30608
2025-12-02,2.30608,2.31116,2.29881,2.3025100000000003
2025-12-03,2.3025100000000003,2.31882,2.2992700000000004,2.31074
2025-12-04,2.31074,2.31775,2.30836,2.31151
2025-12-05,2.31151,2.31354,2.3057800000000004,2.3062500000000004
2025-12-08,2.3062500000000004,2.3111200000000003,2.3006900000000003,2.3064400000000003
2025-12-09,2.3064400000000003,2.30927,2.29624,2.3003500000000003
2025-12-10,2.3003500000000003,2.30837,2.29794,2.3004800000000003
2025-12-11,2.3004800000000003,2.30927,2.2985200000000003,2.3033300000000003
2025-12-12,2.3033300000000003,2.3060300000000002,2.2994700000000003,2.3011500000000003
2025-12-15,2.3011500000000003,2.31637,2.30077,2.31116
2025-12-16,2.31116,2.32355,2.30992,2.31957
2025-12-17,2.31957,2.32392,2.30575,2.31481
2025-12-18,2.31481,2.32538,2.3127600000000004,2.3154000000000003
2025-12-19,2.3154000000000003,2.3303100000000003,2.3144,2.32275
2025-12-22,2.32275,2.32635,2.31897,2.3225700000000002
2025-12-23,2.3225700000000002,2.3240600000000002,2.31036,2.3141100000000003
2025-12-24,2.3141100000000003,2.31503,2.31056,2.31325
2025-12-26,2.31325,2.3190500000000003,2.3124800000000003,2.31346
2025-12-29,2.31346,2.3290900000000003,2.3124000000000002,2.3264400000000003
2025-12-30,2.3264400000000003,2.32907,2.31963,2.3238000000000003
2025-12-31,2.3238000000000003,2.3402100000000003,2.32322,2.33815
2026-01-02,2.33815,2.33971,2.32825,2.33083
2026-01-05,2.33083,2.3397900000000003,2.33001,2.3375500000000002
2026-01-06,2.3375500000000002,2.3415000000000004,2.3330300000000004,2.3333600000000003
2026-01-07,2.3333600000000003,2.33744,2.32857,2.33006
2026-01-08,2.33006,2.34022,2.3278700000000003,2.3352600000000003
2026-01-09,2.3352600000000003,2.3455000000000004,2.3337600000000003,2.33625
2026-01-12,2.33625,2.33996,2.33158,2.33256
2026-01-13,2.33256,2.3414,2.33034,2.3384400000000003
2026-01-14,2.3384400000000003,2.3434700000000004,2.3355,2.33664
2026-01-15,2.33664,2.34267,2.32783,2.32819
2026-01-16,2.32819,2.33039,2.32335,2.32398
2026-01-19,2.32236,2.32646,2.3133500000000002,2.31462
2026-01-20,2.31462,2.31692,2.30053,2.3032500000000002
2026-01-21,2.3032500000000002,2.30893,2.28837,2.2964100000000003
2026-01-22,2.2964100000000003,2.29977,2.27638,2.27687
2026-01-23,2.27687,2.2965600000000004,2.27448,2.29204
2026-01-26,2.28988,2.2947,2.28335,2.28947
2026-01-27,2.28947,2.2959300000000002,2.2868600000000003,2.2897600000000002
2026-01-28,2.2897600000000002,2.2961,2.27694,2.27694
2026-01-29,2.27694,2.2833200000000002,2.2698500000000004,2.27029
2026-01-30,2.27029,2.2778,2.26276,2.27076
2026-02-02,2.27272,2.2814400000000004,2.27076,2.27647
2026-02-03,2.27647,2.27803,2.2594000000000003,2.26425
2026-02-04,2.26425,2.27983,2.2613600000000003,2.2726900000000003
2026-02-05,2.2726900000000003,2.27982,2.25958,2.27238
2026-02-06,2.27238,2.2787100000000002,2.2585800000000003,2.25925
2026-02-09,2.25902,2.2674000000000003,2.25415,2.26092
2026-02-10,2.26092,2.26633,2.25502,2.25502
2026-02-11,2.25502,2.2608800000000002,2.2494500000000004,2.25176
2026-02-12,2.25176,2.25883,2.2454300000000003,2.25516
2026-02-13,2.25516,2.26134,2.25348,2.2588700000000004
2026-02-16,2.2588700000000004,2.26335,2.25665,2.25816
2026-02-17,2.25816,2.2613600000000003,2.24113,2.24113
2026-02-18,2.24113,2.2646300000000004,2.2404100000000002,2.26023
2026-02-19,2.26023,2.26425,2.25076,2.25308
2026-02-20,2.25308,2.26656,2.25193,2.25373
2026-02-23,2.2528300000000003,2.2663800000000003,2.2528300000000003,2.26453
2026-02-24,2.26453,2.26846,2.25928,2.25928
2026-02-25,2.25928,2.2653100000000004,2.25712,2.25712
2026-02-26,2.25712,2.2662,2.2529600000000003,2.2543200000000003
2026-02-27,2.2543200000000003,2.25707,2.2398800000000003,2.24657
2026-03-02,2.2533600000000003,2.25993,2.24269,2.2548600000000003
2026-03-03,2.2548600000000003,2.2718200000000004,2.2509200000000003,2.26633
2026-03-04,2.26633,2.27062,2.2491000000000003,2.2501800000000003
2026-03-05,2.2501800000000003,2.26796,2.2473,2.26412
2026-03-06,2.26412,2.27745,2.25979,2.26988
2026-03-09,2.27184,2.27555,2.2564300000000004,2.2643600000000004
2026-03-10,2.2643600000000004,2.2728900000000003,2.2584600000000004,2.2621900000000004
2026-03-11,2.2621900000000004,2.2692300000000003,2.26079,2.2665300000000004
2026-03-12,2.2665300000000004,2.28047,2.26301,2.27883
2026-03-13,2.27883,2.29104,2.2728,2.2876700000000003
2026-03-16,2.2826400000000002,2.28907,2.2717,2.27232
2026-03-17,2.27232,2.28573,2.27104,2.27964
2026-03-18,2.27964,2.2898300000000003,2.27718,2.2868600000000003
2026-03-19,2.2868600000000003,2.2926900000000003,2.2792000000000003,2.2847500000000003
2026-03-20,2.2847500000000003,2.29021,2.27761,2.28792
2026-03-23,2.28792,2.3032600000000003,2.28433,2.28966
2026-03-24,2.28966,2.3061000000000003,2.2863900000000004,2.2963
2026-03-25,2.2963,2.30585,2.2943700000000002,2.29989
2026-03-26,2.29989,2.31468,2.2979000000000003,2.31163
2026-03-27,2.31163,2.31746,2.3044900000000004,2.30756
2026-03-30,2.3047,2.31523,2.30301,2.30301
2026-03-31,2.30301,2.31544,2.30046,2.30102
2026-04-01,2.30102,2.31511,2.2997,2.31024
2026-04-02,2.31024,2.31851,2.30784,2.31153
2026-04-03,2.3115300000000003,2.3201300000000002,2.31088,2.31965
2026-04-06,2.31764,2.32013,2.31343,2.31557
2026-04-07,2.31557,2.32503,2.31212,2.31727
2026-04-08,2.31727,2.32029,2.29712,2.30146