time,open,high,low,close
2007-06-21,80.89,80.97,80.82,80.85
2007-06-22,80.69,80.8,80.57,80.79
2007-06-25,80.88,80.94,80.68,80.9
2007-06-26,81.24,81.28,80.95,81.13
2007-06-27,81.78,81.79,81.5,81.52
2007-06-28,81.24,81.37,81.09,81.19
2007-06-29,81.07,81.33,80.93,81.19
2007-07-02,81.62,81.91,81.56,81.68
2007-07-03,81.74,81.88,81.64,81.7
2007-07-05,81.45,81.51,81.29,81.37
2007-07-06,81.04,81.24,81.02,81.06
2007-07-09,81.09,81.16,81.02,81.05
2007-07-10,81.67,82.06,81.63,82.06
2007-07-11,82.13,82.15,81.62,81.64
2007-07-12,81.72,81.75,81.57,81.67
2007-07-13,81.92,82.02,81.71,82.02
2007-07-16,82.14,82.16,81.9,82.05
2007-07-17,81.85,81.85,81.69,81.73
2007-07-18,81.93,82.19,81.84,81.98
2007-07-19,81.89,82.04,81.84,81.93
2007-07-20,81.9,82.73,81.9,82.44
2007-07-23,82.39,82.69,82.36,82.63
2007-07-24,83.14999,83.31,82.75999,83.14999
2007-07-25,83.14999,83.25,82.89,83.01999
2007-07-26,83.64,84.38,83.64,84.18999
2007-07-27,84.18999,84.39,83.95,84.37
2007-07-30,84.37,84.49001,83.90999,83.92999
2007-07-31,83.92999,84.42999,83.73,84.26999
2007-08-01,84.26999,84.50999,84.03999,84.09999
2007-08-02,84.09999,84.11,83.76999,83.87
2007-08-03,83.98999,84.78999,83.98999,84.75999
2007-08-06,84.75999,84.99001,83.96999,84.09
2007-08-07,84.09,84.75999,84.06999,84.10999
2007-08-08,83.89,83.89,83.43999,83.48999
2007-08-09,84.12,84.63,84.12,84.56
2007-08-10,84.56,85.07001,84.20999,84.45
2007-08-13,84.45,84.67999,84.34,84.56999
2007-08-14,84.56999,85.06,84.39,85.03
2007-08-15,85.03999,85.72,85.03999,85.62
2007-08-16,87.14,89.28999,87.14,87.51999
2007-08-17,87.51999,88.28999,87.01999,87.45
2007-08-20,87.45,87.60001,86.79999,87.06999
2007-08-21,87.25,87.60001,87.25,87.39
2007-08-22,87.10001,87.10001,86.59999,86.75
2007-08-23,86.47,86.47,85.82999,86.06
2007-08-24,86.06,86.39999,85.87999,85.92999
2007-08-27,86.01999,86.31,86.01999,86.29999
2007-08-28,86.82999,87.56,86.82999,87.43999
2007-08-29,87.14999,87.14999,86.01999,86.06
2007-08-30,86.14999,86.63,86.14999,86.21999
2007-08-31,86.21999,86.59,85.87999,86.37
2007-09-04,86.37,86.5,85.89,85.92999
2007-09-05,86.37999,86.96001,86.37999,86.75999
2007-09-06,86.75999,86.91,86.62,86.67999
2007-09-07,87.59999,88.39999,87.59999,88.12
2007-09-10,88.12,88.32001,87.81999,87.93999
2007-09-11,87.93999,87.94,87.42999,87.54999
2007-09-12,87.54999,87.69,87.42999,87.53
2007-09-13,86.89,86.89,86.57999,86.87
2007-09-14,86.87,87.31,86.65999,86.7
2007-09-17,86.75,87.05,86.75,86.84999
2007-09-18,86.75,86.75,85.92999,86.10999
2007-09-19,86.10999,86.31,85.96999,86.12
2007-09-20,86.87999,87.73,86.87999,87.21999
2007-09-21,86.75,86.75,86.46999,86.7
2007-09-24,86.89999,87.22,86.89999,87.09
2007-09-25,87.09,87.7,87.04999,87.10999
2007-09-26,86.72,86.72,86.39999,86.5
2007-09-27,86.5,86.73,86.28999,86.50999
2007-09-28,86.71999,87.21001,86.71999,87.07999
2007-10-01,86.52,86.52,86.14999,86.43999
2007-10-02,86.42999,86.42999,86.20999,86.35999
2007-10-03,85.95,85.95,85.62,85.65999
2007-10-04,85.71999,86,85.71999,85.82999
2007-10-05,85.78999,85.78999,85.42,85.51999
2007-10-08,85.35001,85.35001,85.03,85.17999
2007-10-09,85.26999,85.62,85.26999,85.32999
2007-10-10,85.32999,85.49001,85.2,85.29999
2007-10-11,85.29999,85.47,84.89999,85.29999
2007-10-12,85.21001,85.21001,84.98999,85.01999
2007-10-15,85.01999,85.39,84.78999,85.17
2007-10-16,85.54999,85.87,85.54999,85.62999
2007-10-17,85.62999,85.99001,85.42,85.67
2007-10-18,86.29999,86.61,86.29999,86.48999
2007-10-19,86.7,87.32001,86.7,87.28999
2007-10-22,87.34,87.78999,87.34,87.37
2007-10-23,87.37,87.39999,86.95999,87.07999
2007-10-24,87.35999,87.86,87.35999,87.5
2007-10-25,87.5,87.89999,87.35999,87.62999
2007-10-26,87.62999,87.73,87.35999,87.46999
2007-10-29,87.28999,87.28999,87.01999,87.2
2007-10-30,87.2,87.25,86.95,87.20999
2007-10-31,87.03,87.03,86.57999,86.62999
2007-11-01,86.70999,87.33,86.70999,87.26999
2007-11-02,87.26999,87.32001,86.75999,87.03
2007-11-05,87.25999,87.7,87.25999,87.32999
2007-11-06,87.32999,87.52,87.15999,87.17999
2007-11-07,88.18999,88.7,88.18999,88.67
2007-11-08,88.67,89.10001,88.48999,88.73
2007-11-09,89.95999,90.5,89.95999,90.32999
2007-11-12,90.78999,91.52,90.78999,91.37999
2007-11-13,90.78999,90.78999,90.10999,90.14
2007-11-14,89.96001,89.96001,89.48,89.89
2007-11-15,89.89,90.74001,89.89,90.57999
2007-11-16,90.57999,90.69,89.81999,90.07999
2007-11-19,90.57999,91.12,90.57999,91.03999
2007-11-20,91.03999,91.32001,90.62999,90.92999
2007-11-21,91.84999,92.35001,91.84999,92.32999
2007-11-23,92.32999,92.75999,92.31999,92.40999
2007-11-26,92.40999,93.27,92.12999,93.14
2007-11-27,92.7,92.7,91.60999,91.62999
2007-11-28,91.10001,91.10001,90.50999,90.87999
2007-11-29,90.87999,91.35001,90.85999,90.95999
2007-11-30,90.41,90.41,89.90999,89.95
2007-12-03,90.45999,90.8,90.45999,90.53
2007-12-04,90.92,91.27,90.92,91.14999
2007-12-05,90.66,90.66,90.10999,90.15999
2007-12-06,90.15999,90.28999,89.70999,89.89999
2007-12-07,89.69,89.69,89.43999,89.54999
2007-12-10,89.54999,89.7,89.42999,89.5
2007-12-11,89.5,90.50999,89.39999,90.34999
2007-12-12,89.44,89.44,88.90999,89.14999
2007-12-13,89.14999,89.25999,88.92999,89.14
2007-12-14,88.61,88.61,88.03,88.25
2007-12-17,88.25,88.63,88.23999,88.53
2007-12-18,88.39,88.39,88.12999,88.21999
2007-12-19,88.21999,88.50999,87.84999,88.17
2007-12-20,88.31,88.66,88.31,88.35999
2007-12-21,88.00999,88.00999,87.56,87.62
2007-12-24,87.52,87.52,87.34,87.42
2007-12-26,87.45,87.72,87.45,87.46999
2007-12-27,87.51999,88.05,87.51999,87.93999
2007-12-28,88.26999,89.02,88.26999,89
2007-12-31,89.31,89.82001,89.31,89.64
2008-01-02,89.87,91.56,89.87,91.28
2008-01-03,91.28,91.63,91.14999,91.51999
2008-01-04,91.87,92.56,91.87,92.03999
2008-01-07,92.03999,92.08,91.5,91.59
2008-01-08,91.59,91.86,91.09,91.84999
2008-01-09,91.52,91.52,90.95,91.01999
2008-01-10,91.12,91.64999,91.12,91.42999
2008-01-11,91.59999,91.95,91.59999,91.78999
2008-01-14,92.31,92.78999,92.31,92.42
2008-01-15,93.25999,93.72,93.25999,93.65999
2008-01-16,93.65999,93.92999,92.65999,92.93999
2008-01-17,93.00999,93.84,93.00999,93.81999
2008-01-18,93.81999,93.89,93.10999,93.62
2008-01-22,93.62,94.16,93.42,93.92999
2008-01-23,93.92999,95.17999,93.62,93.62999
2008-01-24,93.62999,93.91,93.28999,93.34999
2008-01-25,93.34999,93.7,92.75,93.64999
2008-01-28,93.64999,93.92,93.42999,93.57999
2008-01-29,93.57999,93.75999,93.31,93.34999
2008-01-30,93.34999,93.39,93.04999,93.23
2008-01-31,93.57999,94.58,93.57999,93.89
2008-02-01,93.89,94.27,93.68999,93.79999
2008-02-04,93.79999,93.82001,93.48999,93.75999
2008-02-05,93.75,93.75,93.34,93.64
2008-02-06,93.64,93.96001,93.64,93.81999
2008-02-07,93.81999,94.09,92.73999,93.01999
2008-02-08,93.01999,93.25999,92.95,93.17
2008-02-11,93.45999,93.97,93.45999,93.50999
2008-02-12,93.31,93.31,93.00999,93.17
2008-02-13,92.57001,92.57001,92.26999,92.31
2008-02-14,92.31,92.78999,92.14,92.67
2008-02-15,92.73,93.12,92.73,92.78999
2008-02-19,92.78999,93.14999,92.7,92.78999
2008-02-20,92.75999,92.75999,92.28,92.45999
2008-02-21,92.48,93.33,92.48,93.12
2008-02-22,93.17,93.69,93.17,93.34999
2008-02-25,92.95,92.95,92.39999,92.51999
2008-02-26,92.73,93.28999,92.73,93.23
2008-02-27,93.79999,94.38,93.79999,93.92999
2008-02-28,94.23999,95.17,94.23999,94.98999
2008-02-29,95.82999,96.35001,95.82999,96.32999
2008-03-03,96.42,97.28999,96.42,96.67
2008-03-04,96.67,97.42,96.62999,96.78
2008-03-05,96.62,96.62,95.98,96.14
2008-03-06,96.75,97.50999,96.75,97.42
2008-03-07,97.42,97.95,96.87,97.37999
2008-03-10,97.59999,98.46001,97.59999,98.23999
2008-03-11,97.37,97.37,96.53,96.64
2008-03-12,97.25,98.39999,97.25,98.25999
2008-03-13,98.76999,100.05,98.76999,99.37
2008-03-14,99.37,101.11,99.06999,100.85999
2008-03-17,101.92999,103.42,101.92999,102.75
2008-03-18,102.21001,102.21001,100.06999,100.26999
2008-03-19,100.26999,101.35001,100.25999,101.03999
2008-03-20,101.03999,101.57001,100.46999,100.65999
2008-03-24,100.25,100.25,99.10999,99.25999
2008-03-25,99.60999,100.38,99.60999,99.93999
2008-03-26,100.39999,101.03,100.39999,100.95999
2008-03-27,100.66,100.66,99.87,100.28999
2008-03-28,100.28999,100.89999,99.87999,100.73
2008-03-31,100.73,100.78999,100.04999,100.26999
2008-04-01,99.24001,99.24001,97.89,98.09
2008-04-02,97.98,97.98,97.23999,97.64999
2008-04-03,97.64999,97.97,97.39999,97.75
2008-04-04,97.95999,98.56,97.95999,98.50999
2008-04-07,97.71001,97.71001,97.29999,97.59999
2008-04-08,97.59999,97.82001,97.39,97.45999
2008-04-09,97.56,98.52,97.56,98.25
2008-04-10,98.25,99.64,98,98.07999
2008-04-11,98.78,99.35001,98.78,99.07999
2008-04-14,99.07999,99.41,98.82999,98.89999
2008-04-15,98.86,98.86,98.2,98.25999
2008-04-16,98.25999,99.05,98.14999,98.17
2008-04-17,98.16,98.16,97.34999,97.45999
2008-04-18,96.45,96.45,95.54999,96.39999
2008-04-21,96.51999,97.05,96.51999,96.89
2008-04-22,96.89,97.39,96.56999,97.09
2008-04-23,96.96001,96.96001,96.34999,96.67999
2008-04-24,96.38,96.38,95.64999,95.89999
2008-04-25,95.89999,96.25,95.62999,95.75
2008-04-28,95.75,96.08,95.64,95.98
2008-04-29,96.07999,96.88,96.07999,96.14
2008-04-30,96.14,96.39,95.42,96.23999
2008-05-01,96.23999,96.42,95.60999,95.7
2008-05-02,95.11,95.11,94.7,94.90999
2008-05-05,94.90999,95.48,94.67999,95.34999
2008-05-06,95.34999,96.13,95.34999,95.42999
2008-05-07,95.42999,95.59,94.78999,95.53
2008-05-08,96.06,96.71001,96.06,96.42
2008-05-09,96.73,97.23,96.73,97.18999
2008-05-12,96.84,96.84,96.2,96.32999
2008-05-13,95.89,95.89,95.31999,95.48999
2008-05-14,95.42999,95.42999,94.89999,95.18999
2008-05-15,95.18999,95.75999,95.17999,95.46999
2008-05-16,95.46999,96.60001,95.25999,96.14999
2008-05-19,96.14,96.14,95.51999,95.89999
2008-05-20,96.2,96.64999,96.2,96.42
2008-05-21,96.48999,97.13,96.48999,97.03999
2008-05-22,96.56,96.56,95.79999,96.04999
2008-05-23,96.57999,97.03,96.57999,96.76999
2008-05-27,96.2,96.2,95.84,95.92
2008-05-28,95.73,95.73,95.23,95.51999
2008-05-29,95.16,95.16,94.45,94.75999
2008-05-30,94.75999,94.94,94.57999,94.78
2008-06-02,95.37,96.14,95.37,95.67
2008-06-03,95.41,95.41,94.73,95.15999
2008-06-04,95.15999,95.44,94.92,95.07999
2008-06-05,94.74001,94.74001,94.17999,94.39
2008-06-06,94.42,95.32001,94.42,95.31999
2008-06-09,94.39,94.39,94.01999,94.06
2008-06-10,93.61,93.61,93.06999,93.15999
2008-06-11,93.28999,93.8,93.28999,93.67999
2008-06-12,92.8,92.8,92.51999,92.67
2008-06-13,92.67,92.7,92.37,92.45999
2008-06-16,92.45999,92.62,92.31,92.45
2008-06-17,92.45,92.67,92.37999,92.62999
2008-06-18,92.62999,92.84,92.46999,92.70999
2008-06-19,92.70999,92.74001,92.53,92.59999
2008-06-20,92.85999,93.34,92.85999,93.25
2008-06-23,92.8,92.8,92.60999,92.7
2008-06-24,92.7,93.14,92.56,92.75
2008-06-25,92.75,92.87,92.23,92.71999
2008-06-26,92.90999,93.8,92.90999,93.71999
2008-06-27,93.95,94.46001,93.95,94.29999
2008-06-30,94.29999,94.63,94.10999,94.17
2008-07-01,94.17,95.03,94.17,94.25
2008-07-02,94.25,94.48,94.09999,94.45999
2008-07-03,94.14999,94.14999,93.54999,93.65999
2008-07-07,93.65999,93.72,92.81,93.34999
2008-07-08,93.34,93.34,92.98,93.00999
2008-07-09,93.14999,93.73,93.14999,93.70999
2008-07-10,93.64,93.64,93.17999,93.42
2008-07-11,93.73,94.64999,93.73,94.14
2008-07-14,94.14,94.3,93.87,94.18999
2008-07-15,95.12999,96.00999,95.12999,95.56999
2008-07-16,95.56999,95.92999,95.06999,95.10999
2008-07-17,94.84,94.84,93.37999,93.98
2008-07-18,93.88,93.88,93.46999,93.51999
2008-07-21,93.51999,93.97,93.37999,93.95999
2008-07-22,93.78999,93.78999,93.06999,93.23999
2008-07-23,92.97,92.97,92.62,92.7
2008-07-24,92.75,93.28999,92.75,93.26999
2008-07-25,92.92,92.92,92.62999,92.70999
2008-07-28,92.78,93.16,92.78,93.06
2008-07-29,92.77,92.77,92.34,92.51999
2008-07-30,92.51999,92.62,92.31,92.48999
2008-07-31,92.48999,92.86,92.42999,92.7
2008-08-01,92.78,93.21001,92.78,92.87
2008-08-04,92.67,92.67,92.34,92.37
2008-08-05,92.37,92.58,92.23999,92.35999
2008-08-06,91.83,91.83,91.00999,91.09999
2008-08-07,91.17,91.53,91.17,91.34999
2008-08-08,91.00999,91.00999,90.60999,90.76999
2008-08-11,90.76999,91.12,90.57999,90.81999
2008-08-12,90.95999,91.5,90.95999,91.5
2008-08-13,91.5,92.14,91.12999,91.28
2008-08-14,91.28,91.44,90.90999,91.09999
2008-08-15,90.72,90.72,90.40999,90.48999
2008-08-18,90.64,90.94,90.64,90.85999
2008-08-19,90.95999,91.28,90.95999,91.14999
2008-08-20,91.14,91.14,90.82999,91.00999
2008-08-21,91.98,92.47,91.98,92.17999
2008-08-22,91.06,91.06,90.78999,90.87999
2008-08-25,91.03999,91.72,91.03999,91.48999
2008-08-26,91.48999,91.58,90.96999,91.2
2008-08-27,91.2,91.35001,90.98999,91.32999
2008-08-28,91.32999,91.85001,91.14,91.28999
2008-08-29,91.76999,92.2,91.76999,91.92
2008-09-02,91.92,92.13,91.59,92.07999
2008-09-03,92.07999,92.5,91.98,92.37
2008-09-04,92.37,93.48,92.37,93.34999
2008-09-05,93.34999,94.12,93.00999,93.00999
2008-09-08,92.81,92.81,92.03999,92.25999
2008-09-09,92.56,93.73,92.56,93.64999
2008-09-10,93.13,93.13,92.64,92.95
2008-09-11,93.26999,94.27,93.26999,93.39
2008-09-12,93.39,93.7,92.65999,92.67
2008-09-15,94,95.55,94,95.37999
2008-09-16,95.37999,96.5,94,94.2
2008-09-17,94.81999,95.8,94.81999,95.62999
2008-09-18,95.62999,96.14999,94.53,94.85999
2008-09-19,93.72,93.72,92.71999,93.14999
2008-09-22,93.56999,95.10001,93.56999,94.84999
2008-09-23,94.84999,95.02,94.26999,94.79999
2008-09-24,94.75999,94.75999,94.07999,94.15999
2008-09-25,94.15999,94.63,93.43999,93.87999
2008-09-26,94.17,94.85001,94.17,94.21999
2008-09-29,94.59,96.14,94.59,95.87999
2008-09-30,95.02,95.02,93.89,94.03
2008-10-01,94.09999,94.94,94.09999,94.56
2008-10-02,94.62,95.14999,94.62,95.03
2008-10-03,95.03,95.14999,94.20999,95.01999
2008-10-06,96.93999,99.75999,96.93999,98.25999
2008-10-07,98.25999,98.94,97.23999,98.59999
2008-10-08,99.37,100.69,99.37,100.51999
2008-10-09,100.49001,100.49001,98.14999,100.34
2008-10-10,100.34,101.33,99.28999,99.37999
2008-10-13,99.37999,99.78,97.87,98.06999
2008-10-14,98.06999,98.52,97.31,98.14999
2008-10-15,98.28,100.13,98.28,99.87
2008-10-16,99.83,99.83,98.34,98.37999
2008-10-17,98.37999,99.28,98.23999,98.42
2008-10-20,98.42,98.64999,97.92999,98.17999
2008-10-21,98.84,99.89,98.84,99.67999
2008-10-22,100.78999,102.84,100.78999,102.25
2008-10-23,102.28999,104.24001,102.28999,102.73
2008-10-24,105.39,109.25,105.39,105.89999
2008-10-27,106.18999,107.67,106.18999,107.46999
2008-10-28,105.34,105.34,101.59,102.28
2008-10-29,102.28,103.7,102.03,102.85999
2008-10-30,102.66,102.66,101.17999,101.42999
2008-10-31,101.42999,102.19,100.87999,101.48
2008-11-03,101.48,101.66,100.71999,100.81999
2008-11-04,100.69,100.69,99.45,100.34999
2008-11-05,100.54999,102.28999,100.54999,102.23
2008-11-06,102.23,102.62,101.34,102.53
2008-11-07,102.53,102.60001,101.32999,101.78999
2008-11-10,101.78999,102.45,100.89999,102.10999
2008-11-11,102.10999,102.75999,102.01999,102.45
2008-11-12,103.48,105.84,103.48,105.5
2008-11-13,105.11,105.11,101.75,102.14
2008-11-14,102.29999,103.78,102.29999,103.00999
2008-11-17,103.00999,103.89999,102.84,103.79999
2008-11-18,103.79999,103.8,102.64999,102.96999
2008-11-19,102.98999,104.64999,102.98999,104.31
2008-11-20,104.31,106.88,103.90999,106.57999
2008-11-21,105.57001,105.57001,104.17999,104.25999
2008-11-24,104.25999,104.52,102.62999,102.85999
2008-11-25,103.92,105.32001,103.92,104.87
2008-11-26,104.87,105.7,104.23,104.62
2008-11-28,104.62,105.08,104.45999,104.54999
2008-12-01,106.17999,107.46001,106.17999,107.34
2008-12-02,107.34,107.58,106.73999,107.39
2008-12-03,107.39,108.06,106.98,107.14
2008-12-04,107.53999,108.61,107.53999,108.48
2008-12-05,108.48,108.96001,107.07999,107.75999
2008-12-08,107.75999,107.96001,107.14999,107.75
2008-12-09,107.89999,108.77,107.89999,108.54999
2008-12-10,108.2,108.2,107.5,107.73
2008-12-11,108.68999,109.60001,108.68999,109.31
2008-12-12,109.31,110.8,109.2,109.64999
2008-12-15,109.95,110.66,109.95,110.28999
2008-12-16,110.89999,112.78999,110.89999,112.5
2008-12-17,113.39999,114.7,113.39999,114.5
2008-12-18,113.00999,113.00999,111.09999,111.59999
2008-12-19,111.59999,112.33,111.32999,111.95
2008-12-22,111.7,111.7,110.62999,110.76999
2008-12-23,110.76999,110.91,109.89999,109.93999
2008-12-24,110.17999,110.60001,110.17999,110.35999
2008-12-26,110.35999,110.5,110.09999,110.09999
2008-12-29,110.25,111.10001,110.25,110.31
2008-12-30,110.57999,110.91,110.57999,110.7
2008-12-31,110.46001,110.46001,109.95999,110.29999
2009-01-02,110.11,110.11,108.23999,108.84999
2009-01-05,107.67999,107.67999,106.92,107.2
2009-01-06,106.78,106.78,105.7,106.75
2009-01-07,107.39999,108.3,107.39999,108
2009-01-08,109.35999,109.89999,109.35999,109.75
2009-01-09,109.75,110.89999,109.54999,110.59999
2009-01-12,111.29999,112.5,111.29999,112
2009-01-13,112,112.39999,111.28999,111.89
2009-01-14,111.89999,112.83,111.89999,112.51999
2009-01-15,112.25,112.25,111.09999,111.29999
2009-01-16,111,111,109.96999,110.2
2009-01-20,110.46999,111.48,110.46999,111.45999
2009-01-21,111.45999,114.75,110.93999,111.85999
2009-01-22,111.89999,113.21001,111.89999,112.45
2009-01-23,112.45,112.86,111.64999,112.54999
2009-01-26,112.54999,112.63,111.53999,112.56999
2009-01-27,112.56999,113.05,111.95999,112.39999
2009-01-28,112.03,112.03,110.29999,110.78
2009-01-29,110.95,111.73,110.95,111
2009-01-30,111,111.77,111,111.2
2009-02-02,111.2,112,111.09999,111.79999
2009-02-03,111.79999,112.87,111.75,111.75999
2009-02-04,111.75999,112.17999,111.34999,111.85999
2009-02-05,111.39999,111.39999,108.39999,109.7
2009-02-06,109.32001,109.32001,108.45,108.84999
2009-02-09,109,109.5,109,109.31
2009-02-10,109.31,110.95,109.25999,110.59999
2009-02-11,110.59999,110.83,110.2,110.67
2009-02-12,110.67,110.86,109.95,110.04999
2009-02-13,109.3,109.3,108.7,108.73
2009-02-17,108.73,108.75,107.87999,108.29999
2009-02-18,107.33,107.33,106.45,106.64999
2009-02-19,106.34,106.34,105.87999,106.14999
2009-02-20,106.14999,108,106,107.14999
2009-02-23,106.2,106.2,105.39999,105.75
2009-02-24,103.95,103.95,103.14999,103.5
2009-02-25,103.5,103.50999,102.25,102.62999
2009-02-26,102.2,102.2,101.29999,101.53
2009-02-27,101.87999,102.7,101.87999,102.5
2009-03-02,102.5,103,102.29999,102.7
2009-03-03,102,102,101.43999,101.76999
2009-03-04,101.05,101.05,100.59,100.90999
2009-03-05,101.14,102.3,101.14,102.07999
2009-03-06,102.07999,102.5,101.59999,101.79999
2009-03-09,101.31,101.31,100.79999,101.09999
2009-03-10,101.09999,101.89999,101.09999,101.31
2009-03-11,101.75999,102.95,101.75999,102.82999
2009-03-12,102.82999,103.00999,101.54999,102.31
2009-03-13,102.22,102.22,101.57999,102.09999
2009-03-16,102.00999,102.00999,101.53,101.89999
2009-03-17,101.55,101.55,101.06999,101.37
2009-03-18,101.7,104.5,101.7,104.03999
2009-03-19,105.37999,106.88,105.37999,105.79999
2009-03-20,105.02,105.02,103.89,104.2
2009-03-23,103.52,103.52,102.75999,103.12
2009-03-24,102.35001,102.35001,101.59999,102.26999
2009-03-25,102.26999,103.12,101.98999,102.48
2009-03-26,101.8,101.8,101.14999,101.25999
2009-03-27,101.73999,102.39999,101.73999,102.25
2009-03-30,102.54999,103.39999,102.54999,102.79999
2009-03-31,101.8,101.8,100.64999,101.23999
2009-04-01,101.23999,101.52,100.96999,101.45999
2009-04-02,100.94,100.94,100.29999,100.53
2009-04-03,100.41,100.41,99.59999,99.64999
2009-04-06,99.46001,99.46001,98.93999,99
2009-04-07,99.17999,99.86,99.17999,99.53
2009-04-08,99.67999,100.64999,99.67999,100.2
2009-04-09,99.75,99.75,99.43999,99.62
2009-04-13,99.65999,100.12,99.65999,99.89999
2009-04-14,100.59999,101.27,100.59999,101.12
2009-04-15,101.03,101.03,100.43999,100.59999
2009-04-16,100.59999,101.02,100.59999,100.65999
2009-04-17,100.65999,101.3,100.56999,100.84999
2009-04-20,101.43999,102.39999,101.43999,102.09999
2009-04-21,102.09999,102.2,101.10999,101.29999
2009-04-22,101.7,102.39999,101.7,102.09999
2009-04-23,102.09999,102.35001,101.7,102
2009-04-24,102.59999,103.21001,102.59999,102.79999
2009-04-27,103.2,103.64999,103.2,103.37999
2009-04-28,103.45999,104.06,103.45999,103.71999
2009-04-29,103.31,103.31,102.14,102.54999
2009-04-30,101.89999,101.89999,101.04999,101.45999
2009-05-01,100.92999,100.92999,100.48,100.79999
2009-05-04,100.79999,101.3,100.48999,101.23999
2009-05-05,101.23999,101.35001,100.89999,101.14999
2009-05-06,101.14999,101.82001,101.09999,101.7
2009-05-07,101.12,101.12,100.7,100.75
2009-05-08,100.79999,101.7,100.79999,101.54999
2009-05-11,102.39999,102.81,102.39999,102.54999
2009-05-12,103.03,104.05,103.03,103.68999
2009-05-13,103.89,105.10001,103.89,104.89999
2009-05-14,104.75,104.75,104.29999,104.34999
2009-05-15,104.7,105.52,104.7,105.09999
2009-05-18,104.52,104.52,103.67,103.84999
2009-05-19,103.84999,104.25,103.78999,104.2
2009-05-20,104.39999,105.60001,104.39999,105.37999
2009-05-21,105.37999,106.41,105.00999,105.96999
2009-05-22,105.96999,106.23,105.34999,105.5
2009-05-26,105.5,105.7,105.2,105.28999
2009-05-27,105.28999,105.60001,104.87,104.92
2009-05-28,103.56,103.56,103.06999,103.21999
2009-05-29,104.29999,105.22,104.29999,104.75
2009-06-01,104.75,105.5,103.34,103.59999
2009-06-02,103.98,104.8,103.98,104.5
2009-06-03,104.5,104.62,104.06,104.2
2009-06-04,104,104,103.09999,103.54999
2009-06-05,103.38,103.38,101.09999,101.2
2009-06-08,101.29999,101.8,101.29999,101.51999
2009-06-09,101.89999,102.81,101.89999,102.7
2009-06-10,102.2,102.2,101.59,101.84999
2009-06-11,101.84999,102.75,101.5,102.5
2009-06-12,101.95,101.95,101.59999,101.59999
2009-06-15,101.73999,102.48,101.73999,102.2
2009-06-16,102.79999,103.91,102.79999,103.79999
2009-06-17,103.79999,104.69,103.73,104.39999
2009-06-18,104.39999,104.42,103.39999,103.56
2009-06-19,103.56,104.17999,103.18999,103.85999
2009-06-22,104.06999,104.47,104.06999,104.29999
2009-06-23,104.29999,105.39999,104.29999,105.04999
2009-06-24,105,105,104.28,104.5
2009-06-25,104.46001,104.46001,103.7,104.21999
2009-06-26,104.67,105.22,104.67,105.09999
2009-06-29,104.92999,104.92999,103.98999,104.10999
2009-06-30,104.10999,104.41,103.59999,103.75
2009-07-01,103.75,103.85001,103.2,103.5
2009-07-02,103.5,104.44,103.21999,104.23999
2009-07-06,104.84999,105.64999,104.84999,104.84999
2009-07-07,104.87999,105.57001,104.87999,105.40999
2009-07-08,105.95999,108.83,105.95999,107.64
2009-07-09,107.64,108.08,107.34,107.59999
2009-07-10,108.03,108.86,108.03,108.03999
2009-07-13,108.03999,108.57001,107.53999,107.56
2009-07-14,107.56,107.83,106.64999,106.87999
2009-07-15,106.87999,107.10001,105.87999,106.06
2009-07-16,106.31999,107.16,106.31999,106.51999
2009-07-17,106.51999,106.75,105.95999,106.12
2009-07-20,106.12,106.23,105.67999,106.10999
2009-07-21,106.10999,107.19,105.95999,106.64
2009-07-22,106.64,107.36,106.59999,106.81999
2009-07-23,106.03999,106.03999,104.93999,105.32999
2009-07-24,105.32999,105.62,105.31999,105.37999
2009-07-27,105.25,105.25,104.84,105.07999
2009-07-28,105.48999,106.32001,105.48999,105.75999
2009-07-29,105.67999,105.67999,104.87999,105.2
2009-07-30,105.13,105.13,104.31,104.67999
2009-07-31,104.67999,105.78999,104.37,105.64
2009-08-03,105.39,105.39,104.81,104.95
2009-08-04,104.95,105.62,104.78,104.96999
2009-08-05,104.96999,105.66,104.85999,105.35999
2009-08-06,104.88,104.88,104.39,104.76999
2009-08-07,104.76999,104.86,102.26999,102.59999
2009-08-10,102.59999,103.17,102.56999,102.93999
2009-08-11,103.5,104.41,103.5,104.23
2009-08-12,104.23,104.48,103.45999,104.04999
2009-08-13,104.04999,105.21001,103.79999,104.82999
2009-08-14,105.34,105.89,105.34,105.34999
2009-08-17,105.64,106.13,105.64,105.82999
2009-08-18,105.75999,105.75999,105.14,105.59
2009-08-19,106.12999,106.73,106.12999,106.31999
2009-08-20,106.31999,106.50999,105.92999,106.12999
2009-08-21,106.12999,107.00999,105.60999,105.92999
2009-08-24,105.89999,105.89999,105.37999,105.81
2009-08-25,105.81,106.42,105.68999,106.17
2009-08-26,106.17,106.31,105.78999,106.09999
2009-08-27,106.45999,107.25,106.45999,106.92
2009-08-28,106.92,107.02,106.48,106.82999
2009-08-31,107.17999,107.86,107.17999,107.45
2009-09-01,107.45,107.75,107.06999,107.67
2009-09-02,107.93999,108.57001,107.93999,108.42999
2009-09-03,108.27,108.27,107.78999,107.93999
2009-09-04,107.93999,108.31,107.23999,107.48999
2009-09-08,108.26999,108.61,108.26999,108.29999
2009-09-09,108.29999,109.12,108.2,108.59999
2009-09-10,108.62,109.27,108.62,109
2009-09-11,109.90999,110.83,109.90999,110.25
2009-09-14,110.25,110.34,109.71999,109.93999
2009-09-15,109.93999,110.07001,109.20999,109.81
2009-09-16,109.81,110.78,109.46999,109.98999
2009-09-17,109.86,109.86,109.21999,109.81999
2009-09-18,109.67999,109.67999,109.25999,109.59
2009-09-21,108.87,108.87,108.09999,108.68999
2009-09-22,109.35999,109.92999,109.35999,109.71999
2009-09-23,109.71999,110.07001,109.25,109.54999
2009-09-24,109.54999,110.46001,109.20999,109.51999
2009-09-25,110.53,111.71001,110.53,111.56
2009-09-28,111.56,112.17,111.39999,111.56999
2009-09-29,111.28999,111.28999,110.67,111.04999
2009-09-30,111.34,111.87,111.34,111.37
2009-10-01,111.37,111.82001,111.09,111.62
2009-10-02,111.62,112.85001,111.2,111.37999
2009-10-05,111.37999,111.83,111.2,111.62999
2009-10-06,112.15999,112.82001,112.15999,112.62999
2009-10-07,112.62999,113.03,111.89,112.87
2009-10-08,112.87,113.39,112.78,113.09999
2009-10-09,112.71001,112.71001,111.26999,111.39999
2009-10-12,111.39999,111.55,110.98999,111.40999
2009-10-13,111.40999,111.8,111.07999,111.56
2009-10-14,111.56,112.19,111.28,111.81
2009-10-15,110.92999,110.92999,110.15999,110.42
2009-10-16,110.39,110.39,109.50999,109.98
2009-10-19,109.98,110.60001,109.93999,110.39999
2009-10-20,110.39999,110.89999,109.82999,110.17999
2009-10-21,110.06,110.06,109.59999,109.85999
2009-10-22,109.60001,109.60001,109.06,109.48999
2009-10-23,109.06,109.06,108.54999,108.62
2009-10-26,108.62,108.88,108.37,108.48
2009-10-27,108.5,109.03999,108.5,108.95
2009-10-28,109.57999,110.42,109.57999,110.26999
2009-10-29,110.24001,110.24001,109.14999,109.35999
2009-10-30,109.53999,111.2,109.53999,110.95999
2009-11-02,110.95999,111.13,110.26999,110.76999
2009-11-03,110.76999,110.92,110.40999,110.73999
2009-11-04,110.39999,110.39999,109.59999,110.17
2009-11-05,110.17,110.72,110.14999,110.14999
2009-11-06,110.21999,111.55,110.21999,111.23999
2009-11-09,111.23999,111.42999,111.00999,111.15999
2009-11-10,111.21999,111.46001,111.21999,111.32999
2009-11-11,111.32999,111.38,111.14999,111.28
2009-11-12,111.14999,111.14999,110.42,110.67
2009-11-13,111.31999,111.75,111.31999,111.5
2009-11-16,111.64,112.63,111.64,112.25
2009-11-17,112.11,112.11,111.68999,111.95
2009-11-18,111.95,112.27,111.75999,111.95
2009-11-19,112.26999,112.8,112.26999,112.34999
2009-11-20,112.34999,112.53999,112.21999,112.53999
2009-11-23,112.53999,112.69,112.12999,112.39999
2009-11-24,112.84,113.17,112.84,112.96999
2009-11-25,113.96999,114.61,113.96999,114.40999
2009-11-27,114.93999,115.64999,114.93999,115.28
2009-11-30,115.31999,116.21001,115.31999,115.89999
2009-12-01,115.57001,115.57001,114.98,115.34
2009-12-02,114.94,114.94,114.31999,114.39
2009-12-03,113.77,113.77,113.03999,113.25999
2009-12-04,113.23,113.23,110.2,110.45999
2009-12-07,110.98999,112.16,110.98999,111.87999
2009-12-08,112.85999,113.37,112.85999,113.04999
2009-12-09,113.53999,114.00999,113.53999,113.65999
2009-12-10,113.65999,113.67999,113.12,113.20999
2009-12-11,112.63,112.63,111.35999,112.21999
2009-12-14,112.67999,113.07001,112.67999,112.81999
2009-12-15,111.78,111.78,111.17999,111.56999
2009-12-16,111.56999,111.74001,111.14,111.34999
2009-12-17,111.34999,111.45,110.67,111.15999
2009-12-18,110.74001,110.74001,110.06,110.53999
2009-12-21,110.49001,110.49001,109.59999,109.64999
2009-12-22,109.50999,109.50999,108.84999,108.87
2009-12-23,108.95,109.50999,108.95,109.07999
2009-12-24,109.07999,109.39999,108.98,109.31999
2009-12-28,109.28999,109.28999,109.09,109.12
2009-12-29,109.05,109.05,108.60999,108.75999
2009-12-30,108.42,108.42,107.81,108.17
2009-12-31,108.17,108.27,107.34999,107.62
2010-01-04,107.65999,108.45,107.65999,108.07999
2010-01-05,108.76999,109.53999,108.76999,108.98
2010-01-06,108.58,108.58,107.84999,108.31
2010-01-07,107.55,107.55,106.82999,106.87
2010-01-08,107,108.31,107,107.90999
2010-01-11,107.93999,108.92,107.93999,108.59
2010-01-12,109.32999,110.2,109.32999,109.84
2010-01-13,109.64999,109.64999,109.23999,109.45
2010-01-14,109.45,110.07001,108.95,109.64
2010-01-15,109.68999,110.23,109.68999,110.15999
2010-01-19,110.09,110.09,109.57999,109.73999
2010-01-20,109.73999,110.05,109.34,109.59999
2010-01-21,109.59999,110.91,108.85999,110.59
2010-01-22,110.68999,111.32001,110.68999,111.31999
2010-01-25,111.14999,111.14999,110.70999,110.75999
2010-01-26,111.42999,111.92,111.42999,111.53
2010-01-27,111.53,112.05,111.03,111.14999
2010-01-28,111.14999,111.52,110.75999,111.21999
2010-01-29,110.83,110.83,110.00999,110.82999
2010-02-01,110.82999,110.92,109.98999,110.32999
2010-02-02,110.37999,110.78,110.37999,110.64
2010-02-03,110.64,110.66,109.60999,109.92
2010-02-04,110.14999,112.8,110.14999,112.40999
2010-02-05,112.40999,112.56,111.34,112.06
2010-02-08,112.06,112.14,111.84,112.03999
2010-02-09,111.95,111.95,111.37999,111.37999
2010-02-10,111.37999,112,111.03999,111.10999
2010-02-11,111.26999,111.58,111.26999,111.48
2010-02-12,111.27,111.27,110.62999,111.14
2010-02-16,111.14,111.25999,110.51999,110.85999
2010-02-17,110.27,110.27,109.42999,109.62
2010-02-18,109.62,110.39,108.75,108.75
2010-02-19,108.75,109.28,108.53999,109.25999
2010-02-22,109.34,109.86,109.34,109.71999
2010-02-23,110.10999,111.2,110.10999,110.85999
2010-02-24,110.85999,111.35001,110.78999,110.89999
2010-02-25,111.73,112.59,111.73,112.2
2010-02-26,112.2,112.64,112.04999,112.43999
2010-03-01,112.33,112.33,111.76999,112.17999
2010-03-02,112.17999,112.89,112.06999,112.59999
2010-03-03,112.59999,113.21001,112.53,113.06999
2010-03-04,113.06999,113.2,112.04999,112.31999
2010-03-05,111.95,111.95,110.39999,110.81
2010-03-08,110.81,110.83,110.50999,110.73
2010-03-09,111.03999,111.45,111.03999,111.14999
2010-03-10,110.64999,110.64999,110.12999,110.50999
2010-03-11,110.50999,110.67,110.28999,110.48
2010-03-12,110.48,110.67999,109.81,110.42999
2010-03-15,110.42999,110.66,110.18999,110.45999
2010-03-16,110.45999,110.83,110.23999,110.76999
2010-03-17,110.76999,110.96001,110.35999,110.73
2010-03-18,110.73,111.03,110.17999,110.59999
2010-03-19,110.59999,110.69,110.23999,110.42999
2010-03-22,110.42999,111.27,110.42,110.95
2010-03-23,110.87,110.87,110.56999,110.59999
2010-03-24,109.49001,109.49001,108.25999,108.39999
2010-03-25,108.39999,108.7,107.59,107.87999
2010-03-26,107.87999,108.23,107.65999,108.06
2010-03-29,108.06,108.2,107.89,108.17999
2010-03-30,108.08,108.08,107.53,107.75999
2010-03-31,107.67999,107.67999,106.81,106.95999
2010-04-01,106.75999,106.75999,106.37999,106.53999
2010-04-05,106.28999,106.28999,105.81,106.03
2010-04-06,106.28999,106.75,106.28999,106.64999
2010-04-07,106.64999,107.35001,106.57999,107.09999
2010-04-08,107.09999,107.62,106.96999,107.09999
2010-04-09,107.09999,107.38,106.64999,107.31
2010-04-12,107.31,107.36,106.90999,107.20999
2010-04-13,107.20999,107.94,107.14,107.23999
2010-04-14,107.23999,107.71001,106.73,107.26999
2010-04-15,107.26999,107.63,107.00999,107.51999
2010-04-16,107.82999,108.77,107.82999,108.48999
2010-04-19,108.48999,108.83,108.14999,108.17999
2010-04-20,107.72,107.72,107.06999,107.25
2010-04-21,107.25,107.49001,107.07999,107.35999
2010-04-22,107.35999,107.72,106.84,107.03999
2010-04-23,106.64,106.64,106.04999,106.42
2010-04-26,106.42,106.45,106.04999,106.42
2010-04-27,106.53,107.7,106.53,107.35999
2010-04-28,106.60001,106.60001,106.03999,106.34
2010-04-29,106.34,106.42,106.09999,106.35999
2010-04-30,106.35999,106.58,105.75999,106.54999
2010-05-03,106.13,106.13,105.50999,105.75999
2010-05-04,105.75999,106.00999,105.64999,105.65999
2010-05-05,105.65999,106.87,105.35999,106.50999
2010-05-06,106.50999,113.28,106.45999,110.42
2010-05-07,110.00999,110.00999,107.43999,109.09
2010-05-10,107.67,107.67,106.98,107.17999
2010-05-11,107.39,108.25,107.39,107.87
2010-05-12,107.72,107.72,107.2,107.29999
2010-05-13,107.59,107.98,107.59,107.87
2010-05-14,107.92999,108.92,107.92999,108.12999
2010-05-17,108.12999,108.86,107.96999,108
2010-05-18,108,108.53,107.64,108.53
2010-05-19,108.8,109.89,108.8,109.09
2010-05-20,110,112.23999,110,111.64
2010-05-21,111.64,112.06,110.62999,111.09999
2010-05-24,110.95,110.95,110.35999,110.92999
2010-05-25,110.92999,111.83,110.73999,110.73999
2010-05-26,110.73999,111.33,110.29999,111.31999
2010-05-27,110.74001,110.74001,109.79999,109.81
2010-05-28,109.81,110.36,109.51999,109.81
2010-06-01,109.81,110.08,109.34,109.87999
2010-06-02,108.92,108.92,108.28,108.5
2010-06-03,108.42,108.42,107.82001,107.92
2010-06-04,107.92,109.37,107.89,108.81
2010-06-07,108.81,109.56,108.61,109.48
2010-06-08,109.48,110.02,109.09,109.25
2010-06-09,109.25,109.82001,109.09,109.55
2010-06-10,109.55,109.92,109.34,109.44
2010-06-11,109.44,109.56,102.61,109.12
2010-06-14,109.12,109.38,108.75,109.21001
2010-06-15,109.21001,109.73,109.21001,109.39
2010-06-16,109.39,109.7,109.31,109.38
2010-06-17,109.48,110.48,109.48,109.91
2010-06-18,110.09,110.39,110.09,110.23
2010-06-21,110.00999,110.00999,109.42999,109.88
2010-06-22,110.17,110.69,110.17,110.41
2010-06-23,110.74001,111.39999,110.74001,111.3
2010-06-24,111.48,112.06,111.48,111.66
2010-06-25,111.66,112.14,111.55,112.14
2010-06-28,112.14,112.27,111.81,111.91
2010-06-29,112.45,113.24001,112.45,112.92999
2010-06-30,112.92999,113.16,112.66,113.11
2010-07-01,113.86,114.94,113.86,114.10001
2010-07-02,114.10001,114.48,113.58,113.88
2010-07-06,113.88,114.47,113.73,114.21001
2010-07-07,114.21001,114.84,113.95,114
2010-07-08,113.63,113.63,112.85001,113.16
2010-07-09,113.10001,113.10001,112.75999,112.88
2010-07-12,112.88,113.13,112.74001,112.81
2010-07-13,112.81,113.57001,112.7,112.78999
2010-07-14,112.8,113.53,112.8,113.03
2010-07-15,113.31,114.61,113.31,114.33
2010-07-16,115.03999,115.88,115.03999,115.5
2010-07-19,115.41,115.41,114.75,115.28999
2010-07-20,115.28,115.28,114.2,114.28999
2010-07-21,114.44,115.07001,114.44,114.83
2010-07-22,114.83,115.44,114.7,115.03999
2010-07-23,114.72,114.72,114.23,114.23
2010-07-26,114.42,115.16,114.42,115.10001
2010-07-27,114.57001,114.57001,113.67,113.77
2010-07-28,113.82001,114.56,113.82001,114.39999
2010-07-29,114.7,115.49001,114.7,115.24001
2010-07-30,115.32001,116.25999,115.32001,115.64999
2010-08-02,115.64999,115.83,115.25,115.61
2010-08-03,116.23,116.7,116.23,116.56
2010-08-04,116.56,117.00999,115.78,115.94
2010-08-05,116,116.67,116,116.53999
2010-08-06,116.53999,117.58,116.34,116.88
2010-08-09,116.8,116.8,116.35001,116.38
2010-08-10,116.38,117.33,116.00999,117.07001
2010-08-11,117.07001,117.89,117.07001,117.35001
2010-08-12,117.13,117.13,116.31,116.37
2010-08-13,116.37,116.71001,115.82001,115.89
2010-08-16,116.94,117.31,116.94,117.14
2010-08-17,117.14,117.33,116.72,116.89999
2010-08-18,116.98,117.35001,116.98,117.05
2010-08-19,117.05,117.8,116.85001,117.14999
2010-08-20,117.14999,117.24001,116.52,116.75
2010-08-23,117.2,117.53999,117.2,117.52
2010-08-24,118.42999,119.58,118.42999,119.03
2010-08-25,118.89999,118.89999,117.88,118.22
2010-08-26,118.22,118.58,118.03999,118.39
2010-08-27,118.39,118.46001,117.03,117.17999
2010-08-30,117.88,118.32001,117.88,118.17999
2010-08-31,118.22,119.27,118.22,118.8
2010-09-01,118.8,119.42,118.12,118.42
2010-09-02,118.42,118.95,118.42,118.64
2010-09-03,118.64,118.67,117.36,118.46001
2010-09-07,119.19,119.72,119.19,119.31
2010-09-08,119.31,119.44,119.03,119.25999
2010-09-09,119.25999,119.53,119.14,119.27
2010-09-10,119.14999,119.14999,118.5,118.78
2010-09-13,118.83,119.75,118.83,119.48
2010-09-14,119.83,120.57001,119.83,120.38
2010-09-15,117.23,117.23,116.61,116.63
2010-09-16,116.63,116.88,116.39,116.59
2010-09-17,116.59,116.72,116.45,116.53999
2010-09-20,116.55,116.75,116.55,116.7
2010-09-21,116.92,117.67,116.92,117.49001
2010-09-22,118.06,118.63,118.06,118.28999
2010-09-23,118.34,118.66,118.34,118.53999
2010-09-24,118.53999,118.87,118.41,118.67
2010-09-27,118.67,118.88,118.58,118.64999
2010-09-28,118.81,119.47,118.81,119.19
2010-09-29,119.23,119.67,119.23,119.47
2010-09-30,119.57001,120.16,119.57001,119.8
2010-10-01,119.85001,120.2,119.85001,120.03
2010-10-04,120.03,120.16,119.85001,119.95
2010-10-05,119.97,120.46001,119.97,120.16
2010-10-06,120.27,120.82001,120.27,120.59
2010-10-07,121.2,121.67,121.2,121.44
2010-10-08,121.44,122.3,121.37,121.83
2010-10-11,121.83,122.12,121.69,121.8
2010-10-12,122,122.42,122,122.28
2010-10-13,122.28,122.36,122.00999,122.25
2010-10-14,122.50999,123.25,122.50999,122.78
2010-10-15,122.78,123.53,122.72,122.82001
2010-10-18,122.94,123.25,122.94,123.08
2010-10-19,123.08,123.21001,122.08,122.58
2010-10-20,122.98,123.61,122.98,123.27
2010-10-21,123.27,123.42,122.91,122.92999
2010-10-22,122.92999,123.23,122.7,122.89999
2010-10-25,123.63,124.27,123.63,123.78999
2010-10-26,123.14999,123.14999,122.49001,122.81
2010-10-27,122.71001,122.71001,122.23,122.39
2010-10-28,123.00999,123.66,123.00999,123.46001
2010-10-29,123.75999,124.39,123.75999,124.27
2010-11-01,124.27,124.48,123.78,124.23
2010-11-02,124.07001,124.07001,123.62,124.00999
2010-11-03,123.78999,123.78999,122.64999,123.37
2010-11-04,123.46001,124.08,123.46001,123.87
2010-11-05,123.67,123.67,122.8,123.05
2010-11-08,123.08,123.33,123.08,123.2
2010-11-09,123.2,124.14999,122.00999,122.39
2010-11-10,121.77,121.77,120.78999,121.52
2010-11-11,121.52,121.62,121.06,121.25
2010-11-12,121.25,121.91,121.00999,121.32001
2010-11-15,120.89,120.89,120.13,120.32001
2010-11-16,120.32001,120.46001,119.64999,120
2010-11-17,120,120.42,119.78,120.17
2010-11-18,120.17,120.22,119.36,119.72
2010-11-19,119.72,119.92,119.66,119.8
2010-11-22,119.8,120.12,119.69,120.06
2010-11-23,120.06,120.77,119.87,120.25
2010-11-24,120.13,120.13,119.53,119.72
2010-11-26,119.32001,119.32001,118.78999,118.98
2010-11-29,118.84,118.84,118.48,118.64999
2010-11-30,119.21001,119.83,119.21001,119.59
2010-12-01,119.08,119.08,118.5,118.78999
2010-12-02,118.78999,119.77,118.53999,119.27
2010-12-03,119.33,121.17,119.33,120.89
2010-12-06,120.89,121.10001,120.58,120.92
2010-12-07,120.92,121.00999,119.57001,119.71001
2010-12-08,119.25999,119.25999,118.62,119.03999
2010-12-09,119.03999,119.74001,118.95,119.44
2010-12-10,119.44,119.58,119.06,119.12
2010-12-13,119.12,120.28,118.91,119.86
2010-12-14,119.86,120.56,119.37,119.59
2010-12-15,119.53999,119.53999,118.36,118.69
2010-12-16,118.69,119.17,118.46001,119.08
2010-12-17,119.08,119.3,118.75999,119.23
2010-12-20,119.28,119.57001,119.28,119.35001
2010-12-21,119.35001,119.75,119.17999,119.39
2010-12-22,119.47,119.86,119.47,119.67
2010-12-23,119.92,120.66,119.92,120.55
2010-12-27,120.55,120.81,120.55,120.75999
2010-12-28,121.2,122.21001,121.2,121.34
2010-12-29,121.62,122.53999,121.62,122.50999
2010-12-30,122.50999,122.81,122.17,122.67999
2010-12-31,122.92999,123.5,122.92999,123.24001
2011-01-03,122.85001,122.85001,122.32001,122.36
2011-01-04,122.36,122.42,121.58,121.84
2011-01-05,121.62,121.62,119.94,120.11
2011-01-06,120.11,120.61,119.95,120.05
2011-01-07,120.05,120.67999,119.50999,120.42999
2011-01-10,120.42999,120.92999,120.28,120.89999
2011-01-11,120.52,120.52,119.77,120.09
2011-01-12,120.09,120.72,119.83,120.48
2011-01-13,120.49001,121.10001,120.49001,120.84
2011-01-14,120.84,121.17999,120.39,120.49001
2011-01-18,120.78,121.45,120.78,121.08
2011-01-19,121.69,122.14999,121.69,121.88
2011-01-20,121.53999,121.53999,120.31,120.55
2011-01-21,120.78,121.17,120.78,121.10001
2011-01-24,121.10001,121.49001,120.60001,121.17
2011-01-25,121.17,121.97,120.99001,121.67
2011-01-26,121.67,121.78,121.05,121.64999
2011-01-27,120.86,120.86,120.35001,120.69
2011-01-28,121.31,121.94,121.31,121.75999
2011-01-31,121.75999,122.08,121.67,121.88
2011-02-01,122.11,122.99001,122.11,122.87
2011-02-02,122.87,122.89999,122.23,122.64
2011-02-03,122.64,122.84,121.88,122.48
2011-02-04,122.48,122.66,121.28999,121.66
2011-02-07,121.64999,121.64999,121.28,121.49001
2011-02-08,121.49001,122.28,121.35001,121.45
2011-02-09,121.45,121.64999,121.03,121.42
2011-02-10,120.75,120.75,119.95,120.12
2011-02-11,120.03,120.03,119.60001,119.83
2011-02-14,119.83,120.14999,119.77,120
2011-02-15,119.61,119.61,119.17,119.37
2011-02-16,119.37,119.74001,119.10001,119.53
2011-02-17,119.53,120.23,119.50999,120.03
2011-02-18,120.03,120.42999,119.75999,120.34
2011-02-22,120.34,121.08,120.17,120.71001
2011-02-23,120.75,121.47,120.75,121.25
2011-02-24,122.00999,122.5,122.00999,122.11
2011-02-25,122.17999,122.48,122.17999,122.46001
2011-02-28,122.34,122.34,121.98,122.21001
2011-03-01,122.21001,122.24001,121.64,122.10001
2011-03-02,122.10001,122.53999,121.86,122.16
2011-03-03,122.16,122.21001,121.22,121.37
2011-03-04,121.37,121.63,120.59,121.49001
2011-03-07,121.49001,121.97,121.48,121.53999
2011-03-08,121.28999,121.28999,120.71001,120.96001
2011-03-09,120.96001,121.12,120.67999,120.85001
2011-03-10,120.81,120.81,120.23,120.52
2011-03-11,121.42999,122.47,121.42999,122.16
2011-03-14,122.16,122.60001,122.06,122.5
2011-03-15,123.07001,124.05,123.07001,123.88
2011-03-16,123.88,128.78999,123.71001,127.97
2011-03-17,127.45,127.45,126.06,126.77
2011-03-18,124.19,124.19,122.35001,124.00999
2011-03-21,123.56,123.56,123.02,123.34
2011-03-22,123.36,123.64999,123.36,123.50999
2011-03-23,123.50999,123.8,123.36,123.57001
2011-03-24,123.57001,123.75,123.44,123.46001
2011-03-25,123.46001,123.64999,122.72,122.92
2011-03-28,122.53999,122.53999,122.23,122.39
2011-03-29,121.77,121.77,121.23,121.25999
2011-03-30,120.82001,120.82001,120.27,120.67999
2011-03-31,120.67999,120.91,120.14999,120.24001
2011-04-01,119.39999,119.39999,118.03,118.88
2011-04-04,118.92999,119.27,118.92999,119
2011-04-05,118.73,118.73,117.78999,117.78999
2011-04-06,117.42999,117.42999,116.95,117.02
2011-04-07,117.08,118.21001,117.08,117.82001
2011-04-08,117.82001,118.10001,117.10001,117.99001
2011-04-11,117.99001,118.33,117.94,118.11
2011-04-12,118.63,119.74001,118.63,119.52
2011-04-13,119.52,119.64,118.72,119.28999
2011-04-14,119.72,120.53,119.72,119.77
2011-04-15,120.03,120.45,120.03,120.2
2011-04-18,120.55,121.67999,120.55,120.96001
2011-04-19,120.96001,121.41,120.85001,121.11
2011-04-20,121.11,121.56,120.78,121.23
2011-04-21,121.88,122.50999,121.88,122.17
2011-04-25,122.17,122.45,121.81,122.17999
2011-04-26,122.17999,122.72,122.03,122.67999
2011-04-27,121.92999,121.92999,120.8,121.62
2011-04-28,122.23,122.86,122.23,122.66
2011-04-29,122.66,123.39,122.64999,123.11
2011-05-02,123.11,123.38,122.71001,123.13
2011-05-03,123.36,123.94,123.36,123.53
2011-05-04,123.53,124.32001,123.24001,124.11
2011-05-05,124.46001,125.53999,124.46001,124.81
2011-05-06,124.62,124.62,123.57001,123.87
2011-05-09,123.87,124.73,123.78,124.57001
2011-05-10,124.19,124.19,123.59,123.71001
2011-05-11,123.71001,123.94,122.98,123.37
2011-05-12,123.37,123.89999,123.21001,123.53
2011-05-13,123.56,124.25,123.56,123.61
2011-05-16,123.61,123.91,123.56,123.78999
2011-05-17,123.05,123.05,122.42,122.82001
2011-05-18,122.82001,123.31,122.33,122.39
2011-05-19,122.39,122.75,121.62,122.53999
2011-05-20,122.53999,122.66,122.17999,122.28999
2011-05-23,122.28999,122.38,121.88,121.99001
2011-05-24,121.99001,122.23,121.63,122.08
2011-05-25,122.08,122.14,121.7,121.94
2011-05-26,122.14,123.21001,122.14,122.95
2011-05-27,123.00999,123.94,123.00999,123.94
2011-05-31,123.2,123.2,122.47,122.64999
2011-06-01,123.00999,123.94,123.00999,123.59
2011-06-02,123.59,124.09,123.42,123.62
2011-06-03,123.94,124.91,123.94,124.41
2011-06-06,124.61,124.92999,124.61,124.84
2011-06-07,124.84,125.02,124.59,124.89999
2011-06-08,125.05,125.39999,125.05,125.13
2011-06-09,125.10001,125.10001,124.34,124.46001
2011-06-10,124.46001,124.96001,124.39,124.67
2011-06-13,124.67,124.82001,124.28,124.67
2011-06-14,124.67,124.67,124.03,124.31
2011-06-15,124.08,124.08,123.37,123.39
2011-06-16,123.56,124.08,123.56,124.03
2011-06-17,124.39,124.98,124.39,124.92999
2011-06-20,124.85001,124.85001,124.50999,124.59
2011-06-21,124.59,124.91,124.56,124.59
2011-06-22,124.59,124.98,124.42,124.50999
2011-06-23,124.42,124.42,123.77,124.14999
2011-06-24,124.22,124.71001,124.22,124.36
2011-06-27,123.87,123.87,123.48,123.63
2011-06-28,123.63,123.98,123.05,123.3
2011-06-29,123.33,124.11,123.33,123.83
2011-06-30,123.83,124.59,123.69,124.19
2011-07-01,123.98,123.98,123.25,123.85001
2011-07-05,123.46001,123.46001,123.2,123.34
2011-07-06,123.34,123.8,123.32001,123.53999
2011-07-07,123.36,123.36,122.84,123.08
2011-07-08,123.08,124.22,122.74001,124.06
2011-07-11,124.09,124.85001,124.09,124.64999
2011-07-12,125.24001,127.36,125.24001,127.05
2011-07-13,127.05,127.08,125.98,126.59
2011-07-14,126.59,126.69,126.14999,126.35001
2011-07-15,126.35001,126.59,126.17999,126.34
2011-07-18,126.34,126.56,126.34,126.50999
2011-07-19,126.50999,126.88,126.14,126.39999
2011-07-20,126.66,127.03999,126.66,126.89999
2011-07-21,126.89999,127.85001,126.82001,127.49001
2011-07-22,127.49001,127.75,127.27,127.39999
2011-07-25,127.50999,128,127.50999,127.69
2011-07-26,128.03,128.48,128.03,128.38
2011-07-27,128.38,128.63,127.95,128.21001
2011-07-28,128.36,128.81,128.36,128.64
2011-07-29,128.89,130.3,128.89,130.17
2011-08-01,130.17,131.07001,129.41,129.46001
2011-08-02,129.46001,129.92999,129.14999,129.74001
2011-08-03,129.74001,130.22,129.55,129.81
2011-08-04,127.11,127.11,125.10001,126.42999
2011-08-05,126.46001,127.62,126.46001,127.50999
2011-08-08,128.35001,129.02,128.35001,128.56
2011-08-09,129.27,130.35001,129.27,129.74001
2011-08-10,129.98,130.97,129.98,130
2011-08-11,130,130.66,129.98,130.22
2011-08-12,130.22,130.7,130.06,130.23
2011-08-15,130.23,130.56,130.06,130.13
2011-08-16,130.13,130.45,130,130.23
2011-08-17,130.49001,130.88,130.49001,130.57001
2011-08-18,130.57001,130.8,130.45,130.60001
2011-08-19,130.63,131.64,130.63,130.64999
2011-08-22,130.45,130.45,130.09,130.11
2011-08-23,130.3,130.83,130.3,130.39999
2011-08-24,130.39999,130.78,129.75999,129.92999
2011-08-25,129.78999,129.78999,128.73,129.03999
2011-08-26,129.75999,130.71001,129.75999,130.45
2011-08-29,130.45,130.50999,129.84,130.13
2011-08-30,130.17999,130.50999,130.17999,130.37
2011-08-31,130.37,130.85001,130.14999,130.50999
2011-09-01,130.32001,130.32001,129.58,130
2011-09-02,130,130.61,129.73,129.73
2011-09-06,129.73,129.73,128.66,128.78999
2011-09-07,129.11,129.63,129.11,129.44
2011-09-08,129.44,129.58,128.87,129.03999
2011-09-09,129.03999,129.71001,128.46001,128.59
2011-09-12,129.24001,129.95,129.24001,129.50999
2011-09-13,129.88,130.2,129.88,129.98
2011-09-14,130.13,130.56,130.13,130.44
2011-09-15,130.44,130.56,129.66,130.37
2011-09-16,130.37,130.42,129.92999,130.22
2011-09-19,130.22,131,130.14999,130.57001
2011-09-20,130.57001,130.95,130.35001,130.86
2011-09-21,130.86,131.10001,130.32001,130.8
2011-09-22,130.8,131.38,130.63,131.12
2011-09-23,131.12,131.31,130.06,130.39999
2011-09-26,130.73,131.09,130.73,130.97
2011-09-27,130.92,130.92,130,130.22
2011-09-28,130.49001,130.95,130.49001,130.63
2011-09-29,130.52,130.52,129.84,130.17999
2011-09-30,130.17999,130.39,129.56,129.78999
2011-10-03,129.78999,130.71001,129.64999,130.57001
2011-10-04,130.49001,130.49001,129.91,130.17
2011-10-05,130.17,130.49001,129.75999,130.27
2011-10-06,130.27,130.61,130.14999,130.39999
2011-10-07,130.39999,130.50999,130.03,130.39
2011-10-10,130.39,130.53999,130.3,130.42
2011-10-11,130.42,130.53999,130.3,130.45
2011-10-12,130.25,130.25,129.07001,129.44
2011-10-13,130.00999,130.27,130.00999,130.12
2011-10-14,130.10001,130.10001,129.14,129.53999
2011-10-17,129.53999,130.56,129.39,130.2
2011-10-18,130.2,130.39,130.03,130.17999
2011-10-19,130.17999,130.42,130.12,130.2
2011-10-20,130.2,130.28,129.73,130.2
2011-10-21,130.39999,131.88,130.39999,131.05
2011-10-24,131.24001,131.60001,131.24001,131.42999
2011-10-25,131.42999,132.03999,131.28999,131.47
2011-10-26,131.47,131.92,131.03999,131.25999
2011-10-27,131.59,132.17999,131.59,131.67
2011-10-28,131.87,132.16,131.87,131.89999
2011-10-31,128.42999,128.42999,127.66,127.92
2011-11-01,127.92,127.97,127.48,127.64
2011-11-02,128.00999,128.3,128.00999,128.16
2011-11-03,128.16,128.39,128.05,128.10001
2011-11-04,128.10001,128.17999,127.78999,127.82001
2011-11-07,128.07001,128.25,128.07001,128.13
2011-11-08,128.23,128.86,128.23,128.66
2011-11-09,128.66,128.78999,128.41,128.56
2011-11-10,128.66,129.02,128.66,128.78999
2011-11-11,129.19,129.78999,129.19,129.59
2011-11-14,129.64,130,129.64,129.73
2011-11-15,129.73,130.05,129.71001,129.81
2011-11-16,129.81,130.00999,129.74001,129.78999
2011-11-17,129.83,130,129.83,129.92999
2011-11-18,129.92999,130.53999,129.86,130.2
2011-11-21,130.17999,130.17999,129.89999,130.05
2011-11-22,130.05,130.08,129.66,129.91
2011-11-23,129.61,129.61,128.91,129.41
2011-11-25,129.02,129.02,128.56,128.67999
2011-11-28,128.67999,128.69,127.82001,128.21001
2011-11-29,128.23,128.67999,128.23,128.3
2011-11-30,128.3,129.37,128.25,128.92
2011-12-01,128.92,128.92,128.53,128.67999
2011-12-02,128.56,128.56,128.08,128.3
2011-12-05,128.3,128.73,128.21001,128.53999
2011-12-06,128.53999,128.74001,128.48,128.67999
2011-12-07,128.67999,128.82001,128.58,128.77
2011-12-08,128.77,129.66,128.56,128.75999
2011-12-09,128.75999,129.06,128.67999,128.84
2011-12-12,128.64,128.64,128.21001,128.33
2011-12-13,128.33,128.81,128.17999,128.25
2011-12-14,128.25,128.25999,127.98,128.11
2011-12-15,128.25,128.66,128.25,128.42999
2011-12-16,128.42999,128.86,128.38,128.61
2011-12-19,128.50999,128.50999,128.13,128.16
2011-12-20,128.33,128.69,128.33,128.39
2011-12-21,128.39,128.50999,128.03,128.11
2011-12-22,128.10001,128.10001,127.89,127.97
2011-12-23,127.97,128.21001,127.95,128.03
2011-12-27,128.38,128.56,128.38,128.44
2011-12-28,128.44,128.94,128.14999,128.28
2011-12-29,128.53,128.91,128.53,128.82001
2011-12-30,129.11,130.10001,129.11,130.06
2012-01-03,130.17,130.52,130.17,130.35001
2012-01-04,130.35001,130.49001,130.17,130.35001
2012-01-05,130.17,130.17,129.48,129.69
2012-01-06,129.69,129.95,129.32001,129.92999
2012-01-09,130.03,130.2,130.03,130.12
2012-01-10,130.12,130.25,130.10001,130.17
2012-01-11,130.17,130.17,129.83,130.12
2012-01-12,130.12,130.44,130.03,130.27
2012-01-13,130.27,130.35001,129.88,129.92999
2012-01-17,130.13,130.28,130.13,130.17999
2012-01-18,130.17999,130.39999,130.10001,130.25
2012-01-19,130.25,130.25,129.34,129.69
2012-01-20,129.69,130.03,129.42,129.83
2012-01-23,129.83,130.12,129.78,129.86
2012-01-24,128.94,128.94,128.46001,128.73
2012-01-25,128.73,128.94,127.75,128.59
2012-01-26,128.78999,129.39,128.78999,129.17
2012-01-27,129.91,130.47,129.91,130.35001
2012-01-30,130.39999,131.23,130.39999,130.97
2012-01-31,130.97,131.33,130.86,131.14
2012-02-01,131.14,131.47,130.98,131.31
2012-02-02,131.31,131.52,131.17,131.21001
2012-02-03,131.21001,131.24001,130.32001,130.56
2012-02-06,130.56,130.69,130.42,130.66
2012-02-07,130.39999,130.39999,129.95,130.28
2012-02-08,130.23,130.23,129.73,129.84
2012-02-09,129.58,129.58,128.67999,128.74001
2012-02-10,128.74001,128.96001,128.67999,128.87
2012-02-13,128.87,129.22,128.81,128.91
2012-02-14,128.2,128.2,127.33,127.49001
2012-02-15,127.49001,127.92,127.32001,127.58
2012-02-16,126.99001,126.99001,126.64999,126.78
2012-02-17,126.24001,126.24001,125.62,125.73
2012-02-21,125.59,125.59,125.32001,125.49001
2012-02-22,124.7,124.7,124.39,124.62
2012-02-23,124.62,125.24001,124.53999,125.09
2012-02-24,124.25,124.25,123.11,123.33
2012-02-27,124.03,124.81,124.03,124.08
2012-02-28,124.08,124.48,123.91,124.31
2012-02-29,124.31,124.62,122.99001,123.19
2012-03-01,123.19,123.53999,122.98,123.31
2012-03-02,122.72,122.72,122.14999,122.23
2012-03-05,122.59,122.98,122.59,122.63
2012-03-06,123.28,124.09,123.28,123.66
2012-03-07,123.66,123.98,123.13,123.33
2012-03-08,122.98,122.98,122.36,122.60001
2012-03-09,122.28999,122.28999,121.00999,121.28999
2012-03-12,121.50999,121.78,121.50999,121.53999
2012-03-13,121,121,120.37,120.62
2012-03-14,119.71001,119.71001,119.3,119.50999
2012-03-15,119.50999,120.21001,119.50999,119.8
2012-03-16,119.8,120.23,119.14,119.89999
2012-03-19,119.89999,120.3,119.7,119.98
2012-03-20,119.98,120.03,119.31,119.48
2012-03-21,119.48,120.07001,118.92999,119.94
2012-03-22,120.23,121.48,120.23,121.14999
2012-03-23,121.14999,121.99001,121.10001,121.47
2012-03-26,121.07001,121.07001,120.61,120.75
2012-03-27,120.71001,120.71001,119.94,120.23
2012-03-28,120.23,120.97,120.23,120.67999
2012-03-29,121.28,122.11,121.28,121.32001
2012-03-30,121.32001,122,120.66,120.69
2012-04-02,121.06,122.14,121.06,121.84
2012-04-03,121.84,121.87,120.5,120.71001
2012-04-04,120.96001,121.59,120.96001,121.28
2012-04-05,121.32001,122.14999,121.32001,121.48
2012-04-09,122.45,123.10001,122.45,122.69
2012-04-10,123.16,124.02,123.16,123.97
2012-04-11,123.82001,123.82001,123.28,123.66
2012-04-12,123.66,123.88,123.34,123.64999
2012-04-13,123.64999,123.74001,123.27,123.59
2012-04-16,123.72,124.53999,123.72,124.39
2012-04-17,124.2,124.2,123.59,123.67999
2012-04-18,123.16,123.16,122.78,123.03999
2012-04-19,122.87,122.87,122.36,122.5
2012-04-20,122.5,122.74001,122.33,122.66
2012-04-23,123.16,123.39,123.16,123.19
2012-04-24,123.19,123.45,122.87,122.95
2012-04-25,122.95,123.27,122.42,123.05
2012-04-26,123.42,123.98,123.42,123.42
2012-04-27,123.86,124.7,123.86,124.7
2012-04-30,124.78999,125.42999,124.78999,125.34
2012-05-01,125.34,125.45,124.53999,124.89999
2012-05-02,124.89999,124.92999,124.50999,124.81
2012-05-03,124.75999,124.75999,124.14999,124.7
2012-05-04,124.7,125.38,124.39999,125.25999
2012-05-07,125.24001,125.24001,125.02,125.16
2012-05-08,125.16,125.42999,125.12,125.2
2012-05-09,125.42,125.81,125.42,125.60001
2012-05-10,125.53999,125.53999,124.98,125.12
2012-05-11,125.12,125.34,125.03999,125.12
2012-05-14,125.21001,125.42999,125.21001,125.21001
2012-05-15,125.21001,125.23,124.49001,124.73
2012-05-16,124.71001,124.71001,124.14999,124.53
2012-05-17,124.56,126.37,124.56,126.11
2012-05-18,126.11,126.64999,126,126.57001
2012-05-21,126.22,126.22,125.95,126.11
2012-05-22,125.28999,125.28999,124.78999,125.05
2012-05-23,125.75,126.25,125.75,125.83
2012-05-24,125.83,126.03,125.59,125.64999
2012-05-25,125.64999,125.78999,125.50999,125.53
2012-05-29,125.67999,126,125.67999,125.78999
2012-05-30,126.38,126.8,126.38,126.45
2012-05-31,126.92999,127.87,126.92999,127.62
2012-06-01,127.62,128.77,127.06,128.25999
2012-06-04,128.08,128.08,127.56,127.64
2012-06-05,127.64,127.82001,126.64999,126.98
2012-06-06,126.7,126.7,126.16,126.25
2012-06-07,125.94,125.94,125.34,125.60001
2012-06-08,125.60001,126.11,125.60001,125.87
2012-06-11,125.87,125.98,125.7,125.95
2012-06-12,125.95,126.02,125.62,125.71001
2012-06-13,125.71001,126.11,125.53,125.92
2012-06-14,125.92,126.35001,125.92,126
2012-06-15,126.89999,127.2,126.89999,127.14999
2012-06-18,126.82001,126.82001,126.37,126.41
2012-06-19,126.46001,126.78,126.46001,126.69
2012-06-20,126.69,126.77,125.48,125.78
2012-06-21,125.02,125.02,124.49001,124.60001
2012-06-22,124.57001,124.57001,124.12,124.35001
2012-06-25,125.24001,125.89,125.24001,125.53
2012-06-26,125.75,126.16,125.75,125.84
2012-06-27,125.59,125.59,125.21001,125.45
2012-06-28,125.83,126.17999,125.83,125.86
2012-06-29,125.86,126,125.02,125.32001
2012-07-02,125.32001,126.10001,125.27,125.78999
2012-07-03,125.45,125.45,125.12,125.23
2012-07-05,125.23,125.57001,124.87,125.17999
2012-07-06,125.17999,125.81,125.12,125.55
2012-07-09,125.55,125.78999,125.48,125.67999
2012-07-10,125.81,126.06,125.81,125.92
2012-07-11,125.92,126.38,125.34,125.39999
2012-07-12,125.97,126.3,125.97,126.14
2012-07-13,126.14,126.48,126.08,126.32001
2012-07-16,126.49001,127.09,126.49001,126.8
2012-07-17,126.67,126.67,126.32001,126.48
2012-07-18,126.48,126.98,126.41,126.91
2012-07-19,127.11,127.50999,127.11,127.22
2012-07-20,127.22,127.48,127.2,127.36
2012-07-23,127.46001,127.92,127.46001,127.61
2012-07-24,127.72,128.03,127.72,127.89999
2012-07-25,127.89999,128.03,127.77,127.92999
2012-07-26,127.92999,128.17999,127.69,127.87
2012-07-27,127.87,128.02,127.12,127.45
2012-07-30,127.71001,128.02,127.71001,127.92
2012-07-31,127.92,128.14999,127.75,128.03
2012-08-01,128.03,128.13,127.39999,127.49001
2012-08-02,127.71001,128.02,127.71001,127.84
2012-08-03,127.82001,127.82001,126.96001,127.46001
2012-08-06,127.64,127.98,127.64,127.85001
2012-08-07,127.48,127.48,127.00999,127.25
2012-08-08,127.38,127.71001,127.38,127.49001
2012-08-09,127.49001,127.53,126.92999,127.3
2012-08-10,127.56,127.95,127.56,127.75
2012-08-13,127.75,127.77,127.61,127.69
2012-08-14,127.2,127.2,126.7,126.99001
2012-08-15,126.99001,127.25,126.50999,126.64999
2012-08-16,126.45,126.45,125.95,126.02
2012-08-17,126,126,125.67999,125.67999
2012-08-20,125.71001,126.10001,125.71001,125.94
2012-08-21,125.94,126.25,125.75999,126.16
2012-08-22,126.17999,127.74001,126.17999,127.19
2012-08-23,127.19,127.62,127.14,127.39999
2012-08-24,127.39999,127.48,127.03999,127.12
2012-08-27,127.12,127.14999,126.94,126.99001
2012-08-28,127.23,127.48,127.23,127.38
2012-08-29,127.25,127.25,126.92999,127.02
2012-08-30,127.14,127.41,127.14,127.17
2012-08-31,127.33,127.92,127.33,127.61
2012-09-04,127.61,127.74001,127.46001,127.53999
2012-09-05,127.53999,127.72,127.46001,127.56
2012-09-06,127.46001,127.46001,126.53999,126.8
2012-09-07,126.8,128.2,126.73,127.82001
2012-09-10,127.82001,127.85001,127.71001,127.77
2012-09-11,128.21001,128.71001,128.21001,128.61
2012-09-12,128.50999,128.50999,128.28,128.48
2012-09-13,128.62,129.64999,128.62,129.03999
2012-09-14,128.2,128.2,127.58,127.59
2012-09-17,127.59,127.67,126.72,127.03999
2012-09-18,127.03999,127.33,126.78,126.89999
2012-09-19,126.92999,127.82001,126.92999,127.61
2012-09-20,127.64,128.2,127.64,127.82001
2012-09-21,127.82001,128.03,127.75,127.95
2012-09-24,128.14999,128.53999,128.14999,128.49001
2012-09-25,128.49001,128.71001,128.33,128.56
2012-09-26,128.56,128.73,128.38,128.67999
2012-09-27,128.71001,128.91,128.71001,128.86
2012-09-28,128.86,128.87,128.05,128.35001
2012-10-01,128.35001,128.38,127.98,128.23
2012-10-02,128.23,128.25,127.89999,127.95
2012-10-03,127.77,127.77,127.27,127.38
2012-10-04,127.38,127.72,127.12,127.42999
2012-10-05,127.42999,127.50999,126.8,127.14
2012-10-08,127.64,128.10001,127.64,127.71001
2012-10-09,127.71001,127.98,127.66,127.84
2012-10-10,127.84,128.03,127.61,127.89999
2012-10-11,127.77,127.77,127.25,127.64
2012-10-12,127.64,127.74001,127.45,127.50999
2012-10-15,127.17,127.17,126.82001,127.07001
2012-10-16,126.98,126.98,126.64,126.82001
2012-10-17,126.82001,127.19,126.50999,126.67
2012-10-18,126.46001,126.46001,125.86,126.14
2012-10-19,126.14,126.3,125.89999,126.10001
2012-10-22,125.37,125.37,125.07001,125.07001
2012-10-23,125.10001,125.46001,125.10001,125.21001
2012-10-24,125.21001,125.45,125.2,125.34
2012-10-25,125.09,125.09,124.48,124.53999
2012-10-26,125.03999,125.81,125.03999,125.56
2012-10-31,125.46001,125.46001,125.09,125.31
2012-11-01,125.07001,125.07001,124.7,124.78999
2012-11-02,124.63,124.63,123.97,124.28
2012-11-05,124.53,124.77,124.53,124.62
2012-11-06,124.62,124.78999,124.31,124.42999
2012-11-07,124.82001,125.38,124.82001,125.09
2012-11-08,125.12,126.08,125.12,125.89999
2012-11-09,125.89999,126.42999,125.75999,125.78999
2012-11-12,125.78999,126.02,125.78999,125.83
2012-11-13,125.83,126.03,125.73,125.89999
2012-11-14,124.82001,124.82001,124.53999,124.60001
2012-11-15,123.39,123.39,122.77,123.22
2012-11-16,123.22,123.3,122.81,122.92999
2012-11-19,122.92999,123.3,122.83,122.86
2012-11-20,122.75,122.75,122.32001,122.38
2012-11-21,121.53999,121.53999,121.14999,121.19
2012-11-23,121.25,121.72,121.25,121.34
2012-11-26,121.64999,121.94,121.64999,121.87
2012-11-27,121.81,121.81,121.53999,121.75
2012-11-28,121.84,122.44,121.84,121.85001
2012-11-29,121.85001,122.09,121.71001,121.8
2012-11-30,121.42999,121.42999,120.92999,121.25999
2012-12-03,121.41,121.71001,121.41,121.62
2012-12-04,121.99001,122.38,121.99001,122.03
2012-12-05,121.88,121.88,121.25,121.31
2012-12-06,121.31,121.66,121.31,121.37
2012-12-07,121.37,121.62,120.74001,121.22
2012-12-10,121.32001,121.8,121.32001,121.44
2012-12-11,121.44,121.48,121.12,121.19
2012-12-12,120.72,120.72,120.06,120.2
2012-12-13,119.92999,119.92999,119.53999,119.53999
2012-12-14,119.53999,120.03999,119.41,119.82001
2012-12-17,119.55,119.55,119.17999,119.21001
2012-12-18,119.21001,119.27,118.67,118.78999
2012-12-19,118.78999,118.98,118.2,118.97
2012-12-20,118.87,118.87,118.42,118.55
2012-12-21,118.66,119.17,118.66,118.73
2012-12-24,118.42999,118.42999,117.85001,117.88
2012-12-26,117.31,117.31,116.67,116.84
2012-12-27,116.62,116.62,116.10001,116.14999
2012-12-28,116.14999,116.45,116.06,116.39
2012-12-31,116.14999,116.14999,115.24001,115.25
2013-01-02,114.99001,114.99001,114.5,114.53999
2013-01-03,114.53999,115.25,114.49001,114.57001
2013-01-04,114.10001,114.10001,113.14,113.44
2013-01-07,113.71001,114.12,113.71001,113.95
2013-01-08,114.19,115.07001,114.19,114.82001
2013-01-09,114.32001,114.32001,113.63,113.78999
2013-01-10,113.67,113.67,112.63,112.64
2013-01-11,112.52,112.52,111.8,112.14
2013-01-14,112.14,112.25999,111.64,111.7
2013-01-15,112.45,113.10001,112.45,112.62
2013-01-16,112.78,113.64,112.78,113.14
2013-01-17,112.09,112.09,110.96001,111.33
2013-01-18,111.33,111.39999,110.96001,110.98
2013-01-22,112.39,112.99001,112.39,112.72
2013-01-23,112.72,113.12,112.71001,112.81
2013-01-24,111.60001,111.60001,110.44,110.74001
2013-01-25,110.17,110.17,109.67,110.09
2013-01-28,110.09,110.37,109.8,110.27
2013-01-29,110.27,110.59,110.11,110.28
2013-01-30,110.11,110.11,109.42999,109.81
2013-01-31,109.81,109.99001,108.96001,109.13
2013-02-01,108.96001,108.96001,107.56,107.78999
2013-02-04,107.78999,108.47,107.78,108.35001
2013-02-05,107.46001,107.46001,106.75,106.77
2013-02-06,106.77,107.22,106.75,106.87
2013-02-07,106.87,107.44,106.72,106.74001
2013-02-08,107.63,108.39999,107.63,107.94
2013-02-11,107.32001,107.32001,105.86,105.97
2013-02-12,106.03,107.58,106.03,106.99001
2013-02-13,106.99001,107.31,106.82001,107.27
2013-02-14,107.27,107.92,107,107.61
2013-02-15,107.61,107.89,106.57001,106.92999
2013-02-19,106.92999,107.2,106.78999,106.88
2013-02-20,106.88,107.00999,106.35001,106.89999
2013-02-21,107.19,107.8,107.19,107.38
2013-02-22,107.34,107.34,106.95,107.10001
2013-02-25,107.10001,110.02,106.23,108.60001
2013-02-26,108.60001,109.74001,108.23,108.67
2013-02-27,108.67,109.74001,108.2,108.39999
2013-02-28,108.39999,108.55,107.71001,107.92999
2013-03-01,107.92999,107.97,106.75,106.83
2013-03-04,106.89,107.34,106.89,106.96001
2013-03-05,106.96001,107.46001,106.92999,107.14999
2013-03-06,107.06,107.06,106.25,106.35001
2013-03-07,106.02,106.02,105.17,105.49001
2013-03-08,104.72,104.72,103.55,104.17
2013-03-11,104.16,104.16,103.78,103.86
2013-03-12,103.88,104.49001,103.88,104.12
2013-03-13,104.12,104.53999,103.89999,104.03
2013-03-14,104.03,104.52,103.53999,104.07001
2013-03-15,104.07001,105.17999,104.02,104.95
2013-03-18,104.95,105.47,104.61,105.08
2013-03-19,105.08,105.57001,104.73,105.17999
2013-03-20,104.89,104.89,104.03,104.14
2013-03-21,104.78999,105.75999,104.78999,105.36
2013-03-22,105.36,106.07001,105.24001,105.84
2013-03-25,105.84,106.92,105.36,106.24001
2013-03-26,106.24001,106.25,105.7,105.87
2013-03-27,105.87,106.37,105.78999,105.87
2013-03-28,105.96001,106.45,105.96001,106.21001
2013-04-01,106.59,107.35001,106.59,107.17999
2013-04-02,107.17999,107.42999,106.89999,107.05
2013-04-03,107.05,107.87,106.88,107.45
2013-04-04,104.98,104.98,103.73,103.78999
2013-04-05,103.78999,104.41,102.22,102.45
2013-04-08,101.62,101.62,100.61,100.62
2013-04-09,100.66,101.42999,100.66,100.98
2013-04-10,100.98,101.07001,100.14,100.24001
2013-04-11,100.24001,100.89999,100.07001,100.3
2013-04-12,100.59,101.96001,100.59,101.64
2013-04-15,101.78999,103.78,101.78999,103.58
2013-04-16,102.74001,102.74001,101.87,102.52
2013-04-17,102.52,102.88,101.77,101.86
2013-04-18,101.86,102.14,101.53,101.86
2013-04-19,101.07001,101.07001,100.33,100.5
2013-04-22,100.5,101.03999,100.25999,100.75
2013-04-23,100.75,101.44,100.48,100.57001
2013-04-24,100.57001,100.77,100.41,100.48
2013-04-25,100.50999,100.94,100.50999,100.71001
2013-04-26,101.32001,102.53,101.32001,101.98
2013-04-29,101.98,102.44,101.84,102.3
2013-04-30,102.3,103.10001,102.28,102.64
2013-05-01,102.64,103.08,102.53999,102.69
2013-05-02,102.63,102.63,101.64,102.06
2013-05-03,102.06,102.10001,100.75,100.98
2013-05-06,100.83,100.83,100.57001,100.67999
2013-05-07,100.69,101.19,100.69,101.02
2013-05-08,101.02,101.44,100.99001,101.03999
2013-05-09,101.03999,101.31,99.23,99.39999
2013-05-10,98.64999,98.64999,98.07001,98.39
2013-05-13,98.39,98.44,98.00999,98.27
2013-05-14,98.27,98.46001,97.63,97.75
2013-05-15,97.75,98.19,97.33,97.78999
2013-05-16,97.78999,98.16,97.47,97.78999
2013-05-17,97.64999,97.64999,96.8,96.86
2013-05-20,97.42999,97.89,97.42999,97.78
2013-05-21,97.78,97.8,97.21001,97.56
2013-05-22,97.39,97.39,96.41,97
2013-05-23,98.00999,98.71001,98.00999,98.13
2013-05-24,98.37,99.35001,98.37,98.77
2013-05-28,98.17999,98.17999,97.56,97.73
2013-05-29,98.64,99.3,98.64,98.83
2013-05-30,98.83,99.42999,98.27,99.27
2013-05-31,99.27,99.78999,98.85001,99.58
2013-06-03,99.64,101.14999,99.64,100.53
2013-06-04,100.08,100.08,99.63,99.99001
2013-06-05,100.3,101.06,100.3,100.92999
2013-06-06,100.92999,104.27,100.64,102.99001
2013-06-07,102.99001,105.25999,102.28,102.50999
2013-06-10,101.57001,101.57001,100.73,101.22
2013-06-11,102.78999,104.62,102.78999,104.09
2013-06-12,104.09,105.11,103.33,104.13
2013-06-13,104.7,106.47,104.7,104.83
2013-06-14,104.92,106.41,104.92,106.41
2013-06-17,106.07001,106.07001,105.03999,105.75
2013-06-18,105.22,105.22,104.42999,104.84
2013-06-19,104.84,105.34,103.07001,103.74001
2013-06-20,102.96001,102.96001,101.81,102.78999
2013-06-21,102.75,102.75,102.14,102.16
2013-06-24,102.16,102.86,101.73,102.3
2013-06-25,102.3,102.84,102.03,102.22
2013-06-26,102.22,102.84,102.17,102.27
2013-06-27,102.09,102.09,101.47,101.62
2013-06-28,101.14999,101.14999,100.57001,100.69
2013-07-01,100.47,100.47,100.14999,100.39
2013-07-02,100.21001,100.21001,99.28999,99.42
2013-07-03,99.87,100.69,99.87,100.10001
2013-07-05,100.00999,100.00999,98.8,98.81
2013-07-08,98.81,99.23,98.77,99.07001
2013-07-09,99.07001,99.17999,98.75999,98.89
2013-07-10,99.37,100.62,99.37,100.25
2013-07-11,100.58,101.46001,100.58,101.03999
2013-07-12,101.03999,101.13,100.32001,100.77
2013-07-15,100.28999,100.28999,99.53,100.13
2013-07-16,100.37,101.13,100.37,100.88
2013-07-17,100.88,100.97,100.07001,100.42999
2013-07-18,99.87,99.87,99.36,99.56
2013-07-19,99.56,99.89999,99.32001,99.38
2013-07-22,100.05,100.72,100.05,100.39
2013-07-23,100.39,100.64999,99.88,100.59
2013-07-24,99.98,99.98,99.58,99.78999
2013-07-25,100.03999,101.13,100.03999,100.74001
2013-07-26,101.32001,102.09,101.32001,101.77
2013-07-29,101.87,102.38,101.87,102.10001
2013-07-30,102.10001,102.28,101.7,102
2013-07-31,102,102.38,101.48,102.17999
2013-08-01,101.42999,101.42999,100.44,100.48
2013-08-02,100.48,101.35001,100.03,101.06
2013-08-05,101.22,101.85001,101.22,101.77
2013-08-06,101.81,102.56,101.81,102.33
2013-08-07,102.82001,103.83,102.82001,103.83
2013-08-08,103.83,104.39,103.38,103.41
2013-08-09,103.62,104.03,103.62,103.92999
2013-08-12,103.74001,103.74001,103.14,103.2
2013-08-13,102.16,102.16,101.7,101.81
2013-08-14,101.81,102.11,101.73,101.96001
2013-08-15,101.96001,103.00999,101.37,102.74001
2013-08-16,102.74001,102.89999,102.28999,102.48
2013-08-19,102.48,102.60001,101.91,102.50999
2013-08-20,102.63,103.19,102.63,102.83
2013-08-21,102.62,102.62,102.08,102.38
2013-08-22,101.62,101.62,101.25,101.27
2013-08-23,101.27,101.64,100.87,101.28
2013-08-26,101.28,101.78,101.27,101.55
2013-08-27,102.37,103.11,102.37,103.07001
2013-08-28,102.67,102.67,102.21001,102.41
2013-08-29,101.88,101.88,101.50999,101.67
2013-08-30,101.7,101.99001,101.7,101.86
2013-09-03,100.77,100.77,100.14999,100.42999
2013-09-04,100.42999,100.67999,100.19,100.25
2013-09-05,100.04,100.34,99.82,99.89
2013-09-06,100.33,101.49,100.16,100.9
2013-09-09,100.51,100.68,100.37,100.43
2013-09-10,99.67,99.84,99.55,99.61
2013-09-11,99.76,100.22,99.72,100.16
2013-09-12,100.63,101.01,100.26,100.54
2013-09-13,100.26,100.82,100.26,100.63
2013-09-16,101.14,101.38,100.83,100.95
2013-09-17,100.84,100.97,100.62,100.88
2013-09-18,101.01,102.3,100.91,102.03
2013-09-19,101.09,101.11,100.35,100.54
2013-09-20,100.51,100.69,100.34,100.65
2013-09-23,101.09,101.37,101.08,101.19
2013-09-24,101.43,101.56,101.02,101.28
2013-09-25,101.49,101.61,101.2,101.57
2013-09-26,101.28,101.29,100.88,101.05
2013-09-27,101.62,101.96,101.48,101.77
2013-09-30,102.45,102.57,101.58,101.77
2013-10-01,102.2,102.34,101.74,102.01
2013-10-02,102.56,102.96,102.51,102.75
2013-10-03,102.39,103.17,102.29,102.81
2013-10-04,102.89,103.12,102.59,102.6
2013-10-07,103.23,103.44,102.86,103.35
2013-10-08,102.97,103.28,102.83,103.27
2013-10-09,102.78,102.97,102.42,102.69
2013-10-10,102.3,102.44,101.76,101.85
2013-10-11,101.69,101.83,101.45,101.47
2013-10-14,101.8,101.95,101.33,101.37
2013-10-15,101.57,102.06,101.32,101.83
2013-10-16,101.76,101.76,101.05,101.26
2013-10-17,102.19,102.33,102.07,102.16
2013-10-18,102.3,102.4,102.14,102.32
2013-10-21,101.89,101.95,101.8,101.86
2013-10-22,101.68,102.18,101.55,101.92
2013-10-23,102.71,102.88,102.58,102.71
2013-10-24,102.74,102.85,102.62,102.79
2013-10-25,102.7,102.81,102.58,102.69
2013-10-28,102.42,102.46,102.28,102.42
2013-10-29,102.14,102.22,101.77,101.86
2013-10-30,101.82,102,101.34,101.51
2013-10-31,101.8,101.96,101.62,101.68
2013-11-01,101.66,101.72,101.17,101.39
2013-11-04,101.34,101.5,101.31,101.4
2013-11-05,101.74,101.79,101.38,101.52
2013-11-06,101.41,101.45,101.29,101.34
2013-11-07,101.26,102.43,100.6,101.94
2013-11-08,101.93,102.07,100.79,100.96
2013-11-11,100.84,100.86,100.72,100.81
2013-11-12,100.33,100.55,100.27,100.38
2013-11-13,100.59,100.89,100.42,100.73
2013-11-14,100.14,100.22,99.86,99.98
2013-11-15,99.7,99.91,99.67,99.86
2013-11-18,99.94,100.18,99.81,100.06
2013-11-19,100.16,100.18,99.76,99.84
2013-11-20,100.06,100.18,99.76,99.99
2013-11-21,99.2,99.21,98.84,98.85
2013-11-22,98.8,98.99,98.67,98.74
2013-11-25,98.23,98.62,98.17,98.4
2013-11-26,98.61,98.87,98.38,98.76
2013-11-27,98.21,98.28,97.86,97.88
2013-11-29,97.74,97.86,97.57,97.57
2013-12-02,97.31,97.33,96.98,97.17
2013-12-03,97.47,98.06,97.33,97.62
2013-12-04,97.75,98.22,97.38,97.72
2013-12-05,97.98,98.4,97.74,98.27
2013-12-06,97.82,97.87,97.13,97.17
2013-12-09,97.05,97.13,96.77,96.85
2013-12-10,97.17,97.5,97.12,97.26
2013-12-11,97.48,97.89,97.33,97.61
2013-12-12,97.33,97.42,96.69,96.72
2013-12-13,96.69,97.1,96.62,96.87
2013-12-16,97.21,97.23,96.99,97.07
2013-12-17,97.12,97.57,97.05,97.4
2013-12-18,97.11,97.33,95.81,95.96
2013-12-19,95.9,96.1,95.85,95.94
2013-12-20,95.74,96.29,95.58,96.09
2013-12-23,96.31,96.31,95.99,96.02
2013-12-24,95.93,95.96,95.82,95.88
2013-12-26,95.52,95.52,95.4,95.43
2013-12-27,95.29,95.4,95.08,95.1
2013-12-30,95.05,95.27,95.02,95.12
2013-12-31,95.3,95.34,94.86,94.91
2014-01-02,94.9,95.66,94.89,95.44
2014-01-03,95.72,95.88,95.32,95.36
2014-01-06,95.62,96.24,95.4,95.99
2014-01-07,95.75,95.85,95.49,95.61
2014-01-08,95.44,95.51,95.2,95.35
2014-01-09,95.22,95.63,95.22,95.44
2014-01-10,95.25,96.32,94.83,96.01
2014-01-13,96.6,97.23,96.59,97.06
2014-01-14,96.55,96.59,95.91,95.99
2014-01-15,95.93,95.96,95.53,95.61
2014-01-16,95.63,96.03,95.59,95.82
2014-01-17,95.8,95.96,95.75,95.86
2014-01-21,96.14,96.14,95.51,95.93
2014-01-22,95.86,95.95,95.63,95.66
2014-01-23,96.11,97.12,96.05,96.82
2014-01-24,97.64,97.97,97.36,97.77
2014-01-27,97.34,97.86,97.25,97.55
2014-01-28,97.1,97.44,96.75,96.83
2014-01-29,97.41,98.2,97.31,97.83
2014-01-30,97.52,97.6,97.21,97.36
2014-01-31,97.82,98.1,97.65,98.02
2014-02-03,98.05,99.24,97.91,99.02
2014-02-04,98.77,98.78,98.35,98.39
2014-02-05,98.94,99.21,98.41,98.53
2014-02-06,98.57,98.78,97.87,97.97
2014-02-07,97.76,98.57,97.49,97.73
2014-02-10,97.93,98.05,97.79,97.82
2014-02-11,97.67,97.91,97.38,97.46
2014-02-12,97.79,97.8,97.44,97.55
2014-02-13,98.03,98.36,97.74,97.84
2014-02-14,98.21,98.31,98.09,98.17
2014-02-18,97.81,97.81,97.52,97.7
2014-02-19,98.12,98.19,97.6,97.73
2014-02-20,98.02,98.06,97.64,97.75
2014-02-21,97.54,97.58,97.25,97.57
2014-02-24,97.62,97.66,97.47,97.58
2014-02-25,97.79,98.04,97.71,97.92
2014-02-26,97.7,97.95,97.45,97.7
2014-02-27,98.17,98.21,97.85,97.88
2014-02-28,98.16,98.36,97.77,98.25
2014-03-03,98.65,98.76,98.47,98.6
2014-03-04,98.16,98.21,97.77,97.79
2014-03-05,97.61,97.82,97.52,97.75
2014-03-06,97.34,97.38,96.94,96.97
2014-03-07,97.16,97.22,96.38,96.84
2014-03-10,96.75,96.95,96.73,96.82
2014-03-11,96.79,97.24,96.77,97.15
2014-03-12,97.29,97.53,97.22,97.34
2014-03-13,97.46,98.49,97.28,98.25
2014-03-14,98.65,98.81,98.46,98.66
2014-03-17,98.24,98.47,98.17,98.29
2014-03-18,98.33,98.74,98.29,98.61
2014-03-19,98.52,98.54,97.4,97.67
2014-03-20,97.66,97.75,97.53,97.63
2014-03-21,97.78,97.98,97.66,97.81
2014-03-24,97.59,97.93,97.55,97.84
2014-03-25,97.75,97.85,97.57,97.79
2014-03-26,97.68,98.17,97.58,98.01
2014-03-27,97.72,98.05,97.63,97.87
2014-03-28,97.71,97.72,97.12,97.25
2014-03-31,96.89,97.2,96.68,96.89
2014-04-01,96.74,96.81,96.43,96.46
2014-04-02,96.45,96.54,96.26,96.28
2014-04-03,96.2,96.33,96.06,96.23
2014-04-04,96.24,96.9,96.05,96.8
2014-04-07,96.87,97.09,96.85,97
2014-04-08,97.7,98.48,97.69,98.24
2014-04-09,98.02,98.31,97.98,98.07
2014-04-10,98.37,98.69,98.07,98.47
2014-04-11,98.6,98.64,98.32,98.42
2014-04-14,98.25,98.37,98.03,98.17
2014-04-15,98.15,98.53,98.05,98.13
2014-04-16,97.81,97.85,97.71,97.8
2014-04-17,97.87,97.93,97.59,97.67
2014-04-21,97.43,97.53,97.43,97.46
2014-04-22,97.51,97.6,97.41,97.48
2014-04-23,97.8,97.84,97.5,97.54
2014-04-24,97.65,97.96,97.43,97.75
2014-04-25,97.96,98.08,97.84,97.88
2014-04-28,97.71,97.82,97.45,97.58
2014-04-29,97.35,97.56,97.33,97.44
2014-04-30,97.57,98.02,97.43,97.84
2014-05-01,97.77,97.88,97.71,97.75
2014-05-02,97.59,97.92,96.91,97.85
2014-05-05,98.07,98.15,97.89,97.92
2014-05-06,98.26,98.54,98.26,98.36
2014-05-07,98.38,98.45,98.04,98.14
2014-05-08,98.29,98.57,98.18,98.38
2014-05-09,98.37,98.38,98.17,98.17
2014-05-12,98.1,98.13,97.87,97.92
2014-05-13,97.74,97.99,97.71,97.79
2014-05-14,98.22,98.31,98.1,98.17
2014-05-15,98.19,98.7,97.97,98.46
2014-05-16,98.58,98.63,98.36,98.53
2014-05-19,98.81,98.91,98.5,98.55
2014-05-20,98.66,98.83,98.59,98.72
2014-05-21,98.96,99.01,98.41,98.6
2014-05-22,98.41,98.48,98.23,98.29
2014-05-23,98.13,98.27,98.04,98.07
2014-05-27,98.15,98.15,97.91,98.05
2014-05-28,98.1,98.39,98.08,98.21
2014-05-29,98.44,98.6,98.26,98.29
2014-05-30,98.35,98.42,98.18,98.26
2014-06-02,98.01,98.02,97.58,97.69
2014-06-03,97.72,97.76,97.52,97.56
2014-06-04,97.47,97.62,97.32,97.35
2014-06-05,97.52,97.72,97.35,97.65
2014-06-06,97.71,97.94,97.46,97.55
2014-06-09,97.63,97.68,97.48,97.54
2014-06-10,97.72,97.84,97.64,97.73
2014-06-11,98.11,98.15,97.98,98.05
2014-06-12,97.97,98.43,97.91,98.28
2014-06-13,98.01,98.1,97.92,98.07
2014-06-16,98.21,98.28,98.14,98.2
2014-06-17,98.07,98.1,97.81,97.88
2014-06-18,97.85,98.17,97.73,98.12
2014-06-19,98.18,98.27,98.04,98.1
2014-06-20,98,98.02,97.86,97.98
2014-06-23,98.2,98.21,98.09,98.12
2014-06-24,98.14,98.16,97.89,98.1
2014-06-25,98.13,98.41,98.12,98.21
2014-06-26,98.27,98.54,98.22,98.33
2014-06-27,98.64,98.68,98.56,98.64
2014-06-30,98.67,98.76,98.57,98.69
2014-07-01,98.51,98.58,98.46,98.49
2014-07-02,98.56,98.57,98.2,98.26
2014-07-03,98.15,98.17,97.79,97.84
2014-07-07,98.12,98.26,98.12,98.17
2014-07-08,98.31,98.54,98.3,98.47
2014-07-09,98.35,98.5,98.17,98.39
2014-07-10,98.67,98.96,98.66,98.69
2014-07-11,98.71,98.78,98.64,98.64
2014-07-14,98.56,98.57,98.41,98.49
2014-07-15,98.48,98.59,98.28,98.35
2014-07-16,98.27,98.39,98.24,98.35
2014-07-17,98.54,98.89,98.45,98.85
2014-07-18,98.65,98.74,98.6,98.67
2014-07-21,98.68,98.76,98.62,98.64
2014-07-22,98.48,98.69,98.43,98.57
2014-07-23,98.63,98.66,98.49,98.49
2014-07-24,98.41,98.41,98.18,98.22
2014-07-25,98.14,98.31,98.11,98.2
2014-07-28,98.24,98.28,98.16,98.19
2014-07-29,98.05,98.09,97.9,97.96
2014-07-30,97.82,97.84,97,97.27
2014-07-31,97.22,97.35,97.09,97.27
2014-08-01,97.13,97.73,97.06,97.48
2014-08-04,97.46,97.66,97.44,97.52
2014-08-05,97.4,97.58,97.17,97.48
2014-08-06,97.66,98.26,97.63,97.95
2014-08-07,97.81,98.05,97.68,97.96
2014-08-08,98.12,98.32,97.97,98.01
2014-08-11,97.92,97.99,97.83,97.86
2014-08-12,97.79,97.96,97.78,97.79
2014-08-13,97.62,97.82,97.53,97.64
2014-08-14,97.62,97.75,97.54,97.6
2014-08-15,97.5,97.91,97.37,97.7
2014-08-18,97.58,97.58,97.48,97.5
2014-08-19,97.4,97.44,97.15,97.17
2014-08-20,96.81,96.9,96.31,96.39
2014-08-21,96.32,96.53,96.28,96.32
2014-08-22,96.38,96.5,95.98,96.23
2014-08-25,96.2,96.29,96.09,96.12
2014-08-26,96.22,96.31,96,96.09
2014-08-27,96.26,96.36,96.16,96.29
2014-08-28,96.46,96.48,96.25,96.41
2014-08-29,96.19,96.33,96.06,96.08
2014-09-02,95.89,95.89,95.06,95.16
2014-09-03,95.22,95.48,95.21,95.4
2014-09-04,95.18,95.43,94.92,94.97
2014-09-05,95.06,95.53,95.01,95.16
2014-09-08,94.98,95.03,94.27,94.28
2014-09-09,94.18,94.31,93.93,94.16
2014-09-10,93.76,93.85,93.57,93.6
2014-09-11,93.42,93.77,93.3,93.41
2014-09-12,93.23,93.38,93.13,93.17
2014-09-15,93.25,93.45,93.2,93.3
2014-09-16,93.4,93.63,93.28,93.35
2014-09-17,93.19,93.34,92.27,92.31
2014-09-18,91.93,92.09,91.79,92.02
2014-09-19,91.98,92.09,91.67,91.71
2014-09-22,91.72,91.97,91.59,91.89
2014-09-23,92.22,92.22,91.76,91.87
2014-09-24,91.97,92.09,91.62,91.72
2014-09-25,91.54,92.15,91.46,91.95
2014-09-26,91.67,91.73,91.3,91.54
2014-09-29,91.45,91.64,91.33,91.35
2014-09-30,91.06,91.34,91.05,91.21
2014-10-01,90.99,91.86,90.93,91.84
2014-10-02,91.91,92.59,91.85,92.24
2014-10-03,91.77,91.87,91,91.11
2014-10-06,91.53,92.04,91.35,91.94
2014-10-07,92.14,92.75,92.07,92.47
2014-10-08,92.36,92.61,91.97,92.49
2014-10-09,92.96,92.99,92.44,92.75
2014-10-10,92.77,92.92,92.55,92.88
2014-10-13,93.25,93.66,93.03,93.58
2014-10-14,93.57,93.6,93.3,93.37
2014-10-15,93.52,95.06,93.44,94.36
2014-10-16,94.52,94.68,93.94,94.05
2014-10-17,94,94.03,93.52,93.62
2014-10-20,93.6,93.65,93.46,93.49
2014-10-21,93.66,93.83,93.41,93.43
2014-10-22,93.5,93.55,93.14,93.35
2014-10-23,92.92,92.92,92.3,92.39
2014-10-24,92.64,92.79,92.43,92.43
2014-10-27,92.69,92.94,92.69,92.77
2014-10-28,92.46,92.86,92.43,92.44
2014-10-29,92.48,92.59,91.78,91.83
2014-10-30,91.73,91.92,91.36,91.56
2014-10-31,89.62,89.63,88.92,89.04
2014-11-03,87.97,88,87.57,87.78
2014-11-04,88.2,88.33,87.93,88.09
2014-11-05,87.14,87.42,87.08,87.21
2014-11-06,87.28,87.41,86.76,86.79
2014-11-07,86.72,87.53,86.6,87.26
2014-11-10,87.59,87.61,87.04,87.09
2014-11-11,86.3,86.94,86.29,86.34
2014-11-12,86.76,87.04,86.4,86.57
2014-11-13,86.54,86.72,86.31,86.34
2014-11-14,85.88,86.17,85.61,86.02
2014-11-17,86.03,86.15,85.69,85.73
2014-11-18,85.74,85.96,85.47,85.56
2014-11-19,85.02,85.13,84.71,84.81
2014-11-20,84.63,84.94,84.45,84.58
2014-11-21,84.76,85.19,84.76,84.9
2014-11-24,84.54,84.62,84.41,84.53
2014-11-25,84.71,84.95,84.54,84.8
2014-11-26,84.97,85.15,84.86,85
2014-11-28,84.56,84.58,84.2,84.33
2014-12-01,84.49,84.84,84.44,84.51
2014-12-02,83.92,84.01,83.84,83.87
2014-12-03,83.77,83.87,83.43,83.48
2014-12-04,83.39,83.8,83.17,83.49
2014-12-05,82.96,83.18,82.18,82.31
2014-12-08,82.58,83.2,82.57,82.88
2014-12-09,83.55,84.78,83.48,83.56
2014-12-10,83.99,84.95,83.93,84.77
2014-12-11,84.35,84.49,83.61,84.17
2014-12-12,84.49,84.6,83.96,84.19
2014-12-15,84.09,85.06,84.05,84.76
2014-12-16,86.31,86.34,84.92,85.82
2014-12-17,85.32,85.61,84.1,84.21
2014-12-18,84.17,84.33,83.8,84.15
2014-12-19,83.83,84.14,83.59,83.66
2014-12-22,83.41,83.46,83.25,83.3
2014-12-23,83.22,83.23,82.76,82.85
2014-12-24,83.04,83.12,82.96,83
2014-12-26,83.12,83.16,83,83.11
2014-12-29,83.03,83.03,82.8,82.89
2014-12-30,83.65,84.13,83.56,83.7
2014-12-31,83.69,83.84,83.3,83.55
2015-01-02,82.9,83.47,82.79,83
2015-01-05,83.22,83.77,83.19,83.6
2015-01-06,83.99,84.71,83.89,84.41
2015-01-07,83.91,84.14,83.58,83.88
2015-01-08,83.52,83.76,83.45,83.54
2015-01-09,83.9,84.44,83.49,84.36
2015-01-12,83.9,84.66,83.88,84.51
2015-01-13,84.41,85.08,84.2,84.84
2015-01-14,85.55,86.15,85.15,85.26
2015-01-15,85.84,86.28,85.29,86.26
2015-01-16,85.79,85.96,84.92,85.02
2015-01-20,84.26,84.57,84.12,84.18
2015-01-21,85.12,85.34,84.61,84.84
2015-01-22,84.99,85.29,84.25,84.42
2015-01-23,84.64,85.08,84.59,84.99
2015-01-26,84.49,84.65,84.36,84.42
2015-01-27,84.9,85.23,84.74,84.85
2015-01-28,84.84,85.28,84.76,85.05
2015-01-29,84.68,84.87,84.37,84.55
2015-01-30,84.91,85.26,84.85,85.14
2015-02-02,85,85.39,84.95,85.05
2015-02-03,85.23,85.32,84.93,85.06
2015-02-04,85.17,85.42,84.97,85.3
2015-02-05,85.19,85.31,85.02,85.11
2015-02-06,85.28,85.34,83.88,83.94
2015-02-09,84.29,84.51,84.19,84.31
2015-02-10,83.97,83.99,83.6,83.7
2015-02-11,83.5,83.52,83,83.07
2015-02-12,83.46,84.38,83.44,83.94
2015-02-13,84.03,84.42,83.99,84.17
2015-02-17,84.2,84.27,83.72,83.87
2015-02-18,83.83,84.36,83.76,84.25
2015-02-19,84.07,84.18,83.89,84.05
2015-02-20,84.34,84.53,83.87,84.04
2015-02-23,83.98,84.22,83.95,84.16
2015-02-24,83.72,84.21,83.44,84.04
2015-02-25,84.1,84.19,83.98,84.15
2015-02-26,84.11,84.21,83.66,83.76
2015-02-27,83.82,83.86,83.47,83.59
2015-03-02,83.49,83.55,83.17,83.23
2015-03-03,83.49,83.76,83.47,83.51
2015-03-04,83.61,83.7,83.47,83.56
2015-03-05,83.21,83.36,83.06,83.23
2015-03-06,83.37,83.42,82.45,82.76
2015-03-09,82.61,82.75,82.36,82.53
2015-03-10,82.34,82.7,82.31,82.56
2015-03-11,82.34,82.51,82.25,82.29
2015-03-12,82.64,82.88,82.35,82.44
2015-03-13,82.3,82.56,82.26,82.37
2015-03-16,82.43,82.6,82.31,82.41
2015-03-17,82.5,82.57,82.35,82.42
2015-03-18,82.54,83.82,82.48,83.3
2015-03-19,82.87,82.9,82.61,82.78
2015-03-20,82.62,83.41,82.59,83.32
2015-03-23,83.49,83.63,83.38,83.52
2015-03-24,83.75,83.88,83.33,83.5
2015-03-25,83.69,83.88,83.57,83.69
2015-03-26,84.24,84.29,83.73,83.9
2015-03-27,83.85,84.08,83.83,83.94
2015-03-30,83.41,83.46,83.15,83.24
2015-03-31,83.34,83.49,83.22,83.28
2015-04-01,83.23,83.74,83.19,83.54
2015-04-02,83.63,83.65,83.41,83.53
2015-04-06,83.98,84.09,83.55,83.69
2015-04-07,83.3,83.32,82.99,83.12
2015-04-08,83.44,83.59,83.12,83.23
2015-04-09,83.39,83.46,82.8,82.91
2015-04-10,83.03,83.3,82.99,83.21
2015-04-13,82.95,83.53,82.92,83.24
2015-04-14,83.42,83.99,83.34,83.74
2015-04-15,83.65,84.19,83.59,83.93
2015-04-16,83.98,84.17,83.72,84
2015-04-17,84.23,84.28,83.85,84.08
2015-04-20,84,84.07,83.72,83.89
2015-04-21,83.77,83.81,83.42,83.53
2015-04-22,83.62,83.67,83.34,83.38
2015-04-23,83.33,83.73,83.26,83.65
2015-04-24,83.68,84.16,83.65,84.13
2015-04-27,83.76,84.11,83.72,84.01
2015-04-28,84.07,84.2,83.93,84.11
2015-04-29,83.83,84.32,83.76,83.97
2015-04-30,84.1,84.18,83.4,83.73
2015-05-01,83.51,83.72,83.1,83.19
2015-05-04,83.16,83.31,83.14,83.25
2015-05-05,83,83.52,82.97,83.44
2015-05-06,83.45,83.89,83.42,83.69
2015-05-07,83.88,83.95,83.42,83.55
2015-05-08,83.22,83.62,83.15,83.47
2015-05-11,83.39,83.46,83.19,83.26
2015-05-12,83.34,83.5,83.19,83.46
2015-05-13,83.52,84.02,83.49,83.93
2015-05-14,83.88,84.08,83.78,83.91
2015-05-15,83.4,83.9,83.37,83.8
2015-05-18,83.55,83.57,83.25,83.33
2015-05-19,83.25,83.25,82.8,82.84
2015-05-20,82.71,82.83,82.32,82.4
2015-05-21,82.58,82.71,82.46,82.64
2015-05-22,82.68,82.75,82.24,82.27
2015-05-26,81.6,81.6,81.09,81.23
2015-05-27,80.83,81.01,80.6,80.85
2015-05-28,80.46,80.9,80.35,80.71
2015-05-29,80.74,80.83,80.48,80.56
2015-06-01,80.58,80.74,80.05,80.12
2015-06-02,80.2,80.81,80.14,80.56
2015-06-03,80.37,80.65,80.2,80.48
2015-06-04,80.62,80.62,80.2,80.4
2015-06-05,80.16,80.22,79.45,79.67
2015-06-08,79.81,80.46,79.76,80.31
2015-06-09,80.56,80.64,80.36,80.44
2015-06-10,81.33,81.6,81.29,81.51
2015-06-11,80.81,81.13,80.55,81
2015-06-12,80.89,81.21,80.74,80.74
2015-06-15,80.95,81.11,80.94,81.01
2015-06-16,80.99,81.11,80.98,81.06
2015-06-17,80.73,81.17,80.36,81.03
2015-06-18,81.52,81.65,81.2,81.32
2015-06-19,81.2,81.6,81.13,81.5
2015-06-22,81.1,81.29,81.01,81.04
2015-06-23,80.76,80.89,80.52,80.69
2015-06-24,80.71,80.81,80.4,80.72
2015-06-25,80.93,81.01,80.78,80.88
2015-06-26,80.9,80.91,80.65,80.73
2015-06-29,81.34,81.7,81.33,81.59
2015-06-30,81.63,81.98,81.56,81.65
2015-07-01,81.34,81.38,81.14,81.2
2015-07-02,80.95,81.33,80.82,81.26
2015-07-06,81.46,81.76,81.35,81.58
2015-07-07,81.68,81.96,81.49,81.6
2015-07-08,82.37,83.05,82.28,82.85
2015-07-09,82.31,82.52,82.28,82.42
2015-07-10,81.75,81.79,81.37,81.46
2015-07-13,81.04,81.1,80.95,80.99
2015-07-14,81.08,81.36,80.99,81.04
2015-07-15,80.96,81.04,80.65,80.8
2015-07-16,80.61,80.74,80.53,80.55
2015-07-17,80.63,80.69,80.54,80.61
2015-07-20,80.49,80.53,80.39,80.46
2015-07-21,80.42,80.8,80.38,80.72
2015-07-22,80.76,80.82,80.54,80.68
2015-07-23,80.78,80.83,80.52,80.72
2015-07-24,80.6,80.91,80.58,80.8
2015-07-27,81.17,81.3,81.09,81.13
2015-07-28,80.8,80.97,80.77,80.91
2015-07-29,80.84,80.94,80.63,80.68
2015-07-30,80.4,80.59,80.27,80.54
2015-07-31,80.42,80.96,80.39,80.7
2015-08-03,80.47,80.75,80.44,80.63
2015-08-04,80.67,80.73,80.38,80.42
2015-08-05,80.47,80.64,79.99,80.09
2015-08-06,80.08,80.31,80.02,80.19
2015-08-07,80.2,80.58,79.96,80.51
2015-08-10,80.23,80.36,80.17,80.26
2015-08-11,80.08,80.18,79.87,79.9
2015-08-12,80.53,80.78,80.47,80.5
2015-08-13,80.38,80.53,80.24,80.36
2015-08-14,80.56,80.58,80.4,80.44
2015-08-17,80.28,80.51,80.28,80.39
2015-08-18,80.46,80.5,80.33,80.4
2015-08-19,80.41,80.84,80.33,80.75
2015-08-20,80.67,81.09,80.65,81.06
2015-08-21,81.47,82.09,81.46,81.92
2015-08-24,83.5,86.1,83.26,84.42
2015-08-25,83.28,84.32,83.27,84.09
2015-08-26,83.62,84.09,83.32,83.34
2015-08-27,83.19,83.23,82.37,82.62
2015-08-28,82.77,82.86,82.14,82.15
2015-08-31,82.44,82.6,82.36,82.47
2015-09-01,83.28,83.89,83.2,83.85
2015-09-02,83.26,83.38,83.08,83.12
2015-09-03,83.17,83.58,83.05,83.25
2015-09-04,83.96,84.31,83.61,84.01
2015-09-08,83.36,83.57,83.28,83.43
2015-09-09,82.68,83.04,82.51,82.98
2015-09-10,82.61,83,82.53,82.88
2015-09-11,82.86,83.02,82.76,82.93
2015-09-14,83.05,83.44,83.04,83.2
2015-09-15,83.59,83.64,82.99,83.02
2015-09-16,82.92,83.07,82.83,82.92
2015-09-17,82.71,83.48,82.64,83.3
2015-09-18,83.85,83.88,83.3,83.67
2015-09-21,83.01,83.17,82.88,82.93
2015-09-22,83.36,83.54,83.21,83.25
2015-09-23,83.24,83.3,82.95,83.16
2015-09-24,83.62,83.88,83.12,83.18
2015-09-25,82.65,83.03,82.48,82.92
2015-09-28,83.28,83.55,83.1,83.42
2015-09-29,83.41,83.66,83.22,83.46
2015-09-30,83.17,83.65,83.11,83.42
2015-10-01,83.51,83.69,83.36,83.39
2015-10-02,83.17,84.26,83.05,83.41
2015-10-05,83.17,83.23,82.94,83.03
2015-10-06,83.12,83.26,82.99,83.18
2015-10-07,83.27,83.51,83.22,83.32
2015-10-08,83.41,83.55,83.31,83.39
2015-10-09,83.12,83.21,83.08,83.18
2015-10-12,83.25,83.41,83.21,83.32
2015-10-13,83.52,83.65,83.4,83.5
2015-10-14,83.66,84.29,83.56,84.15
2015-10-15,84.63,84.64,84.06,84.1
2015-10-16,83.99,84.04,83.56,83.71
2015-10-19,83.75,83.86,83.63,83.67
2015-10-20,83.59,83.59,83.33,83.42
2015-10-21,83.32,83.47,83.26,83.39
2015-10-22,83.49,83.52,82.8,82.85
2015-10-23,82.86,82.88,82.31,82.34
2015-10-26,82.62,82.91,82.57,82.6
2015-10-27,83.09,83.23,82.99,83.02
2015-10-28,83.06,83.31,82.47,82.63
2015-10-29,82.69,82.79,82.5,82.56
2015-10-30,83.01,83.15,82.78,82.91
2015-11-02,82.93,82.99,82.76,82.79
2015-11-03,82.73,82.75,82.47,82.58
2015-11-04,82.52,82.56,82.16,82.25
2015-11-05,82.04,82.29,82.01,82.14
2015-11-06,82.03,82.08,81.12,81.2
2015-11-09,80.98,81.32,80.92,81.19
2015-11-10,81.15,81.27,81,81.19
2015-11-11,81.21,81.43,81.18,81.38
2015-11-12,81.3,81.6,81.27,81.53
2015-11-13,81.52,81.67,81.3,81.56
2015-11-16,81.26,81.36,81.11,81.17
2015-11-17,81.14,81.18,80.94,81.02
2015-11-18,81.04,81.07,80.81,80.89
2015-11-19,81.22,81.56,81.15,81.4
2015-11-20,81.39,81.48,81.33,81.45
2015-11-23,81.19,81.45,81.16,81.39
2015-11-24,81.62,81.76,81.53,81.59
2015-11-25,81.5,81.56,81.34,81.48
2015-11-27,81.55,81.57,81.38,81.4
2015-11-30,81.22,81.31,81.08,81.25
2015-12-01,81.19,81.46,81.17,81.4
2015-12-02,81.21,81.24,80.86,81.15
2015-12-03,81.13,81.77,81.01,81.57
2015-12-04,81.33,81.46,81.05,81.23
2015-12-07,81.02,81.17,80.98,81.05
2015-12-08,81.34,81.49,81.24,81.36
2015-12-09,81.64,82.59,81.63,82.28
2015-12-10,82.36,82.47,82.18,82.24
2015-12-11,82.35,82.93,82.21,82.67
2015-12-14,82.8,83.09,82.59,82.61
2015-12-15,82.59,82.7,82.1,82.19
2015-12-16,82.11,82.38,81.68,81.82
2015-12-17,81.67,81.68,81.38,81.65
2015-12-18,82.39,82.56,82.13,82.55
2015-12-21,82.37,82.75,82.35,82.52
2015-12-22,82.68,82.83,82.56,82.6
2015-12-23,82.72,82.78,82.56,82.72
2015-12-24,83.01,83.16,82.99,83.13
2015-12-28,83.04,83.19,82.99,83.06
2015-12-29,83.07,83.1,82.97,83.03
2015-12-30,82.99,83.02,82.87,82.98
2015-12-31,83.04,83.34,82.9,83.12
2016-01-04,83.99,84.02,83.68,83.77
2016-01-05,84.09,84.15,83.83,84
2016-01-06,84.48,84.52,84.18,84.39
2016-01-07,85.03,85.15,84.55,85.03
2016-01-08,84.49,85.32,84.15,85.3
2016-01-11,84.94,85.34,84.72,84.89
2016-01-12,84.83,85.2,84.7,84.97
2016-01-13,84.67,85.03,84.49,84.99
2016-01-14,84.85,85.16,84.54,84.65
2016-01-15,85.24,85.83,85.22,85.47
2016-01-19,84.84,85.25,84.79,85
2016-01-20,85.71,86.06,85.43,85.52
2016-01-21,85.5,85.58,84.87,84.91
2016-01-22,84.58,84.84,84.12,84.19
2016-01-25,84.33,84.55,84.27,84.52
2016-01-26,84.48,84.56,84.29,84.44
2016-01-27,84.45,84.51,83.98,84.27
2016-01-28,84.11,84.35,84.03,84.16
2016-01-29,82.58,82.71,82.18,82.56
2016-02-01,82.45,82.87,82.41,82.63
2016-02-02,82.81,83.45,82.78,83.38
2016-02-03,83.75,85.43,83.67,84.76
2016-02-04,85.17,85.83,85.16,85.61
2016-02-05,85.63,85.97,85.16,85.59
2016-02-08,86,86.82,85.82,86.33
2016-02-09,87.09,87.48,86.67,86.86
2016-02-10,86.97,88.4,86.81,88.17
2016-02-11,89.13,89.63,88.74,88.97
2016-02-12,88.71,88.82,88.07,88.32
2016-02-16,87.84,88.03,87.62,87.67
2016-02-17,87.59,87.92,87.34,87.65
2016-02-18,87.85,88.39,87.77,88.31
2016-02-19,88.5,89.04,88.33,88.83
2016-02-22,88.35,88.67,88.27,88.59
2016-02-23,89.34,89.47,88.96,89.22
2016-02-24,89.37,90.05,89.11,89.14
2016-02-25,88.93,88.97,88.47,88.5
2016-02-26,88.55,88.55,87.71,87.73
2016-02-29,88.42,88.77,88.29,88.74
2016-03-01,88.45,88.58,87.57,87.64
2016-03-02,87.46,88.33,87.29,88.12
2016-03-03,87.81,88.27,87.73,87.96
2016-03-04,87.92,88.39,87.52,87.88
2016-03-07,87.97,88.32,87.95,88.16
2016-03-08,88.5,88.95,88.41,88.77
2016-03-09,88.92,88.92,88.13,88.21
2016-03-10,87.6,88.8,87.38,88.34
2016-03-11,87.85,88.23,87.77,87.86
2016-03-14,87.94,88.08,87.81,87.89
2016-03-15,88.57,88.79,88.34,88.36
2016-03-16,88.1,89.02,87.85,88.69
2016-03-17,90.29,90.36,89.28,89.78
2016-03-18,89.74,89.83,89.48,89.64
2016-03-21,89.65,89.73,89.3,89.32
2016-03-22,89.52,89.66,88.88,89.01
2016-03-23,88.74,89.02,88.57,88.98
2016-03-24,88.7,89,88.55,88.6
2016-03-28,88.1,88.38,88.09,88.13
2016-03-29,88.04,88.81,88.04,88.76
2016-03-30,89,89.02,88.74,88.95
2016-03-31,89.04,89.21,88.79,88.83
2016-04-01,89.19,89.62,88.92,89.59
2016-04-04,89.61,90.02,89.59,89.84
2016-04-05,90.39,90.95,90.32,90.65
2016-04-06,90.57,91.45,90.53,91.1
2016-04-07,92.13,92.86,92.12,92.43
2016-04-08,92.07,92.73,91.81,92.52
2016-04-11,92.38,92.78,92.22,92.64
2016-04-12,92.32,92.41,91.92,92.12
2016-04-13,91.45,91.73,91.4,91.48
2016-04-14,91.42,91.83,91.34,91.42
2016-04-15,91.85,92.08,91.69,91.94
2016-04-18,92.35,92.49,91.75,91.91
2016-04-19,91.36,91.75,91.35,91.54
2016-04-20,91.58,91.64,91.01,91.07
2016-04-21,91.15,91.48,91.1,91.37
2016-04-22,90.27,90.3,89.29,89.45
2016-04-25,90.02,90.22,89.82,89.92
2016-04-26,90.03,90.2,89.7,89.81
2016-04-27,89.83,90.03,89.48,89.76
2016-04-28,92.4,92.7,91.96,92.48
2016-04-29,93.35,94.1,93.09,94.02
2016-05-02,93.79,94.02,93.62,93.96
2016-05-03,94.45,94.5,93.73,93.8
2016-05-04,93.79,94.12,93.23,93.46
2016-05-05,93.3,93.63,93.02,93.24
2016-05-06,93.51,93.95,93.25,93.37
2016-05-09,92.31,92.46,92.07,92.28
2016-05-10,91.58,91.78,91.44,91.52
2016-05-11,91.99,92.29,91.88,92.26
2016-05-12,91.42,92.06,91.41,91.68
2016-05-13,91.9,92.11,91.3,92.05
2016-05-16,91.84,91.98,91.65,91.72
2016-05-17,91.37,91.88,91.21,91.64
2016-05-18,91.47,91.49,90.69,90.75
2016-05-19,90.99,91.16,90.73,90.94
2016-05-20,90.63,90.87,90.42,90.81
2016-05-23,91.34,91.67,91.26,91.56
2016-05-24,91.17,91.19,90.8,90.92
2016-05-25,90.78,90.86,90.53,90.76
2016-05-26,90.84,91.3,90.74,91.11
2016-05-27,91.19,91.35,89.98,90.72
2016-05-31,90.08,90.5,89.88,90.33
2016-06-01,91.56,91.71,91.15,91.3
2016-06-02,91.73,92.15,91.7,91.86
2016-06-03,91.85,93.89,91.81,93.86
2016-06-06,93.37,93.61,92.88,92.96
2016-06-07,92.82,93.32,92.81,93.16
2016-06-08,93.44,93.82,93.34,93.46
2016-06-09,93.9,94.01,93.3,93.43
2016-06-10,93.6,93.85,93.3,93.51
2016-06-13,94.25,94.38,93.85,94.21
2016-06-14,94.39,94.48,94.17,94.34
2016-06-15,94.15,94.8,94.12,94.34
2016-06-16,95.77,96.38,95.61,95.89
2016-06-17,95.9,96.07,95.69,96.01
2016-06-20,95.62,96.5,95.56,96.27
2016-06-21,95.53,95.84,95.19,95.4563
2016-06-22,95.65,95.85,95.44,95.6
2016-06-23,94.78,94.8,93.6,93.63
2016-06-24,97.71,98.03,97.35,97.85
2016-06-27,98.48,98.56,97.9,98.09
2016-06-28,97.7,97.76,97.23,97.32
2016-06-29,97.35,97.57,97.11,97.13
2016-06-30,97.36,97.7,96.8,96.86
2016-07-01,97.44,97.61,97.28,97.54
2016-07-05,98.26,98.58,98.12,98.26
2016-07-06,99.51,99.51,98.54,98.68
2016-07-07,99.04,99.41,98.78,99.24
2016-07-08,99.58,100.01,98.68,99.42
2016-07-11,97.64,97.69,97.18,97.26
2016-07-12,96.25,96.3,95.25,95.49
2016-07-13,95.57,96.23,95.49,95.73
2016-07-14,94.54,95.01,94.43,94.9
2016-07-15,94.59,95.56,94.23,95.33
2016-07-18,94.58,94.99,94.08,94.17
2016-07-19,94.18,94.45,93.87,94.26
2016-07-20,93.9,93.95,93.07,93.32
2016-07-21,94.06,94.66,93.9,94.52
2016-07-22,94.28,94.54,93.99,94.25
2016-07-25,94.15,94.58,94.14,94.48
2016-07-26,95.87,95.94,95.26,95.54
2016-07-27,94.59,95.11,94.3,94.91
2016-07-28,95.53,95.55,94.78,95
2016-07-29,96.78,98.07,96.7,97.97
2016-08-01,97.81,97.94,97.56,97.64
2016-08-02,98.35,99.33,98.33,99.13
2016-08-03,98.94,99.01,98.45,98.81
2016-08-04,98.82,99.03,98.74,98.82
2016-08-05,98.96,99,97.98,98.21
2016-08-08,97.65,97.7,97.39,97.62
2016-08-09,97.78,98.25,97.77,98.16
2016-08-10,98.84,99.04,98.59,98.89
2016-08-11,98.62,98.85,97.99,98.1
2016-08-12,98.02,99.17,97.98,98.7
2016-08-15,99.08,99.09,98.7,98.75
2016-08-16,100.15,100.46,99.45,99.72
2016-08-17,99.34,99.96,99.27,99.75
2016-08-18,99.73,100.16,99.51,100.09
2016-08-19,99.79,99.98,99.59,99.81
2016-08-22,99.46,99.8,99.37,99.71
2016-08-23,99.95,100.02,99.69,99.75
2016-08-24,99.77,99.84,99.39,99.56
2016-08-25,99.51,99.56,99.37,99.46
2016-08-26,99.6,99.94,98.09,98.2
2016-08-29,97.78,98.19,97.74,98.11
2016-08-30,97.73,97.78,96.94,97.1
2016-08-31,96.82,96.86,96.59,96.7
2016-09-01,96.5,96.97,96.16,96.84
2016-09-02,96.62,97.27,95.86,96.37
2016-09-06,96.71,98.11,96.67,97.98
2016-09-07,98.39,98.67,98.15,98.3
2016-09-08,98.39,98.53,97.46,97.6
2016-09-09,97.33,97.53,97.01,97.38
2016-09-12,98.26,98.46,97.97,98.18
2016-09-13,97.79,97.99,97.3,97.51
2016-09-14,97.3,97.8,97.11,97.62
2016-09-15,97.76,98.11,97.32,97.95
2016-09-16,98.16,98.23,97.58,97.77
2016-09-19,98.2,98.44,98.07,98.12
2016-09-20,98.13,98.42,98.12,98.31
2016-09-21,99.07,99.71,99.02,99.67
2016-09-22,99.25,99.48,99.07,99.22
2016-09-23,99.17,99.54,98.6,99.01
2016-09-26,99.58,99.78,99.43,99.66
2016-09-27,99.71,99.82,99.5,99.61
2016-09-28,99.43,99.56,99.2,99.34
2016-09-29,98.55,99.18,98.19,98.96
2016-09-30,98.72,98.9,98.55,98.68
2016-10-03,98.64,98.74,98.35,98.44
2016-10-04,97.53,97.62,97.12,97.21
2016-10-05,97.04,97.21,96.46,96.61
2016-10-06,96.47,96.5,96.01,96.15
2016-10-07,96.51,97.22,96.23,97.14
2016-10-10,96.72,96.81,96.34,96.52
2016-10-11,96.35,96.93,96.25,96.6
2016-10-12,96.38,96.41,95.7,95.97
2016-10-13,96.34,96.78,96.26,96.46
2016-10-14,95.91,96.35,95.72,95.96
2016-10-17,96.06,96.35,96.02,96.26
2016-10-18,96.14,96.4,95.12,96.28
2016-10-19,96.67,96.93,96.61,96.68
2016-10-20,96.5,96.58,96.06,96.19
2016-10-21,96.41,96.6,96.13,96.3
2016-10-24,96.14,96.25,95.86,95.95
2016-10-25,95.65,96.06,95.33,95.93
2016-10-26,95.92,96.11,95.57,95.7
2016-10-27,95.49,95.57,94.89,95.04
2016-10-28,94.9,95.72,94.76,95.5
2016-10-31,95.2,95.44,95.03,95.4
2016-11-01,95.39,96.34,95.27,96.06
2016-11-02,96.83,97.07,96.63,96.78
2016-11-03,96.91,97.21,96.79,97.12
2016-11-04,97.13,97.22,96.81,96.97
2016-11-07,95.85,95.91,95.58,95.7
2016-11-08,95.77,95.77,95.77,95.77
2016-11-09,96.34,96.46,94.44,94.57
2016-11-10,93.67,94.12,93.5,93.64
2016-11-11,93.95,94.06,93.6,93.74
2016-11-14,92.72,92.83,92.13,92.25
2016-11-15,92.43,92.43,91.44,91.61
2016-11-16,91.29,91.74,91.22,91.73
2016-11-17,91.57,91.68,90.74,90.78
2016-11-18,90.83,91.01,90.12,90.25
2016-11-21,90.4,90.54,89.8,90.27
2016-11-22,90.13,90.24,89.8,90
2016-11-23,89.89,89.89,88.52,88.92
2016-11-25,88.49,88.77,88.25,88.53
2016-11-28,88.71,89.39,88.68,89.34
2016-11-29,88.57,89.08,88.23,88.98
2016-11-30,88.28,88.37,87.31,87.38
2016-12-01,87.39,87.77,87.17,87.66
2016-12-02,87.72,88.24,87.56,88.11
2016-12-05,87.5,88.38,87.13,87.82
2016-12-06,87.79,87.93,87.63,87.67
2016-12-07,87.66,88.17,87.63,87.97
2016-12-08,87.68,87.89,87.44,87.69
2016-12-09,86.78,87.25,86.62,86.71
2016-12-12,86.37,87.07,86.32,87.02
2016-12-13,86.71,86.98,86.69,86.83
2016-12-14,86.94,87.13,85.19,85.44
2016-12-15,84.55,84.99,84.29,84.59
2016-12-16,84.6,85.13,84.46,84.79
2016-12-19,85.29,85.8,85.16,85.37
2016-12-20,84.68,85,84.6,84.82
2016-12-21,85.27,85.38,84.84,85.11
2016-12-22,85.01,85.27,84.84,85.09
2016-12-23,85.19,85.35,85.12,85.28
2016-12-27,85.19,85.22,85.02,85.16
2016-12-28,84.95,85.48,84.89,85.45
2016-12-29,85.64,86,85.56,85.77
2016-12-30,85.45,85.88,85.4,85.48
2017-01-03,84.63,85.31,84.31,84.97
2017-01-04,85.09,85.43,84.92,85.3
2017-01-05,85.82,86.79,85.74,86.7
2017-01-06,86.11,86.37,85.34,85.46
2017-01-09,85.71,86.47,85.69,86.35
2017-01-10,86.06,86.74,85.95,86.38
2017-01-11,86.02,87.53,85.57,86.7
2017-01-12,87.69,87.87,87.12,87.22
2017-01-13,87.35,87.58,86.62,87.32
2017-01-17,88.1,88.84,88.05,88.8
2017-01-18,88.11,88.36,87.14,87.29
2017-01-19,87.28,87.33,86.49,87.03
2017-01-20,86.78,87.56,86.75,87.24
2017-01-23,88.18,88.86,87.68,88.71
2017-01-24,88.2,88.57,87.8,87.83
2017-01-25,88.24,88.35,87.77,88.24
2017-01-26,87.4,87.66,87.06,87.25
2017-01-27,86.81,87.15,86.67,86.88
2017-01-30,87.25,88.14,87.23,87.9
2017-01-31,88.26,89.22,88.12,88.6
2017-02-01,88.23,88.63,87.76,88.3
2017-02-02,88.94,89.25,88.6,88.62
2017-02-03,88.43,89.04,88.12,88.82
2017-02-06,89.09,89.59,88.82,89.47
2017-02-07,89.05,89.44,88.83,88.98
2017-02-08,89.27,89.58,89.11,89.32
2017-02-09,89,89.11,88.22,88.28
2017-02-10,88.06,88.61,87.92,88.34
2017-02-13,87.93,88.07,87.67,87.94
2017-02-14,88.18,88.26,87.34,87.51
2017-02-15,87.36,87.83,86.99,87.6
2017-02-16,88.06,88.43,87.84,88.3
2017-02-17,88.61,88.8,88.52,88.62
2017-02-21,87.98,88.18,87.89,87.98
2017-02-22,88.46,88.57,87.99,88.22
2017-02-23,88.66,88.85,88.55,88.78
2017-02-24,89.09,89.33,88.91,89.33
2017-02-27,89.06,89.32,88.62,88.71
2017-02-28,89.12,89.54,88.58,88.65
2017-03-01,87.88,88.13,87.68,87.93
2017-03-02,87.43,87.54,87.27,87.4
2017-03-03,87.43,87.87,87.15,87.69
2017-03-06,87.87,88,87.64,87.8
2017-03-07,87.72,87.82,87.6,87.73
2017-03-08,87.56,87.56,87.15,87.39
2017-03-09,87.26,87.32,86.96,87.03
2017-03-10,86.63,87.22,86.58,87.11
2017-03-13,87.22,87.31,87.03,87.04
2017-03-14,86.95,87.32,86.94,87.14
2017-03-15,87.26,88.37,87.09,88.2
2017-03-16,88.22,88.52,88.14,88.25
2017-03-17,88.45,88.84,88.35,88.75
2017-03-20,88.6,88.9,88.58,88.84
2017-03-21,88.83,89.64,88.74,89.51
2017-03-22,89.84,90.3,89.74,89.95
2017-03-23,90.05,90.4,89.84,90.14
2017-03-24,90.11,90.4,89.66,89.67
2017-03-27,90.77,90.82,90.34,90.39
2017-03-28,90.53,90.76,89.93,90
2017-03-29,90.23,90.29,89.96,90.09
2017-03-30,89.96,90.08,89.33,89.41
2017-03-31,89.46,89.9,88.4,89.77
2017-04-03,89.78,90.22,89.71,90.16
2017-04-04,90.67,90.68,90.24,90.3
2017-04-05,90.13,90.44,89.72,90.32
2017-04-06,90.18,90.36,89.98,90.26
2017-04-07,90.34,90.78,89.79,90.03
2017-04-10,89.83,90.25,89.76,90.19
2017-04-11,90.43,91.24,90.42,91.23
2017-04-12,91.22,91.81,91.02,91.78
2017-04-13,91.6,91.78,91.41,91.65
2017-04-17,92.17,92.32,91.68,91.71
2017-04-18,91.9,92.32,91.78,92.2
2017-04-19,91.71,92,91.59,91.89
2017-04-20,91.67,91.75,91.33,91.45
2017-04-21,91.63,91.84,91.48,91.73
2017-04-24,90.73,91.19,90.62,91.13
2017-04-25,90.51,90.51,89.94,90.01
2017-04-26,89.81,90.19,89.46,90.03
2017-04-27,89.75,90.05,89.61,89.87
2017-04-28,89.78,89.8,89.51,89.65
2017-05-01,89.52,89.74,89.34,89.42
2017-05-02,89.1,89.31,89.04,89.27
2017-05-03,89.16,89.22,88.67,88.74
2017-05-04,88.59,89.03,88.46,88.91
2017-05-05,88.92,89.02,88.63,88.71
2017-05-08,88.8,88.88,88.26,88.31
2017-05-09,87.8,87.9,87.47,87.74
2017-05-10,87.86,87.9,87.44,87.47
2017-05-11,87.82,88.13,87.63,87.84
2017-05-12,87.83,88.34,87.8,88.24
2017-05-15,88.11,88.29,87.83,88.03
2017-05-16,87.97,88.55,87.96,88.43
2017-05-17,89.01,90.35,89,90.3
2017-05-18,90.27,90.52,89.5,89.67
2017-05-19,89.88,90.06,89.55,89.87
2017-05-22,89.77,90.14,89.76,89.87
2017-05-23,89.95,90.1,89.4,89.46
2017-05-24,89.45,89.7,89.18,89.66
2017-05-25,89.5,89.56,89.32,89.44
2017-05-26,90.1,90.11,89.74,89.82
2017-05-30,90.13,90.37,89.9,90.23
2017-05-31,90.16,90.51,90.16,90.29
2017-06-01,89.97,90.02,89.7,89.8
2017-06-02,89.69,90.63,89.64,90.58
2017-06-05,90.47,90.6,90.35,90.52
2017-06-06,91.38,91.55,91.21,91.41
2017-06-07,91.35,91.55,91,91.05
2017-06-08,90.79,91.1,90.59,91.02
2017-06-09,90.55,90.8,90.24,90.62
2017-06-12,91.01,91.22,90.88,91.02
2017-06-13,90.88,90.98,90.73,90.87
2017-06-14,90.67,91.88,90.64,91.23
2017-06-15,90.81,90.84,90.11,90.16
2017-06-16,89.78,90.38,89.77,90.17
2017-06-19,90.04,90.17,89.61,89.65
2017-06-20,89.6,89.84,89.5,89.72
2017-06-21,89.76,89.89,89.49,89.77
2017-06-22,89.83,90.02,89.73,89.86
2017-06-23,89.89,89.96,89.81,89.86
2017-06-26,89.56,89.8,89.33,89.41
2017-06-27,89.33,89.42,88.92,89.02
2017-06-28,89.19,89.35,89,89.06
2017-06-29,88.74,89.43,88.55,89.2
2017-06-30,89.29,89.4,88.81,89
2017-07-03,88.51,88.61,88.14,88.18
2017-07-05,88.1,88.48,88,88.28
2017-07-06,88.23,88.47,88.17,88.33
2017-07-07,87.91,88.1,87.58,87.8
2017-07-10,87.6,87.73,87.53,87.69
2017-07-11,87.5,87.94,87.34,87.8
2017-07-12,88.08,88.55,87.93,88.34
2017-07-13,88.37,88.41,88.13,88.28
2017-07-14,88.44,89.08,88.41,88.86
2017-07-17,88.96,89.02,88.6,88.79
2017-07-18,89.21,89.54,89.16,89.24
2017-07-19,89.3,89.64,89.3,89.35
2017-07-20,89.12,89.7,89.02,89.39
2017-07-21,89.64,90.08,89.64,89.96
2017-07-24,90.22,90.28,89.83,90.01
2017-07-25,89.72,89.84,89.32,89.38
2017-07-26,89.43,90.04,89.13,89.92
2017-07-27,89.76,90.12,89.51,89.87
2017-07-28,89.89,90.46,89.88,90.39
2017-07-31,90.44,90.73,90.38,90.72
2017-08-01,90.51,90.96,90.42,90.65
2017-08-02,90.3,90.67,90.1,90.32
2017-08-03,90.6,91.02,90.49,90.93
2017-08-04,90.83,90.86,90.05,90.35
2017-08-07,90.23,90.36,90.15,90.3
2017-08-08,90.63,90.7,90.23,90.63
2017-08-09,91.14,91.27,90.78,90.92
2017-08-10,91.04,91.62,91.04,91.61
2017-08-11,91.63,91.96,91.4,91.58
2017-08-14,91.2,91.39,91.11,91.22
2017-08-15,90.55,90.6,90.21,90.36
2017-08-16,90.25,90.88,90.13,90.78
2017-08-17,90.77,91.37,90.68,91.29
2017-08-18,91.67,92.08,91.24,91.59
2017-08-21,91.71,92.05,91.71,91.8
2017-08-22,91.43,91.63,91.2,91.27
2017-08-23,91.62,91.81,91.55,91.74
2017-08-24,91.45,91.64,91.24,91.3
2017-08-25,91.17,91.65,91.04,91.43
2017-08-28,91.53,91.8,91.4,91.71
2017-08-29,92.11,92.24,90.99,91.2
2017-08-30,90.84,90.86,90.55,90.69
2017-08-31,90.44,91.01,90.37,90.95
2017-09-01,90.77,91.27,90.54,90.69
2017-09-05,91.43,92.05,91.43,91.97
2017-09-06,91.85,91.99,91.41,91.54
2017-09-07,91.84,92.54,91.77,92.21
2017-09-08,93.1,93.18,92.53,92.73
2017-09-11,92.09,92.1,91.32,91.41
2017-09-12,91.03,91.18,90.7,90.82
2017-09-13,90.84,90.95,90.34,90.51
2017-09-14,90.32,90.86,90.06,90.7
2017-09-15,89.89,90.4,89.89,90.21
2017-09-18,89.79,89.81,89.55,89.63
2017-09-19,89.68,89.92,89.42,89.64
2017-09-20,89.84,90,88.87,89.08
2017-09-21,88.92,89.18,88.82,88.91
2017-09-22,89.27,89.4,89.16,89.29
2017-09-25,89.16,89.7,89.02,89.51
2017-09-26,89.33,89.35,88.91,89.09
2017-09-27,88.58,88.99,88.3,88.65
2017-09-28,88.77,89.08,88.69,89.03
2017-09-29,88.91,89.11,88.7,88.92
2017-10-02,88.62,88.86,88.55,88.7
2017-10-03,88.47,88.74,88.39,88.58
2017-10-04,88.99,89,88.54,88.69
2017-10-05,88.89,88.96,88.59,88.64
2017-10-06,88.55,88.81,88.15,88.79
2017-10-09,88.76,88.88,88.69,88.77
2017-10-10,89.02,89.29,88.92,88.94
2017-10-11,89.1,89.22,88.83,88.9
2017-10-12,89.04,89.18,88.93,89.07
2017-10-13,89.11,89.53,89.07,89.43
2017-10-16,89.5,89.55,89.06,89.14
2017-10-17,89.15,89.18,88.91,89.13
2017-10-18,88.63,88.69,88.46,88.55
2017-10-19,88.89,89.05,88.74,88.86
2017-10-20,88.36,88.42,88.05,88.08
2017-10-23,87.85,88.3,87.82,88.16
2017-10-24,87.8,88.07,87.7,87.78
2017-10-25,87.69,88.12,87.55,87.96
2017-10-26,87.92,88.01,87.65,87.73
2017-10-27,87.6,88.01,87.37,87.97
2017-10-30,87.99,88.47,87.97,88.35
2017-10-31,88.24,88.28,87.93,87.98
2017-11-01,87.68,87.91,87.5,87.62
2017-11-02,87.59,88.07,87.55,87.66
2017-11-03,87.65,87.99,87.39,87.67
2017-11-06,87.62,87.95,87.56,87.94
2017-11-07,87.58,87.86,87.49,87.73
2017-11-08,87.99,88.18,87.8,87.83
2017-11-09,88.24,88.42,87.96,88.13
2017-11-10,88.19,88.32,88.02,88.06
2017-11-13,88.25,88.3,87.98,88.04
2017-11-14,88.06,88.26,88.03,88.15
2017-11-15,88.68,88.89,88.34,88.64
2017-11-16,88.35,88.7,88.35,88.45
2017-11-17,88.79,89.33,88.74,89.21
2017-11-20,89.17,89.19,88.72,88.78
2017-11-21,88.82,89.15,88.82,88.91
2017-11-22,89.22,89.98,89.2,89.91
2017-11-24,89.79,89.85,89.61,89.64
2017-11-27,90.06,90.22,89.83,90
2017-11-28,89.85,90.04,89.57,89.72
2017-11-29,89.58,89.59,89.17,89.35
2017-11-30,89.03,89.5,88.78,88.85
2017-12-01,88.99,89.74,88.59,89.17
2017-12-04,88.53,88.99,88.43,88.93
2017-12-05,88.78,88.87,88.6,88.82
2017-12-06,89.15,89.25,88.99,89.07
2017-12-07,88.69,88.83,88.37,88.42
2017-12-08,88.11,88.39,88.04,88.13
2017-12-11,88.27,88.28,88.05,88.08
2017-12-12,88.13,88.2,87.91,88.08
2017-12-13,88.26,88.92,88.2,88.81
2017-12-14,88.76,89.23,88.63,88.98
2017-12-15,89.14,89.17,88.69,88.81
2017-12-18,88.88,89.04,88.8,88.83
2017-12-19,88.77,88.77,88.43,88.59
2017-12-20,88.34,88.41,88.13,88.2
2017-12-21,88.09,88.28,88.06,88.25
2017-12-22,88.2,88.31,88.16,88.27
2017-12-26,88.26,88.4,88.26,88.34
2017-12-27,88.32,88.39,88.22,88.31
2017-12-28,88.62,88.65,88.5,88.58
2017-12-29,88.85,88.9,88.71,88.73
2018-01-02,89.16,89.24,89,89.02
2018-01-03,89.08,89.13,88.8,88.89
2018-01-04,88.79,88.8,88.6,88.7
2018-01-05,88.31,88.47,88.25,88.45
2018-01-08,88.46,88.59,88.39,88.4
2018-01-09,88.8,89,88.67,88.78
2018-01-10,89.77,89.86,89.57,89.77
2018-01-11,89.54,90.06,89.47,89.87
2018-01-12,89.96,90.16,89.53,90.04
2018-01-16,90.32,90.71,90.18,90.51
2018-01-17,90.29,90.41,89.81,89.87
2018-01-18,89.91,90.34,89.88,90.03
2018-01-19,90.35,90.49,90.21,90.27
2018-01-22,90.22,90.34,89.91,90.16
2018-01-23,90.48,90.7,90.46,90.68
2018-01-24,91.3,91.77,91.26,91.63
2018-01-25,91.73,92.17,91.16,91.35
2018-01-26,91.51,92.35,91.25,92.09
2018-01-29,91.86,92,91.57,91.77
2018-01-30,92.03,92.24,91.8,91.92
2018-01-31,91.86,91.92,91.37,91.54
2018-02-01,91.25,91.55,91.17,91.4
2018-02-02,91.01,91.05,90.51,90.76
2018-02-05,91.06,91.75,90.69,91.64
2018-02-06,91.5,91.67,91.2,91.27
2018-02-07,91.51,91.64,91.16,91.48
2018-02-08,91.21,92.1,91.14,91.94
2018-02-09,91.91,92.55,91.54,91.91
2018-02-12,92.05,92.22,91.9,92.05
2018-02-13,92.9,93.1,92.73,92.76
2018-02-14,93.25,93.7,92.98,93.48
2018-02-15,93.79,94.31,93.6,94.21
2018-02-16,94.1,94.41,93.99,94.15
2018-02-20,93.33,93.4,93.13,93.21
2018-02-21,92.99,93.2,92.68,92.82
2018-02-22,93.42,93.81,93.35,93.7
2018-02-23,93.69,93.88,93.51,93.56
2018-02-26,93.67,93.69,93.4,93.51
2018-02-27,93.42,93.5,92.87,93.14
2018-02-28,93.5,93.84,93.32,93.75
2018-03-01,93.66,94.2,93.28,94.11
2018-03-02,94.9,95,94.56,94.56
2018-03-05,94.69,94.7,94.13,94.18
2018-03-06,94.1,94.42,94.09,94.2
2018-03-07,94.58,94.59,94.14,94.3
2018-03-08,94.22,94.33,94.06,94.17
2018-03-09,93.6,93.73,93.41,93.62
2018-03-12,93.79,94.06,93.77,93.97
2018-03-13,93.29,93.93,93.2,93.84
2018-03-14,93.94,94.28,93.82,94.04
2018-03-15,94.35,94.46,93.97,94.06
2018-03-16,94.67,94.68,94.13,94.64
2018-03-19,94.16,94.53,94.07,94.3
2018-03-20,93.88,94.04,93.81,93.86
2018-03-21,94.11,94.44,93.77,94.27
2018-03-22,94.66,95,94.51,94.96
2018-03-23,95.19,96,94.98,95.99
2018-03-26,95.12,95.31,94.81,94.85
2018-03-27,94.55,94.95,94.43,94.92
2018-03-28,94.33,94.34,93.45,93.61
2018-03-29,93.88,94.1,93.83,93.94
2018-04-02,94.09,94.64,93.94,94.45
2018-04-03,94.12,94.16,93.76,93.78
2018-04-04,94.18,94.23,93.59,93.68
2018-04-05,93.41,93.45,93.03,93.11
2018-04-06,93.19,93.65,93.09,93.52
2018-04-09,93.4,93.79,93.35,93.66
2018-04-10,93.41,93.51,93.11,93.27
2018-04-11,93.59,93.76,93.4,93.6
2018-04-12,93.3,93.39,93.08,93.18
2018-04-13,92.85,93.23,92.78,93.16
2018-04-16,93.17,93.43,93.12,93.35
2018-04-17,93.38,93.55,93.28,93.45
2018-04-18,93.25,93.37,93.18,93.26
2018-04-19,93.15,93.24,93.02,93.13
2018-04-20,92.92,93.02,92.72,92.83
2018-04-23,92.45,92.48,91.95,91.98
2018-04-24,91.91,92.13,91.58,91.89
2018-04-25,91.56,91.7,91.36,91.41
2018-04-26,91.59,91.69,91.39,91.5
2018-04-27,91.47,91.76,91.29,91.74
2018-04-30,91.43,91.67,91.36,91.5
2018-05-01,91.21,91.32,91,91.02
2018-05-02,91.06,91.25,90.89,91.07
2018-05-03,91.56,91.8,91.42,91.59
2018-05-04,91.81,92.04,91.5,92
2018-05-07,91.42,91.75,91.41,91.7
2018-05-08,91.74,91.88,91.45,91.64
2018-05-09,91.14,91.27,91.05,91.15
2018-05-10,91.18,91.48,91.18,91.41
2018-05-11,91.51,91.62,91.38,91.38
2018-05-14,91.32,91.4,91.16,91.17
2018-05-15,90.82,90.9,90.54,90.65
2018-05-16,90.77,90.88,90.57,90.65
2018-05-17,90.38,90.41,90.21,90.29
2018-05-18,90.13,90.41,90.08,90.28
2018-05-21,89.89,90.15,89.82,90.05
2018-05-22,90.21,90.25,90.03,90.17
2018-05-23,91.13,91.18,90.64,90.91
2018-05-24,91.22,91.79,91.13,91.51
2018-05-25,91.42,91.65,91.26,91.37
2018-05-29,91.79,92.5,91.65,91.99
2018-05-30,91.77,91.95,91.68,91.86
2018-05-31,91.87,92.26,91.81,91.9
2018-06-01,91.38,91.4,91.13,91.29
2018-06-04,91.36,91.43,91,91.08
2018-06-05,91.11,91.35,90.99,91.06
2018-06-06,90.73,91,90.69,90.77
2018-06-07,90.89,91.33,90.85,91.16
2018-06-08,91.39,91.47,91.17,91.21
2018-06-11,90.94,91.04,90.81,90.88
2018-06-12,90.67,90.79,90.51,90.6
2018-06-13,90.45,90.69,90.21,90.61
2018-06-14,90.83,90.87,90.34,90.38
2018-06-15,90.33,90.57,90.32,90.35
2018-06-18,90.53,90.6,90.42,90.45
2018-06-19,91,91.15,90.82,90.84
2018-06-20,90.89,90.95,90.54,90.62
2018-06-21,90.47,91.04,90.42,90.94
2018-06-22,90.76,91.07,90.75,90.88
2018-06-25,91.25,91.43,90.87,91.1
2018-06-26,91.27,91.28,90.72,90.89
2018-06-27,90.76,90.79,90.51,90.72
2018-06-28,90.73,90.86,90.35,90.5
2018-06-29,90.37,90.41,90.1,90.1
2018-07-02,90.29,90.36,90.15,90.2
2018-07-03,90.23,90.49,90.22,90.46
2018-07-05,90.36,90.47,90.32,90.35
2018-07-06,90.39,90.6,90.34,90.53
2018-07-09,90.54,90.56,90.17,90.24
2018-07-10,89.89,90.21,89.82,90.11
2018-07-11,89.91,90.1,89.15,89.3
2018-07-12,88.88,88.99,88.82,88.85
2018-07-13,88.78,89.08,88.78,88.98
2018-07-16,89.03,89.11,88.94,89.08
2018-07-17,88.8,88.83,88.55,88.59
2018-07-18,88.53,88.73,88.52,88.62
2018-07-19,88.53,89.23,88.33,88.95
2018-07-20,89.07,89.79,89.05,89.7
2018-07-23,90.01,90.02,89.65,89.82
2018-07-24,90.04,90.13,89.82,89.94
2018-07-25,90.05,90.36,89.99,90.09
2018-07-26,90.2,90.23,89.88,89.9
2018-07-27,89.95,90.27,89.88,90.05
2018-07-30,90.02,90.16,89.98,90.05
2018-07-31,89.68,89.76,89.32,89.42
2018-08-01,89.37,89.77,89.28,89.52
2018-08-02,89.73,89.83,89.51,89.56
2018-08-03,89.64,90.01,89.59,89.88
2018-08-06,89.71,89.82,89.66,89.76
2018-08-07,89.99,90.11,89.7,89.78
2018-08-08,89.99,90.18,89.94,90.12
2018-08-09,89.98,90.21,89.96,90.02
2018-08-10,90.15,90.55,89.99,90.19
2018-08-13,90.44,90.5,90.14,90.35
2018-08-14,90.2,90.29,89.84,89.94
2018-08-15,90.07,90.56,90.04,90.32
2018-08-16,90.23,90.46,90,90.2
2018-08-17,90.51,90.65,90.37,90.56
2018-08-20,90.43,90.93,90.43,90.84
2018-08-21,90.64,90.78,90.46,90.69
2018-08-22,90.68,90.72,90.4,90.45
2018-08-23,90.23,90.28,89.81,89.84
2018-08-24,89.83,90.01,89.72,89.9
2018-08-27,90.08,90.13,89.99,90.03
2018-08-28,90.06,90.13,89.89,89.95
2018-08-29,89.85,89.9,89.42,89.55
2018-08-30,89.74,90.13,89.71,90.05
2018-08-31,90.27,90.34,89.98,90.19
2018-09-04,89.89,89.97,89.66,89.76
2018-09-05,89.61,89.74,89.48,89.69
2018-09-06,89.85,90.49,89.81,90.34
2018-09-07,90.22,90.3,89.89,90.09
2018-09-10,90.01,90.07,89.89,89.99
2018-09-11,89.79,89.86,89.57,89.6
2018-09-12,89.7,90,89.69,89.88
2018-09-13,89.63,89.79,89.29,89.35
2018-09-14,89.4,89.46,89.15,89.24
2018-09-17,89.26,89.48,89.2,89.39
2018-09-18,89.19,89.26,88.95,88.99
2018-09-19,89.05,89.16,88.98,89.08
2018-09-20,89.15,89.25,88.82,88.89
2018-09-21,88.73,88.88,88.67,88.83
2018-09-24,88.82,88.94,88.62,88.68
2018-09-25,88.65,88.7,88.47,88.55
2018-09-26,88.5,88.81,88.39,88.74
2018-09-27,88.61,88.63,88.13,88.19
2018-09-28,88.21,88.24,87.94,87.96
2018-10-01,87.75,87.81,87.63,87.74
2018-10-02,87.85,88.08,87.8,88
2018-10-03,87.84,87.87,87.28,87.35
2018-10-04,87.56,88,87.56,87.78
2018-10-05,87.8,88.06,87.66,87.93
2018-10-08,88.21,88.64,88.17,88.35
2018-10-09,88.4,88.6,88.24,88.5
2018-10-10,88.35,89.19,88.28,89.18
2018-10-11,89.05,89.42,88.86,89.19
2018-10-12,89.05,89.39,88.99,89.11
2018-10-15,89.39,89.55,89.34,89.46
2018-10-16,89.26,89.27,89.02,89.07
2018-10-17,89.06,89.28,88.71,88.75
2018-10-18,88.91,89.33,88.8,89.12
2018-10-19,88.9,89,88.77,88.85
2018-10-22,88.64,88.77,88.58,88.64
2018-10-23,89.07,89.33,88.89,88.94
2018-10-24,88.71,89.22,88.7,89.15
2018-10-25,89.02,89.09,88.75,88.96
2018-10-26,89.27,89.79,89.13,89.38
2018-10-29,88.99,89.13,88.84,88.99
2018-10-30,88.55,88.74,88.36,88.39
2018-10-31,88.42,88.65,88.2,88.54
2018-11-01,88.57,88.81,88.56,88.74
2018-11-02,88.58,88.68,88.25,88.34
2018-11-05,88.24,88.44,88.24,88.35
2018-11-06,88.36,88.41,88.1,88.17
2018-11-07,88.38,88.39,88.02,88.08
2018-11-08,87.97,88.03,87.63,87.67
2018-11-09,87.83,87.99,87.66,87.87
2018-11-12,87.83,87.99,87.8,87.87
2018-11-13,87.76,87.93,87.69,87.86
2018-11-14,87.82,88.27,87.71,88.04
2018-11-15,88.17,88.42,87.93,88.05
2018-11-16,88.34,88.79,88.34,88.79
2018-11-19,88.66,88.96,88.59,88.86
2018-11-20,89.01,89.08,88.62,88.7
2018-11-21,88.45,88.6,88.4,88.47
2018-11-23,88.62,88.77,88.59,88.61
2018-11-26,88.32,88.33,87.99,88.05
2018-11-27,88.04,88.1,87.84,87.9
2018-11-28,87.86,88.15,87.69,87.99
2018-11-29,88.28,88.35,88.03,88.17
2018-11-30,88.08,88.15,87.94,88.06
2018-12-03,88.07,88.15,87.94,88
2018-12-04,88.66,88.84,88.45,88.67
2018-12-06,88.66,89.1,88.63,88.73
2018-12-07,88.61,88.85,88.57,88.7
2018-12-10,88.74,88.74,88.21,88.27
2018-12-11,88.37,88.41,88.13,88.19
2018-12-12,88.2,88.39,88.16,88.27
2018-12-13,88.12,88.15,87.94,88.01
2018-12-14,88.06,88.33,87.97,88.18
2018-12-17,88.29,88.75,88.29,88.63
2018-12-18,88.96,89.02,88.79,88.88
2018-12-19,89,89.22,88.76,88.93
2018-12-20,89.45,90.24,89.45,89.86
2018-12-21,89.9,90.28,89.73,90.28
2018-12-24,90.12,90.69,90.11,90.65
2018-12-26,90.39,90.69,89.74,89.86
2018-12-27,90.22,90.54,90,90.16
2018-12-28,90.64,90.79,90.24,90.6
2018-12-31,91.01,91.28,90.86,91.2
2019-01-02,91.63,91.91,91.36,91.88
2019-01-03,92.88,93.36,92.33,92.86
2019-01-04,92.59,92.6,92.09,92.15
2019-01-07,92.37,92.41,91.95,92
2019-01-08,91.94,92.21,91.78,91.97
2019-01-09,91.84,92.62,91.84,92.46
2019-01-10,92.53,92.67,92.15,92.23
2019-01-11,92.31,92.47,92.07,92.21
2019-01-14,92.51,92.55,92.29,92.46
2019-01-15,92.16,92.31,91.94,91.98
2019-01-16,91.87,92.02,91.58,91.69
2019-01-17,91.96,92.01,91.41,91.54
2019-01-18,91.43,91.46,91,91.09
2019-01-22,91.39,91.62,91.34,91.44
2019-01-23,91.2,91.42,90.91,91.25
2019-01-24,91.11,91.4,91.1,91.22
2019-01-25,91.01,91.37,90.95,91.28
2019-01-28,91.34,91.61,91.33,91.47
2019-01-29,91.35,91.52,91.29,91.45
2019-01-30,91.39,91.9,91.12,91.74
2019-01-31,92.04,92.17,91.77,91.88
2019-02-01,91.82,91.85,91.25,91.3
2019-02-04,91.01,91.05,90.77,91.01
2019-02-05,90.94,91.08,90.91,90.96
2019-02-06,91.12,91.2,90.87,90.92
2019-02-07,91.19,91.24,91.01,91.07
2019-02-08,91.11,91.27,91.01,91.18
2019-02-11,90.73,90.75,90.52,90.61
2019-02-12,90.58,90.62,90.46,90.55
2019-02-13,90.31,90.34,90.04,90.11
2019-02-14,90.06,90.57,90.03,90.51
2019-02-15,90.48,90.6,90.38,90.46
2019-02-19,90.28,90.51,90.27,90.41
2019-02-20,90.29,90.4,90.16,90.24
2019-02-21,90.33,90.44,90.22,90.34
2019-02-22,90.2,90.46,90.18,90.39
2019-02-25,90.31,90.31,89.9,90.07
2019-02-26,90.19,90.6,90.18,90.44
2019-02-27,90.45,90.47,90.03,90.12
2019-02-28,90.24,90.3,89.69,89.78
2019-03-01,89.41,89.57,89.22,89.4
2019-03-04,89.33,89.58,89.29,89.49
2019-03-05,89.35,89.45,89.18,89.4
2019-03-06,89.44,89.6,89.41,89.49
2019-03-07,89.5,89.7,89.4,89.62
2019-03-08,89.98,90.26,89.8,89.81
2019-03-11,89.96,90.07,89.86,89.92
2019-03-12,89.87,90.01,89.77,89.84
2019-03-13,89.77,90.09,89.71,89.92
2019-03-14,89.61,89.68,89.41,89.55
2019-03-15,89.53,89.81,89.5,89.71
2019-03-18,89.67,89.86,89.61,89.74
2019-03-19,89.87,89.92,89.71,89.79
2019-03-20,89.67,90.47,89.65,90.35
2019-03-21,90.51,90.6,90.12,90.23
2019-03-22,90.64,91.15,90.63,90.85
2019-03-25,90.78,91.12,90.77,90.94
2019-03-26,90.57,90.62,90.34,90.39
2019-03-27,90.56,90.67,90.44,90.52
2019-03-28,90.62,90.65,90.23,90.38
2019-03-29,90.29,90.39,90.13,90.17
2019-04-01,90.1,90.24,89.71,89.79
2019-04-02,89.8,89.89,89.73,89.82
2019-04-03,89.7,89.83,89.65,89.71
2019-04-04,89.76,89.77,89.53,89.59
2019-04-05,89.52,89.62,89.43,89.51
2019-04-08,89.73,89.87,89.66,89.68
2019-04-09,89.8,90.11,89.8,89.97
2019-04-10,89.96,90.22,89.86,90.11
2019-04-11,89.94,89.94,89.52,89.56
2019-04-12,89.3,89.4,89.21,89.26
2019-04-15,89.31,89.33,89.23,89.26
2019-04-16,89.34,89.37,89.25,89.28
2019-04-17,89.3,89.36,89.18,89.25
2019-04-18,89.37,89.42,89.26,89.31
2019-04-22,89.34,89.39,89.32,89.33
2019-04-23,89.36,89.48,89.26,89.39
2019-04-24,89.43,89.54,88.96,89.19
2019-04-25,89.37,89.78,89.36,89.59
2019-04-26,89.47,89.8,89.27,89.61
2019-04-29,89.5,89.61,89.37,89.56
2019-04-30,89.87,89.92,89.69,89.75
2019-05-01,89.85,90.05,89.6,89.76
2019-05-02,89.68,89.79,89.61,89.68
2019-05-03,89.67,90.07,89.53,89.88
2019-05-06,90.23,90.47,90.12,90.37
2019-05-07,90.42,90.78,90.36,90.72
2019-05-08,90.84,90.92,90.69,90.83
2019-05-09,91.06,91.35,90.99,91.11
2019-05-10,91.12,91.35,90.84,91.19
2019-05-13,91.22,91.73,91.21,91.52
2019-05-14,91.22,91.37,91.15,91.23
2019-05-15,91.46,91.62,91.16,91.27
2019-05-16,91.18,91.25,90.94,91.03
2019-05-17,91.27,91.33,90.74,90.9
2019-05-20,91.01,91.07,90.8,90.85
2019-05-21,90.56,90.58,90.35,90.5
2019-05-22,90.6,90.72,90.55,90.64
2019-05-23,90.83,91.36,90.82,91.23
2019-05-24,91.22,91.54,90.89,91.48
2019-05-28,91.39,91.47,91.23,91.44
2019-05-29,91.47,91.58,91.16,91.27
2019-05-30,91.15,91.35,90.97,91.26
2019-05-31,91.93,92.39,91.82,92.26
2019-06-03,92.28,92.69,92.21,92.54
2019-06-04,92.51,92.6,92.28,92.47
2019-06-05,92.31,92.76,92.17,92.21
2019-06-06,92.43,92.57,92.11,92.28
2019-06-07,92.19,92.72,92.16,92.43
2019-06-10,92.02,92.31,92.02,92.22
2019-06-11,91.97,92.23,91.91,92.14
2019-06-12,92.3,92.37,92.12,92.17
2019-06-13,92.24,92.38,92.14,92.27
2019-06-14,92.42,92.43,92.09,92.12
2019-06-17,92,92.16,92,92.12
2019-06-18,92.41,92.54,92,92.2
2019-06-19,92.24,92.68,92.17,92.54
2019-06-20,92.85,93.27,92.8,93.22
2019-06-21,93.04,93.4,92.82,93.19
2019-06-24,93.18,93.24,93,93.21
2019-06-25,93.38,93.61,93.11,93.3
2019-06-26,92.81,92.95,92.72,92.81
2019-06-27,92.73,92.88,92.63,92.76
2019-06-28,92.82,93.08,92.64,92.68
2019-07-01,92.34,92.39,92.17,92.21
2019-07-02,92.36,92.8,92.34,92.66
2019-07-03,92.88,92.95,92.69,92.71
2019-07-05,92.47,92.55,91.89,92.2
2019-07-08,92.11,92.16,91.91,91.98
2019-07-09,91.89,91.98,91.8,91.86
2019-07-10,91.79,92.3,91.78,92.23
2019-07-11,92.51,92.57,92.14,92.18
2019-07-12,92.35,92.78,92.29,92.78
2019-07-15,92.63,92.74,92.6,92.68
2019-07-16,92.62,92.67,92.27,92.39
2019-07-17,92.37,92.65,92.32,92.64
2019-07-18,92.77,93.27,92.58,93.2
2019-07-19,92.89,93.11,92.59,92.84
2019-07-22,92.64,92.79,92.59,92.71
2019-07-23,92.49,92.57,92.33,92.41
2019-07-24,92.54,92.64,92.38,92.47
2019-07-25,92.48,92.53,91.95,92.04
2019-07-26,92.02,92.19,91.89,92.19
2019-07-29,92.05,92.06,91.83,91.93
2019-07-30,92.16,92.21,91.99,92.07
2019-07-31,92.11,92.17,91.75,91.95
2019-08-01,91.8,93.27,91.8,93.21
2019-08-02,93.6,93.89,93.21,93.82
2019-08-05,94.26,94.45,94.13,94.38
2019-08-06,93.85,94.12,93.78,93.96
2019-08-07,94.45,94.79,94.06,94.11
2019-08-08,94.35,94.56,94.12,94.53
2019-08-09,94.54,94.99,94.47,94.79
2019-08-12,95.11,95.14,94.85,94.97
2019-08-13,95.05,95.1,93.48,93.68
2019-08-14,94.46,94.65,94.24,94.46
2019-08-15,94.24,94.52,94.03,94.24
2019-08-16,94.08,94.25,93.96,94.01
2019-08-19,93.8,93.94,93.75,93.8
2019-08-20,94.04,94.19,93.93,94.13
2019-08-21,93.9,94.03,93.76,93.82
2019-08-22,93.83,94.06,93.78,93.96
2019-08-23,93.69,95.4,93.69,94.87
2019-08-26,94.44,94.5,93.98,94.26
2019-08-27,94.56,94.65,94.28,94.58
2019-08-28,94.59,94.65,94.14,94.3
2019-08-29,94.11,94.18,93.73,93.9
2019-08-30,94.05,94.29,93.96,94.1
2019-09-03,94.25,94.58,94.06,94.4
2019-09-04,94.14,94.23,93.91,94.01
2019-09-05,93.77,93.8,93.26,93.53
2019-09-06,93.44,93.8,92.99,92.99
2019-09-09,93.49,93.52,93.22,93.24
2019-09-10,93.14,93.29,92.95,93
2019-09-11,92.83,92.91,92.71,92.76
2019-09-12,92.81,93.01,92.43,92.51
2019-09-13,92.62,92.66,92.44,92.66
2019-09-16,92.77,92.79,92.42,92.47
2019-09-17,92.48,92.57,92.29,92.48
2019-09-18,92.45,92.54,92.18,92.23
2019-09-19,92.63,92.74,92.52,92.6
2019-09-20,92.64,93.01,92.57,92.97
2019-09-23,93.06,93.16,92.95,92.98
2019-09-24,92.86,93.5,92.84,93.43
2019-09-25,93.11,93.11,92.69,92.8
2019-09-26,92.88,93.09,92.63,92.74
2019-09-27,92.51,92.77,92.44,92.66
2019-09-30,92.63,92.66,92.44,92.49
2019-10-01,92.29,92.91,92.21,92.82
2019-10-02,93,93.42,92.94,93.3
2019-10-03,93.54,93.91,93.35,93.54
2019-10-04,93.7,93.82,93.25,93.51
2019-10-07,93.6,93.63,93.05,93.22
2019-10-08,93.56,93.61,93.2,93.4
2019-10-09,93.11,93.19,92.91,93.05
2019-10-10,93.06,93.12,92.58,92.63
2019-10-11,92.2,92.39,92.04,92.35
2019-10-14,92.39,92.41,92.2,92.25
2019-10-15,92.31,92.34,91.82,91.86
2019-10-16,91.96,92.1,91.85,91.96
2019-10-17,91.97,92.19,91.93,92.05
2019-10-18,92.09,92.3,92.09,92.23
2019-10-21,92.12,92.21,92.04,92.07
2019-10-22,92.08,92.22,92.06,92.19
2019-10-23,92.2,92.22,91.96,92.02
2019-10-24,92.05,92.17,92.03,92.08
2019-10-25,92.11,92.16,91.93,92.03
2019-10-28,91.97,91.99,91.71,91.78
2019-10-29,91.82,91.95,91.76,91.85
2019-10-30,91.87,91.98,91.5,91.89
2019-10-31,92.43,92.65,92.31,92.55
2019-11-01,92.62,92.67,92.31,92.43
2019-11-04,92.23,92.28,92.03,92.11
2019-11-05,91.86,91.9,91.54,91.62
2019-11-06,91.73,91.9,91.63,91.78
2019-11-07,91.64,91.67,91.33,91.48
2019-11-08,91.43,91.73,91.39,91.55
2019-11-11,91.8,91.81,91.65,91.71
2019-11-12,91.6,91.81,91.54,91.75
2019-11-13,91.88,92.04,91.82,91.92
2019-11-14,92.05,92.38,92,92.25
2019-11-15,91.98,92.06,91.86,91.87
2019-11-18,91.71,92.16,91.71,92.01
2019-11-19,91.95,92.21,91.93,92.12
2019-11-20,92.19,92.24,91.96,92.13
2019-11-21,92.12,92.16,92,92.06
2019-11-22,92.11,92.16,91.97,92.06
2019-11-25,91.84,91.9,91.76,91.8
2019-11-26,91.76,91.81,91.62,91.72
2019-11-27,91.62,91.63,91.23,91.3
2019-11-29,91.25,91.42,91.18,91.35
2019-12-02,91.29,91.81,91.23,91.76
2019-12-03,91.94,92.21,91.93,92.06
2019-12-04,92.02,92.12,91.77,91.86
2019-12-05,91.85,92.04,91.81,91.95
2019-12-06,92.11,92.14,91.81,92.09
2019-12-09,92.21,92.23,92.01,92.09
2019-12-10,92.11,92.14,91.94,91.94
2019-12-11,91.96,92.19,91.94,92.12
2019-12-12,92.04,92.12,91.3,91.3
2019-12-13,91.31,91.57,91.22,91.44
2019-12-16,91.39,91.41,91.17,91.28
2019-12-17,91.26,91.38,91.22,91.33
2019-12-18,91.26,91.33,91.22,91.26
2019-12-19,91.33,91.6,91.31,91.45
2019-12-20,91.49,91.5,91.3,91.46
2019-12-23,91.38,91.47,91.38,91.41
2019-12-24,91.4,91.47,91.39,91.42
2019-12-26,91.25,91.3,91.17,91.26
2019-12-27,91.32,91.42,91.25,91.35
2019-12-30,91.6,91.94,91.55,91.84
2019-12-31,92.14,92.19,91.95,92.02
2020-01-02,91.92,92.41,91.92,92.12
2020-01-03,92.52,92.73,92.36,92.52
2020-01-06,92.46,92.53,92.16,92.29
2020-01-07,92.23,92.32,92.06,92.18
2020-01-08,91.95,92.07,91.53,91.67
2020-01-09,91.45,91.45,91.26,91.31
2020-01-10,91.22,91.39,91.14,91.38
2020-01-13,91,91.08,90.92,90.97
2020-01-14,90.86,91.03,90.82,90.91
2020-01-15,91.02,91.08,90.91,91.02
2020-01-16,90.94,90.97,90.72,90.76
2020-01-17,90.83,90.87,90.73,90.78
2020-01-21,90.87,91.11,90.81,91.02
2020-01-22,90.93,91.08,90.91,91.02
2020-01-23,91.24,91.52,91.23,91.34
2020-01-24,91.23,91.6,91.22,91.48
2020-01-27,91.78,91.87,91.67,91.84
2020-01-28,91.69,91.8,91.57,91.62
2020-01-29,91.65,91.77,91.53,91.69
2020-01-30,91.93,92.1,91.74,91.79
2020-01-31,91.77,92.35,91.77,92.3
2020-02-03,92.16,92.18,91.91,92.02
2020-02-04,91.63,91.69,91.26,91.31
2020-02-05,91.17,91.2,91.03,91.07
2020-02-06,91.03,91.07,90.87,90.89
2020-02-07,91.01,91.3,90.92,91.1
2020-02-10,91.12,91.23,91.05,91.11
2020-02-11,91.04,91.14,90.94,91.08
2020-02-12,90.95,90.95,90.81,90.84
2020-02-13,91.14,91.2,91.02,91.07
2020-02-14,91.03,91.17,91.01,91.11
2020-02-18,91.1,91.13,90.95,91.01
2020-02-19,90.51,90.52,89.61,89.81
2020-02-20,89.31,89.52,89.11,89.23
2020-02-21,89.29,89.71,89.28,89.64
2020-02-24,89.82,90.64,89.76,90.35
2020-02-25,90.36,91,90.36,90.77
2020-02-26,90.52,90.79,90.33,90.58
2020-02-27,91.02,91.33,90.63,91.33
2020-02-28,92.02,93.01,91.96,92.5
2020-03-02,92.77,93.11,92.19,92.3
2020-03-03,92.82,93.51,92.63,93.35
2020-03-04,92.99,93.33,92.95,93
2020-03-05,93.53,94.37,93.5,94.21
2020-03-06,95.08,95.23,94.59,94.89
2020-03-09,97.77,98.83,97.39,97.75
2020-03-10,95.54,96.88,94.41,94.76
2020-03-11,95.47,95.94,95.12,95.8
2020-03-12,96.41,96.61,94.25,95.49
2020-03-13,93.55,93.73,92.16,92.43
2020-03-16,94.59,95.11,93.92,94.4
2020-03-17,93.68,93.71,92.71,92.86
2020-03-18,93.23,93.23,92.04,92.65
2020-03-19,90.99,91.3,90.13,90.28
2020-03-20,90.82,90.98,89.11,90.07
2020-03-23,90.25,91.06,89.59,89.96
2020-03-24,90.21,90.41,89.51,89.79
2020-03-25,89.88,90.02,89.54,89.92
2020-03-26,91.13,91.57,90.84,91.23
2020-03-27,91.89,93.07,91.83,92.65
2020-03-30,92.61,92.9,92.34,92.77
2020-03-31,92.11,93.06,91.99,92.96
2020-04-01,93,93.53,92.93,93.35
2020-04-02,93.17,93.44,92.51,92.73
2020-04-03,92.16,92.43,92.02,92.22
2020-04-06,91.8,91.87,91.53,91.55
2020-04-07,91.77,92,91.68,91.94
2020-04-08,91.83,92.09,91.66,91.87
2020-04-09,91.84,92.41,91.82,92.19
2020-04-13,92.71,93.03,92.61,92.8
2020-04-14,93.19,93.47,93.07,93.3
2020-04-15,93.13,93.24,92.7,93.07
2020-04-16,92.86,93.31,92.62,92.68
2020-04-17,92.85,93.2,92.82,93
2020-04-20,92.77,92.96,92.71,92.93
2020-04-21,93.1,93.14,92.68,92.82
2020-04-22,92.93,92.93,92.65,92.79
2020-04-23,92.99,93.16,92.55,92.92
2020-04-24,92.94,93.14,92.88,93.01
2020-04-27,93.38,93.47,93.15,93.23
2020-04-28,93.76,93.84,93.48,93.58
2020-04-29,93.91,93.92,93.67,93.76
2020-04-30,93.87,93.95,93.02,93.3
2020-05-01,93.73,93.8,93.4,93.53
2020-05-04,93.63,93.78,93.4,93.68
2020-05-05,93.69,93.98,93.68,93.83
2020-05-06,94.24,94.35,94.16,94.3
2020-05-07,93.81,94.15,93.76,94.07
2020-05-08,94.02,94.09,93.66,93.74
2020-05-11,93.19,93.25,92.76,92.9
2020-05-12,93.17,93.36,93.07,93.34
2020-05-13,93.5,93.68,93.33,93.44
2020-05-14,93.4,93.59,93.14,93.23
2020-05-15,93.46,93.58,93.13,93.43
2020-05-18,93.22,93.28,93.01,93.17
2020-05-19,92.81,92.89,92.52,92.88
2020-05-20,92.94,93.17,92.85,92.99
2020-05-21,92.85,92.98,92.74,92.9
2020-05-22,93.02,93.06,92.89,92.9
2020-05-26,93.05,93.11,92.86,92.95
2020-05-27,92.76,92.9,92.63,92.83
2020-05-28,92.81,92.96,92.75,92.91
2020-05-29,93.33,93.38,92.68,92.75
2020-06-01,92.82,93,92.8,92.93
2020-06-02,92.67,92.68,91.94,92.02
2020-06-03,92.09,92.17,91.76,91.83
2020-06-04,91.84,92.06,91.58,91.62
2020-06-05,91.55,91.6,91.03,91.22
2020-06-08,91.39,92.4,91.39,92.25
2020-06-09,92.47,92.92,92.43,92.82
2020-06-10,93.15,93.47,93.06,93.36
2020-06-11,93.38,93.84,93.37,93.6
2020-06-12,93.15,93.27,93,93.15
2020-06-15,93.14,93.28,93.03,93.12
2020-06-16,93.17,93.27,92.92,93.18
2020-06-17,93.14,93.5,93.08,93.49
2020-06-18,93.54,93.75,93.37,93.45
2020-06-19,93.58,93.66,93.41,93.58
2020-06-22,93.51,93.64,93.49,93.54
2020-06-23,93.46,94.28,93.45,93.89
2020-06-24,93.81,93.84,93.4,93.41
2020-06-25,93.11,93.36,93.06,93.27
2020-06-26,93.46,93.54,93.14,93.28
2020-06-29,93.23,93.24,92.69,92.97
2020-06-30,92.8,93,92.6,92.62
2020-07-01,93.06,93.14,92.91,93.05
2020-07-02,93.07,93.11,92.82,92.99
2020-07-06,93,93.24,92.94,93.14
2020-07-07,92.84,93.03,92.83,92.96
2020-07-08,93.01,93.28,92.94,93.2
2020-07-09,93.21,93.38,93.14,93.26
2020-07-10,93.58,93.77,93.5,93.52
2020-07-13,93.38,93.38,93.18,93.21
2020-07-14,93.14,93.32,93.08,93.25
2020-07-15,93.56,93.76,93.48,93.51
2020-07-16,93.38,93.42,93.1,93.19
2020-07-17,93.27,93.51,93.22,93.42
2020-07-20,93.37,93.43,93.17,93.23
2020-07-21,93.25,93.73,93.24,93.63
2020-07-22,93.48,93.48,93.2,93.31
2020-07-23,93.3,93.71,93.25,93.58
2020-07-24,94.15,94.63,94.08,94.36
2020-07-27,94.96,95.14,94.81,94.87
2020-07-28,94.92,95.28,94.9,95.14
2020-07-29,95.12,95.45,95.06,95.28
2020-07-30,95.07,95.53,94.98,95.46
2020-07-31,95.33,95.38,94.29,94.49
2020-08-03,94.18,94.42,93.92,94.33
2020-08-04,94.23,94.67,94.16,94.62
2020-08-05,94.58,94.95,94.52,94.71
2020-08-06,94.87,94.97,94.65,94.83
2020-08-07,94.67,94.74,94.29,94.42
2020-08-10,94.22,94.6,94.22,94.4
2020-08-11,94.31,94.4,93.73,93.88
2020-08-12,93.5,93.73,93.44,93.58
2020-08-13,93.48,93.69,93.41,93.52
2020-08-14,93.74,93.96,93.73,93.87
2020-08-17,94.09,94.39,94.04,94.3
2020-08-18,94.82,94.98,94.72,94.84
2020-08-19,95,95.01,94.21,94.22
2020-08-20,94.45,94.58,94.3,94.53
2020-08-21,94.56,94.65,94.28,94.52
2020-08-24,94.57,94.61,94.34,94.35
2020-08-25,93.97,94.12,93.83,94.01
2020-08-26,94.06,94.38,93.92,94.34
2020-08-27,94.27,94.69,93.72,93.85
2020-08-28,94.91,95.06,94.58,94.91
2020-08-31,94.4,94.53,94.25,94.41
2020-09-01,94.4407,94.5403,94.2028,94.3726
2020-09-02,94.0977,94.2445,94.069,94.209
2020-09-03,93.9324,94.3441,93.8518,94.1921
2020-09-04,94.1704,94.1886,93.8879,94.1265
2020-09-08,94.0999,94.4644,94.0867,94.3116
2020-09-09,94.185,94.2241,94.0964,94.1846
2020-09-10,94.2325,94.353,94.1296,94.2099
2020-09-11,94.1943,94.2907,94.15,94.193
2020-09-14,94.3352,94.7418,94.3294,94.5984
2020-09-15,94.7602,94.9713,94.7477,94.8659
2020-09-16,95.1588,95.4167,95.1022,95.2994
2020-09-17,95.6572,95.6663,95.3743,95.4672
2020-09-18,95.8176,95.8865,95.5694,95.6343
2020-09-21,96.0726,96.1076,95.3671,95.5064
2020-09-22,95.6874,95.7167,95.171,95.2953
2020-09-23,95.1244,95.1611,94.7957,94.8992
2020-09-24,94.8506,94.9532,94.7598,94.865
2020-09-25,94.8025,94.8227,94.6074,94.7257
2020-09-28,94.8893,94.9037,94.6342,94.7733
2020-09-29,94.6746,94.7598,94.5805,94.6414
2020-09-30,94.5886,94.874,94.5626,94.8209
2020-10-01,94.8146,94.8632,94.5805,94.758
2020-10-02,95.0801,95.1294,94.8807,95.0661
2020-10-05,94.6844,94.7553,94.5215,94.585
2020-10-06,94.688,94.8137,94.6092,94.6925
2020-10-07,94.3196,94.4733,94.2711,94.3712
2020-10-08,94.3352,94.402,94.2951,94.3129
2020-10-09,94.4153,94.7194,94.3841,94.6656
2020-10-12,94.8308,95.0254,94.8236,94.9668
2020-10-13,94.7804,94.8362,94.6656,94.7939
2020-10-14,94.9321,95.2109,94.9321,95.1348
2020-10-15,94.9965,95.0796,94.7921,94.8506
2020-10-16,95.0056,95.0299,94.8398,94.8767
2020-10-19,94.9442,94.9632,94.7935,94.8573
2020-10-20,94.6271,94.8632,94.5626,94.802
2020-10-21,95.368,95.8451,95.3507,95.6343
2020-10-22,95.5447,95.6434,95.3016,95.3671
2020-10-23,95.4399,95.616,95.3443,95.4563
2020-10-26,95.3216,95.4007,95.1882,95.3698
2020-10-27,95.5795,95.7992,95.5347,95.7488
2020-10-28,95.88,95.961,95.7368,95.8672
2020-10-29,95.9384,95.9463,95.4836,95.5749
2020-10-30,95.7423,95.813,95.4754,95.5429
2020-11-02,95.5384,95.5749,95.3548,95.4335
2020-11-03,95.5343,95.7579,95.464,95.6837
2020-11-04,95.8084,95.9233,95.5813,95.6805
2020-11-05,96.3345,96.6721,96.2927,96.6286
2020-11-06,96.7586,96.9039,96.4185,96.7633
2020-11-09,95.2685,95.4836,94.6548,94.9257
2020-11-10,94.9853,95.0769,94.8425,94.983
2020-11-11,94.7948,94.9037,94.6284,94.838
2020-11-12,94.9352,95.1746,94.8857,95.114
2020-11-13,95.3562,95.6709,95.3171,95.5749
2020-11-16,95.3302,95.7029,95.2154,95.6151
2020-11-17,95.9403,96.0892,95.9233,95.9734
2020-11-18,96.2297,96.4785,96.1446,96.3521
2020-11-19,96.1349,96.4041,96.0638,96.38
2020-11-20,96.3345,96.4297,96.2557,96.302
2020-11-23,96.4144,96.4413,95.5657,95.6791
2020-11-24,95.8286,95.8359,95.4554,95.7405
2020-11-25,95.7831,95.9233,95.7112,95.7167
2020-11-27,96.0121,96.1862,95.9601,96.1187
2020-11-30,96.0329,96.0892,95.7744,95.8708
2020-12-01,95.7955,95.8865,95.6224,95.8557
2020-12-02,95.5507,95.785,95.5429,95.768
2020-12-03,96.0739,96.4599,96.0338,96.2742
2020-12-04,96.1631,96.3164,95.9292,96.0015
2020-12-07,96.0034,96.2325,95.9882,96.1007
2020-12-08,96.0191,96.1289,95.9601,95.9942
2020-12-09,96.043,96.0762,95.7763,95.9536
2020-12-10,95.7428,95.9969,95.7304,95.9058
2020-12-11,96.0435,96.3159,96.0117,96.1354
2020-12-14,96.4181,96.609,96.0606,96.1266
2020-12-15,96.2297,96.5204,96.208,96.4604
2020-12-16,96.8096,96.8148,96.2306,96.6585
2020-12-17,97.0747,97.2053,96.9246,96.9697
2020-12-18,96.8335,96.8772,96.6394,96.7961
2020-12-21,96.5363,96.8195,96.5032,96.7825
2020-12-22,96.7399,96.7651,96.3999,96.4892
2020-12-23,96.6454,96.7226,96.4762,96.5726
2020-12-24,96.4636,96.5158,96.367,96.4599
2020-12-28,96.5367,96.5717,96.2371,96.367
2020-12-29,96.4529,96.6604,96.3804,96.5493
2020-12-30,97.0181,97.1298,96.7516,96.9227
2020-12-31,97.0243,97.0921,96.7961,96.8748
2021-01-04,97.1699,97.1912,96.8523,96.9782
2021-01-05,97.1874,97.4607,97.1345,97.3364
2021-01-06,97.1543,97.1869,96.6651,97.0497
2021-01-07,96.5158,96.5997,96.1927,96.3322
2021-01-08,96.2918,96.5204,96.0892,96.214
2021-01-11,95.9873,96.0855,95.7877,95.9256
2021-01-12,95.9426,96.4181,95.847,96.3484
2021-01-13,96.2696,96.3874,96.1742,96.2547
2021-01-14,96.0799,96.5568,96.0061,96.3363
2021-01-15,96.4209,96.4925,96.2279,96.2649
2021-01-19,96.1631,96.3113,96.1076,96.2557
2021-01-20,96.3145,96.6697,96.2974,96.5792
2021-01-21,96.6637,96.7445,96.4716,96.6137
2021-01-22,96.3786,96.4041,96.2557,96.3809
2021-01-25,96.367,96.4367,96.2112,96.3814
2021-01-26,96.4041,96.5717,96.3925,96.5111
2021-01-27,96.296,96.2974,95.9647,96.0407
2021-01-28,95.8176,95.9969,95.729,95.9072
2021-01-29,95.5502,95.7029,95.373,95.4882
2021-02-01,95.3003,95.3562,95.2055,95.2839
2021-02-02,95.1923,95.2862,95.0805,95.2481
2021-02-03,95.1855,95.2653,95.1493,95.2213
2021-02-04,95.0101,95.048,94.7239,94.7414
2021-02-05,94.6235,94.9397,94.5448,94.9037
2021-02-08,94.7382,95.1022,94.692,95.0241
2021-02-09,95.5831,95.6933,95.5073,95.59
2021-02-10,95.439,95.6526,95.4189,95.6069
2021-02-11,95.5055,95.5749,95.4107,95.4572
2021-02-12,95.2544,95.3289,95.1203,95.3062
2021-02-16,94.7598,94.7643,94.2845,94.3156
2021-02-17,94.3178,94.5403,94.15,94.4461
2021-02-18,94.5993,94.7015,94.4474,94.6141
2021-02-19,94.9965,95.0254,94.6342,94.8137
2021-02-22,94.7427,95.2744,94.7396,95.143
2021-02-23,94.9451,95.1882,94.8501,95.0047
2021-02-24,94.4439,94.4956,94.2418,94.4399
2021-02-25,94.193,94.3316,93.9836,94.1531
2021-02-26,94.1194,94.1402,93.7269,93.8218
2021-03-01,93.6733,93.8835,93.5537,93.6391
2021-03-02,93.5642,93.7471,93.5016,93.7374
2021-03-03,93.5449,93.6295,93.3241,93.4737
2021-03-04,93.1185,93.1463,92.6012,92.62
2021-03-05,92.366,92.5155,92.0459,92.2509
2021-03-08,92.0048,92.1133,91.7768,91.8147
2021-03-09,91.8582,92.2424,91.7663,92.1642
2021-03-10,91.9371,92.3105,91.9287,92.2416
2021-03-11,92.1583,92.2892,91.954,92.1434
2021-03-12,91.7739,91.8915,91.6221,91.7305
2021-03-15,91.6003,91.7196,91.529,91.6246
2021-03-16,91.6985,91.9371,91.6674,91.7465
2021-03-17,91.5877,91.9595,91.4662,91.8396
2021-03-18,91.6893,91.8991,91.5541,91.7894
2021-03-19,91.8932,91.9371,91.7002,91.8653
2021-03-22,91.9955,92.0387,91.8274,91.875
2021-03-23,92.1447,92.1744,91.9413,92.0802
2021-03-24,92.0336,92.0726,91.7789,91.9642
2021-03-25,91.6645,91.7229,91.5441,91.5927
2021-03-26,91.1104,91.2992,91.0332,91.1806
2021-03-29,91.2147,91.245,91.0332,91.068
2021-03-30,90.6166,90.7565,90.5551,90.6224
2021-03-31,90.2943,90.5674,90.2218,90.3032
2021-04-01,90.2894,90.4609,90.2861,90.4249
2021-04-05,90.5018,90.9463,90.4724,90.7696
2021-04-06,90.6244,91.1826,90.6208,91.1112
2021-04-07,91.0473,91.245,90.9612,91.0316
2021-04-08,91.5642,91.7473,91.4771,91.555
2021-04-09,91.1494,91.2825,90.9422,91.1868
2021-04-12,91.4545,91.5231,91.3576,91.406
2021-04-13,91.4018,91.7347,91.2409,91.6893
2021-04-14,91.7831,91.8485,91.6628,91.7894
2021-04-15,91.9206,92.0683,91.8468,91.9608
2021-04-16,91.9371,91.9566,91.8299,91.8991
2021-04-19,92.4898,92.584,92.3276,92.4548
2021-04-20,92.2416,92.5695,92.1553,92.4958
2021-04-21,92.4821,92.6183,92.4253,92.5232
2021-04-22,92.5283,92.6466,92.3937,92.6406
2021-04-23,92.7825,93.0492,92.4676,92.7042
2021-04-26,92.5823,92.687,92.424,92.5202
2021-04-27,92.4001,92.4018,91.9202,91.9921
2021-04-28,91.8274,92.1107,91.7456,92.0742
2021-04-29,91.7608,91.916,91.5164,91.8278
2021-04-30,91.8105,91.8527,91.4328,91.4997
2021-05-03,91.3459,91.8358,91.3059,91.6834
2021-05-04,91.4871,91.7086,91.3826,91.4712
2021-05-05,91.4629,91.6204,91.416,91.5743
2021-05-06,91.6019,91.7473,91.4068,91.6679
2021-05-07,91.5692,92.3012,91.4997,92.0683
2021-05-10,91.9118,92.0387,91.8442,91.8704
2021-05-11,92.0861,92.2935,92.0048,92.0514
2021-05-12,91.9447,91.9879,91.1494,91.1847
2021-05-13,91.2255,91.4328,91.1656,91.386
2021-05-14,91.4829,91.5818,91.3325,91.4369
2021-05-17,91.5717,91.6674,91.4997,91.5583
2021-05-18,91.7844,91.8822,91.7263,91.8404
2021-05-19,91.5961,92.1065,91.493,91.5654
2021-05-20,91.8139,91.954,91.7179,91.9397
2021-05-21,91.8856,92.0217,91.7347,91.7431
2021-05-24,91.8021,91.9879,91.7894,91.9591
2021-05-25,91.8569,92.0048,91.6884,91.9312
2021-05-26,91.8231,91.8586,91.5927,91.6322
2021-05-27,91.5499,91.5667,90.9711,91.0631
2021-05-28,90.8711,91.1199,90.7441,91.0249
2021-06-01,91.2159,91.4587,91.1494,91.3209
2021-06-02,91.083,91.3034,91.078,91.2792
2021-06-03,91.0776,91.1037,90.6372,90.6627
2021-06-04,90.8249,91.4369,90.7935,91.32
2021-06-07,91.4921,91.5835,91.4403,91.5265
2021-06-08,91.401,91.5164,91.3125,91.3225
2021-06-09,91.416,91.5583,91.1926,91.2217
2021-06-10,91.3009,91.4888,91.078,91.4662
2021-06-11,91.2675,91.2825,91.0374,91.1951
2021-06-14,91.1129,91.1494,90.8273,90.8484
2021-06-15,90.8034,90.8909,90.7787,90.8562
2021-06-16,90.9554,91.0705,90.3175,90.371
2021-06-17,90.3236,90.7713,90.3212,90.7062
2021-06-18,90.803,90.8736,90.5108,90.7112
2021-06-21,90.8286,90.8513,90.6208,90.6659
2021-06-22,90.4781,90.4936,90.2592,90.3783
2021-06-23,90.199,90.3473,90.0252,90.1023
2021-06-24,90.2429,90.3395,90.1616,90.2071
2021-06-25,90.3098,90.5182,90.19,90.2609
2021-06-28,90.1421,90.5018,90.0698,90.4037
2021-06-29,90.4094,90.5551,90.3065,90.4855
2021-06-30,90.4773,90.4936,89.9888,90.0066
2021-07-01,89.7118,89.8069,89.5744,89.658
2021-07-02,89.7304,90.1307,89.5977,90.0374
2021-07-06,90.3751,90.4805,90.2519,90.3996
2021-07-07,90.3489,90.4936,90.2405,90.3906
2021-07-08,91.1153,91.2992,91.0167,91.117
2021-07-09,90.862,90.967,90.6947,90.8224
2021-07-12,90.735,90.8306,90.5715,90.6002
2021-07-13,90.7297,90.74,90.3751,90.3922
2021-07-14,90.5264,90.967,90.5264,90.926
2021-07-15,90.914,91.0904,90.8265,91.0378
2021-07-16,90.7457,90.8843,90.6249,90.8306
2021-07-19,91.1826,91.6884,91.1801,91.3676
2021-07-20,91.2467,91.4495,90.9455,91.0042
2021-07-21,90.8447,90.8447,90.5879,90.6643
2021-07-22,90.6857,90.9008,90.6857,90.7927
2021-07-23,90.4756,90.5879,90.4241,90.4568
2021-07-26,90.6742,90.7853,90.5596,90.5838
2021-07-27,90.8051,91.2534,90.8018,91.0904
2021-07-28,90.8455,91.039,90.6701,90.9794
2021-07-29,91.0353,91.3951,90.9827,91.3375
2021-07-30,91.1926,91.2492,91.0498,91.1702
2021-08-02,91.3167,91.5852,91.2825,91.4637
2021-08-03,91.5977,91.8569,91.5835,91.691
2021-08-04,91.7095,91.9786,91.1785,91.3467
2021-08-05,91.3851,91.3889,91.0788,91.1004
2021-08-06,91.0805,91.0871,90.6199,90.7235
2021-08-09,90.8257,90.8884,90.6166,90.6446
2021-08-10,90.5076,90.5879,90.4118,90.438
2021-08-11,90.3424,90.6544,90.3261,90.5559
2021-08-12,90.5485,90.6495,90.4568,90.5666
2021-08-13,90.7145,91.2909,90.7029,91.2284
2021-08-16,91.4194,91.6506,91.3764,91.5001
2021-08-17,91.4938,91.6003,91.1951,91.2604
2021-08-18,91.1178,91.1494,90.8533,91.0797
2021-08-19,91.2634,91.3121,91.044,91.1029
2021-08-20,91.161,91.1993,91.01,91.0871
2021-08-23,90.8001,91.1993,90.7935,91.1785
2021-08-24,91.1548,91.3993,91.1162,91.1993
2021-08-25,91.0017,91.0167,90.8018,90.9099
2021-08-26,90.8137,90.9628,90.7153,90.8438
2021-08-27,90.789,91.0954,90.6898,91.049
2021-08-30,91.0125,91.0457,90.9413,90.967
2021-08-31,91.0324,91.2534,90.8455,90.905
2021-09-01,90.6027,91.0167,90.5871,90.8785
2021-09-02,90.9112,90.9711,90.8339,90.9496
2021-09-03,90.9546,91.295,90.9331,91.1411
2021-09-07,90.8868,90.8905,90.6454,90.6799
2021-09-08,90.6627,90.7861,90.5846,90.7025
2021-09-09,91.0233,91.2284,90.9446,91.1394
2021-09-10,91.0158,91.083,90.9475,90.967
2021-09-13,90.829,91.0001,90.8232,90.9107
2021-09-14,90.8117,91.3017,90.7977,91.161
2021-09-15,91.5416,91.6506,91.3617,91.4277
2021-09-16,91.4102,91.4419,91.0498,91.1328
2021-09-17,90.9182,91.0167,90.8438,90.9711
2021-09-20,91.3025,91.4913,91.1993,91.4294
2021-09-21,91.4089,91.5885,91.3492,91.5453
2021-09-22,91.2934,91.3325,90.9902,91.083
2021-09-23,90.8893,90.967,90.6208,90.652
2021-09-24,90.4691,90.5223,90.2568,90.3057
2021-09-27,90.0657,90.2731,90.0629,90.0905
2021-09-28,89.7352,89.9038,89.5752,89.7215
2021-09-29,89.765,89.7747,89.2459,89.31
2021-09-30,89.2945,89.9038,89.2769,89.8658
2021-10-01,89.9596,90.1673,89.8957,90.0374
2021-10-04,90.0171,90.2344,89.9022,90.1469
2021-10-05,89.92,89.9847,89.6338,89.707
2021-10-06,89.7908,89.9321,89.6877,89.7561
2021-10-07,89.8053,89.8392,89.5616,89.5825
2021-10-08,89.4855,89.6821,89.0829,89.0869
2021-10-11,88.5512,88.5818,88.1718,88.243
2021-10-12,88.1881,88.2184,87.8812,88.0243
2021-10-13,88.0824,88.3143,87.8711,88.2932
2021-10-14,88.1671,88.192,87.9368,87.9705
2021-10-15,87.4699,87.7285,87.3591,87.4317
2021-10-18,87.4317,87.6225,87.4317,87.4749
2021-10-19,87.5618,87.5925,87.4126,87.4508
2021-10-20,87.4126,87.6616,87.4088,87.4791
2021-10-21,87.5887,87.9894,87.558,87.7193
2021-10-22,87.811,88.1912,87.784,88.0553
2021-10-25,87.9523,88.0359,87.7732,87.9477
2021-10-26,87.7601,87.7732,87.4783,87.6132
2021-10-27,87.974,88.1912,87.8187,87.8472
2021-10-28,88.0181,88.3002,87.9353,88.0475
2021-10-29,87.8225,87.9391,87.6447,87.7925
2021-11-01,87.5373,87.7732,87.4814,87.727
2021-11-02,87.9538,87.9894,87.7039,87.7532
2021-11-03,87.8928,87.9391,87.5526,87.707
2021-11-04,87.8596,88.1018,87.6962,87.9148
2021-11-05,87.8488,88.2651,87.6962,88.1795
2021-11-08,88.1605,88.4314,88.1601,88.3041
2021-11-09,88.4459,88.6997,88.4064,88.5822
2021-11-10,88.2885,88.3275,87.7039,87.7917
2021-11-11,87.7555,87.8681,87.6347,87.6693
2021-11-12,87.7181,87.9036,87.692,87.8156
2021-11-15,87.8079,87.8503,87.5607,87.6263
2021-11-16,87.4699,87.5319,87.0701,87.1
2021-11-17,87.1817,87.7628,87.1308,87.6194
2021-11-18,87.5833,87.5941,87.3504,87.5243
2021-11-19,87.9121,87.974,87.6578,87.7116
2021-11-22,87.6163,87.6662,86.983,87.0508
2021-11-23,86.949,87.0853,86.8138,86.8708
2021-11-24,86.8629,86.8885,86.5658,86.6251
2021-11-26,87.7116,88.4564,87.558,88.2924
2021-11-29,88.015,88.0941,87.7528,88.0654
2021-11-30,88.5336,88.8652,87.943,88.4048
2021-12-01,88.185,88.7784,88.185,88.6674
2021-12-02,88.6352,88.7075,88.3002,88.3517
2021-12-03,88.2418,88.8494,88.0204,88.6446
2021-12-06,88.3931,88.4291,88.0646,88.1209
2021-12-07,88.0894,88.1329,87.885,88.032
2021-12-08,87.904,88.0359,87.7539,87.9422
2021-12-09,88.1582,88.2846,87.9894,88.1407
2021-12-10,87.96,88.3197,87.8905,88.1951
2021-12-13,88.0231,88.2068,87.9658,88.0475
2021-12-14,88.0724,88.1617,87.9036,87.9326
2021-12-15,87.8094,87.9121,87.5174,87.6885
2021-12-16,87.5925,88.0592,87.5726,87.9624
2021-12-17,88.3088,88.3853,87.8966,87.9314
2021-12-20,88.0933,88.2402,87.926,88.0104
2021-12-21,87.943,87.9774,87.5503,87.6524
2021-12-22,87.5465,87.6655,87.4279,87.6305
2021-12-23,87.4424,87.5274,87.3591,87.4118
2021-12-27,87.1672,87.1961,87.0201,87.0515
2021-12-28,87.0595,87.1916,87.0443,87.0928
2021-12-29,86.9966,87.2071,86.9422,86.9887
2021-12-30,86.9308,86.9338,86.8018,86.9029
2021-12-31,86.8482,86.9467,86.8365,86.8493
2022-01-03,86.9059,86.9962,86.6776,86.7047
2022-01-04,85.9771,86.2441,85.9476,86.1167
2022-01-05,86.3558,86.4528,86.0659,86.1186
2022-01-06,86.3446,86.4865,86.2418,86.3155
2022-01-07,86.3144,86.5692,86.2589,86.4865
2022-01-10,86.775,86.9202,86.6101,86.8131
2022-01-11,86.5827,86.7528,86.4446,86.734
2022-01-12,86.6341,87.4317,86.6142,87.2033
2022-01-13,87.4474,87.7231,87.4202,87.5887
2022-01-14,87.9449,88.1181,87.512,87.5618
2022-01-18,87.2372,87.3706,87.1604,87.2418
2022-01-19,87.3019,87.558,87.2981,87.4653
2022-01-20,87.5289,87.747,87.512,87.6117
2022-01-21,87.9028,88.0243,87.8326,87.9817
2022-01-24,87.8661,87.9894,87.7155,87.7401
2022-01-25,87.6831,87.8966,87.6655,87.8144
2022-01-26,87.5753,87.5825,87.187,87.209
2022-01-27,86.7152,86.835,86.5876,86.71
2022-01-28,86.4708,86.8629,86.4528,86.7717
2022-01-31,86.6198,87.014,86.5876,86.8614
2022-02-01,87.2007,87.2372,87.039,87.2182
2022-02-02,87.5335,87.5964,87.3477,87.3977
2022-02-03,87.0799,87.1612,86.9641,86.9807
2022-02-04,87.0231,87.0595,86.6326,86.7686
2022-02-07,86.9807,87.0208,86.8221,86.8772
2022-02-08,86.675,86.6814,86.4827,86.5389
2022-02-09,86.6236,86.6776,86.5276,86.549
2022-02-10,86.3703,86.408,85.9572,86.198
2022-02-11,86.2478,86.949,86.2136,86.6176
2022-02-14,86.612,86.8674,86.3931,86.5467
2022-02-15,86.4663,86.5288,86.3036,86.4981
2022-02-16,86.4386,86.6927,86.367,86.6033
2022-02-17,86.9573,87.0701,86.8583,87.0125
2022-02-18,86.8583,86.9792,86.8244,86.9565
2022-02-22,86.8915,87.0515,86.7732,86.9078
2022-02-23,86.8859,87.014,86.8033,86.9599
2022-02-24,87.1133,87.1186,86.4349,86.4839
2022-02-25,86.5273,86.6041,86.3849,86.5385
2022-02-28,86.5703,87.0591,86.567,86.9679
2022-03-01,87.0875,87.1832,86.9936,87.0212
2022-03-02,86.7416,86.7694,86.4401,86.558
2022-03-03,86.4185,86.6668,86.4073,86.603
2022-03-04,86.6311,87.2212,86.6063,87.0781
2022-03-07,86.7528,86.8022,86.5988,86.719
2022-03-08,86.4155,86.6401,86.3629,86.4626
2022-03-09,86.3219,86.5348,86.2828,86.3144
2022-03-10,86.2679,86.3155,86.0626,86.11
2022-03-11,85.5571,85.6003,85.2025,85.2025
2022-03-14,84.7788,84.8677,84.5737,84.6174
2022-03-15,84.8162,84.8936,84.4609,84.5216
2022-03-16,84.572,84.5949,83.9475,84.2261
2022-03-17,84.2925,84.4819,84.1443,84.3156
2022-03-18,84.004,84.0146,83.7535,83.8979
2022-03-21,83.9116,83.9528,83.682,83.7072
2022-03-22,82.7948,83.0696,82.7068,82.7804
2022-03-23,82.7869,82.9201,82.5351,82.5461
2022-03-24,82.2477,82.3791,81.666,81.7291
2022-03-25,82.1929,82.2152,81.8113,81.9135
2022-03-28,80.6088,81.2005,80.5643,80.7683
2022-03-29,80.9163,81.9773,80.9163,81.3795
2022-03-30,82.149,82.2017,81.8036,82.056
2022-03-31,82.2172,82.4518,82.0668,82.1629
2022-04-01,81.6637,81.6783,81.2816,81.6283
2022-04-04,81.4422,81.5631,81.3286,81.4465
2022-04-05,81.3441,81.4661,80.861,80.9147
2022-04-06,80.7291,80.9907,80.6813,80.7865
2022-04-07,80.6822,80.8035,80.6322,80.6562
2022-04-08,80.5292,80.5425,80.2076,80.4508
2022-04-11,79.5558,79.7776,79.5083,79.7502
2022-04-12,79.6952,80.3503,79.615,79.7604
2022-04-13,79.4695,80.2504,79.3711,79.5976
2022-04-14,79.7769,79.8225,79.3622,79.4436
2022-04-18,79.0177,79.0908,78.7395,78.7473
2022-04-19,78.008,78.0811,77.5347,77.5672
2022-04-20,78.198,78.4591,77.9557,78.1898
2022-04-21,77.9812,78.1015,77.6971,77.9013
2022-04-22,77.9599,78.0409,77.4545,77.8383
2022-04-25,78.0223,78.4163,77.9557,78.0305
2022-04-26,78.4028,78.7228,78.318,78.5957
2022-04-27,78.0875,78.1787,77.7678,77.8528
2022-04-28,76.3799,76.7492,76.1919,76.4146
2022-04-29,76.9169,77.3288,76.7001,77.0502
2022-05-02,76.987,77.1013,76.7154,76.8321
2022-05-03,76.9749,77.0939,76.8026,76.8527
2022-05-04,76.9571,77.7381,76.6992,77.4234
2022-05-05,76.9269,77.0873,76.5943,76.799
2022-05-06,76.6704,76.8288,76.507,76.5882
2022-05-09,76.3225,76.8527,76.3213,76.7071
2022-05-10,76.8787,76.9722,76.6518,76.6589
2022-05-11,77.033,77.2487,76.4456,76.9408
2022-05-12,77.8041,78.4194,77.6741,77.8828
2022-05-13,77.4851,77.5985,77.2484,77.3638
2022-05-16,77.2284,77.5302,77.1498,77.4395
2022-05-17,77.324,77.4752,77.0523,77.2914
2022-05-18,77.4566,78.1192,77.4419,77.9952
2022-05-19,78.1632,78.725,78.1311,78.2258
2022-05-20,78.0945,78.3754,77.9745,78.1647
2022-05-23,78.3598,78.4443,78.158,78.1904
2022-05-24,78.4979,79.1377,78.4415,78.8264
2022-05-25,78.7569,78.8637,78.4338,78.5657
2022-05-26,78.7213,78.8053,78.4782,78.6866
2022-05-27,78.7885,78.8563,78.5842,78.6596
2022-05-31,78.0147,78.015,77.5843,77.698
2022-06-01,77.1864,77.3946,76.8108,76.8338
2022-06-02,77.1156,77.2102,76.8982,77.0093
2022-06-03,76.8427,76.879,76.3464,76.4088
2022-06-06,76.5392,76.5392,75.7501,75.8242
2022-06-07,75.2661,75.5752,75.2474,75.4105
2022-06-08,74.6352,74.8475,74.3635,74.4995
2022-06-09,74.7876,74.8478,74.379,74.4313
2022-06-10,74.6525,74.8926,74.3575,74.4067
2022-06-13,74.3481,74.8537,74.2575,74.3854
2022-06-14,74.34,74.4871,73.8116,73.8266
2022-06-15,74.332,74.9036,74.0988,74.7655
2022-06-16,75.274,76.0488,75.1874,75.6504
2022-06-17,74.2451,74.384,73.8416,74.0878
2022-06-21,73.4301,73.5751,73.1315,73.1689
2022-06-22,73.5048,73.7055,73.3654,73.4093
2022-06-23,73.755,74.4774,73.7414,74.1081
2022-06-24,73.9361,74.2278,73.8558,73.9588
2022-06-27,73.834,74.0675,73.7743,73.828
2022-06-28,73.4811,73.5629,73.3218,73.4646
2022-06-29,73.2644,73.3436,72.9922,73.2215
2022-06-30,73.3732,73.7762,73.3466,73.6716
2022-07-01,73.9208,74.1881,73.7722,73.9484
2022-07-05,73.54,73.7847,73.4689,73.6212
2022-07-06,73.938,74.0982,73.5281,73.5824
2022-07-07,73.6952,73.7643,73.4697,73.5205
2022-07-08,73.6187,73.642,73.2236,73.4649
2022-07-11,72.8088,72.8558,72.595,72.7548
2022-07-12,73.1106,73.2719,73.0572,73.0748
2022-07-13,72.9703,72.9823,72.535,72.7863
2022-07-14,72.0101,72.0926,71.7504,71.9751
2022-07-15,72.1009,72.2559,71.9797,72.1857
2022-07-18,72.3163,72.4793,72.2332,72.3929
2022-07-19,72.7381,72.7566,72.3338,72.3665
2022-07-20,72.3872,72.4819,72.3034,72.3338
2022-07-21,72.07,72.8332,72.029,72.785
2022-07-22,73.0492,73.7629,72.9951,73.3851
2022-07-25,73.1971,73.3041,73.1021,73.1671
2022-07-26,73.1727,73.3746,73.0087,73.0252
2022-07-27,73.1128,73.3517,72.7455,73.2319
2022-07-28,73.6868,74.514,73.6817,74.474
2022-07-29,74.9395,75.0697,74.2972,75.0497
2022-08-01,75.5184,75.9855,75.4671,75.9379
2022-08-02,76.3385,76.5442,75.0807,75.0959
2022-08-03,74.9277,74.9372,74.3246,74.7133
2022-08-04,74.7437,75.3213,74.7005,75.2004
2022-08-05,75.1106,75.1416,73.7898,74.0952
2022-08-08,74.1856,74.425,74.0105,74.0801
2022-08-09,74.0318,74.1526,73.9618,74.0149
2022-08-10,74.176,75.7432,74.0212,75.2145
2022-08-11,75.5427,75.9074,75.11,75.1767
2022-08-12,74.7253,74.9594,74.6904,74.9372
2022-08-15,75.0847,75.4392,74.9344,75.0047
2022-08-16,74.4092,74.5343,74.252,74.509
2022-08-17,73.9842,74.1878,73.801,74.039
2022-08-18,74.1796,74.265,73.5808,73.6014
2022-08-19,72.9786,73.1376,72.8701,73.0727
2022-08-22,73.0023,73.0028,72.6485,72.7416
2022-08-23,72.795,73.6326,72.6522,73.1093
2022-08-24,73.1438,73.3272,72.8611,72.9299
2022-08-25,73.3127,73.3256,73.0164,73.2633
2022-08-26,73.0034,73.3905,72.5879,72.6404
2022-08-29,72.1623,72.3228,72.0043,72.0955
2022-08-30,72.3599,72.3723,71.907,72.0482
2022-08-31,72.0692,72.2275,71.9424,71.9616
2022-09-01,71.8213,71.8453,71.3114,71.3251
2022-09-02,71.2071,71.4722,70.9975,71.319
2022-09-06,70.4669,70.4846,69.8934,70.0224
2022-09-07,68.98,69.6018,68.9774,69.5555
2022-09-08,69.6942,69.7353,69.2351,69.389
2022-09-09,70.1548,70.343,70.0202,70.173
2022-09-12,70.1496,70.3423,69.9927,70.0187
2022-09-13,70.4042,70.594,69.1171,69.174
2022-09-14,69.7423,70.1498,69.6765,69.8573
2022-09-15,69.6806,69.8551,69.5742,69.6939
2022-09-16,69.8912,70.0013,69.7579,69.9665
2022-09-19,69.6236,69.8546,69.6163,69.8329
2022-09-20,69.6255,69.6891,69.4814,69.5768
2022-09-21,69.4068,69.7326,69.1075,69.4365
2022-09-22,70.7879,71.2504,70.1745,70.2538
2022-09-23,70.0283,70.0832,69.7039,69.763
2022-09-26,69.3455,69.543,69.0655,69.1037
2022-09-27,69.2281,69.2619,69.006,69.057
2022-09-28,69.0868,69.4874,69.0655,69.4011
2022-09-29,69.1066,69.3193,68.8748,69.2147
2022-09-30,69.14,69.2331,69.0536,69.0901
2022-10-03,69.0348,69.3698,68.9776,69.1828
2022-10-04,69.0541,69.4937,68.9964,69.3833
2022-10-05,69.1989,69.2626,69.0388,69.1419
2022-10-06,69.1092,69.1525,68.7167,68.9014
2022-10-07,68.9974,69.0562,68.6377,68.6382
2022-10-10,68.7085,68.7545,68.5636,68.6106
2022-10-11,68.6971,68.763,68.5401,68.5791
2022-10-12,68.2112,68.2212,68.042,68.0842
2022-10-13,68.1645,68.2743,67.7181,67.9551
2022-10-14,67.6581,67.7314,67.177,67.2246
2022-10-17,67.1838,67.3052,67.0745,67.1055
2022-10-18,67.0626,67.1662,66.9391,67.0098
2022-10-19,66.8353,66.8378,66.7045,66.7218
2022-10-20,66.7557,66.8653,66.5398,66.6143
2022-10-21,65.9977,68.4231,65.8135,67.7254
2022-10-24,66.9611,67.4395,66.9413,67.1213
2022-10-25,67.1565,67.7883,67.1375,67.5886
2022-10-26,67.9782,68.388,67.8663,68.3156
2022-10-27,68.1847,68.65,68.0559,68.3688
2022-10-28,67.806,67.9627,67.6416,67.8173
2022-10-31,67.2594,67.3637,67.1815,67.2486
2022-11-01,67.9242,68.0272,67.4091,67.4363
2022-11-02,67.9918,68.6474,67.5815,67.6334
2022-11-03,67.4591,67.7449,67.3627,67.4491
2022-11-04,67.7307,68.2328,67.4705,68.2084
2022-11-07,68.2377,68.4533,68.1498,68.2131
2022-11-08,68.2899,68.8177,68.279,68.6658
2022-11-09,68.5972,68.5972,68.122,68.2832
2022-11-10,68.3702,71.3231,68.3677,70.8999
2022-11-11,71.6918,72.2189,71.532,72.0458
2022-11-14,71.3442,71.6078,71.0671,71.4807
2022-11-15,71.8081,72.6327,71.5873,71.788
2022-11-16,71.7486,71.9176,71.4071,71.689
2022-11-17,71.2718,71.519,71.054,71.3244
2022-11-18,71.4406,71.5848,71.2124,71.2454
2022-11-21,70.4449,70.7616,70.2961,70.367
2022-11-22,70.7679,70.8471,70.6499,70.8015
2022-11-23,70.7854,71.852,70.7484,71.6409
2022-11-25,71.7849,71.9396,71.6486,71.9062
2022-11-28,72.3406,72.3487,71.9362,71.9865
2022-11-29,72.4089,72.4407,72.0184,72.1017
2022-11-30,72.0279,72.6456,71.4819,72.459
2022-12-01,73.3711,73.9618,73.3463,73.9079
2022-12-02,74.5937,74.6113,73.5405,74.4532
2022-12-05,74.0428,74.0593,73.0676,73.1358
2022-12-06,73.4789,73.4802,72.9464,72.997
2022-12-07,72.8959,73.4109,72.8616,73.222
2022-12-08,73.1746,73.3592,73.0991,73.1636
2022-12-09,73.6347,73.7409,73.0436,73.295
2022-12-12,72.9512,73.0388,72.54,72.6306
2022-12-13,72.8221,74.2586,72.7667,73.7488
2022-12-14,74.0672,74.3,73.5343,73.8236
2022-12-15,73.2536,73.4325,72.372,72.5732
2022-12-16,72.9682,73.3705,72.8048,73.2547
2022-12-19,73.3253,73.3391,72.8943,73.0935
2022-12-20,75.3574,76.5796,75.2457,75.8898
2022-12-21,75.84,75.9082,75.4549,75.5196
2022-12-22,75.7062,75.8098,75.3443,75.5247
2022-12-23,75.3676,75.4543,75.1086,75.2375
2022-12-27,75.0593,75.0866,74.8531,74.9423
2022-12-28,74.8937,74.9123,74.3489,74.405
2022-12-29,74.8299,75.2587,74.8178,75.1818
2022-12-30,75.8498,76.4681,75.5661,76.2663
2023-01-03,76.3502,76.8879,76.2753,76.3164
2023-01-04,76.4319,76.577,75.3438,75.4284
2023-01-05,75.3242,75.3355,74.5979,74.9558
2023-01-06,74.2512,75.7587,74.1994,75.7131
2023-01-09,75.5944,76.026,75.5904,75.8213
2023-01-10,75.5373,75.9129,75.4831,75.6719
2023-01-11,75.3171,75.5918,75.2987,75.4757
2023-01-12,76.5196,77.5988,76.2099,77.3808
2023-01-13,77.8016,78.4548,77.7375,78.2075
2023-01-17,77.7868,78.129,77.6482,78.0485
2023-01-18,77.4683,78.3896,77.4338,77.6096
2023-01-19,77.7396,77.9812,77.634,77.8622
2023-01-20,76.8569,77.2511,76.5641,77.162
2023-01-23,76.7763,77.0654,76.3989,76.5568
2023-01-24,76.7648,76.9989,76.2692,76.8138
2023-01-25,77.1013,77.3578,76.9053,77.1629
2023-01-26,77.068,77.1141,76.558,76.8037
2023-01-27,76.9989,77.1837,76.884,77.003
2023-01-30,76.8784,76.9346,76.5609,76.6662
2023-01-31,76.6662,77.0734,76.6618,76.8876
2023-02-01,77.0122,77.792,76.9989,77.553
2023-02-02,77.8768,78.0732,77.5702,77.7191
2023-02-03,77.8628,77.9001,76.2108,76.2256
2023-02-06,75.7019,75.7381,75.2448,75.3818
2023-02-07,75.7475,76.6424,75.6747,76.298
2023-02-08,76.2945,76.3172,76.0251,76.0989
2023-02-09,76.4549,76.7198,75.9573,76.0008
2023-02-10,76.3752,76.5805,75.9876,76.1426
2023-02-13,75.5113,75.6098,75.2389,75.5005
2023-02-14,75.7432,76.0338,75.0112,75.1289
2023-02-15,74.8075,74.8254,74.4264,74.5873
2023-02-16,74.6714,74.7952,74.3467,74.6592
2023-02-17,74.1534,74.596,74.1521,74.5434
2023-02-21,74.2382,74.2526,73.9492,74.1032
2023-02-22,74.3586,74.4059,74.0815,74.1537
2023-02-23,74.082,74.366,73.8741,74.2333
2023-02-24,73.7134,73.9137,73.2515,73.2711
2023-02-27,73.3579,73.5738,73.335,73.4042
2023-02-28,73.1617,73.6705,73.03,73.4427
2023-03-01,73.852,73.8558,73.3514,73.4309
2023-03-02,73.0983,73.2324,72.9416,73.1572
2023-03-03,73.4026,73.6678,73.3041,73.6011
2023-03-06,73.5386,73.7257,73.4819,73.5673
2023-03-07,73.4409,73.5054,72.889,72.932
2023-03-08,72.8348,73.2697,72.7606,72.8486
2023-03-09,73.3773,73.557,73.2695,73.4457
2023-03-10,73.1524,74.5632,73.0951,74.0686
2023-03-13,75.1021,75.5946,74.8394,75.0548
2023-03-14,74.5376,74.701,74.1279,74.5123
2023-03-15,74.8848,75.6332,74.7493,74.9535
2023-03-16,75.4128,75.9146,74.7077,74.7865
2023-03-17,75.3918,76.0121,75.3378,75.8279
2023-03-20,76.3041,76.3464,75.8458,76.1748
2023-03-21,75.6015,75.8771,75.3991,75.4757
2023-03-22,75.2462,76.3333,75.1871,76.0887
2023-03-23,76.1728,76.7324,75.9521,76.4421
2023-03-24,76.921,77.0108,76.3954,76.4965
2023-03-27,76.0644,76.1444,75.8869,76.0109
2023-03-28,76.4456,76.6824,76.2285,76.3907
2023-03-29,75.6484,75.6627,75.2389,75.3415
2023-03-30,75.4301,75.5755,75.2058,75.3807
2023-03-31,75.0835,75.4017,75.0114,75.3154
2023-04-03,75.2505,75.6395,74.8783,75.509
2023-04-04,75.1688,76.0315,75.1431,75.9284
2023-04-05,76.0578,76.5503,76.0344,76.1444
2023-04-06,76.0581,76.3478,75.8121,75.8959
2023-04-10,75.2655,75.2717,74.6965,74.8845
2023-04-11,75.0387,75.1575,74.73,74.8047
2023-04-12,74.7722,75.3369,74.6787,75.149
2023-04-13,74.9971,75.745,74.9676,75.4296
2023-04-14,75.4094,75.637,74.7021,74.7245
2023-04-17,74.751,74.7689,74.308,74.358
2023-04-18,74.6865,74.7032,74.4466,74.5693
2023-04-19,74.249,74.4632,74.1545,74.2379
2023-04-20,74.2575,74.6188,74.1537,74.5101
2023-04-21,74.7596,74.8772,74.3541,74.5351
2023-04-24,74.2771,74.5632,74.2217,74.5632
2023-04-25,74.5176,74.9819,74.4868,74.777
2023-04-26,74.7708,75.1798,74.662,74.7977
2023-04-27,74.9125,75.063,74.5156,74.6578
2023-04-28,73.4557,73.6103,73.2255,73.3627
2023-05-01,73.0909,73.1489,72.7067,72.759
2023-05-02,72.8112,73.3571,72.6839,73.2252
2023-05-03,73.7991,74.2561,73.5589,74.2498
2023-05-04,74.394,74.9047,74.1411,74.5045
2023-05-05,74.4857,74.5312,74.0072,74.1587
2023-05-08,73.9705,74.2636,73.9492,74.0231
2023-05-09,74.1109,74.1152,73.8793,73.9615
2023-05-10,73.9014,74.5632,73.8509,74.4413
2023-05-11,74.5409,74.7675,74.2749,74.3561
2023-05-12,74.1133,74.2269,73.6567,73.6675
2023-05-15,73.4522,73.6855,73.401,73.4694
2023-05-16,73.606,73.6974,73.1556,73.3216
2023-05-17,72.9898,73.0426,72.6153,72.6507
2023-05-18,72.5584,72.5937,72.0695,72.0851
2023-05-19,72.2499,72.7654,72.1215,72.4822
2023-05-22,72.3385,72.4609,72.1048,72.1584
2023-05-23,72.2468,72.3076,71.9893,72.162
2023-05-24,72.2677,72.275,71.6923,71.7437
2023-05-25,71.6468,71.8471,71.3119,71.399
2023-05-26,71.5502,71.6104,71.0613,71.0959
2023-05-30,71.6002,71.6466,71.3722,71.5315
2023-05-31,71.5827,71.8213,71.2223,71.7731
2023-06-01,71.7406,72.2306,71.4832,72.0311
2023-06-02,71.9782,72.078,71.3919,71.4566
2023-06-05,71.2918,71.8117,71.2748,71.6717
2023-06-06,71.6373,71.6676,71.4314,71.6245
2023-06-07,71.7499,71.9272,71.3012,71.375
2023-06-08,71.5858,72.0409,71.5553,71.9916
2023-06-09,71.7435,71.9259,71.6348,71.7334
2023-06-12,71.7448,71.8951,71.5484,71.6245
2023-06-13,71.6753,71.9362,71.2713,71.3201
2023-06-14,71.4393,71.7952,71.3394,71.4021
2023-06-15,70.7957,71.3491,70.7709,71.289
2023-06-16,70.9356,70.9595,70.464,70.5045
2023-06-20,70.7324,70.8143,70.5467,70.7009
2023-06-21,70.5134,70.5796,70.2223,70.5194
2023-06-22,70.3584,70.5345,69.8153,69.89
2023-06-23,69.8005,70.0695,69.4855,69.5918
2023-06-26,69.8334,69.9039,69.5836,69.6818
2023-06-27,69.6595,69.7832,69.3602,69.4121
2023-06-28,69.352,69.3931,69.1443,69.2276
2023-06-29,69.303,69.3664,69.0134,69.0746
2023-06-30,69.0963,69.3443,69.0873,69.3003
2023-07-03,69.0331,69.4497,69.025,69.1154
2023-07-05,69.203,69.4064,69.1097,69.1376
2023-07-06,69.5969,69.6204,69.1319,69.4146
2023-07-07,69.8122,70.3866,69.725,70.3755
2023-07-10,70.3566,70.7839,70.0697,70.7569
2023-07-11,71.2276,71.2771,70.9441,71.2428
2023-07-12,71.6741,72.3762,71.6112,72.2329
2023-07-13,72.2035,72.5037,71.9606,72.4449
2023-07-14,72.1798,72.2525,71.8571,72.1007
2023-07-17,72.2742,72.3008,71.7324,72.0913
2023-07-18,72.2742,72.6232,71.8721,72.0246
2023-07-19,71.5323,71.9393,71.4352,71.6096
2023-07-20,71.6671,71.6712,71.1718,71.3855
2023-07-21,70.535,70.8125,70.4873,70.5318
2023-07-24,70.9227,71.0419,70.6467,70.6844
2023-07-25,70.7251,70.9952,70.6217,70.887
2023-07-26,71.2372,71.4633,71.0742,71.318
2023-07-27,71.3567,72.0617,70.7639,71.6774
2023-07-28,71.8012,71.8414,70.8308,70.8491
2023-07-31,70.324,70.4166,70.0872,70.282
2023-08-01,69.9425,69.9841,69.6643,69.8049
2023-08-02,70.0248,70.0663,69.7,69.7715
2023-08-03,69.9621,70.3901,69.9462,70.137
2023-08-04,70.0766,70.6449,70.0057,70.5442
2023-08-07,70.3307,70.5209,70.1351,70.1779
2023-08-08,69.8685,69.9695,69.6888,69.7632
2023-08-09,69.7151,69.8095,69.5628,69.5904
2023-08-10,69.5478,69.7863,69.0522,69.0999
2023-08-11,69.213,69.2415,68.9394,69.0107
2023-08-14,68.9332,68.9337,68.6908,68.7021
2023-08-15,68.7129,68.9159,68.5768,68.6898
2023-08-16,68.605,68.6551,68.3027,68.3536
2023-08-17,68.577,68.6712,68.3522,68.5815
2023-08-18,68.7827,69.0003,68.5871,68.7734
2023-08-21,68.5704,68.5746,68.3051,68.3971
2023-08-22,68.5986,68.6299,68.4301,68.5622
2023-08-23,68.7588,69.184,68.6839,69.0551
2023-08-24,68.6528,68.7597,68.5133,68.5638
2023-08-25,68.4943,68.6191,68.1963,68.2897
2023-08-28,68.2375,68.3221,68.1459,68.244
2023-08-29,67.962,68.6483,67.8527,68.5622
2023-08-30,68.3307,68.6988,68.3212,68.4023
2023-08-31,68.5775,68.7985,68.3864,68.7158
2023-09-01,68.8558,69.2305,68.355,68.3976
2023-09-05,67.8682,67.9842,67.6581,67.7103
2023-09-06,67.8537,67.965,67.6837,67.744
2023-09-07,67.897,68.0066,67.7452,67.8923
2023-09-08,67.8173,67.8923,67.6267,67.6613
2023-09-11,68.1317,68.3995,68.1187,68.2212
2023-09-12,68.074,68.0754,67.9048,67.987
2023-09-13,67.8435,67.9496,67.6901,67.8495
2023-09-14,67.8675,68.0203,67.7679,67.8047
2023-09-15,67.6615,67.7479,67.5918,67.6704
2023-09-18,67.7429,67.7605,67.6723,67.7447
2023-09-19,67.7094,67.7387,67.579,67.6389
2023-09-20,67.6222,67.8086,67.4022,67.4514
2023-09-21,67.5849,67.8781,67.5406,67.7626
2023-09-22,67.4504,67.5849,67.3605,67.4377
2023-09-25,67.2604,67.2726,67.1254,67.1804
2023-09-26,67.1605,67.2054,67.0689,67.0961
2023-09-27,67.0331,67.0468,66.7963,66.8601
2023-09-28,66.9662,67.047,66.889,66.9786
2023-09-29,67.0059,67.138,66.8946,66.9456
2023-10-02,66.7815,66.8074,66.7178,66.7577
2023-10-03,66.6773,67.8509,66.5965,67.1053
2023-10-04,67.1121,67.2199,67.0536,67.0902
2023-10-05,67.1926,67.4279,67.0605,67.3469
2023-10-06,67.0914,67.1258,66.8742,67.0129
2023-10-09,67.0455,67.3698,67.0351,67.3419
2023-10-10,67.0846,67.3201,67.0713,67.2486
2023-10-11,67.1885,67.1944,66.9501,67.0677
2023-10-12,67.0468,67.0907,66.7223,66.7481
2023-10-13,66.8378,66.9102,66.7847,66.8628
2023-10-16,66.8852,66.9299,66.7726,66.8717
2023-10-17,66.9055,66.9075,66.7178,66.7436
2023-10-18,66.8094,66.8306,66.6822,66.724
2023-10-19,66.7287,66.8101,66.6778,66.7784
2023-10-20,66.6911,66.8405,66.6489,66.7312
2023-10-23,66.6976,66.8637,66.6822,66.8199
2023-10-24,66.7735,66.7789,66.6982,66.7303
2023-10-25,66.6969,66.7198,66.5247,66.6125
2023-10-26,66.4743,66.6282,66.4441,66.4951
2023-10-27,66.6287,66.9075,66.6285,66.8114
2023-10-30,66.7748,67.1993,66.7307,67.0754
2023-10-31,66.3412,66.3843,65.9102,65.9491
2023-11-01,66.1231,66.6482,66.0598,66.2603
2023-11-02,66.5026,66.7352,66.4242,66.4783
2023-11-03,66.5863,67.0244,66.5659,66.9478
2023-11-06,66.7664,66.8092,66.5978,66.6467
2023-11-07,66.4222,66.5265,66.3579,66.5119
2023-11-08,66.273,66.344,66.1923,66.2721
2023-11-09,66.1765,66.2978,66.055,66.0801
2023-11-10,66.0502,66.0832,65.9605,66.0001
2023-11-13,65.8796,66.1314,65.8133,65.9237
2023-11-14,65.9235,66.5981,65.9118,66.5106
2023-11-15,66.4929,66.6445,66.0219,66.089
2023-11-16,66.1096,66.5402,66.1061,66.3733
2023-11-17,66.9474,67.0232,66.722,66.8393
2023-11-20,67.425,67.501,67.2531,67.3982
2023-11-21,67.7594,67.8647,67.2966,67.4041
2023-11-22,67.2323,67.2907,66.7757,66.8646
2023-11-24,66.8615,66.9151,66.8128,66.9013
2023-11-27,67.1876,67.3197,67.0794,67.2816
2023-11-28,67.3342,67.8776,67.2522,67.8093
2023-11-29,67.7452,67.9969,67.611,67.9477
2023-11-30,67.7624,67.9251,67.3326,67.4864
2023-12-01,67.4411,68.1831,67.4309,68.0573
2023-12-04,68.2068,68.2724,67.7989,67.9472
2023-12-05,67.9939,68.2282,67.8403,67.9671
2023-12-06,67.8967,68.0205,67.8371,67.926
2023-12-07,68.946,70.6115,68.8433,69.3722
2023-12-08,69.2617,69.5609,68.8634,69.0655
2023-12-11,68.3219,68.4678,68.2175,68.4205
2023-12-12,68.8746,69.0908,68.565,68.7455
2023-12-13,68.645,70.1041,68.6255,70.002
2023-12-14,70.603,70.7209,70.2867,70.4722
2023-12-15,70.5911,70.7054,70.2035,70.3631
2023-12-18,70.0319,70.0872,69.8519,70.0256
2023-12-19,69.2948,69.6699,69.2209,69.5318
2023-12-20,69.6524,69.7749,69.4729,69.6947
2023-12-21,70.0383,70.3987,69.9506,70.2839
2023-12-22,70.3581,70.4751,70.0943,70.2432
2023-12-26,70.2375,70.3012,70.1117,70.2183
2023-12-27,70.1302,70.6442,70.1026,70.5786
2023-12-28,70.965,71.2997,70.6215,70.7044
2023-12-29,70.6814,71.0222,70.4811,70.9064
2024-01-02,70.3631,70.6694,70.3386,70.4444
2024-01-03,69.9616,70.018,69.5739,69.808
2024-01-04,69.3375,69.39,69.036,69.1611
2024-01-05,68.9189,69.5364,68.5002,69.1539
2024-01-08,69.2133,69.6088,69.168,69.3311
2024-01-09,69.4435,69.6064,69.1443,69.2185
2024-01-10,68.8335,68.8945,68.5612,68.653
2024-01-11,68.78,68.9696,68.2992,68.8279
2024-01-12,68.7897,69.2737,68.6976,69.0596
2024-01-16,68.1721,68.3578,67.8817,67.935
2024-01-17,67.6888,67.7172,67.3283,67.5124
2024-01-18,67.6128,67.725,67.43,67.4869
2024-01-19,67.4955,67.5838,67.3256,67.5231
2024-01-22,67.6638,67.7387,67.4696,67.5749
2024-01-23,67.5744,67.6215,67.2499,67.3991
2024-01-24,67.8894,68.1863,67.7332,67.8035
2024-01-25,67.6846,67.9881,67.5952,67.7287
2024-01-26,67.6739,67.8104,67.4727,67.4855
2024-01-29,67.5804,67.9099,67.5256,67.809
2024-01-30,67.8217,67.981,67.5927,67.7635
2024-01-31,67.6535,68.4955,67.6247,68.0675
2024-02-01,68.0406,68.5424,68.0015,68.285
2024-02-02,68.2207,68.2317,67.3011,67.4059
2024-02-05,67.2821,67.3925,67.1614,67.2585
2024-02-06,67.2934,67.6485,67.2712,67.5986
2024-02-07,67.4718,67.7319,67.45,67.5105
2024-02-08,66.9994,67.0731,66.8963,66.9837
2024-02-09,66.8981,67.1096,66.8771,66.9748
2024-02-12,67.1231,67.1447,66.899,66.9604
2024-02-13,66.9595,66.9922,66.2752,66.3262
2024-02-14,66.3997,66.5099,66.3341,66.4289
2024-02-15,66.6409,66.8695,66.558,66.7014
2024-02-16,66.5371,66.6276,66.3801,66.5679
2024-02-20,66.6001,66.807,66.577,66.6778
2024-02-21,66.6569,66.6916,66.4925,66.5354
2024-02-22,66.4854,66.5017,66.3601,66.4214
2024-02-23,66.4801,66.536,66.42,66.4485
2024-02-26,66.3962,66.4311,66.2932,66.3504
2024-02-27,66.5677,66.6307,66.4086,66.4461
2024-02-28,66.3385,66.4295,66.1592,66.3817
2024-02-29,66.6347,67.0201,66.5987,66.6644
2024-03-01,66.4191,66.6425,66.346,66.6167
2024-03-04,66.4697,66.5272,66.4143,66.4311
2024-03-05,66.4925,66.8226,66.4925,66.6511
2024-03-06,66.8329,67.0716,66.7994,66.96
2024-03-07,67.6434,67.755,67.4313,67.5603
2024-03-08,67.9219,68.265,67.8058,67.9983
2024-03-11,68.1912,68.2026,67.9583,68.0536
2024-03-12,67.8251,67.9923,67.4923,67.7206
2024-03-13,67.5797,67.8129,67.5443,67.7002
2024-03-14,67.7043,67.8247,67.4041,67.425
2024-03-15,67.271,67.2848,67.0394,67.0938
2024-03-18,67.0992,67.147,66.9783,67.0488
2024-03-19,66.4938,66.5124,66.2405,66.2901
2024-03-20,65.917,66.3414,65.8523,66.1271
2024-03-21,66.1735,66.219,65.8783,65.9457
2024-03-22,66.0203,66.2221,66.0097,66.06
2024-03-25,66.0939,66.1682,65.9866,66.0404
2024-03-26,66.0546,66.0711,65.9609,65.9822
2024-03-27,66.1236,66.1509,66.0393,66.1113
2024-03-28,66.0631,66.1586,66.0389,66.0587
2024-04-01,66.0537,66.0563,65.8883,65.9346
2024-04-02,65.9396,66.0221,65.9122,65.9892
2024-04-03,65.8874,65.9826,65.8098,65.9378
2024-04-04,65.9,66.1721,65.8892,66.0751
2024-04-05,66.0602,66.1048,65.8974,65.9652
2024-04-08,65.8243,65.9109,65.8137,65.8627
2024-04-09,65.8625,65.9759,65.8558,65.8918
2024-04-10,65.8575,65.8853,65.258,65.3394
2024-04-11,65.3215,65.4433,65.2231,65.2737
2024-04-12,65.2874,65.5338,65.2211,65.2422
2024-04-15,64.9718,64.9931,64.7438,64.8265
2024-04-16,64.6743,64.9612,64.6016,64.65
2024-04-17,64.6697,64.8702,64.6141,64.7937
2024-04-18,64.7769,64.8004,64.6392,64.6672
2024-04-19,64.6822,64.7417,64.6588,64.6726
2024-04-22,64.6149,64.6473,64.564,64.5853
2024-04-23,64.5982,64.7031,64.5669,64.5953
2024-04-24,64.5469,64.6308,64.3604,64.423
2024-04-25,64.2855,64.3799,64.2071,64.262
2024-04-26,63.7678,63.8441,63.1134,63.2691
2024-04-29,64.0076,64.4851,63.7397,63.9971
2024-04-30,63.7117,63.7351,63.3493,63.4131
2024-05-01,63.3404,65.3533,63.3212,64.577
2024-05-02,64.6233,65.336,64.5715,65.0675
2024-05-03,65.2712,65.8467,65.2288,65.3403
2024-05-06,65.0398,65.1818,64.9349,64.9899
2024-05-07,64.7077,64.8349,64.6141,64.6877
2024-05-08,64.3116,64.3604,64.2376,64.317
2024-05-09,64.1517,64.3492,64.1363,64.3219
2024-05-10,64.2083,64.2657,64.1418,64.191
2024-05-13,64.1519,64.2304,63.908,64.0221
2024-05-14,63.9161,64.0074,63.7967,63.9235
2024-05-15,64.2364,64.6433,64.1851,64.5949
2024-05-16,64.5661,64.6665,64.2938,64.3641
2024-05-17,64.1626,64.4122,64.147,64.2364
2024-05-20,64.2059,64.2121,63.9734,64.0184
2024-05-21,64.009,64.1667,63.9268,64.0398
2024-05-22,63.8627,63.9582,63.7572,63.8093
2024-05-23,63.8623,63.8857,63.6144,63.7194
2024-05-24,63.6821,63.7666,63.6408,63.7085
2024-05-28,63.7731,63.8639,63.5991,63.6266
2024-05-29,63.5849,63.6302,63.3774,63.4606
2024-05-30,63.8028,63.9492,63.7436,63.7816
2024-05-31,63.6262,63.8741,63.553,63.593
2024-06-03,63.7511,64.1231,63.7178,64.075
2024-06-04,64.5726,64.7061,64.4127,64.5657
2024-06-05,64.0428,64.2162,63.9035,64.0824
2024-06-06,64.0238,64.3542,63.9204,64.2715
2024-06-07,64.2702,64.313,63.6598,63.8203
2024-06-10,63.741,63.7747,63.6294,63.6797
2024-06-11,63.6515,63.7735,63.5062,63.6456
2024-06-12,63.5591,64.2187,63.5524,63.8362
2024-06-13,63.6072,63.8643,63.5841,63.6926
2024-06-14,63.6659,63.7397,63.4949,63.5223
2024-06-17,63.3473,63.4236,63.3052,63.4123
2024-06-18,63.2573,63.4395,63.2397,63.3465
2024-06-20,63.1166,63.1836,62.8951,62.9313
2024-06-21,62.9307,62.9513,62.5469,62.6233
2024-06-24,62.7099,62.7648,62.5953,62.6504
2024-06-25,62.7109,62.7235,62.5841,62.6303
2024-06-26,62.3799,62.4906,62.1601,62.208
2024-06-27,62.2857,62.3867,62.1678,62.2099
2024-06-28,62.2473,62.397,62.1263,62.1581
2024-07-01,62.0713,62.1074,61.8219,61.9118
2024-07-02,61.8712,62.0082,61.8712,61.9519
2024-07-03,61.7577,62.2007,61.7543,61.908
2024-07-05,62.1836,62.3679,61.9865,62.2084
2024-07-08,62.106,62.3138,62.1043,62.191
2024-07-09,62.0644,62.1504,61.8219,62.0086
2024-07-10,61.9264,61.9471,61.7875,61.8686
2024-07-11,61.9049,63.5215,61.872,62.9418
2024-07-12,62.9057,63.5437,62.835,63.3533
2024-07-15,63.2455,63.6254,62.9465,63.2775
2024-07-16,63.1548,63.1884,62.9465,63.1481
2024-07-17,63.8925,64.0763,63.7983,64.0242
2024-07-18,63.899,64.0207,63.2979,63.5469
2024-07-19,63.5038,63.5869,63.4095,63.4941
2024-07-22,63.7523,63.8174,63.6238,63.7117
2024-07-23,64.0385,64.2942,63.9937,64.2864
2024-07-24,64.8572,65.3129,64.8429,64.9827
2024-07-25,65.4759,65.5488,64.7983,64.9692
2024-07-26,64.6787,65.3053,64.6295,65.0428
2024-07-29,65.007,65.0483,64.8458,64.9498
2024-07-30,64.5578,65.51,64.5066,65.4557
2024-07-31,66.5828,66.8413,66.1131,66.694
2024-08-01,66.4379,66.9828,66.2787,66.9478
2024-08-02,67.1098,68.2971,67.0637,68.2084
2024-08-05,70.2632,70.5017,69.0205,69.3587
2024-08-06,68.8916,69.4194,68.7647,69.277
2024-08-07,67.9332,68.2152,67.7165,68.1724
2024-08-08,68.4184,68.5138,67.7755,67.9057
2024-08-09,68.0212,68.3644,68.0096,68.1784
2024-08-12,67.7635,68.0052,67.4605,67.9357
2024-08-13,67.8624,68.2138,67.7911,68.0911
2024-08-14,68.0809,68.2321,67.7576,67.9034
2024-08-15,67.9249,67.9392,66.9344,66.9568
2024-08-16,67.5473,67.7635,67.4436,67.728
2024-08-19,68.4735,68.5232,68.1603,68.2017
2024-08-20,68.3167,68.8729,68.2622,68.8553
2024-08-21,68.4631,69.2257,68.0986,68.8748
2024-08-22,68.4964,68.5737,68.2475,68.3641
2024-08-23,68.4781,69.4194,68.2664,69.2689
2024-08-26,69.3794,69.5128,69.1109,69.1764
2024-08-27,69.1874,69.484,69.157,69.4432
2024-08-28,69.2885,69.2943,68.9441,69.186
2024-08-29,69.1582,69.1826,68.7021,68.9793
2024-08-30,68.764,68.8416,68.3761,68.4112
2024-09-03,68.4102,68.8969,68.3583,68.7262
2024-09-04,69.016,69.6209,68.8625,69.6093
2024-09-05,69.709,70.0109,69.3347,69.7156
2024-09-06,69.8993,70.5368,69.1683,70.2617
2024-09-09,69.6306,70.0987,69.5914,69.8573
2024-09-10,69.8685,70.3225,69.8373,70.2227
2024-09-11,70.5756,70.796,70.1548,70.2617
2024-09-12,70.1459,70.5592,70.0955,70.5069
2024-09-13,71.0005,71.2837,70.9109,71
2024-09-16,71.486,71.5535,70.9648,71.101
2024-09-17,71.1195,71.148,70.1878,70.2454
2024-09-18,70.5005,71.205,70.0697,70.3087
2024-09-19,69.969,70.1597,69.557,70.1267
2024-09-20,69.3356,69.7003,69.2065,69.5333
2024-09-23,69.6318,69.8056,69.2782,69.6568
2024-09-24,69.4555,69.8763,69.345,69.8426
2024-09-25,69.2996,69.5111,69.0153,69.0942
2024-09-26,69.3611,69.3914,68.8587,69.0498
2024-09-27,69.8685,70.3888,69.8241,70.3453
2024-09-30,70.1444,70.1523,69.485,69.6396
2024-10-01,69.5986,69.9423,69.4083,69.6435
2024-10-02,69.1078,69.1183,68.2519,68.3177
2024-10-03,68.1824,68.2668,67.9438,68.0874
2024-10-04,68.2189,68.2848,67.1118,67.2427
2024-10-07,67.4441,67.6347,67.4059,67.4937
2024-10-08,67.6331,67.6352,67.3923,67.4737
2024-10-09,67.2382,67.2622,66.9505,67.0178
2024-10-10,67.1335,67.4545,66.8572,67.3192
2024-10-11,67.1112,67.2018,66.9855,67.0488
2024-10-14,66.8279,66.8308,66.6644,66.7673
2024-10-15,66.9552,67.1409,66.8722,67.0158
2024-10-16,67.0351,67.0464,66.7401,66.853
2024-10-17,66.8807,66.9044,66.5181,66.5863
2024-10-18,66.6631,66.9503,66.6294,66.8675
2024-10-21,66.7,66.7782,66.2752,66.3249
2024-10-22,66.2842,66.3991,66.1389,66.2015
2024-10-23,65.3407,65.585,65.2793,65.4907
2024-10-24,65.7676,65.9826,65.6461,65.8549
2024-10-25,65.8777,65.8783,65.6271,65.6663
2024-10-28,65.4776,65.6116,65.1992,65.232
2024-10-29,65.073,65.3556,64.9878,65.1869
2024-10-30,65.3505,65.4153,65.1466,65.1997
2024-10-31,65.4789,65.8597,65.3381,65.7717
2024-11-01,65.4986,65.8764,65.3147,65.3488
2024-11-04,65.8727,65.9509,65.7039,65.7363
2024-11-05,65.6629,66.0611,65.6487,65.9685
2024-11-06,64.7631,64.9414,64.635,64.6935
2024-11-07,65.0339,65.4922,65.0275,65.3984
2024-11-08,65.6276,65.6461,65.4196,65.5136
2024-11-11,65.0248,65.0923,64.9536,65.0612
2024-11-12,64.903,64.91,64.5497,64.6634
2024-11-13,64.5486,64.7912,64.2562,64.319
2024-11-14,64.1046,64.2992,63.9284,63.9934
2024-11-15,64.3559,64.9925,64.1985,64.8256
2024-11-18,64.4019,64.6958,64.3675,64.6559
2024-11-19,64.9384,65.1801,64.6003,64.6569
2024-11-20,64.229,64.4935,64.168,64.3625
2024-11-21,64.7511,64.9739,64.6404,64.709
2024-11-22,64.7243,64.8542,64.5045,64.608
2024-11-25,64.8517,65.0912,64.7157,64.8479
2024-11-26,65.2469,65.3623,65.0527,65.3228
2024-11-27,66.0136,66.4651,65.8738,66.18
2024-11-29,66.5983,66.9033,66.4297,66.8387
2024-12-02,66.6072,67.0781,66.5124,66.8472
2024-12-03,66.8047,67.2744,66.8003,66.8503
2024-12-04,66.1494,66.668,66.1262,66.4214
2024-12-05,66.4885,66.7016,66.3588,66.6289
2024-12-06,66.4867,66.9501,66.3958,66.7167
2024-12-09,66.3288,66.3559,66.0698,66.159
2024-12-10,65.8822,65.9929,65.7095,65.8116
2024-12-11,65.5119,65.822,65.4386,65.6009
2024-12-12,65.6732,65.8749,65.4909,65.542
2024-12-13,65.1638,65.2452,65.0191,65.0343
2024-12-16,64.899,64.9448,64.7312,64.8742
2024-12-17,65.0102,65.2908,64.9363,65.1856
2024-12-18,65.0081,65.0694,64.5703,64.6012
2024-12-19,63.7188,63.9063,63.3653,63.5229
2024-12-20,63.8081,64.1211,63.7792,63.9939
2024-12-23,63.6367,63.7369,63.5797,63.631
2024-12-24,63.6395,63.6529,63.5183,63.5681
2024-12-26,63.43,63.4522,63.2491,63.338
2024-12-27,63.3746,63.5508,63.2891,63.3312
2024-12-30,63.4687,63.8284,63.4333,63.7406
2024-12-31,63.7418,63.8223,63.4498,63.574
2025-01-02,63.657,63.8409,63.3513,63.5001
2025-01-03,63.6266,63.7454,63.4957,63.5718
2025-01-06,63.7812,64.0041,63.4232,63.4429
2025-01-07,63.3935,63.4769,63.121,63.2811
2025-01-08,63.0883,63.2331,63.0823,63.1744
2025-01-10,63.2947,63.6005,62.9406,63.4117
2025-01-13,63.6817,63.7288,63.3641,63.4981
2025-01-14,63.3421,63.5175,63.2011,63.2761
2025-01-15,63.702,64.1264,63.6586,63.9474
2025-01-16,64.0545,64.4737,63.956,64.4517
2025-01-17,64.2164,64.2859,63.9448,63.9826
2025-01-21,64.1754,64.4089,64.168,64.3097
2025-01-22,64.1783,64.2057,63.8121,63.9223
2025-01-23,63.9411,64.2075,63.9072,64.081
2025-01-24,63.9157,64.3019,63.8659,64.1324
2025-01-27,64.9161,64.9751,64.6335,64.7228
2025-01-28,64.399,64.4951,64.2017,64.2938
2025-01-29,64.3633,64.5399,64.2634,64.4361
2025-01-30,64.8681,65.022,64.7264,64.8317
2025-01-31,64.587,64.7105,64.4239,64.5005
2025-02-03,64.6952,64.9281,64.5113,64.6229
2025-02-04,64.4006,64.8719,64.355,64.7861
2025-02-05,65.4198,65.74,65.2707,65.5252
2025-02-06,65.6254,66.1201,65.5613,66.0277
2025-02-07,65.7851,66.2561,65.6099,66.0371
2025-02-10,65.7588,65.9752,65.7525,65.8111
2025-02-11,65.622,65.6901,65.5115,65.5942
2025-02-12,65.1232,65.2292,64.6003,64.7849
2025-02-13,64.9942,65.5008,64.929,65.4232
2025-02-14,65.4746,65.7787,65.4343,65.6405
2025-02-18,65.9105,65.9948,65.7337,65.7794
2025-02-19,65.8267,66.117,65.8259,66.0428
2025-02-20,66.6262,66.9366,66.5701,66.8411
2025-02-21,66.4571,67.1468,66.4399,66.9658
2025-02-24,66.7677,67.0288,66.7134,66.8034
2025-02-25,66.8061,67.3088,66.7481,67.0977
2025-02-26,66.8405,67.1966,66.7156,67.0848
2025-02-27,66.819,66.9487,66.5801,66.7668
2025-02-28,66.3724,66.5611,66.2274,66.3724
2025-03-03,66.1179,67.0691,66.0934,66.8527
2025-03-04,67.463,67.4771,66.7178,66.7598
2025-03-05,66.8883,67.3845,66.7824,67.1862
2025-03-06,67.7433,67.8804,67.3891,67.6155
2025-03-07,67.6796,68.0527,67.4696,67.5632
2025-03-10,67.968,68.1979,67.8109,67.9011
2025-03-11,67.7443,68.0143,67.5128,67.6494
2025-03-12,67.2337,67.5169,67.0277,67.4605
2025-03-13,67.5836,67.8357,67.4068,67.675
2025-03-14,67.2366,67.4482,67.1596,67.2789
2025-03-17,67.3559,67.4377,66.9846,67.0174
2025-03-18,66.7793,67.0713,66.6933,66.9896
2025-03-19,66.7419,67.2925,66.6016,67.2585
2025-03-20,67.3559,67.3836,67.1254,67.2156
2025-03-21,67.1605,67.2927,66.9478,66.9635
2025-03-24,66.7704,66.7983,66.3284,66.3632
2025-03-25,66.5845,66.8664,66.5845,66.7147
2025-03-26,66.5717,66.6156,66.3354,66.4196
2025-03-27,66.216,66.409,66.1485,66.2175
2025-03-28,66.3095,66.807,66.2616,66.724
2025-03-31,66.9443,66.9577,66.5447,66.6769
2025-04-01,67.0232,67.1254,66.7822,66.8449
2025-04-02,67.0142,67.1639,66.4496,67.126
2025-04-03,68.472,68.8753,68.2503,68.473
2025-04-04,68.777,68.9489,67.826,68.1594
2025-04-07,68.3132,68.3172,67.501,67.6178
2025-04-08,68.0666,68.5082,67.7206,68.3761
2025-04-09,69.1302,69.4394,67.44,67.6416
2025-04-10,68.7153,69.4285,68.6832,69.1814
2025-04-11,70.113,70.3131,69.3474,69.6718
2025-04-14,69.8117,70.0363,69.4061,69.912
2025-04-15,69.9785,70.1265,69.7569,69.808
2025-04-16,70.0918,70.5995,69.9976,70.5348
2025-04-17,70.1277,70.4692,70.0682,70.2129
2025-04-21,71.0263,71.1448,70.9006,70.9572
2025-04-22,71.2985,71.3206,70.5871,70.6679
2025-04-23,70.5921,70.6327,69.649,69.7374
2025-04-24,70.1279,70.2832,70.0101,70.1262
2025-04-25,69.7462,69.7805,69.4276,69.6015
2025-04-28,69.7474,70.428,69.7151,70.4052
2025-04-29,70.0574,70.4349,70.0486,70.2889
2025-04-30,69.9227,70.1629,69.8348,69.9215
2025-05-01,69.2123,69.4613,68.6177,68.7427
2025-05-02,69.1759,69.5739,68.9256,69.006
2025-05-05,69.5142,69.6655,69.3306,69.6064
2025-05-06,70.028,70.2469,69.9125,70.1735
2025-05-07,69.7384,69.9729,69.4444,69.5705
2025-05-08,69.1348,69.2353,68.4088,68.5542
2025-05-09,68.904,69.0479,68.6978,68.8468
2025-05-12,67.6231,67.6519,67.273,67.3859
2025-05-13,67.5142,67.8539,67.442,67.7987
2025-05-14,68.41,68.6033,67.9696,68.1663
2025-05-15,68.4486,68.7682,68.3763,68.6518
2025-05-16,68.6596,68.7715,68.446,68.6627
2025-05-19,69.0103,69.0722,68.8636,69.0393
2025-05-20,69.1599,69.2358,68.9774,69.1761
2025-05-21,69.5638,69.7912,69.4954,69.6403
2025-05-22,69.7523,69.7963,69.2866,69.4232
2025-05-23,70.1297,70.2121,69.9854,70.1484
2025-05-27,69.3967,69.5038,69.2257,69.2665
2025-05-28,69.2401,69.295,68.928,69.066
2025-05-29,68.9237,69.4628,68.9208,69.3683
2025-05-30,69.5169,69.6942,69.2339,69.4227
2025-06-02,70.0481,70.1557,69.8929,70.0754
2025-06-03,69.8885,69.9051,69.3922,69.4551
2025-06-04,69.314,70.1238,69.3118,70.0626
2025-06-05,69.7939,70.0378,69.4565,69.6854
2025-06-06,69.3698,69.3953,68.9232,69.0226
2025-06-09,69.2085,69.2765,69.0737,69.1773
2025-06-10,69.1639,69.2305,68.9436,69.0131
2025-06-11,68.8326,69.2861,68.7427,69.2027
2025-06-12,69.6292,69.84,69.4903,69.6568
2025-06-13,69.3825,69.5159,69.2113,69.3938
2025-06-16,69.3885,69.6122,69.0203,69.0913
2025-06-17,69.1515,69.241,68.7829,68.835
2025-06-18,69.0388,69.2804,68.8613,68.9242
2025-06-20,68.6853,68.7524,68.3896,68.4657
2025-06-23,67.7553,68.4889,67.7342,68.4233
2025-06-24,68.9815,69.1972,68.8786,68.9979
2025-06-25,68.6102,68.9465,68.5161,68.8587
2025-06-26,69.2593,69.4165,69.186,69.2977
2025-06-27,69.2077,69.2689,68.9919,69.13
2025-06-30,69.2881,69.4646,69.197,69.4215
2025-07-01,70.0594,70.0835,69.5393,69.7282
2025-07-02,69.3558,69.6915,69.3433,69.572
2025-07-03,69.5091,69.5512,68.8551,68.9555
2025-07-07,68.7316,68.7377,68.3793,68.4744
2025-07-08,68.2204,68.278,68.0374,68.2273
2025-07-09,68.1354,68.3756,68.1352,68.3343
2025-07-10,68.3784,68.4133,68.1255,68.3924
2025-07-11,68.0147,68.1243,67.787,67.8311
2025-07-14,67.8357,67.9242,67.6659,67.6947
2025-07-15,67.6055,67.7195,67.106,67.1637
2025-07-16,67.2194,68.0666,67.1456,67.6553
2025-07-17,67.219,67.3941,67.0718,67.3006
2025-07-18,67.3392,67.483,67.1813,67.3015
2025-07-21,67.7759,67.9884,67.6938,67.9117
2025-07-22,67.9362,68.3469,67.9103,68.2035
2025-07-23,68.3995,68.4172,68.1549,68.2645
2025-07-24,68.2654,68.3263,68.0152,68.0314
2025-07-25,67.7149,67.7833,67.597,67.7254
2025-07-28,67.5039,67.5947,67.3038,67.3423
2025-07-29,67.2414,67.4136,67.1996,67.3537
2025-07-30,67.4257,67.447,66.8717,66.9026
2025-07-31,66.7218,66.749,66.2954,66.3438
2025-08-01,66.4341,67.8903,66.4019,67.6247
2025-08-04,67.8633,68.0897,67.8251,67.9856
2025-08-05,67.736,67.8859,67.6425,67.7713
2025-08-06,67.7778,68.0388,67.7238,67.8357
2025-08-07,67.8794,68.0511,67.7571,67.9775
2025-08-08,67.6521,67.7484,67.6146,67.7048
2025-08-11,67.6293,67.6643,67.4514,67.5023
2025-08-12,67.3582,67.7601,67.3317,67.6631
2025-08-13,67.8979,67.9844,67.7906,67.8504
2025-08-14,68.258,68.2946,67.5851,67.6377
2025-08-15,68.0332,68.1473,67.8746,68.0203
2025-08-18,67.7709,67.7883,67.5721,67.6695
2025-08-19,67.6991,67.8219,67.6128,67.7392
2025-08-20,67.7805,68.0867,67.7778,67.8746
2025-08-21,67.6018,67.758,67.3818,67.4241
2025-08-22,67.245,68.2245,67.2391,68.0342
2025-08-25,67.8783,67.8923,67.5945,67.6661
2025-08-26,67.8141,67.981,67.6933,67.849
2025-08-27,67.501,67.891,67.5001,67.8072
2025-08-28,68.0626,68.1831,67.923,68.0795
2025-08-29,67.911,68.1344,67.8373,68.0018
2025-09-02,67.2868,67.595,67.1416,67.4204
2025-09-03,67.2871,67.6215,67.2054,67.5438
2025-09-04,67.4104,67.532,67.2142,67.3292
2025-09-05,67.4768,68.1108,67.4759,67.8417
2025-09-08,67.6677,67.8702,67.6224,67.787
2025-09-09,68.1524,68.2454,67.8104,67.8527
2025-09-10,67.7897,67.9678,67.7303,67.8426
2025-09-11,67.5822,68.0328,67.4823,67.9325
2025-09-12,67.6416,67.8127,67.5347,67.73
2025-09-15,67.8352,67.9209,67.8097,67.861
2025-09-16,68.0476,68.362,67.9099,68.2813
2025-09-17,68.3335,68.7349,68.0032,68.0457
2025-09-18,67.849,67.8566,67.4459,67.5879
2025-09-19,67.491,67.6636,67.4377,67.5927
2025-09-22,67.6379,67.7236,67.5744,67.6732
2025-09-23,67.6748,67.815,67.6,67.7248
2025-09-24,67.3387,67.3718,67.1344,67.1786
2025-09-25,67.1869,67.2027,66.6982,66.7499
2025-09-26,66.7601,67.0826,66.7356,66.8539
2025-09-29,67.2812,67.3482,67.198,67.2732
2025-09-30,67.5806,67.7261,67.539,67.6293
2025-10-01,68.0258,68.2198,67.9094,67.9948
2025-10-02,68.1222,68.1454,67.7888,67.9145
2025-10-03,67.8983,67.9412,67.7759,67.8371
2025-10-06,66.5009,66.7768,66.4894,66.5354
2025-10-07,66.2691,66.3416,65.7678,65.825
2025-10-08,65.4907,65.6276,65.3808,65.493
2025-10-09,65.447,65.7341,65.2592,65.3364
2025-10-10,65.5162,66.1629,65.4857,66.1354
2025-10-13,65.7432,65.7659,65.5781,65.6851
2025-10-14,65.7484,65.9609,65.7199,65.8931
2025-10-15,66.0066,66.2164,65.9031,66.1857
2025-10-16,66.1185,66.5717,66.1004,66.4865
2025-10-17,66.5626,66.5936,66.2142,66.3944
2025-10-20,66.3557,66.4849,66.2897,66.3585
2025-10-21,65.8103,66.0262,65.7138,65.8317
2025-10-22,65.8805,66.0031,65.7678,65.8163
2025-10-23,65.5003,65.5914,65.4429,65.533
2025-10-24,65.3864,65.6633,65.3505,65.4272
2025-10-27,65.5141,65.5445,65.2754,65.4059
2025-10-28,65.7735,65.8521,65.6297,65.7492
2025-10-29,65.6842,65.8469,65.3351,65.496
2025-10-30,64.8849,64.9258,64.748,64.8938
2025-10-31,64.8917,64.9798,64.8286,64.9382
2025-11-03,64.8576,64.9633,64.8097,64.8313
2025-11-04,65.1336,65.2231,65.065,65.0796
2025-11-05,65.0576,65.066,64.7859,64.8849
2025-11-06,65.1004,65.4305,65.0872,65.3313
2025-11-07,65.3185,65.3556,65.108,65.1572
2025-11-10,64.8862,64.9804,64.854,64.8997
2025-11-11,64.8525,65.0749,64.8515,64.8765
2025-11-12,64.5957,64.7245,64.4968,64.6016
2025-11-13,64.6793,64.8811,64.6245,64.6948
2025-11-14,65.0146,65.0957,64.6229,64.7103
2025-11-17,64.5784,64.5828,64.3903,64.4185
2025-11-18,64.4403,64.4949,64.2127,64.3223
2025-11-19,64,64.0857,63.6193,63.6521
2025-11-20,63.4107,63.5985,63.3336,63.5029
2025-11-21,63.7961,64.0186,63.7087,63.9388
2025-11-24,63.7534,63.8109,63.6153,63.7369
2025-11-25,63.9791,64.1826,63.9619,64.1091
2025-11-26,63.9051,63.9836,63.8013,63.9153
2025-11-28,64.0541,64.1087,63.9417,64.0484
2025-12-01,64.6032,64.6555,64.2988,64.3219
2025-12-02,64.0982,64.2034,64.0287,64.1548
2025-12-03,64.343,64.5109,64.2674,64.4355
2025-12-04,64.6529,64.7004,64.4554,64.4907
2025-12-05,64.4446,64.4714,64.3107,64.3818
2025-12-08,64.2833,64.3507,64.1067,64.1494
2025-12-09,63.955,63.9846,63.7117,63.7629
2025-12-10,63.8089,64.1881,63.8085,64.1022
2025-12-11,64.2725,64.5378,64.2368,64.2851
2025-12-12,64.0886,64.2352,64.0609,64.1581
2025-12-15,64.4828,64.5836,64.3497,64.4214
2025-12-16,64.6787,64.7677,64.5184,64.6166
2025-12-17,64.3136,64.3697,64.2042,64.2475
2025-12-18,64.1754,64.3981,64.1694,64.3031
2025-12-19,63.5954,63.7194,63.3794,63.4196
2025-12-22,63.5336,63.8134,63.5336,63.69
2025-12-23,64.0927,64.1231,63.8806,64.0232
2025-12-24,64.0845,64.2343,64.073,64.1155
2025-12-26,63.93,64.0074,63.8026,63.8641
2025-12-29,63.9672,64.1363,63.7166,64.0703
2025-12-30,64.1227,64.1233,63.87,63.948
2025-12-31,63.8561,63.8617,63.6955,63.857
2026-01-02,63.7182,63.8712,63.7101,63.7389
2026-01-05,63.8372,64.0553,63.7024,63.9405
2026-01-06,63.8996,63.9763,63.7959,63.8382
2026-01-07,63.8929,63.9542,63.7741,63.7963
2026-01-08,63.8073,63.8309,63.6651,63.7499
2026-01-09,63.4308,63.5437,63.2173,63.3052
2026-01-12,63.3481,63.4075,63.2107,63.2423
2026-01-13,62.935,63.0561,62.8174,62.8291
2026-01-14,63.068,63.2531,62.9953,63.1229
2026-01-15,63.0525,63.1261,62.9406,63.0418
2026-01-16,63.2297,63.3633,63.1846,63.2131
2026-01-20,63.3457,63.4999,63.1712,63.2311
2026-01-21,63.3714,63.3854,63.0805,63.162
2026-01-22,62.9624,63.1963,62.9501,63.1281
2026-01-23,63.2277,64.2558,63.1556,64.229
2026-01-26,64.8805,65.0965,64.795,64.8487
2026-01-27,65.2292,65.7486,65.1782,65.678
2026-01-28,65.5426,65.5534,64.9157,65.1856
2026-01-29,65.2626,65.4945,65.1415,65.3202
2026-01-30,64.9195,64.9401,64.5995,64.6047
2026-02-02,64.5378,64.5422,64.1894,64.2645
2026-02-03,64.1536,64.2967,64.0679,64.197
2026-02-04,63.8462,63.9537,63.7154,63.745
2026-02-05,63.7052,63.8818,63.6537,63.6797
2026-02-06,63.662,63.7826,63.5817,63.6578
2026-02-09,63.9456,64.2992,63.8162,64.1457
2026-02-10,64.4423,64.9119,64.418,64.7782
2026-02-11,65.105,65.5501,64.663,65.2526
2026-02-12,65.0747,65.6308,65.051,65.4744
2026-02-13,65.2535,65.5319,65.215,65.4729
2026-02-17,65.3321,65.3486,64.9722,65.2546
2026-02-18,65.0658,65.097,64.5692,64.5951
2026-02-19,64.5978,64.6022,64.3935,64.518
2026-02-20,64.4104,64.6354,64.2907,64.4995
2026-02-23,64.5572,64.841,64.5359,64.6734
2026-02-24,64.1501,64.2733,64.0313,64.1511
2026-02-25,63.8233,64.0041,63.791,63.9564
2026-02-26,64.073,64.1715,63.9243,64.0675
2026-02-27,64.1462,64.1492,64.0102,64.081
2026-03-02,63.5401,63.6472,63.3902,63.5304
2026-03-03,63.4347,63.5148,63.309,63.4473
2026-03-04,63.5716,63.741,63.5286,63.678
2026-03-05,63.5138,63.5348,63.3493,63.4604
2026-03-06,63.2895,63.5397,63.2549,63.3914
2026-03-09,63.1034,63.4604,63.0519,63.4264
2026-03-10,63.373,63.5312,63.2409,63.2663
2026-03-11,63.0909,63.1664,62.8935,62.9196
2026-03-12,63.014,63.0171,62.7223,62.7766
2026-03-13,62.7786,62.8895,62.5919,62.6056
2026-03-16,62.8429,62.9525,62.7524,62.8804
2026-03-17,62.8526,63.004,62.8312,62.8895
2026-03-18,62.9028,62.9083,62.5235,62.5931
2026-03-19,62.8686,63.488,62.7774,63.416
2026-03-20,63.0593,63.0835,62.7398,62.8032
2026-03-23,62.9208,63.2819,62.8769,63.1214
2026-03-24,62.984,63.1427,62.8176,63.0275
2026-03-25,62.9521,62.9866,62.694,62.7203
2026-03-26,62.6341,62.7528,62.5586,62.6319
2026-03-27,62.5549,62.6154,62.3383,62.3733
2026-03-30,62.689,62.7648,62.5933,62.5962
2026-03-31,62.728,63.0271,62.6706,62.9707
2026-04-01,63.152,63.183,62.9129,62.9634
2026-04-02,62.6162,62.8011,62.606,62.6604
2026-04-06,62.6733,62.7481,62.5784,62.6037
2026-04-07,62.5653,62.6949,62.4879,62.6378
2026-04-08,63.192,63.3358,63.1034,63.1425